# This file uses centimeters as units for non-parametric coordinates.

mtllib mainbuilding_blkt_1.mtl
g default
v -7281.636719 12.038279 1429.256836
v -5779.220703 12.038279 1429.256836
v -7281.636719 12.038279 472.052612
v -5779.220703 12.038279 472.052612
v -7255.321289 12.038279 1405.184570
v -5805.537109 12.038279 1405.184570
v -5805.537109 12.038279 496.124695
v -7255.321289 12.038279 496.124695
v -7281.636719 333.037354 1429.256836
v -5779.220703 333.037354 1429.256836
v -5805.537109 333.037354 1405.184570
v -7255.321289 333.037354 1405.184570
v -5779.220703 333.037354 472.052612
v -5805.537109 333.037354 496.124695
v -7281.636719 333.037354 472.052612
v -7255.321289 333.037354 496.124695
v -7281.636719 108.338013 1429.256836
v -7281.636719 108.338013 472.052612
v -5779.220703 108.338013 472.052612
v -5779.220703 108.338013 1429.256836
v -7281.636719 220.687683 1429.256836
v -7281.636719 220.687683 472.052612
v -5779.220703 220.687683 472.052612
v -5779.220703 220.687683 1429.256836
v -7139.851562 12.038279 1429.256836
v -7139.851562 108.338013 1429.256836
v -7139.851562 220.687683 1429.256836
v -7139.851562 333.037384 1429.256836
v -7135.511719 333.037384 1405.184570
v -7135.511719 12.038279 1405.184570
v -6896.067383 12.038279 1405.184570
v -6896.067383 333.037384 1405.184570
v -6893.306152 333.037384 1429.256836
v -6893.306152 220.687683 1429.256836
v -6893.306152 108.338013 1429.256836
v -6893.306152 12.038279 1429.256836
v -6129.910156 12.038279 1405.184570
v -6129.910156 333.037384 1405.184570
v -6126.435547 333.037384 1429.256836
v -6126.435547 220.687683 1429.256836
v -6126.435547 108.338013 1429.256836
v -6126.435547 12.038279 1429.256836
v -5883.767578 12.038279 1405.184570
v -5883.767578 333.037384 1405.184570
v -5881.200684 333.037384 1429.256836
v -5881.200684 220.687683 1429.256836
v -5881.200684 108.338013 1429.256836
v -5881.200684 12.038279 1429.256836
v -6649.752441 12.038279 1405.184570
v -6649.752441 333.037384 1405.184570
v -6651.057129 333.037384 1429.256836
v -6651.057129 220.687683 1429.256836
v -6651.057129 108.338013 1429.256836
v -6651.057129 12.038279 1429.256836
v -6374.334961 12.038279 1405.184570
v -6374.334961 333.037384 1405.184570
v -6367.152344 333.037384 1429.256836
v -6367.152344 220.687683 1429.256836
v -6367.152344 108.338013 1429.256836
v -6367.152344 12.038279 1429.256836
v -5805.537109 108.339661 1405.184570
v -5805.537109 108.339661 496.124695
v -7255.321289 108.339661 496.124695
v -7255.321289 108.339661 1405.184570
v -7137.388672 108.339661 1405.184570
v -6894.755371 108.339684 1405.184570
v -6649.752441 108.339684 1405.184570
v -6374.334961 108.339684 1405.184570
v -6129.595215 108.339684 1405.184570
v -5881.445312 108.339684 1405.184570
v -7137.388672 222.144806 1405.184570
v -7255.321289 222.144775 1405.184570
v -7255.321289 222.144775 496.124695
v -5805.537109 222.144775 496.124695
v -5805.537109 222.144775 1405.184570
v -5881.445312 222.144806 1405.184570
v -6129.595215 222.144806 1405.184570
v -6374.334961 222.144806 1405.184570
v -6649.752441 222.144806 1405.184570
v -6894.755371 222.144806 1405.184570
v -5779.220703 12.038290 814.408325
v -5779.220703 108.338020 814.408325
v -5779.220703 220.687714 814.408325
v -5779.220703 333.037384 814.408325
v -5805.537109 333.037384 824.036987
v -5805.537109 222.144775 824.036987
v -5805.537109 108.339661 824.036987
v -5805.537109 12.038279 824.036987
v -5779.220703 12.038279 1094.235107
v -5779.220703 108.338013 1094.235107
v -5779.220703 220.687683 1094.235107
v -5779.220703 333.037384 1094.235107
v -5805.537109 333.037384 1087.013550
v -5805.537109 222.144775 1087.013550
v -5805.537109 108.339661 1087.013550
v -5805.537109 12.038279 1087.013550
v -7281.636719 12.038279 854.934204
v -7281.636719 108.338013 854.934204
v -7281.636719 220.687683 854.934204
v -7281.636719 333.037384 854.934204
v -7255.321289 333.037384 859.748596
v -7255.321289 222.144775 859.748596
v -7255.321289 108.339661 859.748596
v -7255.321289 12.038279 859.748596
v -7281.636719 12.038279 1142.095459
v -7281.636719 108.338013 1142.095459
v -7281.636719 220.687683 1142.095459
v -7281.636719 333.037384 1142.095459
v -7255.321289 333.037384 1132.466431
v -7255.321289 222.144775 1132.466431
v -7255.321289 108.339661 1132.466431
v -7255.321289 12.038279 1132.466431
v -7281.636719 335.246887 1429.256836
v -5779.220703 335.246887 1429.256836
v -7281.636719 374.994843 1429.256836
v -5779.220703 374.994843 1429.256836
v -7281.636719 374.994843 472.052612
v -5779.220703 374.994843 472.052612
v -7281.636719 335.246887 472.052612
v -5779.220703 335.246887 472.052612
v -7255.321289 374.994843 1405.184570
v -5805.537109 374.994843 1405.184570
v -5805.537109 374.994843 496.124695
v -7255.321289 374.994843 496.124695
v -7281.636719 680.322510 1429.256836
v -5779.220703 680.322510 1429.256836
v -5805.537109 680.322510 1405.184570
v -7255.321289 680.322510 1405.184570
v -5779.220703 680.322510 472.052612
v -5805.537109 680.322510 496.124695
v -7281.636719 680.322510 472.052612
v -7255.321289 680.322510 496.124695
v -7329.364258 334.049713 1573.393555
v -5731.494141 334.049713 1573.393555
v -5731.494141 376.191956 1573.393555
v -7329.364258 376.191956 1573.393555
v -7329.364258 376.191956 424.458740
v -5731.494141 376.191956 424.458740
v -5731.494141 334.049713 424.458740
v -7329.364258 334.049713 424.458740
v -7281.636719 466.593140 1429.256836
v -7281.636719 466.593140 472.052612
v -5779.220703 466.593140 472.052612
v -5779.220703 466.593140 1429.256836
v -7281.636719 573.457825 1429.256836
v -7281.636719 573.457825 472.052612
v -5779.220703 573.457825 472.052612
v -5779.220703 573.457825 1429.256836
v -6131.620117 335.246887 1429.256836
v -6106.282227 334.049713 1573.393555
v -6106.282227 376.191956 1573.393555
v -6131.620117 374.994843 1429.256836
v -6131.620117 466.593140 1429.256836
v -6131.620117 573.457825 1429.256836
v -6131.620117 680.322510 1429.256836
v -6145.590820 680.322510 1405.184570
v -6145.590820 374.994843 1405.184570
v -6145.590820 374.994843 496.124695
v -6145.590820 680.322510 496.124695
v -6131.620117 680.322510 472.052612
v -6131.620117 573.457825 472.052612
v -6131.620117 466.593140 472.052612
v -6131.620117 374.994843 472.052612
v -6106.282227 376.191956 424.458740
v -6106.282227 334.049713 424.458740
v -6131.620117 335.246887 472.052612
v -5890.828125 466.593140 1429.256836
v -5890.828125 374.994843 1429.256836
v -5850.192383 376.191956 1573.393555
v -5850.192383 334.049713 1573.393555
v -5890.828125 335.246887 1429.256836
v -5890.828125 335.246887 472.052612
v -5850.192383 334.049713 424.458740
v -5850.192383 376.191956 424.458740
v -5890.828125 374.994843 472.052612
v -5890.828125 466.593140 472.052612
v -5890.828125 573.457825 472.052612
v -5890.828125 680.322510 472.052612
v -5913.234863 680.322510 496.124695
v -5913.234863 374.994843 496.124695
v -5913.234863 374.994843 1405.184570
v -5913.234863 680.322510 1405.184570
v -5890.828125 680.322510 1429.256836
v -5890.828125 573.457825 1429.256836
v -7157.765625 335.246887 1429.256836
v -7197.623047 334.049713 1573.393555
v -7197.623047 376.191956 1573.393555
v -7157.765625 374.994843 1429.256836
v -7157.765625 466.593140 1429.256836
v -7157.765625 573.457825 1429.256836
v -7157.765625 680.322510 1429.256836
v -7135.789062 680.322510 1405.184570
v -7135.789062 374.994843 1405.184570
v -7135.789062 374.994843 496.124634
v -7135.789062 680.322510 496.124634
v -7157.765625 680.322510 472.052612
v -7157.765625 573.457825 472.052612
v -7157.765625 466.593140 472.052612
v -7157.765625 374.994843 472.052612
v -7197.623047 376.191956 424.458740
v -7197.623047 334.049713 424.458740
v -7157.765625 335.246887 472.052612
v -6910.104492 466.593140 1429.256836
v -6910.104492 374.994843 1429.256836
v -6934.227539 376.191956 1573.393555
v -6934.227539 334.049713 1573.393555
v -6910.104492 335.246887 1429.256836
v -6910.104492 335.246887 472.052612
v -6934.227539 334.049713 424.458740
v -6934.227539 376.191956 424.458740
v -6910.104492 374.994843 472.052612
v -6910.104492 466.593140 472.052612
v -6910.104492 573.457825 472.052612
v -6910.104492 680.322510 472.052612
v -6896.804688 680.322510 496.124695
v -6896.804688 374.994843 496.124695
v -6896.804688 374.994843 1405.184570
v -6896.804688 680.322510 1405.184570
v -6910.104492 680.322510 1429.256836
v -6910.104492 573.457825 1429.256836
v -6660.441406 466.593140 1429.256836
v -6660.441406 374.994843 1429.256836
v -6704.388672 376.191956 1573.393555
v -6704.388672 334.049713 1573.393555
v -6660.441406 335.246887 1429.256836
v -6660.441406 335.246887 472.052612
v -6668.702148 334.049713 424.458679
v -6668.702148 376.191956 424.458679
v -6660.441406 374.994843 472.052612
v -6660.441406 466.593140 472.052612
v -6660.441406 573.457825 472.052612
v -6660.441406 680.322510 472.052612
v -6655.887695 680.322510 496.124695
v -6655.887695 374.994843 496.124695
v -6655.887695 374.994843 1405.184570
v -6655.887695 680.322510 1405.184570
v -6660.441406 680.322510 1429.256836
v -6660.441406 573.457825 1429.256836
v -6385.834961 466.593140 1429.256836
v -6385.834961 374.994843 1429.256836
v -6340.961914 376.191956 1573.393555
v -6340.961914 334.049713 1573.393555
v -6385.834961 335.246887 1429.256836
v -6385.834961 335.246887 472.052612
v -6376.648438 334.049713 424.458740
v -6376.648438 376.191956 424.458740
v -6385.834961 374.994843 472.052612
v -6385.834961 466.593140 472.052612
v -6385.834961 573.457825 472.052612
v -6385.834961 680.322510 472.052612
v -6390.900391 680.322510 496.124695
v -6390.900391 374.994843 496.124695
v -6390.900391 374.994843 1405.184570
v -6390.900391 680.322510 1405.184570
v -6385.834961 680.322510 1429.256836
v -6385.834961 573.457825 1429.256836
v -5805.537109 558.191406 1405.184570
v -5805.537109 558.191406 496.124695
v -5913.234863 558.191406 496.124695
v -6145.590820 558.191406 496.124695
v -6390.900391 558.191406 496.124695
v -6655.887695 558.191406 496.124695
v -6896.804688 558.191406 496.124695
v -7135.789062 558.191406 496.124634
v -7255.321289 558.191406 496.124695
v -7255.321289 558.191406 1405.184570
v -7155.207031 569.569824 1405.184570
v -6896.804688 569.569824 1405.184570
v -6655.887695 566.842651 1405.184570
v -6390.900391 566.842651 1405.184570
v -6130.756836 570.294983 1405.184570
v -5892.759766 570.294983 1405.184570
v -5805.537109 466.593140 1405.184570
v -5805.537109 466.593140 496.124695
v -5913.234863 466.593140 496.124695
v -6145.590820 466.593140 496.124695
v -6390.900391 466.593140 496.124695
v -6655.887695 466.593140 496.124695
v -6896.804688 466.593140 496.124695
v -7135.789062 466.593140 496.124634
v -7255.321289 466.593140 496.124695
v -7255.321289 466.593140 1405.184570
v -7155.207031 466.593140 1405.184570
v -6896.804688 466.593140 1405.184570
v -6655.887695 466.593140 1405.184570
v -6390.900391 466.593140 1405.184570
v -6130.756836 466.593140 1405.184570
v -5892.759766 466.593140 1405.184570
v -7281.636719 374.994843 854.934143
v -7329.364258 376.191956 884.032593
v -7329.364258 334.049713 884.032654
v -7281.636719 335.246887 854.934143
v -7157.765625 335.246887 854.934143
v -6910.104492 335.246887 854.934143
v -6660.441406 335.246887 854.934143
v -6385.834961 335.246887 854.934143
v -6131.620117 335.246887 854.934143
v -5890.828125 335.246887 854.934143
v -5779.220703 335.246887 854.934143
v -5731.494141 334.049713 884.032654
v -5731.494141 376.191956 884.032593
v -5779.220703 374.994843 854.934143
v -5779.220703 466.593140 854.934143
v -5779.220703 573.457825 854.934143
v -5779.220703 680.322510 854.934143
v -5805.537109 680.322510 859.748596
v -5805.537109 558.191406 859.748596
v -5805.537109 466.593140 859.748596
v -5805.537109 374.994843 859.748596
v -5913.234863 374.994843 859.748596
v -6145.590820 374.994843 859.748596
v -6390.900391 374.994843 859.748596
v -6655.887695 374.994843 859.748596
v -6896.804688 374.994843 859.748596
v -7135.789062 374.994843 859.748596
v -7255.321289 374.994843 859.748596
v -7255.321289 466.593140 859.748596
v -7255.321289 558.191406 859.748596
v -7255.321289 680.322510 859.748596
v -7281.636719 680.322510 854.934143
v -7281.636719 573.457825 854.934143
v -7281.636719 466.593140 854.934143
v -7281.636719 374.994843 1084.662964
v -7329.364258 376.191956 1159.776978
v -7329.364258 334.049713 1159.776978
v -7281.636719 335.246887 1084.663330
v -7157.765625 335.246887 1084.663330
v -6910.104492 335.246887 1084.662964
v -6660.441406 335.246887 1084.662964
v -6385.834961 335.246887 1084.662964
v -6131.620117 335.246887 1084.663330
v -5890.828125 335.246887 1084.662964
v -5779.220703 335.246887 1084.663330
v -5731.494141 334.049713 1159.776978
v -5731.494141 376.191956 1159.776978
v -5779.220703 374.994843 1084.662964
v -5779.220703 466.593140 1084.663330
v -5779.220703 573.457825 1084.663330
v -5779.220703 680.322510 1084.662964
v -5805.537109 680.322510 1077.922852
v -5805.537109 558.191406 1077.922852
v -5805.537109 466.593140 1077.922852
v -5805.537109 374.994843 1077.922852
v -5913.234863 374.994843 1077.922852
v -6145.590820 374.994843 1077.922852
v -6390.900391 374.994843 1077.922852
v -6655.887695 374.994843 1077.922852
v -6896.804688 374.994843 1077.922852
v -7135.789062 374.994843 1077.922852
v -7255.321289 374.994843 1077.922852
v -7255.321289 466.593140 1077.922852
v -7255.321289 558.191406 1077.922852
v -7255.321289 680.322510 1077.922852
v -7281.636719 680.322510 1084.662964
v -7281.636719 573.457825 1084.662964
v -7281.636719 466.593140 1084.662964
v -6668.702148 376.191956 1710.703003
v -6668.702148 334.049713 1710.703003
v -6376.648438 334.049713 1710.703003
v -6376.648438 376.191956 1710.703003
v -7281.636719 672.025940 1429.256836
v -5779.220703 672.025940 1429.256836
v -7281.636719 711.773865 1429.256836
v -5779.220703 711.773865 1429.256836
v -7281.636719 711.773865 472.052612
v -5779.220703 711.773865 472.052612
v -7281.636719 672.025940 472.052612
v -5779.220703 672.025940 472.052612
v -7255.321289 711.773865 1405.184570
v -5805.537109 711.773865 1405.184570
v -5805.537109 711.773865 496.124695
v -7255.321289 711.773865 496.124695
v -7012.355957 1017.101685 1429.256836
v -5779.220703 1017.101685 1429.256836
v -5805.537109 1017.101685 1405.184570
v -6990.379395 1017.101685 1405.184570
v -5779.220703 1017.101685 472.052612
v -5805.537109 1017.101685 496.124695
v -7012.355957 1017.101685 472.052612
v -6990.379395 1017.101685 496.124634
v -7329.364258 670.828735 1476.850586
v -5731.494141 670.828735 1476.850586
v -5731.494141 712.971008 1476.850586
v -7329.364258 712.971008 1476.850586
v -7329.364258 712.971008 424.458740
v -5731.494141 712.971008 424.458740
v -5731.494141 670.828735 424.458740
v -7329.364258 670.828735 424.458740
v -5779.220703 803.372192 472.052612
v -5779.220703 803.372192 1429.256836
v -5779.220703 910.237183 472.052612
v -5779.220703 910.237183 1429.256836
v -6131.620117 672.025940 1429.256836
v -6106.282227 670.828735 1476.850586
v -6106.282227 712.971008 1476.850586
v -6131.620117 711.773865 1429.256836
v -6131.620117 803.372192 1429.256836
v -6131.620117 910.237183 1429.256836
v -6131.620117 1017.101685 1429.256836
v -6145.590820 1017.101685 1405.184570
v -6145.590820 711.773865 1405.184570
v -6145.590820 711.773865 496.124695
v -6145.590820 1017.101685 496.124695
v -6131.620117 1017.101685 472.052612
v -6131.620117 910.237183 472.052612
v -6131.620117 803.372192 472.052612
v -6131.620117 711.773865 472.052612
v -6106.282227 712.971008 424.458740
v -6106.282227 670.828735 424.458740
v -6131.620117 672.025940 472.052612
v -5890.828125 803.372192 1429.256836
v -5890.828125 711.773865 1429.256836
v -5850.192383 712.971008 1476.850586
v -5850.192383 670.828735 1476.850586
v -5890.828125 672.025940 1429.256836
v -5890.828125 672.025940 472.052612
v -5850.192383 670.828735 424.458740
v -5850.192383 712.971008 424.458740
v -5890.828125 711.773865 472.052612
v -5890.828125 803.372192 472.052612
v -5890.828125 910.237183 472.052612
v -5890.828125 1017.101685 472.052612
v -5913.235352 1017.101685 496.124695
v -5913.235352 711.773865 496.124695
v -5913.235352 711.773865 1405.184570
v -5913.235352 1017.101685 1405.184570
v -5890.828125 1017.101685 1429.256836
v -5890.828125 910.237183 1429.256836
v -7012.355957 672.025940 1429.256836
v -7052.212891 670.828735 1476.850586
v -7052.212891 712.971008 1476.850586
v -7012.355957 711.773865 1429.256836
v -7012.355957 803.372192 1429.256836
v -7012.355957 910.237183 1429.256836
v -6990.379395 711.773865 1405.184570
v -6990.379395 711.773865 496.124634
v -7012.355957 910.237183 472.052612
v -7012.355957 803.372192 472.052612
v -7012.355957 711.773865 472.052612
v -7052.212891 712.971008 424.458740
v -7052.212891 670.828735 424.458740
v -7012.355957 672.025940 472.052612
v -6866.405762 803.372192 1429.256836
v -6866.405762 711.773865 1429.256836
v -6890.528320 712.971008 1476.850586
v -6890.528320 670.828735 1476.850586
v -6866.405762 672.025940 1429.256836
v -6866.405762 672.025940 472.052612
v -6890.528320 670.828735 424.458740
v -6890.528320 712.971008 424.458740
v -6866.405762 711.773865 472.052612
v -6866.405762 803.372192 472.052612
v -6866.405762 910.237183 472.052612
v -6866.405762 1017.101685 472.052612
v -6853.105957 1017.101685 496.124695
v -6853.105957 711.773865 496.124695
v -6853.105957 711.773865 1405.184570
v -6853.105957 1017.101685 1405.184570
v -6866.405762 1017.101685 1429.256836
v -6866.405762 910.237183 1429.256836
v -6660.441406 803.372192 1429.256836
v -6660.441406 711.773865 1429.256836
v -6668.702148 712.971008 1476.850586
v -6668.702148 670.828735 1476.850586
v -6660.441406 672.025940 1429.256836
v -6660.441406 672.025940 472.052612
v -6668.702148 670.828735 424.458679
v -6668.702148 712.971008 424.458679
v -6660.441406 711.773865 472.052612
v -6660.441406 803.372192 472.052612
v -6660.441406 910.237183 472.052612
v -6660.441406 1017.101685 472.052612
v -6655.887695 1017.101685 496.124695
v -6655.887695 711.773865 496.124695
v -6655.887695 711.773865 1405.184570
v -6655.887695 1017.101685 1405.184570
v -6660.441406 1017.101685 1429.256836
v -6660.441406 910.237183 1429.256836
v -6385.834961 803.372192 1429.256836
v -6385.834961 711.773865 1429.256836
v -6376.648438 712.971008 1476.850586
v -6376.648438 670.828735 1476.850586
v -6385.834961 672.025940 1429.256836
v -6385.834961 672.025940 472.052612
v -6376.648438 670.828735 424.458740
v -6376.648438 712.971008 424.458740
v -6385.834961 711.773865 472.052612
v -6385.834961 803.372192 472.052612
v -6385.834961 910.237183 472.052612
v -6385.834961 1017.101685 472.052612
v -6390.900391 1017.101685 496.124695
v -6390.900391 711.773865 496.124695
v -6390.900391 711.773865 1405.184570
v -6390.900391 1017.101685 1405.184570
v -6385.834961 1017.101685 1429.256836
v -6385.834961 910.237183 1429.256836
v -5805.537109 894.970459 1405.184570
v -5805.537109 894.970459 496.124695
v -5913.235352 894.970459 496.124695
v -6145.590820 894.970459 496.124695
v -6390.900391 894.970459 496.124695
v -6655.887695 894.970459 496.124695
v -6853.105957 894.970459 496.124695
v -6990.379395 894.970459 496.124634
v -7009.795898 906.348694 1405.184570
v -6853.105957 906.348694 1405.184570
v -6655.887695 903.621948 1405.184570
v -6390.900391 903.621948 1405.184570
v -6130.756836 907.074219 1405.184570
v -5892.759766 907.074219 1405.184570
v -5805.537109 803.372192 1405.184570
v -5805.537109 803.372192 496.124695
v -5913.235352 803.372192 496.124695
v -6145.590820 803.372192 496.124695
v -6390.900391 803.372192 496.124695
v -6655.887695 803.372192 496.124695
v -6853.105957 803.372192 496.124695
v -6990.379395 803.372192 496.124634
v -7009.795898 803.372192 1405.184570
v -6853.105957 803.372192 1405.184570
v -6655.887695 803.372192 1405.184570
v -6390.900391 803.372192 1405.184570
v -6130.756836 803.372192 1405.184570
v -5892.759766 803.372192 1405.184570
v -7329.364258 670.828735 1118.217163
v -7281.636719 672.025940 1103.061401
v -7012.355957 672.025940 1103.061401
v -6866.405762 672.025940 1103.061401
v -6660.441406 672.025940 1103.061401
v -6385.834961 672.025940 1103.061401
v -6131.620117 672.025940 1103.061401
v -5890.828125 672.025940 1103.061401
v -5779.220703 672.025940 1103.061401
v -5731.494141 670.828735 1285.998535
v -5731.494141 712.971008 1285.998535
v -5779.220703 711.773865 1103.061401
v -5779.220703 803.372192 1103.061401
v -5779.220703 910.237183 1103.061401
v -5779.220703 1017.101685 1103.061401
v -5805.537109 1017.101685 1095.395752
v -5805.537109 894.970459 1095.395752
v -5805.537109 803.372192 1095.395752
v -5805.537109 711.773865 1095.395752
v -5913.235352 711.773865 1095.395752
v -6145.590820 711.773865 1095.395752
v -6390.900391 711.773865 1095.395752
v -6655.887695 711.773865 1095.395752
v -6853.105957 711.773865 1095.395752
v -6990.379395 711.773865 1095.395752
v -7255.321289 711.773865 1095.395752
v -6990.379395 1017.101685 1095.395752
v -7012.355957 1017.101685 1103.061401
v -7281.636719 672.025940 808.693726
v -7329.364258 670.828735 794.576538
v -7012.355957 1017.101685 808.693726
v -6990.379395 1017.101685 815.833618
v -7255.321289 711.773865 815.833618
v -6990.379395 711.773865 815.833618
v -6853.105957 711.773865 815.833618
v -6655.887695 711.773865 815.833618
v -6390.900391 711.773865 815.833618
v -6145.590820 711.773865 815.833618
v -5913.235352 711.773865 815.833618
v -5805.537109 711.773865 815.833618
v -5805.537109 803.372192 815.833618
v -5805.537109 894.970459 815.833618
v -5805.537109 1017.101685 815.833618
v -5779.220703 1017.101685 808.693726
v -5779.220703 910.237183 808.693726
v -5779.220703 803.372192 808.693726
v -5779.220703 711.773865 808.693726
v -5731.494141 712.971008 637.454346
v -5731.494141 670.828735 637.454346
v -5779.220703 672.025940 808.693726
v -5890.828125 672.025940 808.693726
v -6131.620117 672.025940 808.693726
v -6385.834961 672.025940 808.693726
v -6660.441406 672.025940 808.693726
v -6866.405762 672.025940 808.693726
v -7012.355957 672.025940 808.693726
v -5209.767578 670.828735 1285.998535
v -5209.767578 712.971008 1285.998535
v -5209.767578 670.828735 637.454346
v -5209.767578 712.971008 637.454346
v -7012.355957 963.669434 472.052612
v -6866.405762 963.669434 472.052612
v -6660.441406 963.669434 472.052612
v -6385.834961 963.669434 472.052612
v -6131.620117 963.669434 472.052612
v -5890.828125 963.669434 472.052612
v -5779.220703 963.669434 472.052612
v -5779.220703 963.669434 808.693726
v -5805.537109 956.036133 815.833618
v -5805.537109 956.036133 496.124695
v -5913.235352 956.036133 496.124695
v -6145.590820 956.036133 496.124695
v -6390.900391 956.036133 496.124695
v -6655.887695 956.036133 496.124695
v -6853.105957 956.036133 496.124695
v -6990.379395 956.036133 496.124634
v -7000.087891 961.725342 1405.184570
v -6853.105957 961.725342 1405.184570
v -6655.887695 960.361816 1405.184570
v -6390.900391 960.361816 1405.184570
v -6138.173828 962.087769 1405.184570
v -5902.998047 962.087769 1405.184570
v -5805.537109 956.036133 1405.184570
v -5805.537109 956.036133 1095.395752
v -5779.220703 963.669434 1103.061401
v -5779.220703 963.669434 1429.256836
v -5890.828125 963.669434 1429.256836
v -6131.620117 963.669434 1429.256836
v -6385.834961 963.669434 1429.256836
v -6660.441406 963.669434 1429.256836
v -6866.405762 963.669434 1429.256836
v -7012.355957 963.669434 1429.256836
v -7381.186523 712.971008 1118.217163
v -7381.186523 670.828735 1118.217163
v -7381.186523 670.828735 1476.850586
v -7381.186523 712.971008 1476.850586
v -7064.177734 1017.101685 1103.061401
v -7333.458984 711.773865 1103.061401
v -7333.458984 711.773865 1429.256836
v -7064.177734 1017.101685 1429.256836
v -7381.186523 712.971008 794.576538
v -7333.458984 711.773865 808.693726
v -7333.458984 711.773865 472.052612
v -7381.186523 712.971008 424.458740
v -7381.186523 670.828735 424.458740
v -7381.186523 670.828735 794.576538
v -7064.177734 1017.101685 808.693726
v -7064.177734 1017.101685 472.052612
v -7281.636719 711.773865 1451.711060
v -7012.355957 1017.101685 1451.711060
v -7064.177734 1017.101685 1451.711060
v -7333.458984 711.773865 1451.711060
v -7080.692383 1011.674683 1460.058350
v -5727.553711 1011.674683 1460.058350
v -7080.692383 1040.158325 1460.058350
v -5727.553711 1040.158325 1460.058350
v -7080.692383 1040.158325 417.495728
v -5727.553711 1040.158325 417.495728
v -7080.692383 1011.674683 417.495728
v -5727.553711 1011.674683 417.495728
v -5785.499023 54.088196 1246.655762
v -5241.419922 54.088196 1246.655762
v -5785.499023 345.283875 1246.655762
v -5241.419922 345.283875 1246.655762
v -5785.499023 345.283875 672.553711
v -5241.419922 345.283875 672.553711
v -5785.499023 54.088196 672.553711
v -5241.419922 54.088196 672.553711
v -5785.499023 10.181976 672.553711
v -5241.419922 10.181976 672.553711
v -5241.419922 10.181976 1246.655762
v -5785.499023 10.181976 1246.655762
v -5753.054688 345.283875 1212.419312
v -5273.865723 345.283875 1212.419312
v -5273.865723 345.283875 706.789856
v -5753.054688 345.283875 706.789856
v -5805.538086 12.038269 1212.419312
v -5273.865723 12.038269 1212.419312
v -5273.865723 12.038269 706.789856
v -5805.538086 12.038269 706.789795
v -5785.499023 112.327347 1246.655762
v -5241.419922 112.327347 1246.655762
v -5241.419922 112.327347 672.553711
v -5785.499023 112.327347 672.553711
v -5785.499023 228.805618 672.553711
v -5241.419922 228.805618 672.553711
v -5241.419922 228.805618 1246.655762
v -5785.499023 228.805618 1246.655762
v -5295.827148 10.181976 1246.655762
v -5295.827148 54.088196 1246.655762
v -5295.827148 112.327347 1246.655762
v -5295.827148 228.805618 1246.655762
v -5295.827148 345.283875 1246.655762
v -5736.532227 10.181976 1246.655762
v -5736.532227 54.088196 1246.655762
v -5736.532227 112.327347 1246.655762
v -5736.532227 228.805618 1246.655762
v -5736.532227 345.283875 1246.655762
v -5533.805664 345.283875 1246.655762
v -5498.552734 345.283875 1246.655762
v -5498.552734 228.805618 1246.655762
v -5533.805664 228.805618 1246.655762
v -5498.552734 112.327347 1246.655762
v -5533.805664 112.327347 1246.655762
v -5498.552734 54.088196 1246.655762
v -5533.805664 54.088196 1246.655762
v -5498.552734 10.181976 1246.655762
v -5533.805664 10.181976 1246.655762
v -5789.792969 112.011963 1212.419312
v -5273.865723 112.011963 1212.419312
v -5273.865723 112.011963 706.789856
v -5789.792969 112.011963 706.789795
v -5771.423828 228.647934 1212.419312
v -5273.865723 228.647934 1212.419312
v -5273.865723 228.647934 706.789856
v -5771.423828 228.647934 706.789856
v -5498.022461 345.283875 1212.419312
v -5498.022461 228.647934 1212.419312
v -5498.022461 112.011963 1212.419312
v -5498.022461 12.038269 1212.419312
v -5498.022461 12.038269 706.789795
v -5498.022461 112.011963 706.789795
v -5498.022461 228.647934 706.789856
v -5498.022461 345.283875 706.789856
v -5538.047852 345.283875 1212.419312
v -5538.047852 228.647934 1212.419312
v -5538.047852 112.011963 1212.419312
v -5538.047852 12.038269 1212.419312
v -5538.047852 12.038269 706.789795
v -5538.047852 112.011963 706.789795
v -5538.047852 228.647934 706.789856
v -5538.047852 345.283875 706.789856
v -5341.112793 345.283875 706.789856
v -5341.112793 228.647934 706.789856
v -5341.113281 112.011963 706.789856
v -5341.113281 12.038269 706.789856
v -5341.113281 12.038269 1212.419312
v -5300.892090 112.011963 1212.419312
v -5300.892090 228.647934 1212.419312
v -5341.112793 345.283875 1212.419312
v -5730.348633 345.283875 1212.419312
v -5730.348633 228.647934 1212.419312
v -5730.348633 112.011963 1212.419312
v -5730.348633 12.038269 1212.419312
v -5730.348633 12.038269 706.789795
v -5730.348633 112.011963 706.789795
v -5730.348633 228.647934 706.789856
v -5730.348633 345.283875 706.789856
v -5331.835938 5.277096 1287.706055
v -5209.777832 5.277096 1287.706055
v -5331.835938 127.335327 1287.706055
v -5209.777832 127.335327 1287.706055
v -5331.835938 127.335327 1165.648071
v -5209.777832 127.335327 1165.648071
v -5331.835938 5.277096 1165.648071
v -5209.777832 5.277096 1165.648071
v -5306.234375 127.335327 1262.104248
v -5235.379883 127.335327 1262.104248
v -5235.379883 127.335327 1191.249878
v -5306.234375 127.335327 1191.249878
v -5306.234375 961.622986 1262.104248
v -5235.379883 961.622986 1262.104248
v -5235.379883 961.622986 1191.249878
v -5306.234375 961.622986 1191.249878
v -5796.340332 958.644348 1331.102051
v -5274.129883 873.231750 1331.102051
v -5793.716309 974.688538 1331.102051
v -5271.505859 889.275940 1331.102051
v -5793.716309 974.688538 591.714783
v -5271.505859 889.275940 591.714783
v -5796.340332 958.644348 591.714783
v -5274.129883 873.231750 591.714783
v -5857.345703 5.277096 1472.346436
v -5735.288086 5.277096 1472.346436
v -5857.345703 127.335327 1472.346436
v -5735.288086 127.335327 1472.346436
v -5857.345703 127.335327 1350.288330
v -5735.288086 127.335327 1350.288330
v -5857.345703 5.277096 1350.288330
v -5735.288086 5.277096 1350.288330
v -5831.744141 127.335327 1446.744385
v -5760.889648 127.335327 1446.744385
v -5760.889648 127.335327 1375.890137
v -5831.744141 127.335327 1375.890137
v -5831.744141 1034.286011 1446.744385
v -5760.889648 1034.286011 1446.744385
v -5760.889648 1034.286011 1375.890137
v -5831.744141 1034.286011 1375.890137
v -5791.493652 711.285034 1250.750366
v -5253.021484 711.285034 1250.750366
v -5791.493652 828.665894 1250.750366
v -5253.021484 828.665894 1250.750366
v -5791.493652 828.665894 1228.404053
v -5253.021484 828.665894 1228.404053
v -5791.493652 711.285034 1228.404053
v -5253.021484 711.285034 1228.404053
v -5275.437500 711.285034 1250.750366
v -5275.437500 828.665894 1250.750366
v -5275.437500 828.665894 1228.404053
v -5275.437500 711.285034 1228.404053
v -5275.437500 828.665894 665.618408
v -5275.437500 711.285034 665.618408
v -5253.021484 828.665894 665.618408
v -5253.021484 711.285034 665.618408
v -5275.437500 828.665894 693.508362
v -5275.437500 711.285034 693.508362
v -5253.021484 711.285034 693.508362
v -5253.021484 828.665894 693.508362
v -5784.590820 828.665894 693.508362
v -5784.590820 711.285034 693.508362
v -5784.590820 828.665894 665.618408
v -5784.590820 711.285034 665.618408
v -7343.256836 5.277096 546.051086
v -7221.198242 5.277096 546.051086
v -7343.256836 127.335327 546.051086
v -7221.198242 127.335327 546.051086
v -7343.256836 127.335327 423.992981
v -7221.198242 127.335327 423.992981
v -7343.256836 5.277096 423.992981
v -7221.198242 5.277096 423.992981
v -7317.654297 127.335327 520.449158
v -7246.799805 127.335327 520.449158
v -7246.799805 127.335327 449.594788
v -7317.654297 127.335327 449.594788
v -7317.654297 701.144287 520.449158
v -7246.799805 701.144287 520.449158
v -7246.799805 701.144287 449.594788
v -7317.654297 701.144287 449.594788
v -5857.345703 5.277096 545.999573
v -5735.288086 5.277096 545.999573
v -5857.345703 127.335327 545.999573
v -5735.288086 127.335327 545.999573
v -5857.345703 127.335327 423.941467
v -5735.288086 127.335327 423.941467
v -5857.345703 5.277096 423.941467
v -5735.288086 5.277096 423.941467
v -5831.744141 127.335327 520.397644
v -5760.889648 127.335327 520.397644
v -5760.889648 127.335327 449.543274
v -5831.744141 127.335327 449.543274
v -5831.744141 1034.286011 520.397644
v -5760.889648 1034.286011 520.397644
v -5760.889648 1034.286011 449.543274
v -5831.744141 1034.286011 449.543274
v -7244.532227 373.401337 1554.317627
v -7244.532227 490.782196 1554.317627
v -7244.532227 490.782196 1531.971191
v -7244.532227 373.401337 1531.971191
v -5811.581055 373.401337 1554.317627
v -5811.581055 490.782196 1554.317627
v -5811.581055 490.782196 1531.971191
v -5811.581055 373.401337 1531.971191
v -7218.701172 373.401337 1554.317627
v -7218.701172 490.782196 1554.317627
v -7218.701172 490.782196 1531.971191
v -7218.701172 373.401337 1531.971191
v -5837.820312 373.401337 1554.317627
v -5837.820312 490.782196 1554.317627
v -5837.820312 490.782196 1531.971191
v -5837.820312 373.401337 1531.971191
v -7244.532227 490.782196 1426.026855
v -7218.701172 490.782196 1426.026855
v -7218.701172 373.401337 1426.026855
v -7244.532227 373.401337 1426.026855
v -5837.820312 490.782196 1419.848999
v -5837.820312 373.401337 1419.848999
v -5811.581055 490.782196 1419.848999
v -5811.581055 373.401337 1419.848999
v -6348.992188 1020.586548 1053.376831
v -6010.428223 1020.586548 1157.964722
v -6348.992188 1265.719238 1053.376831
v -6010.428223 1459.467896 1157.964722
v -6244.403320 1265.719238 714.813110
v -5905.840820 1459.467896 819.400879
v -6244.403320 1020.586548 714.813110
v -5905.840820 1020.586548 819.400879
v -6320.272461 1265.719238 1038.213501
v -6025.591797 1459.467896 1129.244751
v -5934.560547 1459.467896 834.564575
v -6229.240234 1265.719238 743.532959
v -6320.272461 1038.561768 1038.213501
v -6025.591797 1038.561768 1129.244751
v -5934.560547 1038.561768 834.564575
v -6229.240234 1038.561768 743.532959
v -6370.804688 1241.478882 1084.208008
v -6010.070312 1461.466187 1193.990601
v -6383.723633 1264.857666 1079.809570
v -6022.989258 1484.845093 1189.592529
v -6253.168945 1258.638306 663.284424
v -5892.434082 1478.625732 773.067017
v -6240.250977 1235.259399 667.682617
v -5879.515625 1455.246826 777.465332
v -6348.992188 1157.389038 1053.376831
v -6244.403320 1157.389038 714.813110
v -5905.840820 1157.389771 819.400879
v -6010.428711 1157.389771 1157.965088
v -6244.403320 1265.719238 714.813110
v -6348.992188 1265.719238 1053.376831
v -6010.428711 1280.511841 1157.965088
v -5905.840820 1280.512695 819.401001
v -6247.422852 1020.586548 1084.753418
v -6247.423340 1157.389282 1084.753418
v -6247.423340 1270.156982 1084.753418
v -6247.422852 1323.843872 1084.753418
v -6231.868164 1323.843872 1065.522827
v -6231.868164 1038.561768 1065.522827
v -6140.835938 1038.561768 770.842529
v -6140.835938 1323.843872 770.842529
v -6142.834961 1323.843872 746.189453
v -6142.834961 1270.157349 746.189453
v -6142.834961 1157.389282 746.189453
v -6142.834961 1020.586548 746.189453
v -6105.226562 1157.389648 1128.680298
v -6105.226074 1020.586548 1128.680176
v -6000.638184 1020.586548 790.116211
v -6000.638184 1157.389648 790.116211
v -6000.638672 1276.370605 790.116211
v -6000.638184 1405.218262 790.116211
v -6017.070312 1405.218262 809.075806
v -6017.070312 1038.561768 809.075806
v -6108.102539 1038.561768 1103.755737
v -6108.102539 1405.218262 1103.755737
v -6105.226074 1405.218262 1128.680176
v -6105.226074 1276.369873 1128.680176
v -6320.272461 1158.487061 1038.213501
v -6229.240234 1158.487061 743.532959
v -6140.835938 1158.487305 770.842529
v -6017.070312 1158.487671 809.075806
v -5934.560547 1158.488037 834.564575
v -6025.591797 1158.488037 1129.244751
v -6108.102539 1158.487671 1103.755737
v -6231.868164 1158.487305 1065.522827
v -6320.272461 1233.733765 1038.213501
v -6229.240234 1233.733765 743.532959
v -6140.835938 1265.801636 770.842529
v -6017.070312 1265.802246 809.075806
v -5934.560547 1265.802612 834.564575
v -6025.591797 1265.802612 1129.244751
v -6108.102539 1265.802246 1103.755737
v -6231.868164 1265.801636 1065.522827
v -7548.655273 93.511185 1274.193726
v -7533.545898 93.511185 1274.193726
v -7548.655273 203.333588 1274.193726
v -7533.545898 203.333588 1274.193726
v -7548.655273 203.333588 1259.084595
v -7533.545898 203.333588 1259.084595
v -7548.655273 93.511185 1259.084595
v -7533.545898 93.511185 1259.084595
v -7769.365234 12.986664 1278.340820
v -7268.944336 12.986664 1278.340820
v -7769.365234 240.866028 1278.340820
v -7268.944336 319.446472 1278.340820
v -7769.365234 240.866028 734.279968
v -7268.944336 319.446472 734.279968
v -7769.365234 12.986664 734.279968
v -7268.944336 12.986664 734.279968
v -7745.461914 245.804428 1251.689575
v -7244.975586 314.508057 1251.689575
v -7244.975586 314.508057 760.931335
v -7745.461914 245.804428 760.931335
v -7745.999023 10.265045 1251.689575
v -7244.437500 12.904205 1251.689575
v -7244.437500 12.904205 760.931335
v -7745.999023 10.265030 760.931335
v -7268.944336 97.463326 1278.340820
v -7769.365234 97.463013 1278.340820
v -7769.365234 97.463013 734.279968
v -7268.944336 97.463326 734.279968
v -7268.944336 200.005646 734.279968
v -7769.365234 200.005112 734.279968
v -7769.365234 200.005112 1278.340820
v -7268.944336 200.005646 1278.340820
v -7719.323242 12.986664 1278.340820
v -7719.323242 97.463043 1278.340820
v -7719.323242 200.005157 1278.340820
v -7719.323242 248.724075 1278.340820
v -7695.413086 252.674789 1251.689575
v -7695.842773 10.528976 1251.689575
v -7695.843750 10.528931 760.931335
v -7695.413086 252.674789 760.931335
v -7719.323242 248.724075 734.279968
v -7719.323242 200.005157 734.279968
v -7719.323242 97.463043 734.279968
v -7719.323242 12.986664 734.279968
v -7359.020508 12.986664 734.279968
v -7359.020508 97.463264 734.279968
v -7359.020508 200.005539 734.279968
v -7359.020508 305.302002 734.279968
v -7335.062500 302.141418 760.931335
v -7334.718750 12.429153 760.931335
v -7334.718750 12.429153 1251.689575
v -7335.062500 302.141418 1251.689575
v -7359.020508 305.302002 1278.340820
v -7359.020508 200.005539 1278.340820
v -7359.020508 97.463264 1278.340820
v -7359.020508 12.986664 1278.340820
v -7244.627930 97.310913 1251.689575
v -7359.453125 97.310852 1251.689575
v -7716.571289 97.310555 1251.689575
v -7745.750977 97.310440 1251.689575
v -7745.750977 97.310440 760.931335
v -7695.650391 97.310555 760.931335
v -7334.845703 97.310844 760.931335
v -7244.627930 97.310898 760.931335
v -7244.770508 198.309601 1251.689575
v -7359.548828 198.309509 1251.689575
v -7716.428711 198.309006 1251.689575
v -7745.567383 198.308838 1251.689575
v -7745.567383 198.308838 760.931335
v -7695.507812 198.309021 760.931335
v -7334.941406 198.309509 760.931335
v -7244.770508 198.309601 760.931335
v -7816.472656 229.434387 1413.633179
v -7228.558594 320.289764 1413.633179
v -7819.236328 247.317230 1413.633179
v -7231.322266 338.172607 1413.633179
v -7819.236328 247.317230 679.530151
v -7231.322266 338.172607 679.530151
v -7816.472656 229.434387 679.530151
v -7228.558594 320.289764 679.530151
v -5785.499023 382.720154 1246.655762
v -5241.419922 382.720154 1246.655762
v -5785.499023 673.915710 1246.655762
v -5241.419922 673.915710 1246.655762
v -5785.499023 673.915710 672.553711
v -5241.419922 673.915710 672.553711
v -5785.499023 382.720154 672.553711
v -5241.419922 382.720154 672.553711
v -5785.499023 338.813843 672.553711
v -5241.419922 338.813843 672.553711
v -5241.419922 338.813843 1246.655762
v -5785.499023 338.813843 1246.655762
v -5753.053711 673.915710 1212.419312
v -5273.865234 673.915710 1212.419312
v -5273.865234 673.915710 706.789856
v -5753.053711 673.915710 706.789856
v -5753.053711 353.773315 1212.419312
v -5273.865234 353.773315 1212.419312
v -5273.865234 353.773315 706.789856
v -5753.053711 353.773315 706.789856
v -5785.500000 386.165710 627.499756
v -5198.721680 386.165710 627.499756
v -5198.721680 335.368225 627.499756
v -5785.500000 335.368225 627.499756
v -5198.721680 386.165710 1291.709595
v -5198.721680 335.368225 1291.709595
v -5785.500000 386.165710 1291.709595
v -5785.500000 335.368225 1291.709595
v -5785.499023 440.959229 1246.655762
v -5241.419922 440.959229 1246.655762
v -5241.419922 440.959229 672.553711
v -5785.499023 440.959229 672.553711
v -5785.499023 557.437500 672.553711
v -5241.419922 557.437500 672.553711
v -5241.419922 557.437500 1246.655762
v -5785.499023 557.437500 1246.655762
v -5459.051270 382.720154 1246.655762
v -5459.051270 440.959229 1246.655762
v -5459.051270 557.437500 1246.655762
v -5459.051270 673.915710 1246.655762
v -5465.540039 673.915710 1212.419312
v -5465.540039 353.773315 1212.419312
v -5465.540039 353.773315 706.789856
v -5465.540039 673.915710 706.789856
v -5459.051270 673.915710 672.553711
v -5459.051270 557.437500 672.553711
v -5459.051270 440.959229 672.553711
v -5459.051270 382.720154 672.553711
v -5433.433105 386.165710 627.499756
v -5433.433105 335.368225 627.499756
v -5459.051270 338.813843 672.553711
v -5459.051270 338.813843 1246.655762
v -5433.433105 335.368225 1291.709595
v -5433.433105 386.165710 1291.709595
v -5350.235352 440.959229 672.553711
v -5350.235352 557.437500 672.553711
v -5350.235352 673.915710 672.553711
v -5369.703125 673.915710 706.789856
v -5369.703125 353.773315 706.789856
v -5369.703125 353.773315 1212.419312
v -5369.703125 673.915710 1212.419312
v -5350.235352 673.915710 1246.655762
v -5350.235352 557.437500 1246.655762
v -5350.235352 440.959229 1246.655762
v -5350.235352 382.720154 1246.655762
v -5316.077148 386.165710 1291.709595
v -5316.077148 335.368225 1291.709595
v -5350.235352 338.813843 1246.655762
v -5350.235352 338.813843 672.553711
v -5316.077148 335.368225 627.499756
v -5316.077148 386.165710 627.499756
v -5350.235352 382.720154 672.553711
v -5687.564941 382.720154 1246.655762
v -5687.564941 440.959229 1246.655762
v -5687.564941 557.437500 1246.655762
v -5687.564941 673.915710 1246.655762
v -5666.799316 673.915710 1212.419312
v -5666.799316 353.773315 1212.419312
v -5666.799316 353.773315 706.789856
v -5666.799316 673.915710 706.789856
v -5687.564941 673.915710 672.553711
v -5687.564941 557.437500 672.553711
v -5687.564941 440.959229 672.553711
v -5687.564941 382.720154 672.553711
v -5679.879883 386.165710 627.499756
v -5679.879883 335.368225 627.499756
v -5687.564941 338.813843 672.553711
v -5687.564941 338.813843 1246.655762
v -5679.879883 335.368225 1291.709595
v -5679.879883 386.165710 1291.709595
v -5574.487305 557.437500 1246.655762
v -5574.487305 440.959229 1246.655762
v -5574.487305 382.720154 1246.655762
v -5557.928711 386.165710 1291.709595
v -5557.928711 335.368195 1291.709595
v -5574.487305 338.813843 1246.655762
v -5574.487305 338.813843 672.553711
v -5557.928711 335.368195 627.499756
v -5557.928711 386.165710 627.499756
v -5574.487305 382.720154 672.553711
v -5574.487305 440.959229 672.553711
v -5574.487305 557.437500 672.553711
v -5574.487305 673.915710 672.553711
v -5567.208984 673.915710 706.789856
v -5567.208984 353.773315 706.789856
v -5567.208984 353.773315 1212.419312
v -5567.208984 673.915710 1212.419312
v -5574.487305 673.915710 1246.655762
v -5753.053711 554.704712 1212.419312
v -5666.799316 554.704712 1212.419312
v -5567.208984 554.704712 1212.419312
v -5465.540039 554.704712 1212.419312
v -5369.703125 554.704712 1212.419312
v -5273.865234 554.704712 1212.419312
v -5273.865234 554.704712 706.789856
v -5369.703125 554.704712 706.789856
v -5465.540039 554.704712 706.789856
v -5567.208984 554.704712 706.789856
v -5666.799316 554.704712 706.789856
v -5753.053711 554.704712 706.789856
v -5753.053711 442.774841 1212.419312
v -5666.799316 442.774841 1212.419312
v -5567.208984 442.774841 1212.419312
v -5465.540039 442.774841 1212.419312
v -5369.703125 442.774841 1212.419312
v -5273.865234 442.774841 1212.419312
v -5273.865234 442.774841 706.789856
v -5369.703125 442.774841 706.789856
v -5465.540039 442.774841 706.789856
v -5567.208984 442.774841 706.789856
v -5666.799316 442.774841 706.789856
v -5753.053711 442.774841 706.789856
v -7343.256836 5.277096 1484.399658
v -7221.198242 5.277096 1484.399658
v -7343.256836 127.335327 1484.399658
v -7221.198242 127.335327 1484.399658
v -7343.256836 127.335327 1362.341675
v -7221.198242 127.335327 1362.341675
v -7343.256836 5.277096 1362.341675
v -7221.198242 5.277096 1362.341675
v -7317.654297 127.335327 1458.797852
v -7246.799805 127.335327 1458.797852
v -7246.799805 127.335327 1387.943481
v -7317.654297 127.335327 1387.943481
v -7317.654297 701.144287 1458.797852
v -7246.799805 701.144287 1458.797852
v -7246.799805 701.144287 1387.943481
v -7317.654297 701.144287 1387.943481
v -5331.835938 5.277096 737.406128
v -5209.777832 5.277096 737.406128
v -5331.835938 127.335327 737.406128
v -5209.777832 127.335327 737.406128
v -5331.835938 127.335327 615.348022
v -5209.777832 127.335327 615.348022
v -5331.835938 5.277096 615.348022
v -5209.777832 5.277096 615.348022
v -5306.234375 127.335327 711.804199
v -5235.379883 127.335327 711.804199
v -5235.379883 127.335327 640.949829
v -5306.234375 127.335327 640.949829
v -5306.234375 961.622986 711.804199
v -5235.379883 961.622986 711.804199
v -5235.379883 961.622986 640.949829
v -5306.234375 961.622986 640.949829
v -6229.455078 1293.559937 883.224792
v -6236.975586 1293.559937 875.703918
v -6247.249023 1293.559937 872.951111
v -6257.522949 1293.559937 875.703918
v -6265.043945 1293.559937 883.224792
v -6267.796875 1293.559937 893.498474
v -6265.043945 1293.559937 903.772156
v -6257.522949 1293.559937 911.293030
v -6247.249023 1293.559937 914.045837
v -6236.975586 1293.559937 911.293030
v -6229.455078 1293.559937 903.772156
v -6226.702148 1293.559937 893.498474
v -6229.455078 1439.522827 883.224792
v -6236.975586 1439.522827 875.703918
v -6247.249023 1439.522827 872.951111
v -6257.522949 1439.522827 875.703918
v -6265.043945 1439.522827 883.224792
v -6267.796875 1439.522827 893.498474
v -6265.043945 1439.522827 903.772156
v -6257.522949 1439.522827 911.293030
v -6247.249023 1439.522827 914.045837
v -6236.975586 1439.522827 911.293030
v -6229.455078 1439.522827 903.772156
v -6226.702148 1439.522827 893.498474
v -6247.249023 1293.559937 893.498474
v -6247.249023 1439.522827 893.498474
v -6434.431152 12.038277 1705.040894
v -6375.921875 12.038277 1705.040894
v -6434.431152 96.339821 1705.040894
v -6375.921875 96.339821 1705.040894
v -6434.431152 96.339821 1646.531738
v -6375.921875 96.339821 1646.531738
v -6434.431152 12.038277 1646.531738
v -6375.921875 12.038277 1646.531738
v -6423.268066 96.339821 1693.877930
v -6387.084961 96.339821 1693.877930
v -6387.084961 96.339821 1657.694580
v -6423.268066 96.339821 1657.694580
v -6423.268066 350.840118 1693.877930
v -6387.084961 350.840118 1693.877930
v -6387.084961 350.840118 1657.694580
v -6423.268066 350.840118 1657.694580
v -6651.057129 12.038277 1705.040894
v -6592.547852 12.038277 1705.040894
v -6651.057129 96.339821 1705.040894
v -6592.547852 96.339821 1705.040894
v -6651.057129 96.339821 1646.531738
v -6592.547852 96.339821 1646.531738
v -6651.057129 12.038277 1646.531738
v -6592.547852 12.038277 1646.531738
v -6639.894043 96.339821 1693.877930
v -6603.710938 96.339821 1693.877930
v -6603.710938 96.339821 1657.694580
v -6639.894043 96.339821 1657.694580
v -6639.894043 350.840118 1693.877930
v -6603.710938 350.840118 1693.877930
v -6603.710938 350.840118 1657.694580
v -6639.894043 350.840118 1657.694580
vt 0.375000 0.250000
vt 0.625000 0.250000
vt 0.375000 0.500000
vt 0.625000 0.500000
vt 0.375000 0.250000
vt 0.625000 0.250000
vt 0.625000 0.500000
vt 0.375000 0.500000
vt 0.375000 0.250000
vt 0.625000 0.250000
vt 0.625000 0.250000
vt 0.375000 0.250000
vt 0.625000 0.500000
vt 0.625000 0.500000
vt 0.375000 0.500000
vt 0.375000 0.500000
vt 0.375000 0.250000
vt 0.375000 0.500000
vt 0.625000 0.500000
vt 0.625000 0.250000
vt 0.375000 0.250000
vt 0.375000 0.500000
vt 0.625000 0.500000
vt 0.625000 0.250000
vt 0.425000 0.250000
vt 0.425000 0.250000
vt 0.425000 0.250000
vt 0.425000 0.250000
vt 0.425000 0.250000
vt 0.425000 0.250000
vt 0.465000 0.250000
vt 0.465000 0.250000
vt 0.465000 0.250000
vt 0.465000 0.250000
vt 0.465000 0.250000
vt 0.465000 0.250000
vt 0.561000 0.250000
vt 0.561000 0.250000
vt 0.561000 0.250000
vt 0.561000 0.250000
vt 0.561000 0.250000
vt 0.561000 0.250000
vt 0.599400 0.250000
vt 0.599400 0.250000
vt 0.599400 0.250000
vt 0.599400 0.250000
vt 0.599400 0.250000
vt 0.599400 0.250000
vt 0.493800 0.250000
vt 0.493800 0.250000
vt 0.493800 0.250000
vt 0.493800 0.250000
vt 0.493800 0.250000
vt 0.493800 0.250000
vt 0.534120 0.250000
vt 0.534120 0.250000
vt 0.534120 0.250000
vt 0.534120 0.250000
vt 0.534120 0.250000
vt 0.534120 0.250000
vt 0.625000 0.250000
vt 0.625000 0.500000
vt 0.375000 0.500000
vt 0.375000 0.250000
vt 0.425000 0.250000
vt 0.465000 0.250000
vt 0.493800 0.250000
vt 0.534120 0.250000
vt 0.561000 0.250000
vt 0.599400 0.250000
vt 0.425000 0.250000
vt 0.375000 0.250000
vt 0.375000 0.500000
vt 0.625000 0.500000
vt 0.625000 0.250000
vt 0.599400 0.250000
vt 0.561000 0.250000
vt 0.534120 0.250000
vt 0.493800 0.250000
vt 0.465000 0.250000
vt 0.625000 0.425000
vt 0.625000 0.425000
vt 0.625000 0.425000
vt 0.625000 0.425000
vt 0.625000 0.425000
vt 0.625000 0.425000
vt 0.625000 0.425000
vt 0.625000 0.425000
vt 0.625000 0.337500
vt 0.625000 0.337500
vt 0.625000 0.337500
vt 0.625000 0.337500
vt 0.625000 0.337500
vt 0.625000 0.337500
vt 0.625000 0.337500
vt 0.625000 0.337500
vt 0.375000 0.400000
vt 0.375000 0.400000
vt 0.375000 0.400000
vt 0.375000 0.400000
vt 0.375000 0.400000
vt 0.375000 0.400000
vt 0.375000 0.400000
vt 0.375000 0.400000
vt 0.375000 0.325000
vt 0.375000 0.325000
vt 0.375000 0.325000
vt 0.375000 0.325000
vt 0.375000 0.325000
vt 0.375000 0.325000
vt 0.375000 0.325000
vt 0.375000 0.325000
vt 0.375000 0.000000
vt 0.410000 0.000000
vt 0.410000 0.250000
vt 0.375000 0.250000
vt 0.375000 0.250000
vt 0.410000 0.250000
vt 0.410000 0.340000
vt 0.375000 0.340000
vt 0.375000 0.500000
vt 0.410000 0.500000
vt 0.410000 0.750000
vt 0.375000 0.750000
vt 0.375000 0.910000
vt 0.410000 0.910000
vt 0.410000 1.000000
vt 0.375000 1.000000
vt 0.625000 0.000000
vt 0.715000 0.000000
vt 0.715000 0.250000
vt 0.625000 0.250000
vt 0.285000 0.250000
vt 0.285000 0.000000
vt 0.375000 0.250000
vt 0.410000 0.250000
vt 0.410000 0.250000
vt 0.375000 0.250000
vt 0.625000 0.250000
vt 0.625000 0.340000
vt 0.625000 0.340000
vt 0.625000 0.250000
vt 0.410000 0.500000
vt 0.410000 0.500000
vt 0.375000 0.500000
vt 0.375000 0.500000
vt 0.375000 0.340000
vt 0.375000 0.340000
vt 0.375000 0.250000
vt 0.410000 0.250000
vt 0.410000 0.250000
vt 0.375000 0.250000
vt 0.375000 0.250000
vt 0.410000 0.250000
vt 0.625000 0.250000
vt 0.625000 0.340000
vt 0.625000 0.340000
vt 0.625000 0.250000
vt 0.625000 0.340000
vt 0.625000 0.340000
vt 0.625000 0.250000
vt 0.625000 0.250000
vt 0.410000 0.500000
vt 0.410000 0.500000
vt 0.375000 0.500000
vt 0.375000 0.500000
vt 0.375000 0.500000
vt 0.410000 0.500000
vt 0.410000 0.500000
vt 0.375000 0.500000
vt 0.375000 0.340000
vt 0.375000 0.340000
vt 0.375000 0.340000
vt 0.375000 0.000000
vt 0.410000 0.000000
vt 0.410000 0.750000
vt 0.375000 0.750000
vt 0.625000 0.000000
vt 0.715000 0.000000
vt 0.715000 0.250000
vt 0.285000 0.000000
vt 0.285000 0.250000
vt 0.375000 0.340000
vt 0.375000 0.250000
vt 0.410000 0.500000
vt 0.375000 0.500000
vt 0.625000 0.340000
vt 0.625000 0.250000
vt 0.410000 0.250000
vt 0.602500 0.000000
vt 0.602500 0.000000
vt 0.602500 0.250000
vt 0.602500 0.250000
vt 0.602500 0.250000
vt 0.602500 0.250000
vt 0.602500 0.250000
vt 0.602500 0.250000
vt 0.602500 0.250000
vt 0.602500 0.250000
vt 0.602500 0.340000
vt 0.625000 0.500000
vt 0.602500 0.500000
vt 0.602500 0.500000
vt 0.625000 0.500000
vt 0.625000 0.500000
vt 0.602500 0.500000
vt 0.602500 0.500000
vt 0.625000 0.500000
vt 0.625000 0.500000
vt 0.602500 0.500000
vt 0.625000 0.500000
vt 0.602500 0.500000
vt 0.625000 0.500000
vt 0.602500 0.500000
vt 0.602500 0.500000
vt 0.625000 0.500000
vt 0.602500 0.750000
vt 0.625000 0.750000
vt 0.625000 0.750000
vt 0.602500 0.750000
vt 0.602500 1.000000
vt 0.602500 0.910000
vt 0.625000 0.910000
vt 0.625000 1.000000
vt 0.550000 0.250000
vt 0.550000 0.250000
vt 0.550000 0.250000
vt 0.550000 0.000000
vt 0.550000 0.000000
vt 0.550000 1.000000
vt 0.550000 0.910000
vt 0.550000 0.750000
vt 0.550000 0.750000
vt 0.550000 0.500000
vt 0.550000 0.500000
vt 0.550000 0.500000
vt 0.550000 0.500000
vt 0.550000 0.500000
vt 0.550000 0.500000
vt 0.550000 0.500000
vt 0.550000 0.500000
vt 0.550000 0.340000
vt 0.550000 0.250000
vt 0.550000 0.250000
vt 0.550000 0.250000
vt 0.550000 0.250000
vt 0.550000 0.250000
vt 0.538240 0.000000
vt 0.538240 0.000000
vt 0.538240 0.250000
vt 0.538240 0.250000
vt 0.538240 0.250000
vt 0.538240 0.250000
vt 0.538240 0.250000
vt 0.538240 0.250000
vt 0.538240 0.250000
vt 0.538240 0.250000
vt 0.538240 0.340000
vt 0.538240 0.500000
vt 0.538240 0.500000
vt 0.538240 0.500000
vt 0.538240 0.500000
vt 0.538240 0.500000
vt 0.538240 0.500000
vt 0.538240 0.500000
vt 0.538240 0.500000
vt 0.538240 0.750000
vt 0.538240 0.750000
vt 0.538240 1.000000
vt 0.538240 0.910000
vt 0.452000 0.250000
vt 0.452000 0.250000
vt 0.452000 0.250000
vt 0.452000 0.000000
vt 0.452000 0.000000
vt 0.452000 0.910000
vt 0.452000 1.000000
vt 0.452000 0.750000
vt 0.452000 0.750000
vt 0.452000 0.500000
vt 0.452000 0.500000
vt 0.452000 0.500000
vt 0.452000 0.500000
vt 0.452000 0.500000
vt 0.452000 0.500000
vt 0.452000 0.500000
vt 0.452000 0.500000
vt 0.452000 0.340000
vt 0.452000 0.250000
vt 0.452000 0.250000
vt 0.452000 0.250000
vt 0.452000 0.250000
vt 0.452000 0.250000
vt 0.491200 0.250000
vt 0.491200 0.250000
vt 0.491200 0.250000
vt 0.491200 0.000000
vt 0.491200 0.000000
vt 0.491200 0.910000
vt 0.491200 1.000000
vt 0.491200 0.750000
vt 0.491200 0.750000
vt 0.491200 0.500000
vt 0.491200 0.500000
vt 0.491200 0.500000
vt 0.491200 0.500000
vt 0.491200 0.500000
vt 0.491200 0.500000
vt 0.491200 0.500000
vt 0.491200 0.500000
vt 0.491200 0.340000
vt 0.491200 0.250000
vt 0.491200 0.250000
vt 0.491200 0.250000
vt 0.491200 0.250000
vt 0.491200 0.250000
vt 0.491200 0.250000
vt 0.491200 0.000000
vt 0.538240 0.000000
vt 0.538240 0.250000
vt 0.625000 0.340000
vt 0.625000 0.250000
vt 0.602500 0.500000
vt 0.625000 0.500000
vt 0.550000 0.500000
vt 0.538240 0.500000
vt 0.491200 0.500000
vt 0.452000 0.500000
vt 0.410000 0.500000
vt 0.375000 0.500000
vt 0.375000 0.250000
vt 0.375000 0.340000
vt 0.410000 0.250000
vt 0.452000 0.250000
vt 0.491200 0.250000
vt 0.538240 0.250000
vt 0.550000 0.250000
vt 0.602500 0.250000
vt 0.225000 0.250000
vt 0.225000 0.250000
vt 0.125000 0.250000
vt 0.125000 0.250000
vt 0.125000 0.000000
vt 0.225000 0.000000
vt 0.125000 0.000000
vt 0.225000 0.000000
vt 0.410000 0.850000
vt 0.375000 0.850000
vt 0.452000 0.850000
vt 0.491200 0.850000
vt 0.538240 0.850000
vt 0.550000 0.850000
vt 0.602500 0.850000
vt 0.625000 0.850000
vt 0.775000 0.000000
vt 0.775000 0.000000
vt 0.875000 0.000000
vt 0.875000 0.000000
vt 0.775000 0.250000
vt 0.875000 0.250000
vt 0.875000 0.250000
vt 0.775000 0.250000
vt 0.625000 0.400000
vt 0.625000 0.400000
vt 0.625000 0.400000
vt 0.625000 0.400000
vt 0.625000 0.400000
vt 0.625000 0.400000
vt 0.625000 0.400000
vt 0.625000 0.400000
vt 0.602500 0.400000
vt 0.550000 0.400000
vt 0.538240 0.400000
vt 0.491200 0.400000
vt 0.452000 0.400000
vt 0.410000 0.400000
vt 0.375000 0.400000
vt 0.375000 0.400000
vt 0.375000 0.400000
vt 0.375000 0.400000
vt 0.375000 0.400000
vt 0.375000 0.400000
vt 0.375000 0.400000
vt 0.375000 0.400000
vt 0.375000 0.000000
vt 0.410000 0.000000
vt 0.410000 0.250000
vt 0.375000 0.250000
vt 0.375000 0.250000
vt 0.410000 0.250000
vt 0.410000 0.325000
vt 0.375000 0.325000
vt 0.375000 0.500000
vt 0.410000 0.500000
vt 0.410000 0.750000
vt 0.375000 0.750000
vt 0.375000 0.925000
vt 0.410000 0.925000
vt 0.410000 1.000000
vt 0.375000 1.000000
vt 0.625000 0.000000
vt 0.700000 0.000000
vt 0.700000 0.250000
vt 0.625000 0.250000
vt 0.300000 0.250000
vt 0.300000 0.000000
vt 0.375000 0.000000
vt 0.375000 0.250000
vt 0.625000 0.250000
vt 0.625000 0.325000
vt 0.625000 0.325000
vt 0.625000 0.250000
vt 0.414953 0.325498
vt 0.413161 0.324641
vt 0.412886 0.249196
vt 0.415198 0.250948
vt 0.375000 0.250000
vt 0.410000 0.250000
vt 0.410000 0.250000
vt 0.410000 0.250000
vt 0.411443 0.249598
vt 0.410000 0.250000
vt 0.412599 0.250474
vt 0.410000 0.250000
vt 0.625000 0.250000
vt 0.625000 0.325000
vt 0.625000 0.325000
vt 0.625000 0.250000
vt 0.625000 0.325000
vt 0.625000 0.325000
vt 0.625000 0.250000
vt 0.625000 0.250000
vt 0.410000 0.500000
vt 0.410000 0.500000
vt 0.410000 0.500000
vt 0.375000 0.500000
vt 0.413803 0.500680
vt 0.411902 0.500340
vt 0.375000 0.500000
vt 0.410000 0.500000
vt 0.410000 0.500000
vt 0.410000 0.500000
vt 0.412190 0.499724
vt 0.414381 0.499448
vt 0.413161 0.324641
vt 0.375000 0.325000
vt 0.375000 0.250000
vt 0.412886 0.249196
vt 0.375000 0.000000
vt 0.410000 0.000000
vt 0.410000 0.750000
vt 0.375000 0.750000
vt 0.625000 0.000000
vt 0.700000 0.000000
vt 0.700000 0.250000
vt 0.300000 0.000000
vt 0.300000 0.000000
vt 0.300000 0.250000
vt 0.625000 0.325000
vt 0.625000 0.250000
vt 0.625000 0.325000
vt 0.625000 0.250000
vt 0.602500 0.000000
vt 0.602500 0.000000
vt 0.602500 0.250000
vt 0.602500 0.250000
vt 0.602500 0.250000
vt 0.602500 0.250000
vt 0.602500 0.250000
vt 0.602500 0.250000
vt 0.602500 0.250000
vt 0.602500 0.250000
vt 0.602500 0.250000
vt 0.602500 0.325000
vt 0.625000 0.500000
vt 0.602500 0.500000
vt 0.602500 0.500000
vt 0.625000 0.500000
vt 0.625000 0.500000
vt 0.602500 0.500000
vt 0.602500 0.500000
vt 0.625000 0.500000
vt 0.625000 0.500000
vt 0.602500 0.500000
vt 0.602500 0.500000
vt 0.625000 0.500000
vt 0.625000 0.500000
vt 0.602500 0.500000
vt 0.625000 0.500000
vt 0.602500 0.500000
vt 0.602500 0.500000
vt 0.625000 0.500000
vt 0.602500 0.750000
vt 0.625000 0.750000
vt 0.625000 0.750000
vt 0.602500 0.750000
vt 0.602500 1.000000
vt 0.602500 0.925000
vt 0.625000 0.925000
vt 0.625000 1.000000
vt 0.550000 0.250000
vt 0.550000 0.250000
vt 0.550000 0.250000
vt 0.550000 0.000000
vt 0.550000 0.000000
vt 0.550000 1.000000
vt 0.550000 0.925000
vt 0.550000 0.750000
vt 0.550000 0.750000
vt 0.550000 0.500000
vt 0.550000 0.500000
vt 0.550000 0.500000
vt 0.550000 0.500000
vt 0.550000 0.500000
vt 0.550000 0.500000
vt 0.550000 0.500000
vt 0.550000 0.500000
vt 0.550000 0.500000
vt 0.550000 0.325000
vt 0.550000 0.250000
vt 0.550000 0.250000
vt 0.550000 0.250000
vt 0.550000 0.250000
vt 0.550000 0.250000
vt 0.550000 0.250000
vt 0.538240 0.000000
vt 0.538240 0.000000
vt 0.538240 0.250000
vt 0.538240 0.250000
vt 0.538240 0.250000
vt 0.538240 0.250000
vt 0.538240 0.250000
vt 0.538240 0.250000
vt 0.538240 0.250000
vt 0.538240 0.250000
vt 0.538240 0.250000
vt 0.538240 0.325000
vt 0.538240 0.500000
vt 0.538240 0.500000
vt 0.538240 0.500000
vt 0.538240 0.500000
vt 0.538240 0.500000
vt 0.538240 0.500000
vt 0.538240 0.500000
vt 0.538240 0.500000
vt 0.538240 0.500000
vt 0.538240 0.750000
vt 0.538240 0.750000
vt 0.538240 1.000000
vt 0.538240 0.925000
vt 0.452000 0.250000
vt 0.452000 0.250000
vt 0.452000 0.250000
vt 0.452000 0.000000
vt 0.452000 0.000000
vt 0.452000 0.925000
vt 0.452000 1.000000
vt 0.452000 0.750000
vt 0.452000 0.750000
vt 0.452000 0.500000
vt 0.452000 0.500000
vt 0.452000 0.500000
vt 0.452000 0.500000
vt 0.452000 0.500000
vt 0.452000 0.500000
vt 0.452000 0.500000
vt 0.452000 0.500000
vt 0.452000 0.500000
vt 0.452000 0.325000
vt 0.452000 0.250000
vt 0.452000 0.250000
vt 0.452000 0.250000
vt 0.452000 0.250000
vt 0.452000 0.250000
vt 0.452000 0.250000
vt 0.491200 0.250000
vt 0.491200 0.250000
vt 0.491200 0.250000
vt 0.491200 0.000000
vt 0.491200 0.000000
vt 0.491200 0.925000
vt 0.491200 1.000000
vt 0.491200 0.750000
vt 0.491200 0.750000
vt 0.491200 0.500000
vt 0.491200 0.500000
vt 0.491200 0.500000
vt 0.491200 0.500000
vt 0.491200 0.500000
vt 0.491200 0.500000
vt 0.491200 0.500000
vt 0.491200 0.500000
vt 0.491200 0.500000
vt 0.491200 0.325000
vt 0.491200 0.250000
vt 0.491200 0.250000
vt 0.491200 0.250000
vt 0.491200 0.250000
vt 0.491200 0.250000
vt 0.491200 0.250000
vt 0.625000 0.250000
vt 0.625000 0.325000
vt 0.625000 0.325000
vt 0.625000 0.250000
vt 0.625000 0.500000
vt 0.602500 0.500000
vt 0.602500 0.500000
vt 0.625000 0.500000
vt 0.550000 0.500000
vt 0.550000 0.500000
vt 0.538240 0.500000
vt 0.538240 0.500000
vt 0.491200 0.500000
vt 0.491200 0.500000
vt 0.452000 0.500000
vt 0.452000 0.500000
vt 0.452000 0.250000
vt 0.452000 0.250000
vt 0.491200 0.250000
vt 0.491200 0.250000
vt 0.538240 0.250000
vt 0.538240 0.250000
vt 0.550000 0.250000
vt 0.550000 0.250000
vt 0.602500 0.250000
vt 0.602500 0.250000
vt 0.230000 0.250000
vt 0.230000 0.250000
vt 0.125000 0.250000
vt 0.125000 0.250000
vt 0.125000 0.000000
vt 0.230000 0.000000
vt 0.125000 0.000000
vt 0.230000 0.000000
vt 0.230000 0.000000
vt 0.125000 0.000000
vt 0.410000 0.855000
vt 0.375000 0.855000
vt 0.452000 0.855000
vt 0.491200 0.855000
vt 0.538240 0.855000
vt 0.550000 0.855000
vt 0.602500 0.855000
vt 0.625000 0.855000
vt 0.770000 0.000000
vt 0.770000 0.000000
vt 0.875000 0.000000
vt 0.875000 0.000000
vt 0.770000 0.250000
vt 0.875000 0.250000
vt 0.875000 0.250000
vt 0.770000 0.250000
vt 0.625000 0.395000
vt 0.625000 0.395000
vt 0.625000 0.395000
vt 0.625000 0.395000
vt 0.625000 0.395000
vt 0.625000 0.395000
vt 0.625000 0.395000
vt 0.625000 0.395000
vt 0.625000 0.395000
vt 0.625000 0.395000
vt 0.602500 0.395000
vt 0.550000 0.395000
vt 0.538240 0.395000
vt 0.491200 0.395000
vt 0.452000 0.395000
vt 0.410000 0.395000
vt 0.375000 0.395000
vt 0.414724 0.395078
vt 0.413418 0.395057
vt 0.375000 0.500000
vt 0.375000 0.395000
vt 0.413418 0.395057
vt 0.413803 0.500680
vt 0.700000 0.250000
vt 0.700000 0.000000
vt 0.770000 0.000000
vt 0.770000 0.250000
vt 0.375000 0.250000
vt 0.412886 0.249196
vt 0.412886 0.249196
vt 0.375000 0.250000
vt 0.125000 0.250000
vt 0.125000 0.250000
vt 0.375000 0.000000
vt 0.625000 0.000000
vt 0.625000 0.250000
vt 0.375000 0.250000
vt 0.625000 0.500000
vt 0.375000 0.500000
vt 0.625000 0.750000
vt 0.375000 0.750000
vt 0.625000 1.000000
vt 0.375000 1.000000
vt 0.875000 0.000000
vt 0.875000 0.250000
vt 0.125000 0.000000
vt 0.125000 0.250000
vt 0.375000 0.050000
vt 0.397500 0.050000
vt 0.397500 0.150000
vt 0.375000 0.150000
vt 0.375000 0.250000
vt 0.406500 0.250000
vt 0.406500 0.500000
vt 0.375000 0.500000
vt 0.375000 0.600000
vt 0.625000 0.600000
vt 0.625000 0.700000
vt 0.375000 0.700000
vt 0.625000 0.050000
vt 0.875000 0.050000
vt 0.875000 0.150000
vt 0.625000 0.150000
vt 0.375000 0.750000
vt 0.625000 0.750000
vt 0.625000 0.750000
vt 0.375000 0.750000
vt 0.625000 1.000000
vt 0.625000 1.000000
vt 0.397500 1.000000
vt 0.397500 1.000000
vt 0.375000 1.000000
vt 0.375000 1.000000
vt 0.625000 0.250000
vt 0.625000 0.500000
vt 0.625000 0.500000
vt 0.625000 0.250000
vt 0.375000 0.250000
vt 0.406500 0.250000
vt 0.625000 0.250000
vt 0.625000 0.500000
vt 0.625000 0.500000
vt 0.625000 0.250000
vt 0.406500 0.500000
vt 0.375000 0.500000
vt 0.375000 0.000000
vt 0.397500 0.000000
vt 0.625000 0.000000
vt 0.875000 0.000000
vt 0.375000 0.500000
vt 0.875000 0.250000
vt 0.397500 0.250000
vt 0.375000 0.250000
vt 0.600000 1.000000
vt 0.600000 1.000000
vt 0.600000 0.050000
vt 0.600000 0.000000
vt 0.600000 0.150000
vt 0.600000 0.250000
vt 0.506849 0.250000
vt 0.490651 0.250000
vt 0.490651 0.150000
vt 0.506849 0.150000
vt 0.490651 0.050000
vt 0.506849 0.050000
vt 0.490651 0.000000
vt 0.506849 0.000000
vt 0.506849 1.000000
vt 0.490651 1.000000
vt 0.490651 1.000000
vt 0.506849 1.000000
vt 0.375000 0.250000
vt 0.406500 0.250000
vt 0.625000 0.250000
vt 0.625000 0.500000
vt 0.406500 0.500000
vt 0.375000 0.500000
vt 0.375000 0.250000
vt 0.406500 0.250000
vt 0.406500 0.500000
vt 0.375000 0.500000
vt 0.595000 0.250000
vt 0.595000 0.250000
vt 0.595000 0.250000
vt 0.595000 0.250000
vt 0.595000 0.500000
vt 0.595000 0.500000
vt 0.595000 0.500000
vt 0.595000 0.500000
vt 0.480000 0.250000
vt 0.480000 0.250000
vt 0.525000 0.250000
vt 0.525000 0.250000
vt 0.480000 0.250000
vt 0.525000 0.250000
vt 0.480000 0.250000
vt 0.525000 0.250000
vt 0.480000 0.500000
vt 0.525000 0.500000
vt 0.525000 0.500000
vt 0.480000 0.500000
vt 0.525000 0.500000
vt 0.480000 0.500000
vt 0.525000 0.500000
vt 0.480000 0.500000
vt 0.375000 0.000000
vt 0.625000 0.000000
vt 0.625000 0.250000
vt 0.375000 0.250000
vt 0.375000 0.250000
vt 0.625000 0.250000
vt 0.625000 0.500000
vt 0.375000 0.500000
vt 0.375000 0.500000
vt 0.625000 0.500000
vt 0.625000 0.750000
vt 0.375000 0.750000
vt 0.625000 1.000000
vt 0.375000 1.000000
vt 0.875000 0.000000
vt 0.875000 0.250000
vt 0.125000 0.000000
vt 0.125000 0.250000
vt 0.625000 0.250000
vt 0.375000 0.250000
vt 0.625000 0.500000
vt 0.375000 0.500000
vt 0.375000 0.000000
vt 0.625000 0.000000
vt 0.625000 0.250000
vt 0.375000 0.250000
vt 0.625000 0.500000
vt 0.375000 0.500000
vt 0.625000 0.750000
vt 0.375000 0.750000
vt 0.625000 1.000000
vt 0.375000 1.000000
vt 0.875000 0.000000
vt 0.875000 0.250000
vt 0.125000 0.000000
vt 0.125000 0.250000
vt 0.375000 0.000000
vt 0.625000 0.000000
vt 0.625000 0.250000
vt 0.375000 0.250000
vt 0.375000 0.250000
vt 0.625000 0.250000
vt 0.625000 0.500000
vt 0.375000 0.500000
vt 0.375000 0.500000
vt 0.625000 0.500000
vt 0.625000 0.750000
vt 0.375000 0.750000
vt 0.625000 1.000000
vt 0.375000 1.000000
vt 0.875000 0.000000
vt 0.875000 0.250000
vt 0.125000 0.000000
vt 0.125000 0.250000
vt 0.625000 0.250000
vt 0.375000 0.250000
vt 0.625000 0.500000
vt 0.375000 0.500000
vt 0.375000 0.000000
vt 0.600000 0.000000
vt 0.600000 0.250000
vt 0.375000 0.250000
vt 0.600000 0.500000
vt 0.375000 0.500000
vt 0.600000 0.750000
vt 0.375000 0.750000
vt 0.600000 1.000000
vt 0.375000 1.000000
vt 0.625000 0.000000
vt 0.875000 0.000000
vt 0.875000 0.250000
vt 0.625000 0.250000
vt 0.125000 0.000000
vt 0.125000 0.250000
vt 0.625000 0.500000
vt 0.600000 0.750000
vt 0.600000 0.500000
vt 0.625000 0.500000
vt 0.625000 0.750000
vt 0.625000 0.750000
vt 0.625000 1.000000
vt 0.600000 0.500000
vt 0.600000 0.750000
vt 0.625000 0.500000
vt 0.625000 0.750000
vt 0.600000 0.750000
vt 0.600000 0.500000
vt 0.600000 0.500000
vt 0.600000 0.750000
vt 0.375000 0.000000
vt 0.625000 0.000000
vt 0.625000 0.250000
vt 0.375000 0.250000
vt 0.375000 0.250000
vt 0.625000 0.250000
vt 0.625000 0.500000
vt 0.375000 0.500000
vt 0.375000 0.500000
vt 0.625000 0.500000
vt 0.625000 0.750000
vt 0.375000 0.750000
vt 0.625000 1.000000
vt 0.375000 1.000000
vt 0.875000 0.000000
vt 0.875000 0.250000
vt 0.125000 0.000000
vt 0.125000 0.250000
vt 0.625000 0.250000
vt 0.375000 0.250000
vt 0.625000 0.500000
vt 0.375000 0.500000
vt 0.375000 0.000000
vt 0.625000 0.000000
vt 0.625000 0.250000
vt 0.375000 0.250000
vt 0.375000 0.250000
vt 0.625000 0.250000
vt 0.625000 0.500000
vt 0.375000 0.500000
vt 0.375000 0.500000
vt 0.625000 0.500000
vt 0.625000 0.750000
vt 0.375000 0.750000
vt 0.625000 1.000000
vt 0.375000 1.000000
vt 0.875000 0.000000
vt 0.875000 0.250000
vt 0.125000 0.000000
vt 0.125000 0.250000
vt 0.625000 0.250000
vt 0.375000 0.250000
vt 0.625000 0.500000
vt 0.375000 0.500000
vt 0.375000 0.000000
vt 0.397500 0.000000
vt 0.397500 0.250000
vt 0.375000 0.250000
vt 0.397500 0.500000
vt 0.375000 0.500000
vt 0.375000 0.500000
vt 0.397500 0.500000
vt 0.397500 0.750000
vt 0.375000 0.750000
vt 0.375000 0.750000
vt 0.397500 0.750000
vt 0.397500 1.000000
vt 0.375000 1.000000
vt 0.125000 0.000000
vt 0.125000 0.250000
vt 0.600000 0.250000
vt 0.600000 1.000000
vt 0.600000 0.750000
vt 0.600000 0.500000
vt 0.579750 0.000000
vt 0.579750 0.250000
vt 0.579750 0.500000
vt 0.579750 0.750000
vt 0.579750 1.000000
vt 0.600000 0.000000
vt 0.579750 0.750000
vt 0.579750 0.500000
vt 0.600000 0.500000
vt 0.600000 0.750000
vt 0.375000 0.000000
vt 0.450000 0.000000
vt 0.450000 0.100000
vt 0.375000 0.100000
vt 0.375000 0.250000
vt 0.450000 0.250000
vt 0.450000 0.500000
vt 0.375000 0.500000
vt 0.375000 0.650000
vt 0.450000 0.650000
vt 0.450000 0.750000
vt 0.375000 0.750000
vt 0.450000 1.000000
vt 0.375000 1.000000
vt 0.625000 0.000000
vt 0.875000 0.000000
vt 0.875000 0.100000
vt 0.625000 0.100000
vt 0.125000 0.000000
vt 0.125000 0.100000
vt 0.375000 0.250000
vt 0.450000 0.250000
vt 0.450000 0.250000
vt 0.375000 0.250000
vt 0.625000 0.250000
vt 0.625000 0.500000
vt 0.625000 0.500000
vt 0.625000 0.250000
vt 0.450000 0.500000
vt 0.450000 0.500000
vt 0.375000 0.500000
vt 0.375000 0.500000
vt 0.450000 0.250000
vt 0.375000 0.250000
vt 0.625000 0.500000
vt 0.625000 0.250000
vt 0.375000 0.500000
vt 0.450000 0.500000
vt 0.375000 0.000000
vt 0.625000 0.000000
vt 0.625000 0.250000
vt 0.375000 0.250000
vt 0.625000 0.500000
vt 0.375000 0.500000
vt 0.625000 0.750000
vt 0.375000 0.750000
vt 0.625000 1.000000
vt 0.375000 1.000000
vt 0.875000 0.000000
vt 0.875000 0.250000
vt 0.125000 0.000000
vt 0.125000 0.250000
vt 0.125000 0.190000
vt 0.375000 0.190000
vt 0.125000 0.250000
vt 0.450000 0.560000
vt 0.375000 0.560000
vt 0.625000 0.190000
vt 0.875000 0.190000
vt 0.875000 0.250000
vt 0.450000 0.190000
vt 0.555000 0.100000
vt 0.555000 0.000000
vt 0.555000 0.190000
vt 0.555000 0.250000
vt 0.555000 0.250000
vt 0.555000 0.250000
vt 0.555000 0.500000
vt 0.555000 0.250000
vt 0.625000 0.250000
vt 0.625000 0.500000
vt 0.555000 0.500000
vt 0.555000 0.500000
vt 0.555000 0.500000
vt 0.555000 0.560000
vt 0.625000 0.560000
vt 0.555000 0.650000
vt 0.625000 0.650000
vt 0.555000 0.750000
vt 0.625000 0.750000
vt 0.555000 1.000000
vt 0.625000 1.000000
vt 0.375000 0.500000
vt 0.375000 0.250000
vt 0.450000 0.500000
vt 0.555000 0.500000
vt 0.625000 0.500000
vt 0.625000 0.250000
vt 0.555000 0.250000
vt 0.450000 0.250000
vt 0.375000 0.000000
vt 0.625000 0.000000
vt 0.625000 0.250000
vt 0.375000 0.250000
vt 0.625000 0.500000
vt 0.375000 0.500000
vt 0.625000 0.750000
vt 0.375000 0.750000
vt 0.625000 1.000000
vt 0.375000 1.000000
vt 0.875000 0.000000
vt 0.875000 0.250000
vt 0.125000 0.000000
vt 0.125000 0.250000
vt 0.375000 0.000000
vt 0.400000 0.000000
vt 0.400000 0.100000
vt 0.375000 0.100000
vt 0.375000 0.250000
vt 0.400000 0.250000
vt 0.400000 0.500000
vt 0.375000 0.500000
vt 0.375000 0.650000
vt 0.400000 0.650000
vt 0.400000 0.750000
vt 0.375000 0.750000
vt 0.125000 0.000000
vt 0.125000 0.100000
vt 0.375000 0.250000
vt 0.400000 0.250000
vt 0.400000 0.250000
vt 0.375000 0.250000
vt 0.400000 0.500000
vt 0.400000 0.500000
vt 0.375000 0.500000
vt 0.375000 0.500000
vt 0.400000 0.250000
vt 0.375000 0.250000
vt 0.375000 0.500000
vt 0.400000 0.500000
vt 0.375000 0.175000
vt 0.400000 0.175000
vt 0.125000 0.175000
vt 0.125000 0.250000
vt 0.400000 0.575000
vt 0.375000 0.575000
vt 0.580000 0.100000
vt 0.580000 0.000000
vt 0.625000 0.000000
vt 0.625000 0.100000
vt 0.580000 0.175000
vt 0.625000 0.175000
vt 0.580000 0.250000
vt 0.625000 0.250000
vt 0.580000 0.250000
vt 0.625000 0.250000
vt 0.625000 0.250000
vt 0.580000 0.250000
vt 0.580000 0.500000
vt 0.580000 0.250000
vt 0.625000 0.250000
vt 0.625000 0.500000
vt 0.625000 0.500000
vt 0.580000 0.500000
vt 0.580000 0.500000
vt 0.625000 0.500000
vt 0.625000 0.500000
vt 0.580000 0.500000
vt 0.580000 0.575000
vt 0.625000 0.575000
vt 0.580000 0.650000
vt 0.625000 0.650000
vt 0.580000 0.750000
vt 0.625000 0.750000
vt 0.580000 0.250000
vt 0.625000 0.250000
vt 0.400000 0.250000
vt 0.375000 0.250000
vt 0.375000 0.500000
vt 0.400000 0.500000
vt 0.580000 0.500000
vt 0.625000 0.500000
vt 0.375000 0.000000
vt 0.625000 0.000000
vt 0.625000 0.250000
vt 0.375000 0.250000
vt 0.625000 0.500000
vt 0.375000 0.500000
vt 0.625000 0.750000
vt 0.375000 0.750000
vt 0.625000 1.000000
vt 0.375000 1.000000
vt 0.875000 0.000000
vt 0.875000 0.250000
vt 0.125000 0.000000
vt 0.125000 0.250000
vt 0.375000 0.050000
vt 0.420000 0.050000
vt 0.420000 0.150000
vt 0.375000 0.150000
vt 0.375000 0.250000
vt 0.420000 0.250000
vt 0.420000 0.500000
vt 0.375000 0.500000
vt 0.375000 0.600000
vt 0.420000 0.600000
vt 0.420000 0.700000
vt 0.375000 0.700000
vt 0.375000 0.750000
vt 0.420000 0.750000
vt 0.420000 1.000000
vt 0.375000 1.000000
vt 0.625000 0.050000
vt 0.875000 0.050000
vt 0.875000 0.150000
vt 0.625000 0.150000
vt 0.375000 0.750000
vt 0.420000 0.750000
vt 0.420000 0.750000
vt 0.375000 0.750000
vt 0.625000 0.750000
vt 0.625000 1.000000
vt 0.625000 1.000000
vt 0.625000 0.750000
vt 0.420000 1.000000
vt 0.420000 1.000000
vt 0.375000 1.000000
vt 0.375000 1.000000
vt 0.375000 0.250000
vt 0.420000 0.250000
vt 0.420000 0.250000
vt 0.375000 0.250000
vt 0.625000 0.250000
vt 0.625000 0.500000
vt 0.625000 0.500000
vt 0.625000 0.250000
vt 0.420000 0.500000
vt 0.420000 0.500000
vt 0.375000 0.500000
vt 0.375000 0.500000
vt 0.375000 0.250000
vt 0.420000 0.250000
vt 0.625000 0.250000
vt 0.625000 0.500000
vt 0.625000 0.500000
vt 0.625000 0.250000
vt 0.420000 0.500000
vt 0.375000 0.500000
vt 0.375000 0.750000
vt 0.420000 0.750000
vt 0.625000 0.750000
vt 0.625000 1.000000
vt 0.625000 1.000000
vt 0.625000 0.750000
vt 0.420000 1.000000
vt 0.375000 1.000000
vt 0.375000 0.000000
vt 0.420000 0.000000
vt 0.625000 0.000000
vt 0.875000 0.000000
vt 0.875000 0.250000
vt 0.575000 0.050000
vt 0.575000 0.000000
vt 0.575000 0.150000
vt 0.575000 0.250000
vt 0.575000 0.250000
vt 0.575000 0.250000
vt 0.575000 0.250000
vt 0.575000 0.500000
vt 0.575000 0.500000
vt 0.575000 0.500000
vt 0.575000 0.500000
vt 0.575000 0.600000
vt 0.625000 0.600000
vt 0.575000 0.700000
vt 0.625000 0.700000
vt 0.575000 0.750000
vt 0.575000 0.750000
vt 0.575000 0.750000
vt 0.575000 0.750000
vt 0.575000 1.000000
vt 0.575000 1.000000
vt 0.575000 1.000000
vt 0.575000 1.000000
vt 0.525000 0.700000
vt 0.525000 0.600000
vt 0.525000 0.500000
vt 0.525000 0.500000
vt 0.525000 0.500000
vt 0.525000 0.500000
vt 0.525000 0.250000
vt 0.525000 0.250000
vt 0.525000 0.250000
vt 0.525000 0.250000
vt 0.525000 0.150000
vt 0.525000 0.050000
vt 0.525000 0.000000
vt 0.525000 1.000000
vt 0.525000 1.000000
vt 0.525000 1.000000
vt 0.525000 1.000000
vt 0.525000 0.750000
vt 0.525000 0.750000
vt 0.525000 0.750000
vt 0.525000 0.750000
vt 0.462000 0.050000
vt 0.462000 0.000000
vt 0.462000 0.150000
vt 0.462000 0.250000
vt 0.462000 0.250000
vt 0.462000 0.250000
vt 0.462000 0.250000
vt 0.462000 0.500000
vt 0.462000 0.500000
vt 0.462000 0.500000
vt 0.462000 0.500000
vt 0.462000 0.600000
vt 0.462000 0.700000
vt 0.462000 0.750000
vt 0.462000 0.750000
vt 0.462000 0.750000
vt 0.462000 0.750000
vt 0.462000 1.000000
vt 0.462000 1.000000
vt 0.462000 1.000000
vt 0.462000 1.000000
vt 0.420000 0.250000
vt 0.375000 0.250000
vt 0.462000 0.250000
vt 0.525000 0.250000
vt 0.575000 0.250000
vt 0.625000 0.250000
vt 0.625000 0.500000
vt 0.575000 0.500000
vt 0.525000 0.500000
vt 0.462000 0.500000
vt 0.420000 0.500000
vt 0.375000 0.500000
vt 0.375000 0.000000
vt 0.625000 0.000000
vt 0.625000 0.250000
vt 0.375000 0.250000
vt 0.375000 0.250000
vt 0.625000 0.250000
vt 0.625000 0.500000
vt 0.375000 0.500000
vt 0.375000 0.500000
vt 0.625000 0.500000
vt 0.625000 0.750000
vt 0.375000 0.750000
vt 0.625000 1.000000
vt 0.375000 1.000000
vt 0.875000 0.000000
vt 0.875000 0.250000
vt 0.125000 0.000000
vt 0.125000 0.250000
vt 0.625000 0.250000
vt 0.375000 0.250000
vt 0.625000 0.500000
vt 0.375000 0.500000
vt 0.375000 0.000000
vt 0.625000 0.000000
vt 0.625000 0.250000
vt 0.375000 0.250000
vt 0.375000 0.250000
vt 0.625000 0.250000
vt 0.625000 0.500000
vt 0.375000 0.500000
vt 0.375000 0.500000
vt 0.625000 0.500000
vt 0.625000 0.750000
vt 0.375000 0.750000
vt 0.625000 1.000000
vt 0.375000 1.000000
vt 0.875000 0.000000
vt 0.875000 0.250000
vt 0.125000 0.000000
vt 0.125000 0.250000
vt 0.625000 0.250000
vt 0.375000 0.250000
vt 0.625000 0.500000
vt 0.375000 0.500000
vt 0.375000 0.312500
vt 0.395833 0.312500
vt 0.395833 0.687500
vt 0.375000 0.687500
vt 0.416667 0.312500
vt 0.416667 0.687500
vt 0.437500 0.312500
vt 0.437500 0.687500
vt 0.458333 0.312500
vt 0.458333 0.687500
vt 0.479167 0.312500
vt 0.479167 0.687500
vt 0.500000 0.312500
vt 0.500000 0.687500
vt 0.520833 0.312500
vt 0.520833 0.687500
vt 0.541667 0.312500
vt 0.541667 0.687500
vt 0.562500 0.312500
vt 0.562500 0.687500
vt 0.583333 0.312500
vt 0.583333 0.687500
vt 0.604167 0.312500
vt 0.604167 0.687500
vt 0.625000 0.312500
vt 0.625000 0.687500
vt 0.578125 0.020934
vt 0.635316 0.078125
vt 0.500000 0.156250
vt 0.500000 0.000000
vt 0.421875 0.020934
vt 0.364684 0.078125
vt 0.343750 0.156250
vt 0.364684 0.234375
vt 0.421875 0.291566
vt 0.500000 0.312500
vt 0.578125 0.291566
vt 0.635316 0.234375
vt 0.656250 0.156250
vt 0.635316 0.921875
vt 0.578125 0.979066
vt 0.500000 0.843750
vt 0.500000 1.000000
vt 0.421875 0.979066
vt 0.364684 0.921875
vt 0.343750 0.843750
vt 0.364684 0.765625
vt 0.421875 0.708434
vt 0.500000 0.687500
vt 0.578125 0.708434
vt 0.635316 0.765625
vt 0.656250 0.843750
vt 0.375000 0.000000
vt 0.625000 0.000000
vt 0.625000 0.250000
vt 0.375000 0.250000
vt 0.375000 0.250000
vt 0.625000 0.250000
vt 0.625000 0.500000
vt 0.375000 0.500000
vt 0.375000 0.500000
vt 0.625000 0.500000
vt 0.625000 0.750000
vt 0.375000 0.750000
vt 0.625000 1.000000
vt 0.375000 1.000000
vt 0.875000 0.000000
vt 0.875000 0.250000
vt 0.125000 0.000000
vt 0.125000 0.250000
vt 0.625000 0.250000
vt 0.375000 0.250000
vt 0.625000 0.500000
vt 0.375000 0.500000
vt 0.375000 0.000000
vt 0.625000 0.000000
vt 0.625000 0.250000
vt 0.375000 0.250000
vt 0.375000 0.250000
vt 0.625000 0.250000
vt 0.625000 0.500000
vt 0.375000 0.500000
vt 0.375000 0.500000
vt 0.625000 0.500000
vt 0.625000 0.750000
vt 0.375000 0.750000
vt 0.625000 1.000000
vt 0.375000 1.000000
vt 0.875000 0.000000
vt 0.875000 0.250000
vt 0.125000 0.000000
vt 0.125000 0.250000
vt 0.625000 0.250000
vt 0.375000 0.250000
vt 0.625000 0.500000
vt 0.375000 0.500000
vn -0.000000 1.000000 -0.000001
vn -0.000000 1.000000 -0.000000
vn -0.000000 1.000000 -0.000000
vn -0.000000 1.000000 -0.000001
vn -0.000000 1.000000 0.000000
vn -0.000000 1.000000 0.000000
vn -0.000000 1.000000 0.000000
vn -0.000000 1.000000 0.000000
vn 0.000000 1.000000 -0.000000
vn 0.000000 1.000000 -0.000000
vn 0.000000 1.000000 -0.000000
vn 0.000000 1.000000 -0.000000
vn 0.000000 1.000000 0.000000
vn 0.000000 1.000000 0.000000
vn 0.000000 1.000000 0.000000
vn 0.000000 1.000000 0.000000
vn 0.000000 0.000000 1.000000
vn 0.000000 0.000000 1.000000
vn 0.000000 0.000000 1.000000
vn 0.000000 0.000000 1.000000
vn 0.000000 0.000000 -1.000000
vn 0.000000 0.000000 -1.000000
vn 0.000000 0.000000 -1.000000
vn 0.000000 0.000000 -1.000000
vn 1.000000 0.000000 0.000000
vn 1.000000 0.000000 0.000000
vn 1.000000 0.000000 0.000000
vn 1.000000 0.000000 0.000000
vn -1.000000 0.000000 0.000000
vn -1.000000 0.000000 0.000000
vn -1.000000 0.000000 0.000000
vn -1.000000 0.000000 0.000000
vn 0.000000 0.000000 -1.000000
vn 0.000000 0.000000 -1.000000
vn 0.000000 0.000000 -1.000000
vn 0.000000 0.000000 -1.000000
vn 0.000000 0.000000 1.000000
vn 0.000000 0.000000 1.000000
vn 0.000000 0.000000 1.000000
vn 0.000000 0.000000 1.000000
vn -1.000000 0.000000 0.000000
vn -1.000000 0.000000 0.000000
vn -1.000000 0.000000 0.000000
vn -1.000000 0.000000 0.000000
vn 1.000000 0.000000 0.000000
vn 1.000000 0.000000 0.000000
vn 1.000000 0.000000 0.000000
vn 1.000000 0.000000 0.000000
vn -1.000000 0.000000 0.000000
vn -1.000000 0.000000 0.000000
vn 0.000000 0.000000 -1.000000
vn 0.000000 0.000000 -1.000000
vn 1.000000 0.000000 0.000000
vn 1.000000 0.000000 0.000000
vn 0.000000 0.000000 1.000000
vn 0.000000 0.000000 1.000000
vn -1.000000 0.000000 0.000000
vn -1.000000 0.000000 0.000000
vn 0.000000 0.000000 -1.000000
vn 0.000000 0.000000 -1.000000
vn 1.000000 0.000000 0.000000
vn 1.000000 0.000000 0.000000
vn 0.000000 0.000000 1.000000
vn 0.000000 0.000000 1.000000
vn 0.000000 0.000000 1.000000
vn 0.000000 0.000000 1.000000
vn 0.000000 0.000000 1.000000
vn 0.000000 0.000000 1.000000
vn 0.000000 0.000000 1.000000
vn 0.000000 0.000000 1.000000
vn 0.000000 0.000000 1.000000
vn 0.000000 0.000000 1.000000
vn 0.000000 1.000000 0.000001
vn 0.000000 1.000000 0.000001
vn 0.000000 1.000000 0.000000
vn 0.000000 1.000000 0.000000
vn 0.000000 0.000000 -1.000000
vn 0.000000 0.000000 -1.000000
vn 0.000000 0.000000 -1.000000
vn 0.000000 0.000000 -1.000000
vn 0.000000 0.000000 -1.000000
vn 0.000000 0.000000 -1.000000
vn 0.000000 1.000000 0.000000
vn 0.000000 1.000000 0.000000
vn 0.000000 0.000000 1.000000
vn 0.000000 0.000000 1.000000
vn 0.000000 0.000000 1.000000
vn 0.000000 0.000000 1.000000
vn 0.000000 0.000000 -1.000000
vn 0.000000 0.000000 -1.000000
vn 0.000000 0.000000 -1.000000
vn 0.000000 0.000000 -1.000000
vn 0.000000 1.000000 -0.000001
vn 0.000000 1.000000 -0.000001
vn 0.000000 1.000000 0.000000
vn 0.000000 1.000000 -0.000000
vn 0.000000 0.000000 1.000000
vn 0.000000 0.000000 1.000000
vn 0.000000 0.000000 1.000000
vn 0.000000 0.000000 1.000000
vn 0.000000 0.000000 1.000000
vn 0.000000 0.000000 1.000000
vn 0.000000 0.000000 1.000000
vn 0.000000 0.000000 1.000000
vn 0.000000 0.000000 -1.000000
vn 0.000000 0.000000 -1.000000
vn 0.000000 1.000000 0.000000
vn 0.000000 1.000000 0.000000
vn 0.000000 0.000000 1.000000
vn 0.000000 0.000000 1.000000
vn 0.000000 0.000000 1.000000
vn 0.000000 0.000000 1.000000
vn -1.000000 0.000000 0.000000
vn -1.000000 0.000000 0.000000
vn -1.000000 0.000000 0.000000
vn -1.000000 0.000000 0.000000
vn 0.000000 0.000000 1.000000
vn 0.000000 0.000000 1.000000
vn 0.000000 0.000000 1.000000
vn 0.000000 0.000000 1.000000
vn 1.000000 0.000000 0.000000
vn 1.000000 0.000000 0.000000
vn 1.000000 0.000000 0.000000
vn 1.000000 0.000000 0.000000
vn 0.000000 0.000000 -1.000000
vn 0.000000 0.000000 -1.000000
vn 0.000000 0.000000 -1.000000
vn 0.000000 0.000000 -1.000000
vn 0.000000 0.000000 -1.000000
vn 0.000000 0.000000 -1.000000
vn 0.000000 0.000000 -1.000000
vn 0.000000 0.000000 -1.000000
vn 0.000000 0.000000 -1.000000
vn 0.000000 0.000000 -1.000000
vn 0.000000 0.000000 -1.000000
vn 0.000000 0.000000 -1.000000
vn 0.000000 0.000000 -1.000000
vn 0.000000 0.000000 -1.000000
vn 0.000000 0.000000 -1.000000
vn 0.000000 0.000000 -1.000000
vn 0.994807 0.000000 0.101781
vn 0.994807 0.000000 0.101781
vn 0.994807 0.000000 0.101781
vn 0.994807 0.000000 0.101781
vn -0.000000 1.000000 0.000069
vn -0.000000 1.000000 0.000069
vn -0.000000 1.000000 0.000069
vn -0.000000 1.000000 0.000069
vn -0.998193 0.000000 0.060094
vn -0.998193 0.000000 0.060094
vn -0.998193 0.000000 0.060094
vn -0.998193 0.000000 0.060094
vn 0.000000 -0.998173 -0.060420
vn 0.000000 -0.998173 -0.060420
vn 0.000000 -0.998173 -0.060420
vn 0.000000 -0.998173 -0.060420
vn 0.000000 1.000000 0.000069
vn 0.000000 1.000000 0.000069
vn 0.000000 1.000000 0.000069
vn 0.000000 1.000000 0.000069
vn -0.999948 0.000000 0.010162
vn -0.999948 0.000000 0.010162
vn -0.999948 0.000000 0.010162
vn -0.999948 0.000000 0.010162
vn 0.000000 -0.998173 -0.060421
vn 0.000000 -0.998173 -0.060421
vn 0.000000 -0.998173 -0.060421
vn 0.000000 -0.998173 -0.060421
vn 0.991495 0.000000 -0.130142
vn 0.991495 0.000000 -0.130142
vn 0.991495 0.000000 -0.130142
vn 0.991495 0.000000 -0.130142
vn 0.000000 1.000000 0.000000
vn 0.000000 1.000000 0.000000
vn 0.000000 1.000000 0.000000
vn 0.000000 1.000000 0.000000
vn 0.000000 1.000000 0.000000
vn 0.000000 1.000000 0.000000
vn 0.000000 1.000000 0.000000
vn 0.000000 1.000000 0.000000
vn 0.000000 1.000000 0.000000
vn 0.000000 1.000000 0.000000
vn 0.000000 1.000000 0.000000
vn 0.000000 1.000000 0.000000
vn 0.000000 1.000000 0.000000
vn 0.000000 1.000000 0.000000
vn 0.998535 0.000000 0.054119
vn 0.998535 0.000000 0.054119
vn 0.998535 0.000000 0.054119
vn 0.998535 0.000000 0.054119
vn 0.998535 0.000000 0.054119
vn 0.998535 0.000000 0.054119
vn 0.998535 0.000000 0.054119
vn 0.998535 0.000000 0.054119
vn 0.998535 0.000000 0.054119
vn 0.998535 0.000000 0.054120
vn 0.998535 0.000000 0.054120
vn 0.998535 0.000000 0.054119
vn 0.000000 -1.000000 -0.000000
vn 0.000000 -1.000000 -0.000000
vn 0.000000 -1.000000 -0.000000
vn 0.000000 -1.000000 -0.000000
vn -0.958253 0.000000 0.285922
vn -0.958253 0.000000 0.285922
vn -0.958253 0.000000 0.285921
vn -0.958253 0.000000 0.285922
vn -0.958253 0.000000 0.285922
vn -0.958253 0.000000 0.285922
vn -0.958253 0.000000 0.285922
vn -0.958253 0.000000 0.285922
vn -0.958253 0.000000 0.285920
vn -0.958254 0.000000 0.285920
vn -0.958254 0.000000 0.285920
vn -0.958254 0.000000 0.285920
vn 1.000000 0.000000 0.000000
vn 1.000000 0.000000 0.000000
vn 1.000000 0.000000 0.000000
vn 1.000000 0.000000 0.000000
vn 1.000000 0.000000 0.000000
vn 1.000000 0.000000 0.000000
vn 1.000000 0.000000 0.000000
vn 1.000000 0.000000 0.000000
vn -0.000000 1.000000 0.000000
vn -0.000000 1.000000 0.000000
vn -0.000000 1.000000 0.000000
vn -0.000000 1.000000 0.000000
vn -1.000000 0.000000 0.000000
vn -1.000000 0.000000 0.000000
vn -1.000000 0.000000 0.000000
vn -1.000000 0.000000 0.000000
vn -1.000000 0.000000 0.000000
vn -1.000000 0.000000 0.000000
vn -1.000000 0.000000 0.000000
vn -1.000000 0.000000 0.000000
vn 0.343605 0.000000 0.939114
vn 0.343605 0.000000 0.939114
vn 0.343605 0.000000 0.939114
vn 0.343605 0.000000 0.939114
vn 0.343605 0.000000 0.939114
vn 0.343605 0.000000 0.939114
vn 0.343605 0.000000 0.939114
vn 0.343605 0.000000 0.939114
vn 0.343603 0.000000 0.939115
vn 0.343603 0.000000 0.939115
vn 0.343603 0.000000 0.939115
vn 0.343603 0.000000 0.939115
vn 0.000000 -1.000000 0.000000
vn 0.000000 -1.000000 0.000000
vn 0.000000 -1.000000 0.000000
vn 0.000000 -1.000000 0.000000
vn 0.264630 0.000000 -0.964350
vn 0.264630 0.000000 -0.964350
vn 0.264630 0.000000 -0.964350
vn 0.264630 0.000000 -0.964350
vn 0.264630 0.000000 -0.964350
vn 0.264629 0.000000 -0.964350
vn 0.264629 0.000000 -0.964350
vn 0.264630 0.000000 -0.964350
vn 0.264632 0.000000 -0.964350
vn 0.264632 0.000000 -0.964350
vn 0.264632 0.000000 -0.964350
vn 0.264632 0.000000 -0.964350
vn -0.000000 1.000000 0.000000
vn -0.000000 1.000000 0.000000
vn -0.000000 1.000000 0.000000
vn -0.000000 1.000000 0.000000
vn 0.000000 1.000000 0.000000
vn 0.000000 1.000000 0.000000
vn -1.000000 0.000000 0.000000
vn -1.000000 0.000000 0.000000
vn -1.000000 0.000000 0.000000
vn -1.000000 0.000000 0.000000
vn -1.000000 0.000000 0.000000
vn -1.000000 0.000000 0.000000
vn -1.000000 0.000000 0.000000
vn -1.000000 0.000000 0.000000
vn 0.000000 1.000000 0.000000
vn 0.000000 1.000000 0.000000
vn 1.000000 0.000000 0.000000
vn 1.000000 0.000000 0.000000
vn 1.000000 0.000000 0.000000
vn 1.000000 0.000000 0.000000
vn 1.000000 0.000000 0.000000
vn 1.000000 0.000000 0.000000
vn 1.000000 0.000000 0.000000
vn 1.000000 0.000000 0.000000
vn -0.343627 0.000000 -0.939106
vn -0.343627 0.000000 -0.939106
vn -0.343627 0.000000 -0.939106
vn -0.343627 0.000000 -0.939106
vn -0.343628 0.000000 -0.939106
vn -0.343628 0.000000 -0.939106
vn -0.343628 0.000000 -0.939106
vn -0.343628 0.000000 -0.939106
vn -0.343628 0.000000 -0.939106
vn -0.343628 0.000000 -0.939106
vn -0.343628 0.000000 -0.939106
vn -0.343627 0.000000 -0.939106
vn 0.000000 -1.000000 0.000000
vn 0.000000 -1.000000 0.000000
vn 0.000000 -1.000000 0.000000
vn 0.000000 -1.000000 0.000000
vn -0.179963 0.000000 0.983673
vn -0.179963 0.000000 0.983673
vn -0.179963 0.000000 0.983673
vn -0.179963 0.000000 0.983673
vn -0.179963 0.000000 0.983673
vn -0.179963 0.000000 0.983674
vn -0.179963 0.000000 0.983674
vn -0.179963 0.000000 0.983673
vn -0.179962 0.000000 0.983674
vn -0.179962 0.000000 0.983674
vn -0.179962 0.000000 0.983674
vn -0.179962 0.000000 0.983674
vn 0.000000 0.000000 1.000000
vn 0.000000 0.000000 1.000000
vn 0.000000 0.000000 1.000000
vn 0.000000 0.000000 1.000000
vn 0.000000 1.000000 0.000000
vn 0.000000 1.000000 0.000000
vn 0.000000 1.000000 0.000000
vn 0.000000 1.000000 0.000000
vn 0.000000 0.000000 -1.000000
vn 0.000000 0.000000 -1.000000
vn 0.000000 0.000000 -1.000000
vn 0.000000 0.000000 -1.000000
vn 0.000000 -1.000000 0.000000
vn 0.000000 -1.000000 0.000000
vn 0.000000 -1.000000 0.000000
vn 0.000000 -1.000000 0.000000
vn 1.000000 0.000000 0.000000
vn 1.000000 0.000000 0.000000
vn 1.000000 0.000000 0.000000
vn 1.000000 0.000000 0.000000
vn -1.000000 0.000004 0.000000
vn -1.000000 0.000004 0.000000
vn -1.000000 0.000000 0.000000
vn -1.000000 0.000000 0.000000
vn 0.000000 1.000000 -0.000002
vn 0.000000 1.000000 -0.000000
vn 0.000000 1.000000 0.000002
vn 0.000000 1.000000 -0.000002
vn 0.000000 1.000000 0.000000
vn 0.000000 1.000000 0.000000
vn 0.000000 1.000000 0.000000
vn 0.000000 1.000000 0.000000
vn 0.000000 1.000000 -0.000002
vn 0.000000 1.000000 0.000000
vn 0.000000 1.000000 0.000003
vn 0.000000 1.000000 0.000003
vn 0.000000 1.000000 0.000000
vn 0.000000 1.000000 0.000000
vn 0.000000 1.000000 0.000000
vn 0.000000 1.000000 0.000000
vn 0.000000 0.000000 1.000000
vn 0.000000 0.000000 1.000000
vn 0.000000 0.000000 1.000000
vn 0.000000 0.000000 1.000000
vn 0.000000 0.000000 -1.000000
vn 0.000000 0.000000 -1.000000
vn 0.000000 0.000000 -1.000000
vn 0.000000 0.000000 -1.000000
vn 1.000000 0.000000 0.000000
vn 1.000000 0.000000 0.000000
vn 1.000000 0.000000 0.000000
vn 1.000000 0.000000 0.000000
vn -1.000000 0.000000 0.000000
vn -1.000000 0.000000 0.000000
vn -1.000000 0.000000 0.000000
vn -1.000000 0.000000 0.000000
vn 0.000000 0.000000 -1.000000
vn 0.000000 0.000000 -1.000000
vn 0.000000 0.000000 -1.000000
vn 0.000000 0.000000 -1.000000
vn 0.000000 0.000000 1.000000
vn -0.000000 0.000000 1.000000
vn -0.000000 0.000000 1.000000
vn 0.000000 0.000000 1.000000
vn -1.000000 0.000000 0.000000
vn -1.000000 0.000000 0.000000
vn -1.000000 0.000000 0.000000
vn -1.000000 0.000000 0.000000
vn 1.000000 0.000000 0.000000
vn 1.000000 0.000000 0.000000
vn 1.000000 0.000000 0.000000
vn 1.000000 0.000000 0.000000
vn 0.000000 -0.999966 -0.008306
vn 0.000000 -0.999966 -0.008306
vn 0.000000 -0.999966 -0.008306
vn 0.000000 -0.999966 -0.008306
vn 0.000000 0.999966 -0.008305
vn 0.000000 0.999966 -0.008305
vn 0.000000 0.999966 -0.008305
vn 0.000000 0.999966 -0.008305
vn 0.000000 0.999684 0.025145
vn 0.000000 0.999684 0.025145
vn 0.000000 0.999684 0.025145
vn 0.000000 0.999684 0.025145
vn 0.000000 -0.999684 0.025146
vn 0.000000 -0.999684 0.025146
vn 0.000000 -0.999684 0.025146
vn 0.000000 -0.999684 0.025146
vn -0.025076 -0.999686 0.000000
vn -0.025076 -0.999686 0.000000
vn -0.025076 -0.999686 0.000000
vn -0.025076 -0.999686 0.000000
vn -0.025075 0.999686 0.000000
vn -0.025075 0.999686 0.000000
vn -0.025075 0.999686 0.000000
vn -0.025075 0.999686 0.000000
vn 0.025076 -0.999686 0.000000
vn 0.025076 -0.999686 0.000000
vn 0.025076 -0.999686 0.000000
vn 0.025076 -0.999686 0.000000
vn 0.025075 0.999686 0.000000
vn 0.025074 0.999686 0.000000
vn 0.025075 0.999686 0.000000
vn 0.025075 0.999686 0.000000
vn -1.000000 0.000000 0.000000
vn -1.000000 0.000000 0.000000
vn 0.000000 0.000000 -1.000000
vn 0.000000 0.000000 -1.000000
vn 1.000000 0.000000 0.000000
vn 1.000000 0.000000 0.000000
vn 0.000000 0.000000 1.000000
vn 0.000000 0.000000 1.000000
vn -1.000000 0.000000 0.000000
vn -1.000000 0.000000 0.000000
vn 0.000000 0.000000 -1.000000
vn 0.000000 0.000000 -1.000000
vn 1.000000 0.000000 0.000000
vn 1.000000 0.000000 0.000000
vn 0.000000 0.000000 1.000000
vn 0.000000 0.000000 1.000000
vn 0.000000 -0.999966 -0.008305
vn 0.000000 -0.999966 -0.008305
vn 0.000000 -0.999966 -0.008305
vn 0.000000 -0.999966 -0.008305
vn 0.000000 0.000000 1.000000
vn 0.000000 0.000000 1.000000
vn 0.000000 0.000000 1.000000
vn 0.000000 0.000000 1.000000
vn 0.000000 0.999966 -0.008305
vn 0.000000 0.999966 -0.008305
vn 0.000000 0.999966 -0.008305
vn 0.000000 0.999966 -0.008305
vn 0.000000 0.000000 1.000000
vn 0.000000 0.000000 1.000000
vn 0.000000 0.000000 1.000000
vn 0.000000 0.000000 1.000000
vn 0.000000 0.000000 1.000000
vn 0.000000 0.000000 1.000000
vn 0.000000 0.000000 1.000000
vn 0.000000 0.000000 1.000000
vn 0.000000 1.000000 0.000000
vn 0.000000 1.000000 0.000000
vn 0.000000 1.000000 0.000000
vn 0.000000 1.000000 0.000000
vn 0.000000 0.000000 -1.000000
vn 0.000000 0.000000 -1.000000
vn -0.000000 0.000000 -1.000000
vn -0.000000 0.000000 -1.000000
vn 0.000000 1.000000 0.000000
vn 0.000000 1.000000 0.000000
vn 0.000000 1.000000 0.000000
vn 0.000000 1.000000 0.000000
vn 0.000000 0.000000 1.000000
vn 0.000000 0.000000 1.000000
vn 0.000000 0.000000 1.000000
vn 0.000000 0.000000 1.000000
vn 0.000000 1.000000 -0.000001
vn 0.000000 1.000000 -0.000000
vn 0.000000 1.000000 -0.000000
vn 0.000000 1.000000 -0.000001
vn 0.000000 0.000000 -1.000000
vn 0.000000 0.000000 -1.000000
vn 0.000000 0.000000 -1.000000
vn 0.000000 0.000000 -1.000000
vn 0.000000 0.000000 -1.000000
vn 0.000000 0.000000 -1.000000
vn 0.000000 0.000000 -1.000000
vn 0.000000 0.000000 -1.000000
vn 0.000000 0.999684 0.025145
vn 0.000000 0.999684 0.025144
vn 0.000000 0.999684 0.025145
vn 0.000000 0.999684 0.025145
vn 0.000000 0.000000 -1.000000
vn 0.000000 0.000000 -1.000000
vn 0.000000 0.000000 -1.000000
vn 0.000000 0.000000 -1.000000
vn 0.000000 -0.999684 0.025146
vn 0.000000 -0.999684 0.025146
vn 0.000000 -0.999684 0.025146
vn 0.000000 -0.999684 0.025146
vn 0.000000 -1.000000 0.000000
vn 0.000000 -1.000000 0.000000
vn 0.000000 -1.000000 0.000000
vn 0.000000 -1.000000 0.000000
vn 0.000000 0.000000 1.000000
vn 0.000000 0.000000 1.000000
vn 0.000000 0.999966 -0.008305
vn 0.000000 0.999966 -0.008305
vn 0.000000 0.000000 1.000000
vn 0.000000 0.000000 1.000000
vn 0.000000 -0.999966 -0.008305
vn 0.000000 -0.999966 -0.008306
vn 0.000000 -1.000000 0.000000
vn 0.000000 -1.000000 0.000000
vn 0.000000 -0.999684 0.025145
vn 0.000000 -0.999684 0.025146
vn 0.000000 0.000000 -1.000000
vn 0.000000 0.000000 -1.000000
vn 0.000000 0.999684 0.025144
vn 0.000000 0.999684 0.025145
vn 0.000000 0.000000 -1.000000
vn 0.000000 0.000000 -1.000000
vn 0.000000 0.000000 -1.000000
vn 0.000000 0.000000 -1.000000
vn 0.000000 1.000000 0.000000
vn 0.000000 1.000000 0.000000
vn 0.000000 0.000000 1.000000
vn 0.000000 0.000000 1.000000
vn 0.000000 1.000000 0.000000
vn 0.000000 1.000000 0.000000
vn 0.000000 0.000000 -1.000000
vn 0.000000 0.000000 -1.000000
vn 0.000000 1.000000 0.000000
vn 0.000000 1.000000 0.000000
vn 0.000000 0.000000 1.000000
vn 0.000000 0.000000 1.000000
vn 0.000000 -0.999966 -0.008306
vn 0.000000 -0.999966 -0.008306
vn 0.000000 0.000000 1.000000
vn 0.000000 0.000000 1.000000
vn 0.000000 0.999966 -0.008305
vn 0.000000 0.999966 -0.008305
vn 0.000000 0.000000 1.000000
vn 0.000000 0.000000 1.000000
vn 0.000000 0.000000 1.000000
vn 0.000000 0.000000 1.000000
vn 0.000000 1.000000 -0.000001
vn 0.000000 1.000000 -0.000001
vn 0.000000 0.000000 -1.000000
vn 0.000000 0.000000 -1.000000
vn 0.000000 1.000000 0.000000
vn 0.000000 1.000000 0.000000
vn 0.000000 0.000000 1.000000
vn 0.000000 0.000000 1.000000
vn 0.000000 1.000000 0.000001
vn 0.000000 1.000000 0.000001
vn 0.000000 0.000000 -1.000000
vn 0.000000 0.000000 -1.000000
vn 0.000000 0.000000 -1.000000
vn 0.000000 0.000000 -1.000000
vn -0.000000 0.999684 0.025145
vn -0.000000 0.999684 0.025145
vn 0.000000 0.000000 -1.000000
vn 0.000000 0.000000 -1.000000
vn -0.000000 -0.999684 0.025146
vn -0.000000 -0.999684 0.025146
vn 0.000000 -1.000000 0.000000
vn 0.000000 -1.000000 0.000000
vn 0.000000 0.000000 1.000000
vn 0.000000 0.000000 1.000000
vn 0.000000 0.999966 -0.008305
vn 0.000000 0.999966 -0.008305
vn 0.000000 0.000000 1.000000
vn 0.000000 0.000000 1.000000
vn 0.000000 -0.999966 -0.008306
vn 0.000000 -0.999966 -0.008306
vn 0.000000 -1.000000 0.000000
vn 0.000000 -1.000000 0.000000
vn 0.000000 -0.999684 0.025146
vn 0.000000 -0.999684 0.025146
vn -0.000000 0.000000 -1.000000
vn -0.000000 0.000000 -1.000000
vn 0.000000 0.999684 0.025145
vn 0.000000 0.999684 0.025145
vn 0.000000 0.000000 -1.000000
vn 0.000000 0.000000 -1.000000
vn 0.000000 0.000000 -1.000000
vn 0.000000 0.000000 -1.000000
vn 0.000000 1.000000 -0.000001
vn 0.000000 1.000000 -0.000002
vn -0.000000 0.000000 1.000000
vn -0.000000 0.000000 1.000000
vn 0.000000 1.000000 0.000000
vn 0.000000 1.000000 0.000000
vn 0.000000 0.000000 -1.000000
vn 0.000000 0.000000 -1.000000
vn 0.000000 1.000000 0.000002
vn 0.000000 1.000000 0.000001
vn 0.000000 0.000000 1.000000
vn 0.000000 0.000000 1.000000
vn 0.000000 0.000000 1.000000
vn 0.000000 0.000000 1.000000
vn 0.000000 0.999966 -0.008305
vn 0.000000 0.999966 -0.008305
vn 0.000000 0.000000 1.000000
vn 0.000000 0.000000 1.000000
vn 0.000000 -0.999966 -0.008305
vn 0.000000 -0.999966 -0.008305
vn 0.000000 -1.000000 0.000000
vn 0.000000 -1.000000 0.000000
vn 0.000000 -0.999684 0.025146
vn -0.000000 -0.999684 0.025146
vn 0.000000 0.000000 -1.000000
vn 0.000000 0.000000 -1.000000
vn -0.000000 0.999684 0.025145
vn 0.000000 0.999684 0.025145
vn 0.000000 0.000000 -1.000000
vn 0.000000 0.000000 -1.000000
vn 0.000000 0.000000 -1.000000
vn 0.000000 0.000000 -1.000000
vn 0.000000 1.000000 0.000001
vn 0.000000 1.000000 0.000001
vn 0.000000 0.000000 1.000000
vn 0.000000 0.000000 1.000000
vn 0.000000 1.000000 0.000000
vn 0.000000 1.000000 0.000000
vn 0.000000 0.000000 -1.000000
vn 0.000000 0.000000 -1.000000
vn 0.000000 1.000000 -0.000001
vn 0.000000 1.000000 -0.000001
vn 0.000000 0.000000 1.000000
vn 0.000000 0.000000 1.000000
vn 0.000000 0.000000 1.000000
vn 0.000000 0.000000 1.000000
vn 0.000000 0.000000 1.000000
vn 0.000000 0.000000 1.000000
vn -1.000000 0.000000 0.000000
vn -1.000000 0.000000 0.000000
vn -1.000000 0.000000 0.000000
vn -1.000000 0.000000 0.000000
vn 0.000000 0.000000 1.000000
vn 0.000000 0.000000 1.000000
vn 0.000000 0.000000 1.000000
vn 0.000000 0.000000 1.000000
vn 0.000000 0.000000 1.000000
vn 0.000000 0.000000 1.000000
vn 0.000000 0.000000 1.000000
vn 0.000000 0.000000 1.000000
vn 0.000000 0.000000 1.000000
vn 0.000000 0.000000 1.000000
vn -0.000000 0.000000 1.000000
vn -0.000000 0.000000 1.000000
vn -0.000000 0.000000 1.000000
vn -0.000000 0.000000 1.000000
vn 0.000000 0.000000 1.000000
vn 0.000001 0.000000 1.000000
vn 1.000000 0.000000 0.000000
vn 1.000000 0.000000 0.000000
vn 1.000000 0.000000 0.000000
vn 1.000000 0.000000 0.000000
vn 0.000000 0.000000 -1.000000
vn 0.000000 0.000000 -1.000000
vn 0.000000 0.000000 -1.000000
vn 0.000000 0.000000 -1.000000
vn -0.000000 0.000000 -1.000000
vn -0.000000 0.000000 -1.000000
vn -0.000000 0.000000 -1.000000
vn -0.000000 0.000000 -1.000000
vn 0.000000 0.000000 -1.000000
vn 0.000000 0.000000 -1.000000
vn 0.000000 0.000000 -1.000000
vn 0.000000 0.000000 -1.000000
vn 0.000000 0.000000 -1.000000
vn -0.000000 0.000000 -1.000000
vn -0.000000 0.000000 -1.000000
vn 0.000000 0.000000 -1.000000
vn 0.000000 1.000000 -0.000001
vn 0.000000 1.000000 -0.000001
vn 0.000000 1.000000 -0.000001
vn 0.000000 1.000000 -0.000001
vn -0.978570 0.000000 0.205916
vn -0.978570 0.000000 0.205916
vn -0.978570 0.000000 0.205916
vn -0.978570 0.000000 0.205916
vn 0.000000 -0.964253 0.264982
vn 0.000000 -0.964253 0.264982
vn 0.000000 -0.964253 0.264982
vn 0.000000 -0.964253 0.264982
vn 0.982574 0.000000 0.185872
vn 0.982574 0.000000 0.185872
vn 0.982574 0.000000 0.185872
vn 0.982574 0.000000 0.185872
vn 0.999358 0.000000 0.035839
vn 0.999358 0.000000 0.035839
vn 0.999358 0.000000 0.035839
vn 0.999358 0.000000 0.035839
vn 0.000000 1.000000 -0.000001
vn 0.000000 1.000000 -0.000001
vn 0.000000 1.000000 -0.000001
vn 0.000000 1.000000 -0.000001
vn -0.996796 0.000000 0.079986
vn -0.996796 0.000000 0.079986
vn -0.996796 0.000000 0.079986
vn -0.996796 0.000000 0.079986
vn 0.000000 -0.991479 0.130270
vn 0.000000 -0.991479 0.130270
vn 0.000000 -0.991479 0.130270
vn 0.000000 -0.991479 0.130270
vn 0.994399 0.000000 0.105693
vn 0.994399 0.000000 0.105693
vn 0.994399 0.000000 0.105693
vn 0.994399 0.000000 0.105693
vn 0.000000 1.000000 0.000000
vn 0.000000 1.000000 0.000000
vn 0.000000 1.000000 0.000000
vn 0.000000 1.000000 0.000000
vn -0.875292 0.000000 -0.483595
vn -0.875292 0.000000 -0.483595
vn -0.875292 0.000000 -0.483595
vn -0.875292 0.000000 -0.483595
vn 0.000000 -0.987206 0.159450
vn 0.000000 -0.987206 0.159450
vn 0.000000 -0.987206 0.159450
vn 0.000000 -0.987206 0.159450
vn 0.025074 0.999686 0.000000
vn 0.025074 0.999686 0.000000
vn 0.025074 0.999686 0.000000
vn 0.025074 0.999686 0.000000
vn -1.000000 -0.000013 0.000000
vn -1.000000 -0.000004 0.000000
vn -1.000000 -0.000004 0.000000
vn -1.000000 -0.000013 0.000000
vn 0.025076 -0.999686 0.000000
vn 0.025076 -0.999686 0.000000
vn 0.025076 -0.999686 0.000000
vn 0.025076 -0.999686 0.000000
vn 0.000000 -1.000000 0.000000
vn 0.000000 -1.000000 0.000000
vn 0.000000 -1.000000 0.000000
vn 0.000000 -1.000000 0.000000
vn 0.000000 -1.000000 0.000000
vn 0.000000 -1.000000 0.000000
vn 0.000000 -1.000000 0.000000
vn 0.000000 -1.000000 0.000000
vn 0.000000 -1.000000 0.000000
vn 0.000000 -1.000000 0.000000
vn 0.000000 -1.000000 0.000000
vn 0.000000 -1.000000 0.000000
vn 0.000000 -1.000000 0.000000
vn 0.000000 -1.000000 0.000000
vn 0.000000 -1.000000 0.000000
vn 0.000000 -1.000000 0.000000
vn -0.025076 -0.999686 0.000000
vn -0.025076 -0.999686 0.000000
vn -0.025076 -0.999686 0.000000
vn -0.025076 -0.999686 0.000000
vn 1.000000 -0.000008 0.000000
vn 1.000000 -0.000008 0.000000
vn 1.000000 -0.000013 0.000000
vn 1.000000 -0.000013 0.000000
vn -0.025075 0.999686 0.000000
vn -0.025075 0.999686 0.000000
vn -0.025075 0.999686 0.000000
vn -0.025075 0.999686 0.000000
vn 1.000000 0.000000 0.000000
vn 1.000000 0.000000 0.000000
vn 1.000000 0.000000 0.000000
vn 1.000000 0.000000 0.000000
vn 1.000000 0.000000 0.000000
vn 1.000000 0.000000 0.000000
vn 1.000000 0.000000 0.000000
vn 1.000000 0.000000 0.000000
vn 0.000000 1.000000 0.000000
vn 0.000000 1.000000 0.000000
vn 0.000000 1.000000 0.000000
vn 0.000000 1.000000 0.000000
vn -1.000000 0.000000 0.000000
vn -1.000000 0.000000 0.000000
vn -1.000000 0.000000 0.000000
vn -1.000000 0.000000 0.000000
vn -1.000000 0.000000 0.000000
vn -1.000000 0.000000 0.000000
vn -1.000000 0.000000 0.000000
vn -1.000000 0.000000 0.000000
vn 0.000000 1.000000 0.000000
vn 0.000000 1.000000 0.000000
vn 0.000000 1.000000 0.000000
vn 0.000000 1.000000 0.000000
vn 0.000000 1.000000 0.000000
vn 0.000000 1.000000 0.000000
vn 0.000000 1.000000 0.000000
vn 0.000000 1.000000 0.000000
vn 0.000000 1.000000 0.000000
vn 0.000000 1.000000 0.000000
vn 0.000000 1.000000 0.000000
vn 0.000000 1.000000 0.000000
vn 0.000000 1.000000 0.000000
vn 0.000000 1.000000 0.000000
vn 0.000000 1.000000 0.000000
vn 0.000000 1.000000 0.000000
vn 1.000000 0.000000 0.000000
vn 1.000000 0.000000 0.000000
vn 1.000000 0.000000 0.000000
vn 1.000000 0.000000 0.000000
vn 1.000000 0.000000 0.000000
vn 1.000000 0.000000 0.000000
vn 1.000000 0.000000 0.000000
vn 1.000000 0.000000 0.000000
vn 0.000000 1.000000 0.000000
vn 0.000000 1.000000 0.000000
vn 0.000000 1.000000 0.000000
vn 0.000000 1.000000 0.000000
vn -1.000000 0.000000 0.000000
vn -1.000000 0.000000 0.000000
vn -1.000000 0.000000 0.000000
vn -1.000000 0.000000 0.000000
vn -1.000000 0.000000 0.000000
vn -1.000000 0.000000 0.000000
vn -1.000000 0.000000 0.000000
vn -1.000000 0.000000 0.000000
vn 0.179960 0.000000 0.983674
vn 0.179960 0.000000 0.983674
vn 0.179960 0.000000 0.983674
vn 0.179960 0.000000 0.983674
vn 0.179960 0.000000 0.983674
vn 0.179960 0.000000 0.983674
vn 0.179960 0.000000 0.983674
vn 0.179960 0.000000 0.983674
vn 0.000000 -1.000000 0.000000
vn 0.000000 -1.000000 0.000000
vn 0.000000 -1.000000 0.000000
vn 0.000000 -1.000000 0.000000
vn 0.248116 -0.000001 -0.968730
vn 0.248116 -0.000001 -0.968730
vn 0.248116 -0.000001 -0.968730
vn 0.248116 -0.000001 -0.968730
vn 0.248121 0.000000 -0.968729
vn 0.248121 0.000000 -0.968729
vn 0.248121 0.000000 -0.968729
vn 0.248121 0.000000 -0.968729
vn 0.248113 0.000002 -0.968731
vn 0.248113 0.000002 -0.968731
vn 0.248113 0.000002 -0.968731
vn 0.248113 0.000002 -0.968731
vn 0.000000 1.000000 0.000000
vn 0.000000 1.000000 0.000000
vn 0.000000 1.000000 0.000000
vn 0.000000 1.000000 0.000000
vn 0.179960 0.000000 0.983674
vn 0.179960 0.000000 0.983674
vn 0.179960 0.000000 0.983674
vn 0.179960 0.000000 0.983674
vn -0.967846 0.000000 0.251542
vn -0.967846 0.000000 0.251542
vn -0.967846 0.000000 0.251542
vn -0.967846 0.000000 0.251542
vn 0.000000 -1.000000 0.000000
vn 0.000000 -1.000000 0.000000
vn 0.000000 -1.000000 0.000000
vn 0.000000 -1.000000 0.000000
vn 0.967846 0.000000 0.251542
vn 0.967846 0.000000 0.251542
vn 0.967846 0.000000 0.251542
vn 0.967846 0.000000 0.251542
vn 0.000000 1.000000 -0.000000
vn 0.000000 1.000000 -0.000000
vn 0.000000 1.000000 -0.000000
vn 0.000000 1.000000 -0.000000
vn 0.000000 0.000000 1.000000
vn 0.000000 0.000000 1.000000
vn 0.000000 0.000000 1.000000
vn 0.000000 0.000000 1.000000
vn 0.000000 1.000000 0.000000
vn 0.000000 1.000000 0.000000
vn 0.000000 1.000000 0.000000
vn 0.000000 1.000000 0.000000
vn 0.000000 0.000000 -1.000000
vn 0.000000 0.000000 -1.000000
vn 0.000000 0.000000 -1.000000
vn 0.000000 0.000000 -1.000000
vn 0.000000 -1.000000 0.000000
vn 0.000000 -1.000000 0.000000
vn 0.000000 -1.000000 0.000000
vn 0.000000 -1.000000 0.000000
vn 1.000000 0.000000 0.000000
vn 1.000000 0.000000 0.000000
vn 1.000000 0.000000 0.000000
vn 1.000000 0.000000 0.000000
vn -1.000000 0.000000 0.000000
vn -1.000000 0.000000 0.000000
vn -1.000000 0.000000 0.000000
vn -1.000000 0.000000 0.000000
vn 0.000000 1.000000 0.000000
vn 0.000000 1.000000 0.000000
vn 0.000000 1.000000 0.000000
vn 0.000000 1.000000 0.000000
vn 0.000000 1.000000 0.000000
vn 0.000000 1.000000 0.000000
vn 0.000000 1.000000 0.000000
vn 0.000000 1.000000 0.000000
vn 0.000000 0.000000 1.000000
vn 0.000000 0.000000 1.000000
vn 0.000000 0.000000 1.000000
vn 0.000000 0.000000 1.000000
vn 0.000000 0.000000 1.000000
vn 0.000000 0.000000 1.000000
vn 0.000000 0.000000 -1.000000
vn 0.000000 0.000000 -1.000000
vn 0.000000 0.000000 -1.000000
vn 0.000000 0.000000 -1.000000
vn 0.000000 0.000000 -1.000000
vn 0.000000 0.000000 -1.000000
vn 1.000000 0.000000 0.000000
vn 1.000000 0.000000 0.000000
vn 1.000000 0.000000 0.000000
vn 1.000000 0.000000 0.000000
vn -1.000000 0.000000 0.000000
vn -1.000000 0.000000 0.000000
vn -1.000000 0.000000 0.000000
vn -1.000000 0.000000 0.000000
vn -0.000000 0.000000 -1.000000
vn -0.000000 0.000000 -1.000000
vn -0.000000 0.000000 -1.000000
vn -0.000000 0.000000 -1.000000
vn -0.000000 0.000000 -1.000000
vn -0.000000 0.000000 -1.000000
vn 0.000000 0.000000 1.000000
vn -0.000000 0.000000 1.000000
vn -0.000000 0.000000 1.000000
vn -0.000000 0.000000 1.000000
vn -0.000000 0.000000 1.000000
vn -0.000000 0.000000 1.000000
vn -0.749991 0.661448 0.000000
vn -0.749991 0.661448 0.000000
vn -0.749991 0.661448 0.000000
vn -0.749991 0.661448 0.000000
vn 0.755291 -0.655390 0.000000
vn 0.755291 -0.655389 0.000000
vn 0.755291 -0.655389 0.000000
vn 0.755291 -0.655390 0.000000
vn 0.000000 -0.999684 -0.025148
vn 0.000000 -0.999684 -0.025148
vn 0.000000 -0.999684 -0.025148
vn 0.000000 -0.999684 -0.025148
vn 0.000000 0.999684 -0.025146
vn 0.000000 0.999684 -0.025146
vn 0.000000 0.999684 -0.025145
vn 0.000000 0.999684 -0.025145
vn 0.000000 0.999684 0.025145
vn 0.000000 0.999684 0.025146
vn 0.000000 0.999684 0.025145
vn 0.000000 0.999684 0.025145
vn 0.000000 -0.999684 0.025148
vn 0.000000 -0.999684 0.025148
vn 0.000000 -0.999684 0.025148
vn 0.000000 -0.999684 0.025148
vn -0.025077 -0.999686 0.000000
vn -0.025077 -0.999686 0.000000
vn -0.025077 -0.999686 0.000000
vn -0.025077 -0.999686 0.000000
vn -0.025076 0.999686 0.000000
vn -0.025076 0.999686 0.000000
vn -0.025076 0.999686 0.000000
vn -0.025076 0.999686 0.000000
vn 0.025076 -0.999686 0.000000
vn 0.025076 -0.999686 0.000000
vn 0.025076 -0.999686 0.000000
vn 0.025076 -0.999686 0.000000
vn 0.025075 0.999686 0.000000
vn 0.025075 0.999686 0.000000
vn 0.025075 0.999686 0.000000
vn 0.025075 0.999686 0.000000
vn 1.000000 0.000000 0.000000
vn 1.000000 0.000000 0.000000
vn 1.000000 0.000000 0.000000
vn 1.000000 0.000000 0.000000
vn 0.000000 -0.999684 -0.025147
vn 0.000000 -0.999684 -0.025148
vn 0.000000 -0.999684 -0.025146
vn 0.000000 -0.999684 -0.025146
vn 0.000000 0.000000 1.000000
vn 0.000000 0.000000 1.000000
vn 0.000000 0.000000 1.000000
vn 0.000000 0.000000 1.000000
vn 0.000000 0.999684 -0.025146
vn 0.000000 0.999684 -0.025146
vn 0.000000 0.999684 -0.025146
vn 0.000000 0.999684 -0.025146
vn 0.000000 0.000000 1.000000
vn 0.000000 0.000000 1.000000
vn 0.000000 0.000000 1.000000
vn 0.000000 0.000000 1.000000
vn 0.000000 0.000000 1.000000
vn 0.000000 0.000000 1.000000
vn 0.000000 0.000000 1.000000
vn 0.000000 0.000000 1.000000
vn 0.000000 1.000000 0.000000
vn 0.000000 1.000000 0.000002
vn 0.000000 1.000000 0.000003
vn 0.000000 1.000000 0.000003
vn 0.000000 0.000000 -1.000000
vn 0.000000 0.000000 -1.000000
vn 0.000000 0.000000 -1.000000
vn 0.000000 0.000000 -1.000000
vn 0.000000 1.000000 0.000000
vn 0.000000 1.000000 0.000000
vn 0.000000 1.000000 0.000000
vn 0.000000 1.000000 0.000000
vn 0.000000 0.000000 1.000000
vn 0.000000 0.000000 1.000000
vn 0.000000 0.000000 1.000000
vn 0.000000 0.000000 1.000000
vn 0.000000 1.000000 -0.000003
vn 0.000000 1.000000 -0.000002
vn 0.000000 1.000000 -0.000000
vn 0.000000 1.000000 -0.000003
vn 0.000000 0.000000 -1.000000
vn 0.000000 0.000000 -1.000000
vn 0.000000 0.000000 -1.000000
vn 0.000000 0.000000 -1.000000
vn 0.000000 0.000000 -1.000000
vn 0.000000 0.000000 -1.000000
vn 0.000000 0.000000 -1.000000
vn 0.000000 0.000000 -1.000000
vn 0.000000 0.999684 0.025146
vn 0.000000 0.999684 0.025146
vn 0.000000 0.999684 0.025146
vn 0.000000 0.999684 0.025146
vn 0.000000 0.000000 -1.000000
vn 0.000000 0.000000 -1.000000
vn 0.000000 0.000000 -1.000000
vn 0.000000 0.000000 -1.000000
vn 0.000000 -0.999684 0.025147
vn 0.000000 -0.999684 0.025148
vn 0.000000 -0.999684 0.025147
vn 0.000000 -0.999684 0.025147
vn 0.000000 -1.000000 0.000000
vn 0.000000 -1.000000 0.000000
vn 0.000000 -1.000000 0.000000
vn 0.000000 -1.000000 0.000000
vn 0.000000 0.000000 1.000000
vn 0.000000 0.000000 1.000000
vn 0.000000 0.999684 -0.025145
vn 0.000000 0.999684 -0.025145
vn 0.000000 0.000000 1.000000
vn 0.000000 0.000000 1.000000
vn 0.000000 -0.999684 -0.025148
vn 0.000000 -0.999684 -0.025147
vn 0.000000 -1.000000 0.000000
vn 0.000000 -1.000000 0.000000
vn 0.000000 -0.999684 0.025147
vn 0.000000 -0.999684 0.025148
vn 0.000000 0.000000 -1.000000
vn 0.000000 0.000000 -1.000000
vn 0.000000 0.999684 0.025145
vn 0.000000 0.999684 0.025145
vn 0.000000 0.000000 -1.000000
vn 0.000000 0.000000 -1.000000
vn 0.000000 0.000000 -1.000000
vn 0.000000 0.000000 -1.000000
vn 0.000000 1.000000 0.000000
vn 0.000000 1.000000 0.000000
vn 0.000000 0.000000 1.000000
vn 0.000000 0.000000 1.000000
vn 0.000000 1.000000 0.000000
vn 0.000000 1.000000 0.000000
vn 0.000000 0.000000 -1.000000
vn 0.000000 0.000000 -1.000000
vn 0.000000 1.000000 0.000000
vn 0.000000 1.000000 0.000000
vn 0.000000 0.000000 1.000000
vn 0.000000 0.000000 1.000000
vn 0.000000 -0.999684 -0.025147
vn 0.000000 -0.999684 -0.025147
vn 0.000000 0.000000 1.000000
vn 0.000000 0.000000 1.000000
vn 0.000000 0.999684 -0.025146
vn 0.000000 0.999684 -0.025145
vn 0.000000 0.000000 1.000000
vn 0.000000 0.000000 1.000000
vn 0.000000 0.000000 1.000000
vn 0.000000 0.000000 1.000000
vn 0.000000 1.000000 0.000000
vn 0.000000 1.000000 0.000000
vn 0.000000 0.000000 -1.000000
vn 0.000000 0.000000 -1.000000
vn 0.000000 1.000000 0.000000
vn 0.000000 1.000000 0.000000
vn 0.000000 0.000000 1.000000
vn 0.000000 0.000000 1.000000
vn 0.000000 1.000000 0.000000
vn 0.000000 1.000000 0.000000
vn 0.000000 0.000000 -1.000000
vn 0.000000 0.000000 -1.000000
vn 0.000000 0.000000 -1.000000
vn 0.000000 0.000000 -1.000000
vn -0.000000 0.999684 0.025145
vn -0.000000 0.999684 0.025146
vn 0.000000 0.000000 -1.000000
vn 0.000000 0.000000 -1.000000
vn -0.000000 -0.999684 0.025147
vn -0.000000 -0.999684 0.025147
vn 0.000000 -1.000000 0.000000
vn 0.000000 -1.000000 0.000000
vn 0.000000 0.000000 1.000000
vn 0.000000 0.000000 1.000000
vn 0.000000 0.999684 -0.025145
vn 0.000000 0.999684 -0.025145
vn 0.000000 0.000000 1.000000
vn 0.000000 0.000000 1.000000
vn 0.000000 -0.999684 -0.025147
vn 0.000000 -0.999684 -0.025147
vn 0.000000 -1.000000 0.000000
vn 0.000000 -1.000000 0.000000
vn 0.000000 -0.999684 0.025147
vn 0.000000 -0.999684 0.025147
vn -0.000000 0.000000 -1.000000
vn -0.000000 0.000000 -1.000000
vn 0.000000 0.999684 0.025144
vn 0.000000 0.999684 0.025145
vn 0.000000 0.000000 -1.000000
vn 0.000000 0.000000 -1.000000
vn 0.000000 0.000000 -1.000000
vn 0.000000 0.000000 -1.000000
vn 0.000000 1.000000 -0.000001
vn 0.000000 1.000000 -0.000003
vn 0.000000 1.000000 -0.000005
vn 0.000000 1.000000 -0.000005
vn -0.000000 0.000000 1.000000
vn -0.000000 0.000000 1.000000
vn 0.000000 1.000000 0.000000
vn 0.000000 1.000000 0.000000
vn 0.000000 0.000000 -1.000000
vn 0.000000 0.000000 -1.000000
vn 0.000000 1.000000 0.000000
vn 0.000000 1.000000 0.000000
vn 0.000000 1.000000 0.000000
vn 0.000000 1.000000 0.000000
vn 0.000000 0.000000 1.000000
vn 0.000000 0.000000 1.000000
vn 0.000000 0.000000 1.000000
vn 0.000000 0.000000 1.000000
vn 0.000000 0.999684 -0.025145
vn 0.000000 0.999684 -0.025146
vn 0.000000 0.000000 1.000000
vn 0.000000 0.000000 1.000000
vn 0.000000 -0.999684 -0.025147
vn 0.000000 -0.999684 -0.025147
vn 0.000000 -1.000000 0.000000
vn 0.000000 -1.000000 0.000000
vn 0.000000 -0.999684 0.025147
vn -0.000000 -0.999684 0.025147
vn 0.000000 0.000000 -1.000000
vn 0.000000 0.000000 -1.000000
vn -0.000000 0.999684 0.025145
vn 0.000000 0.999684 0.025145
vn 0.000000 0.000000 -1.000000
vn 0.000000 0.000000 -1.000000
vn 0.000000 0.000000 -1.000000
vn 0.000000 0.000000 -1.000000
vn 0.000000 1.000000 0.000000
vn 0.000000 1.000000 0.000000
vn 0.000000 0.000000 1.000000
vn 0.000000 0.000000 1.000000
vn 0.000000 1.000000 0.000000
vn 0.000000 1.000000 0.000000
vn 0.000000 0.000000 -1.000000
vn 0.000000 0.000000 -1.000000
vn 0.000000 1.000000 0.000000
vn 0.000000 1.000000 0.000000
vn 0.000000 0.000000 1.000000
vn 0.000000 0.000000 1.000000
vn -1.000000 0.000000 0.000000
vn -1.000000 0.000000 0.000000
vn -1.000000 0.000000 0.000000
vn -1.000000 0.000000 0.000000
vn 0.000000 0.000000 1.000000
vn 0.000000 0.000000 1.000000
vn 0.000000 0.000000 1.000000
vn 0.000000 0.000000 1.000000
vn 0.000000 0.000000 1.000000
vn 0.000000 0.000000 1.000000
vn 0.000000 0.000000 1.000000
vn 0.000000 0.000000 1.000000
vn 0.000000 0.000000 1.000000
vn 0.000000 0.000000 1.000000
vn -0.000000 0.000000 1.000000
vn -0.000000 0.000000 1.000000
vn -0.000000 0.000000 -1.000000
vn 0.000000 0.000000 -1.000000
vn -0.000000 0.000000 -1.000000
vn 0.000000 0.000000 -1.000000
vn 0.000000 0.000000 -1.000000
vn 0.000000 0.000000 -1.000000
vn 0.000000 0.000000 -1.000000
vn 0.000000 0.000000 -1.000000
vn 0.000000 0.000000 -1.000000
vn 0.000000 0.000000 -1.000000
vn 0.000000 0.000000 -1.000000
vn 0.000001 0.000000 -1.000000
vn 0.000000 1.000000 -0.000001
vn 0.000000 1.000000 -0.000001
vn 0.000000 1.000000 -0.000001
vn 0.000000 1.000000 -0.000001
vn -0.978570 0.000000 0.205917
vn -0.978570 0.000000 0.205917
vn -0.978570 0.000000 0.205917
vn -0.978570 0.000000 0.205917
vn 0.000000 -0.964253 0.264985
vn 0.000000 -0.964253 0.264985
vn 0.000000 -0.964253 0.264985
vn 0.000000 -0.964253 0.264985
vn 0.982574 0.000000 0.185872
vn 0.982574 0.000000 0.185872
vn 0.982574 0.000000 0.185872
vn 0.982574 0.000000 0.185872
vn 0.999358 0.000000 0.035839
vn 0.999358 0.000000 0.035839
vn 0.999358 0.000000 0.035839
vn 0.999358 0.000000 0.035839
vn 0.000000 1.000000 0.000001
vn 0.000000 1.000000 0.000001
vn 0.000000 1.000000 0.000001
vn 0.000000 1.000000 0.000001
vn -0.996796 0.000000 0.079986
vn -0.996796 0.000000 0.079986
vn -0.996796 0.000000 0.079986
vn -0.996796 0.000000 0.079986
vn 0.000000 -0.991478 0.130277
vn 0.000000 -0.991478 0.130277
vn 0.000000 -0.991478 0.130277
vn 0.000000 -0.991478 0.130277
vn 0.994392 0.000000 0.105752
vn 0.994393 0.000000 0.105752
vn 0.994393 0.000000 0.105752
vn 0.994393 0.000000 0.105752
vn 0.000000 1.000000 0.000000
vn 0.000000 1.000000 0.000000
vn 0.000000 1.000000 0.000000
vn 0.000000 1.000000 0.000000
vn -0.875293 0.000000 -0.483594
vn -0.875293 0.000000 -0.483594
vn -0.875293 0.000000 -0.483593
vn -0.875293 0.000000 -0.483594
vn 0.000000 -0.987203 0.159469
vn 0.000000 -0.987203 0.159469
vn 0.000000 -0.987203 0.159469
vn 0.000000 -0.987203 0.159469
vn 0.025075 0.999686 0.000000
vn 0.025075 0.999686 0.000000
vn 0.025075 0.999686 0.000000
vn 0.025075 0.999686 0.000000
vn -1.000000 0.000000 0.000000
vn -1.000000 0.000000 0.000000
vn -1.000000 0.000000 0.000000
vn -1.000000 0.000000 0.000000
vn 0.025076 -0.999686 0.000000
vn 0.025076 -0.999686 0.000000
vn 0.025076 -0.999686 0.000000
vn 0.025076 -0.999686 0.000000
vn 0.000000 -1.000000 0.000000
vn 0.000000 -1.000000 0.000000
vn 0.000000 -1.000000 0.000000
vn 0.000000 -1.000000 0.000000
vn 0.000000 -1.000000 0.000000
vn 0.000000 -1.000000 0.000000
vn 0.000000 -1.000000 0.000000
vn 0.000000 -1.000000 0.000000
vn 0.000000 -1.000000 0.000000
vn 0.000000 -1.000000 0.000000
vn 0.000000 -1.000000 0.000000
vn 0.000000 -1.000000 0.000000
vn 0.000000 -1.000000 0.000000
vn 0.000000 -1.000000 0.000000
vn 0.000000 -1.000000 0.000000
vn 0.000000 -1.000000 0.000000
vn -0.025077 -0.999686 0.000000
vn -0.025077 -0.999686 0.000000
vn -0.025077 -0.999686 0.000000
vn -0.025077 -0.999686 0.000000
vn 1.000000 0.000000 0.000000
vn 1.000000 0.000000 0.000000
vn 1.000000 0.000000 0.000000
vn 1.000000 0.000000 0.000000
vn -0.025076 0.999686 0.000000
vn -0.025076 0.999686 0.000000
vn -0.025076 0.999686 0.000000
vn -0.025076 0.999686 0.000000
vn 1.000000 0.000000 0.000000
vn 1.000000 0.000000 0.000000
vn 1.000000 0.000000 0.000000
vn 1.000000 0.000000 0.000000
vn 1.000000 0.000000 0.000000
vn 1.000000 0.000000 0.000000
vn 1.000000 0.000000 0.000000
vn 1.000000 0.000000 0.000000
vn 0.000000 1.000000 0.000000
vn 0.000000 1.000000 0.000000
vn 0.000000 1.000000 0.000000
vn 0.000000 1.000000 0.000000
vn -1.000000 0.000000 0.000000
vn -1.000000 0.000000 0.000000
vn -1.000000 0.000000 0.000000
vn -1.000000 0.000000 0.000000
vn -1.000000 0.000000 0.000000
vn -1.000000 0.000000 0.000000
vn -1.000000 0.000000 0.000000
vn -1.000000 0.000000 0.000000
vn 0.000000 1.000000 0.000000
vn 0.000000 1.000000 0.000000
vn 0.000000 1.000000 0.000000
vn 0.000000 1.000000 0.000000
vn 0.000000 1.000000 0.000000
vn 0.000000 1.000000 0.000000
vn 0.000000 1.000000 0.000000
vn 0.000000 1.000000 0.000000
vn 0.000000 1.000000 0.000000
vn 0.000000 1.000000 0.000000
vn 0.000000 1.000000 0.000000
vn 0.000000 1.000000 0.000000
vn 0.000000 1.000000 0.000000
vn 0.000000 1.000000 0.000000
vn 0.000000 1.000000 0.000000
vn 0.000000 1.000000 0.000000
vn 0.755291 -0.655389 0.000000
vn 0.755291 -0.655389 0.000000
vn 0.755291 -0.655390 0.000000
vn 0.755291 -0.655390 0.000000
vn 0.000000 1.000000 0.000000
vn 0.000000 1.000000 0.000000
vn 0.000000 1.000000 0.000000
vn 0.000000 1.000000 0.000000
vn -0.749991 0.661448 0.000000
vn -0.749991 0.661448 0.000000
vn -0.749991 0.661448 0.000000
vn -0.749991 0.661448 0.000000
vn 1.000000 0.000000 0.000000
vn 1.000000 0.000000 0.000000
vn 1.000000 0.000000 0.000000
vn 1.000000 0.000000 0.000000
vn 0.261843 0.000000 0.965111
vn 0.261843 0.000000 0.965111
vn 0.261843 0.000000 0.965111
vn 0.261843 0.000000 0.965111
vn 0.261845 0.000000 0.965110
vn 0.261845 0.000000 0.965110
vn 0.261845 0.000000 0.965110
vn 0.261845 0.000000 0.965110
vn 0.261845 0.000000 0.965110
vn 0.261845 0.000000 0.965110
vn 0.261845 0.000000 0.965110
vn 0.261845 0.000000 0.965110
vn 0.000000 -1.000000 0.000000
vn 0.000000 -1.000000 0.000000
vn 0.000000 -1.000000 0.000000
vn 0.000000 -1.000000 0.000000
vn 0.279666 0.000000 -0.960098
vn 0.279666 0.000000 -0.960097
vn 0.279666 0.000000 -0.960098
vn 0.279666 0.000000 -0.960098
vn 0.279666 0.000000 -0.960097
vn 0.279666 0.000000 -0.960097
vn 0.279666 0.000000 -0.960097
vn 0.279666 0.000000 -0.960097
vn 0.279663 0.000000 -0.960098
vn 0.279663 0.000000 -0.960098
vn 0.279663 0.000000 -0.960098
vn 0.279663 0.000000 -0.960098
vn 0.000000 1.000000 0.000000
vn 0.000000 1.000000 0.000000
vn 0.000000 1.000000 0.000000
vn 0.000000 1.000000 0.000000
vn 0.000000 0.000000 1.000000
vn 0.000000 0.000000 1.000000
vn 0.000000 0.000000 1.000000
vn 0.000000 0.000000 1.000000
vn 0.000000 -1.000000 0.000000
vn 0.000000 -1.000000 0.000000
vn 0.000000 -1.000000 0.000000
vn 0.000000 -1.000000 0.000000
vn 0.000000 0.000000 -1.000000
vn 0.000000 0.000000 -1.000000
vn 0.000000 0.000000 -1.000000
vn 0.000000 0.000000 -1.000000
vn 0.000000 1.000000 0.000000
vn 0.000000 1.000000 0.000000
vn 0.000000 1.000000 0.000000
vn 0.000000 1.000000 0.000000
vn 0.000000 0.000000 -1.000000
vn 0.000000 0.000000 -1.000000
vn 0.000000 0.000000 -1.000000
vn 0.000000 0.000000 -1.000000
vn 0.000000 0.000000 -1.000000
vn 0.000000 0.000000 -1.000000
vn 1.000000 0.000000 0.000000
vn 1.000000 0.000000 0.000000
vn -1.000000 0.000000 0.000000
vn -1.000000 0.000000 0.000000
vn 0.000000 0.000000 1.000000
vn 0.000000 0.000000 1.000000
vn 0.000000 0.000000 1.000000
vn 0.000000 0.000000 1.000000
vn 0.000000 0.000000 1.000000
vn -0.000000 0.000000 1.000000
vn -0.000000 0.000000 -1.000000
vn -0.000000 0.000000 -1.000000
vn 0.000000 0.000000 -1.000000
vn 0.000000 0.000000 -1.000000
vn 0.000000 0.000000 -1.000000
vn 0.000001 0.000000 -1.000000
vn -1.000000 0.000000 0.000000
vn -1.000000 0.000000 0.000000
vn 1.000000 0.000000 0.000000
vn 1.000000 0.000000 0.000000
vn 0.000000 0.000000 1.000000
vn 0.000000 0.000000 1.000000
vn 0.000000 0.000000 1.000000
vn 0.000000 0.000000 1.000000
vn 0.000000 0.000000 1.000000
vn 0.000000 0.000000 1.000000
vn -1.000000 0.000000 0.000000
vn -1.000000 0.000000 0.000000
vn -1.000000 0.000000 0.000000
vn -1.000000 0.000000 0.000000
vn 0.000000 1.000000 0.000000
vn 0.000000 1.000000 0.000000
vn 0.000000 1.000000 0.000000
vn 0.000000 1.000000 0.000000
vn 1.000000 0.000000 0.000000
vn 1.000000 0.000000 0.000000
vn 1.000000 0.000000 0.000000
vn 1.000000 0.000000 0.000000
vn 0.278572 -0.960415 0.000000
vn 0.278572 -0.960415 0.000000
vn 0.278572 -0.960415 0.000000
vn 0.278572 -0.960415 0.000000
vn 0.000000 -1.000000 0.000000
vn 0.000000 -1.000000 0.000000
vn 0.000000 -1.000000 0.000000
vn 0.000000 -1.000000 0.000000
vn 0.000000 0.000000 1.000000
vn 0.000000 0.000000 1.000000
vn 0.000000 0.000000 1.000000
vn 0.000000 0.000000 1.000000
vn 0.000000 0.000000 1.000000
vn 0.000000 0.000000 1.000000
vn 0.000000 0.000000 1.000000
vn 0.000000 0.000000 1.000000
vn 0.000000 1.000000 0.000000
vn 0.000000 1.000000 0.000000
vn 0.000000 1.000000 0.000000
vn 0.000000 1.000000 0.000000
vn 0.000000 0.999684 -0.025145
vn 0.000000 0.999684 -0.025145
vn 0.000000 0.999684 -0.025145
vn 0.000000 0.999684 -0.025145
vn 0.000000 0.999684 0.025147
vn 0.000000 0.999684 0.025147
vn 0.000000 0.999684 0.025147
vn 0.000000 0.999684 0.025147
vn 0.000000 -1.000000 0.000000
vn 0.000000 -1.000000 0.000000
vn 0.000000 -1.000000 0.000000
vn 0.000000 -1.000000 0.000000
vn 0.000000 0.000000 -1.000000
vn 0.000000 0.000000 -1.000000
vn 0.000000 0.000000 -1.000000
vn 0.000000 0.000000 -1.000000
vn 0.000000 1.000000 0.000000
vn 0.000000 1.000000 0.000000
vn 0.000000 1.000000 0.000000
vn 0.000000 1.000000 0.000000
vn 0.000000 0.000000 -1.000000
vn 0.000000 0.000000 -1.000000
vn 0.000000 0.000000 -1.000000
vn 0.000000 0.000000 -1.000000
vn 0.000000 -1.000000 0.000000
vn 0.000000 -1.000000 0.000000
vn 0.000000 -1.000000 0.000000
vn 0.000000 -1.000000 0.000000
vn 0.000000 1.000000 0.000000
vn 0.000000 1.000000 0.000000
vn 0.000000 1.000000 0.000000
vn 0.000000 1.000000 0.000000
vn 0.749992 -0.661447 0.000000
vn 0.749992 -0.661447 0.000000
vn 0.749992 -0.661447 0.000000
vn 0.749992 -0.661447 0.000000
vn 0.000000 1.000000 0.000000
vn 0.000000 1.000000 0.000000
vn 0.000000 1.000000 0.000000
vn 0.000000 1.000000 0.000000
vn -0.749991 0.661448 0.000000
vn -0.749991 0.661448 0.000000
vn -0.749991 0.661448 0.000000
vn -0.749991 0.661448 0.000000
vn 0.000000 -1.000000 0.000000
vn 0.000000 -1.000000 0.000000
vn 0.000000 -1.000000 0.000000
vn 0.000000 -1.000000 0.000000
vn 0.000000 0.000000 1.000000
vn 0.000000 0.000000 1.000000
vn 0.000000 0.000000 1.000000
vn 0.000000 0.000000 1.000000
vn 0.000000 1.000000 0.000000
vn 0.000000 1.000000 0.000000
vn 0.000000 1.000000 0.000000
vn 0.000000 1.000000 0.000000
vn 0.000000 0.000000 -1.000000
vn 0.000000 0.000000 -1.000000
vn 0.000000 0.000000 -1.000000
vn 0.000000 0.000000 -1.000000
vn 0.000000 -1.000000 0.000000
vn 0.000000 -1.000000 0.000000
vn 0.000000 -1.000000 0.000000
vn 0.000000 -1.000000 0.000000
vn 1.000000 0.000000 0.000000
vn 1.000000 0.000000 0.000000
vn 1.000000 0.000000 0.000000
vn 1.000000 0.000000 0.000000
vn -1.000000 0.000000 0.000000
vn -1.000000 0.000000 0.000000
vn -1.000000 0.000000 0.000000
vn -1.000000 0.000000 0.000000
vn 0.000000 0.000000 1.000000
vn 0.000000 0.000000 1.000000
vn 0.000000 0.000000 1.000000
vn 0.000000 0.000000 1.000000
vn 0.000000 1.000000 0.000000
vn 0.000000 1.000000 0.000000
vn 0.000000 1.000000 0.000000
vn 0.000000 1.000000 0.000000
vn 0.000000 0.000000 -1.000000
vn 0.000000 0.000000 -1.000000
vn 0.000000 0.000000 -1.000000
vn 0.000000 0.000000 -1.000000
vn 1.000000 0.000000 0.000000
vn 1.000000 0.000000 0.000000
vn 1.000000 0.000000 0.000000
vn 1.000000 0.000000 0.000000
vn 0.000000 0.000000 -1.000000
vn 0.000000 0.000000 -1.000000
vn 0.000000 0.000000 -1.000000
vn 0.000000 0.000000 -1.000000
vn 1.000000 0.000000 0.000000
vn 1.000000 0.000000 0.000000
vn 1.000000 0.000000 0.000000
vn 1.000000 0.000000 0.000000
vn 0.000000 0.000000 1.000000
vn 0.000000 0.000000 1.000000
vn 0.000000 0.000000 1.000000
vn 0.000000 0.000000 1.000000
vn 0.000000 1.000000 0.000000
vn 0.000000 1.000000 0.000000
vn 0.000000 1.000000 0.000000
vn 0.000000 1.000000 0.000000
vn 0.000000 0.000000 -1.000000
vn 0.000000 0.000000 -1.000000
vn 0.000000 0.000000 -1.000000
vn 0.000000 0.000000 -1.000000
vn -1.000000 0.000000 0.000000
vn -1.000000 0.000000 0.000000
vn -1.000000 0.000000 0.000000
vn -1.000000 0.000000 0.000000
vn 0.000000 0.000000 1.000000
vn 0.000000 -0.000000 1.000000
vn 0.000000 -0.000000 1.000000
vn 0.000000 0.000000 1.000000
vn 0.000000 0.000000 1.000000
vn 1.000000 0.000000 0.000000
vn 1.000000 0.000000 0.000000
vn 0.000000 0.000000 -1.000000
vn 0.000000 0.000000 -1.000000
vn 0.000000 0.000000 -1.000000
vn 0.000000 0.000000 -1.000000
vn 1.000000 0.000000 0.000000
vn 1.000000 0.000000 0.000000
vn 0.000000 0.000000 1.000000
vn 0.000000 0.000000 1.000000
vn 0.000000 0.000000 1.000000
vn 0.000000 0.000000 1.000000
vn 0.000000 0.000000 1.000000
vn 0.000000 0.000000 1.000000
vn 0.000000 0.000000 1.000000
vn 0.000000 0.000000 1.000000
vn 0.000000 0.000000 1.000000
vn 0.000000 0.000000 1.000000
vn 0.000000 0.000000 1.000000
vn 0.000000 0.000000 1.000000
vn 0.000000 0.000000 1.000000
vn 0.000000 0.000000 1.000000
vn 0.000000 0.000000 1.000000
vn 0.000000 0.000000 1.000000
vn 0.000000 0.000000 1.000000
vn 0.000000 0.000000 1.000000
vn 0.000000 0.000000 1.000000
vn 0.000000 0.000000 1.000000
vn 0.000000 0.000000 1.000000
vn 0.000000 0.000000 1.000000
vn 0.000000 0.000000 1.000000
vn 0.000000 0.000000 -1.000000
vn 0.000000 0.000000 -1.000000
vn -1.000000 0.000000 0.000000
vn -1.000000 0.000000 0.000000
vn 0.000000 -0.000000 1.000000
vn 0.000000 -0.000000 1.000000
vn 0.000000 0.000000 -1.000000
vn 0.000000 0.000000 -1.000000
vn -1.000000 0.000000 0.000000
vn -1.000000 0.000000 0.000000
vn 0.000000 0.000000 1.000000
vn 0.000000 0.000000 1.000000
vn 0.000000 0.000000 -1.000000
vn 0.000000 0.000000 -1.000000
vn 0.000000 0.000000 -1.000000
vn 0.000000 0.000000 -1.000000
vn 0.000000 0.000000 -1.000000
vn 0.000000 0.000000 -1.000000
vn 0.000000 0.000000 -1.000000
vn 0.000000 0.000000 -1.000000
vn 0.000000 1.000000 0.000000
vn 0.000000 1.000000 0.000000
vn 0.000000 1.000000 0.000000
vn 0.000000 1.000000 0.000000
vn 0.000000 0.000000 1.000000
vn -0.000000 -0.000000 1.000000
vn -0.000000 0.000000 1.000000
vn 0.000000 0.000000 1.000000
vn 0.000000 0.000000 1.000000
vn -0.000000 -0.000000 1.000000
vn 0.000000 0.000000 1.000000
vn 0.000000 0.000000 1.000000
vn 0.000000 0.000000 -1.000000
vn 0.000000 0.000000 -1.000000
vn 0.000000 0.000000 -1.000000
vn 0.000000 0.000000 -1.000000
vn 0.000000 0.000000 -1.000000
vn 0.000000 0.000000 -1.000000
vn 0.000000 0.000000 -1.000000
vn 0.000000 0.000000 -1.000000
vn 0.000000 1.000000 0.000000
vn 0.000000 1.000000 0.000000
vn 0.000000 1.000000 0.000000
vn 0.000000 1.000000 0.000000
vn -0.000000 0.000000 1.000000
vn -0.000000 -0.000000 1.000000
vn 0.000000 -0.000000 1.000000
vn 0.000000 0.000000 1.000000
vn -0.000000 -0.000000 1.000000
vn 0.000000 -0.000000 1.000000
vn 0.000000 0.000000 1.000000
vn 0.000000 0.000000 1.000000
vn 0.000000 -0.999989 0.004605
vn 0.000000 -0.999989 0.004605
vn 0.000000 -0.999989 0.004605
vn 0.000000 -0.999989 0.004605
vn 0.999880 0.000000 0.015487
vn 0.999880 0.000000 0.015487
vn 0.999880 0.000000 0.015487
vn 0.999880 0.000000 0.015487
vn 0.000000 0.999958 -0.009212
vn 0.000000 0.999958 -0.009212
vn 0.000000 0.999958 -0.009212
vn 0.000000 0.999958 -0.009212
vn -0.989233 0.000000 0.146347
vn -0.989233 0.000000 0.146347
vn -0.989233 0.000000 0.146347
vn -0.989233 0.000000 0.146347
vn 0.984078 0.000000 0.177738
vn 0.984078 0.000000 0.177738
vn 0.984078 0.000000 0.177738
vn 0.984078 0.000000 0.177738
vn 0.000000 0.999958 -0.009212
vn 0.000000 0.999958 -0.009212
vn 0.000000 0.999958 -0.009212
vn 0.000000 0.999958 -0.009212
vn -0.992411 0.000000 0.122968
vn -0.992411 0.000000 0.122968
vn -0.992411 0.000000 0.122968
vn -0.992411 0.000000 0.122968
vn 0.000000 -0.999989 0.004606
vn 0.000000 -0.999989 0.004606
vn 0.000000 -0.999989 0.004606
vn 0.000000 -0.999989 0.004606
vn 0.000000 0.000000 1.000000
vn 0.000000 0.000000 1.000000
vn 0.000000 0.000000 1.000000
vn 0.000000 0.000000 1.000000
vn 0.000000 1.000000 0.000000
vn 0.000000 1.000000 0.000000
vn 0.000000 1.000000 0.000000
vn 0.000000 1.000000 0.000000
vn 0.000000 0.000000 -1.000000
vn 0.000000 0.000000 -1.000000
vn 0.000000 0.000000 -1.000000
vn 0.000000 0.000000 -1.000000
vn 0.000000 -1.000000 0.000000
vn 0.000000 -1.000000 0.000000
vn 0.000000 -1.000000 0.000000
vn 0.000000 -1.000000 0.000000
vn 1.000000 0.000000 0.000000
vn 1.000000 0.000000 0.000000
vn 1.000000 0.000000 0.000000
vn 1.000000 0.000000 0.000000
vn -1.000000 0.000000 0.000000
vn -1.000000 0.000000 0.000000
vn -1.000000 0.000000 0.000000
vn -1.000000 0.000000 0.000000
vn 0.000000 1.000000 0.000000
vn 0.000000 1.000000 0.000000
vn 0.000000 1.000000 0.000000
vn 0.000000 1.000000 0.000000
vn 0.000000 1.000000 0.000000
vn 0.000000 1.000000 0.000000
vn 0.000000 1.000000 0.000000
vn 0.000000 1.000000 0.000000
vn 0.000000 1.000000 -0.000000
vn 0.000000 1.000000 -0.000000
vn 0.000000 1.000000 -0.000000
vn 0.000000 1.000000 -0.000000
vn 0.000000 1.000000 0.000000
vn 0.000000 1.000000 0.000000
vn 0.000000 1.000000 0.000000
vn 0.000000 1.000000 0.000000
vn 0.000000 0.000000 1.000000
vn 0.000000 0.000000 1.000000
vn 0.000000 0.000000 1.000000
vn 0.000000 0.000000 1.000000
vn 1.000000 0.000000 0.000000
vn 1.000000 0.000000 0.000000
vn 1.000000 0.000000 0.000000
vn 1.000000 0.000000 0.000000
vn 0.000000 0.000000 -1.000000
vn 0.000000 0.000000 -1.000000
vn 0.000000 0.000000 -1.000000
vn 0.000000 0.000000 -1.000000
vn -1.000000 0.000000 0.000000
vn -1.000000 0.000000 0.000000
vn -1.000000 0.000000 0.000000
vn -1.000000 0.000000 0.000000
vn 0.000000 0.000000 1.000000
vn 0.000000 0.000000 1.000000
vn 0.000000 0.000000 1.000000
vn 0.000000 0.000000 1.000000
vn 0.161415 0.986887 0.000000
vn 0.161415 0.986887 0.000000
vn 0.161415 0.986887 0.000000
vn 0.161415 0.986887 0.000000
vn 0.000000 0.000000 -1.000000
vn 0.000000 0.000000 -1.000000
vn 0.000000 0.000000 -1.000000
vn 0.000000 0.000000 -1.000000
vn -0.161415 -0.986887 0.000000
vn -0.161415 -0.986887 0.000000
vn -0.161415 -0.986887 0.000000
vn -0.161415 -0.986887 0.000000
vn 0.986887 -0.161412 0.000000
vn 0.986887 -0.161412 0.000000
vn 0.986887 -0.161412 0.000000
vn 0.986887 -0.161412 0.000000
vn -0.986890 0.161392 0.000000
vn -0.986890 0.161392 0.000000
vn -0.986890 0.161392 0.000000
vn -0.986890 0.161392 0.000000
vn 0.000000 0.000000 1.000000
vn 0.000000 0.000000 1.000000
vn 0.000000 0.000000 1.000000
vn 0.000000 0.000000 1.000000
vn 0.000000 1.000000 0.000000
vn 0.000000 1.000000 0.000000
vn 0.000000 1.000000 0.000000
vn 0.000000 1.000000 0.000000
vn 0.000000 0.000000 -1.000000
vn 0.000000 0.000000 -1.000000
vn 0.000000 0.000000 -1.000000
vn 0.000000 0.000000 -1.000000
vn 0.000000 -1.000000 0.000000
vn 0.000000 -1.000000 0.000000
vn 0.000000 -1.000000 0.000000
vn 0.000000 -1.000000 0.000000
vn 1.000000 0.000000 0.000000
vn 1.000000 0.000000 0.000000
vn 1.000000 0.000000 0.000000
vn 1.000000 0.000000 0.000000
vn -1.000000 0.000000 0.000000
vn -1.000000 0.000000 0.000000
vn -1.000000 0.000000 0.000000
vn -1.000000 0.000000 0.000000
vn 0.000000 1.000000 0.000000
vn 0.000000 1.000000 0.000000
vn 0.000000 1.000000 0.000000
vn 0.000000 1.000000 0.000000
vn 0.000000 1.000000 0.000000
vn 0.000000 1.000000 0.000000
vn 0.000000 1.000000 0.000000
vn 0.000000 1.000000 0.000000
vn 0.000000 1.000000 0.000000
vn 0.000000 1.000000 0.000000
vn 0.000000 1.000000 0.000000
vn 0.000000 1.000000 0.000000
vn 0.000000 1.000000 0.000000
vn 0.000000 1.000000 0.000000
vn 0.000000 1.000000 0.000000
vn 0.000000 1.000000 0.000000
vn 0.000000 0.000000 1.000000
vn 0.000000 0.000000 1.000000
vn 0.000000 0.000000 1.000000
vn 0.000000 0.000000 1.000000
vn 1.000000 0.000000 0.000000
vn 1.000000 0.000000 0.000000
vn 1.000000 0.000000 0.000000
vn 1.000000 0.000000 0.000000
vn 0.000000 0.000000 -1.000000
vn 0.000000 0.000000 -1.000000
vn 0.000000 0.000000 -1.000000
vn 0.000000 0.000000 -1.000000
vn -1.000000 0.000000 0.000000
vn -1.000000 0.000000 0.000000
vn -1.000000 0.000000 0.000000
vn -1.000000 0.000000 0.000000
vn 0.000000 0.000000 1.000000
vn 0.000000 0.000000 1.000000
vn 0.000000 0.000000 1.000000
vn 0.000000 0.000000 1.000000
vn 0.000000 1.000000 0.000000
vn 0.000000 1.000000 0.000000
vn 0.000000 1.000000 0.000000
vn 0.000000 1.000000 0.000000
vn 0.000000 0.000000 -1.000000
vn 0.000000 0.000000 -1.000000
vn 0.000000 0.000000 -1.000000
vn 0.000000 0.000000 -1.000000
vn 0.000000 -1.000000 0.000000
vn 0.000000 -1.000000 0.000000
vn 0.000000 -1.000000 0.000000
vn 0.000000 -1.000000 0.000000
vn 1.000000 0.000000 0.000000
vn 1.000000 0.000000 0.000000
vn 1.000000 0.000000 0.000000
vn 1.000000 0.000000 0.000000
vn -1.000000 0.000000 0.000000
vn -1.000000 0.000000 0.000000
vn -1.000000 0.000000 0.000000
vn -1.000000 0.000000 0.000000
vn 0.000000 0.000000 1.000000
vn 0.000000 0.000000 1.000000
vn 0.000000 1.000000 0.000000
vn 0.000000 1.000000 0.000000
vn 0.000000 0.000000 -1.000000
vn 0.000000 0.000000 -1.000000
vn 0.000000 0.000000 -1.000000
vn 0.000000 0.000000 -1.000000
vn 0.000000 -1.000000 0.000000
vn 0.000000 -1.000000 0.000000
vn -1.000000 0.000000 0.000000
vn -1.000000 0.000000 0.000000
vn -1.000000 0.000000 0.000000
vn -1.000000 0.000000 0.000000
vn 0.000000 1.000000 0.000000
vn 0.000000 1.000000 0.000000
vn 0.000000 1.000000 0.000000
vn 0.000000 1.000000 0.000000
vn 1.000000 0.000000 0.000000
vn 1.000000 0.000000 0.000000
vn 1.000000 0.000000 0.000000
vn 1.000000 0.000000 0.000000
vn 0.000000 -1.000000 0.000000
vn 0.000000 -1.000000 0.000000
vn 0.000000 -1.000000 0.000000
vn 0.000000 -1.000000 0.000000
vn -1.000000 0.000000 0.000000
vn -1.000000 0.000000 0.000000
vn -1.000000 0.000000 0.000000
vn -1.000000 0.000000 0.000000
vn 0.000000 -1.000000 0.000000
vn 0.000000 -1.000000 0.000000
vn 1.000000 0.000000 0.000000
vn 1.000000 0.000000 0.000000
vn 0.000000 1.000000 0.000000
vn 0.000000 1.000000 0.000000
vn 0.000000 0.000000 1.000000
vn 0.000000 0.000000 1.000000
vn 0.000000 0.000000 1.000000
vn 0.000000 0.000000 1.000000
vn 0.000000 1.000000 0.000000
vn 0.000000 1.000000 0.000000
vn 0.000000 1.000000 0.000000
vn 0.000000 1.000000 0.000000
vn 0.000000 0.000000 -1.000000
vn 0.000000 0.000000 -1.000000
vn 0.000000 0.000000 -1.000000
vn 0.000000 0.000000 -1.000000
vn 0.000000 -1.000000 0.000000
vn 0.000000 -1.000000 0.000000
vn 0.000000 -1.000000 0.000000
vn 0.000000 -1.000000 0.000000
vn 0.000000 0.000000 1.000000
vn 0.000000 0.000000 1.000000
vn 0.000000 0.000000 1.000000
vn 0.000000 0.000000 1.000000
vn 0.000000 1.000000 0.000000
vn 0.000000 1.000000 0.000000
vn 0.000000 1.000000 0.000000
vn 0.000000 1.000000 0.000000
vn 0.000000 0.000000 -1.000000
vn 0.000000 0.000000 -1.000000
vn 0.000000 0.000000 -1.000000
vn 0.000000 0.000000 -1.000000
vn 0.000000 -1.000000 0.000000
vn 0.000000 -1.000000 0.000000
vn 0.000000 -1.000000 0.000000
vn 0.000000 -1.000000 0.000000
vn 1.000000 0.000000 0.000000
vn 1.000000 0.000000 0.000000
vn 1.000000 0.000000 0.000000
vn 1.000000 0.000000 0.000000
vn -1.000000 0.000000 0.000000
vn -1.000000 0.000000 0.000000
vn -1.000000 0.000000 0.000000
vn -1.000000 0.000000 0.000000
vn 0.000000 1.000000 0.000000
vn 0.000000 1.000000 0.000000
vn 0.000000 1.000000 0.000000
vn 0.000000 1.000000 0.000000
vn 0.000000 1.000000 0.000000
vn 0.000000 1.000000 0.000000
vn 0.000000 1.000000 0.000000
vn 0.000000 1.000000 0.000000
vn 0.000000 1.000000 0.000000
vn 0.000000 1.000000 0.000000
vn 0.000000 1.000000 0.000000
vn 0.000000 1.000000 0.000000
vn 0.000000 1.000000 0.000000
vn 0.000000 1.000000 0.000000
vn 0.000000 1.000000 0.000000
vn 0.000000 1.000000 0.000000
vn 0.000000 0.000000 1.000000
vn 0.000000 0.000000 1.000000
vn 0.000000 0.000000 1.000000
vn 0.000000 0.000000 1.000000
vn 1.000000 0.000000 0.000000
vn 1.000000 0.000000 0.000000
vn 1.000000 0.000000 0.000000
vn 1.000000 0.000000 0.000000
vn 0.000000 0.000000 -1.000000
vn 0.000000 0.000000 -1.000000
vn 0.000000 0.000000 -1.000000
vn 0.000000 0.000000 -1.000000
vn -1.000000 0.000000 0.000000
vn -1.000000 0.000000 0.000000
vn -1.000000 0.000000 0.000000
vn -1.000000 0.000000 0.000000
vn 0.000000 0.000000 1.000000
vn 0.000000 0.000000 1.000000
vn 0.000000 0.000000 1.000000
vn 0.000000 0.000000 1.000000
vn 0.000000 1.000000 0.000000
vn 0.000000 1.000000 0.000000
vn 0.000000 1.000000 0.000000
vn 0.000000 1.000000 0.000000
vn 0.000000 0.000000 -1.000000
vn 0.000000 0.000000 -1.000000
vn 0.000000 0.000000 -1.000000
vn 0.000000 0.000000 -1.000000
vn 0.000000 -1.000000 0.000000
vn 0.000000 -1.000000 0.000000
vn 0.000000 -1.000000 0.000000
vn 0.000000 -1.000000 0.000000
vn 1.000000 0.000000 0.000000
vn 1.000000 0.000000 0.000000
vn 1.000000 0.000000 0.000000
vn 1.000000 0.000000 0.000000
vn -1.000000 0.000000 0.000000
vn -1.000000 0.000000 0.000000
vn -1.000000 0.000000 0.000000
vn -1.000000 0.000000 0.000000
vn 0.000000 1.000000 0.000000
vn 0.000000 1.000000 0.000000
vn 0.000000 1.000000 0.000000
vn 0.000000 1.000000 0.000000
vn 0.000000 1.000000 0.000000
vn 0.000000 1.000000 0.000000
vn 0.000000 1.000000 0.000000
vn 0.000000 1.000000 0.000000
vn 0.000000 1.000000 0.000000
vn 0.000000 1.000000 0.000000
vn 0.000000 1.000000 0.000000
vn 0.000000 1.000000 0.000000
vn 0.000000 1.000000 0.000000
vn 0.000000 1.000000 0.000000
vn 0.000000 1.000000 0.000000
vn 0.000000 1.000000 0.000000
vn 0.000000 0.000000 1.000000
vn 0.000000 0.000000 1.000000
vn 0.000000 0.000000 1.000000
vn 0.000000 0.000000 1.000000
vn 1.000000 0.000000 0.000000
vn 1.000000 0.000000 0.000000
vn 1.000000 0.000000 0.000000
vn 1.000000 0.000000 0.000000
vn 0.000000 0.000000 -1.000000
vn 0.000000 0.000000 -1.000000
vn 0.000000 0.000000 -1.000000
vn 0.000000 0.000000 -1.000000
vn -1.000000 0.000000 0.000000
vn -1.000000 0.000000 0.000000
vn -1.000000 0.000000 0.000000
vn -1.000000 0.000000 0.000000
vn 0.000000 0.000000 1.000000
vn 0.000000 0.000000 1.000000
vn 0.000000 0.000000 1.000000
vn 0.000000 0.000000 1.000000
vn 0.000000 1.000000 0.000000
vn 0.000000 1.000000 0.000000
vn 0.000000 1.000000 0.000000
vn 0.000000 1.000000 0.000000
vn 0.000000 0.000000 -1.000000
vn 0.000000 0.000000 -1.000000
vn 0.000000 0.000000 -1.000000
vn 0.000000 0.000000 -1.000000
vn 0.000000 -1.000000 0.000000
vn 0.000000 -1.000000 0.000000
vn 0.000000 -1.000000 0.000000
vn 0.000000 -1.000000 0.000000
vn -1.000000 0.000000 0.000000
vn -1.000000 0.000000 0.000000
vn -1.000000 0.000000 0.000000
vn -1.000000 0.000000 0.000000
vn 1.000000 0.000000 0.000000
vn 1.000000 0.000000 0.000000
vn 1.000000 0.000000 0.000000
vn 1.000000 0.000000 0.000000
vn 0.000000 0.000000 1.000000
vn 0.000000 0.000000 1.000000
vn 0.000000 1.000000 0.000000
vn 0.000000 1.000000 0.000000
vn 0.000000 0.000000 -1.000000
vn 0.000000 0.000000 -1.000000
vn 0.000000 0.000000 -1.000000
vn 0.000000 0.000000 -1.000000
vn 0.000000 -1.000000 0.000000
vn 0.000000 -1.000000 0.000000
vn 0.000000 0.000000 1.000000
vn 0.000000 0.000000 1.000000
vn 0.000000 1.000000 0.000000
vn 0.000000 1.000000 0.000000
vn 0.000000 0.000000 -1.000000
vn 0.000000 0.000000 -1.000000
vn 0.000000 0.000000 -1.000000
vn 0.000000 0.000000 -1.000000
vn 0.000000 -1.000000 0.000000
vn 0.000000 -1.000000 0.000000
vn 0.000000 1.000000 0.000000
vn 0.000000 1.000000 0.000000
vn 0.000000 1.000000 0.000000
vn 0.000000 1.000000 0.000000
vn 1.000000 0.000000 0.000000
vn 1.000000 0.000000 0.000000
vn 1.000000 0.000000 0.000000
vn 1.000000 0.000000 0.000000
vn 0.000000 -1.000000 0.000000
vn 0.000000 -1.000000 0.000000
vn 0.000000 -1.000000 0.000000
vn 0.000000 -1.000000 0.000000
vn -1.000000 0.000000 0.000000
vn -1.000000 0.000000 0.000000
vn -1.000000 0.000000 0.000000
vn -1.000000 0.000000 0.000000
vn -1.000000 0.000000 0.000000
vn -1.000000 0.000000 0.000000
vn -1.000000 0.000000 0.000000
vn -1.000000 0.000000 0.000000
vn 0.000000 1.000000 0.000000
vn 0.000000 1.000000 0.000000
vn 0.000000 1.000000 0.000000
vn 0.000000 1.000000 0.000000
vn 1.000000 0.000000 0.000000
vn 1.000000 0.000000 0.000000
vn 1.000000 0.000000 0.000000
vn 1.000000 0.000000 0.000000
vn 0.000000 -1.000000 0.000000
vn 0.000000 -1.000000 0.000000
vn 0.000000 -1.000000 0.000000
vn 0.000000 -1.000000 0.000000
vn -0.295156 -0.000001 0.955449
vn -0.295154 -0.000001 0.955450
vn -0.295155 -0.000001 0.955450
vn -0.295156 -0.000001 0.955449
vn 0.000000 1.000000 0.000000
vn 0.000000 1.000000 0.000000
vn 0.000000 1.000000 0.000000
vn 0.000000 1.000000 0.000000
vn 0.295156 0.000000 -0.955449
vn 0.295154 0.000000 -0.955450
vn 0.295154 0.000000 -0.955450
vn 0.295156 0.000000 -0.955449
vn 0.000000 -1.000000 -0.000000
vn 0.000000 -1.000000 -0.000000
vn 0.000000 -1.000000 -0.000000
vn 0.000000 -1.000000 -0.000000
vn 0.955450 -0.000002 0.295153
vn 0.955450 -0.000002 0.295153
vn 0.955450 0.000001 0.295154
vn 0.955450 0.000001 0.295153
vn -0.955449 0.000000 -0.295157
vn -0.955449 0.000000 -0.295157
vn -0.955449 0.000000 -0.295157
vn -0.955449 0.000000 -0.295157
vn -0.356374 0.813969 -0.458751
vn -0.422325 0.849623 -0.315885
vn -0.448267 0.858422 -0.249336
vn -0.356374 0.813969 -0.458751
vn 0.000000 1.000000 0.000000
vn 0.000000 1.000000 0.000000
vn 0.000000 1.000000 0.000000
vn 0.000000 1.000000 0.000000
vn -0.510792 0.858423 -0.046923
vn -0.526904 0.849622 0.022662
vn -0.553021 0.813970 0.177820
vn -0.553021 0.813970 0.177820
vn 0.000000 1.000000 -0.000000
vn 0.000000 1.000000 -0.000000
vn 0.000000 1.000000 -0.000000
vn 0.000000 1.000000 -0.000000
vn 0.295152 0.000000 -0.955450
vn 0.295152 0.000000 -0.955450
vn 0.295152 0.000000 -0.955450
vn 0.295152 0.000000 -0.955450
vn -0.955450 0.000000 -0.295153
vn -0.955450 0.000000 -0.295153
vn -0.955450 0.000000 -0.295153
vn -0.955450 0.000000 -0.295153
vn -0.295155 0.000000 0.955449
vn -0.295155 0.000000 0.955450
vn -0.295155 0.000000 0.955449
vn -0.295155 0.000000 0.955449
vn 0.955449 0.000000 0.295156
vn 0.955449 0.000000 0.295156
vn 0.955449 0.000000 0.295156
vn 0.955449 0.000000 0.295156
vn -0.299059 0.014242 0.954128
vn -0.299059 0.014242 0.954128
vn -0.299059 0.014242 0.954128
vn -0.299059 0.014242 0.954129
vn -0.477224 0.863631 -0.162475
vn -0.477224 0.863631 -0.162475
vn -0.477224 0.863631 -0.162475
vn -0.477224 0.863631 -0.162475
vn 0.299060 -0.014247 -0.954128
vn 0.299060 -0.014247 -0.954128
vn 0.299060 -0.014247 -0.954128
vn 0.299060 -0.014247 -0.954128
vn 0.477224 -0.863632 0.162474
vn 0.477224 -0.863632 0.162474
vn 0.477224 -0.863632 0.162474
vn 0.477224 -0.863632 0.162474
vn 0.826322 0.503936 0.251476
vn 0.826322 0.503936 0.251476
vn 0.826322 0.503936 0.251476
vn 0.826322 0.503936 0.251476
vn -0.826335 -0.503913 -0.251480
vn -0.826335 -0.503913 -0.251480
vn -0.826335 -0.503913 -0.251480
vn -0.826335 -0.503913 -0.251480
vn -0.955449 0.000000 -0.295157
vn -0.955449 0.000000 -0.295157
vn 0.000000 0.000000 0.000000
vn 0.000000 0.000000 0.000000
vn 0.000000 0.000000 -0.000000
vn 0.295155 -0.000002 -0.955450
vn 0.295155 0.000000 -0.955450
vn 0.295156 0.000000 -0.955449
vn 0.955450 0.000001 0.295153
vn 0.955450 0.000001 0.295153
vn 0.955450 -0.000001 0.295153
vn 0.955450 -0.000001 0.295153
vn -0.295157 0.000000 0.955449
vn -0.295155 0.000001 0.955450
vn -0.295153 0.000001 0.955450
vn -0.000000 0.000000 0.000000
vn -0.295155 -0.000001 0.955449
vn -0.295154 -0.000002 0.955450
vn -0.295155 -0.000002 0.955450
vn -0.295156 -0.000001 0.955449
vn -0.295155 0.000001 0.955449
vn -0.295156 0.000001 0.955449
vn -0.295155 0.000001 0.955450
vn -0.295155 0.000001 0.955449
vn -0.512910 0.857582 -0.038414
vn -0.529303 0.847746 0.034132
vn -0.554054 0.811362 0.186320
vn -0.554054 0.811362 0.186320
vn 0.295154 0.000000 -0.955450
vn 0.295154 0.000000 -0.955450
vn 0.295153 0.000000 -0.955450
vn 0.295154 0.000000 -0.955450
vn 0.000000 1.000000 0.000000
vn 0.000000 1.000000 0.000000
vn 0.000000 1.000000 0.000000
vn 0.000000 1.000000 0.000000
vn -0.295156 0.000000 0.955449
vn -0.295156 0.000000 0.955449
vn -0.295155 0.000000 0.955449
vn -0.295156 0.000000 0.955449
vn -0.352436 0.811367 -0.466339
vn -0.417834 0.847751 -0.326701
vn -0.445213 0.857585 -0.257551
vn -0.352436 0.811368 -0.466339
vn 0.295155 -0.000000 -0.955450
vn 0.295156 -0.000001 -0.955449
vn 0.295156 -0.000001 -0.955449
vn 0.295156 -0.000000 -0.955449
vn 0.295154 0.000001 -0.955450
vn 0.295156 0.000001 -0.955449
vn 0.295154 0.000000 -0.955450
vn 0.295156 0.000000 -0.955449
vn 0.000000 -1.000000 0.000000
vn 0.000000 -1.000000 0.000000
vn 0.000000 -1.000000 0.000000
vn 0.000000 -1.000000 0.000000
vn 0.955449 0.000000 0.295156
vn 0.955449 0.000000 0.295156
vn 0.955449 0.000000 0.295156
vn 0.955449 0.000000 0.295156
vn -0.295154 0.000000 0.955450
vn -0.295154 0.000000 0.955450
vn -0.295154 0.000000 0.955450
vn -0.295154 0.000000 0.955450
vn -0.295155 0.000000 0.955449
vn -0.295155 0.000000 0.955449
vn -0.295156 0.000000 0.955449
vn -0.295155 0.000000 0.955449
vn -0.955450 0.000000 -0.295153
vn -0.955450 0.000000 -0.295153
vn -0.955450 0.000000 -0.295153
vn -0.955450 0.000000 -0.295153
vn 0.295153 0.000000 -0.955450
vn 0.295154 0.000000 -0.955450
vn 0.295155 0.000000 -0.955449
vn 0.295155 0.000000 -0.955449
vn 0.295152 0.000000 -0.955450
vn 0.295152 0.000000 -0.955450
vn 0.295152 0.000000 -0.955450
vn 0.295152 0.000000 -0.955450
vn -0.070789 -0.950971 0.301070
vn -0.070789 -0.950971 0.301070
vn -0.070789 -0.950971 0.301070
vn -0.070789 -0.950971 0.301070
vn 0.777492 0.000000 0.628893
vn 0.777492 0.000000 0.628893
vn 0.777492 0.000000 0.628893
vn 0.777492 0.000000 0.628893
vn -0.014098 0.998859 0.045634
vn -0.014098 0.998859 0.045634
vn -0.014098 0.998859 0.045634
vn -0.014098 0.998859 0.045634
vn -0.993408 0.000006 0.114636
vn -0.993408 0.000006 0.114636
vn -0.993408 0.000006 0.114636
vn -0.993408 0.000006 0.114636
vn 0.000000 0.000000 1.000000
vn 0.000000 0.000000 1.000000
vn 0.000000 0.000000 1.000000
vn 0.000000 0.000000 1.000000
vn 0.000000 1.000000 0.000000
vn 0.000000 1.000000 0.000000
vn 0.000000 1.000000 0.000000
vn 0.000000 1.000000 0.000000
vn 0.000000 0.000000 -1.000000
vn 0.000000 0.000000 -1.000000
vn 0.000000 0.000000 -1.000000
vn 0.000000 0.000000 -1.000000
vn 0.000000 -1.000000 0.000000
vn 0.000000 -1.000000 0.000000
vn 0.000000 -1.000000 0.000000
vn 0.000000 -1.000000 0.000000
vn 1.000000 0.000000 0.000000
vn 1.000000 0.000000 0.000000
vn 1.000000 0.000000 0.000000
vn 1.000000 0.000000 0.000000
vn -1.000000 0.000000 0.000000
vn -1.000000 0.000000 0.000000
vn -1.000000 0.000000 0.000000
vn -1.000000 0.000000 0.000000
vn 0.000000 0.000000 1.000000
vn -0.000000 0.000000 1.000000
vn 0.000000 0.000000 1.000000
vn 0.000002 0.000000 1.000000
vn -0.005262 0.999986 -0.000000
vn -0.005262 0.999986 -0.000000
vn -0.005262 0.999986 -0.000000
vn -0.005262 0.999986 -0.000000
vn 0.000000 0.000000 -1.000000
vn -0.000000 0.000000 -1.000000
vn 0.000000 0.000000 -1.000000
vn 0.000000 0.000000 -1.000000
vn -1.000000 0.000000 0.000000
vn -1.000000 0.000000 0.000000
vn -1.000000 0.000000 0.000000
vn -1.000000 0.000000 0.000000
vn -0.145496 0.988761 0.034381
vn -0.145183 0.986630 -0.074043
vn -0.144728 0.983532 -0.108251
vn -0.145496 0.988761 0.034381
vn -0.144727 0.983532 0.108251
vn -0.145183 0.986630 0.074043
vn -0.145498 0.988761 -0.034381
vn -0.145498 0.988761 -0.034381
vn -0.202326 0.979318 0.000000
vn -0.202326 0.979318 0.000000
vn -0.202326 0.979318 0.000000
vn -0.202326 0.979318 0.000000
vn 0.000002 0.000000 -1.000000
vn 0.000000 0.000000 -1.000000
vn 0.000000 0.000000 -1.000000
vn 0.000001 0.000000 -1.000000
vn 0.000000 0.000000 1.000000
vn 0.000000 0.000000 1.000000
vn -0.000000 0.000000 1.000000
vn 0.000000 0.000000 1.000000
vn 0.999998 -0.002220 0.000000
vn 0.999998 -0.002220 0.000000
vn 0.999998 -0.001945 0.000000
vn 0.999998 -0.001945 0.000000
vn 0.000002 0.000000 1.000000
vn 0.000000 0.000000 1.000000
vn -0.000000 0.000000 1.000000
vn -0.000002 0.000000 1.000000
vn -1.000000 0.000000 0.000000
vn -1.000000 0.000000 0.000000
vn -1.000000 0.000000 0.000000
vn -1.000000 0.000000 0.000000
vn -0.000001 0.000000 -1.000000
vn 0.000000 0.000000 -1.000000
vn 0.000000 0.000000 -1.000000
vn -0.000000 0.000000 -1.000000
vn -0.000000 0.000000 1.000000
vn -0.000000 0.000000 1.000000
vn -0.000000 0.000000 1.000000
vn -0.000000 0.000000 1.000000
vn -0.000000 0.000000 1.000000
vn -0.000000 0.000000 1.000000
vn 0.000000 0.000000 1.000000
vn 0.000000 0.000000 1.000000
vn -0.143242 0.973434 -0.178627
vn -0.144359 0.981025 -0.129424
vn -0.140146 0.952401 -0.270725
vn -0.140146 0.952401 -0.270725
vn 0.000000 0.000000 -1.000000
vn 0.000000 0.000000 -1.000000
vn 0.000000 0.000000 -1.000000
vn 0.000000 0.000000 -1.000000
vn -0.005262 0.999986 -0.000000
vn -0.005262 0.999986 -0.000000
vn -0.005262 0.999986 0.000000
vn -0.005262 0.999986 0.000000
vn 0.000000 0.000000 1.000000
vn -0.000000 0.000000 1.000000
vn 0.000000 0.000000 1.000000
vn 0.000000 0.000000 1.000000
vn -0.140146 0.952401 0.270723
vn -0.144358 0.981025 0.129423
vn -0.143241 0.973435 0.178626
vn -0.140146 0.952401 0.270723
vn 0.000000 0.000000 -1.000000
vn 0.000000 0.000000 -1.000000
vn 0.000000 0.000000 -1.000000
vn 0.000000 0.000000 -1.000000
vn 0.000000 0.000000 -1.000000
vn 0.000000 0.000000 -1.000000
vn 0.000000 0.000000 -1.000000
vn 0.000000 0.000000 -1.000000
vn 0.000000 0.000000 -1.000000
vn 0.000000 0.000000 -1.000000
vn 0.000000 0.000000 -1.000000
vn 0.000000 0.000000 -1.000000
vn 0.000000 0.000000 -1.000000
vn 0.000000 0.000000 -1.000000
vn 0.000000 0.000000 -1.000000
vn 0.000000 0.000000 -1.000000
vn 0.999997 -0.002295 0.000000
vn 0.999997 -0.002295 0.000000
vn 0.999996 -0.002850 0.000000
vn 0.999996 -0.002850 0.000000
vn -0.000000 0.000000 1.000000
vn 0.000000 0.000000 1.000000
vn -0.000001 0.000000 1.000000
vn -0.000001 0.000000 1.000000
vn 0.000000 0.000000 1.000000
vn 0.000000 0.000000 1.000000
vn 0.000000 0.000000 1.000000
vn 0.000000 0.000000 1.000000
vn 0.000001 -0.997981 0.063511
vn 0.000001 -0.997981 0.063511
vn 0.000001 -0.997981 0.063511
vn 0.000001 -0.997981 0.063511
vn 0.994433 -0.000699 0.105367
vn 0.994433 -0.000699 0.105367
vn 0.994433 -0.000699 0.105367
vn 0.994433 -0.000699 0.105367
vn -0.000001 0.999984 -0.005720
vn -0.000001 0.999984 -0.005720
vn -0.000001 0.999984 -0.005720
vn -0.000001 0.999984 -0.005720
vn -0.999837 -0.000467 0.018041
vn -0.999837 -0.000467 0.018041
vn -0.999837 -0.000467 0.018041
vn -0.999837 -0.000467 0.018041
vn -0.000000 0.000000 1.000000
vn -0.000000 0.000000 1.000000
vn -0.000000 0.000000 1.000000
vn -0.000000 0.000000 1.000000
vn -0.152726 0.988269 0.000000
vn -0.152726 0.988269 0.000000
vn -0.152726 0.988269 0.000000
vn -0.152726 0.988269 0.000000
vn -0.000000 0.000000 -1.000000
vn -0.000000 0.000000 -1.000000
vn -0.000000 0.000000 -1.000000
vn -0.000000 0.000000 -1.000000
vn 0.152726 -0.988269 0.000000
vn 0.152726 -0.988269 0.000000
vn 0.152726 -0.988269 0.000000
vn 0.152726 -0.988269 0.000000
vn 0.988266 0.152743 0.000000
vn 0.988266 0.152743 0.000000
vn 0.988266 0.152743 0.000000
vn 0.988266 0.152743 0.000000
vn -0.988266 -0.152743 0.000000
vn -0.988266 -0.152743 0.000000
vn -0.988266 -0.152743 0.000000
vn -0.988266 -0.152743 0.000000
vn 0.000000 0.000000 1.000000
vn 0.000000 0.000000 1.000000
vn 0.000000 0.000000 1.000000
vn 0.000000 0.000000 1.000000
vn 0.000000 1.000000 0.000000
vn 0.000000 1.000000 0.000000
vn 0.000000 1.000000 0.000000
vn 0.000000 1.000000 0.000000
vn 0.000000 0.000000 -1.000000
vn 0.000000 0.000000 -1.000000
vn 0.000000 0.000000 -1.000000
vn 0.000000 0.000000 -1.000000
vn 0.000000 -1.000000 0.000000
vn 0.000000 -1.000000 0.000000
vn 0.000000 -1.000000 0.000000
vn 0.000000 -1.000000 0.000000
vn 1.000000 0.000000 0.000000
vn 1.000000 0.000000 0.000000
vn 1.000000 0.000000 0.000000
vn 1.000000 0.000000 0.000000
vn 0.000000 0.000000 -1.000000
vn 0.000000 0.000000 -1.000000
vn 0.000000 0.000000 -1.000000
vn 0.000000 0.000000 -1.000000
vn 1.000000 0.000000 0.000000
vn 1.000000 0.000000 0.000000
vn 1.000000 0.000000 0.000000
vn 1.000000 0.000000 0.000000
vn 0.000000 0.000000 1.000000
vn 0.000000 0.000000 1.000000
vn 0.000000 0.000000 1.000000
vn 0.000000 0.000000 1.000000
vn 0.000000 1.000000 -0.000001
vn 0.000000 1.000000 -0.000001
vn 0.000000 1.000000 -0.000000
vn 0.000000 1.000000 -0.000001
vn 0.000000 1.000000 0.000000
vn 0.000000 1.000000 0.000000
vn 0.000000 1.000000 0.000000
vn 0.000000 1.000000 0.000000
vn 0.000000 1.000000 0.000000
vn 0.000000 1.000000 0.000001
vn 0.000000 1.000000 0.000001
vn 0.000000 1.000000 0.000001
vn 0.000000 1.000000 0.000000
vn 0.000000 1.000000 0.000000
vn 0.000000 1.000000 0.000000
vn 0.000000 1.000000 0.000000
vn 0.000000 0.000000 -1.000000
vn 0.000000 0.000000 -1.000000
vn 0.000000 0.000000 -1.000000
vn 0.000000 0.000000 -1.000000
vn -1.000000 0.000000 0.000000
vn -1.000000 0.000000 0.000000
vn -1.000000 0.000000 0.000000
vn -1.000000 0.000000 0.000000
vn 0.000000 0.000000 1.000000
vn 0.000000 0.000000 1.000000
vn 0.000000 0.000000 1.000000
vn 0.000000 0.000000 1.000000
vn 0.000000 0.997088 0.076254
vn 0.000000 0.997088 0.076253
vn 0.000000 0.997089 0.076253
vn 0.000000 0.997088 0.076254
vn -0.000000 -0.997088 0.076255
vn -0.000000 -0.997088 0.076255
vn 0.000000 -0.997088 0.076254
vn 0.000000 -0.997088 0.076254
vn -0.080433 0.996760 0.000000
vn -0.080433 0.996760 0.000000
vn -0.080433 0.996760 0.000000
vn -0.080433 0.996760 0.000000
vn -0.080435 -0.996760 0.000000
vn -0.080435 -0.996760 0.000000
vn -0.080435 -0.996760 0.000000
vn -0.080435 -0.996760 0.000000
vn 0.000000 0.997089 -0.076253
vn 0.000000 0.997089 -0.076254
vn 0.000000 0.997088 -0.076254
vn 0.000000 0.997088 -0.076254
vn 0.000000 -0.997088 -0.076254
vn -0.000000 -0.997088 -0.076255
vn -0.000000 -0.997088 -0.076255
vn 0.000000 -0.997088 -0.076254
vn 1.000000 -0.000286 0.000000
vn 1.000000 -0.000286 0.000000
vn 1.000000 -0.000286 0.000000
vn 1.000000 -0.000286 0.000000
vn 0.000000 0.000000 1.000000
vn 0.000000 0.000000 1.000000
vn 1.000000 0.000000 0.000000
vn 1.000000 0.000000 0.000000
vn 0.000000 0.000000 -1.000000
vn 0.000000 0.000000 -1.000000
vn 0.000000 0.000000 -1.000000
vn 0.000000 0.000000 -1.000000
vn 1.000000 0.000000 0.000000
vn 1.000000 0.000000 0.000000
vn 0.000000 0.000000 1.000000
vn 0.000000 0.000000 1.000000
vn 0.000000 0.000000 1.000000
vn 0.000000 0.000000 1.000000
vn 0.000000 0.000000 1.000000
vn 0.000000 0.000000 1.000000
vn 0.000000 0.000000 1.000000
vn 0.000000 0.000000 1.000000
vn 0.000000 0.000000 1.000000
vn 0.000000 0.000000 1.000000
vn 0.000000 1.000000 0.000000
vn 0.000000 1.000000 -0.000000
vn 0.000000 1.000000 -0.000001
vn 0.000000 1.000000 -0.000001
vn 0.000000 0.000000 -1.000000
vn 0.000000 0.000000 -1.000000
vn 0.000000 0.000000 -1.000000
vn 0.000000 0.000000 -1.000000
vn 0.000000 1.000000 0.000000
vn 0.000000 1.000000 0.000000
vn 0.000000 1.000000 0.000000
vn 0.000000 1.000000 0.000000
vn 0.000000 0.000000 1.000000
vn 0.000000 0.000000 1.000000
vn 0.000000 0.000000 1.000000
vn 0.000000 0.000000 1.000000
vn 0.000000 1.000000 0.000001
vn 0.000000 1.000000 0.000000
vn 0.000000 1.000000 -0.000000
vn 0.000000 1.000000 0.000001
vn 0.000000 0.000000 -1.000000
vn 0.000000 0.000000 -1.000000
vn 0.000000 0.000000 -1.000000
vn 0.000000 0.000000 -1.000000
vn 0.000000 0.000000 -1.000000
vn 0.000000 0.000000 -1.000000
vn 0.000000 0.000000 -1.000000
vn 0.000000 0.000000 -1.000000
vn 0.000000 0.997088 0.076254
vn 0.000000 0.997088 0.076254
vn 0.000000 0.997089 0.076253
vn 0.000000 0.997088 0.076253
vn 0.000000 0.000000 -1.000000
vn 0.000000 0.000000 -1.000000
vn 0.000000 0.000000 -1.000000
vn 0.000000 0.000000 -1.000000
vn 0.000000 -0.997088 0.076255
vn 0.000000 -0.997088 0.076255
vn 0.000000 -0.997088 0.076255
vn 0.000000 -0.997088 0.076255
vn 0.000000 -1.000000 0.000000
vn 0.000000 -1.000000 0.000000
vn 0.000000 -1.000000 0.000000
vn 0.000000 -1.000000 0.000000
vn 0.000000 -0.997088 -0.076255
vn 0.000000 -0.997088 -0.076255
vn 0.000000 -0.997088 -0.076255
vn 0.000000 -0.997088 -0.076255
vn 0.000000 0.000000 1.000000
vn 0.000000 0.000000 1.000000
vn 0.000000 0.000000 1.000000
vn 0.000000 0.000000 1.000000
vn 0.000000 0.997089 -0.076253
vn 0.000000 0.997088 -0.076254
vn 0.000000 0.997089 -0.076254
vn 0.000000 0.997088 -0.076253
vn 0.000000 0.000000 -1.000000
vn 0.000000 0.000000 -1.000000
vn 0.000000 0.000000 -1.000000
vn 0.000000 1.000000 -0.000001
vn 0.000000 1.000000 -0.000000
vn 0.000000 0.000000 1.000000
vn 0.000000 0.000000 1.000000
vn 0.000000 1.000000 0.000000
vn 0.000000 1.000000 0.000000
vn 0.000000 0.000000 -1.000000
vn 0.000000 0.000000 -1.000000
vn 0.000000 1.000000 0.000000
vn 0.000000 1.000000 0.000001
vn 0.000000 0.000000 1.000000
vn 0.000000 0.000000 1.000000
vn 0.000000 0.000000 1.000000
vn 0.000000 0.000000 1.000000
vn 0.000000 0.997088 -0.076254
vn 0.000000 0.997088 -0.076254
vn -0.000000 0.000000 1.000000
vn -0.000000 0.000000 1.000000
vn 0.000000 -0.997088 -0.076255
vn 0.000000 -0.997088 -0.076255
vn 0.000000 -1.000000 0.000000
vn 0.000000 -1.000000 0.000000
vn 0.000000 -0.997088 0.076255
vn 0.000000 -0.997088 0.076255
vn -0.000000 0.000000 -1.000000
vn -0.000000 0.000000 -1.000000
vn 0.000000 0.997088 0.076254
vn 0.000000 0.997088 0.076254
vn 0.000000 0.000000 -1.000000
vn 0.000000 0.000000 1.000000
vn 0.000000 0.000000 1.000000
vn 0.000000 0.000000 1.000000
vn 0.000000 0.000000 1.000000
vn 0.000000 1.000000 0.000000
vn 0.000000 1.000000 0.000000
vn 0.000000 0.000000 -1.000000
vn 0.000000 0.000000 -1.000000
vn 0.000000 1.000000 0.000000
vn 0.000000 1.000000 0.000000
vn 0.000000 0.000000 1.000000
vn 0.000000 0.000000 1.000000
vn 0.000000 1.000000 0.000000
vn 0.000000 1.000000 0.000000
vn 0.000000 0.000000 -1.000000
vn 0.000000 0.000000 -1.000000
vn 0.000000 0.000000 -1.000000
vn 0.000000 0.000000 -1.000000
vn 0.000000 0.997089 0.076253
vn 0.000000 0.997089 0.076253
vn 0.000000 0.000000 -1.000000
vn 0.000000 0.000000 -1.000000
vn -0.000000 -0.997088 0.076255
vn 0.000000 -0.997088 0.076255
vn 0.000000 -1.000000 0.000000
vn 0.000000 -1.000000 0.000000
vn 0.000000 -0.997088 -0.076255
vn -0.000000 -0.997088 -0.076255
vn 0.000000 0.000000 1.000000
vn 0.000000 0.000000 1.000000
vn 0.000000 0.997089 -0.076253
vn 0.000000 0.997088 -0.076254
vn 0.000000 0.000000 -1.000000
vn 0.000000 0.000000 -1.000000
vn 0.000000 0.000000 -1.000000
vn 0.000000 0.000000 -1.000000
vn 0.000000 0.000000 -1.000000
vn 0.000000 0.000000 -1.000000
vn 0.000000 0.000000 -1.000000
vn 0.000000 0.000000 -1.000000
vn 0.000000 0.000000 -1.000000
vn 0.000000 0.000000 -1.000000
vn 0.000000 0.000000 -1.000000
vn 0.000000 0.000000 -1.000000
vn -1.000000 0.000000 0.000000
vn -1.000000 0.000000 0.000000
vn -1.000000 0.000000 0.000000
vn -1.000000 0.000000 0.000000
vn 0.000000 0.000000 1.000000
vn 0.000000 0.000000 1.000000
vn 0.000000 0.000000 1.000000
vn 0.000000 0.000000 1.000000
vn 0.000000 0.000000 1.000000
vn 0.000000 0.000000 1.000000
vn 0.000000 0.000000 1.000000
vn 0.000000 0.000000 1.000000
vn 0.000000 0.000000 1.000000
vn 0.000000 0.000000 1.000000
vn 0.000000 0.000000 1.000000
vn 0.000000 0.000000 1.000000
vn -0.978141 0.000000 -0.207943
vn -0.978141 0.000000 -0.207943
vn -0.978141 0.000000 -0.207943
vn -0.978141 0.000000 -0.207943
vn 0.000000 -0.996830 0.079568
vn 0.000000 -0.996830 0.079568
vn 0.000000 -0.996830 0.079568
vn 0.000000 -0.996829 0.079568
vn 0.855018 0.000000 0.518598
vn 0.855018 0.000000 0.518598
vn 0.855018 0.000000 0.518598
vn 0.855018 0.000000 0.518598
vn 0.000000 0.998597 0.052957
vn 0.000000 0.998597 0.052957
vn 0.000000 0.998597 0.052957
vn 0.000000 0.998597 0.052957
vn -0.869291 0.000000 0.494301
vn -0.869291 0.000000 0.494301
vn -0.869291 0.000000 0.494301
vn -0.869291 0.000000 0.494301
vn 0.000000 -0.996829 0.079568
vn 0.000000 -0.996829 0.079568
vn 0.000000 -0.996829 0.079568
vn 0.000000 -0.996829 0.079568
vn 0.982510 0.000000 -0.186213
vn 0.982509 0.000000 -0.186213
vn 0.982510 0.000000 -0.186213
vn 0.982509 0.000000 -0.186213
vn 0.000000 0.998597 0.052958
vn 0.000000 0.998597 0.052958
vn 0.000000 0.998597 0.052958
vn 0.000000 0.998597 0.052958
vn 0.000000 0.000000 1.000000
vn 0.000000 0.000000 1.000000
vn 0.000000 0.000000 1.000000
vn 0.000000 0.000000 1.000000
vn 0.000000 1.000000 0.000000
vn 0.000000 1.000000 0.000000
vn 0.000000 1.000000 0.000000
vn 0.000000 1.000000 0.000000
vn 0.000000 0.000000 -1.000000
vn 0.000000 0.000000 -1.000000
vn 0.000000 0.000000 -1.000000
vn 0.000000 0.000000 -1.000000
vn 0.000000 -1.000000 0.000000
vn 0.000000 -1.000000 0.000000
vn 0.000000 -1.000000 0.000000
vn 0.000000 -1.000000 0.000000
vn 1.000000 0.000000 0.000000
vn 1.000000 0.000000 0.000000
vn 1.000000 0.000000 0.000000
vn 1.000000 0.000000 0.000000
vn -1.000000 0.000000 0.000000
vn -1.000000 0.000000 0.000000
vn -1.000000 0.000000 0.000000
vn -1.000000 0.000000 0.000000
vn 0.000000 1.000000 0.000000
vn 0.000000 1.000000 0.000000
vn 0.000000 1.000000 0.000000
vn 0.000000 1.000000 0.000000
vn 0.000000 1.000000 0.000000
vn 0.000000 1.000000 0.000000
vn 0.000000 1.000000 0.000000
vn 0.000000 1.000000 0.000000
vn 0.000000 1.000000 0.000000
vn 0.000000 1.000000 0.000000
vn 0.000000 1.000000 0.000000
vn 0.000000 1.000000 0.000000
vn 0.000000 1.000000 0.000000
vn 0.000000 1.000000 0.000000
vn 0.000000 1.000000 0.000000
vn 0.000000 1.000000 0.000000
vn 0.000000 0.000000 1.000000
vn 0.000000 0.000000 1.000000
vn 0.000000 0.000000 1.000000
vn 0.000000 0.000000 1.000000
vn 1.000000 0.000000 0.000000
vn 1.000000 0.000000 0.000000
vn 1.000000 0.000000 0.000000
vn 1.000000 0.000000 0.000000
vn 0.000000 0.000000 -1.000000
vn 0.000000 0.000000 -1.000000
vn 0.000000 0.000000 -1.000000
vn 0.000000 0.000000 -1.000000
vn -1.000000 0.000000 0.000000
vn -1.000000 0.000000 0.000000
vn -1.000000 0.000000 0.000000
vn -1.000000 0.000000 0.000000
vn 0.000000 0.000000 1.000000
vn 0.000000 0.000000 1.000000
vn 0.000000 0.000000 1.000000
vn 0.000000 0.000000 1.000000
vn 0.000000 1.000000 0.000000
vn 0.000000 1.000000 0.000000
vn 0.000000 1.000000 0.000000
vn 0.000000 1.000000 0.000000
vn 0.000000 0.000000 -1.000000
vn 0.000000 0.000000 -1.000000
vn 0.000000 0.000000 -1.000000
vn 0.000000 0.000000 -1.000000
vn 0.000000 -1.000000 0.000000
vn 0.000000 -1.000000 0.000000
vn 0.000000 -1.000000 0.000000
vn 0.000000 -1.000000 0.000000
vn 1.000000 0.000000 0.000000
vn 1.000000 0.000000 0.000000
vn 1.000000 0.000000 0.000000
vn 1.000000 0.000000 0.000000
vn -1.000000 0.000000 0.000000
vn -1.000000 0.000000 0.000000
vn -1.000000 0.000000 0.000000
vn -1.000000 0.000000 0.000000
vn 0.000000 1.000000 0.000000
vn 0.000000 1.000000 0.000000
vn 0.000000 1.000000 0.000000
vn 0.000000 1.000000 0.000000
vn 0.000000 1.000000 0.000000
vn 0.000000 1.000000 0.000000
vn 0.000000 1.000000 0.000000
vn 0.000000 1.000000 0.000000
vn 0.000000 1.000000 -0.000000
vn 0.000000 1.000000 -0.000000
vn 0.000000 1.000000 -0.000000
vn 0.000000 1.000000 -0.000000
vn 0.000000 1.000000 0.000000
vn 0.000000 1.000000 0.000000
vn 0.000000 1.000000 0.000000
vn 0.000000 1.000000 0.000000
vn 0.000000 0.000000 1.000000
vn 0.000000 0.000000 1.000000
vn 0.000000 0.000000 1.000000
vn 0.000000 0.000000 1.000000
vn 1.000000 0.000000 0.000000
vn 1.000000 0.000000 0.000000
vn 1.000000 0.000000 0.000000
vn 1.000000 0.000000 0.000000
vn 0.000000 0.000000 -1.000000
vn 0.000000 0.000000 -1.000000
vn 0.000000 0.000000 -1.000000
vn 0.000000 0.000000 -1.000000
vn -1.000000 0.000000 0.000000
vn -1.000000 0.000000 0.000000
vn -1.000000 0.000000 0.000000
vn -1.000000 0.000000 0.000000
vn 0.866031 0.000000 -0.499991
vn 0.500013 0.000000 -0.866018
vn 0.500013 0.000000 -0.866018
vn 0.866031 0.000000 -0.499991
vn -0.000000 0.000000 -1.000000
vn -0.000000 0.000000 -1.000000
vn -0.499992 0.000000 -0.866030
vn -0.499992 0.000000 -0.866030
vn -0.866020 0.000000 -0.500009
vn -0.866020 0.000000 -0.500009
vn -1.000000 0.000000 0.000000
vn -1.000000 0.000000 0.000000
vn -0.866021 0.000000 0.500008
vn -0.866021 0.000000 0.500008
vn -0.499988 0.000000 0.866032
vn -0.499988 0.000000 0.866032
vn -0.000000 0.000000 1.000000
vn -0.000000 0.000000 1.000000
vn 0.500009 0.000000 0.866020
vn 0.500009 0.000000 0.866020
vn 0.866031 0.000000 0.499990
vn 0.866031 0.000000 0.499990
vn 1.000000 0.000000 0.000000
vn 1.000000 0.000000 0.000000
vn 0.000000 -1.000000 0.000000
vn 0.000000 -1.000000 0.000000
vn 0.000000 -1.000000 0.000001
vn 0.000000 -1.000000 0.000000
vn 0.000000 -1.000000 0.000009
vn 0.000000 -1.000000 -0.000000
vn 0.000000 -1.000000 0.000000
vn 0.000000 -1.000000 0.000005
vn 0.000000 -1.000000 -0.000005
vn 0.000000 -1.000000 0.000000
vn 0.000000 -1.000000 0.000000
vn 0.000000 -1.000000 0.000000
vn 0.000000 -1.000000 0.000000
vn 0.000000 1.000000 -0.000009
vn 0.000000 1.000000 -0.000009
vn 0.000000 1.000000 0.000000
vn 0.000000 1.000000 0.000000
vn 0.000000 1.000000 0.000005
vn 0.000000 1.000000 -0.000005
vn 0.000000 1.000000 0.000000
vn 0.000000 1.000000 0.000009
vn 0.000000 1.000000 0.000000
vn 0.000000 1.000000 0.000000
vn 0.000000 1.000000 0.000005
vn 0.000000 1.000000 0.000005
vn 0.000000 1.000000 0.000000
vn 0.000000 0.000000 1.000000
vn 0.000000 0.000000 1.000000
vn 0.000000 0.000000 1.000000
vn 0.000000 0.000000 1.000000
vn 0.000000 1.000000 0.000000
vn 0.000000 1.000000 0.000000
vn 0.000000 1.000000 0.000000
vn 0.000000 1.000000 0.000000
vn 0.000000 0.000000 -1.000000
vn 0.000000 0.000000 -1.000000
vn 0.000000 0.000000 -1.000000
vn 0.000000 0.000000 -1.000000
vn 0.000000 -1.000000 0.000000
vn 0.000000 -1.000000 0.000000
vn 0.000000 -1.000000 0.000000
vn 0.000000 -1.000000 0.000000
vn 1.000000 0.000000 0.000000
vn 1.000000 0.000000 0.000000
vn 1.000000 0.000000 0.000000
vn 1.000000 0.000000 0.000000
vn -1.000000 0.000000 0.000000
vn -1.000000 0.000000 0.000000
vn -1.000000 0.000000 0.000000
vn -1.000000 0.000000 0.000000
vn 0.000000 1.000000 -0.000000
vn 0.000000 1.000000 -0.000000
vn 0.000000 1.000000 -0.000000
vn 0.000000 1.000000 -0.000000
vn 0.000000 1.000000 0.000000
vn 0.000000 1.000000 0.000000
vn 0.000000 1.000000 0.000000
vn 0.000000 1.000000 0.000000
vn 0.000000 1.000000 0.000000
vn 0.000000 1.000000 0.000000
vn 0.000000 1.000000 0.000000
vn 0.000000 1.000000 0.000000
vn 0.000000 1.000000 0.000000
vn 0.000000 1.000000 0.000000
vn 0.000000 1.000000 0.000000
vn 0.000000 1.000000 0.000000
vn 0.000000 0.000000 1.000000
vn 0.000000 0.000000 1.000000
vn 0.000000 0.000000 1.000000
vn 0.000000 0.000000 1.000000
vn 1.000000 0.000000 0.000000
vn 1.000000 0.000000 0.000000
vn 1.000000 0.000000 0.000000
vn 1.000000 0.000000 0.000000
vn 0.000000 0.000000 -1.000000
vn 0.000000 0.000000 -1.000000
vn 0.000000 0.000000 -1.000000
vn 0.000000 0.000000 -1.000000
vn -1.000000 0.000000 0.000000
vn -1.000000 0.000000 0.000000
vn -1.000000 0.000000 0.000000
vn -1.000000 0.000000 0.000000
vn 0.000000 0.000000 1.000000
vn 0.000000 0.000000 1.000000
vn 0.000000 0.000000 1.000000
vn 0.000000 0.000000 1.000000
vn 0.000000 1.000000 0.000000
vn 0.000000 1.000000 0.000000
vn 0.000000 1.000000 0.000000
vn 0.000000 1.000000 0.000000
vn 0.000000 0.000000 -1.000000
vn 0.000000 0.000000 -1.000000
vn 0.000000 0.000000 -1.000000
vn 0.000000 0.000000 -1.000000
vn 0.000000 -1.000000 0.000000
vn 0.000000 -1.000000 0.000000
vn 0.000000 -1.000000 0.000000
vn 0.000000 -1.000000 0.000000
vn 1.000000 0.000000 0.000000
vn 1.000000 0.000000 0.000000
vn 1.000000 0.000000 0.000000
vn 1.000000 0.000000 0.000000
vn -1.000000 0.000000 0.000000
vn -1.000000 0.000000 0.000000
vn -1.000000 0.000000 0.000000
vn -1.000000 0.000000 0.000000
vn 0.000000 1.000000 -0.000000
vn 0.000000 1.000000 -0.000000
vn 0.000000 1.000000 -0.000000
vn 0.000000 1.000000 -0.000000
vn 0.000000 1.000000 0.000000
vn 0.000000 1.000000 0.000000
vn 0.000000 1.000000 0.000000
vn 0.000000 1.000000 0.000000
vn 0.000000 1.000000 0.000000
vn 0.000000 1.000000 0.000000
vn 0.000000 1.000000 0.000000
vn 0.000000 1.000000 0.000000
vn 0.000000 1.000000 0.000000
vn 0.000000 1.000000 0.000000
vn 0.000000 1.000000 0.000000
vn 0.000000 1.000000 0.000000
vn 0.000000 0.000000 1.000000
vn 0.000000 0.000000 1.000000
vn 0.000000 0.000000 1.000000
vn 0.000000 0.000000 1.000000
vn 1.000000 0.000000 0.000000
vn 1.000000 0.000000 0.000000
vn 1.000000 0.000000 0.000000
vn 1.000000 0.000000 0.000000
vn 0.000000 0.000000 -1.000000
vn 0.000000 0.000000 -1.000000
vn 0.000000 0.000000 -1.000000
vn 0.000000 0.000000 -1.000000
vn -1.000000 0.000000 0.000000
vn -1.000000 0.000000 0.000000
vn -1.000000 0.000000 0.000000
vn -1.000000 0.000000 0.000000
s 1
g pCube77
usemtl initialShadingGroup
f 9/9/1 28/28/2 29/29/3 12/12/4
s 2
f 10/10/5 92/92/6 93/93/7 11/11/8
s off
f 13/13/9 15/15/10 16/16/11 14/14/12
s 3
f 15/15/13 100/100/14 101/101/15 16/16/16
s 4
f 1/1/17 25/25/18 26/26/19 17/17/20
s 5
f 64/64/21 65/65/22 30/30/23 5/5/24
s 6
f 2/2/25 89/89/26 90/90/27 20/20/28
s 7
f 95/95/29 96/96/30 6/6/31 61/61/32
s 8
f 4/4/33 3/3/34 18/18/35 19/19/36
s 9
f 8/8/37 7/7/38 62/62/39 63/63/40
s 10
f 3/3/41 97/97/42 98/98/43 18/18/44
s 11
f 103/103/45 104/104/46 8/8/47 63/63/48
s 10
f 18/18/44 98/98/43 99/99/49 22/22/50
s 8
f 19/19/36 18/18/35 22/22/51 23/23/52
s 6
f 20/20/28 90/90/27 91/91/53 24/24/54
s 4
f 17/17/20 26/26/19 27/27/55 21/21/56
s 10
f 22/22/50 99/99/49 100/100/57 15/15/58
s 8
f 23/23/52 22/22/51 15/15/59 13/13/60
s 6
f 24/24/54 91/91/53 92/92/61 10/10/62
s 4
f 21/21/56 27/27/55 28/28/63 9/9/64
s 12
f 47/47/65 48/48/66 2/2/67 20/20/68
f 46/46/69 47/47/65 20/20/68 24/24/70
f 45/45/71 46/46/69 24/24/70 10/10/72
s 13
f 44/44/73 45/45/74 10/10/75 11/11/76
s 14
f 6/6/77 43/43/78 70/70/79 61/61/80
s 5
f 65/65/22 66/66/81 31/31/82 30/30/23
s 1
f 29/29/3 28/28/2 33/33/83 32/32/84
s 4
f 28/28/63 27/27/55 34/34/85 33/33/86
f 26/26/19 25/25/18 36/36/87 35/35/88
s 14
f 68/68/89 69/69/90 37/37/91 55/55/92
s 13
f 56/56/93 57/57/94 39/39/95 38/38/96
s 12
f 57/57/97 58/58/98 40/40/99 39/39/100
f 58/58/98 59/59/101 41/41/102 40/40/99
f 59/59/101 60/60/103 42/42/104 41/41/102
s 14
f 69/69/90 70/70/79 43/43/78 37/37/91
s 13
f 38/38/96 39/39/95 45/45/74 44/44/73
s 12
f 39/39/100 40/40/99 46/46/69 45/45/71
f 41/41/102 42/42/104 48/48/66 47/47/65
s 5
f 66/66/81 67/67/105 49/49/106 31/31/82
s 1
f 32/32/84 33/33/83 51/51/107 50/50/108
s 4
f 33/33/86 34/34/85 52/52/109 51/51/110
f 34/34/85 35/35/88 53/53/111 52/52/109
f 35/35/88 36/36/87 54/54/112 53/53/111
s off
f 50/50/108 51/51/107 57/57/94 56/56/93
s 7
f 93/93/113 94/94/114 75/75/115 11/11/116
s 9
f 73/73/117 74/74/118 14/14/119 16/16/120
s 11
f 101/101/121 102/102/122 73/73/123 16/16/124
s 5
f 29/29/125 71/71/126 72/72/127 12/12/128
f 32/32/129 80/80/130 71/71/126 29/29/125
f 50/50/131 79/79/132 80/80/130 32/32/129
s 14
f 38/38/133 77/77/134 78/78/135 56/56/136
f 44/44/137 76/76/138 77/77/134 38/38/133
f 75/75/139 76/76/138 44/44/137 11/11/140
s 5
f 72/72/127 71/71/126 65/65/22 64/64/21
s 11
f 102/102/122 103/103/45 63/63/48 73/73/123
s 9
f 63/63/40 62/62/39 74/74/118 73/73/117
s 7
f 94/94/114 95/95/29 61/61/32 75/75/115
s 14
f 61/61/80 70/70/79 76/76/138 75/75/139
f 78/78/135 77/77/134 69/69/90 68/68/89
s 5
f 80/80/130 79/79/132 67/67/105 66/66/81
s off
f 27/27/141 26/26/142 65/65/143 71/71/144
f 26/26/145 35/35/146 66/66/147 65/65/148
f 35/35/149 34/34/150 80/80/151 66/66/152
f 34/34/153 27/27/154 71/71/155 80/80/156
f 41/41/157 47/47/158 70/70/159 69/69/160
f 47/47/161 46/46/162 76/76/163 70/70/164
f 46/46/165 40/40/166 77/77/167 76/76/168
f 40/40/169 41/41/170 69/69/171 77/77/172
f 30/30/173 31/31/174 49/49/175 55/55/176 37/37/177 43/43/178 6/6/179 96/96/180 88/88/181 7/7/182 8/8/183 104/104/184 112/112/185 5/5/186
f 49/49/187 67/67/188 53/53/189 54/54/190
f 67/67/191 79/79/192 52/52/193 53/53/194
f 79/79/195 50/50/196 51/51/197 52/52/198
s 1
f 50/50/199 56/56/200 57/57/201 51/51/202
s 13
f 56/56/203 78/78/204 58/58/205 57/57/206
s off
f 78/78/207 68/68/208 59/59/209 58/58/210
f 68/68/211 55/55/212 60/60/213 59/59/214
s 20
f 82/82/215 81/81/216 4/4/217 19/19/218
f 83/83/219 82/82/215 19/19/218 23/23/220
f 84/84/221 83/83/219 23/23/220 13/13/222
s 21
f 85/85/223 84/84/224 13/13/225 14/14/226
s 22
f 74/74/227 86/86/228 85/85/229 14/14/230
f 62/62/231 87/87/232 86/86/228 74/74/227
f 7/7/233 88/88/234 87/87/232 62/62/231
s off
f 93/93/7 92/92/6 84/84/224 85/85/223
f 81/81/235 82/82/236 87/87/237 88/88/238
f 82/82/239 83/83/240 86/86/241 87/87/242
f 83/83/243 84/84/244 85/85/245 86/86/246
s 21
f 84/84/247 92/92/248 93/93/249 85/85/250
s 2
f 92/92/251 91/91/252 94/94/253 93/93/254
s off
f 91/91/255 90/90/256 95/95/257 94/94/258
f 90/90/259 89/89/260 96/96/261 95/95/262
f 96/96/263 89/89/264 81/81/265 88/88/266
s 23
f 101/101/15 100/100/14 108/108/267 109/109/268
s 24
f 106/106/269 105/105/270 1/1/271 17/17/272
f 107/107/273 106/106/269 17/17/272 21/21/274
f 108/108/275 107/107/273 21/21/274 9/9/276
s off
f 109/109/268 108/108/267 9/9/277 12/12/278
s 25
f 72/72/279 110/110/280 109/109/281 12/12/282
f 64/64/283 111/111/284 110/110/280 72/72/279
f 5/5/285 112/112/286 111/111/284 64/64/283
s off
f 105/105/287 106/106/288 111/111/289 112/112/290
f 106/106/291 107/107/292 110/110/293 111/111/294
f 107/107/295 108/108/296 109/109/297 110/110/298
s 23
f 108/108/299 100/100/300 101/101/301 109/109/302
s 3
f 100/100/303 99/99/304 102/102/305 101/101/306
s off
f 99/99/307 98/98/308 103/103/309 102/102/310
f 98/98/311 97/97/312 104/104/313 103/103/314
s 26
f 133/113/315 186/114/316 187/115/317 136/116/318
s 27
f 121/117/319 193/118/320 349/119/321 350/120/322
s 28
f 137/121/323 200/122/324 201/123/325 140/124/326
s 29
f 326/125/327 327/126/328 185/127/329 113/128/330
s 30
f 134/129/331 334/130/332 335/131/333 135/132/334
s 31
f 324/133/335 325/134/336 133/113/337 136/116/338
s 32
f 125/135/339 191/136/340 192/137/341 128/138/342
s 33
f 126/139/343 339/140/344 340/141/345 127/142/346
s 34
f 195/143/347 196/144/348 131/145/349 132/146/350
s 35
f 353/147/351 354/148/352 125/135/353 128/138/354
s 36
f 115/149/355 188/150/356 189/151/357 141/152/358
s 37
f 282/153/359 283/154/360 193/118/361 121/117/362
s 38
f 116/155/363 336/156/364 337/157/365 144/158/366
s 39
f 342/159/367 343/160/368 122/161/369 273/162/370
s 40
f 198/163/371 199/164/372 117/165/373 142/166/374
s 41
f 124/167/375 194/168/376 280/169/377 281/170/378
s 42
f 356/171/379 323/172/380 115/149/381 141/152/382
s 43
f 121/117/383 350/120/384 351/173/385 282/153/386
s 44
f 113/174/387 185/175/388 186/114/389 133/113/390
s 45
f 187/115/391 188/150/392 115/149/393 136/116/394
s 46
f 117/165/395 199/164/396 200/122/397 137/121/398
s 47
f 201/123/399 202/176/400 119/177/401 140/124/402
s 48
f 114/178/403 333/179/404 334/130/405 134/129/406
s 49
f 335/131/407 336/180/408 116/155/409 135/132/410
s 50
f 325/134/411 326/181/412 113/174/413 133/113/414
s 51
f 115/149/415 323/182/416 324/133/417 136/116/418
s 42
f 355/183/419 356/171/379 141/152/382 145/184/420
s 40
f 197/185/421 198/163/371 142/166/374 146/186/422
s 38
f 144/158/366 337/157/365 338/187/423 148/188/424
s 36
f 141/152/358 189/151/357 190/189/425 145/184/426
s 42
f 354/148/427 355/183/419 145/184/420 125/135/428
s 40
f 196/144/429 197/185/421 146/186/422 131/145/430
s 38
f 148/188/424 338/187/423 339/140/431 126/139/432
s 36
f 145/184/426 190/189/425 191/136/433 125/135/434
s 44
f 170/190/435 171/191/436 114/178/437 134/129/438
s 53
f 169/192/439 170/190/440 134/129/441 135/132/442
s 45
f 116/155/443 168/193/444 169/192/445 135/132/446
s 36
f 167/194/447 168/193/448 116/155/449 144/158/450
f 184/195/451 167/194/447 144/158/450 148/188/452
f 183/196/453 184/195/451 148/188/452 126/139/454
s 32
f 182/197/455 183/196/456 126/139/457 127/142/458
s 37
f 122/161/459 181/198/460 288/199/461 273/162/462
s 27
f 343/160/463 344/200/464 181/198/465 122/161/466
s 41
f 274/201/467 275/202/468 180/203/469 123/204/470
s 34
f 129/205/471 178/206/472 179/207/473 130/208/474
s 40
f 147/209/475 177/210/476 178/206/477 129/205/478
f 143/211/479 176/212/480 177/210/476 147/209/475
f 118/213/481 175/214/482 176/212/480 143/211/479
s 46
f 174/215/483 175/214/484 118/213/485 138/216/486
s 28
f 173/217/487 174/215/488 138/216/489 139/218/490
s 47
f 120/219/491 172/220/492 173/217/493 139/218/494
s 29
f 171/221/495 332/222/496 333/223/497 114/224/498
s 36
f 153/225/499 152/226/500 168/193/448 167/194/447
s 45
f 169/192/445 168/193/444 152/226/501 151/227/502
s 53
f 151/227/503 150/228/504 170/190/440 169/192/439
s 44
f 150/228/505 149/229/506 171/191/436 170/190/435
s 29
f 149/230/507 331/231/508 332/222/496 171/221/495
s 47
f 173/217/493 172/220/492 166/232/509 165/233/510
s 28
f 165/233/511 164/234/512 174/215/488 173/217/487
s 46
f 164/234/513 163/235/514 175/214/484 174/215/483
s 40
f 176/212/480 175/214/482 163/235/515 162/236/516
f 177/210/476 176/212/480 162/236/516 161/237/517
f 178/206/477 177/210/476 161/237/517 160/238/518
s 34
f 179/207/473 178/206/472 160/238/519 159/239/520
s 41
f 275/202/468 276/240/521 158/241/522 180/203/469
s 27
f 344/200/464 345/242/523 157/243/524 181/198/465
s 37
f 287/244/525 288/199/461 181/198/460 157/243/526
s 32
f 156/245/527 155/246/528 183/196/456 182/197/455
s 36
f 155/246/529 154/247/530 184/195/451 183/196/453
s 44
f 242/248/531 243/249/532 149/229/506 150/228/505
s 53
f 241/250/533 242/248/534 150/228/504 151/227/503
s 45
f 151/227/502 152/226/501 240/251/535 241/250/536
s 36
f 239/252/537 240/251/538 152/226/500 153/225/499
f 256/253/539 239/252/537 153/225/499 154/247/530
f 255/254/540 256/253/539 154/247/530 155/246/529
s 32
f 254/255/541 255/254/542 155/246/528 156/245/527
s 37
f 286/256/543 287/244/525 157/243/526 253/257/544
s 27
f 345/242/523 346/258/545 253/257/546 157/243/524
s 41
f 276/240/521 277/259/547 252/260/548 158/241/522
s 34
f 159/239/520 160/238/519 250/261/549 251/262/550
s 40
f 160/238/518 161/237/517 249/263/551 250/261/552
f 161/237/517 162/236/516 248/264/553 249/263/551
f 162/236/516 163/235/515 247/265/554 248/264/553
s 46
f 246/266/555 247/265/556 163/235/514 164/234/513
s 28
f 245/267/557 246/266/558 164/234/512 165/233/511
s 47
f 165/233/510 166/232/509 244/268/559 245/267/560
s 29
f 243/269/561 330/270/562 331/231/508 149/230/507
s 36
f 189/151/357 188/150/356 204/271/563 203/272/564
s 45
f 205/273/565 204/271/566 188/150/392 187/115/391
s 26
f 187/115/317 186/114/316 206/274/567 205/273/568
s 44
f 186/114/389 185/175/388 207/275/569 206/274/570
s 29
f 185/127/329 327/126/328 328/276/571 207/277/572
s 47
f 209/278/573 208/279/574 202/176/400 201/123/399
s 28
f 201/123/325 200/122/324 210/280/575 209/278/576
s 46
f 200/122/397 199/164/396 211/281/577 210/280/578
s 40
f 212/282/579 211/281/580 199/164/372 198/163/371
f 213/283/581 212/282/579 198/163/371 197/185/421
f 214/284/582 213/283/581 197/185/421 196/144/429
s 34
f 215/285/583 214/284/584 196/144/348 195/143/347
s 41
f 279/286/585 280/169/377 194/168/376 216/287/586
s 27
f 348/288/587 349/119/321 193/118/320 217/289/588
s 37
f 283/154/360 284/290/589 217/289/590 193/118/361
s 32
f 192/137/341 191/136/340 219/291/591 218/292/592
s 36
f 191/136/433 190/189/425 220/293/593 219/291/594
f 203/272/564 204/271/563 222/294/595 221/295/596
s 45
f 223/296/597 222/294/598 204/271/566 205/273/565
s 26
f 205/273/568 206/274/567 224/297/599 223/296/600
s 44
f 206/274/570 207/275/569 225/298/601 224/297/602
s 29
f 207/277/572 328/276/571 329/299/603 225/300/604
s 47
f 227/301/605 226/302/606 208/279/574 209/278/573
s 28
f 209/278/576 210/280/575 228/303/607 227/301/608
s 46
f 210/280/578 211/281/577 229/304/609 228/303/610
s 40
f 230/305/611 229/304/612 211/281/580 212/282/579
f 231/306/613 230/305/611 212/282/579 213/283/581
f 232/307/614 231/306/613 213/283/581 214/284/582
s 34
f 233/308/615 232/307/616 214/284/584 215/285/583
s 41
f 278/309/617 279/286/585 216/287/586 234/310/618
s 27
f 347/311/619 348/288/587 217/289/588 235/312/620
s 37
f 284/290/589 285/313/621 235/312/622 217/289/590
s 32
f 218/292/592 219/291/591 237/314/623 236/315/624
s 36
f 219/291/594 220/293/593 238/316/625 237/314/626
f 220/293/593 203/272/564 221/295/596 238/316/625
f 221/295/596 222/294/595 240/251/538 239/252/537
s 45
f 241/250/536 240/251/535 222/294/598 223/296/597
s off
f 357/317/627 358/318/628 359/319/629 360/320/630
s 44
f 224/297/602 225/298/601 243/249/532 242/248/531
s 29
f 225/300/604 329/299/603 330/270/562 243/269/561
s 47
f 245/267/560 244/268/559 226/302/606 227/301/605
s 28
f 227/301/608 228/303/607 246/266/558 245/267/557
s 46
f 228/303/610 229/304/609 247/265/556 246/266/555
s 40
f 248/264/553 247/265/554 229/304/612 230/305/611
f 249/263/551 248/264/553 230/305/611 231/306/613
f 250/261/552 249/263/551 231/306/613 232/307/614
s 34
f 251/262/550 250/261/549 232/307/616 233/308/615
s 41
f 277/259/547 278/309/617 234/310/618 252/260/548
s 27
f 346/258/545 347/311/619 235/312/620 253/257/546
s 37
f 285/313/621 286/256/543 253/257/544 235/312/622
s 32
f 236/315/624 237/314/623 255/254/542 254/255/541
s 36
f 237/314/626 238/316/625 256/253/539 255/254/540
s 39
f 340/141/631 341/321/632 257/322/633 127/142/634
s 41
f 179/207/635 259/323/636 258/324/637 130/208/638
f 159/239/639 260/325/640 259/323/636 179/207/635
f 251/262/641 261/326/642 260/325/640 159/239/639
f 233/308/643 262/327/644 261/326/642 251/262/641
f 215/285/645 263/328/646 262/327/644 233/308/643
f 195/143/647 264/329/648 263/328/646 215/285/645
f 265/330/649 264/329/648 195/143/647 132/146/650
s 43
f 266/331/651 352/332/652 353/147/653 128/138/654
s 37
f 192/137/655 267/333/656 266/331/657 128/138/658
f 218/292/659 268/334/660 267/333/656 192/137/655
f 236/315/661 269/335/662 268/334/660 218/292/659
f 254/255/663 270/336/664 269/335/662 236/315/661
f 156/245/665 271/337/666 270/336/664 254/255/663
f 182/197/667 272/338/668 271/337/666 156/245/665
f 257/322/669 272/338/668 182/197/667 127/142/670
s 39
f 341/321/632 342/159/367 273/162/370 257/322/633
s 41
f 258/324/637 259/323/636 275/202/468 274/201/467
f 259/323/636 260/325/640 276/240/521 275/202/468
f 260/325/640 261/326/642 277/259/547 276/240/521
f 261/326/642 262/327/644 278/309/617 277/259/547
f 262/327/644 263/328/646 279/286/585 278/309/617
f 263/328/646 264/329/648 280/169/377 279/286/585
f 281/170/378 280/169/377 264/329/648 265/330/649
s 43
f 282/153/386 351/173/385 352/332/652 266/331/651
s 37
f 266/331/657 267/333/656 283/154/360 282/153/359
f 268/334/660 269/335/662 285/313/621 284/290/589
f 270/336/664 271/337/666 287/244/525 286/256/543
f 273/162/462 288/199/461 272/338/668 257/322/669
s off
f 221/295/671 239/252/672 286/256/673 285/313/674
f 239/252/675 256/253/676 270/336/677 286/256/678
f 256/253/679 238/316/680 269/335/681 270/336/682
f 238/316/683 221/295/684 285/313/685 269/335/686
f 154/247/687 153/225/688 287/244/689 271/337/690
f 153/225/691 167/194/692 288/199/693 287/244/694
f 167/194/695 184/195/696 272/338/697 288/199/698
f 184/195/699 154/247/700 271/337/701 272/338/702
f 190/189/703 189/151/704 283/154/705 267/333/706
f 189/151/707 203/272/708 284/290/709 283/154/710
f 203/272/711 220/293/712 268/334/713 284/290/714
f 220/293/715 190/189/716 267/333/717 268/334/718
s 51
f 290/339/719 289/340/720 117/341/721 137/342/722
s 31
f 140/343/723 291/344/724 290/339/725 137/342/726
s 50
f 119/345/727 292/346/728 291/344/729 140/343/730
s 29
f 119/177/731 202/176/732 293/347/733 292/348/734
f 294/349/735 293/347/733 202/176/732 208/279/736
f 295/350/737 294/349/735 208/279/736 226/302/738
f 296/351/739 295/350/737 226/302/738 244/268/740
f 297/352/741 296/351/739 244/268/740 166/232/742
f 298/353/743 297/352/741 166/232/742 172/220/744
f 299/354/745 298/353/743 172/220/744 120/219/746
s 48
f 300/355/747 299/356/748 120/357/749 139/358/750
s 30
f 301/359/751 300/355/752 139/358/753 138/360/754
s 49
f 118/361/755 302/362/756 301/359/757 138/360/758
s 69
f 303/363/759 302/364/760 118/213/761 143/211/762
f 304/365/763 303/363/759 143/211/762 147/209/764
f 305/366/765 304/365/763 147/209/764 129/205/766
s 70
f 306/367/767 305/366/768 129/205/769 130/208/770
s 71
f 258/324/771 307/368/772 306/367/773 130/208/774
f 274/201/775 308/369/776 307/368/772 258/324/771
f 123/204/777 309/370/778 308/369/776 274/201/775
s 27
f 180/203/779 310/371/780 309/370/781 123/204/782
f 158/241/783 311/372/784 310/371/780 180/203/779
f 252/260/785 312/373/786 311/372/784 158/241/783
f 234/310/787 313/374/788 312/373/786 252/260/785
f 216/287/789 314/375/790 313/374/788 234/310/787
f 194/168/791 315/376/792 314/375/790 216/287/789
f 316/377/793 315/376/792 194/168/791 124/167/794
s 43
f 317/378/795 316/377/796 124/167/797 281/170/798
f 318/379/799 317/378/795 281/170/798 265/330/800
f 319/380/801 318/379/799 265/330/800 132/146/802
s 35
f 131/145/803 320/381/804 319/380/805 132/146/806
s 42
f 146/186/807 321/382/808 320/381/809 131/145/810
f 142/166/811 322/383/812 321/382/808 146/186/807
f 117/165/813 289/384/814 322/383/812 142/166/811
s 51
f 324/133/417 323/182/416 289/340/720 290/339/719
s 31
f 290/339/725 291/344/724 325/134/336 324/133/335
s 50
f 291/344/729 292/346/728 326/181/412 325/134/411
s 29
f 292/348/734 293/347/733 327/126/328 326/125/327
f 328/276/571 327/126/328 293/347/733 294/349/735
f 329/299/603 328/276/571 294/349/735 295/350/737
f 330/270/562 329/299/603 295/350/737 296/351/739
f 331/231/508 330/270/562 296/351/739 297/352/741
f 332/222/496 331/231/508 297/352/741 298/353/743
f 333/223/497 332/222/496 298/353/743 299/354/745
s 48
f 334/130/405 333/179/404 299/356/748 300/355/747
s 30
f 335/131/333 334/130/332 300/355/752 301/359/751
s 49
f 301/359/757 302/362/756 336/180/408 335/131/407
s off
f 340/141/345 339/140/344 305/366/768 306/367/767
s 27
f 309/370/781 310/371/780 344/200/464 343/160/463
f 310/371/780 311/372/784 345/242/523 344/200/464
f 311/372/784 312/373/786 346/258/545 345/242/523
f 312/373/786 313/374/788 347/311/619 346/258/545
f 313/374/788 314/375/790 348/288/587 347/311/619
f 314/375/790 315/376/792 349/119/321 348/288/587
f 350/120/322 349/119/321 315/376/792 316/377/793
s 43
f 351/173/385 350/120/384 316/377/796 317/378/795
f 352/332/652 351/173/385 317/378/795 318/379/799
f 353/147/653 352/332/652 318/379/799 319/380/801
s 35
f 319/380/805 320/381/804 354/148/352 353/147/351
s 42
f 320/381/809 321/382/808 355/183/419 354/148/427
f 321/382/808 322/383/812 356/171/379 355/183/419
f 322/383/812 289/384/814 323/172/380 356/171/379
s off
f 303/363/815 304/365/816 307/368/817 308/369/818
f 304/365/819 305/366/820 306/367/821 307/368/822
s 70
f 305/366/823 339/140/824 340/141/825 306/367/826
s 33
f 339/140/827 338/187/828 341/321/829 340/141/830
s off
f 338/187/831 337/157/832 342/159/833 341/321/834
f 337/157/835 336/156/836 343/160/837 342/159/838
f 336/180/839 302/362/840 309/370/841 343/160/842
f 302/364/843 303/363/844 308/369/845 309/370/846
f 223/296/847 224/297/848 358/318/849 357/317/850
f 224/297/851 242/248/852 359/319/853 358/318/854
f 242/248/855 241/250/856 360/320/857 359/319/858
f 241/250/859 223/296/860 357/317/861 360/320/862
s 74
f 381/385/863 430/386/864 431/387/865 384/388/866
s 75
f 369/389/867 435/390/868 549/391/869 550/392/870
s 76
f 385/393/871 440/394/872 441/395/873 388/396/874
s 77
f 526/397/875 527/398/876 429/399/877 361/400/878
s off
f 382/401/879 534/402/880 535/403/881 383/404/882
s 78
f 617/405/883 618/406/884 619/407/885 620/408/886
s 79
f 374/409/887 539/410/888 540/411/889 375/412/890
s 80
f 551/413/891 552/414/892 373/415/893 376/416/894
s 81
f 373/415/895 363/417/896 432/418/897 433/419/898 434/420/899 616/421/900
s 82
f 519/422/901 435/390/902 369/389/903 376/416/904 601/423/905 505/424/906
s 83
f 364/425/907 536/426/908 537/427/909 390/428/910
s 84
f 542/429/911 543/430/912 370/431/913 511/432/914
s 85
f 437/433/915 438/434/916 439/435/917 365/436/918 379/437/919 585/438/920
s 86
f 372/439/921 436/440/922 518/441/923 504/442/924 600/443/925 380/444/926
s 87
f 621/445/927 622/446/928 623/447/929 624/448/930
s 88
f 369/389/931 550/392/932 551/413/933 376/416/934
s 89
f 361/449/935 429/450/936 430/386/937 381/385/938
s 90
f 431/387/939 432/418/940 363/417/941 384/388/942
s 91
f 365/436/943 439/435/944 440/394/945 385/393/946
s 92
f 441/395/947 442/451/948 367/452/949 388/396/950
s 93
f 362/453/951 533/454/952 534/402/953 382/401/954
s 94
f 535/403/955 536/455/956 364/425/957 383/404/958
s 95
f 525/456/959 526/457/960 361/449/961 381/385/962
s 96
f 623/447/963 622/458/964 617/405/965 620/408/966
s 83
f 390/428/910 537/427/909 538/459/967 392/460/968
f 392/460/968 538/459/967 609/461/969 610/462/970
s 89
f 414/463/971 415/464/972 362/453/973 382/401/974
s 74
f 413/465/975 414/463/976 382/401/977 383/404/978
s 90
f 364/425/979 412/466/980 413/465/981 383/404/982
s 81
f 411/467/983 412/466/984 364/425/985 390/428/986
f 428/468/987 411/467/983 390/428/986 392/460/988
f 610/462/989 611/469/990 428/468/987 392/460/988
s 101
f 426/470/991 427/471/992 374/409/993 375/412/994
s 82
f 370/431/995 425/472/996 524/473/997 511/432/998
s 75
f 543/430/999 544/474/1000 425/472/1001 370/431/1002
s 86
f 512/475/1003 513/476/1004 424/477/1005 371/478/1006
s 105
f 377/479/1007 422/480/1008 423/481/1009 378/482/1010
s 85
f 391/483/1011 421/484/1012 590/485/1013 591/486/1014
f 389/487/1015 420/488/1016 421/484/1012 391/483/1011
f 366/489/1017 419/490/1018 420/488/1016 389/487/1015
s 91
f 418/491/1019 419/490/1020 366/489/1021 386/492/1022
s 76
f 417/493/1023 418/491/1024 386/492/1025 387/494/1026
s 92
f 368/495/1027 416/496/1028 417/493/1029 387/494/1030
s 77
f 415/497/1031 532/498/1032 533/499/1033 362/500/1034
s 81
f 397/501/1035 396/502/1036 412/466/984 411/467/983
s 90
f 413/465/981 412/466/980 396/502/1037 395/503/1038
s 74
f 395/503/1039 394/504/1040 414/463/976 413/465/975
s 89
f 394/504/1041 393/505/1042 415/464/972 414/463/971
s 77
f 393/506/1043 531/507/1044 532/498/1032 415/497/1031
s 92
f 417/493/1029 416/496/1028 410/508/1045 409/509/1046
s 76
f 409/509/1047 408/510/1048 418/491/1024 417/493/1023
s 91
f 408/510/1049 407/511/1050 419/490/1020 418/491/1019
s 85
f 420/488/1016 419/490/1018 407/511/1051 406/512/1052
f 421/484/1012 420/488/1016 406/512/1052 405/513/1053
f 589/514/1054 590/485/1013 421/484/1012 405/513/1053
s 105
f 423/481/1009 422/480/1008 404/515/1055 403/516/1056
s 86
f 513/476/1004 514/517/1057 402/518/1058 424/477/1005
s 75
f 544/474/1000 545/519/1059 401/520/1060 425/472/1001
s 82
f 523/521/1061 524/473/997 425/472/996 401/520/1062
s 101
f 400/522/1063 399/523/1064 427/471/992 426/470/991
s 81
f 611/469/990 612/524/1065 398/525/1066 428/468/987
s 89
f 482/526/1067 483/527/1068 393/505/1042 394/504/1041
s 74
f 481/528/1069 482/526/1070 394/504/1040 395/503/1039
s 90
f 395/503/1038 396/502/1037 480/529/1071 481/528/1072
s 81
f 479/530/1073 480/529/1074 396/502/1036 397/501/1035
f 496/531/1075 479/530/1073 397/501/1035 398/525/1066
f 612/524/1065 613/532/1076 496/531/1075 398/525/1066
s 101
f 494/533/1077 495/534/1078 399/523/1064 400/522/1063
s 82
f 522/535/1079 523/521/1061 401/520/1062 493/536/1080
s 75
f 545/519/1059 546/537/1081 493/536/1082 401/520/1060
s 86
f 514/517/1057 515/538/1083 492/539/1084 402/518/1058
s 105
f 403/516/1056 404/515/1055 490/540/1085 491/541/1086
s 85
f 588/542/1087 589/514/1054 405/513/1053 489/543/1088
f 405/513/1053 406/512/1052 488/544/1089 489/543/1088
f 406/512/1052 407/511/1051 487/545/1090 488/544/1089
s 91
f 486/546/1091 487/545/1092 407/511/1050 408/510/1049
s 76
f 485/547/1093 486/546/1094 408/510/1048 409/509/1047
s 92
f 409/509/1046 410/508/1045 484/548/1095 485/547/1096
s 77
f 483/549/1097 530/550/1098 531/507/1044 393/506/1043
s 81
f 433/419/898 432/418/897 444/551/1099 443/552/1100
s 90
f 445/553/1101 444/551/1102 432/418/940 431/387/939
s 74
f 431/387/865 430/386/864 446/554/1103 445/553/1104
s 89
f 430/386/937 429/450/936 447/555/1105 446/554/1106
s 77
f 429/399/877 527/398/876 528/556/1107 447/557/1108
s 92
f 449/558/1109 448/559/1110 442/451/948 441/395/947
s 76
f 441/395/873 440/394/872 450/560/1111 449/558/1112
s 91
f 440/394/945 439/435/944 451/561/1113 450/560/1114
s 85
f 452/562/1115 451/561/1116 439/435/917 438/434/916
f 453/563/1117 452/562/1115 438/434/916 437/433/915
f 585/438/920 586/564/1118 453/563/1117 437/433/915
s 105
f 455/565/1119 454/566/1120 379/437/1121 380/444/1122
s 86
f 517/567/1123 518/441/923 436/440/922 456/568/1124
s 75
f 548/569/1125 549/391/869 435/390/868 457/570/1126
s 82
f 519/422/901 520/571/1127 457/570/1128 435/390/902
s 101
f 376/416/1129 373/415/1130 459/572/1131 458/573/1132
s 81
f 615/574/1133 616/421/900 434/420/899 460/575/1134
f 443/552/1100 444/551/1099 462/576/1135 461/577/1136
s 90
f 463/578/1137 462/576/1138 444/551/1102 445/553/1101
s 74
f 445/553/1104 446/554/1103 464/579/1139 463/578/1140
s 89
f 446/554/1106 447/555/1105 465/580/1141 464/579/1142
s 77
f 447/557/1108 528/556/1107 529/581/1143 465/582/1144
s 92
f 467/583/1145 466/584/1146 448/559/1110 449/558/1109
s 76
f 449/558/1112 450/560/1111 468/585/1147 467/583/1148
s 91
f 450/560/1114 451/561/1113 469/586/1149 468/585/1150
s 85
f 470/587/1151 469/586/1152 451/561/1116 452/562/1115
f 471/588/1153 470/587/1151 452/562/1115 453/563/1117
f 586/564/1118 587/589/1154 471/588/1153 453/563/1117
s 105
f 473/590/1155 472/591/1156 454/566/1120 455/565/1119
s 86
f 516/592/1157 517/567/1123 456/568/1124 474/593/1158
s 75
f 547/594/1159 548/569/1125 457/570/1126 475/595/1160
s 82
f 520/571/1127 521/596/1161 475/595/1162 457/570/1128
s 101
f 458/573/1132 459/572/1131 477/597/1163 476/598/1164
s 81
f 614/599/1165 615/574/1133 460/575/1134 478/600/1166
f 460/575/1134 443/552/1100 461/577/1136 478/600/1166
f 461/577/1136 462/576/1135 480/529/1074 479/530/1073
s 90
f 481/528/1072 480/529/1071 462/576/1138 463/578/1137
s 74
f 463/578/1140 464/579/1139 482/526/1070 481/528/1069
s 89
f 464/579/1142 465/580/1141 483/527/1068 482/526/1067
s 77
f 465/582/1144 529/581/1143 530/550/1098 483/549/1097
s 92
f 485/547/1096 484/548/1095 466/584/1146 467/583/1145
s 76
f 467/583/1148 468/585/1147 486/546/1094 485/547/1093
s 91
f 468/585/1150 469/586/1149 487/545/1092 486/546/1091
s 85
f 488/544/1089 487/545/1090 469/586/1152 470/587/1151
f 489/543/1088 488/544/1089 470/587/1151 471/588/1153
f 587/589/1154 588/542/1087 489/543/1088 471/588/1153
s 105
f 491/541/1086 490/540/1085 472/591/1156 473/590/1155
s 86
f 515/538/1083 516/592/1157 474/593/1158 492/539/1084
s 75
f 546/537/1081 547/594/1159 475/595/1160 493/536/1082
s 82
f 521/596/1161 522/535/1079 493/536/1080 475/595/1162
s 101
f 476/598/1164 477/597/1163 495/534/1078 494/533/1077
s 81
f 613/532/1076 614/599/1165 478/600/1166 496/531/1075
s 84
f 607/601/1167 608/602/1168 541/603/1169 497/604/1170
s 86
f 594/605/1171 595/606/1172 499/607/1173 498/608/1174
f 595/606/1172 596/609/1175 500/610/1176 499/607/1173
f 596/609/1175 597/611/1177 501/612/1178 500/610/1176
f 597/611/1177 598/613/1179 502/614/1180 501/612/1178
f 598/613/1179 599/615/1181 503/616/1182 502/614/1180
f 599/615/1181 600/443/925 504/442/924 503/616/1182
s 82
f 601/423/905 602/617/1183 506/618/1184 505/424/906
f 602/617/1183 603/619/1185 507/620/1186 506/618/1184
f 603/619/1185 604/621/1187 508/622/1188 507/620/1186
f 604/621/1187 605/623/1189 509/624/1190 508/622/1188
f 605/623/1189 606/625/1191 510/626/1192 509/624/1190
f 497/604/1193 510/626/1192 606/625/1191 607/601/1194
s 84
f 541/603/1169 542/429/911 511/432/914 497/604/1170
s 86
f 498/608/1174 499/607/1173 513/476/1004 512/475/1003
f 499/607/1173 500/610/1176 514/517/1057 513/476/1004
f 500/610/1176 501/612/1178 515/538/1083 514/517/1057
f 501/612/1178 502/614/1180 516/592/1157 515/538/1083
f 502/614/1180 503/616/1182 517/567/1123 516/592/1157
f 503/616/1182 504/442/924 518/441/923 517/567/1123
s 82
f 506/618/1184 507/620/1186 521/596/1161 520/571/1127
f 508/622/1188 509/624/1190 523/521/1061 522/535/1079
f 511/432/998 524/473/997 510/626/1192 497/604/1193
s off
f 461/577/1195 479/530/1196 522/535/1197 521/596/1198
f 479/530/1199 496/531/1200 508/622/1201 522/535/1202
f 496/531/1203 478/600/1204 507/620/1205 508/622/1206
f 478/600/1207 461/577/1208 521/596/1209 507/620/1210
f 398/525/1211 397/501/1212 523/521/1213 509/624/1214
f 397/501/1215 411/467/1216 524/473/1217 523/521/1218
f 411/467/1219 428/468/1220 510/626/1221 524/473/1222
f 428/468/1223 398/525/1224 509/624/1225 510/626/1226
f 434/420/1227 433/419/1228 519/422/1229 505/424/1230
f 433/419/1231 443/552/1232 520/571/1233 519/422/1234
f 443/552/1235 460/575/1236 506/618/1237 520/571/1238
f 460/575/1239 434/420/1240 505/424/1241 506/618/1242
s 96
f 625/627/1243 626/628/1244 627/629/1245 628/630/1246
s 78
f 629/631/1247 630/632/1248 625/627/1249 628/630/1250
s 95
f 367/633/1251 553/634/1252 554/635/1253 388/636/1254
s 77
f 367/452/1255 442/451/1256 580/637/1257 553/638/1258
f 579/639/1259 580/637/1257 442/451/1256 448/559/1260
f 578/640/1261 579/639/1259 448/559/1260 466/584/1262
f 577/641/1263 578/640/1261 466/584/1262 484/548/1264
f 576/642/1265 577/641/1263 484/548/1264 410/508/1266
f 575/643/1267 576/642/1265 410/508/1266 416/496/1268
f 574/644/1269 575/643/1267 416/496/1268 368/495/1270
s 93
f 573/645/1271 574/646/1272 368/647/1273 387/648/1274
s off
f 572/649/1275 573/645/1276 387/648/1277 386/650/1278
s 94
f 366/651/1279 571/652/1280 572/649/1281 386/650/1282
s 116
f 570/653/1283 571/654/1284 366/489/1285 389/487/1286
f 569/655/1287 570/653/1283 389/487/1286 391/483/1288
f 591/486/1289 592/656/1290 569/655/1287 391/483/1288
s 117
f 567/657/1291 568/658/1292 377/479/1293 378/482/1294
s 118
f 498/608/1295 566/659/1296 593/660/1297 594/605/1298
f 512/475/1299 565/661/1300 566/659/1296 498/608/1295
f 371/478/1301 564/662/1302 565/661/1300 512/475/1299
s 75
f 424/477/1303 563/663/1304 564/662/1305 371/478/1306
f 402/518/1307 562/664/1308 563/663/1304 424/477/1303
f 492/539/1309 561/665/1310 562/664/1308 402/518/1307
f 474/593/1311 560/666/1312 561/665/1310 492/539/1309
f 456/568/1313 559/667/1314 560/666/1312 474/593/1311
f 436/440/1315 558/668/1316 559/667/1314 456/568/1313
f 557/669/1317 558/668/1316 436/440/1315 372/439/1318
s 88
f 556/670/1319 557/669/1320 372/439/1321 380/444/1322
s 80
f 379/437/1323 555/671/1324 556/670/1325 380/444/1326
s 87
f 627/672/1327 626/673/1328 631/674/1329 632/675/1330
s 95
f 554/635/1253 553/634/1252 526/457/960 525/456/959
s 78
f 625/627/1249 630/632/1248 618/406/884 617/405/883
s 96
f 617/405/965 622/458/964 626/628/1244 625/627/1243
s 87
f 631/674/1329 626/673/1328 622/446/928 621/445/927
s 80
f 556/670/1325 555/671/1324 552/414/892 551/413/891
s 88
f 551/413/933 550/392/932 557/669/1320 556/670/1319
s 75
f 550/392/870 549/391/869 558/668/1316 557/669/1317
f 559/667/1314 558/668/1316 549/391/869 548/569/1125
f 560/666/1312 559/667/1314 548/569/1125 547/594/1159
f 561/665/1310 560/666/1312 547/594/1159 546/537/1081
f 562/664/1308 561/665/1310 546/537/1081 545/519/1059
f 563/663/1304 562/664/1308 545/519/1059 544/474/1000
f 564/662/1305 563/663/1304 544/474/1000 543/430/999
s off
f 540/411/889 539/410/888 568/658/1292 567/657/1291
s 94
f 572/649/1281 571/652/1280 536/455/956 535/403/955
s off
f 582/676/1331 581/677/1332 583/678/1333 584/679/1334
s 93
f 534/402/953 533/454/952 574/646/1272 573/645/1271
s 77
f 533/499/1033 532/498/1032 575/643/1267 574/644/1269
f 532/498/1032 531/507/1044 576/642/1265 575/643/1267
f 531/507/1044 530/550/1098 577/641/1263 576/642/1265
f 530/550/1098 529/581/1143 578/640/1261 577/641/1263
f 529/581/1143 528/556/1107 579/639/1259 578/640/1261
f 528/556/1107 527/398/876 580/637/1257 579/639/1259
f 553/638/1258 580/637/1257 527/398/876 526/397/875
s off
f 571/654/1335 570/653/1336 565/661/1337 564/662/1338
f 570/653/1339 569/655/1340 566/659/1341 565/661/1342
f 569/655/1343 592/656/1344 593/660/1345 566/659/1346
s 117
f 568/658/1347 539/410/1348 540/411/1349 567/657/1350
s off
f 608/602/1351 609/461/1352 538/459/1353 541/603/1354
f 538/459/1355 537/427/1356 542/429/1357 541/603/1358
f 537/427/1359 536/426/1360 543/430/1361 542/429/1362
f 536/455/1363 571/652/1364 564/662/1365 543/430/1366
f 535/403/1367 534/402/1368 581/677/1369 582/676/1370
f 534/402/1371 573/645/1372 583/678/1373 581/677/1374
f 573/645/1375 572/649/1376 584/679/1377 583/678/1378
f 572/649/1379 535/403/1380 582/676/1381 584/679/1382
s 85
f 454/566/1383 586/564/1118 585/438/920 379/437/919
f 472/591/1384 587/589/1154 586/564/1118 454/566/1383
f 490/540/1385 588/542/1087 587/589/1154 472/591/1384
f 404/515/1386 589/514/1054 588/542/1087 490/540/1385
f 422/480/1387 590/485/1013 589/514/1054 404/515/1386
f 591/486/1014 590/485/1013 422/480/1387 377/479/1388
s 116
f 568/658/1389 592/656/1290 591/486/1289 377/479/1390
s 118
f 594/605/1298 593/660/1297 567/657/1391 378/482/1392
s 86
f 423/481/1393 595/606/1172 594/605/1171 378/482/1394
f 403/516/1395 596/609/1175 595/606/1172 423/481/1393
f 491/541/1396 597/611/1177 596/609/1175 403/516/1395
f 473/590/1397 598/613/1179 597/611/1177 491/541/1396
f 455/565/1398 599/615/1181 598/613/1179 473/590/1397
f 380/444/926 600/443/925 599/615/1181 455/565/1398
s 82
f 458/573/1399 602/617/1183 601/423/905 376/416/904
f 476/598/1400 603/619/1185 602/617/1183 458/573/1399
f 494/533/1401 604/621/1187 603/619/1185 476/598/1400
f 400/522/1402 605/623/1189 604/621/1187 494/533/1401
f 426/470/1403 606/625/1191 605/623/1189 400/522/1402
f 607/601/1194 606/625/1191 426/470/1403 375/412/1404
s 84
f 540/411/1405 608/602/1168 607/601/1167 375/412/1406
s 83
f 610/462/970 609/461/969 539/410/1407 374/409/1408
s 81
f 427/471/1409 611/469/990 610/462/989 374/409/1410
f 399/523/1411 612/524/1065 611/469/990 427/471/1409
f 495/534/1412 613/532/1076 612/524/1065 399/523/1411
f 477/597/1413 614/599/1165 613/532/1076 495/534/1412
f 459/572/1414 615/574/1133 614/599/1165 477/597/1413
f 373/415/895 616/421/900 615/574/1133 459/572/1414
s off
f 608/602/1415 540/411/1416 567/657/1417 593/660/1418
s 79
f 540/411/1419 539/410/1420 568/658/1421 567/657/1422
s off
f 539/410/1423 609/461/1424 592/656/1425 568/658/1426
f 609/461/1427 608/602/1428 593/660/1429 592/656/1430
f 525/456/1431 381/385/1432 619/407/1433 618/406/1434
f 381/385/1435 384/388/1436 620/408/1437 619/407/1438
f 633/680/1439 634/681/1440 635/682/1441 636/683/1442
f 373/415/1443 552/414/1444 621/445/1445 624/448/1446
f 384/388/1447 363/417/1448 623/447/1449 620/408/1450
f 365/684/1451 385/685/1452 628/630/1453 627/629/1454
f 388/636/1455 554/635/1456 630/632/1457 629/631/1458
f 385/685/1459 388/636/1460 629/631/1461 628/630/1462
f 555/671/1463 379/437/1464 632/675/1465 631/674/1466
f 379/437/1467 365/436/1468 627/672/1469 632/675/1470
f 554/635/1471 525/456/1472 618/406/1473 630/632/1474
f 552/414/1475 555/671/1476 631/674/1477 621/445/1478
f 363/417/1479 373/415/1480 634/681/1481 633/680/1482
f 373/415/1483 624/448/1484 635/682/1485 634/681/1486
f 624/448/1487 623/447/1488 636/683/1489 635/682/1490
f 623/447/1491 363/417/1492 633/680/1493 636/683/1494
f 637/686/1495 638/687/1496 640/688/1497 639/689/1498
f 639/689/1499 640/688/1500 642/690/1501 641/691/1502
f 641/691/1503 642/690/1504 644/692/1505 643/693/1506
f 643/693/1507 644/692/1508 638/694/1509 637/695/1510
f 638/687/1511 644/696/1512 642/697/1513 640/688/1514
f 643/698/1515 637/686/1516 639/689/1517 641/699/1518
s 120
f 665/700/1519 680/701/1520 681/702/1521 672/703/1522
s 121
f 661/704/1523 728/705/1524 729/706/1525 664/707/1526
s 122
f 669/708/1527 670/709/1528 667/710/1529 668/711/1530
s 123
f 666/712/1531 667/713/1532 670/714/1533 671/715/1534
s off
f 651/716/1535 652/717/1536 654/718/1537 653/719/1538
f 652/717/1539 646/720/1540 655/721/1541 654/718/1542
s 120
f 678/722/1543 679/723/1544 645/724/1545 656/725/1546
s off
f 648/726/1547 650/727/1548 659/728/1549 658/729/1550
s 125
f 693/730/1551 727/731/1552 728/705/1553 661/704/1554
s 126
f 694/732/1555 695/733/1556 663/734/1557 662/735/1558
s 127
f 729/706/1559 730/736/1560 696/737/1561 664/707/1562
s 120
f 645/738/1563 679/739/1544 680/701/1520 665/700/1519
s 123
f 646/740/1564 652/741/1565 667/713/1532 666/712/1531
s 122
f 668/711/1530 667/710/1529 652/717/1566 651/716/1567
f 649/742/1568 650/727/1569 670/709/1528 669/708/1527
s 123
f 671/715/1534 670/714/1533 650/743/1570 648/726/1571
s 120
f 672/703/1522 681/702/1521 682/744/1572 647/745/1573
f 646/720/1574 674/746/1575 673/747/1576 655/721/1577
f 675/748/1578 674/749/1575 646/740/1579 666/712/1580
f 676/750/1581 675/748/1578 666/712/1580 671/715/1582
f 677/751/1583 676/750/1581 671/715/1582 648/726/1584
f 684/752/1585 683/753/1586 686/754/1587 685/755/1588
f 685/755/1588 686/754/1587 688/756/1589 687/757/1590
f 687/757/1590 688/756/1589 690/758/1591 689/759/1592
f 689/760/1592 690/761/1591 692/762/1593 691/763/1594
f 673/747/1576 674/746/1575 689/760/1592 691/763/1594
f 687/757/1590 689/759/1592 674/749/1575 675/748/1578
f 684/752/1585 685/755/1588 676/750/1581 677/751/1583
f 682/744/1572 681/702/1521 686/754/1587 683/753/1586
f 680/701/1520 679/739/1544 690/758/1591 688/756/1589
f 692/762/1593 690/761/1591 679/723/1544 678/722/1543
s 125
f 697/764/1595 726/765/1596 727/731/1552 693/730/1551
s 126
f 698/766/1597 699/767/1598 695/733/1556 694/732/1555
s 127
f 730/736/1560 731/768/1599 700/769/1600 696/737/1561
s 125
f 657/770/1601 725/771/1602 726/765/1596 697/764/1595
s 126
f 658/729/1603 659/728/1604 699/767/1598 698/766/1597
s 127
f 731/768/1599 732/772/1605 660/773/1606 700/769/1600
s 125
f 723/774/1607 724/775/1608 658/729/1609 698/766/1610
f 722/776/1611 723/774/1607 698/766/1610 694/732/1612
f 721/777/1613 722/776/1611 694/732/1612 662/735/1614
s 121
f 720/778/1615 721/777/1616 662/735/1617 663/734/1618
s 127
f 695/733/1619 719/779/1620 720/778/1621 663/734/1622
f 699/767/1623 718/780/1624 719/779/1620 695/733/1619
f 659/728/1625 717/781/1626 718/780/1624 699/767/1623
s 125
f 710/782/1627 709/783/1628 701/784/1629 702/785/1630
f 711/786/1631 710/782/1627 702/785/1630 703/787/1632
f 712/788/1633 711/786/1631 703/787/1632 704/789/1634
s 121
f 713/790/1635 712/788/1636 704/789/1637 705/791/1638
s 127
f 705/791/1639 706/792/1640 714/793/1641 713/790/1642
f 706/792/1640 707/794/1643 715/795/1644 714/793/1641
f 707/794/1643 708/796/1645 716/797/1646 715/795/1644
f 718/780/1624 717/781/1626 708/796/1645 707/794/1643
f 719/779/1620 718/780/1624 707/794/1643 706/792/1640
f 720/778/1621 719/779/1620 706/792/1640 705/791/1639
s 121
f 705/791/1638 704/789/1637 721/777/1616 720/778/1615
s 125
f 704/789/1634 703/787/1632 722/776/1611 721/777/1613
f 702/785/1630 701/784/1629 724/775/1608 723/774/1607
f 726/765/1596 725/771/1602 709/783/1628 710/782/1627
f 728/705/1553 727/731/1552 711/786/1631 712/788/1633
s 121
f 729/706/1525 728/705/1524 712/788/1636 713/790/1635
s 127
f 713/790/1642 714/793/1641 730/736/1560 729/706/1559
f 714/793/1641 715/795/1644 731/768/1599 730/736/1560
f 715/795/1644 716/797/1646 732/772/1605 731/768/1599
s off
f 676/750/1647 685/755/1648 702/785/1649 723/774/1650
f 685/755/1651 687/757/1652 703/787/1653 702/785/1654
f 687/757/1655 675/748/1656 722/776/1657 703/787/1658
f 675/748/1659 676/750/1660 723/774/1661 722/776/1662
f 681/702/1663 680/701/1664 727/731/1665 726/765/1666
f 680/701/1667 688/756/1668 711/786/1669 727/731/1670
f 688/756/1671 686/754/1672 710/782/1673 711/786/1674
f 686/754/1675 681/702/1676 726/765/1677 710/782/1678
f 733/798/1679 734/799/1680 736/800/1681 735/801/1682
f 745/802/1683 746/803/1684 747/804/1685 748/805/1686
f 737/806/1687 738/807/1688 740/808/1689 739/809/1690
f 739/809/1691 740/808/1692 734/810/1693 733/811/1694
f 734/799/1695 740/812/1696 738/813/1697 736/800/1698
f 739/814/1699 733/798/1700 735/801/1701 737/815/1702
f 735/801/1703 736/800/1704 742/816/1705 741/817/1706
f 736/800/1707 738/807/1708 743/818/1709 742/816/1710
f 738/807/1711 737/806/1712 744/819/1713 743/818/1714
f 737/806/1715 735/801/1716 741/817/1717 744/819/1718
f 741/817/1719 742/816/1720 746/803/1721 745/802/1722
f 742/816/1723 743/818/1724 747/804/1725 746/803/1726
f 743/818/1727 744/819/1728 748/805/1729 747/804/1730
f 744/819/1731 741/817/1732 745/802/1733 748/805/1734
f 749/820/1735 750/821/1736 752/822/1737 751/823/1738
f 751/823/1739 752/822/1740 754/824/1741 753/825/1742
f 753/825/1743 754/824/1744 756/826/1745 755/827/1746
f 755/827/1747 756/826/1748 750/828/1749 749/829/1750
f 750/821/1751 756/830/1752 754/831/1753 752/822/1754
f 755/832/1755 749/820/1756 751/823/1757 753/833/1758
f 757/834/1759 758/835/1760 760/836/1761 759/837/1762
f 769/838/1763 770/839/1764 771/840/1765 772/841/1766
f 761/842/1767 762/843/1768 764/844/1769 763/845/1770
f 763/845/1771 764/844/1772 758/846/1773 757/847/1774
f 758/835/1775 764/848/1776 762/849/1777 760/836/1778
f 763/850/1779 757/834/1780 759/837/1781 761/851/1782
f 759/837/1783 760/836/1784 766/852/1785 765/853/1786
f 760/836/1787 762/843/1788 767/854/1789 766/852/1790
f 762/843/1791 761/842/1792 768/855/1793 767/854/1794
f 761/842/1795 759/837/1796 765/853/1797 768/855/1798
f 765/853/1799 766/852/1800 770/839/1801 769/838/1802
f 766/852/1803 767/854/1804 771/840/1805 770/839/1806
f 767/854/1807 768/855/1808 772/841/1809 771/840/1810
f 768/855/1811 765/853/1812 769/838/1813 772/841/1814
s 133
f 773/856/1815 781/857/1816 782/858/1817 775/859/1818
s 134
f 775/859/1819 782/858/1820 783/860/1821 777/861/1822
s off
f 777/861/1823 783/860/1824 784/862/1825 779/863/1826
s 135
f 779/863/1827 784/862/1828 781/864/1829 773/865/1830
s off
f 774/866/1831 780/867/1832 778/868/1833 776/869/1834
f 779/870/1835 773/856/1836 775/859/1837 777/871/1838
s 133
f 782/858/1817 781/857/1816 774/866/1839 776/869/1840
s 134
f 783/860/1821 782/858/1820 776/869/1841 778/872/1842
s off
f 786/873/1843 785/874/1844 787/875/1845 788/876/1846
s 135
f 781/864/1829 784/862/1828 780/877/1847 774/878/1848
s off
f 784/862/1849 783/860/1850 789/879/1851 790/880/1852
s 136
f 783/860/1853 778/872/1854 792/881/1855 789/879/1856
s 137
f 778/872/1857 780/877/1858 791/882/1859 792/881/1860
s 138
f 780/877/1861 784/862/1862 790/880/1863 791/882/1864
s off
f 794/883/1865 793/884/1866 795/885/1867 796/886/1868
s 138
f 791/882/1864 790/880/1863 786/873/1869 788/876/1870
s 137
f 792/881/1860 791/882/1859 788/876/1871 787/875/1872
s 136
f 789/879/1856 792/881/1855 787/875/1873 785/874/1874
s off
f 790/880/1875 789/879/1876 793/884/1877 794/883/1878
f 789/879/1879 785/874/1880 795/885/1881 793/884/1882
f 785/874/1883 786/873/1884 796/886/1885 795/885/1886
f 786/873/1887 790/880/1888 794/883/1889 796/886/1890
f 797/887/1891 798/888/1892 800/889/1893 799/890/1894
f 809/891/1895 810/892/1896 811/893/1897 812/894/1898
f 801/895/1899 802/896/1900 804/897/1901 803/898/1902
f 803/898/1903 804/897/1904 798/899/1905 797/900/1906
f 798/888/1907 804/901/1908 802/902/1909 800/889/1910
f 803/903/1911 797/887/1912 799/890/1913 801/904/1914
f 799/890/1915 800/889/1916 806/905/1917 805/906/1918
f 800/889/1919 802/896/1920 807/907/1921 806/905/1922
f 802/896/1923 801/895/1924 808/908/1925 807/907/1926
f 801/895/1927 799/890/1928 805/906/1929 808/908/1930
f 805/906/1931 806/905/1932 810/892/1933 809/891/1934
f 806/905/1935 807/907/1936 811/893/1937 810/892/1938
f 807/907/1939 808/908/1940 812/894/1941 811/893/1942
f 808/908/1943 805/906/1944 809/891/1945 812/894/1946
f 813/909/1947 814/910/1948 816/911/1949 815/912/1950
f 825/913/1951 826/914/1952 827/915/1953 828/916/1954
f 817/917/1955 818/918/1956 820/919/1957 819/920/1958
f 819/920/1959 820/919/1960 814/921/1961 813/922/1962
f 814/910/1963 820/923/1964 818/924/1965 816/911/1966
f 819/925/1967 813/909/1968 815/912/1969 817/926/1970
f 815/912/1971 816/911/1972 822/927/1973 821/928/1974
f 816/911/1975 818/918/1976 823/929/1977 822/927/1978
f 818/918/1979 817/917/1980 824/930/1981 823/929/1982
f 817/917/1983 815/912/1984 821/928/1985 824/930/1986
f 821/928/1987 822/927/1988 826/914/1989 825/913/1990
f 822/927/1991 823/929/1992 827/915/1993 826/914/1994
f 823/929/1995 824/930/1996 828/916/1997 827/915/1998
f 824/930/1999 821/928/2000 825/913/2001 828/916/2002
s 139
f 829/931/2003 837/932/2004 838/933/2005 830/934/2006
s 140
f 830/934/2007 838/933/2008 839/935/2009 831/936/2010
s off
f 845/937/2011 846/938/2012 847/939/2013 848/940/2014
s 141
f 832/941/2015 840/942/2016 837/943/2017 829/944/2018
s off
f 832/945/2019 829/931/2020 830/934/2021 831/946/2022
f 834/947/2023 833/948/2024 836/949/2025 835/950/2026
s 139
f 838/933/2005 837/932/2004 841/951/2027 842/952/2028
s 140
f 839/935/2009 838/933/2008 842/952/2029 843/953/2030
s off
f 840/942/2031 839/935/2032 843/953/2033 844/954/2034
s 141
f 837/943/2017 840/942/2016 844/954/2035 841/955/2036
s 139
f 842/952/2028 841/951/2027 833/956/2037 834/947/2038
s 140
f 843/953/2030 842/952/2029 834/947/2039 835/950/2040
s off
f 850/957/2041 849/958/2042 851/959/2043 852/960/2044
s 141
f 841/955/2036 844/954/2035 836/949/2045 833/948/2046
s off
f 831/936/2047 839/935/2048 846/938/2049 845/937/2050
f 839/935/2051 840/942/2052 847/939/2053 846/938/2054
f 840/942/2055 832/941/2056 848/940/2057 847/939/2058
f 832/941/2059 831/936/2060 845/937/2061 848/940/2062
f 844/954/2063 843/953/2064 849/958/2065 850/957/2066
f 843/953/2067 835/950/2068 851/959/2069 849/958/2070
f 835/950/2071 836/949/2072 852/960/2073 851/959/2074
f 836/949/2075 844/954/2076 850/957/2077 852/960/2078
s 142
f 853/961/2079 885/962/2080 886/963/2081 877/964/2082
s 143
f 865/965/2083 890/966/2084 891/967/2085 868/968/2086
s 144
f 878/969/2087 895/970/2088 896/971/2089 859/972/2090
s 145
f 859/972/2091 896/971/2092 885/973/2093 853/974/2094
s 146
f 854/975/2095 860/976/2096 879/977/2097 880/978/2098
s 147
f 859/979/2099 853/961/2100 877/964/2101 878/980/2102
s 148
f 855/981/2103 888/982/2104 889/983/2105 861/984/2106
s off
f 856/985/2107 858/986/2108 863/987/2109 862/988/2110
s 149
f 892/989/2111 893/990/2112 857/991/2113 864/992/2114
s off
f 857/991/2115 855/981/2116 861/984/2117 864/992/2118
s 150
f 861/984/2119 889/983/2120 924/993/2121 917/994/2122
s 151
f 862/988/2123 863/987/2124 921/995/2125 922/996/2126
s 152
f 918/997/2127 919/998/2128 892/989/2129 864/992/2130
s 153
f 864/992/2131 861/984/2132 917/994/2133 918/997/2134
s off
f 869/999/2135 870/1000/2136 872/1001/2137 871/1002/2138
f 871/1002/2139 872/1001/2140 874/1003/2141 873/1004/2142
f 873/1004/2143 874/1003/2144 876/1005/2145 875/1006/2146
f 875/1006/2147 876/1005/2148 870/1007/2149 869/1008/2150
f 870/1000/2151 876/1009/2152 874/1010/2153 872/1001/2154
f 875/1011/2155 869/999/2156 871/1002/2157 873/1012/2158
s 147
f 881/1013/2159 882/1014/2160 855/981/2161 857/1015/2162
s 144
f 857/991/2163 893/990/2164 894/1016/2165 881/1017/2166
s 146
f 883/1018/2167 884/1019/2168 858/1020/2169 856/985/2170
s 142
f 882/1014/2171 887/1021/2172 888/982/2173 855/981/2174
s 147
f 878/980/2102 877/964/2101 882/1014/2160 881/1013/2159
s 142
f 877/964/2082 886/963/2081 887/1021/2172 882/1014/2171
s 146
f 880/978/2098 879/977/2097 884/1019/2168 883/1018/2167
s 144
f 881/1017/2166 894/1016/2165 895/970/2088 878/969/2087
s 142
f 897/1022/2175 898/1023/2176 854/975/2177 880/978/2178
f 908/1024/2179 897/1022/2175 880/978/2178 883/1018/2180
f 907/1025/2181 908/1024/2179 883/1018/2180 856/985/2182
s 148
f 906/1026/2183 907/1025/2184 856/985/2185 862/988/2186
s 150
f 922/996/2187 923/1027/2188 906/1026/2189 862/988/2190
s 143
f 904/1028/2191 905/1029/2192 866/1030/2193 867/1031/2194
s 152
f 863/987/2195 903/1032/2196 920/1033/2197 921/995/2198
s 149
f 858/986/2199 902/1034/2200 903/1032/2201 863/987/2202
s 144
f 901/1035/2203 902/1034/2204 858/986/2205 884/1036/2206
f 900/1037/2207 901/1035/2203 884/1036/2206 879/1038/2208
f 899/1039/2209 900/1037/2207 879/1038/2208 860/1040/2210
s 145
f 898/1041/2211 899/1039/2212 860/1040/2213 854/1042/2214
s 142
f 886/963/2081 885/962/2080 898/1023/2176 897/1022/2175
s 145
f 885/973/2093 896/971/2092 899/1039/2212 898/1041/2211
s 144
f 896/971/2089 895/970/2088 900/1037/2207 899/1039/2209
f 895/970/2088 894/1016/2165 901/1035/2203 900/1037/2207
f 894/1016/2165 893/990/2164 902/1034/2204 901/1035/2203
s 149
f 903/1032/2201 902/1034/2200 893/990/2112 892/989/2111
s 152
f 919/998/2128 920/1033/2197 903/1032/2196 892/989/2129
s 143
f 891/967/2085 890/966/2084 905/1029/2192 904/1028/2191
s 150
f 923/1027/2188 924/993/2121 889/983/2120 906/1026/2189
s 148
f 889/983/2105 888/982/2104 907/1025/2184 906/1026/2183
s 142
f 888/982/2173 887/1021/2172 908/1024/2179 907/1025/2181
s 153
f 910/1043/2215 909/1044/2216 865/965/2217 868/968/2218
s 152
f 891/967/2219 911/1045/2220 910/1043/2221 868/968/2222
f 904/1028/2223 912/1046/2224 911/1045/2220 891/967/2219
f 913/1047/2225 912/1046/2224 904/1028/2223 867/1031/2226
s 151
f 914/1048/2227 913/1047/2228 867/1031/2229 866/1030/2230
s 150
f 905/1029/2231 915/1049/2232 914/1048/2233 866/1030/2234
f 890/966/2235 916/1050/2236 915/1049/2232 905/1029/2231
f 909/1044/2237 916/1050/2236 890/966/2235 865/965/2238
s 153
f 918/997/2134 917/994/2133 909/1044/2216 910/1043/2215
s 152
f 910/1043/2221 911/1045/2220 919/998/2128 918/997/2127
f 911/1045/2220 912/1046/2224 920/1033/2197 919/998/2128
f 921/995/2198 920/1033/2197 912/1046/2224 913/1047/2225
s 151
f 922/996/2126 921/995/2125 913/1047/2228 914/1048/2227
s 150
f 914/1048/2233 915/1049/2232 923/1027/2188 922/996/2187
f 917/994/2122 924/993/2121 916/1050/2236 909/1044/2237
s off
f 908/1024/2239 887/1021/2240 924/993/2241 923/1027/2242
f 887/1021/2243 886/963/2244 916/1050/2245 924/993/2246
f 886/963/2247 897/1022/2248 915/1049/2249 916/1050/2250
f 897/1022/2251 908/1024/2252 923/1027/2253 915/1049/2254
f 925/1051/2255 926/1052/2256 928/1053/2257 927/1054/2258
f 927/1054/2259 928/1053/2260 930/1055/2261 929/1056/2262
f 929/1056/2263 930/1055/2264 932/1057/2265 931/1058/2266
f 931/1058/2267 932/1057/2268 926/1059/2269 925/1060/2270
f 926/1052/2271 932/1061/2272 930/1062/2273 928/1053/2274
f 931/1063/2275 925/1051/2276 927/1054/2277 929/1064/2278
s 158
f 933/1065/2279 957/1066/2280 958/1067/2281 950/1068/2282
s 159
f 945/1069/2283 962/1070/2284 963/1071/2285 948/1072/2286
s 160
f 951/1073/2287 967/1074/2288 968/1075/2289 939/1076/2290
s 161
f 939/1077/2291 933/1065/2292 950/1068/2293 951/1078/2294
s 162
f 935/1079/2295 960/1080/2296 961/1081/2297 941/1082/2298
s 163
f 964/1083/2299 965/1084/2300 937/1085/2301 944/1086/2302
s off
f 937/1085/2303 935/1079/2304 941/1082/2305 944/1086/2306
s 164
f 941/1082/2307 961/1081/2308 991/1087/2309 992/1088/2310
s 165
f 993/1089/2311 994/1090/2312 964/1083/2313 944/1086/2314
s 166
f 944/1086/2315 941/1082/2316 992/1088/2317 993/1089/2318
s 158
f 955/1091/2319 959/1092/2320 960/1080/2321 935/1079/2322
s 161
f 954/1093/2323 955/1091/2324 935/1079/2325 937/1094/2326
s 160
f 937/1085/2327 965/1084/2328 966/1095/2329 954/1096/2330
f 954/1096/2330 966/1095/2329 967/1074/2288 951/1073/2287
s 161
f 951/1078/2294 950/1068/2293 955/1091/2324 954/1093/2323
s 158
f 950/1068/2282 958/1067/2281 959/1092/2320 955/1091/2319
f 979/1097/2331 980/1098/2332 934/1099/2333 949/1100/2334
f 978/1101/2335 979/1097/2331 949/1100/2334 956/1102/2336
f 977/1103/2337 978/1101/2335 956/1102/2336 936/1104/2338
s 162
f 976/1105/2339 977/1103/2340 936/1104/2341 942/1106/2342
s 164
f 989/1107/2343 990/1108/2344 976/1105/2345 942/1106/2346
s 159
f 974/1109/2347 975/1110/2348 946/1111/2349 947/1112/2350
s 165
f 943/1113/2351 973/1114/2352 995/1115/2353 996/1116/2354
s 163
f 938/1117/2355 972/1118/2356 973/1114/2357 943/1113/2358
s 160
f 971/1119/2359 972/1118/2360 938/1117/2361 953/1120/2362
f 970/1121/2363 971/1119/2359 953/1120/2362 952/1122/2364
f 969/1123/2365 970/1121/2363 952/1122/2364 940/1124/2366
f 968/1075/2289 967/1074/2288 970/1121/2363 969/1123/2365
f 967/1074/2288 966/1095/2329 971/1119/2359 970/1121/2363
f 966/1095/2329 965/1084/2328 972/1118/2360 971/1119/2359
s 163
f 973/1114/2357 972/1118/2356 965/1084/2300 964/1083/2299
s 165
f 994/1090/2312 995/1115/2353 973/1114/2352 964/1083/2313
s 159
f 963/1071/2285 962/1070/2284 975/1110/2348 974/1109/2347
s 164
f 990/1108/2344 991/1087/2309 961/1081/2308 976/1105/2345
s 162
f 961/1081/2297 960/1080/2296 977/1103/2340 976/1105/2339
s 158
f 960/1080/2321 959/1092/2320 978/1101/2335 977/1103/2337
f 958/1067/2281 957/1066/2280 980/1098/2332 979/1097/2331
s 164
f 975/1110/2367 982/1125/2368 981/1126/2369 946/1111/2370
f 962/1070/2371 983/1127/2372 982/1125/2368 975/1110/2367
f 984/1128/2373 983/1127/2372 962/1070/2371 945/1069/2374
s 166
f 985/1129/2375 984/1128/2376 945/1069/2377 948/1072/2378
s 165
f 963/1071/2379 986/1130/2380 985/1129/2381 948/1072/2382
f 974/1109/2383 987/1131/2384 986/1130/2380 963/1071/2379
f 988/1132/2385 987/1131/2384 974/1109/2383 947/1112/2386
s 164
f 981/1126/2369 982/1125/2368 990/1108/2344 989/1107/2343
f 992/1088/2310 991/1087/2309 983/1127/2372 984/1128/2373
s 166
f 993/1089/2318 992/1088/2317 984/1128/2376 985/1129/2375
s 165
f 985/1129/2381 986/1130/2380 994/1090/2312 993/1089/2311
f 986/1130/2380 987/1131/2384 995/1115/2353 994/1090/2312
f 996/1116/2354 995/1115/2353 987/1131/2384 988/1132/2385
s off
f 978/1101/2387 959/1092/2388 991/1087/2389 990/1108/2390
f 959/1092/2391 958/1067/2392 983/1127/2393 991/1087/2394
f 958/1067/2395 979/1097/2396 982/1125/2397 983/1127/2398
f 979/1097/2399 978/1101/2400 990/1108/2401 982/1125/2402
f 997/1133/2403 998/1134/2404 1000/1135/2405 999/1136/2406
f 999/1136/2407 1000/1135/2408 1002/1137/2409 1001/1138/2410
f 1001/1138/2411 1002/1137/2412 1004/1139/2413 1003/1140/2414
f 1003/1140/2415 1004/1139/2416 998/1141/2417 997/1142/2418
f 998/1134/2419 1004/1143/2420 1002/1144/2421 1000/1135/2422
f 1003/1145/2423 997/1133/2424 999/1136/2425 1001/1146/2426
s 171
f 1033/1147/2427 1078/1148/2428 1079/1149/2429 1040/1150/2430
s 172
f 1021/1151/2431 1082/1152/2432 1083/1153/2433 1024/1154/2434
s 173
f 1037/1155/2435 1086/1156/2436 1087/1157/2437 1036/1158/2438
s 174
f 1013/1159/2439 1091/1160/2440 1092/1161/2441 1016/1162/2442
s 175
f 1034/1163/2443 1035/1164/2444 1038/1165/2445 1039/1166/2446
s 176
f 1025/1167/2447 1089/1168/2448 1090/1169/2449 1028/1170/2450
s off
f 1026/1171/2451 1029/1172/2452 1030/1173/2453 1027/1174/2454
s 177
f 1093/1175/2455 1094/1176/2456 1031/1177/2457 1032/1178/2458
s 178
f 1007/1179/2459 1080/1180/2460 1081/1181/2461 1017/1182/2462
s off
f 1008/1183/2463 1010/1184/2464 1019/1185/2465 1018/1186/2466
s 179
f 1084/1187/2467 1085/1188/2468 1009/1189/2469 1020/1190/2470
s off
f 1009/1189/2471 1007/1179/2472 1017/1182/2473 1020/1190/2474
s 180
f 1125/1191/2475 1126/1192/2476 1082/1152/2477 1021/1151/2478
s 181
f 1130/1193/2479 1131/1194/2480 1023/1195/2481 1022/1196/2482
s 182
f 1083/1153/2483 1135/1197/2484 1136/1198/2485 1024/1154/2486
s 183
f 1011/1199/2487 1088/1200/2488 1089/1168/2489 1025/1167/2490
s 184
f 1090/1169/2491 1091/1160/2492 1013/1159/2493 1028/1170/2494
s off
f 1012/1201/2495 1006/1202/2496 1029/1172/2497 1026/1171/2498
f 1015/1203/2499 1014/1204/2500 1027/1174/2501 1030/1173/2502
s 185
f 1094/1176/2503 1077/1205/2504 1005/1206/2505 1031/1177/2506
s 186
f 1016/1162/2507 1092/1161/2508 1093/1175/2509 1032/1178/2510
s off
f 1013/1159/2511 1016/1162/2512 1032/1178/2513 1028/1170/2514
s 171
f 1005/1207/2515 1077/1208/2516 1078/1148/2428 1033/1147/2427
s 175
f 1006/1209/2517 1012/1210/2518 1035/1164/2444 1034/1163/2443
s 173
f 1036/1158/2438 1087/1157/2437 1088/1200/2519 1011/1199/2520
f 1009/1189/2521 1085/1188/2522 1086/1156/2436 1037/1155/2435
s 175
f 1039/1166/2446 1038/1165/2445 1010/1211/2523 1008/1183/2524
s 171
f 1040/1150/2430 1079/1149/2429 1080/1180/2525 1007/1179/2526
f 1068/1212/2527 1069/1213/2528 1006/1209/2529 1034/1163/2530
f 1067/1214/2531 1068/1212/2527 1034/1163/2530 1039/1166/2532
f 1066/1215/2533 1067/1214/2531 1039/1166/2532 1008/1183/2534
s 178
f 1065/1216/2535 1066/1215/2536 1008/1183/2537 1018/1186/2538
s 180
f 1064/1217/2539 1129/1218/2540 1130/1193/2541 1022/1196/2542
s 172
f 1063/1219/2543 1064/1217/2544 1022/1196/2545 1023/1195/2546
s 182
f 1131/1194/2547 1132/1220/2548 1063/1219/2549 1023/1195/2550
s 179
f 1010/1184/2551 1061/1221/2552 1062/1222/2553 1019/1185/2554
s 173
f 1060/1223/2555 1061/1221/2556 1010/1184/2557 1038/1224/2558
f 1059/1225/2559 1060/1223/2555 1038/1224/2558 1035/1226/2560
f 1076/1227/2561 1059/1225/2559 1035/1226/2560 1012/1201/2562
s 183
f 1075/1228/2563 1076/1227/2564 1012/1201/2565 1026/1171/2566
s 176
f 1074/1229/2567 1075/1228/2568 1026/1171/2569 1027/1174/2570
s 184
f 1014/1204/2571 1073/1230/2572 1074/1229/2573 1027/1174/2574
s 174
f 1072/1231/2575 1073/1230/2576 1014/1204/2577 1015/1203/2578
s 186
f 1071/1232/2579 1072/1231/2580 1015/1203/2581 1030/1173/2582
s 177
f 1029/1172/2583 1070/1233/2584 1071/1232/2585 1030/1173/2586
s 185
f 1006/1202/2587 1069/1234/2588 1070/1233/2589 1029/1172/2590
s 173
f 1051/1235/2591 1050/1236/2592 1060/1223/2555 1059/1225/2559
f 1050/1236/2592 1049/1237/2593 1061/1221/2556 1060/1223/2555
s 179
f 1062/1222/2553 1061/1221/2552 1049/1237/2594 1048/1238/2595
s 182
f 1063/1219/2549 1132/1220/2548 1133/1239/2596 1047/1240/2597
s 172
f 1047/1240/2598 1046/1241/2599 1064/1217/2544 1063/1219/2543
s 180
f 1046/1241/2600 1128/1242/2601 1129/1218/2540 1064/1217/2539
s 178
f 1045/1243/2602 1044/1244/2603 1066/1215/2536 1065/1216/2535
s 171
f 1044/1244/2604 1043/1245/2605 1067/1214/2531 1066/1215/2533
f 1042/1246/2606 1041/1247/2607 1069/1213/2528 1068/1212/2527
s 185
f 1070/1233/2589 1069/1234/2588 1041/1248/2608 1058/1249/2609
s 177
f 1071/1232/2585 1070/1233/2584 1058/1249/2610 1057/1250/2611
s 186
f 1057/1250/2612 1056/1251/2613 1072/1231/2580 1071/1232/2579
s 174
f 1056/1251/2614 1055/1252/2615 1073/1230/2576 1072/1231/2575
s 184
f 1074/1229/2573 1073/1230/2572 1055/1252/2616 1054/1253/2617
s 176
f 1054/1253/2618 1053/1254/2619 1075/1228/2568 1074/1229/2567
s 183
f 1053/1254/2620 1052/1255/2621 1076/1227/2564 1075/1228/2563
s 173
f 1052/1255/2622 1051/1235/2591 1059/1225/2559 1076/1227/2561
s 171
f 1096/1256/2623 1097/1257/2624 1041/1247/2607 1042/1246/2606
f 1095/1258/2625 1096/1256/2623 1042/1246/2606 1043/1245/2605
f 1112/1259/2626 1095/1258/2625 1043/1245/2605 1044/1244/2604
s 178
f 1111/1260/2627 1112/1259/2628 1044/1244/2603 1045/1243/2602
s 180
f 1110/1261/2629 1127/1262/2630 1128/1242/2601 1046/1241/2600
s 172
f 1109/1263/2631 1110/1261/2632 1046/1241/2599 1047/1240/2598
s 182
f 1047/1240/2597 1133/1239/2596 1134/1264/2633 1109/1263/2634
s 179
f 1048/1238/2595 1049/1237/2594 1107/1265/2635 1108/1266/2636
s 173
f 1106/1267/2637 1107/1265/2638 1049/1237/2593 1050/1236/2592
f 1105/1268/2639 1106/1267/2637 1050/1236/2592 1051/1235/2591
f 1104/1269/2640 1105/1268/2639 1051/1235/2591 1052/1255/2622
s 183
f 1103/1270/2641 1104/1269/2642 1052/1255/2621 1053/1254/2620
s 176
f 1102/1271/2643 1103/1270/2644 1053/1254/2619 1054/1253/2618
s 184
f 1054/1253/2617 1055/1252/2616 1101/1272/2645 1102/1271/2646
s 174
f 1100/1273/2647 1101/1272/2648 1055/1252/2615 1056/1251/2614
s 186
f 1099/1274/2649 1100/1273/2650 1056/1251/2613 1057/1250/2612
s 177
f 1057/1250/2611 1058/1249/2610 1098/1275/2651 1099/1274/2652
s 185
f 1058/1249/2609 1041/1248/2608 1097/1276/2653 1098/1275/2654
s 171
f 1078/1148/2428 1077/1208/2516 1097/1257/2624 1096/1256/2623
s 185
f 1098/1275/2654 1097/1276/2653 1077/1205/2504 1094/1176/2503
s 177
f 1099/1274/2652 1098/1275/2651 1094/1176/2456 1093/1175/2455
s 186
f 1093/1175/2509 1092/1161/2508 1100/1273/2650 1099/1274/2649
s 174
f 1092/1161/2441 1091/1160/2440 1101/1272/2648 1100/1273/2647
s 184
f 1102/1271/2646 1101/1272/2645 1091/1160/2492 1090/1169/2491
s 176
f 1090/1169/2449 1089/1168/2448 1103/1270/2644 1102/1271/2643
s 183
f 1089/1168/2489 1088/1200/2488 1104/1269/2642 1103/1270/2641
s 173
f 1088/1200/2519 1087/1157/2437 1105/1268/2639 1104/1269/2640
f 1087/1157/2437 1086/1156/2436 1106/1267/2637 1105/1268/2639
f 1086/1156/2436 1085/1188/2522 1107/1265/2638 1106/1267/2637
s 179
f 1108/1266/2636 1107/1265/2635 1085/1188/2468 1084/1187/2467
s 182
f 1109/1263/2634 1134/1264/2633 1135/1197/2484 1083/1153/2483
s 172
f 1083/1153/2433 1082/1152/2432 1110/1261/2632 1109/1263/2631
s 180
f 1082/1152/2477 1126/1192/2476 1127/1262/2630 1110/1261/2629
s 178
f 1081/1181/2461 1080/1180/2460 1112/1259/2628 1111/1260/2627
s 171
f 1080/1180/2525 1079/1149/2429 1095/1258/2625 1112/1259/2626
s 180
f 1017/1182/2655 1081/1181/2656 1114/1277/2657 1113/1278/2658
f 1115/1279/2659 1114/1277/2657 1081/1181/2656 1111/1260/2660
f 1116/1280/2661 1115/1279/2659 1111/1260/2660 1045/1243/2662
f 1117/1281/2663 1116/1280/2661 1045/1243/2662 1065/1216/2664
f 1118/1282/2665 1117/1281/2663 1065/1216/2664 1018/1186/2666
s 181
f 1018/1186/2667 1019/1185/2668 1119/1283/2669 1118/1282/2670
s 182
f 1019/1185/2671 1062/1222/2672 1120/1284/2673 1119/1283/2674
f 1121/1285/2675 1120/1284/2673 1062/1222/2672 1048/1238/2676
f 1122/1286/2677 1121/1285/2675 1048/1238/2676 1108/1266/2678
f 1123/1287/2679 1122/1286/2677 1108/1266/2678 1084/1187/2680
f 1124/1288/2681 1123/1287/2679 1084/1187/2680 1020/1190/2682
s 180
f 1113/1278/2658 1114/1277/2657 1126/1192/2476 1125/1191/2475
f 1128/1242/2601 1127/1262/2630 1115/1279/2659 1116/1280/2661
f 1130/1193/2541 1129/1218/2540 1117/1281/2663 1118/1282/2665
s 181
f 1118/1282/2670 1119/1283/2669 1131/1194/2480 1130/1193/2479
s 182
f 1119/1283/2674 1120/1284/2673 1132/1220/2548 1131/1194/2547
f 1133/1239/2596 1132/1220/2548 1120/1284/2673 1121/1285/2675
f 1134/1264/2633 1133/1239/2596 1121/1285/2675 1122/1286/2677
f 1135/1197/2484 1134/1264/2633 1122/1286/2677 1123/1287/2679
f 1136/1198/2485 1135/1197/2484 1123/1287/2679 1124/1288/2681
s off
f 1096/1256/2683 1095/1258/2684 1115/1279/2685 1127/1262/2686
f 1095/1258/2687 1079/1149/2688 1114/1277/2689 1115/1279/2690
f 1079/1149/2691 1078/1148/2692 1126/1192/2693 1114/1277/2694
f 1078/1148/2695 1096/1256/2696 1127/1262/2697 1126/1192/2698
f 1068/1212/2699 1067/1214/2700 1117/1281/2701 1129/1218/2702
f 1067/1214/2703 1043/1245/2704 1116/1280/2705 1117/1281/2706
f 1043/1245/2707 1042/1246/2708 1128/1242/2709 1116/1280/2710
f 1042/1246/2711 1068/1212/2712 1129/1218/2713 1128/1242/2714
f 1137/1289/2715 1138/1290/2716 1140/1291/2717 1139/1292/2718
f 1149/1293/2719 1150/1294/2720 1151/1295/2721 1152/1296/2722
f 1141/1297/2723 1142/1298/2724 1144/1299/2725 1143/1300/2726
f 1143/1300/2727 1144/1299/2728 1138/1301/2729 1137/1302/2730
f 1138/1290/2731 1144/1303/2732 1142/1304/2733 1140/1291/2734
f 1143/1305/2735 1137/1289/2736 1139/1292/2737 1141/1306/2738
f 1139/1292/2739 1140/1291/2740 1146/1307/2741 1145/1308/2742
f 1140/1291/2743 1142/1298/2744 1147/1309/2745 1146/1307/2746
f 1142/1298/2747 1141/1297/2748 1148/1310/2749 1147/1309/2750
f 1141/1297/2751 1139/1292/2752 1145/1308/2753 1148/1310/2754
f 1145/1308/2755 1146/1307/2756 1150/1294/2757 1149/1293/2758
f 1146/1307/2759 1147/1309/2760 1151/1295/2761 1150/1294/2762
f 1147/1309/2763 1148/1310/2764 1152/1296/2765 1151/1295/2766
f 1148/1310/2767 1145/1308/2768 1149/1293/2769 1152/1296/2770
f 1153/1311/2771 1154/1312/2772 1156/1313/2773 1155/1314/2774
f 1165/1315/2775 1166/1316/2776 1167/1317/2777 1168/1318/2778
f 1157/1319/2779 1158/1320/2780 1160/1321/2781 1159/1322/2782
f 1159/1322/2783 1160/1321/2784 1154/1323/2785 1153/1324/2786
f 1154/1312/2787 1160/1325/2788 1158/1326/2789 1156/1313/2790
f 1159/1327/2791 1153/1311/2792 1155/1314/2793 1157/1328/2794
f 1155/1314/2795 1156/1313/2796 1162/1329/2797 1161/1330/2798
f 1156/1313/2799 1158/1320/2800 1163/1331/2801 1162/1329/2802
f 1158/1320/2803 1157/1319/2804 1164/1332/2805 1163/1331/2806
f 1157/1319/2807 1155/1314/2808 1161/1330/2809 1164/1332/2810
f 1161/1330/2811 1162/1329/2812 1166/1316/2813 1165/1315/2814
f 1162/1329/2815 1163/1331/2816 1167/1317/2817 1166/1316/2818
f 1163/1331/2819 1164/1332/2820 1168/1318/2821 1167/1317/2822
f 1164/1332/2823 1161/1330/2824 1165/1315/2825 1168/1318/2826
s 203
f 1169/1333/2827 1170/1334/2828 1182/1335/2829 1181/1336/2830
f 1170/1334/2828 1171/1337/2831 1183/1338/2832 1182/1335/2829
f 1171/1337/2831 1172/1339/2833 1184/1340/2834 1183/1338/2832
f 1172/1339/2833 1173/1341/2835 1185/1342/2836 1184/1340/2834
f 1173/1341/2835 1174/1343/2837 1186/1344/2838 1185/1342/2836
f 1174/1343/2837 1175/1345/2839 1187/1346/2840 1186/1344/2838
f 1175/1345/2839 1176/1347/2841 1188/1348/2842 1187/1346/2840
f 1176/1347/2841 1177/1349/2843 1189/1350/2844 1188/1348/2842
f 1177/1349/2843 1178/1351/2845 1190/1352/2846 1189/1350/2844
f 1178/1351/2845 1179/1353/2847 1191/1354/2848 1190/1352/2846
f 1179/1353/2847 1180/1355/2849 1192/1356/2850 1191/1354/2848
f 1180/1355/2849 1169/1357/2827 1181/1358/2830 1192/1356/2850
s 204
f 1170/1359/2851 1169/1360/2852 1193/1361/2853
f 1171/1362/2854 1170/1359/2851 1193/1361/2853
f 1172/1363/2855 1171/1362/2854 1193/1361/2853
f 1173/1364/2856 1172/1363/2855 1193/1361/2853
f 1174/1365/2857 1173/1364/2856 1193/1361/2853
f 1175/1366/2858 1174/1365/2857 1193/1361/2853
f 1176/1367/2859 1175/1366/2858 1193/1361/2853
f 1177/1368/2860 1176/1367/2859 1193/1361/2853
f 1178/1369/2861 1177/1368/2860 1193/1361/2853
f 1179/1370/2862 1178/1369/2861 1193/1361/2853
f 1180/1371/2863 1179/1370/2862 1193/1361/2853
f 1169/1360/2852 1180/1371/2863 1193/1361/2853
s 205
f 1181/1372/2864 1182/1373/2865 1194/1374/2866
f 1182/1373/2865 1183/1375/2867 1194/1374/2866
f 1183/1375/2867 1184/1376/2868 1194/1374/2866
f 1184/1376/2868 1185/1377/2869 1194/1374/2866
f 1185/1377/2869 1186/1378/2870 1194/1374/2866
f 1186/1378/2870 1187/1379/2871 1194/1374/2866
f 1187/1379/2871 1188/1380/2872 1194/1374/2866
f 1188/1380/2872 1189/1381/2873 1194/1374/2866
f 1189/1381/2873 1190/1382/2874 1194/1374/2866
f 1190/1382/2874 1191/1383/2875 1194/1374/2866
f 1191/1383/2875 1192/1384/2876 1194/1374/2866
f 1192/1384/2876 1181/1372/2864 1194/1374/2866
s off
f 1195/1385/2877 1196/1386/2878 1198/1387/2879 1197/1388/2880
f 1207/1389/2881 1208/1390/2882 1209/1391/2883 1210/1392/2884
f 1199/1393/2885 1200/1394/2886 1202/1395/2887 1201/1396/2888
f 1201/1396/2889 1202/1395/2890 1196/1397/2891 1195/1398/2892
f 1196/1386/2893 1202/1399/2894 1200/1400/2895 1198/1387/2896
f 1201/1401/2897 1195/1385/2898 1197/1388/2899 1199/1402/2900
f 1197/1388/2901 1198/1387/2902 1204/1403/2903 1203/1404/2904
f 1198/1387/2905 1200/1394/2906 1205/1405/2907 1204/1403/2908
f 1200/1394/2909 1199/1393/2910 1206/1406/2911 1205/1405/2912
f 1199/1393/2913 1197/1388/2914 1203/1404/2915 1206/1406/2916
f 1203/1404/2917 1204/1403/2918 1208/1390/2919 1207/1389/2920
f 1204/1403/2921 1205/1405/2922 1209/1391/2923 1208/1390/2924
f 1205/1405/2925 1206/1406/2926 1210/1392/2927 1209/1391/2928
f 1206/1406/2929 1203/1404/2930 1207/1389/2931 1210/1392/2932
f 1211/1407/2933 1212/1408/2934 1214/1409/2935 1213/1410/2936
f 1223/1411/2937 1224/1412/2938 1225/1413/2939 1226/1414/2940
f 1215/1415/2941 1216/1416/2942 1218/1417/2943 1217/1418/2944
f 1217/1418/2945 1218/1417/2946 1212/1419/2947 1211/1420/2948
f 1212/1408/2949 1218/1421/2950 1216/1422/2951 1214/1409/2952
f 1217/1423/2953 1211/1407/2954 1213/1410/2955 1215/1424/2956
f 1213/1410/2957 1214/1409/2958 1220/1425/2959 1219/1426/2960
f 1214/1409/2961 1216/1416/2962 1221/1427/2963 1220/1425/2964
f 1216/1416/2965 1215/1415/2966 1222/1428/2967 1221/1427/2968
f 1215/1415/2969 1213/1410/2970 1219/1426/2971 1222/1428/2972
f 1219/1426/2973 1220/1425/2974 1224/1412/2975 1223/1411/2976
f 1220/1425/2977 1221/1427/2978 1225/1413/2979 1224/1412/2980
f 1221/1427/2981 1222/1428/2982 1226/1414/2983 1225/1413/2984
f 1222/1428/2985 1219/1426/2986 1223/1411/2987 1226/1414/2988
