# This file uses centimeters as units for non-parametric coordinates.

mtllib scene_building_right.mtl
g default
v 1606.050781 814.789246 -454.052368
v 1606.302734 824.017212 -460.213257
v 1606.679688 830.183167 -469.433716
v 1607.125000 832.348328 -480.309326
v 1607.570312 830.183167 -491.185303
v 1607.947266 824.017273 -500.405518
v 1608.199219 814.789246 -506.566528
v 1608.287109 803.904114 -508.729980
v 1608.199219 793.018921 -506.566528
v 1607.947266 783.790955 -500.405518
v 1607.570312 777.624939 -491.185303
v 1607.125000 775.459778 -480.309326
v 1606.679688 777.624939 -469.433716
v 1606.302734 783.790894 -460.213257
v 1606.050781 793.018860 -454.052368
v 1605.962891 803.904114 -451.888794
v 1592.833984 814.789246 -454.593018
v 1593.085938 824.017212 -460.753906
v 1593.462891 830.183167 -469.974243
v 1593.908203 832.348328 -480.850098
v 1594.353516 830.183167 -491.725830
v 1594.729492 824.017273 -500.946167
v 1594.982422 814.789246 -507.107056
v 1595.070312 803.904114 -509.270630
v 1594.982422 793.018921 -507.107056
v 1594.729492 783.790955 -500.946167
v 1594.353516 777.624939 -491.725830
v 1593.908203 775.459778 -480.850098
v 1593.462891 777.624939 -469.974243
v 1593.085938 783.790894 -460.753906
v 1592.833984 793.018860 -454.593018
v 1592.745117 803.904114 -452.429565
v 1607.125000 803.904114 -480.309326
v 1593.908203 803.904114 -480.850098
v 1821.720703 1161.642212 -77.928101
v 2014.033203 1161.642212 -69.999023
v 1821.720703 1174.941895 -77.928101
v 2014.033203 1174.941895 -69.999023
v 1822.550781 1174.941895 -97.725098
v 2014.863281 1174.941895 -89.796143
v 1822.550781 1161.642212 -97.725098
v 2014.863281 1161.642212 -89.796143
v 1917.876953 1168.291992 -73.963501
v 1917.876953 1161.642212 -73.963501
v 2014.033203 1168.291992 -69.999023
v 1917.876953 1174.941895 -73.963501
v 1821.720703 1168.291992 -77.928101
v 1918.291992 1174.941772 -83.862061
v 2014.448242 1174.941895 -79.897583
v 1918.707031 1174.941895 -93.760620
v 1822.135742 1174.941895 -87.826538
v 1918.707031 1168.291992 -93.760620
v 2014.863281 1168.291992 -89.796143
v 1918.707031 1161.642212 -93.760620
v 1822.550781 1168.291992 -97.725098
v 1918.291992 1161.642212 -83.862183
v 2014.448242 1161.642212 -79.897583
v 1822.135742 1161.642212 -87.826538
v 2014.448242 1168.291992 -79.897583
v 1822.135742 1168.292114 -87.826538
v 1838.394531 1169.128906 -89.590942
v 1838.394531 1043.851196 -89.590942
v 1852.723633 1169.128906 -88.996216
v 1852.723633 1043.851196 -88.996216
v 1853.158203 1169.128906 -99.429321
v 1853.158203 1043.851196 -99.429321
v 1838.829102 1169.128906 -100.024048
v 1838.829102 1043.851196 -100.024048
v 1845.560547 1106.489990 -89.293457
v 1838.394531 1106.489990 -89.590942
v 1845.558594 1043.851196 -89.293579
v 1852.723633 1106.489990 -88.996216
v 1845.558594 1169.128906 -89.293579
v 1852.940430 1106.489868 -94.212769
v 1852.941406 1043.851196 -94.212769
v 1853.158203 1106.489990 -99.429321
v 1852.941406 1169.128906 -94.212769
v 1845.993164 1106.489990 -99.726562
v 1845.994141 1043.851196 -99.726685
v 1838.829102 1106.489990 -100.024048
v 1845.994141 1169.128906 -99.726685
v 1838.611328 1106.489868 -94.807617
v 1838.611328 1043.851196 -94.807495
v 1838.611328 1169.128906 -94.807495
v 1845.775391 1043.851196 -94.510254
v 1845.775391 1169.128784 -94.510254
v 1823.562500 1022.136108 -69.409302
v 2011.638672 1022.136108 -61.519165
v 1823.562500 1046.929077 -69.409302
v 2011.638672 1046.929077 -61.519165
v 1825.087891 1046.929077 -106.315308
v 2013.164062 1046.929077 -98.425171
v 1825.087891 1022.136108 -106.315308
v 2013.164062 1022.136108 -98.425171
v 1917.599609 1034.532593 -65.464233
v 1917.600586 1022.136108 -65.464233
v 2011.638672 1034.532593 -61.519165
v 1917.600586 1046.929077 -65.464233
v 1823.562500 1034.532593 -69.409302
v 1918.363281 1046.929077 -83.917236
v 2012.401367 1046.929077 -79.972168
v 1919.125977 1046.929077 -102.370239
v 1824.325195 1046.929077 -87.862305
v 1919.125977 1034.532593 -102.370239
v 2013.164062 1034.532593 -98.425171
v 1919.125977 1022.136108 -102.370239
v 1825.087891 1034.532593 -106.315308
v 1918.362305 1022.136169 -83.917236
v 2012.401367 1022.136108 -79.972168
v 1824.325195 1022.136108 -87.862305
v 2012.400391 1034.532593 -79.972168
v 1824.324219 1034.532593 -87.862305
v 1981.307617 1169.128906 -83.753052
v 1981.307617 1043.851196 -83.753052
v 1995.636719 1169.128906 -83.158325
v 1995.636719 1043.851196 -83.158325
v 1996.071289 1169.128906 -93.591431
v 1996.071289 1043.851196 -93.591431
v 1981.742188 1169.128906 -94.186157
v 1981.742188 1043.851196 -94.186157
v 1988.472656 1106.489990 -83.455688
v 1981.307617 1106.489990 -83.753052
v 1988.472656 1043.851196 -83.455688
v 1995.636719 1106.489990 -83.158325
v 1988.472656 1169.128906 -83.455688
v 1995.853516 1106.489868 -88.374878
v 1995.853516 1043.851196 -88.374878
v 1996.071289 1106.489990 -93.591431
v 1995.853516 1169.128906 -88.374878
v 1988.907227 1106.489990 -93.888794
v 1988.906250 1043.851196 -93.888794
v 1981.742188 1106.489990 -94.186157
v 1988.906250 1169.128906 -93.888794
v 1981.525391 1106.489868 -88.969727
v 1981.525391 1043.851196 -88.969604
v 1981.525391 1169.128906 -88.969604
v 1988.687500 1043.851196 -88.672363
v 1988.687500 1169.128784 -88.672241
v 1644.149414 561.093994 -88.994507
v 2183.741211 561.093994 -67.097046
v 1644.149414 580.718018 -88.994507
v 2183.741211 580.718018 -67.097046
v 1665.935547 580.718018 -625.836365
v 2205.526367 580.718018 -603.939026
v 1665.935547 561.093994 -625.836365
v 2205.526367 561.093994 -603.939026
v 1913.944336 570.906006 -78.045898
v 1913.945312 561.093994 -78.045776
v 2183.741211 570.906006 -67.097046
v 1913.945312 580.718018 -78.045776
v 1644.149414 570.906006 -88.994507
v 1924.838867 580.717957 -346.466614
v 2194.633789 580.718018 -335.518005
v 1935.730469 580.718018 -614.887695
v 1655.042969 580.718018 -357.415405
v 1935.729492 570.906006 -614.887695
v 2205.526367 570.906006 -603.939026
v 1935.730469 561.093994 -614.887695
v 1665.935547 570.906006 -625.836365
v 1924.837891 561.093994 -346.466553
v 2194.633789 561.093994 -335.518005
v 1655.042969 561.093994 -357.415405
v 2194.633789 570.905945 -335.518005
v 1655.042969 570.906006 -357.415405
v 1605.461914 1007.677917 -129.995728
v 1605.461914 1007.677917 -116.036011
v 1605.461914 876.721802 -129.995728
v 1605.461914 876.721802 -116.036011
v 1474.505859 876.721802 -129.995728
v 1474.505859 876.721802 -116.036011
v 1474.505859 1007.677917 -129.995728
v 1474.505859 1007.677917 -116.036011
v 1486.302734 995.879700 -116.036011
v 1593.664062 995.879700 -116.036011
v 1486.302734 888.520020 -116.036011
v 1593.664062 888.520020 -116.036011
v 1486.302734 995.879700 -129.995728
v 1593.664062 995.879700 -129.995728
v 1593.664062 888.520020 -129.995728
v 1486.302734 888.520020 -129.995728
v 1486.302734 995.879700 -121.055054
v 1593.664062 995.879700 -121.055054
v 1486.302734 888.520020 -121.055054
v 1593.664062 888.520020 -121.055054
v 1486.302734 995.879700 -124.976196
v 1593.664062 995.879700 -124.976196
v 1593.664062 888.520020 -124.976196
v 1486.302734 888.520020 -124.976196
v 1598.950195 918.780273 -120.362427
v 1598.950195 917.017334 -118.599243
v 1598.950195 914.609192 -117.953979
v 1598.950195 912.201050 -118.599243
v 1598.950195 910.438110 -120.362427
v 1598.950195 909.792847 -122.770630
v 1598.950195 910.438110 -125.178833
v 1598.950195 912.201050 -126.941772
v 1598.950195 914.609192 -127.587036
v 1598.950195 917.017334 -126.941772
v 1598.950195 918.780273 -125.178833
v 1598.950195 919.425537 -122.770630
v 1679.988281 918.780273 -120.362305
v 1679.988281 917.017334 -118.599243
v 1679.988281 914.609192 -117.953979
v 1679.988281 912.201050 -118.599243
v 1679.988281 910.438110 -120.362305
v 1679.988281 909.792847 -122.770508
v 1679.988281 910.438110 -125.178711
v 1679.988281 912.201050 -126.941772
v 1679.988281 914.609192 -127.587036
v 1679.988281 917.017334 -126.941772
v 1679.988281 918.780273 -125.178711
v 1679.988281 919.425537 -122.770508
v 1598.950195 914.609192 -122.770630
v 1679.988281 914.609192 -122.770508
v 1598.950195 973.553650 -120.362427
v 1598.950195 971.790771 -118.599243
v 1598.950195 969.382568 -117.953979
v 1598.950195 966.974365 -118.599243
v 1598.950195 965.211548 -120.362427
v 1598.950195 964.566284 -122.770630
v 1598.950195 965.211548 -125.178833
v 1598.950195 966.974365 -126.941772
v 1598.950195 969.382568 -127.587036
v 1598.950195 971.790771 -126.941772
v 1598.950195 973.553650 -125.178833
v 1598.950195 974.198975 -122.770630
v 1679.988281 973.553650 -120.362305
v 1679.988281 971.790771 -118.599243
v 1679.988281 969.382568 -117.953979
v 1679.988281 966.974365 -118.599243
v 1679.988281 965.211548 -120.362305
v 1679.988281 964.566284 -122.770508
v 1679.988281 965.211548 -125.178711
v 1679.988281 966.974365 -126.941772
v 1679.988281 969.382568 -127.587036
v 1679.988281 971.790771 -126.941772
v 1679.988281 973.553650 -125.178711
v 1679.988281 974.198975 -122.770508
v 1598.950195 969.382568 -122.770630
v 1679.988281 969.382568 -122.770508
v 1557.098633 1186.690308 -41.785278
v 2224.414062 1430.600342 -14.704712
v 1626.123047 1261.864014 -38.984131
v 2209.430664 1471.661499 -15.312744
v 1651.502930 1261.864014 -664.392700
v 2234.811523 1471.661499 -640.721313
v 1582.478516 1186.690308 -667.193787
v 2249.793945 1430.600342 -640.113342
v 2213.925781 1459.343140 -15.130371
v 1605.416016 1236.927002 -39.824463
v 1630.794922 1236.927002 -665.233032
v 2239.306641 1459.343140 -640.538879
v 2229.539062 1464.968384 2.275757
v 1602.790039 1237.258179 -23.740723
v 2224.802734 1477.946411 2.083618
v 1601.812500 1253.325073 -22.855347
v 1629.528320 1237.258179 -682.639160
v 1628.550781 1253.325073 -681.753784
v 2251.542969 1477.946411 -656.814819
v 2256.278320 1464.968384 -656.622620
v 1854.424805 1295.365723 -29.719360
v 1852.538086 1327.252197 -29.795898
v 1852.814453 1328.096680 -13.362183
v 1851.008789 1343.173584 -12.879761
v 1851.518555 1342.932129 -29.837280
v 1854.370117 1334.828857 -656.160095
v 1853.851562 1334.557739 -672.734802
v 1855.878906 1319.495605 -673.243286
v 1855.469727 1319.047974 -656.115417
v 1857.360352 1287.162476 -656.038757
v 2085.058594 1426.928833 -20.359863
v 2085.946289 1427.881226 -3.474976
v 2085.332031 1412.574829 -3.710327
v 2083.650391 1411.726196 -20.417114
v 2080.581055 1378.027954 -20.541626
v 2083.561523 1369.840576 -646.859253
v 2086.625000 1403.536743 -646.734863
v 2088.438477 1403.988892 -663.589722
v 2088.996094 1419.339722 -663.321655
v 2087.955078 1418.841919 -646.680908
v 1851.518555 1365.681152 -54.667480
v 1854.370117 1357.577881 -630.566956
v 2085.058594 1449.677856 -45.953003
v 2087.955078 1441.590942 -621.850891
v 1708.915039 1257.190674 -35.624268
v 1705.761719 1241.028076 -35.752319
v 1853.481445 1311.308960 -29.757690
v 1728.976562 1282.089600 -34.810181
v 1581.257812 1211.808594 -40.804810
v 1745.808594 1300.411011 -342.952148
v 1738.820312 1302.398071 -34.410767
v 1852.944336 1338.880493 -342.998657
v 1752.936523 1298.346436 -660.276428
v 1638.812500 1261.864014 -351.688416
v 1723.102539 1253.003540 -661.487061
v 1743.132812 1277.987549 -660.674255
v 1856.415039 1303.105225 -656.077087
v 1719.919922 1236.926392 -661.616272
v 1606.636719 1211.808594 -666.213440
v 1712.786133 1239.016479 -344.663757
v 1855.892578 1291.264160 -342.879028
v 1569.789062 1186.690308 -354.489502
v 2231.859375 1444.971802 -327.621826
v 2237.103516 1430.600342 -327.408997
v 2244.550781 1444.971680 -640.326111
v 2226.616211 1459.343140 -327.834595
v 2219.169922 1444.971680 -14.917603
v 1593.946289 1211.808594 -353.509033
v 1618.105469 1236.927002 -352.528748
v 1726.901367 1290.373047 -18.218628
v 1727.802734 1282.677490 -18.551392
v 1851.912109 1335.635132 -13.120972
v 1726.410156 1298.249268 -17.867554
v 1602.300781 1245.291626 -23.297974
v 1615.669922 1245.291626 -352.747192
v 1616.159180 1237.258179 -353.189880
v 1615.181641 1253.325073 -352.304504
v 1629.039062 1245.291626 -682.196472
v 1741.753906 1286.065796 -677.601929
v 1741.201172 1293.941406 -677.244324
v 1854.865234 1327.026611 -672.989075
v 1742.703125 1278.376953 -677.941223
v 2240.541016 1471.457397 -327.269348
v 2242.908203 1464.968384 -327.173401
v 2253.910156 1471.457397 -656.718689
v 2238.172852 1477.946411 -327.365540
v 2227.170898 1471.457397 2.179688
v 1728.420898 1282.397705 -26.637207
v 1852.675781 1327.674438 -21.578979
v 1604.103516 1237.092529 -31.782593
v 1729.443359 1299.188965 -25.875244
v 1851.263672 1343.052856 -21.358521
v 1613.967773 1257.594482 -30.919800
v 1617.119141 1237.096924 -353.148865
v 1630.162109 1237.092529 -673.936096
v 1626.699219 1257.488281 -351.913635
v 1640.027344 1257.594482 -673.073242
v 1743.924805 1295.007446 -669.279968
v 1854.111328 1334.693359 -664.447449
v 1742.845703 1278.157471 -669.337830
v 1855.673828 1319.271729 -664.679382
v 2234.966797 1462.226562 -327.495544
v 2247.792969 1462.155762 -648.580750
v 2221.732422 1462.155762 -6.427368
v 2230.349609 1474.883057 -327.683105
v 2222.121094 1471.661499 -328.017029
v 2217.117188 1474.803955 -6.614624
v 2243.177734 1474.803955 -648.768066
v 2150.096680 1419.064575 -17.720581
v 2082.115234 1394.877075 -20.479370
v 2152.498047 1404.314209 -17.623169
v 2148.788086 1435.534668 -17.773804
v 2154.791992 1437.767578 -8.807251
v 2084.491211 1412.150513 -12.063721
v 2157.435547 1438.771606 -0.717285
v 2156.101562 1445.601318 -0.719849
v 2085.638672 1420.228027 -3.592651
v 2155.375000 1452.913818 -0.695679
v 2152.962891 1451.716919 -8.794922
v 2147.244141 1449.295166 -17.836304
v 2085.501953 1427.405029 -11.917358
v 2154.403320 1447.234741 -335.626160
v 2086.506836 1422.885376 -333.520325
v 2161.382812 1445.251709 -643.701111
v 2167.568359 1447.579224 -652.192810
v 2088.475586 1419.090820 -655.001282
v 2170.269531 1448.643066 -660.068237
v 2170.994141 1441.331543 -660.101135
v 2088.716797 1411.664307 -663.455688
v 2172.358398 1434.478638 -660.106140
v 2169.345703 1433.564453 -652.155640
v 2162.965820 1431.439941 -643.636902
v 2087.531250 1403.762817 -655.162292
v 2164.250000 1415.039429 -643.584778
v 2085.093750 1386.688721 -646.797058
v 2166.677734 1400.220459 -643.486267
v 2159.671875 1402.228271 -335.274536
v 2082.071289 1373.934326 -333.700378
v 1968.375977 1385.227173 -16.613647
v 1968.289062 1384.930420 -25.098511
v 1968.477539 1385.527344 -8.177368
v 1968.802734 1377.975464 -8.354858
v 1969.073242 1370.335693 -8.536255
v 1968.663086 1369.942017 -16.797363
v 1968.093750 1369.489258 -25.106567
v 1968.194336 1353.392944 -25.102417
v 1967.502930 1336.696777 -25.130493
v 1968.981445 1332.599243 -338.298401
v 1970.460938 1328.501465 -651.449036
v 1971.148438 1345.196533 -651.421082
v 1971.046875 1361.292358 -651.425110
v 1971.564453 1361.503418 -659.943848
v 1972.158203 1361.742188 -668.416504
v 1971.823242 1369.394165 -668.220093
v 1971.423828 1376.948730 -668.028259
v 1971.314453 1376.900024 -659.750427
v 1971.162109 1376.835449 -651.420471
v 1969.725586 1403.631836 -338.267883
v 1852.944336 1361.629517 -342.617188
v 1968.289062 1407.679443 -50.310181
v 2086.506836 1445.634399 -333.901917
v 1971.162109 1399.584473 -626.208923
v 1852.945312 1349.801636 -342.949524
v 1851.518555 1354.306641 -42.252319
v 1854.370117 1346.203369 -643.363525
v 1968.405273 1396.346558 -37.699219
v 2085.058594 1438.303345 -33.156372
v 2086.505859 1433.810303 -333.569580
v 2087.955078 1430.216431 -634.265930
v 1971.045898 1388.167358 -638.819824
v 1865.261719 1356.208008 -205.669067
v 2039.578125 1396.246826 -199.434326
v 1865.261719 1596.420288 -205.669067
v 2039.578125 1596.420288 -199.434326
v 1872.416992 1596.420288 -405.714355
v 2046.732422 1596.420288 -399.479675
v 1872.416992 1356.208008 -405.714355
v 2046.732422 1396.246826 -399.479675
v 1899.517578 1414.123657 -227.195984
v 2006.943359 1414.123657 -223.353699
v 2006.943359 1578.543457 -223.353699
v 1899.517578 1578.543457 -227.195984
v 1952.419922 1678.343140 -202.551758
v 1959.574219 1678.343140 -402.597046
v 1884.122070 1403.756104 -204.994507
v 1899.075195 1414.123657 -214.833313
v 1952.789062 1414.123657 -212.912170
v 2020.710938 1403.756104 -200.109131
v 2006.500977 1414.123657 -210.991028
v 2006.500977 1578.543457 -210.991028
v 2020.710938 1588.910889 -200.109131
v 1884.122070 1588.910889 -204.994507
v 1899.075195 1578.543457 -214.833313
v 1952.789062 1578.543457 -212.912170
v 1961.582031 1414.123657 -224.976135
v 1944.879883 1414.123657 -225.573486
v 1944.879883 1578.543457 -225.573486
v 1961.582031 1578.543457 -224.976135
v 1944.575195 1414.123657 -217.052063
v 1961.277344 1414.123657 -216.454712
v 1961.277344 1578.543457 -216.454712
v 1944.575195 1578.543457 -217.052063
v 1865.261719 1505.688965 -205.669067
v 1872.416992 1505.688965 -405.714355
v 2046.732422 1505.688965 -399.479675
v 2039.578125 1505.688965 -199.434326
v 2020.710938 1505.688965 -200.109131
v 2006.500977 1505.688965 -210.991028
v 2006.943359 1505.688965 -223.353699
v 1961.582031 1505.688965 -224.976135
v 1961.277344 1505.688965 -216.454712
v 1944.575195 1505.688965 -217.052063
v 1944.879883 1505.688965 -225.573486
v 1899.517578 1505.688965 -227.195984
v 1899.075195 1505.688965 -214.833313
v 1884.122070 1505.688965 -204.994507
v 1865.261719 1493.632080 -205.669067
v 1872.416992 1493.632080 -405.714355
v 2046.732422 1493.632080 -399.479675
v 2039.578125 1493.632080 -199.434326
v 2020.710938 1493.632080 -200.109131
v 2006.500977 1493.632080 -210.991028
v 2006.943359 1493.632202 -223.353699
v 1961.582031 1493.632080 -224.976135
v 1961.277344 1493.632080 -216.454712
v 1944.575195 1493.632202 -217.052063
v 1944.879883 1493.632202 -225.573486
v 1899.517578 1493.632080 -227.195984
v 1899.075195 1493.632080 -214.833313
v 1884.122070 1493.632080 -204.994507
v 1922.198242 1453.877808 -226.384766
v 1922.199219 1414.123657 -226.384705
v 1944.879883 1453.877930 -225.573486
v 1922.199219 1493.632080 -226.384705
v 1899.517578 1453.877930 -227.195984
v 1912.418945 1637.381714 -304.132935
v 1908.840820 1637.381714 -204.110474
v 1955.997070 1678.343140 -302.574402
v 1915.996094 1637.381714 -404.155701
v 1868.839844 1596.420288 -305.691711
v 1953.641602 1433.795654 -402.809204
v 1959.574219 1376.227417 -402.596985
v 1872.416992 1424.920044 -405.714355
v 1959.574219 1493.632080 -402.596985
v 2046.732422 1444.939453 -399.479675
v 1955.997070 1376.227417 -302.574158
v 1868.839844 1356.208008 -305.691711
v 2043.155273 1396.246826 -299.456970
v 1952.419922 1376.227417 -202.551636
v 2043.155273 1444.939453 -299.457031
v 2043.155273 1493.632080 -299.456970
v 2039.578125 1444.939453 -199.434326
v 1868.838867 1424.920044 -305.691711
v 1865.261719 1424.920044 -205.669067
v 1868.839844 1493.632080 -305.691711
v 1984.261719 1453.877930 -224.164978
v 1984.262695 1493.632080 -224.164917
v 1961.582031 1453.877930 -224.976135
v 1984.262695 1414.123657 -224.164917
v 2006.943359 1453.877930 -223.353699
v 1999.576172 1637.381592 -301.015686
v 1995.999023 1637.381714 -200.993042
v 2043.155273 1596.420288 -299.456970
v 2003.153320 1637.381714 -401.038391
v 1891.225586 1450.589722 -209.668762
v 1891.598633 1408.939941 -209.913879
v 1899.075195 1453.877930 -214.833313
v 1891.598633 1493.632080 -209.913879
v 1884.122070 1448.694092 -204.994507
v 1952.582031 1408.410034 -207.202759
v 1925.931641 1414.123657 -213.872742
v 1952.416016 1403.756104 -202.551880
v 2013.605469 1408.939941 -205.550171
v 1979.644531 1414.123657 -211.951599
v 2013.960938 1450.589600 -205.278687
v 2020.710938 1448.694092 -200.109131
v 2013.605469 1493.632080 -205.550171
v 2006.500977 1453.877930 -210.991028
v 1952.582031 1584.257080 -207.202637
v 1979.644531 1578.543457 -211.951599
v 2013.605469 1583.727173 -205.550171
v 1952.416016 1588.910889 -202.551880
v 1891.598633 1583.727173 -209.913879
v 1925.931641 1578.543457 -213.872742
v 1946.226562 1387.690796 -202.773193
v 1874.691406 1379.982056 -205.331787
v 2030.144531 1400.001465 -199.771729
v 2030.457031 1446.457031 -199.760620
v 2030.144531 1493.632080 -199.771729
v 1952.418945 1617.119507 -202.551758
v 1874.691406 1592.665527 -205.331787
v 2030.144531 1592.665527 -199.771729
v 1873.183594 1428.735962 -205.385742
v 1874.691406 1493.632080 -205.331787
v 1923.316406 1414.123657 -217.412476
v 1926.153320 1414.123657 -220.054077
v 1899.296875 1414.123657 -221.014648
v 2006.722656 1453.878052 -217.172363
v 2006.722656 1493.632080 -217.172363
v 2006.722656 1414.123657 -217.172363
v 1899.295898 1453.877808 -221.014587
v 1899.296875 1493.632080 -221.014648
v 1952.925781 1453.877808 -216.753479
v 1952.925781 1414.123657 -216.753357
v 1961.277344 1453.877930 -216.454712
v 1952.925781 1493.632080 -216.753357
v 1944.575195 1453.877930 -217.052063
v 1982.507812 1578.543457 -215.295349
v 1979.866211 1578.543457 -218.132935
v 2006.722656 1578.543457 -217.172363
v 1961.429688 1453.877930 -220.715454
v 1961.429688 1493.632080 -220.715393
v 1961.429688 1414.123657 -220.715393
v 1953.079102 1578.543457 -221.014099
v 1953.230469 1578.543457 -225.274841
v 1944.727539 1578.543457 -221.312805
v 1952.925781 1578.543457 -216.753357
v 1961.429688 1578.543457 -220.715393
v 1944.727539 1453.877808 -221.312805
v 1944.727539 1493.632202 -221.312805
v 1944.727539 1414.123657 -221.312805
v 1923.316406 1578.543579 -217.412476
v 1926.153320 1578.543457 -220.054077
v 1899.296875 1578.543457 -221.014648
v 1953.118164 1578.543457 -222.144287
v 1984.262695 1578.543457 -224.164917
v 1922.199219 1578.543457 -226.384705
v 1982.507812 1414.123657 -215.295349
v 1979.866211 1414.123657 -218.132935
v 1953.119141 1414.123657 -222.144348
v 1953.230469 1414.123657 -225.274841
v 1868.839844 1551.054688 -305.691711
v 1868.839844 1505.688965 -305.691711
v 1865.261719 1551.054688 -205.669067
v 1872.416992 1551.054688 -405.714355
v 1959.575195 1572.469360 -402.596985
v 2046.732422 1551.054688 -399.479675
v 1959.574219 1505.688965 -402.596985
v 2043.155273 1551.054565 -299.456970
v 2043.155273 1505.688965 -299.456970
v 2039.578125 1551.054688 -199.434326
v 2030.477539 1549.536987 -199.759766
v 2030.144531 1505.688965 -199.771729
v 2020.710938 1547.299927 -200.109131
v 2013.983398 1545.404541 -205.260376
v 2013.605469 1505.688965 -205.550171
v 2006.500977 1542.116211 -210.991028
v 2006.722656 1542.116211 -217.172363
v 2006.722656 1505.688965 -217.172363
v 2006.943359 1542.116211 -223.353699
v 1984.262695 1542.116211 -224.164978
v 1961.582031 1542.116211 -224.976135
v 1984.262695 1505.688965 -224.164917
v 1961.429688 1542.116211 -220.715454
v 1961.429688 1505.688965 -220.715393
v 1961.277344 1542.116211 -216.454712
v 1952.926758 1542.116089 -216.753357
v 1952.925781 1505.688965 -216.753357
v 1944.575195 1542.116211 -217.052063
v 1944.726562 1542.116089 -221.312744
v 1944.879883 1542.116211 -225.573486
v 1944.727539 1505.688965 -221.312805
v 1922.198242 1542.116211 -226.384705
v 1922.199219 1505.688965 -226.384705
v 1899.517578 1542.116211 -227.195984
v 1899.296875 1542.116211 -221.014526
v 1899.075195 1542.116211 -214.833313
v 1899.296875 1505.688965 -221.014648
v 1891.200195 1545.404541 -209.651794
v 1891.598633 1505.688965 -209.913879
v 1884.122070 1547.299927 -204.994507
v 1874.360352 1549.537231 -205.343628
v 1874.691406 1505.688965 -205.331787
v 1868.839844 1499.660645 -305.691711
v 1865.261719 1499.660522 -205.669067
v 1872.416992 1499.660522 -405.714355
v 1959.575195 1499.660522 -402.597046
v 2046.732422 1499.660522 -399.479675
v 2043.155273 1499.660400 -299.457031
v 2039.578125 1499.660522 -199.434326
v 2030.145508 1499.660645 -199.771606
v 2020.710938 1499.660522 -200.109131
v 2013.606445 1499.660645 -205.550049
v 2006.500977 1499.660522 -210.991028
v 1952.925781 1499.660522 -216.753418
v 1961.277344 1499.660522 -216.454712
v 1944.575195 1499.660645 -217.052063
v 1891.598633 1499.660522 -209.913879
v 1899.075195 1499.660522 -214.833313
v 1884.122070 1499.660522 -204.994507
v 1874.692383 1499.660522 -205.331665
v 1921.232422 1505.688965 -221.151001
v 1921.825195 1505.688965 -215.942688
v 1921.232422 1493.632202 -221.150940
v 1921.825195 1493.632080 -215.942688
v 1921.825195 1499.660522 -215.942627
v 1983.888672 1499.660522 -213.722778
v 1983.888672 1505.688965 -213.722839
v 1983.888672 1493.632080 -213.722839
v 1984.854492 1505.688965 -218.875366
v 1984.854492 1493.632202 -218.875366
v 2057.434570 1554.165771 -174.624756
v 2071.804688 1570.351440 -174.110840
v 2057.434570 1571.955811 -174.624756
v 2071.804688 1588.141357 -174.110840
v 2066.291016 1571.955811 -422.241089
v 2080.660156 1588.141357 -421.727112
v 2066.291016 1554.165771 -422.241089
v 2080.660156 1570.351440 -421.727112
v 2033.810547 1597.654663 -175.469727
v 2042.666992 1597.654663 -423.086060
v 2067.128906 1597.672363 -422.211121
v 2058.272461 1597.672363 -174.594727
v 1952.042969 1673.830566 -178.394287
v 1960.899414 1673.830566 -426.010620
v 1960.899414 1691.649292 -426.010620
v 1952.042969 1691.649292 -178.394287
v 1846.651367 1554.165771 -182.163818
v 1832.282227 1570.351440 -182.677734
v 1846.651367 1571.955811 -182.163818
v 1832.282227 1588.141357 -182.677734
v 1855.507812 1571.955811 -429.780090
v 1841.138672 1588.141357 -430.294067
v 1855.507812 1554.165771 -429.780090
v 1841.138672 1570.351440 -430.294067
v 1870.275391 1597.654663 -181.318848
v 1879.130859 1597.654663 -428.935181
v 1854.669922 1597.672363 -429.810059
v 1845.813477 1597.672363 -182.193726
v 2064.620117 1571.153564 -174.367798
v 2064.619141 1562.258545 -174.367798
v 2071.804688 1579.246338 -174.110840
v 2064.619141 1580.048584 -174.367798
v 2057.434570 1563.060791 -174.624756
v 2073.475586 1571.153442 -421.984192
v 2073.475586 1580.048584 -421.984070
v 2080.660156 1579.246338 -421.727112
v 2073.475586 1562.258545 -421.984070
v 2066.291016 1563.060791 -422.241089
v 2069.047852 1562.258667 -298.175720
v 2076.232422 1570.351440 -297.918945
v 2061.863281 1554.165771 -298.432922
v 2076.233398 1579.246460 -297.918884
v 2076.232422 1588.141357 -297.918945
v 2061.864258 1563.061035 -298.432800
v 2061.863281 1571.955811 -298.432922
v 2053.235352 1588.349365 -174.775024
v 2065.039062 1592.906860 -174.352783
v 2046.041016 1597.663574 -175.032227
v 2045.623047 1584.805176 -175.047241
v 2069.467773 1592.906860 -298.160706
v 2073.894531 1592.906860 -421.969116
v 2062.701172 1597.672363 -298.402893
v 2062.091797 1588.349243 -422.391296
v 2054.478516 1584.805176 -422.663574
v 2054.898438 1597.663574 -422.648621
v 2050.050781 1584.805176 -298.855469
v 2038.238281 1597.654663 -299.277893
v 1997.354492 1635.742798 -300.740112
v 1992.926758 1635.742676 -176.932007
v 1956.470703 1673.830566 -302.202454
v 2001.783203 1635.742676 -424.548340
v 2009.577148 1639.698120 -424.269653
v 1960.899414 1682.739990 -426.010620
v 2014.013672 1644.660889 -424.110901
v 2009.585938 1644.660767 -300.302734
v 1956.470703 1691.649292 -302.202454
v 2005.158203 1644.660889 -176.494507
v 2000.721680 1639.698120 -176.653198
v 1952.042969 1682.739990 -178.394287
v 1839.465820 1571.153442 -182.420898
v 1846.651367 1563.060791 -182.163818
v 1839.466797 1580.048584 -182.420776
v 1832.282227 1579.246338 -182.677734
v 1839.466797 1562.258545 -182.420776
v 1848.322266 1571.153442 -430.037109
v 1855.507812 1563.060791 -429.780090
v 1848.323242 1562.258545 -430.037048
v 1841.138672 1579.246338 -430.294067
v 1848.323242 1580.048584 -430.037048
v 1843.896484 1562.258545 -306.228882
v 1851.080078 1554.165771 -305.971924
v 1836.710938 1570.351440 -306.485901
v 1836.711914 1579.246460 -306.485840
v 1836.710938 1588.141357 -306.485901
v 1851.081055 1563.061035 -305.971863
v 1851.080078 1571.955811 -305.971924
v 1850.850586 1588.349243 -182.013550
v 1858.462891 1584.805176 -181.741333
v 1858.044922 1597.663574 -181.756226
v 1839.047852 1592.906860 -182.435669
v 1843.476562 1592.906860 -306.243896
v 1850.242188 1597.672363 -306.001892
v 1847.904297 1592.906860 -430.052063
v 1859.706055 1588.349121 -429.629944
v 1866.900391 1597.663574 -429.372620
v 1867.319336 1584.805176 -429.357605
v 1862.892578 1584.805176 -305.549316
v 1874.703125 1597.654663 -305.127014
v 1915.586914 1635.742554 -303.664978
v 1920.015625 1635.742676 -427.472900
v 1911.159180 1635.742676 -179.856567
v 1912.221680 1639.698242 -427.751648
v 1907.785156 1644.660889 -427.910339
v 1903.356445 1644.660889 -304.102051
v 1898.927734 1644.660889 -180.294067
v 1903.363281 1639.698120 -180.135498
v 2252.718750 1042.820557 -189.714478
v 2266.710938 1042.820557 -518.277588
v 2252.718750 1130.758301 -189.714478
v 2266.710938 1130.758301 -518.277588
v 2164.861328 1130.758301 -193.455811
v 2178.852539 1130.758301 -522.018921
v 2164.861328 1042.820557 -193.455811
v 2178.852539 1042.820557 -522.018921
v 2237.021484 1130.758301 -204.191406
v 2249.839844 1130.758301 -505.187561
v 2194.550781 1130.758301 -507.541992
v 2181.732422 1130.758301 -206.545898
v 2237.021484 1076.387207 -204.191406
v 2249.839844 1076.387207 -505.187561
v 2194.550781 1076.387207 -507.541992
v 2181.732422 1076.387207 -206.545898
v 2264.726562 676.798889 -480.224731
v 2252.334961 676.798889 -473.070068
v 2243.136719 676.798889 -462.109680
v 2238.244141 676.798889 -448.664856
v 2238.244141 676.798889 -434.356689
v 2243.136719 676.798889 -420.911560
v 2252.334961 676.798889 -409.950500
v 2264.726562 676.798889 -402.796509
v 2278.815430 676.798889 -400.312195
v 2292.907227 676.798889 -402.796509
v 2305.298828 676.798889 -409.950500
v 2314.494141 676.798889 -420.911560
v 2319.387695 676.798889 -434.356689
v 2319.387695 676.798889 -448.664856
v 2314.494141 676.798889 -462.109680
v 2305.298828 676.798889 -473.070068
v 2292.907227 676.798889 -480.224731
v 2278.815430 676.798889 -482.709045
v 2264.726562 715.647034 -480.224731
v 2252.334961 715.647034 -473.070068
v 2243.136719 715.647034 -462.109680
v 2238.244141 715.647034 -448.664856
v 2238.244141 715.647034 -434.356689
v 2243.136719 715.647034 -420.911560
v 2252.334961 715.647034 -409.950500
v 2264.726562 715.647034 -402.796509
v 2278.815430 715.647034 -400.312195
v 2292.907227 715.647034 -402.796509
v 2305.298828 715.647034 -409.950500
v 2314.494141 715.647034 -420.911560
v 2319.387695 715.647034 -434.356689
v 2319.387695 715.647034 -448.664856
v 2314.494141 715.647034 -462.109680
v 2305.298828 715.647034 -473.070068
v 2292.907227 715.647034 -480.224731
v 2278.815430 715.647034 -482.709045
v 2278.815430 676.798889 -441.510803
v 2261.642578 715.647034 -488.692932
v 2246.541016 715.647034 -479.973816
v 2235.332031 715.647034 -466.616028
v 2229.369141 715.647034 -450.229431
v 2229.369141 715.647034 -432.792114
v 2235.332031 715.647034 -416.405579
v 2246.541016 715.647034 -403.046753
v 2261.642578 715.647034 -394.328308
v 2278.815430 715.647034 -391.300232
v 2295.988281 715.647034 -394.328308
v 2311.091797 715.647034 -403.046753
v 2322.298828 715.647034 -416.405579
v 2328.264648 715.647034 -432.792114
v 2328.264648 715.647034 -450.229431
v 2322.298828 715.647034 -466.616028
v 2311.091797 715.647034 -479.973816
v 2295.988281 715.647034 -488.692932
v 2278.815430 715.647034 -491.721313
v 2261.642578 747.050354 -488.692932
v 2246.541016 747.050354 -479.973816
v 2235.332031 747.050354 -466.616028
v 2229.369141 747.050354 -450.229431
v 2229.369141 747.050354 -432.792114
v 2235.332031 747.050354 -416.405579
v 2246.541016 747.050354 -403.046753
v 2261.642578 747.050354 -394.328308
v 2278.815430 747.050354 -391.300232
v 2295.988281 747.050354 -394.328308
v 2311.091797 747.050354 -403.046753
v 2322.298828 747.050354 -416.405579
v 2328.264648 747.050354 -432.792114
v 2328.264648 747.050354 -450.229431
v 2322.298828 747.050354 -466.616028
v 2311.091797 747.050354 -479.973816
v 2295.988281 747.050354 -488.692932
v 2278.815430 747.050354 -491.721313
v 2265.648438 747.050354 -477.690430
v 2254.068359 747.050354 -471.005188
v 2245.471680 747.050354 -460.761414
v 2240.898438 747.050354 -448.196228
v 2240.898438 747.050354 -434.825012
v 2245.471680 747.050354 -422.259155
v 2254.068359 747.050354 -412.016052
v 2265.648438 747.050354 -405.330811
v 2278.815430 747.050354 -403.008423
v 2291.985352 747.050354 -405.330811
v 2303.564453 747.050354 -412.016052
v 2312.160156 747.050354 -422.259155
v 2316.732422 747.050354 -434.825012
v 2316.732422 747.050354 -448.196228
v 2312.160156 747.050354 -460.761414
v 2303.564453 747.050354 -471.005188
v 2291.985352 747.050354 -477.690430
v 2278.815430 747.050354 -480.013123
v 2265.648438 775.514954 -477.690430
v 2254.068359 775.514954 -471.005188
v 2245.471680 775.514954 -460.761414
v 2240.898438 775.514954 -448.196228
v 2240.898438 775.514954 -434.825012
v 2245.471680 775.514954 -422.259155
v 2254.068359 775.514954 -412.016052
v 2265.648438 775.514954 -405.330811
v 2278.815430 775.514954 -403.008423
v 2291.985352 775.514954 -405.330811
v 2303.564453 775.514954 -412.016052
v 2312.160156 775.514954 -422.259155
v 2316.732422 775.514954 -434.825012
v 2316.732422 775.514954 -448.196228
v 2312.160156 775.514954 -460.761414
v 2303.564453 775.514954 -471.005188
v 2291.985352 775.514954 -477.690430
v 2278.815430 775.514954 -480.013123
v 2264.246094 790.085144 -477.690430
v 2252.928711 787.627747 -471.005188
v 2244.529297 785.803711 -460.761414
v 2240.059570 784.833252 -448.196228
v 2240.059570 784.833252 -434.825012
v 2244.529297 785.803711 -422.259155
v 2252.928711 787.627747 -412.016052
v 2264.246094 790.085144 -405.330811
v 2277.113281 792.879517 -403.008423
v 2289.982422 795.674072 -405.330811
v 2301.298828 798.131470 -412.016052
v 2309.698242 799.955444 -422.259155
v 2314.166992 800.925903 -434.825012
v 2314.166992 800.925903 -448.196228
v 2309.698242 799.955444 -460.761414
v 2301.298828 798.131470 -471.005188
v 2289.982422 795.674072 -477.690430
v 2277.113281 792.879517 -480.013123
v 2259.898438 809.580444 -477.690430
v 2249.366211 804.764526 -471.005188
v 2241.549805 801.189941 -460.761414
v 2237.390625 799.288147 -448.196228
v 2237.390625 799.288147 -434.825012
v 2241.549805 801.189941 -422.259155
v 2249.366211 804.764526 -412.016052
v 2259.898438 809.580444 -405.330811
v 2271.874023 815.056519 -403.008423
v 2283.849609 820.533081 -405.330811
v 2294.380859 825.348877 -412.016052
v 2302.197266 828.923340 -422.259155
v 2306.355469 830.825195 -434.825012
v 2306.355469 830.825195 -448.196228
v 2302.197266 828.923340 -460.761414
v 2294.380859 825.348877 -471.005188
v 2283.849609 820.533081 -477.690430
v 2271.874023 815.056519 -480.013123
v 2247.430664 826.555786 -477.690430
v 2239.656250 817.973511 -471.005188
v 2233.884766 811.603271 -460.761414
v 2230.814453 808.214111 -448.196228
v 2230.814453 808.214111 -434.825012
v 2233.884766 811.603271 -422.259155
v 2239.656250 817.973511 -412.016052
v 2247.430664 826.555786 -405.330811
v 2256.271484 836.314819 -403.008423
v 2265.113281 846.074402 -405.330811
v 2272.887695 854.656616 -412.016052
v 2278.658203 861.026611 -422.259155
v 2281.728516 864.415710 -434.825012
v 2281.728516 864.415710 -448.196228
v 2278.658203 861.026611 -460.761414
v 2272.887695 854.656616 -471.005188
v 2265.113281 846.074402 -477.690430
v 2256.271484 836.314819 -480.013123
v 2231.561523 835.333740 -477.717468
v 2228.072266 824.276733 -471.055725
v 2225.458984 816.065796 -460.829590
v 2224.037109 811.692322 -448.274048
v 2223.974609 811.682861 -434.903076
v 2225.282227 816.038452 -422.328247
v 2227.800781 824.234802 -412.067383
v 2231.228516 835.282227 -405.357971
v 2235.148438 847.848083 -403.009033
v 2239.089844 860.418091 -405.304016
v 2242.578125 871.474792 -411.965820
v 2245.191406 879.685303 -422.190979
v 2246.615234 884.058899 -434.747192
v 2246.675781 884.068359 -448.118164
v 2245.369141 879.712646 -460.692627
v 2242.849609 871.516724 -470.953857
v 2239.423828 860.469543 -477.663269
v 2235.502930 847.902893 -480.012451
v 2215.671875 837.243774 -477.690430
v 2215.714844 825.663452 -471.005188
v 2215.746094 817.067871 -460.761414
v 2215.762695 812.494751 -448.196228
v 2215.762695 812.494751 -434.825012
v 2215.746094 817.067871 -422.259155
v 2215.714844 825.663452 -412.016052
v 2215.671875 837.243774 -405.330811
v 2215.622070 850.411682 -403.008423
v 2215.574219 863.580383 -405.330811
v 2215.530273 875.160400 -412.016052
v 2215.498047 883.755432 -422.259155
v 2215.481445 888.328613 -434.825012
v 2215.481445 888.328613 -448.196228
v 2215.498047 883.755432 -460.761414
v 2215.530273 875.160400 -471.005188
v 2215.574219 863.580383 -477.690430
v 2215.622070 850.411682 -480.013123
v 2202.510742 836.434021 -477.690430
v 2202.470703 824.853760 -471.005188
v 2202.439453 816.258179 -460.761414
v 2202.423828 811.685059 -448.196228
v 2202.423828 811.685059 -434.825012
v 2202.439453 816.258179 -422.259155
v 2202.470703 824.853760 -412.016052
v 2202.510742 836.434021 -405.330811
v 2202.556641 849.601990 -403.008423
v 2202.602539 862.770691 -405.330811
v 2202.642578 874.350708 -412.016052
v 2202.673828 882.945862 -422.259155
v 2202.689453 887.518982 -434.825012
v 2202.689453 887.518982 -448.196228
v 2202.673828 882.945862 -460.761414
v 2202.642578 874.350708 -471.005188
v 2202.602539 862.770691 -477.690430
v 2202.556641 849.601990 -480.013123
v 2202.498047 834.249634 -483.705139
v 2202.449219 820.748291 -475.908630
v 2202.412109 810.726685 -463.961731
v 2202.390625 805.394897 -449.307983
v 2202.390625 805.394897 -433.713623
v 2202.412109 810.726685 -419.058594
v 2202.449219 820.748291 -407.112610
v 2202.498047 834.249634 -399.316345
v 2202.556641 849.601990 -396.607605
v 2202.614258 864.955261 -399.316345
v 2202.664062 878.456360 -407.112610
v 2202.701172 888.477295 -419.058594
v 2202.722656 893.809143 -433.713623
v 2202.722656 893.809143 -449.307983
v 2202.701172 888.477295 -463.961731
v 2202.664062 878.456360 -475.908630
v 2202.614258 864.955261 -483.705139
v 2202.556641 849.601990 -486.413879
v 2164.302734 834.250244 -483.705139
v 2164.434570 820.749390 -475.908630
v 2164.532227 810.728333 -463.961731
v 2164.583984 805.396729 -449.307983
v 2164.583984 805.396729 -433.713623
v 2164.532227 810.728333 -419.058594
v 2164.434570 820.749390 -407.112610
v 2164.302734 834.250244 -399.316345
v 2164.152344 849.601990 -396.607605
v 2164.001953 864.954712 -399.316345
v 2163.870117 878.455139 -407.112610
v 2163.771484 888.475708 -419.058594
v 2163.720703 893.807312 -433.713623
v 2163.720703 893.807312 -449.307983
v 2163.771484 888.475708 -463.961731
v 2163.870117 878.455139 -475.908630
v 2164.001953 864.954712 -483.705139
v 2164.152344 849.601990 -486.413879
v 2164.292969 824.215576 -471.776184
v 2164.227539 836.094482 -478.636169
v 2164.152344 849.601990 -481.019531
v 2164.077148 863.110229 -478.636169
v 2164.011719 874.988892 -471.776184
v 2163.962891 883.805542 -461.264771
v 2163.935547 888.496643 -448.371033
v 2163.935547 888.496643 -434.650452
v 2163.962891 883.805542 -421.755920
v 2164.011719 874.988892 -411.245300
v 2164.077148 863.110229 -404.385376
v 2164.152344 849.601990 -402.002014
v 2164.227539 836.094482 -404.385376
v 2164.292969 824.215576 -411.245300
v 2164.341797 815.398438 -421.755920
v 2164.368164 810.707397 -434.650452
v 2164.368164 810.707397 -448.371033
v 2164.341797 815.398438 -461.264771
v 2151.390625 824.215576 -471.776184
v 2151.326172 836.094482 -478.636169
v 2151.250000 849.602051 -441.510803
v 2151.250000 849.601990 -481.019531
v 2151.174805 863.110291 -478.636169
v 2151.109375 874.988892 -471.776184
v 2151.060547 883.805542 -461.264771
v 2151.034180 888.496643 -448.371033
v 2151.034180 888.496643 -434.650452
v 2151.060547 883.805542 -421.755920
v 2151.109375 874.988892 -411.245300
v 2151.174805 863.110229 -404.385376
v 2151.250000 849.601990 -402.002014
v 2151.326172 836.094482 -404.385376
v 2151.390625 824.215576 -411.245300
v 2151.439453 815.398438 -421.755920
v 2151.465820 810.707397 -434.650452
v 2151.465820 810.707397 -448.371033
v 2151.439453 815.398438 -461.264771
v 2161.517578 574.517456 -358.628174
v 2334.106445 631.282227 -352.146484
v 2161.030273 720.523865 -358.646423
v 2334.593750 720.523865 -352.128174
v 2167.511719 720.523865 -531.235413
v 2341.075195 720.523865 -524.717163
v 2167.999023 574.517456 -531.217102
v 2340.587891 631.282227 -524.735413
v 2239.497070 659.540344 -355.699646
v 2247.812500 602.899841 -355.387329
v 2334.349609 675.903076 -352.137329
v 2247.812500 720.523865 -355.387268
v 2161.273438 647.520630 -358.637268
v 2251.052734 720.523865 -441.681824
v 2337.833984 720.523865 -438.422668
v 2254.292969 720.523865 -527.976257
v 2164.271484 720.523865 -444.940918
v 2245.978516 659.540405 -528.288574
v 2340.832031 675.903076 -524.726257
v 2254.292969 602.899841 -527.976257
v 2167.755859 647.520630 -531.226257
v 2251.052734 602.899902 -441.681763
v 2337.347656 631.282227 -438.440979
v 2164.757812 574.517456 -444.922668
v 2337.591797 675.903137 -438.431763
v 2164.513672 647.520691 -444.931824
v 1771.171875 704.349365 -71.359131
v 2062.701172 704.349365 -59.604004
v 1771.171875 729.142334 -71.359131
v 2062.701172 729.142334 -59.604004
v 1774.027344 729.142334 -108.230591
v 2065.554688 729.142334 -96.475464
v 1774.027344 704.349365 -108.230591
v 2065.554688 704.349365 -96.475464
v 1916.935547 716.745789 -65.481689
v 1916.936523 704.349365 -65.481567
v 2062.701172 716.745850 -59.604004
v 1916.936523 729.142334 -65.481567
v 1771.171875 716.745850 -71.359131
v 1918.363281 729.142273 -83.917236
v 2064.127930 729.142334 -78.039673
v 1919.791016 729.142334 -102.353027
v 1772.599609 729.142334 -89.794800
v 1919.791016 716.745850 -102.352905
v 2065.554688 716.745850 -96.475464
v 1919.791016 704.349365 -102.353027
v 1774.027344 716.745850 -108.230591
v 1918.363281 704.349365 -83.917236
v 2064.127930 704.349365 -78.039673
v 1772.599609 704.349365 -89.794800
v 2064.127930 716.745850 -78.039795
v 1772.600586 716.745850 -89.794800
v 1580.787109 755.586304 -420.183350
v 1580.421875 755.586304 -411.271606
v 1580.933594 765.555176 -423.758667
v 1580.275391 765.555176 -407.696411
v 1677.141602 765.555176 -419.823364
v 1676.484375 765.555176 -403.761108
v 1676.995117 755.586304 -416.248169
v 1676.630859 755.586304 -407.336426
v 1780.602539 872.764587 -89.590942
v 1780.602539 711.478455 -89.590942
v 1794.931641 872.764587 -88.996216
v 1794.931641 711.478455 -88.996216
v 1795.366211 872.764587 -99.429321
v 1795.366211 711.478455 -99.429321
v 1781.037109 872.764587 -100.024048
v 1781.037109 711.478455 -100.024048
v 1787.767578 792.121521 -89.293579
v 1780.602539 792.121521 -89.590942
v 1787.767578 711.478455 -89.293579
v 1794.931641 792.121521 -88.996216
v 1787.767578 872.764587 -89.293579
v 1795.148438 792.121460 -94.212769
v 1795.148438 711.478455 -94.212769
v 1795.366211 792.121521 -99.429321
v 1795.148438 872.764587 -94.212769
v 1788.201172 792.121521 -99.726685
v 1788.201172 711.478455 -99.726685
v 1781.037109 792.121521 -100.024048
v 1788.201172 872.764587 -99.726685
v 1780.819336 792.121460 -94.807495
v 1780.820312 711.478455 -94.807495
v 1780.820312 872.764587 -94.807495
v 1787.983398 711.478394 -94.510254
v 1787.983398 872.764465 -94.510254
v 1596.146484 763.045715 -523.073364
v 1590.714844 763.045715 -390.321045
v 1596.146484 842.060608 -523.073364
v 1590.714844 842.060608 -390.321045
v 1681.736328 842.060608 -519.572266
v 1676.305664 842.060608 -386.819946
v 1681.736328 763.045715 -519.572266
v 1676.305664 763.045715 -386.819946
v 1595.794922 771.548523 -514.506470
v 1593.070312 771.548523 -447.890503
v 1593.070312 833.557800 -447.890503
v 1595.794922 833.557800 -514.506470
v 1602.517578 771.548523 -514.231323
v 1599.793945 771.548523 -447.615356
v 1599.793945 833.557800 -447.615356
v 1602.517578 833.557800 -514.231323
v 1593.070312 842.060608 -447.890503
v 1678.661133 842.060608 -444.389404
v 1678.661133 763.045715 -444.389404
v 1593.070312 763.045715 -447.890503
v 1590.714844 833.557861 -390.321045
v 1676.305664 833.557861 -386.819946
v 1678.661133 833.557861 -444.389404
v 1681.736328 833.557861 -519.572266
v 1596.146484 833.557861 -523.073364
v 1596.146484 771.548584 -523.073364
v 1681.736328 771.548584 -519.572266
v 1678.661133 771.548584 -444.389404
v 1676.305664 771.548584 -386.819946
v 1590.714844 771.548584 -390.321045
v 1595.794922 842.060608 -514.506470
v 1681.384766 842.060608 -511.005249
v 1681.384766 833.557861 -511.005249
v 1681.384766 771.548584 -511.005249
v 1681.384766 763.045715 -511.005249
v 1595.794922 763.045715 -514.506470
v 1592.513672 842.060608 -434.287964
v 1678.105469 842.060608 -430.786865
v 1678.105469 833.557861 -430.786865
v 1678.105469 771.548584 -430.786865
v 1678.105469 763.045715 -430.786865
v 1592.513672 763.045715 -434.287964
v 1592.513672 771.548584 -434.287964
v 1592.513672 833.557800 -434.287964
v 1676.800781 833.557861 -398.909912
v 1676.800781 842.060608 -398.909912
v 1591.210938 842.060608 -402.411011
v 1591.210938 833.557800 -402.411011
v 1591.210938 771.548584 -402.411011
v 1591.210938 763.045715 -402.411011
v 1676.800781 763.045715 -398.909912
v 1676.800781 771.548584 -398.909912
v 1678.619141 834.846008 -399.809692
v 1678.619141 843.702026 -399.809692
v 1679.842773 834.846008 -429.743408
v 1679.842773 843.702026 -429.743408
v 1590.696289 843.702026 -433.389771
v 1589.470703 843.702026 -403.455933
v 1590.696289 834.845947 -433.389771
v 1589.470703 834.846008 -403.455933
v 1590.696289 770.260437 -433.389771
v 1589.470703 770.260437 -403.455933
v 1590.696289 761.404358 -433.389771
v 1589.470703 761.404358 -403.455933
v 1679.842773 761.404358 -429.743408
v 1678.619141 761.404358 -399.809692
v 1679.842773 770.260437 -429.743408
v 1678.619141 770.260437 -399.809692
v 1622.208984 845.451843 -522.007202
v 1622.208984 833.557861 -522.007202
v 1622.208984 771.548584 -522.007202
v 1622.208984 763.045715 -522.007202
v 1621.859375 763.045715 -513.440308
v 1619.134766 763.045715 -446.824341
v 1618.578125 763.045715 -433.221802
v 1618.183594 761.404358 -432.265503
v 1616.958984 761.404358 -402.331665
v 1617.274414 763.045715 -401.344849
v 1616.779297 763.045715 -389.254761
v 1616.779297 771.548584 -389.254761
v 1616.779297 833.557861 -389.254761
v 1616.779297 845.451843 -389.254761
v 1617.274414 845.451843 -401.344849
v 1616.958984 847.093201 -402.331665
v 1618.183594 847.093201 -432.265503
v 1618.578125 845.451843 -433.221802
v 1619.134766 845.451843 -446.824341
v 1621.859375 845.451843 -513.440308
v 1659.192383 763.045715 -520.494507
v 1659.192383 771.548584 -520.494507
v 1659.192383 833.557861 -520.494507
v 1659.192383 845.451843 -520.494507
v 1658.841797 845.451843 -511.927490
v 1656.117188 845.451843 -445.311646
v 1655.560547 845.451843 -431.709106
v 1656.232422 847.093201 -430.709106
v 1655.007812 847.093201 -400.775513
v 1654.256836 845.451843 -399.832153
v 1653.762695 845.451843 -387.742065
v 1653.762695 833.557861 -387.742065
v 1653.762695 771.548584 -387.742065
v 1653.762695 763.045715 -387.742065
v 1654.256836 763.045715 -399.832153
v 1655.007812 761.404358 -400.775513
v 1656.232422 761.404358 -430.709106
v 1655.560547 763.045715 -431.709106
v 1656.117188 763.045715 -445.311646
v 1658.841797 763.045715 -511.927490
v 1681.736328 820.534119 -519.572266
v 1681.736328 784.572327 -519.572266
v 1659.192383 820.534119 -520.494507
v 1659.192383 784.572327 -520.494507
v 1622.208984 820.534119 -522.007202
v 1622.208984 784.572327 -522.007202
v 1596.146484 784.572327 -523.073364
v 1596.146484 820.534119 -523.073364
v 1671.017578 815.915344 -526.745239
v 1671.017578 789.191101 -526.745239
v 1654.265625 789.191101 -527.430542
v 1654.265625 815.915344 -527.430542
v 1626.783203 789.191101 -528.554688
v 1626.783203 815.915344 -528.554688
v 1607.413086 789.191101 -529.347046
v 1607.413086 815.915344 -529.347046
v 1584.115234 755.586304 -501.561523
v 1583.751953 755.586304 -492.649780
v 1584.261719 765.555176 -505.136841
v 1583.605469 765.555176 -489.074585
v 1680.468750 765.555176 -501.201782
v 1679.812500 765.555176 -485.139404
v 1680.323242 755.586304 -497.626465
v 1679.958984 755.586304 -488.714722
v 1758.994141 865.221680 -81.086548
v 2075.830078 865.221680 -66.871704
v 1758.994141 878.521362 -81.086548
v 2075.830078 878.521362 -66.871704
v 1760.753906 878.521362 -100.852417
v 2077.589844 878.521362 -86.637817
v 1760.753906 865.221680 -100.852417
v 2077.589844 865.221680 -86.637817
v 1917.412109 871.871521 -73.979126
v 1917.412109 865.221680 -73.979126
v 2075.830078 871.871521 -66.871704
v 1917.412109 878.521362 -73.979126
v 1758.994141 871.871521 -81.086548
v 1918.291016 878.521362 -83.862183
v 2076.709961 878.521362 -76.754761
v 1919.171875 878.521362 -93.745117
v 1759.874023 878.521362 -90.969482
v 1919.171875 871.871521 -93.745239
v 2077.589844 871.871521 -86.637817
v 1919.171875 865.221680 -93.745117
v 1760.753906 871.871521 -100.852417
v 1918.291016 865.221680 -83.862183
v 2076.709961 865.221680 -76.754761
v 1759.874023 865.221680 -90.969482
v 2076.709961 871.871582 -76.754761
v 1759.875000 871.871582 -90.969482
v 2040.059570 872.764587 -82.064453
v 2040.059570 711.478455 -82.064453
v 2054.388672 872.764587 -81.469727
v 2054.388672 711.478455 -81.469727
v 2054.823242 872.764587 -91.902832
v 2054.823242 711.478455 -91.902832
v 2040.494141 872.764587 -92.497559
v 2040.494141 711.478455 -92.497559
v 2047.224609 792.121521 -81.767090
v 2040.059570 792.121521 -82.064453
v 2047.224609 711.478455 -81.767090
v 2054.388672 792.121521 -81.469727
v 2047.224609 872.764587 -81.767090
v 2054.606445 792.121460 -86.686279
v 2054.605469 711.478455 -86.686279
v 2054.823242 792.121521 -91.902832
v 2054.605469 872.764587 -86.686279
v 2047.659180 792.121521 -92.200195
v 2047.658203 711.478455 -92.200195
v 2040.494141 792.121521 -92.497559
v 2047.658203 872.764587 -92.200195
v 2040.277344 792.121460 -87.281006
v 2040.277344 711.478455 -87.281006
v 2040.277344 872.764587 -87.281006
v 2047.440430 711.478394 -86.983765
v 2047.440430 872.764465 -86.983765
v 1748.643555 603.555664 -15.416260
v 2077.232422 603.555664 -2.048340
v 1748.643555 691.493408 -15.416260
v 2077.232422 691.493408 -2.048340
v 1752.218750 691.493408 -103.281494
v 2080.806641 691.493408 -89.913574
v 1752.218750 603.555664 -103.281494
v 2080.806641 603.555664 -89.913574
v 1763.091797 691.493408 -31.141479
v 2064.111328 691.493408 -18.895142
v 2066.360352 691.493408 -74.188477
v 1765.340820 691.493408 -86.434814
v 1763.091797 637.122314 -31.141479
v 2064.111328 637.122314 -18.895142
v 2066.360352 637.122314 -74.188477
v 1765.340820 637.122314 -86.434814
v 1642.710938 435.899536 -38.620972
v 1783.820312 435.899536 -32.487671
v 1642.710938 449.199219 -38.620972
v 1783.820312 449.199219 -32.487671
v 1643.067383 449.199219 -58.424072
v 1784.176758 449.199219 -52.290894
v 1643.067383 435.899536 -58.424072
v 1784.176758 435.899536 -52.290894
v 1713.265625 442.549408 -35.554321
v 1713.265625 435.899536 -35.554321
v 1783.820312 442.549377 -32.487671
v 1713.265625 449.199219 -35.554321
v 1642.710938 442.549377 -38.620972
v 1713.443359 449.199188 -45.455933
v 1783.998047 449.199219 -42.389282
v 1713.622070 449.199219 -55.357544
v 1642.888672 449.199219 -48.522583
v 1713.622070 442.549408 -55.357544
v 1784.176758 442.549377 -52.290894
v 1713.622070 435.899536 -55.357544
v 1643.067383 442.549377 -58.424072
v 1713.443359 435.899506 -45.455933
v 1783.998047 435.899536 -42.389282
v 1642.888672 435.899536 -48.522583
v 1783.999023 442.549377 -42.389282
v 1642.889648 442.549408 -48.522461
v 1759.650391 443.386230 -45.935059
v 1759.650391 318.108521 -45.935059
v 1770.164062 443.386230 -45.474121
v 1770.164062 318.108521 -45.474121
v 1770.349609 443.386230 -55.910522
v 1770.349609 318.108521 -55.910522
v 1759.835938 443.386230 -56.371460
v 1759.835938 318.108521 -56.371460
v 1764.907227 380.747345 -45.704468
v 1759.650391 380.747375 -45.935059
v 1764.907227 318.108521 -45.704590
v 1770.164062 380.747375 -45.474121
v 1764.907227 443.386230 -45.704590
v 1770.256836 380.747375 -50.692383
v 1770.256836 318.108521 -50.692261
v 1770.349609 380.747375 -55.910522
v 1770.256836 443.386230 -50.692261
v 1765.092773 380.747345 -56.141113
v 1765.092773 318.108521 -56.140991
v 1759.835938 380.747375 -56.371460
v 1765.092773 443.386230 -56.140991
v 1759.743164 380.747375 -51.153076
v 1759.743164 318.108521 -51.153198
v 1759.743164 443.386230 -51.153198
v 1765.000000 318.108521 -50.922852
v 1765.000000 443.386261 -50.922852
v 1766.309570 329.971649 121.927002
v 2035.332031 329.971649 132.844360
v 1996.025391 370.161835 131.249146
v 1805.616211 370.161835 123.522217
v 2003.427734 370.161835 -51.168579
v 1813.017578 370.161835 -58.895630
v 2042.733398 329.971649 -49.573608
v 1773.710938 329.971649 -60.490845
v 1900.821289 347.304108 127.385620
v 1900.820312 329.971649 127.385620
v 2015.678711 350.066742 132.046753
v 1900.820312 370.161835 127.385620
v 1785.962891 350.066742 122.724609
v 1904.520508 370.161835 36.176514
v 1999.726562 370.161835 40.040283
v 1908.222656 370.161835 -55.032104
v 1809.316406 370.161835 32.313354
v 1908.222656 347.304138 -55.032104
v 2023.080078 350.066742 -50.371094
v 1908.222656 329.971649 -55.032227
v 1793.364258 350.066742 -59.693237
v 1904.521484 329.971649 36.176636
v 2039.033203 329.971649 41.635376
v 1770.009766 329.971649 30.718140
v 2019.379883 350.066742 40.838013
v 1789.663086 350.066742 31.515747
v 1654.788086 443.386230 -50.438477
v 1654.788086 318.108521 -50.438477
v 1665.302734 443.386230 -49.977539
v 1665.302734 318.108521 -49.977539
v 1665.488281 443.386230 -60.413940
v 1665.488281 318.108521 -60.413940
v 1654.974609 443.386230 -60.874878
v 1654.974609 318.108521 -60.874878
v 1660.044922 380.747375 -50.208130
v 1654.788086 380.747375 -50.438477
v 1660.044922 318.108521 -50.208008
v 1665.302734 380.747375 -49.977539
v 1660.044922 443.386230 -50.208008
v 1665.396484 380.747375 -55.195801
v 1665.395508 318.108521 -55.195679
v 1665.488281 380.747375 -60.413940
v 1665.395508 443.386230 -55.195679
v 1660.231445 380.747345 -60.644531
v 1660.231445 318.108521 -60.644409
v 1654.974609 380.747375 -60.874878
v 1660.231445 443.386230 -60.644409
v 1654.880859 380.747375 -55.656738
v 1654.880859 318.108521 -55.656616
v 1654.880859 443.386230 -55.656616
v 1660.137695 318.108551 -55.426025
v 1660.137695 443.386261 -55.426025
v 1644.169922 296.393433 -30.119995
v 1782.172852 296.393433 -23.986084
v 1644.169922 321.186401 -30.119995
v 1782.172852 321.186401 -23.986084
v 1644.818359 321.186401 -67.037354
v 1782.821289 321.186401 -60.903320
v 1644.818359 296.393433 -67.037354
v 1782.821289 296.393433 -60.903320
v 1713.170898 308.789917 -27.053101
v 1713.171875 296.393433 -27.053101
v 1782.172852 308.789917 -23.986084
v 1713.171875 321.186401 -27.053101
v 1644.169922 308.789917 -30.119995
v 1713.496094 321.186432 -45.511719
v 1782.497070 321.186401 -42.444702
v 1713.820312 321.186401 -63.970337
v 1644.494141 321.186401 -48.578735
v 1713.820312 308.789917 -63.970337
v 1782.821289 308.789917 -60.903320
v 1713.820312 296.393433 -63.970337
v 1644.818359 308.789917 -67.037354
v 1713.496094 296.393463 -45.511719
v 1782.497070 296.393433 -42.444702
v 1644.494141 296.393433 -48.578735
v 1782.497070 308.789917 -42.444702
v 1644.494141 308.789917 -48.578613
v 1844.338867 72.427658 -37.142212
v 1959.711914 72.427658 -30.445435
v 1844.338867 277.910370 -37.142212
v 1959.711914 277.910370 -30.445435
v 1845.208984 277.910370 -52.116577
v 1960.581055 277.910370 -45.419800
v 1845.208984 72.427658 -52.116577
v 1960.581055 72.427658 -45.419800
v 1854.553711 84.061989 -36.549438
v 1949.496094 84.061989 -31.038452
v 1949.496094 263.985199 -31.038452
v 1854.553711 263.985199 -36.549438
v 1844.338867 193.897934 -37.142212
v 1845.208984 193.897934 -52.116577
v 1960.581055 193.897949 -45.419800
v 1959.711914 193.897934 -30.445435
v 1949.496094 193.897903 -31.038452
v 1854.553711 193.897903 -36.549438
v 1942.361328 198.990036 -35.700317
v 1862.180664 198.990036 -40.354370
v 1942.361328 254.624634 -35.700317
v 1862.180664 254.624634 -40.354370
v 1844.338867 165.386337 -37.142212
v 1845.208984 165.386337 -52.116577
v 1960.581055 165.386337 -45.419800
v 1959.711914 165.386337 -30.445435
v 1949.496094 165.386398 -31.038452
v 1854.553711 165.386398 -36.549438
v 1845.208984 177.041870 -52.116577
v 1844.338867 177.041870 -37.142212
v 1854.553711 177.041885 -36.549438
v 1949.496094 177.041885 -31.038452
v 1959.711914 177.041870 -30.445435
v 1960.581055 177.041870 -45.419800
v 1882.469727 72.427658 -34.929077
v 1882.469727 84.061989 -34.929077
v 1882.469727 165.386398 -34.929077
v 1882.469727 177.041885 -34.929077
v 1882.469727 193.897903 -34.929077
v 1882.715820 198.990036 -39.162476
v 1882.715820 254.624634 -39.162476
v 1882.469727 263.985199 -34.929077
v 1882.469727 277.910370 -34.929077
v 1883.338867 277.910370 -49.903442
v 1883.338867 193.897934 -49.903442
v 1883.338867 177.041870 -49.903442
v 1883.338867 165.386337 -49.903442
v 1883.338867 72.427658 -49.903442
v 1917.619141 193.897903 -32.888794
v 1917.619141 177.041885 -32.888794
v 1917.619141 165.386398 -32.888794
v 1917.619141 84.061989 -32.888794
v 1917.619141 72.427658 -32.888794
v 1918.488281 72.427658 -47.863037
v 1918.488281 165.386337 -47.863037
v 1918.488281 177.041870 -47.863037
v 1918.488281 193.897934 -47.863037
v 1918.488281 277.910370 -47.863037
v 1917.619141 277.910370 -32.888794
v 1917.619141 263.985199 -32.888794
v 1917.865234 254.624634 -37.122070
v 1917.865234 198.990036 -37.122070
v 1882.800781 165.386398 -40.623169
v 1882.800781 177.041885 -40.623169
v 1917.949219 165.386398 -38.582642
v 1917.949219 177.041885 -38.582642
v 1844.155273 72.427658 -33.966919
v 1882.285156 72.427658 -31.753784
v 1882.285156 84.061989 -31.753784
v 1854.369141 84.061989 -33.374146
v 1959.528320 72.427658 -27.270020
v 1959.528320 165.386337 -27.270020
v 1949.311523 165.386398 -27.863037
v 1949.311523 84.061989 -27.863037
v 1882.285156 263.985199 -31.753784
v 1882.285156 277.910370 -31.753784
v 1844.155273 277.910370 -33.966919
v 1854.369141 263.985199 -33.374146
v 1854.369141 165.386398 -33.374146
v 1844.155273 165.386337 -33.966919
v 1959.528320 193.897934 -27.270020
v 1949.311523 193.897903 -27.863037
v 1959.528320 277.910370 -27.270020
v 1949.311523 263.985199 -27.863037
v 1844.155273 193.897934 -33.966919
v 1854.369141 193.897903 -33.374146
v 1949.311523 177.041885 -27.863037
v 1959.528320 177.041870 -27.270020
v 1844.155273 177.041870 -33.966919
v 1854.369141 177.041885 -33.374146
v 1917.434570 84.061989 -29.713501
v 1917.434570 72.427658 -29.713501
v 1917.434570 277.910370 -29.713501
v 1917.434570 263.985199 -29.713501
v 1826.115234 36.371746 1.753296
v 1985.274414 36.371746 8.892700
v 1826.115234 75.836502 1.753296
v 1985.274414 75.836502 8.892700
v 1828.667969 75.836502 -55.163208
v 1987.827148 75.836502 -48.023804
v 1828.667969 36.371746 -55.163208
v 1987.827148 36.371746 -48.023804
v 1783.025391 108.222542 115.167236
v 1831.375977 108.222542 115.167236
v 1783.025391 108.222542 66.815063
v 1831.375977 108.222542 66.815063
v 1792.250000 108.222542 105.942139
v 1822.152344 108.222542 105.942139
v 1822.152344 108.222542 76.040039
v 1792.250000 108.222542 76.040039
v 1792.250000 339.335510 105.942139
v 1822.152344 339.335510 105.942139
v 1822.152344 339.335510 76.040039
v 1792.250000 339.335510 76.040039
v 1792.250000 223.779007 105.942139
v 1792.250000 223.779007 76.040039
v 1822.152344 223.779007 76.040039
v 1822.152344 223.779007 105.942139
v 1792.250000 259.732330 105.942139
v 1792.250000 259.732330 76.040039
v 1822.152344 259.732330 76.040039
v 1822.152344 259.732330 105.942139
v 1783.025391 43.537842 115.167236
v 1783.025391 43.537842 66.815063
v 1831.375977 43.537842 66.815063
v 1831.375977 43.537842 115.167236
v 1795.021484 224.850952 103.168213
v 1795.021484 224.850952 78.813965
v 1795.021484 258.660370 103.168213
v 1795.021484 258.660370 78.813843
v 1819.376953 224.850952 78.813965
v 1819.376953 258.660370 78.813843
v 1819.376953 224.850952 103.168213
v 1819.376953 258.660370 103.168213
v 1807.200195 339.335480 90.990967
v 1807.201172 339.335510 105.942139
v 1822.152344 339.335510 90.991089
v 1807.201172 339.335510 76.040039
v 1792.250000 339.335510 90.991089
v 1807.200195 108.222542 111.370117
v 1807.201172 108.222542 115.167236
v 1826.763672 108.222542 110.554688
v 1807.201172 108.222542 105.942139
v 1787.637695 108.222542 110.554688
v 1827.579102 108.222542 90.991089
v 1831.375977 108.222542 90.991089
v 1826.763672 108.222542 71.427612
v 1822.152344 108.222542 90.991089
v 1807.200195 108.222549 70.612183
v 1807.201172 108.222542 66.815063
v 1787.637695 108.222542 71.427612
v 1807.201172 108.222542 76.040039
v 1786.822266 108.222542 90.991089
v 1783.025391 108.222542 90.991089
v 1792.250000 108.222542 90.991089
v 1807.202148 166.000763 105.942139
v 1822.152344 166.000763 105.942139
v 1807.201172 223.779007 105.942139
v 1792.250000 166.000763 105.942139
v 1822.152344 166.000763 90.990967
v 1822.152344 166.000763 76.040039
v 1822.152344 223.779007 90.991089
v 1807.202148 166.000763 76.040039
v 1792.250000 166.000763 76.040039
v 1807.201172 223.779007 76.040039
v 1792.250000 166.000763 90.990967
v 1792.250000 223.779007 90.991089
v 1795.020508 241.755661 90.991089
v 1795.021484 224.850952 90.991089
v 1795.021484 241.755646 103.168213
v 1795.021484 258.660370 90.991089
v 1795.021484 241.755646 78.813843
v 1807.200195 241.755661 78.813721
v 1807.199219 224.850952 78.813965
v 1807.199219 258.660370 78.813843
v 1819.376953 241.755646 78.813843
v 1819.376953 241.755661 90.991089
v 1819.376953 224.850952 90.991089
v 1819.376953 258.660370 90.991089
v 1819.376953 241.755646 103.168213
v 1807.200195 241.755661 103.168213
v 1807.199219 224.850952 103.168213
v 1807.199219 258.660370 103.168213
v 1792.250000 299.533966 90.991089
v 1792.250000 259.732330 90.991089
v 1792.250000 299.533936 105.942139
v 1792.250000 299.533936 76.040039
v 1807.202148 299.533936 76.040039
v 1807.201172 259.732330 76.040039
v 1822.152344 299.533936 76.040039
v 1822.153320 299.533966 90.991089
v 1822.152344 259.732330 90.991089
v 1822.152344 299.533936 105.942139
v 1807.202148 299.533936 105.942139
v 1807.201172 259.732330 105.942139
v 1783.024414 75.880188 90.990967
v 1783.025391 43.537842 90.991089
v 1783.025391 75.880188 115.167236
v 1783.025391 75.880188 66.815063
v 1807.200195 75.880188 66.815063
v 1831.375977 75.880188 66.815063
v 1807.201172 43.537842 66.815063
v 1831.375977 75.880188 90.990967
v 1831.375977 43.537842 90.991089
v 1831.375977 75.880188 115.167236
v 1807.200195 75.880196 115.167236
v 1807.201172 43.537842 115.167236
v 1793.511719 224.267319 90.991089
v 1793.635742 224.314972 104.555176
v 1793.635742 224.314972 77.427002
v 1793.512695 259.244019 90.990967
v 1793.635742 259.196350 77.426880
v 1793.635742 259.196350 104.555176
v 1807.200195 224.267334 77.303711
v 1820.764648 224.314972 77.427002
v 1807.200195 259.243988 77.303589
v 1820.764648 259.196350 77.426880
v 1820.888672 224.267319 90.991089
v 1820.764648 224.314972 104.555176
v 1820.886719 259.244019 90.991089
v 1820.764648 259.196350 104.555176
v 1807.200195 224.267334 104.678345
v 1807.201172 259.243988 104.678345
v 1974.105469 108.222542 115.167236
v 2022.458984 108.222542 115.167236
v 1974.105469 108.222542 66.815063
v 2022.458984 108.222542 66.815063
v 1983.330078 108.222542 105.942139
v 2013.234375 108.222542 105.942139
v 2013.234375 108.222542 76.040039
v 1983.330078 108.222542 76.040039
v 1983.330078 339.335510 105.942139
v 2013.234375 339.335510 105.942139
v 2013.234375 339.335510 76.040039
v 1983.330078 339.335510 76.040039
v 1983.330078 223.779007 105.942139
v 1983.330078 223.779007 76.040039
v 2013.234375 223.779007 76.040039
v 2013.234375 223.779007 105.942139
v 1983.330078 259.732330 105.942139
v 1983.330078 259.732330 76.040039
v 2013.234375 259.732330 76.040039
v 2013.234375 259.732330 105.942139
v 1974.105469 43.537842 115.167236
v 1974.105469 43.537842 66.815063
v 2022.458984 43.537842 66.815063
v 2022.458984 43.537842 115.167236
v 1986.105469 224.850952 103.168213
v 1986.105469 224.850952 78.813965
v 1986.105469 258.660370 103.168213
v 1986.105469 258.660370 78.813843
v 2010.460938 224.850952 78.813965
v 2010.460938 258.660370 78.813843
v 2010.460938 224.850952 103.168213
v 2010.460938 258.660370 103.168213
v 1998.282227 339.335541 90.990967
v 1998.282227 339.335510 105.942139
v 2013.234375 339.335510 90.991089
v 1998.282227 339.335510 76.040039
v 1983.330078 339.335510 90.991089
v 1998.282227 108.222542 111.370117
v 1998.282227 108.222542 115.167236
v 2017.846680 108.222542 110.554688
v 1998.282227 108.222542 105.942139
v 1978.717773 108.222542 110.554688
v 2018.662109 108.222542 90.991089
v 2022.458984 108.222542 90.991089
v 2017.846680 108.222542 71.427612
v 2013.234375 108.222542 90.991089
v 1998.282227 108.222542 70.612061
v 1998.282227 108.222542 66.815063
v 1978.717773 108.222542 71.427612
v 1998.282227 108.222542 76.040039
v 1977.903320 108.222542 90.991089
v 1974.105469 108.222542 90.991089
v 1983.330078 108.222542 90.991089
v 1998.282227 166.000763 105.942139
v 2013.234375 166.000763 105.942139
v 1998.282227 223.779007 105.942139
v 1983.330078 166.000763 105.942139
v 2013.234375 166.000763 90.990967
v 2013.234375 166.000763 76.040039
v 2013.234375 223.779007 90.991089
v 1998.282227 166.000763 76.039917
v 1983.330078 166.000763 76.040039
v 1998.282227 223.779007 76.040039
v 1983.331055 166.000763 90.990967
v 1983.330078 223.779007 90.991089
v 1986.105469 241.755661 90.991089
v 1986.105469 224.850952 90.991089
v 1986.105469 241.755646 103.168213
v 1986.105469 258.660370 90.991089
v 1986.105469 241.755646 78.813843
v 1998.282227 241.755661 78.813721
v 1998.283203 224.850952 78.813965
v 1998.283203 258.660370 78.813843
v 2010.460938 241.755646 78.813843
v 2010.460938 241.755661 90.991089
v 2010.460938 224.850952 90.991089
v 2010.460938 258.660370 90.991089
v 2010.460938 241.755646 103.168213
v 1998.282227 241.755661 103.168213
v 1998.283203 224.850952 103.168213
v 1998.283203 258.660370 103.168213
v 1983.331055 299.533966 90.991089
v 1983.330078 259.732330 90.991089
v 1983.330078 299.533936 105.942139
v 1983.330078 299.533936 76.040039
v 1998.282227 299.533966 76.040039
v 1998.282227 259.732330 76.040039
v 2013.234375 299.533936 76.040039
v 2013.234375 299.533966 90.991089
v 2013.234375 259.732330 90.991089
v 2013.234375 299.533936 105.942139
v 1998.282227 299.533966 105.942139
v 1998.282227 259.732330 105.942139
v 1974.104492 75.880188 90.990967
v 1974.105469 43.537842 90.991089
v 1974.105469 75.880188 115.167236
v 1974.105469 75.880188 66.815063
v 1998.283203 75.880188 66.815063
v 2022.458984 75.880188 66.815063
v 1998.282227 43.537842 66.815063
v 2022.458984 75.880188 90.990967
v 2022.458984 43.537842 90.991089
v 2022.458984 75.880188 115.167236
v 1998.283203 75.880196 115.167358
v 1998.282227 43.537842 115.167236
v 1984.594727 224.267319 90.991089
v 1984.717773 224.314972 104.555176
v 1984.717773 224.314972 77.427002
v 1984.595703 259.244049 90.991211
v 1984.717773 259.196350 77.426880
v 1984.717773 259.196350 104.555176
v 1998.282227 224.267303 77.303711
v 2011.847656 224.314972 77.427002
v 1998.283203 259.244019 77.303589
v 2011.847656 259.196350 77.426880
v 2011.970703 224.267319 90.991089
v 2011.847656 224.314972 104.555176
v 2011.970703 259.244019 90.991089
v 2011.847656 259.196350 104.555176
v 1998.282227 224.267303 104.678467
v 1998.283203 259.244019 104.678589
v 2045.035156 296.393433 -12.754639
v 2183.037109 296.393433 -6.620605
v 2045.035156 321.186401 -12.754639
v 2183.037109 321.186401 -6.620605
v 2045.683594 321.186401 -49.671875
v 2183.686523 321.186401 -43.537964
v 2045.683594 296.393433 -49.671875
v 2183.686523 296.393433 -43.537964
v 2114.036133 308.789917 -9.687500
v 2114.036133 296.393433 -9.687622
v 2183.037109 308.789917 -6.620605
v 2114.036133 321.186401 -9.687622
v 2045.035156 308.789917 -12.754639
v 2114.361328 321.186401 -28.146240
v 2183.361328 321.186401 -25.079224
v 2114.685547 321.186401 -46.604858
v 2045.359375 321.186401 -31.213257
v 2114.684570 308.789917 -46.604858
v 2183.686523 308.789917 -43.537964
v 2114.685547 296.393433 -46.604858
v 2045.683594 308.789917 -49.671875
v 2114.361328 296.393433 -28.146240
v 2183.361328 296.393433 -25.079224
v 2045.359375 296.393433 -31.213257
v 2183.362305 308.789917 -25.079102
v 2045.359375 308.789917 -31.213257
v 2055.653320 443.386230 -33.072998
v 2055.653320 318.108521 -33.072998
v 2066.166992 443.386230 -32.612061
v 2066.166992 318.108521 -32.612061
v 2066.353516 443.386230 -43.048462
v 2066.353516 318.108521 -43.048462
v 2055.838867 443.386230 -43.509399
v 2055.838867 318.108521 -43.509399
v 2060.909180 380.747345 -32.842651
v 2055.653320 380.747375 -33.072998
v 2060.910156 318.108521 -32.842529
v 2066.166992 380.747375 -32.612061
v 2060.910156 443.386230 -32.842529
v 2066.258789 380.747375 -37.830200
v 2066.259766 318.108521 -37.830200
v 2066.353516 380.747375 -43.048462
v 2066.259766 443.386230 -37.830200
v 2061.095703 380.747375 -43.278931
v 2061.095703 318.108521 -43.278931
v 2055.838867 380.747375 -43.509399
v 2061.095703 443.386230 -43.278931
v 2055.746094 380.747375 -38.291260
v 2055.746094 318.108521 -38.291138
v 2055.746094 443.386230 -38.291138
v 2061.002930 318.108521 -38.060791
v 2061.003906 443.386261 -38.060791
v 1606.909180 28.634588 -55.821655
v 2213.438477 28.634588 -31.208008
v 1606.909180 583.570923 -55.821655
v 2213.438477 583.570923 -31.208008
v 1631.523438 583.570923 -662.350769
v 2238.052734 583.570923 -637.737122
v 1631.523438 28.634588 -662.350769
v 2238.052734 28.634588 -637.737122
v 1660.395508 583.570923 -105.135376
v 2164.125977 583.570923 -84.693237
v 2184.567383 583.570923 -588.423401
v 1680.836914 583.570923 -608.865417
v 1660.395508 1242.445801 -105.135376
v 2164.125977 1418.944580 -84.693237
v 2184.567383 1418.944580 -588.423401
v 1680.836914 1242.445801 -608.865417
v 1706.095703 1257.833984 -147.271240
v 2121.990234 1403.556396 -130.393677
v 2138.867188 1403.556396 -546.287537
v 1722.973633 1257.833984 -563.165100
v 1643.154297 47.197708 -88.901489
v 2180.697266 47.197708 -67.087402
v 2202.510742 47.197708 -604.628601
v 1664.968750 47.197708 -626.442688
v 1660.395508 721.171021 -105.135376
v 1680.836914 721.171021 -608.865417
v 2184.567383 721.171387 -588.423401
v 2164.125977 721.171387 -84.693237
v 1660.395508 865.996582 -105.135376
v 1680.836914 865.996582 -608.865417
v 2184.567383 865.997192 -588.423401
v 2164.125977 865.997192 -84.693237
v 1660.395508 1020.715210 -105.135376
v 1680.836914 1020.715210 -608.865417
v 2184.567383 1020.716064 -588.423401
v 2164.125977 1020.716064 -84.693237
v 1660.395508 1168.267822 -105.135376
v 1680.836914 1168.267822 -608.865417
v 2184.568359 1168.268921 -588.423401
v 2164.126953 1168.268921 -84.693237
v 1606.909180 298.646851 -55.821655
v 1631.523438 298.646851 -662.350769
v 2238.052734 298.646851 -637.737122
v 2213.438477 298.646851 -31.208008
v 1631.523438 444.836853 -662.350769
v 1606.909180 444.836853 -55.821655
v 2213.438477 444.836853 -31.208008
v 2238.052734 444.836853 -637.737122
v 1761.479492 28.634596 -49.548950
v 1767.831055 298.646851 -49.291138
v 1767.831055 444.836853 -49.291138
v 1761.479492 583.570923 -49.548950
v 1788.545898 583.570923 -99.934692
v 1788.545898 721.171143 -99.934692
v 1788.545898 865.996704 -99.934692
v 1845.127930 1020.715332 -97.638550
v 1845.127930 1168.267944 -97.638550
v 1789.791016 1287.783813 -99.884155
v 1812.711914 1295.190796 -142.944458
v 1780.956055 47.197708 -83.309326
v 1802.769531 47.197708 -620.850647
v 1829.589844 1295.190796 -558.838440
v 1810.232422 1287.783813 -603.614441
v 1808.988281 1168.267944 -603.664856
v 1808.988281 1020.715332 -603.664856
v 1808.988281 865.996704 -603.664856
v 1808.988281 721.171143 -603.664856
v 1808.988281 583.570923 -603.664856
v 1786.092773 583.570923 -656.078186
v 1786.092773 444.836853 -656.078186
v 1786.092773 298.646851 -656.078186
v 1786.092773 28.634596 -656.078186
v 2045.607422 721.171387 -89.502808
v 2045.607422 583.570923 -89.502808
v 2071.000000 583.570923 -36.988281
v 2063.248047 444.836853 -37.302856
v 2063.248047 298.646881 -37.302856
v 2071.000000 28.634596 -36.988281
v 2095.614258 28.634596 -643.517395
v 2095.614258 298.646851 -643.517395
v 2095.614258 444.836853 -643.517395
v 2095.614258 583.570923 -643.517395
v 2066.048828 583.570923 -593.233093
v 2066.048828 721.171387 -593.233093
v 2066.048828 865.997070 -593.233093
v 2066.048828 1020.715942 -593.233093
v 2066.048828 1168.268677 -593.232971
v 2064.828125 1376.990234 -593.282532
v 2039.792969 1368.842285 -550.308167
v 2074.456055 47.197708 -609.825256
v 2052.641602 47.197708 -72.283936
v 2022.916016 1368.842285 -134.414307
v 2044.386719 1376.990234 -89.552368
v 1989.027344 1168.268677 -91.798950
v 1989.027344 1020.715942 -91.798950
v 2045.607422 865.997070 -89.502808
v 1706.095703 1014.890747 -147.271240
v 1722.973633 1014.890747 -563.165100
v 1829.589844 1014.891113 -558.838440
v 2039.792969 1014.891968 -550.308167
v 2138.867188 1014.892090 -546.287537
v 2121.990234 1014.892090 -130.393555
v 1999.500000 1014.891968 -135.364380
v 1836.127930 1014.891113 -141.994385
v 1706.095703 1169.656860 -147.271240
v 1722.973633 1169.656860 -563.165100
v 1829.589844 1169.656982 -558.838379
v 2039.792969 1169.657227 -550.308167
v 2138.867188 1169.657349 -546.287537
v 2121.990234 1169.657349 -130.393555
v 1999.500000 1169.657227 -135.364380
v 1836.127930 1169.656982 -141.994385
v 1829.589844 866.768188 -558.838440
v 1722.973633 866.768066 -563.165100
v 1706.095703 866.768066 -147.271240
v 1792.385742 866.765503 -143.769409
v 2043.642578 866.771362 -133.572998
v 2121.990234 866.768555 -130.393555
v 2138.867188 866.768555 -546.287537
v 2039.792969 866.768433 -550.308167
v 1829.589844 721.308594 -558.838440
v 1722.973633 721.308594 -563.165100
v 1706.095703 721.308594 -147.271240
v 1792.384766 721.303589 -143.769409
v 2043.642578 721.315063 -133.572998
v 2121.990234 721.308960 -130.393555
v 2138.867188 721.308960 -546.287537
v 2039.792969 721.308838 -550.308167
v 2162.180664 444.836853 -33.287964
v 2162.180664 298.646881 -33.287964
v 1663.817383 444.836853 -53.512207
v 1663.817383 298.646851 -53.512207
v 1802.769531 446.240570 -620.850647
v 1664.968750 446.240509 -626.442688
v 1643.154297 446.240509 -88.901489
v 1766.515625 446.235748 -83.895386
v 2062.323242 446.245392 -71.891113
v 2180.697266 446.240723 -67.087402
v 2202.510742 446.240723 -604.628601
v 2074.456055 446.240631 -609.825256
v 1799.533203 310.650574 -620.981995
v 1661.867188 310.650635 -626.568542
v 1643.154297 310.650513 -88.901489
v 1766.515625 297.582642 -83.895386
v 2062.323242 298.261658 -71.891113
v 2180.697266 310.650787 -67.087402
v 2202.510742 310.650787 -604.628601
v 2074.456055 310.650726 -609.825256
v 1665.070312 297.590698 -88.012085
v 1665.072266 446.239868 -88.011963
v 2163.596680 446.241211 -67.781128
v 2163.595703 298.260345 -67.781250
v 1660.395508 916.841309 -105.135376
v 1680.836914 916.841309 -608.865417
v 1808.988281 916.841431 -603.664856
v 2066.048828 916.841919 -593.233093
v 2184.567383 916.842041 -588.423401
v 2164.125977 916.842041 -84.693237
v 2022.975586 916.841919 -90.421265
v 1811.178711 916.841431 -99.016235
v 1680.836914 966.733521 -608.865417
v 1660.395508 966.733521 -105.135376
v 1821.363281 966.733643 -98.602905
v 2012.791016 966.734131 -90.834595
v 2164.125977 966.734253 -84.693237
v 2184.567383 966.734253 -588.423401
v 2066.048828 966.734131 -593.233093
v 1808.988281 966.733643 -603.664856
v 1634.258789 917.084839 -81.037476
v 1656.738281 917.084839 -635.001892
v 1634.258789 966.489990 -81.037476
v 1656.738281 966.489990 -635.001892
v 1800.079102 917.084961 -74.308105
v 1811.279297 966.490112 -73.853638
v 2021.796875 966.490601 -65.310547
v 2032.997070 917.085449 -64.856079
v 2188.223633 966.490723 -58.556763
v 2188.223633 917.085571 -58.556763
v 2210.703125 917.085571 -612.521301
v 2210.703125 966.490723 -612.521301
v 2080.365234 917.085449 -617.810608
v 2080.365234 966.490601 -617.810608
v 1797.669922 966.490112 -629.282715
v 1797.669922 917.084961 -629.282715
v 1660.395508 901.587891 -105.135376
v 1680.836914 901.587891 -608.865417
v 1808.988281 901.588013 -603.664856
v 2066.048828 901.588501 -593.233093
v 2184.567383 901.588562 -588.423401
v 2164.125977 901.588562 -84.693237
v 2029.765625 901.588501 -90.145630
v 1804.388672 901.588013 -99.291748
v 1698.542969 155.153198 -52.102905
v 1684.194336 28.634592 -52.685303
v 1764.655273 163.640717 -49.420044
v 1715.824219 298.646851 -51.401733
v 1635.363281 163.640717 -54.666870
v 1708.808594 163.640717 -659.214478
v 1708.808594 298.646851 -659.214478
v 1786.092773 163.640717 -656.078186
v 1708.808594 28.634592 -659.214478
v 1631.523438 163.640717 -662.350769
v 2225.746094 163.640732 -334.472473
v 2225.746094 28.634588 -334.472534
v 2238.052734 163.640717 -637.737122
v 2225.746094 298.646851 -334.472534
v 2213.438477 163.640717 -31.208008
v 1619.216797 163.640732 -359.086121
v 1619.216797 28.634588 -359.086182
v 1606.909180 163.640717 -55.821655
v 1619.216797 298.646851 -359.086182
v 1700.379883 583.570923 -76.122070
v 1684.194336 583.570923 -52.685303
v 1775.012695 583.570923 -74.741821
v 1724.470703 583.570923 -102.535034
v 1633.652344 583.570923 -80.478516
v 2202.150391 583.570923 -335.430298
v 2225.746094 583.570923 -334.472534
v 2211.310547 583.570923 -613.080261
v 2174.346680 583.570923 -336.558289
v 2188.782227 583.570923 -57.950562
v 1723.041016 583.570923 -634.543152
v 1797.541016 583.570923 -629.871521
v 1708.808594 583.570923 -659.214478
v 1656.179688 583.570923 -635.608093
v 1744.912109 583.570923 -606.265137
v 1642.811523 583.570862 -358.128540
v 1619.216797 583.570923 -359.086182
v 1670.616211 583.570923 -357.000366
v 1724.471680 652.371033 -102.535034
v 1788.545898 652.371033 -99.934692
v 1724.470703 721.171082 -102.535034
v 1660.395508 652.370972 -105.135376
v 2174.346680 652.371216 -336.558167
v 2184.567383 652.371155 -588.423401
v 2174.346680 721.171387 -336.558289
v 2164.125977 652.371155 -84.693237
v 1744.914062 652.371033 -606.265137
v 1808.988281 652.371033 -603.664856
v 1680.836914 652.370972 -608.865417
v 1744.912109 721.171082 -606.265137
v 1670.617188 652.371033 -357.000366
v 1670.616211 721.171021 -357.000366
v 1738.725586 1269.599609 -122.490723
v 1725.093750 1265.114746 -102.509766
v 1801.251953 1291.487305 -121.414307
v 1759.404297 1276.512451 -145.107788
v 1683.246094 1250.139893 -126.203247
v 2154.229492 1411.895630 -337.374695
v 2174.346680 1418.944580 -336.558289
v 2161.716797 1411.250488 -567.355469
v 2130.428711 1403.556396 -338.340576
v 2143.058594 1411.250488 -107.543457
v 1757.501953 1269.599487 -585.220093
v 1819.911133 1291.487305 -581.226440
v 1745.535156 1265.114746 -606.239929
v 1701.905273 1250.139893 -586.015259
v 1776.281250 1276.512451 -561.001770
v 1690.734375 1249.494751 -356.184143
v 1670.616211 1242.445801 -357.000366
v 1714.535156 1257.833984 -355.218140
v 1770.569336 1221.900391 -144.654785
v 1824.419922 1232.423828 -142.469360
v 1771.111328 1169.656982 -144.632812
v 1706.095703 1213.745361 -147.271240
v 2130.427734 1286.606812 -338.340576
v 2138.867188 1286.606934 -546.287537
v 2130.428711 1169.657349 -338.340515
v 2121.990234 1286.606934 -130.393677
v 1780.875000 1224.672119 -560.815308
v 1776.281250 1169.656982 -561.001770
v 1829.589844 1232.423828 -558.838440
v 1722.973633 1213.745361 -563.165100
v 1714.535156 1213.745605 -355.218079
v 1714.535156 1169.656860 -355.218140
v 1670.616211 793.583801 -357.000305
v 1660.395508 793.583801 -105.135376
v 1670.616211 865.996582 -357.000366
v 1680.836914 793.583801 -608.865417
v 1744.913086 793.583923 -606.265076
v 1808.988281 793.583923 -603.664856
v 1744.912109 865.996643 -606.265137
v 2174.347656 793.584412 -336.558167
v 2184.567383 793.584290 -588.423401
v 2174.346680 865.997192 -336.558289
v 2164.125977 793.584290 -84.693237
v 1724.470703 793.583923 -102.535034
v 1788.545898 793.583923 -99.934692
v 1724.470703 865.996643 -102.535034
v 1670.617188 883.792236 -357.000305
v 1660.395508 883.792236 -105.135376
v 1670.616211 901.587891 -357.000366
v 1680.836914 883.792236 -608.865417
v 1744.912109 883.792297 -606.265198
v 1744.912109 901.587952 -606.265137
v 1808.988281 883.792358 -603.664856
v 2174.346680 883.792786 -336.558289
v 2184.567383 883.792847 -588.423401
v 2174.346680 901.588562 -336.558289
v 2164.125977 883.792847 -84.693237
v 1729.273438 884.605591 -102.340088
v 1796.466797 883.792358 -99.613159
v 1732.392578 901.587952 -102.213501
v 1670.616211 1094.491577 -357.000305
v 1670.616211 1020.715210 -357.000366
v 1660.395508 1094.491455 -105.135376
v 1670.616211 1168.267822 -357.000366
v 1680.836914 1094.491455 -608.865417
v 1744.912109 1094.491699 -606.265076
v 1808.988281 1094.491699 -603.664856
v 1744.912109 1020.715271 -606.265137
v 1744.912109 1168.267822 -606.265137
v 2174.347656 1094.492554 -336.558167
v 2174.346680 1020.716064 -336.558289
v 2184.568359 1094.492432 -588.423401
v 2174.347656 1168.268921 -336.558289
v 2164.126953 1094.492432 -84.693237
v 1752.761719 1094.491699 -101.386963
v 1752.761719 1020.715271 -101.386963
v 1845.127930 1094.491699 -97.638550
v 1752.761719 1168.267822 -101.386963
v 1670.617188 1205.356934 -357.000305
v 1660.395508 1205.356812 -105.135376
v 1680.836914 1205.356812 -608.865417
v 1751.588867 1218.754883 -605.994141
v 1809.610352 1228.025879 -603.639648
v 2174.346680 1293.606812 -336.558289
v 2184.568359 1293.606689 -588.423401
v 2164.126953 1293.606689 -84.693237
v 1748.736328 1213.554321 -101.550293
v 1817.458984 1228.025879 -98.761353
v 1619.216797 514.203857 -359.086182
v 1619.216797 444.836853 -359.086182
v 1606.909180 514.203918 -55.821655
v 1631.523438 514.203918 -662.350769
v 1708.808594 514.203918 -659.214478
v 1786.092773 514.203918 -656.078186
v 1708.808594 444.836853 -659.214478
v 2225.746094 514.203857 -334.472534
v 2225.746094 444.836853 -334.472534
v 2238.052734 514.203918 -637.737122
v 2213.438477 514.203918 -31.208008
v 1619.215820 371.741882 -359.086182
v 1606.909180 371.741852 -55.821655
v 1631.523438 371.741852 -662.350769
v 2225.746094 371.741882 -334.472595
v 2238.052734 371.741852 -637.737122
v 2213.438477 371.741852 -31.208008
v 1708.807617 371.741882 -659.214478
v 1786.092773 371.741852 -656.078186
v 2187.810547 371.741913 -32.247925
v 2162.180664 371.741882 -33.287964
v 2187.809570 298.646851 -32.247925
v 2187.809570 444.836853 -32.247925
v 2129.705078 519.919495 -34.605957
v 2067.124023 514.203918 -37.145630
v 2112.714844 444.836853 -35.295410
v 2187.809570 514.203918 -32.247925
v 2142.218750 583.570923 -34.098145
v 2127.080078 583.570862 -58.883423
v 2058.303711 583.570923 -63.245483
v 2104.867188 583.570923 -87.098022
v 2104.868164 652.371216 -87.098022
v 2045.607422 652.371155 -89.502808
v 2104.867188 721.171387 -87.098022
v 2104.867188 793.584229 -87.098022
v 2045.607422 793.584229 -89.502808
v 2104.867188 865.997131 -87.098022
v 2100.064453 884.654053 -87.292969
v 2096.945312 901.588501 -87.419434
v 2037.686523 883.792786 -89.824219
v 2076.577148 1094.492554 -88.245972
v 1989.027344 1094.492310 -91.798950
v 2076.576172 1020.716003 -88.246094
v 2076.577148 1168.268799 -88.246094
v 2092.877930 1276.380737 -87.584473
v 2016.707031 1272.629395 -90.675659
v 2104.255859 1397.967407 -87.122803
v 2091.512695 1393.209961 -108.244141
v 2033.651367 1372.916260 -111.983276
v 2072.453125 1386.199341 -132.403931
v 2069.233398 1275.498047 -132.534546
v 2060.745117 1169.657227 -132.879028
v 2011.208008 1269.249756 -134.889282
v 2092.028320 1279.403687 -548.188354
v 2089.330078 1386.199341 -548.297852
v 2039.792969 1269.249756 -550.308167
v 2089.330078 1169.657227 -548.297852
v 2110.285156 1393.209961 -570.833740
v 2124.697266 1397.967407 -590.852966
v 2052.310547 1372.916260 -571.795349
v 2128.543945 1285.102905 -590.696838
v 2125.308594 1168.268799 -590.828186
v 2065.438477 1272.629395 -593.257751
v 2125.308594 1094.492554 -590.828186
v 2125.308594 1020.716003 -590.828247
v 2066.048828 1094.492310 -593.233032
v 2125.308594 883.792847 -590.828308
v 2125.308594 865.997131 -590.828247
v 2066.048828 883.792786 -593.233093
v 2125.308594 901.588501 -590.828247
v 2125.308594 793.584229 -590.828247
v 2125.308594 721.171387 -590.828247
v 2066.048828 793.584229 -593.233093
v 2125.308594 652.371216 -590.828247
v 2125.308594 583.570923 -590.828247
v 2066.048828 652.371155 -593.233093
v 2149.736328 583.570923 -617.150085
v 2166.833984 583.570923 -640.627258
v 2080.832031 583.570923 -618.375244
v 2166.833984 514.203857 -640.627319
v 2095.614258 514.203918 -643.517395
v 2166.833984 444.836853 -640.627258
v 2166.833008 371.741821 -640.627258
v 2095.614258 371.741852 -643.517395
v 2166.833984 298.646851 -640.627258
v 2166.833984 163.640717 -640.627258
v 2095.614258 163.640717 -643.517395
v 2166.833984 28.634592 -640.627258
v 1917.076172 652.371155 -94.718750
v 1917.076172 583.570923 -94.718750
v 1917.076172 721.171265 -94.718750
v 1916.862305 583.570923 -67.005371
v 1916.240234 583.570923 -43.268677
v 1915.907227 515.312439 -43.282104
v 1764.655273 514.203918 -49.420044
v 1915.539062 444.836853 -43.296997
v 1915.539062 371.741882 -43.296997
v 1767.831055 371.741852 -49.291138
v 1915.539062 298.646851 -43.296997
v 2063.248047 371.741882 -37.302856
v 1915.898438 161.977356 -43.282349
v 1916.240234 28.634596 -43.268677
v 2067.124023 163.640732 -37.145630
v 1940.853516 163.640717 -649.797791
v 1940.853516 298.646851 -649.797791
v 1940.853516 28.634596 -649.797791
v 1940.853516 371.741882 -649.797791
v 1940.853516 444.836853 -649.797791
v 1940.854492 514.203918 -649.797729
v 1940.853516 583.570923 -649.797791
v 1937.519531 652.371155 -598.448975
v 1937.518555 583.570923 -598.448975
v 1937.518555 721.171265 -598.448975
v 1937.518555 793.584045 -598.448975
v 1937.518555 865.996887 -598.448975
v 1937.519531 883.792542 -598.448914
v 1937.518555 901.588257 -598.448975
v 1937.518555 1094.491943 -598.448914
v 1937.518555 1020.715637 -598.448975
v 1937.518555 1168.268311 -598.448914
v 1950.863281 1253.871094 -597.907349
v 1937.530273 1332.386963 -598.448486
v 1936.431641 1332.289185 -578.245056
v 1934.691406 1332.016602 -554.573303
v 1944.903320 1253.966797 -554.158936
v 1934.691406 1169.657104 -554.573303
v 1927.335938 1259.460205 -138.292969
v 1917.814453 1169.657104 -138.679321
v 1917.814453 1332.016602 -138.679321
v 1917.629883 1332.289185 -114.944458
v 1917.088867 1332.386963 -94.718262
v 1928.100586 1266.363525 -94.271240
v 1917.078125 1168.268311 -94.718750
v 1917.076172 882.786316 -94.718628
v 1917.077148 901.588257 -94.718628
v 1917.076172 865.996887 -94.718750
v 1653.286133 178.924881 -357.706604
v 1652.510742 310.650574 -357.734985
v 1643.154297 178.924103 -88.901489
v 1654.061523 47.197708 -357.672058
v 1663.417969 178.924164 -626.505615
v 1732.284180 178.902008 -623.710999
v 1801.151367 178.924133 -620.916321
v 1730.700195 310.650604 -623.775269
v 1733.869141 47.197708 -623.646667
v 1937.798828 179.321442 -615.370972
v 2074.456055 178.924210 -609.825256
v 1936.994141 310.650635 -615.403625
v 1938.613281 47.197708 -615.337952
v 2138.483398 178.924225 -607.226929
v 2138.483398 310.650757 -607.226929
v 2138.483398 47.197708 -607.226929
v 2202.510742 178.924240 -604.628601
v 2191.603516 178.924240 -335.858032
v 2191.603516 310.650787 -335.857971
v 2191.603516 47.197708 -335.857971
v 2180.697266 178.924240 -67.087402
v 1915.641602 175.388550 -77.843628
v 1773.736328 172.390167 -83.602417
v 1914.419922 297.922150 -77.893188
v 2057.482422 172.729675 -72.087524
v 1916.798828 47.197708 -77.796631
v 1714.535156 1092.273804 -355.218140
v 1706.095703 1092.273804 -147.271240
v 1714.535156 1014.890747 -355.218140
v 1722.973633 1092.273804 -563.165100
v 1776.280273 1092.273926 -561.001831
v 1776.281250 1014.890930 -561.001770
v 1829.589844 1092.274048 -558.838440
v 1934.691406 1092.274414 -554.573303
v 1934.691406 1014.891541 -554.573303
v 2039.792969 1092.274658 -550.308167
v 2089.331055 1092.274780 -548.297791
v 2089.330078 1014.892029 -548.297852
v 2138.867188 1092.274658 -546.287537
v 2130.428711 1092.274658 -338.340576
v 2130.428711 1014.892090 -338.340515
v 2121.990234 1092.274658 -130.393555
v 2060.745117 1092.274658 -132.879028
v 2060.745117 1014.892029 -132.879028
v 1999.500000 1092.274658 -135.364380
v 1771.112305 1092.273926 -144.632812
v 1836.127930 1092.274048 -141.994385
v 1771.111328 1014.890930 -144.632812
v 1840.544922 1093.294800 -120.223267
v 1840.627930 1017.803223 -119.816528
v 1840.627930 1168.962402 -119.816528
v 1917.376953 1017.661072 -117.778076
v 1917.078125 1020.715637 -94.718750
v 1994.263672 1017.803955 -113.581665
v 1917.814453 1014.891541 -138.679321
v 1994.360352 1093.294678 -113.982178
v 1994.263672 1168.962891 -113.581665
v 1917.376953 1168.996826 -117.779785
v 1776.281250 940.829529 -561.001770
v 1776.281250 866.768127 -561.001770
v 1829.589844 940.829651 -558.838440
v 1722.973633 940.829407 -563.165100
v 1714.535156 940.829468 -355.218079
v 1706.095703 940.829407 -147.271240
v 1714.535156 866.768066 -355.218140
v 1761.759766 947.075134 -145.012329
v 1814.256836 940.828308 -142.881958
v 1749.240234 866.766785 -145.520386
v 1917.942383 931.832458 -138.674072
v 1918.013672 866.768433 -138.671265
v 2021.571289 940.831665 -134.468628
v 2070.169922 947.326843 -132.496460
v 2082.816406 866.769958 -131.983276
v 2121.990234 940.830322 -130.393555
v 2130.428711 940.830383 -338.340576
v 2138.867188 940.830322 -546.287537
v 2130.428711 866.768555 -338.340515
v 2089.331055 940.830322 -548.297791
v 2039.792969 940.830200 -550.308167
v 2089.330078 866.768494 -548.297852
v 1934.690430 940.829895 -554.573303
v 1934.691406 866.768311 -554.573303
v 1776.281250 794.038330 -561.001770
v 1776.281250 721.308594 -561.001770
v 1829.589844 794.038391 -558.838440
v 1722.973633 794.038330 -563.165100
v 1714.535156 794.038330 -355.218079
v 1706.095703 794.038330 -147.271240
v 1714.535156 721.308594 -355.218140
v 1749.239258 794.036560 -145.520386
v 1792.384766 794.034546 -143.769409
v 1749.240234 721.306091 -145.520386
v 2082.816406 794.040955 -131.983276
v 2082.816406 721.312012 -131.983276
v 2043.642578 794.043213 -133.572998
v 2121.990234 794.038757 -130.393555
v 2130.428711 794.038757 -338.340454
v 2138.867188 794.038757 -546.287537
v 2130.428711 721.308960 -338.340515
v 2089.331055 794.038696 -548.297852
v 2039.792969 794.038635 -550.308167
v 2089.330078 721.308899 -548.297852
v 1934.691406 794.038452 -554.573303
v 1934.691406 721.308716 -554.573303
v 1790.469727 793.810913 -121.888794
v 1790.464844 721.237366 -121.852051
v 1790.465820 866.381104 -121.852051
v 1917.564453 721.239624 -116.480225
v 2044.625000 721.243225 -111.537964
v 1918.013672 721.309326 -138.671265
v 2044.624023 793.815430 -111.574585
v 2044.625000 866.384216 -111.537964
v 1917.564453 866.378906 -116.480225
v 1635.363281 371.741882 -54.666870
v 1635.363281 298.646851 -54.666870
v 1663.817383 371.741852 -53.512207
v 1635.363281 444.836853 -54.666870
v 1697.239258 520.612915 -52.155884
v 1635.363281 514.203918 -54.666870
v 1715.824219 444.836853 -51.401733
v 2128.644531 156.166946 -34.649048
v 2142.218750 28.634592 -34.098145
v 2187.809570 163.640732 -32.247925
v 2112.714844 298.646881 -35.295410
v 1753.896484 578.514221 -593.537109
v 1733.869141 446.240540 -623.646667
v 1816.179688 583.774597 -589.844543
v 1693.970703 583.774536 -594.803894
v 1681.892578 572.834229 -356.542725
v 1674.625000 583.774536 -118.086304
v 1654.061523 446.240509 -357.672058
v 1916.122070 578.264038 -107.065430
v 1914.419922 446.240570 -77.893188
v 1779.450195 583.769653 -113.832397
v 2052.982422 583.780212 -102.732056
v 2163.449219 572.836670 -337.000427
v 2170.689453 583.774841 -575.458069
v 2191.603516 446.240723 -335.857971
v 2151.343750 583.774841 -98.740479
v 2115.135742 578.783325 -578.818054
v 2057.125000 583.774719 -580.066711
v 2138.483398 446.240662 -607.226929
v 1732.286133 378.462311 -623.710876
v 1801.151367 378.445557 -620.916321
v 1663.417969 378.445557 -626.505615
v 1653.287109 378.445129 -357.710510
v 1643.154297 378.445496 -88.901489
v 1914.307617 372.081177 -77.897827
v 1766.515625 371.909180 -83.895386
v 2062.323242 372.253540 -71.891113
v 2191.602539 378.445740 -335.858093
v 2202.510742 378.445740 -604.628601
v 2180.697266 378.445740 -67.087402
v 2138.484375 378.445740 -607.226929
v 2074.456055 378.445679 -609.825256
v 1937.793945 378.177307 -615.371216
v 1938.613281 446.240601 -615.337952
v 1654.543945 374.282440 -88.439331
v 1654.113281 446.240173 -88.456665
v 1665.071289 371.915283 -88.012085
v 1654.112305 304.120605 -88.456787
v 2171.817383 374.344482 -67.447754
v 2172.146484 304.455566 -67.434326
v 2163.595703 372.250793 -67.781128
v 2172.146484 446.240967 -67.434204
v 1715.829102 298.121735 -68.515259
v 1767.173828 298.114746 -66.593262
v 1715.792969 297.586670 -85.953735
v 1664.443359 298.118774 -70.762085
v 1767.168945 371.828491 -66.710327
v 1767.173828 445.536316 -66.593262
v 1715.829102 445.530762 -68.515259
v 1664.445312 445.538361 -70.762085
v 1715.793945 446.237793 -85.953735
v 1664.449219 371.831635 -70.878784
v 2112.824219 445.546173 -52.716431
v 2062.785156 445.541138 -54.597046
v 2112.959961 446.243286 -69.836060
v 2162.888672 445.539032 -50.534546
v 2062.782227 372.004333 -54.682373
v 2062.785156 298.454285 -54.597046
v 2112.823242 298.452271 -52.716431
v 2162.888672 298.453613 -50.534546
v 2112.958984 298.260986 -69.836182
v 2162.891602 372.002930 -50.619507
v 1939.549805 583.570984 -626.088745
v 1936.803711 575.707642 -586.736206
v 1623.943359 502.774139 -55.130371
v 2199.416992 175.258194 -31.776978
v 1622.620117 176.394089 -55.183960
v 2198.331055 503.674133 -31.821045
v 2120.320312 174.102051 -69.537476
v 2116.669922 47.197708 -69.685669
v 1707.202148 173.069397 -86.302368
v 1712.054688 47.197708 -86.105347
v 1725.616211 577.235535 -114.569336
v 2103.542969 576.600830 -99.090698
v 1670.615234 993.724365 -357.000366
v 1670.616211 966.733521 -357.000366
v 1660.395508 993.724365 -105.135376
v 1680.836914 993.724365 -608.865417
v 1744.912109 993.724426 -606.265137
v 1808.988281 993.724487 -603.664856
v 1744.912109 966.733582 -606.265137
v 1937.518555 993.724792 -598.448975
v 2066.048828 993.725037 -593.233093
v 1937.518555 966.733887 -598.448975
v 2125.307617 993.725098 -590.828186
v 2125.308594 966.734192 -590.828247
v 2184.567383 993.725159 -588.423401
v 2174.346680 993.725220 -336.558167
v 2174.346680 966.734253 -336.558289
v 2164.125977 993.725159 -84.693237
v 2081.266602 995.185120 -88.055786
v 2000.909180 993.725037 -91.316772
v 2088.458984 966.734192 -87.763916
v 1917.078125 990.894287 -94.718750
v 1833.246094 993.724487 -98.120728
v 1917.077148 966.733887 -94.718750
v 1748.071289 995.123108 -101.577271
v 1740.878906 966.733582 -101.869141
v 1645.498047 941.787415 -358.019653
v 1645.498047 917.084839 -358.019653
v 1634.258789 941.787415 -81.037476
v 1645.498047 966.489990 -358.019653
v 1656.738281 941.787415 -635.001892
v 1720.283203 942.412231 -77.546509
v 1717.168945 917.084900 -77.672729
v 1805.679688 941.787537 -74.080933
v 1722.769531 966.490051 -77.445557
v 1916.538086 940.771851 -69.582153
v 1916.538086 966.490356 -69.582153
v 1916.538086 917.085205 -69.582153
v 2027.396484 941.788025 -65.083374
v 2107.497070 942.444336 -61.832764
v 2105.009766 966.490662 -61.933716
v 2110.610352 917.085510 -61.706421
v 2188.223633 941.788147 -58.556763
v 2199.463867 941.788147 -335.539001
v 2199.462891 917.085571 -335.539001
v 2210.703125 941.788147 -612.521301
v 2199.462891 966.490723 -335.539001
v 2145.533203 941.788086 -615.166016
v 2145.534180 917.085510 -615.165955
v 2080.365234 941.788025 -617.810608
v 2145.534180 966.490662 -615.165955
v 1939.017578 941.787842 -623.546631
v 1939.017578 966.490356 -623.546692
v 1939.017578 917.085205 -623.546692
v 1797.669922 941.787537 -629.282715
v 1727.204102 941.787476 -632.142334
v 1727.204102 966.490051 -632.142273
v 1727.204102 917.084900 -632.142273
v 1657.497070 916.968445 -357.532776
v 1670.616211 916.841309 -357.000366
v 1647.327148 916.963074 -93.086426
v 1668.787109 916.963074 -621.933655
v 1657.497070 966.606323 -357.532776
v 1668.787109 966.611755 -621.933655
v 1647.327148 966.611755 -93.086426
v 1724.344727 916.968079 -89.462036
v 1735.787109 916.841370 -102.075806
v 1805.628906 916.963196 -86.662231
v 1729.599609 966.606873 -89.243164
v 1816.321289 966.611877 -86.228271
v 1916.872070 966.607056 -81.620850
v 2017.293945 966.612366 -78.072632
v 1916.880859 916.968750 -81.615234
v 1917.077148 916.841675 -94.718750
v 2027.986328 916.963684 -77.638672
v 2098.833008 966.607544 -74.264526
v 2176.174805 966.612488 -71.625000
v 2104.081055 916.968506 -74.057861
v 2093.550781 916.841980 -87.557251
v 2176.174805 916.963806 -71.625000
v 2187.463867 916.969238 -336.025818
v 2174.346680 916.842041 -336.558289
v 2197.634766 916.963806 -600.472351
v 2187.463867 966.606995 -336.025818
v 2197.634766 966.612488 -600.472351
v 2137.215820 916.968262 -603.399658
v 2125.308594 916.841980 -590.828247
v 2073.207031 916.963684 -605.521851
v 2137.215820 966.607849 -603.399658
v 2073.207031 966.612366 -605.521851
v 1938.398438 966.606812 -611.533447
v 1803.329102 966.611877 -616.473816
v 1938.398438 916.968628 -611.533447
v 1937.518555 916.841675 -598.448975
v 1803.329102 916.963196 -616.473816
v 1734.193359 966.607117 -619.762756
v 1734.193359 916.967896 -619.762756
v 1744.912109 916.841370 -606.265137
v 1670.617188 909.214661 -357.000244
v 1660.395508 909.214600 -105.135376
v 1680.836914 909.214600 -608.865417
v 1744.912109 909.214722 -606.265198
v 1808.988281 909.214722 -603.664856
v 1937.518555 909.215027 -598.448914
v 2066.048828 909.215210 -593.233093
v 2125.308594 909.215271 -590.828186
v 2184.567383 909.215332 -588.423401
v 2174.345703 909.215332 -336.558289
v 2164.125977 909.215332 -84.693237
v 2094.887695 909.383728 -87.502930
v 2026.371094 909.215210 -90.283447
v 1917.078125 908.994934 -94.718628
v 1807.783203 909.214722 -99.153931
v 1734.451172 909.373291 -102.129883
v 2043.576172 435.899536 -21.255493
v 2184.685547 435.899536 -15.122192
v 2043.576172 449.199219 -21.255493
v 2184.685547 449.199219 -15.122192
v 2043.932617 449.199219 -41.058594
v 2185.041992 449.199219 -34.925415
v 2043.932617 435.899536 -41.058594
v 2185.041992 435.899536 -34.925415
v 2114.130859 442.549408 -18.188843
v 2114.130859 435.899536 -18.188843
v 2184.685547 442.549377 -15.122192
v 2114.130859 449.199219 -18.188843
v 2043.576172 442.549377 -21.255493
v 2114.308594 449.199188 -28.090454
v 2184.863281 449.199219 -25.023804
v 2114.487305 449.199219 -37.992065
v 2043.753906 449.199219 -31.157104
v 2114.487305 442.549408 -37.992065
v 2185.041992 442.549377 -34.925415
v 2114.487305 435.899536 -37.992065
v 2043.932617 442.549377 -41.058594
v 2114.308594 435.899506 -28.090454
v 2184.863281 435.899536 -25.023804
v 2043.753906 435.899536 -31.157104
v 2184.864258 442.549377 -25.023804
v 2043.754883 442.549408 -31.156860
v 2160.514648 443.386230 -28.569580
v 2160.514648 318.108521 -28.569580
v 2171.029297 443.386230 -28.108643
v 2171.029297 318.108521 -28.108643
v 2171.214844 443.386230 -38.545044
v 2171.214844 318.108521 -38.545044
v 2160.701172 443.386230 -39.005981
v 2160.701172 318.108521 -39.005981
v 2165.772461 380.747375 -28.339111
v 2160.514648 380.747375 -28.569580
v 2165.771484 318.108521 -28.339111
v 2171.029297 380.747375 -28.108643
v 2165.771484 443.386230 -28.339111
v 2171.122070 380.747375 -33.326782
v 2171.122070 318.108521 -33.326782
v 2171.214844 380.747375 -38.545044
v 2171.122070 443.386230 -33.326782
v 2165.957031 380.747345 -38.775635
v 2165.958008 318.108521 -38.775513
v 2160.701172 380.747375 -39.005981
v 2165.958008 443.386230 -38.775513
v 2160.609375 380.747375 -33.787720
v 2160.607422 318.108521 -33.787720
v 2160.607422 443.386230 -33.787720
v 2165.865234 318.108551 -33.557129
v 2165.864258 443.386261 -33.557129
v 2148.788086 23.460939 23.265259
v 2270.845703 23.460939 23.265259
v 2148.788086 145.519165 23.265259
v 2270.845703 145.519165 23.265259
v 2148.788086 145.519165 -98.792725
v 2270.845703 145.519165 -98.792725
v 2148.788086 23.460939 -98.792725
v 2270.845703 23.460939 -98.792725
v 2174.389648 145.519165 -2.336548
v 2245.244141 145.519165 -2.336548
v 2245.244141 145.519165 -73.190918
v 2174.389648 145.519165 -73.190918
v 2174.389648 620.148438 -2.336548
v 2245.244141 620.148438 -2.336548
v 2245.244141 620.148438 -73.190918
v 2174.389648 620.148438 -73.190918
v 2209.816406 84.490059 23.265259
v 2209.816406 23.460939 23.265259
v 2270.845703 84.490059 23.265259
v 2209.816406 145.519165 23.265259
v 2148.788086 84.490059 23.265259
v 2209.816406 620.148438 -37.763794
v 2209.816406 620.148438 -2.336548
v 2245.244141 620.148438 -37.763794
v 2209.816406 620.148438 -73.190918
v 2174.389648 620.148438 -37.763794
v 2209.816406 84.490059 -98.792725
v 2209.816406 145.519165 -98.792725
v 2270.845703 84.490059 -98.792725
v 2209.816406 23.460939 -98.792725
v 2148.788086 84.490059 -98.792725
v 2270.845703 84.490059 -37.763672
v 2270.845703 23.460939 -37.763794
v 2270.845703 145.519165 -37.763794
v 2148.789062 84.490059 -37.763672
v 2148.788086 23.460939 -37.763794
v 2148.788086 145.519165 -37.763794
v 2209.816406 145.519165 12.934814
v 2258.044922 145.519165 10.464355
v 2209.816406 145.519165 -2.336548
v 2161.588867 145.519165 10.464355
v 2260.514648 145.519165 -37.763794
v 2258.044922 145.519165 -85.991821
v 2245.244141 145.519165 -37.763794
v 2209.816406 145.519165 -88.462280
v 2161.588867 145.519165 -85.991821
v 2209.816406 145.519165 -73.190918
v 2159.119141 145.519165 -37.763794
v 2174.389648 145.519165 -37.763794
v 2209.817383 382.833801 -2.336548
v 2245.244141 382.833801 -2.336548
v 2174.389648 382.833801 -2.336548
v 2245.244141 382.833801 -37.763672
v 2245.244141 382.833801 -73.190918
v 2209.817383 382.833801 -73.190918
v 2174.389648 382.833801 -73.190918
v 2174.389648 382.833801 -37.763672
v 2291.304688 373.624146 -65.041504
v 2291.304688 373.624146 -53.208008
v 2291.304688 561.554077 -65.041504
v 2291.304688 561.554077 -53.208008
v 2376.012695 561.554077 -65.041504
v 2376.012695 561.554077 -53.208008
v 2376.012695 373.624146 -65.041504
v 2376.012695 373.624146 -53.208008
v 2368.380859 390.555359 -53.208008
v 2298.937500 390.555359 -53.208008
v 2368.380859 544.622925 -53.208008
v 2298.937500 544.622925 -53.208008
v 2368.380859 390.555359 -65.041504
v 2298.937500 390.555359 -65.041504
v 2298.937500 544.622925 -65.041504
v 2368.380859 544.622925 -65.041504
v 2368.380859 390.555359 -57.462646
v 2298.937500 390.555359 -57.462646
v 2368.380859 544.622925 -57.462646
v 2298.937500 544.622925 -57.462646
v 2368.380859 390.555359 -60.786743
v 2298.937500 390.555359 -60.786743
v 2298.937500 544.622925 -60.786743
v 2368.380859 544.622925 -60.786743
v 2297.431641 514.508179 -56.530396
v 2297.431641 516.213196 -54.825439
v 2297.431641 518.542480 -54.201416
v 2297.431641 520.871521 -54.825439
v 2297.431641 522.576599 -56.530396
v 2297.431641 523.200806 -58.859863
v 2297.431641 522.576599 -61.189331
v 2297.431641 520.871521 -62.894287
v 2297.431641 518.542480 -63.518311
v 2297.431641 516.213196 -62.894287
v 2297.431641 514.508179 -61.189331
v 2297.431641 513.884094 -58.859863
v 2209.980469 514.508179 -56.530396
v 2209.980469 516.213196 -54.825439
v 2209.980469 518.542480 -54.201416
v 2209.980469 520.871521 -54.825439
v 2209.980469 522.576599 -56.530396
v 2209.980469 523.200806 -58.859863
v 2209.980469 522.576599 -61.189331
v 2209.980469 520.871521 -62.894287
v 2209.980469 518.542480 -63.518311
v 2209.980469 516.213196 -62.894287
v 2209.980469 514.508179 -61.189331
v 2209.980469 513.884094 -58.859863
v 2297.431641 518.542480 -58.859863
v 2209.980469 518.542480 -58.859863
v 2297.431641 403.577515 -56.530396
v 2297.431641 405.282593 -54.825439
v 2297.431641 407.611755 -54.201416
v 2297.431641 409.940918 -54.825439
v 2297.431641 411.645935 -56.530396
v 2297.431641 412.270081 -58.859863
v 2297.431641 411.645935 -61.189331
v 2297.431641 409.940918 -62.894287
v 2297.431641 407.611755 -63.518311
v 2297.431641 405.282593 -62.894287
v 2297.431641 403.577515 -61.189331
v 2297.431641 402.953369 -58.859863
v 2209.980469 403.577515 -56.530396
v 2209.980469 405.282593 -54.825439
v 2209.980469 407.611755 -54.201416
v 2209.980469 409.940918 -54.825439
v 2209.980469 411.645935 -56.530396
v 2209.980469 412.270081 -58.859863
v 2209.980469 411.645935 -61.189331
v 2209.980469 409.940918 -62.894287
v 2209.980469 407.611755 -63.518311
v 2209.980469 405.282593 -62.894287
v 2209.980469 403.577515 -61.189331
v 2209.980469 402.953369 -58.859863
v 2297.431641 407.611755 -58.859863
v 2209.980469 407.611755 -58.859863
v 1647.445312 1151.721313 -169.481323
v 1647.576172 1151.721313 -145.695679
v 1664.497070 1182.943115 -169.575684
v 1664.627930 1182.943115 -145.788818
v 1664.497070 1151.721313 -169.575073
v 1664.627930 1151.721313 -145.789429
v 1664.627930 1227.511597 -145.788818
v 1664.497070 1227.511597 -169.575684
v 1614.813477 1192.411377 -169.301880
v 1614.944336 1192.411377 -145.516235
v 1604.781250 1202.561768 -145.460449
v 1604.650391 1202.561768 -169.246094
v 1664.497070 1129.208984 -169.575684
v 1664.627930 1129.208984 -145.788818
v 1656.073242 1137.519531 -145.741821
v 1655.942383 1137.519531 -169.528687
v 1637.707031 1187.564697 -169.428345
v 1647.445312 1173.205200 -169.481323
v 1637.837891 1187.564697 -145.641479
v 1647.576172 1173.205200 -145.695679
v 1630.834961 1213.102783 -145.603027
v 1630.704102 1213.102783 -169.389893
v 1664.627930 1173.205200 -145.789429
v 1664.497070 1173.205200 -169.575073
v 1652.152344 1180.208862 -145.720459
v 1656.101562 1173.205200 -145.742554
v 1664.627930 1178.074219 -145.789185
v 1651.232422 1185.253906 -145.715210
v 1642.707031 1180.385010 -145.668579
v 1652.019531 1180.208740 -169.506836
v 1664.497070 1178.074219 -169.575317
v 1655.970703 1173.205200 -169.528198
v 1642.576172 1180.385010 -169.454834
v 1651.101562 1185.253906 -169.502075
v 1623.355469 1199.551392 -169.349121
v 1617.677734 1207.832275 -169.317993
v 1634.205078 1200.333740 -169.409058
v 1626.259766 1189.988037 -169.365112
v 1609.732422 1197.486572 -169.274048
v 1658.626953 1143.051880 -145.756226
v 1656.101562 1151.721313 -145.742554
v 1651.824219 1144.620361 -145.718750
v 1660.350586 1133.364258 -145.765259
v 1664.627930 1140.465088 -145.789185
v 1658.496094 1143.052002 -169.542236
v 1655.970703 1151.721313 -169.528198
v 1664.497070 1140.465088 -169.575317
v 1660.219727 1133.364258 -169.552124
v 1651.693359 1144.620361 -169.505005
v 1623.485352 1199.551514 -145.562866
v 1634.335938 1200.333740 -145.622192
v 1617.808594 1207.832275 -145.531738
v 1609.863281 1197.486572 -145.488403
v 1626.390625 1189.988037 -145.578857
v 1651.387695 1204.348755 -145.715942
v 1664.627930 1205.227295 -145.788818
v 1647.731445 1220.307129 -145.695923
v 1651.257812 1204.348633 -169.502930
v 1647.600586 1220.307129 -169.482788
v 1664.497070 1205.227295 -169.575684
v 1647.511719 1162.463379 -157.588501
v 1647.576172 1162.463257 -145.695679
v 1647.510742 1173.205200 -157.588501
v 1647.445312 1162.463257 -169.481323
v 1647.510742 1151.721313 -157.588501
v 1642.641602 1180.385010 -157.561768
v 1637.772461 1187.564697 -157.534912
v 1626.327148 1189.988159 -157.471802
v 1614.878906 1192.411377 -157.409058
v 1609.797852 1197.486572 -157.381226
v 1604.715820 1202.561768 -157.353271
v 1617.742188 1207.832275 -157.424927
v 1630.769531 1213.102783 -157.496460
v 1647.666992 1220.307373 -157.589233
v 1664.562500 1227.511597 -157.682251
v 1664.562500 1205.227295 -157.682373
v 1664.562500 1182.943115 -157.682251
v 1664.563477 1178.074341 -157.682129
v 1664.562500 1173.205200 -157.682251
v 1664.562500 1140.464966 -157.682251
v 1664.562500 1129.208984 -157.682251
v 1664.562500 1151.721313 -157.682251
v 1660.285156 1133.364258 -157.658691
v 1656.007812 1137.519531 -157.635254
v 1651.758789 1144.620239 -157.611938
v 1656.101562 1162.463257 -145.742554
v 1664.627930 1162.463257 -145.789429
v 1664.562500 1162.463379 -157.682129
v 1664.497070 1162.463257 -169.575073
v 1655.970703 1162.463257 -169.528198
v 1662.773438 1151.721313 -570.974121
v 1662.904297 1151.721313 -547.188477
v 1679.825195 1182.943115 -571.068420
v 1679.956055 1182.943115 -547.281616
v 1679.825195 1151.721313 -571.067810
v 1679.956055 1151.721313 -547.282227
v 1679.956055 1227.511597 -547.281616
v 1679.825195 1227.511597 -571.068420
v 1630.141602 1192.411377 -570.794678
v 1630.272461 1192.411377 -547.009094
v 1620.109375 1202.561768 -546.953186
v 1619.978516 1202.561768 -570.738831
v 1679.825195 1129.208984 -571.068420
v 1679.956055 1129.208984 -547.281616
v 1671.401367 1137.519531 -547.234558
v 1671.270508 1137.519531 -571.021423
v 1653.035156 1187.564697 -570.921143
v 1662.773438 1173.205200 -570.974121
v 1653.166016 1187.564697 -547.134338
v 1662.904297 1173.205200 -547.188477
v 1646.163086 1213.102783 -547.095825
v 1646.032227 1213.102783 -570.882690
v 1679.956055 1173.205200 -547.282227
v 1679.825195 1173.205200 -571.067810
v 1667.480469 1180.208862 -547.213318
v 1671.429688 1173.205200 -547.235352
v 1679.956055 1178.074219 -547.281921
v 1666.560547 1185.253906 -547.207947
v 1658.035156 1180.385010 -547.161438
v 1667.348633 1180.208740 -570.999634
v 1679.825195 1178.074219 -571.068115
v 1671.298828 1173.205200 -571.020935
v 1657.904297 1180.385010 -570.947632
v 1666.429688 1185.253906 -570.994812
v 1638.683594 1199.551392 -570.842041
v 1633.005859 1207.832275 -570.810730
v 1649.533203 1200.333740 -570.901917
v 1641.587891 1189.988037 -570.857910
v 1625.060547 1197.486572 -570.766785
v 1673.955078 1143.051880 -547.248962
v 1671.429688 1151.721313 -547.235352
v 1667.152344 1144.620361 -547.211487
v 1675.678711 1133.364258 -547.258118
v 1679.956055 1140.465088 -547.281921
v 1673.824219 1143.051880 -571.035095
v 1671.298828 1151.721313 -571.020935
v 1679.825195 1140.465088 -571.068115
v 1675.547852 1133.364258 -571.044922
v 1667.021484 1144.620361 -570.997742
v 1638.814453 1199.551514 -547.055725
v 1649.664062 1200.333740 -547.115051
v 1633.136719 1207.832275 -547.024475
v 1625.191406 1197.486572 -546.981140
v 1641.718750 1189.988037 -547.071716
v 1666.715820 1204.348755 -547.208801
v 1679.956055 1205.227295 -547.281616
v 1663.059570 1220.307129 -547.188721
v 1666.584961 1204.348633 -570.995667
v 1662.928711 1220.307129 -570.975525
v 1679.825195 1205.227295 -571.068420
v 1662.838867 1162.463379 -559.081238
v 1662.904297 1162.463257 -547.188477
v 1662.838867 1173.205200 -559.081299
v 1662.773438 1162.463257 -570.974121
v 1662.838867 1151.721313 -559.081299
v 1657.969727 1180.385010 -559.054565
v 1653.100586 1187.564697 -559.027771
v 1641.654297 1189.988037 -558.964844
v 1630.207031 1192.411377 -558.901917
v 1625.125000 1197.486572 -558.873962
v 1620.043945 1202.561768 -558.846008
v 1633.070312 1207.832275 -558.917603
v 1646.097656 1213.102783 -558.989258
v 1662.994141 1220.307251 -559.082092
v 1679.890625 1227.511597 -559.174988
v 1679.890625 1205.227295 -559.174988
v 1679.890625 1182.943115 -559.174988
v 1679.891602 1178.074341 -559.174988
v 1679.890625 1173.205200 -559.174988
v 1679.891602 1140.464966 -559.174988
v 1679.890625 1129.208984 -559.174988
v 1679.890625 1151.721313 -559.174988
v 1675.613281 1133.364258 -559.151489
v 1671.335938 1137.519531 -559.127991
v 1667.086914 1144.620361 -559.104614
v 1671.429688 1162.463257 -547.235352
v 1679.956055 1162.463257 -547.282227
v 1679.891602 1162.463379 -559.174988
v 1679.825195 1162.463257 -571.067810
v 1671.297852 1162.463257 -571.020935
v 1944.992188 164.750198 -23.406128
v 1942.766602 162.521042 -23.535156
v 1939.726562 161.705109 -23.711792
v 1936.686523 162.521042 -23.888062
v 1934.460938 164.750198 -24.017456
v 1933.646484 167.795288 -24.064697
v 1934.460938 170.840378 -24.017456
v 1936.686523 173.069550 -23.888306
v 1939.726562 173.885468 -23.711792
v 1942.766602 173.069550 -23.535278
v 1944.992188 170.840378 -23.406128
v 1945.805664 167.795288 -23.358765
v 1945.330078 164.750198 -29.223022
v 1943.103516 162.521042 -29.352173
v 1940.064453 161.705109 -29.528687
v 1937.024414 162.521042 -29.705200
v 1934.798828 164.750198 -29.834351
v 1933.984375 167.795288 -29.881714
v 1934.798828 170.840378 -29.834351
v 1937.024414 173.069550 -29.705200
v 1940.064453 173.885468 -29.528687
v 1943.103516 173.069550 -29.352173
v 1945.330078 170.840378 -29.223022
v 1946.143555 167.795288 -29.175903
v 1939.726562 167.795288 -23.711792
v 1940.064453 167.795288 -29.528687
v 1931.435547 147.805344 -28.963257
v 1949.062500 147.805344 -27.939941
v 1931.435547 176.458328 -28.963257
v 1949.062500 176.458328 -27.939941
v 1931.637695 176.458328 -32.442749
v 1949.263672 176.458328 -31.419556
v 1931.637695 147.805344 -32.442749
v 1949.263672 147.805344 -31.419556
v 1631.761719 758.032532 -499.818481
v 1631.397461 758.032532 -490.906616
v 1633.310547 761.237610 -499.525757
v 1632.964844 761.237610 -491.071777
v 1681.029297 734.277649 -497.573853
v 1680.684570 734.277649 -489.119873
v 1679.481445 731.072571 -497.866577
v 1679.117188 731.072571 -488.954712
v 1673.650391 761.190735 -497.764648
v 1673.285156 761.190735 -488.852905
v 1678.867188 761.190735 -497.903198
v 1678.472656 761.190735 -488.288696
v 1678.867188 725.135559 -497.903198
v 1678.472656 725.135559 -488.288696
v 1673.650391 725.135559 -497.764648
v 1673.285156 725.135559 -488.852905
v 1628.449219 758.032532 -418.848755
v 1628.085938 758.032532 -409.936890
v 1629.999023 761.237610 -418.556030
v 1629.654297 761.237610 -410.102173
v 1677.717773 734.277649 -416.604248
v 1677.371094 734.277649 -408.150269
v 1676.167969 731.072571 -416.897095
v 1675.804688 731.072571 -407.984985
v 1670.337891 761.190735 -416.795044
v 1669.973633 761.190735 -407.883179
v 1675.554688 761.190735 -416.933472
v 1675.162109 761.190735 -407.319092
v 1675.554688 725.135559 -416.933472
v 1675.162109 725.135559 -407.319092
v 1670.337891 725.135559 -416.795044
v 1669.973633 725.135559 -407.883179
vt 0.676136 0.277113
vt 0.676210 0.278873
vt 0.678727 0.278873
vt 0.678653 0.277113
vt 0.676322 0.280048
vt 0.678839 0.280048
vt 0.676453 0.280461
vt 0.678970 0.280461
vt 0.676584 0.280048
vt 0.679102 0.280048
vt 0.676696 0.278873
vt 0.679213 0.278873
vt 0.676770 0.277113
vt 0.679287 0.277113
vt 0.676796 0.275037
vt 0.679314 0.275037
vt 0.676770 0.272962
vt 0.679287 0.272962
vt 0.676696 0.271202
vt 0.679213 0.271202
vt 0.676584 0.270026
vt 0.679102 0.270026
vt 0.676453 0.269613
vt 0.678970 0.269613
vt 0.676322 0.270026
vt 0.678839 0.270026
vt 0.676210 0.271202
vt 0.678727 0.271202
vt 0.676136 0.272962
vt 0.678653 0.272962
vt 0.676109 0.275037
vt 0.678627 0.275037
vt 0.676453 0.275037
vt 0.678970 0.122698
vt -0.704782 0.349176
vt -0.704782 0.347908
vt -0.686446 0.347908
vt -0.686446 0.349176
vt -0.704702 0.350444
vt -0.704782 0.350444
vt -0.686446 0.350444
vt -0.686367 0.350444
vt -0.704623 0.349176
vt -0.704623 0.350444
vt -0.686288 0.350444
vt -0.686288 0.349176
vt -0.704702 0.347908
vt -0.704623 0.347908
vt -0.686288 0.347908
vt -0.686367 0.347908
vt -0.668111 0.349176
vt -0.668111 0.347908
vt -0.668032 0.347908
vt -0.668032 0.349176
vt -0.704702 0.349176
vt -0.668111 0.350444
vt -0.668032 0.350444
vt -0.667953 0.350444
vt -0.667953 0.349176
vt -0.667953 0.347908
vt -0.686409 0.361120
vt -0.687775 0.361120
vt -0.687775 0.349176
vt -0.686409 0.349176
vt -0.685001 0.361120
vt -0.685042 0.361120
vt -0.685042 0.349176
vt -0.685001 0.349176
vt -0.686326 0.361120
vt -0.684960 0.361120
vt -0.684960 0.349176
vt -0.686326 0.349176
vt -0.687733 0.361120
vt -0.687692 0.361120
vt -0.687692 0.349176
vt -0.687733 0.349176
vt -0.686409 0.337232
vt -0.687775 0.337232
vt -0.687733 0.337232
vt -0.686367 0.337232
vt -0.686367 0.361120
vt -0.685042 0.337232
vt -0.685001 0.337232
vt -0.684960 0.337232
vt -0.686326 0.337232
vt -0.687692 0.337232
vt -0.704444 0.349176
vt -0.704444 0.346812
vt -0.686513 0.346812
vt -0.686512 0.349176
vt -0.704299 0.351540
vt -0.704444 0.351540
vt -0.686513 0.351540
vt -0.686367 0.351540
vt -0.704153 0.349176
vt -0.704153 0.351540
vt -0.686222 0.351540
vt -0.686222 0.349176
vt -0.704299 0.346812
vt -0.704153 0.346812
vt -0.686222 0.346812
vt -0.686367 0.346812
vt -0.668581 0.349176
vt -0.668581 0.346812
vt -0.668436 0.346812
vt -0.668436 0.349176
vt -0.704299 0.349176
vt -0.668581 0.351540
vt -0.668436 0.351540
vt -0.668290 0.351540
vt -0.668290 0.349176
vt -0.668290 0.346812
vt -0.686409 0.361120
vt -0.687775 0.361120
vt -0.687775 0.349176
vt -0.686409 0.349176
vt -0.685001 0.361120
vt -0.685042 0.361120
vt -0.685042 0.349176
vt -0.685001 0.349176
vt -0.686326 0.361120
vt -0.684960 0.361120
vt -0.684960 0.349176
vt -0.686326 0.349176
vt -0.687733 0.361120
vt -0.687692 0.361120
vt -0.687692 0.349176
vt -0.687733 0.349176
vt -0.686409 0.337232
vt -0.687775 0.337232
vt -0.687733 0.337232
vt -0.686367 0.337232
vt -0.686367 0.361120
vt -0.685042 0.337232
vt -0.685001 0.337232
vt -0.684960 0.337232
vt -0.686326 0.337232
vt -0.687692 0.337232
vt 0.045128 0.129588
vt 0.045128 0.122818
vt 0.045128 0.122818
vt 0.045128 0.129588
vt 0.045128 0.136358
vt 0.045128 0.136358
vt 0.045128 0.136358
vt 0.045128 0.136358
vt 0.045128 0.129588
vt 0.045128 0.136358
vt 0.045128 0.136358
vt 0.045128 0.129588
vt 0.045128 0.122818
vt 0.045128 0.122818
vt 0.045128 0.122818
vt 0.045128 0.122818
vt 0.045128 0.129588
vt 0.045128 0.122818
vt 0.045128 0.122818
vt 0.045128 0.129588
vt 0.045128 0.129588
vt 0.045128 0.136358
vt 0.045128 0.136358
vt 0.045128 0.136358
vt 0.045128 0.129588
vt 0.045128 0.122818
vt 0.821199 0.241233
vt 0.821199 0.241233
vt 0.821199 0.216261
vt 0.821199 0.216261
vt 0.796228 0.216261
vt 0.796228 0.216261
vt 0.796228 0.241233
vt 0.796228 0.241233
vt 0.700990 0.756447
vt 0.680518 0.756447
vt 0.680518 0.735975
vt 0.700990 0.735975
vt 0.680518 0.756447
vt 0.700990 0.756447
vt 0.700990 0.735975
vt 0.680518 0.735975
vt 0.798477 0.238983
vt 0.818949 0.238983
vt 0.798477 0.218511
vt 0.818949 0.218511
vt 0.818949 0.238983
vt 0.798477 0.238983
vt 0.818949 0.218511
vt 0.798477 0.218511
vt 0.818949 0.238983
vt 0.798477 0.238983
vt 0.798477 0.238983
vt 0.818949 0.238983
vt 0.798477 0.238983
vt 0.798477 0.218511
vt 0.798477 0.218511
vt 0.798477 0.238983
vt 0.798477 0.218511
vt 0.818949 0.218511
vt 0.818949 0.218511
vt 0.798477 0.218511
vt 0.818949 0.218511
vt 0.818949 0.238983
vt 0.818949 0.238983
vt 0.818949 0.218511
vt 0.798477 0.238983
vt 0.818949 0.238983
vt 0.818949 0.238983
vt 0.798477 0.238983
vt 0.818949 0.238983
vt 0.818949 0.218511
vt 0.818949 0.218511
vt 0.818949 0.238983
vt 0.818949 0.218511
vt 0.798477 0.218511
vt 0.798477 0.218511
vt 0.818949 0.218511
vt 0.798477 0.218511
vt 0.798477 0.238983
vt 0.798477 0.238983
vt 0.798477 0.218511
vt 0.819957 0.224281
vt 0.819957 0.223945
vt 0.835410 0.223945
vt 0.835410 0.224281
vt 0.819957 0.223486
vt 0.835410 0.223486
vt 0.819957 0.223027
vt 0.835410 0.223027
vt 0.819957 0.222691
vt 0.835410 0.222691
vt 0.819957 0.222567
vt 0.835410 0.222567
vt 0.819957 0.222691
vt 0.835410 0.222691
vt 0.819957 0.223027
vt 0.835410 0.223027
vt 0.819957 0.223486
vt 0.835410 0.223486
vt 0.819957 0.223945
vt 0.835410 0.223945
vt 0.819957 0.224281
vt 0.835410 0.224281
vt 0.819957 0.224404
vt 0.835410 0.224404
vt 0.819957 0.223486
vt 0.835410 0.223486
vt 0.819957 0.234726
vt 0.819957 0.234389
vt 0.835410 0.234389
vt 0.835410 0.234726
vt 0.819957 0.233930
vt 0.835410 0.233930
vt 0.819957 0.233471
vt 0.835410 0.233471
vt 0.819957 0.233135
vt 0.835410 0.233135
vt 0.819957 0.233012
vt 0.835410 0.233012
vt 0.819957 0.233135
vt 0.835410 0.233135
vt 0.819957 0.233471
vt 0.835410 0.233471
vt 0.819957 0.233930
vt 0.835410 0.233930
vt 0.819957 0.234389
vt 0.835410 0.234389
vt 0.819957 0.234726
vt 0.835410 0.234726
vt 0.819957 0.234849
vt 0.835410 0.234849
vt 0.819957 0.233930
vt 0.835410 0.233930
vt -0.868750 0.503471
vt -0.873348 0.552960
vt -0.850276 0.551598
vt -0.849005 0.501616
vt -0.328180 0.198875
vt -0.328261 0.199760
vt -0.318624 0.141359
vt -0.319016 0.140506
vt -0.865295 0.498269
vt -0.860697 0.564765
vt -0.843263 0.563735
vt -0.847291 0.496466
vt -0.871620 0.550360
vt -0.869892 0.547759
vt -0.848562 0.546499
vt -0.849425 0.491088
vt -0.769750 0.497622
vt -0.769785 0.546843
vt -0.768057 0.486250
vt -0.768022 0.495022
vt -0.867022 0.500870
vt -0.332059 0.140381
vt -0.333824 0.138869
vt -0.323033 0.138500
vt -0.321345 0.139979
vt -0.331889 0.138515
vt -0.333653 0.137003
vt -0.333738 0.137936
vt -0.331974 0.139448
vt -0.330124 0.140027
vt -0.320469 0.139637
vt -0.322198 0.138150
vt -0.278311 0.138378
vt -0.279724 0.137019
vt -0.279638 0.136086
vt -0.278226 0.137445
vt -0.333852 0.138747
vt -0.333880 0.196617
vt -0.323155 0.196302
vt -0.323090 0.138405
vt -0.319616 0.141462
vt -0.308937 0.141031
vt -0.308962 0.140991
vt -0.319390 0.141423
vt -0.333685 0.136928
vt -0.333718 0.194846
vt -0.333799 0.195732
vt -0.333768 0.137839
vt -0.329278 0.141831
vt -0.329220 0.140922
vt -0.329112 0.140012
vt -0.328099 0.197989
vt -0.319425 0.197621
vt -0.320217 0.139643
vt -0.323884 0.136669
vt -0.314115 0.136335
vt -0.314165 0.136308
vt -0.323931 0.136618
vt -0.280392 0.137047
vt -0.281061 0.195067
vt -0.280980 0.194181
vt -0.280292 0.136136
vt -0.277473 0.137877
vt -0.278217 0.195875
vt -0.278298 0.196761
vt -0.277537 0.138787
vt -0.779824 0.564984
vt -0.789933 0.565581
vt -0.791020 0.498879
vt -0.780504 0.497902
vt -0.285947 0.137232
vt -0.292171 0.137445
vt -0.292270 0.137425
vt -0.286185 0.137232
vt -0.282849 0.139978
vt -0.288800 0.140218
vt -0.290486 0.138831
vt -0.284453 0.138582
vt -0.277639 0.139696
vt -0.278379 0.197647
vt -0.283697 0.197872
vt -0.283128 0.139926
vt -0.284497 0.196141
vt -0.290776 0.196407
vt -0.289896 0.139260
vt -0.284105 0.139001
vt -0.283694 0.138152
vt -0.290660 0.138434
vt -0.290718 0.138424
vt -0.283945 0.138145
vt -0.286797 0.135400
vt -0.294040 0.135648
vt -0.292350 0.137041
vt -0.285298 0.136757
vt -0.280226 0.135227
vt -0.280899 0.193295
vt -0.287525 0.193490
vt -0.287017 0.135442
vt -0.779228 0.542403
vt -0.792127 0.543165
vt -0.791041 0.493883
vt -0.778787 0.492845
vt -0.780946 0.547502
vt -0.792107 0.548161
vt -0.792117 0.487671
vt -0.780077 0.486922
vt -0.298868 0.140625
vt -0.288908 0.140162
vt -0.298935 0.140577
vt -0.310589 0.139581
vt -0.300528 0.139212
vt -0.302207 0.137788
vt -0.312242 0.138131
vt -0.312336 0.138063
vt -0.302296 0.137744
vt -0.807867 0.566641
vt -0.825801 0.567700
vt -0.826503 0.500975
vt -0.808692 0.500006
vt -0.809656 0.549198
vt -0.827205 0.550235
vt -0.827218 0.489744
vt -0.809668 0.488707
vt -0.809680 0.544202
vt -0.827232 0.545239
vt -0.826530 0.495980
vt -0.808716 0.495011
vt -0.304078 0.135991
vt -0.294096 0.135670
vt -0.304134 0.135989
vt -0.312464 0.137791
vt -0.302396 0.137423
vt -0.300737 0.138841
vt -0.310814 0.139247
vt -0.310782 0.139254
vt -0.300748 0.138839
vt -0.304571 0.242330
vt -0.343840 0.196812
vt -0.344320 0.201202
vt -0.305055 0.246715
vt -0.343840 0.184486
vt -0.343840 0.172161
vt -0.344320 0.176551
vt -0.344320 0.188385
vt -0.344799 0.193267
vt -0.344799 0.180941
vt -0.305538 0.226451
vt -0.305498 0.238821
vt -0.266276 0.284285
vt -0.266276 0.271960
vt -0.265789 0.267579
vt -0.265790 0.279417
vt -0.265302 0.275522
vt -0.265302 0.263197
vt -0.304571 0.217679
vt -0.304611 0.229958
vt -0.844976 0.568833
vt -0.864152 0.569966
vt -0.308986 0.140951
vt -0.309869 0.140106
vt -0.310751 0.197254
vt -0.825829 0.562705
vt -0.766329 0.541642
vt -0.766294 0.492421
vt -0.766260 0.559186
vt -0.767987 0.561786
vt -0.769715 0.564387
vt -0.862425 0.567365
vt -0.330295 0.141893
vt -0.330210 0.140960
vt -0.279553 0.135153
vt -0.278140 0.136512
vt -0.276728 0.137871
vt -0.276813 0.138804
vt -0.276899 0.139738
vt -0.312429 0.195988
vt -0.314216 0.194273
vt -0.323967 0.194560
vt -0.292369 0.195399
vt -0.286715 0.195233
vt -0.289015 0.198098
vt -0.294151 0.193684
vt -0.789955 0.560585
vt -0.778107 0.559885
vt -0.299001 0.140528
vt -0.302399 0.195693
vt -0.807892 0.561645
vt -0.304184 0.193979
vt -0.300763 0.138838
vt -0.344799 0.205592
vt -0.305538 0.251101
vt -0.266276 0.296611
vt -0.265789 0.292229
vt -0.265302 0.287848
vt -0.326555 0.637243
vt -0.326555 0.629662
vt -0.325976 0.629662
vt -0.325976 0.637243
vt -0.559416 0.589463
vt -0.559507 0.589463
vt -0.558394 0.628673
vt -0.558302 0.628673
vt -0.554869 0.444458
vt -0.554869 0.397848
vt -0.557097 0.378684
vt -0.557248 0.433791
vt -0.557280 0.378684
vt -0.559507 0.359520
vt -0.559416 0.359520
vt -0.557188 0.378684
vt -0.555052 0.444458
vt -0.555052 0.397848
vt -0.554961 0.397848
vt -0.554961 0.444458
vt -0.559325 0.425295
vt -0.559325 0.359520
vt -0.559416 0.425295
vt -0.323810 0.637243
vt -0.323810 0.644823
vt -0.324389 0.644823
vt -0.324389 0.637243
vt -0.555983 0.740537
vt -0.557097 0.667884
vt -0.557188 0.667884
vt -0.556074 0.628673
vt -0.300534 0.172606
vt -0.300534 0.126422
vt -0.300395 0.131749
vt -0.300401 0.174554
vt -0.298746 0.137077
vt -0.299249 0.137077
vt -0.299752 0.137077
vt -0.299253 0.131205
vt -0.298244 0.177934
vt -0.298244 0.137077
vt -0.298111 0.131749
vt -0.298104 0.174554
vt -0.299752 0.306058
vt -0.299249 0.306058
vt -0.298746 0.306058
vt -0.299253 0.311930
vt -0.555293 0.401442
vt -0.555534 0.405036
vt -0.557280 0.405036
vt -0.557438 0.389657
vt -0.555285 0.445911
vt -0.556166 0.628673
vt -0.557280 0.667884
vt -0.557280 0.609277
vt -0.559025 0.448053
vt -0.559025 0.491069
vt -0.559266 0.491069
vt -0.559305 0.428948
vt -0.299748 0.137077
vt -0.299801 0.137077
vt -0.298240 0.137077
vt -0.298240 0.177934
vt -0.300246 0.177934
vt -0.300246 0.218791
vt -0.300250 0.218791
vt -0.300250 0.177934
vt -0.299403 0.177934
vt -0.299403 0.137077
vt -0.299247 0.137077
vt -0.299247 0.177934
vt -0.298742 0.306058
vt -0.298693 0.306058
vt -0.299087 0.137077
vt -0.299084 0.137077
vt -0.299084 0.177934
vt -0.299087 0.177934
vt -0.299087 0.306058
vt -0.299084 0.306058
vt -0.299241 0.306058
vt -0.299244 0.306058
vt -0.299403 0.218791
vt -0.299400 0.218791
vt -0.299400 0.177934
vt -0.300250 0.306058
vt -0.300246 0.306058
vt -0.299748 0.306058
vt -0.299801 0.306058
vt -0.299822 0.306058
vt -0.299397 0.306058
vt -0.299243 0.306058
vt -0.298236 0.137077
vt -0.298742 0.137077
vt -0.298693 0.137077
vt -0.299241 0.137077
vt -0.299397 0.137077
vt -0.299822 0.137077
vt -0.299243 0.137077
vt -0.559325 0.657900
vt -0.559325 0.502611
vt -0.559416 0.502611
vt -0.559416 0.546037
vt -0.557097 0.614474
vt -0.557097 0.678400
vt -0.555052 0.546037
vt -0.555052 0.502611
vt -0.554961 0.502611
vt -0.554960 0.546037
vt -0.555534 0.542443
vt -0.555534 0.502611
vt -0.555293 0.502611
vt -0.555285 0.544584
vt -0.298244 0.268620
vt -0.298244 0.231182
vt -0.298111 0.231182
vt -0.298104 0.272000
vt -0.298236 0.268620
vt -0.298236 0.231182
vt -0.298240 0.231182
vt -0.298240 0.268620
vt -0.324389 0.661014
vt -0.324969 0.661014
vt -0.324969 0.654068
vt -0.324389 0.654068
vt -0.299090 0.268620
vt -0.299090 0.231182
vt -0.299087 0.231182
vt -0.299087 0.268620
vt -0.299403 0.268620
vt -0.299403 0.231182
vt -0.299247 0.231182
vt -0.299247 0.268620
vt -0.299400 0.306058
vt -0.299397 0.268620
vt -0.299400 0.268620
vt -0.326555 0.654068
vt -0.326555 0.647122
vt -0.325976 0.647122
vt -0.325976 0.654068
vt -0.300255 0.306058
vt -0.300255 0.268620
vt -0.300250 0.268620
vt -0.300534 0.273948
vt -0.300534 0.231182
vt -0.300395 0.231182
vt -0.300402 0.272000
vt -0.559266 0.585869
vt -0.559507 0.546037
vt -0.559275 0.544584
vt -0.559325 0.496840
vt -0.559325 0.491069
vt -0.559416 0.491069
vt -0.559416 0.496840
vt -0.557097 0.491069
vt -0.557097 0.496840
vt -0.555052 0.496840
vt -0.555052 0.491069
vt -0.554961 0.491069
vt -0.554961 0.496840
vt -0.555534 0.496840
vt -0.555534 0.491069
vt -0.555293 0.491069
vt -0.555293 0.496840
vt -0.298244 0.224987
vt -0.298244 0.218791
vt -0.298111 0.218791
vt -0.298111 0.224987
vt -0.299403 0.224987
vt -0.299247 0.218791
vt -0.299247 0.224987
vt -0.300534 0.224987
vt -0.300534 0.218791
vt -0.300395 0.218791
vt -0.300395 0.224987
vt -0.559025 0.496840
vt -0.559025 0.502611
vt -0.559266 0.502611
vt -0.559266 0.496840
vt -0.299400 0.231182
vt -0.299397 0.231182
vt -0.299822 0.231182
vt -0.299840 0.231183
vt -0.299829 0.218791
vt -0.299840 0.218791
vt -0.299829 0.231182
vt -0.299829 0.224987
vt -0.298667 0.218791
vt -0.298667 0.224987
vt -0.298667 0.231182
vt -0.298649 0.231182
vt -0.298240 0.218791
vt -0.298649 0.218791
vt -0.325396 0.629662
vt -0.325396 0.637243
vt -0.325396 0.644823
vt -0.325976 0.644823
vt -0.326555 0.644823
vt -0.558211 0.740537
vt -0.559325 0.701327
vt -0.554869 0.491069
vt -0.559507 0.425295
vt -0.559507 0.491069
vt -0.324969 0.644823
vt -0.324969 0.637243
vt -0.324969 0.629662
vt -0.324389 0.629662
vt -0.323810 0.629662
vt -0.555052 0.589463
vt -0.554961 0.589463
vt -0.554869 0.701327
vt -0.300255 0.137077
vt -0.300255 0.177934
vt -0.300255 0.218791
vt -0.299256 0.126422
vt -0.297978 0.126422
vt -0.297978 0.172606
vt -0.297978 0.218791
vt -0.298244 0.306058
vt -0.298111 0.311386
vt -0.297978 0.316713
vt -0.299256 0.316713
vt -0.300534 0.316713
vt -0.300395 0.311386
vt -0.559025 0.405036
vt -0.559266 0.382278
vt -0.555534 0.448053
vt -0.559025 0.582275
vt -0.557280 0.582275
vt -0.555534 0.582275
vt -0.555293 0.585869
vt -0.300246 0.137077
vt -0.300250 0.137077
vt -0.298236 0.218791
vt -0.298236 0.177934
vt -0.299090 0.137077
vt -0.299090 0.177934
vt -0.299090 0.218791
vt -0.298236 0.306058
vt -0.298240 0.306058
vt -0.299084 0.218791
vt -0.299087 0.218791
vt -0.299403 0.306058
vt -0.299247 0.306058
vt -0.299090 0.306058
vt -0.299397 0.218791
vt -0.299397 0.177934
vt -0.299397 0.137077
vt -0.299400 0.137077
vt -0.298660 0.306058
vt -0.298660 0.137077
vt -0.299084 0.137077
vt -0.559507 0.502611
vt -0.554869 0.657900
vt -0.554869 0.614474
vt -0.297978 0.231182
vt -0.297978 0.273948
vt -0.324969 0.647122
vt -0.324389 0.647122
vt -0.323810 0.647122
vt -0.323810 0.654068
vt -0.323810 0.661014
vt -0.299084 0.231182
vt -0.299084 0.268620
vt -0.325396 0.647122
vt -0.325396 0.654068
vt -0.325396 0.661014
vt -0.325976 0.661014
vt -0.326555 0.661014
vt -0.300255 0.231182
vt -0.300250 0.231182
vt -0.300246 0.231182
vt -0.300246 0.268620
vt -0.559025 0.542443
vt -0.559507 0.496840
vt -0.554869 0.496840
vt -0.297978 0.224987
vt -0.299090 0.224987
vt -0.300255 0.224987
vt -0.299822 0.218791
vt -0.298660 0.231182
vt -0.298660 0.218791
vt -0.802997 0.399922
vt -0.802997 0.398226
vt -0.802854 0.399769
vt -0.802854 0.401465
vt -0.802820 0.399922
vt -0.802820 0.401618
vt -0.802676 0.403161
vt -0.802676 0.401465
vt -0.802909 0.398226
vt -0.802820 0.398226
vt -0.802676 0.399769
vt -0.802765 0.399769
vt -0.802710 0.461001
vt -0.802710 0.459305
vt -0.802621 0.459305
vt -0.802621 0.403008
vt -0.802909 0.399922
vt -0.803234 0.404068
vt -0.802997 0.401618
vt -0.802854 0.403161
vt -0.803081 0.404744
vt -0.802845 0.463606
vt -0.802710 0.462697
vt -0.802621 0.404704
vt -0.802757 0.405613
vt -0.802668 0.463606
vt -0.802533 0.462697
vt -0.802904 0.404744
vt -0.803057 0.404068
vt -0.802909 0.401618
vt -0.803145 0.404068
vt -0.804111 0.413781
vt -0.803293 0.406518
vt -0.803382 0.406518
vt -0.804200 0.413781
vt -0.803867 0.473474
vt -0.802803 0.464514
vt -0.803048 0.406520
vt -0.803955 0.414535
vt -0.804044 0.473474
vt -0.802981 0.464514
vt -0.802892 0.406522
vt -0.803955 0.415482
vt -0.804289 0.413781
vt -0.803470 0.406518
vt -0.803225 0.406520
vt -0.804133 0.414535
vt -0.807360 0.399769
vt -0.807216 0.398226
vt -0.807216 0.399922
vt -0.807360 0.401465
vt -0.807183 0.403161
vt -0.807039 0.401618
vt -0.807039 0.399922
vt -0.807183 0.401465
vt -0.807183 0.399769
vt -0.807039 0.398226
vt -0.807128 0.398226
vt -0.807272 0.399769
vt -0.807415 0.459305
vt -0.807504 0.459305
vt -0.807504 0.461001
vt -0.807415 0.403008
vt -0.807128 0.399922
vt -0.807360 0.403161
vt -0.807216 0.401618
vt -0.806980 0.404068
vt -0.807132 0.404744
vt -0.807415 0.404704
vt -0.807504 0.462697
vt -0.807369 0.463606
vt -0.807280 0.405613
vt -0.807327 0.462697
vt -0.807191 0.463606
vt -0.806955 0.404744
vt -0.807128 0.401618
vt -0.806803 0.404068
vt -0.806891 0.404068
vt -0.806655 0.406518
vt -0.806566 0.406518
vt -0.805748 0.413781
vt -0.805836 0.413781
vt -0.806811 0.406520
vt -0.807056 0.464514
vt -0.805993 0.473474
vt -0.805904 0.414535
vt -0.807144 0.406522
vt -0.807233 0.464514
vt -0.806170 0.473474
vt -0.806081 0.415482
vt -0.806988 0.406520
vt -0.806744 0.406518
vt -0.805925 0.413781
vt -0.806081 0.414535
vt -0.802533 0.461001
vt -0.802533 0.459305
vt -0.805107 0.455080
vt -0.805018 0.455080
vt -0.804930 0.455080
vt -0.804930 0.456779
vt -0.804930 0.516470
vt -0.805018 0.516470
vt -0.805107 0.516470
vt -0.805107 0.456779
vt -0.807327 0.459305
vt -0.807327 0.461001
vt 0.214144 0.918453
vt 0.216812 0.918453
vt 0.216812 0.993871
vt 0.214144 0.993871
vt 0.211151 0.947241
vt 0.213595 0.947241
vt 0.203052 0.947241
vt 0.200608 0.947241
vt 0.197391 0.993871
vt 0.200059 0.993871
vt 0.200059 0.918453
vt 0.197391 0.918453
vt 0.213595 0.993871
vt 0.211151 0.993871
vt 0.203052 0.993871
vt 0.200608 0.993871
vt 0.803771 0.236875
vt 0.805980 0.236875
vt 0.805980 0.283508
vt 0.803771 0.283508
vt 0.807620 0.236875
vt 0.807620 0.283508
vt 0.808492 0.236875
vt 0.808492 0.283508
vt 0.808492 0.236875
vt 0.808492 0.283508
vt 0.807620 0.236875
vt 0.807620 0.283508
vt 0.805980 0.236875
vt 0.805980 0.283508
vt 0.803771 0.236875
vt 0.803771 0.283508
vt 0.801259 0.236875
vt 0.801259 0.283508
vt 0.798747 0.236875
vt 0.798747 0.283508
vt 0.796538 0.236875
vt 0.796538 0.283508
vt 0.794899 0.236875
vt 0.794899 0.283508
vt 0.794026 0.236875
vt 0.794026 0.283508
vt 0.794026 0.236875
vt 0.794026 0.283508
vt 0.794899 0.236875
vt 0.794899 0.283508
vt 0.796538 0.236875
vt 0.796538 0.283508
vt 0.798747 0.236875
vt 0.798747 0.283508
vt 0.801259 0.236875
vt 0.801259 0.283508
vt 0.801259 0.236875
vt 0.821674 0.235307
vt 0.821650 0.226901
vt 0.821676 0.229059
vt 0.821687 0.236455
vt 0.821633 0.220661
vt 0.821667 0.223569
vt 0.821624 0.217342
vt 0.821662 0.220648
vt 0.821624 0.217342
vt 0.821662 0.220648
vt 0.821633 0.220661
vt 0.821667 0.223569
vt 0.821650 0.226901
vt 0.821676 0.229059
vt 0.821674 0.235307
vt 0.821687 0.236455
vt 0.821701 0.244865
vt 0.821701 0.244865
vt 0.821727 0.254424
vt 0.821714 0.253275
vt 0.821751 0.262829
vt 0.821726 0.260671
vt 0.821768 0.269068
vt 0.821735 0.266161
vt 0.821778 0.272388
vt 0.821739 0.269082
vt 0.821778 0.272388
vt 0.821739 0.269082
vt 0.821768 0.269068
vt 0.821735 0.266161
vt 0.821751 0.262829
vt 0.821726 0.260671
vt 0.821727 0.254424
vt 0.821714 0.253275
vt 0.821701 0.244865
vt 0.821701 0.244865
vt 0.803771 0.191920
vt 0.805980 0.191920
vt 0.807013 0.191920
vt 0.804321 0.191920
vt 0.807620 0.191920
vt 0.809011 0.191920
vt 0.808492 0.191920
vt 0.810074 0.191920
vt 0.808492 0.191920
vt 0.810074 0.191920
vt 0.807620 0.191920
vt 0.809011 0.191920
vt 0.805980 0.191920
vt 0.807013 0.191920
vt 0.803771 0.191920
vt 0.804321 0.191920
vt 0.801259 0.191920
vt 0.801259 0.191920
vt 0.798747 0.191920
vt 0.798198 0.191920
vt 0.796538 0.191920
vt 0.795505 0.191920
vt 0.794899 0.191920
vt 0.793507 0.191920
vt 0.794026 0.191920
vt 0.792444 0.191920
vt 0.794026 0.191920
vt 0.792444 0.191920
vt 0.794899 0.191920
vt 0.793507 0.191920
vt 0.796538 0.191920
vt 0.795505 0.191920
vt 0.798747 0.191920
vt 0.798198 0.191920
vt 0.801259 0.191920
vt 0.801259 0.191920
vt 0.807013 0.211472
vt 0.804321 0.211472
vt 0.809011 0.211472
vt 0.810074 0.211472
vt 0.810074 0.211472
vt 0.809011 0.211472
vt 0.807013 0.211472
vt 0.804321 0.211472
vt 0.801259 0.211472
vt 0.798198 0.211472
vt 0.795505 0.211472
vt 0.793507 0.211472
vt 0.792444 0.211472
vt 0.792444 0.211472
vt 0.793507 0.211472
vt 0.795505 0.211472
vt 0.798198 0.211472
vt 0.801259 0.211472
vt 0.805671 0.211472
vt 0.803607 0.211472
vt 0.807203 0.211472
vt 0.808019 0.211472
vt 0.808019 0.211472
vt 0.807203 0.211472
vt 0.805671 0.211472
vt 0.803607 0.211472
vt 0.801259 0.211472
vt 0.798911 0.211472
vt 0.796847 0.211472
vt 0.795315 0.211472
vt 0.794499 0.211472
vt 0.794499 0.211472
vt 0.795315 0.211472
vt 0.796847 0.211472
vt 0.798911 0.211472
vt 0.801259 0.211472
vt 0.803607 0.285156
vt 0.805671 0.285156
vt 0.805671 0.323169
vt 0.803607 0.323169
vt 0.807203 0.285156
vt 0.807203 0.323169
vt 0.808019 0.285156
vt 0.808019 0.323169
vt 0.808019 0.285156
vt 0.808019 0.323169
vt 0.807203 0.285156
vt 0.807203 0.323169
vt 0.805671 0.285156
vt 0.805671 0.323169
vt 0.803607 0.285156
vt 0.803607 0.323169
vt 0.801259 0.285156
vt 0.801259 0.323169
vt 0.798911 0.285156
vt 0.798911 0.323169
vt 0.796847 0.285156
vt 0.796847 0.323169
vt 0.795315 0.285156
vt 0.795315 0.323169
vt 0.794499 0.285156
vt 0.794499 0.323169
vt 0.794499 0.285156
vt 0.794499 0.323169
vt 0.795315 0.285156
vt 0.795315 0.323169
vt 0.796847 0.285156
vt 0.796847 0.323169
vt 0.798911 0.285156
vt 0.798911 0.323169
vt 0.801259 0.285156
vt 0.801259 0.323169
vt 0.805874 0.330711
vt 0.803856 0.332240
vt 0.807371 0.329575
vt 0.808168 0.328971
vt 0.808168 0.328971
vt 0.807371 0.329575
vt 0.805874 0.330711
vt 0.803856 0.332240
vt 0.801563 0.333980
vt 0.799268 0.335720
vt 0.797251 0.337250
vt 0.795753 0.338386
vt 0.794957 0.338990
vt 0.794957 0.338990
vt 0.795753 0.338386
vt 0.797251 0.337250
vt 0.799268 0.335720
vt 0.801563 0.333980
vt 0.806509 0.341380
vt 0.804632 0.344379
vt 0.807903 0.339155
vt 0.808644 0.337970
vt 0.808644 0.337970
vt 0.807903 0.339155
vt 0.806509 0.341380
vt 0.804632 0.344379
vt 0.802497 0.347788
vt 0.800362 0.351198
vt 0.798484 0.354196
vt 0.797091 0.356422
vt 0.796349 0.357606
vt 0.796349 0.357606
vt 0.797091 0.356422
vt 0.798484 0.354196
vt 0.800362 0.351198
vt 0.802497 0.347788
vt 0.808240 0.349604
vt 0.806854 0.354948
vt 0.809269 0.345638
vt 0.809816 0.343528
vt 0.809816 0.343528
vt 0.809269 0.345638
vt 0.808240 0.349604
vt 0.806854 0.354948
vt 0.805278 0.361024
vt 0.803702 0.367101
vt 0.802316 0.372444
vt 0.801287 0.376410
vt 0.800740 0.378520
vt 0.800740 0.378520
vt 0.801287 0.376410
vt 0.802316 0.372444
vt 0.803702 0.367101
vt 0.805278 0.361024
vt 0.810305 0.353529
vt 0.809683 0.360413
vt 0.810771 0.348416
vt 0.811025 0.345694
vt 0.811036 0.345688
vt 0.810803 0.348400
vt 0.810354 0.353503
vt 0.809743 0.360381
vt 0.809044 0.368205
vt 0.808341 0.376031
vt 0.807719 0.382915
vt 0.807253 0.388027
vt 0.807000 0.390750
vt 0.806989 0.390756
vt 0.807222 0.388044
vt 0.807671 0.382942
vt 0.808282 0.376063
vt 0.808981 0.368239
vt 0.812508 0.354392
vt 0.812516 0.361602
vt 0.812503 0.349041
vt 0.812500 0.346193
vt 0.812500 0.346193
vt 0.812503 0.349041
vt 0.812508 0.354392
vt 0.812516 0.361602
vt 0.812525 0.369801
vt 0.812533 0.378000
vt 0.812541 0.385210
vt 0.812547 0.390561
vt 0.812550 0.393409
vt 0.812550 0.393409
vt 0.812547 0.390561
vt 0.812541 0.385210
vt 0.812533 0.378000
vt 0.812525 0.369801
vt 0.814870 0.353888
vt 0.814862 0.361098
vt 0.814875 0.348536
vt 0.814878 0.345689
vt 0.814878 0.345689
vt 0.814875 0.348536
vt 0.814870 0.353888
vt 0.814862 0.361098
vt 0.814854 0.369297
vt 0.814846 0.377496
vt 0.814839 0.384706
vt 0.814833 0.390058
vt 0.814831 0.392905
vt 0.814831 0.392905
vt 0.814833 0.390058
vt 0.814839 0.384706
vt 0.814846 0.377496
vt 0.814854 0.369297
vt 0.814862 0.236666
vt 0.814870 0.229456
vt 0.814873 0.226900
vt 0.814865 0.235306
vt 0.814875 0.224104
vt 0.814880 0.220660
vt 0.814878 0.221257
vt 0.814884 0.217341
vt 0.814878 0.221257
vt 0.814884 0.217341
vt 0.814875 0.224104
vt 0.814880 0.220660
vt 0.814870 0.229456
vt 0.814873 0.226900
vt 0.814862 0.236666
vt 0.814865 0.235306
vt 0.814854 0.244865
vt 0.814854 0.244865
vt 0.814846 0.253064
vt 0.814844 0.254424
vt 0.814839 0.260274
vt 0.814835 0.262830
vt 0.814833 0.265626
vt 0.814828 0.269069
vt 0.814831 0.268473
vt 0.814825 0.272389
vt 0.814831 0.268473
vt 0.814825 0.272389
vt 0.814833 0.265626
vt 0.814828 0.269069
vt 0.814839 0.260274
vt 0.814835 0.262830
vt 0.814846 0.253064
vt 0.814844 0.254424
vt 0.814854 0.244865
vt 0.814854 0.244865
vt 0.839989 0.419373
vt 0.839977 0.411977
vt 0.840002 0.427783
vt 0.840002 0.427783
vt 0.840016 0.436193
vt 0.840028 0.443589
vt 0.840036 0.449079
vt 0.840041 0.452000
vt 0.840041 0.452000
vt 0.840036 0.449079
vt 0.840028 0.443589
vt 0.840016 0.436193
vt 0.840002 0.427783
vt 0.839989 0.419373
vt 0.839977 0.411977
vt 0.839969 0.406487
vt 0.839964 0.403566
vt 0.839964 0.403566
vt 0.839969 0.406487
vt 0.821687 0.419373
vt 0.821676 0.411977
vt 0.821701 0.427783
vt 0.821714 0.436193
vt 0.821726 0.443589
vt 0.821735 0.449079
vt 0.821739 0.452000
vt 0.821739 0.452000
vt 0.821735 0.449079
vt 0.821726 0.443589
vt 0.821714 0.436193
vt 0.821701 0.427783
vt 0.821687 0.419373
vt 0.821676 0.411977
vt 0.821667 0.406487
vt 0.821662 0.403566
vt 0.821662 0.403566
vt 0.821667 0.406487
vt -0.038227 0.274437
vt -0.038221 0.260517
vt -0.036015 0.265929
vt -0.036227 0.276729
vt -0.038150 0.288358
vt -0.038233 0.288358
vt -0.036015 0.288358
vt -0.035932 0.288358
vt -0.038061 0.274437
vt -0.038067 0.288358
vt -0.035849 0.288358
vt -0.036062 0.276729
vt -0.038138 0.260517
vt -0.038055 0.260517
vt -0.035849 0.265929
vt -0.035932 0.265929
vt -0.033803 0.279849
vt -0.033809 0.271341
vt -0.033726 0.271341
vt -0.033720 0.279849
vt -0.038144 0.274437
vt -0.033797 0.288358
vt -0.033714 0.288358
vt -0.033631 0.288358
vt -0.033637 0.279849
vt -0.033644 0.271341
vt -0.714434 0.349176
vt -0.714434 0.346812
vt -0.686639 0.346812
vt -0.686639 0.349176
vt -0.714162 0.351540
vt -0.714434 0.351540
vt -0.686639 0.351540
vt -0.686367 0.351540
vt -0.713889 0.349176
vt -0.713889 0.351540
vt -0.686095 0.351540
vt -0.686095 0.349176
vt -0.714162 0.346812
vt -0.713889 0.346812
vt -0.686095 0.346812
vt -0.686367 0.346812
vt -0.658844 0.349176
vt -0.658844 0.346812
vt -0.658572 0.346812
vt -0.658572 0.349176
vt -0.714162 0.349176
vt -0.658844 0.351540
vt -0.658572 0.351540
vt -0.658300 0.351540
vt -0.658300 0.349176
vt -0.658300 0.346812
vt 0.830104 0.254564
vt 0.829997 0.254564
vt 0.829953 0.256465
vt 0.830147 0.256465
vt 0.811630 0.256465
vt 0.811823 0.256465
vt 0.811673 0.254564
vt 0.811780 0.254564
vt -0.686409 0.364554
vt -0.687775 0.364554
vt -0.687775 0.349176
vt -0.686409 0.349176
vt -0.685001 0.364554
vt -0.685042 0.364554
vt -0.685042 0.349176
vt -0.685001 0.349176
vt -0.686326 0.364554
vt -0.684960 0.364554
vt -0.684960 0.349176
vt -0.686326 0.349176
vt -0.687733 0.364554
vt -0.687692 0.364554
vt -0.687692 0.349176
vt -0.687733 0.349176
vt -0.686409 0.333799
vt -0.687775 0.333799
vt -0.687733 0.333799
vt -0.686367 0.333799
vt -0.686367 0.364553
vt -0.685042 0.333799
vt -0.685001 0.333799
vt -0.684960 0.333799
vt -0.686326 0.333799
vt -0.687692 0.333799
vt 0.685371 0.304799
vt 0.684566 0.304799
vt 0.684566 0.316623
vt 0.685371 0.316623
vt 0.686755 0.546934
vt 0.686651 0.546934
vt 0.681687 0.487248
vt 0.681791 0.547580
vt 0.670453 0.546934
vt 0.670350 0.486601
vt 0.670350 0.484980
vt 0.670453 0.484980
vt 0.681791 0.471535
vt 0.681687 0.471535
vt 0.686651 0.531867
vt 0.686755 0.531867
vt 0.685151 0.545312
vt 0.680187 0.484980
vt 0.680187 0.547580
vt 0.685151 0.546934
vt 0.681791 0.484980
vt 0.686755 0.545312
vt 0.685846 0.484980
vt 0.685682 0.484980
vt 0.685682 0.546934
vt 0.685846 0.546934
vt 0.686651 0.484980
vt 0.686651 0.473156
vt 0.685846 0.473156
vt 0.684566 0.473156
vt 0.685371 0.473156
vt 0.684566 0.484980
vt 0.685371 0.484980
vt 0.680718 0.487248
vt 0.680882 0.487248
vt 0.669380 0.486601
vt 0.669380 0.484980
vt 0.669545 0.484980
vt 0.669545 0.486601
vt 0.685846 0.531867
vt 0.680882 0.471535
vt 0.680718 0.471535
vt 0.685682 0.531867
vt 0.685682 0.473156
vt 0.685151 0.531867
vt 0.680187 0.531867
vt 0.680187 0.473156
vt 0.685151 0.533488
vt 0.669545 0.471535
vt 0.669545 0.473156
vt 0.669380 0.473156
vt 0.669380 0.471535
vt 0.670453 0.473156
vt 0.670350 0.473156
vt 0.670350 0.471535
vt 0.670453 0.471535
vt 0.681791 0.473156
vt 0.686755 0.533488
vt 0.686755 0.542829
vt 0.686755 0.535972
vt 0.670453 0.482497
vt 0.680333 0.487248
vt 0.685297 0.546934
vt 0.668849 0.484980
vt 0.668995 0.484980
vt 0.668995 0.486601
vt 0.668849 0.546934
vt 0.668849 0.473156
vt 0.668995 0.473156
vt 0.668995 0.471535
vt 0.668849 0.531867
vt 0.685297 0.531867
vt 0.680333 0.471535
vt 0.685297 0.473156
vt 0.685297 0.484980
vt 0.813147 0.446565
vt 0.813147 0.444876
vt 0.813509 0.444876
vt 0.813509 0.446565
vt 0.824891 0.447211
vt 0.825252 0.447211
vt 0.830488 0.506897
vt 0.830126 0.506897
vt 0.830488 0.444876
vt 0.830126 0.444876
vt 0.830488 0.432560
vt 0.830126 0.432560
vt 0.830488 0.491204
vt 0.830126 0.491204
vt 0.825252 0.430872
vt 0.824891 0.430872
vt 0.813509 0.430872
vt 0.813509 0.432560
vt 0.813147 0.432560
vt 0.813147 0.430872
vt 0.813474 0.446251
vt 0.813474 0.444630
vt 0.813859 0.444630
vt 0.813859 0.446251
vt 0.825197 0.446898
vt 0.830161 0.506584
vt 0.829775 0.506584
vt 0.824811 0.446898
vt 0.830161 0.444630
vt 0.829775 0.444630
vt 0.830161 0.432806
vt 0.829775 0.432806
vt 0.830161 0.491517
vt 0.829775 0.491517
vt 0.825197 0.431185
vt 0.824811 0.431185
vt 0.813859 0.431185
vt 0.813859 0.432806
vt 0.813474 0.432806
vt 0.813474 0.431185
vt 0.674747 0.484980
vt 0.674747 0.547580
vt 0.674747 0.471535
vt 0.674747 0.473156
vt 0.674643 0.471535
vt 0.673839 0.471535
vt 0.673674 0.471535
vt 0.818006 0.430872
vt 0.818153 0.431185
vt 0.817644 0.430872
vt 0.817768 0.431185
vt 0.673143 0.531867
vt 0.673289 0.471535
vt 0.673143 0.473156
vt 0.673143 0.484980
vt 0.673143 0.547580
vt 0.673289 0.487248
vt 0.817644 0.447211
vt 0.817768 0.446898
vt 0.818006 0.447211
vt 0.818153 0.446898
vt 0.673839 0.487248
vt 0.673674 0.487248
vt 0.674643 0.487248
vt 0.670453 0.475639
vt 0.672628 0.572729
vt 0.672628 0.567633
vt 0.675819 0.567633
vt 0.675819 0.572729
vt 0.681053 0.567633
vt 0.681053 0.572729
vt 0.684742 0.567633
vt 0.684742 0.572729
vt 0.681791 0.482497
vt 0.674747 0.482497
vt 0.674747 0.475639
vt 0.681791 0.475639
vt 0.670453 0.573609
vt 0.670453 0.566752
vt 0.674747 0.566752
vt 0.674747 0.573609
vt 0.681791 0.566752
vt 0.681791 0.573609
vt 0.686755 0.566752
vt 0.686755 0.573609
vt 0.830104 0.254564
vt 0.829996 0.254564
vt 0.829953 0.256465
vt 0.830147 0.256465
vt 0.811630 0.256465
vt 0.811824 0.256465
vt 0.811673 0.254564
vt 0.811780 0.254564
vt -0.716743 0.349176
vt -0.716743 0.347908
vt -0.686535 0.347908
vt -0.686535 0.349176
vt -0.716575 0.350444
vt -0.716743 0.350444
vt -0.686535 0.350444
vt -0.686367 0.350444
vt -0.716407 0.349176
vt -0.716407 0.350444
vt -0.686199 0.350444
vt -0.686199 0.349176
vt -0.716575 0.347908
vt -0.716407 0.347908
vt -0.686199 0.347908
vt -0.686367 0.347908
vt -0.656327 0.349176
vt -0.656327 0.347908
vt -0.656159 0.347908
vt -0.656160 0.349176
vt -0.716575 0.349176
vt -0.656327 0.350444
vt -0.656159 0.350444
vt -0.655992 0.350444
vt -0.655992 0.349176
vt -0.655992 0.347908
vt -0.686409 0.364554
vt -0.687775 0.364554
vt -0.687775 0.349176
vt -0.686409 0.349176
vt -0.685001 0.364554
vt -0.685043 0.364554
vt -0.685043 0.349176
vt -0.685001 0.349176
vt -0.686326 0.364554
vt -0.684960 0.364554
vt -0.684960 0.349176
vt -0.686326 0.349176
vt -0.687733 0.364554
vt -0.687692 0.364554
vt -0.687692 0.349176
vt -0.687733 0.349176
vt -0.686409 0.333799
vt -0.687775 0.333799
vt -0.687733 0.333799
vt -0.686367 0.333799
vt -0.686367 0.364553
vt -0.685043 0.333799
vt -0.685001 0.333799
vt -0.684960 0.333799
vt -0.686326 0.333799
vt -0.687692 0.333799
vt 0.172374 0.912827
vt 0.235031 0.912827
vt 0.235031 0.988246
vt 0.172374 0.988246
vt 0.175129 0.941615
vt 0.232529 0.941615
vt 0.232958 0.941615
vt 0.175558 0.941615
vt 0.173056 0.988246
vt 0.235712 0.988246
vt 0.235712 0.912827
vt 0.173056 0.912827
vt 0.232529 0.988246
vt 0.175129 0.988246
vt 0.232958 0.988246
vt 0.175558 0.988246
vt -0.699855 0.349176
vt -0.699855 0.347908
vt -0.686401 0.347908
vt -0.686401 0.349176
vt -0.699821 0.350444
vt -0.699855 0.350444
vt -0.686401 0.350444
vt -0.686367 0.350444
vt -0.699787 0.349176
vt -0.699787 0.350444
vt -0.686333 0.350444
vt -0.686333 0.349176
vt -0.699821 0.347908
vt -0.699787 0.347908
vt -0.686333 0.347908
vt -0.686367 0.347908
vt -0.672948 0.349176
vt -0.672948 0.347908
vt -0.672914 0.347908
vt -0.672914 0.349176
vt -0.699821 0.349176
vt -0.672948 0.350444
vt -0.672914 0.350444
vt -0.672880 0.350444
vt -0.672880 0.349176
vt -0.672880 0.347908
vt -0.686385 0.361120
vt -0.687387 0.361120
vt -0.687387 0.349176
vt -0.686385 0.349176
vt -0.685365 0.361120
vt -0.685382 0.361120
vt -0.685382 0.349176
vt -0.685365 0.349176
vt -0.686350 0.361120
vt -0.685347 0.361120
vt -0.685347 0.349176
vt -0.686349 0.349176
vt -0.687370 0.361120
vt -0.687352 0.361120
vt -0.687352 0.349176
vt -0.687370 0.349176
vt -0.686385 0.337232
vt -0.687387 0.337232
vt -0.687370 0.337232
vt -0.686367 0.337232
vt -0.686367 0.361120
vt -0.685382 0.337232
vt -0.685365 0.337232
vt -0.685347 0.337232
vt -0.686350 0.337232
vt -0.687352 0.337232
vt -0.369819 0.127886
vt -0.377027 0.178508
vt -0.327691 0.178508
vt -0.327691 0.126872
vt -0.361253 0.135256
vt -0.362610 0.135256
vt -0.327691 0.135256
vt -0.326334 0.135256
vt -0.367104 0.127886
vt -0.359896 0.135256
vt -0.324977 0.135256
vt -0.324977 0.126872
vt -0.375670 0.178508
vt -0.374313 0.178508
vt -0.324977 0.120515
vt -0.326334 0.120515
vt -0.285564 0.127886
vt -0.278355 0.178508
vt -0.276998 0.178508
vt -0.284207 0.127886
vt -0.368462 0.127886
vt -0.292772 0.135256
vt -0.291415 0.135256
vt -0.290058 0.135256
vt -0.282849 0.127886
vt -0.275641 0.178508
vt -0.686385 0.361120
vt -0.687387 0.361120
vt -0.687387 0.349176
vt -0.686385 0.349176
vt -0.685365 0.361120
vt -0.685382 0.361120
vt -0.685382 0.349176
vt -0.685365 0.349176
vt -0.686349 0.361120
vt -0.685347 0.361120
vt -0.685347 0.349176
vt -0.686349 0.349176
vt -0.687370 0.361120
vt -0.687352 0.361120
vt -0.687352 0.349176
vt -0.687370 0.349176
vt -0.686385 0.337232
vt -0.687387 0.337232
vt -0.687370 0.337232
vt -0.686367 0.337232
vt -0.686367 0.361120
vt -0.685382 0.337232
vt -0.685365 0.337232
vt -0.685347 0.337232
vt -0.686349 0.337232
vt -0.687352 0.337232
vt -0.699586 0.349176
vt -0.699586 0.346812
vt -0.686429 0.346812
vt -0.686429 0.349176
vt -0.699525 0.351540
vt -0.699586 0.351540
vt -0.686429 0.351540
vt -0.686367 0.351540
vt -0.699463 0.349176
vt -0.699463 0.351540
vt -0.686305 0.351540
vt -0.686305 0.349176
vt -0.699525 0.346812
vt -0.699463 0.346812
vt -0.686305 0.346812
vt -0.686367 0.346812
vt -0.673272 0.349176
vt -0.673272 0.346812
vt -0.673210 0.346812
vt -0.673210 0.349176
vt -0.699525 0.349176
vt -0.673272 0.351540
vt -0.673210 0.351540
vt -0.673148 0.351540
vt -0.673148 0.349176
vt -0.673148 0.346812
vt 0.188971 0.672066
vt 0.194298 0.672066
vt 0.194298 0.802026
vt 0.188971 0.802026
vt 0.840916 0.367322
vt 0.848192 0.367322
vt 0.848063 0.367322
vt 0.840788 0.367322
vt 0.840788 0.301411
vt 0.848063 0.301411
vt 0.848063 0.246961
vt 0.840788 0.246961
vt 0.848192 0.246961
vt 0.840916 0.246961
vt 0.862931 0.246961
vt 0.862802 0.246961
vt 0.862802 0.301411
vt 0.862931 0.301411
vt 0.840916 0.301411
vt 0.840944 0.246961
vt 0.848219 0.246961
vt 0.848219 0.253775
vt 0.842893 0.253775
vt 0.862958 0.246961
vt 0.862958 0.301411
vt 0.861009 0.301411
vt 0.861009 0.253775
vt 0.848219 0.359165
vt 0.848219 0.367322
vt 0.840944 0.367322
vt 0.842893 0.359165
vt 0.842893 0.301411
vt 0.840944 0.301411
vt 0.840788 0.318112
vt 0.840916 0.318112
vt 0.848063 0.318112
vt 0.862931 0.318112
vt 0.862802 0.318112
vt 0.862802 0.367322
vt 0.862931 0.367322
vt 0.861009 0.318112
vt 0.862958 0.318112
vt 0.862958 0.367322
vt 0.861009 0.359165
vt 0.673411 0.612861
vt 0.677329 0.612861
vt 0.677329 0.702571
vt 0.673411 0.702571
vt 0.840944 0.318112
vt 0.842893 0.318112
vt 0.188971 0.847588
vt 0.194298 0.847588
vt 0.194262 0.855726
vt 0.190343 0.855726
vt 0.207087 0.847588
vt 0.207087 0.959591
vt 0.205643 0.944632
vt 0.205643 0.855726
vt 0.194262 0.944632
vt 0.194298 0.959591
vt 0.188971 0.959591
vt 0.190343 0.944632
vt 0.840788 0.308238
vt 0.840916 0.308238
vt 0.848063 0.308238
vt 0.862931 0.308238
vt 0.862802 0.308238
vt 0.861009 0.308238
vt 0.862958 0.308238
vt 0.188971 0.820651
vt 0.194298 0.820651
vt 0.840944 0.308238
vt 0.842893 0.308238
vt 0.854926 0.253775
vt 0.854926 0.246961
vt 0.201005 0.802026
vt 0.201005 0.672066
vt 0.207087 0.672066
vt 0.207087 0.802026
vt 0.201005 0.820651
vt 0.207087 0.820651
vt 0.201005 0.847588
vt 0.200968 0.855726
vt 0.684036 0.702571
vt 0.684036 0.612861
vt 0.688710 0.612861
vt 0.688710 0.702571
vt 0.201005 0.959591
vt 0.200968 0.944632
vt 0.854926 0.367322
vt 0.854926 0.359165
vt 0.854770 0.367322
vt 0.854899 0.367322
vt 0.854770 0.318112
vt 0.854770 0.308238
vt 0.854770 0.301411
vt 0.854770 0.246961
vt 0.854899 0.246961
vt 0.202500 0.624946
vt 0.202500 0.622723
vt 0.209207 0.622723
vt 0.209207 0.624946
vt 0.202549 0.624946
vt 0.202549 0.622723
vt 0.209256 0.622723
vt 0.209256 0.624946
vt 0.848192 0.253775
vt 0.842865 0.253775
vt 0.860982 0.301411
vt 0.860982 0.253775
vt 0.842865 0.359165
vt 0.848192 0.359165
vt 0.842865 0.301411
vt 0.860982 0.359165
vt 0.860982 0.318112
vt 0.842865 0.318112
vt 0.860982 0.308238
vt 0.842865 0.308238
vt 0.854899 0.253775
vt 0.854899 0.359165
vt 0.053198 0.358709
vt 0.083526 0.358709
vt 0.083526 0.366234
vt 0.053198 0.366234
vt 0.082894 0.366234
vt 0.052566 0.366234
vt 0.082894 0.358709
vt 0.052566 0.358709
vt -0.831608 0.708874
vt -0.831608 0.708874
vt -0.828757 0.708874
vt -0.828757 0.708874
vt -0.831530 0.548683
vt -0.832410 0.548683
vt -0.827800 0.548683
vt -0.827800 0.548683
vt -0.824069 0.548683
vt -0.823190 0.548683
vt -0.823190 0.548683
vt -0.823914 0.548683
vt -0.824069 0.548683
vt -0.823190 0.548683
vt -0.827800 0.548683
vt -0.827800 0.548683
vt -0.831530 0.548683
vt -0.832410 0.548683
vt -0.832410 0.548683
vt -0.831686 0.548683
vt -0.831608 0.675822
vt -0.831608 0.664805
vt -0.828757 0.664805
vt -0.828757 0.675822
vt -0.825906 0.675822
vt -0.825906 0.664805
vt -0.825906 0.664805
vt -0.825906 0.675822
vt -0.825906 0.675822
vt -0.825906 0.664805
vt -0.828757 0.664805
vt -0.828757 0.675822
vt -0.831608 0.675822
vt -0.831608 0.664805
vt -0.831608 0.664805
vt -0.831608 0.675822
vt -1.855912 0.740636
vt -1.855912 0.735514
vt -1.855912 0.735514
vt -1.855912 0.740636
vt -1.851268 0.740636
vt -1.851268 0.735514
vt -1.853590 0.735514
vt -1.853590 0.740636
vt -1.851268 0.740636
vt -1.851268 0.735514
vt -1.851268 0.735514
vt -1.851268 0.740636
vt -1.855912 0.740636
vt -1.855912 0.735514
vt -1.853590 0.735514
vt -1.853590 0.740636
vt -0.831608 0.701285
vt -0.831608 0.693695
vt -0.831608 0.693695
vt -0.831608 0.701285
vt -0.825906 0.701285
vt -0.825906 0.693695
vt -0.828757 0.693695
vt -0.828757 0.701285
vt -0.825906 0.701285
vt -0.825906 0.693695
vt -0.825906 0.693695
vt -0.825906 0.701285
vt -0.831608 0.701285
vt -0.831608 0.693695
vt -0.828757 0.693695
vt -0.828757 0.701285
vt -0.832410 0.533189
vt -0.832410 0.517695
vt -0.832410 0.517695
vt -0.832410 0.533189
vt -0.827800 0.533189
vt -0.823190 0.533189
vt -0.823190 0.517695
vt -0.823190 0.517695
vt -0.823190 0.533189
vt -0.832410 0.533189
vt -0.832410 0.517695
vt -0.827800 0.517695
vt -0.827800 0.533189
vt -0.831344 0.686942
vt -0.831608 0.686839
vt -0.831608 0.686839
vt -0.831367 0.686933
vt -0.831344 0.693593
vt -0.831367 0.693602
vt -0.826171 0.686942
vt -0.825906 0.686839
vt -0.828757 0.686839
vt -0.828757 0.686933
vt -0.831344 0.693593
vt -0.828757 0.693602
vt -0.826171 0.686942
vt -0.825906 0.686839
vt -0.825906 0.686839
vt -0.826147 0.686933
vt -0.826171 0.693593
vt -0.826147 0.693602
vt -0.831344 0.686942
vt -0.831608 0.686839
vt -0.828757 0.686839
vt -0.828757 0.686933
vt -0.826171 0.693593
vt -0.828757 0.693602
vt -0.825906 0.708874
vt -0.825906 0.708874
vt -0.825906 0.708874
vt -0.828757 0.708874
vt -0.831608 0.708874
vt -0.824949 0.548683
vt -0.827800 0.548683
vt -0.830651 0.548683
vt -0.824949 0.548683
vt -0.824949 0.548683
vt -0.830651 0.548683
vt -0.827800 0.548683
vt -0.830651 0.548683
vt -1.855912 0.745758
vt -1.855912 0.745758
vt -1.855912 0.745758
vt -1.853590 0.745758
vt -1.851268 0.745758
vt -1.851268 0.745758
vt -1.851268 0.745758
vt -1.853590 0.745758
vt -0.823190 0.533189
vt -0.823190 0.517695
vt -0.827800 0.517695
vt -0.831079 0.687044
vt -0.831079 0.687044
vt -0.831079 0.687044
vt -0.831079 0.693491
vt -0.831079 0.693491
vt -0.831079 0.693491
vt -0.828757 0.687044
vt -0.826435 0.687044
vt -0.826435 0.693491
vt -0.828757 0.693491
vt -0.826435 0.687044
vt -0.826435 0.687044
vt -0.826435 0.693491
vt -0.826435 0.693491
vt -0.828757 0.687044
vt -0.828757 0.693491
vt -0.795172 0.708874
vt -0.795172 0.708874
vt -0.792321 0.708874
vt -0.792321 0.708874
vt -0.795094 0.548683
vt -0.795974 0.548683
vt -0.791364 0.548683
vt -0.791364 0.548683
vt -0.787633 0.548683
vt -0.786754 0.548683
vt -0.786754 0.548683
vt -0.787478 0.548683
vt -0.787633 0.548683
vt -0.786754 0.548683
vt -0.791364 0.548683
vt -0.791364 0.548683
vt -0.795094 0.548683
vt -0.795974 0.548683
vt -0.795974 0.548683
vt -0.795250 0.548683
vt -0.795172 0.675822
vt -0.795172 0.664805
vt -0.792321 0.664805
vt -0.792321 0.675822
vt -0.789470 0.675822
vt -0.789470 0.664805
vt -0.789470 0.664805
vt -0.789470 0.675822
vt -0.789470 0.675822
vt -0.789470 0.664805
vt -0.792321 0.664805
vt -0.792321 0.675822
vt -0.795172 0.675822
vt -0.795172 0.664805
vt -0.795172 0.664805
vt -0.795172 0.675822
vt -1.819476 0.740636
vt -1.819476 0.735514
vt -1.819476 0.735514
vt -1.819476 0.740636
vt -1.814831 0.740636
vt -1.814831 0.735514
vt -1.817154 0.735514
vt -1.817154 0.740636
vt -1.814831 0.740636
vt -1.814831 0.735514
vt -1.814831 0.735514
vt -1.814831 0.740636
vt -1.819476 0.740636
vt -1.819476 0.735514
vt -1.817154 0.735514
vt -1.817154 0.740636
vt -0.795172 0.701285
vt -0.795172 0.693695
vt -0.795172 0.693695
vt -0.795172 0.701285
vt -0.789470 0.701285
vt -0.789470 0.693695
vt -0.792321 0.693695
vt -0.792321 0.701285
vt -0.789470 0.701285
vt -0.789470 0.693695
vt -0.789470 0.693695
vt -0.789470 0.701285
vt -0.795172 0.701285
vt -0.795172 0.693695
vt -0.792321 0.693695
vt -0.792321 0.701285
vt -0.795974 0.533189
vt -0.795974 0.517695
vt -0.795974 0.517695
vt -0.795974 0.533189
vt -0.791364 0.533189
vt -0.786754 0.533189
vt -0.786754 0.517695
vt -0.786754 0.517695
vt -0.786754 0.533189
vt -0.795974 0.533189
vt -0.795974 0.517695
vt -0.791364 0.517695
vt -0.791364 0.533189
vt -0.794908 0.686942
vt -0.795172 0.686839
vt -0.795172 0.686839
vt -0.794931 0.686933
vt -0.794908 0.693593
vt -0.794931 0.693602
vt -0.789734 0.686942
vt -0.789470 0.686839
vt -0.792321 0.686839
vt -0.792321 0.686933
vt -0.794908 0.693593
vt -0.792321 0.693602
vt -0.789734 0.686942
vt -0.789470 0.686839
vt -0.789470 0.686839
vt -0.789711 0.686933
vt -0.789734 0.693593
vt -0.789711 0.693602
vt -0.794908 0.686942
vt -0.795172 0.686839
vt -0.792321 0.686839
vt -0.792321 0.686933
vt -0.789734 0.693593
vt -0.792321 0.693602
vt -0.789470 0.708874
vt -0.789470 0.708874
vt -0.789470 0.708874
vt -0.792321 0.708874
vt -0.795172 0.708874
vt -0.788513 0.548683
vt -0.791364 0.548683
vt -0.794215 0.548683
vt -0.788513 0.548683
vt -0.788513 0.548683
vt -0.794215 0.548683
vt -0.791364 0.548683
vt -0.794215 0.548683
vt -1.819476 0.745758
vt -1.819476 0.745758
vt -1.819476 0.745758
vt -1.817154 0.745758
vt -1.814831 0.745758
vt -1.814831 0.745758
vt -1.814831 0.745758
vt -1.817154 0.745758
vt -0.786754 0.533189
vt -0.786754 0.517695
vt -0.791364 0.517695
vt -0.794643 0.687044
vt -0.794643 0.687044
vt -0.794643 0.687044
vt -0.794643 0.693491
vt -0.794643 0.693491
vt -0.794643 0.693491
vt -0.792321 0.687044
vt -0.789999 0.687044
vt -0.789999 0.693491
vt -0.792321 0.693491
vt -0.789999 0.687044
vt -0.789999 0.687044
vt -0.789999 0.693491
vt -0.789999 0.693491
vt -0.792321 0.687044
vt -0.792321 0.693491
vt -0.699586 0.349176
vt -0.699586 0.346812
vt -0.686429 0.346812
vt -0.686429 0.349176
vt -0.699525 0.351540
vt -0.699586 0.351540
vt -0.686429 0.351540
vt -0.686367 0.351540
vt -0.699463 0.349176
vt -0.699463 0.351540
vt -0.686305 0.351540
vt -0.686305 0.349176
vt -0.699525 0.346812
vt -0.699463 0.346812
vt -0.686305 0.346812
vt -0.686367 0.346812
vt -0.673272 0.349176
vt -0.673272 0.346812
vt -0.673210 0.346812
vt -0.673210 0.349176
vt -0.699525 0.349176
vt -0.673272 0.351540
vt -0.673210 0.351540
vt -0.673148 0.351540
vt -0.673148 0.349176
vt -0.673148 0.346812
vt -0.686385 0.361120
vt -0.687387 0.361120
vt -0.687387 0.349176
vt -0.686385 0.349176
vt -0.685365 0.361120
vt -0.685382 0.361120
vt -0.685382 0.349176
vt -0.685365 0.349176
vt -0.686349 0.361120
vt -0.685347 0.361120
vt -0.685347 0.349176
vt -0.686349 0.349176
vt -0.687370 0.361120
vt -0.687352 0.361120
vt -0.687352 0.349176
vt -0.687370 0.349176
vt -0.686385 0.337232
vt -0.687387 0.337232
vt -0.687370 0.337232
vt -0.686367 0.337232
vt -0.686367 0.361120
vt -0.685382 0.337232
vt -0.685365 0.337232
vt -0.685347 0.337232
vt -0.686349 0.337232
vt -0.687352 0.337232
vt -0.582647 0.463332
vt -0.586014 0.402453
vt -0.576868 0.402453
vt -0.575170 0.459505
vt -0.583102 0.521325
vt -0.583102 0.582204
vt -0.573956 0.524212
vt -0.573956 0.463332
vt -0.514238 0.463332
vt -0.514238 0.402453
vt -0.512781 0.402453
vt -0.512781 0.463332
vt -0.583102 0.460446
vt -0.584558 0.402453
vt -0.584558 0.463332
vt -0.582849 0.710687
vt -0.586014 0.710687
vt -0.576868 0.652694
vt -0.574953 0.652694
vt -0.517156 0.710687
vt -0.514238 0.710687
vt -0.512781 0.710687
vt -0.515574 0.652694
vt -0.569683 0.652694
vt -0.562100 0.652694
vt -0.563455 0.652694
vt -0.572271 0.652694
vt -0.580184 0.710687
vt -0.583102 0.710687
vt -0.584558 0.710687
vt -0.581765 0.652694
vt -1.862828 0.597567
vt -1.862828 0.559398
vt -1.852979 0.501405
vt -1.852979 0.539574
vt -1.785398 0.597567
vt -1.785398 0.559398
vt -1.783826 0.501405
vt -1.783826 0.539574
vt -1.849837 0.577743
vt -1.839987 0.577743
vt -1.839987 0.539574
vt -1.849837 0.539574
vt -1.859686 0.597567
vt -1.859686 0.559398
vt -1.861257 0.501405
vt -1.861257 0.539574
vt -0.970377 0.269273
vt -0.972833 0.268446
vt -0.965879 0.212890
vt -0.964414 0.213372
vt -0.920954 0.286590
vt -0.918690 0.287417
vt -0.917591 0.229424
vt -0.919754 0.228666
vt -0.960377 0.214115
vt -0.954648 0.216122
vt -0.955688 0.215724
vt -0.962396 0.213372
vt -0.968372 0.269273
vt -0.970636 0.268446
vt -0.971735 0.210453
vt -0.969572 0.211211
vt -0.967921 0.265361
vt -0.967921 0.270100
vt -0.962191 0.214115
vt -0.960991 0.208245
vt -0.923219 0.273192
vt -0.923219 0.285763
vt -0.922312 0.227770
vt -0.922312 0.215200
vt -0.966107 0.265361
vt -0.966107 0.260622
vt -0.960377 0.202629
vt -0.959884 0.208543
vt -0.966107 0.270100
vt -0.967014 0.212107
vt -0.967014 0.207368
vt -1.859686 0.675910
vt -1.859686 0.635736
vt -1.861257 0.577743
vt -1.861257 0.617917
vt -1.849837 0.658091
vt -1.839987 0.658091
vt -1.839987 0.617917
vt -1.849837 0.617917
vt -1.785398 0.675910
vt -1.785398 0.635737
vt -1.783826 0.577744
vt -1.783826 0.617918
vt -1.862828 0.675910
vt -1.862828 0.635736
vt -1.852979 0.577743
vt -1.852979 0.617917
vt -1.859686 0.725956
vt -1.859686 0.716083
vt -1.861257 0.658091
vt -1.861257 0.667964
vt -1.859686 0.735829
vt -1.849837 0.677836
vt -1.849837 0.667964
vt -1.785398 0.725957
vt -1.785398 0.716084
vt -1.783826 0.658091
vt -1.783826 0.667964
vt -1.862828 0.725956
vt -1.862828 0.716083
vt -1.852979 0.658091
vt -1.852241 0.668415
vt -1.857281 0.830534
vt -1.857281 0.803592
vt -1.858852 0.745599
vt -1.858852 0.772542
vt -1.847432 0.799484
vt -1.837582 0.799484
vt -1.837582 0.772542
vt -1.847432 0.772542
vt -1.782992 0.830535
vt -1.782992 0.803592
vt -1.781421 0.745599
vt -1.781421 0.772542
vt -1.860423 0.830534
vt -1.860423 0.803592
vt -1.846225 0.745599
vt -1.846225 0.772542
vt -1.857281 0.871022
vt -1.857281 0.857477
vt -1.858852 0.799484
vt -1.858852 0.813029
vt -1.847336 0.834852
vt -1.837391 0.843131
vt -1.837487 0.821307
vt -1.846406 0.817922
vt -1.782992 0.903250
vt -1.782992 0.857477
vt -1.781421 0.799484
vt -1.781421 0.845257
vt -1.860423 0.871022
vt -1.860423 0.857477
vt -1.846225 0.799484
vt -1.846844 0.816023
vt -0.583102 0.679407
vt -0.583102 0.648127
vt -0.584558 0.590134
vt -0.584558 0.621414
vt -0.573956 0.710687
vt -0.573956 0.621414
vt -0.514238 0.621414
vt -0.514238 0.590134
vt -0.512781 0.590134
vt -0.512781 0.621414
vt -0.583102 0.615165
vt -0.584558 0.524212
vt -0.584558 0.557173
vt -0.514238 0.557173
vt -0.514238 0.524212
vt -0.512781 0.524212
vt -0.512781 0.557173
vt -0.573956 0.590134
vt -0.573956 0.557173
vt -0.517271 0.590134
vt -0.520304 0.590134
vt -0.520304 0.557173
vt -0.517271 0.557173
vt -0.522666 0.652694
vt -0.531094 0.652694
vt -0.531553 0.621414
vt -0.524147 0.623991
vt -0.527086 0.652694
vt -0.534099 0.652694
vt -0.532596 0.652694
vt -0.524457 0.652694
vt -1.794507 0.577744
vt -1.803616 0.577744
vt -1.803616 0.539574
vt -1.794507 0.539575
vt -1.794507 0.658091
vt -1.803616 0.658091
vt -1.803616 0.617918
vt -1.794507 0.617918
vt -1.785398 0.735830
vt -1.795724 0.677837
vt -1.795245 0.668442
vt -1.796450 0.799484
vt -1.809907 0.799484
vt -1.809907 0.772542
vt -1.796450 0.772542
vt -1.792195 0.883369
vt -1.801398 0.875708
vt -1.805653 0.837596
vt -1.793944 0.838966
vt -0.928543 0.225904
vt -0.933868 0.224039
vt -0.932714 0.224477
vt -0.926495 0.226658
vt -0.923219 0.260622
vt -0.929802 0.202629
vt -0.928890 0.214006
vt -0.921405 0.273192
vt -0.921405 0.285763
vt -0.926729 0.225904
vt -0.926439 0.214425
vt -0.918949 0.286590
vt -0.916493 0.287417
vt -0.922928 0.227169
vt -0.924477 0.226658
vt -1.779850 0.903250
vt -1.779850 0.857477
vt -1.788959 0.799484
vt -1.788462 0.842151
vt -1.779850 0.830535
vt -1.779850 0.803592
vt -1.788959 0.745599
vt -1.788959 0.772542
vt -1.782255 0.725957
vt -1.782255 0.716084
vt -1.791364 0.658091
vt -1.791364 0.667964
vt -1.782255 0.675910
vt -1.782255 0.635737
vt -1.791364 0.577744
vt -1.791364 0.617918
vt -1.782255 0.597567
vt -1.782255 0.559398
vt -1.791364 0.501405
vt -1.791364 0.539575
vt -0.514490 0.710687
vt -0.511325 0.710687
vt -0.519753 0.710687
vt -0.521776 0.652694
vt -0.519753 0.590134
vt -0.528181 0.590134
vt -0.528181 0.621414
vt -0.519753 0.621414
vt -0.519753 0.524212
vt -0.528181 0.524212
vt -0.528181 0.557173
vt -0.519753 0.557173
vt -0.519753 0.402453
vt -0.528181 0.402453
vt -0.528181 0.463332
vt -0.519753 0.463332
vt -1.823373 0.577744
vt -1.843130 0.577743
vt -1.843130 0.539574
vt -1.823373 0.539574
vt -0.549309 0.652694
vt -0.564519 0.652694
vt -0.566121 0.652694
vt -0.549335 0.652694
vt -0.549408 0.652694
vt -0.567722 0.652694
vt -0.567347 0.621414
vt -0.549448 0.621914
vt -0.549491 0.590134
vt -0.566971 0.590134
vt -0.566971 0.557173
vt -0.549491 0.557173
vt -0.549491 0.524212
vt -0.566971 0.524212
vt -0.567347 0.463332
vt -0.549449 0.462582
vt -0.546495 0.402453
vt -0.564810 0.402453
vt -0.564810 0.463332
vt -0.546495 0.463332
vt -0.546495 0.524212
vt -0.564810 0.524212
vt -0.564810 0.557173
vt -0.546495 0.557173
vt -0.546495 0.590134
vt -0.564810 0.590134
vt -0.564810 0.621414
vt -0.546495 0.621414
vt -1.820230 0.577744
vt -1.800473 0.577744
vt -1.800473 0.539574
vt -1.820230 0.539574
vt -1.820230 0.658091
vt -1.800473 0.658091
vt -1.800473 0.617918
vt -1.820230 0.617917
vt -1.839987 0.667964
vt -1.839987 0.677836
vt -1.820230 0.677837
vt -1.820230 0.667964
vt -1.817825 0.799484
vt -1.798068 0.799484
vt -1.798068 0.772542
vt -1.817825 0.772542
vt -1.817824 0.859419
vt -1.798256 0.875708
vt -1.798162 0.837596
vt -1.815774 0.830746
vt -0.943351 0.220080
vt -0.932054 0.224039
vt -0.930708 0.224477
vt -0.943164 0.220110
vt -0.954648 0.209376
vt -0.954648 0.202629
vt -0.943351 0.202629
vt -0.942253 0.211691
vt -0.935126 0.213334
vt -0.936385 0.202629
vt -0.945165 0.202629
vt -0.944142 0.212282
vt -0.945165 0.220080
vt -0.956462 0.216122
vt -0.957693 0.215724
vt -0.945185 0.220110
vt -1.820966 0.859419
vt -1.840533 0.843131
vt -1.836280 0.821307
vt -1.819273 0.835308
vt -1.804833 0.667964
vt -1.806051 0.677837
vt -1.823373 0.677837
vt -1.823373 0.667406
vt -0.972508 0.154133
vt -0.972675 0.168292
vt -0.973681 0.110299
vt -0.973597 0.096141
vt -0.964936 0.081982
vt -0.957530 0.081982
vt -0.957704 0.096141
vt -0.965106 0.096138
vt -0.942929 0.081982
vt -0.928328 0.081982
vt -0.928328 0.096141
vt -0.943017 0.096183
vt -0.914564 0.154133
vt -0.914564 0.168292
vt -0.921446 0.110299
vt -0.921446 0.096141
vt -0.916909 0.154133
vt -0.916909 0.168292
vt -0.915737 0.110299
vt -0.915736 0.096141
vt -0.945274 0.081982
vt -0.959875 0.081982
vt -0.960651 0.095438
vt -0.945398 0.095761
vt -0.966107 0.252304
vt -0.967014 0.202629
vt -0.967014 0.194312
vt -0.966107 0.243987
vt -0.960377 0.185994
vt -0.960377 0.194312
vt -0.954648 0.194312
vt -0.954648 0.185994
vt -0.943351 0.185994
vt -0.943351 0.194312
vt -0.921405 0.252305
vt -0.921405 0.260622
vt -0.926729 0.202629
vt -0.926729 0.194312
vt -0.923219 0.252305
vt -0.922312 0.202629
vt -0.922312 0.194312
vt -0.923219 0.243987
vt -0.929802 0.185994
vt -0.929802 0.194312
vt -0.967921 0.252304
vt -0.967921 0.260622
vt -0.960933 0.202629
vt -0.960933 0.194312
vt -1.832719 0.799738
vt -1.832027 0.799484
vt -1.832027 0.772542
vt -1.832731 0.772105
vt -1.832719 0.744536
vt -1.832027 0.745599
vt -1.820967 0.745599
vt -1.820921 0.744484
vt -1.809103 0.744536
vt -1.809907 0.745599
vt -1.809088 0.772104
vt -1.809103 0.799738
vt -1.820967 0.799484
vt -1.820921 0.799750
vt -0.966107 0.236026
vt -0.966107 0.228066
vt -0.960377 0.170073
vt -0.960377 0.178034
vt -0.967014 0.185994
vt -0.967014 0.178034
vt -0.967921 0.236026
vt -0.967921 0.243987
vt -0.960933 0.185994
vt -0.961938 0.178705
vt -0.934013 0.178034
vt -0.931640 0.170074
vt -0.945143 0.170073
vt -0.945151 0.177067
vt -0.923219 0.236027
vt -0.923219 0.228066
vt -0.927430 0.170074
vt -0.928789 0.178732
vt -0.922312 0.185994
vt -0.922312 0.178034
vt -0.921405 0.236027
vt -0.921405 0.243987
vt -0.926729 0.185994
vt -0.926729 0.178034
vt -0.954648 0.178034
vt -0.954648 0.170073
vt -0.943351 0.170073
vt -0.943351 0.178034
vt -0.966107 0.220249
vt -0.966107 0.212431
vt -0.960377 0.154439
vt -0.960377 0.162256
vt -0.967014 0.170073
vt -0.967014 0.162256
vt -0.967921 0.220249
vt -0.967921 0.228066
vt -0.963284 0.170073
vt -0.963284 0.162256
vt -0.923219 0.220249
vt -0.923219 0.212431
vt -0.927430 0.154439
vt -0.927430 0.162256
vt -0.922312 0.170073
vt -0.922312 0.162256
vt -0.921405 0.220249
vt -0.921405 0.228066
vt -0.926729 0.170073
vt -0.926729 0.162256
vt -0.954648 0.162256
vt -0.954648 0.154439
vt -0.943351 0.154439
vt -0.943351 0.162256
vt -1.842834 0.658304
vt -1.843130 0.658091
vt -1.843130 0.617917
vt -1.842834 0.618043
vt -1.842834 0.577780
vt -1.823298 0.577782
vt -1.803766 0.577784
vt -1.803767 0.618046
vt -1.803766 0.658306
vt -1.823373 0.658091
vt -1.823298 0.658303
vt -0.586014 0.557173
vt -0.586014 0.524212
vt -0.582647 0.524212
vt -0.582647 0.557173
vt -0.582647 0.621414
vt -0.575325 0.624304
vt -0.526157 0.524212
vt -0.532011 0.524212
vt -0.531553 0.463332
vt -0.524272 0.459962
vt -0.969224 0.197649
vt -0.972342 0.182866
vt -0.964936 0.124873
vt -0.962783 0.139090
vt -0.967014 0.154439
vt -0.970523 0.138480
vt -0.930636 0.139656
vt -0.929632 0.124874
vt -0.945530 0.124873
vt -0.945346 0.139064
vt -0.920064 0.197649
vt -0.922312 0.154439
vt -0.918763 0.138480
vt -0.917985 0.197649
vt -0.921405 0.212431
vt -0.926729 0.154439
vt -0.923956 0.139119
vt -0.972508 0.175579
vt -0.965277 0.110299
vt -0.965106 0.117588
vt -0.973514 0.124873
vt -0.973597 0.117586
vt -0.929632 0.116921
vt -0.929632 0.108968
vt -0.945530 0.108931
vt -0.945542 0.116902
vt -0.916909 0.175579
vt -0.916909 0.182866
vt -0.915737 0.124873
vt -0.915736 0.117586
vt -0.914564 0.175579
vt -0.914564 0.182866
vt -0.921446 0.124873
vt -0.921446 0.117586
vt -0.957704 0.117586
vt -0.957878 0.110299
vt -0.943103 0.110299
vt -0.943017 0.117557
vt -0.974686 0.175579
vt -0.974686 0.182866
vt -0.973508 0.124873
vt -0.973462 0.117139
vt -0.917828 0.109633
vt -0.917863 0.117145
vt -0.579206 0.523973
vt -0.579280 0.524212
vt -0.573125 0.524212
vt -0.573125 0.523975
vt -0.567049 0.523971
vt -0.567049 0.557212
vt -0.567049 0.590449
vt -0.573125 0.590134
vt -0.573125 0.590447
vt -0.579206 0.590450
vt -0.579280 0.590134
vt -0.579280 0.557173
vt -0.579205 0.557213
vt -0.520220 0.590451
vt -0.526157 0.590134
vt -0.526145 0.590454
vt -0.532066 0.590451
vt -0.532011 0.590134
vt -0.532011 0.557173
vt -0.532066 0.557291
vt -0.532066 0.524125
vt -0.526145 0.524124
vt -0.520220 0.524124
vt -0.520304 0.524212
vt -0.520220 0.557290
vt -0.546890 0.652694
vt -0.531680 0.652694
vt -0.529930 0.652694
vt -0.546650 0.652694
vt -0.942929 0.124873
vt -0.928328 0.124873
vt -0.930191 0.139656
vt -0.943124 0.138789
vt -0.586014 0.621414
vt -0.586014 0.590134
vt -0.582647 0.590134
vt -0.583998 0.616260
vt -0.517271 0.524212
vt -0.517271 0.463332
vt -0.515897 0.468571
vt -0.586014 0.463332
vt -0.584155 0.469083
vt -0.517271 0.621414
vt -0.516026 0.616666
vt -0.923791 0.081982
vt -0.930673 0.081982
vt -0.930153 0.095475
vt -0.923399 0.095622
vt -0.974686 0.154133
vt -0.974686 0.168292
vt -0.973508 0.109597
vt -0.967802 0.095511
vt -0.971304 0.197649
vt -0.967921 0.212431
vt -0.963284 0.154438
vt -0.965823 0.138953
vt -0.917828 0.124873
vt -0.925202 0.138885
vt -1.857281 0.793735
vt -1.857281 0.783878
vt -1.858852 0.725886
vt -1.858852 0.735742
vt -1.847432 0.745599
vt -1.837582 0.745599
vt -1.837582 0.735742
vt -1.847432 0.735742
vt -1.817825 0.745599
vt -1.798068 0.745599
vt -1.798068 0.735743
vt -1.817825 0.735743
vt -1.779850 0.793735
vt -1.779850 0.783878
vt -1.788959 0.725886
vt -1.788959 0.735743
vt -1.782992 0.793735
vt -1.782992 0.783878
vt -1.781421 0.725886
vt -1.781421 0.735743
vt -1.796450 0.745599
vt -1.808081 0.735743
vt -1.795729 0.736276
vt -1.833854 0.735742
vt -1.820967 0.734709
vt -1.860423 0.793735
vt -1.860423 0.783878
vt -1.848052 0.725886
vt -1.846946 0.736253
vt -0.853876 0.569352
vt -0.853876 0.547735
vt -0.855092 0.489743
vt -0.855092 0.511359
vt -0.856308 0.569352
vt -0.856308 0.547735
vt -0.847336 0.489743
vt -0.846999 0.511906
vt -0.813764 0.511360
vt -0.814371 0.590969
vt -0.825761 0.590969
vt -0.825761 0.510471
vt -0.796360 0.569352
vt -0.796360 0.590969
vt -0.805365 0.590969
vt -0.805096 0.511934
vt -0.796360 0.547736
vt -0.795144 0.489743
vt -0.795144 0.511360
vt -0.793928 0.569352
vt -0.793928 0.547736
vt -0.800980 0.489743
vt -0.800980 0.511360
vt -0.838624 0.511359
vt -0.838624 0.590968
vt -0.823328 0.590969
vt -0.823328 0.511359
vt -0.853876 0.590968
vt -0.846250 0.590968
vt -0.846250 0.511359
vt -0.852571 0.547629
vt -0.851267 0.547522
vt -0.852374 0.489530
vt -0.853793 0.489641
vt -0.854894 0.591075
vt -0.853480 0.591182
vt -0.852374 0.533189
vt -0.853793 0.533077
vt -0.854894 0.547629
vt -0.853480 0.547522
vt -0.845321 0.489530
vt -0.846560 0.489640
vt -0.836606 0.533082
vt -0.836060 0.533189
vt -0.844770 0.533189
vt -0.845991 0.533078
vt -0.814858 0.533083
vt -0.815345 0.533189
vt -0.825703 0.533189
vt -0.825725 0.533078
vt -0.837763 0.489636
vt -0.837163 0.489530
vt -0.825703 0.489530
vt -0.825724 0.489641
vt -0.797664 0.591075
vt -0.798968 0.591182
vt -0.807157 0.533189
vt -0.806034 0.533078
vt -0.813701 0.489637
vt -0.814243 0.489530
vt -0.806606 0.489530
vt -0.805466 0.489641
vt -0.797664 0.547629
vt -0.798968 0.547523
vt -0.797862 0.489530
vt -0.796443 0.489642
vt -0.795342 0.591075
vt -0.796756 0.591182
vt -0.797862 0.533189
vt -0.796443 0.533078
vt -0.795342 0.547629
vt -0.796756 0.547523
vt -0.803169 0.489530
vt -0.801880 0.489641
vt -0.808807 0.533083
vt -0.809582 0.533189
vt -0.803169 0.533189
vt -0.801880 0.533079
vt -0.838012 0.533082
vt -0.837400 0.533189
vt -0.823491 0.533189
vt -0.823395 0.533078
vt -0.808807 0.489637
vt -0.809582 0.489530
vt -0.823491 0.489530
vt -0.823395 0.489641
vt -0.852571 0.591075
vt -0.851267 0.591182
vt -0.844334 0.533189
vt -0.845494 0.533078
vt -0.838012 0.489636
vt -0.837400 0.489530
vt -0.844334 0.489530
vt -0.845494 0.489640
vt -1.859686 0.740060
vt -1.861257 0.677836
vt -1.861257 0.682068
vt -1.859686 0.744292
vt -1.849837 0.686299
vt -1.849837 0.682068
vt -1.839987 0.682068
vt -1.839987 0.686299
vt -1.820230 0.686299
vt -1.820230 0.682068
vt -1.782255 0.740061
vt -1.782255 0.735830
vt -1.791364 0.677837
vt -1.791364 0.682068
vt -1.785398 0.740061
vt -1.783826 0.677837
vt -1.783826 0.682068
vt -1.785398 0.744292
vt -1.796246 0.686299
vt -1.796041 0.682161
vt -1.806572 0.682068
vt -1.807094 0.686299
vt -1.823372 0.686299
vt -1.823372 0.681946
vt -1.862828 0.740060
vt -1.862828 0.735829
vt -1.851761 0.677836
vt -1.851445 0.682156
vt -0.567722 0.402453
vt -0.573956 0.402453
vt -0.511325 0.460446
vt -0.511325 0.521325
vt -0.511325 0.582204
vt -0.572102 0.652694
vt -0.579685 0.710687
vt -0.517654 0.710687
vt -0.518864 0.652694
vt -0.520074 0.710687
vt -0.564810 0.710687
vt -0.577266 0.710687
vt -0.578475 0.652694
vt -1.843130 0.501405
vt -1.839987 0.501405
vt -1.849837 0.501405
vt -0.958925 0.215326
vt -0.956728 0.215326
vt -0.963682 0.212890
vt -0.955203 0.209376
vt -0.953945 0.202629
vt -1.841912 0.667964
vt -1.840694 0.677836
vt -1.860423 0.884566
vt -1.858852 0.826574
vt -1.857281 0.884566
vt -1.779850 0.949022
vt -1.781421 0.891030
vt -1.782992 0.949022
vt -1.850478 0.834852
vt -0.511325 0.648127
vt -0.511325 0.679407
vt -0.511325 0.615165
vt -1.803616 0.501405
vt -1.794507 0.501405
vt -0.931560 0.224914
vt -0.925125 0.227169
vt -0.932054 0.213334
vt -0.932054 0.202629
vt -0.929363 0.224914
vt -1.789053 0.883369
vt -1.800473 0.667964
vt -1.800473 0.677837
vt -1.800473 0.501405
vt -0.528181 0.710687
vt -0.524667 0.652694
vt -1.823373 0.501405
vt -0.549408 0.402453
vt -0.531094 0.402453
vt -0.546495 0.710687
vt -1.820230 0.501405
vt -0.943045 0.220120
vt -0.945243 0.220120
vt -0.974686 0.139975
vt -0.973514 0.081982
vt -0.972342 0.139975
vt -0.928328 0.110299
vt -0.921446 0.081982
vt -0.914564 0.139975
vt -0.915737 0.081982
vt -0.916909 0.139975
vt -0.961427 0.108895
vt -0.932054 0.185994
vt -0.932054 0.194312
vt -0.936385 0.185994
vt -0.936385 0.194312
vt -0.953945 0.194312
vt -0.953945 0.185994
vt -1.833411 0.743472
vt -1.833411 0.771732
vt -1.833411 0.799991
vt -1.808298 0.743473
vt -1.820854 0.743472
vt -1.808298 0.799991
vt -1.808298 0.771732
vt -1.820854 0.799991
vt -0.956296 0.178034
vt -0.958646 0.170073
vt -0.945165 0.185994
vt -0.932054 0.178034
vt -0.932054 0.170073
vt -0.958646 0.162256
vt -0.958646 0.154438
vt -0.931640 0.154439
vt -0.931640 0.162257
vt -0.932054 0.162256
vt -0.932054 0.154439
vt -1.842539 0.577817
vt -1.842539 0.618167
vt -1.842539 0.658517
vt -1.803917 0.577824
vt -1.823228 0.577820
vt -1.803917 0.658521
vt -1.803917 0.618172
vt -1.823228 0.658519
vt -0.522666 0.402453
vt -0.957530 0.124873
vt -0.956089 0.139656
vt -0.961427 0.124873
vt -0.960037 0.139655
vt -0.945143 0.154439
vt -0.961427 0.116884
vt -0.928328 0.117586
vt -0.972331 0.124873
vt -0.972331 0.116884
vt -0.972331 0.108895
vt -0.918747 0.108967
vt -0.918747 0.116920
vt -0.918747 0.124873
vt -0.567127 0.523731
vt -0.573129 0.523733
vt -0.579131 0.523735
vt -0.567127 0.590765
vt -0.567127 0.557248
vt -0.579131 0.590767
vt -0.573129 0.590766
vt -0.579131 0.557251
vt -0.532121 0.590769
vt -0.526129 0.590768
vt -0.520136 0.590767
vt -0.532121 0.524038
vt -0.532121 0.557403
vt -0.520136 0.524037
vt -0.526129 0.524037
vt -0.520136 0.557402
vt -0.924190 0.108968
vt -0.966879 0.108895
vt -0.967281 0.081982
vt -0.966879 0.124873
vt -0.924189 0.124873
vt -1.837582 0.725886
vt -1.847432 0.725886
vt -1.798068 0.725886
vt -1.817825 0.725886
vt -1.806255 0.725886
vt -1.794624 0.725886
vt -1.835680 0.725886
vt -1.820967 0.725886
vt -0.856308 0.590968
vt -0.855092 0.590968
vt -0.838364 0.489743
vt -0.837758 0.511359
vt -0.837152 0.590968
vt -0.846730 0.590968
vt -0.825761 0.489743
vt -0.813158 0.489743
vt -0.804759 0.489743
vt -0.793928 0.590969
vt -0.795144 0.590969
vt -0.808032 0.489743
vt -0.808032 0.511360
vt -0.808032 0.590969
vt -0.800980 0.590969
vt -0.823328 0.489743
vt -0.838624 0.489743
vt -0.846250 0.489743
vt -1.862828 0.744292
vt -1.861257 0.686299
vt -1.800473 0.686299
vt -1.800473 0.682068
vt -1.791364 0.686299
vt -1.782255 0.744292
vt -1.783826 0.686299
vt -1.839651 0.686299
vt -1.840173 0.682068
vt -1.851239 0.686299
vt -0.699855 0.349176
vt -0.699855 0.347908
vt -0.686401 0.347908
vt -0.686401 0.349176
vt -0.699821 0.350444
vt -0.699855 0.350444
vt -0.686401 0.350444
vt -0.686367 0.350444
vt -0.699787 0.349176
vt -0.699787 0.350444
vt -0.686333 0.350444
vt -0.686333 0.349176
vt -0.699821 0.347908
vt -0.699787 0.347908
vt -0.686333 0.347908
vt -0.686367 0.347908
vt -0.672948 0.349176
vt -0.672948 0.347908
vt -0.672914 0.347908
vt -0.672914 0.349176
vt -0.699821 0.349176
vt -0.672948 0.350444
vt -0.672914 0.350444
vt -0.672880 0.350444
vt -0.672880 0.349176
vt -0.672880 0.347908
vt -0.686385 0.361120
vt -0.687387 0.361120
vt -0.687387 0.349176
vt -0.686385 0.349176
vt -0.685365 0.361120
vt -0.685382 0.361120
vt -0.685382 0.349176
vt -0.685365 0.349176
vt -0.686349 0.361120
vt -0.685347 0.361120
vt -0.685347 0.349176
vt -0.686349 0.349176
vt -0.687370 0.361120
vt -0.687352 0.361120
vt -0.687352 0.349176
vt -0.687370 0.349176
vt -0.686385 0.337232
vt -0.687387 0.337232
vt -0.687370 0.337232
vt -0.686367 0.337232
vt -0.686367 0.361120
vt -0.685382 0.337232
vt -0.685365 0.337232
vt -0.685347 0.337232
vt -0.686349 0.337232
vt -0.687352 0.337232
vt -0.820229 0.404982
vt -0.820229 0.395370
vt -0.810617 0.395370
vt -0.810617 0.404982
vt -0.949888 0.584689
vt -0.949888 0.584689
vt -0.944308 0.678238
vt -0.944308 0.631463
vt -0.820229 0.404982
vt -0.820229 0.414595
vt -0.810617 0.414595
vt -0.810617 0.404982
vt -0.801004 0.462975
vt -0.801004 0.453362
vt -0.801004 0.395370
vt -0.801004 0.404982
vt -0.820229 0.395370
vt -0.820229 0.395370
vt -0.820229 0.404982
vt -0.818213 0.414595
vt -0.820229 0.414595
vt -0.810617 0.414595
vt -0.810617 0.414595
vt -0.803020 0.472587
vt -0.801004 0.472587
vt -0.801004 0.414595
vt -0.802631 0.414595
vt -0.803020 0.414595
vt -0.801004 0.414595
vt -0.810617 0.414595
vt -0.818213 0.414595
vt -0.820229 0.414595
vt -0.818602 0.414595
vt -0.949888 0.490781
vt -0.949888 0.396873
vt -0.944308 0.490422
vt -0.944308 0.584330
vt -0.938728 0.735872
vt -0.938728 0.641964
vt -0.938728 0.490422
vt -0.938728 0.584330
vt -0.938728 0.490781
vt -0.938728 0.396873
vt -0.944308 0.396873
vt -0.944308 0.490781
vt -0.949888 0.490781
vt -0.949888 0.396873
vt -0.949888 0.396873
vt -0.949888 0.490781
vt -0.938728 0.829780
vt -0.938728 0.678238
vt -0.938728 0.584689
vt -0.944308 0.584689
vt -0.949888 0.584689
vt -0.801004 0.404982
vt -0.801004 0.395370
vt -0.810617 0.395370
vt -0.805037 0.472587
vt -0.810617 0.414595
vt -0.816197 0.414595
vt -0.805037 0.414595
vt -0.805037 0.414595
vt -0.816197 0.414595
vt -0.810617 0.414595
vt -0.816197 0.414595
vt 0.842319 0.318550
vt 0.842319 0.318550
vt 0.842319 0.282715
vt 0.842319 0.282715
vt 0.826167 0.282715
vt 0.826167 0.282715
vt 0.826167 0.318550
vt 0.826167 0.318550
vt 0.692725 0.700121
vt 0.679483 0.700121
vt 0.679483 0.670743
vt 0.692725 0.670743
vt 0.679483 0.586613
vt 0.692725 0.586613
vt 0.692725 0.557235
vt 0.679483 0.557235
vt 0.827622 0.315321
vt 0.840864 0.315321
vt 0.827622 0.285943
vt 0.840864 0.285943
vt 0.840864 0.315321
vt 0.827622 0.315321
vt 0.840864 0.285943
vt 0.827622 0.285943
vt 0.827622 0.315321
vt 0.840864 0.315321
vt 0.827622 0.285943
vt 0.840864 0.285943
vt 0.840864 0.315321
vt 0.827622 0.315321
vt 0.840864 0.285943
vt 0.827622 0.285943
vt 0.075876 0.307692
vt 0.075876 0.307366
vt 0.092552 0.307366
vt 0.092552 0.307692
vt 0.075876 0.306922
vt 0.092552 0.306922
vt 0.075876 0.306478
vt 0.092552 0.306478
vt 0.075876 0.306153
vt 0.092552 0.306153
vt 0.075876 0.306034
vt 0.092552 0.306034
vt 0.075876 0.306153
vt 0.092552 0.306153
vt 0.075876 0.306478
vt 0.092552 0.306478
vt 0.075876 0.306922
vt 0.092552 0.306922
vt 0.075876 0.307366
vt 0.092552 0.307366
vt 0.075876 0.307692
vt 0.092552 0.307692
vt 0.075876 0.307810
vt 0.092552 0.307810
vt 0.075876 0.306922
vt 0.092552 0.306922
vt 0.075876 0.338974
vt 0.075876 0.338648
vt 0.092552 0.338648
vt 0.092552 0.338974
vt 0.075876 0.338204
vt 0.092552 0.338204
vt 0.075876 0.337760
vt 0.092552 0.337760
vt 0.075876 0.337435
vt 0.092552 0.337435
vt 0.075876 0.337316
vt 0.092552 0.337316
vt 0.075876 0.337435
vt 0.092552 0.337435
vt 0.075876 0.337760
vt 0.092552 0.337760
vt 0.075876 0.338204
vt 0.092552 0.338204
vt 0.075876 0.338648
vt 0.092552 0.338648
vt 0.075876 0.338974
vt 0.092552 0.338974
vt 0.075876 0.339093
vt 0.092552 0.339093
vt 0.075876 0.338204
vt 0.092552 0.338204
vt -0.314462 0.144456
vt -0.314317 0.143765
vt -0.314062 0.143765
vt -0.314180 0.144439
vt -0.314211 0.144925
vt -0.313810 0.144703
vt -0.313810 0.144234
vt -0.314184 0.144439
vt -0.315448 0.146102
vt -0.315600 0.146591
vt -0.315211 0.147098
vt -0.315041 0.146301
vt -0.313807 0.140614
vt -0.313807 0.141697
vt -0.314062 0.141697
vt -0.313986 0.140863
vt -0.314193 0.141014
vt -0.314321 0.141697
vt -0.314066 0.141697
vt -0.313990 0.140863
vt -0.314950 0.145381
vt -0.314608 0.145148
vt -0.314713 0.146377
vt -0.315037 0.146301
vt -0.314312 0.148299
vt -0.314817 0.147606
vt -0.314203 0.146763
vt -0.313810 0.146848
vt -0.314206 0.146763
vt -0.314319 0.141697
vt -0.314317 0.141697
vt -0.314317 0.142731
vt -0.314319 0.142731
vt -0.314466 0.144456
vt -0.314321 0.143765
vt -0.314319 0.143765
vt -0.314464 0.144456
vt -0.314610 0.145148
vt -0.314952 0.145381
vt -0.315294 0.145614
vt -0.315292 0.145614
vt -0.315444 0.146102
vt -0.315446 0.146102
vt -0.315598 0.146591
vt -0.315596 0.146591
vt -0.315207 0.147098
vt -0.315209 0.147098
vt -0.314819 0.147606
vt -0.314314 0.148299
vt -0.313809 0.148992
vt -0.313807 0.148992
vt -0.313807 0.146848
vt -0.313809 0.146848
vt -0.313809 0.144703
vt -0.313809 0.144234
vt -0.313809 0.141697
vt -0.313809 0.140614
vt -0.313809 0.139530
vt -0.313807 0.139530
vt -0.313935 0.139930
vt -0.313937 0.139930
vt -0.314064 0.140330
vt -0.314062 0.140330
vt -0.314190 0.141014
vt -0.314191 0.141014
vt -0.313807 0.142731
vt -0.314062 0.142731
vt -0.313809 0.142731
vt -0.314321 0.142731
vt -0.314065 0.142731
vt -0.313807 0.143765
vt -0.313807 0.144234
vt -0.313807 0.144703
vt -0.314207 0.144925
vt -0.313810 0.143765
vt -0.314066 0.143765
vt -0.314612 0.145148
vt -0.314821 0.147606
vt -0.314716 0.146377
vt -0.314954 0.145381
vt -0.315296 0.145614
vt -0.313810 0.141697
vt -0.313810 0.140614
vt -0.313810 0.139530
vt -0.313938 0.139930
vt -0.314066 0.140330
vt -0.314316 0.148299
vt -0.313810 0.148992
vt -0.313809 0.143765
vt -0.313810 0.142731
vt -0.314462 0.144456
vt -0.314317 0.143765
vt -0.314062 0.143765
vt -0.314180 0.144439
vt -0.314211 0.144925
vt -0.313810 0.144703
vt -0.313810 0.144234
vt -0.314184 0.144439
vt -0.315448 0.146102
vt -0.315600 0.146591
vt -0.315211 0.147098
vt -0.315041 0.146301
vt -0.313807 0.140614
vt -0.313807 0.141697
vt -0.314062 0.141697
vt -0.313986 0.140863
vt -0.314193 0.141014
vt -0.314321 0.141697
vt -0.314066 0.141697
vt -0.313990 0.140863
vt -0.314950 0.145381
vt -0.314608 0.145148
vt -0.314713 0.146377
vt -0.315037 0.146301
vt -0.314312 0.148299
vt -0.314817 0.147606
vt -0.314203 0.146763
vt -0.313810 0.146848
vt -0.314206 0.146763
vt -0.314319 0.141697
vt -0.314317 0.141697
vt -0.314317 0.142731
vt -0.314319 0.142731
vt -0.314466 0.144456
vt -0.314321 0.143765
vt -0.314319 0.143765
vt -0.314464 0.144456
vt -0.314610 0.145148
vt -0.314952 0.145381
vt -0.315294 0.145614
vt -0.315292 0.145614
vt -0.315444 0.146102
vt -0.315446 0.146102
vt -0.315598 0.146591
vt -0.315596 0.146591
vt -0.315207 0.147098
vt -0.315209 0.147098
vt -0.314819 0.147606
vt -0.314314 0.148299
vt -0.313809 0.148992
vt -0.313807 0.148992
vt -0.313807 0.146848
vt -0.313809 0.146848
vt -0.313809 0.144703
vt -0.313809 0.144234
vt -0.313809 0.141697
vt -0.313809 0.140614
vt -0.313809 0.139530
vt -0.313807 0.139530
vt -0.313935 0.139930
vt -0.313937 0.139930
vt -0.314064 0.140330
vt -0.314062 0.140330
vt -0.314190 0.141014
vt -0.314192 0.141014
vt -0.313807 0.142731
vt -0.314062 0.142731
vt -0.313809 0.142731
vt -0.314321 0.142731
vt -0.314065 0.142731
vt -0.313807 0.143765
vt -0.313807 0.144234
vt -0.313807 0.144703
vt -0.314207 0.144925
vt -0.313810 0.143765
vt -0.314066 0.143765
vt -0.314612 0.145148
vt -0.314821 0.147606
vt -0.314716 0.146377
vt -0.314954 0.145381
vt -0.315296 0.145614
vt -0.313810 0.141697
vt -0.313810 0.140614
vt -0.313810 0.139530
vt -0.313938 0.139930
vt -0.314066 0.140330
vt -0.314316 0.148299
vt -0.313810 0.148992
vt -0.313809 0.143765
vt -0.313810 0.142731
vt 0.838673 0.225501
vt 0.838248 0.225076
vt 0.838198 0.225076
vt 0.838623 0.225501
vt 0.837668 0.224921
vt 0.837618 0.224921
vt 0.837088 0.225076
vt 0.837038 0.225076
vt 0.836664 0.225501
vt 0.836614 0.225501
vt 0.836508 0.226082
vt 0.836458 0.226082
vt 0.836664 0.226662
vt 0.836614 0.226662
vt 0.837088 0.227088
vt 0.837038 0.227088
vt 0.837668 0.227243
vt 0.837618 0.227243
vt 0.838248 0.227088
vt 0.838198 0.227088
vt 0.838673 0.226662
vt 0.838623 0.226662
vt 0.838828 0.226082
vt 0.838778 0.226082
vt 0.837668 0.226082
vt 0.837618 0.226082
vt 0.209324 0.455411
vt 0.212687 0.455411
vt 0.212687 0.460875
vt 0.209324 0.460875
vt 0.212657 0.460875
vt 0.209294 0.460875
vt 0.212657 0.455411
vt 0.209294 0.455411
vt 0.825634 0.196257
vt 0.825526 0.196257
vt 0.825232 0.196868
vt 0.825334 0.196868
vt 0.816143 0.191728
vt 0.816246 0.191728
vt 0.816437 0.191116
vt 0.816545 0.191116
vt 0.804582 0.309625
vt 0.804474 0.309625
vt 0.803479 0.309625
vt 0.803595 0.309625
vt 0.803479 0.302750
vt 0.803595 0.302750
vt 0.804474 0.302750
vt 0.804582 0.302750
vt 0.825634 0.196257
vt 0.825526 0.196257
vt 0.825232 0.196868
vt 0.825334 0.196868
vt 0.816143 0.191728
vt 0.816245 0.191728
vt 0.816437 0.191116
vt 0.816545 0.191116
vt 0.804260 0.309625
vt 0.804152 0.309625
vt 0.803157 0.309625
vt 0.803273 0.309625
vt 0.803157 0.302750
vt 0.803273 0.302750
vt 0.804152 0.302750
vt 0.804260 0.302750
vn -0.037763 0.382687 0.923106
vn -0.028900 0.707110 0.706513
vn -0.028900 0.707112 0.706510
vn -0.037763 0.382689 0.923105
vn -0.015640 0.923879 0.382365
vn -0.015640 0.923877 0.382369
vn 0.000000 1.000000 -0.000004
vn -0.000000 1.000000 0.000003
vn 0.015640 0.923878 -0.382368
vn 0.015640 0.923877 -0.382369
vn 0.028897 0.707113 -0.706510
vn 0.028897 0.707111 -0.706512
vn 0.037756 0.382699 -0.923102
vn 0.037756 0.382697 -0.923102
vn 0.040867 -0.000000 -0.999165
vn 0.040867 -0.000000 -0.999165
vn 0.037756 -0.382699 -0.923101
vn 0.037756 -0.382698 -0.923102
vn 0.028897 -0.707108 -0.706515
vn 0.028897 -0.707106 -0.706517
vn 0.015640 -0.923875 -0.382376
vn 0.015640 -0.923874 -0.382377
vn 0.000000 -1.000000 -0.000004
vn -0.000000 -1.000000 0.000004
vn -0.015640 -0.923879 0.382365
vn -0.015640 -0.923877 0.382369
vn -0.028900 -0.707111 0.706512
vn -0.028900 -0.707113 0.706510
vn -0.037763 -0.382686 0.923106
vn -0.037763 -0.382688 0.923106
vn -0.040875 -0.000001 0.999164
vn -0.040875 -0.000001 0.999164
vn 0.999165 0.000013 0.040868
vn 0.999165 0.000025 0.040865
vn 0.999164 -0.000001 0.040876
vn 0.999164 0.000013 0.040887
vn 0.999163 0.000000 0.040911
vn 0.999164 -0.000006 0.040887
vn 0.999165 -0.000006 0.040868
vn 0.999165 -0.000025 0.040865
vn 0.999165 0.000000 0.040855
vn 0.999165 0.000019 0.040865
vn 0.999165 -0.000000 0.040868
vn 0.999164 0.000006 0.040887
vn 0.999163 0.000000 0.040911
vn 0.999164 -0.000013 0.040887
vn 0.999165 -0.000013 0.040868
vn 0.999165 -0.000025 0.040865
vn 0.999165 -0.000000 0.040856
vn -0.999164 0.000025 -0.040882
vn -0.999165 -0.000013 -0.040868
vn -0.999164 0.000001 -0.040874
vn -0.999164 -0.000013 -0.040887
vn -0.999163 0.000000 -0.040911
vn -0.999165 0.000025 -0.040846
vn -0.999166 -0.000013 -0.040844
vn -0.999164 -0.000013 -0.040882
vn -0.999165 -0.000000 -0.040856
vn -0.999164 0.000013 -0.040882
vn -0.999166 0.000013 -0.040844
vn -0.999165 -0.000025 -0.040845
vn -0.999163 0.000000 -0.040911
vn -0.999164 0.000013 -0.040887
vn -0.999165 0.000019 -0.040868
vn -0.999164 -0.000019 -0.040882
vn -0.999164 -0.000000 -0.040890
vn -0.041196 0.000000 0.999151
vn -0.041196 0.000000 0.999151
vn -0.041196 0.000000 0.999151
vn -0.041196 0.000000 0.999151
vn 0.000001 1.000000 0.000000
vn 0.000001 1.000000 0.000000
vn 0.000001 1.000000 0.000000
vn 0.000001 1.000000 0.000000
vn 0.041195 0.000000 -0.999151
vn 0.041195 0.000000 -0.999151
vn 0.041195 0.000000 -0.999151
vn 0.041195 0.000000 -0.999151
vn 0.000000 -1.000000 0.000000
vn 0.000000 -1.000000 0.000000
vn 0.000000 -1.000000 0.000000
vn 0.000000 -1.000000 0.000000
vn 0.999122 0.000000 0.041892
vn 0.999122 0.000000 0.041892
vn 0.999122 0.000000 0.041892
vn 0.999122 0.000000 0.041892
vn -0.999122 0.000000 -0.041892
vn -0.999122 0.000000 -0.041892
vn -0.999122 0.000000 -0.041892
vn -0.999122 0.000000 -0.041892
vn -0.041194 0.000000 0.999151
vn -0.041194 0.000000 0.999151
vn -0.041194 0.000000 0.999151
vn -0.041194 0.000000 0.999151
vn -0.041195 0.000000 0.999151
vn -0.041195 0.000000 0.999151
vn -0.041195 0.000000 0.999151
vn -0.041195 0.000000 0.999151
vn -0.041196 0.000000 0.999151
vn -0.041196 0.000000 0.999151
vn -0.041196 0.000000 0.999151
vn -0.041196 0.000000 0.999151
vn -0.000000 1.000000 -0.000002
vn -0.000000 1.000000 -0.000002
vn -0.000000 1.000000 -0.000002
vn -0.000000 1.000000 -0.000002
vn -0.000001 1.000000 0.000000
vn -0.000001 1.000000 0.000000
vn -0.000001 1.000000 0.000000
vn -0.000001 1.000000 0.000000
vn 0.000000 1.000000 0.000002
vn 0.000000 1.000000 0.000002
vn 0.000000 1.000000 0.000002
vn 0.000000 1.000000 0.000002
vn 0.041195 0.000000 -0.999151
vn 0.041195 0.000000 -0.999151
vn 0.041195 0.000000 -0.999151
vn 0.041195 0.000000 -0.999151
vn 0.041194 0.000000 -0.999151
vn 0.041194 0.000000 -0.999151
vn 0.041194 0.000000 -0.999151
vn 0.041194 0.000000 -0.999151
vn 0.041194 0.000000 -0.999151
vn 0.041194 0.000000 -0.999151
vn 0.041194 0.000000 -0.999151
vn 0.041194 0.000000 -0.999151
vn 0.000000 -1.000000 -0.000002
vn 0.000000 -1.000000 -0.000002
vn 0.000000 -1.000000 -0.000002
vn 0.000000 -1.000000 -0.000002
vn 0.000000 -1.000000 0.000000
vn 0.000000 -1.000000 0.000000
vn 0.000000 -1.000000 0.000000
vn 0.000000 -1.000000 0.000000
vn 0.000000 -1.000000 0.000002
vn 0.000000 -1.000000 0.000002
vn 0.000000 -1.000000 0.000002
vn 0.000000 -1.000000 0.000002
vn 0.999122 0.000000 0.041892
vn 0.999122 0.000000 0.041892
vn 0.999122 0.000000 0.041892
vn 0.999122 0.000000 0.041892
vn 0.999122 0.000000 0.041893
vn 0.999122 0.000000 0.041893
vn 0.999122 0.000000 0.041893
vn 0.999122 0.000000 0.041893
vn 0.999122 0.000000 0.041893
vn 0.999122 0.000000 0.041893
vn 0.999122 0.000000 0.041893
vn 0.999122 0.000000 0.041893
vn -0.999122 0.000000 -0.041893
vn -0.999122 0.000000 -0.041893
vn -0.999122 0.000000 -0.041893
vn -0.999122 0.000000 -0.041893
vn -0.999122 0.000000 -0.041893
vn -0.999122 0.000000 -0.041893
vn -0.999122 0.000000 -0.041893
vn -0.999122 0.000000 -0.041893
vn -0.999122 0.000000 -0.041893
vn -0.999122 0.000000 -0.041893
vn -0.999122 0.000000 -0.041893
vn -0.999122 0.000000 -0.041893
vn -0.041475 0.000000 0.999140
vn -0.041475 0.000000 0.999140
vn -0.041475 0.000000 0.999140
vn -0.041475 0.000000 0.999140
vn 0.999134 -0.000006 0.041617
vn 0.999134 -0.000006 0.041617
vn 0.999134 -0.000006 0.041617
vn 0.999134 -0.000006 0.041617
vn 0.041460 -0.000001 -0.999140
vn 0.041460 -0.000001 -0.999140
vn 0.041460 -0.000001 -0.999140
vn 0.041460 -0.000001 -0.999140
vn -0.999130 0.000001 -0.041711
vn -0.999130 0.000001 -0.041711
vn -0.999130 0.000001 -0.041711
vn -0.999130 0.000001 -0.041711
vn 0.000000 -1.000000 -0.000001
vn 0.000000 -1.000000 -0.000001
vn 0.000000 -1.000000 -0.000001
vn 0.000000 -1.000000 -0.000001
vn 0.000008 1.000000 0.000003
vn 0.000008 1.000000 0.000003
vn 0.000008 1.000000 0.000003
vn 0.000008 1.000000 0.000003
vn -0.041475 -0.000000 0.999140
vn -0.041475 -0.000000 0.999140
vn -0.041475 -0.000000 0.999140
vn -0.041475 -0.000000 0.999140
vn -0.041463 -0.000000 0.999140
vn -0.041463 -0.000000 0.999140
vn -0.041463 -0.000000 0.999140
vn -0.041463 -0.000000 0.999140
vn -0.041463 0.000000 0.999140
vn -0.041463 0.000000 0.999140
vn -0.041463 0.000000 0.999140
vn -0.041463 0.000000 0.999140
vn 0.999134 0.000006 0.041617
vn 0.999134 0.000006 0.041617
vn 0.999134 0.000006 0.041617
vn 0.999134 0.000006 0.041617
vn 0.999134 0.000009 0.041617
vn 0.999134 0.000009 0.041617
vn 0.999134 0.000009 0.041617
vn 0.999134 0.000009 0.041617
vn 0.999134 -0.000009 0.041617
vn 0.999134 -0.000009 0.041617
vn 0.999134 -0.000009 0.041617
vn 0.999134 -0.000009 0.041617
vn 0.041460 0.000001 -0.999140
vn 0.041460 0.000001 -0.999140
vn 0.041460 0.000001 -0.999140
vn 0.041460 0.000001 -0.999140
vn 0.041478 0.000001 -0.999139
vn 0.041478 0.000001 -0.999139
vn 0.041478 0.000001 -0.999139
vn 0.041478 0.000001 -0.999139
vn 0.041478 -0.000001 -0.999140
vn 0.041478 -0.000001 -0.999140
vn 0.041478 -0.000001 -0.999139
vn 0.041478 -0.000001 -0.999140
vn -0.999130 0.000000 -0.041711
vn -0.999130 0.000000 -0.041711
vn -0.999130 0.000000 -0.041711
vn -0.999130 0.000000 -0.041711
vn -0.999138 0.000001 -0.041523
vn -0.999138 0.000001 -0.041523
vn -0.999138 0.000001 -0.041523
vn -0.999138 0.000001 -0.041523
vn -0.999138 0.000000 -0.041523
vn -0.999138 0.000000 -0.041523
vn -0.999138 0.000000 -0.041523
vn -0.999138 0.000000 -0.041523
vn 0.000000 -1.000000 0.000000
vn 0.000000 -1.000000 0.000000
vn 0.000000 -1.000000 0.000000
vn 0.000000 -1.000000 0.000000
vn 0.000000 -1.000000 -0.000004
vn 0.000000 -1.000000 -0.000004
vn 0.000000 -1.000000 -0.000004
vn 0.000000 -1.000000 -0.000004
vn 0.000000 -1.000000 0.000000
vn 0.000000 -1.000000 0.000000
vn 0.000000 -1.000000 0.000000
vn 0.000000 -1.000000 0.000000
vn 0.000009 1.000000 0.000000
vn 0.000009 1.000000 0.000000
vn 0.000009 1.000000 0.000000
vn 0.000009 1.000000 0.000000
vn -0.000008 1.000000 -0.000010
vn -0.000008 1.000000 -0.000010
vn -0.000008 1.000000 -0.000010
vn -0.000008 1.000000 -0.000010
vn -0.000009 1.000000 0.000000
vn -0.000009 1.000000 0.000000
vn -0.000009 1.000000 0.000000
vn -0.000009 1.000000 0.000000
vn -0.041915 -0.000002 0.999121
vn -0.041915 -0.000002 0.999121
vn -0.041915 -0.000002 0.999121
vn -0.041915 -0.000002 0.999121
vn 0.000000 1.000000 0.000000
vn 0.000000 1.000000 0.000000
vn 0.000000 1.000000 0.000000
vn 0.000000 1.000000 0.000000
vn 0.041915 0.000000 -0.999121
vn 0.041915 0.000000 -0.999121
vn 0.041915 0.000000 -0.999121
vn 0.041915 0.000000 -0.999121
vn 0.000000 -1.000000 0.000000
vn 0.000000 -1.000000 0.000000
vn 0.000000 -1.000000 0.000000
vn 0.000000 -1.000000 0.000000
vn 0.999148 0.000051 0.041270
vn 0.999148 0.000051 0.041270
vn 0.999148 0.000051 0.041270
vn 0.999148 0.000051 0.041270
vn -0.999146 -0.000051 -0.041323
vn -0.999146 -0.000051 -0.041323
vn -0.999146 -0.000051 -0.041323
vn -0.999146 -0.000051 -0.041323
vn -0.041915 -0.000002 0.999121
vn -0.041915 -0.000002 0.999121
vn -0.041915 -0.000002 0.999121
vn -0.041915 -0.000002 0.999121
vn -0.041915 0.000002 0.999121
vn -0.041915 0.000002 0.999121
vn -0.041915 0.000002 0.999121
vn -0.041915 0.000002 0.999121
vn -0.041915 0.000002 0.999121
vn -0.041915 0.000002 0.999121
vn -0.041915 0.000002 0.999121
vn -0.041915 0.000002 0.999121
vn 0.000000 1.000000 0.000002
vn 0.000000 1.000000 0.000002
vn 0.000000 1.000000 0.000002
vn 0.000000 1.000000 0.000002
vn 0.000000 1.000000 0.000000
vn 0.000000 1.000000 0.000000
vn 0.000000 1.000000 0.000000
vn 0.000000 1.000000 0.000000
vn 0.000000 1.000000 -0.000002
vn 0.000000 1.000000 -0.000002
vn 0.000000 1.000000 -0.000002
vn 0.000000 1.000000 -0.000002
vn 0.041915 0.000000 -0.999121
vn 0.041915 0.000000 -0.999121
vn 0.041915 0.000000 -0.999121
vn 0.041915 0.000000 -0.999121
vn 0.041915 0.000000 -0.999121
vn 0.041915 0.000000 -0.999121
vn 0.041915 0.000000 -0.999121
vn 0.041915 0.000000 -0.999121
vn 0.041915 0.000000 -0.999121
vn 0.041915 0.000000 -0.999121
vn 0.041915 0.000000 -0.999121
vn 0.041915 0.000000 -0.999121
vn -0.000000 -1.000000 -0.000004
vn -0.000000 -1.000000 -0.000004
vn -0.000000 -1.000000 -0.000004
vn -0.000000 -1.000000 -0.000004
vn -0.000000 -1.000000 0.000004
vn -0.000000 -1.000000 0.000004
vn -0.000000 -1.000000 0.000004
vn -0.000000 -1.000000 0.000004
vn 0.000000 -1.000000 0.000001
vn 0.000000 -1.000000 0.000001
vn 0.000000 -1.000000 0.000001
vn 0.000000 -1.000000 0.000001
vn 0.999146 0.000051 0.041323
vn 0.999146 0.000051 0.041323
vn 0.999146 0.000051 0.041323
vn 0.999146 0.000051 0.041323
vn 0.999146 -0.000051 0.041323
vn 0.999146 -0.000051 0.041323
vn 0.999146 -0.000051 0.041323
vn 0.999146 -0.000051 0.041323
vn 0.999148 -0.000051 0.041270
vn 0.999148 -0.000051 0.041270
vn 0.999148 -0.000051 0.041270
vn 0.999148 -0.000051 0.041270
vn -0.999148 -0.000051 -0.041270
vn -0.999148 -0.000051 -0.041270
vn -0.999148 -0.000051 -0.041270
vn -0.999148 -0.000051 -0.041270
vn -0.999148 0.000051 -0.041270
vn -0.999148 0.000051 -0.041270
vn -0.999148 0.000051 -0.041270
vn -0.999148 0.000051 -0.041270
vn -0.999146 0.000051 -0.041323
vn -0.999146 0.000051 -0.041323
vn -0.999146 0.000051 -0.041323
vn -0.999146 0.000051 -0.041323
vn -0.041466 0.000000 0.999140
vn -0.041466 0.000000 0.999140
vn -0.041466 0.000000 0.999140
vn -0.041466 0.000000 0.999140
vn 0.999138 0.000000 0.041524
vn 0.999138 0.000000 0.041524
vn 0.999138 0.000000 0.041524
vn 0.999138 0.000000 0.041524
vn 0.041469 0.000000 -0.999140
vn 0.041469 0.000000 -0.999140
vn 0.041469 0.000000 -0.999140
vn 0.041469 0.000000 -0.999140
vn -0.999138 -0.000002 -0.041524
vn -0.999138 -0.000002 -0.041524
vn -0.999138 -0.000002 -0.041524
vn -0.999138 -0.000002 -0.041524
vn 0.000000 -1.000000 -0.000006
vn 0.000000 -1.000000 -0.000006
vn 0.000000 -1.000000 -0.000006
vn 0.000000 -1.000000 -0.000006
vn 0.000008 1.000000 0.000029
vn 0.000008 1.000000 0.000029
vn 0.000008 1.000000 0.000029
vn 0.000008 1.000000 0.000029
vn -0.041466 0.000000 0.999140
vn -0.041466 0.000000 0.999140
vn -0.041466 0.000000 0.999140
vn -0.041466 0.000000 0.999140
vn -0.041472 0.000000 0.999140
vn -0.041472 0.000000 0.999140
vn -0.041472 0.000000 0.999140
vn -0.041472 0.000000 0.999140
vn -0.041472 0.000000 0.999140
vn -0.041472 0.000000 0.999140
vn -0.041472 0.000000 0.999140
vn -0.041472 0.000000 0.999140
vn 0.999138 0.000000 0.041524
vn 0.999138 0.000000 0.041524
vn 0.999138 0.000000 0.041524
vn 0.999138 0.000000 0.041524
vn 0.999130 0.000000 0.041710
vn 0.999130 0.000000 0.041710
vn 0.999130 0.000000 0.041710
vn 0.999130 0.000000 0.041710
vn 0.999130 0.000000 0.041710
vn 0.999130 0.000000 0.041710
vn 0.999130 0.000000 0.041710
vn 0.999130 0.000000 0.041710
vn 0.041470 -0.000000 -0.999140
vn 0.041470 -0.000000 -0.999140
vn 0.041470 -0.000000 -0.999140
vn 0.041470 -0.000000 -0.999140
vn 0.041469 -0.000000 -0.999140
vn 0.041469 -0.000000 -0.999140
vn 0.041469 -0.000000 -0.999140
vn 0.041469 -0.000000 -0.999140
vn 0.041469 0.000000 -0.999140
vn 0.041469 0.000000 -0.999140
vn 0.041469 0.000000 -0.999140
vn 0.041469 0.000000 -0.999140
vn -0.999138 0.000003 -0.041524
vn -0.999138 0.000003 -0.041524
vn -0.999138 0.000003 -0.041524
vn -0.999138 0.000003 -0.041524
vn -0.999130 -0.000002 -0.041710
vn -0.999130 -0.000002 -0.041710
vn -0.999130 -0.000002 -0.041710
vn -0.999130 -0.000002 -0.041710
vn -0.999130 0.000003 -0.041710
vn -0.999130 0.000003 -0.041710
vn -0.999130 0.000003 -0.041710
vn -0.999130 0.000003 -0.041710
vn 0.000000 -1.000000 -0.000013
vn 0.000000 -1.000000 -0.000013
vn 0.000000 -1.000000 -0.000013
vn 0.000000 -1.000000 -0.000013
vn 0.000000 -1.000000 0.000009
vn 0.000000 -1.000000 0.000009
vn 0.000000 -1.000000 0.000009
vn 0.000000 -1.000000 0.000009
vn 0.000000 -1.000000 0.000000
vn 0.000000 -1.000000 0.000000
vn 0.000000 -1.000000 0.000000
vn 0.000000 -1.000000 0.000000
vn 0.000009 1.000000 0.000000
vn 0.000009 1.000000 0.000000
vn 0.000009 1.000000 0.000000
vn 0.000009 1.000000 0.000000
vn -0.000008 1.000000 -0.000017
vn -0.000008 1.000000 -0.000017
vn -0.000008 1.000000 -0.000017
vn -0.000008 1.000000 -0.000017
vn -0.000009 1.000000 0.000000
vn -0.000009 1.000000 0.000000
vn -0.000009 1.000000 0.000000
vn -0.000009 1.000000 0.000000
vn -0.040548 0.000004 0.999178
vn -0.040548 0.000004 0.999178
vn -0.040548 0.000004 0.999178
vn -0.040548 0.000004 0.999178
vn 0.000000 1.000000 0.000000
vn 0.000000 1.000000 0.000000
vn 0.000000 1.000000 0.000000
vn 0.000000 1.000000 0.000000
vn 0.040548 -0.000001 -0.999178
vn 0.040548 -0.000001 -0.999178
vn 0.040548 -0.000001 -0.999178
vn 0.040548 -0.000001 -0.999178
vn 0.000000 -1.000000 0.000000
vn 0.000000 -1.000000 0.000000
vn 0.000000 -1.000000 0.000000
vn 0.000000 -1.000000 0.000000
vn 0.999178 0.000000 0.040547
vn 0.999178 0.000000 0.040547
vn 0.999178 0.000000 0.040547
vn 0.999178 0.000000 0.040547
vn -0.999178 0.000000 -0.040547
vn -0.999178 0.000000 -0.040547
vn -0.999178 0.000000 -0.040547
vn -0.999178 0.000000 -0.040547
vn -0.040548 0.000004 0.999178
vn -0.040548 0.000004 0.999178
vn -0.040548 0.000004 0.999178
vn -0.040548 0.000004 0.999178
vn -0.040548 -0.000004 0.999178
vn -0.040548 -0.000004 0.999178
vn -0.040548 -0.000004 0.999178
vn -0.040548 -0.000004 0.999178
vn -0.040548 -0.000004 0.999178
vn -0.040548 -0.000004 0.999178
vn -0.040548 -0.000004 0.999178
vn -0.040548 -0.000004 0.999178
vn -0.000000 1.000000 -0.000000
vn -0.000000 1.000000 -0.000000
vn -0.000000 1.000000 -0.000000
vn -0.000000 1.000000 -0.000000
vn -0.000000 1.000000 0.000000
vn -0.000000 1.000000 0.000000
vn -0.000000 1.000000 0.000000
vn -0.000000 1.000000 0.000000
vn 0.000000 1.000000 -0.000000
vn 0.000000 1.000000 -0.000000
vn 0.000000 1.000000 -0.000000
vn 0.000000 1.000000 -0.000000
vn 0.040548 -0.000002 -0.999178
vn 0.040548 -0.000002 -0.999178
vn 0.040548 -0.000002 -0.999178
vn 0.040548 -0.000002 -0.999178
vn 0.040548 0.000002 -0.999178
vn 0.040548 0.000002 -0.999178
vn 0.040548 0.000002 -0.999178
vn 0.040548 0.000002 -0.999178
vn 0.040548 0.000001 -0.999178
vn 0.040548 0.000001 -0.999178
vn 0.040548 0.000001 -0.999178
vn 0.040548 0.000001 -0.999178
vn 0.000000 -1.000000 0.000000
vn 0.000000 -1.000000 0.000000
vn 0.000000 -1.000000 0.000000
vn 0.000000 -1.000000 0.000000
vn 0.000000 -1.000000 0.000000
vn 0.000000 -1.000000 0.000000
vn 0.000000 -1.000000 0.000000
vn 0.000000 -1.000000 0.000000
vn 0.000000 -1.000000 -0.000000
vn 0.000000 -1.000000 -0.000000
vn 0.000000 -1.000000 -0.000000
vn 0.000000 -1.000000 -0.000000
vn 0.999178 0.000000 0.040547
vn 0.999178 0.000000 0.040547
vn 0.999178 0.000000 0.040547
vn 0.999178 0.000000 0.040547
vn 0.999178 0.000000 0.040547
vn 0.999178 0.000000 0.040547
vn 0.999178 0.000000 0.040547
vn 0.999178 0.000000 0.040547
vn 0.999178 0.000000 0.040547
vn 0.999178 0.000000 0.040547
vn 0.999178 0.000000 0.040547
vn 0.999178 0.000000 0.040547
vn -0.999178 0.000000 -0.040550
vn -0.999178 0.000000 -0.040550
vn -0.999178 0.000000 -0.040550
vn -0.999178 0.000000 -0.040550
vn -0.999178 0.000000 -0.040550
vn -0.999178 0.000000 -0.040550
vn -0.999178 0.000000 -0.040550
vn -0.999178 0.000000 -0.040550
vn -0.999178 0.000000 -0.040547
vn -0.999178 0.000000 -0.040547
vn -0.999178 0.000000 -0.040547
vn -0.999178 0.000000 -0.040547
vn 1.000000 0.000000 0.000000
vn 1.000000 0.000000 0.000000
vn 1.000000 0.000000 0.000000
vn 1.000000 0.000000 0.000000
vn 0.000000 -1.000000 0.000000
vn 0.000000 -1.000000 0.000000
vn 0.000000 -1.000000 0.000000
vn 0.000000 -1.000000 0.000000
vn -1.000000 0.000000 0.000000
vn -1.000000 0.000000 0.000000
vn -1.000000 0.000000 0.000000
vn -1.000000 0.000000 0.000000
vn 0.000000 1.000000 0.000000
vn 0.000000 1.000000 0.000000
vn 0.000000 1.000000 0.000000
vn 0.000000 1.000000 0.000000
vn 0.000000 0.000000 1.000000
vn 0.000000 0.000000 1.000000
vn 0.000000 0.000000 1.000000
vn 0.000000 0.000000 1.000000
vn 0.000000 0.000000 -1.000000
vn 0.000000 0.000000 -1.000000
vn 0.000000 0.000000 -1.000000
vn 0.000000 0.000000 -1.000000
vn 0.000000 0.000000 1.000000
vn 0.000000 0.000000 1.000000
vn 0.000000 0.000000 1.000000
vn 0.000000 0.000000 1.000000
vn -0.000000 0.000000 1.000000
vn -0.000000 0.000000 1.000000
vn -0.000000 0.000000 1.000000
vn -0.000000 0.000000 1.000000
vn 0.000000 0.000000 1.000000
vn 0.000000 0.000000 1.000000
vn 0.000000 0.000000 1.000000
vn 0.000000 0.000000 1.000000
vn 0.000000 0.000000 1.000000
vn 0.000000 0.000000 1.000000
vn 0.000000 0.000000 1.000000
vn 0.000000 0.000000 1.000000
vn 0.000000 0.000000 -1.000000
vn 0.000000 0.000000 -1.000000
vn 0.000000 0.000000 -1.000000
vn 0.000000 0.000000 -1.000000
vn -0.000001 0.000000 -1.000000
vn -0.000001 0.000000 -1.000000
vn -0.000001 0.000000 -1.000000
vn -0.000001 0.000000 -1.000000
vn 0.000000 0.000000 -1.000000
vn 0.000000 0.000000 -1.000000
vn 0.000000 0.000000 -1.000000
vn 0.000000 0.000000 -1.000000
vn 0.000001 0.000000 -1.000000
vn 0.000001 0.000000 -1.000000
vn 0.000001 0.000000 -1.000000
vn 0.000001 0.000000 -1.000000
vn 0.000000 -1.000000 0.000000
vn 0.000000 -1.000000 0.000000
vn 0.000000 -1.000000 0.000000
vn 0.000000 -1.000000 0.000000
vn 1.000000 0.000000 0.000000
vn 1.000000 0.000000 0.000000
vn 1.000000 0.000000 0.000000
vn 1.000000 0.000000 0.000000
vn 0.000000 1.000000 0.000000
vn 0.000000 1.000000 0.000000
vn 0.000000 1.000000 0.000000
vn 0.000000 1.000000 0.000000
vn -1.000000 0.000000 0.000000
vn -1.000000 0.000000 0.000000
vn -1.000000 0.000000 0.000000
vn -1.000000 0.000000 0.000000
vn 0.000000 -1.000000 0.000000
vn 0.000000 -1.000000 0.000000
vn 0.000000 -1.000000 0.000000
vn 0.000000 -1.000000 0.000000
vn -1.000000 0.000000 0.000000
vn -1.000000 0.000000 0.000000
vn -1.000000 0.000000 0.000000
vn -1.000000 0.000000 0.000000
vn 0.000000 1.000000 0.000000
vn 0.000000 1.000000 0.000000
vn 0.000000 1.000000 0.000000
vn 0.000000 1.000000 0.000000
vn 1.000000 0.000000 0.000000
vn 1.000000 0.000000 0.000000
vn 1.000000 0.000000 0.000000
vn 1.000000 0.000000 0.000000
vn -0.000000 0.866035 0.499983
vn -0.000000 0.500034 0.866006
vn -0.000000 0.500034 0.866006
vn -0.000000 0.866035 0.499983
vn 0.000000 0.000000 1.000000
vn 0.000000 0.000000 1.000000
vn -0.000000 -0.500034 0.866006
vn -0.000000 -0.500034 0.866006
vn -0.000000 -0.866036 0.499983
vn -0.000000 -0.866035 0.499983
vn -0.000000 -1.000000 -0.000000
vn -0.000000 -1.000000 0.000000
vn 0.000000 -0.866029 -0.499994
vn 0.000000 -0.866029 -0.499994
vn 0.000000 -0.500015 -0.866017
vn 0.000000 -0.500015 -0.866017
vn 0.000000 0.000000 -1.000000
vn 0.000000 0.000000 -1.000000
vn 0.000000 0.500015 -0.866017
vn 0.000000 0.500015 -0.866017
vn 0.000000 0.866029 -0.499994
vn 0.000000 0.866029 -0.499994
vn -0.000000 1.000000 -0.000000
vn -0.000000 1.000000 0.000000
vn -1.000000 0.000042 0.000000
vn -1.000000 0.000000 0.000000
vn -1.000000 0.000004 0.000000
vn -1.000000 0.000000 0.000000
vn -1.000000 -0.000021 0.000000
vn -1.000000 0.000021 0.000000
vn -1.000000 0.000000 0.000000
vn -1.000000 0.000000 0.000000
vn -1.000000 0.000000 0.000000
vn -1.000000 0.000000 0.000000
vn -1.000000 0.000000 0.000000
vn -1.000000 0.000000 0.000000
vn -1.000000 0.000000 0.000000
vn 1.000000 0.000021 0.000000
vn 1.000000 0.000021 0.000000
vn 1.000000 0.000000 0.000000
vn 1.000000 0.000000 0.000000
vn 1.000000 0.000000 0.000000
vn 1.000000 0.000000 0.000000
vn 1.000000 0.000000 0.000000
vn 1.000000 -0.000021 0.000000
vn 1.000000 -0.000021 0.000000
vn 1.000000 0.000000 0.000000
vn 1.000000 0.000000 0.000000
vn 1.000000 0.000000 0.000000
vn 1.000000 0.000000 0.000000
vn -0.000000 0.866035 0.499983
vn -0.000000 0.500034 0.866006
vn -0.000000 0.500034 0.866006
vn -0.000000 0.866035 0.499983
vn 0.000000 0.000000 1.000000
vn 0.000000 0.000000 1.000000
vn -0.000000 -0.500043 0.866001
vn -0.000000 -0.500043 0.866001
vn -0.000000 -0.866044 0.499968
vn -0.000000 -0.866044 0.499968
vn -0.000000 -1.000000 -0.000000
vn -0.000000 -1.000000 0.000000
vn 0.000000 -0.866038 -0.499979
vn 0.000000 -0.866038 -0.499978
vn 0.000000 -0.500023 -0.866012
vn 0.000000 -0.500023 -0.866012
vn 0.000000 0.000000 -1.000000
vn 0.000000 0.000000 -1.000000
vn 0.000000 0.500015 -0.866017
vn 0.000000 0.500015 -0.866017
vn 0.000000 0.866029 -0.499994
vn 0.000000 0.866029 -0.499994
vn 0.000000 1.000000 -0.000000
vn 0.000000 1.000000 0.000000
vn -1.000000 0.000042 0.000000
vn -1.000000 0.000000 0.000000
vn -1.000000 0.000004 0.000000
vn -1.000000 0.000000 0.000000
vn -1.000000 -0.000021 0.000000
vn -1.000000 0.000021 0.000000
vn -1.000000 0.000000 0.000000
vn -1.000000 0.000000 0.000000
vn -1.000000 0.000000 0.000000
vn -1.000000 0.000000 0.000000
vn -1.000000 0.000000 0.000000
vn -1.000000 0.000000 0.000000
vn -1.000000 0.000000 0.000000
vn 1.000000 0.000021 0.000000
vn 1.000000 0.000021 0.000000
vn 1.000000 0.000000 0.000000
vn 1.000000 0.000000 0.000000
vn 1.000000 0.000000 0.000000
vn 1.000000 0.000000 0.000000
vn 1.000000 0.000000 0.000000
vn 1.000000 -0.000021 0.000000
vn 1.000000 -0.000021 0.000000
vn 1.000000 0.000000 0.000000
vn 1.000000 0.000000 0.000000
vn 1.000000 0.000000 0.000000
vn 1.000000 0.000000 0.000000
vn -0.040546 -0.000004 0.999178
vn -0.040546 -0.000004 0.999178
vn -0.040546 -0.000004 0.999178
vn -0.040546 -0.000004 0.999178
vn -0.337919 0.941075 -0.013714
vn -0.337919 0.941075 -0.013714
vn -0.337919 0.941075 -0.013714
vn -0.337919 0.941075 -0.013714
vn 0.040549 -0.000000 -0.999178
vn 0.040549 -0.000000 -0.999178
vn 0.040549 -0.000000 -0.999178
vn 0.040549 -0.000000 -0.999178
vn 0.342764 -0.939319 0.013909
vn 0.342764 -0.939318 0.013909
vn 0.342764 -0.939319 0.013909
vn 0.342764 -0.939319 0.013909
vn 0.938548 0.343041 0.038086
vn 0.938548 0.343041 0.038086
vn 0.938548 0.343041 0.038086
vn 0.938548 0.343041 0.038086
vn -0.719875 0.693488 -0.029214
vn -0.719875 0.693488 -0.029214
vn -0.719875 0.693488 -0.029214
vn -0.719875 0.693488 -0.029214
vn -0.022505 -0.051218 0.998434
vn -0.022505 -0.051218 0.998434
vn -0.022505 -0.051218 0.998434
vn -0.022505 -0.051218 0.998434
vn -0.997464 -0.058535 -0.040477
vn -0.997464 -0.058535 -0.040477
vn -0.997464 -0.058535 -0.040477
vn -0.997464 -0.058535 -0.040477
vn 0.021679 0.051644 -0.998430
vn 0.021679 0.051644 -0.998430
vn 0.021679 0.051644 -0.998430
vn 0.021679 0.051644 -0.998430
vn 0.938556 0.343019 0.038088
vn 0.938556 0.343019 0.038088
vn 0.938556 0.343019 0.038088
vn 0.938556 0.343019 0.038088
vn 0.339681 -0.938184 0.066546
vn 0.339681 -0.938184 0.066546
vn 0.339680 -0.938184 0.066546
vn 0.339681 -0.938184 0.066546
vn -0.338201 0.940846 -0.020729
vn -0.338071 0.940825 -0.023582
vn -0.338074 0.940825 -0.023532
vn -0.338201 0.940846 -0.020729
vn -0.165614 -0.986168 -0.006721
vn -0.165614 -0.986168 -0.006721
vn -0.165614 -0.986168 -0.006721
vn -0.165614 -0.986168 -0.006721
vn -0.339491 0.940508 -0.013777
vn -0.339491 0.940508 -0.013777
vn -0.339491 0.940508 -0.013777
vn -0.339491 0.940508 -0.013777
vn -0.338147 0.941002 -0.013105
vn -0.338147 0.941002 -0.013105
vn -0.338147 0.941002 -0.013105
vn -0.338147 0.941002 -0.013105
vn 0.342675 -0.939172 -0.023005
vn 0.342475 -0.939388 -0.016192
vn 0.342473 -0.939389 -0.016129
vn 0.342675 -0.939172 -0.023005
vn 0.325861 -0.945325 0.013224
vn 0.325861 -0.945325 0.013224
vn 0.325861 -0.945325 0.013224
vn 0.325861 -0.945325 0.013224
vn -0.364000 0.931282 -0.014772
vn -0.364000 0.931282 -0.014772
vn -0.364000 0.931282 -0.014772
vn -0.364000 0.931282 -0.014772
vn -0.040550 0.000005 0.999178
vn -0.040549 0.000004 0.999178
vn -0.040549 0.000004 0.999178
vn -0.040550 0.000005 0.999178
vn 0.341547 -0.939819 0.009287
vn 0.341299 -0.939822 0.015811
vn 0.341259 -0.939819 0.016835
vn 0.341547 -0.939819 0.009287
vn -0.036593 -0.010496 0.999275
vn -0.034954 -0.015011 0.999276
vn -0.034204 -0.017076 0.999269
vn -0.036593 -0.010496 0.999275
vn -0.336915 0.940665 -0.040473
vn -0.336915 0.940665 -0.040473
vn -0.336915 0.940665 -0.040473
vn -0.336915 0.940665 -0.040473
vn -0.337919 0.941075 -0.013713
vn -0.337919 0.941075 -0.013713
vn -0.337919 0.941075 -0.013713
vn -0.337919 0.941075 -0.013713
vn -0.339310 0.940634 0.008757
vn -0.339207 0.940693 0.005951
vn -0.339203 0.940695 0.005857
vn -0.339310 0.940634 0.008757
vn 0.036663 0.012303 -0.999252
vn 0.034261 0.018895 -0.999234
vn 0.035069 0.016677 -0.999246
vn 0.036663 0.012303 -0.999252
vn 0.341718 -0.939423 0.026704
vn 0.341718 -0.939423 0.026704
vn 0.341718 -0.939423 0.026704
vn 0.341718 -0.939423 0.026704
vn 0.040549 0.000001 -0.999178
vn 0.040547 0.000002 -0.999178
vn 0.040548 0.000002 -0.999178
vn 0.040549 0.000001 -0.999178
vn 0.342765 -0.939318 0.013910
vn 0.342764 -0.939318 0.013909
vn 0.342764 -0.939318 0.013909
vn 0.342765 -0.939318 0.013910
vn -0.337670 0.940709 -0.032336
vn -0.337593 0.940674 -0.034113
vn -0.337605 0.940680 -0.033827
vn -0.337670 0.940709 -0.032336
vn -0.029480 -0.030120 0.999112
vn -0.027762 -0.034872 0.999006
vn -0.027206 -0.036408 0.998967
vn -0.029480 -0.030120 0.999111
vn 0.340437 -0.939609 0.035187
vn 0.340061 -0.939433 0.042703
vn 0.340025 -0.939414 0.043402
vn 0.340437 -0.939609 0.035187
vn -0.040548 -0.000000 0.999178
vn -0.040547 -0.000001 0.999178
vn -0.040547 -0.000001 0.999178
vn -0.040548 -0.000000 0.999178
vn 0.342765 -0.939318 0.013909
vn 0.342766 -0.939318 0.013909
vn 0.342766 -0.939318 0.013909
vn 0.342765 -0.939318 0.013909
vn 0.040547 0.000003 -0.999178
vn 0.040547 0.000003 -0.999178
vn 0.040547 0.000003 -0.999178
vn 0.040547 0.000003 -0.999178
vn 0.341761 -0.939776 0.004523
vn 0.341550 -0.939815 0.009592
vn 0.341572 -0.939812 0.009071
vn 0.341761 -0.939776 0.004523
vn 0.029400 0.032262 -0.999047
vn 0.027344 0.037920 -0.998907
vn 0.027842 0.036549 -0.998944
vn 0.029400 0.032262 -0.999047
vn -0.338931 0.940809 -0.001867
vn -0.338835 0.940834 -0.004643
vn -0.338844 0.940832 -0.004385
vn -0.338931 0.940809 -0.001867
vn -0.337914 0.941059 -0.014914
vn -0.337914 0.941059 -0.014914
vn -0.337914 0.941059 -0.014914
vn -0.337914 0.941059 -0.014914
vn -0.999985 0.002743 -0.004680
vn -0.999985 0.002743 -0.004680
vn -0.999985 0.002743 -0.004680
vn -0.999985 0.002743 -0.004680
vn -0.281061 0.710070 0.645605
vn -0.281061 0.710070 0.645605
vn -0.281061 0.710070 0.645605
vn -0.281061 0.710070 0.645605
vn 0.999985 0.002737 0.004681
vn 0.999985 0.002737 0.004681
vn 0.999985 0.002737 0.004681
vn 0.999985 0.002737 0.004681
vn -0.232791 0.719571 -0.654237
vn -0.232791 0.719571 -0.654237
vn -0.232791 0.719571 -0.654237
vn -0.232791 0.719571 -0.654237
vn -0.040547 -0.000001 0.999178
vn -0.040548 -0.000000 0.999178
vn -0.040548 -0.000000 0.999178
vn -0.040547 -0.000001 0.999178
vn -0.040547 -0.000002 0.999178
vn -0.040547 -0.000002 0.999178
vn -0.040549 0.000002 0.999178
vn -0.040549 0.000002 0.999178
vn -0.040549 0.000002 0.999178
vn -0.040549 0.000002 0.999178
vn -0.337919 0.941075 -0.013714
vn -0.337919 0.941075 -0.013714
vn -0.337919 0.941075 -0.013714
vn -0.337919 0.941075 -0.013714
vn -0.337919 0.941075 -0.013714
vn -0.337919 0.941075 -0.013714
vn -0.337919 0.941075 -0.013714
vn -0.337919 0.941075 -0.013714
vn -0.337918 0.941076 -0.013713
vn -0.337918 0.941076 -0.013713
vn -0.337918 0.941076 -0.013713
vn -0.337918 0.941076 -0.013713
vn 0.040547 -0.000001 -0.999178
vn 0.040547 0.000002 -0.999178
vn 0.040547 0.000001 -0.999178
vn 0.040547 -0.000001 -0.999178
vn 0.040547 0.000003 -0.999178
vn 0.040547 0.000003 -0.999178
vn 0.040547 0.000001 -0.999178
vn 0.040547 0.000001 -0.999178
vn 0.040547 0.000001 -0.999178
vn 0.040547 0.000001 -0.999178
vn 0.342768 -0.939317 0.013910
vn 0.342766 -0.939318 0.013910
vn 0.342766 -0.939318 0.013910
vn 0.342768 -0.939317 0.013910
vn 0.342766 -0.939318 0.013910
vn 0.342766 -0.939318 0.013910
vn 0.342765 -0.939318 0.013910
vn 0.342765 -0.939318 0.013910
vn 0.342765 -0.939318 0.013910
vn 0.342765 -0.939318 0.013910
vn 0.938557 0.343017 0.038090
vn 0.938556 0.343017 0.038090
vn 0.938556 0.343017 0.038090
vn 0.938556 0.343017 0.038090
vn 0.938561 0.343006 0.038091
vn 0.938561 0.343006 0.038091
vn 0.938561 0.343006 0.038091
vn 0.938561 0.343006 0.038091
vn 0.938561 0.343006 0.038088
vn 0.938561 0.343006 0.038088
vn 0.938561 0.343006 0.038088
vn 0.938561 0.343006 0.038088
vn -0.719869 0.693495 -0.029212
vn -0.719869 0.693495 -0.029212
vn -0.719869 0.693495 -0.029212
vn -0.719869 0.693495 -0.029212
vn -0.719864 0.693500 -0.029211
vn -0.719864 0.693500 -0.029211
vn -0.719864 0.693500 -0.029211
vn -0.719864 0.693500 -0.029211
vn -0.719865 0.693499 -0.029213
vn -0.719865 0.693499 -0.029213
vn -0.719865 0.693499 -0.029213
vn -0.719865 0.693499 -0.029213
vn -0.026316 -0.040749 0.998823
vn -0.027877 -0.036454 0.998946
vn -0.028439 -0.034906 0.998986
vn -0.026316 -0.040749 0.998823
vn -0.025653 -0.040700 0.998842
vn -0.025653 -0.040700 0.998842
vn -0.021859 -0.051156 0.998451
vn -0.021859 -0.051156 0.998451
vn -0.021859 -0.051156 0.998451
vn -0.021859 -0.051156 0.998451
vn -0.997465 -0.058522 -0.040478
vn -0.997465 -0.058522 -0.040478
vn -0.997465 -0.058522 -0.040478
vn -0.997465 -0.058522 -0.040478
vn -0.997473 -0.058394 -0.040478
vn -0.997473 -0.058394 -0.040478
vn -0.997473 -0.058394 -0.040478
vn -0.997473 -0.058394 -0.040478
vn -0.997473 -0.058396 -0.040478
vn -0.997473 -0.058396 -0.040478
vn -0.997473 -0.058396 -0.040478
vn -0.997473 -0.058396 -0.040478
vn 0.025100 0.042220 -0.998793
vn 0.027166 0.036516 -0.998964
vn 0.026674 0.037876 -0.998926
vn 0.025100 0.042220 -0.998793
vn 0.025762 0.042270 -0.998774
vn 0.025762 0.042270 -0.998774
vn 0.022329 0.051701 -0.998413
vn 0.022329 0.051701 -0.998413
vn 0.022329 0.051701 -0.998413
vn 0.022329 0.051701 -0.998413
vn 0.938560 0.343009 0.038088
vn 0.938560 0.343009 0.038088
vn 0.938560 0.343009 0.038088
vn 0.938560 0.343009 0.038088
vn 0.938556 0.343019 0.038088
vn 0.938556 0.343019 0.038088
vn 0.938556 0.343019 0.038088
vn 0.938556 0.343019 0.038088
vn 0.938534 0.343080 0.038088
vn 0.938534 0.343080 0.038088
vn 0.938534 0.343080 0.038088
vn 0.938534 0.343080 0.038088
vn 0.340578 -0.938857 0.050529
vn 0.340951 -0.939078 0.043416
vn 0.340987 -0.939097 0.042715
vn 0.340578 -0.938857 0.050529
vn 0.339655 -0.939197 0.050438
vn 0.339655 -0.939197 0.050438
vn 0.338748 -0.938525 0.066486
vn 0.338748 -0.938525 0.066486
vn 0.338748 -0.938525 0.066486
vn 0.338748 -0.938525 0.066486
vn -0.337704 0.940960 -0.023452
vn -0.337707 0.940961 -0.023399
vn -0.337845 0.940980 -0.020451
vn -0.337845 0.940980 -0.020451
vn -0.338088 0.941001 -0.014585
vn -0.338088 0.941001 -0.014585
vn -0.338088 0.941001 -0.014585
vn -0.338088 0.941001 -0.014585
vn -0.338451 0.940866 -0.014896
vn -0.338451 0.940866 -0.014896
vn -0.338451 0.940866 -0.014896
vn -0.338451 0.940866 -0.014896
vn -0.165588 -0.986172 -0.006723
vn -0.165588 -0.986172 -0.006723
vn -0.165588 -0.986172 -0.006723
vn -0.165588 -0.986172 -0.006723
vn -0.165434 -0.986198 -0.006709
vn -0.165434 -0.986198 -0.006709
vn -0.165434 -0.986198 -0.006709
vn -0.165434 -0.986198 -0.006709
vn -0.165433 -0.986198 -0.006710
vn -0.165433 -0.986198 -0.006710
vn -0.165433 -0.986198 -0.006710
vn -0.165433 -0.986198 -0.006710
vn -0.339492 0.940508 -0.013778
vn -0.339492 0.940508 -0.013778
vn -0.339492 0.940508 -0.013778
vn -0.339492 0.940508 -0.013778
vn -0.339476 0.940514 -0.013777
vn -0.339476 0.940514 -0.013777
vn -0.339476 0.940514 -0.013777
vn -0.339476 0.940514 -0.013777
vn -0.339489 0.940509 -0.013776
vn -0.339489 0.940509 -0.013776
vn -0.339489 0.940509 -0.013776
vn -0.339489 0.940509 -0.013776
vn -0.338364 0.940984 -0.007687
vn -0.338474 0.940965 -0.004509
vn -0.338465 0.940967 -0.004783
vn -0.338364 0.940984 -0.007687
vn -0.338738 0.940852 -0.007380
vn -0.338738 0.940852 -0.007380
vn -0.338532 0.940868 -0.012784
vn -0.338532 0.940868 -0.012784
vn -0.338532 0.940868 -0.012784
vn -0.338532 0.940868 -0.012784
vn 0.343378 -0.939057 -0.016216
vn 0.343377 -0.939059 -0.016155
vn 0.343580 -0.938839 -0.023088
vn 0.343580 -0.938839 -0.023088
vn 0.343926 -0.938293 -0.036343
vn 0.343926 -0.938293 -0.036343
vn 0.343926 -0.938293 -0.036343
vn 0.343926 -0.938293 -0.036343
vn 0.343031 -0.938623 -0.036282
vn 0.343031 -0.938623 -0.036282
vn 0.343031 -0.938623 -0.036282
vn 0.343031 -0.938623 -0.036282
vn 0.325858 -0.945326 0.013225
vn 0.325858 -0.945326 0.013225
vn 0.325858 -0.945326 0.013225
vn 0.325858 -0.945326 0.013225
vn 0.325860 -0.945326 0.013225
vn 0.325860 -0.945326 0.013225
vn 0.325860 -0.945326 0.013225
vn 0.325860 -0.945326 0.013225
vn 0.325845 -0.945331 0.013223
vn 0.325845 -0.945331 0.013223
vn 0.325845 -0.945331 0.013223
vn 0.325845 -0.945331 0.013223
vn -0.364013 0.931277 -0.014772
vn -0.364013 0.931277 -0.014772
vn -0.364013 0.931277 -0.014772
vn -0.364013 0.931277 -0.014772
vn -0.364056 0.931260 -0.014774
vn -0.364056 0.931260 -0.014774
vn -0.364056 0.931260 -0.014774
vn -0.364056 0.931260 -0.014774
vn -0.364051 0.931262 -0.014774
vn -0.364051 0.931262 -0.014774
vn -0.364051 0.931262 -0.014774
vn -0.364051 0.931262 -0.014774
vn -0.040547 -0.000001 0.999178
vn -0.040548 -0.000000 0.999178
vn -0.040547 -0.000001 0.999178
vn -0.040547 -0.000001 0.999178
vn -0.040548 0.000001 0.999178
vn -0.040548 0.000001 0.999178
vn -0.040548 0.000001 0.999178
vn -0.040548 0.000001 0.999178
vn -0.040548 0.000003 0.999178
vn -0.040548 0.000003 0.999178
vn -0.040548 0.000003 0.999178
vn -0.040548 0.000003 0.999178
vn 0.342219 -0.939491 0.015573
vn 0.342179 -0.939488 0.016629
vn 0.342465 -0.939489 0.008800
vn 0.342465 -0.939489 0.008800
vn 0.342789 -0.939412 0.000316
vn 0.342789 -0.939412 0.000316
vn 0.342789 -0.939412 0.000316
vn 0.342789 -0.939412 0.000316
vn 0.341854 -0.939753 0.000851
vn 0.341854 -0.939753 0.000851
vn 0.341854 -0.939753 0.000851
vn 0.341854 -0.939753 0.000851
vn -0.035653 -0.015062 0.999251
vn -0.034903 -0.017119 0.999244
vn -0.037284 -0.010587 0.999249
vn -0.037284 -0.010587 0.999249
vn -0.039793 -0.003661 0.999201
vn -0.039793 -0.003661 0.999201
vn -0.039793 -0.003661 0.999201
vn -0.039793 -0.003661 0.999201
vn -0.039098 -0.003561 0.999229
vn -0.039098 -0.003561 0.999229
vn -0.039098 -0.003561 0.999229
vn -0.039098 -0.003561 0.999229
vn -0.337089 0.940740 -0.037137
vn -0.337226 0.940811 -0.033966
vn -0.337213 0.940805 -0.034266
vn -0.337089 0.940740 -0.037137
vn -0.337473 0.940614 -0.036842
vn -0.337473 0.940614 -0.036842
vn -0.337312 0.940534 -0.040212
vn -0.337312 0.940534 -0.040212
vn -0.337312 0.940534 -0.040212
vn -0.337312 0.940534 -0.040212
vn -0.337920 0.941075 -0.013714
vn -0.337920 0.941075 -0.013714
vn -0.337920 0.941075 -0.013714
vn -0.337920 0.941075 -0.013714
vn -0.337917 0.941076 -0.013713
vn -0.337917 0.941076 -0.013713
vn -0.337917 0.941076 -0.013713
vn -0.337917 0.941076 -0.013713
vn -0.337918 0.941076 -0.013714
vn -0.337918 0.941076 -0.013714
vn -0.337918 0.941076 -0.013714
vn -0.337918 0.941076 -0.013714
vn -0.338848 0.940822 0.006047
vn -0.338844 0.940824 0.005952
vn -0.338958 0.940759 0.008945
vn -0.338958 0.940759 0.008945
vn -0.339074 0.940673 0.012796
vn -0.339074 0.940673 0.012796
vn -0.339074 0.940673 0.012796
vn -0.339074 0.940673 0.012796
vn -0.339431 0.940548 0.012537
vn -0.339431 0.940548 0.012537
vn -0.339431 0.940548 0.012537
vn -0.339431 0.940548 0.012537
vn 0.033562 0.018844 -0.999259
vn 0.034372 0.016615 -0.999271
vn 0.035974 0.012199 -0.999278
vn 0.035974 0.012199 -0.999278
vn 0.038889 0.004134 -0.999235
vn 0.038889 0.004134 -0.999235
vn 0.038889 0.004134 -0.999235
vn 0.038889 0.004134 -0.999235
vn 0.039580 0.004251 -0.999207
vn 0.039580 0.004251 -0.999207
vn 0.039580 0.004251 -0.999207
vn 0.039580 0.004251 -0.999207
vn 0.342138 -0.939500 0.016790
vn 0.342471 -0.939483 0.009296
vn 0.342447 -0.939486 0.009841
vn 0.342138 -0.939500 0.016790
vn 0.341259 -0.939829 0.016251
vn 0.341259 -0.939829 0.016251
vn 0.340826 -0.939766 0.026030
vn 0.340826 -0.939766 0.026030
vn 0.340826 -0.939766 0.026030
vn 0.340826 -0.939766 0.026030
vn 0.040547 0.000003 -0.999178
vn 0.040547 0.000003 -0.999178
vn 0.040548 0.000002 -0.999178
vn 0.040548 0.000002 -0.999178
vn 0.040548 0.000001 -0.999178
vn 0.040548 0.000001 -0.999178
vn 0.040548 0.000001 -0.999178
vn 0.040548 0.000001 -0.999178
vn 0.040547 0.000000 -0.999178
vn 0.040547 0.000000 -0.999178
vn 0.040547 0.000000 -0.999178
vn 0.040547 0.000000 -0.999178
vn 0.342764 -0.939319 0.013911
vn 0.342764 -0.939319 0.013911
vn 0.342766 -0.939318 0.013910
vn 0.342766 -0.939318 0.013910
vn 0.342767 -0.939318 0.013911
vn 0.342767 -0.939318 0.013911
vn 0.342767 -0.939318 0.013911
vn 0.342767 -0.939318 0.013911
vn 0.342767 -0.939318 0.013910
vn 0.342767 -0.939318 0.013910
vn 0.342767 -0.939318 0.013910
vn 0.342767 -0.939317 0.013910
vn -0.337292 0.940842 -0.032404
vn -0.337292 0.940842 -0.032404
vn -0.337559 0.940932 -0.026485
vn -0.337559 0.940932 -0.026485
vn -0.337938 0.940796 -0.026471
vn -0.337938 0.940796 -0.026471
vn -0.030167 -0.030149 0.999090
vn -0.030167 -0.030149 0.999090
vn -0.034048 -0.019461 0.999231
vn -0.034048 -0.019461 0.999231
vn -0.033346 -0.019437 0.999255
vn -0.033346 -0.019438 0.999255
vn 0.341364 -0.939275 0.035117
vn 0.341364 -0.939275 0.035117
vn 0.342029 -0.939466 0.020509
vn 0.342029 -0.939466 0.020509
vn 0.341109 -0.939798 0.020582
vn 0.341109 -0.939798 0.020582
vn -0.040549 0.000001 0.999178
vn -0.040549 0.000001 0.999178
vn -0.040548 -0.000000 0.999178
vn -0.040548 -0.000000 0.999178
vn -0.040549 0.000003 0.999178
vn -0.040549 0.000003 0.999178
vn 0.342764 -0.939318 0.013910
vn 0.342764 -0.939318 0.013910
vn 0.342763 -0.939319 0.013911
vn 0.342763 -0.939319 0.013911
vn 0.342764 -0.939319 0.013909
vn 0.342764 -0.939319 0.013909
vn 0.040548 0.000004 -0.999178
vn 0.040548 0.000004 -0.999178
vn 0.040547 0.000004 -0.999178
vn 0.040547 0.000004 -0.999178
vn 0.040546 0.000003 -0.999178
vn 0.040546 0.000003 -0.999178
vn 0.342671 -0.939444 0.004563
vn 0.342671 -0.939444 0.004563
vn 0.343163 -0.939229 -0.009421
vn 0.343163 -0.939229 -0.009421
vn 0.342261 -0.939557 -0.009454
vn 0.342261 -0.939557 -0.009454
vn 0.028716 0.032234 -0.999068
vn 0.028716 0.032234 -0.999068
vn 0.032548 0.021637 -0.999236
vn 0.032548 0.021637 -0.999236
vn 0.033251 0.021663 -0.999212
vn 0.033251 0.021663 -0.999212
vn -0.338563 0.940942 -0.001846
vn -0.338563 0.940942 -0.001846
vn -0.338769 0.940861 0.004031
vn -0.338769 0.940861 0.004031
vn -0.339133 0.940730 0.003993
vn -0.339133 0.940730 0.003993
vn -0.337911 0.941060 -0.014914
vn -0.337911 0.941060 -0.014914
vn -0.337911 0.941060 -0.014914
vn -0.337911 0.941060 -0.014914
vn -0.337912 0.941059 -0.014914
vn -0.337912 0.941059 -0.014914
vn -0.337912 0.941059 -0.014914
vn -0.337913 0.941059 -0.014914
vn -0.337911 0.941060 -0.014914
vn -0.337911 0.941060 -0.014914
vn -0.337911 0.941060 -0.014914
vn -0.337911 0.941060 -0.014914
vn -0.999986 -0.002526 -0.004612
vn -0.999986 -0.002526 -0.004612
vn -0.999986 -0.002526 -0.004612
vn -0.999986 -0.002526 -0.004612
vn -0.999985 -0.002543 -0.004809
vn -0.999985 -0.002543 -0.004809
vn -0.999985 -0.002543 -0.004809
vn -0.999985 -0.002543 -0.004809
vn -0.999984 0.002715 -0.004880
vn -0.999984 0.002715 -0.004880
vn -0.999984 0.002715 -0.004880
vn -0.999984 0.002715 -0.004880
vn -0.282468 0.714603 0.639964
vn -0.282468 0.714603 0.639964
vn -0.282468 0.714603 0.639964
vn -0.282468 0.714603 0.639964
vn -0.281506 0.714819 0.640147
vn -0.281506 0.714819 0.640147
vn -0.281506 0.714819 0.640147
vn -0.281506 0.714819 0.640147
vn -0.280094 0.710294 0.645778
vn -0.280094 0.710294 0.645778
vn -0.280094 0.710294 0.645778
vn -0.280094 0.710294 0.645778
vn 0.999985 -0.002599 0.004752
vn 0.999985 -0.002599 0.004752
vn 0.999985 -0.002599 0.004752
vn 0.999985 -0.002599 0.004752
vn 0.999984 -0.002636 0.004956
vn 0.999984 -0.002636 0.004956
vn 0.999984 -0.002636 0.004956
vn 0.999984 -0.002636 0.004956
vn 0.999984 0.002702 0.004882
vn 0.999984 0.002702 0.004882
vn 0.999985 0.002702 0.004882
vn 0.999984 0.002702 0.004882
vn -0.234666 0.724149 -0.648491
vn -0.234666 0.724149 -0.648491
vn -0.234666 0.724149 -0.648491
vn -0.234666 0.724149 -0.648491
vn -0.235661 0.723956 -0.648345
vn -0.235661 0.723956 -0.648345
vn -0.235662 0.723956 -0.648345
vn -0.235661 0.723956 -0.648345
vn -0.233800 0.719389 -0.654077
vn -0.233800 0.719389 -0.654077
vn -0.233800 0.719389 -0.654077
vn -0.233800 0.719389 -0.654077
vn -0.035745 0.000000 0.999361
vn -0.035745 0.000000 0.999361
vn -0.035745 0.000000 0.999361
vn -0.035745 0.000000 0.999361
vn -0.684213 0.728871 -0.024476
vn -0.684213 0.728871 -0.024476
vn -0.684213 0.728871 -0.024476
vn -0.684213 0.728871 -0.024476
vn 0.035744 -0.000000 -0.999361
vn 0.035744 -0.000000 -0.999361
vn 0.035744 -0.000000 -0.999361
vn 0.035744 -0.000000 -0.999361
vn 0.223584 -0.974652 0.007998
vn 0.223584 -0.974652 0.007998
vn 0.223584 -0.974652 0.007998
vn 0.223584 -0.974652 0.007998
vn 0.999361 0.000000 0.035741
vn 0.999361 0.000000 0.035741
vn 0.999361 0.000000 0.035741
vn 0.999361 0.000000 0.035741
vn -0.999361 -0.000007 -0.035745
vn -0.999361 -0.000007 -0.035745
vn -0.999361 -0.000007 -0.035745
vn -0.999361 -0.000007 -0.035745
vn -0.035745 -0.000000 0.999361
vn -0.035745 -0.000000 0.999361
vn -0.035745 -0.000000 0.999361
vn -0.035745 -0.000000 0.999361
vn 0.684214 0.728871 0.024471
vn 0.684214 0.728871 0.024471
vn 0.684214 0.728871 0.024471
vn 0.684214 0.728871 0.024471
vn 0.549675 0.000005 0.835379
vn 0.549675 0.000005 0.835379
vn 0.549675 0.000005 0.835379
vn 0.549675 0.000005 0.835379
vn -0.025276 0.707074 0.706688
vn -0.025276 0.707074 0.706688
vn -0.025276 0.707074 0.706688
vn -0.025276 0.707074 0.706687
vn -0.607985 0.000005 0.793949
vn -0.607985 0.000005 0.793949
vn -0.607985 0.000005 0.793949
vn -0.607985 0.000005 0.793949
vn -0.025275 -0.707092 0.706669
vn -0.025275 -0.707092 0.706669
vn -0.025275 -0.707092 0.706669
vn -0.025275 -0.707092 0.706669
vn -0.035742 0.000001 0.999361
vn -0.035743 0.000002 0.999361
vn -0.035745 0.000003 0.999361
vn -0.035745 0.000003 0.999361
vn -0.035744 0.000002 0.999361
vn -0.035746 0.000001 0.999361
vn -0.035748 0.000001 0.999361
vn -0.035748 0.000001 0.999361
vn -0.035745 0.000001 0.999361
vn -0.035745 0.000001 0.999361
vn -0.035745 0.000001 0.999361
vn -0.035745 0.000001 0.999361
vn -0.035742 -0.000000 0.999361
vn -0.035741 -0.000001 0.999361
vn -0.035741 -0.000001 0.999361
vn -0.035742 -0.000000 0.999361
vn 0.000000 1.000000 0.000021
vn 0.000000 1.000000 -0.000014
vn 0.000000 1.000000 0.000010
vn 0.000000 1.000000 0.000021
vn -0.999358 0.000000 -0.035840
vn -0.999358 0.000000 -0.035840
vn -0.999358 0.000000 -0.035840
vn -0.999358 0.000000 -0.035840
vn 0.999360 -0.000012 0.035761
vn 0.999360 -0.000012 0.035761
vn 0.999360 -0.000012 0.035761
vn 0.999360 -0.000012 0.035761
vn -0.035742 0.000001 0.999361
vn -0.035742 0.000001 0.999361
vn -0.035742 0.000001 0.999361
vn -0.035742 0.000001 0.999361
vn 0.000000 -1.000000 -0.000027
vn -0.000000 -1.000000 0.000015
vn 0.000000 -1.000000 -0.000014
vn 0.000000 -1.000000 -0.000027
vn 0.999361 0.000002 0.035733
vn 0.999361 0.000002 0.035733
vn 0.999361 0.000002 0.035733
vn 0.999361 0.000002 0.035733
vn 0.000000 1.000000 0.000000
vn 0.000000 1.000000 0.000000
vn 0.000000 1.000000 0.000000
vn 0.000000 1.000000 0.000000
vn -0.999361 0.000000 -0.035732
vn -0.999361 0.000000 -0.035732
vn -0.999361 0.000000 -0.035732
vn -0.999361 0.000000 -0.035732
vn -0.000000 -1.000000 0.000000
vn -0.000000 -1.000000 -0.000004
vn -0.000000 -1.000000 -0.000019
vn -0.000000 -1.000000 0.000000
vn 0.000000 -1.000000 0.000000
vn 0.000000 -1.000000 0.000000
vn 0.000000 -1.000000 0.000000
vn 0.000000 -1.000000 0.000000
vn 0.000000 1.000000 0.000000
vn 0.000000 1.000000 0.000000
vn 0.000000 1.000000 0.000000
vn 0.000000 1.000000 0.000000
vn 0.000000 1.000000 -0.000042
vn 0.000000 1.000000 -0.000042
vn 0.000000 1.000000 -0.000042
vn 0.000000 1.000000 -0.000042
vn -0.999361 0.000000 -0.035741
vn -0.999361 0.000000 -0.035741
vn -0.999361 0.000000 -0.035741
vn -0.999361 0.000000 -0.035741
vn 0.035744 0.000000 -0.999361
vn 0.035744 0.000000 -0.999361
vn 0.035744 -0.000000 -0.999361
vn 0.035744 -0.000000 -0.999361
vn 0.999361 0.000000 0.035741
vn 0.999361 0.000000 0.035741
vn 0.999361 0.000000 0.035741
vn 0.999361 0.000000 0.035741
vn -0.035746 -0.000001 0.999361
vn -0.035746 0.000000 0.999361
vn -0.035746 0.000000 0.999361
vn -0.035746 -0.000001 0.999361
vn -0.608028 -0.000006 0.793916
vn -0.608024 -0.000010 0.793919
vn -0.608024 -0.000010 0.793919
vn -0.608028 -0.000006 0.793916
vn -0.999363 0.000000 -0.035682
vn -0.999363 0.000000 -0.035682
vn -0.999363 0.000000 -0.035682
vn -0.999363 0.000000 -0.035682
vn -0.035742 -0.000001 0.999361
vn -0.035742 -0.000001 0.999361
vn -0.035742 -0.000001 0.999361
vn -0.035742 -0.000001 0.999361
vn 0.999361 0.000006 0.035733
vn 0.999361 0.000006 0.035733
vn 0.999361 0.000006 0.035733
vn 0.999361 0.000006 0.035733
vn -0.035746 0.000000 0.999361
vn -0.035746 -0.000000 0.999361
vn -0.035746 -0.000000 0.999361
vn -0.035746 0.000000 0.999361
vn -0.999357 0.000016 -0.035847
vn -0.999357 0.000016 -0.035847
vn -0.999357 0.000016 -0.035847
vn -0.999357 0.000016 -0.035847
vn -0.035746 -0.000000 0.999361
vn -0.035746 -0.000000 0.999361
vn -0.035746 -0.000000 0.999361
vn -0.035746 -0.000000 0.999361
vn 0.999358 0.000002 0.035840
vn 0.999358 0.000002 0.035840
vn 0.999358 0.000002 0.035840
vn 0.999358 0.000002 0.035840
vn 0.549666 0.000003 0.835385
vn 0.549665 0.000002 0.835385
vn 0.549665 0.000002 0.835385
vn 0.549666 0.000003 0.835384
vn -0.035744 0.000002 0.999361
vn -0.035745 0.000002 0.999361
vn -0.035746 -0.000000 0.999361
vn -0.035746 -0.000000 0.999361
vn -0.999361 0.000000 -0.035741
vn -0.999361 0.000006 -0.035745
vn -0.999361 0.000006 -0.035745
vn -0.999361 0.000000 -0.035741
vn 0.035744 -0.000001 -0.999361
vn 0.035744 -0.000000 -0.999361
vn 0.035744 -0.000008 -0.999361
vn 0.035744 -0.000008 -0.999361
vn 0.999361 0.000000 0.035740
vn 0.999361 0.000000 0.035741
vn 0.999361 0.000000 0.035741
vn 0.999361 0.000000 0.035740
vn -0.035746 -0.000008 0.999361
vn -0.035740 -0.000001 0.999361
vn -0.035740 -0.000001 0.999361
vn -0.035746 -0.000008 0.999361
vn -0.607987 0.000036 0.793947
vn -0.607991 -0.000001 0.793944
vn -0.607991 -0.000001 0.793944
vn -0.607987 0.000036 0.793947
vn -0.035744 0.000005 0.999361
vn -0.035743 -0.000001 0.999361
vn -0.035743 -0.000001 0.999361
vn -0.035744 0.000005 0.999361
vn 0.549660 0.000000 0.835389
vn 0.549674 -0.000003 0.835380
vn 0.549674 -0.000003 0.835380
vn 0.549660 0.000000 0.835389
vn -0.035736 0.000008 0.999361
vn -0.035741 0.000001 0.999361
vn -0.035741 0.000001 0.999361
vn -0.035736 0.000008 0.999361
vn 0.000000 1.000000 0.000000
vn 0.000000 1.000000 0.000000
vn 0.000000 1.000000 0.000000
vn 0.000000 1.000000 0.000000
vn 0.000002 -1.000000 0.000000
vn 0.000002 -1.000000 0.000000
vn 0.000002 -1.000000 0.000000
vn 0.000002 -1.000000 0.000000
vn 0.048708 0.000005 0.998813
vn 0.048708 0.000005 0.998813
vn 0.048708 0.000005 0.998813
vn 0.048708 0.000005 0.998813
vn -0.119938 -0.000004 0.992781
vn -0.119938 -0.000004 0.992781
vn -0.119938 -0.000004 0.992781
vn -0.119938 -0.000004 0.992781
vn 0.000000 1.000000 -0.000036
vn 0.000000 1.000000 -0.000036
vn 0.000000 1.000000 -0.000036
vn 0.000000 1.000000 -0.000036
vn -0.000002 -1.000000 0.000015
vn -0.000002 -1.000000 0.000015
vn -0.000002 -1.000000 0.000015
vn -0.000002 -1.000000 0.000015
vn -0.035744 0.000000 0.999361
vn -0.035744 0.000000 0.999361
vn -0.035744 0.000000 0.999361
vn -0.035744 0.000000 0.999361
vn -0.035745 -0.000000 0.999361
vn -0.035745 -0.000000 0.999361
vn -0.035745 -0.000000 0.999361
vn -0.035745 -0.000000 0.999361
vn -0.035744 -0.000000 0.999361
vn -0.035744 -0.000000 0.999361
vn -0.035744 -0.000000 0.999361
vn -0.035744 -0.000000 0.999361
vn -0.684218 0.728867 -0.024473
vn -0.684218 0.728867 -0.024473
vn -0.684218 0.728867 -0.024473
vn -0.684218 0.728867 -0.024473
vn -0.684222 0.728863 -0.024470
vn -0.684222 0.728863 -0.024470
vn -0.684222 0.728863 -0.024470
vn -0.684222 0.728863 -0.024470
vn -0.684213 0.728871 -0.024470
vn -0.684213 0.728871 -0.024470
vn -0.684213 0.728871 -0.024470
vn -0.684213 0.728871 -0.024470
vn 0.035744 -0.000000 -0.999361
vn 0.035744 -0.000000 -0.999361
vn 0.035744 -0.000000 -0.999361
vn 0.035744 -0.000000 -0.999361
vn 0.035744 0.000000 -0.999361
vn 0.035744 0.000000 -0.999361
vn 0.035743 -0.000000 -0.999361
vn 0.035743 -0.000001 -0.999361
vn 0.035743 0.000000 -0.999361
vn 0.035743 0.000000 -0.999361
vn 0.223585 -0.974652 0.007996
vn 0.223585 -0.974652 0.007996
vn 0.223585 -0.974652 0.007996
vn 0.223585 -0.974652 0.007996
vn 0.223582 -0.974652 0.007996
vn 0.223582 -0.974652 0.007996
vn 0.223582 -0.974652 0.007996
vn 0.223582 -0.974652 0.007996
vn 0.223582 -0.974652 0.007997
vn 0.223582 -0.974652 0.007997
vn 0.223582 -0.974652 0.007997
vn 0.223582 -0.974652 0.007997
vn 0.999361 0.000000 0.035741
vn 0.999361 0.000000 0.035741
vn 0.999361 0.000000 0.035741
vn 0.999361 0.000000 0.035741
vn 0.999361 0.000000 0.035741
vn 0.999361 0.000000 0.035741
vn 0.999361 0.000000 0.035741
vn 0.999361 0.000000 0.035741
vn 0.999361 0.000000 0.035741
vn 0.999361 0.000000 0.035741
vn -0.999361 -0.000007 -0.035745
vn -0.999361 -0.000007 -0.035745
vn -0.999361 -0.000007 -0.035745
vn -0.999361 -0.000007 -0.035745
vn -0.999361 0.000007 -0.035745
vn -0.999361 0.000006 -0.035746
vn -0.999361 0.000006 -0.035746
vn -0.999361 0.000007 -0.035745
vn -0.999361 0.000007 -0.035745
vn -0.999361 0.000007 -0.035745
vn -0.035743 -0.000000 0.999361
vn -0.035743 -0.000000 0.999361
vn -0.035743 -0.000000 0.999361
vn -0.035743 -0.000000 0.999361
vn -0.035743 0.000000 0.999361
vn -0.035743 0.000000 0.999361
vn -0.035743 0.000000 0.999361
vn -0.035743 0.000000 0.999361
vn -0.035745 0.000000 0.999361
vn -0.035745 0.000000 0.999361
vn -0.035745 0.000000 0.999361
vn -0.035745 0.000000 0.999361
vn 0.684214 0.728871 0.024468
vn 0.684214 0.728871 0.024468
vn 0.684214 0.728871 0.024468
vn 0.684214 0.728871 0.024468
vn 0.684214 0.728871 0.024468
vn 0.684214 0.728871 0.024468
vn 0.684214 0.728871 0.024468
vn 0.684214 0.728871 0.024468
vn 0.684214 0.728871 0.024471
vn 0.684214 0.728871 0.024471
vn 0.684214 0.728870 0.024471
vn 0.684214 0.728870 0.024471
vn 0.549651 0.000004 0.835395
vn 0.549651 0.000004 0.835395
vn 0.549651 0.000004 0.835394
vn 0.549651 0.000004 0.835395
vn 0.549655 -0.000003 0.835392
vn 0.549656 -0.000002 0.835391
vn 0.549656 -0.000002 0.835391
vn 0.549655 -0.000003 0.835392
vn 0.549676 -0.000004 0.835378
vn 0.549676 -0.000004 0.835378
vn -0.025273 0.707085 0.706677
vn -0.025273 0.707085 0.706677
vn -0.025273 0.707085 0.706677
vn -0.025273 0.707085 0.706677
vn -0.025273 0.707082 0.706680
vn -0.025273 0.707082 0.706680
vn -0.025273 0.707082 0.706680
vn -0.025273 0.707082 0.706680
vn -0.025277 0.707094 0.706668
vn -0.025277 0.707094 0.706668
vn -0.025277 0.707094 0.706668
vn -0.025277 0.707094 0.706668
vn -0.025277 0.707090 0.706672
vn -0.025277 0.707090 0.706672
vn -0.025277 0.707090 0.706672
vn -0.025277 0.707090 0.706672
vn -0.607999 0.000007 0.793938
vn -0.607999 0.000007 0.793938
vn -0.607999 0.000007 0.793938
vn -0.607999 0.000007 0.793938
vn -0.608001 -0.000008 0.793936
vn -0.608000 -0.000001 0.793937
vn -0.608000 -0.000001 0.793937
vn -0.608001 -0.000008 0.793936
vn -0.607991 -0.000006 0.793944
vn -0.607991 -0.000006 0.793944
vn -0.025276 -0.707082 0.706680
vn -0.025276 -0.707082 0.706680
vn -0.025276 -0.707082 0.706680
vn -0.025276 -0.707082 0.706680
vn -0.025276 -0.707100 0.706662
vn -0.025276 -0.707100 0.706662
vn -0.025276 -0.707100 0.706662
vn -0.025276 -0.707100 0.706662
vn -0.025274 -0.707097 0.706665
vn -0.025274 -0.707097 0.706665
vn -0.025274 -0.707097 0.706665
vn -0.025274 -0.707097 0.706665
vn -0.025274 -0.707077 0.706685
vn -0.025274 -0.707077 0.706685
vn -0.025274 -0.707077 0.706685
vn -0.025274 -0.707077 0.706685
vn -0.035744 0.000002 0.999361
vn -0.035743 0.000002 0.999361
vn -0.035744 0.000002 0.999361
vn -0.035744 0.000002 0.999361
vn -0.035744 0.000001 0.999361
vn -0.035745 0.000001 0.999361
vn -0.035745 0.000001 0.999361
vn -0.035745 0.000001 0.999361
vn -0.035743 0.000002 0.999361
vn -0.035743 0.000002 0.999361
vn -0.035748 -0.000001 0.999361
vn -0.035747 -0.000002 0.999361
vn -0.035747 -0.000002 0.999361
vn -0.035748 -0.000001 0.999361
vn -0.035739 -0.000001 0.999361
vn -0.035739 -0.000001 0.999361
vn -0.035739 0.000001 0.999361
vn -0.035739 0.000001 0.999361
vn -0.035744 0.000002 0.999361
vn -0.035744 0.000002 0.999361
vn -0.035742 -0.000001 0.999361
vn -0.035743 -0.000001 0.999361
vn -0.035743 -0.000001 0.999361
vn -0.035743 -0.000001 0.999361
vn -0.035745 0.000000 0.999361
vn -0.035745 0.000000 0.999361
vn -0.035745 0.000000 0.999361
vn -0.035745 0.000000 0.999361
vn -0.035744 0.000001 0.999361
vn -0.035744 0.000001 0.999361
vn -0.035744 0.000001 0.999361
vn -0.035744 0.000001 0.999361
vn -0.035745 -0.000001 0.999361
vn -0.035745 -0.000001 0.999361
vn -0.035745 -0.000000 0.999361
vn -0.035745 -0.000000 0.999361
vn -0.035744 0.000000 0.999361
vn -0.035744 0.000000 0.999361
vn -0.035742 0.000000 0.999361
vn -0.035742 0.000000 0.999361
vn 0.000000 1.000000 0.000005
vn 0.000000 1.000000 0.000018
vn 0.000000 1.000000 0.000022
vn 0.000000 1.000000 0.000022
vn 0.000000 1.000000 0.000000
vn 0.000000 1.000000 0.000000
vn 0.000000 1.000000 0.000000
vn 0.000000 1.000000 0.000000
vn -0.999358 0.000000 -0.035840
vn -0.999358 0.000000 -0.035840
vn -0.999358 0.000000 -0.035840
vn -0.999358 0.000000 -0.035840
vn -0.999363 0.000000 -0.035682
vn -0.999363 0.000000 -0.035682
vn -0.999363 0.000000 -0.035682
vn -0.999363 0.000000 -0.035682
vn -0.999363 0.000000 -0.035682
vn -0.999363 0.000000 -0.035682
vn -0.999363 0.000000 -0.035682
vn -0.999363 0.000000 -0.035682
vn 0.999360 -0.000013 0.035761
vn 0.999360 -0.000013 0.035761
vn 0.999360 -0.000013 0.035761
vn 0.999360 -0.000013 0.035761
vn 0.999360 0.000012 0.035761
vn 0.999360 0.000012 0.035761
vn 0.999360 0.000012 0.035761
vn 0.999360 0.000012 0.035761
vn 0.999360 0.000011 0.035761
vn 0.999360 0.000011 0.035761
vn 0.999360 0.000011 0.035761
vn 0.999360 0.000011 0.035761
vn -0.035741 0.000001 0.999361
vn -0.035741 0.000001 0.999361
vn -0.035741 0.000001 0.999361
vn -0.035741 0.000001 0.999361
vn -0.035741 -0.000001 0.999361
vn -0.035741 -0.000001 0.999361
vn -0.035741 -0.000001 0.999361
vn -0.035741 -0.000001 0.999361
vn -0.035742 -0.000001 0.999361
vn -0.035742 -0.000001 0.999361
vn 0.000000 -1.000000 0.000000
vn 0.000000 -1.000000 0.000000
vn 0.000000 -1.000000 0.000000
vn 0.000000 -1.000000 0.000000
vn 0.000000 -1.000000 0.000000
vn 0.000000 -1.000000 0.000000
vn 0.000000 -1.000000 0.000000
vn 0.000000 -1.000000 0.000000
vn 0.999361 0.000000 0.035733
vn 0.999361 0.000000 0.035733
vn 0.999361 0.000000 0.035733
vn 0.999361 0.000000 0.035733
vn 0.999361 -0.000003 0.035733
vn 0.999361 -0.000003 0.035733
vn 0.999361 -0.000003 0.035733
vn 0.999361 -0.000003 0.035733
vn 0.999361 0.000006 0.035733
vn 0.999361 0.000006 0.035733
vn 0.999361 0.000006 0.035733
vn 0.999361 0.000006 0.035733
vn 0.000000 1.000000 -0.000006
vn 0.000000 1.000000 -0.000006
vn 0.000000 1.000000 -0.000006
vn 0.000000 1.000000 -0.000006
vn 0.000000 1.000000 0.000027
vn 0.000000 1.000000 0.000027
vn 0.000000 1.000000 0.000027
vn 0.000000 1.000000 0.000027
vn 0.000000 1.000000 -0.000018
vn 0.000000 1.000000 -0.000018
vn 0.000000 1.000000 -0.000018
vn 0.000000 1.000000 -0.000018
vn -0.999361 0.000000 -0.035733
vn -0.999361 0.000000 -0.035733
vn -0.999361 0.000000 -0.035733
vn -0.999361 0.000000 -0.035733
vn -0.999361 0.000000 -0.035733
vn -0.999361 0.000000 -0.035733
vn -0.999361 0.000000 -0.035733
vn -0.999361 0.000000 -0.035733
vn -0.999361 0.000000 -0.035733
vn -0.999361 0.000000 -0.035733
vn -0.999361 0.000000 -0.035733
vn -0.999361 0.000000 -0.035733
vn -0.000003 -1.000000 0.000027
vn -0.000004 -1.000000 0.000032
vn -0.000004 -1.000000 0.000032
vn 0.000004 -1.000000 0.000004
vn 0.000004 -1.000000 0.000004
vn 0.000004 -1.000000 0.000004
vn 0.000004 -1.000000 0.000004
vn 0.000000 -1.000000 -0.000010
vn 0.000000 -1.000000 -0.000010
vn 0.000000 -1.000000 -0.000010
vn 0.000000 -1.000000 -0.000010
vn 0.000000 -1.000000 0.000000
vn 0.000000 -1.000000 0.000000
vn 0.000000 -1.000000 0.000016
vn 0.000000 -1.000000 -0.000024
vn 0.000000 -1.000000 -0.000024
vn 0.000000 1.000000 0.000010
vn 0.000000 1.000000 0.000021
vn 0.000000 1.000000 0.000021
vn 0.000000 1.000000 -0.000012
vn 0.000000 1.000000 -0.000012
vn 0.000000 1.000000 -0.000012
vn 0.000000 1.000000 -0.000012
vn 0.000000 1.000000 0.000000
vn 0.000000 1.000000 0.000000
vn 0.000000 1.000000 -0.000016
vn 0.000000 1.000000 0.000000
vn 0.000000 1.000000 0.000000
vn 0.000000 1.000000 0.000080
vn 0.000000 1.000000 0.000080
vn 0.000000 1.000000 0.000080
vn 0.000000 1.000000 0.000080
vn -0.999361 0.000000 -0.035750
vn -0.999361 0.000000 -0.035750
vn -0.999361 0.000000 -0.035750
vn -0.999361 0.000000 -0.035750
vn -0.999361 0.000000 -0.035750
vn -0.999361 0.000000 -0.035750
vn -0.999361 0.000000 -0.035750
vn -0.999361 0.000000 -0.035750
vn -0.999361 0.000000 -0.035740
vn -0.999361 0.000000 -0.035740
vn -0.999361 0.000000 -0.035740
vn -0.999361 0.000000 -0.035740
vn 0.035744 -0.000000 -0.999361
vn 0.035744 -0.000000 -0.999361
vn 0.035744 -0.000000 -0.999361
vn 0.035744 -0.000000 -0.999361
vn 0.035743 -0.000000 -0.999361
vn 0.035743 -0.000000 -0.999361
vn 0.035743 -0.000000 -0.999361
vn 0.035743 -0.000000 -0.999361
vn 0.035744 -0.000000 -0.999361
vn 0.035744 -0.000000 -0.999361
vn 0.035744 -0.000000 -0.999361
vn 0.035744 -0.000000 -0.999361
vn 0.035744 -0.000000 -0.999361
vn 0.035744 0.000000 -0.999361
vn 0.035744 0.000000 -0.999361
vn 0.035744 -0.000000 -0.999361
vn 0.999361 0.000000 0.035741
vn 0.999361 0.000000 0.035741
vn 0.999361 0.000000 0.035741
vn 0.999361 0.000000 0.035741
vn 0.999361 0.000000 0.035740
vn 0.999361 0.000000 0.035740
vn 0.999361 0.000000 0.035740
vn 0.999361 0.000000 0.035740
vn 0.999361 0.000000 0.035740
vn 0.999361 0.000000 0.035740
vn 0.999361 0.000000 0.035740
vn 0.999361 0.000000 0.035740
vn -0.035741 0.000000 0.999361
vn -0.035741 0.000000 0.999361
vn -0.035741 -0.000001 0.999361
vn -0.035741 -0.000001 0.999361
vn -0.035742 0.000001 0.999361
vn -0.035742 0.000001 0.999361
vn -0.035745 0.000001 0.999361
vn -0.035745 0.000001 0.999361
vn -0.607966 -0.000011 0.793963
vn -0.607966 -0.000011 0.793963
vn -0.607960 -0.000004 0.793968
vn -0.607960 -0.000004 0.793968
vn -0.607962 0.000006 0.793966
vn -0.607962 0.000006 0.793966
vn -0.607962 0.000006 0.793966
vn -0.607962 0.000006 0.793966
vn -0.608029 0.000004 0.793915
vn -0.608029 0.000004 0.793915
vn -0.608029 0.000004 0.793915
vn -0.608029 0.000004 0.793915
vn -0.999358 0.000000 -0.035840
vn -0.999358 0.000000 -0.035840
vn -0.999358 0.000000 -0.035840
vn -0.999358 0.000000 -0.035840
vn -0.999358 0.000000 -0.035840
vn -0.999358 0.000000 -0.035840
vn -0.999358 0.000000 -0.035840
vn -0.999358 0.000000 -0.035840
vn -0.999363 0.000000 -0.035682
vn -0.999363 0.000000 -0.035682
vn -0.999363 0.000000 -0.035682
vn -0.999363 0.000000 -0.035682
vn -0.035742 0.000001 0.999361
vn -0.035742 0.000001 0.999361
vn -0.035742 0.000001 0.999361
vn -0.035742 0.000001 0.999361
vn -0.035746 0.000001 0.999361
vn -0.035746 0.000001 0.999361
vn -0.035746 0.000001 0.999361
vn -0.035746 0.000001 0.999361
vn -0.035746 -0.000001 0.999361
vn -0.035746 -0.000001 0.999361
vn -0.035746 -0.000001 0.999361
vn -0.035746 -0.000001 0.999361
vn 0.999361 0.000003 0.035733
vn 0.999361 0.000003 0.035733
vn 0.999361 0.000003 0.035733
vn 0.999361 0.000003 0.035733
vn 0.999361 0.000000 0.035733
vn 0.999361 0.000000 0.035733
vn 0.999361 0.000000 0.035733
vn 0.999361 0.000000 0.035733
vn 0.999361 -0.000004 0.035733
vn 0.999361 -0.000004 0.035733
vn 0.999361 -0.000004 0.035733
vn 0.999361 -0.000004 0.035733
vn -0.035737 -0.000000 0.999361
vn -0.035737 -0.000000 0.999361
vn -0.035737 0.000000 0.999361
vn -0.035737 0.000000 0.999361
vn -0.035738 -0.000000 0.999361
vn -0.035738 -0.000000 0.999361
vn -0.035738 -0.000000 0.999361
vn -0.035738 -0.000000 0.999361
vn -0.035745 -0.000000 0.999361
vn -0.035745 -0.000000 0.999361
vn -0.035745 -0.000000 0.999361
vn -0.035745 -0.000000 0.999361
vn -0.999357 -0.000019 -0.035847
vn -0.999357 -0.000019 -0.035847
vn -0.999357 -0.000019 -0.035847
vn -0.999357 -0.000019 -0.035847
vn -0.999366 -0.000015 -0.035618
vn -0.999365 -0.000015 -0.035618
vn -0.999365 -0.000015 -0.035618
vn -0.999366 -0.000015 -0.035618
vn -0.999366 0.000013 -0.035618
vn -0.999366 0.000013 -0.035618
vn -0.999366 0.000013 -0.035618
vn -0.999366 0.000013 -0.035618
vn -0.035744 -0.000000 0.999361
vn -0.035744 -0.000000 0.999361
vn -0.035744 -0.000000 0.999361
vn -0.035744 -0.000000 0.999361
vn -0.035744 0.000000 0.999361
vn -0.035744 0.000000 0.999361
vn -0.035744 0.000000 0.999361
vn -0.035744 0.000000 0.999361
vn -0.035746 0.000000 0.999361
vn -0.035746 0.000000 0.999361
vn -0.035746 0.000000 0.999361
vn -0.035746 0.000000 0.999361
vn 0.999358 0.000000 0.035840
vn 0.999358 0.000000 0.035840
vn 0.999358 0.000000 0.035840
vn 0.999358 0.000000 0.035840
vn 0.999363 -0.000003 0.035682
vn 0.999363 -0.000003 0.035682
vn 0.999363 -0.000003 0.035682
vn 0.999363 -0.000003 0.035682
vn 0.999363 0.000004 0.035682
vn 0.999363 0.000004 0.035682
vn 0.999363 0.000004 0.035682
vn 0.999363 0.000004 0.035682
vn 0.549664 0.000001 0.835386
vn 0.549664 0.000001 0.835386
vn 0.549664 0.000001 0.835386
vn 0.549664 0.000001 0.835386
vn 0.549664 0.000000 0.835386
vn 0.549664 0.000000 0.835386
vn 0.549664 0.000000 0.835386
vn 0.549664 0.000000 0.835386
vn 0.549665 -0.000002 0.835386
vn 0.549665 -0.000002 0.835385
vn 0.549665 -0.000002 0.835385
vn 0.549665 -0.000002 0.835385
vn -0.035747 0.000000 0.999361
vn -0.035747 0.000001 0.999361
vn -0.035747 0.000001 0.999361
vn -0.035747 0.000000 0.999361
vn -0.035741 -0.000000 0.999361
vn -0.035741 -0.000000 0.999361
vn -0.035741 0.000000 0.999361
vn -0.035741 0.000000 0.999361
vn -0.999361 0.000000 -0.035750
vn -0.999361 0.000000 -0.035750
vn -0.999361 0.000000 -0.035750
vn -0.999361 0.000000 -0.035750
vn -0.999361 0.000000 -0.035740
vn -0.999361 0.000000 -0.035740
vn 0.035744 0.000008 -0.999361
vn 0.035744 0.000008 -0.999361
vn 0.035744 0.000007 -0.999361
vn 0.035744 0.000007 -0.999361
vn 0.035744 -0.000007 -0.999361
vn 0.035744 -0.000007 -0.999361
vn 0.999361 0.000000 0.035740
vn 0.999361 0.000000 0.035740
vn 0.999361 0.000000 0.035741
vn 0.999361 0.000000 0.035741
vn 0.999361 0.000000 0.035741
vn 0.999361 0.000000 0.035741
vn -0.035739 -0.000007 0.999361
vn -0.035739 -0.000007 0.999361
vn -0.035740 0.000008 0.999361
vn -0.035740 0.000008 0.999361
vn -0.035747 0.000008 0.999361
vn -0.035747 0.000008 0.999361
vn -0.607995 0.000049 0.793941
vn -0.607995 0.000049 0.793941
vn -0.608002 -0.000054 0.793935
vn -0.608002 -0.000054 0.793935
vn -0.608000 -0.000042 0.793937
vn -0.608000 -0.000042 0.793937
vn -0.035740 0.000005 0.999361
vn -0.035740 0.000005 0.999361
vn -0.035740 -0.000005 0.999361
vn -0.035740 -0.000005 0.999361
vn -0.035745 -0.000005 0.999361
vn -0.035745 -0.000005 0.999361
vn 0.549664 0.000000 0.835386
vn 0.549664 0.000000 0.835386
vn 0.549664 0.000000 0.835386
vn 0.549664 0.000000 0.835386
vn 0.549660 0.000000 0.835389
vn 0.549660 0.000000 0.835389
vn -0.035751 0.000007 0.999361
vn -0.035751 0.000007 0.999361
vn -0.035750 -0.000006 0.999361
vn -0.035750 -0.000006 0.999361
vn -0.035736 -0.000007 0.999361
vn -0.035736 -0.000007 0.999361
vn 0.000000 1.000000 -0.000001
vn 0.000000 1.000000 -0.000001
vn 0.000000 1.000000 -0.000001
vn 0.000000 1.000000 -0.000001
vn 0.000000 1.000000 -0.000031
vn 0.000000 1.000000 -0.000031
vn 0.000000 1.000000 -0.000031
vn 0.000000 1.000000 -0.000031
vn 0.000000 1.000000 -0.000011
vn 0.000000 1.000000 -0.000011
vn 0.000000 1.000000 -0.000011
vn 0.000000 1.000000 -0.000011
vn 0.000002 -1.000000 -0.000021
vn 0.000002 -1.000000 -0.000021
vn 0.000002 -1.000000 -0.000021
vn 0.000002 -1.000000 -0.000021
vn 0.000003 -1.000000 0.000000
vn 0.000003 -1.000000 0.000000
vn 0.000003 -1.000000 0.000000
vn 0.000003 -1.000000 0.000000
vn 0.000002 -1.000000 0.000038
vn 0.000002 -1.000000 0.000038
vn 0.000002 -1.000000 0.000038
vn 0.000002 -1.000000 0.000038
vn 0.048704 0.000004 0.998813
vn 0.048704 0.000004 0.998813
vn 0.048704 0.000004 0.998813
vn 0.048704 0.000004 0.998813
vn 0.048704 -0.000004 0.998813
vn 0.048704 -0.000004 0.998813
vn 0.048704 -0.000004 0.998813
vn 0.048704 -0.000004 0.998813
vn 0.048705 -0.000005 0.998813
vn 0.048705 -0.000005 0.998813
vn 0.048705 -0.000005 0.998813
vn 0.048705 -0.000005 0.998813
vn -0.119938 0.000004 0.992781
vn -0.119938 0.000004 0.992781
vn -0.119938 0.000004 0.992781
vn -0.119938 0.000004 0.992781
vn -0.119947 0.000004 0.992780
vn -0.119947 0.000004 0.992780
vn -0.119947 0.000004 0.992780
vn -0.119947 0.000004 0.992780
vn -0.119947 -0.000004 0.992780
vn -0.119947 -0.000004 0.992780
vn -0.119947 -0.000004 0.992780
vn -0.119947 -0.000004 0.992780
vn 0.000000 1.000000 -0.000012
vn 0.000000 1.000000 -0.000012
vn 0.000000 1.000000 -0.000012
vn 0.000000 1.000000 -0.000012
vn 0.000000 1.000000 0.000031
vn 0.000000 1.000000 0.000031
vn 0.000000 1.000000 0.000031
vn 0.000000 1.000000 0.000031
vn 0.000000 1.000000 0.000031
vn 0.000000 1.000000 0.000031
vn 0.000000 1.000000 0.000031
vn 0.000000 1.000000 0.000031
vn 0.000004 -1.000000 -0.000017
vn 0.000004 -1.000000 -0.000017
vn 0.000004 -1.000000 -0.000017
vn 0.000004 -1.000000 -0.000017
vn 0.000002 -1.000000 0.000000
vn 0.000002 -1.000000 0.000000
vn 0.000002 -1.000000 0.000000
vn 0.000002 -1.000000 0.000000
vn 0.000000 -1.000000 0.000008
vn 0.000000 -1.000000 0.000008
vn 0.000000 -1.000000 0.000008
vn 0.000000 -1.000000 0.000008
vn -0.035742 0.000002 0.999361
vn -0.035742 0.000002 0.999361
vn -0.035742 0.000002 0.999361
vn -0.035742 0.000002 0.999361
vn 0.035735 0.000007 -0.999361
vn 0.035735 0.000007 -0.999361
vn 0.035735 0.000007 -0.999361
vn 0.035735 0.000007 -0.999361
vn 0.747135 -0.664135 0.026720
vn 0.747135 -0.664135 0.026720
vn 0.747135 -0.664135 0.026720
vn 0.747135 -0.664135 0.026720
vn 0.999361 -0.000043 0.035743
vn 0.999361 -0.000043 0.035743
vn 0.999361 -0.000043 0.035743
vn 0.999361 -0.000043 0.035743
vn -0.999361 0.000057 -0.035736
vn -0.999361 0.000057 -0.035736
vn -0.999361 0.000057 -0.035736
vn -0.999361 0.000057 -0.035736
vn -0.035743 0.000005 0.999361
vn -0.035743 0.000005 0.999361
vn -0.035743 0.000005 0.999361
vn -0.035743 0.000005 0.999361
vn 0.575269 0.817706 0.020576
vn 0.575269 0.817706 0.020576
vn 0.575269 0.817706 0.020576
vn 0.575269 0.817706 0.020576
vn 0.035746 -0.000003 -0.999361
vn 0.035746 -0.000003 -0.999361
vn 0.035746 -0.000003 -0.999361
vn 0.035746 -0.000003 -0.999361
vn -0.735498 -0.677016 -0.026303
vn -0.735498 -0.677016 -0.026303
vn -0.735499 -0.677016 -0.026303
vn -0.735498 -0.677016 -0.026303
vn -0.680978 -0.731899 -0.024359
vn -0.694336 -0.719222 -0.024836
vn -0.694336 -0.719222 -0.024836
vn -0.680978 -0.731899 -0.024359
vn 0.035750 0.000006 -0.999361
vn 0.035750 0.000004 -0.999361
vn 0.035750 0.000006 -0.999361
vn 0.035750 0.000006 -0.999361
vn 0.661932 0.749190 0.023675
vn 0.653240 0.756791 0.023364
vn 0.653240 0.756791 0.023364
vn 0.661932 0.749190 0.023675
vn -0.035746 -0.000003 0.999361
vn -0.035746 -0.000003 0.999361
vn -0.035745 -0.000004 0.999361
vn -0.035746 -0.000003 0.999361
vn -0.035742 0.000005 0.999361
vn -0.035742 0.000005 0.999361
vn -0.035742 0.000005 0.999361
vn -0.035742 0.000005 0.999361
vn 0.035749 0.000001 -0.999361
vn 0.035749 0.000001 -0.999361
vn 0.035749 0.000001 -0.999361
vn 0.035749 0.000001 -0.999361
vn -0.747165 -0.664101 -0.026718
vn -0.747165 -0.664101 -0.026718
vn -0.747165 -0.664101 -0.026718
vn -0.747165 -0.664101 -0.026718
vn -0.999361 0.000059 -0.035751
vn -0.999361 0.000059 -0.035751
vn -0.999361 0.000059 -0.035751
vn -0.999361 0.000059 -0.035751
vn 0.999361 -0.000053 0.035736
vn 0.999361 -0.000053 0.035736
vn 0.999361 -0.000053 0.035736
vn 0.999361 -0.000053 0.035736
vn -0.035743 -0.000004 0.999361
vn -0.035743 -0.000004 0.999361
vn -0.035743 -0.000004 0.999361
vn -0.035743 -0.000004 0.999361
vn -0.575241 0.817725 -0.020576
vn -0.575241 0.817725 -0.020576
vn -0.575241 0.817725 -0.020576
vn -0.575241 0.817725 -0.020576
vn 0.035748 -0.000002 -0.999361
vn 0.035748 -0.000002 -0.999361
vn 0.035748 -0.000002 -0.999361
vn 0.035748 -0.000002 -0.999361
vn 0.735512 -0.677001 0.026301
vn 0.735512 -0.677001 0.026301
vn 0.735512 -0.677001 0.026301
vn 0.735512 -0.677001 0.026301
vn 0.694340 -0.719219 0.024832
vn 0.694340 -0.719219 0.024832
vn 0.680974 -0.731902 0.024355
vn 0.680974 -0.731902 0.024355
vn 0.035742 -0.000001 -0.999361
vn 0.035743 0.000000 -0.999361
vn 0.035742 -0.000001 -0.999361
vn 0.035742 -0.000001 -0.999361
vn -0.653249 0.756783 -0.023368
vn -0.653249 0.756783 -0.023368
vn -0.661935 0.749187 -0.023678
vn -0.661935 0.749187 -0.023678
vn -0.035742 -0.000000 0.999361
vn -0.035744 0.000002 0.999361
vn -0.035744 0.000003 0.999361
vn -0.035744 0.000003 0.999361
vn -0.035740 0.000002 0.999361
vn -0.035740 0.000002 0.999361
vn -0.035740 0.000002 0.999361
vn -0.035740 0.000002 0.999361
vn -0.035738 -0.000002 0.999361
vn -0.035738 -0.000002 0.999361
vn -0.035738 -0.000002 0.999361
vn -0.035738 -0.000002 0.999361
vn -0.035738 -0.000002 0.999361
vn -0.035738 -0.000002 0.999361
vn -0.035738 -0.000002 0.999361
vn -0.035738 -0.000002 0.999361
vn 0.035742 0.000007 -0.999361
vn 0.035742 0.000007 -0.999361
vn 0.035742 0.000007 -0.999361
vn 0.035742 0.000007 -0.999361
vn 0.035754 -0.000007 -0.999361
vn 0.035754 -0.000007 -0.999361
vn 0.035754 -0.000007 -0.999361
vn 0.035754 -0.000007 -0.999361
vn 0.035750 -0.000007 -0.999361
vn 0.035750 -0.000007 -0.999361
vn 0.035750 -0.000007 -0.999361
vn 0.035750 -0.000007 -0.999361
vn 0.747139 -0.664131 0.026721
vn 0.747139 -0.664131 0.026721
vn 0.747139 -0.664131 0.026721
vn 0.747139 -0.664131 0.026721
vn 0.747110 -0.664163 0.026723
vn 0.747110 -0.664164 0.026723
vn 0.747110 -0.664163 0.026723
vn 0.747110 -0.664164 0.026723
vn 0.747138 -0.664131 0.026725
vn 0.747138 -0.664131 0.026725
vn 0.747138 -0.664131 0.026725
vn 0.747138 -0.664131 0.026725
vn 0.999361 -0.000055 0.035736
vn 0.999361 -0.000055 0.035736
vn 0.999361 -0.000055 0.035736
vn 0.999361 -0.000055 0.035736
vn 0.999361 0.000057 0.035737
vn 0.999361 0.000057 0.035737
vn 0.999361 0.000057 0.035737
vn 0.999361 0.000057 0.035737
vn 0.999361 0.000044 0.035744
vn 0.999361 0.000044 0.035744
vn 0.999361 0.000044 0.035744
vn 0.999361 0.000044 0.035744
vn -0.999361 0.000058 -0.035752
vn -0.999361 0.000058 -0.035752
vn -0.999361 0.000058 -0.035752
vn -0.999361 0.000058 -0.035752
vn -0.999361 -0.000057 -0.035752
vn -0.999361 -0.000057 -0.035752
vn -0.999361 -0.000057 -0.035752
vn -0.999361 -0.000057 -0.035752
vn -0.999361 -0.000055 -0.035736
vn -0.999361 -0.000055 -0.035736
vn -0.999361 -0.000055 -0.035736
vn -0.999361 -0.000055 -0.035736
vn -0.035745 0.000001 0.999361
vn -0.035745 0.000001 0.999361
vn -0.035745 0.000001 0.999361
vn -0.035745 0.000001 0.999361
vn -0.035745 -0.000013 0.999361
vn -0.035745 -0.000006 0.999361
vn -0.035746 -0.000001 0.999361
vn -0.035745 -0.000013 0.999361
vn -0.035744 -0.000005 0.999361
vn -0.035744 -0.000005 0.999361
vn 0.575273 0.817703 0.020571
vn 0.575273 0.817703 0.020571
vn 0.575273 0.817703 0.020571
vn 0.575273 0.817703 0.020571
vn 0.575212 0.817746 0.020569
vn 0.653240 0.756791 0.023362
vn 0.653239 0.756791 0.023362
vn 0.575212 0.817746 0.020569
vn 0.575188 0.817763 0.020574
vn 0.575188 0.817763 0.020574
vn 0.035746 -0.000000 -0.999361
vn 0.035746 -0.000000 -0.999361
vn 0.035746 -0.000000 -0.999361
vn 0.035746 -0.000000 -0.999361
vn 0.035740 -0.000005 -0.999361
vn 0.035740 -0.000005 -0.999361
vn 0.035740 -0.000005 -0.999361
vn 0.035740 -0.000005 -0.999361
vn 0.035749 0.000000 -0.999361
vn 0.035749 0.000000 -0.999361
vn -0.735512 -0.677000 -0.026306
vn -0.735512 -0.677000 -0.026306
vn -0.735512 -0.677000 -0.026306
vn -0.735512 -0.677000 -0.026306
vn -0.735502 -0.677012 -0.026304
vn -0.694333 -0.719226 -0.024831
vn -0.694333 -0.719226 -0.024831
vn -0.735502 -0.677012 -0.026304
vn -0.735519 -0.676993 -0.026307
vn -0.735519 -0.676993 -0.026307
vn -0.680978 -0.731899 -0.024353
vn -0.680978 -0.731899 -0.024353
vn -0.680976 -0.731900 -0.024354
vn -0.680976 -0.731900 -0.024354
vn -0.680976 -0.731900 -0.024354
vn -0.680976 -0.731900 -0.024354
vn -0.680975 -0.731901 -0.024359
vn -0.680975 -0.731901 -0.024359
vn -0.680975 -0.731901 -0.024359
vn -0.680975 -0.731901 -0.024359
vn 0.035740 -0.000006 -0.999361
vn 0.035740 -0.000006 -0.999361
vn 0.035742 -0.000003 -0.999361
vn 0.035743 -0.000001 -0.999361
vn 0.035743 -0.000001 -0.999361
vn 0.035742 -0.000003 -0.999361
vn 0.035746 0.000002 -0.999361
vn 0.035746 0.000002 -0.999361
vn 0.035747 0.000004 -0.999361
vn 0.035747 0.000004 -0.999361
vn 0.661928 0.749193 0.023674
vn 0.661928 0.749193 0.023674
vn 0.661931 0.749190 0.023675
vn 0.661931 0.749190 0.023675
vn 0.661931 0.749190 0.023675
vn 0.661931 0.749190 0.023675
vn 0.661928 0.749193 0.023672
vn 0.661928 0.749193 0.023672
vn 0.661928 0.749193 0.023672
vn 0.661928 0.749193 0.023672
vn -0.035746 -0.000000 0.999361
vn -0.035746 -0.000000 0.999361
vn -0.035745 -0.000001 0.999361
vn -0.035743 -0.000003 0.999361
vn -0.035743 -0.000003 0.999361
vn -0.035745 -0.000001 0.999361
vn -0.035746 0.000002 0.999361
vn -0.035746 0.000002 0.999361
vn -0.035744 0.000000 0.999361
vn -0.035744 0.000000 0.999361
vn -0.035753 -0.000005 0.999361
vn -0.035753 -0.000005 0.999361
vn -0.035753 -0.000005 0.999361
vn -0.035753 -0.000005 0.999361
vn -0.035743 -0.000005 0.999361
vn -0.035743 -0.000005 0.999361
vn -0.035743 -0.000005 0.999361
vn -0.035743 -0.000005 0.999361
vn -0.035729 0.000005 0.999362
vn -0.035729 0.000005 0.999362
vn -0.035729 0.000005 0.999362
vn -0.035729 0.000005 0.999362
vn 0.035742 -0.000001 -0.999361
vn 0.035742 -0.000001 -0.999361
vn 0.035742 -0.000001 -0.999361
vn 0.035742 -0.000001 -0.999361
vn 0.035747 -0.000002 -0.999361
vn 0.035747 -0.000002 -0.999361
vn 0.035747 -0.000002 -0.999361
vn 0.035747 -0.000002 -0.999361
vn 0.035750 0.000002 -0.999361
vn 0.035750 0.000002 -0.999361
vn 0.035750 0.000002 -0.999361
vn 0.035750 0.000002 -0.999361
vn -0.747156 -0.664111 -0.026730
vn -0.747156 -0.664111 -0.026730
vn -0.747156 -0.664111 -0.026730
vn -0.747156 -0.664111 -0.026730
vn -0.747118 -0.664154 -0.026728
vn -0.747118 -0.664154 -0.026728
vn -0.747118 -0.664154 -0.026728
vn -0.747118 -0.664154 -0.026728
vn -0.747115 -0.664157 -0.026715
vn -0.747116 -0.664157 -0.026715
vn -0.747115 -0.664157 -0.026715
vn -0.747116 -0.664157 -0.026715
vn -0.999361 -0.000057 -0.035752
vn -0.999361 -0.000057 -0.035752
vn -0.999361 -0.000057 -0.035752
vn -0.999361 -0.000057 -0.035752
vn -0.999361 -0.000054 -0.035737
vn -0.999361 -0.000054 -0.035737
vn -0.999361 -0.000054 -0.035737
vn -0.999361 -0.000054 -0.035737
vn -0.999361 0.000057 -0.035736
vn -0.999361 0.000057 -0.035736
vn -0.999361 0.000057 -0.035736
vn -0.999361 0.000057 -0.035736
vn 0.999361 0.000057 0.035736
vn 0.999361 0.000057 0.035736
vn 0.999361 0.000057 0.035736
vn 0.999361 0.000057 0.035736
vn 0.999361 0.000060 0.035752
vn 0.999361 0.000060 0.035752
vn 0.999361 0.000060 0.035752
vn 0.999361 0.000060 0.035752
vn 0.999361 -0.000057 0.035752
vn 0.999361 -0.000057 0.035752
vn 0.999361 -0.000057 0.035752
vn 0.999361 -0.000057 0.035752
vn -0.035739 -0.000004 0.999361
vn -0.035739 -0.000004 0.999361
vn -0.035742 -0.000000 0.999361
vn -0.035743 0.000001 0.999361
vn -0.035743 0.000002 0.999361
vn -0.035743 0.000002 0.999361
vn -0.035747 -0.000007 0.999361
vn -0.035747 -0.000007 0.999361
vn -0.035747 -0.000007 0.999361
vn -0.035747 -0.000007 0.999361
vn -0.575240 0.817726 -0.020577
vn -0.575240 0.817726 -0.020577
vn -0.653247 0.756784 -0.023364
vn -0.653247 0.756784 -0.023364
vn -0.575245 0.817722 -0.020573
vn -0.575245 0.817722 -0.020573
vn -0.575248 0.817721 -0.020572
vn -0.575248 0.817721 -0.020572
vn -0.575248 0.817721 -0.020572
vn -0.575248 0.817721 -0.020572
vn 0.035743 0.000002 -0.999361
vn 0.035743 0.000002 -0.999361
vn 0.035744 -0.000001 -0.999361
vn 0.035742 0.000000 -0.999361
vn 0.035746 -0.000002 -0.999361
vn 0.035746 -0.000002 -0.999361
vn 0.035745 -0.000001 -0.999361
vn 0.035745 -0.000001 -0.999361
vn 0.035745 -0.000001 -0.999361
vn 0.035745 -0.000001 -0.999361
vn 0.735545 -0.676965 0.026303
vn 0.735545 -0.676965 0.026303
vn 0.694340 -0.719218 0.024834
vn 0.694340 -0.719218 0.024834
vn 0.735532 -0.676979 0.026310
vn 0.735532 -0.676979 0.026310
vn 0.735509 -0.677004 0.026313
vn 0.735509 -0.677004 0.026313
vn 0.735509 -0.677004 0.026313
vn 0.735509 -0.677004 0.026313
vn 0.680976 -0.731901 0.024359
vn 0.680976 -0.731901 0.024359
vn 0.680976 -0.731901 0.024359
vn 0.680976 -0.731901 0.024359
vn 0.680978 -0.731899 0.024353
vn 0.680978 -0.731899 0.024353
vn 0.680978 -0.731899 0.024353
vn 0.680978 -0.731899 0.024353
vn 0.680979 -0.731898 0.024355
vn 0.680979 -0.731898 0.024355
vn 0.035744 -0.000001 -0.999361
vn 0.035744 -0.000001 -0.999361
vn 0.035745 0.000001 -0.999361
vn 0.035745 0.000001 -0.999361
vn 0.035742 0.000001 -0.999361
vn 0.035742 0.000001 -0.999361
vn -0.661931 0.749191 -0.023675
vn -0.661931 0.749191 -0.023675
vn -0.661931 0.749191 -0.023675
vn -0.661931 0.749191 -0.023675
vn -0.661934 0.749188 -0.023678
vn -0.661934 0.749188 -0.023678
vn -0.661934 0.749188 -0.023678
vn -0.661934 0.749188 -0.023678
vn -0.661933 0.749189 -0.023675
vn -0.661933 0.749189 -0.023675
vn -0.035747 0.000004 0.999361
vn -0.035747 0.000004 0.999361
vn -0.035742 -0.000005 0.999361
vn -0.035742 -0.000005 0.999361
vn -0.035742 -0.000000 0.999361
vn -0.035742 -0.000000 0.999361
vn 0.999094 0.000000 0.042547
vn 0.999094 0.000000 0.042547
vn 0.999094 0.000000 0.042547
vn 0.999094 0.000000 0.042547
vn 0.000000 1.000000 -0.000000
vn 0.000000 1.000000 -0.000000
vn 0.000000 1.000000 -0.000000
vn 0.000000 1.000000 -0.000000
vn -0.999095 0.000000 -0.042544
vn -0.999095 0.000000 -0.042544
vn -0.999095 0.000000 -0.042544
vn -0.999095 0.000000 -0.042544
vn 0.000000 -1.000000 0.000000
vn 0.000000 -1.000000 0.000000
vn 0.000000 -1.000000 0.000000
vn 0.000000 -1.000000 0.000000
vn 0.042546 0.000000 -0.999095
vn 0.042546 0.000000 -0.999095
vn 0.042546 0.000000 -0.999095
vn 0.042546 0.000000 -0.999095
vn -0.042546 0.000000 0.999095
vn -0.042546 0.000000 0.999095
vn -0.042546 0.000000 0.999095
vn -0.042546 0.000000 0.999095
vn 0.000000 1.000000 0.000000
vn 0.000000 1.000000 0.000000
vn 0.000000 1.000000 0.000000
vn 0.000000 1.000000 0.000000
vn 0.000000 1.000000 0.000008
vn 0.000000 1.000000 0.000008
vn 0.000000 1.000000 0.000008
vn 0.000000 1.000000 0.000008
vn 0.000000 1.000000 0.000000
vn 0.000000 1.000000 0.000000
vn 0.000000 1.000000 0.000000
vn 0.000000 1.000000 0.000000
vn 0.000000 1.000000 0.000000
vn 0.000000 1.000000 0.000000
vn 0.000000 1.000000 0.000000
vn 0.000000 1.000000 0.000000
vn -0.999094 0.000000 -0.042548
vn -0.999094 0.000000 -0.042548
vn -0.999094 0.000000 -0.042548
vn -0.999094 0.000000 -0.042548
vn -0.042546 0.000000 0.999095
vn -0.042546 0.000000 0.999095
vn -0.042546 0.000000 0.999095
vn -0.042546 0.000000 0.999095
vn 0.999094 0.000000 0.042548
vn 0.999094 0.000000 0.042548
vn 0.999094 0.000000 0.042548
vn 0.999094 0.000000 0.042548
vn 0.042546 0.000000 -0.999094
vn 0.042546 0.000000 -0.999094
vn 0.042546 0.000000 -0.999094
vn 0.042546 0.000000 -0.999094
vn -0.342048 0.000000 -0.939682
vn -0.642767 0.000000 -0.766062
vn -0.642767 0.000000 -0.766062
vn -0.342048 0.000000 -0.939682
vn -0.866018 0.000000 -0.500012
vn -0.866018 0.000000 -0.500012
vn -0.984814 0.000000 -0.173613
vn -0.984814 0.000000 -0.173613
vn -0.984814 0.000000 0.173611
vn -0.984814 0.000000 0.173611
vn -0.866027 0.000000 0.499998
vn -0.866027 0.000000 0.499998
vn -0.642767 0.000000 0.766062
vn -0.642767 0.000000 0.766062
vn -0.342027 0.000000 0.939690
vn -0.342027 0.000000 0.939690
vn 0.000000 0.000000 1.000000
vn 0.000000 0.000000 1.000000
vn 0.341993 0.000000 0.939702
vn 0.341993 0.000000 0.939702
vn 0.642818 0.000000 0.766019
vn 0.642818 0.000000 0.766019
vn 0.866057 0.000000 0.499945
vn 0.866057 0.000000 0.499945
vn 0.984808 0.000000 0.173645
vn 0.984808 0.000000 0.173645
vn 0.984808 0.000000 -0.173647
vn 0.984808 0.000000 -0.173647
vn 0.866048 0.000000 -0.499960
vn 0.866048 0.000000 -0.499960
vn 0.642819 0.000000 -0.766018
vn 0.642819 0.000000 -0.766018
vn 0.342015 0.000000 -0.939695
vn 0.342015 0.000000 -0.939695
vn 0.000000 0.000000 -1.000000
vn 0.000000 0.000000 -1.000000
vn 0.000000 -1.000000 -0.000000
vn 0.000000 -1.000000 -0.000003
vn 0.000000 -1.000000 -0.000000
vn 0.000000 -1.000000 0.000003
vn 0.000000 -1.000000 0.000000
vn 0.000000 -1.000000 0.000000
vn 0.000000 -1.000000 -0.000003
vn 0.000000 -1.000000 -0.000002
vn 0.000000 -1.000000 0.000002
vn 0.000000 -1.000000 0.000000
vn 0.000000 -1.000000 -0.000003
vn 0.000000 -1.000000 -0.000003
vn 0.000000 -1.000000 0.000003
vn 0.000000 -1.000000 0.000003
vn 0.000000 -1.000000 -0.000003
vn 0.000000 -1.000000 -0.000003
vn 0.000000 -1.000000 0.000002
vn 0.000000 -1.000000 0.000002
vn 0.000000 -1.000000 0.000000
vn -0.999873 -0.012425 -0.009969
vn -0.999650 -0.021582 -0.015278
vn -0.999650 -0.021584 -0.015278
vn -0.999873 -0.012425 -0.009970
vn -0.999399 -0.031980 -0.013408
vn -0.999399 -0.031981 -0.013408
vn -0.999237 -0.038711 -0.005283
vn -0.999236 -0.038711 -0.005282
vn -0.999237 -0.038706 0.005282
vn -0.999237 -0.038707 0.005282
vn -0.999399 -0.031979 0.013408
vn -0.999399 -0.031980 0.013408
vn -0.999650 -0.021585 0.015278
vn -0.999650 -0.021587 0.015278
vn -0.999873 -0.012418 0.009969
vn -0.999873 -0.012419 0.009969
vn -0.999961 -0.008813 -0.000000
vn -0.999961 -0.008813 -0.000000
vn -0.999873 -0.012424 -0.009968
vn -0.999873 -0.012425 -0.009969
vn -0.999649 -0.021626 -0.015294
vn -0.999649 -0.021628 -0.015294
vn -0.999397 -0.032029 -0.013424
vn -0.999397 -0.032030 -0.013424
vn -0.999240 -0.038634 -0.005282
vn -0.999240 -0.038634 -0.005282
vn -0.999240 -0.038633 0.005283
vn -0.999240 -0.038633 0.005282
vn -0.999396 -0.032040 0.013425
vn -0.999397 -0.032041 0.013424
vn -0.999649 -0.021645 0.015294
vn -0.999649 -0.021646 0.015294
vn -0.999873 -0.012425 0.009968
vn -0.999873 -0.012425 0.009969
vn -0.999961 -0.008813 0.000000
vn -0.999961 -0.008813 0.000000
vn 0.000000 -1.000000 -0.000002
vn 0.000000 -1.000000 -0.000002
vn 0.000000 -1.000000 -0.000002
vn 0.000000 -1.000000 -0.000002
vn 0.000000 -1.000000 -0.000003
vn 0.000000 -1.000000 -0.000003
vn 0.000000 -1.000000 -0.000003
vn 0.000000 -1.000000 -0.000003
vn 0.000000 -1.000000 0.000000
vn 0.000000 -1.000000 0.000000
vn 0.000000 -1.000000 0.000000
vn 0.000000 -1.000000 0.000000
vn 0.000000 -1.000000 0.000000
vn 0.000000 -1.000000 0.000000
vn 0.000000 -1.000000 0.000000
vn 0.000000 -1.000000 0.000000
vn 0.000000 -1.000000 0.000000
vn 0.000000 -1.000000 0.000000
vn 0.000000 -1.000000 0.000000
vn 0.000000 -1.000000 0.000000
vn 0.000000 -1.000000 0.000000
vn 0.000000 -1.000000 0.000000
vn 0.000000 -1.000000 0.000000
vn 0.000000 -1.000000 0.000000
vn 0.000000 -1.000000 0.000000
vn 0.000000 -1.000000 0.000000
vn 0.000000 -1.000000 0.000000
vn 0.000000 -1.000000 0.000000
vn 0.000000 -1.000000 -0.000002
vn 0.000000 -1.000000 -0.000002
vn 0.000000 -1.000000 -0.000002
vn 0.000000 -1.000000 -0.000002
vn 0.000000 -1.000000 -0.000007
vn 0.000000 -1.000000 -0.000007
vn 0.000000 -1.000000 -0.000007
vn 0.000000 -1.000000 -0.000007
vn 0.000000 -1.000000 0.000003
vn 0.000000 -1.000000 0.000003
vn 0.000000 -1.000000 0.000003
vn 0.000000 -1.000000 0.000003
vn 0.000000 -1.000000 -0.000003
vn 0.000000 -1.000000 -0.000003
vn 0.000000 -1.000000 -0.000003
vn 0.000000 -1.000000 -0.000003
vn 0.000000 -1.000000 -0.000003
vn 0.000000 -1.000000 -0.000003
vn 0.000000 -1.000000 -0.000003
vn 0.000000 -1.000000 -0.000003
vn 0.000000 -1.000000 0.000000
vn 0.000000 -1.000000 0.000000
vn 0.000000 -1.000000 0.000000
vn 0.000000 -1.000000 0.000000
vn 0.000000 -1.000000 0.000003
vn 0.000000 -1.000000 0.000003
vn 0.000000 -1.000000 0.000003
vn 0.000000 -1.000000 0.000003
vn 0.000000 -1.000000 0.000000
vn 0.000000 -1.000000 0.000000
vn 0.000000 -1.000000 0.000000
vn 0.000000 -1.000000 0.000000
vn 0.000000 -1.000000 -0.000003
vn 0.000000 -1.000000 -0.000003
vn 0.000000 -1.000000 -0.000003
vn 0.000000 -1.000000 -0.000003
vn 0.000000 -1.000000 0.000003
vn 0.000000 -1.000000 0.000003
vn 0.000000 -1.000000 0.000003
vn 0.000000 -1.000000 0.000003
vn 0.000000 -1.000000 0.000000
vn 0.000000 -1.000000 0.000000
vn 0.000000 -1.000000 0.000000
vn 0.000000 -1.000000 0.000000
vn -0.342035 0.000000 -0.939687
vn -0.642783 0.000000 -0.766048
vn -0.642783 0.000000 -0.766048
vn -0.342035 0.000000 -0.939687
vn -0.866039 0.000000 -0.499977
vn -0.866039 0.000000 -0.499977
vn -0.984814 0.000000 -0.173615
vn -0.984814 0.000000 -0.173615
vn -0.984814 0.000000 0.173615
vn -0.984814 0.000000 0.173615
vn -0.866046 0.000000 0.499965
vn -0.866046 0.000000 0.499965
vn -0.642789 0.000000 0.766043
vn -0.642789 0.000000 0.766043
vn -0.342009 0.000000 0.939697
vn -0.342009 0.000000 0.939697
vn 0.000000 0.000000 1.000000
vn 0.000000 0.000000 1.000000
vn 0.341991 0.000000 0.939703
vn 0.341991 0.000000 0.939703
vn 0.642789 0.000000 0.766043
vn 0.642789 0.000000 0.766043
vn 0.866034 0.000000 0.499986
vn 0.866034 0.000000 0.499986
vn 0.984799 0.000000 0.173698
vn 0.984799 0.000000 0.173698
vn 0.984799 0.000000 -0.173698
vn 0.984799 0.000000 -0.173698
vn 0.866026 0.000000 -0.499998
vn 0.866026 0.000000 -0.499998
vn 0.642783 0.000000 -0.766048
vn 0.642783 0.000000 -0.766048
vn 0.342016 0.000000 -0.939694
vn 0.342016 0.000000 -0.939694
vn 0.000000 0.000000 -1.000000
vn 0.000000 0.000000 -1.000000
vn 0.000000 1.000000 0.000003
vn 0.000000 1.000000 0.000003
vn 0.000000 1.000000 0.000003
vn 0.000000 1.000000 0.000003
vn 0.000000 1.000000 -0.000003
vn 0.000000 1.000000 -0.000003
vn 0.000000 1.000000 -0.000003
vn 0.000000 1.000000 -0.000003
vn 0.000000 1.000000 0.000005
vn 0.000000 1.000000 0.000005
vn 0.000000 1.000000 0.000005
vn 0.000000 1.000000 0.000005
vn 0.000000 1.000000 0.000000
vn 0.000000 1.000000 0.000000
vn 0.000000 1.000000 0.000000
vn 0.000000 1.000000 0.000000
vn 0.000000 1.000000 -0.000005
vn 0.000000 1.000000 -0.000005
vn 0.000000 1.000000 -0.000005
vn 0.000000 1.000000 -0.000005
vn 0.000000 1.000000 0.000003
vn 0.000000 1.000000 0.000003
vn 0.000000 1.000000 0.000003
vn 0.000000 1.000000 0.000003
vn 0.000000 1.000000 -0.000005
vn 0.000000 1.000000 -0.000005
vn 0.000000 1.000000 -0.000005
vn 0.000000 1.000000 -0.000005
vn 0.000000 1.000000 0.000003
vn 0.000000 1.000000 0.000003
vn 0.000000 1.000000 0.000003
vn 0.000000 1.000000 0.000003
vn 0.000000 1.000000 0.000005
vn 0.000000 1.000000 0.000005
vn 0.000000 1.000000 0.000005
vn 0.000000 1.000000 0.000005
vn 0.000000 1.000000 -0.000003
vn 0.000000 1.000000 -0.000003
vn 0.000000 1.000000 -0.000003
vn 0.000000 1.000000 -0.000003
vn 0.000000 1.000000 0.000000
vn 0.000000 1.000000 0.000000
vn 0.000000 1.000000 0.000000
vn 0.000000 1.000000 0.000000
vn 0.000000 1.000000 0.000000
vn 0.000000 1.000000 0.000000
vn 0.000000 1.000000 0.000000
vn 0.000000 1.000000 0.000000
vn 0.000000 1.000000 0.000000
vn 0.000000 1.000000 0.000000
vn 0.000000 1.000000 0.000000
vn 0.000000 1.000000 0.000000
vn 0.000000 1.000000 0.000000
vn 0.000000 1.000000 0.000000
vn 0.000000 1.000000 0.000000
vn 0.000000 1.000000 0.000000
vn 0.000000 1.000000 0.000000
vn 0.000000 1.000000 0.000000
vn 0.000000 1.000000 0.000000
vn 0.000000 1.000000 0.000000
vn 0.000000 1.000000 0.000000
vn 0.000000 1.000000 0.000000
vn 0.000000 1.000000 0.000000
vn 0.000000 1.000000 0.000000
vn 0.000000 1.000000 -0.000003
vn 0.000000 1.000000 -0.000003
vn 0.000000 1.000000 -0.000003
vn 0.000000 1.000000 -0.000003
vn 0.000000 1.000000 0.000000
vn 0.000000 1.000000 0.000000
vn 0.000000 1.000000 0.000000
vn 0.000000 1.000000 0.000000
vn -0.342045 0.000000 -0.939684
vn -0.642759 0.000000 -0.766068
vn -0.637414 -0.017831 -0.770315
vn -0.333910 -0.010424 -0.942547
vn -0.866006 0.000000 -0.500033
vn -0.863631 -0.021403 -0.503671
vn -0.984808 0.000000 -0.173647
vn -0.984298 -0.022532 -0.175069
vn -0.984809 0.000000 0.173642
vn -0.984299 -0.022531 0.175064
vn -0.866007 0.000000 0.500033
vn -0.863630 -0.021403 0.503671
vn -0.642744 0.000000 0.766081
vn -0.637399 -0.017831 0.770327
vn -0.342035 0.000000 0.939687
vn -0.333900 -0.010424 0.942551
vn 0.000000 0.000000 1.000000
vn 0.009456 0.000978 0.999955
vn 0.342010 0.000000 0.939696
vn 0.350526 0.014929 0.936434
vn 0.642780 0.000000 0.766051
vn 0.648300 0.028899 0.760836
vn 0.866038 0.000000 0.499978
vn 0.867839 0.040120 0.495223
vn 0.984815 0.000000 0.173606
vn 0.984059 0.046343 0.171698
vn 0.984814 0.000000 -0.173611
vn 0.984058 0.046343 -0.171702
vn 0.866038 0.000000 -0.499978
vn 0.867839 0.040118 -0.495224
vn 0.642795 0.000000 -0.766038
vn 0.648316 0.028899 -0.760823
vn 0.342021 0.000000 -0.939692
vn 0.350536 0.014929 -0.936430
vn 0.000000 0.000000 -1.000000
vn 0.009456 0.000978 -0.999955
vn -0.625240 -0.100322 -0.773957
vn -0.321779 -0.054037 -0.945271
vn -0.852449 -0.130561 -0.506246
vn -0.973725 -0.144599 -0.175926
vn -0.973726 -0.144598 0.175921
vn -0.852448 -0.130561 0.506247
vn -0.625226 -0.100321 0.773969
vn -0.321769 -0.054035 0.945275
vn 0.018741 0.003436 0.999818
vn 0.353824 0.063952 0.933123
vn 0.643898 0.118641 0.755857
vn 0.856435 0.159764 0.490912
vn 0.968534 0.181754 0.170024
vn 0.968533 0.181755 -0.170028
vn 0.856435 0.159764 -0.490913
vn 0.643913 0.118644 -0.755844
vn 0.353832 0.063953 -0.933120
vn 0.018744 0.003437 -0.999818
vn -0.562617 -0.246332 -0.789166
vn -0.277552 -0.127036 -0.952275
vn -0.786867 -0.326716 -0.523544
vn -0.912829 -0.364640 -0.183795
vn -0.912830 -0.364639 0.183790
vn -0.786866 -0.326714 0.523546
vn -0.562605 -0.246327 0.789176
vn -0.277540 -0.127031 0.952279
vn 0.032226 0.016787 0.999340
vn 0.332190 0.164983 0.928671
vn 0.590164 0.297023 0.750656
vn 0.778728 0.395420 0.487058
vn 0.878100 0.447775 0.168633
vn 0.878099 0.447776 -0.168637
vn 0.778726 0.395422 -0.487060
vn 0.590178 0.297031 -0.750642
vn 0.332198 0.164986 -0.928668
vn 0.032231 0.016789 -0.999340
vn -0.410407 -0.449872 -0.793210
vn -0.201117 -0.221467 -0.954203
vn -0.574233 -0.624824 -0.529011
vn -0.666656 -0.721598 -0.186727
vn -0.665740 -0.722392 0.186923
vn -0.572390 -0.626502 0.529023
vn -0.408945 -0.451401 0.793096
vn -0.200590 -0.222443 0.954087
vn 0.027731 0.031647 0.999114
vn 0.250075 0.280448 0.926721
vn 0.441762 0.495368 0.747969
vn 0.582056 0.652672 0.485006
vn 0.656172 0.735610 0.168275
vn 0.656480 0.735628 -0.166986
vn 0.582888 0.652725 -0.483934
vn 0.442853 0.495475 -0.747252
vn 0.251015 0.280665 -0.926401
vn 0.028103 0.032143 -0.999088
vn -0.186848 -0.580988 -0.792175
vn -0.095364 -0.285310 -0.953679
vn -0.246797 -0.812437 -0.528241
vn -0.272578 -0.943642 -0.187727
vn -0.272657 -0.944459 0.183457
vn -0.247154 -0.814501 0.524883
vn -0.187480 -0.583661 0.790058
vn -0.096204 -0.288098 0.952756
vn 0.013443 0.036116 0.999257
vn 0.124987 0.351797 0.927695
vn 0.223122 0.623697 0.749145
vn 0.295588 0.822422 0.486056
vn 0.334040 0.927267 0.169097
vn 0.334239 0.927677 -0.166434
vn 0.296189 0.823584 -0.483716
vn 0.223977 0.625499 -0.747386
vn 0.125959 0.354064 -0.926700
vn 0.014399 0.038728 -0.999146
vn -0.015496 -0.630006 -0.776435
vn -0.011851 -0.322678 -0.946435
vn -0.009915 -0.860644 -0.509111
vn -0.002709 -0.984164 -0.177239
vn -0.001993 -0.984190 0.177104
vn -0.008255 -0.860833 0.508821
vn -0.013907 -0.630493 0.776070
vn -0.011061 -0.323436 0.946185
vn 0.002519 0.021295 0.999770
vn 0.023624 0.360947 0.932287
vn 0.046515 0.654845 0.754330
vn 0.065468 0.869629 0.489346
vn 0.076206 0.982589 0.169444
vn 0.076484 0.982623 -0.169120
vn 0.066212 0.869794 -0.488952
vn 0.047468 0.655271 -0.753901
vn 0.024386 0.361640 -0.931999
vn 0.002653 0.022135 -0.999752
vn 0.039535 -0.646836 -0.761604
vn 0.021431 -0.348852 -0.936933
vn 0.052759 -0.866755 -0.495936
vn 0.059722 -0.983283 -0.172011
vn 0.059722 -0.983284 0.172007
vn 0.052760 -0.866755 0.495936
vn 0.039533 -0.646819 0.761618
vn 0.021429 -0.348841 0.936937
vn 0.000448 -0.007866 0.999969
vn -0.020937 0.334955 0.942002
vn -0.040060 0.637582 0.769340
vn -0.054441 0.862752 0.502688
vn -0.062156 0.982665 0.174662
vn -0.062156 0.982664 -0.174667
vn -0.054442 0.862751 -0.502690
vn -0.040060 0.637596 -0.769329
vn -0.020937 0.334964 -0.941998
vn 0.000448 -0.007870 -0.999969
vn 0.999992 -0.004003 -0.000817
vn 0.999992 -0.004003 -0.000817
vn 0.999992 -0.004003 -0.000817
vn 0.999992 -0.004003 -0.000817
vn 0.999990 -0.004509 -0.000686
vn 0.999990 -0.004509 -0.000686
vn 0.999990 -0.004509 -0.000686
vn 0.999990 -0.004509 -0.000686
vn 0.999988 -0.004978 -0.000442
vn 0.999988 -0.004978 -0.000442
vn 0.999988 -0.004978 -0.000442
vn 0.999988 -0.004978 -0.000442
vn 0.999986 -0.005306 0.000000
vn 0.999986 -0.005306 0.000000
vn 0.999986 -0.005306 0.000000
vn 0.999986 -0.005306 0.000000
vn 0.999988 -0.004983 0.000442
vn 0.999988 -0.004983 0.000442
vn 0.999987 -0.004983 0.000442
vn 0.999988 -0.004983 0.000442
vn 0.999990 -0.004488 0.000686
vn 0.999990 -0.004488 0.000686
vn 0.999990 -0.004488 0.000686
vn 0.999990 -0.004488 0.000686
vn 0.999992 -0.004035 0.000817
vn 0.999992 -0.004035 0.000817
vn 0.999992 -0.004035 0.000817
vn 0.999992 -0.004035 0.000817
vn 0.999993 -0.003723 0.000367
vn 0.999993 -0.003723 0.000367
vn 0.999993 -0.003723 0.000367
vn 0.999993 -0.003723 0.000367
vn 0.999993 -0.003680 -0.000296
vn 0.999993 -0.003680 -0.000296
vn 0.999993 -0.003680 -0.000296
vn 0.999993 -0.003680 -0.000296
vn 0.999992 -0.004003 -0.000733
vn 0.999992 -0.004003 -0.000733
vn 0.999992 -0.004003 -0.000733
vn 0.999992 -0.004003 -0.000733
vn 0.999990 -0.004488 -0.000686
vn 0.999990 -0.004488 -0.000686
vn 0.999990 -0.004488 -0.000686
vn 0.999990 -0.004488 -0.000686
vn 0.999988 -0.004983 -0.000442
vn 0.999988 -0.004983 -0.000442
vn 0.999988 -0.004983 -0.000442
vn 0.999987 -0.004983 -0.000442
vn 0.999986 -0.005261 0.000000
vn 0.999986 -0.005261 0.000000
vn 0.999986 -0.005261 0.000000
vn 0.999986 -0.005261 0.000000
vn 0.999988 -0.004965 0.000442
vn 0.999988 -0.004965 0.000442
vn 0.999988 -0.004965 0.000442
vn 0.999988 -0.004965 0.000442
vn 0.999990 -0.004504 0.000686
vn 0.999990 -0.004504 0.000686
vn 0.999990 -0.004504 0.000686
vn 0.999990 -0.004504 0.000686
vn 0.999992 -0.004025 0.000733
vn 0.999992 -0.004025 0.000733
vn 0.999992 -0.004025 0.000733
vn 0.999992 -0.004025 0.000733
vn 0.999993 -0.003691 0.000296
vn 0.999993 -0.003691 0.000296
vn 0.999993 -0.003691 0.000296
vn 0.999993 -0.003691 0.000296
vn 0.999993 -0.003723 -0.000367
vn 0.999993 -0.003723 -0.000367
vn 0.999993 -0.003723 -0.000367
vn 0.999993 -0.003723 -0.000367
vn -0.000006 -0.341338 -0.939941
vn -0.000020 -0.642381 -0.766385
vn -0.000020 -0.641982 -0.766720
vn -0.000006 -0.340743 -0.940156
vn -0.000036 -0.865869 -0.500270
vn -0.000036 -0.865704 -0.500557
vn -0.000047 -0.984790 -0.173748
vn -0.000047 -0.984771 -0.173857
vn -0.000046 -0.984792 0.173741
vn -0.000046 -0.984772 0.173850
vn -0.000036 -0.865872 0.500265
vn -0.000036 -0.865707 0.500552
vn -0.000020 -0.642359 0.766404
vn -0.000020 -0.641959 0.766739
vn -0.000007 -0.341330 0.939943
vn -0.000007 -0.340736 0.940159
vn -0.000002 0.000898 1.000000
vn -0.000002 0.001563 0.999999
vn -0.000007 0.342892 0.939375
vn -0.000007 0.343480 0.939160
vn -0.000020 0.643409 0.765523
vn -0.000020 0.643800 0.765194
vn -0.000035 0.866331 0.499471
vn -0.000035 0.866492 0.499191
vn -0.000045 0.984847 0.173425
vn -0.000045 0.984865 0.173322
vn -0.000045 0.984846 -0.173432
vn -0.000045 0.984864 -0.173330
vn -0.000035 0.866328 -0.499476
vn -0.000035 0.866489 -0.499196
vn -0.000019 0.643432 -0.765504
vn -0.000019 0.643824 -0.765174
vn -0.000006 0.342899 -0.939372
vn -0.000006 0.343488 -0.939157
vn -0.000001 0.000898 -1.000000
vn -0.000001 0.001563 -0.999999
vn -0.999985 -0.005548 -0.000032
vn -0.999985 -0.005497 -0.000032
vn -0.999985 -0.005546 -0.000000
vn -0.999984 -0.005607 0.000000
vn -0.999985 -0.005533 0.000009
vn -0.999985 -0.005519 0.000009
vn -0.999985 -0.005544 -0.000012
vn -0.999985 -0.005550 -0.000012
vn -0.999985 -0.005546 0.000012
vn -0.999985 -0.005548 0.000012
vn -0.999985 -0.005541 -0.000009
vn -0.999985 -0.005548 -0.000009
vn -0.999984 -0.005607 0.000000
vn -0.999985 -0.005556 0.000032
vn -0.999985 -0.005497 0.000032
vn -0.999985 -0.005542 -0.000012
vn -0.999985 -0.005552 -0.000012
vn -0.999985 -0.005550 0.000012
vn -0.999985 -0.005548 0.000012
vn 0.000000 -0.342675 -0.939454
vn 0.000000 -0.643264 -0.765644
vn 0.000000 -0.642551 -0.766243
vn 0.000000 -0.341594 -0.939848
vn -0.000001 -0.000613 -1.000000
vn -0.000001 0.000622 -1.000000
vn 0.000000 0.341586 -0.939851
vn 0.000000 0.342668 -0.939457
vn 0.000001 0.642560 -0.766235
vn 0.000001 0.643277 -0.765634
vn 0.000000 0.865953 -0.500126
vn 0.000000 0.866262 -0.499589
vn 0.000000 0.984799 -0.173699
vn 0.000000 0.984837 -0.173482
vn 0.000000 0.984800 0.173694
vn 0.000000 0.984838 0.173477
vn 0.000000 0.865951 0.500128
vn 0.000000 0.866261 0.499592
vn 0.000000 0.642539 0.766253
vn 0.000000 0.643255 0.765652
vn 0.000000 0.341584 0.939851
vn 0.000000 0.342665 0.939458
vn 0.000000 -0.000613 1.000000
vn 0.000000 0.000622 1.000000
vn 0.000000 -0.342670 0.939456
vn 0.000000 -0.341589 0.939849
vn 0.000000 -0.643244 0.765661
vn 0.000000 -0.642531 0.766259
vn 0.000000 -0.866257 0.499599
vn 0.000000 -0.865949 0.500132
vn 0.000000 -0.984839 0.173472
vn 0.000000 -0.984801 0.173685
vn 0.000000 -0.984838 -0.173478
vn 0.000000 -0.984800 -0.173690
vn 0.000000 -0.866255 -0.499601
vn 0.000000 -0.865948 -0.500134
vn -0.037528 -0.000000 0.999296
vn -0.037528 -0.000000 0.999296
vn -0.037528 -0.000000 0.999296
vn -0.037528 -0.000000 0.999296
vn 0.000000 1.000000 0.000000
vn 0.000000 1.000000 0.000000
vn 0.000000 1.000000 0.000000
vn 0.000000 1.000000 0.000000
vn 0.037529 0.000001 -0.999296
vn 0.037529 0.000001 -0.999296
vn 0.037529 0.000001 -0.999296
vn 0.037529 0.000001 -0.999296
vn 0.312018 -0.950004 0.011718
vn 0.312018 -0.950004 0.011718
vn 0.312018 -0.950004 0.011718
vn 0.312018 -0.950004 0.011718
vn 0.999280 -0.005462 0.037538
vn 0.999280 -0.005462 0.037538
vn 0.999280 -0.005462 0.037538
vn 0.999280 -0.005462 0.037538
vn -0.999290 -0.003341 -0.037539
vn -0.999290 -0.003341 -0.037539
vn -0.999290 -0.003341 -0.037539
vn -0.999290 -0.003341 -0.037539
vn -0.037530 -0.000000 0.999296
vn -0.037530 -0.000000 0.999296
vn -0.037530 -0.000000 0.999296
vn -0.037530 -0.000000 0.999296
vn -0.037529 -0.000001 0.999296
vn -0.037529 -0.000001 0.999296
vn -0.037529 -0.000001 0.999296
vn -0.037529 -0.000001 0.999296
vn -0.037529 -0.000001 0.999296
vn -0.037529 -0.000001 0.999296
vn -0.037529 -0.000001 0.999296
vn -0.037529 -0.000001 0.999296
vn 0.000000 1.000000 -0.000000
vn 0.000000 1.000000 -0.000000
vn 0.000000 1.000000 -0.000000
vn 0.000000 1.000000 -0.000000
vn 0.000000 1.000000 0.000000
vn 0.000000 1.000000 0.000000
vn 0.000000 1.000000 0.000000
vn 0.000000 1.000000 0.000000
vn 0.000000 1.000000 0.000000
vn 0.000000 1.000000 0.000000
vn 0.000000 1.000000 0.000000
vn 0.000000 1.000000 0.000000
vn 0.037529 0.000000 -0.999296
vn 0.037529 0.000000 -0.999296
vn 0.037529 0.000000 -0.999296
vn 0.037529 0.000000 -0.999296
vn 0.037529 -0.000001 -0.999296
vn 0.037529 -0.000001 -0.999296
vn 0.037529 -0.000001 -0.999296
vn 0.037529 -0.000001 -0.999296
vn 0.037529 -0.000001 -0.999296
vn 0.037529 -0.000001 -0.999296
vn 0.037529 -0.000001 -0.999296
vn 0.037529 -0.000001 -0.999296
vn 0.312016 -0.950005 0.011716
vn 0.312016 -0.950005 0.011716
vn 0.312016 -0.950005 0.011716
vn 0.312016 -0.950005 0.011716
vn 0.312017 -0.950004 0.011718
vn 0.312017 -0.950004 0.011718
vn 0.312017 -0.950004 0.011718
vn 0.312017 -0.950004 0.011718
vn 0.312017 -0.950004 0.011715
vn 0.312017 -0.950004 0.011715
vn 0.312017 -0.950004 0.011715
vn 0.312017 -0.950004 0.011715
vn 0.999281 -0.005475 0.037522
vn 0.999281 -0.005475 0.037522
vn 0.999281 -0.005475 0.037522
vn 0.999281 -0.005475 0.037522
vn 0.999281 -0.005442 0.037527
vn 0.999281 -0.005442 0.037527
vn 0.999281 -0.005442 0.037527
vn 0.999281 -0.005442 0.037527
vn 0.999281 -0.005452 0.037533
vn 0.999281 -0.005452 0.037533
vn 0.999281 -0.005452 0.037533
vn 0.999281 -0.005452 0.037533
vn -0.999290 -0.003347 -0.037522
vn -0.999290 -0.003347 -0.037522
vn -0.999290 -0.003347 -0.037522
vn -0.999290 -0.003347 -0.037522
vn -0.999290 -0.003329 -0.037528
vn -0.999290 -0.003329 -0.037528
vn -0.999290 -0.003329 -0.037528
vn -0.999290 -0.003329 -0.037528
vn -0.999290 -0.003334 -0.037533
vn -0.999290 -0.003334 -0.037533
vn -0.999290 -0.003334 -0.037533
vn -0.999290 -0.003334 -0.037533
vn -0.040289 0.000003 0.999188
vn -0.040289 0.000003 0.999188
vn -0.040289 0.000003 0.999188
vn -0.040289 0.000003 0.999188
vn 0.000000 1.000000 -0.000003
vn 0.000000 1.000000 -0.000003
vn 0.000000 1.000000 -0.000003
vn 0.000000 1.000000 -0.000003
vn 0.040290 -0.000005 -0.999188
vn 0.040290 -0.000005 -0.999188
vn 0.040290 -0.000005 -0.999188
vn 0.040290 -0.000005 -0.999188
vn 0.000000 -1.000000 0.000000
vn 0.000000 -1.000000 0.000000
vn 0.000000 -1.000000 0.000000
vn 0.000000 -1.000000 0.000000
vn 0.997019 0.000000 0.077160
vn 0.997019 0.000000 0.077160
vn 0.997019 0.000000 0.077160
vn 0.997019 0.000000 0.077160
vn -0.997017 0.000034 -0.077186
vn -0.997017 0.000034 -0.077186
vn -0.997017 0.000034 -0.077186
vn -0.997017 0.000034 -0.077186
vn -0.040290 0.000003 0.999188
vn -0.040290 0.000003 0.999188
vn -0.040290 0.000003 0.999188
vn -0.040290 0.000003 0.999188
vn -0.040290 -0.000003 0.999188
vn -0.040290 -0.000003 0.999188
vn -0.040290 -0.000003 0.999188
vn -0.040290 -0.000003 0.999188
vn -0.040289 -0.000003 0.999188
vn -0.040289 -0.000003 0.999188
vn -0.040289 -0.000003 0.999188
vn -0.040289 -0.000003 0.999188
vn -0.000000 1.000000 -0.000001
vn -0.000000 1.000000 -0.000001
vn -0.000000 1.000000 -0.000001
vn -0.000000 1.000000 -0.000001
vn -0.000000 1.000000 -0.000003
vn -0.000000 1.000000 -0.000003
vn -0.000000 1.000000 -0.000003
vn -0.000000 1.000000 -0.000003
vn 0.000000 1.000000 0.000001
vn 0.000000 1.000000 0.000001
vn 0.000000 1.000000 0.000001
vn 0.000000 1.000000 0.000001
vn 0.040289 -0.000005 -0.999188
vn 0.040289 -0.000005 -0.999188
vn 0.040289 -0.000005 -0.999188
vn 0.040289 -0.000005 -0.999188
vn 0.040289 0.000005 -0.999188
vn 0.040289 0.000005 -0.999188
vn 0.040289 0.000005 -0.999188
vn 0.040289 0.000005 -0.999188
vn 0.040290 0.000005 -0.999188
vn 0.040290 0.000005 -0.999188
vn 0.040290 0.000005 -0.999188
vn 0.040290 0.000005 -0.999188
vn 0.000000 -1.000000 0.000000
vn 0.000000 -1.000000 0.000000
vn 0.000000 -1.000000 0.000000
vn 0.000000 -1.000000 0.000000
vn 0.000000 -1.000000 0.000000
vn 0.000000 -1.000000 0.000000
vn 0.000000 -1.000000 0.000000
vn 0.000000 -1.000000 0.000000
vn 0.000000 -1.000000 -0.000001
vn 0.000000 -1.000000 -0.000001
vn 0.000000 -1.000000 -0.000001
vn 0.000000 -1.000000 -0.000001
vn 0.997019 0.000008 0.077160
vn 0.997019 0.000008 0.077160
vn 0.997019 0.000008 0.077160
vn 0.997019 0.000008 0.077160
vn 0.997019 0.000000 0.077160
vn 0.997019 0.000000 0.077160
vn 0.997019 0.000000 0.077160
vn 0.997019 0.000000 0.077160
vn 0.997019 0.000008 0.077160
vn 0.997019 0.000008 0.077160
vn 0.997019 0.000008 0.077160
vn 0.997019 0.000008 0.077160
vn -0.997013 0.000043 -0.077239
vn -0.997013 0.000043 -0.077239
vn -0.997013 0.000043 -0.077239
vn -0.997013 0.000043 -0.077239
vn -0.997013 -0.000043 -0.077240
vn -0.997013 -0.000043 -0.077240
vn -0.997013 -0.000043 -0.077240
vn -0.997013 -0.000043 -0.077240
vn -0.997017 -0.000034 -0.077186
vn -0.997017 -0.000034 -0.077186
vn -0.997017 -0.000034 -0.077186
vn -0.997017 -0.000034 -0.077186
vn -0.999161 0.000004 -0.040946
vn -0.999161 0.000004 -0.040946
vn -0.999161 0.000004 -0.040946
vn -0.999161 0.000004 -0.040946
vn 0.000000 1.000000 0.000000
vn 0.000000 1.000000 0.000000
vn 0.000000 1.000000 0.000000
vn 0.000000 1.000000 0.000000
vn 0.999165 0.000020 0.040868
vn 0.999165 0.000020 0.040868
vn 0.999165 0.000020 0.040868
vn 0.999165 0.000020 0.040868
vn 0.000000 -1.000000 -0.000009
vn 0.000000 -1.000000 -0.000009
vn 0.000000 -1.000000 -0.000009
vn 0.000000 -1.000000 -0.000009
vn -0.038466 -0.337836 0.940419
vn -0.038466 -0.337836 0.940419
vn -0.038466 -0.337836 0.940419
vn -0.038466 -0.337836 0.940419
vn 0.038466 -0.337838 -0.940418
vn 0.038466 -0.337838 -0.940418
vn 0.038466 -0.337838 -0.940418
vn 0.038466 -0.337838 -0.940418
vn -0.041466 0.000000 0.999140
vn -0.041466 0.000000 0.999140
vn -0.041466 0.000000 0.999140
vn -0.041466 0.000000 0.999140
vn 0.999138 0.000000 0.041524
vn 0.999138 0.000000 0.041524
vn 0.999138 0.000000 0.041524
vn 0.999138 0.000000 0.041524
vn 0.041467 0.000000 -0.999140
vn 0.041467 0.000000 -0.999140
vn 0.041467 0.000000 -0.999140
vn 0.041467 0.000000 -0.999140
vn -0.999134 0.000007 -0.041617
vn -0.999134 0.000007 -0.041617
vn -0.999134 0.000007 -0.041617
vn -0.999134 0.000007 -0.041617
vn -0.000004 -1.000000 0.000019
vn -0.000004 -1.000000 0.000019
vn -0.000004 -1.000000 0.000019
vn -0.000004 -1.000000 0.000019
vn 0.000008 1.000000 0.000000
vn 0.000008 1.000000 0.000000
vn 0.000008 1.000000 0.000000
vn 0.000008 1.000000 0.000000
vn -0.041466 0.000000 0.999140
vn -0.041466 0.000000 0.999140
vn -0.041466 0.000000 0.999140
vn -0.041466 0.000000 0.999140
vn -0.041472 0.000000 0.999140
vn -0.041472 0.000000 0.999140
vn -0.041472 0.000000 0.999140
vn -0.041472 0.000000 0.999140
vn -0.041472 0.000000 0.999140
vn -0.041472 0.000000 0.999140
vn -0.041472 0.000000 0.999140
vn -0.041472 0.000000 0.999140
vn 0.999138 0.000000 0.041524
vn 0.999138 0.000000 0.041524
vn 0.999138 0.000000 0.041524
vn 0.999138 0.000000 0.041524
vn 0.999130 0.000000 0.041710
vn 0.999130 0.000000 0.041710
vn 0.999130 0.000000 0.041710
vn 0.999130 0.000000 0.041710
vn 0.999130 0.000000 0.041710
vn 0.999130 0.000000 0.041710
vn 0.999130 0.000000 0.041710
vn 0.999130 0.000000 0.041710
vn 0.041467 0.000000 -0.999140
vn 0.041467 0.000000 -0.999140
vn 0.041467 0.000000 -0.999140
vn 0.041467 0.000000 -0.999140
vn 0.041472 0.000000 -0.999140
vn 0.041472 0.000000 -0.999140
vn 0.041472 0.000000 -0.999140
vn 0.041472 0.000000 -0.999140
vn 0.041472 0.000000 -0.999140
vn 0.041472 0.000000 -0.999140
vn 0.041472 0.000000 -0.999140
vn 0.041472 0.000000 -0.999140
vn -0.999134 -0.000007 -0.041617
vn -0.999134 -0.000007 -0.041617
vn -0.999134 -0.000007 -0.041617
vn -0.999134 -0.000007 -0.041617
vn -0.999134 -0.000005 -0.041617
vn -0.999134 -0.000005 -0.041617
vn -0.999134 -0.000005 -0.041617
vn -0.999134 -0.000005 -0.041617
vn -0.999134 0.000005 -0.041617
vn -0.999134 0.000005 -0.041617
vn -0.999134 0.000005 -0.041617
vn -0.999134 0.000005 -0.041617
vn -0.000004 -1.000000 -0.000013
vn -0.000004 -1.000000 -0.000013
vn -0.000004 -1.000000 -0.000013
vn -0.000004 -1.000000 -0.000013
vn 0.000004 -1.000000 -0.000018
vn 0.000004 -1.000000 -0.000018
vn 0.000004 -1.000000 -0.000018
vn 0.000004 -1.000000 -0.000018
vn 0.000004 -1.000000 0.000013
vn 0.000004 -1.000000 0.000013
vn 0.000004 -1.000000 0.000013
vn 0.000004 -1.000000 0.000013
vn 0.000009 1.000000 -0.000013
vn 0.000009 1.000000 -0.000013
vn 0.000009 1.000000 -0.000013
vn 0.000009 1.000000 -0.000013
vn -0.000008 1.000000 -0.000001
vn -0.000008 1.000000 -0.000001
vn -0.000008 1.000000 -0.000001
vn -0.000008 1.000000 -0.000001
vn -0.000009 1.000000 0.000013
vn -0.000009 1.000000 0.000013
vn -0.000009 1.000000 0.000013
vn -0.000009 1.000000 0.000013
vn -0.999165 0.000000 -0.040851
vn -0.999165 0.000000 -0.040851
vn -0.999165 0.000000 -0.040851
vn -0.999165 0.000000 -0.040851
vn -0.128813 0.991655 -0.005274
vn -0.128809 0.991656 -0.005269
vn -0.053622 0.998559 -0.002194
vn -0.053626 0.998559 -0.002199
vn 0.999159 0.000000 0.041002
vn 0.999165 0.000000 0.040868
vn 0.999165 0.000000 0.040860
vn 0.999159 0.000000 0.041002
vn 0.000000 -1.000000 0.000004
vn 0.000000 -1.000000 0.000001
vn 0.000000 -1.000000 0.000000
vn 0.000000 -1.000000 0.000000
vn -0.040875 0.000000 0.999164
vn -0.040871 0.000000 0.999164
vn -0.040870 0.000000 0.999165
vn -0.040876 0.000000 0.999164
vn 0.040870 0.000000 -0.999165
vn 0.040870 0.000000 -0.999164
vn 0.040874 0.000000 -0.999164
vn 0.040873 0.000000 -0.999164
vn -0.999164 0.000000 -0.040880
vn -0.999164 0.000000 -0.040888
vn -0.999164 0.000000 -0.040888
vn -0.999165 0.000000 -0.040870
vn -0.999163 0.000000 -0.040909
vn -0.999164 0.000000 -0.040881
vn -0.999159 0.000000 -0.041003
vn -0.999159 0.000000 -0.041003
vn 0.000000 1.000000 0.000000
vn 0.000000 1.000000 0.000000
vn 0.000000 1.000000 0.000000
vn 0.000000 1.000000 0.000000
vn 0.040890 0.000000 -0.999164
vn 0.040890 0.000000 -0.999164
vn 0.040890 0.000000 -0.999164
vn 0.040890 0.000000 -0.999164
vn 0.000000 -1.000000 0.000001
vn 0.000000 -1.000000 0.000001
vn 0.000000 -1.000000 0.000001
vn 0.000000 -1.000000 0.000001
vn -0.040891 0.000000 0.999164
vn -0.040891 0.000000 0.999164
vn -0.040891 0.000000 0.999164
vn -0.040891 0.000000 0.999164
vn -0.053623 0.998559 -0.002195
vn -0.053622 0.998559 -0.002194
vn -0.128809 0.991656 -0.005269
vn -0.128809 0.991656 -0.005274
vn 0.999167 0.000000 0.040816
vn 0.999167 0.000000 0.040816
vn 0.999165 0.000000 0.040845
vn 0.999165 0.000000 0.040845
vn 0.000000 -1.000000 0.000000
vn 0.000000 -1.000000 0.000000
vn 0.000000 -1.000000 -0.000000
vn 0.000000 -1.000000 -0.000000
vn -0.999164 0.000000 -0.040880
vn -0.999165 0.000000 -0.040870
vn -0.999164 0.000000 -0.040888
vn -0.999164 0.000000 -0.040888
vn -0.040876 0.000000 0.999164
vn -0.040871 0.000000 0.999164
vn -0.040871 0.000000 0.999164
vn -0.040875 0.000000 0.999164
vn 0.999166 0.000000 0.040846
vn 0.999165 0.000000 0.040846
vn 0.999167 0.000000 0.040816
vn 0.999167 0.000000 0.040816
vn 0.999159 0.000000 0.041002
vn 0.999165 0.000000 0.040860
vn 0.999165 0.000000 0.040869
vn 0.999159 0.000000 0.041002
vn 0.040870 0.000000 -0.999164
vn 0.040870 0.000000 -0.999164
vn 0.040874 0.000000 -0.999164
vn 0.040874 0.000000 -0.999164
vn -0.999163 0.000000 -0.040910
vn -0.999159 0.000000 -0.041003
vn -0.999159 0.000000 -0.041003
vn -0.999164 0.000000 -0.040882
vn -0.999159 0.000000 -0.041003
vn -0.999159 0.000000 -0.041003
vn 0.999159 0.000000 0.041002
vn -0.053623 0.998559 -0.002197
vn -0.053620 0.998559 -0.002197
vn -0.128811 0.991655 -0.005283
vn -0.128811 0.991655 -0.005283
vn 0.999162 0.000000 0.040918
vn 0.999162 0.000000 0.040918
vn 0.999162 0.000000 0.040918
vn 0.999162 0.000000 0.040918
vn 0.999163 0.000000 0.040918
vn 0.999163 0.000000 0.040918
vn 0.999162 0.000000 0.040918
vn 0.999162 0.000000 0.040918
vn 0.000000 -1.000000 -0.000004
vn 0.000000 -1.000000 -0.000002
vn 0.000000 -1.000000 -0.000002
vn 0.000000 -1.000000 -0.000004
vn -0.999159 0.000000 -0.040999
vn -0.999159 0.000000 -0.040999
vn -0.999159 0.000000 -0.040999
vn -0.999159 0.000000 -0.040999
vn -0.999159 0.000000 -0.040999
vn -0.999159 0.000000 -0.040999
vn -0.999159 0.000000 -0.040999
vn -0.999159 0.000000 -0.040999
vn 0.999166 0.000000 0.040844
vn 0.999166 0.000000 0.040844
vn 0.999166 0.000000 0.040844
vn 0.999166 0.000000 0.040844
vn -0.051590 0.998666 -0.002111
vn -0.051589 0.998666 -0.002111
vn -0.122239 0.992488 -0.005003
vn -0.122239 0.992488 -0.005003
vn -0.999163 0.000000 -0.040909
vn -0.999163 0.000000 -0.040909
vn -0.999163 0.000000 -0.040909
vn -0.999163 0.000000 -0.040909
vn -0.999163 0.000000 -0.040909
vn -0.999163 0.000000 -0.040909
vn -0.999163 0.000000 -0.040909
vn -0.999163 0.000000 -0.040909
vn 0.000000 -1.000000 0.000002
vn 0.000000 -1.000000 0.000001
vn 0.000000 -1.000000 0.000001
vn 0.000000 -1.000000 0.000002
vn 0.999166 0.000000 0.040844
vn 0.999166 0.000000 0.040844
vn 0.999166 0.000000 0.040844
vn 0.999166 0.000000 0.040844
vn 0.443505 0.000000 0.896272
vn 0.443505 0.000000 0.896272
vn 0.443505 0.000000 0.896272
vn 0.443505 0.000000 0.896272
vn 0.514884 0.000000 -0.857260
vn 0.514884 0.000000 -0.857260
vn 0.514884 0.000000 -0.857260
vn 0.514884 0.000000 -0.857260
vn 0.006734 0.495291 -0.868701
vn 0.011603 0.497749 -0.867244
vn -0.024778 0.479009 -0.877460
vn -0.024778 0.479009 -0.877460
vn -0.096403 0.479474 0.872245
vn -0.059269 0.498291 0.864982
vn -0.064252 0.495821 0.866045
vn -0.096403 0.479474 0.872245
vn -0.443071 0.000000 -0.896486
vn -0.443071 0.000000 -0.896487
vn -0.443071 0.000000 -0.896487
vn -0.443071 0.000000 -0.896487
vn -0.514774 0.000000 0.857326
vn -0.514774 0.000000 0.857326
vn -0.514774 0.000000 0.857326
vn -0.514774 0.000000 0.857326
vn -0.443059 0.000000 -0.896493
vn -0.443059 0.000000 -0.896493
vn -0.443059 0.000000 -0.896493
vn -0.443059 0.000000 -0.896493
vn -0.514775 0.000000 0.857325
vn -0.514775 0.000000 0.857325
vn -0.514775 0.000000 0.857325
vn -0.514775 0.000000 0.857325
vn -0.443074 0.000000 -0.896485
vn -0.443074 0.000000 -0.896485
vn -0.443074 0.000000 -0.896485
vn -0.443074 0.000000 -0.896485
vn -0.514778 0.000000 0.857323
vn -0.514778 0.000000 0.857323
vn -0.514778 0.000000 0.857323
vn -0.514778 0.000000 0.857323
vn 0.035168 -0.509411 -0.859804
vn 0.035169 -0.509417 -0.859801
vn 0.035169 -0.509416 -0.859801
vn 0.035168 -0.509411 -0.859804
vn -0.035153 -0.509960 0.859479
vn -0.035152 -0.509969 0.859474
vn -0.035155 -0.509920 0.859503
vn -0.035155 -0.509921 0.859503
vn 0.514880 0.000000 -0.857262
vn 0.514880 0.000000 -0.857262
vn 0.514880 0.000000 -0.857262
vn 0.514880 0.000000 -0.857262
vn 0.443502 0.000000 0.896273
vn 0.443502 0.000000 0.896273
vn 0.443502 0.000000 0.896273
vn 0.443502 0.000000 0.896273
vn 0.443508 0.000000 0.896270
vn 0.443508 0.000000 0.896270
vn 0.443508 0.000000 0.896270
vn 0.443508 0.000000 0.896270
vn 0.514882 0.000000 -0.857261
vn 0.514882 0.000000 -0.857261
vn 0.514882 0.000000 -0.857261
vn 0.514882 0.000000 -0.857261
vn 0.040875 0.000000 -0.999164
vn 0.040870 0.000000 -0.999164
vn 0.040870 0.000000 -0.999165
vn 0.040874 0.000000 -0.999164
vn 0.040875 0.000000 -0.999164
vn 0.040871 0.000000 -0.999165
vn 0.040870 0.000000 -0.999165
vn 0.040875 0.000000 -0.999164
vn 0.000000 -1.000000 0.000000
vn 0.000000 -1.000000 -0.000001
vn 0.000000 -1.000000 0.000000
vn 0.000000 -1.000000 0.000004
vn 0.000000 -1.000000 0.000000
vn 0.000000 -1.000000 0.000000
vn 0.000000 -1.000000 0.000002
vn 0.000000 -1.000000 0.000006
vn 0.035169 -0.509414 -0.859803
vn 0.035169 -0.509417 -0.859801
vn 0.035169 -0.509407 -0.859807
vn 0.035169 -0.509407 -0.859807
vn 0.000000 -1.000000 -0.000001
vn 0.000000 -1.000000 -0.000001
vn 0.000000 -1.000000 -0.000003
vn 0.000000 -1.000000 -0.000003
vn -0.035157 -0.510063 0.859418
vn -0.035153 -0.510015 0.859447
vn -0.035154 -0.510029 0.859438
vn -0.035157 -0.510063 0.859418
vn 0.000000 -1.000000 0.000000
vn 0.000000 -1.000000 0.000000
vn 0.000000 -1.000000 0.000000
vn 0.000000 -1.000000 0.000000
vn -0.040869 0.000000 0.999165
vn -0.040869 0.000000 0.999165
vn -0.040872 0.000000 0.999164
vn -0.040871 0.000000 0.999164
vn -0.040869 0.000000 0.999165
vn -0.040871 0.000000 0.999164
vn -0.040869 0.000000 0.999165
vn -0.040872 0.000000 0.999164
vn 0.148511 0.988892 0.006075
vn 0.056781 0.998384 0.002325
vn 0.056784 0.998384 0.002325
vn 0.148511 0.988892 0.006075
vn -0.001233 0.490293 0.871557
vn -0.013541 0.497543 0.867334
vn 0.032918 0.469609 0.882261
vn 0.032918 0.469609 0.882261
vn 0.141935 0.989859 0.005805
vn 0.054824 0.998494 0.002242
vn 0.054823 0.998494 0.002242
vn 0.141935 0.989859 0.005805
vn 0.104787 0.468985 -0.876968
vn 0.057318 0.496945 -0.865887
vn 0.069927 0.489682 -0.869093
vn 0.104787 0.468985 -0.876968
vn 0.148511 0.988892 0.006073
vn 0.056784 0.998384 0.002322
vn 0.056782 0.998384 0.002322
vn 0.148507 0.988893 0.006072
vn 0.148511 0.988892 0.006075
vn 0.056783 0.998384 0.002322
vn 0.056784 0.998384 0.002325
vn 0.148512 0.988892 0.006090
vn 0.999159 0.000000 0.041002
vn 0.040873 0.000000 -0.999164
vn 0.040873 0.000000 -0.999164
vn 0.040871 0.000000 -0.999164
vn 0.040871 0.000000 -0.999164
vn 0.040871 0.000000 -0.999164
vn 0.040871 0.000000 -0.999164
vn 0.040873 0.000000 -0.999164
vn 0.040873 0.000000 -0.999164
vn 0.040870 0.000000 -0.999164
vn 0.040875 0.000000 -0.999164
vn 0.040875 0.000000 -0.999164
vn 0.040870 0.000000 -0.999164
vn 0.040870 0.000000 -0.999165
vn 0.040875 0.000000 -0.999164
vn 0.040870 0.000000 -0.999164
vn 0.040875 0.000000 -0.999164
vn 0.556157 0.000000 -0.831077
vn 0.556157 0.000000 -0.831077
vn 0.556157 0.000000 -0.831077
vn 0.556157 0.000000 -0.831077
vn 0.023131 -0.824458 -0.565451
vn 0.023131 -0.824458 -0.565451
vn 0.023131 -0.824458 -0.565451
vn 0.023131 -0.824458 -0.565451
vn 0.023132 0.824461 -0.565446
vn 0.023132 0.824461 -0.565446
vn 0.023132 0.824461 -0.565446
vn 0.023132 0.824461 -0.565446
vn 0.023129 -0.824463 -0.565443
vn 0.023129 -0.824463 -0.565443
vn 0.023129 -0.824463 -0.565443
vn 0.023129 -0.824463 -0.565443
vn 0.023129 0.824465 -0.565441
vn 0.023129 0.824464 -0.565441
vn 0.023129 0.824465 -0.565441
vn 0.023129 0.824465 -0.565441
vn 0.023130 -0.824465 -0.565441
vn 0.023130 -0.824465 -0.565441
vn 0.023130 -0.824465 -0.565441
vn 0.023130 -0.824465 -0.565441
vn -0.486498 0.000000 -0.873682
vn -0.486498 0.000000 -0.873682
vn -0.486498 0.000000 -0.873682
vn -0.486498 0.000000 -0.873682
vn 0.023131 0.824467 -0.565437
vn 0.023131 0.824467 -0.565437
vn 0.023131 0.824467 -0.565437
vn 0.023131 0.824467 -0.565437
vn -0.999168 0.000000 -0.040790
vn -0.999168 0.000000 -0.040790
vn -0.999168 0.000000 -0.040790
vn -0.999168 0.000000 -0.040790
vn 0.000000 1.000000 0.000000
vn 0.000000 1.000000 0.000000
vn 0.000000 1.000000 0.000000
vn 0.000000 1.000000 0.000000
vn 0.999166 0.000063 0.040828
vn 0.999166 0.000063 0.040828
vn 0.999166 0.000063 0.040828
vn 0.999166 0.000063 0.040828
vn 0.000000 -1.000000 0.000000
vn 0.000000 -1.000000 0.000000
vn 0.000000 -1.000000 0.000000
vn 0.000000 -1.000000 0.000000
vn -0.038465 -0.337839 0.940418
vn -0.038465 -0.337839 0.940418
vn -0.038465 -0.337839 0.940418
vn -0.038465 -0.337839 0.940418
vn 0.038465 -0.337841 -0.940417
vn 0.038465 -0.337841 -0.940417
vn 0.038465 -0.337841 -0.940417
vn 0.038465 -0.337841 -0.940417
vn -0.044820 0.000000 0.998995
vn -0.044820 0.000000 0.998995
vn -0.044820 0.000000 0.998995
vn -0.044820 0.000000 0.998995
vn 0.000000 1.000000 0.000010
vn 0.000000 1.000000 0.000010
vn 0.000000 1.000000 0.000010
vn 0.000000 1.000000 0.000010
vn 0.044819 0.000009 -0.998995
vn 0.044819 0.000009 -0.998995
vn 0.044819 0.000009 -0.998995
vn 0.044819 0.000009 -0.998995
vn 0.000000 -1.000000 0.000000
vn 0.000000 -1.000000 0.000000
vn 0.000000 -1.000000 0.000000
vn 0.000000 -1.000000 0.000000
vn 0.996060 0.000000 0.088679
vn 0.996060 0.000000 0.088679
vn 0.996060 0.000000 0.088679
vn 0.996060 0.000000 0.088679
vn -0.996065 0.000059 -0.088632
vn -0.996065 0.000059 -0.088631
vn -0.996064 0.000059 -0.088631
vn -0.996064 0.000059 -0.088631
vn -0.044820 0.000000 0.998995
vn -0.044820 0.000000 0.998995
vn -0.044820 0.000000 0.998995
vn -0.044820 0.000000 0.998995
vn -0.044820 0.000000 0.998995
vn -0.044820 0.000000 0.998995
vn -0.044820 0.000000 0.998995
vn -0.044820 0.000000 0.998995
vn -0.044820 0.000000 0.998995
vn -0.044820 0.000000 0.998995
vn -0.044820 0.000000 0.998995
vn -0.044820 0.000000 0.998995
vn 0.000000 1.000000 -0.000002
vn 0.000000 1.000000 -0.000002
vn 0.000000 1.000000 -0.000002
vn 0.000000 1.000000 -0.000002
vn 0.000000 1.000000 0.000000
vn 0.000000 1.000000 0.000000
vn 0.000000 1.000000 0.000000
vn 0.000000 1.000000 0.000000
vn 0.000000 1.000000 -0.000006
vn 0.000000 1.000000 -0.000006
vn 0.000000 1.000000 -0.000006
vn 0.000000 1.000000 -0.000006
vn 0.044820 0.000009 -0.998995
vn 0.044820 0.000009 -0.998995
vn 0.044820 0.000009 -0.998995
vn 0.044820 0.000009 -0.998995
vn 0.044820 -0.000009 -0.998995
vn 0.044820 -0.000009 -0.998995
vn 0.044820 -0.000009 -0.998995
vn 0.044820 -0.000009 -0.998995
vn 0.044819 -0.000009 -0.998995
vn 0.044819 -0.000009 -0.998995
vn 0.044819 -0.000009 -0.998995
vn 0.044819 -0.000009 -0.998995
vn 0.000000 -1.000000 0.000001
vn 0.000000 -1.000000 0.000001
vn 0.000000 -1.000000 0.000001
vn 0.000000 -1.000000 0.000001
vn 0.000000 -1.000000 0.000000
vn 0.000000 -1.000000 0.000000
vn 0.000000 -1.000000 0.000000
vn 0.000000 -1.000000 0.000000
vn 0.000000 -1.000000 -0.000003
vn 0.000000 -1.000000 -0.000003
vn 0.000000 -1.000000 -0.000003
vn 0.000000 -1.000000 -0.000003
vn 0.996060 0.000000 0.088679
vn 0.996060 0.000000 0.088679
vn 0.996060 0.000000 0.088679
vn 0.996060 0.000000 0.088679
vn 0.996060 0.000000 0.088678
vn 0.996060 0.000000 0.088678
vn 0.996060 0.000000 0.088678
vn 0.996060 0.000000 0.088678
vn 0.996060 0.000000 0.088678
vn 0.996060 0.000000 0.088678
vn 0.996060 0.000000 0.088678
vn 0.996060 0.000000 0.088678
vn -0.996056 0.000089 -0.088729
vn -0.996056 0.000089 -0.088729
vn -0.996056 0.000089 -0.088729
vn -0.996056 0.000089 -0.088729
vn -0.996056 -0.000089 -0.088728
vn -0.996056 -0.000089 -0.088728
vn -0.996056 -0.000089 -0.088728
vn -0.996056 -0.000089 -0.088728
vn -0.996065 -0.000059 -0.088630
vn -0.996065 -0.000059 -0.088630
vn -0.996065 -0.000059 -0.088630
vn -0.996065 -0.000059 -0.088630
vn -0.041467 0.000000 0.999140
vn -0.041467 0.000000 0.999140
vn -0.041467 0.000000 0.999140
vn -0.041467 0.000000 0.999140
vn 0.999134 0.000005 0.041617
vn 0.999134 0.000005 0.041617
vn 0.999134 0.000005 0.041617
vn 0.999134 0.000005 0.041617
vn 0.041469 0.000000 -0.999140
vn 0.041469 0.000000 -0.999140
vn 0.041469 0.000000 -0.999140
vn 0.041469 0.000000 -0.999140
vn -0.999138 0.000000 -0.041524
vn -0.999138 0.000000 -0.041524
vn -0.999138 0.000000 -0.041524
vn -0.999138 0.000000 -0.041524
vn -0.000004 -1.000000 0.000019
vn -0.000004 -1.000000 0.000019
vn -0.000004 -1.000000 0.000019
vn -0.000004 -1.000000 0.000019
vn 0.000008 1.000000 0.000000
vn 0.000008 1.000000 0.000000
vn 0.000008 1.000000 0.000000
vn 0.000008 1.000000 0.000000
vn -0.041467 0.000000 0.999140
vn -0.041467 0.000000 0.999140
vn -0.041467 0.000000 0.999140
vn -0.041467 0.000000 0.999140
vn -0.041471 0.000000 0.999140
vn -0.041471 0.000000 0.999140
vn -0.041471 0.000000 0.999140
vn -0.041471 0.000000 0.999140
vn -0.041471 0.000000 0.999140
vn -0.041471 0.000000 0.999140
vn -0.041471 0.000000 0.999140
vn -0.041471 0.000000 0.999140
vn 0.999134 -0.000005 0.041617
vn 0.999134 -0.000005 0.041617
vn 0.999134 -0.000005 0.041617
vn 0.999134 -0.000005 0.041617
vn 0.999134 -0.000007 0.041617
vn 0.999134 -0.000007 0.041617
vn 0.999134 -0.000007 0.041617
vn 0.999134 -0.000007 0.041617
vn 0.999134 0.000007 0.041617
vn 0.999134 0.000007 0.041617
vn 0.999134 0.000007 0.041617
vn 0.999134 0.000007 0.041617
vn 0.041469 -0.000000 -0.999140
vn 0.041469 -0.000000 -0.999140
vn 0.041469 -0.000000 -0.999140
vn 0.041469 -0.000000 -0.999140
vn 0.041469 -0.000000 -0.999140
vn 0.041469 -0.000000 -0.999140
vn 0.041469 -0.000000 -0.999140
vn 0.041469 -0.000000 -0.999140
vn 0.041469 0.000000 -0.999140
vn 0.041469 0.000000 -0.999140
vn 0.041469 0.000000 -0.999140
vn 0.041469 0.000000 -0.999140
vn -0.999138 0.000000 -0.041524
vn -0.999138 0.000000 -0.041524
vn -0.999138 0.000000 -0.041524
vn -0.999138 0.000000 -0.041524
vn -0.999130 0.000000 -0.041710
vn -0.999130 0.000000 -0.041710
vn -0.999130 0.000000 -0.041710
vn -0.999130 0.000000 -0.041710
vn -0.999130 0.000000 -0.041710
vn -0.999130 0.000000 -0.041710
vn -0.999130 0.000000 -0.041710
vn -0.999130 0.000000 -0.041710
vn -0.000004 -1.000000 -0.000013
vn -0.000004 -1.000000 -0.000013
vn -0.000004 -1.000000 -0.000013
vn -0.000004 -1.000000 -0.000013
vn 0.000004 -1.000000 -0.000018
vn 0.000004 -1.000000 -0.000018
vn 0.000004 -1.000000 -0.000018
vn 0.000004 -1.000000 -0.000018
vn 0.000004 -1.000000 0.000013
vn 0.000004 -1.000000 0.000013
vn 0.000004 -1.000000 0.000013
vn 0.000004 -1.000000 0.000013
vn 0.000009 1.000000 -0.000013
vn 0.000009 1.000000 -0.000013
vn 0.000009 1.000000 -0.000013
vn 0.000009 1.000000 -0.000013
vn -0.000008 1.000000 -0.000001
vn -0.000008 1.000000 -0.000001
vn -0.000008 1.000000 -0.000001
vn -0.000008 1.000000 -0.000001
vn -0.000009 1.000000 0.000013
vn -0.000009 1.000000 0.000013
vn -0.000009 1.000000 0.000013
vn -0.000009 1.000000 0.000013
vn -0.040649 0.000000 0.999174
vn -0.040649 0.000000 0.999174
vn -0.040649 0.000000 0.999174
vn -0.040649 0.000000 0.999174
vn 0.000000 1.000000 -0.000000
vn 0.000000 1.000000 -0.000000
vn 0.000000 1.000000 -0.000000
vn 0.000000 1.000000 -0.000000
vn 0.040649 0.000000 -0.999174
vn 0.040649 0.000000 -0.999174
vn 0.040649 0.000000 -0.999174
vn 0.040649 0.000000 -0.999174
vn 0.000000 -1.000000 -0.000000
vn 0.000000 -1.000000 -0.000000
vn 0.000000 -1.000000 -0.000000
vn 0.000000 -1.000000 -0.000000
vn 0.999174 0.000000 0.040645
vn 0.999174 0.000000 0.040645
vn 0.999174 0.000000 0.040645
vn 0.999174 0.000000 0.040645
vn -0.999173 0.000000 -0.040656
vn -0.999173 0.000000 -0.040656
vn -0.999173 0.000000 -0.040656
vn -0.999173 0.000000 -0.040656
vn 0.000000 1.000000 0.000001
vn 0.000000 1.000000 0.000001
vn 0.000000 1.000000 0.000001
vn 0.000000 1.000000 0.000001
vn 0.000000 1.000000 0.000000
vn 0.000000 1.000000 0.000000
vn 0.000000 1.000000 0.000000
vn 0.000000 1.000000 0.000000
vn 0.000000 1.000000 0.000000
vn 0.000000 1.000000 0.000000
vn 0.000000 1.000000 0.000000
vn 0.000000 1.000000 0.000000
vn 0.000000 1.000000 0.000000
vn 0.000000 1.000000 0.000000
vn 0.000000 1.000000 0.000000
vn 0.000000 1.000000 0.000000
vn 0.040649 0.000000 -0.999174
vn 0.040649 0.000000 -0.999174
vn 0.040649 0.000000 -0.999174
vn 0.040649 0.000000 -0.999174
vn -0.999174 0.000000 -0.040641
vn -0.999174 0.000000 -0.040641
vn -0.999174 0.000000 -0.040641
vn -0.999174 0.000000 -0.040641
vn -0.040649 0.000000 0.999174
vn -0.040649 0.000000 0.999174
vn -0.040649 0.000000 0.999174
vn -0.040649 0.000000 0.999174
vn 0.999174 0.000000 0.040641
vn 0.999174 0.000000 0.040641
vn 0.999174 0.000000 0.040641
vn 0.999174 0.000000 0.040641
vn -0.043424 0.000000 0.999057
vn -0.043424 0.000000 0.999057
vn -0.043424 0.000000 0.999057
vn -0.043424 0.000000 0.999057
vn 0.000000 1.000000 0.000000
vn 0.000000 1.000000 0.000000
vn 0.000000 1.000000 0.000000
vn 0.000000 1.000000 0.000000
vn 0.043422 0.000000 -0.999057
vn 0.043422 0.000000 -0.999057
vn 0.043422 0.000000 -0.999057
vn 0.043422 0.000000 -0.999057
vn -0.000000 -1.000000 0.000000
vn -0.000000 -1.000000 0.000000
vn -0.000000 -1.000000 0.000000
vn -0.000000 -1.000000 0.000000
vn 0.999838 -0.000059 0.017996
vn 0.999838 -0.000059 0.017996
vn 0.999838 -0.000059 0.017996
vn 0.999838 -0.000059 0.017996
vn -0.999838 0.000074 -0.017996
vn -0.999838 0.000074 -0.017996
vn -0.999838 0.000074 -0.017996
vn -0.999838 0.000074 -0.017996
vn -0.043424 0.000000 0.999057
vn -0.043424 0.000000 0.999057
vn -0.043424 0.000000 0.999057
vn -0.043424 0.000000 0.999057
vn -0.043424 0.000000 0.999057
vn -0.043424 0.000000 0.999057
vn -0.043424 0.000000 0.999057
vn -0.043424 0.000000 0.999057
vn -0.043424 0.000000 0.999057
vn -0.043424 0.000000 0.999057
vn -0.043424 0.000000 0.999057
vn -0.043424 0.000000 0.999057
vn -0.000000 1.000000 0.000000
vn -0.000000 1.000000 0.000000
vn -0.000000 1.000000 0.000000
vn -0.000000 1.000000 0.000000
vn -0.000000 1.000000 0.000000
vn -0.000000 1.000000 0.000000
vn -0.000000 1.000000 0.000000
vn -0.000000 1.000000 0.000000
vn 0.000000 1.000000 0.000001
vn 0.000000 1.000000 0.000001
vn 0.000000 1.000000 0.000001
vn 0.000000 1.000000 0.000001
vn 0.043424 0.000000 -0.999057
vn 0.043424 0.000000 -0.999057
vn 0.043424 0.000000 -0.999057
vn 0.043424 0.000000 -0.999057
vn 0.043424 0.000000 -0.999057
vn 0.043424 0.000000 -0.999057
vn 0.043424 0.000000 -0.999057
vn 0.043424 0.000000 -0.999057
vn 0.043422 0.000000 -0.999057
vn 0.043422 0.000000 -0.999057
vn 0.043422 0.000000 -0.999057
vn 0.043422 0.000000 -0.999057
vn 0.000000 -1.000000 0.000001
vn 0.000000 -1.000000 0.000001
vn 0.000000 -1.000000 0.000001
vn 0.000000 -1.000000 0.000001
vn 0.000000 -1.000000 0.000000
vn 0.000000 -1.000000 0.000000
vn 0.000000 -1.000000 0.000000
vn 0.000000 -1.000000 0.000000
vn -0.000000 -1.000000 -0.000000
vn -0.000000 -1.000000 -0.000000
vn -0.000000 -1.000000 -0.000000
vn -0.000000 -1.000000 -0.000000
vn 0.999838 -0.000089 0.017996
vn 0.999838 -0.000089 0.017996
vn 0.999838 -0.000089 0.017996
vn 0.999838 -0.000089 0.017996
vn 0.999838 0.000089 0.017996
vn 0.999838 0.000089 0.017996
vn 0.999838 0.000089 0.017996
vn 0.999838 0.000089 0.017996
vn 0.999838 0.000059 0.017996
vn 0.999838 0.000059 0.017996
vn 0.999838 0.000059 0.017996
vn 0.999838 0.000059 0.017996
vn -0.999838 0.000080 -0.017997
vn -0.999838 0.000080 -0.017997
vn -0.999838 0.000080 -0.017997
vn -0.999838 0.000080 -0.017997
vn -0.999838 -0.000074 -0.017997
vn -0.999838 -0.000074 -0.017997
vn -0.999838 -0.000074 -0.017997
vn -0.999838 -0.000074 -0.017997
vn -0.999838 -0.000069 -0.017997
vn -0.999838 -0.000069 -0.017997
vn -0.999838 -0.000069 -0.017997
vn -0.999838 -0.000069 -0.017997
vn -0.043811 0.000001 0.999040
vn -0.043811 0.000001 0.999040
vn -0.043811 0.000001 0.999040
vn -0.043811 0.000001 0.999040
vn 0.999842 0.000002 0.017776
vn 0.999842 0.000002 0.017776
vn 0.999842 0.000002 0.017776
vn 0.999842 0.000002 0.017776
vn 0.043811 0.000001 -0.999040
vn 0.043811 0.000001 -0.999040
vn 0.043811 0.000001 -0.999040
vn 0.043811 0.000001 -0.999040
vn -0.999842 -0.000000 -0.017776
vn -0.999842 -0.000000 -0.017776
vn -0.999842 -0.000000 -0.017776
vn -0.999842 -0.000000 -0.017776
vn 0.000000 -1.000000 0.000002
vn 0.000000 -1.000000 0.000002
vn 0.000000 -1.000000 0.000002
vn 0.000000 -1.000000 0.000002
vn -0.000003 1.000000 0.000002
vn -0.000003 1.000000 0.000002
vn -0.000003 1.000000 0.000002
vn -0.000003 1.000000 0.000002
vn -0.043812 -0.000001 0.999040
vn -0.043812 -0.000001 0.999040
vn -0.043812 -0.000001 0.999040
vn -0.043812 -0.000001 0.999040
vn -0.043788 -0.000001 0.999041
vn -0.043789 -0.000001 0.999041
vn -0.043788 -0.000001 0.999041
vn -0.043788 -0.000001 0.999041
vn -0.043789 0.000001 0.999041
vn -0.043789 0.000001 0.999041
vn -0.043789 0.000001 0.999041
vn -0.043789 0.000001 0.999041
vn 0.999842 -0.000003 0.017776
vn 0.999842 -0.000003 0.017776
vn 0.999842 -0.000003 0.017776
vn 0.999842 -0.000003 0.017776
vn 0.999842 -0.000001 0.017776
vn 0.999842 -0.000001 0.017776
vn 0.999842 -0.000001 0.017776
vn 0.999842 -0.000001 0.017776
vn 0.999842 0.000000 0.017776
vn 0.999842 0.000000 0.017776
vn 0.999842 0.000000 0.017776
vn 0.999842 0.000000 0.017776
vn 0.043811 -0.000001 -0.999040
vn 0.043811 -0.000001 -0.999040
vn 0.043811 -0.000001 -0.999040
vn 0.043811 -0.000001 -0.999040
vn 0.043788 -0.000001 -0.999041
vn 0.043788 -0.000001 -0.999041
vn 0.043788 -0.000001 -0.999041
vn 0.043788 -0.000001 -0.999041
vn 0.043788 0.000001 -0.999041
vn 0.043788 0.000001 -0.999041
vn 0.043788 0.000001 -0.999041
vn 0.043788 0.000001 -0.999041
vn -0.999842 0.000000 -0.017776
vn -0.999842 0.000000 -0.017776
vn -0.999842 0.000000 -0.017776
vn -0.999842 0.000000 -0.017776
vn -0.999842 -0.000000 -0.017776
vn -0.999842 -0.000000 -0.017776
vn -0.999842 -0.000000 -0.017776
vn -0.999842 -0.000000 -0.017776
vn -0.999842 0.000000 -0.017776
vn -0.999842 0.000000 -0.017776
vn -0.999842 0.000000 -0.017776
vn -0.999842 0.000000 -0.017776
vn 0.000000 -1.000000 0.000000
vn 0.000000 -1.000000 0.000000
vn 0.000000 -1.000000 0.000000
vn 0.000000 -1.000000 0.000000
vn 0.000000 -1.000000 -0.000002
vn 0.000000 -1.000000 -0.000002
vn 0.000000 -1.000000 -0.000002
vn 0.000000 -1.000000 -0.000002
vn 0.000000 -1.000000 0.000000
vn 0.000000 -1.000000 0.000000
vn 0.000000 -1.000000 0.000000
vn 0.000000 -1.000000 0.000000
vn -0.000003 1.000000 0.000000
vn -0.000003 1.000000 0.000000
vn -0.000003 1.000000 0.000000
vn -0.000003 1.000000 0.000000
vn 0.000003 1.000000 -0.000002
vn 0.000003 1.000000 -0.000002
vn 0.000003 1.000000 -0.000002
vn 0.000003 1.000000 -0.000002
vn 0.000003 1.000000 0.000000
vn 0.000003 1.000000 0.000000
vn 0.000003 1.000000 0.000000
vn 0.000003 1.000000 0.000000
vn -0.040548 -0.000000 0.999178
vn -0.040548 -0.000000 0.999178
vn -0.040548 -0.000000 0.999178
vn -0.040548 -0.000000 0.999178
vn 0.000000 1.000000 0.000000
vn 0.000000 1.000000 0.000000
vn 0.000000 1.000000 0.000000
vn 0.000000 1.000000 0.000000
vn 0.040548 0.000001 -0.999178
vn 0.040548 0.000001 -0.999178
vn 0.040548 0.000001 -0.999178
vn 0.040548 0.000001 -0.999178
vn 0.000000 -1.000000 0.000000
vn 0.000000 -1.000000 0.000000
vn 0.000000 -1.000000 0.000000
vn 0.000000 -1.000000 0.000000
vn 0.714048 0.699497 0.028975
vn 0.714048 0.699497 0.028975
vn 0.714048 0.699497 0.028975
vn 0.714048 0.699497 0.028975
vn -0.714045 0.699499 -0.028975
vn -0.714045 0.699499 -0.028975
vn -0.714045 0.699499 -0.028975
vn -0.714045 0.699499 -0.028975
vn -0.040549 0.000002 0.999178
vn -0.040549 0.000002 0.999178
vn -0.040549 0.000002 0.999178
vn -0.040549 0.000002 0.999178
vn -0.040548 0.000000 0.999178
vn -0.040548 0.000000 0.999178
vn -0.040548 0.000000 0.999178
vn -0.040548 0.000000 0.999178
vn -0.040547 -0.000003 0.999178
vn -0.040547 -0.000003 0.999178
vn -0.040547 -0.000003 0.999178
vn -0.040547 -0.000003 0.999178
vn 0.000000 1.000000 0.000000
vn 0.000000 1.000000 0.000000
vn 0.000000 1.000000 0.000000
vn 0.000000 1.000000 0.000000
vn 0.000000 1.000000 0.000000
vn 0.000000 1.000000 0.000000
vn 0.000000 1.000000 0.000000
vn 0.000000 1.000000 0.000000
vn 0.000000 1.000000 -0.000000
vn 0.000000 1.000000 -0.000000
vn 0.000000 1.000000 -0.000000
vn 0.000000 1.000000 -0.000000
vn 0.040548 0.000000 -0.999178
vn 0.040548 0.000000 -0.999178
vn 0.040548 0.000000 -0.999178
vn 0.040548 0.000000 -0.999178
vn 0.040548 0.000005 -0.999178
vn 0.040548 0.000005 -0.999178
vn 0.040548 0.000005 -0.999178
vn 0.040548 0.000005 -0.999178
vn 0.040548 0.000005 -0.999178
vn 0.040548 0.000005 -0.999178
vn 0.040548 0.000005 -0.999178
vn 0.040548 0.000005 -0.999178
vn 0.000000 -1.000000 0.000000
vn 0.000000 -1.000000 0.000000
vn 0.000000 -1.000000 0.000000
vn 0.000000 -1.000000 0.000000
vn 0.000000 -1.000000 0.000000
vn 0.000000 -1.000000 0.000000
vn 0.000000 -1.000000 0.000000
vn 0.000000 -1.000000 0.000000
vn 0.000000 -1.000000 -0.000000
vn 0.000000 -1.000000 -0.000000
vn 0.000000 -1.000000 -0.000000
vn 0.000000 -1.000000 -0.000000
vn 0.714046 0.699500 0.028968
vn 0.714046 0.699500 0.028968
vn 0.714046 0.699500 0.028968
vn 0.714046 0.699500 0.028968
vn 0.714055 0.699490 0.028972
vn 0.714055 0.699490 0.028972
vn 0.714055 0.699490 0.028972
vn 0.714055 0.699490 0.028972
vn 0.714044 0.699501 0.028975
vn 0.714044 0.699501 0.028975
vn 0.714044 0.699501 0.028975
vn 0.714044 0.699501 0.028975
vn -0.714045 0.699500 -0.028968
vn -0.714045 0.699500 -0.028968
vn -0.714045 0.699500 -0.028968
vn -0.714045 0.699500 -0.028968
vn -0.714045 0.699500 -0.028968
vn -0.714045 0.699500 -0.028968
vn -0.714045 0.699500 -0.028968
vn -0.714045 0.699500 -0.028968
vn -0.714046 0.699498 -0.028975
vn -0.714046 0.699498 -0.028975
vn -0.714046 0.699498 -0.028975
vn -0.714046 0.699498 -0.028975
vn -0.043789 -0.000001 0.999041
vn -0.043789 -0.000001 0.999041
vn -0.043789 -0.000001 0.999041
vn -0.043789 -0.000001 0.999041
vn 0.999840 0.000008 0.017870
vn 0.999840 0.000008 0.017870
vn 0.999840 0.000008 0.017870
vn 0.999840 0.000008 0.017870
vn 0.043811 0.000001 -0.999040
vn 0.043811 0.000001 -0.999040
vn 0.043811 0.000001 -0.999040
vn 0.043811 0.000001 -0.999040
vn -0.999839 0.000000 -0.017963
vn -0.999839 0.000000 -0.017963
vn -0.999839 0.000000 -0.017963
vn -0.999839 0.000000 -0.017963
vn 0.000003 -1.000000 0.000002
vn 0.000003 -1.000000 0.000002
vn 0.000003 -1.000000 0.000002
vn 0.000003 -1.000000 0.000002
vn -0.000003 1.000000 -0.000003
vn -0.000003 1.000000 -0.000003
vn -0.000003 1.000000 -0.000003
vn -0.000003 1.000000 -0.000003
vn -0.043789 0.000001 0.999041
vn -0.043789 0.000001 0.999041
vn -0.043788 0.000001 0.999041
vn -0.043789 0.000001 0.999041
vn -0.043803 0.000001 0.999040
vn -0.043803 0.000001 0.999040
vn -0.043803 0.000001 0.999040
vn -0.043803 0.000001 0.999040
vn -0.043803 -0.000001 0.999040
vn -0.043803 -0.000001 0.999040
vn -0.043803 -0.000001 0.999040
vn -0.043803 -0.000001 0.999040
vn 0.999840 -0.000009 0.017870
vn 0.999840 -0.000009 0.017870
vn 0.999840 -0.000009 0.017870
vn 0.999840 -0.000009 0.017870
vn 0.999844 -0.000006 0.017682
vn 0.999844 -0.000006 0.017682
vn 0.999844 -0.000006 0.017682
vn 0.999844 -0.000006 0.017682
vn 0.999844 0.000006 0.017682
vn 0.999844 0.000006 0.017682
vn 0.999844 0.000006 0.017682
vn 0.999844 0.000006 0.017682
vn 0.043811 -0.000001 -0.999040
vn 0.043811 -0.000001 -0.999040
vn 0.043811 -0.000001 -0.999040
vn 0.043811 -0.000001 -0.999040
vn 0.043788 -0.000001 -0.999041
vn 0.043788 -0.000001 -0.999041
vn 0.043788 -0.000001 -0.999041
vn 0.043788 -0.000001 -0.999041
vn 0.043788 0.000001 -0.999041
vn 0.043788 0.000001 -0.999041
vn 0.043788 0.000001 -0.999041
vn 0.043788 0.000001 -0.999041
vn -0.999839 0.000000 -0.017963
vn -0.999839 0.000000 -0.017963
vn -0.999839 0.000000 -0.017963
vn -0.999839 0.000000 -0.017963
vn -0.999842 0.000000 -0.017776
vn -0.999842 0.000000 -0.017776
vn -0.999842 0.000000 -0.017776
vn -0.999842 0.000000 -0.017776
vn -0.999842 0.000000 -0.017776
vn -0.999842 0.000000 -0.017776
vn -0.999842 0.000000 -0.017776
vn -0.999842 0.000000 -0.017776
vn 0.000003 -1.000000 0.000000
vn 0.000003 -1.000000 0.000000
vn 0.000003 -1.000000 0.000000
vn 0.000003 -1.000000 0.000000
vn -0.000003 -1.000000 -0.000002
vn -0.000003 -1.000000 -0.000002
vn -0.000003 -1.000000 -0.000002
vn -0.000003 -1.000000 -0.000002
vn -0.000003 -1.000000 0.000000
vn -0.000003 -1.000000 0.000000
vn -0.000003 -1.000000 0.000000
vn -0.000003 -1.000000 0.000000
vn -0.000003 1.000000 0.000000
vn -0.000003 1.000000 0.000000
vn -0.000003 1.000000 0.000000
vn -0.000003 1.000000 0.000000
vn 0.000003 1.000000 -0.000002
vn 0.000003 1.000000 -0.000002
vn 0.000003 1.000000 -0.000002
vn 0.000003 1.000000 -0.000002
vn 0.000003 1.000000 -0.000009
vn 0.000003 1.000000 -0.000009
vn 0.000003 1.000000 -0.000009
vn 0.000003 1.000000 -0.000009
vn -0.044403 -0.000002 0.999014
vn -0.044403 -0.000002 0.999014
vn -0.044403 -0.000002 0.999014
vn -0.044403 -0.000002 0.999014
vn -0.000000 1.000000 0.000000
vn -0.000000 1.000000 0.000000
vn -0.000000 1.000000 0.000000
vn -0.000000 1.000000 0.000000
vn 0.044405 0.000000 -0.999014
vn 0.044405 0.000000 -0.999014
vn 0.044405 0.000000 -0.999014
vn 0.044405 0.000000 -0.999014
vn 0.000000 -1.000000 0.000000
vn 0.000000 -1.000000 0.000000
vn 0.000000 -1.000000 0.000000
vn 0.000000 -1.000000 0.000000
vn 0.999846 0.000000 0.017562
vn 0.999846 0.000000 0.017562
vn 0.999846 0.000000 0.017562
vn 0.999846 0.000000 0.017562
vn -0.999846 0.000000 -0.017562
vn -0.999846 0.000000 -0.017562
vn -0.999846 0.000000 -0.017562
vn -0.999846 0.000000 -0.017562
vn -0.044405 -0.000002 0.999014
vn -0.044405 -0.000002 0.999014
vn -0.044405 -0.000002 0.999014
vn -0.044405 -0.000002 0.999014
vn -0.044405 0.000002 0.999014
vn -0.044405 0.000002 0.999014
vn -0.044405 0.000002 0.999014
vn -0.044405 0.000002 0.999014
vn -0.044403 0.000002 0.999014
vn -0.044403 0.000002 0.999014
vn -0.044403 0.000002 0.999014
vn -0.044403 0.000002 0.999014
vn 0.000000 1.000000 -0.000000
vn 0.000000 1.000000 -0.000000
vn 0.000000 1.000000 -0.000000
vn 0.000000 1.000000 -0.000000
vn 0.000000 1.000000 0.000000
vn 0.000000 1.000000 0.000000
vn 0.000000 1.000000 0.000000
vn 0.000000 1.000000 0.000000
vn -0.000000 1.000000 0.000000
vn -0.000000 1.000000 0.000000
vn -0.000000 1.000000 0.000000
vn -0.000000 1.000000 0.000000
vn 0.044405 0.000000 -0.999014
vn 0.044405 0.000000 -0.999014
vn 0.044405 0.000000 -0.999014
vn 0.044405 0.000000 -0.999014
vn 0.044405 0.000000 -0.999014
vn 0.044405 0.000000 -0.999014
vn 0.044405 0.000000 -0.999014
vn 0.044405 0.000000 -0.999014
vn 0.044405 0.000000 -0.999014
vn 0.044405 0.000000 -0.999014
vn 0.044405 0.000000 -0.999014
vn 0.044405 0.000000 -0.999014
vn -0.000000 -1.000000 -0.000000
vn -0.000000 -1.000000 -0.000000
vn -0.000000 -1.000000 -0.000000
vn -0.000000 -1.000000 -0.000000
vn -0.000000 -1.000000 0.000000
vn -0.000000 -1.000000 0.000000
vn -0.000000 -1.000000 0.000000
vn -0.000000 -1.000000 0.000000
vn 0.000000 -1.000000 0.000000
vn 0.000000 -1.000000 0.000000
vn 0.000000 -1.000000 0.000000
vn 0.000000 -1.000000 0.000000
vn 0.999846 0.000000 0.017562
vn 0.999846 0.000000 0.017562
vn 0.999846 0.000000 0.017562
vn 0.999846 0.000000 0.017562
vn 0.999846 0.000000 0.017562
vn 0.999846 0.000000 0.017562
vn 0.999846 0.000000 0.017562
vn 0.999846 0.000000 0.017562
vn 0.999846 0.000000 0.017562
vn 0.999846 0.000000 0.017562
vn 0.999846 0.000000 0.017562
vn 0.999846 0.000000 0.017562
vn -0.999846 0.000007 -0.017562
vn -0.999846 0.000007 -0.017562
vn -0.999846 0.000007 -0.017562
vn -0.999846 0.000007 -0.017562
vn -0.999846 -0.000009 -0.017562
vn -0.999846 -0.000009 -0.017562
vn -0.999846 -0.000009 -0.017562
vn -0.999846 -0.000009 -0.017562
vn -0.999846 -0.000002 -0.017562
vn -0.999846 -0.000002 -0.017562
vn -0.999846 -0.000002 -0.017562
vn -0.999846 -0.000002 -0.017562
vn -0.057947 0.000000 0.998320
vn -0.057948 0.000000 0.998320
vn -0.057948 0.000000 0.998320
vn -0.057947 0.000000 0.998320
vn 0.000000 1.000000 0.000000
vn 0.000000 1.000000 0.000000
vn 0.000000 1.000000 0.000000
vn 0.000000 1.000000 0.000000
vn 0.057944 0.000000 -0.998320
vn 0.057948 0.000000 -0.998320
vn 0.057948 0.000000 -0.998320
vn 0.057944 0.000000 -0.998320
vn 0.000000 -1.000000 -0.000000
vn 0.000000 -1.000000 -0.000000
vn 0.000000 -1.000000 -0.000000
vn 0.000000 -1.000000 -0.000000
vn 0.998320 0.000000 0.057944
vn 0.998320 0.000000 0.057944
vn 0.998320 0.000000 0.057944
vn 0.998320 0.000000 0.057944
vn -0.998316 0.000000 -0.058009
vn -0.998316 0.000000 -0.058009
vn -0.998316 0.000000 -0.058009
vn -0.998316 0.000000 -0.058009
vn -0.057945 0.000002 0.998320
vn -0.057947 0.000001 0.998320
vn -0.057947 0.000001 0.998320
vn -0.057945 0.000002 0.998320
vn -0.057946 0.000000 0.998320
vn -0.057946 0.000000 0.998320
vn -0.057946 0.000000 0.998320
vn -0.057946 0.000000 0.998320
vn -0.057947 -0.000001 0.998320
vn -0.057947 -0.000001 0.998320
vn -0.057945 -0.000002 0.998320
vn -0.057945 -0.000002 0.998320
vn -0.057939 0.000000 0.998320
vn -0.057939 0.000000 0.998320
vn -0.057939 0.000000 0.998320
vn -0.057939 0.000000 0.998320
vn -0.998316 0.000000 -0.058009
vn -0.998316 0.000000 -0.058009
vn -0.998316 0.000000 -0.058009
vn -0.998316 0.000000 -0.058009
vn 0.057944 0.000000 -0.998320
vn 0.057948 0.000000 -0.998320
vn 0.057948 0.000000 -0.998320
vn 0.057944 0.000000 -0.998320
vn 0.998320 0.000000 0.057944
vn 0.998320 0.000000 0.057944
vn 0.998320 0.000000 0.057944
vn 0.998320 0.000000 0.057944
vn -0.057946 0.000000 0.998320
vn -0.057946 0.000000 0.998320
vn -0.057946 0.000000 0.998320
vn -0.057946 0.000000 0.998320
vn -0.057944 0.000000 0.998320
vn -0.057949 0.000000 0.998320
vn -0.057949 0.000000 0.998320
vn -0.057944 0.000000 0.998320
vn -0.057939 0.000000 0.998320
vn -0.057939 0.000000 0.998320
vn -0.057939 0.000000 0.998320
vn -0.057939 0.000000 0.998320
vn -0.044528 0.639924 0.767147
vn -0.044530 0.639922 0.767149
vn -0.044530 0.639922 0.767149
vn -0.044528 0.639924 0.767147
vn -0.546989 0.000000 0.837140
vn -0.546988 0.000000 0.837140
vn -0.546989 0.000000 0.837140
vn -0.546989 0.000000 0.837140
vn -0.052785 -0.412649 0.909359
vn -0.052785 -0.412649 0.909359
vn -0.052782 -0.412650 0.909359
vn -0.052782 -0.412650 0.909359
vn 0.446411 0.000000 0.894828
vn 0.446411 0.000000 0.894828
vn 0.446411 0.000000 0.894828
vn 0.446411 0.000000 0.894828
vn -0.998316 0.000000 -0.058009
vn -0.998316 0.000000 -0.058009
vn 0.057948 0.000000 -0.998320
vn 0.057945 0.000000 -0.998320
vn 0.998320 0.000000 0.057944
vn 0.998320 0.000000 0.057944
vn -0.057946 0.000000 0.998320
vn -0.057946 0.000000 0.998320
vn -0.057947 0.000000 0.998320
vn -0.057947 0.000000 0.998320
vn -0.057948 0.000000 0.998320
vn -0.057947 0.000000 0.998320
vn -0.057939 0.000000 0.998320
vn -0.057939 0.000000 0.998320
vn -0.057950 -0.000001 0.998320
vn -0.057950 -0.000001 0.998320
vn -0.057952 -0.000003 0.998319
vn -0.057952 -0.000003 0.998319
vn -0.057949 0.000000 0.998320
vn -0.057949 0.000000 0.998320
vn -0.057949 0.000000 0.998320
vn -0.057949 0.000000 0.998320
vn -0.057949 0.000000 0.998320
vn -0.057949 0.000000 0.998320
vn -0.057949 0.000000 0.998320
vn -0.057949 0.000000 0.998320
vn -0.044530 0.639922 0.767149
vn -0.044530 0.639922 0.767149
vn -0.044528 0.639923 0.767148
vn -0.044528 0.639923 0.767148
vn -0.057948 0.000000 0.998320
vn -0.057948 0.000000 0.998320
vn -0.057942 0.000000 0.998320
vn -0.057942 0.000000 0.998320
vn -0.052783 -0.412651 0.909359
vn -0.052785 -0.412650 0.909359
vn -0.052785 -0.412649 0.909359
vn -0.052783 -0.412651 0.909359
vn -0.057952 0.000002 0.998320
vn -0.057950 0.000001 0.998320
vn -0.057950 0.000001 0.998320
vn -0.057952 0.000002 0.998320
vn 0.000000 1.000000 0.000000
vn 0.000000 1.000000 0.000000
vn 0.000000 1.000000 0.000000
vn 0.000000 1.000000 0.000000
vn 0.057949 0.000000 -0.998320
vn 0.057949 0.000000 -0.998320
vn 0.057947 0.000000 -0.998320
vn 0.057947 0.000000 -0.998320
vn 0.057949 0.000000 -0.998320
vn 0.057947 0.000000 -0.998320
vn 0.057949 0.000000 -0.998320
vn 0.057947 0.000000 -0.998320
vn 0.057949 0.000000 -0.998320
vn 0.057947 0.000000 -0.998320
vn 0.000000 -1.000000 0.000000
vn 0.000000 -1.000000 0.000000
vn 0.000000 -1.000000 0.000000
vn 0.000000 -1.000000 0.000000
vn -0.057957 0.000000 0.998319
vn -0.057957 0.000000 0.998319
vn -0.057957 0.000000 0.998319
vn -0.057957 0.000000 0.998319
vn 0.998314 0.000000 0.058042
vn 0.998314 0.000000 0.058042
vn 0.998314 0.000000 0.058042
vn 0.998314 0.000000 0.058042
vn 0.000000 1.000000 -0.000000
vn 0.000000 1.000000 -0.000000
vn 0.000000 1.000000 -0.000000
vn 0.000000 1.000000 -0.000000
vn -0.998324 0.000000 -0.057874
vn -0.998324 0.000000 -0.057874
vn -0.998324 0.000000 -0.057874
vn -0.998324 0.000000 -0.057874
vn 0.000000 -1.000000 0.000001
vn 0.000000 -1.000000 0.000001
vn 0.000000 -1.000000 0.000001
vn 0.000000 -1.000000 0.000001
vn 0.000000 -1.000000 0.000001
vn 0.000000 -1.000000 0.000001
vn 0.000000 -1.000000 0.000001
vn 0.000000 -1.000000 0.000001
vn 0.000000 1.000000 0.000000
vn 0.000000 1.000000 0.000000
vn 0.000000 1.000000 0.000000
vn 0.000000 1.000000 0.000000
vn 0.998333 0.000000 0.057721
vn 0.998333 0.000000 0.057721
vn 0.998333 0.000000 0.057721
vn 0.998333 0.000000 0.057721
vn -0.998315 0.000000 -0.058027
vn -0.998315 0.000000 -0.058027
vn -0.998315 0.000000 -0.058027
vn -0.998315 0.000000 -0.058027
vn 0.000000 1.000000 -0.000000
vn 0.000000 1.000000 -0.000000
vn 0.000000 1.000000 -0.000000
vn 0.000000 1.000000 -0.000000
vn 0.000000 -1.000000 -0.000002
vn 0.000000 -1.000000 -0.000002
vn 0.000000 -1.000000 -0.000002
vn 0.000000 -1.000000 -0.000002
vn -0.998333 0.000000 -0.057723
vn -0.998333 0.000000 -0.057723
vn -0.998333 0.000000 -0.057723
vn -0.998333 0.000000 -0.057723
vn 0.998315 0.000000 0.058029
vn 0.998315 0.000000 0.058029
vn 0.998315 0.000000 0.058029
vn 0.998315 0.000000 0.058029
vn 0.998333 0.000000 0.057721
vn 0.998333 0.000000 0.057721
vn 0.998333 0.000000 0.057721
vn 0.998333 0.000000 0.057721
vn -0.998315 0.000000 -0.058027
vn -0.998315 0.000000 -0.058027
vn -0.998315 0.000000 -0.058027
vn -0.998315 0.000000 -0.058027
vn -0.998333 0.000000 -0.057723
vn -0.998333 0.000000 -0.057723
vn -0.998333 0.000000 -0.057723
vn -0.998333 0.000000 -0.057723
vn 0.998315 0.000000 0.058029
vn 0.998315 0.000000 0.058029
vn 0.998315 0.000000 0.058029
vn 0.998315 0.000000 0.058029
vn 0.998333 0.000000 0.057721
vn 0.998333 0.000000 0.057721
vn 0.998333 0.000000 0.057721
vn 0.998333 0.000000 0.057721
vn -0.998315 0.000000 -0.058027
vn -0.998315 0.000000 -0.058027
vn -0.998315 0.000000 -0.058027
vn -0.998315 0.000000 -0.058027
vn -0.998333 0.000000 -0.057723
vn -0.998333 0.000000 -0.057723
vn -0.998333 0.000000 -0.057723
vn -0.998333 0.000000 -0.057723
vn 0.998315 0.000000 0.058029
vn 0.998315 0.000000 0.058029
vn 0.998315 0.000000 0.058029
vn 0.998315 0.000000 0.058029
vn -0.998333 0.000000 -0.057723
vn -0.998333 0.000000 -0.057723
vn -0.998333 0.000000 -0.057723
vn -0.998333 0.000000 -0.057723
vn 0.998315 0.000000 0.058029
vn 0.998315 0.000000 0.058029
vn 0.998315 0.000000 0.058029
vn 0.998315 0.000000 0.058029
vn 0.998333 0.000000 0.057721
vn 0.998333 0.000000 0.057721
vn 0.998333 0.000000 0.057721
vn 0.998333 0.000000 0.057721
vn -0.998315 0.000000 -0.058027
vn -0.998315 0.000000 -0.058027
vn -0.998315 0.000000 -0.058027
vn -0.998315 0.000000 -0.058027
vn 0.000000 -1.000000 0.000001
vn 0.000000 -1.000000 0.000001
vn 0.000000 -1.000000 0.000001
vn 0.000000 -1.000000 0.000001
vn 0.000000 1.000000 0.000000
vn 0.000000 1.000000 0.000000
vn 0.000000 1.000000 0.000000
vn 0.000000 1.000000 0.000000
vn 0.000000 1.000000 -0.000001
vn 0.000000 1.000000 -0.000001
vn 0.000000 1.000000 -0.000001
vn 0.000000 1.000000 -0.000001
vn 0.000000 -1.000000 -0.000002
vn 0.000000 -1.000000 -0.000002
vn 0.000000 -1.000000 -0.000002
vn 0.000000 -1.000000 -0.000002
vn 0.000000 -1.000000 -0.000001
vn 0.000000 -1.000000 -0.000001
vn 0.000000 -1.000000 -0.000001
vn 0.000000 -1.000000 -0.000001
vn 0.000000 1.000000 0.000000
vn 0.000000 1.000000 0.000000
vn 0.000000 1.000000 0.000000
vn 0.000000 1.000000 0.000000
vn 0.000000 1.000000 -0.000001
vn 0.000000 1.000000 -0.000001
vn 0.000000 1.000000 -0.000001
vn 0.000000 1.000000 -0.000001
vn 0.000000 -1.000000 -0.000002
vn 0.000000 -1.000000 -0.000002
vn 0.000000 -1.000000 -0.000002
vn 0.000000 -1.000000 -0.000002
vn -0.044812 0.000000 0.998995
vn -0.044812 0.000000 0.998995
vn -0.044812 0.000000 0.998995
vn -0.044812 0.000000 0.998995
vn 0.000000 1.000000 -0.000000
vn 0.000000 1.000000 -0.000000
vn 0.000000 1.000000 -0.000000
vn 0.000000 1.000000 -0.000000
vn 0.044812 0.000000 -0.998996
vn 0.044812 0.000000 -0.998996
vn 0.044812 0.000000 -0.998996
vn 0.044812 0.000000 -0.998996
vn 0.000000 -1.000000 -0.000000
vn 0.000000 -1.000000 -0.000000
vn 0.000000 -1.000000 -0.000000
vn 0.000000 -1.000000 -0.000000
vn 0.998996 0.000000 0.044805
vn 0.998996 0.000000 0.044805
vn 0.998996 0.000000 0.044805
vn 0.998996 0.000000 0.044805
vn -0.998996 0.000000 -0.044805
vn -0.998996 0.000000 -0.044805
vn -0.998996 0.000000 -0.044805
vn -0.998996 0.000000 -0.044805
vn 0.000001 1.000000 0.000002
vn 0.000001 1.000000 0.000002
vn 0.000001 1.000000 0.000002
vn 0.000001 1.000000 0.000002
vn 0.000000 1.000000 0.000000
vn 0.000000 1.000000 0.000000
vn 0.000000 1.000000 0.000000
vn 0.000000 1.000000 0.000000
vn 0.000000 1.000000 0.000000
vn 0.000000 1.000000 0.000000
vn 0.000000 1.000000 0.000000
vn 0.000000 1.000000 0.000000
vn 0.000000 1.000000 0.000000
vn 0.000000 1.000000 0.000000
vn 0.000000 1.000000 0.000000
vn 0.000000 1.000000 0.000000
vn 0.000000 1.000000 -0.000000
vn 0.000000 1.000000 -0.000000
vn 0.000000 1.000000 -0.000000
vn 0.000000 1.000000 -0.000000
vn 0.000000 0.000000 1.000000
vn 0.000000 0.000000 1.000000
vn 0.000000 0.000000 1.000000
vn 0.000000 0.000000 1.000000
vn 1.000000 0.000000 0.000000
vn 1.000000 0.000000 0.000000
vn 1.000000 0.000000 0.000000
vn 1.000000 0.000000 0.000000
vn 0.000000 0.000000 -1.000000
vn 0.000000 0.000000 -1.000000
vn 0.000000 0.000000 -1.000000
vn 0.000000 0.000000 -1.000000
vn -1.000000 0.000000 0.000000
vn -1.000000 0.000000 0.000000
vn -1.000000 0.000000 0.000000
vn -1.000000 0.000000 0.000000
vn -1.000000 -0.000028 -0.000040
vn -1.000000 -0.000028 -0.000040
vn -1.000000 -0.000028 -0.000040
vn -1.000000 -0.000028 -0.000040
vn 0.000005 -0.000011 -1.000000
vn 0.000005 -0.000011 -1.000000
vn 0.000005 -0.000011 -1.000000
vn 0.000005 -0.000011 -1.000000
vn 1.000000 0.000000 0.000000
vn 1.000000 0.000000 0.000000
vn 1.000000 0.000000 0.000000
vn 1.000000 0.000000 0.000000
vn -0.000000 0.000000 1.000000
vn -0.000000 0.000000 1.000000
vn -0.000000 0.000000 1.000000
vn -0.000000 0.000000 1.000000
vn -1.000000 0.000000 0.000000
vn -1.000000 0.000000 0.000000
vn -1.000000 0.000000 0.000000
vn -1.000000 0.000000 0.000000
vn 0.000000 0.000000 -1.000000
vn 0.000000 0.000000 -1.000000
vn 0.000000 0.000000 -1.000000
vn 0.000000 0.000000 -1.000000
vn 1.000000 -0.000013 0.000033
vn 1.000000 -0.000013 0.000033
vn 1.000000 -0.000013 0.000033
vn 1.000000 -0.000013 0.000033
vn 0.000000 0.000000 1.000000
vn 0.000000 0.000000 1.000000
vn 0.000000 0.000000 1.000000
vn 0.000000 0.000000 1.000000
vn -1.000000 -0.000015 -0.000020
vn -1.000000 -0.000015 -0.000020
vn -1.000000 -0.000015 -0.000020
vn -1.000000 -0.000015 -0.000020
vn 0.000000 0.000000 -1.000000
vn 0.000000 0.000000 -1.000000
vn 0.000000 0.000000 -1.000000
vn 0.000000 0.000000 -1.000000
vn 1.000000 0.000000 0.000000
vn 1.000000 0.000000 0.000000
vn 1.000000 0.000000 0.000000
vn 1.000000 0.000000 0.000000
vn -0.000000 0.000000 1.000000
vn -0.000000 0.000000 1.000000
vn -0.000000 0.000000 1.000000
vn -0.000000 0.000000 1.000000
vn -0.360824 0.932634 -0.000011
vn -0.360824 0.932634 -0.000011
vn -0.360824 0.932634 -0.000011
vn -0.360824 0.932634 -0.000011
vn -0.360701 -0.932681 -0.000001
vn -0.360701 -0.932682 -0.000001
vn -0.360701 -0.932682 -0.000001
vn -0.360701 -0.932681 -0.000001
vn 0.000000 0.932777 -0.360454
vn 0.000000 0.932777 -0.360454
vn 0.000000 0.932777 -0.360454
vn 0.000000 0.932777 -0.360455
vn -0.000000 -0.932761 -0.360497
vn -0.000000 -0.932761 -0.360497
vn -0.000000 -0.932761 -0.360497
vn -0.000000 -0.932761 -0.360497
vn 0.360371 0.932809 0.000008
vn 0.360371 0.932809 0.000008
vn 0.360371 0.932809 0.000008
vn 0.360371 0.932809 0.000008
vn 0.360151 -0.932894 0.000016
vn 0.360151 -0.932894 0.000016
vn 0.360151 -0.932894 0.000016
vn 0.360151 -0.932894 0.000016
vn 0.000001 0.932782 0.360442
vn 0.000001 0.932782 0.360442
vn 0.000001 0.932782 0.360442
vn 0.000001 0.932782 0.360442
vn -0.000001 -0.932774 0.360462
vn -0.000001 -0.932774 0.360462
vn -0.000001 -0.932774 0.360462
vn -0.000001 -0.932774 0.360462
vn -0.000001 1.000000 0.000001
vn -0.000001 1.000000 0.000001
vn -0.000001 1.000000 0.000001
vn -0.000001 1.000000 0.000001
vn -0.000001 1.000000 0.000000
vn -0.000001 1.000000 0.000000
vn -0.000001 1.000000 0.000000
vn -0.000001 1.000000 0.000000
vn 0.000001 1.000000 -0.000001
vn 0.000001 1.000000 -0.000001
vn 0.000001 1.000000 -0.000001
vn 0.000001 1.000000 -0.000001
vn 0.000000 1.000000 0.000000
vn 0.000000 1.000000 0.000000
vn 0.000000 1.000000 0.000000
vn 0.000000 1.000000 0.000000
vn 0.000000 1.000000 0.000000
vn 0.000000 1.000000 0.000000
vn 0.000000 1.000000 0.000000
vn 0.000000 1.000000 0.000000
vn 0.000000 1.000000 0.000000
vn 0.000000 1.000000 0.000000
vn 0.000000 1.000000 0.000000
vn 0.000000 1.000000 0.000000
vn 0.000000 1.000000 0.000000
vn 0.000000 1.000000 0.000000
vn 0.000000 1.000000 0.000000
vn 0.000000 1.000000 0.000000
vn 0.000000 1.000000 -0.000000
vn 0.000000 1.000000 -0.000000
vn 0.000000 1.000000 -0.000000
vn 0.000000 1.000000 -0.000000
vn 0.000000 1.000000 0.000000
vn 0.000000 1.000000 0.000000
vn 0.000000 1.000000 0.000000
vn 0.000000 1.000000 0.000000
vn -0.000000 1.000000 0.000000
vn -0.000000 1.000000 0.000000
vn -0.000000 1.000000 0.000000
vn -0.000000 1.000000 0.000000
vn -0.000000 1.000000 0.000000
vn -0.000000 1.000000 0.000000
vn -0.000000 1.000000 0.000000
vn -0.000000 1.000000 0.000000
vn 0.000000 1.000000 0.000000
vn 0.000000 1.000000 0.000000
vn 0.000000 1.000000 0.000000
vn 0.000000 1.000000 0.000000
vn 0.000000 1.000000 0.000000
vn 0.000000 1.000000 0.000000
vn 0.000000 1.000000 0.000000
vn 0.000000 1.000000 0.000000
vn 0.000000 1.000000 -0.000000
vn 0.000000 1.000000 -0.000000
vn 0.000000 1.000000 -0.000000
vn 0.000000 1.000000 -0.000000
vn 0.000000 1.000000 0.000000
vn 0.000000 1.000000 0.000000
vn 0.000000 1.000000 0.000000
vn 0.000000 1.000000 0.000000
vn 0.000000 0.000000 1.000000
vn 0.000000 0.000000 1.000000
vn 0.000000 0.000000 1.000000
vn 0.000000 0.000000 1.000000
vn 0.000000 0.000000 1.000000
vn 0.000000 0.000000 1.000000
vn 0.000000 0.000000 1.000000
vn 0.000000 0.000000 1.000000
vn 0.000000 0.000000 1.000000
vn 0.000000 0.000000 1.000000
vn 0.000000 0.000000 1.000000
vn 0.000000 0.000000 1.000000
vn 1.000000 0.000000 0.000000
vn 1.000000 0.000000 0.000000
vn 1.000000 0.000000 0.000000
vn 1.000000 0.000000 0.000000
vn 1.000000 0.000000 0.000000
vn 1.000000 0.000000 0.000000
vn 1.000000 0.000000 0.000000
vn 1.000000 0.000000 0.000000
vn 1.000000 0.000000 0.000000
vn 1.000000 0.000000 0.000000
vn 1.000000 0.000000 0.000000
vn 1.000000 0.000000 0.000000
vn 0.000000 0.000000 -1.000000
vn 0.000000 0.000000 -1.000000
vn 0.000000 0.000000 -1.000000
vn 0.000000 0.000000 -1.000000
vn 0.000000 0.000000 -1.000000
vn 0.000000 0.000000 -1.000000
vn 0.000000 0.000000 -1.000000
vn 0.000000 0.000000 -1.000000
vn 0.000000 0.000000 -1.000000
vn 0.000000 0.000000 -1.000000
vn 0.000000 0.000000 -1.000000
vn 0.000000 0.000000 -1.000000
vn -1.000000 -0.000000 0.000000
vn -1.000000 -0.000000 0.000000
vn -1.000000 -0.000000 0.000000
vn -1.000000 -0.000000 0.000000
vn -1.000000 0.000000 0.000000
vn -1.000000 0.000000 0.000000
vn -1.000000 0.000000 0.000000
vn -1.000000 0.000000 0.000000
vn -1.000000 -0.000000 0.000000
vn -1.000000 -0.000000 0.000000
vn -1.000000 -0.000000 0.000000
vn -1.000000 -0.000000 0.000000
vn -1.000000 -0.000028 0.000040
vn -1.000000 -0.000028 0.000040
vn -1.000000 -0.000028 0.000040
vn -1.000000 -0.000028 0.000040
vn -1.000000 0.000028 0.000040
vn -1.000000 0.000028 0.000040
vn -1.000000 0.000028 0.000040
vn -1.000000 0.000028 0.000040
vn -1.000000 0.000028 -0.000040
vn -1.000000 0.000028 -0.000040
vn -1.000000 0.000028 -0.000040
vn -1.000000 0.000028 -0.000040
vn -0.000005 -0.000011 -1.000000
vn -0.000005 -0.000011 -1.000000
vn -0.000005 -0.000011 -1.000000
vn -0.000005 -0.000011 -1.000000
vn -0.000005 0.000004 -1.000000
vn -0.000005 0.000004 -1.000000
vn -0.000005 0.000004 -1.000000
vn -0.000005 0.000004 -1.000000
vn 0.000005 0.000004 -1.000000
vn 0.000005 0.000004 -1.000000
vn 0.000005 0.000004 -1.000000
vn 0.000005 0.000004 -1.000000
vn 1.000000 0.000009 0.000000
vn 1.000000 0.000009 0.000000
vn 1.000000 0.000009 0.000000
vn 1.000000 0.000009 0.000000
vn 1.000000 0.000000 0.000000
vn 1.000000 0.000000 0.000000
vn 1.000000 0.000000 0.000000
vn 1.000000 0.000000 0.000000
vn 1.000000 0.000000 0.000000
vn 1.000000 0.000000 0.000000
vn 1.000000 0.000000 0.000000
vn 1.000000 0.000000 0.000000
vn 0.000000 0.000000 1.000000
vn 0.000000 0.000000 1.000000
vn 0.000000 0.000000 1.000000
vn 0.000000 0.000000 1.000000
vn -0.000000 0.000000 1.000000
vn -0.000000 0.000000 1.000000
vn -0.000000 0.000000 1.000000
vn -0.000000 0.000000 1.000000
vn 0.000000 0.000000 1.000000
vn 0.000000 0.000000 1.000000
vn 0.000000 0.000000 1.000000
vn 0.000000 0.000000 1.000000
vn -1.000000 0.000000 0.000000
vn -1.000000 0.000000 0.000000
vn -1.000000 0.000000 0.000000
vn -1.000000 0.000000 0.000000
vn -1.000000 0.000000 0.000000
vn -1.000000 0.000000 0.000000
vn -1.000000 0.000000 0.000000
vn -1.000000 0.000000 0.000000
vn -1.000000 0.000000 0.000000
vn -1.000000 0.000000 0.000000
vn -1.000000 0.000000 0.000000
vn -1.000000 0.000000 0.000000
vn 0.000000 0.000000 -1.000000
vn 0.000000 0.000000 -1.000000
vn 0.000000 0.000000 -1.000000
vn 0.000000 0.000000 -1.000000
vn 0.000000 0.000000 -1.000000
vn 0.000000 0.000000 -1.000000
vn 0.000000 0.000000 -1.000000
vn 0.000000 0.000000 -1.000000
vn 0.000000 0.000000 -1.000000
vn 0.000000 0.000000 -1.000000
vn 0.000000 0.000000 -1.000000
vn 0.000000 0.000000 -1.000000
vn 1.000000 -0.000013 -0.000033
vn 1.000000 -0.000013 -0.000033
vn 1.000000 -0.000013 -0.000033
vn 1.000000 -0.000013 -0.000033
vn 1.000000 0.000013 -0.000033
vn 1.000000 0.000013 -0.000033
vn 1.000000 0.000013 -0.000033
vn 1.000000 0.000013 -0.000033
vn 1.000000 0.000013 0.000033
vn 1.000000 0.000013 0.000033
vn 1.000000 0.000013 0.000033
vn 1.000000 0.000013 0.000033
vn 0.000000 0.000000 1.000000
vn 0.000000 0.000000 1.000000
vn 0.000000 0.000000 1.000000
vn 0.000000 0.000000 1.000000
vn 0.000000 0.000000 1.000000
vn 0.000000 0.000000 1.000000
vn 0.000000 0.000000 1.000000
vn 0.000000 0.000000 1.000000
vn 0.000000 0.000000 1.000000
vn 0.000000 0.000000 1.000000
vn 0.000000 0.000000 1.000000
vn 0.000000 0.000000 1.000000
vn -1.000000 -0.000014 0.000020
vn -1.000000 -0.000014 0.000020
vn -1.000000 -0.000014 0.000020
vn -1.000000 -0.000014 0.000020
vn -1.000000 0.000015 0.000020
vn -1.000000 0.000015 0.000020
vn -1.000000 0.000015 0.000020
vn -1.000000 0.000015 0.000020
vn -1.000000 0.000016 -0.000020
vn -1.000000 0.000016 -0.000020
vn -1.000000 0.000016 -0.000020
vn -1.000000 0.000016 -0.000020
vn 0.000000 0.000000 -1.000000
vn 0.000000 0.000000 -1.000000
vn 0.000000 0.000000 -1.000000
vn 0.000000 0.000000 -1.000000
vn 0.000000 0.000000 -1.000000
vn 0.000000 0.000000 -1.000000
vn 0.000000 0.000000 -1.000000
vn 0.000000 0.000000 -1.000000
vn 0.000000 0.000000 -1.000000
vn 0.000000 0.000000 -1.000000
vn 0.000000 0.000000 -1.000000
vn 0.000000 0.000000 -1.000000
vn 1.000000 -0.000001 0.000000
vn 1.000000 -0.000001 0.000000
vn 1.000000 -0.000001 0.000000
vn 1.000000 -0.000001 0.000000
vn 1.000000 0.000000 0.000000
vn 1.000000 0.000000 0.000000
vn 1.000000 0.000000 0.000000
vn 1.000000 0.000000 0.000000
vn 1.000000 -0.000001 0.000000
vn 1.000000 -0.000001 0.000000
vn 1.000000 -0.000001 0.000000
vn 1.000000 -0.000001 0.000000
vn 0.000000 0.000000 1.000000
vn 0.000000 0.000000 1.000000
vn 0.000000 0.000000 1.000000
vn 0.000000 0.000000 1.000000
vn -0.000000 0.000000 1.000000
vn -0.000000 0.000000 1.000000
vn -0.000000 0.000000 1.000000
vn -0.000000 0.000000 1.000000
vn 0.000000 0.000000 1.000000
vn 0.000000 0.000000 1.000000
vn 0.000000 0.000000 1.000000
vn 0.000000 0.000000 1.000000
vn -0.360824 0.932634 0.000011
vn -0.360824 0.932634 0.000011
vn -0.360824 0.932634 0.000011
vn -0.360824 0.932634 0.000011
vn -0.360624 0.932711 0.000012
vn -0.360624 0.932711 0.000012
vn -0.360624 0.932711 0.000012
vn -0.360624 0.932711 0.000012
vn -0.360624 0.932711 -0.000012
vn -0.360624 0.932711 -0.000012
vn -0.360625 0.932711 -0.000012
vn -0.360624 0.932711 -0.000012
vn -0.360698 -0.932683 0.000002
vn -0.360698 -0.932683 0.000002
vn -0.360698 -0.932683 0.000002
vn -0.360698 -0.932683 0.000002
vn -0.360762 -0.932658 0.000005
vn -0.360762 -0.932658 0.000005
vn -0.360762 -0.932658 0.000005
vn -0.360762 -0.932658 0.000005
vn -0.360757 -0.932660 -0.000005
vn -0.360757 -0.932660 -0.000005
vn -0.360757 -0.932660 -0.000005
vn -0.360757 -0.932660 -0.000005
vn -0.000000 0.932777 -0.360455
vn -0.000000 0.932777 -0.360455
vn -0.000000 0.932777 -0.360455
vn -0.000000 0.932777 -0.360455
vn -0.000000 0.932774 -0.360461
vn -0.000000 0.932774 -0.360461
vn -0.000000 0.932774 -0.360461
vn -0.000000 0.932774 -0.360461
vn 0.000000 0.932777 -0.360454
vn 0.000000 0.932777 -0.360454
vn 0.000000 0.932777 -0.360454
vn 0.000000 0.932777 -0.360454
vn 0.000000 -0.932758 -0.360503
vn 0.000000 -0.932758 -0.360503
vn 0.000000 -0.932758 -0.360503
vn 0.000000 -0.932758 -0.360503
vn 0.000000 -0.932776 -0.360456
vn 0.000000 -0.932776 -0.360456
vn 0.000000 -0.932776 -0.360456
vn 0.000000 -0.932776 -0.360456
vn -0.000000 -0.932774 -0.360463
vn -0.000000 -0.932774 -0.360463
vn -0.000000 -0.932774 -0.360463
vn -0.000000 -0.932774 -0.360463
vn 0.360371 0.932809 -0.000008
vn 0.360371 0.932809 -0.000008
vn 0.360371 0.932809 -0.000008
vn 0.360371 0.932809 -0.000008
vn 0.360231 0.932863 -0.000010
vn 0.360231 0.932863 -0.000010
vn 0.360231 0.932863 -0.000010
vn 0.360231 0.932863 -0.000010
vn 0.360231 0.932863 0.000011
vn 0.360231 0.932863 0.000011
vn 0.360231 0.932863 0.000011
vn 0.360231 0.932863 0.000011
vn 0.360150 -0.932895 -0.000017
vn 0.360150 -0.932895 -0.000017
vn 0.360150 -0.932894 -0.000017
vn 0.360150 -0.932895 -0.000017
vn 0.360465 -0.932773 -0.000020
vn 0.360465 -0.932773 -0.000020
vn 0.360465 -0.932773 -0.000020
vn 0.360465 -0.932773 -0.000020
vn 0.360435 -0.932784 0.000020
vn 0.360435 -0.932784 0.000020
vn 0.360435 -0.932784 0.000020
vn 0.360435 -0.932784 0.000020
vn -0.000001 0.932784 0.360437
vn -0.000001 0.932784 0.360437
vn -0.000001 0.932784 0.360437
vn -0.000001 0.932784 0.360437
vn -0.000002 0.932770 0.360473
vn -0.000002 0.932770 0.360473
vn -0.000002 0.932770 0.360473
vn -0.000002 0.932770 0.360473
vn 0.000002 0.932769 0.360476
vn 0.000002 0.932769 0.360476
vn 0.000002 0.932769 0.360476
vn 0.000002 0.932769 0.360476
vn 0.000001 -0.932778 0.360451
vn 0.000001 -0.932778 0.360451
vn 0.000001 -0.932778 0.360451
vn 0.000001 -0.932778 0.360451
vn 0.000002 -0.932770 0.360472
vn 0.000002 -0.932770 0.360472
vn 0.000002 -0.932770 0.360472
vn 0.000002 -0.932770 0.360472
vn -0.000002 -0.932771 0.360471
vn -0.000002 -0.932771 0.360471
vn -0.000002 -0.932771 0.360471
vn -0.000002 -0.932771 0.360471
vn -0.000001 1.000000 0.000000
vn -0.000001 1.000000 0.000000
vn -0.000001 1.000000 0.000000
vn -0.000001 1.000000 0.000000
vn 0.000000 1.000000 0.000000
vn 0.000000 1.000000 0.000000
vn 0.000000 1.000000 0.000000
vn 0.000000 1.000000 0.000000
vn 0.000000 1.000000 0.000000
vn 0.000000 1.000000 0.000000
vn 0.000000 1.000000 0.000000
vn 0.000000 1.000000 0.000000
vn 0.000000 1.000000 0.000000
vn 0.000000 1.000000 0.000000
vn 0.000000 1.000000 0.000000
vn 0.000000 1.000000 0.000000
vn 0.000000 1.000000 -0.000000
vn 0.000000 1.000000 -0.000000
vn 0.000000 1.000000 -0.000000
vn 0.000000 1.000000 -0.000000
vn 0.000000 0.000000 1.000000
vn 0.000000 0.000000 1.000000
vn 0.000000 0.000000 1.000000
vn 0.000000 0.000000 1.000000
vn 1.000000 0.000000 0.000000
vn 1.000000 0.000000 0.000000
vn 1.000000 0.000000 0.000000
vn 1.000000 0.000000 0.000000
vn 0.000004 -0.000001 -1.000000
vn 0.000004 -0.000001 -1.000000
vn 0.000004 -0.000001 -1.000000
vn 0.000004 -0.000001 -1.000000
vn -1.000000 0.000009 0.000033
vn -1.000000 0.000009 0.000033
vn -1.000000 0.000009 0.000033
vn -1.000000 0.000009 0.000033
vn -1.000000 0.000000 0.000000
vn -1.000000 0.000000 0.000000
vn -1.000000 0.000000 0.000000
vn -1.000000 0.000000 0.000000
vn 0.000005 -0.000011 -1.000000
vn 0.000005 -0.000011 -1.000000
vn 0.000005 -0.000011 -1.000000
vn 0.000005 -0.000011 -1.000000
vn 1.000000 0.000000 0.000000
vn 1.000000 0.000000 0.000000
vn 1.000000 0.000000 0.000000
vn 1.000000 0.000000 0.000000
vn -0.000000 0.000000 1.000000
vn -0.000000 0.000000 1.000000
vn -0.000000 0.000000 1.000000
vn -0.000000 0.000000 1.000000
vn -1.000000 0.000013 0.000033
vn -1.000000 0.000013 0.000033
vn -1.000000 0.000013 0.000033
vn -1.000000 0.000013 0.000033
vn 0.000000 0.000000 -1.000000
vn 0.000000 0.000000 -1.000000
vn 0.000000 0.000000 -1.000000
vn 0.000000 0.000000 -1.000000
vn 1.000000 0.000000 0.000000
vn 1.000000 0.000000 0.000000
vn 1.000000 0.000000 0.000000
vn 1.000000 0.000000 0.000000
vn -0.000000 0.000000 1.000000
vn -0.000000 0.000000 1.000000
vn -0.000000 0.000000 1.000000
vn -0.000000 0.000000 1.000000
vn -1.000000 -0.000015 -0.000020
vn -1.000000 -0.000015 -0.000020
vn -1.000000 -0.000015 -0.000020
vn -1.000000 -0.000015 -0.000020
vn 0.000000 0.000000 -1.000000
vn 0.000000 0.000000 -1.000000
vn 0.000000 0.000000 -1.000000
vn 0.000000 0.000000 -1.000000
vn 1.000000 0.000000 0.000000
vn 1.000000 0.000000 0.000000
vn 1.000000 0.000000 0.000000
vn 1.000000 0.000000 0.000000
vn -0.000003 -0.000002 1.000000
vn -0.000003 -0.000002 1.000000
vn -0.000003 -0.000002 1.000000
vn -0.000003 -0.000002 1.000000
vn -0.360242 0.932859 0.000005
vn -0.360242 0.932859 0.000005
vn -0.360242 0.932859 0.000005
vn -0.360242 0.932859 0.000005
vn -0.360140 -0.932898 -0.000018
vn -0.360140 -0.932898 -0.000018
vn -0.360140 -0.932898 -0.000018
vn -0.360140 -0.932898 -0.000018
vn -0.000001 0.932781 -0.360443
vn -0.000001 0.932781 -0.360443
vn -0.000001 0.932781 -0.360443
vn -0.000001 0.932781 -0.360443
vn 0.000001 -0.932761 -0.360494
vn 0.000001 -0.932761 -0.360494
vn 0.000001 -0.932761 -0.360494
vn 0.000001 -0.932761 -0.360494
vn 0.360501 0.932759 -0.000005
vn 0.360501 0.932759 -0.000005
vn 0.360501 0.932759 -0.000005
vn 0.360501 0.932759 -0.000005
vn 0.360507 -0.932757 0.000003
vn 0.360507 -0.932757 0.000003
vn 0.360507 -0.932757 0.000003
vn 0.360507 -0.932757 0.000003
vn 0.000001 0.932781 0.360444
vn 0.000001 0.932781 0.360444
vn 0.000001 0.932781 0.360444
vn 0.000001 0.932781 0.360444
vn 0.000001 -0.932768 0.360477
vn 0.000001 -0.932768 0.360477
vn 0.000001 -0.932768 0.360477
vn 0.000001 -0.932768 0.360477
vn 0.000001 1.000000 0.000000
vn 0.000001 1.000000 0.000000
vn 0.000001 1.000000 0.000000
vn 0.000001 1.000000 0.000000
vn 0.000001 1.000000 0.000000
vn 0.000001 1.000000 0.000000
vn 0.000001 1.000000 0.000000
vn 0.000001 1.000000 0.000000
vn -0.000001 1.000000 0.000000
vn -0.000001 1.000000 0.000000
vn -0.000001 1.000000 0.000000
vn -0.000001 1.000000 0.000000
vn 0.000000 1.000000 0.000000
vn 0.000000 1.000000 0.000000
vn 0.000000 1.000000 0.000000
vn 0.000000 1.000000 0.000000
vn 0.000000 1.000000 0.000000
vn 0.000000 1.000000 0.000000
vn 0.000000 1.000000 0.000000
vn 0.000000 1.000000 0.000000
vn 0.000000 1.000000 0.000000
vn 0.000000 1.000000 0.000000
vn 0.000000 1.000000 0.000000
vn 0.000000 1.000000 0.000000
vn 0.000000 1.000000 0.000000
vn 0.000000 1.000000 0.000000
vn 0.000000 1.000000 0.000000
vn 0.000000 1.000000 0.000000
vn 0.000000 1.000000 0.000000
vn 0.000000 1.000000 0.000000
vn 0.000000 1.000000 0.000000
vn 0.000000 1.000000 0.000000
vn 0.000000 1.000000 0.000000
vn 0.000000 1.000000 0.000000
vn 0.000000 1.000000 0.000000
vn 0.000000 1.000000 0.000000
vn 0.000000 1.000000 0.000000
vn 0.000000 1.000000 0.000000
vn 0.000000 1.000000 0.000000
vn 0.000000 1.000000 0.000000
vn 0.000000 1.000000 0.000000
vn 0.000000 1.000000 0.000000
vn 0.000000 1.000000 0.000000
vn 0.000000 1.000000 0.000000
vn 0.000000 1.000000 0.000000
vn 0.000000 1.000000 0.000000
vn 0.000000 1.000000 0.000000
vn 0.000000 1.000000 0.000000
vn 0.000000 1.000000 0.000000
vn 0.000000 1.000000 0.000000
vn 0.000000 1.000000 0.000000
vn 0.000000 1.000000 0.000000
vn 0.000000 1.000000 0.000000
vn 0.000000 1.000000 0.000000
vn 0.000000 1.000000 0.000000
vn 0.000000 1.000000 0.000000
vn 0.000000 1.000000 0.000000
vn 0.000000 1.000000 0.000000
vn 0.000000 1.000000 0.000000
vn 0.000000 1.000000 0.000000
vn 0.000000 0.000000 1.000000
vn 0.000000 0.000000 1.000000
vn 0.000000 0.000000 1.000000
vn 0.000000 0.000000 1.000000
vn 0.000000 0.000000 1.000000
vn 0.000000 0.000000 1.000000
vn 0.000000 0.000000 1.000000
vn 0.000000 0.000000 1.000000
vn 0.000000 0.000000 1.000000
vn 0.000000 0.000000 1.000000
vn 0.000000 0.000000 1.000000
vn 0.000000 0.000000 1.000000
vn 1.000000 0.000000 0.000000
vn 1.000000 0.000000 0.000000
vn 1.000000 0.000000 0.000000
vn 1.000000 0.000000 0.000000
vn 1.000000 0.000000 0.000000
vn 1.000000 0.000000 0.000000
vn 1.000000 0.000000 0.000000
vn 1.000000 0.000000 0.000000
vn 1.000000 0.000000 0.000000
vn 1.000000 0.000000 0.000000
vn 1.000000 0.000000 0.000000
vn 1.000000 0.000000 0.000000
vn -0.000004 -0.000001 -1.000000
vn -0.000004 -0.000001 -1.000000
vn -0.000004 -0.000001 -1.000000
vn -0.000004 -0.000001 -1.000000
vn -0.000004 0.000001 -1.000000
vn -0.000004 0.000001 -1.000000
vn -0.000004 0.000001 -1.000000
vn -0.000004 0.000001 -1.000000
vn 0.000004 0.000001 -1.000000
vn 0.000004 0.000001 -1.000000
vn 0.000004 0.000001 -1.000000
vn 0.000004 0.000001 -1.000000
vn -1.000000 0.000007 -0.000033
vn -1.000000 0.000007 -0.000033
vn -1.000000 0.000007 -0.000033
vn -1.000000 0.000007 -0.000033
vn -1.000000 -0.000007 -0.000033
vn -1.000000 -0.000007 -0.000033
vn -1.000000 -0.000007 -0.000033
vn -1.000000 -0.000007 -0.000033
vn -1.000000 -0.000009 0.000033
vn -1.000000 -0.000009 0.000033
vn -1.000000 -0.000009 0.000033
vn -1.000000 -0.000009 0.000033
vn -1.000000 0.000000 0.000000
vn -1.000000 0.000000 0.000000
vn -1.000000 0.000000 0.000000
vn -1.000000 0.000000 0.000000
vn -1.000000 0.000000 0.000000
vn -1.000000 0.000000 0.000000
vn -1.000000 0.000000 0.000000
vn -1.000000 0.000000 0.000000
vn -1.000000 0.000000 0.000000
vn -1.000000 0.000000 0.000000
vn -1.000000 0.000000 0.000000
vn -1.000000 0.000000 0.000000
vn -0.000005 -0.000011 -1.000000
vn -0.000005 -0.000011 -1.000000
vn -0.000005 -0.000011 -1.000000
vn -0.000005 -0.000011 -1.000000
vn -0.000005 0.000004 -1.000000
vn -0.000005 0.000004 -1.000000
vn -0.000005 0.000004 -1.000000
vn -0.000005 0.000004 -1.000000
vn 0.000005 0.000004 -1.000000
vn 0.000005 0.000004 -1.000000
vn 0.000005 0.000004 -1.000000
vn 0.000005 0.000004 -1.000000
vn 1.000000 0.000009 0.000000
vn 1.000000 0.000009 0.000000
vn 1.000000 0.000009 0.000000
vn 1.000000 0.000009 0.000000
vn 1.000000 0.000000 0.000000
vn 1.000000 0.000000 0.000000
vn 1.000000 0.000000 0.000000
vn 1.000000 0.000000 0.000000
vn 1.000000 0.000000 0.000000
vn 1.000000 0.000000 0.000000
vn 1.000000 0.000000 0.000000
vn 1.000000 0.000000 0.000000
vn 0.000000 0.000000 1.000000
vn 0.000000 0.000000 1.000000
vn 0.000000 0.000000 1.000000
vn 0.000000 0.000000 1.000000
vn -0.000000 0.000000 1.000000
vn -0.000000 0.000000 1.000000
vn -0.000000 0.000000 1.000000
vn -0.000000 0.000000 1.000000
vn 0.000000 0.000000 1.000000
vn 0.000000 0.000000 1.000000
vn 0.000000 0.000000 1.000000
vn 0.000000 0.000000 1.000000
vn -1.000000 0.000013 -0.000033
vn -1.000000 0.000013 -0.000033
vn -1.000000 0.000013 -0.000033
vn -1.000000 0.000013 -0.000033
vn -1.000000 -0.000013 -0.000033
vn -1.000000 -0.000013 -0.000033
vn -1.000000 -0.000013 -0.000033
vn -1.000000 -0.000013 -0.000033
vn -1.000000 -0.000013 0.000033
vn -1.000000 -0.000013 0.000033
vn -1.000000 -0.000013 0.000033
vn -1.000000 -0.000013 0.000033
vn -0.000000 0.000000 -1.000000
vn -0.000000 0.000000 -1.000000
vn -0.000000 0.000000 -1.000000
vn -0.000000 0.000000 -1.000000
vn 0.000000 0.000000 -1.000000
vn 0.000000 0.000000 -1.000000
vn 0.000000 0.000000 -1.000000
vn 0.000000 0.000000 -1.000000
vn -0.000000 0.000000 -1.000000
vn -0.000000 0.000000 -1.000000
vn -0.000000 0.000000 -1.000000
vn -0.000000 0.000000 -1.000000
vn 1.000000 0.000000 0.000000
vn 1.000000 0.000000 0.000000
vn 1.000000 0.000000 0.000000
vn 1.000000 0.000000 0.000000
vn 1.000000 0.000000 0.000000
vn 1.000000 0.000000 0.000000
vn 1.000000 0.000000 0.000000
vn 1.000000 0.000000 0.000000
vn 1.000000 0.000000 0.000000
vn 1.000000 0.000000 0.000000
vn 1.000000 0.000000 0.000000
vn 1.000000 0.000000 0.000000
vn 0.000000 0.000000 1.000000
vn 0.000000 0.000000 1.000000
vn 0.000000 0.000000 1.000000
vn 0.000000 0.000000 1.000000
vn -0.000000 0.000000 1.000000
vn -0.000000 0.000000 1.000000
vn -0.000000 0.000000 1.000000
vn -0.000000 0.000000 1.000000
vn 0.000000 0.000000 1.000000
vn 0.000000 0.000000 1.000000
vn 0.000000 0.000000 1.000000
vn 0.000000 0.000000 1.000000
vn -1.000000 -0.000018 0.000020
vn -1.000000 -0.000018 0.000020
vn -1.000000 -0.000018 0.000020
vn -1.000000 -0.000018 0.000020
vn -1.000000 0.000020 0.000020
vn -1.000000 0.000020 0.000020
vn -1.000000 0.000020 0.000020
vn -1.000000 0.000020 0.000020
vn -1.000000 0.000017 -0.000020
vn -1.000000 0.000017 -0.000020
vn -1.000000 0.000017 -0.000020
vn -1.000000 0.000017 -0.000020
vn 0.000000 0.000000 -1.000000
vn 0.000000 0.000000 -1.000000
vn 0.000000 0.000000 -1.000000
vn 0.000000 0.000000 -1.000000
vn 0.000000 0.000000 -1.000000
vn 0.000000 0.000000 -1.000000
vn 0.000000 0.000000 -1.000000
vn 0.000000 0.000000 -1.000000
vn 0.000000 0.000000 -1.000000
vn 0.000000 0.000000 -1.000000
vn 0.000000 0.000000 -1.000000
vn 0.000000 0.000000 -1.000000
vn 1.000000 -0.000001 0.000000
vn 1.000000 -0.000001 0.000000
vn 1.000000 -0.000001 0.000000
vn 1.000000 -0.000001 0.000000
vn 1.000000 0.000000 0.000000
vn 1.000000 0.000000 0.000000
vn 1.000000 0.000000 0.000000
vn 1.000000 0.000000 0.000000
vn 1.000000 -0.000001 0.000000
vn 1.000000 -0.000001 0.000000
vn 1.000000 -0.000001 0.000000
vn 1.000000 -0.000001 0.000000
vn 0.000002 -0.000002 1.000000
vn 0.000002 -0.000002 1.000000
vn 0.000002 -0.000002 1.000000
vn 0.000002 -0.000002 1.000000
vn 0.000002 0.000002 1.000000
vn 0.000002 0.000002 1.000000
vn 0.000002 0.000002 1.000000
vn 0.000002 0.000002 1.000000
vn -0.000002 0.000002 1.000000
vn -0.000002 0.000002 1.000000
vn -0.000002 0.000002 1.000000
vn -0.000002 0.000002 1.000000
vn -0.360242 0.932859 -0.000005
vn -0.360242 0.932859 -0.000005
vn -0.360242 0.932859 -0.000005
vn -0.360242 0.932859 -0.000005
vn -0.360362 0.932813 -0.000003
vn -0.360362 0.932813 -0.000003
vn -0.360362 0.932813 -0.000003
vn -0.360362 0.932813 -0.000003
vn -0.360362 0.932812 0.000003
vn -0.360362 0.932813 0.000003
vn -0.360362 0.932813 0.000003
vn -0.360362 0.932813 0.000003
vn -0.360144 -0.932897 0.000018
vn -0.360144 -0.932897 0.000018
vn -0.360144 -0.932897 0.000018
vn -0.360144 -0.932897 0.000018
vn -0.360478 -0.932768 0.000020
vn -0.360478 -0.932768 0.000020
vn -0.360478 -0.932768 0.000020
vn -0.360478 -0.932768 0.000020
vn -0.360475 -0.932769 -0.000020
vn -0.360475 -0.932769 -0.000020
vn -0.360475 -0.932769 -0.000020
vn -0.360475 -0.932769 -0.000020
vn 0.000001 0.932782 -0.360442
vn 0.000001 0.932782 -0.360442
vn 0.000001 0.932782 -0.360442
vn 0.000001 0.932782 -0.360442
vn 0.000001 0.932777 -0.360455
vn 0.000001 0.932777 -0.360455
vn 0.000001 0.932777 -0.360455
vn 0.000001 0.932777 -0.360455
vn -0.000001 0.932776 -0.360457
vn -0.000001 0.932776 -0.360457
vn -0.000001 0.932776 -0.360457
vn -0.000001 0.932776 -0.360457
vn -0.000001 -0.932761 -0.360496
vn -0.000001 -0.932761 -0.360496
vn -0.000001 -0.932761 -0.360496
vn -0.000001 -0.932761 -0.360496
vn -0.000001 -0.932772 -0.360467
vn -0.000001 -0.932772 -0.360467
vn -0.000001 -0.932772 -0.360467
vn -0.000001 -0.932772 -0.360467
vn 0.000001 -0.932773 -0.360466
vn 0.000001 -0.932773 -0.360466
vn 0.000001 -0.932773 -0.360466
vn 0.000001 -0.932773 -0.360466
vn 0.360500 0.932759 0.000005
vn 0.360500 0.932759 0.000005
vn 0.360500 0.932759 0.000005
vn 0.360500 0.932759 0.000005
vn 0.360559 0.932737 0.000003
vn 0.360559 0.932737 0.000003
vn 0.360559 0.932736 0.000003
vn 0.360559 0.932737 0.000003
vn 0.360559 0.932737 -0.000003
vn 0.360559 0.932737 -0.000003
vn 0.360559 0.932737 -0.000003
vn 0.360559 0.932737 -0.000003
vn 0.360506 -0.932757 -0.000003
vn 0.360506 -0.932757 -0.000003
vn 0.360506 -0.932757 -0.000003
vn 0.360506 -0.932757 -0.000003
vn 0.360563 -0.932735 -0.000006
vn 0.360563 -0.932735 -0.000006
vn 0.360563 -0.932735 -0.000006
vn 0.360563 -0.932735 -0.000006
vn 0.360534 -0.932746 0.000006
vn 0.360534 -0.932746 0.000006
vn 0.360534 -0.932746 0.000006
vn 0.360534 -0.932746 0.000006
vn -0.000001 0.932781 0.360444
vn -0.000001 0.932781 0.360444
vn -0.000001 0.932781 0.360444
vn -0.000001 0.932781 0.360444
vn -0.000001 0.932776 0.360456
vn -0.000001 0.932776 0.360456
vn -0.000001 0.932776 0.360456
vn -0.000001 0.932776 0.360456
vn 0.000001 0.932779 0.360450
vn 0.000001 0.932779 0.360450
vn 0.000001 0.932779 0.360450
vn 0.000001 0.932779 0.360450
vn -0.000001 -0.932768 0.360477
vn -0.000001 -0.932768 0.360477
vn -0.000001 -0.932768 0.360477
vn -0.000001 -0.932768 0.360477
vn -0.000001 -0.932778 0.360451
vn -0.000001 -0.932778 0.360451
vn -0.000001 -0.932778 0.360451
vn -0.000001 -0.932778 0.360451
vn 0.000001 -0.932778 0.360451
vn 0.000001 -0.932778 0.360451
vn 0.000001 -0.932778 0.360451
vn 0.000001 -0.932778 0.360451
vn -0.044406 -0.000005 0.999014
vn -0.044406 -0.000005 0.999014
vn -0.044406 -0.000005 0.999014
vn -0.044406 -0.000005 0.999014
vn 0.000000 1.000000 -0.000002
vn 0.000000 1.000000 -0.000002
vn 0.000000 1.000000 -0.000002
vn 0.000000 1.000000 -0.000002
vn 0.044405 -0.000002 -0.999014
vn 0.044405 -0.000002 -0.999014
vn 0.044405 -0.000002 -0.999014
vn 0.044405 -0.000002 -0.999014
vn 0.000000 -1.000000 0.000000
vn 0.000000 -1.000000 0.000000
vn 0.000000 -1.000000 0.000000
vn 0.000000 -1.000000 0.000000
vn 0.999845 -0.000034 0.017588
vn 0.999845 -0.000034 0.017588
vn 0.999845 -0.000034 0.017588
vn 0.999845 -0.000034 0.017588
vn -0.999846 0.000000 -0.017562
vn -0.999846 0.000000 -0.017562
vn -0.999846 0.000000 -0.017562
vn -0.999846 0.000000 -0.017562
vn -0.044404 -0.000005 0.999014
vn -0.044404 -0.000005 0.999014
vn -0.044404 -0.000005 0.999014
vn -0.044404 -0.000005 0.999014
vn -0.044404 0.000005 0.999014
vn -0.044404 0.000005 0.999014
vn -0.044404 0.000005 0.999014
vn -0.044404 0.000005 0.999014
vn -0.044406 0.000005 0.999014
vn -0.044406 0.000005 0.999014
vn -0.044406 0.000005 0.999014
vn -0.044406 0.000005 0.999014
vn 0.000000 1.000000 -0.000001
vn 0.000000 1.000000 -0.000001
vn 0.000000 1.000000 -0.000001
vn 0.000000 1.000000 -0.000001
vn 0.000000 1.000000 0.000000
vn 0.000000 1.000000 0.000000
vn 0.000000 1.000000 0.000000
vn 0.000000 1.000000 0.000000
vn 0.000000 1.000000 0.000000
vn 0.000000 1.000000 0.000000
vn 0.000000 1.000000 0.000000
vn 0.000000 1.000000 0.000000
vn 0.044403 -0.000002 -0.999014
vn 0.044403 -0.000002 -0.999014
vn 0.044403 -0.000002 -0.999014
vn 0.044403 -0.000002 -0.999014
vn 0.044403 0.000002 -0.999014
vn 0.044403 0.000002 -0.999014
vn 0.044403 0.000002 -0.999014
vn 0.044403 0.000002 -0.999014
vn 0.044405 0.000002 -0.999014
vn 0.044405 0.000002 -0.999014
vn 0.044405 0.000002 -0.999014
vn 0.044405 0.000002 -0.999014
vn 0.000000 -1.000000 0.000001
vn 0.000000 -1.000000 0.000001
vn 0.000000 -1.000000 0.000001
vn 0.000000 -1.000000 0.000001
vn 0.000000 -1.000000 -0.000002
vn 0.000000 -1.000000 -0.000002
vn 0.000000 -1.000000 -0.000002
vn 0.000000 -1.000000 -0.000002
vn 0.000000 -1.000000 -0.000001
vn 0.000000 -1.000000 -0.000001
vn 0.000000 -1.000000 -0.000001
vn 0.000000 -1.000000 -0.000001
vn 0.999845 -0.000030 0.017588
vn 0.999845 -0.000030 0.017588
vn 0.999845 -0.000030 0.017588
vn 0.999845 -0.000030 0.017588
vn 0.999845 0.000034 0.017588
vn 0.999845 0.000034 0.017588
vn 0.999845 0.000034 0.017588
vn 0.999845 0.000034 0.017588
vn 0.999845 0.000038 0.017588
vn 0.999845 0.000038 0.017588
vn 0.999845 0.000038 0.017588
vn 0.999845 0.000038 0.017588
vn -0.999846 0.000000 -0.017562
vn -0.999846 0.000000 -0.017562
vn -0.999846 0.000000 -0.017562
vn -0.999846 0.000000 -0.017562
vn -0.999846 0.000000 -0.017562
vn -0.999846 0.000000 -0.017562
vn -0.999846 0.000000 -0.017562
vn -0.999846 0.000000 -0.017562
vn -0.999846 0.000000 -0.017562
vn -0.999846 0.000000 -0.017562
vn -0.999846 0.000000 -0.017562
vn -0.999846 0.000000 -0.017562
vn -0.043793 -0.000001 0.999041
vn -0.043793 -0.000001 0.999041
vn -0.043793 -0.000001 0.999041
vn -0.043793 -0.000001 0.999041
vn 0.999844 -0.000009 0.017683
vn 0.999844 -0.000009 0.017683
vn 0.999844 -0.000009 0.017683
vn 0.999844 -0.000009 0.017683
vn 0.043791 0.000000 -0.999041
vn 0.043791 0.000000 -0.999041
vn 0.043791 0.000000 -0.999041
vn 0.043791 0.000000 -0.999041
vn -0.999842 0.000000 -0.017776
vn -0.999842 0.000000 -0.017776
vn -0.999842 0.000000 -0.017776
vn -0.999842 0.000000 -0.017776
vn 0.000000 -1.000000 0.000002
vn 0.000000 -1.000000 0.000002
vn 0.000000 -1.000000 0.000002
vn 0.000000 -1.000000 0.000002
vn -0.000003 1.000000 -0.000002
vn -0.000003 1.000000 -0.000002
vn -0.000003 1.000000 -0.000002
vn -0.000003 1.000000 -0.000002
vn -0.043792 0.000001 0.999041
vn -0.043792 0.000001 0.999041
vn -0.043792 0.000001 0.999041
vn -0.043792 0.000001 0.999041
vn -0.043807 0.000001 0.999040
vn -0.043807 0.000001 0.999040
vn -0.043807 0.000001 0.999040
vn -0.043807 0.000001 0.999040
vn -0.043807 -0.000001 0.999040
vn -0.043807 -0.000001 0.999040
vn -0.043807 -0.000001 0.999040
vn -0.043807 -0.000001 0.999040
vn 0.999844 0.000009 0.017683
vn 0.999844 0.000009 0.017683
vn 0.999844 0.000009 0.017683
vn 0.999844 0.000009 0.017683
vn 0.999837 0.000009 0.018056
vn 0.999837 0.000009 0.018056
vn 0.999837 0.000009 0.018056
vn 0.999837 0.000009 0.018056
vn 0.999837 -0.000009 0.018056
vn 0.999837 -0.000009 0.018056
vn 0.999837 -0.000009 0.018056
vn 0.999837 -0.000009 0.018056
vn 0.043791 0.000000 -0.999041
vn 0.043791 0.000000 -0.999041
vn 0.043791 0.000000 -0.999041
vn 0.043791 0.000000 -0.999041
vn 0.043800 0.000000 -0.999040
vn 0.043800 0.000000 -0.999040
vn 0.043800 0.000000 -0.999040
vn 0.043800 0.000000 -0.999040
vn 0.043800 0.000000 -0.999040
vn 0.043800 0.000000 -0.999040
vn 0.043800 0.000000 -0.999040
vn 0.043800 0.000000 -0.999040
vn -0.999842 0.000000 -0.017776
vn -0.999842 0.000000 -0.017776
vn -0.999842 0.000000 -0.017776
vn -0.999842 0.000000 -0.017776
vn -0.999842 0.000000 -0.017776
vn -0.999842 0.000000 -0.017776
vn -0.999842 0.000000 -0.017776
vn -0.999842 0.000000 -0.017776
vn -0.999842 0.000000 -0.017776
vn -0.999842 0.000000 -0.017776
vn -0.999842 0.000000 -0.017776
vn -0.999842 0.000000 -0.017776
vn 0.000000 -1.000000 0.000000
vn 0.000000 -1.000000 0.000000
vn 0.000000 -1.000000 0.000000
vn 0.000000 -1.000000 0.000000
vn 0.000000 -1.000000 -0.000002
vn 0.000000 -1.000000 -0.000002
vn 0.000000 -1.000000 -0.000002
vn 0.000000 -1.000000 -0.000002
vn 0.000000 -1.000000 0.000000
vn 0.000000 -1.000000 0.000000
vn 0.000000 -1.000000 0.000000
vn 0.000000 -1.000000 0.000000
vn -0.000003 1.000000 0.000009
vn -0.000003 1.000000 0.000009
vn -0.000003 1.000000 0.000009
vn -0.000003 1.000000 0.000009
vn 0.000003 1.000000 0.000003
vn 0.000003 1.000000 0.000003
vn 0.000003 1.000000 0.000003
vn 0.000003 1.000000 0.000003
vn 0.000003 1.000000 0.000000
vn 0.000003 1.000000 0.000000
vn 0.000003 1.000000 0.000000
vn 0.000003 1.000000 0.000000
vn -0.040549 -0.000001 0.999178
vn -0.040549 -0.000001 0.999178
vn -0.040549 -0.000001 0.999178
vn -0.040549 -0.000001 0.999178
vn 0.040547 0.000000 -0.999178
vn 0.040547 0.000000 -0.999178
vn 0.040547 0.000000 -0.999178
vn 0.040547 0.000000 -0.999178
vn 0.999178 0.000002 0.040550
vn 0.999178 0.000002 0.040550
vn 0.999178 0.000002 0.040550
vn 0.999178 0.000002 0.040550
vn -0.999178 0.000001 -0.040547
vn -0.999178 0.000001 -0.040547
vn -0.999178 0.000001 -0.040547
vn -0.999178 0.000001 -0.040547
vn 0.000000 1.000000 0.000000
vn 0.000000 1.000000 0.000000
vn 0.000000 1.000000 0.000000
vn 0.000000 1.000000 0.000000
vn 0.000000 1.000000 -0.000000
vn 0.000000 1.000000 -0.000000
vn 0.000000 1.000000 -0.000000
vn 0.000000 1.000000 -0.000000
vn 0.000000 1.000000 0.000000
vn 0.000000 1.000000 0.000000
vn 0.000000 1.000000 0.000000
vn 0.000000 1.000000 0.000000
vn 0.000001 1.000000 0.000000
vn 0.000001 1.000000 0.000000
vn 0.000001 1.000000 0.000000
vn 0.000001 1.000000 0.000000
vn -0.040549 0.000000 0.999178
vn -0.040549 0.000000 0.999178
vn -0.040549 0.000000 0.999178
vn -0.040549 0.000000 0.999178
vn 0.999178 0.000000 0.040547
vn 0.999178 0.000000 0.040547
vn 0.999178 0.000000 0.040547
vn 0.999178 0.000000 0.040547
vn 0.040548 0.000000 -0.999178
vn 0.040548 0.000000 -0.999178
vn 0.040548 0.000000 -0.999178
vn 0.040548 0.000001 -0.999178
vn -0.999178 0.000007 -0.040545
vn -0.999178 0.000007 -0.040545
vn -0.999178 0.000007 -0.040545
vn -0.999178 0.000007 -0.040545
vn -0.330157 0.943831 -0.013398
vn -0.330157 0.943831 -0.013398
vn -0.330157 0.943831 -0.013398
vn -0.330157 0.943831 -0.013398
vn -0.330169 0.943827 -0.013399
vn -0.330169 0.943827 -0.013399
vn -0.330169 0.943827 -0.013399
vn -0.330169 0.943827 -0.013399
vn -0.330157 0.943831 -0.013395
vn -0.330157 0.943831 -0.013409
vn -0.330157 0.943831 -0.013404
vn -0.330157 0.943831 -0.013395
vn -0.330156 0.943831 -0.013398
vn -0.330156 0.943831 -0.013398
vn -0.330156 0.943831 -0.013398
vn -0.330156 0.943831 -0.013398
vn 0.040549 0.000001 -0.999178
vn 0.040549 0.000001 -0.999178
vn 0.040549 0.000001 -0.999178
vn 0.040549 0.000001 -0.999178
vn -0.999178 0.000004 -0.040544
vn -0.999178 0.000004 -0.040544
vn -0.999178 0.000004 -0.040544
vn -0.999178 0.000004 -0.040544
vn -0.040549 -0.000000 0.999178
vn -0.040549 -0.000000 0.999178
vn -0.040549 -0.000000 0.999178
vn -0.040549 -0.000000 0.999178
vn 0.999178 0.000000 0.040546
vn 0.999178 0.000000 0.040546
vn 0.999178 0.000000 0.040546
vn 0.999178 0.000000 0.040546
vn -0.999178 0.000000 -0.040547
vn -0.999178 -0.000004 -0.040546
vn -0.999178 -0.000004 -0.040546
vn -0.999178 0.000000 -0.040547
vn 0.040548 -0.000000 -0.999178
vn 0.040548 -0.000000 -0.999178
vn 0.040548 -0.000000 -0.999178
vn 0.040548 -0.000000 -0.999178
vn 0.999178 -0.000007 0.040549
vn 0.999178 -0.000003 0.040548
vn 0.999178 -0.000003 0.040548
vn 0.999178 -0.000007 0.040549
vn -0.040549 0.000000 0.999178
vn -0.040549 -0.000000 0.999178
vn -0.040549 -0.000000 0.999178
vn -0.040549 0.000000 0.999178
vn -0.999178 0.000028 -0.040545
vn -0.999178 0.000006 -0.040546
vn -0.999178 0.000006 -0.040546
vn -0.999178 0.000028 -0.040545
vn 0.040548 0.000002 -0.999178
vn 0.040548 -0.000000 -0.999178
vn 0.040548 -0.000000 -0.999178
vn 0.040548 0.000002 -0.999178
vn 0.999178 0.000000 0.040547
vn 0.999178 0.000006 0.040548
vn 0.999178 0.000006 0.040548
vn 0.999178 0.000000 0.040547
vn -0.040549 -0.000001 0.999178
vn -0.040549 -0.000000 0.999178
vn -0.040549 -0.000000 0.999178
vn -0.040549 -0.000001 0.999178
vn -0.999178 0.000000 -0.040547
vn -0.999178 0.000005 -0.040547
vn -0.999178 0.000005 -0.040547
vn -0.999178 0.000000 -0.040547
vn 0.040547 -0.000000 -0.999178
vn 0.040548 -0.000000 -0.999178
vn 0.040548 -0.000000 -0.999178
vn 0.040548 -0.000000 -0.999178
vn 0.999178 -0.000013 0.040547
vn 0.999178 -0.000009 0.040547
vn 0.999178 -0.000009 0.040547
vn 0.999178 -0.000013 0.040547
vn -0.040549 0.000000 0.999178
vn -0.040549 0.000000 0.999178
vn -0.040549 0.000000 0.999178
vn -0.040549 0.000000 0.999178
vn -0.999178 0.000013 -0.040545
vn -0.999178 0.000005 -0.040546
vn -0.999178 0.000005 -0.040546
vn -0.999178 0.000013 -0.040545
vn 0.040547 -0.000002 -0.999178
vn 0.040548 -0.000001 -0.999178
vn 0.040548 -0.000001 -0.999178
vn 0.040547 -0.000002 -0.999178
vn 0.999178 0.000004 0.040545
vn 0.999178 0.000003 0.040545
vn 0.999178 0.000003 0.040545
vn 0.999178 0.000004 0.040545
vn -0.040549 -0.000000 0.999178
vn -0.040549 -0.000000 0.999178
vn -0.040549 -0.000000 0.999178
vn -0.040549 -0.000000 0.999178
vn -0.999178 0.000000 -0.040547
vn -0.999178 0.000003 -0.040548
vn -0.999178 0.000003 -0.040548
vn -0.999178 0.000000 -0.040547
vn 0.040547 0.000000 -0.999178
vn 0.040547 0.000000 -0.999178
vn 0.040547 0.000000 -0.999178
vn 0.040547 0.000000 -0.999178
vn 0.999178 0.000000 0.040550
vn 0.999178 -0.000000 0.040550
vn 0.999178 -0.000000 0.040550
vn 0.999178 0.000000 0.040550
vn -0.999178 -0.000006 -0.040549
vn -0.999178 -0.000002 -0.040548
vn -0.999178 -0.000002 -0.040548
vn -0.999178 -0.000006 -0.040549
vn 0.999178 0.000000 0.040550
vn 0.999178 -0.000001 0.040550
vn 0.999178 -0.000001 0.040550
vn 0.999178 0.000000 0.040550
vn 0.040548 -0.000000 -0.999178
vn 0.040548 -0.000000 -0.999178
vn 0.040548 -0.000000 -0.999178
vn 0.040548 -0.000000 -0.999178
vn -0.040546 -0.000000 0.999178
vn -0.040548 0.000000 0.999178
vn -0.040547 -0.000000 0.999178
vn -0.040547 -0.000000 0.999178
vn -0.040548 -0.000000 0.999178
vn -0.040548 0.000000 0.999178
vn -0.040548 0.000000 0.999178
vn -0.040548 -0.000000 0.999178
vn 0.000000 1.000000 0.000001
vn 0.000000 1.000000 0.000000
vn 0.000000 1.000000 0.000001
vn 0.000000 1.000000 0.000001
vn -0.040547 -0.000000 0.999178
vn -0.040547 -0.000000 0.999178
vn -0.040547 -0.000000 0.999178
vn -0.040547 -0.000000 0.999178
vn -0.040547 0.000000 0.999178
vn -0.040547 -0.000001 0.999178
vn -0.040547 0.000000 0.999178
vn -0.040547 0.000000 0.999178
vn -0.040548 -0.000003 0.999178
vn -0.040547 -0.000002 0.999178
vn -0.040547 -0.000002 0.999178
vn -0.040548 -0.000003 0.999178
vn -0.040548 -0.000000 0.999178
vn -0.040548 -0.000000 0.999178
vn -0.040548 0.000001 0.999178
vn -0.040548 0.000001 0.999178
vn -0.040549 0.000000 0.999178
vn -0.040548 0.000000 0.999178
vn -0.040548 0.000001 0.999178
vn -0.040549 0.000000 0.999178
vn -0.330161 0.943830 -0.013412
vn -0.330158 0.943830 -0.013409
vn -0.330159 0.943830 -0.013410
vn -0.330161 0.943830 -0.013412
vn 0.040548 -0.000000 -0.999178
vn 0.040548 -0.000000 -0.999178
vn 0.040548 -0.000000 -0.999178
vn 0.040548 -0.000000 -0.999178
vn -0.040549 -0.000000 0.999178
vn -0.040549 -0.000000 0.999178
vn -0.040549 -0.000000 0.999178
vn -0.040549 -0.000000 0.999178
vn -0.330157 0.943831 -0.013390
vn -0.330157 0.943831 -0.013390
vn -0.330157 0.943831 -0.013390
vn -0.330157 0.943831 -0.013390
vn 0.040546 0.000000 -0.999178
vn 0.040546 0.000000 -0.999178
vn 0.040546 0.000000 -0.999178
vn 0.040546 0.000000 -0.999178
vn 0.040548 0.000000 -0.999178
vn 0.040548 -0.000000 -0.999178
vn 0.040548 -0.000000 -0.999178
vn 0.040548 0.000000 -0.999178
vn 0.040548 -0.000001 -0.999178
vn 0.040549 -0.000000 -0.999178
vn 0.040549 -0.000000 -0.999178
vn 0.040548 -0.000001 -0.999178
vn 0.040549 0.000000 -0.999178
vn 0.040549 0.000000 -0.999178
vn 0.040549 0.000000 -0.999178
vn 0.040549 0.000000 -0.999178
vn 0.040548 0.000000 -0.999178
vn 0.040548 0.000000 -0.999178
vn 0.040548 0.000000 -0.999178
vn 0.040548 0.000000 -0.999178
vn 0.000000 1.000000 0.000000
vn 0.000000 1.000000 0.000000
vn 0.000000 1.000000 0.000000
vn 0.000000 1.000000 0.000000
vn 0.040547 -0.000000 -0.999178
vn 0.040548 -0.000000 -0.999178
vn 0.040547 0.000000 -0.999178
vn 0.040546 -0.000000 -0.999178
vn 0.040548 0.000000 -0.999178
vn 0.040548 0.000000 -0.999178
vn 0.040548 0.000000 -0.999178
vn 0.040548 0.000000 -0.999178
vn 0.040547 0.000000 -0.999178
vn 0.040548 0.000000 -0.999178
vn 0.040548 0.000000 -0.999178
vn 0.040547 0.000000 -0.999178
vn -0.040548 0.000000 0.999178
vn -0.040549 -0.000000 0.999178
vn -0.040549 -0.000000 0.999178
vn -0.040548 0.000000 0.999178
vn 0.000000 1.000000 0.000002
vn 0.000000 1.000000 0.000001
vn 0.000000 1.000000 0.000001
vn 0.000000 1.000000 0.000002
vn -0.040547 0.000001 0.999178
vn -0.040548 0.000001 0.999178
vn -0.040548 0.000001 0.999178
vn -0.040547 0.000001 0.999178
vn -0.040548 0.000000 0.999178
vn -0.040548 0.000000 0.999178
vn -0.040548 0.000000 0.999178
vn -0.040548 0.000000 0.999178
vn -0.040548 0.000000 0.999178
vn -0.040548 0.000000 0.999178
vn -0.040548 0.000000 0.999178
vn -0.040548 0.000000 0.999178
vn 0.040548 0.000000 -0.999178
vn 0.040548 0.000000 -0.999178
vn 0.040548 0.000000 -0.999178
vn 0.040548 0.000000 -0.999178
vn 0.040548 0.000000 -0.999178
vn 0.040548 0.000000 -0.999178
vn 0.040548 0.000000 -0.999178
vn 0.040548 0.000000 -0.999178
vn 0.040548 0.000000 -0.999178
vn 0.040548 0.000000 -0.999178
vn 0.040548 0.000000 -0.999178
vn 0.040548 0.000000 -0.999178
vn 0.040548 0.000000 -0.999178
vn 0.040548 0.000000 -0.999178
vn 0.040548 0.000000 -0.999178
vn 0.040548 0.000000 -0.999178
vn 0.040548 0.000000 -0.999178
vn 0.040548 0.000000 -0.999178
vn 0.040548 0.000000 -0.999178
vn 0.040547 0.000000 -0.999178
vn 0.040548 -0.000000 -0.999178
vn 0.040548 0.000000 -0.999178
vn 0.040548 0.000001 -0.999178
vn 0.040548 -0.000001 -0.999178
vn 0.040548 0.000000 -0.999178
vn 0.040548 0.000000 -0.999178
vn 0.040548 0.000000 -0.999178
vn 0.040548 0.000000 -0.999178
vn 0.040548 -0.000000 -0.999178
vn 0.040548 -0.000000 -0.999178
vn 0.040548 -0.000000 -0.999178
vn 0.040548 -0.000000 -0.999178
vn -0.330159 0.943830 -0.013399
vn -0.330159 0.943830 -0.013397
vn -0.330160 0.943830 -0.013392
vn -0.330159 0.943830 -0.013399
vn -0.040548 0.000001 0.999178
vn -0.040548 0.000000 0.999178
vn -0.040547 0.000000 0.999178
vn -0.040548 0.000001 0.999178
vn 0.040548 -0.000000 -0.999178
vn 0.040548 -0.000000 -0.999178
vn 0.040549 -0.000000 -0.999178
vn 0.040549 -0.000000 -0.999178
vn -0.330158 0.943831 -0.013390
vn -0.330159 0.943830 -0.013390
vn -0.330160 0.943830 -0.013391
vn -0.330158 0.943831 -0.013390
vn -0.040549 0.000001 0.999178
vn -0.040549 0.000001 0.999178
vn -0.040549 0.000001 0.999178
vn -0.040549 0.000001 0.999178
vn -0.040547 -0.000002 0.999178
vn -0.040547 0.000001 0.999178
vn -0.040547 0.000002 0.999178
vn -0.040547 0.000000 0.999178
vn 0.999305 0.008837 0.036223
vn 0.999344 -0.000001 0.036224
vn 0.999344 -0.000001 0.036224
vn 0.999305 0.008837 0.036223
vn -0.040547 0.000000 0.999178
vn -0.040548 -0.000000 0.999178
vn -0.040548 -0.000000 0.999178
vn -0.040547 0.000000 0.999178
vn -0.040548 -0.000000 0.999178
vn -0.040548 -0.000000 0.999178
vn -0.040548 -0.000000 0.999178
vn -0.040548 -0.000000 0.999178
vn -0.040548 0.000000 0.999178
vn -0.040548 0.000000 0.999178
vn -0.040548 0.000000 0.999178
vn -0.040548 0.000000 0.999178
vn -0.999178 0.000000 -0.040545
vn -0.999178 -0.000003 -0.040544
vn -0.999178 -0.000003 -0.040544
vn -0.999178 0.000000 -0.040545
vn 0.040548 -0.000001 -0.999178
vn 0.040548 -0.000001 -0.999178
vn 0.040548 -0.000001 -0.999178
vn 0.040548 -0.000001 -0.999178
vn 0.999178 0.000000 0.040547
vn 0.999178 0.000000 0.040547
vn 0.999178 0.000000 0.040547
vn 0.999178 0.000000 0.040547
vn -0.040548 0.000000 0.999178
vn -0.040548 0.000000 0.999178
vn -0.040548 0.000000 0.999178
vn -0.040548 0.000000 0.999178
vn -0.040548 0.000000 0.999178
vn -0.040548 0.000000 0.999178
vn -0.040548 0.000000 0.999178
vn -0.040548 0.000000 0.999178
vn -0.040549 0.000000 0.999178
vn -0.040549 0.000000 0.999178
vn -0.040549 0.000000 0.999178
vn -0.040549 0.000000 0.999178
vn -0.999178 0.000000 -0.040547
vn -0.999178 -0.000003 -0.040545
vn -0.999178 -0.000003 -0.040545
vn -0.999178 0.000000 -0.040547
vn 0.040549 0.000000 -0.999178
vn 0.040549 -0.000000 -0.999178
vn 0.040549 -0.000000 -0.999178
vn 0.040549 0.000000 -0.999178
vn 0.040548 0.000000 -0.999178
vn 0.040548 0.000000 -0.999178
vn 0.040548 0.000000 -0.999178
vn 0.040548 0.000000 -0.999178
vn 0.980028 -0.000005 -0.198862
vn 0.980028 -0.000005 -0.198862
vn 0.980028 -0.000005 -0.198862
vn 0.980028 -0.000005 -0.198862
vn 0.005322 0.991336 -0.131245
vn 0.005322 0.991336 -0.131245
vn 0.005322 0.991336 -0.131245
vn 0.005322 0.991336 -0.131245
vn -0.972299 0.000004 -0.233739
vn -0.972299 0.000004 -0.233739
vn -0.972299 0.000004 -0.233739
vn -0.972299 0.000004 -0.233739
vn 0.001284 -0.999501 -0.031547
vn 0.001284 -0.999501 -0.031547
vn 0.001284 -0.999501 -0.031547
vn 0.001284 -0.999502 -0.031547
vn -0.040548 0.000000 0.999178
vn -0.040548 0.000000 0.999178
vn -0.040548 0.000000 0.999178
vn -0.040548 0.000000 0.999178
vn 0.999178 0.000000 0.040547
vn 0.999178 0.000000 0.040547
vn 0.999178 0.000000 0.040547
vn 0.999178 0.000000 0.040547
vn 0.040548 0.000000 -0.999178
vn 0.040548 -0.000000 -0.999178
vn 0.040548 -0.000000 -0.999178
vn 0.040548 0.000000 -0.999178
vn 0.040548 0.000001 -0.999178
vn 0.040548 0.000001 -0.999178
vn 0.040549 0.000001 -0.999178
vn 0.040549 0.000001 -0.999178
vn 0.040548 0.000000 -0.999178
vn 0.040548 0.000000 -0.999178
vn 0.040548 0.000000 -0.999178
vn 0.040548 0.000000 -0.999178
vn -0.999178 0.000000 -0.040547
vn -0.999178 -0.000000 -0.040547
vn -0.999178 -0.000000 -0.040547
vn -0.999178 0.000000 -0.040547
vn -0.040550 0.000000 0.999178
vn -0.040549 0.000000 0.999178
vn -0.040549 0.000000 0.999178
vn -0.040550 0.000000 0.999178
vn -0.040548 -0.000000 0.999178
vn -0.040548 -0.000000 0.999178
vn -0.040548 -0.000000 0.999178
vn -0.040548 -0.000000 0.999178
vn -0.040548 0.000000 0.999178
vn -0.040070 -0.153259 0.987373
vn -0.040136 -0.142279 0.989013
vn -0.040548 0.000000 0.999178
vn 0.999178 0.000000 0.040547
vn 0.999178 0.000000 0.040547
vn 0.999178 0.000000 0.040547
vn 0.999178 0.000000 0.040547
vn 0.040548 -0.000000 -0.999178
vn 0.040548 -0.000000 -0.999178
vn 0.040548 -0.000000 -0.999178
vn 0.040548 -0.000000 -0.999178
vn 0.040548 0.000000 -0.999178
vn 0.040042 -0.155849 -0.986969
vn 0.040106 -0.145476 -0.988549
vn 0.040548 0.000000 -0.999178
vn -0.999178 0.000002 -0.040547
vn -0.999178 0.000001 -0.040547
vn -0.999178 0.000001 -0.040547
vn -0.999178 0.000002 -0.040547
vn -0.040549 -0.000000 0.999178
vn -0.040549 -0.000000 0.999178
vn -0.040549 -0.000000 0.999178
vn -0.040549 -0.000000 0.999178
vn -0.040548 0.000000 0.999178
vn -0.040095 -0.148994 0.988025
vn -0.040099 -0.148268 0.988134
vn -0.040548 0.000000 0.999178
vn 0.996184 0.000003 0.087280
vn 0.996184 0.000003 0.087280
vn 0.996184 0.000003 0.087280
vn 0.996184 0.000003 0.087280
vn -0.000137 0.999995 0.003077
vn -0.000137 0.999995 0.003077
vn -0.000137 0.999995 0.003077
vn -0.000137 0.999995 0.003077
vn -0.999008 0.000004 0.044525
vn -0.999008 0.000004 0.044525
vn -0.999008 0.000004 0.044525
vn -0.999008 0.000004 0.044525
vn 0.000720 -0.999845 -0.017570
vn 0.000720 -0.999845 -0.017570
vn 0.000720 -0.999845 -0.017570
vn 0.000720 -0.999845 -0.017570
vn -0.040551 0.000000 0.999178
vn -0.040552 0.000000 0.999178
vn -0.040552 0.000000 0.999178
vn -0.040551 0.000000 0.999178
vn -0.040548 0.000001 0.999178
vn -0.040548 0.000001 0.999178
vn -0.040549 0.000001 0.999178
vn -0.040548 0.000001 0.999178
vn -0.040548 -0.000001 0.999178
vn -0.040547 -0.000000 0.999178
vn -0.040547 -0.000000 0.999178
vn -0.040548 -0.000001 0.999178
vn -0.039589 -0.216076 0.975574
vn -0.040176 -0.134906 0.990044
vn -0.040100 -0.148067 0.988164
vn -0.039589 -0.216076 0.975574
vn 0.975835 -0.214893 0.039600
vn 0.987333 -0.153517 0.040066
vn 0.988209 -0.147768 0.040102
vn 0.975835 -0.214893 0.039600
vn 0.039594 -0.216075 -0.975574
vn 0.040075 -0.152693 -0.987461
vn 0.040157 -0.139334 -0.989431
vn 0.039598 -0.216075 -0.975573
vn -0.975310 -0.217267 -0.039579
vn -0.987063 -0.155252 -0.040055
vn -0.987957 -0.149443 -0.040092
vn -0.975309 -0.217267 -0.039579
vn -0.039590 -0.216076 0.975574
vn -0.040069 -0.153276 0.987371
vn -0.040137 -0.142023 0.989049
vn -0.039590 -0.216076 0.975574
vn -0.040548 -0.000000 0.999178
vn -0.040548 -0.000000 0.999178
vn -0.040548 -0.000000 0.999178
vn -0.040548 -0.000000 0.999178
vn 0.999088 -0.017163 0.039100
vn 0.989306 -0.140379 0.039596
vn 0.988337 -0.147043 0.039606
vn 0.999088 -0.017163 0.039100
vn 0.040548 -0.000001 -0.999178
vn 0.040548 -0.000000 -0.999178
vn 0.040548 -0.000000 -0.999178
vn 0.040548 -0.000001 -0.999178
vn -0.999178 0.000007 -0.040543
vn -0.989967 -0.135472 -0.040171
vn -0.988939 -0.142791 -0.040130
vn -0.999178 0.000007 -0.040543
vn -0.040548 -0.000000 0.999178
vn -0.040173 -0.135585 0.989951
vn -0.040103 -0.147569 0.988238
vn -0.040548 -0.000000 0.999178
vn -0.040547 0.000000 0.999178
vn -0.040548 0.000000 0.999178
vn -0.040548 0.000000 0.999178
vn -0.040548 0.000000 0.999178
vn 0.040550 0.000001 -0.999178
vn 0.039877 -0.180140 -0.982832
vn 0.039795 -0.190818 -0.980819
vn 0.040550 0.000001 -0.999178
vn 0.040544 -0.000001 -0.999178
vn 0.040545 0.000000 -0.999178
vn 0.040545 0.000000 -0.999178
vn 0.040544 -0.000001 -0.999178
vn 0.001261 0.999531 -0.030612
vn 0.001261 0.999531 -0.030612
vn 0.001261 0.999531 -0.030612
vn 0.001261 0.999531 -0.030612
vn -0.999279 -0.000003 0.037971
vn -0.999279 -0.000003 0.037971
vn -0.999279 -0.000003 0.037971
vn -0.999279 -0.000003 0.037971
vn 0.001633 -0.999179 -0.040483
vn 0.001633 -0.999179 -0.040483
vn 0.001633 -0.999179 -0.040483
vn 0.001633 -0.999179 -0.040483
vn 0.999339 -0.000003 0.036368
vn 0.999339 -0.000003 0.036368
vn 0.999339 -0.000003 0.036368
vn 0.999339 -0.000003 0.036368
vn 0.001639 -0.999172 -0.040643
vn 0.001639 -0.999173 -0.040643
vn 0.001639 -0.999173 -0.040643
vn 0.001639 -0.999173 -0.040643
vn 0.999642 -0.000003 -0.026775
vn 0.999642 -0.000003 -0.026775
vn 0.999642 -0.000003 -0.026775
vn 0.999642 -0.000003 -0.026775
vn 0.000456 0.999938 -0.011158
vn 0.000456 0.999938 -0.011158
vn 0.000456 0.999938 -0.011158
vn 0.000456 0.999938 -0.011158
vn -0.999159 -0.000003 -0.041001
vn -0.999159 -0.000003 -0.041001
vn -0.999159 -0.000003 -0.041001
vn -0.999159 -0.000003 -0.041001
vn 0.000000 1.000000 0.000001
vn 0.000000 1.000000 0.000001
vn 0.000000 1.000000 0.000001
vn 0.000000 1.000000 0.000001
vn -0.040137 -0.142015 0.989051
vn -0.040142 -0.141259 0.989159
vn -0.039590 -0.216076 0.975574
vn -0.039590 -0.216076 0.975574
vn -0.040550 0.000000 0.999178
vn -0.040550 0.000000 0.999178
vn -0.040550 0.000000 0.999178
vn -0.040550 0.000000 0.999178
vn -0.040546 0.000000 0.999178
vn -0.040548 -0.000000 0.999178
vn -0.040549 -0.000001 0.999178
vn -0.040545 0.000000 0.999178
vn -0.040551 -0.000001 0.999178
vn -0.040551 -0.000001 0.999178
vn -0.040543 -0.000000 0.999178
vn -0.040548 0.000001 0.999178
vn -0.040547 0.000001 0.999178
vn -0.040543 -0.000000 0.999178
vn 0.040547 0.000000 -0.999178
vn 0.040548 -0.000000 -0.999178
vn 0.040548 -0.000000 -0.999178
vn 0.040547 0.000000 -0.999178
vn 0.040548 0.000000 -0.999178
vn 0.040547 -0.000000 -0.999178
vn 0.040548 0.000000 -0.999178
vn 0.040548 0.000000 -0.999178
vn 0.039578 -0.216075 -0.975574
vn 0.040050 -0.154872 -0.987123
vn 0.040115 -0.144398 -0.988706
vn 0.039578 -0.216075 -0.975574
vn 0.039575 -0.216078 -0.975574
vn 0.039836 -0.184586 -0.982009
vn 0.039761 -0.194145 -0.980167
vn 0.039575 -0.216078 -0.975574
vn -0.999178 -0.000018 -0.040549
vn -0.999178 -0.000018 -0.040549
vn -0.999178 -0.000018 -0.040549
vn -0.999178 -0.000018 -0.040549
vn 0.040548 0.000000 -0.999178
vn 0.040548 0.000000 -0.999178
vn 0.040548 0.000000 -0.999178
vn 0.040548 0.000000 -0.999178
vn 0.040548 0.000001 -0.999178
vn 0.040548 0.000000 -0.999178
vn 0.040548 -0.000001 -0.999178
vn 0.040547 0.000000 -0.999178
vn 0.040548 0.000002 -0.999178
vn 0.040548 0.000002 -0.999178
vn 0.040548 0.000002 -0.999178
vn 0.040548 0.000002 -0.999178
vn 0.999178 0.000000 0.040547
vn 0.999178 0.000000 0.040547
vn 0.999178 0.000000 0.040547
vn 0.999178 0.000000 0.040547
vn -0.040548 -0.000001 0.999178
vn -0.040548 -0.000000 0.999178
vn -0.040548 -0.000000 0.999178
vn -0.040548 -0.000001 0.999178
vn -0.040547 0.000000 0.999178
vn -0.040548 0.000000 0.999178
vn -0.040548 0.000001 0.999178
vn -0.040547 0.000000 0.999178
vn -0.040549 0.000000 0.999178
vn -0.040549 0.000000 0.999178
vn -0.040549 0.000000 0.999178
vn -0.040549 0.000000 0.999178
vn -0.999178 0.000000 -0.040548
vn -0.999178 0.000000 -0.040548
vn -0.999178 0.000000 -0.040548
vn -0.999178 0.000000 -0.040548
vn -0.040549 0.000003 0.999178
vn -0.040549 0.000003 0.999178
vn -0.040549 0.000003 0.999178
vn -0.040549 0.000003 0.999178
vn -0.040548 -0.000001 0.999178
vn -0.040548 -0.000001 0.999178
vn -0.040548 -0.000001 0.999178
vn -0.040548 -0.000001 0.999178
vn -0.040548 0.000000 0.999178
vn -0.040548 0.000000 0.999178
vn -0.040548 0.000000 0.999178
vn -0.040548 0.000000 0.999178
vn 0.999178 -0.000018 0.040546
vn 0.999178 -0.000018 0.040546
vn 0.999178 -0.000018 0.040546
vn 0.999178 -0.000018 0.040546
vn 0.040549 -0.000001 -0.999178
vn 0.040549 -0.000001 -0.999178
vn 0.040549 -0.000001 -0.999178
vn 0.040549 -0.000001 -0.999178
vn 0.040548 -0.000000 -0.999178
vn 0.040548 -0.000000 -0.999178
vn 0.040548 -0.000001 -0.999178
vn 0.040548 -0.000001 -0.999178
vn 0.040548 0.000001 -0.999178
vn 0.040548 0.000001 -0.999178
vn 0.040548 0.000001 -0.999178
vn 0.040548 0.000001 -0.999178
vn -0.009676 -0.999953 -0.000393
vn -0.009676 -0.999953 -0.000393
vn -0.009676 -0.999953 -0.000393
vn -0.009676 -0.999953 -0.000393
vn -0.009679 0.999953 -0.000393
vn -0.009679 0.999953 -0.000393
vn -0.009679 0.999953 -0.000393
vn -0.009679 0.999953 -0.000393
vn -0.000392 -0.999953 0.009695
vn -0.000392 -0.999953 0.009695
vn -0.000392 -0.999953 0.009695
vn -0.000392 -0.999953 0.009695
vn -0.000394 0.999953 0.009682
vn -0.000394 0.999953 0.009682
vn -0.000394 0.999953 0.009682
vn -0.000394 0.999953 0.009682
vn -0.000395 0.999953 0.009672
vn -0.000395 0.999953 0.009672
vn -0.000395 0.999953 0.009672
vn -0.000395 0.999953 0.009672
vn -0.000390 -0.999953 0.009679
vn -0.000390 -0.999953 0.009679
vn -0.000390 -0.999953 0.009679
vn -0.000390 -0.999953 0.009679
vn -0.000394 0.999953 0.009691
vn -0.000394 0.999953 0.009691
vn -0.000394 0.999953 0.009691
vn -0.000394 0.999953 0.009691
vn -0.000392 -0.999953 0.009679
vn -0.000392 -0.999953 0.009679
vn -0.000392 -0.999953 0.009679
vn -0.000392 -0.999953 0.009679
vn 0.009680 -0.999953 0.000393
vn 0.009680 -0.999953 0.000393
vn 0.009680 -0.999953 0.000393
vn 0.009680 -0.999953 0.000393
vn 0.009683 0.999953 0.000393
vn 0.009683 0.999953 0.000393
vn 0.009683 0.999953 0.000393
vn 0.009683 0.999953 0.000393
vn 0.000394 -0.999953 -0.009675
vn 0.000394 -0.999953 -0.009675
vn 0.000394 -0.999953 -0.009675
vn 0.000394 -0.999953 -0.009675
vn 0.000392 0.999953 -0.009675
vn 0.000392 0.999953 -0.009675
vn 0.000392 0.999953 -0.009675
vn 0.000392 0.999953 -0.009675
vn 0.000391 0.999953 -0.009678
vn 0.000391 0.999953 -0.009678
vn 0.000391 0.999953 -0.009678
vn 0.000391 0.999953 -0.009678
vn 0.000395 -0.999953 -0.009676
vn 0.000395 -0.999953 -0.009676
vn 0.000395 -0.999953 -0.009676
vn 0.000395 -0.999953 -0.009676
vn 0.000392 0.999953 -0.009681
vn 0.000392 0.999953 -0.009681
vn 0.000392 0.999953 -0.009681
vn 0.000392 0.999953 -0.009681
vn 0.000393 -0.999953 -0.009683
vn 0.000393 -0.999953 -0.009683
vn 0.000393 -0.999953 -0.009683
vn 0.000393 -0.999953 -0.009683
vn -0.999178 0.000049 -0.040544
vn -0.999178 -0.000004 -0.040545
vn -0.999178 -0.000004 -0.040545
vn -0.999178 0.000049 -0.040544
vn 0.040548 0.000004 -0.999178
vn 0.040548 0.000004 -0.999178
vn 0.040548 0.000004 -0.999178
vn 0.040548 0.000004 -0.999178
vn 0.040548 -0.000001 -0.999178
vn 0.040548 -0.000001 -0.999178
vn 0.040547 -0.000004 -0.999178
vn 0.040547 -0.000004 -0.999178
vn 0.040548 0.000003 -0.999178
vn 0.040549 0.000002 -0.999178
vn 0.040549 0.000002 -0.999178
vn 0.040548 0.000003 -0.999178
vn 0.999178 0.000065 0.040544
vn 0.999178 0.000020 0.040546
vn 0.999178 0.000020 0.040546
vn 0.999178 0.000065 0.040544
vn -0.040547 0.000005 0.999178
vn -0.040547 0.000005 0.999178
vn -0.040547 0.000005 0.999178
vn -0.040547 0.000005 0.999178
vn -0.040548 0.000006 0.999178
vn -0.040548 0.000006 0.999178
vn -0.040548 0.000006 0.999178
vn -0.040548 0.000006 0.999178
vn -0.040550 -0.000004 0.999178
vn -0.040550 -0.000001 0.999178
vn -0.040550 -0.000002 0.999178
vn -0.040550 -0.000004 0.999178
vn -0.040548 -0.000001 0.999178
vn -0.040548 -0.000001 0.999178
vn -0.040548 -0.000001 0.999178
vn -0.040548 -0.000001 0.999178
vn -0.040548 0.000000 0.999178
vn -0.040548 0.000000 0.999178
vn -0.040548 0.000001 0.999178
vn -0.040547 0.000000 0.999178
vn -0.040548 0.000001 0.999178
vn -0.040548 0.000001 0.999178
vn 0.040548 0.000000 -0.999178
vn 0.040548 0.000000 -0.999178
vn 0.040548 0.000000 -0.999178
vn 0.040547 0.000000 -0.999178
vn 0.040547 0.000000 -0.999178
vn 0.040548 0.000000 -0.999178
vn 0.040548 0.000000 -0.999178
vn 0.040548 0.000000 -0.999178
vn 0.040548 0.000000 -0.999178
vn 0.999178 0.000000 0.040547
vn 0.999178 0.000000 0.040547
vn 0.999178 0.000000 0.040547
vn 0.999178 0.000000 0.040547
vn 0.999178 0.000000 0.040547
vn 0.999178 -0.000000 0.040547
vn 0.999178 -0.000000 0.040547
vn 0.999178 0.000000 0.040547
vn 0.999178 -0.000001 0.040550
vn 0.999178 -0.000001 0.040550
vn -0.999178 0.000000 -0.040550
vn -0.999178 0.000000 -0.040550
vn -0.999178 0.000000 -0.040550
vn -0.999178 0.000000 -0.040550
vn -0.999178 0.000000 -0.040550
vn -0.999178 -0.000002 -0.040550
vn -0.999178 -0.000002 -0.040550
vn -0.999178 0.000000 -0.040550
vn -0.999178 -0.000001 -0.040547
vn -0.999178 -0.000001 -0.040547
vn 0.000000 1.000000 0.000000
vn 0.000000 1.000000 0.000000
vn 0.000000 1.000000 0.000000
vn 0.000000 1.000000 0.000000
vn 0.000000 1.000000 0.000000
vn 0.000000 1.000000 0.000000
vn 0.000000 1.000000 0.000001
vn 0.000000 1.000000 0.000001
vn 0.000000 1.000000 0.000001
vn 0.000000 1.000000 0.000001
vn 0.000000 1.000000 -0.000000
vn 0.000000 1.000000 -0.000000
vn 0.000000 1.000000 -0.000000
vn 0.000000 1.000000 -0.000000
vn 0.000000 1.000000 0.000000
vn 0.000000 1.000000 0.000000
vn 0.000000 1.000000 0.000000
vn 0.000000 1.000000 0.000000
vn 0.000000 1.000000 0.000000
vn 0.000000 1.000000 0.000000
vn 0.000000 1.000000 0.000000
vn 0.000000 1.000000 0.000000
vn 0.000000 1.000000 0.000000
vn 0.000000 1.000000 0.000000
vn 0.000000 1.000000 0.000000
vn 0.000000 1.000000 0.000000
vn 0.000000 1.000000 -0.000001
vn 0.000000 1.000000 -0.000001
vn 0.000000 1.000000 -0.000001
vn 0.000000 1.000000 -0.000001
vn 0.000000 1.000000 0.000000
vn 0.000000 1.000000 0.000000
vn 0.000000 1.000000 0.000000
vn 0.000000 1.000000 0.000000
vn 0.000001 1.000000 -0.000000
vn 0.000001 1.000000 -0.000000
vn 0.000001 1.000000 -0.000000
vn 0.000001 1.000000 -0.000000
vn -0.000001 1.000000 -0.000000
vn -0.000001 1.000000 -0.000000
vn -0.000001 1.000000 -0.000000
vn -0.000001 1.000000 -0.000000
vn -0.000001 1.000000 -0.000000
vn -0.000001 1.000000 -0.000000
vn -0.000001 1.000000 -0.000000
vn -0.000001 1.000000 -0.000000
vn -0.040550 0.000000 0.999178
vn -0.040549 0.000000 0.999178
vn -0.040549 0.000000 0.999178
vn -0.040550 0.000000 0.999178
vn -0.040549 -0.000000 0.999178
vn -0.040550 -0.000000 0.999178
vn -0.040549 -0.000000 0.999178
vn -0.040549 -0.000000 0.999178
vn 0.999178 0.000001 0.040547
vn 0.999178 0.000001 0.040547
vn 0.999178 0.000001 0.040547
vn 0.999178 0.000001 0.040547
vn 0.999178 0.000000 0.040547
vn 0.999178 -0.000003 0.040546
vn 0.999178 -0.000003 0.040546
vn 0.999178 0.000000 0.040547
vn 0.999178 0.000001 0.040547
vn 0.999178 0.000001 0.040547
vn 0.040548 -0.000000 -0.999178
vn 0.040548 -0.000000 -0.999178
vn 0.040549 -0.000001 -0.999178
vn 0.040549 -0.000001 -0.999178
vn 0.040547 -0.000001 -0.999178
vn 0.040547 -0.000001 -0.999178
vn 0.040547 -0.000001 -0.999178
vn 0.040547 -0.000001 -0.999178
vn 0.040547 0.000001 -0.999178
vn 0.040547 0.000000 -0.999178
vn 0.040547 0.000000 -0.999178
vn 0.040547 0.000001 -0.999178
vn -0.999178 0.000007 -0.040549
vn -0.999178 0.000007 -0.040549
vn -0.999178 0.000007 -0.040549
vn -0.999178 0.000007 -0.040549
vn -0.999178 -0.000007 -0.040549
vn -0.999178 -0.000004 -0.040548
vn -0.999178 -0.000004 -0.040548
vn -0.999178 -0.000007 -0.040549
vn -0.999178 -0.000007 -0.040545
vn -0.999178 -0.000007 -0.040545
vn -0.330161 0.943829 -0.013398
vn -0.330161 0.943830 -0.013399
vn -0.330160 0.943830 -0.013399
vn -0.330161 0.943829 -0.013398
vn -0.330163 0.943829 -0.013391
vn -0.330163 0.943829 -0.013391
vn -0.330159 0.943830 -0.013394
vn -0.330159 0.943830 -0.013394
vn -0.330159 0.943830 -0.013394
vn -0.330159 0.943830 -0.013394
vn -0.330162 0.943829 -0.013398
vn -0.330161 0.943829 -0.013398
vn -0.330161 0.943829 -0.013398
vn -0.330162 0.943829 -0.013398
vn -0.330161 0.943830 -0.013397
vn -0.330161 0.943830 -0.013397
vn -0.330161 0.943830 -0.013397
vn -0.330161 0.943830 -0.013397
vn -0.330152 0.943833 -0.013397
vn -0.330152 0.943833 -0.013397
vn -0.330152 0.943833 -0.013397
vn -0.330152 0.943833 -0.013397
vn -0.330160 0.943830 -0.013392
vn -0.330159 0.943830 -0.013398
vn -0.330159 0.943830 -0.013408
vn -0.330159 0.943830 -0.013408
vn -0.330158 0.943830 -0.013396
vn -0.330158 0.943830 -0.013396
vn -0.330158 0.943830 -0.013396
vn -0.330158 0.943831 -0.013396
vn -0.330163 0.943829 -0.013393
vn -0.330163 0.943829 -0.013393
vn -0.330163 0.943829 -0.013393
vn -0.330163 0.943829 -0.013393
vn -0.330153 0.943832 -0.013398
vn -0.330153 0.943832 -0.013398
vn -0.330153 0.943832 -0.013398
vn -0.330153 0.943832 -0.013398
vn -0.330161 0.943830 -0.013399
vn -0.330161 0.943830 -0.013399
vn -0.330161 0.943830 -0.013399
vn -0.330161 0.943830 -0.013399
vn -0.330153 0.943832 -0.013397
vn -0.330153 0.943832 -0.013397
vn -0.330153 0.943832 -0.013397
vn -0.330153 0.943832 -0.013397
vn 0.040549 0.000001 -0.999178
vn 0.040548 0.000001 -0.999178
vn 0.040548 0.000001 -0.999178
vn 0.040549 0.000001 -0.999178
vn 0.040548 0.000001 -0.999178
vn 0.040548 0.000001 -0.999178
vn 0.040548 0.000001 -0.999178
vn 0.040548 0.000002 -0.999178
vn 0.040548 0.000000 -0.999178
vn 0.040548 0.000000 -0.999178
vn -0.999178 0.000005 -0.040549
vn -0.999178 0.000005 -0.040549
vn -0.999178 0.000005 -0.040549
vn -0.999178 0.000005 -0.040549
vn -0.999178 -0.000005 -0.040549
vn -0.999178 -0.000003 -0.040548
vn -0.999178 -0.000003 -0.040548
vn -0.999178 -0.000005 -0.040549
vn -0.999178 -0.000005 -0.040544
vn -0.999178 -0.000005 -0.040544
vn -0.040549 -0.000000 0.999178
vn -0.040549 0.000000 0.999178
vn -0.040548 -0.000000 0.999178
vn -0.040548 -0.000000 0.999178
vn -0.040548 0.000000 0.999178
vn -0.040548 0.000000 0.999178
vn -0.040549 0.000000 0.999178
vn -0.040549 0.000000 0.999178
vn -0.040549 0.000000 0.999178
vn -0.040549 0.000000 0.999178
vn 0.999178 0.000001 0.040551
vn 0.999177 0.000001 0.040551
vn 0.999178 0.000001 0.040551
vn 0.999177 0.000001 0.040551
vn 0.999178 0.000000 0.040551
vn 0.999177 0.000000 0.040551
vn 0.999177 0.000000 0.040551
vn 0.999178 0.000000 0.040551
vn 0.999178 0.000001 0.040547
vn 0.999178 0.000001 0.040547
vn -0.999178 -0.000001 -0.040547
vn -0.999178 -0.000001 -0.040547
vn -0.999178 0.000002 -0.040547
vn -0.999178 0.000006 -0.040547
vn -0.999178 0.000006 -0.040547
vn -0.999178 0.000002 -0.040547
vn -0.999178 0.000000 -0.040547
vn -0.999178 0.000000 -0.040547
vn 0.040548 0.000000 -0.999178
vn 0.040549 0.000000 -0.999178
vn 0.040548 0.000000 -0.999178
vn 0.040548 0.000000 -0.999178
vn 0.040547 -0.000000 -0.999178
vn 0.040547 -0.000000 -0.999178
vn 0.040547 -0.000000 -0.999178
vn 0.040547 -0.000000 -0.999178
vn 0.999178 -0.000006 0.040545
vn 0.999178 -0.000006 0.040545
vn 0.999178 0.000007 0.040545
vn 0.999178 0.000005 0.040545
vn 0.999178 0.000005 0.040545
vn 0.999178 0.000007 0.040545
vn 0.999178 0.000008 0.040549
vn 0.999178 0.000008 0.040549
vn -0.040549 0.000000 0.999178
vn -0.040549 0.000000 0.999178
vn -0.040549 0.000000 0.999178
vn -0.040549 -0.000002 0.999178
vn -0.040549 -0.000001 0.999178
vn -0.040549 0.000000 0.999178
vn -0.040549 0.000000 0.999178
vn -0.040549 0.000000 0.999178
vn -0.999178 0.000023 -0.040549
vn -0.999178 0.000023 -0.040549
vn -0.999178 -0.000021 -0.040549
vn -0.999178 0.000003 -0.040549
vn -0.999178 0.000003 -0.040549
vn -0.999178 -0.000021 -0.040549
vn -0.999178 -0.000026 -0.040545
vn -0.999178 -0.000026 -0.040545
vn 0.040548 -0.000000 -0.999178
vn 0.040547 0.000002 -0.999178
vn 0.040548 0.000000 -0.999178
vn 0.040547 -0.000002 -0.999178
vn 0.040548 -0.000002 -0.999178
vn 0.040548 -0.000002 -0.999178
vn 0.999178 0.000000 0.040547
vn 0.999178 0.000000 0.040547
vn 0.999178 0.000000 0.040547
vn 0.999178 0.000020 0.040547
vn 0.999178 0.000020 0.040547
vn 0.999178 0.000000 0.040547
vn 0.999178 0.000000 0.040547
vn 0.999178 0.000000 0.040547
vn -0.040549 -0.000005 0.999178
vn -0.040550 -0.000003 0.999178
vn -0.040549 0.000003 0.999178
vn -0.040548 0.000001 0.999178
vn -0.040549 -0.000001 0.999178
vn -0.040549 0.000002 0.999178
vn -0.040550 -0.000000 0.999178
vn -0.040550 -0.000000 0.999178
vn -0.999178 0.000004 -0.040546
vn -0.999178 0.000004 -0.040546
vn -0.999178 -0.000001 -0.040547
vn -0.999178 -0.000001 -0.040547
vn -0.999178 0.000002 -0.040547
vn -0.999178 0.000005 -0.040547
vn -0.999178 0.000005 -0.040547
vn -0.999178 0.000002 -0.040547
vn -0.999178 0.000000 -0.040547
vn -0.999178 0.000000 -0.040547
vn 0.040548 0.000000 -0.999178
vn 0.040549 0.000000 -0.999178
vn 0.040548 0.000000 -0.999178
vn 0.040548 0.000000 -0.999178
vn 0.040548 0.000000 -0.999178
vn 0.040548 0.000000 -0.999178
vn 0.040548 -0.000000 -0.999178
vn 0.040549 -0.000000 -0.999178
vn 0.040549 -0.000000 -0.999178
vn 0.040548 -0.000000 -0.999178
vn 0.999178 -0.000009 0.040547
vn 0.999178 -0.000009 0.040547
vn 0.999178 -0.000013 0.040547
vn 0.999178 -0.000013 0.040547
vn 0.999178 0.000000 0.040547
vn 0.999178 0.000002 0.040548
vn 0.999178 0.000002 0.040548
vn 0.999178 0.000000 0.040547
vn 0.999178 0.000001 0.040547
vn 0.999178 0.000001 0.040547
vn -0.040549 0.000000 0.999178
vn -0.040549 0.000000 0.999178
vn -0.040549 0.000000 0.999178
vn -0.040549 0.000000 0.999178
vn -0.040548 -0.000001 0.999178
vn -0.040549 -0.000000 0.999178
vn -0.040549 0.000000 0.999178
vn -0.040549 0.000000 0.999178
vn -0.040549 0.000000 0.999178
vn -0.999178 0.000011 -0.040549
vn -0.999178 0.000011 -0.040549
vn -0.999178 -0.000010 -0.040549
vn -0.999178 -0.000010 -0.040549
vn -0.999178 -0.000010 -0.040549
vn -0.999178 -0.000010 -0.040549
vn -0.999178 -0.000012 -0.040545
vn -0.999178 -0.000012 -0.040545
vn -0.999178 -0.000012 -0.040545
vn -0.999178 -0.000012 -0.040545
vn 0.040548 -0.000000 -0.999178
vn 0.040547 0.000000 -0.999178
vn 0.040549 0.000000 -0.999178
vn 0.040549 0.000000 -0.999178
vn 0.040548 -0.000001 -0.999178
vn 0.040548 -0.000001 -0.999178
vn 0.040548 -0.000001 -0.999178
vn 0.040548 -0.000001 -0.999178
vn 0.999178 0.000004 0.040549
vn 0.999178 0.000004 0.040549
vn 0.999178 0.000004 0.040549
vn 0.999178 0.000004 0.040549
vn 0.999178 0.000004 0.040549
vn 0.999178 0.000004 0.040549
vn 0.999178 0.000004 0.040545
vn 0.999178 0.000004 0.040545
vn 0.999178 0.000004 0.040545
vn 0.999178 0.000004 0.040545
vn -0.040548 -0.000001 0.999178
vn -0.040549 -0.000001 0.999178
vn -0.040549 -0.000000 0.999178
vn -0.040549 -0.000000 0.999178
vn -0.040549 0.000000 0.999178
vn -0.040549 0.000000 0.999178
vn -0.040549 0.000000 0.999178
vn -0.040549 0.000000 0.999178
vn -0.999178 0.000004 -0.040550
vn -0.999178 0.000004 -0.040550
vn -0.999178 0.000000 -0.040550
vn -0.999178 0.000000 -0.040550
vn -0.999178 0.000000 -0.040550
vn -0.999178 0.000000 -0.040550
vn -0.999178 0.000000 -0.040550
vn -0.999178 0.000000 -0.040550
vn -0.999178 0.000000 -0.040547
vn -0.999178 0.000000 -0.040547
vn -0.999178 0.000000 -0.040547
vn -0.999178 0.000000 -0.040547
vn 0.040548 0.000000 -0.999178
vn 0.040548 -0.000000 -0.999178
vn 0.040548 -0.000000 -0.999178
vn 0.040548 0.000000 -0.999178
vn 0.040548 -0.000000 -0.999178
vn 0.040548 0.000000 -0.999178
vn 0.040547 0.000000 -0.999178
vn 0.040547 0.000000 -0.999178
vn 0.999178 0.000000 0.040547
vn 0.999178 0.000000 0.040547
vn 0.999178 0.000000 0.040547
vn 0.999178 0.000000 0.040547
vn 0.999178 0.000000 0.040547
vn 0.999178 0.000000 0.040547
vn 0.999178 0.000000 0.040547
vn 0.999178 0.000000 0.040547
vn 0.999178 0.000000 0.040550
vn 0.999178 0.000000 0.040550
vn 0.999178 0.000000 0.040550
vn 0.999178 0.000000 0.040550
vn -0.999178 -0.000007 -0.040549
vn -0.999178 -0.000007 -0.040549
vn -0.999178 0.000007 -0.040549
vn -0.999178 0.000007 -0.040549
vn -0.999178 0.000006 -0.040549
vn -0.999178 0.000006 -0.040549
vn 0.999178 -0.000000 0.040547
vn 0.999178 -0.000000 0.040547
vn 0.999178 0.000000 0.040547
vn 0.999178 0.000000 0.040547
vn 0.999178 -0.000000 0.040550
vn 0.999178 -0.000000 0.040550
vn 0.040548 -0.000000 -0.999178
vn 0.040547 -0.000000 -0.999178
vn 0.040548 0.000000 -0.999178
vn 0.040547 0.000000 -0.999178
vn 0.040547 0.000000 -0.999178
vn -0.040547 0.000000 0.999178
vn -0.040547 0.000000 0.999178
vn -0.040543 0.000000 0.999178
vn -0.040543 -0.000000 0.999178
vn -0.040543 0.000000 0.999178
vn -0.040543 0.000000 0.999178
vn -0.040543 -0.000000 0.999178
vn -0.040544 0.000000 0.999178
vn -0.040543 -0.000000 0.999178
vn -0.040543 -0.000000 0.999178
vn -0.040548 0.000001 0.999178
vn -0.040548 0.000000 0.999178
vn -0.040549 0.000001 0.999178
vn -0.040549 0.000001 0.999178
vn -0.040549 0.000001 0.999178
vn -0.040548 0.000001 0.999178
vn -0.040549 0.000001 0.999178
vn -0.040548 0.000001 0.999178
vn -0.040548 0.000001 0.999178
vn 0.000000 1.000000 0.000001
vn 0.000000 1.000000 0.000001
vn 0.000001 1.000000 0.000000
vn 0.000001 1.000000 0.000000
vn -0.000000 1.000000 0.000000
vn -0.000000 1.000000 0.000000
vn -0.000000 1.000000 0.000000
vn -0.000000 1.000000 0.000000
vn -0.000001 1.000000 0.000002
vn -0.000001 1.000000 0.000002
vn -0.000001 1.000000 0.000002
vn -0.000001 1.000000 0.000002
vn -0.040547 0.000000 0.999178
vn -0.040547 0.000000 0.999178
vn -0.040547 0.000000 0.999178
vn -0.040547 0.000000 0.999178
vn -0.040548 0.000000 0.999178
vn -0.040548 0.000000 0.999178
vn -0.040548 0.000000 0.999178
vn -0.040548 0.000000 0.999178
vn -0.040548 -0.000000 0.999178
vn -0.040548 -0.000000 0.999178
vn -0.040548 -0.000000 0.999178
vn -0.040548 -0.000000 0.999178
vn -0.040547 0.000000 0.999178
vn -0.040547 0.000000 0.999178
vn -0.040548 0.000000 0.999178
vn -0.040548 0.000000 0.999178
vn -0.040548 0.000000 0.999178
vn -0.040548 0.000000 0.999178
vn -0.040548 0.000000 0.999178
vn -0.040548 0.000000 0.999178
vn -0.040547 -0.000002 0.999178
vn -0.040546 -0.000004 0.999178
vn -0.040547 -0.000003 0.999178
vn -0.040546 0.000001 0.999178
vn -0.040548 0.000001 0.999178
vn -0.040548 0.000001 0.999178
vn -0.040549 -0.000001 0.999178
vn -0.040549 -0.000001 0.999178
vn -0.040547 -0.000000 0.999178
vn -0.040547 -0.000000 0.999178
vn -0.040547 -0.000000 0.999178
vn -0.040547 -0.000000 0.999178
vn -0.040547 0.000001 0.999178
vn -0.040547 -0.000000 0.999178
vn -0.040547 0.000000 0.999178
vn -0.040547 0.000001 0.999178
vn -0.040548 -0.000001 0.999178
vn -0.040548 -0.000001 0.999178
vn -0.040547 -0.000001 0.999178
vn -0.040547 -0.000001 0.999178
vn -0.040546 0.000000 0.999178
vn -0.040546 0.000000 0.999178
vn -0.040546 0.000000 0.999178
vn -0.040546 0.000000 0.999178
vn -0.330159 0.943830 -0.013401
vn -0.330160 0.943830 -0.013403
vn -0.330162 0.943829 -0.013408
vn -0.330162 0.943829 -0.013408
vn -0.330151 0.943833 -0.013408
vn -0.330151 0.943833 -0.013408
vn -0.330151 0.943833 -0.013408
vn -0.330151 0.943833 -0.013408
vn -0.330154 0.943832 -0.013410
vn -0.330154 0.943832 -0.013410
vn -0.330154 0.943832 -0.013410
vn -0.330154 0.943832 -0.013410
vn 0.040547 0.000000 -0.999178
vn 0.040547 0.000000 -0.999178
vn 0.040548 -0.000001 -0.999178
vn 0.040548 -0.000001 -0.999178
vn 0.040549 -0.000001 -0.999178
vn 0.040549 -0.000001 -0.999178
vn 0.040547 -0.000000 -0.999178
vn 0.040547 -0.000000 -0.999178
vn 0.040547 -0.000000 -0.999178
vn 0.040547 -0.000000 -0.999178
vn -0.040549 -0.000000 0.999178
vn -0.040548 -0.000000 0.999178
vn -0.040548 -0.000000 0.999178
vn -0.040549 -0.000000 0.999178
vn -0.040548 0.000000 0.999178
vn -0.040548 0.000000 0.999178
vn -0.040549 0.000000 0.999178
vn -0.040549 0.000000 0.999178
vn -0.040548 0.000000 0.999178
vn -0.040548 0.000000 0.999178
vn -0.330160 0.943830 -0.013390
vn -0.330160 0.943830 -0.013387
vn -0.330160 0.943830 -0.013385
vn -0.330160 0.943830 -0.013390
vn -0.330161 0.943830 -0.013385
vn -0.330161 0.943830 -0.013385
vn -0.330159 0.943830 -0.013389
vn -0.330159 0.943830 -0.013389
vn -0.330159 0.943831 -0.013389
vn -0.330159 0.943830 -0.013389
vn 0.040547 0.000000 -0.999178
vn 0.040547 0.000000 -0.999178
vn 0.040547 0.000000 -0.999178
vn 0.040548 -0.000000 -0.999178
vn 0.040548 -0.000000 -0.999178
vn 0.040547 -0.000000 -0.999178
vn 0.040547 -0.000000 -0.999178
vn 0.040547 -0.000000 -0.999178
vn 0.040547 -0.000000 -0.999178
vn 0.040548 0.000000 -0.999178
vn 0.040548 0.000001 -0.999178
vn 0.040547 0.000001 -0.999178
vn 0.040548 0.000000 -0.999178
vn 0.040546 0.000000 -0.999178
vn 0.040546 0.000000 -0.999178
vn 0.040548 -0.000000 -0.999178
vn 0.040548 0.000000 -0.999178
vn 0.040548 -0.000002 -0.999178
vn 0.040548 0.000000 -0.999178
vn 0.040548 0.000001 -0.999178
vn 0.040548 0.000002 -0.999178
vn 0.040548 0.000002 -0.999178
vn 0.040549 0.000002 -0.999178
vn 0.040549 0.000002 -0.999178
vn 0.040548 0.000000 -0.999178
vn 0.040548 0.000000 -0.999178
vn 0.040549 0.000000 -0.999178
vn 0.040548 0.000000 -0.999178
vn 0.040549 0.000000 -0.999178
vn 0.040549 0.000000 -0.999178
vn 0.040548 0.000000 -0.999178
vn 0.040548 -0.000000 -0.999178
vn 0.040548 -0.000000 -0.999178
vn 0.040548 0.000000 -0.999178
vn 0.040548 0.000000 -0.999178
vn 0.040549 0.000000 -0.999178
vn 0.040549 0.000000 -0.999178
vn 0.000000 1.000000 0.000000
vn 0.000000 1.000000 0.000000
vn 0.000000 1.000000 0.000000
vn 0.000000 1.000000 0.000000
vn 0.000000 1.000000 -0.000002
vn 0.000000 1.000000 -0.000002
vn 0.000000 1.000000 -0.000002
vn 0.000000 1.000000 -0.000002
vn 0.000000 1.000000 -0.000003
vn 0.000000 1.000000 -0.000003
vn 0.000000 1.000000 -0.000003
vn 0.000000 1.000000 -0.000003
vn 0.040547 0.000000 -0.999178
vn 0.040547 0.000000 -0.999178
vn 0.040546 0.000000 -0.999178
vn 0.040546 0.000000 -0.999178
vn 0.040549 0.000001 -0.999178
vn 0.040549 0.000001 -0.999178
vn 0.040549 0.000001 -0.999178
vn 0.040549 0.000001 -0.999178
vn 0.040549 -0.000000 -0.999178
vn 0.040548 -0.000000 -0.999178
vn 0.040548 -0.000000 -0.999178
vn 0.040549 -0.000000 -0.999178
vn 0.040548 -0.000000 -0.999178
vn 0.040548 -0.000000 -0.999178
vn 0.040547 -0.000000 -0.999178
vn 0.040547 -0.000000 -0.999178
vn 0.040547 0.000000 -0.999178
vn 0.040548 0.000000 -0.999178
vn 0.040548 0.000000 -0.999178
vn 0.040547 0.000000 -0.999178
vn 0.040548 0.000000 -0.999178
vn 0.040547 0.000000 -0.999178
vn 0.040548 0.000000 -0.999178
vn 0.040548 0.000000 -0.999178
vn 0.040547 0.000000 -0.999178
vn 0.040547 0.000000 -0.999178
vn 0.040547 0.000000 -0.999178
vn 0.040547 0.000000 -0.999178
vn -0.040548 0.000000 0.999178
vn -0.040548 0.000000 0.999178
vn -0.040548 0.000000 0.999178
vn -0.040548 0.000000 0.999178
vn -0.040548 0.000000 0.999178
vn -0.040548 0.000000 0.999178
vn 0.000000 1.000000 0.000000
vn 0.000000 1.000000 0.000000
vn 0.000000 1.000000 0.000002
vn 0.000000 1.000000 0.000002
vn 0.000000 1.000000 0.000000
vn 0.000000 1.000000 0.000000
vn -0.040548 0.000000 0.999178
vn -0.040548 0.000001 0.999178
vn -0.040547 0.000000 0.999178
vn -0.040547 0.000001 0.999178
vn -0.040548 0.000000 0.999178
vn -0.040548 0.000000 0.999178
vn -0.040548 0.000000 0.999178
vn -0.040548 0.000000 0.999178
vn -0.040547 0.000000 0.999178
vn -0.040547 0.000000 0.999178
vn -0.040547 0.000000 0.999178
vn -0.040547 0.000000 0.999178
vn -0.040547 0.000000 0.999178
vn -0.040548 -0.000001 0.999178
vn -0.040548 -0.000001 0.999178
vn -0.040547 -0.000000 0.999178
vn -0.040548 -0.000000 0.999178
vn -0.040547 -0.000000 0.999178
vn -0.040547 -0.000000 0.999178
vn -0.040547 0.000000 0.999178
vn 0.040548 0.000000 -0.999178
vn 0.040548 0.000000 -0.999178
vn 0.040548 0.000000 -0.999178
vn 0.040548 0.000000 -0.999178
vn 0.040548 0.000000 -0.999178
vn 0.040548 0.000000 -0.999178
vn 0.040548 0.000000 -0.999178
vn 0.040548 0.000000 -0.999178
vn 0.040548 0.000000 -0.999178
vn 0.040548 -0.000000 -0.999178
vn 0.040548 -0.000000 -0.999178
vn 0.040548 -0.000000 -0.999178
vn 0.040548 -0.000000 -0.999178
vn 0.040548 0.000000 -0.999178
vn 0.040548 -0.000000 -0.999178
vn 0.040548 -0.000000 -0.999178
vn 0.040547 -0.000000 -0.999178
vn 0.040547 -0.000000 -0.999178
vn 0.040547 0.000000 -0.999178
vn 0.040547 0.000000 -0.999178
vn 0.040547 0.000000 -0.999178
vn 0.040547 0.000000 -0.999178
vn 0.040548 0.000000 -0.999178
vn 0.040548 0.000000 -0.999178
vn 0.040548 0.000001 -0.999178
vn 0.040548 -0.000001 -0.999178
vn 0.040548 0.000001 -0.999178
vn 0.040548 0.000001 -0.999178
vn 0.040548 0.000001 -0.999178
vn 0.040548 0.000000 -0.999178
vn 0.040548 0.000000 -0.999178
vn 0.040548 -0.000000 -0.999178
vn 0.040548 0.000000 -0.999178
vn 0.040548 0.000000 -0.999178
vn 0.040549 -0.000000 -0.999178
vn 0.040549 -0.000001 -0.999178
vn 0.040549 -0.000001 -0.999178
vn -0.330161 0.943830 -0.013383
vn -0.330161 0.943830 -0.013383
vn -0.330160 0.943830 -0.013388
vn -0.330160 0.943830 -0.013388
vn -0.330157 0.943831 -0.013413
vn -0.330157 0.943831 -0.013413
vn -0.040548 0.000000 0.999178
vn -0.040548 0.000000 0.999178
vn -0.040548 -0.000000 0.999178
vn -0.040548 -0.000000 0.999178
vn -0.040548 -0.000000 0.999178
vn -0.040548 -0.000000 0.999178
vn 0.040548 0.000001 -0.999178
vn 0.040548 0.000001 -0.999178
vn 0.040547 0.000000 -0.999178
vn 0.040547 0.000000 -0.999178
vn 0.040548 -0.000001 -0.999178
vn 0.040548 -0.000001 -0.999178
vn -0.330160 0.943830 -0.013400
vn -0.330160 0.943830 -0.013400
vn -0.330159 0.943830 -0.013399
vn -0.330159 0.943830 -0.013399
vn -0.330158 0.943831 -0.013408
vn -0.330158 0.943831 -0.013408
vn -0.040548 -0.000002 0.999178
vn -0.040548 -0.000002 0.999178
vn -0.040547 -0.000001 0.999178
vn -0.040547 -0.000001 0.999178
vn -0.040547 0.000001 0.999178
vn -0.040547 0.000001 0.999178
vn -0.040548 0.000002 0.999178
vn -0.040548 0.000003 0.999178
vn -0.040548 -0.000006 0.999178
vn -0.040548 -0.000006 0.999178
vn -0.040547 -0.000004 0.999178
vn -0.040547 -0.000004 0.999178
vn 0.999344 -0.000002 0.036225
vn 0.999344 -0.000002 0.036225
vn 0.999339 0.002946 0.036224
vn 0.999339 0.002946 0.036224
vn 0.999231 0.002946 0.039107
vn 0.999231 0.002946 0.039107
vn 0.999231 0.002946 0.039107
vn 0.999231 0.002946 0.039107
vn 0.999196 0.008837 0.039106
vn 0.999196 0.008837 0.039106
vn 0.999196 0.008837 0.039106
vn 0.999196 0.008837 0.039106
vn -0.040548 0.000000 0.999178
vn -0.040548 -0.000000 0.999178
vn -0.040548 0.000000 0.999178
vn -0.040547 -0.000000 0.999178
vn -0.040547 -0.000000 0.999178
vn -0.040547 0.000000 0.999178
vn -0.040547 0.000000 0.999178
vn -0.040547 0.000000 0.999178
vn -0.040547 0.000000 0.999178
vn -0.040548 -0.000000 0.999178
vn -0.040548 0.000000 0.999178
vn -0.040548 0.000000 0.999178
vn -0.040548 -0.000000 0.999178
vn -0.040548 0.000000 0.999178
vn -0.040548 -0.000000 0.999178
vn -0.040548 -0.000000 0.999178
vn -0.040548 0.000000 0.999178
vn -0.040548 0.000000 0.999178
vn -0.040548 0.000000 0.999178
vn -0.040548 0.000000 0.999178
vn -0.040549 0.000000 0.999178
vn -0.040549 0.000000 0.999178
vn -0.040549 0.000000 0.999178
vn -0.040549 0.000000 0.999178
vn -0.999178 -0.000004 -0.040549
vn -0.999178 -0.000004 -0.040549
vn -0.999178 -0.000000 -0.040549
vn -0.999178 -0.000000 -0.040549
vn -0.999178 0.000000 -0.040549
vn -0.999178 0.000000 -0.040549
vn -0.999178 0.000000 -0.040549
vn -0.999178 0.000000 -0.040549
vn -0.999178 -0.000000 -0.040545
vn -0.999178 -0.000000 -0.040545
vn -0.999178 -0.000000 -0.040545
vn -0.999178 -0.000000 -0.040545
vn 0.040548 0.000000 -0.999178
vn 0.040548 0.000000 -0.999178
vn 0.040548 -0.000000 -0.999178
vn 0.040548 0.000000 -0.999178
vn 0.040548 -0.000000 -0.999178
vn 0.040548 -0.000000 -0.999178
vn 0.040548 -0.000000 -0.999178
vn 0.040548 -0.000000 -0.999178
vn 0.999177 0.000000 0.040551
vn 0.999177 0.000000 0.040551
vn 0.999177 0.000000 0.040551
vn 0.999177 0.000000 0.040551
vn 0.999177 0.000000 0.040551
vn 0.999177 0.000000 0.040551
vn 0.999178 0.000000 0.040547
vn 0.999178 0.000000 0.040547
vn -0.040549 0.000000 0.999178
vn -0.040549 0.000000 0.999178
vn -0.040548 -0.000000 0.999178
vn -0.040549 -0.000000 0.999178
vn -0.040548 -0.000000 0.999178
vn -0.040548 -0.000000 0.999178
vn -0.040548 0.000000 0.999178
vn -0.040548 0.000000 0.999178
vn -0.040548 -0.000000 0.999178
vn -0.040548 0.000000 0.999178
vn -0.040548 0.000000 0.999178
vn -0.040548 0.000000 0.999178
vn -0.040547 -0.000000 0.999178
vn -0.040548 0.000000 0.999178
vn -0.040549 0.000000 0.999178
vn -0.040548 -0.000000 0.999178
vn -0.040549 -0.000000 0.999178
vn -0.040549 -0.000000 0.999178
vn -0.999178 -0.000000 -0.040547
vn -0.999178 -0.000000 -0.040547
vn -0.999178 0.000000 -0.040547
vn -0.999178 -0.000000 -0.040547
vn -0.999178 -0.000000 -0.040547
vn -0.999178 0.000000 -0.040547
vn -0.999178 -0.000000 -0.040547
vn -0.999178 -0.000000 -0.040547
vn 0.040547 -0.000001 -0.999178
vn 0.040548 -0.000001 -0.999178
vn 0.040547 0.000000 -0.999178
vn 0.040547 0.000000 -0.999178
vn 0.040547 0.000000 -0.999178
vn 0.040547 0.000000 -0.999178
vn 0.040549 0.000000 -0.999178
vn 0.040549 0.000000 -0.999178
vn 0.040548 0.000000 -0.999178
vn 0.040548 0.000000 -0.999178
vn 0.040548 -0.000000 -0.999178
vn 0.040549 -0.000000 -0.999178
vn 0.040548 0.000000 -0.999178
vn 0.040548 -0.000000 -0.999178
vn 0.040548 -0.000000 -0.999178
vn 0.040548 -0.000000 -0.999178
vn 0.980027 0.000005 -0.198862
vn 0.980027 0.000005 -0.198862
vn 0.980027 0.000005 -0.198862
vn 0.980027 0.000005 -0.198862
vn 0.980031 0.000002 -0.198843
vn 0.980031 0.000002 -0.198843
vn 0.980031 0.000002 -0.198843
vn 0.980031 0.000002 -0.198843
vn 0.980031 -0.000002 -0.198843
vn 0.980031 -0.000002 -0.198843
vn 0.980031 -0.000002 -0.198843
vn 0.980031 -0.000002 -0.198843
vn 0.005322 0.991336 -0.131245
vn 0.005322 0.991336 -0.131245
vn 0.005322 0.991336 -0.131245
vn 0.005322 0.991336 -0.131245
vn 0.005321 0.991335 -0.131251
vn 0.005321 0.991335 -0.131251
vn 0.005321 0.991335 -0.131251
vn 0.005321 0.991335 -0.131251
vn 0.005322 0.991335 -0.131250
vn 0.005322 0.991335 -0.131250
vn 0.005322 0.991335 -0.131250
vn 0.005322 0.991335 -0.131250
vn -0.972299 -0.000005 -0.233739
vn -0.972300 -0.000005 -0.233739
vn -0.972300 -0.000005 -0.233739
vn -0.972300 -0.000005 -0.233739
vn -0.972303 -0.000003 -0.233722
vn -0.972303 -0.000003 -0.233722
vn -0.972304 -0.000003 -0.233722
vn -0.972304 -0.000003 -0.233722
vn -0.972303 0.000002 -0.233722
vn -0.972304 0.000002 -0.233722
vn -0.972304 0.000002 -0.233722
vn -0.972303 0.000002 -0.233722
vn 0.001286 -0.999501 -0.031563
vn 0.001286 -0.999501 -0.031563
vn 0.001286 -0.999501 -0.031563
vn 0.001286 -0.999501 -0.031563
vn 0.001284 -0.999501 -0.031555
vn 0.001284 -0.999501 -0.031555
vn 0.001284 -0.999501 -0.031555
vn 0.001284 -0.999501 -0.031555
vn 0.001282 -0.999501 -0.031557
vn 0.001282 -0.999501 -0.031557
vn 0.001282 -0.999501 -0.031557
vn 0.001282 -0.999501 -0.031557
vn -0.040548 0.000000 0.999178
vn -0.040548 0.000000 0.999178
vn -0.040548 0.000000 0.999178
vn -0.040548 0.000000 0.999178
vn -0.040548 0.000000 0.999178
vn -0.040548 0.000000 0.999178
vn 0.999178 0.000001 0.040551
vn 0.999178 0.000001 0.040551
vn 0.999177 0.000000 0.040551
vn 0.999177 0.000000 0.040551
vn 0.999177 0.000000 0.040551
vn 0.999177 0.000000 0.040551
vn 0.999178 0.000001 0.040547
vn 0.999178 0.000001 0.040547
vn 0.040549 -0.000000 -0.999178
vn 0.040548 0.000000 -0.999178
vn 0.040549 -0.000000 -0.999178
vn 0.040549 -0.000000 -0.999178
vn 0.040549 -0.000001 -0.999178
vn 0.040548 -0.000001 -0.999178
vn 0.040548 0.000000 -0.999178
vn 0.040548 0.000000 -0.999178
vn 0.040549 -0.000000 -0.999178
vn 0.040549 -0.000000 -0.999178
vn 0.040549 -0.000000 -0.999178
vn 0.040549 -0.000000 -0.999178
vn 0.040548 -0.000001 -0.999178
vn 0.040548 -0.000001 -0.999178
vn 0.040548 -0.000001 -0.999178
vn 0.040548 0.000000 -0.999178
vn 0.040548 0.000000 -0.999178
vn 0.040547 -0.000001 -0.999178
vn 0.040548 -0.000001 -0.999178
vn 0.040548 -0.000001 -0.999178
vn -0.999178 -0.000000 -0.040547
vn -0.999178 -0.000000 -0.040547
vn -0.999178 0.000000 -0.040547
vn -0.999178 0.000000 -0.040547
vn -0.999178 0.000000 -0.040547
vn -0.999178 0.000000 -0.040547
vn -0.999178 -0.000000 -0.040547
vn -0.999178 -0.000000 -0.040547
vn -0.040548 0.000000 0.999178
vn -0.040549 0.000000 0.999178
vn -0.040548 -0.000000 0.999178
vn -0.040548 -0.000000 0.999178
vn -0.040548 -0.000000 0.999178
vn -0.040548 -0.000000 0.999178
vn -0.040549 -0.000000 0.999178
vn -0.040549 -0.000000 0.999178
vn -0.040548 -0.000000 0.999178
vn -0.040547 -0.000000 0.999178
vn -0.040547 0.000000 0.999178
vn -0.040547 0.000000 0.999178
vn -0.040074 -0.152235 0.987532
vn -0.040548 0.000000 0.999178
vn -0.040548 0.000000 0.999178
vn -0.040548 0.000000 0.999178
vn -0.040548 0.000000 0.999178
vn -0.040548 0.000000 0.999178
vn 0.999177 0.000001 0.040551
vn 0.999178 0.000001 0.040551
vn 0.999177 0.000000 0.040551
vn 0.987333 -0.153516 0.040069
vn 0.988209 -0.147767 0.040105
vn 0.999178 0.000000 0.040551
vn 0.999178 0.000001 0.040547
vn 0.999178 0.000001 0.040547
vn 0.040550 -0.000001 -0.999178
vn 0.040550 -0.000001 -0.999178
vn 0.040550 0.000000 -0.999178
vn 0.039785 -0.193578 -0.980278
vn 0.040060 -0.153650 -0.987313
vn 0.040550 0.000000 -0.999178
vn 0.040548 0.000000 -0.999178
vn 0.040548 0.000000 -0.999178
vn 0.040051 -0.154543 -0.987174
vn 0.039772 -0.195067 -0.979983
vn 0.040548 0.000000 -0.999178
vn 0.040548 0.000000 -0.999178
vn 0.040548 0.000000 -0.999178
vn 0.040548 0.000000 -0.999178
vn 0.040548 0.000000 -0.999178
vn 0.040548 0.000000 -0.999178
vn -0.999178 0.000000 -0.040547
vn -0.999178 0.000000 -0.040547
vn -0.999178 0.000000 -0.040547
vn -0.987062 -0.155253 -0.040055
vn -0.987957 -0.149444 -0.040092
vn -0.999178 0.000000 -0.040547
vn -0.999178 -0.000002 -0.040547
vn -0.999178 -0.000002 -0.040547
vn -0.040548 -0.000000 0.999178
vn -0.040549 -0.000000 0.999178
vn -0.040548 0.000000 0.999178
vn -0.040094 -0.149179 0.987997
vn -0.040075 -0.152344 0.987515
vn -0.040548 0.000000 0.999178
vn -0.040548 0.000000 0.999178
vn -0.040548 0.000000 0.999178
vn -0.040102 -0.147931 0.988184
vn -0.040548 0.000000 0.999178
vn -0.040548 0.000000 0.999178
vn -0.040547 0.000000 0.999178
vn 0.996186 -0.000010 0.087257
vn 0.996186 -0.000010 0.087257
vn 0.996186 -0.000010 0.087257
vn 0.996186 -0.000010 0.087257
vn 0.996189 -0.000011 0.087226
vn 0.996189 -0.000011 0.087226
vn 0.996189 -0.000011 0.087226
vn 0.996189 -0.000011 0.087226
vn 0.996189 0.000000 0.087227
vn 0.996189 0.000000 0.087227
vn 0.996189 0.000000 0.087227
vn 0.996189 0.000000 0.087227
vn -0.000142 0.999995 0.003204
vn -0.000142 0.999995 0.003204
vn -0.000142 0.999995 0.003204
vn -0.000142 0.999995 0.003204
vn -0.000164 0.999995 0.003200
vn -0.000164 0.999995 0.003200
vn -0.000164 0.999995 0.003200
vn -0.000164 0.999995 0.003200
vn -0.000159 0.999995 0.003070
vn -0.000159 0.999995 0.003070
vn -0.000159 0.999995 0.003070
vn -0.000159 0.999995 0.003070
vn -0.999008 -0.000005 0.044525
vn -0.999008 -0.000005 0.044525
vn -0.999008 -0.000005 0.044525
vn -0.999008 -0.000005 0.044525
vn -0.999007 -0.000003 0.044555
vn -0.999007 -0.000003 0.044555
vn -0.999007 -0.000003 0.044555
vn -0.999007 -0.000003 0.044555
vn -0.999007 0.000002 0.044555
vn -0.999007 0.000002 0.044555
vn -0.999007 0.000002 0.044555
vn -0.999007 0.000002 0.044555
vn 0.000717 -0.999847 -0.017501
vn 0.000717 -0.999847 -0.017501
vn 0.000717 -0.999847 -0.017501
vn 0.000717 -0.999847 -0.017501
vn 0.000728 -0.999847 -0.017505
vn 0.000728 -0.999847 -0.017505
vn 0.000728 -0.999847 -0.017505
vn 0.000728 -0.999847 -0.017505
vn 0.000731 -0.999846 -0.017564
vn 0.000731 -0.999846 -0.017564
vn 0.000731 -0.999846 -0.017564
vn 0.000731 -0.999846 -0.017564
vn -0.040546 0.000000 0.999178
vn -0.040546 0.000000 0.999178
vn -0.040546 0.000000 0.999178
vn -0.040546 0.000000 0.999178
vn -0.040547 -0.000000 0.999178
vn -0.040547 0.000000 0.999178
vn -0.040546 0.000000 0.999178
vn -0.040551 0.000000 0.999178
vn -0.040551 0.000000 0.999178
vn -0.040548 -0.000000 0.999178
vn -0.040547 -0.000001 0.999178
vn -0.040547 -0.000001 0.999178
vn -0.040549 -0.000000 0.999178
vn -0.040549 -0.000000 0.999178
vn -0.040548 0.000000 0.999178
vn -0.040548 0.000000 0.999178
vn -0.040548 0.000000 0.999178
vn -0.040548 0.000000 0.999178
vn -0.040548 -0.000000 0.999178
vn -0.040548 -0.000000 0.999178
vn -0.040547 -0.000000 0.999178
vn -0.040548 -0.000000 0.999178
vn -0.040550 -0.000001 0.999178
vn -0.040550 -0.000001 0.999178
vn -0.040164 -0.137235 0.989724
vn -0.040141 -0.141253 0.989159
vn -0.039590 -0.216076 0.975574
vn -0.039590 -0.216077 0.975573
vn -0.039589 -0.216076 0.975574
vn -0.039588 -0.216076 0.975574
vn -0.039591 -0.216075 0.975574
vn -0.039591 -0.216075 0.975574
vn 0.975835 -0.214891 0.039602
vn 0.975835 -0.214891 0.039602
vn 0.975836 -0.214887 0.039601
vn 0.989904 -0.136089 0.039621
vn 0.988909 -0.143135 0.039629
vn 0.975836 -0.214887 0.039601
vn 0.975836 -0.214886 0.039601
vn 0.975836 -0.214886 0.039601
vn 0.040156 -0.139595 -0.989394
vn 0.040073 -0.152948 -0.987421
vn 0.039594 -0.216076 -0.975573
vn 0.039598 -0.216076 -0.975573
vn 0.039594 -0.216077 -0.975573
vn 0.039599 -0.216077 -0.975573
vn 0.039599 -0.216077 -0.975573
vn 0.039599 -0.216075 -0.975573
vn 0.039593 -0.216076 -0.975574
vn 0.039599 -0.216075 -0.975573
vn -0.975309 -0.217269 -0.039579
vn -0.975309 -0.217269 -0.039579
vn -0.975311 -0.217262 -0.039580
vn -0.989967 -0.135471 -0.040175
vn -0.988939 -0.142789 -0.040133
vn -0.975311 -0.217262 -0.039580
vn -0.975310 -0.217263 -0.039578
vn -0.975310 -0.217263 -0.039578
vn -0.039590 -0.216076 0.975574
vn -0.039590 -0.216076 0.975574
vn -0.040162 -0.137771 0.989649
vn -0.039591 -0.216075 0.975574
vn -0.039589 -0.216076 0.975574
vn -0.039589 -0.216076 0.975574
vn -0.040547 -0.000000 0.999178
vn -0.040547 -0.000000 0.999178
vn -0.040547 0.000000 0.999178
vn -0.040547 0.000000 0.999178
vn -0.040547 0.000000 0.999178
vn 0.999219 -0.005718 0.039108
vn 0.999219 -0.005718 0.039108
vn 0.999327 -0.005730 0.036225
vn 0.999327 -0.005730 0.036225
vn 0.999196 -0.017172 0.036218
vn 0.999196 -0.017172 0.036218
vn 0.040548 -0.000001 -0.999178
vn 0.040548 -0.000001 -0.999178
vn 0.040548 0.000001 -0.999178
vn 0.040548 0.000001 -0.999178
vn 0.040548 0.000001 -0.999178
vn 0.040548 0.000001 -0.999178
vn -0.999178 0.000009 -0.040550
vn -0.999178 0.000009 -0.040550
vn -0.999178 -0.000010 -0.040550
vn -0.999178 -0.000010 -0.040550
vn -0.999178 -0.000008 -0.040543
vn -0.999178 -0.000008 -0.040543
vn -0.040548 -0.000000 0.999178
vn -0.040548 -0.000000 0.999178
vn -0.040548 0.000000 0.999178
vn -0.040548 0.000000 0.999178
vn -0.040548 0.000000 0.999178
vn -0.040548 0.000000 0.999178
vn -0.040548 0.000000 0.999178
vn -0.040549 -0.000000 0.999178
vn -0.040134 -0.142477 0.988984
vn -0.040548 -0.000000 0.999178
vn 0.039947 -0.170401 -0.984565
vn 0.039738 -0.197713 -0.979454
vn 0.040549 0.000001 -0.999178
vn 0.040549 0.000001 -0.999178
vn 0.040549 -0.000001 -0.999178
vn 0.040548 0.000000 -0.999178
vn 0.040548 -0.000000 -0.999178
vn 0.040549 -0.000001 -0.999178
vn 0.040546 -0.000000 -0.999178
vn 0.040546 -0.000000 -0.999178
vn 0.040539 0.000001 -0.999178
vn 0.040546 0.000001 -0.999178
vn 0.040527 0.000000 -0.999178
vn 0.040527 0.000000 -0.999178
vn 0.040529 0.000001 -0.999178
vn 0.039712 -0.200873 -0.978812
vn 0.039894 -0.177357 -0.983338
vn 0.040529 0.000001 -0.999178
vn 0.040535 0.000001 -0.999178
vn 0.040535 0.000001 -0.999178
vn 0.001267 0.999527 -0.030730
vn 0.001267 0.999527 -0.030730
vn 0.001267 0.999527 -0.030730
vn 0.001267 0.999527 -0.030730
vn 0.001306 0.999527 -0.030729
vn 0.001306 0.999527 -0.030729
vn 0.001306 0.999527 -0.030729
vn 0.001306 0.999527 -0.030729
vn 0.001301 0.999531 -0.030611
vn 0.001301 0.999531 -0.030611
vn 0.001301 0.999531 -0.030611
vn 0.001301 0.999531 -0.030611
vn -0.999279 0.000003 0.037971
vn -0.999279 0.000003 0.037971
vn -0.999279 0.000003 0.037971
vn -0.999279 0.000003 0.037971
vn -0.999278 0.000002 0.038002
vn -0.999278 0.000002 0.038002
vn -0.999278 0.000002 0.038002
vn -0.999278 0.000002 0.038002
vn -0.999278 -0.000002 0.038002
vn -0.999278 -0.000002 0.038002
vn -0.999278 -0.000002 0.038002
vn -0.999278 -0.000002 0.038002
vn 0.001635 -0.999176 -0.040545
vn 0.001635 -0.999176 -0.040545
vn 0.001635 -0.999176 -0.040545
vn 0.001635 -0.999176 -0.040545
vn 0.001615 -0.999177 -0.040543
vn 0.001615 -0.999177 -0.040543
vn 0.001615 -0.999177 -0.040543
vn 0.001615 -0.999177 -0.040543
vn 0.001613 -0.999179 -0.040484
vn 0.001613 -0.999179 -0.040484
vn 0.001613 -0.999179 -0.040484
vn 0.001613 -0.999179 -0.040484
vn 0.999341 -0.000011 0.036312
vn 0.999341 -0.000011 0.036312
vn 0.999341 -0.000011 0.036312
vn 0.999341 -0.000011 0.036312
vn 0.999341 -0.000018 0.036303
vn 0.999341 -0.000018 0.036303
vn 0.999341 -0.000018 0.036303
vn 0.999341 -0.000018 0.036303
vn 0.999341 -0.000009 0.036302
vn 0.999341 -0.000009 0.036302
vn 0.999341 -0.000009 0.036302
vn 0.999341 -0.000009 0.036302
vn 0.001641 -0.999170 -0.040701
vn 0.001641 -0.999170 -0.040701
vn 0.001641 -0.999170 -0.040701
vn 0.001641 -0.999170 -0.040701
vn 0.001620 -0.999170 -0.040701
vn 0.001620 -0.999170 -0.040701
vn 0.001620 -0.999170 -0.040701
vn 0.001620 -0.999170 -0.040701
vn 0.001619 -0.999172 -0.040644
vn 0.001619 -0.999172 -0.040644
vn 0.001619 -0.999172 -0.040644
vn 0.001619 -0.999172 -0.040644
vn 0.999642 0.000003 -0.026775
vn 0.999642 0.000003 -0.026775
vn 0.999642 0.000003 -0.026775
vn 0.999642 0.000003 -0.026775
vn 0.999644 0.000006 -0.026681
vn 0.999644 0.000006 -0.026681
vn 0.999644 0.000006 -0.026681
vn 0.999644 0.000006 -0.026681
vn 0.999644 -0.000006 -0.026681
vn 0.999644 -0.000006 -0.026681
vn 0.999644 -0.000006 -0.026681
vn 0.999644 -0.000006 -0.026681
vn 0.000457 0.999937 -0.011177
vn 0.000457 0.999937 -0.011177
vn 0.000457 0.999937 -0.011177
vn 0.000457 0.999937 -0.011177
vn 0.000463 0.999938 -0.011176
vn 0.000463 0.999938 -0.011176
vn 0.000463 0.999937 -0.011176
vn 0.000463 0.999937 -0.011176
vn 0.000463 0.999938 -0.011158
vn 0.000463 0.999938 -0.011158
vn 0.000463 0.999938 -0.011158
vn 0.000463 0.999938 -0.011158
vn -0.999159 0.000003 -0.041001
vn -0.999159 0.000003 -0.041001
vn -0.999159 0.000003 -0.041001
vn -0.999159 0.000003 -0.041001
vn -0.999159 0.000010 -0.041005
vn -0.999159 0.000010 -0.041005
vn -0.999159 0.000010 -0.041005
vn -0.999159 0.000010 -0.041005
vn -0.999160 0.000000 -0.040977
vn -0.999160 0.000000 -0.040977
vn -0.999160 0.000000 -0.040977
vn -0.999160 0.000000 -0.040977
vn 0.000000 1.000000 -0.000002
vn 0.000000 1.000000 -0.000002
vn 0.000000 1.000000 -0.000002
vn 0.000000 1.000000 -0.000002
vn -0.000000 1.000000 -0.000001
vn -0.000000 1.000000 -0.000001
vn -0.000000 1.000000 -0.000001
vn -0.000000 1.000000 -0.000001
vn -0.000000 1.000000 0.000002
vn -0.000000 1.000000 0.000002
vn -0.000000 1.000000 0.000002
vn -0.000000 1.000000 0.000002
vn -0.039590 -0.216076 0.975574
vn -0.039590 -0.216076 0.975574
vn -0.039590 -0.216076 0.975574
vn -0.040549 0.000000 0.999178
vn -0.040551 -0.000000 0.999178
vn -0.040551 -0.000000 0.999178
vn -0.040543 0.000000 0.999178
vn -0.040543 0.000000 0.999178
vn -0.040544 -0.000000 0.999178
vn -0.040544 -0.000000 0.999178
vn -0.040546 0.000000 0.999178
vn -0.040553 0.000000 0.999177
vn -0.040553 0.000000 0.999177
vn -0.040545 0.000000 0.999178
vn -0.040544 0.000000 0.999178
vn -0.040544 0.000000 0.999178
vn 0.040549 -0.000000 -0.999178
vn 0.040549 -0.000000 -0.999178
vn 0.040547 0.000001 -0.999178
vn 0.040547 0.000001 -0.999178
vn 0.040546 0.000000 -0.999178
vn 0.040546 0.000000 -0.999178
vn 0.040547 0.000000 -0.999178
vn 0.040547 0.000000 -0.999178
vn 0.040547 0.000000 -0.999178
vn 0.040547 0.000000 -0.999178
vn 0.040548 0.000000 -0.999178
vn 0.040548 0.000000 -0.999178
vn 0.040547 0.000000 -0.999178
vn 0.040547 0.000000 -0.999178
vn 0.040547 -0.000001 -0.999178
vn 0.040547 -0.000001 -0.999178
vn 0.040548 -0.000000 -0.999178
vn 0.040548 -0.000000 -0.999178
vn 0.040548 -0.000000 -0.999178
vn 0.040548 -0.000000 -0.999178
vn 0.039581 -0.216076 -0.975574
vn 0.039581 -0.216075 -0.975574
vn 0.039581 -0.216075 -0.975574
vn 0.039579 -0.216075 -0.975574
vn 0.039579 -0.216075 -0.975574
vn 0.039581 -0.216076 -0.975574
vn 0.039581 -0.216076 -0.975574
vn 0.039581 -0.216077 -0.975574
vn 0.039581 -0.216077 -0.975574
vn 0.039581 -0.216076 -0.975574
vn 0.039581 -0.216076 -0.975574
vn 0.039576 -0.216077 -0.975574
vn 0.039575 -0.216079 -0.975574
vn 0.039575 -0.216079 -0.975574
vn -0.999178 -0.000018 -0.040545
vn -0.999178 -0.000018 -0.040545
vn -0.999178 -0.000018 -0.040545
vn -0.999178 -0.000018 -0.040545
vn -0.999178 0.000018 -0.040545
vn -0.999178 0.000018 -0.040545
vn -0.999178 0.000018 -0.040549
vn -0.999178 0.000018 -0.040549
vn 0.040548 0.000000 -0.999178
vn 0.040548 0.000000 -0.999178
vn 0.040547 0.000000 -0.999178
vn 0.040547 0.000000 -0.999178
vn 0.040548 0.000000 -0.999178
vn 0.040548 0.000000 -0.999178
vn 0.040548 0.000000 -0.999178
vn 0.040548 0.000000 -0.999178
vn 0.040548 0.000000 -0.999178
vn 0.040548 0.000000 -0.999178
vn 0.040548 0.000001 -0.999178
vn 0.040548 0.000001 -0.999178
vn 0.040548 0.000000 -0.999178
vn 0.040548 0.000000 -0.999178
vn 0.040548 0.000000 -0.999178
vn 0.040548 0.000000 -0.999178
vn 0.040548 0.000000 -0.999178
vn 0.040548 0.000002 -0.999178
vn 0.040548 0.000002 -0.999178
vn 0.040549 -0.000002 -0.999178
vn 0.040548 -0.000002 -0.999178
vn 0.040548 -0.000002 -0.999178
vn 0.999178 0.000002 0.040547
vn 0.999178 0.000002 0.040547
vn 0.999178 0.000002 0.040547
vn 0.999178 0.000002 0.040547
vn 0.999178 0.000000 0.040547
vn 0.999178 0.000000 0.040547
vn 0.999178 0.000002 0.040547
vn 0.999178 0.000002 0.040547
vn -0.040548 0.000001 0.999178
vn -0.040548 0.000000 0.999178
vn -0.040548 0.000000 0.999178
vn -0.040548 0.000000 0.999178
vn -0.040548 -0.000000 0.999178
vn -0.040548 -0.000000 0.999178
vn -0.040548 -0.000000 0.999178
vn -0.040548 -0.000000 0.999178
vn -0.040548 -0.000001 0.999178
vn -0.040548 -0.000001 0.999178
vn -0.040548 0.000001 0.999178
vn -0.040548 0.000001 0.999178
vn -0.040547 0.000001 0.999178
vn -0.040547 0.000001 0.999178
vn -0.040548 0.000001 0.999178
vn -0.040548 0.000001 0.999178
vn -0.040548 -0.000000 0.999178
vn -0.040548 -0.000000 0.999178
vn -0.040549 0.000001 0.999178
vn -0.040549 0.000001 0.999178
vn -0.040548 0.000001 0.999178
vn -0.040549 0.000001 0.999178
vn -0.040549 0.000001 0.999178
vn -0.999178 0.000000 -0.040544
vn -0.999178 0.000000 -0.040544
vn -0.999178 0.000000 -0.040544
vn -0.999178 0.000000 -0.040544
vn -0.999178 0.000000 -0.040544
vn -0.999178 0.000000 -0.040544
vn -0.999178 0.000000 -0.040544
vn -0.999178 0.000000 -0.040544
vn -0.999178 0.000000 -0.040548
vn -0.999178 0.000000 -0.040548
vn -0.999178 0.000000 -0.040548
vn -0.999178 0.000000 -0.040548
vn -0.040549 0.000005 0.999178
vn -0.040548 0.000004 0.999178
vn -0.040548 0.000003 0.999178
vn -0.040549 0.000005 0.999178
vn -0.040548 -0.000002 0.999178
vn -0.040548 -0.000001 0.999178
vn -0.040549 -0.000002 0.999178
vn -0.040549 -0.000002 0.999178
vn -0.040548 -0.000001 0.999178
vn -0.040548 -0.000001 0.999178
vn -0.040548 -0.000001 0.999178
vn -0.040548 -0.000001 0.999178
vn -0.040548 -0.000001 0.999178
vn -0.040548 -0.000001 0.999178
vn -0.040547 0.000002 0.999178
vn -0.040547 0.000002 0.999178
vn -0.040548 0.000000 0.999178
vn -0.040548 0.000000 0.999178
vn -0.040548 0.000000 0.999178
vn -0.040548 0.000000 0.999178
vn -0.040548 -0.000001 0.999178
vn -0.040548 -0.000001 0.999178
vn -0.040548 0.000000 0.999178
vn -0.040548 0.000000 0.999178
vn -0.040548 0.000000 0.999178
vn -0.040548 0.000000 0.999178
vn -0.040548 0.000000 0.999178
vn -0.040548 0.000000 0.999178
vn 0.999178 -0.000027 0.040546
vn 0.999178 -0.000027 0.040546
vn 0.999178 -0.000027 0.040546
vn 0.999178 -0.000027 0.040546
vn 0.999178 0.000027 0.040546
vn 0.999178 0.000027 0.040546
vn 0.999178 0.000027 0.040546
vn 0.999178 0.000027 0.040546
vn 0.999178 0.000018 0.040546
vn 0.999178 0.000018 0.040546
vn 0.999178 0.000018 0.040546
vn 0.999178 0.000018 0.040546
vn 0.040547 -0.000000 -0.999178
vn 0.040547 0.000001 -0.999178
vn 0.040547 0.000001 -0.999178
vn 0.040547 -0.000000 -0.999178
vn 0.040548 -0.000001 -0.999178
vn 0.040548 -0.000001 -0.999178
vn 0.040548 0.000000 -0.999178
vn 0.040548 0.000000 -0.999178
vn 0.040549 0.000001 -0.999178
vn 0.040549 0.000001 -0.999178
vn 0.040549 0.000001 -0.999178
vn 0.040549 0.000001 -0.999178
vn 0.040548 -0.000001 -0.999178
vn 0.040548 -0.000001 -0.999178
vn 0.040548 0.000001 -0.999178
vn 0.040548 0.000001 -0.999178
vn 0.040548 0.000001 -0.999178
vn 0.040548 0.000000 -0.999178
vn 0.040548 0.000000 -0.999178
vn 0.040548 0.000001 -0.999178
vn 0.040548 0.000001 -0.999178
vn 0.040548 0.000001 -0.999178
vn 0.040548 -0.000001 -0.999178
vn 0.040548 -0.000001 -0.999178
vn 0.040547 -0.000001 -0.999178
vn 0.040547 -0.000001 -0.999178
vn 0.040547 -0.000001 -0.999178
vn 0.040547 -0.000001 -0.999178
vn -0.009677 -0.999953 -0.000392
vn -0.009677 -0.999953 -0.000392
vn -0.009677 -0.999953 -0.000392
vn -0.009677 -0.999953 -0.000392
vn -0.009681 -0.999953 -0.000393
vn -0.009681 -0.999953 -0.000393
vn -0.009681 -0.999953 -0.000393
vn -0.009681 -0.999953 -0.000393
vn -0.009682 -0.999953 -0.000393
vn -0.009682 -0.999953 -0.000393
vn -0.009682 -0.999953 -0.000393
vn -0.009682 -0.999953 -0.000393
vn -0.009679 0.999953 -0.000393
vn -0.009679 0.999953 -0.000393
vn -0.009679 0.999953 -0.000393
vn -0.009679 0.999953 -0.000393
vn -0.009679 0.999953 -0.000393
vn -0.009679 0.999953 -0.000393
vn -0.009679 0.999953 -0.000393
vn -0.009679 0.999953 -0.000393
vn -0.009679 0.999953 -0.000393
vn -0.009679 0.999953 -0.000393
vn -0.009679 0.999953 -0.000393
vn -0.009679 0.999953 -0.000393
vn -0.000393 -0.999953 0.009682
vn -0.000393 -0.999953 0.009682
vn -0.000393 -0.999953 0.009682
vn -0.000393 -0.999953 0.009682
vn -0.000393 -0.999953 0.009678
vn -0.000393 -0.999953 0.009678
vn -0.000393 -0.999953 0.009678
vn -0.000393 -0.999953 0.009678
vn -0.000391 -0.999953 0.009672
vn -0.000391 -0.999953 0.009672
vn -0.000391 -0.999953 0.009672
vn -0.000391 -0.999953 0.009672
vn -0.000393 0.999953 0.009682
vn -0.000393 0.999953 0.009682
vn -0.000393 0.999953 0.009682
vn -0.000393 0.999953 0.009682
vn -0.000393 0.999953 0.009677
vn -0.000393 0.999953 0.009677
vn -0.000393 0.999953 0.009677
vn -0.000393 0.999953 0.009677
vn -0.000394 0.999953 0.009677
vn -0.000394 0.999953 0.009677
vn -0.000394 0.999953 0.009677
vn -0.000394 0.999953 0.009677
vn -0.000395 0.999953 0.009670
vn -0.000395 0.999953 0.009670
vn -0.000395 0.999953 0.009670
vn -0.000395 0.999953 0.009670
vn -0.000395 0.999953 0.009685
vn -0.000395 0.999953 0.009685
vn -0.000395 0.999953 0.009685
vn -0.000395 0.999953 0.009685
vn -0.000395 0.999953 0.009685
vn -0.000395 0.999953 0.009685
vn -0.000395 0.999953 0.009685
vn -0.000395 0.999953 0.009685
vn -0.000392 -0.999953 0.009680
vn -0.000392 -0.999953 0.009680
vn -0.000392 -0.999953 0.009680
vn -0.000392 -0.999953 0.009680
vn -0.000391 -0.999953 0.009670
vn -0.000391 -0.999953 0.009670
vn -0.000391 -0.999953 0.009670
vn -0.000391 -0.999953 0.009670
vn -0.000390 -0.999953 0.009677
vn -0.000390 -0.999953 0.009677
vn -0.000390 -0.999953 0.009677
vn -0.000390 -0.999953 0.009677
vn -0.000393 0.999953 0.009679
vn -0.000393 0.999953 0.009679
vn -0.000393 0.999953 0.009679
vn -0.000393 0.999953 0.009679
vn -0.000393 0.999953 0.009681
vn -0.000393 0.999953 0.009681
vn -0.000393 0.999953 0.009681
vn -0.000393 0.999953 0.009681
vn -0.000394 0.999953 0.009671
vn -0.000394 0.999953 0.009671
vn -0.000394 0.999953 0.009671
vn -0.000394 0.999953 0.009671
vn -0.000392 -0.999953 0.009677
vn -0.000392 -0.999953 0.009677
vn -0.000392 -0.999953 0.009677
vn -0.000392 -0.999953 0.009677
vn -0.000392 -0.999953 0.009682
vn -0.000392 -0.999953 0.009682
vn -0.000392 -0.999953 0.009682
vn -0.000392 -0.999953 0.009682
vn -0.000392 -0.999953 0.009680
vn -0.000392 -0.999953 0.009680
vn -0.000392 -0.999953 0.009680
vn -0.000392 -0.999953 0.009680
vn 0.009680 -0.999953 0.000393
vn 0.009680 -0.999953 0.000393
vn 0.009680 -0.999953 0.000393
vn 0.009680 -0.999953 0.000393
vn 0.009679 -0.999953 0.000393
vn 0.009679 -0.999953 0.000393
vn 0.009679 -0.999953 0.000393
vn 0.009679 -0.999953 0.000393
vn 0.009679 -0.999953 0.000393
vn 0.009679 -0.999953 0.000393
vn 0.009679 -0.999953 0.000393
vn 0.009679 -0.999953 0.000393
vn 0.009683 0.999953 0.000393
vn 0.009683 0.999953 0.000393
vn 0.009683 0.999953 0.000393
vn 0.009683 0.999953 0.000393
vn 0.009677 0.999953 0.000392
vn 0.009677 0.999953 0.000392
vn 0.009677 0.999953 0.000392
vn 0.009677 0.999953 0.000392
vn 0.009677 0.999953 0.000393
vn 0.009677 0.999953 0.000393
vn 0.009677 0.999953 0.000393
vn 0.009677 0.999953 0.000393
vn 0.000393 -0.999953 -0.009673
vn 0.000393 -0.999953 -0.009673
vn 0.000393 -0.999953 -0.009673
vn 0.000393 -0.999953 -0.009673
vn 0.000393 -0.999953 -0.009686
vn 0.000393 -0.999953 -0.009686
vn 0.000393 -0.999953 -0.009686
vn 0.000393 -0.999953 -0.009686
vn 0.000395 -0.999953 -0.009685
vn 0.000395 -0.999953 -0.009685
vn 0.000395 -0.999953 -0.009685
vn 0.000395 -0.999953 -0.009685
vn 0.000392 0.999953 -0.009680
vn 0.000392 0.999953 -0.009680
vn 0.000392 0.999953 -0.009680
vn 0.000392 0.999953 -0.009680
vn 0.000392 0.999953 -0.009676
vn 0.000392 0.999953 -0.009676
vn 0.000392 0.999953 -0.009676
vn 0.000392 0.999953 -0.009676
vn 0.000392 0.999953 -0.009684
vn 0.000392 0.999953 -0.009684
vn 0.000392 0.999953 -0.009684
vn 0.000392 0.999953 -0.009684
vn 0.000391 0.999953 -0.009684
vn 0.000391 0.999953 -0.009684
vn 0.000391 0.999953 -0.009684
vn 0.000391 0.999953 -0.009684
vn 0.000391 0.999953 -0.009683
vn 0.000391 0.999953 -0.009683
vn 0.000391 0.999953 -0.009683
vn 0.000391 0.999953 -0.009683
vn 0.000391 0.999953 -0.009686
vn 0.000391 0.999953 -0.009686
vn 0.000391 0.999953 -0.009686
vn 0.000391 0.999953 -0.009686
vn 0.000394 -0.999953 -0.009681
vn 0.000394 -0.999953 -0.009681
vn 0.000394 -0.999953 -0.009681
vn 0.000394 -0.999953 -0.009681
vn 0.000394 -0.999953 -0.009681
vn 0.000394 -0.999953 -0.009681
vn 0.000394 -0.999953 -0.009681
vn 0.000394 -0.999953 -0.009681
vn 0.000395 -0.999953 -0.009676
vn 0.000395 -0.999953 -0.009676
vn 0.000395 -0.999953 -0.009676
vn 0.000395 -0.999953 -0.009676
vn 0.000392 0.999953 -0.009681
vn 0.000392 0.999953 -0.009681
vn 0.000392 0.999953 -0.009681
vn 0.000392 0.999953 -0.009681
vn 0.000392 0.999953 -0.009687
vn 0.000392 0.999953 -0.009687
vn 0.000392 0.999953 -0.009687
vn 0.000392 0.999953 -0.009687
vn 0.000392 0.999953 -0.009681
vn 0.000392 0.999953 -0.009681
vn 0.000392 0.999953 -0.009681
vn 0.000392 0.999953 -0.009681
vn 0.000395 -0.999953 -0.009683
vn 0.000395 -0.999953 -0.009683
vn 0.000395 -0.999953 -0.009683
vn 0.000395 -0.999953 -0.009683
vn 0.000394 -0.999953 -0.009676
vn 0.000394 -0.999953 -0.009676
vn 0.000394 -0.999953 -0.009676
vn 0.000394 -0.999953 -0.009676
vn 0.000393 -0.999953 -0.009681
vn 0.000393 -0.999953 -0.009681
vn 0.000393 -0.999953 -0.009681
vn 0.000393 -0.999953 -0.009681
vn -0.999178 0.000057 -0.040548
vn -0.999178 0.000057 -0.040548
vn -0.999178 -0.000065 -0.040549
vn -0.999178 -0.000065 -0.040549
vn -0.999178 -0.000065 -0.040549
vn -0.999178 -0.000065 -0.040549
vn -0.999178 -0.000056 -0.040545
vn -0.999178 -0.000056 -0.040545
vn -0.999178 -0.000056 -0.040545
vn -0.999178 -0.000056 -0.040545
vn 0.040549 0.000004 -0.999178
vn 0.040549 0.000004 -0.999178
vn 0.040547 0.000001 -0.999178
vn 0.040548 -0.000004 -0.999178
vn 0.040548 -0.000004 -0.999178
vn 0.040548 -0.000004 -0.999178
vn 0.040548 -0.000004 -0.999178
vn 0.040548 -0.000004 -0.999178
vn 0.040548 -0.000004 -0.999178
vn 0.040548 -0.000004 -0.999178
vn 0.040548 0.000004 -0.999178
vn 0.040548 0.000004 -0.999178
vn 0.040547 0.000004 -0.999178
vn 0.040548 0.000004 -0.999178
vn 0.040548 -0.000004 -0.999178
vn 0.040548 -0.000004 -0.999178
vn 0.040549 -0.000004 -0.999178
vn 0.040549 -0.000004 -0.999178
vn 0.040549 -0.000004 -0.999178
vn 0.040549 -0.000004 -0.999178
vn 0.999178 0.000065 0.040549
vn 0.999178 0.000065 0.040549
vn 0.999178 -0.000065 0.040549
vn 0.999178 -0.000065 0.040549
vn 0.999178 -0.000065 0.040549
vn 0.999178 -0.000065 0.040549
vn 0.999178 -0.000065 0.040545
vn 0.999178 -0.000065 0.040545
vn 0.999178 -0.000065 0.040545
vn 0.999178 -0.000065 0.040545
vn -0.040548 0.000006 0.999178
vn -0.040548 0.000006 0.999178
vn -0.040547 0.000006 0.999178
vn -0.040548 0.000005 0.999178
vn -0.040546 0.000000 0.999178
vn -0.040546 0.000000 0.999178
vn -0.040548 0.000012 0.999178
vn -0.040548 0.000013 0.999178
vn -0.040549 0.000014 0.999178
vn -0.040548 0.000012 0.999178
vn -0.040548 -0.000004 0.999178
vn -0.040548 -0.000002 0.999178
vn -0.040547 0.000007 0.999178
vn -0.040549 -0.000009 0.999178
vn -0.040549 0.000016 0.999178
vn -0.040549 0.000016 0.999178
vn -0.040550 0.000009 0.999178
vn -0.040550 0.000009 0.999178
vn -0.040550 0.000009 0.999178
vn -0.040550 0.000009 0.999178
vn -0.043424 0.000000 0.999057
vn -0.043424 0.000000 0.999057
vn -0.043424 0.000000 0.999057
vn -0.043424 0.000000 0.999057
vn 0.000000 1.000000 0.000000
vn 0.000000 1.000000 0.000000
vn 0.000000 1.000000 0.000000
vn 0.000000 1.000000 0.000000
vn 0.043422 0.000000 -0.999057
vn 0.043422 0.000000 -0.999057
vn 0.043422 0.000000 -0.999057
vn 0.043422 0.000000 -0.999057
vn -0.000000 -1.000000 0.000000
vn -0.000000 -1.000000 0.000000
vn -0.000000 -1.000000 0.000000
vn -0.000000 -1.000000 0.000000
vn 0.999838 -0.000059 0.017996
vn 0.999838 -0.000059 0.017996
vn 0.999838 -0.000059 0.017996
vn 0.999838 -0.000059 0.017996
vn -0.999838 0.000089 -0.017996
vn -0.999838 0.000089 -0.017996
vn -0.999838 0.000089 -0.017996
vn -0.999838 0.000089 -0.017996
vn -0.043424 0.000000 0.999057
vn -0.043424 0.000000 0.999057
vn -0.043424 0.000000 0.999057
vn -0.043424 0.000000 0.999057
vn -0.043424 0.000000 0.999057
vn -0.043424 0.000000 0.999057
vn -0.043424 0.000000 0.999057
vn -0.043424 0.000000 0.999057
vn -0.043424 0.000000 0.999057
vn -0.043424 0.000000 0.999057
vn -0.043424 0.000000 0.999057
vn -0.043424 0.000000 0.999057
vn -0.000000 1.000000 0.000000
vn -0.000000 1.000000 0.000000
vn -0.000000 1.000000 0.000000
vn -0.000000 1.000000 0.000000
vn -0.000000 1.000000 0.000000
vn -0.000000 1.000000 0.000000
vn -0.000000 1.000000 0.000000
vn -0.000000 1.000000 0.000000
vn 0.000000 1.000000 0.000001
vn 0.000000 1.000000 0.000001
vn 0.000000 1.000000 0.000001
vn 0.000000 1.000000 0.000001
vn 0.043424 0.000000 -0.999057
vn 0.043424 0.000000 -0.999057
vn 0.043424 0.000000 -0.999057
vn 0.043424 0.000000 -0.999057
vn 0.043424 0.000000 -0.999057
vn 0.043424 0.000000 -0.999057
vn 0.043424 0.000000 -0.999057
vn 0.043424 0.000000 -0.999057
vn 0.043422 0.000000 -0.999057
vn 0.043422 0.000000 -0.999057
vn 0.043422 0.000000 -0.999057
vn 0.043422 0.000000 -0.999057
vn 0.000000 -1.000000 0.000001
vn 0.000000 -1.000000 0.000001
vn 0.000000 -1.000000 0.000001
vn 0.000000 -1.000000 0.000001
vn 0.000000 -1.000000 0.000000
vn 0.000000 -1.000000 0.000000
vn 0.000000 -1.000000 0.000000
vn 0.000000 -1.000000 0.000000
vn -0.000000 -1.000000 -0.000000
vn -0.000000 -1.000000 -0.000000
vn -0.000000 -1.000000 -0.000000
vn -0.000000 -1.000000 -0.000000
vn 0.999838 -0.000059 0.017996
vn 0.999838 -0.000059 0.017996
vn 0.999838 -0.000059 0.017996
vn 0.999838 -0.000059 0.017996
vn 0.999838 0.000059 0.017996
vn 0.999838 0.000059 0.017996
vn 0.999838 0.000059 0.017996
vn 0.999838 0.000059 0.017996
vn 0.999838 0.000059 0.017996
vn 0.999838 0.000059 0.017996
vn 0.999838 0.000059 0.017996
vn 0.999838 0.000059 0.017996
vn -0.999838 0.000073 -0.017997
vn -0.999838 0.000073 -0.017997
vn -0.999838 0.000073 -0.017997
vn -0.999838 0.000073 -0.017997
vn -0.999838 -0.000059 -0.017997
vn -0.999838 -0.000059 -0.017997
vn -0.999838 -0.000059 -0.017997
vn -0.999838 -0.000059 -0.017997
vn -0.999838 -0.000075 -0.017996
vn -0.999838 -0.000075 -0.017996
vn -0.999838 -0.000075 -0.017996
vn -0.999838 -0.000075 -0.017996
vn -0.043796 -0.000000 0.999041
vn -0.043796 -0.000000 0.999041
vn -0.043796 -0.000000 0.999041
vn -0.043796 -0.000000 0.999041
vn 0.999842 0.000000 0.017776
vn 0.999842 0.000000 0.017776
vn 0.999842 0.000000 0.017776
vn 0.999842 0.000000 0.017776
vn 0.043807 0.000001 -0.999040
vn 0.043807 0.000001 -0.999040
vn 0.043807 0.000001 -0.999040
vn 0.043807 0.000001 -0.999040
vn -0.999842 -0.000015 -0.017776
vn -0.999842 -0.000015 -0.017776
vn -0.999842 -0.000015 -0.017776
vn -0.999842 -0.000015 -0.017776
vn 0.000003 -1.000000 0.000002
vn 0.000003 -1.000000 0.000002
vn 0.000003 -1.000000 0.000002
vn 0.000003 -1.000000 0.000002
vn -0.000003 1.000000 -0.000003
vn -0.000003 1.000000 -0.000003
vn -0.000003 1.000000 -0.000003
vn -0.000003 1.000000 -0.000003
vn -0.043796 0.000000 0.999041
vn -0.043796 0.000000 0.999041
vn -0.043796 0.000000 0.999041
vn -0.043796 0.000000 0.999041
vn -0.043796 0.000000 0.999041
vn -0.043796 0.000000 0.999041
vn -0.043796 0.000000 0.999041
vn -0.043796 0.000000 0.999041
vn -0.043796 -0.000000 0.999041
vn -0.043796 -0.000000 0.999041
vn -0.043796 -0.000000 0.999041
vn -0.043796 -0.000000 0.999041
vn 0.999842 0.000000 0.017776
vn 0.999842 0.000000 0.017776
vn 0.999842 0.000000 0.017776
vn 0.999842 0.000000 0.017776
vn 0.999842 0.000000 0.017776
vn 0.999842 0.000000 0.017776
vn 0.999842 0.000000 0.017776
vn 0.999842 0.000000 0.017776
vn 0.999842 0.000000 0.017776
vn 0.999842 0.000000 0.017776
vn 0.999842 0.000000 0.017776
vn 0.999842 0.000000 0.017776
vn 0.043807 -0.000001 -0.999040
vn 0.043807 -0.000001 -0.999040
vn 0.043807 -0.000001 -0.999040
vn 0.043807 -0.000001 -0.999040
vn 0.043792 -0.000001 -0.999041
vn 0.043792 -0.000001 -0.999041
vn 0.043792 -0.000001 -0.999041
vn 0.043792 -0.000001 -0.999041
vn 0.043792 0.000001 -0.999041
vn 0.043792 0.000001 -0.999041
vn 0.043792 0.000001 -0.999041
vn 0.043792 0.000001 -0.999041
vn -0.999842 0.000015 -0.017776
vn -0.999842 0.000015 -0.017776
vn -0.999842 0.000015 -0.017776
vn -0.999842 0.000015 -0.017776
vn -0.999839 0.000015 -0.017963
vn -0.999839 0.000015 -0.017963
vn -0.999839 0.000015 -0.017963
vn -0.999839 0.000015 -0.017963
vn -0.999839 -0.000015 -0.017963
vn -0.999839 -0.000015 -0.017963
vn -0.999839 -0.000015 -0.017963
vn -0.999839 -0.000015 -0.017963
vn 0.000003 -1.000000 0.000000
vn 0.000003 -1.000000 0.000000
vn 0.000003 -1.000000 0.000000
vn 0.000003 -1.000000 0.000000
vn -0.000003 -1.000000 -0.000002
vn -0.000003 -1.000000 -0.000002
vn -0.000003 -1.000000 -0.000002
vn -0.000003 -1.000000 -0.000002
vn -0.000003 -1.000000 0.000000
vn -0.000003 -1.000000 0.000000
vn -0.000003 -1.000000 0.000000
vn -0.000003 -1.000000 0.000000
vn -0.000003 1.000000 0.000000
vn -0.000003 1.000000 0.000000
vn -0.000003 1.000000 0.000000
vn -0.000003 1.000000 0.000000
vn 0.000003 1.000000 -0.000002
vn 0.000003 1.000000 -0.000002
vn 0.000003 1.000000 -0.000002
vn 0.000003 1.000000 -0.000002
vn 0.000003 1.000000 -0.000009
vn 0.000003 1.000000 -0.000009
vn 0.000003 1.000000 -0.000009
vn 0.000003 1.000000 -0.000009
vn 0.000000 0.000000 1.000000
vn 0.000000 0.000000 1.000000
vn 0.000000 0.000000 1.000000
vn 0.000000 0.000000 1.000000
vn 0.000000 1.000000 0.000000
vn 0.000000 1.000000 0.000000
vn 0.000000 1.000000 0.000000
vn 0.000000 1.000000 0.000000
vn 0.000000 0.000000 -1.000000
vn 0.000000 0.000000 -1.000000
vn 0.000000 0.000000 -1.000000
vn 0.000000 0.000000 -1.000000
vn 1.000000 0.000000 0.000000
vn 1.000000 0.000000 0.000000
vn 1.000000 0.000000 0.000000
vn 1.000000 0.000000 0.000000
vn -1.000000 0.000008 0.000008
vn -1.000000 0.000008 0.000008
vn -1.000000 0.000008 0.000008
vn -1.000000 0.000008 0.000008
vn 0.000000 1.000000 0.000000
vn 0.000000 1.000000 0.000000
vn 0.000000 1.000000 0.000000
vn 0.000000 1.000000 0.000000
vn 0.000000 1.000000 -0.000000
vn 0.000000 1.000000 -0.000000
vn 0.000000 1.000000 -0.000000
vn 0.000000 1.000000 -0.000000
vn 0.000000 1.000000 0.000001
vn 0.000000 1.000000 0.000001
vn 0.000000 1.000000 0.000001
vn 0.000000 1.000000 0.000001
vn 0.000000 1.000000 0.000000
vn 0.000000 1.000000 0.000000
vn 0.000000 1.000000 0.000000
vn 0.000000 1.000000 0.000000
vn 0.000000 0.000000 1.000000
vn 0.000000 0.000000 1.000000
vn 0.000000 0.000000 1.000000
vn 0.000000 0.000000 1.000000
vn 1.000000 0.000001 0.000000
vn 1.000000 0.000001 0.000000
vn 1.000000 0.000001 0.000000
vn 1.000000 0.000001 0.000000
vn 0.000000 0.000000 -1.000000
vn 0.000000 0.000000 -1.000000
vn 0.000000 0.000000 -1.000000
vn 0.000000 0.000000 -1.000000
vn -1.000000 0.000000 0.000000
vn -1.000000 0.000000 0.000000
vn -1.000000 0.000000 0.000000
vn -1.000000 0.000000 0.000000
vn 0.000000 0.000000 1.000000
vn 0.000000 0.000000 1.000000
vn 0.000000 0.000000 1.000000
vn 0.000000 0.000000 1.000000
vn 0.000000 0.000000 1.000000
vn 0.000000 0.000000 1.000000
vn 0.000000 0.000000 1.000000
vn 0.000000 0.000000 1.000000
vn 0.000000 0.000000 1.000000
vn 0.000000 0.000000 1.000000
vn 0.000000 0.000000 1.000000
vn 0.000000 0.000000 1.000000
vn 0.000000 1.000000 0.000000
vn 0.000000 1.000000 0.000000
vn 0.000000 1.000000 0.000000
vn 0.000000 1.000000 0.000000
vn 0.000000 1.000000 0.000000
vn 0.000000 1.000000 0.000000
vn 0.000000 1.000000 0.000000
vn 0.000000 1.000000 0.000000
vn 0.000000 1.000000 0.000000
vn 0.000000 1.000000 0.000000
vn 0.000000 1.000000 0.000000
vn 0.000000 1.000000 0.000000
vn 0.000000 0.000000 -1.000000
vn 0.000000 0.000000 -1.000000
vn 0.000000 0.000000 -1.000000
vn 0.000000 0.000000 -1.000000
vn 0.000000 0.000000 -1.000000
vn 0.000000 0.000000 -1.000000
vn 0.000000 0.000000 -1.000000
vn 0.000000 0.000000 -1.000000
vn 0.000000 0.000000 -1.000000
vn 0.000000 0.000000 -1.000000
vn 0.000000 0.000000 -1.000000
vn 0.000000 0.000000 -1.000000
vn 1.000000 -0.000001 0.000000
vn 1.000000 -0.000001 0.000000
vn 1.000000 -0.000001 0.000000
vn 1.000000 -0.000001 0.000000
vn 1.000000 0.000000 0.000000
vn 1.000000 0.000000 0.000000
vn 1.000000 0.000000 0.000000
vn 1.000000 0.000000 0.000000
vn 1.000000 -0.000001 0.000000
vn 1.000000 -0.000001 0.000000
vn 1.000000 -0.000001 0.000000
vn 1.000000 -0.000001 0.000000
vn -1.000000 0.000007 -0.000008
vn -1.000000 0.000007 -0.000008
vn -1.000000 0.000007 -0.000008
vn -1.000000 0.000007 -0.000008
vn -1.000000 -0.000008 -0.000008
vn -1.000000 -0.000008 -0.000008
vn -1.000000 -0.000008 -0.000008
vn -1.000000 -0.000008 -0.000008
vn -1.000000 -0.000009 0.000008
vn -1.000000 -0.000009 0.000008
vn -1.000000 -0.000009 0.000008
vn -1.000000 -0.000009 0.000008
vn 0.000000 1.000000 -0.000001
vn 0.000000 1.000000 -0.000001
vn 0.000000 1.000000 -0.000001
vn 0.000000 1.000000 -0.000001
vn 0.000000 1.000000 0.000001
vn 0.000000 1.000000 0.000001
vn 0.000000 1.000000 0.000001
vn 0.000000 1.000000 0.000001
vn 0.000000 1.000000 0.000000
vn 0.000000 1.000000 0.000000
vn 0.000000 1.000000 0.000000
vn 0.000000 1.000000 0.000000
vn 0.000000 1.000000 0.000000
vn 0.000000 1.000000 0.000000
vn 0.000000 1.000000 0.000000
vn 0.000000 1.000000 0.000000
vn 0.000000 1.000000 -0.000000
vn 0.000000 1.000000 -0.000000
vn 0.000000 1.000000 -0.000000
vn 0.000000 1.000000 -0.000000
vn 0.000000 1.000000 0.000000
vn 0.000000 1.000000 0.000000
vn 0.000000 1.000000 0.000000
vn 0.000000 1.000000 0.000000
vn 0.000000 1.000000 0.000000
vn 0.000000 1.000000 0.000000
vn 0.000000 1.000000 0.000000
vn 0.000000 1.000000 0.000000
vn 0.000000 1.000000 0.000000
vn 0.000000 1.000000 0.000000
vn 0.000000 1.000000 0.000000
vn 0.000000 1.000000 0.000000
vn 0.000000 1.000000 -0.000001
vn 0.000000 1.000000 -0.000001
vn 0.000000 1.000000 -0.000001
vn 0.000000 1.000000 -0.000001
vn 0.000000 1.000000 0.000000
vn 0.000000 1.000000 0.000000
vn 0.000000 1.000000 0.000000
vn 0.000000 1.000000 0.000000
vn 0.000000 1.000000 0.000000
vn 0.000000 1.000000 0.000000
vn 0.000000 1.000000 0.000000
vn 0.000000 1.000000 0.000000
vn 0.000000 1.000000 0.000000
vn 0.000000 1.000000 0.000000
vn 0.000000 1.000000 0.000000
vn 0.000000 1.000000 0.000000
vn 0.000000 0.000000 1.000000
vn 0.000000 0.000000 1.000000
vn 0.000000 0.000000 1.000000
vn 0.000000 0.000000 1.000000
vn 0.000000 0.000000 1.000000
vn 0.000000 0.000000 1.000000
vn 0.000000 0.000000 1.000000
vn 0.000000 0.000000 1.000000
vn 0.000000 0.000000 1.000000
vn 0.000000 0.000000 1.000000
vn 0.000000 0.000000 1.000000
vn 0.000000 0.000000 1.000000
vn 1.000000 -0.000001 0.000000
vn 1.000000 -0.000001 0.000000
vn 1.000000 -0.000001 0.000000
vn 1.000000 -0.000001 0.000000
vn 1.000000 0.000001 0.000000
vn 1.000000 0.000001 0.000000
vn 1.000000 0.000001 0.000000
vn 1.000000 0.000001 0.000000
vn 1.000000 -0.000001 0.000000
vn 1.000000 -0.000001 0.000000
vn 1.000000 -0.000001 0.000000
vn 1.000000 -0.000001 0.000000
vn 0.000000 0.000000 -1.000000
vn 0.000000 0.000000 -1.000000
vn 0.000000 0.000000 -1.000000
vn 0.000000 0.000000 -1.000000
vn 0.000000 0.000000 -1.000000
vn 0.000000 0.000000 -1.000000
vn 0.000000 0.000000 -1.000000
vn 0.000000 0.000000 -1.000000
vn 0.000000 0.000000 -1.000000
vn 0.000000 0.000000 -1.000000
vn 0.000000 0.000000 -1.000000
vn 0.000000 0.000000 -1.000000
vn -1.000000 -0.000000 0.000000
vn -1.000000 -0.000000 0.000000
vn -1.000000 -0.000000 0.000000
vn -1.000000 -0.000000 0.000000
vn -1.000000 0.000000 0.000000
vn -1.000000 0.000000 0.000000
vn -1.000000 0.000000 0.000000
vn -1.000000 0.000000 0.000000
vn -1.000000 -0.000000 0.000000
vn -1.000000 -0.000000 0.000000
vn -1.000000 -0.000000 0.000000
vn -1.000000 -0.000000 0.000000
vn -1.000000 0.000000 0.000000
vn -1.000000 0.000000 0.000000
vn -1.000000 0.000000 0.000000
vn -1.000000 0.000000 0.000000
vn 0.000000 1.000000 0.000000
vn 0.000000 1.000000 0.000000
vn 0.000000 1.000000 0.000000
vn 0.000000 1.000000 0.000000
vn 1.000000 0.000000 0.000000
vn 1.000000 0.000000 0.000000
vn 1.000000 0.000000 0.000000
vn 1.000000 0.000000 0.000000
vn 0.000000 -1.000000 0.000000
vn 0.000000 -1.000000 0.000000
vn 0.000000 -1.000000 0.000000
vn 0.000000 -1.000000 0.000000
vn 0.000000 0.000000 1.000000
vn 0.000000 0.000000 1.000000
vn 0.000000 0.000000 1.000000
vn 0.000000 0.000000 1.000000
vn 0.000000 0.000000 -1.000000
vn 0.000000 0.000000 -1.000000
vn 0.000000 0.000000 -1.000000
vn 0.000000 0.000000 -1.000000
vn 0.000000 0.000000 1.000000
vn 0.000000 0.000000 1.000000
vn 0.000000 0.000000 1.000000
vn 0.000000 0.000000 1.000000
vn -0.000000 0.000000 1.000000
vn -0.000000 0.000000 1.000000
vn -0.000000 0.000000 1.000000
vn -0.000000 0.000000 1.000000
vn 0.000000 0.000000 1.000000
vn 0.000000 0.000000 1.000000
vn 0.000000 0.000000 1.000000
vn 0.000000 0.000000 1.000000
vn -0.000000 0.000000 1.000000
vn -0.000000 0.000000 1.000000
vn -0.000000 0.000000 1.000000
vn -0.000000 0.000000 1.000000
vn 0.000000 0.000000 -1.000000
vn 0.000000 0.000000 -1.000000
vn 0.000000 0.000000 -1.000000
vn 0.000000 0.000000 -1.000000
vn -0.000000 0.000000 -1.000000
vn -0.000000 0.000000 -1.000000
vn -0.000000 0.000000 -1.000000
vn -0.000000 0.000000 -1.000000
vn 0.000000 0.000000 -1.000000
vn 0.000000 0.000000 -1.000000
vn 0.000000 0.000000 -1.000000
vn 0.000000 0.000000 -1.000000
vn 0.000000 0.000000 -1.000000
vn 0.000000 0.000000 -1.000000
vn 0.000000 0.000000 -1.000000
vn 0.000000 0.000000 -1.000000
vn 0.000000 1.000000 0.000000
vn 0.000000 1.000000 0.000000
vn 0.000000 1.000000 0.000000
vn 0.000000 1.000000 0.000000
vn -1.000000 0.000000 0.000000
vn -1.000000 0.000000 0.000000
vn -1.000000 0.000000 0.000000
vn -1.000000 0.000000 0.000000
vn 0.000000 -1.000000 0.000000
vn 0.000000 -1.000000 0.000000
vn 0.000000 -1.000000 0.000000
vn 0.000000 -1.000000 0.000000
vn 1.000000 0.000000 0.000000
vn 1.000000 0.000000 0.000000
vn 1.000000 0.000000 0.000000
vn 1.000000 0.000000 0.000000
vn 0.000000 1.000000 0.000000
vn 0.000000 1.000000 0.000000
vn 0.000000 1.000000 0.000000
vn 0.000000 1.000000 0.000000
vn 1.000000 0.000000 0.000000
vn 1.000000 0.000000 0.000000
vn 1.000000 0.000000 0.000000
vn 1.000000 0.000000 0.000000
vn 0.000000 -1.000000 0.000000
vn 0.000000 -1.000000 0.000000
vn 0.000000 -1.000000 0.000000
vn 0.000000 -1.000000 0.000000
vn -1.000000 0.000000 0.000000
vn -1.000000 0.000000 0.000000
vn -1.000000 0.000000 0.000000
vn -1.000000 0.000000 0.000000
vn 0.000000 -0.866041 0.499974
vn 0.000000 -0.499963 0.866047
vn 0.000000 -0.499963 0.866047
vn 0.000000 -0.866041 0.499974
vn 0.000000 0.000000 1.000000
vn 0.000000 0.000000 1.000000
vn 0.000000 0.499980 0.866037
vn 0.000000 0.499980 0.866037
vn 0.000000 0.866024 0.500002
vn 0.000000 0.866024 0.500002
vn 0.000000 1.000000 0.000000
vn 0.000000 1.000000 0.000000
vn 0.000000 0.866024 -0.500002
vn 0.000000 0.866024 -0.500002
vn 0.000000 0.499980 -0.866037
vn 0.000000 0.499980 -0.866037
vn 0.000000 0.000000 -1.000000
vn 0.000000 0.000000 -1.000000
vn 0.000000 -0.499963 -0.866047
vn 0.000000 -0.499963 -0.866047
vn 0.000000 -0.866041 -0.499974
vn 0.000000 -0.866041 -0.499974
vn 0.000000 -1.000000 0.000000
vn 0.000000 -1.000000 0.000000
vn 1.000000 0.000000 0.000000
vn 1.000000 0.000000 0.000000
vn 1.000000 -0.000000 0.000000
vn 1.000000 0.000000 0.000000
vn 1.000000 -0.000045 0.000000
vn 1.000000 -0.000045 0.000000
vn 1.000000 0.000000 0.000000
vn 1.000000 0.000000 0.000000
vn 1.000000 0.000000 0.000000
vn 1.000000 0.000000 0.000000
vn 1.000000 0.000045 0.000000
vn 1.000000 0.000045 0.000000
vn 1.000000 0.000000 0.000000
vn -1.000000 0.000000 0.000000
vn -1.000000 0.000000 0.000000
vn -1.000000 -0.000000 0.000000
vn -1.000000 0.000090 0.000000
vn -1.000000 0.000090 0.000000
vn -1.000000 0.000000 0.000000
vn -1.000000 0.000000 0.000000
vn -1.000000 0.000000 0.000000
vn -1.000000 0.000000 0.000000
vn -1.000000 -0.000090 0.000000
vn -1.000000 -0.000090 0.000000
vn -1.000000 0.000000 0.000000
vn -1.000000 0.000000 0.000000
vn 0.000000 -0.866032 0.499988
vn 0.000000 -0.499972 0.866042
vn 0.000000 -0.499972 0.866042
vn 0.000000 -0.866032 0.499988
vn 0.000000 0.000000 1.000000
vn 0.000000 0.000000 1.000000
vn 0.000000 0.499976 0.866039
vn 0.000000 0.499976 0.866039
vn 0.000000 0.866036 0.499981
vn 0.000000 0.866036 0.499981
vn 0.000000 1.000000 0.000000
vn 0.000000 1.000000 0.000000
vn 0.000000 0.866036 -0.499981
vn 0.000000 0.866036 -0.499981
vn 0.000000 0.499976 -0.866039
vn 0.000000 0.499976 -0.866039
vn 0.000000 0.000000 -1.000000
vn 0.000000 0.000000 -1.000000
vn 0.000000 -0.499972 -0.866042
vn 0.000000 -0.499972 -0.866042
vn 0.000000 -0.866032 -0.499988
vn 0.000000 -0.866032 -0.499988
vn 0.000000 -1.000000 0.000000
vn 0.000000 -1.000000 0.000000
vn 1.000000 0.000000 0.000000
vn 1.000000 0.000000 0.000000
vn 1.000000 0.000000 0.000000
vn 1.000000 0.000000 0.000000
vn 1.000000 -0.000045 0.000000
vn 1.000000 -0.000045 0.000000
vn 1.000000 0.000000 0.000000
vn 1.000000 0.000000 0.000000
vn 1.000000 0.000000 0.000000
vn 1.000000 0.000000 0.000000
vn 1.000000 0.000045 0.000000
vn 1.000000 0.000045 0.000000
vn 1.000000 0.000000 0.000000
vn -1.000000 0.000000 0.000000
vn -1.000000 0.000000 0.000000
vn -1.000000 0.000000 0.000000
vn -1.000000 0.000090 0.000000
vn -1.000000 0.000090 0.000000
vn -1.000000 0.000000 0.000000
vn -1.000000 0.000000 0.000000
vn -1.000000 0.000000 0.000000
vn -1.000000 0.000000 0.000000
vn -1.000000 -0.000090 0.000000
vn -1.000000 -0.000090 0.000000
vn -1.000000 0.000000 0.000000
vn -1.000000 0.000000 0.000000
vn 0.005495 -0.000052 0.999985
vn 0.005496 -0.000025 0.999985
vn 0.005497 -0.000017 0.999985
vn 0.005495 -0.000052 0.999985
vn -0.005496 -0.000009 -0.999985
vn -0.005497 -0.000015 -0.999985
vn -0.005505 -0.000066 -0.999985
vn -0.005505 -0.000066 -0.999985
vn -0.005511 -0.000016 -0.999985
vn -0.005511 -0.000016 -0.999985
vn -0.005511 -0.000016 -0.999985
vn -0.005511 -0.000016 -0.999985
vn 0.005499 0.000023 0.999985
vn 0.005499 0.000023 0.999985
vn 0.005499 0.000023 0.999985
vn 0.005499 0.000023 0.999985
vn -0.005484 0.000037 -0.999985
vn -0.005484 0.000037 -0.999985
vn -0.005484 0.000037 -0.999985
vn -0.005484 0.000037 -0.999985
vn 0.005468 -0.000011 0.999985
vn 0.005494 -0.000006 0.999985
vn 0.005489 -0.000007 0.999985
vn 0.005468 -0.000011 0.999985
vn 0.005496 0.000005 0.999985
vn 0.005488 0.000003 0.999985
vn 0.005488 0.000002 0.999985
vn 0.005496 0.000005 0.999985
vn -0.005494 0.000000 -0.999985
vn -0.005494 0.000000 -0.999985
vn -0.972800 -0.231586 0.005331
vn -0.972799 -0.231588 0.005331
vn -0.999985 0.000046 0.005461
vn -0.999985 0.000046 0.005461
vn -0.827604 -0.561293 0.004555
vn -0.964992 -0.262227 0.005334
vn -0.964993 -0.262223 0.005334
vn -0.827604 -0.561293 0.004555
vn -0.507237 -0.861802 0.002781
vn -0.507235 -0.861804 0.002781
vn -0.207121 -0.978315 0.001123
vn -0.207121 -0.978315 0.001123
vn -0.413137 -0.910666 0.002266
vn -0.413130 -0.910669 0.002266
vn -0.706682 -0.707521 0.003887
vn -0.706682 -0.707521 0.003887
vn -0.375042 0.927005 0.002080
vn -0.375042 0.927005 0.002080
vn -0.375042 0.927005 0.002080
vn -0.375042 0.927005 0.002080
vn -0.384782 0.923005 0.002118
vn -0.384782 0.923005 0.002118
vn -0.392203 0.919876 0.002146
vn -0.392203 0.919876 0.002146
vn 0.999985 -0.000000 -0.005501
vn 0.999985 -0.000000 -0.005501
vn 0.999985 -0.000000 -0.005501
vn 0.999985 -0.000000 -0.005501
vn 0.999985 0.000101 -0.005542
vn 0.999985 0.000101 -0.005542
vn 0.999985 0.000101 -0.005542
vn 0.999985 0.000101 -0.005542
vn 0.999985 0.000000 -0.005501
vn 0.999985 0.000000 -0.005501
vn 0.999985 0.000000 -0.005501
vn 0.999985 0.000000 -0.005501
vn -0.696773 -0.717281 0.003835
vn -0.696773 -0.717281 0.003835
vn -0.696773 -0.717281 0.003835
vn -0.696773 -0.717281 0.003835
vn -0.797110 -0.603819 0.004388
vn -0.797108 -0.603821 0.004388
vn -0.858094 -0.513471 0.004723
vn -0.858094 -0.513471 0.004723
vn 0.005498 0.000000 0.999985
vn 0.005498 0.000000 0.999985
vn 0.005498 0.000000 0.999985
vn 0.005498 0.000000 0.999985
vn 0.999985 0.000000 -0.005502
vn 0.999985 0.000000 -0.005502
vn 0.999985 0.000000 -0.005502
vn 0.999985 0.000000 -0.005502
vn -0.005498 0.000000 -0.999985
vn -0.005498 0.000000 -0.999985
vn -0.005498 0.000000 -0.999985
vn -0.005498 0.000000 -0.999985
vn 0.005498 -0.000024 0.999985
vn 0.005498 -0.000021 0.999985
vn 0.005498 -0.000052 0.999985
vn 0.005498 -0.000052 0.999985
vn 0.005492 -0.000057 0.999985
vn 0.005492 -0.000057 0.999985
vn 0.005492 -0.000057 0.999985
vn 0.005492 -0.000057 0.999985
vn 0.005495 -0.000044 0.999985
vn 0.005495 -0.000044 0.999985
vn 0.005495 -0.000044 0.999985
vn 0.005495 -0.000044 0.999985
vn -0.005497 -0.000051 -0.999985
vn -0.005497 -0.000020 -0.999985
vn -0.005497 -0.000024 -0.999985
vn -0.005497 -0.000051 -0.999985
vn -0.005500 -0.000015 -0.999985
vn -0.005501 -0.000024 -0.999985
vn -0.005503 -0.000049 -0.999985
vn -0.005503 -0.000049 -0.999985
vn -0.005510 -0.000053 -0.999985
vn -0.005509 -0.000005 -0.999985
vn -0.005506 -0.000014 -0.999985
vn -0.005510 -0.000053 -0.999985
vn -0.005517 -0.000017 -0.999985
vn -0.005506 -0.000007 -0.999985
vn -0.005506 -0.000007 -0.999985
vn -0.005517 -0.000017 -0.999985
vn -0.005512 -0.000002 -0.999985
vn -0.005524 -0.000005 -0.999985
vn -0.005524 -0.000005 -0.999985
vn -0.005518 -0.000016 -0.999985
vn -0.005518 -0.000016 -0.999985
vn -0.005518 -0.000016 -0.999985
vn -0.005518 -0.000016 -0.999985
vn 0.005508 0.000035 0.999985
vn 0.005508 0.000035 0.999985
vn 0.005508 0.000035 0.999985
vn 0.005508 0.000035 0.999985
vn 0.005522 0.000053 0.999985
vn 0.005522 0.000053 0.999985
vn 0.005522 0.000053 0.999985
vn 0.005522 0.000053 0.999985
vn 0.005529 0.000041 0.999985
vn 0.005529 0.000041 0.999985
vn 0.005529 0.000041 0.999985
vn 0.005529 0.000041 0.999985
vn -0.005498 0.000020 -0.999985
vn -0.005498 0.000020 -0.999985
vn -0.005498 0.000020 -0.999985
vn -0.005498 0.000020 -0.999985
vn -0.005487 0.000038 -0.999985
vn -0.005487 0.000038 -0.999985
vn -0.005487 0.000038 -0.999985
vn -0.005487 0.000038 -0.999985
vn -0.005444 0.000063 -0.999985
vn -0.005444 0.000063 -0.999985
vn -0.005444 0.000063 -0.999985
vn -0.005444 0.000063 -0.999985
vn 0.005471 -0.000004 0.999985
vn 0.005471 -0.000004 0.999985
vn 0.005474 -0.000015 0.999985
vn 0.005474 -0.000015 0.999985
vn 0.005474 -0.000015 0.999985
vn 0.005474 -0.000015 0.999985
vn 0.005469 -0.000010 0.999985
vn 0.005469 -0.000010 0.999985
vn 0.005469 -0.000010 0.999985
vn 0.005469 -0.000010 0.999985
vn 0.005501 -0.000005 0.999985
vn 0.005501 -0.000005 0.999985
vn 0.005498 -0.000003 0.999985
vn 0.005498 -0.000003 0.999985
vn 0.005498 -0.000003 0.999985
vn 0.005498 -0.000003 0.999985
vn 0.005500 0.000002 0.999985
vn 0.005500 0.000002 0.999985
vn 0.005500 0.000002 0.999985
vn 0.005500 0.000002 0.999985
vn -0.005505 0.000000 -0.999985
vn -0.005501 -0.000002 -0.999985
vn -0.005501 -0.000002 -0.999985
vn -0.005497 0.000001 -0.999985
vn -0.005497 0.000001 -0.999985
vn -0.005497 0.000001 -0.999985
vn -0.005497 0.000001 -0.999985
vn -0.999985 -0.000046 0.005460
vn -0.964994 -0.262218 0.005287
vn -0.964995 -0.262215 0.005287
vn -0.999985 -0.000046 0.005460
vn -0.999985 -0.000046 0.005543
vn -0.999985 -0.000046 0.005543
vn -0.999985 0.000046 0.005543
vn -0.972800 -0.231586 0.005375
vn -0.972801 -0.231582 0.005375
vn -0.999985 0.000046 0.005543
vn -0.827614 -0.561279 0.004557
vn -0.827614 -0.561279 0.004557
vn -0.827608 -0.561288 0.004555
vn -0.827608 -0.561288 0.004555
vn -0.507228 -0.861808 0.002798
vn -0.507228 -0.861807 0.002798
vn -0.827608 -0.561288 0.004553
vn -0.827608 -0.561288 0.004553
vn -0.207096 -0.978320 0.001128
vn -0.207096 -0.978320 0.001128
vn -0.413126 -0.910671 0.002285
vn -0.413129 -0.910670 0.002285
vn -0.207093 -0.978321 0.001158
vn -0.207093 -0.978321 0.001158
vn -0.207119 -0.978315 0.001152
vn -0.207119 -0.978315 0.001152
vn -0.706604 -0.707599 0.003886
vn -0.706604 -0.707599 0.003886
vn -0.706604 -0.707599 0.003886
vn -0.706604 -0.707599 0.003886
vn -0.706617 -0.707586 0.003887
vn -0.706617 -0.707586 0.003887
vn -0.706617 -0.707586 0.003887
vn -0.706617 -0.707586 0.003887
vn -0.706684 -0.707519 0.003889
vn -0.706684 -0.707519 0.003889
vn -0.375043 0.927005 0.002082
vn -0.375043 0.927005 0.002082
vn -0.384781 0.923006 0.002114
vn -0.384781 0.923006 0.002114
vn -0.375044 0.927005 0.002045
vn -0.375044 0.927005 0.002045
vn -0.375045 0.927004 0.002045
vn -0.375045 0.927004 0.002045
vn -0.375045 0.927004 0.002045
vn -0.375045 0.927004 0.002045
vn -0.392211 0.919873 0.002144
vn -0.392211 0.919873 0.002144
vn -0.392211 0.919873 0.002144
vn -0.392211 0.919873 0.002144
vn -0.392216 0.919871 0.002181
vn -0.392216 0.919871 0.002181
vn -0.392216 0.919871 0.002181
vn -0.392216 0.919871 0.002181
vn -0.392201 0.919877 0.002167
vn -0.392201 0.919877 0.002167
vn 0.999985 0.000000 -0.005501
vn 0.999985 0.000000 -0.005501
vn 0.999985 0.000000 -0.005501
vn 0.999985 0.000000 -0.005501
vn 0.999985 -0.000000 -0.005501
vn 0.999985 -0.000000 -0.005501
vn 0.999985 -0.000000 -0.005501
vn 0.999985 -0.000000 -0.005501
vn 0.999985 0.000000 -0.005501
vn 0.999985 0.000000 -0.005501
vn 0.999985 0.000000 -0.005501
vn 0.999985 0.000000 -0.005501
vn 0.999985 0.000069 -0.005460
vn 0.999985 0.000069 -0.005460
vn 0.999985 0.000069 -0.005460
vn 0.999985 0.000069 -0.005460
vn 0.999985 -0.000101 -0.005460
vn 0.999985 -0.000031 -0.005489
vn 0.999985 -0.000031 -0.005489
vn 0.999985 -0.000101 -0.005460
vn 0.999985 -0.000031 -0.005514
vn 0.999985 -0.000031 -0.005514
vn 0.999985 -0.000100 -0.005542
vn 0.999985 -0.000100 -0.005542
vn 0.999985 0.000015 -0.005501
vn 0.999985 0.000015 -0.005501
vn 0.999985 0.000015 -0.005501
vn 0.999985 0.000015 -0.005501
vn 0.999985 0.000000 -0.005501
vn 0.999985 0.000000 -0.005501
vn 0.999985 0.000000 -0.005501
vn 0.999985 0.000000 -0.005501
vn 0.999985 0.000000 -0.005501
vn 0.999985 0.000000 -0.005501
vn 0.999985 0.000000 -0.005501
vn 0.999985 0.000000 -0.005501
vn -0.696774 -0.717281 0.003836
vn -0.696774 -0.717281 0.003836
vn -0.797113 -0.603814 0.004382
vn -0.797113 -0.603814 0.004382
vn -0.696791 -0.717264 0.003835
vn -0.696791 -0.717264 0.003835
vn -0.696774 -0.717281 0.003833
vn -0.696774 -0.717281 0.003833
vn -0.696774 -0.717281 0.003833
vn -0.696774 -0.717281 0.003833
vn -0.858146 -0.513384 0.004728
vn -0.858146 -0.513384 0.004728
vn -0.858149 -0.513380 0.004718
vn -0.858149 -0.513380 0.004718
vn -0.858091 -0.513477 0.004714
vn -0.858091 -0.513477 0.004714
vn 0.005498 0.000000 0.999985
vn 0.005498 0.000000 0.999985
vn 0.005498 0.000000 0.999985
vn 0.005498 0.000000 0.999985
vn 0.005498 0.000000 0.999985
vn 0.005498 0.000000 0.999985
vn 0.005498 0.000000 0.999985
vn 0.005498 0.000000 0.999985
vn 0.999985 0.000001 -0.005502
vn 0.999985 0.000001 -0.005502
vn 0.999985 0.000001 -0.005502
vn 0.999985 0.000001 -0.005502
vn 0.999985 0.000000 -0.005501
vn 0.999985 0.000000 -0.005501
vn 0.999985 0.000001 -0.005502
vn 0.999985 0.000001 -0.005502
vn -0.005498 0.000000 -0.999985
vn -0.005498 0.000000 -0.999985
vn -0.005498 0.000000 -0.999985
vn -0.005498 0.000000 -0.999985
vn -0.005498 0.000000 -0.999985
vn -0.005498 0.000000 -0.999985
vn -0.005498 0.000000 -0.999985
vn -0.005498 0.000000 -0.999985
vn 0.005500 -0.000043 0.999985
vn 0.005498 -0.000021 0.999985
vn 0.005498 -0.000014 0.999985
vn 0.005500 -0.000043 0.999985
vn -0.005493 -0.000008 -0.999985
vn -0.005494 -0.000012 -0.999985
vn -0.005502 -0.000054 -0.999985
vn -0.005502 -0.000054 -0.999985
vn -0.005521 -0.000009 -0.999985
vn -0.005521 -0.000009 -0.999985
vn -0.005521 -0.000009 -0.999985
vn -0.005521 -0.000009 -0.999985
vn 0.005505 0.000029 0.999985
vn 0.005505 0.000029 0.999985
vn 0.005505 0.000029 0.999985
vn 0.005505 0.000029 0.999985
vn -0.005481 0.000039 -0.999985
vn -0.005481 0.000039 -0.999985
vn -0.005481 0.000039 -0.999985
vn -0.005481 0.000039 -0.999985
vn 0.005469 -0.000011 0.999985
vn 0.005491 -0.000003 0.999985
vn 0.005487 -0.000005 0.999985
vn 0.005469 -0.000011 0.999985
vn 0.005495 0.000001 0.999985
vn 0.005490 -0.000002 0.999985
vn 0.005490 -0.000002 0.999985
vn 0.005495 0.000001 0.999985
vn -0.005492 -0.000000 -0.999985
vn -0.005492 -0.000000 -0.999985
vn -0.972794 -0.231611 0.005353
vn -0.972793 -0.231614 0.005353
vn -0.999985 -0.000001 0.005502
vn -0.999985 -0.000001 0.005502
vn -0.827604 -0.561294 0.004555
vn -0.965001 -0.262194 0.005310
vn -0.965002 -0.262190 0.005310
vn -0.827604 -0.561294 0.004555
vn -0.507222 -0.861811 0.002785
vn -0.507222 -0.861811 0.002785
vn -0.207109 -0.978317 0.001130
vn -0.207109 -0.978317 0.001130
vn -0.413134 -0.910667 0.002281
vn -0.413132 -0.910669 0.002281
vn -0.706638 -0.707565 0.003916
vn -0.706638 -0.707565 0.003916
vn -0.375040 0.927006 0.002080
vn -0.375040 0.927006 0.002080
vn -0.375040 0.927006 0.002080
vn -0.375040 0.927006 0.002080
vn -0.384786 0.923003 0.002128
vn -0.384786 0.923003 0.002128
vn -0.392209 0.919874 0.002164
vn -0.392209 0.919874 0.002164
vn 0.999985 0.000000 -0.005501
vn 0.999985 0.000000 -0.005501
vn 0.999985 0.000000 -0.005501
vn 0.999985 0.000000 -0.005501
vn 0.999985 0.000067 -0.005542
vn 0.999985 0.000067 -0.005542
vn 0.999985 0.000067 -0.005542
vn 0.999985 0.000067 -0.005542
vn 0.999985 0.000044 -0.005460
vn 0.999985 0.000044 -0.005460
vn 0.999985 0.000044 -0.005460
vn 0.999985 0.000044 -0.005460
vn -0.696776 -0.717279 0.003835
vn -0.696776 -0.717279 0.003835
vn -0.696776 -0.717279 0.003835
vn -0.696776 -0.717279 0.003835
vn -0.797112 -0.603816 0.004385
vn -0.797111 -0.603817 0.004385
vn -0.858088 -0.513481 0.004718
vn -0.858088 -0.513481 0.004718
vn 0.005496 0.000000 0.999985
vn 0.005496 0.000000 0.999985
vn 0.005496 0.000000 0.999985
vn 0.005496 0.000000 0.999985
vn 0.999985 -0.000046 -0.005461
vn 0.999985 -0.000046 -0.005461
vn 0.999985 -0.000046 -0.005461
vn 0.999985 -0.000046 -0.005461
vn -0.005492 -0.000000 -0.999985
vn -0.005492 -0.000000 -0.999985
vn -0.005492 -0.000000 -0.999985
vn -0.005492 -0.000000 -0.999985
vn 0.005494 -0.000025 0.999985
vn 0.005495 -0.000022 0.999985
vn 0.005492 -0.000054 0.999985
vn 0.005492 -0.000054 0.999985
vn 0.005488 -0.000063 0.999985
vn 0.005488 -0.000063 0.999985
vn 0.005488 -0.000063 0.999985
vn 0.005488 -0.000063 0.999985
vn 0.005487 -0.000057 0.999985
vn 0.005487 -0.000057 0.999985
vn 0.005487 -0.000057 0.999985
vn 0.005487 -0.000057 0.999985
vn -0.005504 -0.000061 -0.999985
vn -0.005499 -0.000024 -0.999985
vn -0.005500 -0.000028 -0.999985
vn -0.005504 -0.000061 -0.999985
vn -0.005495 -0.000016 -0.999985
vn -0.005496 -0.000024 -0.999985
vn -0.005501 -0.000050 -0.999985
vn -0.005501 -0.000050 -0.999985
vn -0.005510 -0.000046 -0.999985
vn -0.005505 -0.000007 -0.999985
vn -0.005503 -0.000013 -0.999985
vn -0.005510 -0.000046 -0.999985
vn -0.005522 -0.000006 -0.999985
vn -0.005504 -0.000001 -0.999985
vn -0.005504 -0.000001 -0.999985
vn -0.005522 -0.000006 -0.999985
vn -0.005507 -0.000005 -0.999985
vn -0.005519 -0.000013 -0.999985
vn -0.005519 -0.000013 -0.999985
vn -0.005525 -0.000024 -0.999985
vn -0.005525 -0.000024 -0.999985
vn -0.005525 -0.000024 -0.999985
vn -0.005525 -0.000024 -0.999985
vn 0.005519 0.000043 0.999985
vn 0.005519 0.000043 0.999985
vn 0.005519 0.000043 0.999985
vn 0.005519 0.000043 0.999985
vn 0.005522 0.000049 0.999985
vn 0.005522 0.000049 0.999985
vn 0.005522 0.000049 0.999985
vn 0.005522 0.000049 0.999985
vn 0.005495 0.000031 0.999985
vn 0.005495 0.000031 0.999985
vn 0.005495 0.000031 0.999985
vn 0.005495 0.000031 0.999985
vn -0.005502 0.000030 -0.999985
vn -0.005502 0.000030 -0.999985
vn -0.005502 0.000030 -0.999985
vn -0.005502 0.000030 -0.999985
vn -0.005474 0.000033 -0.999985
vn -0.005474 0.000033 -0.999985
vn -0.005474 0.000033 -0.999985
vn -0.005474 0.000033 -0.999985
vn -0.005467 0.000051 -0.999985
vn -0.005467 0.000051 -0.999985
vn -0.005467 0.000051 -0.999985
vn -0.005467 0.000051 -0.999985
vn 0.005479 -0.000010 0.999985
vn 0.005479 -0.000010 0.999985
vn 0.005479 -0.000019 0.999985
vn 0.005479 -0.000019 0.999985
vn 0.005479 -0.000019 0.999985
vn 0.005479 -0.000019 0.999985
vn 0.005477 -0.000017 0.999985
vn 0.005477 -0.000017 0.999985
vn 0.005477 -0.000017 0.999985
vn 0.005477 -0.000017 0.999985
vn 0.005497 -0.000001 0.999985
vn 0.005497 -0.000001 0.999985
vn 0.005499 0.000000 0.999985
vn 0.005499 0.000000 0.999985
vn 0.005499 0.000000 0.999985
vn 0.005499 0.000000 0.999985
vn 0.005500 0.000001 0.999985
vn 0.005500 0.000001 0.999985
vn 0.005500 0.000001 0.999985
vn 0.005500 0.000001 0.999985
vn -0.005500 -0.000001 -0.999985
vn -0.005496 0.000001 -0.999985
vn -0.005496 0.000001 -0.999985
vn -0.005499 0.000001 -0.999985
vn -0.005499 0.000001 -0.999985
vn -0.005499 0.000001 -0.999985
vn -0.005499 0.000001 -0.999985
vn -0.999985 0.000000 0.005502
vn -0.965000 -0.262195 0.005311
vn -0.965001 -0.262193 0.005311
vn -0.999985 0.000000 0.005502
vn -0.999985 0.000015 0.005501
vn -0.999985 0.000015 0.005501
vn -0.999985 -0.000015 0.005502
vn -0.972792 -0.231617 0.005353
vn -0.972793 -0.231615 0.005353
vn -0.999985 -0.000015 0.005502
vn -0.827612 -0.561282 0.004557
vn -0.827612 -0.561282 0.004557
vn -0.827616 -0.561277 0.004555
vn -0.827616 -0.561277 0.004555
vn -0.507220 -0.861812 0.002794
vn -0.507218 -0.861813 0.002794
vn -0.827607 -0.561289 0.004553
vn -0.827607 -0.561289 0.004553
vn -0.207111 -0.978317 0.001135
vn -0.207111 -0.978317 0.001135
vn -0.413135 -0.910667 0.002269
vn -0.413134 -0.910667 0.002269
vn -0.207109 -0.978317 0.001151
vn -0.207109 -0.978317 0.001151
vn -0.207109 -0.978317 0.001145
vn -0.207109 -0.978317 0.001145
vn -0.706650 -0.707553 0.003915
vn -0.706650 -0.707553 0.003915
vn -0.706650 -0.707553 0.003915
vn -0.706650 -0.707553 0.003915
vn -0.706647 -0.707556 0.003859
vn -0.706647 -0.707556 0.003859
vn -0.706647 -0.707556 0.003859
vn -0.706647 -0.707556 0.003859
vn -0.706650 -0.707553 0.003860
vn -0.706650 -0.707553 0.003860
vn -0.375046 0.927004 0.002082
vn -0.375046 0.927004 0.002082
vn -0.384784 0.923004 0.002104
vn -0.384784 0.923004 0.002104
vn -0.375040 0.927007 0.002045
vn -0.375040 0.927007 0.002045
vn -0.375045 0.927004 0.002045
vn -0.375045 0.927004 0.002045
vn -0.375045 0.927004 0.002045
vn -0.375045 0.927004 0.002045
vn -0.392208 0.919874 0.002161
vn -0.392208 0.919874 0.002161
vn -0.392208 0.919874 0.002161
vn -0.392208 0.919874 0.002161
vn -0.392209 0.919874 0.002164
vn -0.392209 0.919874 0.002164
vn -0.392209 0.919874 0.002164
vn -0.392209 0.919874 0.002164
vn -0.392209 0.919874 0.002148
vn -0.392209 0.919874 0.002148
vn 0.999985 0.000000 -0.005501
vn 0.999985 0.000000 -0.005501
vn 0.999985 0.000000 -0.005501
vn 0.999985 0.000000 -0.005501
vn 0.999985 0.000000 -0.005501
vn 0.999985 0.000000 -0.005501
vn 0.999985 0.000000 -0.005501
vn 0.999985 0.000000 -0.005501
vn 0.999985 0.000000 -0.005501
vn 0.999985 0.000000 -0.005501
vn 0.999985 0.000000 -0.005501
vn 0.999985 0.000000 -0.005501
vn 0.999985 0.000067 -0.005460
vn 0.999985 0.000067 -0.005460
vn 0.999985 0.000067 -0.005460
vn 0.999985 0.000067 -0.005460
vn 0.999985 -0.000101 -0.005460
vn 0.999985 -0.000000 -0.005460
vn 0.999985 0.000000 -0.005460
vn 0.999985 -0.000101 -0.005460
vn 0.999985 0.000000 -0.005543
vn 0.999985 -0.000000 -0.005543
vn 0.999985 -0.000101 -0.005542
vn 0.999985 -0.000101 -0.005542
vn 0.999985 -0.000029 -0.005460
vn 0.999985 -0.000029 -0.005460
vn 0.999985 -0.000029 -0.005460
vn 0.999985 -0.000029 -0.005460
vn 0.999985 -0.000029 -0.005542
vn 0.999985 -0.000029 -0.005542
vn 0.999985 -0.000029 -0.005542
vn 0.999985 -0.000029 -0.005542
vn 0.999985 0.000044 -0.005542
vn 0.999985 0.000044 -0.005542
vn 0.999985 0.000044 -0.005542
vn 0.999985 0.000044 -0.005542
vn -0.696787 -0.717268 0.003836
vn -0.696787 -0.717268 0.003836
vn -0.797108 -0.603821 0.004385
vn -0.797108 -0.603821 0.004385
vn -0.696787 -0.717268 0.003835
vn -0.696787 -0.717268 0.003835
vn -0.696787 -0.717268 0.003833
vn -0.696787 -0.717268 0.003833
vn -0.696787 -0.717268 0.003833
vn -0.696787 -0.717268 0.003833
vn -0.858144 -0.513387 0.004723
vn -0.858144 -0.513387 0.004723
vn -0.858149 -0.513380 0.004723
vn -0.858149 -0.513380 0.004723
vn -0.858084 -0.513488 0.004719
vn -0.858084 -0.513488 0.004719
vn 0.005496 0.000000 0.999985
vn 0.005496 0.000000 0.999985
vn 0.005497 0.000000 0.999985
vn 0.005497 0.000000 0.999985
vn 0.005497 0.000000 0.999985
vn 0.005497 0.000000 0.999985
vn 0.005497 0.000000 0.999985
vn 0.005497 0.000000 0.999985
vn 0.999985 -0.000046 -0.005543
vn 0.999985 -0.000046 -0.005543
vn 0.999985 -0.000046 -0.005543
vn 0.999985 -0.000046 -0.005543
vn 0.999985 0.000046 -0.005543
vn 0.999985 0.000046 -0.005543
vn 0.999985 0.000046 -0.005460
vn 0.999985 0.000046 -0.005460
vn -0.005492 0.000000 -0.999985
vn -0.005492 0.000000 -0.999985
vn -0.005496 0.000000 -0.999985
vn -0.005496 0.000000 -0.999985
vn -0.005496 -0.000000 -0.999985
vn -0.005496 -0.000000 -0.999985
vn -0.005496 -0.000000 -0.999985
vn -0.005496 -0.000000 -0.999985
vn 0.864603 -0.499942 0.050192
vn 0.499164 -0.866024 0.028953
vn 0.499132 -0.866042 0.028951
vn 0.864609 -0.499932 0.050192
vn -0.000006 -1.000000 -0.000012
vn 0.000004 -1.000000 -0.000012
vn -0.499149 -0.866031 -0.028994
vn -0.499140 -0.866036 -0.028993
vn -0.864566 -0.500004 -0.050220
vn -0.864565 -0.500005 -0.050220
vn -0.998317 -0.000000 -0.057989
vn -0.998317 -0.000000 -0.057989
vn -0.864568 0.500001 -0.050220
vn -0.864564 0.500007 -0.050220
vn -0.499154 0.866028 -0.028995
vn -0.499144 0.866034 -0.028994
vn -0.000001 1.000000 -0.000012
vn 0.000005 1.000000 -0.000012
vn 0.499160 0.866026 0.028953
vn 0.499129 0.866044 0.028951
vn 0.864605 0.499940 0.050192
vn 0.864609 0.499932 0.050192
vn 0.998317 0.000000 0.057989
vn 0.998317 0.000000 0.057989
vn -0.057966 0.000025 0.998319
vn -0.057950 0.000002 0.998320
vn -0.057955 0.000009 0.998319
vn -0.057945 0.000000 0.998320
vn -0.057935 0.000030 0.998320
vn -0.057965 0.000020 0.998319
vn -0.057945 0.000000 0.998320
vn -0.057945 0.000015 0.998320
vn -0.057954 0.000005 0.998319
vn -0.057965 0.000000 0.998319
vn -0.057956 -0.000007 0.998319
vn -0.057960 0.000016 0.998319
vn -0.057974 -0.000000 0.998318
vn 0.057935 -0.000026 -0.998320
vn 0.057960 -0.000013 -0.998319
vn 0.057955 -0.000000 -0.998319
vn 0.057974 0.000000 -0.998318
vn 0.057955 0.000005 -0.998319
vn 0.057956 -0.000005 -0.998319
vn 0.057965 0.000000 -0.998319
vn 0.057955 0.000003 -0.998319
vn 0.057955 -0.000007 -0.998319
vn 0.057974 0.000000 -0.998318
vn 0.057960 0.000013 -0.998319
vn 0.057935 0.000026 -0.998320
vn 0.057934 0.000000 -0.998320
vn -0.057956 0.000000 0.998319
vn -0.057956 0.000000 0.998319
vn -0.057956 0.000000 0.998319
vn -0.057956 0.000000 0.998319
vn 0.000000 1.000000 -0.000002
vn 0.000000 1.000000 -0.000002
vn 0.000000 1.000000 -0.000002
vn 0.000000 1.000000 -0.000002
vn 0.057953 0.000000 -0.998319
vn 0.057953 0.000000 -0.998319
vn 0.057953 0.000000 -0.998319
vn 0.057953 0.000000 -0.998319
vn 0.000000 -1.000000 0.000001
vn 0.000000 -1.000000 0.000001
vn 0.000000 -1.000000 0.000001
vn 0.000000 -1.000000 0.000001
vn 0.998333 0.000000 0.057718
vn 0.998333 0.000000 0.057718
vn 0.998333 0.000000 0.057718
vn 0.998333 0.000000 0.057718
vn -0.998317 0.000000 -0.057999
vn -0.998317 0.000000 -0.057999
vn -0.998317 0.000000 -0.057999
vn -0.998317 0.000000 -0.057999
vn -0.898453 0.437531 -0.036730
vn -0.898453 0.437531 -0.036730
vn -0.898453 0.437531 -0.036730
vn -0.898453 0.437531 -0.036730
vn 0.491174 0.870830 0.020060
vn 0.491174 0.870830 0.020060
vn 0.491174 0.870830 0.020060
vn 0.491174 0.870830 0.020060
vn 0.898531 -0.437375 0.036686
vn 0.898531 -0.437375 0.036686
vn 0.898531 -0.437375 0.036686
vn 0.898531 -0.437375 0.036686
vn -0.491169 -0.870833 -0.020076
vn -0.491169 -0.870833 -0.020076
vn -0.491169 -0.870833 -0.020076
vn -0.491169 -0.870833 -0.020076
vn -0.009228 0.055960 0.998390
vn -0.009228 0.055960 0.998390
vn -0.009228 0.055960 0.998390
vn -0.009228 0.055960 0.998390
vn 0.072370 0.055990 -0.995805
vn 0.072370 0.055990 -0.995805
vn 0.072370 0.055990 -0.995805
vn 0.072370 0.055990 -0.995805
vn 0.000000 1.000000 0.000000
vn 0.000000 1.000000 0.000000
vn 0.000000 1.000000 0.000000
vn 0.000000 1.000000 0.000000
vn 0.999159 0.000000 0.041000
vn 0.999159 0.000000 0.041000
vn 0.999159 0.000000 0.041000
vn 0.999159 0.000000 0.041000
vn 0.000000 -1.000000 -0.000005
vn 0.000000 -1.000000 -0.000005
vn 0.000000 -1.000000 -0.000005
vn 0.000000 -1.000000 -0.000005
vn -0.999161 0.000000 -0.040949
vn -0.999161 0.000000 -0.040949
vn -0.999161 0.000000 -0.040949
vn -0.999161 0.000000 -0.040949
vn -0.108131 0.000000 0.994137
vn -0.108131 0.000000 0.994137
vn -0.108131 0.000000 0.994137
vn -0.108131 0.000000 0.994137
vn -0.026553 0.000000 -0.999647
vn -0.026553 0.000000 -0.999647
vn -0.026553 0.000000 -0.999647
vn -0.026553 0.000000 -0.999647
vn -0.898365 0.437720 -0.036624
vn -0.898365 0.437719 -0.036624
vn -0.898365 0.437719 -0.036624
vn -0.898365 0.437720 -0.036624
vn 0.491183 0.870825 0.020086
vn 0.491183 0.870825 0.020086
vn 0.491183 0.870825 0.020086
vn 0.491183 0.870825 0.020086
vn 0.898473 -0.437489 0.036734
vn 0.898473 -0.437489 0.036734
vn 0.898473 -0.437489 0.036734
vn 0.898473 -0.437489 0.036734
vn -0.491179 -0.870829 -0.020020
vn -0.491179 -0.870829 -0.020020
vn -0.491179 -0.870829 -0.020020
vn -0.491179 -0.870829 -0.020020
vn -0.009206 0.055989 0.998389
vn -0.009206 0.055989 0.998389
vn -0.009206 0.055989 0.998389
vn -0.009206 0.055989 0.998389
vn 0.072356 0.055980 -0.995807
vn 0.072356 0.055980 -0.995807
vn 0.072356 0.055980 -0.995807
vn 0.072356 0.055980 -0.995807
vn 0.000000 1.000000 0.000005
vn 0.000000 1.000000 0.000005
vn 0.000000 1.000000 0.000005
vn 0.000000 1.000000 0.000005
vn 0.999167 0.000000 0.040798
vn 0.999167 0.000000 0.040798
vn 0.999167 0.000000 0.040798
vn 0.999167 0.000000 0.040798
vn 0.000000 -1.000000 0.000000
vn 0.000000 -1.000000 0.000000
vn 0.000000 -1.000000 0.000000
vn 0.000000 -1.000000 0.000000
vn -0.999166 0.000000 -0.040839
vn -0.999166 0.000000 -0.040839
vn -0.999166 0.000000 -0.040839
vn -0.999166 0.000000 -0.040839
vn -0.108080 0.000000 0.994142
vn -0.108080 0.000000 0.994142
vn -0.108080 0.000000 0.994142
vn -0.108080 0.000000 0.994142
vn -0.026527 0.000000 -0.999648
vn -0.026527 0.000000 -0.999648
vn -0.026527 0.000000 -0.999648
vn -0.026527 0.000000 -0.999648
s 1
g building_right
usemtl lambert10SG
f 1/1/1 2/2/2 18/3/3 17/4/4
f 2/2/2 3/5/5 19/6/6 18/3/3
f 3/5/5 4/7/7 20/8/8 19/6/6
f 4/7/7 5/9/9 21/10/10 20/8/8
f 5/9/9 6/11/11 22/12/12 21/10/10
f 6/11/11 7/13/13 23/14/14 22/12/12
f 7/13/13 8/15/15 24/16/16 23/14/14
f 8/15/15 9/17/17 25/18/18 24/16/16
f 9/17/17 10/19/19 26/20/20 25/18/18
f 10/19/19 11/21/21 27/22/22 26/20/20
f 11/21/21 12/23/23 28/24/24 27/22/22
f 12/23/23 13/25/25 29/26/26 28/24/24
f 13/25/25 14/27/27 30/28/28 29/26/26
f 14/27/27 15/29/29 31/30/30 30/28/28
f 15/29/29 16/31/31 32/32/32 31/30/30
f 16/31/31 1/1/1 17/4/4 32/32/32
s 2
f 2/2/33 1/1/34 33/33/35
f 3/5/36 2/2/33 33/33/35
f 4/7/37 3/5/36 33/33/35
f 5/9/38 4/7/37 33/33/35
f 6/11/39 5/9/38 33/33/35
f 7/13/40 6/11/39 33/33/35
f 8/15/41 7/13/40 33/33/35
f 9/17/42 8/15/41 33/33/35
f 10/19/43 9/17/42 33/33/35
f 11/21/44 10/19/43 33/33/35
f 12/23/45 11/21/44 33/33/35
f 13/25/46 12/23/45 33/33/35
f 14/27/47 13/25/46 33/33/35
f 15/29/48 14/27/47 33/33/35
f 16/31/49 15/29/48 33/33/35
f 1/1/34 16/31/49 33/33/35
s 3
f 17/4/50 18/3/51 34/34/52
f 18/3/51 19/6/53 34/34/52
f 19/6/53 20/8/54 34/34/52
f 20/8/54 21/10/55 34/34/52
f 21/10/55 22/12/56 34/34/52
f 22/12/56 23/14/57 34/34/52
f 23/14/57 24/16/58 34/34/52
f 24/16/58 25/18/59 34/34/52
f 25/18/59 26/20/60 34/34/52
f 26/20/60 27/22/61 34/34/52
f 27/22/61 28/24/62 34/34/52
f 28/24/62 29/26/63 34/34/52
f 29/26/63 30/28/64 34/34/52
f 30/28/64 31/30/65 34/34/52
f 31/30/65 32/32/66 34/34/52
f 32/32/66 17/4/50 34/34/52
s off
f 47/35/67 35/36/68 44/37/69 43/38/70
f 51/39/71 37/40/72 46/41/73 48/42/74
f 55/43/75 39/44/76 50/45/77 52/46/78
f 58/47/79 41/48/80 54/49/81 56/50/82
f 45/51/83 36/52/84 57/53/85 59/54/86
f 55/43/87 41/48/88 58/47/89 60/55/90
f 44/37/91 36/52/92 45/51/93 43/38/94
f 45/51/95 38/56/96 46/41/97 43/38/98
f 46/41/99 37/40/100 47/35/101 43/38/102
f 46/41/103 38/56/104 49/57/105 48/42/106
f 49/57/107 40/58/108 50/45/109 48/42/110
f 50/45/111 39/44/112 51/39/113 48/42/114
f 50/45/115 40/58/116 53/59/117 52/46/118
f 53/59/119 42/60/120 54/49/121 52/46/122
f 54/49/123 41/48/124 55/43/125 52/46/126
f 54/49/127 42/60/128 57/53/129 56/50/130
f 57/53/131 36/52/132 44/37/133 56/50/134
f 44/37/135 35/36/136 58/47/137 56/50/138
f 57/53/139 42/60/140 53/59/141 59/54/142
f 53/59/143 40/58/144 49/57/145 59/54/146
f 49/57/147 38/56/148 45/51/149 59/54/150
f 58/47/151 35/36/152 47/35/153 60/55/154
f 47/35/155 37/40/156 51/39/157 60/55/158
f 51/39/159 39/44/160 55/43/161 60/55/162
f 73/61/163 61/62/164 70/63/165 69/64/166
f 77/65/167 63/66/168 72/67/169 74/68/170
f 81/69/171 65/70/172 76/71/173 78/72/174
f 84/73/175 67/74/176 80/75/177 82/76/178
f 71/77/179 62/78/180 83/79/181 85/80/182
f 81/69/183 67/74/184 84/73/185 86/81/186
f 70/63/187 62/78/188 71/77/189 69/64/190
f 71/77/191 64/82/192 72/67/193 69/64/194
f 72/67/195 63/66/196 73/61/197 69/64/198
f 72/67/199 64/82/200 75/83/201 74/68/202
f 75/83/203 66/84/204 76/71/205 74/68/206
f 76/71/207 65/70/208 77/65/209 74/68/210
f 76/71/211 66/84/212 79/85/213 78/72/214
f 79/85/215 68/86/216 80/75/217 78/72/218
f 80/75/219 67/74/220 81/69/221 78/72/222
f 80/75/223 68/86/224 83/79/225 82/76/226
f 83/79/227 62/78/228 70/63/229 82/76/230
f 70/63/231 61/62/232 84/73/233 82/76/234
f 83/79/235 68/86/236 79/85/237 85/80/238
f 79/85/239 66/84/240 75/83/241 85/80/242
f 75/83/243 64/82/244 71/77/245 85/80/246
f 84/73/247 61/62/248 73/61/249 86/81/250
f 73/61/251 63/66/252 77/65/253 86/81/254
f 77/65/255 65/70/256 81/69/257 86/81/258
f 99/87/259 87/88/260 96/89/261 95/90/262
f 103/91/263 89/92/264 98/93/265 100/94/266
f 107/95/267 91/96/268 102/97/269 104/98/270
f 110/99/271 93/100/272 106/101/273 108/102/274
f 97/103/275 88/104/276 109/105/277 111/106/278
f 107/95/279 93/100/280 110/99/281 112/107/282
f 96/89/283 88/104/284 97/103/285 95/90/286
f 97/103/287 90/108/288 98/93/289 95/90/290
f 98/93/291 89/92/292 99/87/293 95/90/294
f 98/93/295 90/108/296 101/109/297 100/94/298
f 101/109/299 92/110/300 102/97/301 100/94/302
f 102/97/303 91/96/304 103/91/305 100/94/306
f 102/97/307 92/110/308 105/111/309 104/98/310
f 105/111/311 94/112/312 106/101/313 104/98/314
f 106/101/315 93/100/316 107/95/317 104/98/318
f 106/101/319 94/112/320 109/105/321 108/102/322
f 109/105/323 88/104/324 96/89/325 108/102/326
f 96/89/327 87/88/328 110/99/329 108/102/330
f 109/105/331 94/112/332 105/111/333 111/106/334
f 105/111/335 92/110/336 101/109/337 111/106/338
f 101/109/339 90/108/340 97/103/341 111/106/342
f 110/99/343 87/88/344 99/87/345 112/107/346
f 99/87/347 89/92/348 103/91/349 112/107/350
f 103/91/351 91/96/352 107/95/353 112/107/354
f 125/113/355 113/114/356 122/115/357 121/116/358
f 129/117/359 115/118/360 124/119/361 126/120/362
f 133/121/363 117/122/364 128/123/365 130/124/366
f 136/125/367 119/126/368 132/127/369 134/128/370
f 123/129/371 114/130/372 135/131/373 137/132/374
f 133/121/375 119/126/376 136/125/377 138/133/378
f 122/115/379 114/130/380 123/129/381 121/116/382
f 123/129/383 116/134/384 124/119/385 121/116/386
f 124/119/387 115/118/388 125/113/389 121/116/390
f 124/119/391 116/134/392 127/135/393 126/120/394
f 127/135/395 118/136/396 128/123/397 126/120/398
f 128/123/399 117/122/400 129/117/401 126/120/402
f 128/123/403 118/136/404 131/137/405 130/124/406
f 131/137/407 120/138/408 132/127/409 130/124/410
f 132/127/411 119/126/412 133/121/413 130/124/414
f 132/127/415 120/138/416 135/131/417 134/128/418
f 135/131/419 114/130/420 122/115/421 134/128/422
f 122/115/423 113/114/424 136/125/425 134/128/426
f 135/131/427 120/138/428 131/137/429 137/132/430
f 131/137/431 118/136/432 127/135/433 137/132/434
f 127/135/435 116/134/436 123/129/437 137/132/438
f 136/125/439 113/114/440 125/113/441 138/133/442
f 125/113/443 115/118/444 129/117/445 138/133/446
f 129/117/447 117/122/448 133/121/449 138/133/450
f 151/139/451 139/140/452 148/141/453 147/142/454
f 155/143/455 141/144/456 150/145/457 152/146/458
f 159/147/459 143/148/460 154/149/461 156/150/462
f 162/151/463 145/152/464 158/153/465 160/154/466
f 149/155/467 140/156/468 161/157/469 163/158/470
f 159/147/471 145/152/472 162/151/473 164/159/474
f 148/141/475 140/156/476 149/155/477 147/142/478
f 149/155/479 142/160/480 150/145/481 147/142/482
f 150/145/483 141/144/484 151/139/485 147/142/486
f 150/145/487 142/160/488 153/161/489 152/146/490
f 153/161/491 144/162/492 154/149/493 152/146/494
f 154/149/495 143/148/496 155/143/497 152/146/498
f 154/149/499 144/162/500 157/163/501 156/150/502
f 157/163/503 146/164/504 158/153/505 156/150/506
f 158/153/507 145/152/508 159/147/509 156/150/510
f 158/153/511 146/164/512 161/157/513 160/154/514
f 161/157/515 140/156/516 148/141/517 160/154/518
f 148/141/519 139/140/520 162/151/521 160/154/522
f 161/157/523 146/164/524 157/163/525 163/158/526
f 157/163/527 144/162/528 153/161/529 163/158/530
f 153/161/531 142/160/532 149/155/533 163/158/534
f 162/151/535 139/140/536 151/139/537 164/159/538
f 151/139/539 141/144/540 155/143/541 164/159/542
f 155/143/543 143/148/544 159/147/545 164/159/546
f 165/165/547 166/166/548 168/167/549 167/168/550
f 167/168/551 168/167/552 170/169/553 169/170/554
f 169/170/555 170/169/556 172/171/557 171/172/558
f 171/172/559 172/171/560 166/166/561 165/165/562
usemtl lambert11SG
f 182/173/563 181/174/564 183/175/565 184/176/566
f 185/177/567 186/178/568 187/179/569 188/180/570
usemtl lambert10SG
f 166/166/571 172/171/572 173/181/573 174/182/574
f 172/171/575 170/169/576 175/183/577 173/181/578
f 170/169/579 168/167/580 176/184/581 175/183/582
f 168/167/583 166/166/584 174/182/585 176/184/586
f 171/172/587 165/165/588 178/185/589 177/186/590
f 165/165/591 167/168/592 179/187/593 178/185/594
f 167/168/595 169/170/596 180/188/597 179/187/598
f 169/170/599 171/172/600 177/186/601 180/188/602
f 174/189/603 173/190/604 181/191/605 182/192/606
f 173/193/607 175/194/608 183/195/609 181/196/610
f 175/197/611 176/198/612 184/199/613 183/200/614
f 176/201/615 174/202/616 182/203/617 184/204/618
f 177/205/619 178/206/620 186/207/621 185/208/622
f 178/209/623 179/210/624 187/211/625 186/212/626
f 179/213/627 180/214/628 188/215/629 187/216/630
f 180/217/631 177/218/632 185/219/633 188/220/634
s 4
f 189/221/635 190/222/636 202/223/637 201/224/638
f 190/222/636 191/225/639 203/226/640 202/223/637
f 191/225/639 192/227/641 204/228/642 203/226/640
f 192/227/641 193/229/643 205/230/644 204/228/642
f 193/229/643 194/231/645 206/232/646 205/230/644
f 194/231/645 195/233/647 207/234/648 206/232/646
f 195/233/647 196/235/649 208/236/650 207/234/648
f 196/235/649 197/237/651 209/238/652 208/236/650
f 197/237/651 198/239/653 210/240/654 209/238/652
f 198/239/653 199/241/655 211/242/656 210/240/654
f 199/241/655 200/243/657 212/244/658 211/242/656
f 200/243/657 189/221/635 201/224/638 212/244/658
s 5
f 190/222/659 189/221/660 213/245/661
f 191/225/662 190/222/659 213/245/661
f 192/227/663 191/225/662 213/245/661
f 193/229/664 192/227/663 213/245/661
f 194/231/665 193/229/664 213/245/661
f 195/233/666 194/231/665 213/245/661
f 196/235/667 195/233/666 213/245/661
f 197/237/668 196/235/667 213/245/661
f 198/239/669 197/237/668 213/245/661
f 199/241/670 198/239/669 213/245/661
f 200/243/671 199/241/670 213/245/661
f 189/221/660 200/243/671 213/245/661
s 6
f 201/224/672 202/223/673 214/246/674
f 202/223/673 203/226/675 214/246/674
f 203/226/675 204/228/676 214/246/674
f 204/228/676 205/230/677 214/246/674
f 205/230/677 206/232/678 214/246/674
f 206/232/678 207/234/679 214/246/674
f 207/234/679 208/236/680 214/246/674
f 208/236/680 209/238/681 214/246/674
f 209/238/681 210/240/682 214/246/674
f 210/240/682 211/242/683 214/246/674
f 211/242/683 212/244/684 214/246/674
f 212/244/684 201/224/672 214/246/674
s 7
f 215/247/685 216/248/686 228/249/687 227/250/688
f 216/248/686 217/251/689 229/252/690 228/249/687
f 217/251/689 218/253/691 230/254/692 229/252/690
f 218/253/691 219/255/693 231/256/694 230/254/692
f 219/255/693 220/257/695 232/258/696 231/256/694
f 220/257/695 221/259/697 233/260/698 232/258/696
f 221/259/697 222/261/699 234/262/700 233/260/698
f 222/261/699 223/263/701 235/264/702 234/262/700
f 223/263/701 224/265/703 236/266/704 235/264/702
f 224/265/703 225/267/705 237/268/706 236/266/704
f 225/267/705 226/269/707 238/270/708 237/268/706
f 226/269/707 215/247/685 227/250/688 238/270/708
s 8
f 216/248/709 215/247/710 239/271/711
f 217/251/712 216/248/709 239/271/711
f 218/253/713 217/251/712 239/271/711
f 219/255/714 218/253/713 239/271/711
f 220/257/715 219/255/714 239/271/711
f 221/259/716 220/257/715 239/271/711
f 222/261/717 221/259/716 239/271/711
f 223/263/718 222/261/717 239/271/711
f 224/265/719 223/263/718 239/271/711
f 225/267/720 224/265/719 239/271/711
f 226/269/721 225/267/720 239/271/711
f 215/247/710 226/269/721 239/271/711
s 9
f 227/250/722 228/249/723 240/272/724
f 228/249/723 229/252/725 240/272/724
f 229/252/725 230/254/726 240/272/724
f 230/254/726 231/256/727 240/272/724
f 231/256/727 232/258/728 240/272/724
f 232/258/728 233/260/729 240/272/724
f 233/260/729 234/262/730 240/272/724
f 234/262/730 235/264/731 240/272/724
f 235/264/731 236/266/732 240/272/724
f 236/266/732 237/268/733 240/272/724
f 237/268/733 238/270/734 240/272/724
f 238/270/734 227/250/722 240/272/724
s off
f 289/273/735 241/274/736 286/275/737 285/276/738
f 294/277/739 243/278/740 291/279/741 290/280/742
f 299/281/743 251/282/744 296/283/745 295/284/746
f 302/285/747 247/286/748 298/287/749 300/288/750
f 307/289/751 242/290/752 304/291/753 303/292/754
f 299/281/755 247/286/756 302/285/757 308/293/758
f 314/294/759 254/295/760 311/296/761 310/297/762
f 318/298/763 257/299/764 316/300/765 315/301/766
f 318/298/767 258/302/768 320/303/769 319/304/770
f 327/305/771 253/306/772 324/307/773 323/308/774
f 330/309/775 250/310/776 288/311/777 328/312/778
s 10
f 313/313/779 264/314/780 332/315/781 331/316/782
s off
f 335/317/783 251/318/784 309/319/785 334/320/786
f 333/321/787 243/278/788 294/277/789 336/322/790
f 337/323/791 245/324/792 293/325/793 338/326/794
s 11
f 322/327/795 268/328/796 341/329/797 340/330/798
s off
f 344/331/799 249/332/800 306/333/801 342/334/802
f 348/335/803 246/336/804 346/337/805 345/338/806
s 12
f 352/339/807 274/340/808 350/341/809 349/342/810
s 13
f 355/343/811 273/344/812 354/345/813 353/346/814
s 14
f 358/347/815 272/348/816 357/349/817 356/350/818
s off
f 347/351/819 244/352/820 360/353/821 359/354/822
f 364/355/823 280/356/824 363/357/825 362/358/826
s 15
f 367/359/827 279/360/828 366/361/829 365/362/830
s 16
f 370/363/831 278/364/832 369/365/833 368/366/834
s off
f 343/367/835 252/368/836 372/369/837 371/370/838
s 17
f 376/371/839 276/372/840 375/373/841 374/374/842
s 18
f 351/375/843 275/376/844 378/377/845 377/378/846
s 19
f 381/379/847 272/348/848 361/380/849 379/381/850
s 20
f 381/379/851 264/314/852 312/382/853 382/383/854
s 21
f 383/384/855 263/385/856 329/386/857 384/387/858
s 22
f 385/388/859 262/389/860 287/390/861 386/391/862
s 23
f 387/392/863 261/393/864 301/394/865 388/395/866
s 24
f 389/396/867 270/397/868 297/398/869 390/399/870
s 25
f 393/400/871 278/364/872 373/401/873 392/402/874
s 26
f 393/400/875 268/328/876 321/403/877 394/404/878
s 27
f 395/405/879 267/406/880 339/407/881 396/408/882
s off
f 402/409/883 282/410/884 399/411/885 398/412/886
f 405/413/887 266/414/888 292/415/889 403/416/890
f 404/417/891 265/418/892 380/419/893 406/420/894
f 407/421/895 271/422/896 363/423/897 408/424/898
f 409/425/899 280/426/900 397/427/901 410/428/902
s 28
f 286/275/903 261/393/904 287/390/905 285/276/906
s 22
f 287/390/861 262/389/860 288/429/907 285/276/908
s off
f 288/429/909 250/430/910 289/273/911 285/276/912
f 291/279/913 265/431/914 292/432/915 290/280/916
f 292/432/917 266/433/918 293/325/919 290/280/920
f 293/325/921 245/324/922 294/277/923 290/280/924
s 29
f 296/283/925 269/434/926 297/398/927 295/284/928
s 24
f 297/398/869 270/397/868 298/287/929 295/284/930
s off
f 298/287/931 247/286/932 299/281/933 295/284/934
s 30
f 298/287/935 270/397/936 301/394/937 300/288/938
s 23
f 301/394/865 261/393/864 286/275/939 300/288/940
s off
f 286/275/941 241/274/942 302/285/943 300/288/944
f 304/291/945 248/435/946 305/436/947 303/292/948
f 305/436/949 252/437/950 306/438/951 303/292/952
f 306/438/953 249/439/954 307/289/955 303/292/956
f 302/285/957 241/274/958 289/273/959 308/293/960
f 289/273/961 250/430/962 309/440/963 308/293/964
f 309/440/965 251/282/966 299/281/967 308/293/968
s 31
f 311/296/969 263/385/970 312/382/971 310/297/972
s 20
f 312/382/853 264/314/852 313/313/973 310/297/974
s off
f 313/313/975 256/441/976 314/294/977 310/297/978
f 316/300/979 254/295/980 314/294/981 315/301/982
f 314/294/983 256/441/984 317/442/985 315/301/986
f 317/442/987 258/302/988 318/298/989 315/301/990
s 32
f 320/303/991 267/406/992 321/403/993 319/304/994
s 26
f 321/403/877 268/328/876 322/327/995 319/304/996
s off
f 322/327/997 257/299/998 318/298/999 319/304/1000
f 324/307/1001 260/443/1002 325/444/1003 323/308/1004
f 325/444/1005 259/445/1006 326/446/1007 323/308/1008
f 326/446/1009 255/447/1010 327/305/1011 323/308/1012
s 33
f 288/311/1013 262/448/1014 329/386/1015 328/312/1016
s 21
f 329/386/857 263/385/856 311/296/1017 328/312/1018
s off
f 311/296/1019 254/295/1020 330/309/1021 328/312/1022
s 34
f 332/315/1023 265/431/1024 291/279/1025 331/316/1026
s off
f 291/279/1027 243/278/1028 333/321/1029 331/316/1030
f 333/321/1031 256/441/1032 313/313/1033 331/316/1034
f 309/319/1035 250/310/1036 330/309/1037 334/320/1038
f 330/309/1039 254/295/1040 316/300/1041 334/320/1042
f 316/300/1043 257/299/1044 335/317/1045 334/320/1046
f 294/277/1047 245/324/1048 337/323/1049 336/322/1050
f 337/323/1051 258/302/1052 317/442/1053 336/322/1054
f 317/442/1055 256/441/1056 333/321/1057 336/322/1058
s 35
f 293/325/1059 266/433/1060 339/407/1061 338/326/1062
s 27
f 339/407/881 267/406/880 320/303/1063 338/326/1064
s off
f 320/303/1065 258/302/1066 337/323/1067 338/326/1068
s 36
f 341/329/1069 269/449/1070 296/450/1071 340/330/1072
s off
f 296/450/1073 251/318/1074 335/317/1075 340/330/1076
f 335/317/1077 257/299/1078 322/327/1079 340/330/1080
f 306/333/1081 252/368/1082 343/367/1083 342/334/1084
f 343/367/1085 260/443/1086 324/307/1087 342/334/1088
f 324/307/1089 253/306/1090 344/331/1091 342/334/1092
f 346/337/1093 244/352/1094 347/351/1095 345/338/1096
f 347/351/1097 255/447/1098 326/446/1099 345/338/1100
f 326/446/1101 259/445/1102 348/335/1103 345/338/1104
s 37
f 350/341/1105 275/376/1106 351/375/1107 349/342/1108
s off
f 351/375/1109 242/290/1110 307/289/1111 349/342/1112
f 307/289/1113 249/439/1114 352/339/1115 349/342/1116
s 38
f 354/345/1117 274/451/1118 352/452/1119 353/346/1120
s off
f 352/452/1121 249/332/1122 344/331/1123 353/346/1124
f 344/331/1125 253/306/1126 355/343/1127 353/346/1128
s 39
f 357/349/1129 273/344/1130 355/343/1131 356/350/1132
s off
f 355/343/1133 253/306/1134 327/305/1135 356/350/1136
f 327/305/1137 255/447/1138 358/347/1139 356/350/1140
s 40
f 360/353/1141 271/453/1142 361/380/1143 359/354/1144
s 19
f 361/380/849 272/348/848 358/347/1145 359/354/1146
s off
f 358/347/1147 255/447/1148 347/351/1149 359/354/1150
f 363/357/1151 271/453/1152 360/353/1153 362/358/1154
f 360/353/1155 244/352/1156 346/337/1157 362/358/1158
f 346/337/1159 246/336/1160 364/355/1161 362/358/1162
s 41
f 366/361/1163 280/356/1164 364/355/1165 365/362/1166
s off
f 364/355/1167 246/336/1168 348/335/1169 365/362/1170
f 348/335/1171 259/445/1172 367/359/1173 365/362/1174
s 42
f 369/365/1175 279/360/1176 367/359/1177 368/366/1178
s off
f 367/359/1179 259/445/1180 325/444/1181 368/366/1182
f 325/444/1183 260/443/1184 370/363/1185 368/366/1186
s 43
f 372/369/1187 277/454/1188 373/401/1189 371/370/1190
s 25
f 373/401/873 278/364/872 370/363/1191 371/370/1192
s off
f 370/363/1193 260/443/1194 343/367/1195 371/370/1196
s 44
f 375/373/1197 277/455/1198 372/456/1199 374/374/1200
s off
f 372/456/1201 252/437/1202 305/436/1203 374/374/1204
f 305/436/1205 248/435/1206 376/371/1207 374/374/1208
s 45
f 378/377/1209 276/372/1210 376/371/1211 377/378/1212
s off
f 376/371/1213 248/435/1214 304/291/1215 377/378/1216
f 304/291/1217 242/290/1218 351/375/1219 377/378/1220
s 40
f 361/380/1143 271/453/1142 380/457/1221 379/381/1222
s 34
f 380/457/1223 265/431/1024 332/315/1023 379/381/1224
s 10
f 332/315/781 264/314/780 381/379/1225 379/381/1226
s 31
f 312/382/971 263/385/970 383/384/1227 382/383/1228
s 39
f 383/384/1229 273/344/1130 357/349/1129 382/383/1230
s 14
f 357/349/817 272/348/816 381/379/1231 382/383/1232
s 33
f 329/386/1015 262/448/1014 385/458/1233 384/387/1234
s 38
f 385/458/1235 274/451/1118 354/345/1117 384/387/1236
s 13
f 354/345/813 273/344/812 383/384/1237 384/387/1238
s 28
f 287/390/905 261/393/904 387/392/1239 386/391/1240
s 37
f 387/392/1241 275/376/1106 350/341/1105 386/391/1242
s 12
f 350/341/809 274/340/808 385/388/1243 386/391/1244
s 30
f 301/394/937 270/397/936 389/396/1245 388/395/1246
s 45
f 389/396/1247 276/372/1210 378/377/1209 388/395/1248
s 18
f 378/377/845 275/376/844 387/392/1249 388/395/1250
s 29
f 297/398/927 269/434/926 391/459/1251 390/399/1252
s 44
f 391/459/1253 277/455/1198 375/373/1197 390/399/1254
s 17
f 375/373/841 276/372/840 389/396/1255 390/399/1256
s 43
f 373/401/1189 277/454/1188 391/460/1257 392/402/1258
s 36
f 391/460/1259 269/449/1070 341/329/1069 392/402/1260
s 11
f 341/329/797 268/328/796 393/400/1261 392/402/1262
s 32
f 321/403/993 267/406/992 395/405/1263 394/404/1264
s 42
f 395/405/1265 279/360/1176 369/365/1175 394/404/1266
s 16
f 369/365/833 278/364/832 393/400/1267 394/404/1268
s 35
f 339/407/1061 266/433/1060 397/461/1269 396/408/1270
s 41
f 397/461/1271 280/356/1164 366/361/1163 396/408/1272
s 15
f 366/361/829 279/360/828 395/405/1273 396/408/1274
s off
f 399/411/1275 281/462/1276 400/463/1277 398/412/1278
f 400/463/1279 283/464/1280 401/465/1281 398/412/1282
f 401/465/1283 284/466/1284 402/409/1285 398/412/1286
f 292/415/1287 265/418/1288 404/417/1289 403/416/1290
f 404/417/1291 281/462/1292 399/411/1293 403/416/1294
f 399/411/1295 282/410/1296 405/413/1297 403/416/1298
f 380/419/1299 271/422/1300 407/421/1301 406/420/1302
f 407/421/1303 283/464/1304 400/463/1305 406/420/1306
f 400/463/1307 281/462/1308 404/417/1309 406/420/1310
f 363/423/1311 280/426/1312 409/425/1313 408/424/1314
f 409/425/1315 284/466/1316 401/465/1317 408/424/1318
f 401/465/1319 283/464/1320 407/421/1321 408/424/1322
f 397/427/1323 266/414/1324 405/413/1325 410/428/1326
f 405/413/1327 282/410/1328 402/409/1329 410/428/1330
f 402/409/1331 284/466/1332 409/425/1333 410/428/1334
usemtl lambert11SG
f 475/467/1335 419/468/1336 472/469/1337 471/470/1338
usemtl lambert10SG
f 480/471/1339 413/472/1340 477/473/1341 476/474/1342
f 485/475/1343 418/476/1344 482/477/1345 481/478/1346
f 489/479/1347 411/480/1348 487/481/1349 486/482/1350
f 492/483/1351 412/484/1352 488/485/1353 490/486/1354
f 483/487/1355 417/488/1356 487/481/1357 493/489/1358
usemtl lambert11SG
f 500/490/1359 463/491/1360 497/492/1361 496/493/1362
usemtl lambert10SG
f 504/494/1363 424/495/1364 478/496/1365 501/497/1366
f 509/498/1367 425/499/1368 506/500/1369 505/501/1370
f 514/502/1371 427/503/1372 511/504/1373 510/505/1374
f 518/506/1375 429/507/1376 513/508/1377 515/509/1378
f 524/510/1379 434/511/1380 520/512/1381 519/513/1382
s 46
f 527/514/1383 428/515/1384 512/516/1385 525/517/1386
s 47
f 527/514/1387 412/484/1388 492/483/1389 528/518/1390
s off
f 502/519/1391 423/520/1392 477/473/1393 530/521/1394
s 48
f 509/522/1395 470/523/1396 534/524/1397 533/525/1398
s 49
f 511/504/1399 427/503/1400 536/526/1401 535/527/1402
s off
f 540/528/1403 429/507/1404 518/506/1405 538/529/1406
f 475/530/1407 468/531/1408 542/532/1409 541/533/1410
f 547/534/1411 439/535/1412 544/536/1413 543/537/1414
s 50
f 520/512/1415 434/511/1416 549/538/1417 548/539/1418
s off
f 553/540/1419 435/541/1420 498/542/1421 551/543/1422
f 558/544/1423 438/545/1424 555/546/1425 554/547/1426
f 547/534/1427 466/548/1428 560/549/1429 559/550/1430
s 51
f 564/551/1431 422/552/1432 563/553/1433 562/554/1434
s off
f 567/555/1435 437/556/1436 555/546/1437 565/557/1438
s 52
f 540/528/1439 420/558/1440 569/559/1441 568/560/1442
s off
f 571/561/1443 436/562/1444 472/563/1445 570/564/1446
s 53
f 575/565/1447 444/566/1448 573/567/1449 572/568/1450
s 54
f 578/569/1451 444/566/1452 575/565/1453 576/570/1454
s 55
f 581/571/1455 446/572/1456 580/573/1457 579/574/1458
s 56
f 584/575/1459 447/576/1460 583/577/1461 582/578/1462
s 57
f 587/579/1463 448/580/1464 586/581/1465 585/582/1466
s off
f 590/583/1467 449/584/1468 589/585/1469 588/586/1470
usemtl lambert11SG
f 566/587/1471 438/588/1472 592/589/1473 591/590/1474
usemtl lambert10SG
f 596/591/1475 451/592/1476 595/593/1477 594/594/1478
s 58
f 599/595/1479 452/596/1480 598/597/1481 597/598/1482
s off
f 556/599/1483 437/556/1484 601/600/1485 600/601/1486
usemtl lambert11SG
f 605/602/1487 454/603/1488 604/604/1489 603/605/1490
usemtl lambert10SG
f 564/551/1491 433/606/1492 607/607/1493 606/608/1494
s 59
f 611/609/1495 456/610/1496 610/611/1497 609/612/1498
s 60
f 531/613/1499 413/472/1500 574/614/1501 612/615/1502
s 61
f 616/616/1503 458/617/1504 495/618/1505 614/619/1506
s 62
f 484/620/1507 458/617/1508 616/616/1509 617/621/1510
s 63
f 620/622/1511 460/623/1512 491/624/1513 619/625/1514
s 64
f 622/626/1515 461/627/1516 529/628/1517 621/629/1518
s 65
f 624/630/1519 462/631/1520 517/632/1521 623/633/1522
s 66
f 627/634/1523 466/548/1524 546/635/1525 625/636/1526
s 67
f 630/637/1527 470/638/1528 508/639/1529 628/640/1530
s 68
f 630/641/1531 456/642/1532 613/643/1533 631/644/1534
s off
f 602/645/1535 453/646/1536 604/647/1537 632/648/1538
f 560/549/1539 466/548/1540 635/649/1541 634/650/1542
f 627/634/1543 452/596/1544 633/651/1545 636/652/1546
f 639/653/1547 462/631/1548 624/630/1549 637/654/1550
f 595/593/1551 451/592/1552 638/655/1553 640/656/1554
f 539/657/1555 462/631/1556 639/653/1557 641/658/1558
usemtl lambert11SG
f 472/469/1559 436/659/1560 473/660/1561 471/470/1562
f 473/660/1563 467/661/1564 474/662/1565 471/470/1566
f 474/662/1567 468/663/1568 475/467/1569 471/470/1570
usemtl lambert10SG
f 477/473/1571 423/520/1572 478/496/1573 476/474/1574
f 478/496/1575 424/495/1576 479/664/1577 476/474/1578
f 479/664/1579 415/665/1580 480/471/1581 476/474/1582
f 482/477/1583 417/488/1584 483/487/1585 481/478/1586
s 62
f 483/487/1587 458/617/1508 484/620/1507 481/478/1588
s 69
f 484/620/1589 459/666/1590 485/475/1591 481/478/1592
s off
f 487/481/1593 417/488/1594 482/477/1595 486/482/1596
f 482/477/1597 418/476/1598 488/485/1599 486/482/1600
f 488/485/1601 412/484/1602 489/479/1603 486/482/1604
f 488/485/1605 418/476/1606 485/475/1607 490/486/1608
s 70
f 485/475/1609 459/666/1610 491/624/1611 490/486/1612
s 63
f 491/624/1513 460/623/1512 492/483/1613 490/486/1614
s off
f 487/481/1615 411/480/1616 494/667/1617 493/489/1618
s 71
f 494/667/1619 457/668/1620 495/618/1621 493/489/1622
s 61
f 495/618/1505 458/617/1504 483/487/1623 493/489/1624
s off
usemtl lambert11SG
f 497/492/1625 464/669/1626 498/670/1627 496/493/1628
f 498/670/1629 435/671/1630 499/672/1631 496/493/1632
f 499/672/1633 420/673/1634 500/490/1635 496/493/1636
usemtl lambert10SG
f 478/496/1637 423/520/1638 502/519/1639 501/497/1640
f 502/519/1641 414/674/1642 503/675/1643 501/497/1644
f 503/675/1645 416/676/1646 504/494/1647 501/497/1648
f 506/500/1649 426/677/1650 507/678/1651 505/501/1652
s 72
f 507/678/1653 469/679/1654 508/639/1655 505/501/1656
s 67
f 508/639/1529 470/638/1528 509/498/1657 505/501/1658
s off
f 511/504/1659 426/677/1660 506/500/1661 510/505/1662
f 506/500/1663 425/499/1664 512/680/1665 510/505/1666
f 512/680/1667 428/681/1668 513/508/1669 510/505/1670
f 513/508/1671 429/507/1672 514/502/1673 510/505/1674
f 513/508/1675 428/681/1676 516/682/1677 515/509/1678
s 73
f 516/682/1679 461/683/1680 517/632/1681 515/509/1682
s 65
f 517/632/1521 462/631/1520 518/506/1683 515/509/1684
s off
f 520/512/1685 430/684/1686 521/685/1687 519/513/1688
f 521/685/1689 431/686/1690 522/687/1691 519/513/1692
f 522/687/1693 432/688/1694 523/689/1695 519/513/1696
f 523/689/1697 433/606/1698 524/510/1699 519/513/1700
s 74
f 512/516/1701 425/690/1702 526/691/1703 525/517/1704
s 75
f 526/691/1705 411/480/1706 489/479/1707 525/517/1708
s 47
f 489/479/1709 412/484/1388 527/514/1387 525/517/1710
s 76
f 492/483/1711 460/623/1712 529/628/1713 528/518/1714
s 64
f 529/628/1517 461/627/1516 516/692/1715 528/518/1716
s 46
f 516/692/1717 428/515/1384 527/514/1383 528/518/1718
s 60
f 477/473/1719 413/472/1500 531/613/1499 530/521/1720
s 77
f 531/613/1721 432/693/1722 522/694/1723 530/521/1724
s 78
f 522/694/1725 431/695/1726 532/696/1727 530/521/1728
s 79
f 532/696/1729 414/674/1730 502/519/1731 530/521/1732
s 80
f 534/524/1733 457/668/1734 494/667/1735 533/525/1736
s 75
f 494/667/1737 411/480/1706 526/691/1705 533/525/1738
s 74
f 526/691/1703 425/690/1702 509/522/1739 533/525/1740
s 81
f 536/526/1741 419/697/1742 537/698/1743 535/527/1744
s off
f 537/698/1745 426/677/1746 511/504/1747 535/527/1748
f 518/506/1749 462/631/1750 539/657/1751 538/529/1752
f 539/657/1753 463/699/1754 500/700/1755 538/529/1756
f 500/700/1757 420/558/1758 540/528/1759 538/529/1760
f 542/532/1761 469/679/1762 507/678/1763 541/533/1764
f 507/678/1765 426/677/1766 537/698/1767 541/533/1768
f 537/698/1769 419/697/1770 475/530/1771 541/533/1772
f 544/536/1773 440/701/1774 545/702/1775 543/537/1776
s 82
f 545/702/1777 465/703/1778 546/635/1779 543/537/1780
s 66
f 546/635/1525 466/548/1524 547/534/1781 543/537/1782
s 83
f 549/538/1783 421/704/1784 550/705/1785 548/539/1786
s off
f 550/705/1787 430/684/1788 520/512/1789 548/539/1790
f 498/542/1791 464/706/1792 552/707/1793 551/543/1794
f 552/707/1795 465/703/1796 545/702/1797 551/543/1798
f 545/702/1799 440/701/1800 553/540/1801 551/543/1802
f 555/546/1803 437/556/1804 556/599/1805 554/547/1806
f 556/599/1807 442/708/1808 557/709/1809 554/547/1810
f 557/709/1811 441/710/1812 558/544/1813 554/547/1814
f 560/549/1815 467/711/1816 473/712/1817 559/550/1818
f 473/712/1819 436/713/1820 561/714/1821 559/550/1822
f 561/714/1823 439/535/1824 547/534/1825 559/550/1826
s 50
f 563/553/1827 434/511/1416 524/510/1828 562/554/1829
s off
f 524/510/1830 433/606/1831 564/551/1832 562/554/1833
f 555/546/1834 438/545/1835 566/715/1836 565/557/1837
s 83
f 566/715/1838 421/704/1784 549/538/1783 565/557/1839
s 50
f 549/538/1417 434/511/1416 563/553/1827 565/557/1840
s 51
f 563/553/1433 422/552/1432 567/555/1841 565/557/1842
s 49
f 569/559/1843 427/503/1400 514/502/1844 568/560/1845
s off
f 514/502/1846 429/507/1847 540/528/1848 568/560/1849
s 81
f 472/563/1850 419/697/1742 536/526/1741 570/564/1851
s 49
f 536/526/1401 427/503/1400 569/559/1843 570/564/1852
s 52
f 569/559/1441 420/558/1440 499/716/1853 570/564/1854
s off
f 499/716/1855 435/717/1856 571/561/1857 570/564/1858
s 84
f 573/567/1859 443/718/1860 574/614/1861 572/568/1862
s off
f 574/614/1863 413/472/1864 480/471/1865 572/568/1866
f 480/471/1867 415/665/1868 575/565/1869 572/568/1870
f 575/565/1871 415/665/1872 479/664/1873 576/570/1874
f 479/664/1875 424/495/1876 504/494/1877 576/570/1878
f 504/494/1879 416/676/1880 577/719/1881 576/570/1882
s 85
f 577/719/1883 445/720/1884 578/569/1885 576/570/1886
s 86
f 580/573/1887 445/720/1888 577/719/1889 579/574/1890
s off
f 577/719/1891 416/676/1892 503/675/1893 579/574/1894
f 503/675/1895 414/674/1896 581/571/1897 579/574/1898
s 87
f 583/577/1899 446/572/1900 581/571/1901 582/578/1902
s 79
f 581/571/1903 414/674/1730 532/696/1729 582/578/1904
s 78
f 532/696/1727 431/695/1726 584/575/1905 582/578/1906
s 88
f 586/581/1907 447/721/1908 584/722/1909 585/582/1910
s off
f 584/722/1911 431/686/1912 521/685/1913 585/582/1914
f 521/685/1915 430/684/1916 587/579/1917 585/582/1918
f 589/585/1919 448/580/1920 587/579/1921 588/586/1922
f 587/579/1923 430/684/1924 550/705/1925 588/586/1926
f 550/705/1927 421/704/1928 590/583/1929 588/586/1930
usemtl lambert11SG
f 592/589/1931 450/723/1932 593/724/1933 591/590/1934
f 593/724/1935 449/725/1936 590/726/1937 591/590/1938
f 590/726/1939 421/727/1940 566/587/1941 591/590/1942
usemtl lambert10SG
f 595/593/1943 450/728/1944 592/729/1945 594/594/1946
f 592/729/1947 438/545/1948 558/544/1949 594/594/1950
f 558/544/1951 441/710/1952 596/591/1953 594/594/1954
s 89
f 598/597/1955 451/592/1956 596/591/1957 597/598/1958
s off
f 596/591/1959 441/710/1960 557/709/1961 597/598/1962
f 557/709/1963 442/708/1964 599/595/1965 597/598/1966
f 601/600/1967 453/646/1968 602/645/1969 600/601/1970
f 602/645/1971 452/596/1972 599/595/1973 600/601/1974
f 599/595/1975 442/708/1976 556/599/1977 600/601/1978
usemtl lambert11SG
f 604/604/1979 453/730/1980 601/731/1981 603/605/1982
f 601/731/1983 437/732/1984 567/733/1985 603/605/1986
f 567/733/1987 422/734/1988 605/602/1989 603/605/1990
usemtl lambert10SG
f 607/607/1991 455/735/1992 608/736/1993 606/608/1994
f 608/736/1995 454/737/1996 605/738/1997 606/608/1998
f 605/738/1999 422/552/2000 564/551/2001 606/608/2002
s 90
f 610/611/2003 455/735/2004 607/607/2005 609/612/2006
s off
f 607/607/2007 433/606/2008 523/689/2009 609/612/2010
f 523/689/2011 432/688/2012 611/609/2013 609/612/2014
s 91
f 574/614/2015 443/718/2016 613/643/2017 612/615/2018
s 68
f 613/643/1533 456/642/1532 611/739/2019 612/615/2020
s 77
f 611/739/2021 432/693/1722 531/613/1721 612/615/2022
s 71
f 495/618/1621 457/668/1620 615/740/2023 614/619/2024
s 84
f 615/740/2025 443/718/1860 573/567/1859 614/619/2026
s 53
f 573/567/1449 444/566/1448 616/616/2027 614/619/2028
s 54
f 616/616/2029 444/566/1452 578/569/1451 617/621/2030
s 85
f 578/569/1885 445/720/1884 618/741/2031 617/621/2032
s 69
f 618/741/2033 459/666/1590 484/620/1589 617/621/2034
s 70
f 491/624/1611 459/666/1610 618/741/2035 619/625/2036
s 86
f 618/741/2037 445/720/1888 580/573/1887 619/625/2038
s 55
f 580/573/1457 446/572/1456 620/622/2039 619/625/2040
s 76
f 529/628/1713 460/623/1712 620/622/2041 621/629/2042
s 87
f 620/622/2043 446/572/1900 583/577/1899 621/629/2044
s 56
f 583/577/1461 447/576/1460 622/626/2045 621/629/2046
s 73
f 517/632/1681 461/683/1680 622/742/2047 623/633/2048
s 88
f 622/742/2049 447/721/1908 586/581/1907 623/633/2050
s 57
f 586/581/1465 448/580/1464 624/630/2051 623/633/2052
s 82
f 546/635/1779 465/703/1778 626/743/2053 625/636/2054
s 89
f 626/743/2055 451/592/1956 598/597/1955 625/636/2056
s 58
f 598/597/1481 452/596/1480 627/634/2057 625/636/2058
s 72
f 508/639/1655 469/679/1654 629/744/2059 628/640/2060
s 90
f 629/744/2061 455/735/2004 610/611/2003 628/640/2062
s 59
f 610/611/1497 456/610/1496 630/637/2063 628/640/2064
s 91
f 613/643/2017 443/718/2016 615/740/2065 631/644/2066
s 80
f 615/740/2067 457/668/1734 534/524/1733 631/644/2068
s 48
f 534/524/1397 470/523/1396 630/641/2069 631/644/2070
s off
f 604/647/2071 454/737/2072 608/736/2073 632/648/2074
f 608/736/2075 455/735/2076 633/651/2077 632/648/2078
f 633/651/2079 452/596/2080 602/645/2081 632/648/2082
f 635/649/2083 469/679/2084 542/532/2085 634/650/2086
f 542/532/2087 468/531/2088 474/745/2089 634/650/2090
f 474/745/2091 467/711/2092 560/549/2093 634/650/2094
f 633/651/2095 455/735/2096 629/744/2097 636/652/2098
f 629/744/2099 469/679/2100 635/649/2101 636/652/2102
f 635/649/2103 466/548/2104 627/634/2105 636/652/2106
f 624/630/2107 448/580/2108 638/655/2109 637/654/2110
f 638/655/2111 451/592/2112 626/743/2113 637/654/2114
f 626/743/2115 465/703/2116 639/653/2117 637/654/2118
f 638/655/2119 448/580/2120 589/585/2121 640/656/2122
f 589/585/2123 449/584/2124 593/746/2125 640/656/2126
f 593/746/2127 450/728/2128 595/593/2129 640/656/2130
f 639/653/2131 465/703/2132 552/707/2133 641/658/2134
f 552/707/2135 464/706/2136 497/747/2137 641/658/2138
f 497/747/2139 463/699/2140 539/657/2141 641/658/2142
f 674/748/2143 642/749/2144 671/750/2145 670/751/2146
f 679/752/2147 646/753/2148 676/754/2149 675/755/2150
f 682/756/2151 648/757/2152 678/758/2153 680/759/2154
f 672/760/2155 643/761/2156 681/762/2157 683/763/2158
f 679/752/2159 648/757/2160 682/756/2161 685/764/2162
f 690/765/2163 644/766/2164 673/767/2165 687/768/2166
f 688/769/2167 645/770/2168 684/771/2169 691/772/2170
f 692/773/2171 647/774/2172 676/754/2173 694/775/2174
f 695/776/2175 646/753/2176 686/777/2177 697/778/2178
s 92
f 702/779/2179 651/780/2180 698/781/2181 699/782/2182
s 93
f 705/783/2183 652/784/2184 696/785/2185 703/786/2186
s 94
f 708/787/2187 653/788/2188 693/789/2189 706/790/2190
s 95
f 700/791/2191 650/792/2192 689/793/2193 709/794/2194
s off
f 715/795/2195 658/796/2196 712/797/2197 711/798/2198
f 720/799/2199 662/800/2200 717/801/2201 716/802/2202
f 718/803/2203 664/804/2204 722/805/2205 721/806/2206
f 723/807/2207 659/808/2208 714/809/2209 724/810/2210
f 722/805/2211 664/804/2212 717/801/2213 726/811/2214
f 713/812/2215 660/813/2216 729/814/2217 728/815/2218
f 725/816/2219 661/817/2220 731/818/2221 732/819/2222
f 720/799/2223 663/820/2224 734/821/2225 735/822/2226
f 727/823/2227 662/800/2228 737/824/2229 738/825/2230
s 96
f 739/826/2231 667/827/2232 741/828/2233 740/829/2234
s 97
f 736/830/2235 668/831/2236 744/832/2237 743/833/2238
s 98
f 733/834/2239 669/835/2240 746/836/2241 745/837/2242
s 99
f 730/838/2243 666/839/2244 742/840/2245 747/841/2246
s off
f 671/750/2247 643/761/2248 672/760/2249 670/751/2250
f 672/760/2251 645/770/2252 673/767/2253 670/751/2254
f 673/767/2255 644/766/2256 674/748/2257 670/751/2258
f 676/754/2259 647/774/2260 677/842/2261 675/755/2262
f 677/842/2263 649/843/2264 678/758/2265 675/755/2266
f 678/758/2267 648/757/2268 679/752/2269 675/755/2270
f 678/758/2271 649/843/2272 681/762/2273 680/759/2274
f 681/762/2275 643/761/2276 671/750/2277 680/759/2278
f 671/750/2279 642/749/2280 682/756/2281 680/759/2282
f 681/762/2283 649/843/2284 677/842/2285 683/763/2286
f 677/842/2287 647/774/2288 684/771/2289 683/763/2290
f 684/771/2291 645/770/2292 672/760/2293 683/763/2294
f 682/756/2295 642/749/2296 674/748/2297 685/764/2298
f 674/748/2299 644/766/2300 686/777/2301 685/764/2302
f 686/777/2303 646/753/2304 679/752/2305 685/764/2306
f 673/767/2307 645/770/2308 688/769/2309 687/768/2310
s 100
f 688/769/2311 653/788/2312 689/793/2313 687/768/2314
s 95
f 689/793/2193 650/792/2192 690/765/2315 687/768/2316
s off
f 684/771/2317 647/774/2318 692/773/2319 691/772/2320
s 101
f 692/773/2321 652/784/2322 693/789/2323 691/772/2324
s 94
f 693/789/2189 653/788/2188 688/769/2325 691/772/2326
s off
f 676/754/2327 646/753/2328 695/776/2329 694/775/2330
s 102
f 695/776/2331 651/780/2332 696/785/2333 694/775/2334
s 93
f 696/785/2185 652/784/2184 692/773/2335 694/775/2336
s off
f 686/777/2337 644/766/2338 690/765/2339 697/778/2340
s 103
f 690/765/2341 650/792/2342 698/781/2343 697/778/2344
s 92
f 698/781/2181 651/780/2180 695/776/2345 697/778/2346
s 103
f 698/781/2343 650/792/2342 700/791/2347 699/782/2348
s off
f 700/791/2349 654/844/2350 701/845/2351 699/782/2352
f 701/845/2353 655/846/2354 702/779/2355 699/782/2356
s 102
f 696/785/2333 651/780/2332 702/779/2357 703/786/2358
s 104
f 702/779/2359 655/846/2360 704/847/2361 703/786/2362
s 105
f 704/847/2363 656/848/2364 705/783/2365 703/786/2366
s 101
f 693/789/2323 652/784/2322 705/783/2367 706/790/2368
s off
f 705/783/2369 656/848/2370 707/849/2371 706/790/2372
f 707/849/2373 657/850/2374 708/787/2375 706/790/2376
s 100
f 689/793/2313 653/788/2312 708/787/2377 709/794/2378
s 106
f 708/787/2379 657/850/2380 710/851/2381 709/794/2382
s 107
f 710/851/2383 654/844/2384 700/791/2385 709/794/2386
s off
f 712/797/2387 660/813/2388 713/812/2389 711/798/2390
f 713/812/2391 661/817/2392 714/809/2393 711/798/2394
f 714/809/2395 659/808/2396 715/795/2397 711/798/2398
f 717/801/2399 664/804/2400 718/803/2401 716/802/2402
f 718/803/2403 665/852/2404 719/853/2405 716/802/2406
f 719/853/2407 663/820/2408 720/799/2409 716/802/2410
f 722/805/2411 658/796/2412 715/795/2413 721/806/2414
f 715/795/2415 659/808/2416 723/807/2417 721/806/2418
f 723/807/2419 665/852/2420 718/803/2421 721/806/2422
f 714/809/2423 661/817/2424 725/816/2425 724/810/2426
f 725/816/2427 663/820/2428 719/853/2429 724/810/2430
f 719/853/2431 665/852/2432 723/807/2433 724/810/2434
f 717/801/2435 662/800/2436 727/823/2437 726/811/2438
f 727/823/2439 660/813/2440 712/797/2441 726/811/2442
f 712/797/2443 658/796/2444 722/805/2445 726/811/2446
s 99
f 729/814/2447 666/839/2244 730/838/2243 728/815/2448
s 108
f 730/838/2449 669/835/2450 731/818/2451 728/815/2452
s off
f 731/818/2453 661/817/2454 713/812/2455 728/815/2456
s 98
f 731/818/2457 669/835/2240 733/834/2239 732/819/2458
s 109
f 733/834/2459 668/831/2460 734/821/2461 732/819/2462
s off
f 734/821/2463 663/820/2464 725/816/2465 732/819/2466
s 97
f 734/821/2467 668/831/2236 736/830/2235 735/822/2468
s 110
f 736/830/2469 667/827/2470 737/824/2471 735/822/2472
s off
f 737/824/2473 662/800/2474 720/799/2475 735/822/2476
s 96
f 737/824/2477 667/827/2232 739/826/2231 738/825/2478
s 111
f 739/826/2479 666/839/2480 729/814/2481 738/825/2482
s off
f 729/814/2483 660/813/2484 727/823/2485 738/825/2486
f 741/828/2487 655/846/2488 701/845/2489 740/829/2490
f 701/845/2491 654/844/2492 742/840/2493 740/829/2494
s 111
f 742/840/2495 666/839/2480 739/826/2479 740/829/2496
s 105
f 744/832/2497 656/848/2364 704/847/2363 743/833/2498
s 104
f 704/847/2361 655/846/2360 741/828/2499 743/833/2500
s 110
f 741/828/2501 667/827/2470 736/830/2469 743/833/2502
s off
f 746/836/2503 657/850/2504 707/849/2505 745/837/2506
f 707/849/2507 656/848/2508 744/832/2509 745/837/2510
s 109
f 744/832/2511 668/831/2460 733/834/2459 745/837/2512
s 107
f 742/840/2513 654/844/2384 710/851/2383 747/841/2514
s 106
f 710/851/2381 657/850/2380 746/836/2515 747/841/2516
s 108
f 746/836/2517 669/835/2450 730/838/2449 747/841/2518
s off
f 748/854/2519 749/855/2520 751/856/2521 750/857/2522
f 760/858/2523 761/859/2524 762/860/2525 763/861/2526
f 752/862/2527 753/863/2528 755/864/2529 754/865/2530
f 754/865/2531 755/864/2532 749/855/2533 748/854/2534
f 749/855/2535 755/864/2536 753/863/2537 751/856/2538
f 754/865/2539 748/854/2540 750/857/2541 752/862/2542
f 750/857/2543 751/856/2544 757/866/2545 756/867/2546
f 751/856/2547 753/863/2548 758/868/2549 757/866/2550
f 753/863/2551 752/862/2552 759/869/2553 758/868/2554
f 752/862/2555 750/857/2556 756/867/2557 759/869/2558
f 756/867/2559 757/866/2560 761/859/2561 760/858/2562
f 757/866/2563 758/868/2564 762/860/2565 761/859/2566
f 758/868/2567 759/869/2568 763/861/2569 762/860/2570
f 759/869/2571 756/867/2572 760/858/2573 763/861/2574
s 112
f 764/870/2575 765/871/2576 783/872/2577 782/873/2578
f 765/871/2576 766/874/2579 784/875/2580 783/872/2577
f 766/874/2579 767/876/2581 785/877/2582 784/875/2580
f 767/876/2581 768/878/2583 786/879/2584 785/877/2582
f 768/878/2583 769/880/2585 787/881/2586 786/879/2584
f 769/880/2585 770/882/2587 788/883/2588 787/881/2586
f 770/882/2587 771/884/2589 789/885/2590 788/883/2588
f 771/884/2589 772/886/2591 790/887/2592 789/885/2590
f 772/886/2591 773/888/2593 791/889/2594 790/887/2592
f 773/888/2593 774/890/2595 792/891/2596 791/889/2594
f 774/890/2595 775/892/2597 793/893/2598 792/891/2596
f 775/892/2597 776/894/2599 794/895/2600 793/893/2598
f 776/894/2599 777/896/2601 795/897/2602 794/895/2600
f 777/896/2601 778/898/2603 796/899/2604 795/897/2602
f 778/898/2603 779/900/2605 797/901/2606 796/899/2604
f 779/900/2605 780/902/2607 798/903/2608 797/901/2606
f 780/902/2607 781/904/2609 799/905/2610 798/903/2608
f 781/904/2609 764/870/2575 782/873/2578 799/905/2610
s 113
f 765/871/2611 764/870/2612 800/906/2613
f 766/874/2614 765/871/2611 800/906/2613
f 767/876/2615 766/874/2614 800/906/2613
f 768/878/2616 767/876/2615 800/906/2613
f 769/880/2617 768/878/2616 800/906/2613
f 770/882/2618 769/880/2617 800/906/2613
f 771/884/2619 770/882/2618 800/906/2613
f 772/886/2620 771/884/2619 800/906/2613
f 773/888/2621 772/886/2620 800/906/2613
f 774/890/2622 773/888/2621 800/906/2613
f 775/892/2623 774/890/2622 800/906/2613
f 776/894/2624 775/892/2623 800/906/2613
f 777/896/2625 776/894/2624 800/906/2613
f 778/898/2626 777/896/2625 800/906/2613
f 779/900/2627 778/898/2626 800/906/2613
f 780/902/2628 779/900/2627 800/906/2613
f 781/904/2629 780/902/2628 800/906/2613
f 764/870/2612 781/904/2629 800/906/2613
s 114
f 999/907/2630 1000/908/2631 1017/909/2632 1018/910/2633
f 1000/908/2631 1001/911/2634 1034/912/2635 1017/909/2632
f 1001/911/2634 1002/913/2636 1033/914/2637 1034/912/2635
f 1002/913/2636 1003/915/2638 1032/916/2639 1033/914/2637
f 1003/915/2638 1004/917/2640 1031/918/2641 1032/916/2639
f 1004/917/2640 1005/919/2642 1030/920/2643 1031/918/2641
f 1005/919/2642 1006/921/2644 1029/922/2645 1030/920/2643
f 1006/921/2644 1007/923/2646 1028/924/2647 1029/922/2645
f 1007/923/2646 1008/925/2648 1027/926/2649 1028/924/2647
f 1008/925/2648 1009/927/2650 1026/928/2651 1027/926/2649
f 1009/927/2650 1010/929/2652 1025/930/2653 1026/928/2651
f 1010/929/2652 1011/931/2654 1024/932/2655 1025/930/2653
f 1011/931/2654 1012/933/2656 1023/934/2657 1024/932/2655
f 1012/933/2656 1013/935/2658 1022/936/2659 1023/934/2657
f 1013/935/2658 1014/937/2660 1021/938/2661 1022/936/2659
f 1014/937/2660 1015/939/2662 1020/940/2663 1021/938/2661
f 1015/939/2662 1016/941/2664 1019/942/2665 1020/940/2663
f 1016/941/2664 999/907/2630 1018/910/2633 1019/942/2665
s off
f 782/943/2666 783/944/2667 802/945/2668 801/946/2669
f 783/944/2670 784/947/2671 803/948/2672 802/945/2673
f 784/947/2674 785/949/2675 804/950/2676 803/948/2677
f 785/949/2678 786/951/2679 805/952/2680 804/950/2681
f 786/951/2682 787/953/2683 806/954/2684 805/952/2685
f 787/953/2686 788/955/2687 807/956/2688 806/954/2689
f 788/955/2690 789/957/2691 808/958/2692 807/956/2693
f 789/957/2694 790/959/2695 809/960/2696 808/958/2697
f 790/959/2698 791/961/2699 810/962/2700 809/960/2701
f 791/961/2702 792/963/2703 811/964/2704 810/962/2705
f 792/963/2706 793/965/2707 812/966/2708 811/964/2709
f 793/965/2710 794/967/2711 813/968/2712 812/966/2713
f 794/967/2714 795/969/2715 814/970/2716 813/968/2717
f 795/969/2718 796/971/2719 815/972/2720 814/970/2721
f 796/971/2722 797/973/2723 816/974/2724 815/972/2725
f 797/973/2726 798/975/2727 817/976/2728 816/974/2729
f 798/975/2730 799/977/2731 818/978/2732 817/976/2733
f 799/977/2734 782/943/2735 801/946/2736 818/978/2737
s 115
f 801/946/2738 802/945/2739 820/979/2740 819/980/2741
f 802/945/2739 803/948/2742 821/981/2743 820/979/2740
f 803/948/2742 804/950/2744 822/982/2745 821/981/2743
f 804/950/2744 805/952/2746 823/983/2747 822/982/2745
f 805/952/2746 806/954/2748 824/984/2749 823/983/2747
f 806/954/2748 807/956/2750 825/985/2751 824/984/2749
f 807/956/2750 808/958/2752 826/986/2753 825/985/2751
f 808/958/2752 809/960/2754 827/987/2755 826/986/2753
f 809/960/2754 810/962/2756 828/988/2757 827/987/2755
f 810/962/2756 811/964/2758 829/989/2759 828/988/2757
f 811/964/2758 812/966/2760 830/990/2761 829/989/2759
f 812/966/2760 813/968/2762 831/991/2763 830/990/2761
f 813/968/2762 814/970/2764 832/992/2765 831/991/2763
f 814/970/2764 815/972/2766 833/993/2767 832/992/2765
f 815/972/2766 816/974/2768 834/994/2769 833/993/2767
f 816/974/2768 817/976/2770 835/995/2771 834/994/2769
f 817/976/2770 818/978/2772 836/996/2773 835/995/2771
f 818/978/2772 801/946/2738 819/980/2741 836/996/2773
s off
f 819/980/2774 820/979/2775 838/997/2776 837/998/2777
f 820/979/2778 821/981/2779 839/999/2780 838/997/2781
f 821/981/2782 822/982/2783 840/1000/2784 839/999/2785
f 822/982/2786 823/983/2787 841/1001/2788 840/1000/2789
f 823/983/2790 824/984/2791 842/1002/2792 841/1001/2793
f 824/984/2794 825/985/2795 843/1003/2796 842/1002/2797
f 825/985/2798 826/986/2799 844/1004/2800 843/1003/2801
f 826/986/2802 827/987/2803 845/1005/2804 844/1004/2805
f 827/987/2806 828/988/2807 846/1006/2808 845/1005/2809
f 828/988/2810 829/989/2811 847/1007/2812 846/1006/2813
f 829/989/2814 830/990/2815 848/1008/2816 847/1007/2817
f 830/990/2818 831/991/2819 849/1009/2820 848/1008/2821
f 831/991/2822 832/992/2823 850/1010/2824 849/1009/2825
f 832/992/2826 833/993/2827 851/1011/2828 850/1010/2829
f 833/993/2830 834/994/2831 852/1012/2832 851/1011/2833
f 834/994/2834 835/995/2835 853/1013/2836 852/1012/2837
f 835/995/2838 836/996/2839 854/1014/2840 853/1013/2841
f 836/996/2842 819/980/2843 837/998/2844 854/1014/2845
s 116
f 837/1015/2846 838/1016/2847 856/1017/2848 855/1018/2849
f 838/1016/2847 839/1019/2850 857/1020/2851 856/1017/2848
f 839/1019/2850 840/1021/2852 858/1022/2853 857/1020/2851
f 840/1021/2852 841/1023/2854 859/1024/2855 858/1022/2853
f 841/1023/2854 842/1025/2856 860/1026/2857 859/1024/2855
f 842/1025/2856 843/1027/2858 861/1028/2859 860/1026/2857
f 843/1027/2858 844/1029/2860 862/1030/2861 861/1028/2859
f 844/1029/2860 845/1031/2862 863/1032/2863 862/1030/2861
f 845/1031/2862 846/1033/2864 864/1034/2865 863/1032/2863
f 846/1033/2864 847/1035/2866 865/1036/2867 864/1034/2865
f 847/1035/2866 848/1037/2868 866/1038/2869 865/1036/2867
f 848/1037/2868 849/1039/2870 867/1040/2871 866/1038/2869
f 849/1039/2870 850/1041/2872 868/1042/2873 867/1040/2871
f 850/1041/2872 851/1043/2874 869/1044/2875 868/1042/2873
f 851/1043/2874 852/1045/2876 870/1046/2877 869/1044/2875
f 852/1045/2876 853/1047/2878 871/1048/2879 870/1046/2877
f 853/1047/2878 854/1049/2880 872/1050/2881 871/1048/2879
f 854/1049/2880 837/1015/2846 855/1018/2849 872/1050/2881
f 855/1018/2849 856/1017/2848 874/1051/2882 873/1052/2883
f 856/1017/2848 857/1020/2851 875/1053/2884 874/1051/2882
f 857/1020/2851 858/1022/2853 876/1054/2885 875/1053/2884
f 858/1022/2853 859/1024/2855 877/1055/2886 876/1054/2885
f 859/1024/2855 860/1026/2857 878/1056/2887 877/1055/2886
f 860/1026/2857 861/1028/2859 879/1057/2888 878/1056/2887
f 861/1028/2859 862/1030/2861 880/1058/2889 879/1057/2888
f 862/1030/2861 863/1032/2863 881/1059/2890 880/1058/2889
f 863/1032/2863 864/1034/2865 882/1060/2891 881/1059/2890
f 864/1034/2865 865/1036/2867 883/1061/2892 882/1060/2891
f 865/1036/2867 866/1038/2869 884/1062/2893 883/1061/2892
f 866/1038/2869 867/1040/2871 885/1063/2894 884/1062/2893
f 867/1040/2871 868/1042/2873 886/1064/2895 885/1063/2894
f 868/1042/2873 869/1044/2875 887/1065/2896 886/1064/2895
f 869/1044/2875 870/1046/2877 888/1066/2897 887/1065/2896
f 870/1046/2877 871/1048/2879 889/1067/2898 888/1066/2897
f 871/1048/2879 872/1050/2881 890/1068/2899 889/1067/2898
f 872/1050/2881 855/1018/2849 873/1052/2883 890/1068/2899
f 873/1052/2883 874/1051/2882 892/1069/2900 891/1070/2901
f 874/1051/2882 875/1053/2884 893/1071/2902 892/1069/2900
f 875/1053/2884 876/1054/2885 894/1072/2903 893/1071/2902
f 876/1054/2885 877/1055/2886 895/1073/2904 894/1072/2903
f 877/1055/2886 878/1056/2887 896/1074/2905 895/1073/2904
f 878/1056/2887 879/1057/2888 897/1075/2906 896/1074/2905
f 879/1057/2888 880/1058/2889 898/1076/2907 897/1075/2906
f 880/1058/2889 881/1059/2890 899/1077/2908 898/1076/2907
f 881/1059/2890 882/1060/2891 900/1078/2909 899/1077/2908
f 882/1060/2891 883/1061/2892 901/1079/2910 900/1078/2909
f 883/1061/2892 884/1062/2893 902/1080/2911 901/1079/2910
f 884/1062/2893 885/1063/2894 903/1081/2912 902/1080/2911
f 885/1063/2894 886/1064/2895 904/1082/2913 903/1081/2912
f 886/1064/2895 887/1065/2896 905/1083/2914 904/1082/2913
f 887/1065/2896 888/1066/2897 906/1084/2915 905/1083/2914
f 888/1066/2897 889/1067/2898 907/1085/2916 906/1084/2915
f 889/1067/2898 890/1068/2899 908/1086/2917 907/1085/2916
f 890/1068/2899 873/1052/2883 891/1070/2901 908/1086/2917
f 891/1070/2901 892/1069/2900 910/1087/2918 909/1088/2919
f 892/1069/2900 893/1071/2902 911/1089/2920 910/1087/2918
f 893/1071/2902 894/1072/2903 912/1090/2921 911/1089/2920
f 894/1072/2903 895/1073/2904 913/1091/2922 912/1090/2921
f 895/1073/2904 896/1074/2905 914/1092/2923 913/1091/2922
f 896/1074/2905 897/1075/2906 915/1093/2924 914/1092/2923
f 897/1075/2906 898/1076/2907 916/1094/2925 915/1093/2924
f 898/1076/2907 899/1077/2908 917/1095/2926 916/1094/2925
f 899/1077/2908 900/1078/2909 918/1096/2927 917/1095/2926
f 900/1078/2909 901/1079/2910 919/1097/2928 918/1096/2927
f 901/1079/2910 902/1080/2911 920/1098/2929 919/1097/2928
f 902/1080/2911 903/1081/2912 921/1099/2930 920/1098/2929
f 903/1081/2912 904/1082/2913 922/1100/2931 921/1099/2930
f 904/1082/2913 905/1083/2914 923/1101/2932 922/1100/2931
f 905/1083/2914 906/1084/2915 924/1102/2933 923/1101/2932
f 906/1084/2915 907/1085/2916 925/1103/2934 924/1102/2933
f 907/1085/2916 908/1086/2917 926/1104/2935 925/1103/2934
f 908/1086/2917 891/1070/2901 909/1088/2919 926/1104/2935
f 909/1088/2919 910/1087/2918 928/1105/2936 927/1106/2937
f 910/1087/2918 911/1089/2920 929/1107/2938 928/1105/2936
f 911/1089/2920 912/1090/2921 930/1108/2939 929/1107/2938
f 912/1090/2921 913/1091/2922 931/1109/2940 930/1108/2939
f 913/1091/2922 914/1092/2923 932/1110/2941 931/1109/2940
f 914/1092/2923 915/1093/2924 933/1111/2942 932/1110/2941
f 915/1093/2924 916/1094/2925 934/1112/2943 933/1111/2942
f 916/1094/2925 917/1095/2926 935/1113/2944 934/1112/2943
f 917/1095/2926 918/1096/2927 936/1114/2945 935/1113/2944
f 918/1096/2927 919/1097/2928 937/1115/2946 936/1114/2945
f 919/1097/2928 920/1098/2929 938/1116/2947 937/1115/2946
f 920/1098/2929 921/1099/2930 939/1117/2948 938/1116/2947
f 921/1099/2930 922/1100/2931 940/1118/2949 939/1117/2948
f 922/1100/2931 923/1101/2932 941/1119/2950 940/1118/2949
f 923/1101/2932 924/1102/2933 942/1120/2951 941/1119/2950
f 924/1102/2933 925/1103/2934 943/1121/2952 942/1120/2951
f 925/1103/2934 926/1104/2935 944/1122/2953 943/1121/2952
f 926/1104/2935 909/1088/2919 927/1106/2937 944/1122/2953
f 927/1106/2937 928/1105/2936 946/1123/2954 945/1124/2955
f 928/1105/2936 929/1107/2938 947/1125/2956 946/1123/2954
f 929/1107/2938 930/1108/2939 948/1126/2957 947/1125/2956
f 930/1108/2939 931/1109/2940 949/1127/2958 948/1126/2957
f 931/1109/2940 932/1110/2941 950/1128/2959 949/1127/2958
f 932/1110/2941 933/1111/2942 951/1129/2960 950/1128/2959
f 933/1111/2942 934/1112/2943 952/1130/2961 951/1129/2960
f 934/1112/2943 935/1113/2944 953/1131/2962 952/1130/2961
f 935/1113/2944 936/1114/2945 954/1132/2963 953/1131/2962
f 936/1114/2945 937/1115/2946 955/1133/2964 954/1132/2963
f 937/1115/2946 938/1116/2947 956/1134/2965 955/1133/2964
f 938/1116/2947 939/1117/2948 957/1135/2966 956/1134/2965
f 939/1117/2948 940/1118/2949 958/1136/2967 957/1135/2966
f 940/1118/2949 941/1119/2950 959/1137/2968 958/1136/2967
f 941/1119/2950 942/1120/2951 960/1138/2969 959/1137/2968
f 942/1120/2951 943/1121/2952 961/1139/2970 960/1138/2969
f 943/1121/2952 944/1122/2953 962/1140/2971 961/1139/2970
f 944/1122/2953 927/1106/2937 945/1124/2955 962/1140/2971
f 945/1124/2955 946/1123/2954 964/1141/2972 963/1142/2973
f 946/1123/2954 947/1125/2956 965/1143/2974 964/1141/2972
f 947/1125/2956 948/1126/2957 966/1144/2975 965/1143/2974
f 948/1126/2957 949/1127/2958 967/1145/2976 966/1144/2975
f 949/1127/2958 950/1128/2959 968/1146/2977 967/1145/2976
f 950/1128/2959 951/1129/2960 969/1147/2978 968/1146/2977
f 951/1129/2960 952/1130/2961 970/1148/2979 969/1147/2978
f 952/1130/2961 953/1131/2962 971/1149/2980 970/1148/2979
f 953/1131/2962 954/1132/2963 972/1150/2981 971/1149/2980
f 954/1132/2963 955/1133/2964 973/1151/2982 972/1150/2981
f 955/1133/2964 956/1134/2965 974/1152/2983 973/1151/2982
f 956/1134/2965 957/1135/2966 975/1153/2984 974/1152/2983
f 957/1135/2966 958/1136/2967 976/1154/2985 975/1153/2984
f 958/1136/2967 959/1137/2968 977/1155/2986 976/1154/2985
f 959/1137/2968 960/1138/2969 978/1156/2987 977/1155/2986
f 960/1138/2969 961/1139/2970 979/1157/2988 978/1156/2987
f 961/1139/2970 962/1140/2971 980/1158/2989 979/1157/2988
f 962/1140/2971 945/1124/2955 963/1142/2973 980/1158/2989
s off
f 963/1159/2990 964/1160/2991 982/1161/2992 981/1162/2993
f 964/1160/2994 965/1163/2995 983/1164/2996 982/1161/2997
f 965/1163/2998 966/1165/2999 984/1166/3000 983/1164/3001
f 966/1165/3002 967/1167/3003 985/1168/3004 984/1166/3005
f 967/1167/3006 968/1169/3007 986/1170/3008 985/1168/3009
f 968/1169/3010 969/1171/3011 987/1172/3012 986/1170/3013
f 969/1171/3014 970/1173/3015 988/1174/3016 987/1172/3017
f 970/1173/3018 971/1175/3019 989/1176/3020 988/1174/3021
f 971/1175/3022 972/1177/3023 990/1178/3024 989/1176/3025
f 972/1177/3026 973/1179/3027 991/1180/3028 990/1178/3029
f 973/1179/3030 974/1181/3031 992/1182/3032 991/1180/3033
f 974/1181/3034 975/1183/3035 993/1184/3036 992/1182/3037
f 975/1183/3038 976/1185/3039 994/1186/3040 993/1184/3041
f 976/1185/3042 977/1187/3043 995/1188/3044 994/1186/3045
f 977/1187/3046 978/1189/3047 996/1190/3048 995/1188/3049
f 978/1189/3050 979/1191/3051 997/1192/3052 996/1190/3053
f 979/1191/3054 980/1193/3055 998/1194/3056 997/1192/3057
f 980/1193/3058 963/1159/3059 981/1162/3060 998/1194/3061
s 117
f 981/1162/3062 982/1161/3063 1000/908/3064 999/907/3065
f 982/1161/3063 983/1164/3066 1001/911/3067 1000/908/3064
f 983/1164/3066 984/1166/3068 1002/913/3069 1001/911/3067
f 984/1166/3068 985/1168/3070 1003/915/3071 1002/913/3069
f 985/1168/3070 986/1170/3072 1004/917/3073 1003/915/3071
f 986/1170/3072 987/1172/3074 1005/919/3075 1004/917/3073
f 987/1172/3074 988/1174/3076 1006/921/3077 1005/919/3075
f 988/1174/3076 989/1176/3078 1007/923/3079 1006/921/3077
f 989/1176/3078 990/1178/3080 1008/925/3081 1007/923/3079
f 990/1178/3080 991/1180/3082 1009/927/3083 1008/925/3081
f 991/1180/3082 992/1182/3084 1010/929/3085 1009/927/3083
f 992/1182/3084 993/1184/3086 1011/931/3087 1010/929/3085
f 993/1184/3086 994/1186/3088 1012/933/3089 1011/931/3087
f 994/1186/3088 995/1188/3090 1013/935/3091 1012/933/3089
f 995/1188/3090 996/1190/3092 1014/937/3093 1013/935/3091
f 996/1190/3092 997/1192/3094 1015/939/3095 1014/937/3093
f 997/1192/3094 998/1194/3096 1016/941/3097 1015/939/3095
f 998/1194/3096 981/1162/3062 999/907/3065 1016/941/3097
s 118
f 1036/1195/3098 1035/1196/3099 1037/1197/3100
f 1038/1198/3101 1036/1195/3098 1037/1197/3100
f 1039/1199/3102 1038/1198/3101 1037/1197/3100
f 1040/1200/3103 1039/1199/3102 1037/1197/3100
f 1041/1201/3104 1040/1200/3103 1037/1197/3100
f 1042/1202/3105 1041/1201/3104 1037/1197/3100
f 1043/1203/3106 1042/1202/3105 1037/1197/3100
f 1044/1204/3107 1043/1203/3106 1037/1197/3100
f 1045/1205/3108 1044/1204/3107 1037/1197/3100
f 1046/1206/3109 1045/1205/3108 1037/1197/3100
f 1047/1207/3110 1046/1206/3109 1037/1197/3100
f 1048/1208/3111 1047/1207/3110 1037/1197/3100
f 1049/1209/3112 1048/1208/3111 1037/1197/3100
f 1050/1210/3113 1049/1209/3112 1037/1197/3100
f 1051/1211/3114 1050/1210/3113 1037/1197/3100
f 1052/1212/3115 1051/1211/3114 1037/1197/3100
f 1053/1213/3116 1052/1212/3115 1037/1197/3100
f 1035/1196/3099 1053/1213/3116 1037/1197/3100
s 119
f 1018/1214/3117 1017/1215/3118 1035/1196/3119 1036/1195/3120
f 1019/1216/3121 1018/1214/3117 1036/1195/3120 1038/1198/3122
f 1020/1217/3123 1019/1216/3121 1038/1198/3122 1039/1199/3124
f 1021/1218/3125 1020/1217/3123 1039/1199/3124 1040/1200/3126
f 1022/1219/3127 1021/1218/3125 1040/1200/3126 1041/1201/3128
f 1023/1220/3129 1022/1219/3127 1041/1201/3128 1042/1202/3130
f 1024/1221/3131 1023/1220/3129 1042/1202/3130 1043/1203/3132
f 1025/1222/3133 1024/1221/3131 1043/1203/3132 1044/1204/3134
f 1026/1223/3135 1025/1222/3133 1044/1204/3134 1045/1205/3136
f 1027/1224/3137 1026/1223/3135 1045/1205/3136 1046/1206/3138
f 1028/1225/3139 1027/1224/3137 1046/1206/3138 1047/1207/3140
f 1029/1226/3141 1028/1225/3139 1047/1207/3140 1048/1208/3142
f 1030/1227/3143 1029/1226/3141 1048/1208/3142 1049/1209/3144
f 1031/1228/3145 1030/1227/3143 1049/1209/3144 1050/1210/3146
f 1032/1229/3147 1031/1228/3145 1050/1210/3146 1051/1211/3148
f 1033/1230/3149 1032/1229/3147 1051/1211/3148 1052/1212/3150
f 1034/1231/3151 1033/1230/3149 1052/1212/3150 1053/1213/3152
f 1017/1215/3118 1034/1231/3151 1053/1213/3152 1035/1196/3119
s off
f 1066/1232/3153 1054/1233/3154 1063/1234/3155 1062/1235/3156
f 1070/1236/3157 1056/1237/3158 1065/1238/3159 1067/1239/3160
f 1074/1240/3161 1058/1241/3162 1069/1242/3163 1071/1243/3164
f 1077/1244/3165 1060/1245/3166 1073/1246/3167 1075/1247/3168
f 1064/1248/3169 1055/1249/3170 1076/1250/3171 1078/1251/3172
f 1074/1240/3173 1060/1245/3174 1077/1244/3175 1079/1252/3176
f 1063/1234/3177 1055/1249/3178 1064/1248/3179 1062/1235/3180
f 1064/1248/3181 1057/1253/3182 1065/1238/3183 1062/1235/3184
f 1065/1238/3185 1056/1237/3186 1066/1232/3187 1062/1235/3188
f 1065/1238/3189 1057/1253/3190 1068/1254/3191 1067/1239/3192
f 1068/1254/3193 1059/1255/3194 1069/1242/3195 1067/1239/3196
f 1069/1242/3197 1058/1241/3198 1070/1236/3199 1067/1239/3200
f 1069/1242/3201 1059/1255/3202 1072/1256/3203 1071/1243/3204
f 1072/1256/3205 1061/1257/3206 1073/1246/3207 1071/1243/3208
f 1073/1246/3209 1060/1245/3210 1074/1240/3211 1071/1243/3212
f 1073/1246/3213 1061/1257/3214 1076/1250/3215 1075/1247/3216
f 1076/1250/3217 1055/1249/3218 1063/1234/3219 1075/1247/3220
f 1063/1234/3221 1054/1233/3222 1077/1244/3223 1075/1247/3224
f 1076/1250/3225 1061/1257/3226 1072/1256/3227 1078/1251/3228
f 1072/1256/3229 1059/1255/3230 1068/1254/3231 1078/1251/3232
f 1068/1254/3233 1057/1253/3234 1064/1248/3235 1078/1251/3236
f 1077/1244/3237 1054/1233/3238 1066/1232/3239 1079/1252/3240
f 1066/1232/3241 1056/1237/3242 1070/1236/3243 1079/1252/3244
f 1070/1236/3245 1058/1241/3246 1074/1240/3247 1079/1252/3248
f 1092/1258/3249 1080/1259/3250 1089/1260/3251 1088/1261/3252
f 1096/1262/3253 1082/1263/3254 1091/1264/3255 1093/1265/3256
f 1100/1266/3257 1084/1267/3258 1095/1268/3259 1097/1269/3260
f 1103/1270/3261 1086/1271/3262 1099/1272/3263 1101/1273/3264
f 1090/1274/3265 1081/1275/3266 1102/1276/3267 1104/1277/3268
f 1100/1266/3269 1086/1271/3270 1103/1270/3271 1105/1278/3272
f 1089/1260/3273 1081/1275/3274 1090/1274/3275 1088/1261/3276
f 1090/1274/3277 1083/1279/3278 1091/1264/3279 1088/1261/3280
f 1091/1264/3281 1082/1263/3282 1092/1258/3283 1088/1261/3284
f 1091/1264/3285 1083/1279/3286 1094/1280/3287 1093/1265/3288
f 1094/1280/3289 1085/1281/3290 1095/1268/3291 1093/1265/3292
f 1095/1268/3293 1084/1267/3294 1096/1262/3295 1093/1265/3296
f 1095/1268/3297 1085/1281/3298 1098/1282/3299 1097/1269/3300
f 1098/1282/3301 1087/1283/3302 1099/1272/3303 1097/1269/3304
f 1099/1272/3305 1086/1271/3306 1100/1266/3307 1097/1269/3308
f 1099/1272/3309 1087/1283/3310 1102/1276/3311 1101/1273/3312
f 1102/1276/3313 1081/1275/3314 1089/1260/3315 1101/1273/3316
f 1089/1260/3317 1080/1259/3318 1103/1270/3319 1101/1273/3320
f 1102/1276/3321 1087/1283/3322 1098/1282/3323 1104/1277/3324
f 1098/1282/3325 1085/1281/3326 1094/1280/3327 1104/1277/3328
f 1094/1280/3329 1083/1279/3330 1090/1274/3331 1104/1277/3332
f 1103/1270/3333 1080/1259/3334 1092/1258/3335 1105/1278/3336
f 1092/1258/3337 1082/1263/3338 1096/1262/3339 1105/1278/3340
f 1096/1262/3341 1084/1267/3342 1100/1266/3343 1105/1278/3344
f 1106/1284/3345 1107/1285/3346 1109/1286/3347 1108/1287/3348
f 1108/1287/3349 1109/1286/3350 1111/1288/3351 1110/1289/3352
f 1110/1289/3353 1111/1288/3354 1113/1290/3355 1112/1291/3356
f 1112/1291/3357 1113/1290/3358 1107/1285/3359 1106/1284/3360
f 1107/1285/3361 1113/1290/3362 1111/1288/3363 1109/1286/3364
f 1112/1291/3365 1106/1284/3366 1108/1287/3367 1110/1289/3368
f 1126/1292/3369 1114/1293/3370 1123/1294/3371 1122/1295/3372
f 1130/1296/3373 1116/1297/3374 1125/1298/3375 1127/1299/3376
f 1134/1300/3377 1118/1301/3378 1129/1302/3379 1131/1303/3380
f 1137/1304/3381 1120/1305/3382 1133/1306/3383 1135/1307/3384
f 1124/1308/3385 1115/1309/3386 1136/1310/3387 1138/1311/3388
f 1134/1300/3389 1120/1305/3390 1137/1304/3391 1139/1312/3392
f 1123/1294/3393 1115/1309/3394 1124/1308/3395 1122/1295/3396
f 1124/1308/3397 1117/1313/3398 1125/1298/3399 1122/1295/3400
f 1125/1298/3401 1116/1297/3402 1126/1292/3403 1122/1295/3404
f 1125/1298/3405 1117/1313/3406 1128/1314/3407 1127/1299/3408
f 1128/1314/3409 1119/1315/3410 1129/1302/3411 1127/1299/3412
f 1129/1302/3413 1118/1301/3414 1130/1296/3415 1127/1299/3416
f 1129/1302/3417 1119/1315/3418 1132/1316/3419 1131/1303/3420
f 1132/1316/3421 1121/1317/3422 1133/1306/3423 1131/1303/3424
f 1133/1306/3425 1120/1305/3426 1134/1300/3427 1131/1303/3428
f 1133/1306/3429 1121/1317/3430 1136/1310/3431 1135/1307/3432
f 1136/1310/3433 1115/1309/3434 1123/1294/3435 1135/1307/3436
f 1123/1294/3437 1114/1293/3438 1137/1304/3439 1135/1307/3440
f 1136/1310/3441 1121/1317/3442 1132/1316/3443 1138/1311/3444
f 1132/1316/3445 1119/1315/3446 1128/1314/3447 1138/1311/3448
f 1128/1314/3449 1117/1313/3450 1124/1308/3451 1138/1311/3452
f 1137/1304/3453 1114/1293/3454 1126/1292/3455 1139/1312/3456
f 1126/1292/3457 1116/1297/3458 1130/1296/3459 1139/1312/3460
f 1130/1296/3461 1118/1301/3462 1134/1300/3463 1139/1312/3464
f 1152/1318/3465 1153/1319/3466 1154/1320/3467 1155/1321/3468
s 120
f 1142/1322/3469 1170/1323/3470 1227/1324/3471 1208/1325/3472
s 121
f 1144/1326/3473 1171/1327/3474 1172/1328/3475 1163/1329/3476
s 122
f 1211/1330/3477 1212/1331/3478 1175/1332/3479 1140/1333/3480
s 123
f 1160/1334/3481 1220/1335/3482 1221/1336/3483 1143/1337/3484
s 124
f 1208/1325/3485 1209/1338/3486 1164/1339/3487 1142/1322/3488
s 125
f 1150/1340/3489 1183/1341/3490 1176/1342/3491 1156/1343/3492
f 1151/1344/3493 1170/1323/3494 1142/1322/3495 1164/1339/3496
s off
f 1148/1345/3497 1149/1346/3498 1153/1347/3499 1152/1348/3500
f 1149/1346/3501 1150/1340/3502 1154/1349/3503 1153/1347/3504
f 1150/1340/3505 1151/1344/3506 1155/1350/3507 1154/1349/3508
f 1151/1344/3509 1148/1345/3510 1152/1348/3511 1155/1350/3512
s 120
f 1225/1351/3513 1226/1352/3514 1156/1343/3515 1176/1342/3516
s 121
f 1177/1353/3517 1178/1354/3518 1162/1355/3519 1157/1356/3520
s 122
f 1159/1357/3521 1213/1358/3522 1214/1359/3523 1181/1360/3524
s 125
f 1149/1346/3525 1159/1357/3526 1181/1360/3527 1182/1361/3528
s 123
f 1141/1362/3529 1218/1363/3530 1219/1364/3531 1169/1365/3532
s 121
f 1158/1366/3533 1167/1367/3534 1179/1368/3535 1180/1369/3536
f 1166/1370/3537 1173/1371/3538 1174/1372/3539 1146/1373/3540
s 132
f 1210/1374/3541 1211/1330/3542 1140/1333/3543 1165/1375/3544
s 125
f 1148/1345/3545 1165/1375/3546 1140/1333/3547 1175/1332/3548
f 1151/1344/3493 1255/1376/3549 1254/1377/3550 1148/1345/3545
s 121
f 1163/1329/3476 1172/1328/3475 1248/1378/3551
f 1178/1354/3518 1179/1368/3535 1167/1367/3534 1162/1355/3519
s 123
f 1169/1365/3532 1219/1364/3531 1220/1335/3482 1160/1334/3481
s 125
f 1149/1346/3525 1182/1361/3528 1183/1341/3490 1150/1340/3489
f 1150/1340/3489 1156/1343/3492 1170/1323/3494 1151/1344/3493
s 120
f 1226/1352/3514 1227/1324/3471 1170/1323/3470 1156/1343/3515
s 121
f 1172/1328/3475 1171/1327/3474 1157/1356/3520 1162/1355/3519
f 1173/1371/3538 1172/1328/3475 1162/1355/3519 1167/1367/3534
f 1174/1372/3539 1173/1371/3538 1167/1367/3534 1158/1366/3533
s 122
f 1175/1332/3479 1212/1331/3478 1213/1358/3522 1159/1357/3521
s 125
f 1148/1345/3545 1175/1332/3548 1159/1357/3526 1149/1346/3525
s 134
f 1221/1336/3552 1222/1379/3553 1186/1380/3554 1143/1337/3555
s 135
f 1161/1381/3556 1184/1382/3557 1185/1383/3558 1145/1384/3559
f 1168/1385/3560 1191/1386/3561 1184/1382/3557 1161/1381/3556
f 1190/1387/3562 1191/1386/3561 1168/1385/3560 1147/1388/3563
s 136
f 1189/1389/3564 1217/1390/3565 1218/1363/3566 1141/1362/3567
s 137
f 1188/1391/3568 1189/1389/3569 1141/1362/3570 1169/1365/3571
f 1187/1392/3572 1188/1391/3568 1169/1365/3571 1160/1334/3573
f 1186/1380/3574 1187/1392/3572 1160/1334/3573 1143/1337/3575
s 138
f 1193/1393/3576 1192/1394/3577 1194/1395/3578 1195/1396/3579
s 139
f 1223/1397/3580 1224/1398/3581 1196/1399/3582 1197/1400/3583
s 140
f 1196/1399/3584 1198/1401/3585 1199/1402/3586 1197/1400/3587
f 1198/1401/3585 1200/1403/3588 1201/1404/3589 1199/1402/3586
f 1200/1403/3588 1202/1405/3590 1203/1406/3591 1201/1404/3589
s 141
f 1202/1405/3592 1215/1407/3593 1216/1408/3594 1203/1406/3595
s 138
f 1204/1409/3596 1206/1410/3597 1207/1411/3598 1205/1412/3599
f 1192/1394/3577 1207/1411/3598 1206/1410/3597 1194/1395/3578
s off
f 1185/1413/3600 1184/1414/3601 1192/1394/3602 1193/1393/3603
f 1178/1415/3604 1177/1416/3605 1195/1396/3606 1194/1395/3607
s 142
f 1224/1398/3608 1225/1417/3609 1176/1418/3610 1196/1399/3611
s 143
f 1186/1419/3612 1222/1420/3613 1223/1397/3614 1197/1400/3615
s off
f 1176/1418/3616 1183/1421/3617 1198/1401/3618 1196/1399/3619
f 1187/1422/3620 1186/1419/3621 1197/1400/3622 1199/1402/3623
f 1183/1421/3624 1182/1423/3625 1200/1403/3626 1198/1401/3627
f 1188/1424/3628 1187/1422/3629 1199/1402/3630 1201/1404/3631
f 1182/1423/3632 1181/1425/3633 1202/1405/3634 1200/1403/3635
f 1189/1426/3636 1188/1424/3637 1201/1404/3638 1203/1406/3639
s 144
f 1181/1425/3640 1214/1427/3641 1215/1407/3642 1202/1405/3643
s 145
f 1216/1408/3644 1217/1428/3645 1189/1426/3646 1203/1406/3647
s off
f 1180/1429/3648 1179/1430/3649 1206/1410/3650 1204/1409/3651
f 1191/1431/3652 1190/1432/3653 1205/1412/3654 1207/1411/3655
f 1184/1414/3656 1191/1431/3657 1207/1411/3658 1192/1394/3659
f 1179/1430/3660 1178/1415/3661 1194/1395/3662 1206/1410/3663
s 124
f 1163/1329/3664 1230/1433/3665 1231/1434/3666 1144/1326/3667
s 132
f 1146/1373/3668 1228/1435/3669 1229/1436/3670 1166/1370/3671
s 122
f 1146/1373/3672 1174/1372/3673 1247/1437/3674 1228/1435/3675
f 1246/1438/3676 1247/1437/3674 1174/1372/3673 1158/1366/3677
f 1245/1439/3678 1246/1438/3676 1158/1366/3677 1180/1369/3679
s 144
f 1244/1440/3680 1245/1441/3681 1180/1429/3682 1204/1409/3683
s 141
f 1243/1442/3684 1244/1440/3685 1204/1409/3686 1205/1412/3687
s 145
f 1190/1432/3688 1242/1443/3689 1243/1442/3690 1205/1412/3691
s 136
f 1241/1444/3692 1242/1445/3693 1190/1387/3694 1147/1388/3695
s 123
f 1240/1446/3696 1241/1444/3697 1147/1388/3698 1168/1385/3699
f 1239/1447/3700 1240/1446/3696 1168/1385/3699 1161/1381/3701
f 1238/1448/3702 1239/1447/3700 1161/1381/3701 1145/1384/3703
s 134
f 1185/1383/3704 1237/1449/3705 1238/1448/3706 1145/1384/3707
s 143
f 1236/1450/3708 1237/1451/3709 1185/1413/3710 1193/1393/3711
s 139
f 1195/1396/3712 1235/1452/3713 1236/1450/3714 1193/1393/3715
s 142
f 1177/1416/3716 1234/1453/3717 1235/1452/3718 1195/1396/3719
s 120
f 1157/1356/3720 1233/1454/3721 1234/1455/3722 1177/1353/3723
f 1171/1327/3724 1232/1456/3725 1233/1454/3721 1157/1356/3720
f 1231/1434/3726 1232/1456/3725 1171/1327/3724 1144/1326/3727
s 132
f 1229/1436/3670 1228/1435/3669 1211/1330/3542 1210/1374/3541
s 124
f 1231/1434/3666 1230/1433/3665 1209/1338/3486 1208/1325/3485
s 120
f 1208/1325/3472 1227/1324/3471 1232/1456/3725 1231/1434/3726
f 1233/1454/3721 1232/1456/3725 1227/1324/3471 1226/1352/3514
f 1234/1455/3722 1233/1454/3721 1226/1352/3514 1225/1351/3513
s 142
f 1235/1452/3718 1234/1453/3717 1225/1417/3609 1224/1398/3608
s 139
f 1236/1450/3714 1235/1452/3713 1224/1398/3581 1223/1397/3580
s 143
f 1223/1397/3614 1222/1420/3613 1237/1451/3709 1236/1450/3708
s 134
f 1238/1448/3706 1237/1449/3705 1222/1379/3553 1221/1336/3552
s 123
f 1221/1336/3483 1220/1335/3482 1239/1447/3700 1238/1448/3702
f 1220/1335/3482 1219/1364/3531 1240/1446/3696 1239/1447/3700
f 1219/1364/3531 1218/1363/3530 1241/1444/3697 1240/1446/3696
s 136
f 1218/1363/3566 1217/1390/3565 1242/1445/3693 1241/1444/3692
s 145
f 1243/1442/3690 1242/1443/3689 1217/1428/3645 1216/1408/3644
s 141
f 1216/1408/3594 1215/1407/3593 1244/1440/3685 1243/1442/3684
s 144
f 1215/1407/3642 1214/1427/3641 1245/1441/3681 1244/1440/3680
s 122
f 1214/1359/3523 1213/1358/3522 1246/1438/3676 1245/1439/3678
f 1213/1358/3522 1212/1331/3478 1247/1437/3674 1246/1438/3676
f 1228/1435/3675 1247/1437/3674 1212/1331/3478 1211/1330/3477
s 125
f 1151/1344/3493 1164/1339/3496 1255/1376/3549
f 1148/1345/3545 1254/1377/3550 1165/1375/3546
s 121
f 1249/1457/3728 1248/1378/3551 1172/1328/3475 1173/1371/3538
f 1249/1457/3728 1173/1371/3538 1166/1370/3537
s 149
f 1256/1458/3729 1257/1459/3730 1258/1460/3731 1259/1461/3732
f 1259/1461/3732 1258/1460/3731 1260/1462/3733 1261/1463/3734
f 1261/1463/3734 1260/1462/3733 1262/1464/3735 1263/1465/3736
s 124
f 1209/1338/3486 1252/1466/3737 1255/1376/3738 1164/1339/3487
f 1248/1378/3739 1250/1467/3740 1230/1433/3665 1163/1329/3664
f 1230/1433/3665 1250/1467/3740 1252/1466/3737 1209/1338/3486
s 132
f 1166/1370/3671 1229/1436/3670 1251/1468/3741 1249/1457/3742
f 1253/1469/3743 1251/1468/3741 1229/1436/3670 1210/1374/3541
f 1254/1377/3744 1253/1469/3743 1210/1374/3541 1165/1375/3544
s off
f 1248/1470/3745 1249/1471/3746 1257/1459/3747 1256/1458/3748
f 1249/1471/3749 1251/1472/3750 1258/1460/3751 1257/1459/3752
f 1250/1473/3753 1248/1470/3754 1256/1458/3755 1259/1461/3756
f 1251/1472/3757 1253/1474/3758 1260/1462/3759 1258/1460/3760
f 1252/1475/3761 1250/1473/3762 1259/1461/3763 1261/1463/3764
f 1253/1474/3765 1254/1476/3766 1262/1464/3767 1260/1462/3768
f 1254/1476/3769 1255/1477/3770 1263/1465/3771 1262/1464/3772
f 1255/1477/3773 1252/1475/3774 1261/1463/3775 1263/1465/3776
f 1264/1478/3777 1265/1479/3778 1267/1480/3779 1266/1481/3780
f 1266/1481/3781 1267/1480/3782 1269/1482/3783 1268/1483/3784
f 1268/1483/3785 1269/1482/3786 1271/1484/3787 1270/1485/3788
f 1270/1485/3789 1271/1484/3790 1265/1479/3791 1264/1478/3792
f 1265/1479/3793 1271/1484/3794 1269/1482/3795 1267/1480/3796
f 1270/1485/3797 1264/1478/3798 1266/1481/3799 1268/1483/3800
f 1284/1486/3801 1272/1487/3802 1281/1488/3803 1280/1489/3804
f 1288/1490/3805 1274/1491/3806 1283/1492/3807 1285/1493/3808
f 1292/1494/3809 1276/1495/3810 1287/1496/3811 1289/1497/3812
f 1295/1498/3813 1278/1499/3814 1291/1500/3815 1293/1501/3816
f 1282/1502/3817 1273/1503/3818 1294/1504/3819 1296/1505/3820
f 1292/1494/3821 1278/1499/3822 1295/1498/3823 1297/1506/3824
f 1281/1488/3825 1273/1503/3826 1282/1502/3827 1280/1489/3828
f 1282/1502/3829 1275/1507/3830 1283/1492/3831 1280/1489/3832
f 1283/1492/3833 1274/1491/3834 1284/1486/3835 1280/1489/3836
f 1283/1492/3837 1275/1507/3838 1286/1508/3839 1285/1493/3840
f 1286/1508/3841 1277/1509/3842 1287/1496/3843 1285/1493/3844
f 1287/1496/3845 1276/1495/3846 1288/1490/3847 1285/1493/3848
f 1287/1496/3849 1277/1509/3850 1290/1510/3851 1289/1497/3852
f 1290/1510/3853 1279/1511/3854 1291/1500/3855 1289/1497/3856
f 1291/1500/3857 1278/1499/3858 1292/1494/3859 1289/1497/3860
f 1291/1500/3861 1279/1511/3862 1294/1504/3863 1293/1501/3864
f 1294/1504/3865 1273/1503/3866 1281/1488/3867 1293/1501/3868
f 1281/1488/3869 1272/1487/3870 1295/1498/3871 1293/1501/3872
f 1294/1504/3873 1279/1511/3874 1290/1510/3875 1296/1505/3876
f 1290/1510/3877 1277/1509/3878 1286/1508/3879 1296/1505/3880
f 1286/1508/3881 1275/1507/3882 1282/1502/3883 1296/1505/3884
f 1295/1498/3885 1272/1487/3886 1284/1486/3887 1297/1506/3888
f 1284/1486/3889 1274/1491/3890 1288/1490/3891 1297/1506/3892
f 1288/1490/3893 1276/1495/3894 1292/1494/3895 1297/1506/3896
f 1310/1512/3897 1298/1513/3898 1307/1514/3899 1306/1515/3900
f 1314/1516/3901 1300/1517/3902 1309/1518/3903 1311/1519/3904
f 1318/1520/3905 1302/1521/3906 1313/1522/3907 1315/1523/3908
f 1321/1524/3909 1304/1525/3910 1317/1526/3911 1319/1527/3912
f 1308/1528/3913 1299/1529/3914 1320/1530/3915 1322/1531/3916
f 1318/1520/3917 1304/1525/3918 1321/1524/3919 1323/1532/3920
f 1307/1514/3921 1299/1529/3922 1308/1528/3923 1306/1515/3924
f 1308/1528/3925 1301/1533/3926 1309/1518/3927 1306/1515/3928
f 1309/1518/3929 1300/1517/3930 1310/1512/3931 1306/1515/3932
f 1309/1518/3933 1301/1533/3934 1312/1534/3935 1311/1519/3936
f 1312/1534/3937 1303/1535/3938 1313/1522/3939 1311/1519/3940
f 1313/1522/3941 1302/1521/3942 1314/1516/3943 1311/1519/3944
f 1313/1522/3945 1303/1535/3946 1316/1536/3947 1315/1523/3948
f 1316/1536/3949 1305/1537/3950 1317/1526/3951 1315/1523/3952
f 1317/1526/3953 1304/1525/3954 1318/1520/3955 1315/1523/3956
f 1317/1526/3957 1305/1537/3958 1320/1530/3959 1319/1527/3960
f 1320/1530/3961 1299/1529/3962 1307/1514/3963 1319/1527/3964
f 1307/1514/3965 1298/1513/3966 1321/1524/3967 1319/1527/3968
f 1320/1530/3969 1305/1537/3970 1316/1536/3971 1322/1531/3972
f 1316/1536/3973 1303/1535/3974 1312/1534/3975 1322/1531/3976
f 1312/1534/3977 1301/1533/3978 1308/1528/3979 1322/1531/3980
f 1321/1524/3981 1298/1513/3982 1310/1512/3983 1323/1532/3984
f 1310/1512/3985 1300/1517/3986 1314/1516/3987 1323/1532/3988
f 1314/1516/3989 1302/1521/3990 1318/1520/3991 1323/1532/3992
f 1324/1538/3993 1325/1539/3994 1327/1540/3995 1326/1541/3996
f 1336/1542/3997 1337/1543/3998 1338/1544/3999 1339/1545/4000
f 1328/1546/4001 1329/1547/4002 1331/1548/4003 1330/1549/4004
f 1330/1549/4005 1331/1548/4006 1325/1539/4007 1324/1538/4008
f 1325/1539/4009 1331/1548/4010 1329/1547/4011 1327/1540/4012
f 1330/1549/4013 1324/1538/4014 1326/1541/4015 1328/1546/4016
f 1326/1541/4017 1327/1540/4018 1333/1550/4019 1332/1551/4020
f 1327/1540/4021 1329/1547/4022 1334/1552/4023 1333/1550/4024
f 1329/1547/4025 1328/1546/4026 1335/1553/4027 1334/1552/4028
f 1328/1546/4029 1326/1541/4030 1332/1551/4031 1335/1553/4032
f 1332/1551/4033 1333/1550/4034 1337/1543/4035 1336/1542/4036
f 1333/1550/4037 1334/1552/4038 1338/1544/4039 1337/1543/4040
f 1334/1552/4041 1335/1553/4042 1339/1545/4043 1338/1544/4044
f 1335/1553/4045 1332/1551/4046 1336/1542/4047 1339/1545/4048
f 1352/1554/4049 1340/1555/4050 1349/1556/4051 1348/1557/4052
f 1356/1558/4053 1342/1559/4054 1351/1560/4055 1353/1561/4056
f 1360/1562/4057 1344/1563/4058 1355/1564/4059 1357/1565/4060
f 1363/1566/4061 1346/1567/4062 1359/1568/4063 1361/1569/4064
f 1350/1570/4065 1341/1571/4066 1362/1572/4067 1364/1573/4068
f 1360/1562/4069 1346/1567/4070 1363/1566/4071 1365/1574/4072
f 1349/1556/4073 1341/1571/4074 1350/1570/4075 1348/1557/4076
f 1350/1570/4077 1343/1575/4078 1351/1560/4079 1348/1557/4080
f 1351/1560/4081 1342/1559/4082 1352/1554/4083 1348/1557/4084
f 1351/1560/4085 1343/1575/4086 1354/1576/4087 1353/1561/4088
f 1354/1576/4089 1345/1577/4090 1355/1564/4091 1353/1561/4092
f 1355/1564/4093 1344/1563/4094 1356/1558/4095 1353/1561/4096
f 1355/1564/4097 1345/1577/4098 1358/1578/4099 1357/1565/4100
f 1358/1578/4101 1347/1579/4102 1359/1568/4103 1357/1565/4104
f 1359/1568/4105 1346/1567/4106 1360/1562/4107 1357/1565/4108
f 1359/1568/4109 1347/1579/4110 1362/1572/4111 1361/1569/4112
f 1362/1572/4113 1341/1571/4114 1349/1556/4115 1361/1569/4116
f 1349/1556/4117 1340/1555/4118 1363/1566/4119 1361/1569/4120
f 1362/1572/4121 1347/1579/4122 1358/1578/4123 1364/1573/4124
f 1358/1578/4125 1345/1577/4126 1354/1576/4127 1364/1573/4128
f 1354/1576/4129 1343/1575/4130 1350/1570/4131 1364/1573/4132
f 1363/1566/4133 1340/1555/4134 1352/1554/4135 1365/1574/4136
f 1352/1554/4137 1342/1559/4138 1356/1558/4139 1365/1574/4140
f 1356/1558/4141 1344/1563/4142 1360/1562/4143 1365/1574/4144
f 1378/1580/4145 1366/1581/4146 1375/1582/4147 1374/1583/4148
f 1382/1584/4149 1368/1585/4150 1377/1586/4151 1379/1587/4152
f 1386/1588/4153 1370/1589/4154 1381/1590/4155 1383/1591/4156
f 1389/1592/4157 1372/1593/4158 1385/1594/4159 1387/1595/4160
f 1376/1596/4161 1367/1597/4162 1388/1598/4163 1390/1599/4164
f 1386/1588/4165 1372/1593/4166 1389/1592/4167 1391/1600/4168
f 1375/1582/4169 1367/1597/4170 1376/1596/4171 1374/1583/4172
f 1376/1596/4173 1369/1601/4174 1377/1586/4175 1374/1583/4176
f 1377/1586/4177 1368/1585/4178 1378/1580/4179 1374/1583/4180
f 1377/1586/4181 1369/1601/4182 1380/1602/4183 1379/1587/4184
f 1380/1602/4185 1371/1603/4186 1381/1590/4187 1379/1587/4188
f 1381/1590/4189 1370/1589/4190 1382/1584/4191 1379/1587/4192
f 1381/1590/4193 1371/1603/4194 1384/1604/4195 1383/1591/4196
f 1384/1604/4197 1373/1605/4198 1385/1594/4199 1383/1591/4200
f 1385/1594/4201 1372/1593/4202 1386/1588/4203 1383/1591/4204
f 1385/1594/4205 1373/1605/4206 1388/1598/4207 1387/1595/4208
f 1388/1598/4209 1367/1597/4210 1375/1582/4211 1387/1595/4212
f 1375/1582/4213 1366/1581/4214 1389/1592/4215 1387/1595/4216
f 1388/1598/4217 1373/1605/4218 1384/1604/4219 1390/1599/4220
f 1384/1604/4221 1371/1603/4222 1380/1602/4223 1390/1599/4224
f 1380/1602/4225 1369/1601/4226 1376/1596/4227 1390/1599/4228
f 1389/1592/4229 1366/1581/4230 1378/1580/4231 1391/1600/4232
f 1378/1580/4233 1368/1585/4234 1382/1584/4235 1391/1600/4236
f 1382/1584/4237 1370/1589/4238 1386/1588/4239 1391/1600/4240
f 1404/1606/4241 1392/1607/4242 1401/1608/4243 1400/1609/4244
f 1408/1610/4245 1395/1611/4246 1403/1612/4247 1405/1613/4248
f 1412/1614/4249 1397/1615/4250 1407/1616/4251 1409/1617/4252
f 1415/1618/4253 1399/1619/4254 1411/1620/4255 1413/1621/4256
f 1402/1622/4257 1393/1623/4258 1414/1624/4259 1416/1625/4260
f 1412/1614/4261 1399/1619/4262 1415/1618/4263 1417/1626/4264
f 1401/1608/4265 1393/1623/4266 1402/1622/4267 1400/1609/4268
f 1402/1622/4269 1394/1627/4270 1403/1612/4271 1400/1609/4272
f 1403/1612/4273 1395/1611/4274 1404/1606/4275 1400/1609/4276
f 1403/1612/4277 1394/1627/4278 1406/1628/4279 1405/1613/4280
f 1406/1628/4281 1396/1629/4282 1407/1616/4283 1405/1613/4284
f 1407/1616/4285 1397/1615/4286 1408/1610/4287 1405/1613/4288
f 1407/1616/4289 1396/1629/4290 1410/1630/4291 1409/1617/4292
f 1410/1630/4293 1398/1631/4294 1411/1620/4295 1409/1617/4296
f 1411/1620/4297 1399/1619/4298 1412/1614/4299 1409/1617/4300
f 1411/1620/4301 1398/1631/4302 1414/1624/4303 1413/1621/4304
f 1414/1624/4305 1393/1623/4306 1401/1608/4307 1413/1621/4308
f 1401/1608/4309 1392/1607/4310 1415/1618/4311 1413/1621/4312
f 1414/1624/4313 1398/1631/4314 1410/1630/4315 1416/1625/4316
f 1410/1630/4317 1396/1629/4318 1406/1628/4319 1416/1625/4320
f 1406/1628/4321 1394/1627/4322 1402/1622/4323 1416/1625/4324
f 1415/1618/4325 1392/1607/4326 1404/1606/4327 1417/1626/4328
f 1404/1606/4329 1395/1611/4330 1408/1610/4331 1417/1626/4332
f 1408/1610/4333 1397/1615/4334 1412/1614/4335 1417/1626/4336
f 1430/1632/4337 1418/1633/4338 1427/1634/4339 1426/1635/4340
f 1434/1636/4341 1420/1637/4342 1429/1638/4343 1431/1639/4344
f 1438/1640/4345 1422/1641/4346 1433/1642/4347 1435/1643/4348
f 1441/1644/4349 1424/1645/4350 1437/1646/4351 1439/1647/4352
f 1428/1648/4353 1419/1649/4354 1440/1650/4355 1442/1651/4356
f 1438/1640/4357 1424/1645/4358 1441/1644/4359 1443/1652/4360
f 1427/1634/4361 1419/1649/4362 1428/1648/4363 1426/1635/4364
f 1428/1648/4365 1421/1653/4366 1429/1638/4367 1426/1635/4368
f 1429/1638/4369 1420/1637/4370 1430/1632/4371 1426/1635/4372
f 1429/1638/4373 1421/1653/4374 1432/1654/4375 1431/1639/4376
f 1432/1654/4377 1423/1655/4378 1433/1642/4379 1431/1639/4380
f 1433/1642/4381 1422/1641/4382 1434/1636/4383 1431/1639/4384
f 1433/1642/4385 1423/1655/4386 1436/1656/4387 1435/1643/4388
f 1436/1656/4389 1425/1657/4390 1437/1646/4391 1435/1643/4392
f 1437/1646/4393 1424/1645/4394 1438/1640/4395 1435/1643/4396
f 1437/1646/4397 1425/1657/4398 1440/1650/4399 1439/1647/4400
f 1440/1650/4401 1419/1649/4402 1427/1634/4403 1439/1647/4404
f 1427/1634/4405 1418/1633/4406 1441/1644/4407 1439/1647/4408
f 1440/1650/4409 1425/1657/4410 1436/1656/4411 1442/1651/4412
f 1436/1656/4413 1423/1655/4414 1432/1654/4415 1442/1651/4416
f 1432/1654/4417 1421/1653/4418 1428/1648/4419 1442/1651/4420
f 1441/1644/4421 1418/1633/4422 1430/1632/4423 1443/1652/4424
f 1430/1632/4425 1420/1637/4426 1434/1636/4427 1443/1652/4428
f 1434/1636/4429 1422/1641/4430 1438/1640/4431 1443/1652/4432
f 1456/1658/4433 1444/1659/4434 1453/1660/4435 1452/1661/4436
f 1460/1662/4437 1446/1663/4438 1455/1664/4439 1457/1665/4440
f 1464/1666/4441 1448/1667/4442 1459/1668/4443 1461/1669/4444
f 1467/1670/4445 1450/1671/4446 1463/1672/4447 1465/1673/4448
f 1454/1674/4449 1445/1675/4450 1466/1676/4451 1468/1677/4452
f 1464/1666/4453 1450/1671/4454 1467/1670/4455 1469/1678/4456
f 1453/1660/4457 1445/1675/4458 1454/1674/4459 1452/1661/4460
f 1454/1674/4461 1447/1679/4462 1455/1664/4463 1452/1661/4464
f 1455/1664/4465 1446/1663/4466 1456/1658/4467 1452/1661/4468
f 1455/1664/4469 1447/1679/4470 1458/1680/4471 1457/1665/4472
f 1458/1680/4473 1449/1681/4474 1459/1668/4475 1457/1665/4476
f 1459/1668/4477 1448/1667/4478 1460/1662/4479 1457/1665/4480
f 1459/1668/4481 1449/1681/4482 1462/1682/4483 1461/1669/4484
f 1462/1682/4485 1451/1683/4486 1463/1672/4487 1461/1669/4488
f 1463/1672/4489 1450/1671/4490 1464/1666/4491 1461/1669/4492
f 1463/1672/4493 1451/1683/4494 1466/1676/4495 1465/1673/4496
f 1466/1676/4497 1445/1675/4498 1453/1660/4499 1465/1673/4500
f 1453/1660/4501 1444/1659/4502 1467/1670/4503 1465/1673/4504
f 1466/1676/4505 1451/1683/4506 1462/1682/4507 1468/1677/4508
f 1462/1682/4509 1449/1681/4510 1458/1680/4511 1468/1677/4512
f 1458/1680/4513 1447/1679/4514 1454/1674/4515 1468/1677/4516
f 1467/1670/4517 1444/1659/4518 1456/1658/4519 1469/1678/4520
f 1456/1658/4521 1446/1663/4522 1460/1662/4523 1469/1678/4524
f 1460/1662/4525 1448/1667/4526 1464/1666/4527 1469/1678/4528
s 150
f 1478/1684/4529 1505/1685/4530 1506/1686/4531 1497/1687/4532
s 151
f 1472/1688/4533 1512/1689/4534 1513/1690/4535 1474/1691/4536
s 152
f 1493/1692/4537 1516/1693/4538 1517/1694/4539 1476/1695/4540
s 153
f 1476/1695/4541 1517/1694/4542 1504/1696/4543 1470/1697/4544
s 154
f 1471/1698/4545 1477/1699/4546 1494/1700/4547 1495/1701/4548
s 155
f 1476/1695/4549 1470/1697/4550 1492/1702/4551 1493/1692/4552
s 156
f 1536/1703/4553 1537/1704/4554 1538/1705/4555 1539/1706/4556
s 157
f 1540/1707/4557 1541/1708/4558 1542/1709/4559 1543/1710/4560
s 158
f 1544/1711/4561 1545/1712/4562 1546/1713/4563 1547/1714/4564
s 159
f 1548/1715/4565 1549/1716/4566 1536/1703/4567 1539/1706/4568
s 155
f 1483/1717/4569 1482/1718/4570 1472/1688/4571 1474/1691/4572
s 152
f 1474/1691/4573 1513/1690/4574 1514/1719/4575 1483/1717/4576
s 154
f 1485/1720/4577 1484/1721/4578 1475/1722/4579 1473/1723/4580
s 157
f 1551/1724/4581 1550/1725/4582 1552/1726/4583 1553/1727/4584
s 164
usemtl lambert11SG
f 1489/1728/4585 1509/1729/4586 1510/1730/4587 1491/1731/4588
s 159
usemtl lambert10SG
f 1546/1713/4589 1554/1732/4590 1555/1733/4591 1547/1714/4592
s 166
f 1487/1734/4593 1508/1735/4594 1509/1736/4595 1489/1737/4596
s off
f 1486/1738/4597 1480/1739/4598 1490/1740/4599 1488/1741/4600
s 167
f 1510/1742/4601 1511/1743/4602 1481/1744/4603 1491/1745/4604
s off
f 1481/1744/4605 1487/1734/4606 1489/1737/4607 1491/1745/4608
s 155
f 1498/1746/4609 1499/1747/4610 1482/1718/4570 1483/1717/4569
s 152
f 1483/1717/4576 1514/1719/4575 1515/1748/4611 1498/1746/4612
s 154
f 1502/1749/4613 1503/1750/4614 1484/1721/4578 1485/1720/4577
s 157
f 1556/1751/4615 1557/1752/4616 1550/1725/4582 1551/1724/4581
s 150
f 1500/1753/4617 1507/1754/4618 1508/1735/4619 1487/1734/4620
s 159
f 1555/1733/4591 1554/1732/4590 1558/1755/4621 1559/1756/4622
s 155
f 1493/1692/4552 1492/1702/4551 1499/1747/4610 1498/1746/4609
s 159
f 1559/1756/4622 1558/1755/4621 1549/1716/4566 1548/1715/4565
s 150
f 1497/1687/4532 1506/1686/4531 1507/1754/4618 1500/1753/4617
s 157
f 1542/1709/4559 1541/1708/4558 1557/1752/4616 1556/1751/4615
s 154
f 1495/1701/4548 1494/1700/4547 1503/1750/4614 1502/1749/4613
s 152
f 1498/1746/4612 1515/1748/4611 1516/1693/4538 1493/1692/4537
s 156
f 1560/1757/4623 1561/1758/4624 1540/1707/4625 1543/1710/4626
s 150
f 1520/1759/4627 1521/1760/4628 1479/1761/4629 1496/1762/4630
f 1519/1763/4631 1520/1759/4627 1496/1762/4630 1501/1764/4632
f 1518/1765/4633 1519/1763/4631 1501/1764/4632 1486/1738/4634
s 166
f 1531/1766/4635 1518/1765/4636 1486/1738/4637 1488/1741/4638
s 164
usemtl lambert11SG
f 1530/1767/4639 1531/1768/4640 1488/1769/4641 1490/1770/4642
s 167
usemtl lambert10SG
f 1480/1739/4643 1529/1771/4644 1530/1772/4645 1490/1740/4646
s 158
f 1552/1726/4647 1562/1773/4648 1563/1774/4649 1553/1727/4650
s 151
f 1527/1775/4651 1528/1776/4652 1473/1723/4653 1475/1722/4654
s 152
f 1526/1777/4655 1527/1775/4656 1475/1722/4657 1484/1721/4658
f 1525/1778/4659 1526/1777/4655 1484/1721/4658 1503/1750/4660
f 1524/1779/4661 1525/1778/4659 1503/1750/4660 1494/1700/4662
f 1523/1780/4663 1524/1779/4661 1494/1700/4662 1477/1699/4664
s 153
f 1522/1781/4665 1523/1780/4666 1477/1699/4667 1471/1698/4668
s 150
f 1508/1735/4619 1507/1754/4618 1519/1763/4631 1518/1765/4633
s off
f 1533/1782/4669 1532/1783/4670 1534/1784/4671 1535/1785/4672
s 150
f 1506/1686/4531 1505/1685/4530 1521/1760/4628 1520/1759/4627
s 156
f 1538/1705/4555 1537/1704/4554 1561/1758/4624 1560/1757/4623
s 153
f 1504/1696/4543 1517/1694/4542 1523/1780/4666 1522/1781/4665
s 152
f 1517/1694/4539 1516/1693/4538 1524/1779/4661 1523/1780/4663
f 1516/1693/4538 1515/1748/4611 1525/1778/4659 1524/1779/4661
f 1515/1748/4611 1514/1719/4575 1526/1777/4655 1525/1778/4659
f 1514/1719/4575 1513/1690/4574 1527/1775/4656 1526/1777/4655
s 151
f 1513/1690/4535 1512/1689/4534 1528/1776/4652 1527/1775/4651
s 158
f 1563/1774/4649 1562/1773/4648 1545/1712/4562 1544/1711/4561
s 167
f 1530/1772/4645 1529/1771/4644 1511/1743/4602 1510/1742/4601
s 164
usemtl lambert11SG
f 1510/1730/4587 1509/1729/4586 1531/1768/4640 1530/1767/4639
s 166
usemtl lambert10SG
f 1509/1736/4595 1508/1735/4594 1518/1765/4636 1531/1766/4635
s off
f 1507/1786/4673 1506/1787/4674 1532/1783/4675 1533/1782/4676
f 1506/1787/4677 1520/1788/4678 1534/1784/4679 1532/1783/4680
f 1520/1788/4681 1519/1789/4682 1535/1785/4683 1534/1784/4684
f 1519/1789/4685 1507/1786/4686 1533/1782/4687 1535/1785/4688
f 1470/1697/4689 1504/1696/4690 1537/1704/4691 1536/1703/4692
f 1505/1790/4693 1478/1791/4694 1539/1706/4695 1538/1705/4696
f 1471/1698/4697 1495/1701/4698 1541/1708/4699 1540/1707/4700
f 1496/1792/4701 1479/1793/4702 1543/1710/4703 1542/1709/4704
f 1512/1689/4705 1472/1688/4706 1546/1713/4707 1545/1712/4708
f 1481/1794/4709 1511/1795/4710 1544/1711/4711 1547/1714/4712
f 1492/1702/4713 1470/1697/4714 1536/1703/4715 1549/1716/4716
f 1478/1791/4717 1497/1796/4718 1548/1715/4719 1539/1706/4720
f 1485/1720/4721 1473/1723/4722 1552/1726/4723 1550/1725/4724
f 1480/1797/4725 1486/1798/4726 1551/1724/4727 1553/1727/4728
f 1472/1688/4729 1482/1718/4730 1554/1732/4731 1546/1713/4732
f 1487/1799/4733 1481/1794/4734 1547/1714/4735 1555/1733/4736
f 1502/1749/4737 1485/1720/4738 1550/1725/4739 1557/1752/4740
f 1486/1798/4741 1501/1800/4742 1556/1751/4743 1551/1724/4744
f 1482/1718/4745 1499/1747/4746 1558/1755/4747 1554/1732/4748
f 1500/1801/4749 1487/1799/4750 1555/1733/4751 1559/1756/4752
f 1499/1747/4753 1492/1702/4754 1549/1716/4755 1558/1755/4756
f 1497/1796/4757 1500/1801/4758 1559/1756/4759 1548/1715/4760
f 1495/1701/4761 1502/1749/4762 1557/1752/4763 1541/1708/4764
f 1501/1800/4765 1496/1792/4766 1542/1709/4767 1556/1751/4768
f 1522/1781/4769 1471/1698/4770 1540/1707/4771 1561/1758/4772
f 1479/1793/4773 1521/1802/4774 1560/1757/4775 1543/1710/4776
f 1473/1723/4777 1528/1776/4778 1562/1773/4779 1552/1726/4780
f 1529/1803/4781 1480/1797/4782 1553/1727/4783 1563/1774/4784
f 1504/1696/4785 1522/1781/4786 1561/1758/4787 1537/1704/4788
f 1521/1802/4789 1505/1790/4790 1538/1705/4791 1560/1757/4792
f 1528/1776/4793 1512/1689/4794 1545/1712/4795 1562/1773/4796
f 1511/1795/4797 1529/1803/4798 1563/1774/4799 1544/1711/4800
f 1564/1804/4801 1565/1805/4802 1567/1806/4803 1566/1807/4804
f 1566/1807/4805 1567/1806/4806 1569/1808/4807 1568/1809/4808
f 1568/1809/4809 1569/1808/4810 1571/1810/4811 1570/1811/4812
f 1570/1811/4813 1571/1810/4814 1565/1805/4815 1564/1804/4816
f 1565/1805/4817 1571/1810/4818 1569/1808/4819 1567/1806/4820
f 1570/1811/4821 1564/1804/4822 1566/1807/4823 1568/1809/4824
f 1608/1812/4825 1580/1813/4826 1605/1814/4827 1604/1815/4828
f 1613/1816/4829 1572/1817/4830 1610/1818/4831 1609/1819/4832
f 1611/1820/4833 1573/1821/4834 1615/1822/4835 1614/1823/4836
f 1616/1824/4837 1575/1825/4838 1619/1826/4839 1618/1827/4840
f 1620/1828/4841 1574/1829/4842 1623/1830/4843 1622/1831/4844
f 1628/1832/4845 1576/1833/4846 1612/1834/4847 1625/1835/4848
f 1626/1836/4849 1577/1837/4850 1617/1838/4851 1629/1839/4852
f 1630/1840/4853 1578/1841/4854 1621/1842/4855 1632/1843/4856
f 1633/1844/4857 1579/1845/4858 1624/1846/4859 1635/1847/4860
f 1641/1848/4861 1597/1849/4862 1638/1850/4863 1637/1851/4864
f 1645/1852/4865 1600/1853/4866 1643/1854/4867 1642/1855/4868
f 1649/1856/4869 1602/1857/4870 1647/1858/4871 1646/1859/4872
f 1639/1860/4873 1596/1861/4874 1651/1862/4875 1650/1863/4876
f 1656/1864/4877 1589/1865/4878 1654/1866/4879 1653/1867/4880
f 1659/1868/4881 1590/1869/4882 1658/1870/4883 1657/1871/4884
f 1662/1872/4885 1591/1873/4886 1661/1874/4887 1660/1875/4888
f 1655/1876/4889 1588/1877/4890 1664/1878/4891 1663/1879/4892
f 1668/1880/4893 1593/1881/4894 1666/1882/4895 1665/1883/4896
f 1668/1880/4897 1574/1829/4898 1619/1826/4899 1669/1884/4900
f 1674/1885/4901 1595/1886/4902 1673/1887/4903 1672/1888/4904
f 1667/1889/4905 1592/1890/4906 1676/1891/4907 1675/1892/4908
f 1679/1893/4909 1585/1894/4910 1636/1895/4911 1677/1896/4912
f 1682/1897/4913 1588/1877/4914 1654/1866/4915 1680/1898/4916
f 1684/1899/4917 1586/1900/4918 1634/1901/4919 1683/1902/4920
f 1681/1903/4921 1589/1865/4922 1658/1870/4923 1685/1904/4924
f 1688/1905/4925 1587/1906/4926 1631/1907/4927 1687/1908/4928
f 1686/1909/4929 1590/1869/4930 1661/1874/4931 1689/1910/4932
f 1678/1911/4933 1584/1912/4934 1627/1913/4935 1691/1914/4936
f 1690/1915/4937 1591/1873/4938 1664/1878/4939 1692/1916/4940
f 1605/1814/4941 1581/1917/4942 1606/1918/4943 1604/1815/4944
f 1606/1918/4945 1582/1919/4946 1607/1920/4947 1604/1815/4948
f 1607/1920/4949 1583/1921/4950 1608/1812/4951 1604/1815/4952
f 1610/1818/4953 1573/1821/4954 1611/1820/4955 1609/1819/4956
f 1611/1820/4957 1577/1922/4958 1612/1923/4959 1609/1819/4960
f 1612/1923/4961 1576/1924/4962 1613/1816/4963 1609/1819/4964
f 1615/1822/4965 1575/1825/4966 1616/1824/4967 1614/1823/4968
f 1616/1824/4969 1578/1925/4970 1617/1926/4971 1614/1823/4972
f 1617/1926/4973 1577/1922/4974 1611/1820/4975 1614/1823/4976
f 1619/1826/4977 1574/1829/4978 1620/1828/4979 1618/1827/4980
f 1620/1828/4981 1579/1927/4982 1621/1928/4983 1618/1827/4984
f 1621/1928/4985 1578/1925/4986 1616/1824/4987 1618/1827/4988
f 1623/1830/4989 1572/1817/4990 1613/1816/4991 1622/1831/4992
f 1613/1816/4993 1576/1924/4994 1624/1929/4995 1622/1831/4996
f 1624/1929/4997 1579/1927/4998 1620/1828/4999 1622/1831/5000
f 1612/1834/5001 1577/1837/5002 1626/1836/5003 1625/1835/5004
f 1626/1836/5005 1587/1906/5006 1627/1913/5007 1625/1835/5008
f 1627/1913/5009 1584/1912/5010 1628/1832/5011 1625/1835/5012
f 1617/1838/5013 1578/1841/5014 1630/1840/5015 1629/1839/5016
f 1630/1840/5017 1586/1900/5018 1631/1907/5019 1629/1839/5020
f 1631/1907/5021 1587/1906/5022 1626/1836/5023 1629/1839/5024
f 1621/1842/5025 1579/1845/5026 1633/1844/5027 1632/1843/5028
f 1633/1844/5029 1585/1894/5030 1634/1901/5031 1632/1843/5032
f 1634/1901/5033 1586/1900/5034 1630/1840/5035 1632/1843/5036
f 1624/1846/5037 1576/1833/5038 1628/1832/5039 1635/1847/5040
f 1628/1832/5041 1584/1912/5042 1636/1895/5043 1635/1847/5044
f 1636/1895/5045 1585/1894/5046 1633/1844/5047 1635/1847/5048
f 1638/1850/5049 1596/1861/5050 1639/1860/5051 1637/1851/5052
f 1639/1860/5053 1598/1930/5054 1640/1931/5055 1637/1851/5056
f 1640/1931/5057 1599/1932/5058 1641/1848/5059 1637/1851/5060
f 1643/1854/5061 1597/1849/5062 1641/1848/5063 1642/1855/5064
f 1641/1848/5065 1599/1932/5066 1644/1933/5067 1642/1855/5068
f 1644/1933/5069 1601/1934/5070 1645/1852/5071 1642/1855/5072
f 1647/1858/5073 1600/1853/5074 1645/1852/5075 1646/1859/5076
f 1645/1852/5077 1601/1934/5078 1648/1935/5079 1646/1859/5080
f 1648/1935/5081 1603/1936/5082 1649/1856/5083 1646/1859/5084
f 1651/1862/5085 1602/1857/5086 1649/1856/5087 1650/1863/5088
f 1649/1856/5089 1603/1936/5090 1652/1937/5091 1650/1863/5092
f 1652/1937/5093 1598/1930/5094 1639/1860/5095 1650/1863/5096
f 1654/1866/5097 1588/1877/5098 1655/1876/5099 1653/1867/5100
f 1655/1876/5101 1580/1813/5102 1608/1812/5103 1653/1867/5104
f 1608/1812/5105 1583/1921/5106 1656/1864/5107 1653/1867/5108
f 1658/1870/5109 1589/1865/5110 1656/1864/5111 1657/1871/5112
f 1656/1864/5113 1583/1921/5114 1607/1920/5115 1657/1871/5116
f 1607/1920/5117 1582/1919/5118 1659/1868/5119 1657/1871/5120
f 1661/1874/5121 1590/1869/5122 1659/1868/5123 1660/1875/5124
f 1659/1868/5125 1582/1919/5126 1606/1918/5127 1660/1875/5128
f 1606/1918/5129 1581/1917/5130 1662/1872/5131 1660/1875/5132
f 1664/1878/5133 1591/1873/5134 1662/1872/5135 1663/1879/5136
f 1662/1872/5137 1581/1917/5138 1605/1814/5139 1663/1879/5140
f 1605/1814/5141 1580/1813/5142 1655/1876/5143 1663/1879/5144
f 1666/1882/5145 1592/1890/5146 1667/1889/5147 1665/1883/5148
f 1667/1889/5149 1572/1817/5150 1623/1830/5151 1665/1883/5152
f 1623/1830/5153 1574/1829/5154 1668/1880/5155 1665/1883/5156
f 1619/1826/5157 1575/1825/5158 1670/1938/5159 1669/1884/5160
f 1670/1938/5161 1594/1939/5162 1671/1940/5163 1669/1884/5164
f 1671/1940/5165 1593/1881/5166 1668/1880/5167 1669/1884/5168
f 1673/1887/5169 1594/1939/5170 1670/1938/5171 1672/1888/5172
f 1670/1938/5173 1575/1825/5174 1615/1822/5175 1672/1888/5176
f 1615/1822/5177 1573/1821/5178 1674/1885/5179 1672/1888/5180
f 1676/1891/5181 1595/1886/5182 1674/1885/5183 1675/1892/5184
f 1674/1885/5185 1573/1821/5186 1610/1818/5187 1675/1892/5188
f 1610/1818/5189 1572/1817/5190 1667/1889/5191 1675/1892/5192
f 1636/1895/5193 1584/1912/5194 1678/1911/5195 1677/1896/5196
f 1678/1911/5197 1596/1941/5198 1638/1942/5199 1677/1896/5200
f 1638/1942/5201 1597/1943/5202 1679/1893/5203 1677/1896/5204
f 1654/1866/5205 1589/1865/5206 1681/1903/5207 1680/1898/5208
f 1681/1903/5209 1599/1944/5210 1640/1945/5211 1680/1898/5212
f 1640/1945/5213 1598/1946/5214 1682/1897/5215 1680/1898/5216
f 1634/1901/5217 1585/1894/5218 1679/1893/5219 1683/1902/5220
f 1679/1893/5221 1597/1943/5222 1643/1947/5223 1683/1902/5224
f 1643/1947/5225 1600/1948/5226 1684/1899/5227 1683/1902/5228
f 1658/1870/5229 1590/1869/5230 1686/1909/5231 1685/1904/5232
f 1686/1909/5233 1601/1949/5234 1644/1950/5235 1685/1904/5236
f 1644/1950/5237 1599/1944/5238 1681/1903/5239 1685/1904/5240
f 1631/1907/5241 1586/1900/5242 1684/1899/5243 1687/1908/5244
f 1684/1899/5245 1600/1948/5246 1647/1951/5247 1687/1908/5248
f 1647/1951/5249 1602/1952/5250 1688/1905/5251 1687/1908/5252
f 1661/1874/5253 1591/1873/5254 1690/1915/5255 1689/1910/5256
f 1690/1915/5257 1603/1953/5258 1648/1954/5259 1689/1910/5260
f 1648/1954/5261 1601/1949/5262 1686/1909/5263 1689/1910/5264
f 1627/1913/5265 1587/1906/5266 1688/1905/5267 1691/1914/5268
f 1688/1905/5269 1602/1952/5270 1651/1955/5271 1691/1914/5272
f 1651/1955/5273 1596/1941/5274 1678/1911/5275 1691/1914/5276
f 1664/1878/5277 1588/1877/5278 1682/1897/5279 1692/1916/5280
f 1682/1897/5281 1598/1946/5282 1652/1956/5283 1692/1916/5284
f 1652/1956/5285 1603/1953/5286 1690/1915/5287 1692/1916/5288
f 1729/1957/5289 1701/1958/5290 1726/1959/5291 1725/1960/5292
f 1734/1961/5293 1693/1962/5294 1731/1963/5295 1730/1964/5296
f 1732/1965/5297 1694/1966/5298 1736/1967/5299 1735/1968/5300
f 1737/1969/5301 1696/1970/5302 1740/1971/5303 1739/1972/5304
f 1741/1973/5305 1695/1974/5306 1744/1975/5307 1743/1976/5308
f 1749/1977/5309 1697/1978/5310 1733/1979/5311 1746/1980/5312
f 1747/1981/5313 1698/1982/5314 1738/1983/5315 1750/1984/5316
f 1751/1985/5317 1699/1986/5318 1742/1987/5319 1753/1988/5320
f 1754/1989/5321 1700/1990/5322 1745/1991/5323 1756/1992/5324
f 1762/1993/5325 1718/1994/5326 1759/1995/5327 1758/1996/5328
f 1766/1997/5329 1721/1998/5330 1764/1999/5331 1763/2000/5332
f 1770/2001/5333 1723/2002/5334 1768/2003/5335 1767/2004/5336
f 1760/2005/5337 1717/2006/5338 1772/2007/5339 1771/2008/5340
f 1777/2009/5341 1710/2010/5342 1775/2011/5343 1774/2012/5344
f 1780/2013/5345 1711/2014/5346 1779/2015/5347 1778/2016/5348
f 1783/2017/5349 1712/2018/5350 1782/2019/5351 1781/2020/5352
f 1776/2021/5353 1709/2022/5354 1785/2023/5355 1784/2024/5356
f 1789/2025/5357 1714/2026/5358 1787/2027/5359 1786/2028/5360
f 1789/2025/5361 1695/1974/5362 1740/1971/5363 1790/2029/5364
f 1795/2030/5365 1716/2031/5366 1794/2032/5367 1793/2033/5368
f 1788/2034/5369 1713/2035/5370 1797/2036/5371 1796/2037/5372
f 1800/2038/5373 1706/2039/5374 1757/2040/5375 1798/2041/5376
f 1803/2042/5377 1709/2022/5378 1775/2011/5379 1801/2043/5380
f 1805/2044/5381 1707/2045/5382 1755/2046/5383 1804/2047/5384
f 1802/2048/5385 1710/2010/5386 1779/2015/5387 1806/2049/5388
f 1809/2050/5389 1708/2051/5390 1752/2052/5391 1808/2053/5392
f 1807/2054/5393 1711/2014/5394 1782/2019/5395 1810/2055/5396
f 1799/2056/5397 1705/2057/5398 1748/2058/5399 1812/2059/5400
f 1811/2060/5401 1712/2018/5402 1785/2023/5403 1813/2061/5404
f 1726/1959/5405 1702/2062/5406 1727/2063/5407 1725/1960/5408
f 1727/2063/5409 1703/2064/5410 1728/2065/5411 1725/1960/5412
f 1728/2065/5413 1704/2066/5414 1729/1957/5415 1725/1960/5416
f 1731/1963/5417 1694/1966/5418 1732/1965/5419 1730/1964/5420
f 1732/1965/5421 1698/2067/5422 1733/2068/5423 1730/1964/5424
f 1733/2068/5425 1697/2069/5426 1734/1961/5427 1730/1964/5428
f 1736/1967/5429 1696/1970/5430 1737/1969/5431 1735/1968/5432
f 1737/1969/5433 1699/2070/5434 1738/2071/5435 1735/1968/5436
f 1738/2071/5437 1698/2067/5438 1732/1965/5439 1735/1968/5440
f 1740/1971/5441 1695/1974/5442 1741/1973/5443 1739/1972/5444
f 1741/1973/5445 1700/2072/5446 1742/2073/5447 1739/1972/5448
f 1742/2073/5449 1699/2070/5450 1737/1969/5451 1739/1972/5452
f 1744/1975/5453 1693/1962/5454 1734/1961/5455 1743/1976/5456
f 1734/1961/5457 1697/2069/5458 1745/2074/5459 1743/1976/5460
f 1745/2074/5461 1700/2072/5462 1741/1973/5463 1743/1976/5464
f 1733/1979/5465 1698/1982/5466 1747/1981/5467 1746/1980/5468
f 1747/1981/5469 1708/2051/5470 1748/2058/5471 1746/1980/5472
f 1748/2058/5473 1705/2057/5474 1749/1977/5475 1746/1980/5476
f 1738/1983/5477 1699/1986/5478 1751/1985/5479 1750/1984/5480
f 1751/1985/5481 1707/2045/5482 1752/2052/5483 1750/1984/5484
f 1752/2052/5485 1708/2051/5486 1747/1981/5487 1750/1984/5488
f 1742/1987/5489 1700/1990/5490 1754/1989/5491 1753/1988/5492
f 1754/1989/5493 1706/2039/5494 1755/2046/5495 1753/1988/5496
f 1755/2046/5497 1707/2045/5498 1751/1985/5499 1753/1988/5500
f 1745/1991/5501 1697/1978/5502 1749/1977/5503 1756/1992/5504
f 1749/1977/5505 1705/2057/5506 1757/2040/5507 1756/1992/5508
f 1757/2040/5509 1706/2039/5510 1754/1989/5511 1756/1992/5512
f 1759/1995/5513 1717/2006/5514 1760/2005/5515 1758/1996/5516
f 1760/2005/5517 1719/2075/5518 1761/2076/5519 1758/1996/5520
f 1761/2076/5521 1720/2077/5522 1762/1993/5523 1758/1996/5524
f 1764/1999/5525 1718/1994/5526 1762/1993/5527 1763/2000/5528
f 1762/1993/5529 1720/2077/5530 1765/2078/5531 1763/2000/5532
f 1765/2078/5533 1722/2079/5534 1766/1997/5535 1763/2000/5536
f 1768/2003/5537 1721/1998/5538 1766/1997/5539 1767/2004/5540
f 1766/1997/5541 1722/2079/5542 1769/2080/5543 1767/2004/5544
f 1769/2080/5545 1724/2081/5546 1770/2001/5547 1767/2004/5548
f 1772/2007/5549 1723/2002/5550 1770/2001/5551 1771/2008/5552
f 1770/2001/5553 1724/2081/5554 1773/2082/5555 1771/2008/5556
f 1773/2082/5557 1719/2075/5558 1760/2005/5559 1771/2008/5560
f 1775/2011/5561 1709/2022/5562 1776/2021/5563 1774/2012/5564
f 1776/2021/5565 1701/1958/5566 1729/1957/5567 1774/2012/5568
f 1729/1957/5569 1704/2066/5570 1777/2009/5571 1774/2012/5572
f 1779/2015/5573 1710/2010/5574 1777/2009/5575 1778/2016/5576
f 1777/2009/5577 1704/2066/5578 1728/2065/5579 1778/2016/5580
f 1728/2065/5581 1703/2064/5582 1780/2013/5583 1778/2016/5584
f 1782/2019/5585 1711/2014/5586 1780/2013/5587 1781/2020/5588
f 1780/2013/5589 1703/2064/5590 1727/2063/5591 1781/2020/5592
f 1727/2063/5593 1702/2062/5594 1783/2017/5595 1781/2020/5596
f 1785/2023/5597 1712/2018/5598 1783/2017/5599 1784/2024/5600
f 1783/2017/5601 1702/2062/5602 1726/1959/5603 1784/2024/5604
f 1726/1959/5605 1701/1958/5606 1776/2021/5607 1784/2024/5608
f 1787/2027/5609 1713/2035/5610 1788/2034/5611 1786/2028/5612
f 1788/2034/5613 1693/1962/5614 1744/1975/5615 1786/2028/5616
f 1744/1975/5617 1695/1974/5618 1789/2025/5619 1786/2028/5620
f 1740/1971/5621 1696/1970/5622 1791/2083/5623 1790/2029/5624
f 1791/2083/5625 1715/2084/5626 1792/2085/5627 1790/2029/5628
f 1792/2085/5629 1714/2026/5630 1789/2025/5631 1790/2029/5632
f 1794/2032/5633 1715/2084/5634 1791/2083/5635 1793/2033/5636
f 1791/2083/5637 1696/1970/5638 1736/1967/5639 1793/2033/5640
f 1736/1967/5641 1694/1966/5642 1795/2030/5643 1793/2033/5644
f 1797/2036/5645 1716/2031/5646 1795/2030/5647 1796/2037/5648
f 1795/2030/5649 1694/1966/5650 1731/1963/5651 1796/2037/5652
f 1731/1963/5653 1693/1962/5654 1788/2034/5655 1796/2037/5656
f 1757/2040/5657 1705/2057/5658 1799/2056/5659 1798/2041/5660
f 1799/2056/5661 1717/2086/5662 1759/2087/5663 1798/2041/5664
f 1759/2087/5665 1718/2088/5666 1800/2038/5667 1798/2041/5668
f 1775/2011/5669 1710/2010/5670 1802/2048/5671 1801/2043/5672
f 1802/2048/5673 1720/2089/5674 1761/2090/5675 1801/2043/5676
f 1761/2090/5677 1719/2091/5678 1803/2042/5679 1801/2043/5680
f 1755/2046/5681 1706/2039/5682 1800/2038/5683 1804/2047/5684
f 1800/2038/5685 1718/2088/5686 1764/2092/5687 1804/2047/5688
f 1764/2092/5689 1721/2093/5690 1805/2044/5691 1804/2047/5692
f 1779/2015/5693 1711/2014/5694 1807/2054/5695 1806/2049/5696
f 1807/2054/5697 1722/2094/5698 1765/2095/5699 1806/2049/5700
f 1765/2095/5701 1720/2089/5702 1802/2048/5703 1806/2049/5704
f 1752/2052/5705 1707/2045/5706 1805/2044/5707 1808/2053/5708
f 1805/2044/5709 1721/2093/5710 1768/2096/5711 1808/2053/5712
f 1768/2096/5713 1723/2097/5714 1809/2050/5715 1808/2053/5716
f 1782/2019/5717 1712/2018/5718 1811/2060/5719 1810/2055/5720
f 1811/2060/5721 1724/2098/5722 1769/2099/5723 1810/2055/5724
f 1769/2099/5725 1722/2094/5726 1807/2054/5727 1810/2055/5728
f 1748/2058/5729 1708/2051/5730 1809/2050/5731 1812/2059/5732
f 1809/2050/5733 1723/2097/5734 1772/2100/5735 1812/2059/5736
f 1772/2100/5737 1717/2086/5738 1799/2056/5739 1812/2059/5740
f 1785/2023/5741 1709/2022/5742 1803/2042/5743 1813/2061/5744
f 1803/2042/5745 1719/2091/5746 1773/2101/5747 1813/2061/5748
f 1773/2101/5749 1724/2098/5750 1811/2060/5751 1813/2061/5752
f 1826/2102/5753 1814/2103/5754 1823/2104/5755 1822/2105/5756
f 1830/2106/5757 1816/2107/5758 1825/2108/5759 1827/2109/5760
f 1834/2110/5761 1818/2111/5762 1829/2112/5763 1831/2113/5764
f 1837/2114/5765 1820/2115/5766 1833/2116/5767 1835/2117/5768
f 1824/2118/5769 1815/2119/5770 1836/2120/5771 1838/2121/5772
f 1834/2110/5773 1820/2115/5774 1837/2114/5775 1839/2122/5776
f 1823/2104/5777 1815/2119/5778 1824/2118/5779 1822/2105/5780
f 1824/2118/5781 1817/2123/5782 1825/2108/5783 1822/2105/5784
f 1825/2108/5785 1816/2107/5786 1826/2102/5787 1822/2105/5788
f 1825/2108/5789 1817/2123/5790 1828/2124/5791 1827/2109/5792
f 1828/2124/5793 1819/2125/5794 1829/2112/5795 1827/2109/5796
f 1829/2112/5797 1818/2111/5798 1830/2106/5799 1827/2109/5800
f 1829/2112/5801 1819/2125/5802 1832/2126/5803 1831/2113/5804
f 1832/2126/5805 1821/2127/5806 1833/2116/5807 1831/2113/5808
f 1833/2116/5809 1820/2115/5810 1834/2110/5811 1831/2113/5812
f 1833/2116/5813 1821/2127/5814 1836/2120/5815 1835/2117/5816
f 1836/2120/5817 1815/2119/5818 1823/2104/5819 1835/2117/5820
f 1823/2104/5821 1814/2103/5822 1837/2114/5823 1835/2117/5824
f 1836/2120/5825 1821/2127/5826 1832/2126/5827 1838/2121/5828
f 1832/2126/5829 1819/2125/5830 1828/2124/5831 1838/2121/5832
f 1828/2124/5833 1817/2123/5834 1824/2118/5835 1838/2121/5836
f 1837/2114/5837 1814/2103/5838 1826/2102/5839 1839/2122/5840
f 1826/2102/5841 1816/2107/5842 1830/2106/5843 1839/2122/5844
f 1830/2106/5845 1818/2111/5846 1834/2110/5847 1839/2122/5848
f 1852/2128/5849 1840/2129/5850 1849/2130/5851 1848/2131/5852
f 1856/2132/5853 1842/2133/5854 1851/2134/5855 1853/2135/5856
f 1860/2136/5857 1844/2137/5858 1855/2138/5859 1857/2139/5860
f 1863/2140/5861 1846/2141/5862 1859/2142/5863 1861/2143/5864
f 1850/2144/5865 1841/2145/5866 1862/2146/5867 1864/2147/5868
f 1860/2136/5869 1846/2141/5870 1863/2140/5871 1865/2148/5872
f 1849/2130/5873 1841/2145/5874 1850/2144/5875 1848/2131/5876
f 1850/2144/5877 1843/2149/5878 1851/2134/5879 1848/2131/5880
f 1851/2134/5881 1842/2133/5882 1852/2128/5883 1848/2131/5884
f 1851/2134/5885 1843/2149/5886 1854/2150/5887 1853/2135/5888
f 1854/2150/5889 1845/2151/5890 1855/2138/5891 1853/2135/5892
f 1855/2138/5893 1844/2137/5894 1856/2132/5895 1853/2135/5896
f 1855/2138/5897 1845/2151/5898 1858/2152/5899 1857/2139/5900
f 1858/2152/5901 1847/2153/5902 1859/2142/5903 1857/2139/5904
f 1859/2142/5905 1846/2141/5906 1860/2136/5907 1857/2139/5908
f 1859/2142/5909 1847/2153/5910 1862/2146/5911 1861/2143/5912
f 1862/2146/5913 1841/2145/5914 1849/2130/5915 1861/2143/5916
f 1849/2130/5917 1840/2129/5918 1863/2140/5919 1861/2143/5920
f 1862/2146/5921 1847/2153/5922 1858/2152/5923 1864/2147/5924
f 1858/2152/5925 1845/2151/5926 1854/2150/5927 1864/2147/5928
f 1854/2150/5929 1843/2149/5930 1850/2144/5931 1864/2147/5932
f 1863/2140/5933 1840/2129/5934 1852/2128/5935 1865/2148/5936
f 1852/2128/5937 1842/2133/5938 1856/2132/5939 1865/2148/5940
f 1856/2132/5941 1844/2137/5942 1860/2136/5943 1865/2148/5944
s 168
f 2062/2154/5945 1866/2155/5946 2059/2156/5947 2058/2157/5948
s 169
f 2067/2158/5949 1907/2159/5950 2064/2160/5951 2063/2161/5952
s off
f 2072/2162/5953 1867/2163/5954 2069/2164/5955 2068/2165/5956
f 2067/2158/5957 1872/2166/5958 2074/2167/5959 2073/2168/5960
f 2081/2169/5961 1868/2170/5962 2078/2171/5963 2077/2172/5964
f 2086/2173/5965 1869/2174/5966 2083/2175/5967 2082/2176/5968
f 2091/2177/5969 1933/2178/5970 2088/2179/5971 2087/2180/5972
f 2090/2181/5973 1870/2182/5974 2093/2183/5975 2092/2184/5976
f 2098/2185/5977 1874/2186/5978 2080/2187/5979 2095/2188/5980
f 2102/2189/5981 1875/2190/5982 2085/2191/5983 2099/2192/5984
s 170
f 2106/2193/5985 1932/2194/5986 2104/2195/5987 2103/2196/5988
s off
f 2105/2197/5989 1877/2198/5990 2094/2199/5991 2107/2200/5992
usemtl lambert11SG
f 2113/2201/5993 1878/2202/5994 2110/2203/5995 2109/2204/5996
f 2118/2205/5997 1879/2206/5998 2115/2207/5999 2114/2208/6000
s 171
f 2123/2209/6001 1927/2210/6002 2120/2211/6003 2119/2212/6004
s off
f 2122/2213/6005 1881/2214/6006 2125/2215/6007 2124/2216/6008
f 2130/2217/6009 1882/2218/6010 2112/2219/6011 2127/2220/6012
f 2134/2221/6013 1883/2222/6014 2117/2223/6015 2131/2224/6016
s 172
f 2138/2225/6017 1971/2226/6018 2136/2227/6019 2135/2228/6020
s off
f 2138/2225/6021 1885/2229/6022 2126/2230/6023 2139/2231/6024
s 173
usemtl lambert10SG
f 2144/2232/6025 1891/2233/6026 2108/2234/6027 2141/2235/6028
s 174
f 2147/2236/6029 1931/2237/6030 2146/2238/6031 2145/2239/6032
s 175
f 2151/2240/6033 1893/2241/6034 2101/2242/6035 2148/2243/6036
s 176
f 2142/2244/6037 1890/2245/6038 2097/2246/6039 2152/2247/6040
s 177
f 2158/2248/6041 1895/2249/6042 2143/2250/6043 2155/2251/6044
s 178
f 2158/2248/6045 2051/2252/6046 2160/2253/6047 2159/2254/6048
s 179
f 2165/2255/6049 1897/2256/6050 2150/2257/6051 2162/2258/6052
s 180
f 2156/2259/6053 1894/2260/6054 2154/2261/6055 2166/2262/6056
s 181
f 2173/2263/6057 1899/2264/6058 2170/2265/6059 2169/2266/6060
s 182
f 2177/2267/6061 1929/2268/6062 2175/2269/6063 2174/2270/6064
s 183
f 2182/2271/6065 1901/2272/6066 2179/2273/6067 2178/2274/6068
s 184
f 2171/2275/6069 1898/2276/6070 2184/2277/6071 2183/2278/6072
s 185
f 2189/2279/6073 1903/2280/6074 2172/2281/6075 2187/2282/6076
s 186
f 2121/2283/6077 1928/2284/6078 2191/2285/6079 2190/2286/6080
s 187
f 2194/2287/6081 1905/2288/6082 2181/2289/6083 2192/2290/6084
s 188
f 2188/2291/6085 1902/2292/6086 2186/2293/6087 2195/2294/6088
s 189
f 2200/2295/6089 1910/2296/6090 2198/2297/6091 2197/2298/6092
s off
f 2200/2295/6093 1870/2182/6094 2089/2299/6095 2201/2300/6096
s 190
f 2207/2301/6097 1912/2302/6098 2205/2303/6099 2204/2304/6100
s 191
f 2210/2305/6101 1907/2159/6102 2076/2306/6103 2208/2307/6104
s 192
f 2213/2308/6105 1909/2309/6106 2071/2310/6107 2211/2311/6108
s 193
f 2210/2305/6109 1910/2296/6110 2203/2312/6111 2214/2313/6112
s 194
f 2219/2314/6113 1994/2315/6114 2217/2316/6115 2216/2317/6116
s 195
f 2224/2318/6117 1940/2319/6118 2221/2320/6119 2220/2321/6120
s 196
f 2227/2322/6121 1939/2323/6122 2226/2324/6123 2225/2325/6124
s 197
f 2230/2326/6125 1938/2327/6126 2229/2328/6127 2228/2329/6128
s 198
f 2233/2330/6129 1961/2331/6130 2232/2332/6131 2231/2333/6132
s 199
f 2165/2255/6133 2055/2334/6134 2235/2335/6135 2234/2336/6136
s 200
f 2240/2337/6137 1959/2338/6138 2238/2339/6139 2237/2340/6140
s 201
f 2243/2341/6141 1958/2342/6142 2242/2343/6143 2241/2344/6144
s 202
usemtl lambert11SG
f 2246/2345/6145 1957/2346/6146 2245/2347/6147 2244/2348/6148
s 203
f 2134/2221/6149 1975/2349/6150 2248/2350/6151 2247/2351/6152
s off
f 2132/2352/6153 1884/2353/6154 2251/2354/6155 2250/2355/6156
f 2116/2356/6157 1880/2357/6158 2255/2358/6159 2254/2359/6160
s 204
usemtl lambert10SG
f 2193/2360/6161 1904/2361/6162 2258/2362/6163 2257/2363/6164
s 205
f 2180/2364/6165 1900/2365/6166 2261/2366/6167 2260/2367/6168
s 206
f 2163/2368/6169 1896/2369/6170 2264/2370/6171 2263/2371/6172
s 207
f 2149/2372/6173 1892/2373/6174 2268/2374/6175 2267/2375/6176
s off
f 2100/2376/6177 1876/2377/6178 2271/2378/6179 2270/2379/6180
f 2084/2380/6181 1871/2381/6182 2274/2382/6183 2273/2383/6184
s 208
f 2278/2384/6185 1946/2385/6186 2277/2386/6187 2276/2387/6188
s 209
f 2281/2388/6189 1945/2389/6190 2280/2390/6191 2279/2391/6192
s 210
f 2284/2392/6193 1944/2393/6194 2283/2394/6195 2282/2395/6196
s 211
f 2287/2396/6197 1919/2397/6198 2096/2398/6199 2285/2399/6200
s 212
f 2286/2400/6201 1918/2401/6202 2079/2402/6203 2288/2403/6204
s 213
f 2289/2404/6205 1917/2405/6206 2291/2406/6207 2290/2407/6208
s 214
f 2292/2408/6209 1916/2409/6210 2294/2410/6211 2293/2411/6212
s 215
f 2295/2412/6213 1915/2413/6214 2060/2414/6215 2297/2415/6216
s 216
f 2302/2416/6217 1937/2417/6218 2065/2418/6219 2300/2419/6220
s 217
f 2301/2420/6221 1936/2421/6222 2215/2422/6223 2303/2423/6224
s 218
f 2304/2424/6225 1935/2425/6226 2202/2426/6227 2305/2427/6228
s 219
f 2309/2428/6229 1949/2429/6230 2272/2430/6231 2307/2431/6232
s 220
f 2311/2432/6233 1950/2433/6234 2269/2434/6235 2310/2435/6236
s 221
f 2161/2436/6237 2052/2437/6238 2313/2438/6239 2312/2439/6240
s 222
f 2316/2440/6241 1952/2441/6242 2262/2442/6243 2314/2443/6244
s 223
f 2318/2444/6245 1953/2445/6246 2259/2446/6247 2317/2447/6248
s 224
usemtl lambert11SG
f 2320/2448/6249 1954/2449/6250 2256/2450/6251 2319/2451/6252
s 225
f 2137/2452/6253 1972/2453/6254 2322/2454/6255 2321/2455/6256
s 226
f 2249/2456/6257 1976/2457/6258 2324/2458/6259 2323/2459/6260
s 227
f 2325/2460/6261 1924/2461/6262 2111/2462/6263 2326/2463/6264
s 228
usemtl lambert10SG
f 2327/2464/6265 1923/2465/6266 2196/2466/6267 2328/2467/6268
s 229
f 2236/2468/6269 2056/2469/6270 2331/2470/6271 2330/2471/6272
s 230
usemtl lambert11SG
f 2337/2472/6273 2007/2473/6274 2334/2474/6275 2333/2475/6276
s 231
f 2341/2476/6277 1926/2477/6278 2339/2478/6279 2338/2479/6280
s 232
f 2345/2480/6281 1955/2481/6282 2343/2482/6283 2342/2483/6284
s 233
f 2349/2484/6285 2012/2485/6286 2347/2486/6287 2346/2487/6288
s 234
f 2353/2488/6289 2011/2489/6290 2351/2490/6291 2350/2491/6292
s 235
f 2358/2492/6293 1925/2493/6294 2355/2494/6295 2354/2495/6296
s 236
f 2362/2496/6297 1971/2226/6298 2140/2497/6299 2359/2498/6300
s 237
f 2362/2496/6301 1963/2499/6302 2364/2500/6303 2363/2501/6304
s 238
f 2365/2502/6305 1964/2503/6306 2367/2504/6307 2366/2505/6308
s 239
f 2371/2506/6309 1974/2507/6310 2253/2508/6311 2369/2509/6312
s 240
f 2374/2510/6313 1975/2349/6314 2133/2511/6315 2372/2512/6316
s 241
f 2374/2510/6317 1967/2513/6318 2376/2514/6319 2375/2515/6320
s 242
f 2360/2516/6321 1970/2517/6322 2129/2518/6323 2378/2519/6324
s off
usemtl lambert10SG
f 2383/2520/6325 1922/2521/6326 2185/2522/6327 2381/2523/6328
f 2382/2524/6329 1921/2525/6330 2385/2526/6331 2384/2527/6332
f 2386/2528/6333 1960/2529/6334 2238/2339/6335 2388/2530/6336
f 2389/2531/6337 1959/2338/6338 2329/2532/6339 2390/2533/6340
s 243
usemtl lambert11SG
f 2394/2534/6341 1979/2535/6342 2392/2536/6343 2391/2537/6344
s 244
f 2394/2534/6345 1963/2499/6346 2361/2538/6347 2395/2539/6348
s 245
f 2396/2540/6349 1962/2541/6350 2380/2542/6351 2398/2543/6352
s 246
f 2403/2544/6353 1982/2545/6354 2402/2546/6355 2401/2547/6356
s 247
f 2406/2548/6357 1983/2549/6358 2405/2550/6359 2404/2551/6360
s 248
f 2406/2548/6361 1967/2513/6362 2373/2552/6363 2407/2553/6364
s 249
f 2408/2554/6365 1966/2555/6366 2370/2556/6367 2410/2557/6368
s 250
f 2393/2558/6369 1978/2559/6370 2414/2560/6371 2413/2561/6372
s 251
f 2418/2562/6373 1987/2563/6374 2416/2564/6375 2415/2565/6376
s 252
f 2418/2562/6377 1979/2535/6378 2397/2566/6379 2419/2567/6380
s 253
f 2420/2568/6381 1980/2569/6382 2400/2570/6383 2422/2571/6384
s 254
f 2428/2572/6385 1991/2573/6386 2426/2574/6387 2425/2575/6388
s 255
f 2428/2572/6389 1983/2549/6390 2409/2576/6391 2429/2577/6392
s 256
f 2430/2578/6393 1984/2579/6394 2412/2580/6395 2432/2581/6396
s 257
f 2417/2582/6397 1986/2583/6398 2436/2584/6399 2435/2585/6400
s off
usemtl lambert10SG
f 2439/2586/6401 1920/2587/6402 2153/2588/6403 2437/2589/6404
f 2438/2590/6405 1919/2397/6406 2287/2396/6407 2440/2591/6408
f 2441/2592/6409 1938/2327/6410 2232/2332/6411 2443/2593/6412
f 2444/2594/6413 1961/2331/6414 2332/2595/6415 2445/2596/6416
s 258
f 2209/2597/6417 1906/2598/6418 2447/2599/6419 2446/2600/6420
s 259
f 2078/2171/6421 1868/2170/6422 2451/2601/6423 2450/2602/6424
s 260
f 2456/2603/6425 1942/2604/6426 2299/2605/6427 2453/2606/6428
s 261
usemtl lambert11SG
f 2460/2607/6429 1999/2608/6430 2458/2609/6431 2457/2610/6432
s 262
f 2460/2607/6433 1987/2563/6434 2421/2611/6435 2461/2612/6436
s 263
f 2467/2613/6437 2002/2614/6438 2465/2615/6439 2464/2616/6440
s 264
f 2471/2617/6441 1991/2573/6442 2431/2618/6443 2468/2619/6444
s 265
f 2469/2620/6445 1992/2621/6446 2434/2622/6447 2472/2623/6448
s 266
f 2477/2624/6449 2007/2473/6450 2340/2625/6451 2475/2626/6452
s 267
f 2477/2624/6453 1999/2608/6454 2463/2627/6455 2478/2628/6456
s 268
f 2482/2629/6457 2010/2630/6458 2356/2631/6459 2480/2632/6460
s 269
f 2485/2633/6461 2003/2634/6462 2470/2635/6463 2483/2636/6464
s 270
f 2484/2637/6465 2004/2638/6466 2474/2639/6467 2486/2640/6468
s 271
f 2476/2641/6469 2006/2642/6470 2344/2643/6471 2488/2644/6472
s 272
f 2479/2645/6473 2000/2646/6474 2491/2647/6475 2490/2648/6476
s 273
f 2485/2633/6477 2011/2489/6478 2495/2649/6479 2494/2650/6480
s off
usemtl lambert10SG
f 2501/2651/6481 1997/2652/6482 2061/2653/6483 2498/2654/6484
f 2499/2655/6485 1915/2413/6486 2294/2410/6487 2502/2656/6488
f 2503/2657/6489 1916/2409/6490 2452/2658/6491 2504/2659/6492
f 2505/2660/6493 1996/2661/6494 2448/2662/6495 2507/2663/6496
f 2511/2664/6497 1994/2315/6498 2222/2665/6499 2508/2666/6500
f 2509/2667/6501 1941/2668/6502 2296/2669/6503 2512/2670/6504
f 2513/2671/6505 1942/2604/6506 2456/2603/6507 2514/2672/6508
f 2515/2673/6509 1995/2674/6510 2217/2316/6511 2517/2675/6512
f 2308/2676/6513 1948/2677/6514 2275/2678/6515 2518/2679/6516
s 274
usemtl lambert11SG
f 2489/2680/6517 2005/2681/6518 2473/2682/6519 2519/2683/6520
s 275
usemtl lambert10SG
f 2199/2684/6521 1911/2685/6522 2449/2686/6523 2520/2687/6524
s 276
f 2218/2688/6525 1995/2674/6526 2455/2689/6527 2521/2690/6528
s 168
f 2075/2691/6529 1866/2155/5946 2062/2154/5945 2522/2692/6530
s 277
f 2207/2301/6531 1869/2174/6532 2223/2693/6533 2523/2694/6534
s 278
usemtl lambert11SG
f 2525/2695/6535 1956/2696/6536 2357/2697/6537 2524/2698/6538
s 279
f 2335/2699/6539 2008/2700/6540 2493/2701/6541 2526/2702/6542
s 280
f 2462/2703/6543 1988/2704/6544 2424/2705/6545 2528/2706/6546
s 281
f 2471/2617/6547 2003/2634/6548 2497/2707/6549 2529/2708/6550
s off
usemtl lambert10SG
f 2533/2709/6551 2026/2710/6552 2531/2711/6553 2530/2712/6554
s 282
f 2176/2713/6555 1930/2714/6556 2535/2715/6557 2534/2716/6558
s 283
f 2315/2717/6559 1951/2718/6560 2538/2719/6561 2537/2720/6562
s off
f 2542/2721/6563 2031/2722/6564 2541/2723/6565 2540/2724/6566
f 2545/2725/6567 2030/2726/6568 2544/2727/6569 2543/2728/6570
s 284
f 2239/2729/6571 1960/2529/6572 2547/2730/6573 2546/2731/6574
s 285
f 2385/2526/6575 1921/2525/6576 2550/2732/6577 2549/2733/6578
s off
f 2532/2734/6579 2027/2735/6580 2553/2736/6581 2552/2737/6582
f 2558/2738/6583 2035/2739/6584 2555/2740/6585 2554/2741/6586
f 2556/2742/6587 2034/2743/6588 2560/2744/6589 2559/2745/6590
s 286
f 2566/2746/6591 2040/2747/6592 2564/2748/6593 2563/2749/6594
s off
f 2570/2750/6595 2042/2751/6596 2568/2752/6597 2567/2753/6598
f 2570/2750/6599 2043/2754/6600 2572/2755/6601 2571/2756/6602
f 2573/2757/6603 2044/2758/6604 2576/2759/6605 2575/2760/6606
s 287
f 2582/2761/6607 2048/2762/6608 2580/2763/6609 2579/2764/6610
s off
f 2558/2738/6611 2037/2765/6612 2584/2766/6613 2583/2767/6614
f 2589/2768/6615 2019/2769/6616 2587/2770/6617 2586/2771/6618
f 2592/2772/6619 2027/2773/6620 2531/2774/6621 2590/2775/6622
f 2588/2776/6623 2018/2777/6624 2594/2778/6625 2593/2779/6626
f 2597/2780/6627 2028/2781/6628 2553/2782/6629 2596/2783/6630
f 2599/2784/6631 2029/2785/6632 2551/2786/6633 2598/2787/6634
f 2595/2788/6635 2025/2789/6636 2601/2790/6637 2600/2791/6638
f 2604/2792/6639 2030/2793/6640 2548/2794/6641 2603/2795/6642
f 2602/2796/6643 2024/2797/6644 2606/2798/6645 2605/2799/6646
f 2607/2800/6647 2023/2801/6648 2609/2802/6649 2608/2803/6650
f 2612/2804/6651 2031/2805/6652 2544/2806/6653 2611/2807/6654
f 2610/2808/6655 2022/2809/6656 2614/2810/6657 2613/2811/6658
f 2617/2812/6659 2032/2813/6660 2541/2814/6661 2616/2815/6662
f 2619/2816/6663 2033/2817/6664 2539/2818/6665 2618/2819/6666
f 2615/2820/6667 2021/2821/6668 2621/2822/6669 2620/2823/6670
f 2591/2824/6671 2026/2825/6672 2536/2826/6673 2623/2827/6674
f 2622/2828/6675 2020/2829/6676 2625/2830/6677 2624/2831/6678
s 288
f 2628/2832/6679 2051/2252/6680 2157/2833/6681 2626/2834/6682
s off
f 2628/2832/6683 2019/2835/6684 2625/2836/6685 2629/2837/6686
s 289
f 2630/2838/6687 2020/2839/6688 2621/2840/6689 2631/2841/6690
s 290
f 2634/2842/6691 2054/2843/6692 2266/2844/6693 2633/2845/6694
s 291
f 2636/2846/6695 2055/2334/6696 2164/2847/6697 2635/2848/6698
s off
f 2636/2846/6699 2023/2849/6700 2606/2850/6701 2637/2851/6702
s 292
f 2638/2852/6703 2024/2853/6704 2601/2854/6705 2639/2855/6706
s 293
f 2627/2856/6707 2050/2857/6708 2168/2858/6709 2641/2859/6710
s 294
f 2059/2156/6711 1914/2860/6712 2060/2414/6713 2058/2157/6714
s 215
f 2060/2414/6215 1915/2413/6214 2061/2653/6715 2058/2157/6716
s 295
f 2061/2653/6717 1997/2652/6718 2062/2154/6719 2058/2157/6720
s 217
f 2064/2160/6721 1936/2421/6222 2065/2418/6722 2063/2161/6723
s 216
f 2065/2418/6219 1937/2417/6218 2066/2861/6724 2063/2161/6725
s off
f 2066/2861/6726 1872/2166/6727 2067/2158/6728 2063/2161/6729
f 2069/2164/6730 1873/2862/6731 2070/2863/6732 2068/2165/6733
s 296
f 2070/2863/6734 1908/2864/6735 2071/2310/6736 2068/2165/6737
s 192
f 2071/2310/6107 1909/2309/6106 2072/2162/6738 2068/2165/6739
s off
f 2074/2167/6740 1866/2155/6741 2075/2691/6742 2073/2168/6743
s 297
f 2075/2691/6744 1906/2598/6745 2076/2306/6746 2073/2168/6747
s 191
f 2076/2306/6103 1907/2159/6102 2067/2158/6748 2073/2168/6749
s 298
f 2078/2171/6750 1917/2405/6751 2079/2402/6752 2077/2172/6753
s 212
f 2079/2402/6203 1918/2401/6202 2080/2865/6754 2077/2172/6755
s off
f 2080/2865/6756 1874/2866/6757 2081/2169/6758 2077/2172/6759
f 2083/2175/6760 1871/2381/6761 2084/2380/6762 2082/2176/6763
f 2084/2380/6764 1876/2867/6765 2085/2868/6766 2082/2176/6767
f 2085/2868/6768 1875/2869/6769 2086/2173/6770 2082/2176/6771
f 2088/2179/6772 1934/2870/6773 2089/2299/6774 2087/2180/6775
f 2089/2299/6776 1870/2182/6777 2090/2181/6778 2087/2180/6779
f 2090/2181/6780 1877/2871/6781 2091/2177/6782 2087/2180/6783
f 2093/2183/6784 1868/2170/6785 2081/2169/6786 2092/2184/6787
f 2081/2169/6788 1874/2866/6789 2094/2872/6790 2092/2184/6791
f 2094/2872/6792 1877/2871/6793 2090/2181/6794 2092/2184/6795
s 299
f 2080/2187/6796 1918/2873/6797 2096/2398/6798 2095/2188/6799
s 211
f 2096/2398/6199 1919/2397/6198 2097/2246/6800 2095/2188/6801
s 176
f 2097/2246/6039 1890/2245/6038 2098/2185/6802 2095/2188/6803
s off
f 2085/2191/6804 1876/2377/6805 2100/2376/6806 2099/2192/6807
s 300
f 2100/2376/6808 1892/2373/6809 2101/2242/6810 2099/2192/6811
s 175
f 2101/2242/6035 1893/2241/6034 2102/2189/6812 2099/2192/6813
s 301
f 2104/2195/6814 1933/2874/6815 2091/2875/6816 2103/2196/6817
s off
f 2091/2875/6818 1877/2198/6819 2105/2197/6820 2103/2196/6821
s 302
f 2105/2197/6822 1891/2233/6823 2106/2193/6824 2103/2196/6825
s off
f 2094/2199/6826 1874/2186/6827 2098/2185/6828 2107/2200/6829
s 303
f 2098/2185/6830 1890/2245/6831 2108/2234/6832 2107/2200/6833
s 173
f 2108/2234/6027 1891/2233/6026 2105/2197/6834 2107/2200/6835
s 304
usemtl lambert11SG
f 2110/2203/6836 1923/2876/6837 2111/2462/6838 2109/2204/6839
s 227
f 2111/2462/6263 1924/2461/6262 2112/2219/6840 2109/2204/6841
s off
f 2112/2219/6842 1882/2218/6843 2113/2201/6844 2109/2204/6845
f 2115/2207/6846 1880/2357/6847 2116/2356/6848 2114/2208/6849
f 2116/2356/6850 1884/2353/6851 2117/2223/6852 2114/2208/6853
f 2117/2223/6854 1883/2222/6855 2118/2205/6856 2114/2208/6857
s 305
f 2120/2211/6858 1928/2877/6859 2121/2878/6860 2119/2212/6861
s off
f 2121/2878/6862 1881/2214/6863 2122/2213/6864 2119/2212/6865
f 2122/2213/6866 1885/2229/6867 2123/2209/6868 2119/2212/6869
f 2125/2215/6870 1878/2202/6871 2113/2201/6872 2124/2216/6873
f 2113/2201/6874 1882/2218/6875 2126/2230/6876 2124/2216/6877
f 2126/2230/6878 1885/2229/6879 2122/2213/6880 2124/2216/6881
s 306
f 2112/2219/6882 1924/2461/6883 2128/2879/6884 2127/2220/6885
s 307
f 2128/2879/6886 1977/2880/6887 2129/2518/6888 2127/2220/6889
s 242
f 2129/2518/6323 1970/2517/6322 2130/2217/6890 2127/2220/6891
s off
f 2117/2223/6892 1884/2353/6893 2132/2352/6894 2131/2224/6895
s 308
f 2132/2352/6896 1974/2507/6897 2133/2511/6898 2131/2224/6899
s 240
f 2133/2511/6315 1975/2349/6314 2134/2221/6900 2131/2224/6901
s 225
f 2136/2227/6902 1972/2453/6254 2137/2452/6253 2135/2228/6903
s 309
f 2137/2452/6904 1927/2210/6905 2123/2209/6906 2135/2228/6907
s off
f 2123/2209/6908 1885/2229/6909 2138/2225/6910 2135/2228/6911
f 2126/2230/6912 1882/2218/6913 2130/2217/6914 2139/2231/6915
s 310
f 2130/2217/6916 1970/2517/6917 2140/2497/6918 2139/2231/6919
s 236
f 2140/2497/6299 1971/2226/6298 2138/2225/6920 2139/2231/6921
s 303
usemtl lambert10SG
f 2108/2234/6832 1890/2245/6831 2142/2244/6922 2141/2235/6923
s 311
f 2142/2244/6924 1894/2260/6925 2143/2250/6926 2141/2235/6927
s 177
f 2143/2250/6043 1895/2249/6042 2144/2232/6928 2141/2235/6929
s 170
f 2146/2238/6930 1932/2194/5986 2106/2193/5985 2145/2239/6931
s 302
f 2106/2193/6824 1891/2233/6823 2144/2232/6932 2145/2239/6933
s 312
f 2144/2232/6934 1895/2249/6935 2147/2236/6936 2145/2239/6937
s 300
f 2101/2242/6810 1892/2373/6809 2149/2372/6938 2148/2243/6939
s 313
f 2149/2372/6940 1896/2369/6941 2150/2257/6942 2148/2243/6943
s 179
f 2150/2257/6051 1897/2256/6050 2151/2240/6944 2148/2243/6945
s 211
f 2097/2246/6800 1919/2397/6198 2153/2588/6946 2152/2247/6947
s 314
f 2153/2588/6948 1920/2587/6949 2154/2261/6950 2152/2247/6951
s 180
f 2154/2261/6055 1894/2260/6054 2142/2244/6952 2152/2247/6953
s 311
f 2143/2250/6926 1894/2260/6925 2156/2259/6954 2155/2251/6955
s 315
f 2156/2259/6956 2050/2857/6957 2157/2833/6958 2155/2251/6959
s 288
f 2157/2833/6681 2051/2252/6680 2158/2248/6960 2155/2251/6961
s 221
f 2160/2253/6962 2052/2437/6238 2161/2436/6237 2159/2254/6963
s 174
f 2161/2436/6964 1931/2237/6030 2147/2236/6029 2159/2254/6965
s 312
f 2147/2236/6936 1895/2249/6935 2158/2248/6966 2159/2254/6967
s 313
f 2150/2257/6942 1896/2369/6941 2163/2368/6968 2162/2258/6969
s 316
f 2163/2368/6970 2054/2843/6971 2164/2847/6972 2162/2258/6973
s 291
f 2164/2847/6697 2055/2334/6696 2165/2255/6974 2162/2258/6975
s 314
f 2154/2261/6950 1920/2587/6949 2167/2881/6976 2166/2262/6977
s 317
f 2167/2881/6978 2057/2882/6979 2168/2858/6980 2166/2262/6981
s 293
f 2168/2858/6709 2050/2857/6708 2156/2259/6982 2166/2262/6983
s 318
f 2170/2265/6984 1898/2276/6985 2171/2275/6986 2169/2266/6987
s 319
f 2171/2275/6988 1902/2292/6989 2172/2281/6990 2169/2266/6991
s 185
f 2172/2281/6075 1903/2280/6074 2173/2263/6992 2169/2266/6993
s 282
f 2175/2269/6994 1930/2714/6556 2176/2713/6555 2174/2270/6995
s 320
f 2176/2713/6996 1899/2264/6997 2173/2263/6998 2174/2270/6999
s 321
f 2173/2263/7000 1903/2280/7001 2177/2267/7002 2174/2270/7003
s 322
f 2179/2273/7004 1900/2365/7005 2180/2364/7006 2178/2274/7007
s 323
f 2180/2364/7008 1904/2361/7009 2181/2289/7010 2178/2274/7011
s 187
f 2181/2289/6083 1905/2288/6082 2182/2271/7012 2178/2274/7013
s 285
f 2184/2277/7014 1921/2525/6576 2185/2522/7015 2183/2278/7016
s 324
f 2185/2522/7017 1922/2521/7018 2186/2293/7019 2183/2278/7020
s 188
f 2186/2293/6087 1902/2292/6086 2171/2275/7021 2183/2278/7022
s 319
f 2172/2281/6990 1902/2292/6989 2188/2291/7023 2187/2282/7024
s off
f 2188/2291/7025 1878/2883/7026 2125/2884/7027 2187/2282/7028
f 2125/2884/7029 1881/2885/7030 2189/2279/7031 2187/2282/7032
s 182
f 2191/2285/7033 1929/2268/6062 2177/2267/6061 2190/2286/7034
s 321
f 2177/2267/7002 1903/2280/7001 2189/2279/7035 2190/2286/7036
s off
f 2189/2279/7037 1881/2885/7038 2121/2283/7039 2190/2286/7040
s 323
f 2181/2289/7010 1904/2361/7009 2193/2360/7041 2192/2290/7042
s off
f 2193/2360/7043 1880/2886/7044 2115/2887/7045 2192/2290/7046
f 2115/2887/7047 1879/2888/7048 2194/2287/7049 2192/2290/7050
s 324
f 2186/2293/7019 1922/2521/7018 2196/2466/7051 2195/2294/7052
s 228
f 2196/2466/6267 1923/2465/6266 2110/2889/7053 2195/2294/7054
s off
f 2110/2889/7055 1878/2883/7056 2188/2291/7057 2195/2294/7058
s 325
f 2198/2297/7059 1911/2685/7060 2199/2684/7061 2197/2298/7062
s off
f 2199/2684/7063 1868/2170/7064 2093/2183/7065 2197/2298/7066
f 2093/2183/7067 1870/2182/7068 2200/2295/7069 2197/2298/7070
s 326
f 2089/2299/7071 1934/2870/7072 2202/2426/7073 2201/2300/7074
s 218
f 2202/2426/6227 1935/2425/6226 2203/2312/7075 2201/2300/7076
s 193
f 2203/2312/6111 1910/2296/6110 2200/2295/7077 2201/2300/7078
s 327
f 2205/2303/7079 1913/2890/7080 2206/2891/7081 2204/2304/7082
s off
f 2206/2891/7083 1871/2381/7084 2083/2175/7085 2204/2304/7086
f 2083/2175/7087 1869/2174/7088 2207/2301/7089 2204/2304/7090
s 297
f 2076/2306/6746 1906/2598/6745 2209/2597/7091 2208/2307/7092
s 325
f 2209/2597/7093 1911/2685/7060 2198/2297/7059 2208/2307/7094
s 189
f 2198/2297/6091 1910/2296/6090 2210/2305/7095 2208/2307/7096
s 296
f 2071/2310/6736 1908/2864/6735 2212/2892/7097 2211/2311/7098
s 327
f 2212/2892/7099 1913/2890/7080 2205/2303/7079 2211/2311/7100
s 190
f 2205/2303/6099 1912/2302/6098 2213/2308/7101 2211/2311/7102
s 218
f 2203/2312/7075 1935/2425/6226 2215/2422/7103 2214/2313/7104
s 217
f 2215/2422/6223 1936/2421/6222 2064/2160/6721 2214/2313/7105
s 169
f 2064/2160/5951 1907/2159/5950 2210/2305/7106 2214/2313/7107
s 276
f 2217/2316/7108 1995/2674/6526 2218/2688/6525 2216/2317/7109
s 328
f 2218/2688/7110 1909/2309/7111 2213/2308/7112 2216/2317/7113
s 329
f 2213/2308/7114 1912/2302/7115 2219/2314/7116 2216/2317/7117
s 330
f 2221/2320/7118 1941/2668/7119 2222/2665/7120 2220/2321/7121
s 194
f 2222/2665/7122 1994/2315/6114 2223/2693/7123 2220/2321/7124
s 277
f 2223/2693/6533 1869/2174/6532 2224/2318/7125 2220/2321/7126
s 331
f 2226/2324/7127 1940/2319/7128 2224/2318/7129 2225/2325/7130
s off
f 2224/2318/7131 1869/2174/7132 2086/2173/7133 2225/2325/7134
f 2086/2173/7135 1875/2869/7136 2227/2322/7137 2225/2325/7138
s 332
f 2229/2328/7139 1939/2893/7140 2227/2894/7141 2228/2329/7142
s off
f 2227/2894/7143 1875/2190/7144 2102/2189/7145 2228/2329/7146
s 333
f 2102/2189/7147 1893/2241/7148 2230/2326/7149 2228/2329/7150
s 197
f 2232/2332/7151 1938/2327/6126 2230/2326/6125 2231/2333/7152
s 333
f 2230/2326/7149 1893/2241/7148 2151/2240/7153 2231/2333/7154
s 334
f 2151/2240/7155 1897/2256/7156 2233/2330/7157 2231/2333/7158
s 229
f 2235/2335/7159 2056/2469/6270 2236/2468/6269 2234/2336/7160
s 198
f 2236/2468/7161 1961/2331/6130 2233/2330/6129 2234/2336/7162
s 334
f 2233/2330/7157 1897/2256/7156 2165/2255/7163 2234/2336/7164
s 284
f 2238/2339/7165 1960/2529/6572 2239/2729/6571 2237/2340/7166
s 335
f 2239/2729/7167 1901/2272/7168 2182/2271/7169 2237/2340/7170
s 336
f 2182/2271/7171 1905/2288/7172 2240/2337/7173 2237/2340/7174
s 200
f 2242/2343/7175 1959/2338/6138 2240/2337/6137 2241/2344/7176
s 336
f 2240/2337/7173 1905/2288/7172 2194/2287/7177 2241/2344/7178
s off
f 2194/2287/7179 1879/2888/7180 2243/2341/7181 2241/2344/7182
s 337
usemtl lambert11SG
f 2245/2347/7183 1958/2895/7184 2243/2896/7185 2244/2348/7186
s off
f 2243/2896/7187 1879/2206/7188 2118/2205/7189 2244/2348/7190
f 2118/2205/7191 1883/2222/7192 2246/2345/7193 2244/2348/7194
s 226
f 2248/2350/7195 1976/2457/6258 2249/2456/6257 2247/2351/7196
s 338
f 2249/2456/7197 1957/2346/7198 2246/2345/7199 2247/2351/7200
s off
f 2246/2345/7201 1883/2222/7202 2134/2221/7203 2247/2351/7204
s 339
f 2251/2354/7205 1954/2449/7206 2252/2897/7207 2250/2355/7208
s 340
f 2252/2897/7209 1973/2898/7210 2253/2508/7211 2250/2355/7212
s 239
f 2253/2508/6311 1974/2507/6310 2132/2352/7213 2250/2355/7214
s 341
f 2255/2358/7215 1953/2899/7216 2256/2450/7217 2254/2359/7218
s 224
f 2256/2450/6251 1954/2449/6250 2251/2354/7219 2254/2359/7220
s off
f 2251/2354/7221 1884/2353/7222 2116/2356/7223 2254/2359/7224
s 222
usemtl lambert10SG
f 2258/2362/7225 1952/2441/6242 2259/2446/7226 2257/2363/7227
s 223
f 2259/2446/6247 1953/2445/6246 2255/2900/7228 2257/2363/7229
s off
f 2255/2900/7230 1880/2886/7231 2193/2360/7232 2257/2363/7233
s 283
f 2261/2366/7234 1951/2718/6560 2262/2442/7235 2260/2367/7236
s 222
f 2262/2442/6243 1952/2441/6242 2258/2362/7225 2260/2367/7237
s 204
f 2258/2362/6163 1904/2361/6162 2180/2364/7238 2260/2367/7239
s 220
f 2264/2370/7240 1950/2433/6234 2265/2901/7241 2263/2371/7242
s 342
f 2265/2901/7243 2053/2902/7244 2266/2844/7245 2263/2371/7246
s 290
f 2266/2844/6693 2054/2843/6692 2163/2368/7247 2263/2371/7248
s 219
f 2268/2374/7249 1949/2429/6230 2269/2434/7250 2267/2375/7251
s 220
f 2269/2434/6235 1950/2433/6234 2264/2370/7240 2267/2375/7252
s 206
f 2264/2370/6171 1896/2369/6170 2149/2372/7253 2267/2375/7254
s 343
f 2271/2378/7255 1948/2903/7256 2272/2430/7257 2270/2379/7258
s 219
f 2272/2430/6231 1949/2429/6230 2268/2374/7249 2270/2379/7259
s 207
f 2268/2374/6175 1892/2373/6174 2100/2376/7260 2270/2379/7261
s off
f 2274/2382/7262 1947/2904/7263 2275/2678/7264 2273/2383/7265
f 2275/2678/7266 1948/2677/7267 2271/2905/7268 2273/2383/7269
f 2271/2905/7270 1876/2867/7271 2084/2380/7272 2273/2383/7273
s 344
f 2277/2386/7274 1947/2904/7275 2274/2382/7276 2276/2387/7277
s off
f 2274/2382/7278 1871/2381/7279 2206/2891/7280 2276/2387/7281
s 345
f 2206/2891/7282 1913/2890/7283 2278/2384/7284 2276/2387/7285
s 208
f 2280/2390/7286 1946/2385/6186 2278/2384/6185 2279/2391/7287
s 345
f 2278/2384/7284 1913/2890/7283 2212/2892/7288 2279/2391/7289
s 346
f 2212/2892/7290 1908/2864/7291 2281/2388/7292 2279/2391/7293
s 209
f 2283/2394/7294 1945/2389/6190 2281/2388/6189 2282/2395/7295
s 346
f 2281/2388/7292 1908/2864/7291 2070/2863/7296 2282/2395/7297
s off
f 2070/2863/7298 1873/2862/7299 2284/2392/7300 2282/2395/7301
s 299
f 2096/2398/6798 1918/2873/6797 2286/2906/7302 2285/2399/7303
s 332
f 2286/2906/7304 1939/2893/7140 2229/2328/7139 2285/2399/7305
s 197
f 2229/2328/6127 1938/2327/6126 2287/2396/7306 2285/2399/7307
s 298
f 2079/2402/6752 1917/2405/6751 2289/2404/7308 2288/2403/7309
s 331
f 2289/2404/7310 1940/2319/7128 2226/2324/7127 2288/2403/7311
s 196
f 2226/2324/6123 1939/2323/6122 2286/2400/7312 2288/2403/7313
s 214
f 2291/2406/7314 1916/2409/6210 2292/2408/6209 2290/2407/7315
s 330
f 2292/2408/7316 1941/2668/7119 2221/2320/7118 2290/2407/7317
s 195
f 2221/2320/6119 1940/2319/6118 2289/2404/7318 2290/2407/7319
s 215
f 2294/2410/7320 1915/2413/6214 2295/2412/6213 2293/2411/7321
s 260
f 2295/2412/7322 1942/2604/6426 2296/2669/7323 2293/2411/7324
s 330
f 2296/2669/7325 1941/2668/7119 2292/2408/7316 2293/2411/7326
s 294
f 2060/2414/6713 1914/2860/6712 2298/2907/7327 2297/2415/7328
s 347
f 2298/2907/7329 1943/2908/7330 2299/2605/7331 2297/2415/7332
s 260
f 2299/2605/6427 1942/2604/6426 2295/2412/7322 2297/2415/7333
s 217
f 2065/2418/6722 1936/2421/6222 2301/2420/6221 2300/2419/7334
s 209
f 2301/2420/7335 1945/2389/6190 2283/2394/7294 2300/2419/7336
s 210
f 2283/2394/6195 1944/2393/6194 2302/2416/7337 2300/2419/7338
s 218
f 2215/2422/7103 1935/2425/6226 2304/2424/6225 2303/2423/7339
s 208
f 2304/2424/7340 1946/2385/6186 2280/2390/7286 2303/2423/7341
s 209
f 2280/2390/6191 1945/2389/6190 2301/2420/7335 2303/2423/7342
s 326
f 2202/2426/7073 1934/2870/7072 2306/2909/7343 2305/2427/7344
s 344
f 2306/2909/7345 1947/2904/7275 2277/2386/7274 2305/2427/7346
s 208
f 2277/2386/6187 1946/2385/6186 2304/2424/7340 2305/2427/7347
s 343
f 2272/2430/7257 1948/2903/7256 2308/2910/7348 2307/2431/7349
s 301
f 2308/2910/7350 1933/2874/6815 2104/2195/6814 2307/2431/7351
s 170
f 2104/2195/5987 1932/2194/5986 2309/2428/7352 2307/2431/7353
s 219
f 2269/2434/7250 1949/2429/6230 2309/2428/6229 2310/2435/7354
s 170
f 2309/2428/7352 1932/2194/5986 2146/2238/6930 2310/2435/7355
s 174
f 2146/2238/6031 1931/2237/6030 2311/2432/7356 2310/2435/7357
s 342
f 2313/2438/7358 2053/2902/7244 2265/2901/7243 2312/2439/7359
s 220
f 2265/2901/7241 1950/2433/6234 2311/2432/6233 2312/2439/7360
s 174
f 2311/2432/7356 1931/2237/6030 2161/2436/6964 2312/2439/7361
s 283
f 2262/2442/7235 1951/2718/6560 2315/2717/6559 2314/2443/7362
s 282
f 2315/2717/7363 1930/2714/6556 2175/2269/6994 2314/2443/7364
s 182
f 2175/2269/6063 1929/2268/6062 2316/2440/7365 2314/2443/7366
s 222
f 2259/2446/7226 1952/2441/6242 2316/2440/6241 2317/2447/7367
s 182
f 2316/2440/7365 1929/2268/6062 2191/2285/7033 2317/2447/7368
s 186
f 2191/2285/6079 1928/2284/6078 2318/2444/7369 2317/2447/7370
s 341
usemtl lambert11SG
f 2256/2450/7217 1953/2899/7216 2318/2911/7371 2319/2451/7372
s 305
f 2318/2911/7373 1928/2877/6859 2120/2211/6858 2319/2451/7374
s 171
f 2120/2211/6003 1927/2210/6002 2320/2448/7375 2319/2451/7376
s 340
f 2322/2454/7377 1973/2898/7210 2252/2897/7209 2321/2455/7378
s 339
f 2252/2897/7207 1954/2449/7206 2320/2448/7379 2321/2455/7380
s 309
f 2320/2448/7381 1927/2210/6905 2137/2452/6904 2321/2455/7382
s 307
f 2324/2458/7383 1977/2880/6887 2128/2879/6886 2323/2459/7384
s 306
f 2128/2879/6884 1924/2461/6883 2325/2460/7385 2323/2459/7386
s 338
f 2325/2460/7387 1957/2346/7198 2249/2456/7197 2323/2459/7388
s 304
f 2111/2462/6838 1923/2876/6837 2327/2912/7389 2326/2463/7390
s 337
f 2327/2912/7391 1958/2895/7184 2245/2347/7183 2326/2463/7392
s 202
f 2245/2347/6147 1957/2346/6146 2325/2460/7393 2326/2463/7394
s 324
usemtl lambert10SG
f 2196/2466/7051 1922/2521/7018 2329/2532/7395 2328/2467/7396
s 200
f 2329/2532/7397 1959/2338/6138 2242/2343/7175 2328/2467/7398
s 201
f 2242/2343/6143 1958/2342/6142 2327/2464/7399 2328/2467/7400
s 317
f 2331/2470/7401 2057/2882/6979 2167/2881/6978 2330/2471/7402
s 314
f 2167/2881/6976 1920/2587/6949 2332/2595/7403 2330/2471/7404
s 198
f 2332/2595/7405 1961/2331/6130 2236/2468/7161 2330/2471/7406
s 348
usemtl lambert11SG
f 2334/2474/7407 2008/2700/7408 2335/2699/7409 2333/2475/7410
s off
f 2335/2699/7411 1886/2913/7412 2336/2914/7413 2333/2475/7414
f 2336/2914/7415 1889/2915/7416 2337/2472/7417 2333/2475/7418
s 271
f 2339/2478/7419 2006/2642/6470 2340/2625/7420 2338/2479/7421
s 266
f 2340/2625/6451 2007/2473/6450 2337/2472/7422 2338/2479/7423
s off
f 2337/2472/7424 1889/2915/7425 2341/2476/7426 2338/2479/7427
s 349
f 2343/2482/7428 2013/2916/7429 2344/2643/7430 2342/2483/7431
s 271
f 2344/2643/6471 2006/2642/6470 2339/2478/7419 2342/2483/7432
s 231
f 2339/2478/6279 1926/2477/6278 2345/2480/7433 2342/2483/7434
s 349
f 2347/2486/7435 2013/2916/7429 2343/2482/7428 2346/2487/7436
s 232
f 2343/2482/6283 1955/2481/6282 2348/2917/7437 2346/2487/7438
s off
f 2348/2917/7439 1888/2918/7440 2349/2484/7441 2346/2487/7442
s 350
f 2351/2490/7443 2012/2485/7444 2349/2484/7445 2350/2491/7446
s off
f 2349/2484/7447 1888/2918/7448 2352/2919/7449 2350/2491/7450
f 2352/2919/7451 1887/2920/7452 2353/2488/7453 2350/2491/7454
s 351
f 2355/2494/7455 2009/2921/7456 2356/2631/7457 2354/2495/7458
s 268
f 2356/2631/6459 2010/2630/6458 2357/2697/7459 2354/2495/7460
s 278
f 2357/2697/6537 1956/2696/6536 2358/2492/7461 2354/2495/7462
s 310
f 2140/2497/6918 1970/2517/6917 2360/2516/7463 2359/2498/7464
s 352
f 2360/2516/7465 1962/2541/7466 2361/2538/7467 2359/2498/7468
s 244
f 2361/2538/6347 1963/2499/6346 2362/2496/7469 2359/2498/7470
s 238
f 2364/2500/7471 1964/2503/6306 2365/2502/6305 2363/2501/7472
s 225
f 2365/2502/7473 1972/2453/6254 2136/2227/6902 2363/2501/7474
s 172
f 2136/2227/6019 1971/2226/6018 2362/2496/7475 2363/2501/7476
s 353
f 2367/2504/7477 1965/2922/7478 2368/2923/7479 2366/2505/7480
s 340
f 2368/2923/7481 1973/2898/7210 2322/2454/7377 2366/2505/7482
s 225
f 2322/2454/6255 1972/2453/6254 2365/2502/7473 2366/2505/7483
s 340
f 2253/2508/7211 1973/2898/7210 2368/2923/7481 2369/2509/7484
s 353
f 2368/2923/7479 1965/2922/7478 2370/2556/7485 2369/2509/7486
s 249
f 2370/2556/6367 1966/2555/6366 2371/2506/7487 2369/2509/7488
s 308
f 2133/2511/6898 1974/2507/6897 2371/2506/7489 2372/2512/7490
s 354
f 2371/2506/7491 1966/2555/7492 2373/2552/7493 2372/2512/7494
s 248
f 2373/2552/6363 1967/2513/6362 2374/2510/7495 2372/2512/7496
s 355
f 2376/2514/7497 1968/2924/7498 2377/2925/7499 2375/2515/7500
s 226
f 2377/2925/7501 1976/2457/6258 2248/2350/7195 2375/2515/7502
s 203
f 2248/2350/6151 1975/2349/6150 2374/2510/7503 2375/2515/7504
s 307
f 2129/2518/6888 1977/2880/6887 2379/2926/7505 2378/2519/7506
s 356
f 2379/2926/7507 1969/2927/7508 2380/2542/7509 2378/2519/7510
s 245
f 2380/2542/6351 1962/2541/6350 2360/2516/7511 2378/2519/7512
s off
usemtl lambert10SG
f 2185/2522/7513 1921/2525/7514 2382/2524/7515 2381/2523/7516
f 2382/2524/7517 1969/2928/7518 2379/2929/7519 2381/2523/7520
f 2379/2929/7521 1977/2930/7522 2383/2520/7523 2381/2523/7524
f 2385/2526/7525 1960/2529/7526 2386/2528/7527 2384/2527/7528
f 2386/2528/7529 1968/2931/7530 2387/2932/7531 2384/2527/7532
f 2387/2932/7533 1969/2928/7534 2382/2524/7535 2384/2527/7536
f 2238/2339/7537 1959/2338/7538 2389/2531/7539 2388/2530/7540
f 2389/2531/7541 1976/2933/7542 2377/2934/7543 2388/2530/7544
f 2377/2934/7545 1968/2931/7546 2386/2528/7547 2388/2530/7548
f 2329/2532/7549 1922/2521/7550 2383/2520/7551 2390/2533/7552
f 2383/2520/7553 1977/2930/7554 2324/2935/7555 2390/2533/7556
f 2324/2935/7557 1976/2933/7558 2389/2531/7559 2390/2533/7560
s 250
usemtl lambert11SG
f 2392/2536/7561 1978/2559/6370 2393/2558/6369 2391/2537/7562
s 238
f 2393/2558/7563 1964/2503/6306 2364/2500/7471 2391/2537/7564
s 237
f 2364/2500/6303 1963/2499/6302 2394/2534/7565 2391/2537/7566
s 352
f 2361/2538/7467 1962/2541/7466 2396/2540/7567 2395/2539/7568
s 357
f 2396/2540/7569 1980/2569/7570 2397/2566/7571 2395/2539/7572
s 252
f 2397/2566/6379 1979/2535/6378 2394/2534/7573 2395/2539/7574
s 356
f 2380/2542/7509 1969/2927/7508 2399/2936/7575 2398/2543/7576
s 358
f 2399/2936/7577 1981/2937/7578 2400/2570/7579 2398/2543/7580
s 253
f 2400/2570/6383 1980/2569/6382 2396/2540/7581 2398/2543/7582
s 358
f 2402/2546/7583 1981/2937/7578 2399/2936/7577 2401/2547/7584
s 356
f 2399/2936/7575 1969/2927/7508 2387/2938/7585 2401/2547/7586
s 355
f 2387/2938/7587 1968/2924/7498 2403/2544/7588 2401/2547/7589
s 246
f 2405/2550/7590 1982/2545/6354 2403/2544/6353 2404/2551/7591
s 355
f 2403/2544/7588 1968/2924/7498 2376/2514/7497 2404/2551/7592
s 241
f 2376/2514/6319 1967/2513/6318 2406/2548/7593 2404/2551/7594
s 354
f 2373/2552/7493 1966/2555/7492 2408/2554/7595 2407/2553/7596
s 359
f 2408/2554/7597 1984/2579/7598 2409/2576/7599 2407/2553/7600
s 255
f 2409/2576/6391 1983/2549/6390 2406/2548/7601 2407/2553/7602
s 353
f 2370/2556/7485 1965/2922/7478 2411/2939/7603 2410/2557/7604
s 360
f 2411/2939/7605 1985/2940/7606 2412/2580/7607 2410/2557/7608
s 256
f 2412/2580/6395 1984/2579/6394 2408/2554/7609 2410/2557/7610
s 360
f 2414/2560/7611 1985/2940/7606 2411/2939/7605 2413/2561/7612
s 353
f 2411/2939/7603 1965/2922/7478 2367/2504/7477 2413/2561/7613
s 238
f 2367/2504/6307 1964/2503/6306 2393/2558/7563 2413/2561/7614
s 257
f 2416/2564/7615 1986/2583/6398 2417/2582/6397 2415/2565/7616
s 250
f 2417/2582/7617 1978/2559/6370 2392/2536/7561 2415/2565/7618
s 243
f 2392/2536/6343 1979/2535/6342 2418/2562/7619 2415/2565/7620
s 357
f 2397/2566/7571 1980/2569/7570 2420/2568/7621 2419/2567/7622
s 361
f 2420/2568/7623 1988/2704/7624 2421/2611/7625 2419/2567/7626
s 262
f 2421/2611/6435 1987/2563/6434 2418/2562/7627 2419/2567/7628
s 358
f 2400/2570/7579 1981/2937/7578 2423/2941/7629 2422/2571/7630
s 362
f 2423/2941/7631 1989/2942/7632 2424/2705/7633 2422/2571/7634
s 280
f 2424/2705/6545 1988/2704/6544 2420/2568/7635 2422/2571/7636
s 363
f 2426/2574/7637 1990/2943/7638 2427/2944/7639 2425/2575/7640
s 246
f 2427/2944/7641 1982/2545/6354 2405/2550/7590 2425/2575/7642
s 247
f 2405/2550/6359 1983/2549/6358 2428/2572/7643 2425/2575/7644
s 359
f 2409/2576/7599 1984/2579/7598 2430/2578/7645 2429/2577/7646
s 364
f 2430/2578/7647 1992/2621/7648 2431/2618/7649 2429/2577/7650
s 264
f 2431/2618/6443 1991/2573/6442 2428/2572/7651 2429/2577/7652
s 360
f 2412/2580/7607 1985/2940/7606 2433/2945/7653 2432/2581/7654
s 365
f 2433/2945/7655 1993/2946/7656 2434/2622/7657 2432/2581/7658
s 265
f 2434/2622/6447 1992/2621/6446 2430/2578/7659 2432/2581/7660
s 365
f 2436/2584/7661 1993/2946/7656 2433/2945/7655 2435/2585/7662
s 360
f 2433/2945/7653 1985/2940/7606 2414/2560/7611 2435/2585/7663
s 250
f 2414/2560/6371 1978/2559/6370 2417/2582/7617 2435/2585/7664
s off
usemtl lambert10SG
f 2153/2588/7665 1919/2397/7666 2438/2590/7667 2437/2589/7668
f 2438/2590/7669 1989/2947/7670 2423/2948/7671 2437/2589/7672
f 2423/2948/7673 1981/2949/7674 2439/2586/7675 2437/2589/7676
f 2287/2396/7677 1938/2327/7678 2441/2592/7679 2440/2591/7680
f 2441/2592/7681 1990/2950/7682 2442/2951/7683 2440/2591/7684
f 2442/2951/7685 1989/2947/7686 2438/2590/7687 2440/2591/7688
f 2232/2332/7689 1961/2331/7690 2444/2594/7691 2443/2593/7692
f 2444/2594/7693 1982/2952/7694 2427/2953/7695 2443/2593/7696
f 2427/2953/7697 1990/2950/7698 2441/2592/7699 2443/2593/7700
f 2332/2595/7701 1920/2587/7702 2439/2586/7703 2445/2596/7704
f 2439/2586/7705 1981/2949/7706 2402/2954/7707 2445/2596/7708
f 2402/2954/7709 1982/2952/7710 2444/2594/7711 2445/2596/7712
s 295
f 2447/2599/7713 1997/2652/6718 2448/2662/7714 2446/2600/7715
s 366
f 2448/2662/7716 1996/2661/7717 2449/2686/7718 2446/2600/7719
s 275
f 2449/2686/6523 1911/2685/6522 2209/2597/7720 2446/2600/7721
s 366
f 2451/2601/7722 1996/2661/7717 2452/2658/7723 2450/2602/7724
s 214
f 2452/2658/7725 1916/2409/6210 2291/2406/7314 2450/2602/7726
s 213
f 2291/2406/6207 1917/2405/6206 2078/2171/7727 2450/2602/7728
s 347
f 2299/2605/7331 1943/2908/7330 2454/2955/7729 2453/2606/7730
s 367
f 2454/2955/7731 1867/2163/7732 2455/2689/7733 2453/2606/7734
s 276
f 2455/2689/6527 1995/2674/6526 2456/2603/7735 2453/2606/7736
s 368
usemtl lambert11SG
f 2458/2609/7737 1998/2956/7738 2459/2957/7739 2457/2610/7740
s 257
f 2459/2957/7741 1986/2583/6398 2416/2564/7615 2457/2610/7742
s 251
f 2416/2564/6375 1987/2563/6374 2460/2607/7743 2457/2610/7744
s 361
f 2421/2611/7625 1988/2704/7624 2462/2703/7745 2461/2612/7746
s 369
f 2462/2703/7747 2000/2646/7748 2463/2627/7749 2461/2612/7750
s 267
f 2463/2627/6455 1999/2608/6454 2460/2607/7751 2461/2612/7752
s 370
f 2465/2615/7753 2001/2958/7754 2466/2959/7755 2464/2616/7756
s 362
f 2466/2959/7757 1989/2942/7632 2442/2960/7758 2464/2616/7759
s 363
f 2442/2960/7760 1990/2943/7638 2467/2613/7761 2464/2616/7762
s 364
f 2431/2618/7649 1992/2621/7648 2469/2620/7763 2468/2619/7764
s 371
f 2469/2620/7765 2004/2638/7766 2470/2635/7767 2468/2619/7768
s 269
f 2470/2635/6463 2003/2634/6462 2471/2617/7769 2468/2619/7770
s 365
f 2434/2622/7657 1993/2946/7656 2473/2682/7771 2472/2623/7772
s 274
f 2473/2682/6519 2005/2681/6518 2474/2639/7773 2472/2623/7774
s 270
f 2474/2639/6467 2004/2638/6466 2469/2620/7775 2472/2623/7776
s 271
f 2340/2625/7420 2006/2642/6470 2476/2641/6469 2475/2626/7777
s 368
f 2476/2641/7778 1998/2956/7738 2458/2609/7737 2475/2626/7779
s 261
f 2458/2609/6431 1999/2608/6430 2477/2624/7780 2475/2626/7781
s 369
f 2463/2627/7749 2000/2646/7748 2479/2645/7782 2478/2628/7783
s 348
f 2479/2645/7784 2008/2700/7408 2334/2474/7407 2478/2628/7785
s 230
f 2334/2474/6275 2007/2473/6274 2477/2624/7786 2478/2628/7787
s 351
f 2356/2631/7457 2009/2921/7456 2481/2961/7788 2480/2632/7789
s 370
f 2481/2961/7790 2001/2958/7754 2465/2615/7753 2480/2632/7791
s 263
f 2465/2615/6439 2002/2614/6438 2482/2629/7792 2480/2632/7793
s 371
f 2470/2635/7767 2004/2638/7766 2484/2637/7794 2483/2636/7795
s 350
f 2484/2637/7796 2012/2485/7444 2351/2490/7443 2483/2636/7797
s 234
f 2351/2490/6291 2011/2489/6290 2485/2633/7798 2483/2636/7799
s 274
f 2474/2639/7773 2005/2681/6518 2487/2962/7800 2486/2640/7801
s 349
f 2487/2962/7802 2013/2916/7429 2347/2486/7435 2486/2640/7803
s 233
f 2347/2486/6287 2012/2485/6286 2484/2637/7804 2486/2640/7805
s 349
f 2344/2643/7430 2013/2916/7429 2487/2962/7802 2488/2644/7806
s 274
f 2487/2962/7800 2005/2681/6518 2489/2680/6517 2488/2644/7807
s 368
f 2489/2680/7808 1998/2956/7738 2476/2641/7778 2488/2644/7809
s 372
f 2491/2647/7810 2015/2963/7811 2492/2964/7812 2490/2648/7813
s 373
f 2492/2964/7814 2014/2965/7815 2493/2701/7816 2490/2648/7817
s 279
f 2493/2701/6541 2008/2700/6540 2479/2645/7818 2490/2648/7819
s 374
f 2495/2649/7820 2017/2966/7821 2496/2967/7822 2494/2650/7823
s 375
f 2496/2967/7824 2016/2968/7825 2497/2707/7826 2494/2650/7827
s 281
f 2497/2707/6549 2003/2634/6548 2485/2633/7828 2494/2650/7829
s off
usemtl lambert10SG
f 2061/2653/7830 1915/2413/7831 2499/2655/7832 2498/2654/7833
f 2499/2655/7834 2009/2969/7835 2500/2970/7836 2498/2654/7837
f 2500/2970/7838 2014/2971/7839 2501/2651/7840 2498/2654/7841
f 2294/2410/7842 1916/2409/7843 2503/2657/7844 2502/2656/7845
f 2503/2657/7846 2001/2972/7847 2481/2973/7848 2502/2656/7849
f 2481/2973/7850 2009/2969/7851 2499/2655/7852 2502/2656/7853
f 2452/2658/7854 1996/2661/7855 2505/2660/7856 2504/2659/7857
f 2505/2660/7858 2015/2974/7859 2506/2975/7860 2504/2659/7861
f 2506/2975/7862 2001/2972/7863 2503/2657/7864 2504/2659/7865
f 2448/2662/7866 1997/2652/7867 2501/2651/7868 2507/2663/7869
f 2501/2651/7870 2014/2971/7871 2492/2976/7872 2507/2663/7873
f 2492/2976/7874 2015/2974/7875 2505/2660/7876 2507/2663/7877
f 2222/2665/7878 1941/2668/7879 2509/2667/7880 2508/2666/7881
f 2509/2667/7882 2002/2977/7883 2510/2978/7884 2508/2666/7885
f 2510/2978/7886 2016/2979/7887 2511/2664/7888 2508/2666/7889
f 2296/2669/7890 1942/2604/7891 2513/2671/7892 2512/2670/7893
f 2513/2671/7894 2010/2980/7895 2482/2981/7896 2512/2670/7897
f 2482/2981/7898 2002/2977/7899 2509/2667/7900 2512/2670/7901
f 2456/2603/7902 1995/2674/7903 2515/2673/7904 2514/2672/7905
f 2515/2673/7906 2017/2982/7907 2516/2983/7908 2514/2672/7909
f 2516/2983/7910 2010/2980/7911 2513/2671/7912 2514/2672/7913
f 2217/2316/7914 1994/2315/7915 2511/2664/7916 2517/2675/7917
f 2511/2664/7918 2016/2979/7919 2496/2984/7920 2517/2675/7921
f 2496/2984/7922 2017/2982/7923 2515/2673/7924 2517/2675/7925
f 2275/2678/7926 1947/2904/7927 2306/2909/7928 2518/2679/7929
f 2306/2909/7930 1934/2870/7931 2088/2179/7932 2518/2679/7933
f 2088/2179/7934 1933/2178/7935 2308/2676/7936 2518/2679/7937
s 365
usemtl lambert11SG
f 2473/2682/7771 1993/2946/7656 2436/2584/7661 2519/2683/7938
s 257
f 2436/2584/6399 1986/2583/6398 2459/2957/7741 2519/2683/7939
s 368
f 2459/2957/7739 1998/2956/7738 2489/2680/7808 2519/2683/7940
s 366
usemtl lambert10SG
f 2449/2686/7718 1996/2661/7717 2451/2601/7722 2520/2687/7941
s 259
f 2451/2601/6423 1868/2170/6422 2199/2684/7942 2520/2687/7943
s 367
f 2455/2689/7733 1867/2163/7732 2072/2162/7944 2521/2690/7945
s 328
f 2072/2162/7946 1909/2309/7111 2218/2688/7110 2521/2690/7947
s 295
f 2062/2154/6719 1997/2652/6718 2447/2599/7713 2522/2692/7948
s 258
f 2447/2599/6419 1906/2598/6418 2075/2691/7949 2522/2692/7950
s 194
f 2223/2693/7123 1994/2315/6114 2219/2314/6113 2523/2694/7951
s 329
f 2219/2314/7116 1912/2302/7115 2207/2301/7952 2523/2694/7953
s 268
usemtl lambert11SG
f 2357/2697/7459 2010/2630/6458 2516/2985/7954 2524/2698/7955
s 374
f 2516/2985/7956 2017/2966/7821 2495/2649/7820 2524/2698/7957
s 273
f 2495/2649/6479 2011/2489/6478 2353/2488/7958 2524/2698/7959
s off
f 2353/2488/7960 1887/2920/7961 2525/2695/7962 2524/2698/7963
s 373
f 2493/2701/7816 2014/2965/7815 2500/2986/7964 2526/2702/7965
s 351
f 2500/2986/7966 2009/2921/7456 2355/2494/7455 2526/2702/7967
s 235
f 2355/2494/6295 1925/2493/6294 2527/2987/7968 2526/2702/7969
s off
f 2527/2987/7970 1886/2913/7971 2335/2699/7972 2526/2702/7973
s 362
f 2424/2705/7633 1989/2942/7632 2466/2959/7757 2528/2706/7974
s 370
f 2466/2959/7755 2001/2958/7754 2506/2988/7975 2528/2706/7976
s 372
f 2506/2988/7977 2015/2963/7811 2491/2647/7810 2528/2706/7978
s 272
f 2491/2647/6475 2000/2646/6474 2462/2703/7979 2528/2706/7980
s 375
f 2497/2707/7826 2016/2968/7825 2510/2989/7981 2529/2708/7982
s 263
f 2510/2989/7983 2002/2614/6438 2467/2613/6437 2529/2708/7984
s 363
f 2467/2613/7761 1990/2943/7638 2426/2574/7637 2529/2708/7985
s 254
f 2426/2574/6387 1991/2573/6386 2471/2617/7986 2529/2708/7987
s off
usemtl lambert10SG
f 2531/2711/7988 2027/2735/7989 2532/2734/7990 2530/2712/7991
s 318
f 2532/2734/7992 1898/2276/6985 2170/2265/6984 2530/2712/7993
s 181
f 2170/2265/6059 1899/2264/6058 2533/2709/7994 2530/2712/7995
s 376
f 2535/2715/7996 2033/2990/7997 2536/2991/7998 2534/2716/7999
s off
f 2536/2991/8000 2026/2710/8001 2533/2709/8002 2534/2716/8003
s 320
f 2533/2709/8004 1899/2264/6997 2176/2713/6996 2534/2716/8005
s 377
f 2538/2719/8006 2032/2992/8007 2539/2993/8008 2537/2720/8009
s 376
f 2539/2993/8010 2033/2990/7997 2535/2715/7996 2537/2720/8011
s 282
f 2535/2715/6557 1930/2714/6556 2315/2717/7363 2537/2720/8012
s 377
f 2541/2723/8013 2032/2992/8007 2538/2719/8006 2540/2724/8014
s 283
f 2538/2719/6561 1951/2718/6560 2261/2366/7234 2540/2724/8015
s 205
f 2261/2366/6167 1900/2365/6166 2542/2721/8016 2540/2724/8017
s off
f 2544/2727/8018 2031/2722/8019 2542/2721/8020 2543/2728/8021
s 322
f 2542/2721/8022 1900/2365/7005 2179/2273/7004 2543/2728/8023
s 183
f 2179/2273/6067 1901/2272/6066 2545/2725/8024 2543/2728/8025
s 378
f 2547/2730/8026 2029/2994/8027 2548/2995/8028 2546/2731/8029
s off
f 2548/2995/8030 2030/2726/8031 2545/2725/8032 2546/2731/8033
s 335
f 2545/2725/8034 1901/2272/7168 2239/2729/7167 2546/2731/8035
s 379
f 2550/2732/8036 2028/2996/8037 2551/2997/8038 2549/2733/8039
s 378
f 2551/2997/8040 2029/2994/8027 2547/2730/8026 2549/2733/8041
s 284
f 2547/2730/6573 1960/2529/6572 2385/2526/8042 2549/2733/8043
s 379
f 2553/2736/8044 2028/2996/8037 2550/2732/8036 2552/2737/8045
s 285
f 2550/2732/6577 1921/2525/6576 2184/2277/7014 2552/2737/8046
s 184
f 2184/2277/6071 1898/2276/6070 2532/2734/8047 2552/2737/8048
s off
f 2555/2740/8049 2034/2743/8050 2556/2742/8051 2554/2741/8052
f 2556/2742/8053 2036/2998/8054 2557/2999/8055 2554/2741/8056
f 2557/2999/8057 2037/2765/8058 2558/2738/8059 2554/2741/8060
s 380
f 2560/2744/8061 2038/3000/8062 2561/3001/8063 2559/2745/8064
s 381
f 2561/3001/8065 2039/3002/8066 2562/3003/8067 2559/2745/8068
s off
f 2562/3003/8069 2036/2998/8070 2556/2742/8071 2559/2745/8072
s 381
f 2564/2748/8073 2039/3002/8066 2561/3001/8065 2563/2749/8074
s 380
f 2561/3001/8063 2038/3000/8062 2565/3004/8075 2563/2749/8076
s 382
f 2565/3004/8077 2041/3005/8078 2566/2746/8079 2563/2749/8080
s 286
f 2568/2752/8081 2040/2747/6592 2566/2746/6591 2567/2753/8082
s 382
f 2566/2746/8079 2041/3005/8078 2569/3006/8083 2567/2753/8084
s off
f 2569/3006/8085 2043/2754/8086 2570/2750/8087 2567/2753/8088
f 2572/2755/8089 2044/2758/8090 2573/2757/8091 2571/2756/8092
f 2573/2757/8093 2045/3007/8094 2574/3008/8095 2571/2756/8096
f 2574/3008/8097 2042/2751/8098 2570/2750/8099 2571/2756/8100
s 383
f 2576/2759/8101 2046/3009/8102 2577/3010/8103 2575/2760/8104
s 384
f 2577/3010/8105 2047/3011/8106 2578/3012/8107 2575/2760/8108
s off
f 2578/3012/8109 2045/3007/8110 2573/2757/8111 2575/2760/8112
s 384
f 2580/2763/8113 2047/3011/8106 2577/3010/8105 2579/2764/8114
s 383
f 2577/3010/8103 2046/3009/8102 2581/3013/8115 2579/2764/8116
s 385
f 2581/3013/8117 2049/3014/8118 2582/2761/8119 2579/2764/8120
s 287
f 2584/2766/8121 2048/2762/6608 2582/2761/6607 2583/2767/8122
s 385
f 2582/2761/8119 2049/3014/8118 2585/3015/8123 2583/2767/8124
s off
f 2585/3015/8125 2035/2739/8126 2558/2738/8127 2583/2767/8128
f 2587/2770/8129 2018/2777/8130 2588/2776/8131 2586/2771/8132
f 2588/2776/8133 2034/2743/8134 2555/2740/8135 2586/2771/8136
f 2555/2740/8137 2035/2739/8138 2589/2768/8139 2586/2771/8140
f 2531/2774/8141 2026/2825/8142 2591/2824/8143 2590/2775/8144
f 2591/2824/8145 2037/2765/8146 2557/2999/8147 2590/2775/8148
f 2557/2999/8149 2036/2998/8150 2592/2772/8151 2590/2775/8152
f 2594/2778/8153 2025/2789/8154 2595/2788/8155 2593/2779/8156
f 2595/2788/8157 2038/3000/8158 2560/2744/8159 2593/2779/8160
f 2560/2744/8161 2034/2743/8162 2588/2776/8163 2593/2779/8164
f 2553/2782/8165 2027/2773/8166 2592/2772/8167 2596/2783/8168
f 2592/2772/8169 2036/2998/8170 2562/3003/8171 2596/2783/8172
f 2562/3003/8173 2039/3002/8174 2597/2780/8175 2596/2783/8176
f 2551/2786/8177 2028/2781/8178 2597/2780/8179 2598/2787/8180
f 2597/2780/8181 2039/3002/8182 2564/2748/8183 2598/2787/8184
f 2564/2748/8185 2040/2747/8186 2599/2784/8187 2598/2787/8188
f 2601/2790/8189 2024/2797/8190 2602/2796/8191 2600/2791/8192
f 2602/2796/8193 2041/3005/8194 2565/3004/8195 2600/2791/8196
f 2565/3004/8197 2038/3000/8198 2595/2788/8199 2600/2791/8200
f 2548/2794/8201 2029/2785/8202 2599/2784/8203 2603/2795/8204
f 2599/2784/8205 2040/2747/8206 2568/2752/8207 2603/2795/8208
f 2568/2752/8209 2042/2751/8210 2604/2792/8211 2603/2795/8212
f 2606/2798/8213 2023/2801/8214 2607/2800/8215 2605/2799/8216
f 2607/2800/8217 2043/2754/8218 2569/3006/8219 2605/2799/8220
f 2569/3006/8221 2041/3005/8222 2602/2796/8223 2605/2799/8224
f 2609/2802/8225 2022/2809/8226 2610/2808/8227 2608/2803/8228
f 2610/2808/8229 2044/2758/8230 2572/2755/8231 2608/2803/8232
f 2572/2755/8233 2043/2754/8234 2607/2800/8235 2608/2803/8236
f 2544/2806/8237 2030/2793/8238 2604/2792/8239 2611/2807/8240
f 2604/2792/8241 2042/2751/8242 2574/3008/8243 2611/2807/8244
f 2574/3008/8245 2045/3007/8246 2612/2804/8247 2611/2807/8248
f 2614/2810/8249 2021/2821/8250 2615/2820/8251 2613/2811/8252
f 2615/2820/8253 2046/3009/8254 2576/2759/8255 2613/2811/8256
f 2576/2759/8257 2044/2758/8258 2610/2808/8259 2613/2811/8260
f 2541/2814/8261 2031/2805/8262 2612/2804/8263 2616/2815/8264
f 2612/2804/8265 2045/3007/8266 2578/3012/8267 2616/2815/8268
f 2578/3012/8269 2047/3011/8270 2617/2812/8271 2616/2815/8272
f 2539/2818/8273 2032/2813/8274 2617/2812/8275 2618/2819/8276
f 2617/2812/8277 2047/3011/8278 2580/2763/8279 2618/2819/8280
f 2580/2763/8281 2048/2762/8282 2619/2816/8283 2618/2819/8284
f 2621/2822/8285 2020/2829/8286 2622/2828/8287 2620/2823/8288
f 2622/2828/8289 2049/3014/8290 2581/3013/8291 2620/2823/8292
f 2581/3013/8293 2046/3009/8294 2615/2820/8295 2620/2823/8296
f 2536/2826/8297 2033/2817/8298 2619/2816/8299 2623/2827/8300
f 2619/2816/8301 2048/2762/8302 2584/2766/8303 2623/2827/8304
f 2584/2766/8305 2037/2765/8306 2591/2824/8307 2623/2827/8308
f 2625/2830/8309 2019/2769/8310 2589/2768/8311 2624/2831/8312
f 2589/2768/8313 2035/2739/8314 2585/3015/8315 2624/2831/8316
f 2585/3015/8317 2049/3014/8318 2622/2828/8319 2624/2831/8320
s 315
f 2157/2833/6958 2050/2857/6957 2627/2856/8321 2626/2834/8322
s off
f 2627/2856/8323 2018/3016/8324 2587/3017/8325 2626/2834/8326
f 2587/3017/8327 2019/2835/8328 2628/2832/8329 2626/2834/8330
s 289
f 2625/2836/8331 2020/2839/6688 2630/2838/6687 2629/2837/8332
s 221
f 2630/2838/8333 2052/2437/6238 2160/2253/6962 2629/2837/8334
s 178
f 2160/2253/6047 2051/2252/6046 2628/2832/8335 2629/2837/8336
s 386
f 2621/2840/8337 2021/3018/8338 2632/3019/8339 2631/2841/8340
s 342
f 2632/3019/8341 2053/2902/7244 2313/2438/7358 2631/2841/8342
s 221
f 2313/2438/6239 2052/2437/6238 2630/2838/8333 2631/2841/8343
s 342
f 2266/2844/7245 2053/2902/7244 2632/3019/8341 2633/2845/8344
s 386
f 2632/3019/8339 2021/3018/8338 2614/3020/8345 2633/2845/8346
s off
f 2614/3020/8347 2022/3021/8348 2634/2842/8349 2633/2845/8350
s 316
f 2164/2847/6972 2054/2843/6971 2634/2842/8351 2635/2848/8352
s off
f 2634/2842/8353 2022/3021/8354 2609/3022/8355 2635/2848/8356
f 2609/3022/8357 2023/2849/8358 2636/2846/8359 2635/2848/8360
s 292
f 2606/2850/8361 2024/2853/6704 2638/2852/6703 2637/2851/8362
s 229
f 2638/2852/8363 2056/2469/6270 2235/2335/7159 2637/2851/8364
s 199
f 2235/2335/6135 2055/2334/6134 2636/2846/8365 2637/2851/8366
s 387
f 2601/2854/8367 2025/3023/8368 2640/3024/8369 2639/2855/8370
s 317
f 2640/3024/8371 2057/2882/6979 2331/2470/7401 2639/2855/8372
s 229
f 2331/2470/6271 2056/2469/6270 2638/2852/8363 2639/2855/8373
s 317
f 2168/2858/6980 2057/2882/6979 2640/3024/8371 2641/2859/8374
s 387
f 2640/3024/8369 2025/3023/8368 2594/3025/8375 2641/2859/8376
s off
f 2594/3025/8377 2018/3016/8378 2627/2856/8379 2641/2859/8380
f 2654/3026/8381 2642/3027/8382 2651/3028/8383 2650/3029/8384
f 2658/3030/8385 2644/3031/8386 2653/3032/8387 2655/3033/8388
f 2662/3034/8389 2646/3035/8390 2657/3036/8391 2659/3037/8392
f 2665/3038/8393 2648/3039/8394 2661/3040/8395 2663/3041/8396
f 2652/3042/8397 2643/3043/8398 2664/3044/8399 2666/3045/8400
f 2662/3034/8401 2648/3039/8402 2665/3038/8403 2667/3046/8404
f 2651/3028/8405 2643/3043/8406 2652/3042/8407 2650/3029/8408
f 2652/3042/8409 2645/3047/8410 2653/3032/8411 2650/3029/8412
f 2653/3032/8413 2644/3031/8414 2654/3026/8415 2650/3029/8416
f 2653/3032/8417 2645/3047/8418 2656/3048/8419 2655/3033/8420
f 2656/3048/8421 2647/3049/8422 2657/3036/8423 2655/3033/8424
f 2657/3036/8425 2646/3035/8426 2658/3030/8427 2655/3033/8428
f 2657/3036/8429 2647/3049/8430 2660/3050/8431 2659/3037/8432
f 2660/3050/8433 2649/3051/8434 2661/3040/8435 2659/3037/8436
f 2661/3040/8437 2648/3039/8438 2662/3034/8439 2659/3037/8440
f 2661/3040/8441 2649/3051/8442 2664/3044/8443 2663/3041/8444
f 2664/3044/8445 2643/3043/8446 2651/3028/8447 2663/3041/8448
f 2651/3028/8449 2642/3027/8450 2665/3038/8451 2663/3041/8452
f 2664/3044/8453 2649/3051/8454 2660/3050/8455 2666/3045/8456
f 2660/3050/8457 2647/3049/8458 2656/3048/8459 2666/3045/8460
f 2656/3048/8461 2645/3047/8462 2652/3042/8463 2666/3045/8464
f 2665/3038/8465 2642/3027/8466 2654/3026/8467 2667/3046/8468
f 2654/3026/8469 2644/3031/8470 2658/3030/8471 2667/3046/8472
f 2658/3030/8473 2646/3035/8474 2662/3034/8475 2667/3046/8476
f 2680/3052/8477 2668/3053/8478 2677/3054/8479 2676/3055/8480
f 2684/3056/8481 2670/3057/8482 2679/3058/8483 2681/3059/8484
f 2688/3060/8485 2672/3061/8486 2683/3062/8487 2685/3063/8488
f 2691/3064/8489 2674/3065/8490 2687/3066/8491 2689/3067/8492
f 2678/3068/8493 2669/3069/8494 2690/3070/8495 2692/3071/8496
f 2688/3060/8497 2674/3065/8498 2691/3064/8499 2693/3072/8500
f 2677/3054/8501 2669/3069/8502 2678/3068/8503 2676/3055/8504
f 2678/3068/8505 2671/3073/8506 2679/3058/8507 2676/3055/8508
f 2679/3058/8509 2670/3057/8510 2680/3052/8511 2676/3055/8512
f 2679/3058/8513 2671/3073/8514 2682/3074/8515 2681/3059/8516
f 2682/3074/8517 2673/3075/8518 2683/3062/8519 2681/3059/8520
f 2683/3062/8521 2672/3061/8522 2684/3056/8523 2681/3059/8524
f 2683/3062/8525 2673/3075/8526 2686/3076/8527 2685/3063/8528
f 2686/3076/8529 2675/3077/8530 2687/3066/8531 2685/3063/8532
f 2687/3066/8533 2674/3065/8534 2688/3060/8535 2685/3063/8536
f 2687/3066/8537 2675/3077/8538 2690/3070/8539 2689/3067/8540
f 2690/3070/8541 2669/3069/8542 2677/3054/8543 2689/3067/8544
f 2677/3054/8545 2668/3053/8546 2691/3064/8547 2689/3067/8548
f 2690/3070/8549 2675/3077/8550 2686/3076/8551 2692/3071/8552
f 2686/3076/8553 2673/3075/8554 2682/3074/8555 2692/3071/8556
f 2682/3074/8557 2671/3073/8558 2678/3068/8559 2692/3071/8560
f 2691/3064/8561 2668/3053/8562 2680/3052/8563 2693/3072/8564
f 2680/3052/8565 2670/3057/8566 2684/3056/8567 2693/3072/8568
f 2684/3056/8569 2672/3061/8570 2688/3060/8571 2693/3072/8572
f 2714/3078/8573 2694/3079/8574 2711/3080/8575 2710/3081/8576
f 2719/3082/8577 2706/3083/8578 2716/3084/8579 2715/3085/8580
f 2724/3086/8581 2698/3087/8582 2721/3088/8583 2720/3089/8584
f 2712/3090/8585 2695/3091/8586 2726/3092/8587 2725/3093/8588
f 2724/3086/8589 2700/3094/8590 2729/3095/8591 2728/3096/8592
f 2734/3097/8593 2696/3098/8594 2713/3099/8595 2731/3100/8596
f 2732/3101/8597 2697/3102/8598 2727/3103/8599 2735/3104/8600
f 2736/3105/8601 2699/3106/8602 2721/3088/8603 2738/3107/8604
f 2739/3108/8605 2698/3087/8606 2730/3109/8607 2741/3110/8608
f 2745/3111/8609 2702/3112/8610 2733/3113/8611 2743/3114/8612
f 2744/3115/8613 2703/3116/8614 2737/3117/8615 2746/3118/8616
f 2747/3119/8617 2704/3120/8618 2740/3121/8619 2748/3122/8620
f 2749/3123/8621 2705/3124/8622 2742/3125/8623 2750/3126/8624
f 2711/3080/8625 2695/3091/8626 2712/3090/8627 2710/3081/8628
f 2712/3090/8629 2697/3102/8630 2713/3099/8631 2710/3081/8632
f 2713/3099/8633 2696/3098/8634 2714/3078/8635 2710/3081/8636
f 2716/3084/8637 2707/3127/8638 2717/3128/8639 2715/3085/8640
f 2717/3128/8641 2708/3129/8642 2718/3130/8643 2715/3085/8644
f 2718/3130/8645 2709/3131/8646 2719/3082/8647 2715/3085/8648
f 2721/3088/8649 2699/3106/8650 2722/3132/8651 2720/3089/8652
f 2722/3132/8653 2701/3133/8654 2723/3134/8655 2720/3089/8656
f 2723/3134/8657 2700/3094/8658 2724/3086/8659 2720/3089/8660
f 2726/3092/8661 2701/3133/8662 2722/3132/8663 2725/3093/8664
f 2722/3132/8665 2699/3106/8666 2727/3103/8667 2725/3093/8668
f 2727/3103/8669 2697/3102/8670 2712/3090/8671 2725/3093/8672
f 2729/3095/8673 2694/3079/8674 2714/3078/8675 2728/3096/8676
f 2714/3078/8677 2696/3098/8678 2730/3109/8679 2728/3096/8680
f 2730/3109/8681 2698/3087/8682 2724/3086/8683 2728/3096/8684
f 2713/3099/8685 2697/3102/8686 2732/3101/8687 2731/3100/8688
f 2732/3101/8689 2703/3135/8690 2733/3136/8691 2731/3100/8692
f 2733/3136/8693 2702/3137/8694 2734/3097/8695 2731/3100/8696
f 2727/3103/8697 2699/3106/8698 2736/3105/8699 2735/3104/8700
f 2736/3105/8701 2704/3138/8702 2737/3139/8703 2735/3104/8704
f 2737/3139/8705 2703/3135/8706 2732/3101/8707 2735/3104/8708
f 2721/3088/8709 2698/3087/8710 2739/3108/8711 2738/3107/8712
f 2739/3108/8713 2705/3140/8714 2740/3141/8715 2738/3107/8716
f 2740/3141/8717 2704/3138/8718 2736/3105/8719 2738/3107/8720
f 2730/3109/8721 2696/3098/8722 2734/3097/8723 2741/3110/8724
f 2734/3097/8725 2702/3137/8726 2742/3142/8727 2741/3110/8728
f 2742/3142/8729 2705/3140/8730 2739/3108/8731 2741/3110/8732
f 2733/3113/8733 2703/3116/8734 2744/3115/8735 2743/3114/8736
f 2744/3115/8737 2707/3127/8738 2716/3084/8739 2743/3114/8740
f 2716/3084/8741 2706/3083/8742 2745/3111/8743 2743/3114/8744
f 2737/3117/8745 2704/3120/8746 2747/3119/8747 2746/3118/8748
f 2747/3119/8749 2708/3129/8750 2717/3128/8751 2746/3118/8752
f 2717/3128/8753 2707/3127/8754 2744/3115/8755 2746/3118/8756
f 2740/3121/8757 2705/3124/8758 2749/3123/8759 2748/3122/8760
f 2749/3123/8761 2709/3131/8762 2718/3130/8763 2748/3122/8764
f 2718/3130/8765 2708/3129/8766 2747/3119/8767 2748/3122/8768
f 2742/3125/8769 2702/3112/8770 2745/3111/8771 2750/3126/8772
f 2745/3111/8773 2706/3083/8774 2719/3082/8775 2750/3126/8776
f 2719/3082/8777 2709/3131/8778 2749/3123/8779 2750/3126/8780
f 2751/3143/8781 2752/3144/8782 2754/3145/8783 2753/3146/8784
f 2753/3146/8785 2754/3145/8786 2756/3147/8787 2755/3148/8788
f 2755/3148/8789 2756/3147/8790 2758/3149/8791 2757/3150/8792
f 2757/3150/8793 2758/3149/8794 2752/3144/8795 2751/3143/8796
usemtl lambert11SG
f 2768/3151/8797 2767/3152/8798 2769/3153/8799 2770/3154/8800
f 2771/3155/8801 2772/3156/8802 2773/3157/8803 2774/3158/8804
usemtl lambert10SG
f 2752/3144/8805 2758/3149/8806 2759/3159/8807 2760/3160/8808
f 2758/3149/8809 2756/3147/8810 2761/3161/8811 2759/3159/8812
f 2756/3147/8813 2754/3145/8814 2762/3162/8815 2761/3161/8816
f 2754/3145/8817 2752/3144/8818 2760/3160/8819 2762/3162/8820
f 2757/3150/8821 2751/3143/8822 2764/3163/8823 2763/3164/8824
f 2751/3143/8825 2753/3146/8826 2765/3165/8827 2764/3163/8828
f 2753/3146/8829 2755/3148/8830 2766/3166/8831 2765/3165/8832
f 2755/3148/8833 2757/3150/8834 2763/3164/8835 2766/3166/8836
f 2760/3160/8837 2759/3159/8838 2767/3167/8839 2768/3168/8840
f 2759/3159/8841 2761/3161/8842 2769/3169/8843 2767/3167/8844
f 2761/3161/8845 2762/3162/8846 2770/3170/8847 2769/3169/8848
f 2762/3162/8849 2760/3160/8850 2768/3168/8851 2770/3170/8852
f 2763/3164/8853 2764/3163/8854 2772/3171/8855 2771/3172/8856
f 2764/3163/8857 2765/3165/8858 2773/3173/8859 2772/3171/8860
f 2765/3165/8861 2766/3166/8862 2774/3174/8863 2773/3173/8864
f 2766/3166/8865 2763/3164/8866 2771/3172/8867 2774/3174/8868
s 388
f 2775/3175/8869 2776/3176/8870 2788/3177/8871 2787/3178/8872
f 2776/3176/8870 2777/3179/8873 2789/3180/8874 2788/3177/8871
f 2777/3179/8873 2778/3181/8875 2790/3182/8876 2789/3180/8874
f 2778/3181/8875 2779/3183/8877 2791/3184/8878 2790/3182/8876
f 2779/3183/8877 2780/3185/8879 2792/3186/8880 2791/3184/8878
f 2780/3185/8879 2781/3187/8881 2793/3188/8882 2792/3186/8880
f 2781/3187/8881 2782/3189/8883 2794/3190/8884 2793/3188/8882
f 2782/3189/8883 2783/3191/8885 2795/3192/8886 2794/3190/8884
f 2783/3191/8885 2784/3193/8887 2796/3194/8888 2795/3192/8886
f 2784/3193/8887 2785/3195/8889 2797/3196/8890 2796/3194/8888
f 2785/3195/8889 2786/3197/8891 2798/3198/8892 2797/3196/8890
f 2786/3197/8891 2775/3175/8869 2787/3178/8872 2798/3198/8892
s 389
f 2776/3176/8893 2775/3175/8894 2799/3199/8895
f 2777/3179/8896 2776/3176/8893 2799/3199/8895
f 2778/3181/8897 2777/3179/8896 2799/3199/8895
f 2779/3183/8898 2778/3181/8897 2799/3199/8895
f 2780/3185/8899 2779/3183/8898 2799/3199/8895
f 2781/3187/8900 2780/3185/8899 2799/3199/8895
f 2782/3189/8901 2781/3187/8900 2799/3199/8895
f 2783/3191/8902 2782/3189/8901 2799/3199/8895
f 2784/3193/8903 2783/3191/8902 2799/3199/8895
f 2785/3195/8904 2784/3193/8903 2799/3199/8895
f 2786/3197/8905 2785/3195/8904 2799/3199/8895
f 2775/3175/8894 2786/3197/8905 2799/3199/8895
s 390
f 2787/3178/8906 2788/3177/8907 2800/3200/8908
f 2788/3177/8907 2789/3180/8909 2800/3200/8908
f 2789/3180/8909 2790/3182/8910 2800/3200/8908
f 2790/3182/8910 2791/3184/8911 2800/3200/8908
f 2791/3184/8911 2792/3186/8912 2800/3200/8908
f 2792/3186/8912 2793/3188/8913 2800/3200/8908
f 2793/3188/8913 2794/3190/8914 2800/3200/8908
f 2794/3190/8914 2795/3192/8915 2800/3200/8908
f 2795/3192/8915 2796/3194/8916 2800/3200/8908
f 2796/3194/8916 2797/3196/8917 2800/3200/8908
f 2797/3196/8917 2798/3198/8918 2800/3200/8908
f 2798/3198/8918 2787/3178/8906 2800/3200/8908
s 391
f 2801/3201/8919 2802/3202/8920 2814/3203/8921 2813/3204/8922
f 2802/3202/8920 2803/3205/8923 2815/3206/8924 2814/3203/8921
f 2803/3205/8923 2804/3207/8925 2816/3208/8926 2815/3206/8924
f 2804/3207/8925 2805/3209/8927 2817/3210/8928 2816/3208/8926
f 2805/3209/8927 2806/3211/8929 2818/3212/8930 2817/3210/8928
f 2806/3211/8929 2807/3213/8931 2819/3214/8932 2818/3212/8930
f 2807/3213/8931 2808/3215/8933 2820/3216/8934 2819/3214/8932
f 2808/3215/8933 2809/3217/8935 2821/3218/8936 2820/3216/8934
f 2809/3217/8935 2810/3219/8937 2822/3220/8938 2821/3218/8936
f 2810/3219/8937 2811/3221/8939 2823/3222/8940 2822/3220/8938
f 2811/3221/8939 2812/3223/8941 2824/3224/8942 2823/3222/8940
f 2812/3223/8941 2801/3201/8919 2813/3204/8922 2824/3224/8942
s 392
f 2802/3202/8943 2801/3201/8944 2825/3225/8945
f 2803/3205/8946 2802/3202/8943 2825/3225/8945
f 2804/3207/8947 2803/3205/8946 2825/3225/8945
f 2805/3209/8948 2804/3207/8947 2825/3225/8945
f 2806/3211/8949 2805/3209/8948 2825/3225/8945
f 2807/3213/8950 2806/3211/8949 2825/3225/8945
f 2808/3215/8951 2807/3213/8950 2825/3225/8945
f 2809/3217/8952 2808/3215/8951 2825/3225/8945
f 2810/3219/8953 2809/3217/8952 2825/3225/8945
f 2811/3221/8954 2810/3219/8953 2825/3225/8945
f 2812/3223/8955 2811/3221/8954 2825/3225/8945
f 2801/3201/8944 2812/3223/8955 2825/3225/8945
s 393
f 2813/3204/8956 2814/3203/8957 2826/3226/8958
f 2814/3203/8957 2815/3206/8959 2826/3226/8958
f 2815/3206/8959 2816/3208/8960 2826/3226/8958
f 2816/3208/8960 2817/3210/8961 2826/3226/8958
f 2817/3210/8961 2818/3212/8962 2826/3226/8958
f 2818/3212/8962 2819/3214/8963 2826/3226/8958
f 2819/3214/8963 2820/3216/8964 2826/3226/8958
f 2820/3216/8964 2821/3218/8965 2826/3226/8958
f 2821/3218/8965 2822/3220/8966 2826/3226/8958
f 2822/3220/8966 2823/3222/8967 2826/3226/8958
f 2823/3222/8967 2824/3224/8968 2826/3226/8958
f 2824/3224/8968 2813/3204/8956 2826/3226/8958
s 394
f 2855/3227/8969 2846/3228/8970 2852/3229/8971 2851/3230/8972
s 395
f 2860/3231/8973 2829/3232/8974 2857/3233/8975 2856/3234/8976
s off
f 2865/3235/8977 2838/3236/8978 2862/3237/8979 2861/3238/8980
f 2870/3239/8981 2832/3240/8982 2867/3241/8983 2866/3242/8984
f 2875/3243/8985 2827/3244/8986 2872/3245/8987 2871/3246/8988
s 396
f 2880/3247/8989 2845/3248/8990 2877/3249/8991 2876/3250/8992
s 397
f 2883/3251/8993 2847/3252/8994 2877/3249/8995 2881/3253/8996
s 395
f 2886/3254/8997 2829/3232/8974 2860/3231/8973 2884/3255/8998
s 398
f 2891/3256/8999 2828/3257/9000 2888/3258/9001 2887/3259/9002
s 399
f 2859/3260/9003 2844/3261/9004 2889/3262/9005 2892/3263/9006
s 400
f 2893/3264/9007 2845/3248/9008 2880/3247/9009 2894/3265/9010
s 401
f 2895/3266/9011 2836/3267/9012 2879/3268/9013 2896/3269/9014
s off
f 2897/3270/9015 2837/3271/9016 2878/3272/9017 2898/3273/9018
s 402
f 2899/3274/9019 2847/3252/9020 2883/3251/9021 2900/3275/9022
s off
f 2901/3276/9023 2833/3277/9024 2882/3278/9025 2902/3279/9026
f 2857/3233/9027 2829/3232/9028 2903/3280/9029 2904/3281/9030
f 2908/3282/9031 2832/3240/9032 2870/3239/9033 2906/3283/9034
f 2907/3284/9035 2840/3285/9036 2869/3286/9037 2909/3287/9038
s 403
f 2910/3288/9039 2841/3289/9040 2868/3290/9041 2911/3291/9042
s off
f 2867/3241/9043 2832/3240/9044 2913/3292/9045 2912/3293/9046
f 2913/3292/9047 2832/3240/9048 2908/3282/9049 2914/3294/9050
f 2872/3245/9051 2827/3244/9052 2890/3295/9053 2916/3296/9054
s 404
f 2852/3229/9055 2849/3297/9056 2853/3298/9057 2851/3230/9058
s off
f 2853/3298/9059 2830/3299/9060 2854/3300/9061 2851/3230/9062
f 2854/3300/9063 2845/3248/9064 2855/3227/9065 2851/3230/9066
s 405
f 2857/3233/9067 2850/3301/9068 2858/3302/9069 2856/3234/9070
s 406
f 2858/3302/9071 2844/3261/9072 2859/3260/9073 2856/3234/9074
s 407
f 2859/3260/9075 2843/3303/9076 2860/3231/9077 2856/3234/9078
s 408
f 2862/3237/9079 2848/3304/9080 2863/3305/9081 2861/3238/9082
s 407
f 2863/3305/9083 2843/3303/9076 2864/3306/9084 2861/3238/9085
s off
f 2864/3306/9086 2835/3307/9087 2865/3235/9088 2861/3238/9089
f 2867/3241/9090 2828/3257/9091 2868/3290/9092 2866/3242/9093
f 2868/3290/9094 2841/3289/9095 2869/3286/9096 2866/3242/9097
f 2869/3286/9098 2840/3285/9099 2870/3239/9100 2866/3242/9101
f 2872/3245/9102 2831/3308/9103 2873/3309/9104 2871/3246/9105
f 2873/3309/9106 2839/3310/9107 2874/3311/9108 2871/3246/9109
f 2874/3311/9110 2842/3312/9111 2875/3243/9112 2871/3246/9113
s 397
f 2877/3249/8995 2847/3252/8994 2878/3272/9114 2876/3250/9115
s off
f 2878/3272/9116 2837/3271/9117 2879/3268/9118 2876/3250/9119
f 2879/3268/9120 2836/3267/9121 2880/3247/9122 2876/3250/9123
s 396
f 2877/3249/8991 2845/3248/8990 2854/3300/9124 2881/3253/9125
s off
f 2854/3300/9126 2830/3299/9127 2882/3278/9128 2881/3253/9129
f 2882/3278/9130 2833/3277/9131 2883/3251/9132 2881/3253/9133
s 407
f 2860/3231/9077 2843/3303/9076 2863/3305/9083 2884/3255/9134
s 408
f 2863/3305/9081 2848/3304/9080 2885/3313/9135 2884/3255/9136
s off
f 2885/3313/9137 2834/3314/9138 2886/3254/9139 2884/3255/9140
s 409
f 2888/3258/9141 2846/3228/9142 2889/3262/9143 2887/3259/9144
s 399
f 2889/3262/9005 2844/3261/9004 2890/3295/9145 2887/3259/9146
s 410
f 2890/3295/9147 2827/3244/9148 2891/3256/9149 2887/3259/9150
s 409
f 2889/3262/9143 2846/3228/9142 2855/3227/9151 2892/3263/9152
s 400
f 2855/3227/9153 2845/3248/9008 2893/3264/9007 2892/3263/9154
s 411
f 2893/3264/9155 2843/3303/9156 2859/3260/9157 2892/3263/9158
s 401
f 2880/3247/9159 2836/3267/9012 2895/3266/9011 2894/3265/9160
s 412
f 2895/3266/9161 2835/3307/9162 2864/3306/9163 2894/3265/9164
s 411
f 2864/3306/9165 2843/3303/9156 2893/3264/9155 2894/3265/9166
s off
f 2879/3268/9167 2837/3271/9168 2897/3270/9169 2896/3269/9170
f 2897/3270/9171 2838/3236/9172 2865/3235/9173 2896/3269/9174
s 412
f 2865/3235/9175 2835/3307/9162 2895/3266/9161 2896/3269/9176
s 402
f 2878/3272/9177 2847/3252/9020 2899/3274/9019 2898/3273/9178
s 413
f 2899/3274/9179 2848/3304/9180 2862/3237/9181 2898/3273/9182
s off
f 2862/3237/9183 2838/3236/9184 2897/3270/9185 2898/3273/9186
f 2883/3251/9187 2833/3277/9188 2901/3276/9189 2900/3275/9190
f 2901/3276/9191 2834/3314/9192 2885/3313/9193 2900/3275/9194
s 413
f 2885/3313/9195 2848/3304/9180 2899/3274/9179 2900/3275/9196
s off
f 2882/3278/9197 2830/3299/9198 2903/3280/9199 2902/3279/9200
f 2903/3280/9201 2829/3232/9202 2886/3254/9203 2902/3279/9204
f 2886/3254/9205 2834/3314/9206 2901/3276/9207 2902/3279/9208
f 2903/3280/9209 2830/3299/9210 2853/3298/9211 2904/3281/9212
s 414
f 2853/3298/9213 2849/3297/9214 2905/3315/9215 2904/3281/9216
s 415
f 2905/3315/9217 2850/3301/9218 2857/3233/9219 2904/3281/9220
s off
f 2870/3239/9221 2840/3285/9222 2907/3284/9223 2906/3283/9224
f 2907/3284/9225 2839/3310/9226 2873/3309/9227 2906/3283/9228
f 2873/3309/9229 2831/3308/9230 2908/3282/9231 2906/3283/9232
s 403
f 2869/3286/9233 2841/3289/9040 2910/3288/9039 2909/3287/9234
s 416
f 2910/3288/9235 2842/3312/9236 2874/3311/9237 2909/3287/9238
s off
f 2874/3311/9239 2839/3310/9240 2907/3284/9241 2909/3287/9242
s 398
f 2868/3290/9243 2828/3257/9000 2891/3256/8999 2911/3291/9244
s 410
f 2891/3256/9149 2827/3244/9148 2875/3243/9245 2911/3291/9246
s 416
f 2875/3243/9247 2842/3312/9236 2910/3288/9235 2911/3291/9248
s 404
f 2913/3292/9249 2849/3297/9056 2852/3229/9055 2912/3293/9250
s 394
f 2852/3229/8971 2846/3228/8970 2888/3258/9251 2912/3293/9252
s off
f 2888/3258/9253 2828/3257/9254 2867/3241/9255 2912/3293/9256
f 2908/3282/9257 2831/3308/9258 2915/3316/9259 2914/3294/9260
s 415
f 2915/3316/9261 2850/3301/9218 2905/3315/9217 2914/3294/9262
s 414
f 2905/3315/9215 2849/3297/9214 2913/3292/9263 2914/3294/9264
s 406
f 2890/3295/9265 2844/3261/9072 2858/3302/9071 2916/3296/9266
s 405
f 2858/3302/9069 2850/3301/9068 2915/3316/9267 2916/3296/9268
s off
f 2915/3316/9269 2831/3308/9270 2872/3245/9271 2916/3296/9272
s 417
f 2945/3317/9273 2936/3318/9274 2942/3319/9275 2941/3320/9276
s 418
f 2950/3321/9277 2919/3322/9278 2947/3323/9279 2946/3324/9280
s off
f 2955/3325/9281 2928/3326/9282 2952/3327/9283 2951/3328/9284
f 2960/3329/9285 2922/3330/9286 2957/3331/9287 2956/3332/9288
f 2965/3333/9289 2917/3334/9290 2962/3335/9291 2961/3336/9292
s 419
f 2970/3337/9293 2935/3338/9294 2967/3339/9295 2966/3340/9296
s 420
f 2973/3341/9297 2937/3342/9298 2967/3339/9299 2971/3343/9300
s 418
f 2976/3344/9301 2919/3322/9278 2950/3321/9277 2974/3345/9302
s 421
f 2981/3346/9303 2918/3347/9304 2978/3348/9305 2977/3349/9306
s 422
f 2949/3350/9307 2934/3351/9308 2979/3352/9309 2982/3353/9310
s 423
f 2983/3354/9311 2935/3338/9312 2970/3337/9313 2984/3355/9314
s 424
f 2985/3356/9315 2926/3357/9316 2969/3358/9317 2986/3359/9318
s off
f 2987/3360/9319 2927/3361/9320 2968/3362/9321 2988/3363/9322
s 425
f 2989/3364/9323 2937/3342/9324 2973/3341/9325 2990/3365/9326
s off
f 2991/3366/9327 2923/3367/9328 2972/3368/9329 2992/3369/9330
f 2947/3323/9331 2919/3322/9332 2993/3370/9333 2994/3371/9334
f 2998/3372/9335 2922/3330/9336 2960/3329/9337 2996/3373/9338
f 2997/3374/9339 2930/3375/9340 2959/3376/9341 2999/3377/9342
s 426
f 3000/3378/9343 2931/3379/9344 2958/3380/9345 3001/3381/9346
s off
f 2957/3331/9347 2922/3330/9348 3003/3382/9349 3002/3383/9350
f 3003/3382/9351 2922/3330/9352 2998/3372/9353 3004/3384/9354
f 2962/3335/9355 2917/3334/9356 2980/3385/9357 3006/3386/9358
s 427
f 2942/3319/9359 2939/3387/9360 2943/3388/9361 2941/3320/9362
s off
f 2943/3388/9363 2920/3389/9364 2944/3390/9365 2941/3320/9366
f 2944/3390/9367 2935/3338/9368 2945/3317/9369 2941/3320/9370
s 428
f 2947/3323/9371 2940/3391/9372 2948/3392/9373 2946/3324/9374
s 429
f 2948/3392/9375 2934/3351/9376 2949/3350/9377 2946/3324/9378
s 430
f 2949/3350/9379 2933/3393/9380 2950/3321/9381 2946/3324/9382
s 431
f 2952/3327/9383 2938/3394/9384 2953/3395/9385 2951/3328/9386
s 430
f 2953/3395/9387 2933/3393/9380 2954/3396/9388 2951/3328/9389
s off
f 2954/3396/9390 2925/3397/9391 2955/3325/9392 2951/3328/9393
f 2957/3331/9394 2918/3347/9395 2958/3380/9396 2956/3332/9397
f 2958/3380/9398 2931/3379/9399 2959/3376/9400 2956/3332/9401
f 2959/3376/9402 2930/3375/9403 2960/3329/9404 2956/3332/9405
f 2962/3335/9406 2921/3398/9407 2963/3399/9408 2961/3336/9409
f 2963/3399/9410 2929/3400/9411 2964/3401/9412 2961/3336/9413
f 2964/3401/9414 2932/3402/9415 2965/3333/9416 2961/3336/9417
s 420
f 2967/3339/9299 2937/3342/9298 2968/3362/9418 2966/3340/9419
s off
f 2968/3362/9420 2927/3361/9421 2969/3358/9422 2966/3340/9423
f 2969/3358/9424 2926/3357/9425 2970/3337/9426 2966/3340/9427
s 419
f 2967/3339/9295 2935/3338/9294 2944/3390/9428 2971/3343/9429
s off
f 2944/3390/9430 2920/3389/9431 2972/3368/9432 2971/3343/9433
f 2972/3368/9434 2923/3367/9435 2973/3341/9436 2971/3343/9437
s 430
f 2950/3321/9381 2933/3393/9380 2953/3395/9387 2974/3345/9438
s 431
f 2953/3395/9385 2938/3394/9384 2975/3403/9439 2974/3345/9440
s off
f 2975/3403/9441 2924/3404/9442 2976/3344/9443 2974/3345/9444
s 432
f 2978/3348/9445 2936/3318/9446 2979/3352/9447 2977/3349/9448
s 422
f 2979/3352/9309 2934/3351/9308 2980/3385/9449 2977/3349/9450
s 433
f 2980/3385/9451 2917/3334/9452 2981/3346/9453 2977/3349/9454
s 432
f 2979/3352/9447 2936/3318/9446 2945/3317/9455 2982/3353/9456
s 423
f 2945/3317/9457 2935/3338/9312 2983/3354/9311 2982/3353/9458
s 434
f 2983/3354/9459 2933/3393/9460 2949/3350/9461 2982/3353/9462
s 424
f 2970/3337/9463 2926/3357/9316 2985/3356/9315 2984/3355/9464
s 435
f 2985/3356/9465 2925/3397/9466 2954/3396/9467 2984/3355/9468
s 434
f 2954/3396/9469 2933/3393/9460 2983/3354/9459 2984/3355/9470
s off
f 2969/3358/9471 2927/3361/9472 2987/3360/9473 2986/3359/9474
f 2987/3360/9475 2928/3326/9476 2955/3325/9477 2986/3359/9478
s 435
f 2955/3325/9479 2925/3397/9466 2985/3356/9465 2986/3359/9480
s 425
f 2968/3362/9481 2937/3342/9324 2989/3364/9323 2988/3363/9482
s 436
f 2989/3364/9483 2938/3394/9484 2952/3327/9485 2988/3363/9486
s off
f 2952/3327/9487 2928/3326/9488 2987/3360/9489 2988/3363/9490
f 2973/3341/9491 2923/3367/9492 2991/3366/9493 2990/3365/9494
f 2991/3366/9495 2924/3404/9496 2975/3403/9497 2990/3365/9498
s 436
f 2975/3403/9499 2938/3394/9484 2989/3364/9483 2990/3365/9500
s off
f 2972/3368/9501 2920/3389/9502 2993/3370/9503 2992/3369/9504
f 2993/3370/9505 2919/3322/9506 2976/3344/9507 2992/3369/9508
f 2976/3344/9509 2924/3404/9510 2991/3366/9511 2992/3369/9512
f 2993/3370/9513 2920/3389/9514 2943/3388/9515 2994/3371/9516
s 437
f 2943/3388/9517 2939/3387/9518 2995/3405/9519 2994/3371/9520
s 438
f 2995/3405/9521 2940/3391/9522 2947/3323/9523 2994/3371/9524
s off
f 2960/3329/9525 2930/3375/9526 2997/3374/9527 2996/3373/9528
f 2997/3374/9529 2929/3400/9530 2963/3399/9531 2996/3373/9532
f 2963/3399/9533 2921/3398/9534 2998/3372/9535 2996/3373/9536
s 426
f 2959/3376/9537 2931/3379/9344 3000/3378/9343 2999/3377/9538
s 439
f 3000/3378/9539 2932/3402/9540 2964/3401/9541 2999/3377/9542
s off
f 2964/3401/9543 2929/3400/9544 2997/3374/9545 2999/3377/9546
s 421
f 2958/3380/9547 2918/3347/9304 2981/3346/9303 3001/3381/9548
s 433
f 2981/3346/9453 2917/3334/9452 2965/3333/9549 3001/3381/9550
s 439
f 2965/3333/9551 2932/3402/9540 3000/3378/9539 3001/3381/9552
s 427
f 3003/3382/9553 2939/3387/9360 2942/3319/9359 3002/3383/9554
s 417
f 2942/3319/9275 2936/3318/9274 2978/3348/9555 3002/3383/9556
s off
f 2978/3348/9557 2918/3347/9558 2957/3331/9559 3002/3383/9560
f 2998/3372/9561 2921/3398/9562 3005/3406/9563 3004/3384/9564
s 438
f 3005/3406/9565 2940/3391/9522 2995/3405/9521 3004/3384/9566
s 437
f 2995/3405/9519 2939/3387/9518 3003/3382/9567 3004/3384/9568
s 429
f 2980/3385/9569 2934/3351/9376 2948/3392/9375 3006/3386/9570
s 428
f 2948/3392/9373 2940/3391/9372 3005/3406/9571 3006/3386/9572
s off
f 3005/3406/9573 2921/3398/9574 2962/3335/9575 3006/3386/9576
s 440
f 3007/3407/9577 3008/3408/9578 3020/3409/9579 3019/3410/9580
f 3008/3408/9578 3009/3411/9581 3021/3412/9582 3020/3409/9579
f 3009/3411/9581 3010/3413/9583 3022/3414/9584 3021/3412/9582
f 3010/3413/9583 3011/3415/9585 3023/3416/9586 3022/3414/9584
f 3011/3415/9585 3012/3417/9587 3024/3418/9588 3023/3416/9586
f 3012/3417/9587 3013/3419/9589 3025/3420/9590 3024/3418/9588
f 3013/3419/9589 3014/3421/9591 3026/3422/9592 3025/3420/9590
f 3014/3421/9591 3015/3423/9593 3027/3424/9594 3026/3422/9592
f 3015/3423/9593 3016/3425/9595 3028/3426/9596 3027/3424/9594
f 3016/3425/9595 3017/3427/9597 3029/3428/9598 3028/3426/9596
f 3017/3427/9597 3018/3429/9599 3030/3430/9600 3029/3428/9598
f 3018/3429/9599 3007/3407/9577 3019/3410/9580 3030/3430/9600
s 441
f 3008/3408/9601 3007/3407/9602 3031/3431/9603
f 3009/3411/9604 3008/3408/9601 3031/3431/9603
f 3010/3413/9605 3009/3411/9604 3031/3431/9603
f 3011/3415/9606 3010/3413/9605 3031/3431/9603
f 3012/3417/9607 3011/3415/9606 3031/3431/9603
f 3013/3419/9608 3012/3417/9607 3031/3431/9603
f 3014/3421/9609 3013/3419/9608 3031/3431/9603
f 3015/3423/9610 3014/3421/9609 3031/3431/9603
f 3016/3425/9611 3015/3423/9610 3031/3431/9603
f 3017/3427/9612 3016/3425/9611 3031/3431/9603
f 3018/3429/9613 3017/3427/9612 3031/3431/9603
f 3007/3407/9602 3018/3429/9613 3031/3431/9603
s 442
f 3019/3410/9614 3020/3409/9615 3032/3432/9616
f 3020/3409/9615 3021/3412/9617 3032/3432/9616
f 3021/3412/9617 3022/3414/9618 3032/3432/9616
f 3022/3414/9618 3023/3416/9619 3032/3432/9616
f 3023/3416/9619 3024/3418/9620 3032/3432/9616
f 3024/3418/9620 3025/3420/9621 3032/3432/9616
f 3025/3420/9621 3026/3422/9622 3032/3432/9616
f 3026/3422/9622 3027/3424/9623 3032/3432/9616
f 3027/3424/9623 3028/3426/9624 3032/3432/9616
f 3028/3426/9624 3029/3428/9625 3032/3432/9616
f 3029/3428/9625 3030/3430/9626 3032/3432/9616
f 3030/3430/9626 3019/3410/9614 3032/3432/9616
s off
f 3033/3433/9627 3034/3434/9628 3036/3435/9629 3035/3436/9630
f 3035/3436/9631 3036/3435/9632 3038/3437/9633 3037/3438/9634
f 3037/3438/9635 3038/3437/9636 3040/3439/9637 3039/3440/9638
f 3039/3440/9639 3040/3439/9640 3034/3434/9641 3033/3433/9642
f 3034/3434/9643 3040/3439/9644 3038/3437/9645 3036/3435/9646
f 3039/3440/9647 3033/3433/9648 3035/3436/9649 3037/3438/9650
f 3041/3441/9651 3042/3442/9652 3044/3443/9653 3043/3444/9654
f 3043/3444/9655 3044/3443/9656 3046/3445/9657 3045/3446/9658
f 3045/3446/9659 3046/3445/9660 3048/3447/9661 3047/3448/9662
f 3047/3448/9663 3048/3447/9664 3042/3442/9665 3041/3441/9666
f 3042/3442/9667 3048/3447/9668 3046/3445/9669 3044/3443/9670
f 3047/3448/9671 3041/3441/9672 3043/3444/9673 3045/3446/9674
f 3049/3449/9675 3050/3450/9676 3052/3451/9677 3051/3452/9678
f 3051/3452/9679 3052/3451/9680 3054/3453/9681 3053/3454/9682
f 3053/3454/9683 3054/3453/9684 3056/3455/9685 3055/3456/9686
f 3055/3456/9687 3056/3455/9688 3050/3450/9689 3049/3449/9690
f 3050/3450/9691 3056/3455/9692 3054/3453/9693 3052/3451/9694
f 3055/3456/9695 3049/3449/9696 3051/3452/9697 3053/3454/9698
f 3057/3457/9699 3058/3458/9700 3060/3459/9701 3059/3460/9702
f 3059/3460/9703 3060/3459/9704 3062/3461/9705 3061/3462/9706
f 3061/3462/9707 3062/3461/9708 3064/3463/9709 3063/3464/9710
f 3063/3464/9711 3064/3463/9712 3058/3458/9713 3057/3457/9714
f 3058/3458/9715 3064/3463/9716 3062/3461/9717 3060/3459/9718
f 3063/3464/9719 3057/3457/9720 3059/3460/9721 3061/3462/9722
f 3065/3465/9723 3066/3466/9724 3068/3467/9725 3067/3468/9726
f 3067/3468/9727 3068/3467/9728 3070/3469/9729 3069/3470/9730
f 3069/3470/9731 3070/3469/9732 3072/3471/9733 3071/3472/9734
f 3071/3472/9735 3072/3471/9736 3066/3466/9737 3065/3465/9738
f 3066/3466/9739 3072/3471/9740 3070/3469/9741 3068/3467/9742
f 3071/3472/9743 3065/3465/9744 3067/3468/9745 3069/3470/9746
