# This file uses centimeters as units for non-parametric coordinates.

mtllib scene_building_main_right.mtl
g default
v 246.863281 689.012573 49.278198
v 246.863281 731.154846 49.278198
v 246.863281 731.154846 -599.265930
v 246.863281 689.012573 -599.265930
v 768.589844 689.012573 49.278198
v 768.589844 731.154846 49.278198
v 768.589844 689.012573 -599.265930
v 768.589844 731.154846 -599.265930
v 246.863281 698.286255 49.278198
v 246.863281 721.881165 49.278198
v 246.863281 721.881165 -599.265930
v 246.863281 698.286255 -599.265930
v 768.589844 698.286255 49.278198
v 768.589844 721.881165 49.278198
v 768.589844 698.286255 -599.265930
v 768.589844 721.881165 -599.265930
v 227.696289 698.225586 37.881470
v 227.696289 721.941833 37.881470
v 227.696289 721.941833 -588.621765
v 227.696289 698.225586 -588.621765
v 731.691406 698.225586 37.881470
v 731.691406 721.941833 37.881470
v 731.691406 698.225586 -588.621765
v 731.691406 721.941833 -588.621765
v 227.696289 710.083740 37.881470
v 227.696289 710.083740 -588.621765
v 246.863281 731.154846 -274.993835
v 731.691406 710.083679 -275.370239
v 731.691406 710.083740 37.881470
v 731.691406 698.225586 -275.370117
v 731.691406 710.083740 -588.621765
v 731.691406 721.941833 -275.370117
v 246.863281 689.012573 -274.993835
v 479.692383 710.083679 37.881226
v 479.693359 698.225586 37.881470
v 479.693359 721.941833 37.881470
v 507.726562 689.012573 -274.993774
v 507.726562 689.012573 -599.265930
v 768.589844 689.012573 -274.993835
v 507.726562 689.012573 49.278198
v 479.692383 710.083679 -588.621826
v 479.693359 721.941833 -588.621765
v 479.693359 698.225586 -588.621765
v 507.726562 731.154846 -274.993774
v 507.726562 731.154846 49.278198
v 768.589844 731.154846 -274.993835
v 507.726562 731.154846 -599.265930
v 246.863281 693.649414 49.278198
v 246.863281 726.518005 49.278198
v 246.863281 693.649414 -599.265930
v 246.863281 726.518005 -599.265930
v 768.589844 693.649414 -274.993774
v 768.589844 693.649414 -599.265930
v 768.589844 698.286255 -274.993835
v 768.589844 693.649414 49.278198
v 768.589844 726.518005 -274.993774
v 768.589844 726.518005 49.278198
v 768.589844 721.881165 -274.993835
v 768.589844 726.518005 -599.265930
v 507.726562 693.649414 49.278198
v 507.726562 698.286255 49.278198
v 507.726562 726.518005 49.278198
v 507.726562 721.881165 49.278198
v 507.726562 726.518005 -599.265869
v 507.726562 721.881165 -599.265930
v 507.726562 693.649414 -599.265869
v 507.726562 698.286255 -599.265930
v 237.279297 698.255920 43.579834
v 237.279297 721.911499 43.579834
v 237.279297 698.255920 -593.943848
v 237.279297 721.911499 -593.943848
v 750.441406 698.256470 -275.128052
v 750.140625 698.255920 -593.943848
v 750.140625 698.255920 43.579834
v 750.441406 721.911072 -275.128052
v 750.140625 721.911499 43.579834
v 750.140625 721.911499 -593.943848
v 497.789062 698.256409 43.672729
v 497.790039 721.911072 43.672852
v 497.830078 721.911011 -594.030762
v 497.830078 698.256470 -594.030762
v 279.291016 571.375427 27.192993
v 417.610352 571.375427 28.304077
v 279.291016 584.400330 27.192993
v 417.610352 584.400330 28.304077
v 278.953125 584.400330 7.798828
v 417.273438 584.400330 8.909790
v 278.953125 571.375427 7.798828
v 417.273438 571.375427 8.909790
v 348.450195 577.887878 27.748413
v 348.451172 571.375427 27.748535
v 417.610352 577.887878 28.304077
v 348.451172 584.400330 27.748535
v 279.291016 577.887878 27.192993
v 348.282227 584.400330 18.051392
v 417.441406 584.400330 18.606934
v 348.113281 584.400330 8.354370
v 279.122070 584.400330 17.495972
v 348.112305 577.887878 8.354248
v 417.273438 577.887878 8.909790
v 348.113281 571.375427 8.354370
v 278.953125 577.887878 7.798828
v 348.282227 571.375427 18.051392
v 417.441406 571.375427 18.606934
v 279.122070 571.375427 17.495972
v 417.442383 577.887878 18.606934
v 279.122070 577.887878 17.495972
v 393.488281 584.357056 15.980591
v 393.488281 461.667419 15.980591
v 403.794922 584.357056 16.067261
v 403.794922 461.667419 16.067261
v 403.615234 584.357056 5.846558
v 403.615234 461.667419 5.846558
v 393.308594 584.357056 5.759888
v 393.308594 461.667419 5.759888
v 398.640625 523.012207 16.023926
v 393.488281 523.012268 15.980591
v 398.641602 461.667419 16.023926
v 403.794922 523.012268 16.067261
v 398.641602 584.357056 16.023926
v 403.704102 523.012207 10.956787
v 403.705078 461.667419 10.956909
v 403.615234 523.012268 5.846558
v 403.705078 584.357056 10.956909
v 398.460938 523.012207 5.803223
v 398.461914 461.667419 5.803223
v 393.308594 523.012268 5.759888
v 398.461914 584.357056 5.803223
v 393.398438 523.012207 10.870117
v 393.398438 461.667419 10.870239
v 393.398438 584.357056 10.870239
v 398.551758 461.667450 10.913574
v 398.551758 584.357056 10.913452
v 281.013672 440.400940 35.462524
v 416.292969 440.400940 36.681885
v 281.013672 464.681702 35.462524
v 416.292969 464.681702 36.681885
v 280.368164 464.681702 -0.691895
v 415.647461 464.681702 0.527466
v 280.368164 440.400940 -0.691895
v 415.647461 440.400940 0.527466
v 348.653320 452.541321 36.072144
v 348.653320 440.400940 36.072144
v 416.292969 452.541321 36.681885
v 348.653320 464.681702 36.072144
v 281.013672 452.541321 35.462524
v 348.330078 464.681671 17.994995
v 415.970703 464.681702 18.604614
v 348.007812 464.681702 -0.082153
v 280.691406 464.681702 17.385376
v 348.007812 452.541321 -0.082153
v 415.647461 452.541321 0.527466
v 348.007812 440.400940 -0.082153
v 280.368164 452.541321 -0.691895
v 348.330078 440.400909 17.994995
v 415.970703 440.400940 18.604614
v 280.691406 440.400940 17.385376
v 415.970703 452.541290 18.604614
v 280.690430 452.541290 17.385254
v 290.701172 584.357056 15.208252
v 290.701172 461.667419 15.208252
v 301.007812 584.357056 15.294800
v 301.007812 461.667419 15.294800
v 300.828125 584.357056 5.074097
v 300.828125 461.667419 5.074097
v 290.521484 584.357056 4.987427
v 290.521484 461.667419 4.987427
v 295.854492 523.012207 15.251465
v 290.701172 523.012268 15.208252
v 295.854492 461.667419 15.251587
v 301.007812 523.012268 15.294800
v 295.854492 584.357056 15.251587
v 300.916992 523.012207 10.184448
v 300.917969 461.667419 10.184448
v 300.828125 523.012268 5.074097
v 300.917969 584.357056 10.184448
v 295.674805 523.012207 5.030640
v 295.674805 461.667419 5.030762
v 290.521484 523.012268 4.987427
v 295.674805 584.357056 5.030762
v 290.610352 523.012146 10.097778
v 290.611328 461.667419 10.097778
v 290.611328 584.357056 10.097778
v 295.765625 461.667450 10.141235
v 295.764648 584.357117 10.141113
v 514.334961 584.357056 15.208252
v 514.334961 461.667419 15.208252
v 524.640625 584.357056 15.294800
v 524.640625 461.667419 15.294800
v 524.460938 584.357056 5.074097
v 524.460938 461.667419 5.074097
v 514.154297 584.357056 4.987427
v 514.154297 461.667419 4.987427
v 519.487305 523.012207 15.251465
v 514.334961 523.012268 15.208252
v 519.488281 461.667419 15.251587
v 524.640625 523.012268 15.294800
v 519.488281 584.357056 15.251587
v 524.549805 523.012207 10.184448
v 524.550781 461.667419 10.184448
v 524.460938 523.012268 5.074097
v 524.550781 584.357056 10.184448
v 519.307617 523.012207 5.030640
v 519.307617 461.667419 5.030762
v 514.154297 523.012268 4.987427
v 519.307617 584.357056 5.030762
v 514.244141 523.012207 10.097656
v 514.244141 461.667419 10.097778
v 514.244141 584.357056 10.097778
v 519.397461 461.667419 10.140991
v 519.396484 584.356995 10.140991
v 504.646484 440.400940 35.462524
v 639.925781 440.400940 36.681885
v 504.646484 464.681702 35.462524
v 639.925781 464.681702 36.681885
v 504.001953 464.681702 -0.691895
v 639.281250 464.681702 0.527466
v 504.001953 440.400940 -0.691895
v 639.281250 440.400940 0.527466
v 572.286133 452.541321 36.072144
v 572.286133 440.400940 36.072144
v 639.925781 452.541321 36.681885
v 572.286133 464.681702 36.072144
v 504.646484 452.541321 35.462524
v 571.963867 464.681702 17.995117
v 639.603516 464.681702 18.604614
v 571.641602 464.681702 -0.082153
v 504.324219 464.681702 17.385376
v 571.641602 452.541321 -0.082153
v 639.281250 452.541321 0.527466
v 571.641602 440.400940 -0.082153
v 504.001953 452.541321 -0.691895
v 571.963867 440.400940 17.995117
v 639.603516 440.400940 18.604614
v 504.324219 440.400940 17.385376
v 639.604492 452.541351 18.604736
v 504.324219 452.541351 17.385498
v 617.122070 584.357056 15.980591
v 617.122070 461.667419 15.980591
v 627.427734 584.357056 16.067261
v 627.427734 461.667419 16.067261
v 627.248047 584.357056 5.846558
v 627.248047 461.667419 5.846558
v 616.941406 584.357056 5.759888
v 616.941406 461.667419 5.759888
v 622.274414 523.012207 16.023804
v 617.122070 523.012268 15.980591
v 622.275391 461.667419 16.023926
v 627.427734 523.012268 16.067261
v 622.275391 584.357056 16.023926
v 627.336914 523.012207 10.956787
v 627.337891 461.667419 10.956909
v 627.248047 523.012268 5.846558
v 627.337891 584.357056 10.956909
v 622.094727 523.012207 5.803223
v 622.094727 461.667419 5.803223
v 616.941406 523.012268 5.759888
v 622.094727 584.357056 5.803223
v 617.031250 523.012207 10.870239
v 617.031250 461.667419 10.870239
v 617.031250 584.357056 10.870239
v 622.184570 461.667419 10.913452
v 622.184570 584.356995 10.913452
v 502.923828 572.160339 27.192993
v 641.244141 572.160339 28.304077
v 502.923828 585.185242 27.192993
v 641.244141 585.185242 28.304077
v 502.586914 585.185242 7.798828
v 640.906250 585.185242 8.909790
v 502.586914 572.160339 7.798828
v 640.906250 572.160339 8.909790
v 572.083984 578.672791 27.748413
v 572.083984 572.160339 27.748535
v 641.244141 578.672791 28.304077
v 572.083984 585.185242 27.748535
v 502.923828 578.672791 27.192993
v 571.915039 585.185242 18.051392
v 641.075195 585.185242 18.606934
v 571.746094 585.185242 8.354370
v 502.755859 585.185242 17.495972
v 571.746094 578.672729 8.354370
v 640.906250 578.672791 8.909790
v 571.746094 572.160339 8.354370
v 502.586914 578.672791 7.798828
v 571.915039 572.160339 18.051514
v 641.075195 572.160339 18.606934
v 502.755859 572.160339 17.495972
v 641.075195 578.672729 18.606934
v 502.755859 578.672852 17.496094
v 295.591797 36.819298 135.305298
v 624.452148 36.819298 135.305298
v 295.591797 124.757034 135.305298
v 624.452148 124.757034 135.305298
v 295.591797 124.757034 47.367432
v 624.452148 124.757034 47.367432
v 295.591797 36.819298 47.367432
v 624.452148 36.819298 47.367432
v 309.387695 124.757034 119.005981
v 610.657227 124.757034 119.005981
v 610.657227 124.757034 63.666870
v 309.387695 124.757034 63.666870
v 309.387695 70.385902 119.005981
v 610.657227 70.385902 119.005981
v 610.657227 70.385902 63.666870
v 309.387695 70.385902 63.666870
v 192.858398 400.903992 9.935425
v 736.937500 400.903992 9.935425
v 192.858398 692.099548 9.935425
v 736.937500 692.099548 9.935425
v 192.858398 692.099548 -564.166565
v 736.937500 692.099548 -564.166565
v 192.858398 400.903992 -564.166565
v 736.937500 400.903992 -564.166565
v 192.858398 356.997681 -564.166565
v 736.937500 356.997681 -564.166565
v 736.937500 356.997681 9.935425
v 192.858398 356.997681 9.935425
v 225.303711 692.099548 -24.301025
v 704.492188 692.099548 -24.301025
v 704.492188 692.099548 -529.930420
v 225.303711 692.099548 -529.930420
v 225.303711 371.957153 -24.301025
v 704.492188 371.957153 -24.301025
v 704.492188 371.957153 -529.930420
v 225.303711 371.957153 -529.930420
v 192.857422 404.349548 -609.220520
v 779.635742 404.349548 -609.220520
v 779.635742 353.552063 -609.220520
v 192.857422 353.552063 -609.220520
v 779.635742 404.349548 54.989258
v 779.635742 353.552063 54.989258
v 192.857422 404.349548 54.989258
v 192.857422 353.552063 54.989258
v 192.858398 459.143066 9.935425
v 736.937500 459.143066 9.935425
v 736.937500 459.143066 -564.166565
v 192.858398 459.143066 -564.166565
v 192.858398 575.621338 -564.166565
v 736.937500 575.621338 -564.166565
v 736.937500 575.621338 9.935425
v 192.858398 575.621338 9.935425
v 519.305664 400.903992 9.935425
v 519.305664 459.143066 9.935425
v 519.305664 575.621338 9.935425
v 519.305664 692.099548 9.935425
v 512.817383 692.099548 -24.301025
v 512.817383 371.957153 -24.301025
v 512.817383 371.957153 -529.930420
v 512.817383 692.099548 -529.930420
v 519.305664 692.099548 -564.166565
v 519.305664 575.621338 -564.166565
v 519.305664 459.143066 -564.166565
v 519.305664 400.903992 -564.166565
v 544.923828 404.349548 -609.220520
v 544.923828 353.552063 -609.220520
v 519.305664 356.997681 -564.166565
v 519.305664 356.997681 9.935425
v 544.923828 353.552063 54.989258
v 544.923828 404.349548 54.989258
v 628.122070 459.143066 -564.166565
v 628.122070 575.621338 -564.166565
v 628.122070 692.099548 -564.166565
v 608.654297 692.099548 -529.930420
v 608.654297 371.957153 -529.930420
v 608.654297 371.957153 -24.301025
v 608.654297 692.099548 -24.301025
v 628.122070 692.099548 9.935425
v 628.122070 575.621338 9.935425
v 628.122070 459.143066 9.935425
v 628.122070 400.903992 9.935425
v 662.280273 404.349548 54.989258
v 662.280273 353.552063 54.989258
v 628.122070 356.997681 9.935425
v 628.122070 356.997681 -564.166565
v 662.280273 353.552063 -609.220520
v 662.280273 404.349548 -609.220520
v 628.122070 400.903992 -564.166565
v 290.791992 400.903992 9.935425
v 290.791992 459.143066 9.935425
v 290.791992 575.621338 9.935425
v 290.791992 692.099548 9.935425
v 311.557617 692.099548 -24.301025
v 311.557617 371.957153 -24.301025
v 311.557617 371.957153 -529.930420
v 311.557617 692.099548 -529.930420
v 290.791992 692.099548 -564.166565
v 290.791992 575.621338 -564.166565
v 290.791992 459.143066 -564.166565
v 290.791992 400.903992 -564.166565
v 298.477539 404.349548 -609.220520
v 298.477539 353.552063 -609.220520
v 290.791992 356.997681 -564.166565
v 290.791992 356.997681 9.935425
v 298.477539 353.552063 54.989258
v 298.477539 404.349548 54.989258
v 403.870117 575.621338 9.935425
v 403.870117 459.143066 9.935425
v 403.870117 400.903992 9.935425
v 420.428711 404.349548 54.989258
v 420.428711 353.552032 54.989258
v 403.870117 356.997681 9.935425
v 403.870117 356.997681 -564.166565
v 420.428711 353.552032 -609.220520
v 420.428711 404.349548 -609.220520
v 403.870117 400.903992 -564.166565
v 403.870117 459.143066 -564.166565
v 403.870117 575.621338 -564.166565
v 403.870117 692.099548 -564.166565
v 411.148438 692.099548 -529.930420
v 411.148438 371.957153 -529.930420
v 411.148438 371.957153 -24.301025
v 411.148438 692.099548 -24.301025
v 403.870117 692.099548 9.935425
v 225.303711 572.888550 -24.301025
v 296.675781 572.888550 -24.301025
v 411.148438 572.888550 -24.301025
v 512.817383 572.888550 -24.301025
v 621.850586 572.888550 -24.301025
v 704.492188 572.888550 -24.301025
v 704.492188 572.888550 -529.930420
v 608.654297 572.888550 -529.930420
v 512.817383 572.888550 -529.930420
v 411.148438 572.888550 -529.930420
v 311.557617 572.888550 -529.930420
v 225.303711 572.888550 -529.930420
v 225.303711 460.958679 -24.301025
v 296.675781 460.958679 -24.301025
v 411.148438 460.958679 -24.301025
v 512.817383 460.958679 -24.301025
v 621.850586 460.958679 -24.301025
v 704.492188 460.958679 -24.301025
v 704.492188 460.958679 -529.930420
v 608.654297 460.958679 -529.930420
v 512.817383 460.958679 -529.930420
v 411.148438 460.958679 -529.930420
v 311.557617 460.958679 -529.930420
v 225.303711 460.958679 -529.930420
v 241.825195 517.382202 9.935425
v 241.825195 459.143066 9.935425
v 290.791992 517.382202 9.935425
v 241.825195 575.621338 9.935425
v 192.858398 517.382202 9.935425
v 268.430664 371.957153 -277.115662
v 268.430664 371.957153 -24.301025
v 311.557617 371.957153 -277.115662
v 268.430664 371.957153 -529.930420
v 225.303711 371.957153 -277.115662
v 241.825195 517.382202 -564.166565
v 241.825195 575.621338 -564.166565
v 290.791992 517.382202 -564.166565
v 241.825195 459.143066 -564.166565
v 192.858398 517.382202 -564.166565
v 241.825195 356.997681 -277.115479
v 241.825195 356.997681 -564.166565
v 290.791992 356.997681 -277.115540
v 241.825195 356.997681 9.935425
v 192.858398 356.997681 -277.115540
v 736.937500 517.382202 -277.115601
v 736.937500 459.143066 -277.115540
v 736.937500 517.382202 -564.166565
v 736.937500 575.621338 -277.115540
v 736.937500 517.382202 9.935425
v 245.667969 378.950806 -609.220459
v 245.667969 404.349548 -609.220520
v 298.477539 378.950806 -609.220520
v 245.667969 353.552063 -609.220520
v 192.857422 378.950806 -609.220520
v 779.634766 378.950806 -277.115662
v 779.635742 404.349548 -277.115601
v 779.635742 378.950806 54.989258
v 779.635742 353.552063 -277.115601
v 779.635742 378.950806 -609.220520
v 245.667969 378.950806 54.989258
v 298.477539 378.950806 54.989258
v 245.667969 404.349548 54.989258
v 192.857422 378.950806 54.989258
v 245.667969 353.552063 54.989258
v 253.346680 692.099548 -6.446167
v 241.825195 692.099548 9.935425
v 301.174805 692.099548 -7.182739
v 268.430664 692.099548 -24.301025
v 209.081055 692.099548 -7.182739
v 721.660156 692.099548 -277.115601
v 736.937500 692.099548 -277.115540
v 720.714844 692.099548 -547.048523
v 704.492188 692.099548 -277.115662
v 720.714844 692.099548 -7.182739
v 253.346680 692.099609 -547.785156
v 301.174805 692.099548 -547.048523
v 241.825195 692.099548 -564.166565
v 209.081055 692.099548 -547.048523
v 268.430664 692.099548 -529.930420
v 208.134766 692.099548 -277.115601
v 192.858398 692.099548 -277.115540
v 225.303711 692.099548 -277.115662
v 265.019531 414.491974 -24.301025
v 260.990234 460.958679 -24.301025
v 304.117188 416.457916 -24.301025
v 225.303711 416.457916 -24.301025
v 704.491211 416.457886 -277.115662
v 704.492188 460.958679 -277.115662
v 704.492188 416.457916 -529.930420
v 704.492188 371.957153 -277.115662
v 704.492188 416.457916 -24.301025
v 268.430664 416.457916 -529.930359
v 311.557617 416.457916 -529.930420
v 268.430664 460.958679 -529.930420
v 225.303711 416.457916 -529.930420
v 243.908203 402.671722 -587.281372
v 241.825195 400.903992 -564.166565
v 294.634766 402.626770 -586.693542
v 192.857422 402.626770 -586.693542
v 243.908203 355.229919 -587.281372
v 294.634766 355.274872 -586.693542
v 192.857422 355.274872 -586.693542
v 759.698242 402.740692 -277.115479
v 736.937500 400.903992 -277.115540
v 758.287109 402.626770 32.462280
v 758.287109 402.626770 -586.693542
v 759.698242 355.160950 -277.115479
v 736.937500 356.997681 -277.115540
v 758.287109 355.274872 -586.693542
v 758.287109 355.274872 32.462280
v 243.909180 402.671722 33.050049
v 294.634766 402.626770 32.462280
v 241.825195 400.903992 9.935425
v 192.857422 402.626770 32.462280
v 243.909180 355.229950 33.050049
v 294.634766 355.274872 32.462280
v 192.857422 355.274872 32.462280
v 192.857422 355.158020 -277.115601
v 192.857422 353.552063 -277.115601
v 241.825195 430.023529 9.935425
v 290.791992 430.023529 9.935425
v 192.858398 430.023529 9.935425
v 736.936523 430.023499 -277.115662
v 736.937500 430.023529 -564.166565
v 736.937500 430.023529 9.935425
v 241.825195 430.023529 -564.166626
v 290.791992 430.023529 -564.166565
v 192.858398 430.023529 -564.166565
v 241.825195 633.860474 -564.166565
v 290.791992 633.860474 -564.166565
v 192.858398 633.860474 -564.166565
v 736.937500 633.860474 -277.115479
v 736.937500 633.860474 -564.166565
v 736.937500 633.860474 9.935425
v 241.825195 633.860474 9.935425
v 290.791992 633.860474 9.935425
v 192.858398 633.860474 9.935425
v 682.529297 430.023499 9.935303
v 628.122070 430.023529 9.935425
v 682.529297 400.903992 9.935425
v 682.529297 459.143066 9.935425
v 682.529297 517.382202 9.935303
v 628.122070 517.382202 9.935425
v 682.529297 575.621338 9.935425
v 682.530273 633.860474 9.935425
v 628.122070 633.860474 9.935425
v 682.529297 692.099548 9.935425
v 671.498047 692.099609 -6.419922
v 618.388672 692.099548 -7.182739
v 656.573242 692.099548 -24.301025
v 659.628906 414.815063 -24.301025
v 615.251953 416.457916 -24.301025
v 663.171875 460.958679 -24.301025
v 656.573242 371.957153 -24.301025
v 656.573242 371.957153 -277.115723
v 608.654297 371.957153 -277.115662
v 656.573242 371.957153 -529.930420
v 656.573242 416.457916 -529.930420
v 656.573242 460.958679 -529.930420
v 608.654297 416.457916 -529.930420
v 671.497070 692.099609 -547.811340
v 682.529297 692.099548 -564.166565
v 618.388672 692.099548 -547.048523
v 656.573242 692.099548 -529.930420
v 682.530273 633.860474 -564.166626
v 628.122070 633.860474 -564.166565
v 682.529297 575.621338 -564.166565
v 682.529297 517.382202 -564.166626
v 628.122070 517.382202 -564.166565
v 682.529297 459.143066 -564.166565
v 682.529297 430.023499 -564.166565
v 628.122070 430.023529 -564.166565
v 682.529297 400.903992 -564.166565
v 703.125000 402.669403 -587.251160
v 645.201172 402.626770 -586.693542
v 720.958008 404.349548 -609.220520
v 720.958984 378.950806 -609.220520
v 662.280273 378.950806 -609.220520
v 720.958008 353.552063 -609.220520
v 703.125000 355.232239 -587.251160
v 682.529297 356.997681 -564.166565
v 645.201172 355.274872 -586.693542
v 682.530273 356.997681 -277.115479
v 628.122070 356.997681 -277.115540
v 682.529297 356.997681 9.935425
v 703.124023 355.232208 33.019897
v 645.201172 355.274872 32.462280
v 720.958008 353.552063 54.989258
v 720.958984 378.950806 54.989258
v 720.958008 404.349548 54.989258
v 662.280273 378.950806 54.989258
v 703.124023 402.669403 33.019897
v 645.201172 402.626770 32.462280
v 573.713867 517.382202 -564.166565
v 519.305664 517.382202 -564.166565
v 573.713867 575.621338 -564.166565
v 573.713867 459.143066 -564.166565
v 573.713867 633.860474 -564.166565
v 519.305664 633.860474 -564.166565
v 573.713867 692.099548 -564.166565
v 568.360352 692.099487 -547.845215
v 516.061523 692.099548 -547.048523
v 560.736328 692.099548 -529.930420
v 560.736328 416.457916 -529.930420
v 560.736328 460.958679 -529.930420
v 512.817383 416.457916 -529.930420
v 560.736328 371.957153 -529.930420
v 560.735352 371.957153 -277.115723
v 512.817383 371.957153 -277.115662
v 560.736328 371.957153 -24.301025
v 564.277344 417.987793 -24.301025
v 512.817383 416.457916 -24.301025
v 567.333984 460.958679 -24.301025
v 568.360352 692.099609 -6.386108
v 516.061523 692.099548 -7.182739
v 573.713867 692.099548 9.935425
v 560.736328 692.099548 -24.301025
v 573.713867 633.860474 9.935425
v 519.305664 633.860474 9.935425
v 573.713867 575.621338 9.935425
v 573.713867 430.023499 9.935303
v 519.305664 430.023529 9.935425
v 573.713867 400.903992 9.935425
v 573.713867 459.143066 9.935425
v 589.833008 402.670685 33.036865
v 532.115234 402.626770 32.462280
v 603.601562 404.349548 54.989258
v 603.601562 378.950806 54.989258
v 544.923828 378.950806 54.989258
v 603.601562 353.552063 54.989258
v 589.833008 355.230896 33.036987
v 532.115234 355.274872 32.462280
v 573.713867 356.997681 9.935425
v 573.713867 356.997681 -277.115601
v 519.305664 356.997681 -277.115540
v 573.713867 356.997681 -564.166565
v 589.833008 355.230927 -587.268250
v 532.115234 355.274872 -586.693542
v 603.601562 353.552063 -609.220520
v 603.601562 378.950806 -609.220581
v 544.923828 378.950806 -609.220520
v 603.601562 404.349548 -609.220520
v 589.833008 402.670715 -587.268250
v 532.115234 402.626770 -586.693542
v 573.713867 400.903992 -564.166565
v 573.713867 430.023499 -564.166565
v 519.305664 430.023529 -564.166565
v 461.587891 430.023499 9.935425
v 403.870117 430.023529 9.935425
v 461.587891 400.903992 9.935425
v 461.587891 459.143066 9.935425
v 461.587891 517.382263 9.935425
v 403.870117 517.382202 9.935425
v 519.305664 517.382202 9.935425
v 461.587891 575.621338 9.935425
v 461.587891 633.860413 9.935425
v 403.870117 633.860474 9.935425
v 461.587891 692.099548 9.935425
v 461.746094 692.099548 -6.361450
v 407.509766 692.099548 -7.182739
v 461.982422 692.099548 -24.301025
v 461.982422 416.457916 -24.301025
v 411.148438 416.457916 -24.301025
v 461.982422 460.958679 -24.301025
v 461.982422 371.957153 -24.301025
v 461.982422 371.957153 -277.115723
v 411.148438 371.957153 -277.115662
v 461.982422 371.957153 -529.930420
v 461.982422 416.457916 -529.930481
v 461.982422 460.958679 -529.930420
v 411.148438 416.457916 -529.930420
v 461.746094 692.099487 -547.869751
v 461.587891 692.099548 -564.166565
v 407.509766 692.099548 -547.048523
v 461.982422 692.099548 -529.930420
v 461.587891 633.860413 -564.166626
v 403.870117 633.860474 -564.166565
v 461.587891 575.621338 -564.166565
v 461.587891 517.382263 -564.166565
v 403.870117 517.382202 -564.166565
v 461.587891 459.143066 -564.166565
v 461.587891 430.023499 -564.166626
v 403.870117 430.023529 -564.166565
v 461.587891 400.903992 -564.166565
v 473.086914 402.672638 -587.293884
v 412.149414 402.626770 -586.693542
v 482.675781 404.349548 -609.220520
v 482.675781 378.950806 -609.220520
v 420.428711 378.950806 -609.220520
v 482.675781 353.552063 -609.220520
v 473.086914 355.228943 -587.293884
v 461.587891 356.997681 -564.166565
v 412.149414 355.274841 -586.693542
v 461.587891 356.997681 -277.115540
v 403.870117 356.997681 -277.115540
v 461.587891 356.997681 9.935425
v 473.085938 355.228943 33.062500
v 412.149414 355.274841 32.462280
v 482.675781 353.552063 54.989258
v 482.675781 378.950775 54.989136
v 482.675781 404.349548 54.989258
v 420.428711 378.950806 54.989258
v 473.085938 402.672668 33.062500
v 412.149414 402.626770 32.462280
v 347.331055 430.023529 9.935425
v 347.331055 400.903992 9.935425
v 347.331055 459.143066 9.935425
v 353.963867 402.673218 33.069824
v 359.453125 404.349548 54.989258
v 359.452148 378.950806 54.989258
v 359.453125 353.552063 54.989258
v 353.963867 355.228424 33.069946
v 347.331055 356.997681 9.935425
v 347.330078 356.997681 -277.115540
v 347.331055 356.997681 -564.166565
v 353.963867 355.228394 -587.301208
v 359.453125 353.552063 -609.220520
v 359.453125 378.950806 -609.220520
v 359.453125 404.349548 -609.220520
v 353.964844 402.673248 -587.301086
v 347.331055 400.903992 -564.166565
v 347.331055 430.023529 -564.166565
v 347.331055 459.143066 -564.166565
v 347.331055 517.382202 -564.166626
v 347.331055 575.621338 -564.166565
v 347.332031 633.860474 -564.166565
v 347.331055 692.099548 -564.166565
v 353.083008 692.099548 -547.850952
v 361.353516 692.099548 -529.930420
v 361.353516 416.457947 -529.930420
v 361.353516 460.958679 -529.930420
v 361.353516 371.957153 -529.930420
v 361.352539 371.957153 -277.115784
v 361.353516 371.957153 -24.301025
v 357.324219 418.141754 -24.300903
v 353.912109 460.958679 -24.301025
v 353.081055 692.099487 -6.380249
v 347.331055 692.099548 9.935425
v 361.353516 692.099548 -24.301025
v 347.332031 633.860474 9.935547
v 347.331055 575.621338 9.935425
v 264.941406 634.728516 -24.301025
v 304.117188 632.494019 -24.301025
v 260.990234 572.888550 -24.301025
v 225.303711 632.494019 -24.301025
v 357.402344 630.537659 -24.300903
v 353.912109 572.888550 -24.301025
v 411.148438 632.494019 -24.301025
v 461.983398 632.494019 -24.301025
v 461.982422 572.888550 -24.301025
v 512.817383 632.494019 -24.301025
v 564.216797 630.722595 -24.301025
v 567.333984 572.888550 -24.301025
v 615.251953 632.494019 -24.301025
v 659.690430 634.377441 -24.301025
v 663.171875 572.888550 -24.301025
v 704.492188 632.494019 -24.301025
v 704.492188 632.494080 -277.115723
v 704.492188 632.494019 -529.930420
v 704.492188 572.888550 -277.115662
v 656.573242 632.494080 -529.930420
v 608.654297 632.494019 -529.930420
v 656.573242 572.888550 -529.930420
v 560.736328 632.494080 -529.930359
v 560.736328 572.888550 -529.930420
v 512.817383 632.494019 -529.930420
v 461.983398 632.494019 -529.930420
v 461.982422 572.888550 -529.930420
v 411.148438 632.494019 -529.930420
v 361.353516 632.494019 -529.930420
v 361.353516 572.888550 -529.930420
v 311.557617 632.494019 -529.930420
v 268.430664 632.494019 -529.930420
v 268.430664 572.888550 -529.930420
v 225.303711 632.494019 -529.930420
v 260.990234 516.923645 -24.301025
v 296.675781 516.923645 -24.301025
v 225.303711 516.923645 -24.301025
v 461.982422 516.923645 -24.301147
v 411.148438 516.923645 -24.301025
v 512.817383 516.923645 -24.301025
v 663.170898 516.923584 -24.301025
v 621.850586 516.923645 -24.301025
v 704.492188 516.923645 -24.301025
v 704.492188 516.923584 -277.115723
v 704.492188 516.923645 -529.930420
v 656.573242 516.923645 -529.930359
v 608.654297 516.923645 -529.930420
v 560.736328 516.923645 -529.930359
v 512.817383 516.923645 -529.930420
v 461.982422 516.923645 -529.930481
v 411.148438 516.923645 -529.930420
v 361.353516 516.923645 -529.930359
v 311.557617 516.923645 -529.930420
v 268.430664 516.923645 -529.930420
v 225.303711 516.923645 -529.930420
v 407.454102 517.167786 -6.922119
v 407.509766 574.254944 -7.182739
v 407.509766 460.050873 -7.182739
v 350.688477 574.248596 -7.262939
v 293.734375 574.254944 -7.182739
v 293.688477 517.167847 -6.921631
v 293.734375 460.050873 -7.182739
v 350.687500 460.055145 -7.262939
v 625.035156 517.167908 -6.921509
v 624.986328 574.254944 -7.182739
v 624.986328 460.050873 -7.182739
v 570.513672 574.253845 -7.195679
v 516.061523 574.254944 -7.182739
v 516.110352 517.167847 -6.921875
v 516.061523 460.050873 -7.182739
v 570.514648 460.051575 -7.195557
v 192.858398 72.272041 9.935425
v 736.937500 72.272041 9.935425
v 192.858398 363.467712 9.935425
v 736.937500 363.467712 9.935425
v 192.858398 363.467712 -564.166565
v 736.937500 363.467712 -564.166565
v 192.858398 72.272041 -564.166565
v 736.937500 72.272041 -564.166565
v 192.858398 28.365820 -564.166565
v 736.937500 28.365820 -564.166565
v 736.937500 28.365820 9.935425
v 192.858398 28.365820 9.935425
v 225.302734 363.467712 -24.301025
v 704.491211 363.467712 -24.301025
v 704.491211 363.467712 -529.930420
v 225.302734 363.467712 -529.930420
v 172.819336 30.222113 -24.301025
v 704.491211 30.222113 -24.301025
v 704.491211 30.222113 -529.930420
v 172.819336 30.222113 -529.930481
v 192.858398 130.511185 9.935425
v 736.937500 130.511185 9.935425
v 736.937500 130.511185 -564.166565
v 192.858398 130.511185 -564.166565
v 192.858398 246.989456 -564.166565
v 736.937500 246.989456 -564.166565
v 736.937500 246.989456 9.935425
v 192.858398 246.989456 9.935425
v 682.530273 28.365820 9.935425
v 682.530273 72.272041 9.935425
v 682.530273 130.511185 9.935425
v 682.530273 246.989456 9.935425
v 682.530273 363.467712 9.935425
v 241.825195 28.365820 9.935425
v 241.825195 72.272041 9.935425
v 241.825195 130.511185 9.935425
v 241.825195 246.989456 9.935425
v 241.825195 363.467712 9.935425
v 444.551758 363.467712 9.935425
v 479.804688 363.467712 9.935425
v 479.804688 246.989456 9.935425
v 444.551758 246.989456 9.935425
v 479.804688 130.511185 9.935425
v 444.551758 130.511185 9.935425
v 479.804688 72.272041 9.935425
v 444.551758 72.272041 9.935425
v 479.804688 28.365820 9.935425
v 444.551758 28.365820 9.935425
v 188.564453 130.195801 -24.301025
v 704.491211 130.195801 -24.301025
v 704.491211 130.195801 -529.930420
v 188.564453 130.195801 -529.930481
v 206.933594 246.831772 -24.301025
v 704.491211 246.831772 -24.301025
v 704.491211 246.831772 -529.930420
v 206.933594 246.831772 -529.930420
v 480.334961 363.467712 -24.301025
v 480.334961 246.831772 -24.301025
v 480.334961 130.195801 -24.301025
v 480.334961 30.222113 -24.301025
v 480.334961 30.222113 -529.930481
v 480.334961 130.195801 -529.930481
v 480.334961 246.831772 -529.930420
v 480.334961 363.467712 -529.930420
v 440.309570 363.467712 -24.301025
v 440.309570 246.831772 -24.301025
v 440.309570 130.195801 -24.301025
v 440.309570 30.222113 -24.301025
v 440.309570 30.222113 -529.930481
v 440.309570 130.195801 -529.930481
v 440.309570 246.831772 -529.930420
v 440.309570 363.467712 -529.930420
v 637.244141 363.467712 -529.930420
v 637.244141 246.831772 -529.930420
v 637.244141 130.195801 -529.930420
v 637.244141 30.222113 -529.930420
v 637.244141 30.222113 -24.301025
v 677.464844 130.195801 -24.301025
v 677.464844 246.831772 -24.301025
v 637.244141 363.467712 -24.301025
v 248.008789 363.467712 -24.301025
v 248.008789 246.831772 -24.301025
v 248.008789 130.195801 -24.301025
v 248.008789 30.222113 -24.301025
v 248.008789 30.222113 -529.930481
v 248.008789 130.195801 -529.930481
v 248.008789 246.831772 -529.930420
v 248.008789 363.467712 -529.930420
v 217.340820 188.750320 9.935547
v 217.341797 130.511185 9.935425
v 241.825195 188.750320 9.935425
v 217.341797 246.989456 9.935425
v 192.858398 188.750320 9.935425
v 210.413086 30.222111 -277.115784
v 210.414062 30.222113 -24.301025
v 248.008789 30.222113 -277.115723
v 210.414062 30.222113 -529.930481
v 172.819336 30.222113 -277.115723
v 464.898438 188.750305 -564.166565
v 464.898438 246.989456 -564.166565
v 736.937500 188.750320 -564.166565
v 464.898438 130.511185 -564.166565
v 192.858398 188.750320 -564.166565
v 736.937500 188.750320 -277.115601
v 736.937500 130.511185 -277.115540
v 736.937500 246.989456 -277.115540
v 736.937500 188.750320 9.935425
v 464.897461 50.318924 -564.166626
v 464.898438 72.272041 -564.166565
v 736.937500 50.318932 -564.166565
v 464.898438 28.365820 -564.166565
v 192.858398 50.318932 -564.166565
v 736.936523 50.318932 -277.115540
v 736.937500 72.272041 -277.115540
v 736.937500 50.318932 9.935425
v 736.937500 28.365820 -277.115540
v 217.341797 50.318932 9.935425
v 241.825195 50.318932 9.935425
v 217.341797 72.272041 9.935425
v 192.858398 50.318932 9.935425
v 217.341797 28.365820 9.935425
v 721.661133 363.467712 -277.115601
v 736.937500 363.467712 -277.115540
v 720.714844 363.467712 -547.048523
v 704.491211 363.467712 -277.115662
v 720.714844 363.467712 -7.182739
v 214.042969 77.865257 -24.301025
v 218.287109 130.195801 -24.301025
v 248.008789 80.208961 -24.301025
v 180.691406 80.208961 -24.301025
v 704.491211 80.208961 -277.115723
v 704.491211 130.195801 -277.115662
v 704.491211 80.208961 -529.930420
v 704.491211 30.222113 -277.115662
v 704.491211 80.208961 -24.301025
v 214.042969 77.865257 -529.930542
v 248.008789 80.208961 -529.930481
v 218.287109 130.195801 -529.930481
v 180.691406 80.208961 -529.930481
v 217.341797 101.391624 9.935425
v 241.825195 101.391617 9.935425
v 192.858398 101.391617 9.935425
v 736.937500 101.391617 -277.115479
v 736.937500 101.391617 -564.166565
v 736.937500 101.391617 9.935425
v 464.898438 101.391617 -564.166565
v 192.858398 101.391617 -564.166565
v 464.897461 305.228546 -564.166626
v 464.898438 363.467712 -564.166565
v 736.937500 305.228577 -564.166565
v 192.858398 305.228577 -564.166565
v 736.937500 305.228577 -277.115601
v 736.937500 305.228577 9.935425
v 217.340820 305.228546 9.935425
v 241.825195 305.228577 9.935425
v 217.341797 363.467712 9.935425
v 192.858398 305.228577 9.935425
v 709.733398 50.318932 9.935425
v 709.734375 72.272041 9.935425
v 682.530273 50.318932 9.935425
v 709.734375 28.365820 9.935425
v 709.733398 101.391617 9.935303
v 682.530273 101.391617 9.935425
v 709.734375 130.511185 9.935425
v 709.733398 188.750320 9.935547
v 682.530273 188.750320 9.935425
v 709.734375 246.989456 9.935425
v 709.733398 305.228577 9.935425
v 682.530273 305.228577 9.935425
v 709.734375 363.467712 9.935425
v 462.178711 305.228577 9.935547
v 462.177734 363.467712 9.935425
v 444.551758 305.228577 9.935425
v 462.177734 246.989456 9.935425
v 479.804688 305.228577 9.935425
v 462.178711 188.750336 9.935425
v 444.551758 188.750320 9.935425
v 462.177734 130.511185 9.935425
v 479.804688 188.750320 9.935425
v 462.178711 101.391624 9.935425
v 444.551758 101.391617 9.935425
v 462.177734 72.272041 9.935425
v 479.804688 101.391617 9.935425
v 462.178711 50.318932 9.935425
v 444.551758 50.318932 9.935425
v 462.177734 28.365820 9.935425
v 479.804688 50.318932 9.935425
v 581.166992 50.318932 9.935425
v 581.167969 72.272041 9.935425
v 581.167969 28.365820 9.935425
v 581.168945 101.391624 9.935425
v 581.167969 130.511185 9.935425
v 581.166992 305.228577 9.935425
v 581.167969 246.989456 9.935425
v 581.167969 363.467712 9.935425
v 343.187500 305.228577 9.935425
v 343.188477 246.989456 9.935425
v 343.188477 363.467712 9.935425
v 343.189453 101.391617 9.935425
v 343.188477 72.272041 9.935425
v 343.188477 130.511185 9.935425
v 343.188477 50.318932 9.935425
v 343.188477 28.365820 9.935425
v 222.518555 185.318192 -24.301025
v 227.470703 246.831772 -24.301025
v 248.008789 188.513794 -24.301025
v 197.749023 188.513794 -24.301025
v 704.491211 188.513779 -277.115723
v 704.491211 246.831772 -277.115662
v 704.491211 188.513794 -529.930420
v 704.491211 188.513794 -24.301025
v 222.519531 185.318192 -529.930481
v 248.008789 188.513794 -529.930481
v 227.470703 246.831772 -529.930420
v 197.749023 188.513794 -529.930481
v 231.704102 301.560822 -24.301270
v 236.656250 363.467712 -24.301025
v 248.008789 305.149750 -24.301025
v 216.118164 305.149750 -24.301025
v 704.491211 305.149780 -277.115601
v 704.491211 305.149750 -529.930420
v 704.491211 305.149750 -24.301025
v 231.703125 301.560822 -529.930481
v 248.008789 305.149750 -529.930420
v 236.656250 363.467712 -529.930420
v 216.118164 305.149750 -529.930420
v 679.238281 312.166504 -24.300903
v 657.354492 305.149750 -24.301025
v 670.867188 363.467712 -24.301025
v 690.978516 246.831772 -24.301025
v 690.978516 188.513794 -24.301025
v 677.464844 188.513794 -24.301025
v 690.978516 130.195801 -24.301025
v 678.975586 73.551834 -24.301025
v 657.354492 80.208961 -24.301025
v 670.867188 30.222113 -24.301025
v 670.867188 30.222111 -277.115723
v 637.244141 30.222113 -277.115662
v 670.867188 30.222113 -529.930420
v 670.867188 80.208954 -529.930420
v 670.867188 130.195801 -529.930420
v 637.244141 80.208961 -529.930420
v 670.868164 188.513779 -529.930420
v 670.867188 246.831772 -529.930420
v 637.244141 188.513794 -529.930420
v 670.867188 305.149750 -529.930420
v 670.867188 363.467712 -529.930420
v 637.244141 305.149750 -529.930420
v 460.322266 305.149750 -24.301025
v 440.309570 305.149750 -24.301025
v 460.322266 363.467712 -24.301025
v 480.334961 305.149750 -24.301025
v 460.322266 246.831772 -24.301025
v 460.322266 188.513794 -24.301025
v 440.309570 188.513794 -24.301025
v 480.334961 188.513794 -24.301025
v 460.322266 130.195801 -24.301025
v 460.322266 80.208954 -24.301025
v 440.309570 80.208961 -24.301025
v 480.334961 80.208961 -24.301025
v 460.322266 30.222113 -24.301025
v 460.321289 30.222113 -277.115784
v 440.309570 30.222113 -277.115723
v 480.334961 30.222113 -277.115723
v 460.322266 30.222113 -529.930481
v 460.322266 80.208954 -529.930481
v 480.334961 80.208961 -529.930481
v 460.322266 130.195801 -529.930481
v 440.309570 80.208961 -529.930481
v 460.323242 188.513794 -529.930420
v 480.334961 188.513794 -529.930481
v 460.322266 246.831772 -529.930420
v 440.309570 188.513794 -529.930481
v 460.322266 305.149750 -529.930420
v 480.334961 305.149750 -529.930420
v 460.322266 363.467712 -529.930420
v 440.309570 305.149750 -529.930420
v 558.789062 305.149750 -529.930359
v 558.789062 363.467712 -529.930420
v 558.789062 246.831772 -529.930420
v 558.790039 188.513794 -529.930420
v 558.789062 130.195801 -529.930481
v 558.789062 80.208961 -529.930481
v 558.789062 30.222113 -529.930481
v 558.789062 30.222113 -277.115723
v 558.789062 30.222113 -24.301025
v 570.791016 83.787811 -24.301025
v 578.900391 130.195801 -24.301025
v 570.530273 301.201294 -24.301025
v 558.789062 363.467712 -24.301025
v 578.900391 246.831772 -24.301025
v 344.160156 305.149780 -24.300903
v 344.159180 363.467712 -24.301025
v 344.159180 246.831772 -24.301025
v 344.159180 80.208954 -24.301025
v 344.159180 130.195801 -24.301025
v 344.159180 30.222113 -24.301025
v 344.159180 30.222115 -277.115662
v 344.159180 30.222113 -529.930481
v 344.159180 80.208954 -529.930481
v 344.159180 130.195801 -529.930481
v 344.159180 188.513779 -529.930542
v 344.159180 246.831772 -529.930420
v 344.159180 305.149780 -529.930420
v 344.159180 363.467712 -529.930420
v 580.126953 246.911560 -6.978394
v 480.070312 246.910614 -7.182739
v 679.998047 246.910614 -7.182739
v 480.070312 188.631775 -7.191772
v 480.070312 130.353500 -7.182739
v 580.126953 130.355377 -6.978394
v 679.998047 130.353500 -7.182739
v 679.995117 188.631775 -7.191772
v 244.917969 188.631775 -7.191772
v 244.916992 130.353500 -7.182739
v 244.916992 246.910614 -7.182739
v 343.600586 130.357040 -6.798462
v 442.430664 130.353500 -7.182739
v 442.429688 188.631775 -7.191772
v 442.430664 246.910614 -7.182739
v 343.600586 246.912369 -6.798462
v 214.839844 242.754410 26.722046
v 694.935547 242.754410 26.861206
v 214.839844 256.054108 26.722046
v 694.935547 256.054108 26.861206
v 214.859375 256.054108 6.907593
v 694.955078 256.054108 7.046753
v 214.859375 242.754410 6.907593
v 694.955078 242.754410 7.046753
v 454.886719 249.404251 26.791504
v 454.887695 242.754410 26.791626
v 694.935547 249.404251 26.861206
v 454.887695 256.054108 26.791626
v 214.839844 249.404251 26.722046
v 454.896484 256.054077 16.884277
v 694.945312 256.054108 16.953979
v 454.907227 256.054108 6.977173
v 214.849609 256.054108 16.814819
v 454.907227 249.404251 6.977051
v 694.955078 249.404251 7.046753
v 454.907227 242.754410 6.977173
v 214.859375 249.404251 6.907593
v 454.896484 242.754395 16.884277
v 694.945312 242.754410 16.953979
v 214.849609 242.754410 16.814819
v 694.944336 249.404266 16.953979
v 214.849609 249.404266 16.814941
v 215.984375 118.586090 42.067261
v 669.836914 118.586090 42.219360
v 215.984375 143.379059 42.067261
v 669.836914 143.379059 42.219360
v 216.015625 143.379059 5.129761
v 669.867188 143.379059 5.281860
v 216.015625 118.586090 5.129761
v 669.867188 118.586090 5.281860
v 442.911133 130.982574 42.143311
v 442.910156 118.586090 42.143311
v 669.836914 130.982574 42.219360
v 442.910156 143.379059 42.143311
v 215.984375 130.982574 42.067261
v 442.925781 143.379059 23.674561
v 669.851562 143.379059 23.750610
v 442.941406 143.379059 5.205811
v 216.000000 143.379059 23.598511
v 442.941406 130.982574 5.205811
v 669.867188 130.982574 5.281860
v 442.941406 118.586090 5.205811
v 216.015625 130.982574 5.129761
v 442.925781 118.586090 23.674561
v 669.851562 118.586090 23.750610
v 216.000000 118.586090 23.598511
v 669.850586 130.982559 23.750488
v 215.999023 130.982559 23.598511
v 646.521484 23.460939 50.985718
v 768.579102 23.460939 50.985718
v 646.521484 145.519165 50.985718
v 768.579102 145.519165 50.985718
v 646.521484 145.519165 -71.072266
v 768.579102 145.519165 -71.072266
v 646.521484 23.460939 -71.072266
v 768.579102 23.460939 -71.072266
v 672.123047 145.519165 25.383911
v 742.977539 145.519165 25.383911
v 742.977539 145.519165 -45.470459
v 672.123047 145.519165 -45.470459
v 672.123047 979.806824 25.383911
v 742.977539 979.806824 25.383911
v 742.977539 979.806824 -45.470459
v 672.123047 979.806824 -45.470459
v 707.551758 84.490059 50.985718
v 707.550781 23.460939 50.985718
v 768.579102 84.490059 50.985718
v 707.550781 145.519165 50.985718
v 646.521484 84.490059 50.985718
v 707.551758 979.806824 -10.043335
v 707.550781 979.806824 25.383911
v 742.977539 979.806824 -10.043335
v 707.550781 979.806824 -45.470459
v 672.123047 979.806824 -10.043335
v 707.551758 84.490059 -71.072266
v 707.550781 145.519165 -71.072266
v 768.579102 84.490059 -71.072266
v 707.550781 23.460939 -71.072266
v 646.521484 84.490059 -71.072266
v 768.579102 84.490059 -10.043213
v 768.579102 23.460939 -10.043335
v 768.579102 145.519165 -10.043335
v 646.522461 84.490059 -10.043213
v 646.521484 23.460939 -10.043335
v 646.521484 145.519165 -10.043335
v 707.550781 145.519165 40.655151
v 755.778320 145.519165 38.184814
v 707.550781 145.519165 25.383911
v 659.322266 145.519165 38.184814
v 758.249023 145.519165 -10.043335
v 755.778320 145.519165 -58.271362
v 742.977539 145.519165 -10.043335
v 707.550781 145.519165 -60.741699
v 659.322266 145.519165 -58.271362
v 707.550781 145.519165 -45.470459
v 656.852539 145.519165 -10.043335
v 672.123047 145.519165 -10.043335
v 707.550781 562.662964 25.383911
v 742.977539 562.662964 25.383911
v 672.123047 562.662964 25.383911
v 742.977539 562.662964 -10.043213
v 742.977539 562.662964 -45.470459
v 707.550781 562.662964 -45.470459
v 672.123047 562.662964 -45.470459
v 672.123047 562.662964 -10.043213
v 182.016602 976.828186 94.381714
v 704.227539 891.415588 94.381714
v 182.016602 976.828186 -645.005493
v 704.227539 891.415588 -645.005493
v 184.640625 992.872375 -11.244873
v 182.016602 976.828125 -11.244873
v 704.227539 891.415649 -11.244873
v 706.851562 907.459778 -11.244873
v 184.640625 992.872375 -116.871826
v 182.016602 976.828125 -116.871826
v 704.227539 891.415649 -116.871826
v 706.851562 907.459778 -116.871826
v 184.640625 992.872437 -222.498474
v 182.016602 976.828125 -222.498474
v 704.227539 891.415649 -222.498474
v 706.851562 907.459839 -222.498474
v 184.640625 992.872437 -328.125183
v 182.016602 976.828125 -328.125183
v 704.227539 891.415588 -328.125183
v 706.851562 907.459839 -328.125183
v 184.640625 992.872437 -433.751892
v 182.016602 976.828125 -433.751892
v 704.227539 891.415588 -433.751892
v 706.851562 907.459839 -433.751892
v 184.640625 992.872437 -539.378723
v 182.016602 976.828125 -539.378723
v 704.227539 891.415588 -539.378723
v 706.851562 907.459839 -539.378723
v 184.640625 1002.321045 94.381714
v 706.851562 916.908447 94.381714
v 706.851562 916.908447 -11.244873
v 184.640625 1002.321045 -11.244873
v 706.851562 916.908447 -116.871826
v 184.640625 1002.321045 -116.871826
v 706.851562 916.908508 -222.498474
v 184.640625 1002.321106 -222.498474
v 706.851562 916.908508 -328.125183
v 184.640625 1002.321106 -328.125183
v 706.851562 916.908508 -433.751892
v 184.640625 1002.321106 -433.751892
v 706.851562 916.908508 -539.378723
v 184.640625 1002.321106 -539.378723
v 706.851562 916.908447 -645.005493
v 184.640625 1002.321045 -645.005493
v 777.763672 850.091492 -11.244873
v 777.763672 850.091431 94.381714
v 777.763672 875.584290 -11.244873
v 777.763672 875.584290 94.381714
v 777.763672 850.091431 -539.378723
v 777.763672 850.091431 -645.005493
v 777.763672 875.584290 -645.005493
v 777.763672 875.584351 -539.378723
v 757.014648 850.091492 -11.244873
v 757.014648 850.091431 94.381714
v 757.014648 875.584290 94.381714
v 757.014648 875.584290 -11.244873
v 757.014648 850.091431 -539.378723
v 757.014648 875.584290 -539.378723
v 757.014648 875.584290 -645.005493
v 757.014648 850.091431 -645.005493
v 445.746094 959.614685 41.568237
v 445.746094 959.614746 94.381714
v 706.851562 916.908447 41.568481
v 445.746094 959.614746 -11.244873
v 184.640625 1002.321045 41.568481
v 444.433594 946.868286 -645.005493
v 443.122070 934.121887 -645.005493
v 183.328125 989.574585 -645.005493
v 445.746094 959.614746 -645.005493
v 705.539062 904.161987 -645.005493
v 443.121094 934.121826 41.568359
v 443.122070 934.121887 -11.244873
v 704.227539 891.415649 41.568481
v 443.122070 934.121887 94.381714
v 182.016602 976.828125 41.568481
v 183.375977 989.570740 41.552734
v 183.328125 984.850220 -11.244873
v 183.328125 989.574585 94.381714
v 184.640625 997.596680 -11.244873
v 183.328125 984.850220 -64.058472
v 183.328125 984.850220 -116.871826
v 182.016602 976.828125 -64.058350
v 184.640625 992.872375 -64.058350
v 443.121094 934.121887 -64.058350
v 443.122070 934.121887 -116.871826
v 704.227539 891.415649 -64.058350
v 705.540039 899.437683 -64.058350
v 705.539062 899.437744 -11.244873
v 705.539062 899.437744 -116.871826
v 706.851562 907.459778 -64.058350
v 445.746094 950.166077 -64.058350
v 445.746094 950.166077 -11.244873
v 445.746094 950.166077 -116.871826
v 183.329102 984.850220 -169.685181
v 183.328125 984.850281 -222.498474
v 182.016602 976.828125 -169.685181
v 184.640625 992.872437 -169.685181
v 443.121094 934.121887 -169.685059
v 443.122070 934.121887 -222.498474
v 704.227539 891.415649 -169.685181
v 705.538086 899.437622 -169.685181
v 705.539062 899.437744 -222.498474
v 706.851562 907.459839 -169.685181
v 445.746094 959.614807 -169.685059
v 445.746094 959.614746 -116.871826
v 706.851562 916.908447 -169.685181
v 445.746094 959.614807 -222.498474
v 184.640625 1002.321045 -169.685181
v 183.328125 984.850159 -275.311951
v 183.328125 984.850281 -328.125183
v 182.016602 976.828125 -275.311829
v 184.640625 992.872437 -275.311829
v 443.121094 934.121887 -275.311768
v 443.122070 934.121826 -328.125183
v 704.227539 891.415649 -275.311829
v 705.538086 899.437744 -275.311829
v 705.539062 899.437744 -328.125183
v 706.851562 907.459839 -275.311829
v 445.746094 950.166138 -275.311768
v 445.746094 950.166138 -222.498474
v 445.746094 950.166138 -328.125183
v 183.328125 984.850159 -380.938599
v 183.328125 984.850281 -433.751892
v 182.016602 976.828125 -380.938538
v 184.640625 992.872437 -380.938538
v 443.121094 934.121887 -380.938538
v 443.122070 934.121826 -433.751892
v 704.227539 891.415588 -380.938538
v 705.539062 899.437683 -380.938538
v 705.539062 899.437744 -433.751892
v 706.851562 907.459839 -380.938538
v 445.746094 959.614807 -380.938599
v 445.746094 959.614807 -328.125183
v 706.851562 916.908508 -380.938538
v 445.746094 959.614807 -433.751892
v 184.640625 1002.321106 -380.938538
v 183.329102 984.850281 -486.565308
v 183.328125 984.850281 -539.378723
v 182.016602 976.828125 -486.565308
v 184.640625 992.872437 -486.565308
v 443.121094 934.121826 -486.565308
v 443.122070 934.121826 -539.378723
v 704.227539 891.415588 -486.565308
v 705.540039 899.437683 -486.565308
v 705.539062 899.437744 -539.378723
v 706.851562 907.459839 -486.565308
v 445.746094 950.166138 -486.565308
v 445.746094 950.166138 -433.751892
v 445.746094 950.166138 -539.378723
v 183.376953 989.570801 -592.176208
v 182.016602 976.828125 -592.192078
v 184.640625 997.596802 -539.378723
v 184.640625 1002.321045 -592.192078
v 443.122070 934.121826 -592.192017
v 704.227539 891.415588 -592.192078
v 445.746094 959.614868 -592.192017
v 445.746094 959.614807 -539.378723
v 706.851562 916.908447 -592.192078
v 444.433594 946.868286 94.381714
v 705.539062 904.161987 94.381714
v 777.763672 862.837891 41.568359
v 777.763672 875.584290 41.568481
v 777.763672 862.837891 94.381714
v 777.763672 850.091431 41.568481
v 777.763672 862.837891 -11.244873
v 445.746094 954.890442 -11.244873
v 706.851562 912.184082 -11.244873
v 445.746094 954.890442 -116.871826
v 706.851562 912.184082 -116.871826
v 184.640625 997.596680 -116.871826
v 706.850586 912.184082 -169.685303
v 706.851562 912.184204 -222.498474
v 445.746094 954.890503 -222.498413
v 184.640625 997.596802 -222.498474
v 184.640625 997.596741 -169.685303
v 445.746094 954.890503 -328.125244
v 706.851562 912.184204 -328.125183
v 184.640625 997.596802 -328.125183
v 706.850586 912.184143 -380.938599
v 706.851562 912.184204 -433.751892
v 445.746094 954.890503 -433.751892
v 184.640625 997.596802 -433.751892
v 184.640625 997.596741 -380.938599
v 445.746094 954.890503 -539.378723
v 706.851562 912.184204 -539.378723
v 777.764648 862.837891 -592.192078
v 777.763672 875.584351 -592.192078
v 777.763672 862.837891 -539.378723
v 777.763672 850.091431 -592.192078
v 777.763672 862.837891 -645.005493
v 730.621094 870.753601 41.568481
v 730.621094 870.753540 -11.244873
v 757.014648 850.091431 41.568481
v 730.621094 870.753540 94.381714
v 731.307617 883.376160 -11.244873
v 731.933594 896.246338 -11.244873
v 757.014648 862.837891 -11.244873
v 731.933594 896.246460 41.568481
v 731.933594 896.246338 94.381714
v 757.014648 875.584290 41.568481
v 731.250977 883.372681 94.381714
v 757.014648 862.837891 94.381714
v 730.620117 870.753418 -592.192139
v 730.621094 870.753540 -645.005493
v 757.014648 850.091431 -592.192078
v 730.621094 870.753540 -539.378723
v 731.250977 883.372681 -645.005554
v 757.014648 862.837891 -645.005493
v 731.933594 896.246338 -645.005493
v 731.932617 896.246338 -592.192078
v 731.933594 896.246399 -539.378723
v 757.014648 875.584290 -592.192078
v 731.307617 883.376221 -539.378723
v 757.014648 862.837891 -539.378723
v 767.388672 850.091370 41.568481
v 767.388672 850.091492 -11.244873
v 767.388672 850.091431 94.381714
v 767.387695 862.837769 94.381592
v 767.388672 875.584290 94.381714
v 767.388672 875.584229 41.568481
v 767.388672 875.584290 -11.244873
v 767.388672 875.584290 -592.192078
v 767.388672 875.584351 -539.378723
v 767.388672 875.584290 -645.005493
v 767.387695 862.837769 -645.005554
v 767.388672 850.091431 -645.005493
v 767.388672 850.091431 -592.192078
v 767.388672 850.091431 -539.378723
v 767.388672 850.091431 -275.311829
v 757.014648 850.091431 -275.311768
v 777.763672 850.091431 -275.311768
v 757.014648 862.837952 -275.311768
v 757.014648 875.584290 -275.311768
v 767.388672 875.584351 -275.311829
v 777.763672 875.584351 -275.311768
v 777.763672 862.837891 -275.311768
v 715.983398 960.141113 -13.273926
v 713.337891 960.141113 -15.919067
v 709.724609 960.141113 -16.887451
v 706.110352 960.141113 -15.919067
v 703.464844 960.141113 -13.273926
v 702.497070 960.141113 -9.660400
v 703.464844 960.141113 -6.046997
v 706.110352 960.141113 -3.401855
v 709.724609 960.141113 -2.433472
v 713.337891 960.141113 -3.401855
v 715.983398 960.141113 -6.046997
v 716.951172 960.141113 -9.660400
v 715.983398 1121.181763 -13.273926
v 713.337891 1121.181763 -15.919067
v 709.724609 1121.181763 -16.887451
v 706.110352 1121.181763 -15.919067
v 703.464844 1121.181763 -13.273926
v 702.497070 1121.181763 -9.660400
v 703.464844 1121.181763 -6.046997
v 706.110352 1121.181763 -3.401855
v 709.724609 1121.181763 -2.433472
v 713.337891 1121.181763 -3.401855
v 715.983398 1121.181763 -6.046997
v 716.951172 1121.181763 -9.660400
v 709.724609 1121.181763 -9.660400
v 714.660156 1040.661377 -14.596558
v 714.660156 960.141113 -14.596558
v 713.337891 1040.661499 -15.919067
v 714.660156 1121.181763 -14.596558
v 715.983398 1040.661499 -13.273926
v 711.532227 1040.661499 -16.403198
v 711.531250 960.141113 -16.403198
v 709.724609 1040.661499 -16.887451
v 711.531250 1121.181763 -16.403198
v 707.917969 1040.661499 -16.403198
v 707.917969 960.141113 -16.403198
v 706.110352 1040.661499 -15.919067
v 707.917969 1121.181763 -16.403198
v 704.787109 1040.661377 -14.596558
v 704.787109 960.141113 -14.596558
v 703.464844 1040.661499 -13.273926
v 704.787109 1121.181763 -14.596558
v 702.980469 1040.661377 -11.467163
v 702.980469 960.141113 -11.467163
v 702.497070 1040.661499 -9.660400
v 702.980469 1121.181763 -11.467163
v 702.981445 1040.661377 -7.853516
v 702.980469 960.141113 -7.853638
v 703.464844 1040.661499 -6.046997
v 702.980469 1121.181763 -7.853638
v 704.787109 1040.661377 -4.724365
v 704.787109 960.141113 -4.724487
v 706.110352 1040.661499 -3.401855
v 704.787109 1121.181763 -4.724487
v 707.917969 1040.661499 -2.917725
v 707.917969 960.141113 -2.917603
v 709.724609 1040.661499 -2.433472
v 707.917969 1121.181763 -2.917603
v 711.532227 1040.661499 -2.917480
v 711.531250 960.141113 -2.917603
v 713.337891 1040.661499 -3.401855
v 711.531250 1121.181763 -2.917603
v 714.660156 1040.661377 -4.724365
v 714.660156 960.141113 -4.724487
v 715.983398 1040.661499 -6.046997
v 714.660156 1121.181763 -4.724487
v 716.466797 1040.661377 -7.853516
v 716.466797 960.141113 -7.853638
v 716.951172 1040.661499 -9.660400
v 716.466797 1121.181763 -7.853638
v 716.466797 1040.661377 -11.467163
v 716.466797 960.141113 -11.467163
v 716.466797 1121.181763 -11.467163
v 712.700195 1121.181641 -12.635986
v 711.531250 1121.181763 -12.789673
v 712.853516 1121.181763 -11.467163
v 710.814453 1121.181885 -13.724854
v 709.724609 1121.181763 -13.273926
v 708.635742 1121.181763 -13.725098
v 707.917969 1121.181763 -12.789673
v 706.748047 1121.181763 -12.635742
v 706.594727 1121.181763 -11.467163
v 705.660156 1121.181885 -10.749390
v 706.111328 1121.181763 -9.660400
v 705.660156 1121.181885 -8.571167
v 706.594727 1121.181763 -7.853638
v 706.747070 1121.181641 -6.685181
v 707.917969 1121.181763 -6.531128
v 708.634766 1121.181641 -5.595825
v 709.724609 1121.181763 -6.046997
v 710.813477 1121.181763 -5.595947
v 711.531250 1121.181763 -6.531128
v 712.700195 1121.181763 -6.685059
v 712.853516 1121.181763 -7.853638
v 713.789062 1121.181763 -8.571289
v 713.337891 1121.181763 -9.660400
v 713.789062 1121.181763 -10.749512
v 706.809570 23.460939 -534.409790
v 768.579102 23.460939 -499.314148
v 706.809570 145.519165 -534.409790
v 768.579102 145.519165 -499.314148
v 646.521484 145.519165 -621.372253
v 768.579102 145.519165 -621.372253
v 646.521484 23.460939 -621.372253
v 768.579102 23.460939 -621.372253
v 713.836914 145.519165 -533.525513
v 742.977539 145.519165 -524.916077
v 742.977539 145.519165 -595.770447
v 672.123047 145.519165 -595.770447
v 713.836914 979.806824 -533.525513
v 742.977539 979.806824 -524.916077
v 742.977539 979.806824 -595.770447
v 672.123047 979.806824 -595.770447
v 737.694336 84.490059 -516.861938
v 737.694336 23.460939 -516.862000
v 768.579102 84.490059 -499.314148
v 737.694336 145.519165 -516.862000
v 706.809570 84.490059 -534.409790
v 715.858398 979.806763 -567.982361
v 728.407227 979.806824 -529.220764
v 742.977539 979.806824 -560.343262
v 707.550781 979.806824 -595.770447
v 692.980469 979.806824 -564.648010
v 707.551758 84.490059 -621.372253
v 707.550781 145.519165 -621.372253
v 768.579102 84.490059 -621.372253
v 707.550781 23.460939 -621.372253
v 646.521484 84.490059 -621.372253
v 768.578125 84.490059 -560.343262
v 768.579102 23.460939 -560.343201
v 768.579102 145.519165 -560.343201
v 676.665039 84.490059 -577.891113
v 676.666016 23.460939 -577.891052
v 676.666016 145.519165 -577.891052
v 738.929688 145.519180 -519.106445
v 755.778320 145.519165 -512.115112
v 728.407227 145.519165 -529.220764
v 710.323242 145.519165 -533.967651
v 758.249023 145.519150 -560.343262
v 755.778320 145.519165 -608.571350
v 742.977539 145.519165 -560.343262
v 707.550781 145.519165 -611.041687
v 659.322266 145.519165 -608.571350
v 707.550781 145.519165 -595.770447
v 680.382812 145.519180 -577.031494
v 692.980469 145.519165 -564.648010
v 728.407227 562.662964 -529.220825
v 742.977539 562.662964 -524.916077
v 713.836914 562.662964 -533.525513
v 742.977539 562.662964 -560.343262
v 742.977539 562.662964 -595.770447
v 707.550781 562.662964 -595.770447
v 672.123047 562.662964 -595.770447
v 692.980469 562.662964 -564.647949
v 214.808594 906.238403 9.728760
v 214.808594 906.238403 -14.057251
v 197.755859 937.460327 9.729370
v 197.755859 937.460327 -14.057861
v 197.755859 906.238403 9.728760
v 197.755859 906.238403 -14.057251
v 197.755859 982.028809 -14.057861
v 197.755859 982.028809 9.729370
v 247.441406 946.928467 9.728760
v 247.441406 946.928467 -14.057251
v 257.603516 969.374146 -14.057251
v 257.603516 969.374146 9.728760
v 197.755859 883.726196 9.729370
v 197.755859 883.726196 -14.057861
v 206.311523 892.036743 -14.057861
v 206.311523 892.036743 9.729370
v 224.546875 942.081848 9.729370
v 214.808594 927.722412 9.728760
v 224.546875 942.081848 -14.057861
v 214.808594 927.722412 -14.057251
v 231.549805 969.267639 -14.057861
v 231.549805 969.267639 9.729370
v 197.755859 927.722412 -14.057251
v 197.755859 927.722412 9.728760
v 210.232422 934.726013 -14.057617
v 206.282227 927.722412 -14.057251
v 197.755859 932.591370 -14.057495
v 211.151367 939.771118 -14.057861
v 219.677734 934.902100 -14.057495
v 210.232422 934.726013 9.729248
v 197.755859 932.591370 9.729126
v 206.282227 927.722412 9.728760
v 219.677734 934.902100 9.729126
v 211.151367 939.771118 9.729370
v 239.985352 957.193542 9.729248
v 244.576172 969.320923 9.729126
v 228.048828 955.674744 9.729370
v 235.994141 944.505127 9.729126
v 252.522461 958.151306 9.728760
v 203.757812 897.569275 -14.057495
v 206.282227 906.238403 -14.057251
v 210.560547 899.137573 -14.057495
v 202.033203 887.881470 -14.057861
v 197.755859 894.982300 -14.057495
v 203.756836 897.569275 9.729126
v 206.282227 906.238403 9.728760
v 197.755859 894.982300 9.729126
v 202.033203 887.881470 9.729370
v 210.560547 899.137573 9.729126
v 239.985352 957.193420 -14.057617
v 228.048828 955.674744 -14.057861
v 244.576172 969.320923 -14.057495
v 252.522461 958.151306 -14.057251
v 235.994141 944.505127 -14.057495
v 211.179688 959.135681 -14.057983
v 197.755859 959.744568 -14.057861
v 214.652344 975.648193 -14.057861
v 211.179688 959.135803 9.729492
v 214.652344 975.648193 9.729370
v 197.755859 959.744568 9.729370
v 214.808594 916.980469 -2.164185
v 214.808594 916.980408 -14.057251
v 214.808594 927.722412 -2.164185
v 214.808594 916.980408 9.728760
v 214.808594 906.238403 -2.164185
v 219.677734 934.902283 -2.164185
v 224.546875 942.081848 -2.164185
v 235.993164 944.505127 -2.164307
v 247.441406 946.928467 -2.164185
v 252.522461 958.151245 -2.164185
v 257.603516 969.374146 -2.164185
v 244.576172 969.320984 -2.164185
v 231.549805 969.267639 -2.164185
v 214.653320 975.648254 -2.164062
v 197.755859 982.028809 -2.164185
v 197.755859 959.744507 -2.164185
v 197.755859 937.460327 -2.164185
v 197.755859 932.591492 -2.164185
v 197.755859 927.722412 -2.164185
v 197.755859 894.982178 -2.164185
v 197.755859 883.726196 -2.164185
v 197.755859 906.238403 -2.164185
v 202.033203 887.881409 -2.164062
v 206.311523 892.036743 -2.164185
v 210.559570 899.137390 -2.164307
v 206.282227 916.980469 -14.057251
v 197.755859 916.980408 -14.057251
v 197.755859 916.980469 -2.164185
v 197.755859 916.980408 9.728760
v 206.282227 916.980469 9.728638
v 214.808594 906.238403 -547.932800
v 214.808594 906.238403 -571.718811
v 197.755859 937.460327 -547.932190
v 197.755859 937.460327 -571.719421
v 197.755859 906.238403 -547.932800
v 197.755859 906.238403 -571.718811
v 197.755859 982.028809 -571.719421
v 197.755859 982.028809 -547.932190
v 247.441406 946.928467 -547.932800
v 247.441406 946.928467 -571.718811
v 257.603516 969.374146 -571.718811
v 257.603516 969.374146 -547.932800
v 197.755859 883.726196 -547.932190
v 197.755859 883.726196 -571.719421
v 206.311523 892.036743 -571.719421
v 206.311523 892.036743 -547.932190
v 224.546875 942.081848 -547.932190
v 214.808594 927.722412 -547.932800
v 224.546875 942.081848 -571.719421
v 214.808594 927.722412 -571.718811
v 231.549805 969.267639 -571.719421
v 231.549805 969.267639 -547.932190
v 197.755859 927.722412 -571.718811
v 197.755859 927.722412 -547.932800
v 210.232422 934.726013 -571.719116
v 206.282227 927.722412 -571.718811
v 197.755859 932.591370 -571.719116
v 211.151367 939.771118 -571.719421
v 219.677734 934.902100 -571.719116
v 210.232422 934.726013 -547.932434
v 197.755859 932.591370 -547.932495
v 206.282227 927.722412 -547.932800
v 219.677734 934.902100 -547.932495
v 211.151367 939.771118 -547.932190
v 239.985352 957.193542 -547.932434
v 244.576172 969.320923 -547.932495
v 228.048828 955.674744 -547.932190
v 235.994141 944.505127 -547.932495
v 252.522461 958.151306 -547.932800
v 203.757812 897.569275 -571.719055
v 206.282227 906.238403 -571.718811
v 210.560547 899.137573 -571.719116
v 202.033203 887.881470 -571.719421
v 197.755859 894.982300 -571.719116
v 203.756836 897.569275 -547.932434
v 206.282227 906.238403 -547.932800
v 197.755859 894.982300 -547.932495
v 202.033203 887.881470 -547.932190
v 210.560547 899.137573 -547.932495
v 239.985352 957.193420 -571.719177
v 228.048828 955.674744 -571.719421
v 244.576172 969.320923 -571.719116
v 252.522461 958.151306 -571.718811
v 235.994141 944.505127 -571.719116
v 211.179688 959.135681 -571.719360
v 197.755859 959.744568 -571.719421
v 214.652344 975.648193 -571.719421
v 211.179688 959.135803 -547.932068
v 214.652344 975.648193 -547.932190
v 197.755859 959.744568 -547.932190
v 214.808594 916.980469 -559.825745
v 214.808594 916.980408 -571.718811
v 214.808594 927.722412 -559.825806
v 214.808594 916.980408 -547.932800
v 214.808594 906.238403 -559.825806
v 219.677734 934.902283 -559.825806
v 224.546875 942.081848 -559.825806
v 235.993164 944.505127 -559.825867
v 247.441406 946.928467 -559.825806
v 252.522461 958.151245 -559.825745
v 257.603516 969.374146 -559.825806
v 244.576172 969.320984 -559.825745
v 231.549805 969.267639 -559.825806
v 214.653320 975.648254 -559.825806
v 197.755859 982.028809 -559.825806
v 197.755859 959.744507 -559.825867
v 197.755859 937.460327 -559.825806
v 197.755859 932.591492 -559.825806
v 197.755859 927.722412 -559.825806
v 197.755859 894.982178 -559.825806
v 197.755859 883.726196 -559.825806
v 197.755859 906.238403 -559.825806
v 202.033203 887.881409 -559.825806
v 206.311523 892.036743 -559.825806
v 210.559570 899.137390 -559.825867
v 206.282227 916.980469 -571.718811
v 197.755859 916.980408 -571.718811
v 197.755859 916.980469 -559.825867
v 197.755859 916.980408 -547.932800
v 206.282227 916.980469 -547.932861
v 186.863281 729.468872 14.030029
v 725.335938 729.468872 14.030029
v 186.863281 846.849731 14.030029
v 725.335938 846.849731 14.030029
v 186.863281 846.849731 -8.316284
v 725.335938 846.849731 -8.316284
v 186.863281 729.468872 -8.316284
v 725.335938 729.468872 -8.316284
v 702.919922 729.468872 14.030029
v 702.919922 846.849731 14.030029
v 702.919922 846.849731 -8.316284
v 702.919922 729.468872 -8.316284
v 702.919922 846.849731 -571.101868
v 702.919922 729.468872 -571.101868
v 725.335938 846.849731 -571.101868
v 725.335938 729.468872 -571.101868
v 702.919922 846.849731 -543.211914
v 702.919922 729.468872 -543.211914
v 725.335938 729.468872 -543.211914
v 725.335938 846.849731 -543.211914
v 193.766602 846.849731 -543.211914
v 193.766602 729.468872 -543.211914
v 193.766602 846.849731 -571.101868
v 193.766602 729.468872 -571.101868
v 444.891602 788.159302 14.030151
v 444.891602 729.468872 14.030029
v 702.919922 788.159302 14.030029
v 444.891602 846.849731 14.030029
v 186.863281 788.159302 14.030029
v 444.891602 846.849731 2.856934
v 702.919922 846.849731 2.856812
v 444.891602 846.849731 -8.316284
v 186.863281 846.849731 2.856812
v 444.891602 788.159241 -8.316284
v 702.919922 788.159302 -8.316284
v 444.891602 729.468872 -8.316284
v 186.863281 788.159302 -8.316284
v 444.891602 729.468933 2.856934
v 702.919922 729.468872 2.856812
v 186.863281 729.468872 2.856812
v 725.335938 788.159302 2.856812
v 725.335938 729.468872 2.856812
v 725.335938 788.159302 -8.316284
v 725.335938 846.849731 2.856812
v 725.335938 788.159302 14.030029
v 186.863281 788.159302 2.856812
v 714.127930 788.159302 14.030151
v 714.127930 729.468872 14.030029
v 714.127930 846.849731 14.030029
v 714.127930 846.849731 2.856934
v 714.127930 846.849731 -8.316284
v 714.127930 788.159363 -571.101868
v 702.919922 788.159302 -571.101868
v 714.127930 846.849731 -571.101868
v 725.335938 788.159302 -571.101868
v 714.127930 729.468872 -571.101868
v 714.127930 729.468872 2.856812
v 714.127930 729.468872 -8.316284
v 702.920898 788.159302 -275.764038
v 702.919922 846.849731 -275.764099
v 702.919922 788.159302 -543.211914
v 702.919922 729.468872 -275.764099
v 714.127930 846.849670 -275.764099
v 725.335938 846.849731 -275.764099
v 714.127930 846.849731 -543.211914
v 725.335938 788.159302 -275.764038
v 725.335938 729.468872 -275.764099
v 725.335938 788.159302 -543.211914
v 714.127930 729.468933 -275.764099
v 714.127930 729.468872 -543.211914
v 193.766602 788.159363 -557.156860
v 193.766602 788.159302 -543.211914
v 193.766602 846.849731 -557.156921
v 193.766602 788.159302 -571.101868
v 193.766602 729.468872 -557.156921
v 714.126953 729.468811 -557.156921
v 702.919922 729.468872 -557.156921
v 725.335938 729.468872 -557.156921
v 725.335938 788.159363 -557.156860
v 725.335938 846.849731 -557.156921
v 714.126953 846.849670 -557.156921
v 702.919922 846.849731 -557.156921
v 448.343750 788.159302 -543.211914
v 448.343750 846.849731 -543.211914
v 448.343750 729.468872 -543.211914
v 448.346680 846.849854 -557.156799
v 448.343750 846.849731 -571.101868
v 448.343750 788.159302 -571.101868
v 448.343750 729.468872 -571.101868
v 448.346680 729.468994 -557.156799
v 810.320312 614.918213 -129.651245
v 810.065430 624.146179 -123.490479
v 809.684570 630.312134 -114.270264
v 809.235352 632.477295 -103.394775
v 808.786133 630.312134 -92.519043
v 808.405273 624.146240 -83.298950
v 808.150391 614.918213 -77.138062
v 808.061523 604.033081 -74.974609
v 808.150391 593.147888 -77.138062
v 808.405273 583.919922 -83.298950
v 808.786133 577.753906 -92.519043
v 809.235352 575.588745 -103.394775
v 809.684570 577.753906 -114.270264
v 810.065430 583.919861 -123.490479
v 810.320312 593.147827 -129.651245
v 810.409180 604.033081 -131.814819
v 823.537109 614.918213 -129.105347
v 823.282227 624.146179 -122.944580
v 822.901367 630.312134 -113.724365
v 822.453125 632.477295 -102.848633
v 822.002930 630.312134 -91.973145
v 821.623047 624.146240 -82.752930
v 821.367188 614.918213 -76.592285
v 821.278320 604.033081 -74.428711
v 821.367188 593.147888 -76.592285
v 821.623047 583.919922 -82.752930
v 822.002930 577.753906 -91.973145
v 822.453125 575.588745 -102.848633
v 822.901367 577.753906 -113.724365
v 823.282227 583.919861 -122.944580
v 823.537109 593.147827 -129.105347
v 823.626953 604.033081 -131.268799
v 809.235352 604.033081 -103.394775
v 822.453125 604.033081 -102.848633
v 820.197266 563.174683 -60.626221
v 825.681641 563.174683 -193.376465
v 820.197266 642.189575 -60.626221
v 825.681641 642.189575 -193.376465
v 734.608398 642.189575 -64.161865
v 740.091797 642.189575 -196.912109
v 734.608398 563.174683 -64.161865
v 740.091797 563.174683 -196.912109
v 820.551758 571.677490 -69.193115
v 823.302734 571.677490 -135.807861
v 823.302734 633.686768 -135.807861
v 820.551758 633.686768 -69.193115
v 813.828125 571.677490 -69.470947
v 816.579102 571.677490 -136.085815
v 816.579102 633.686768 -136.085815
v 813.828125 633.686768 -69.470947
v 823.302734 642.189575 -135.807861
v 737.713867 642.189575 -139.343628
v 737.713867 563.174683 -139.343628
v 823.302734 563.174683 -135.807861
v 825.681641 633.686829 -193.376465
v 740.091797 633.686829 -196.912109
v 737.713867 633.686829 -139.343628
v 734.608398 633.686829 -64.161865
v 820.197266 633.686829 -60.626221
v 820.197266 571.677551 -60.626221
v 734.608398 571.677551 -64.161865
v 737.713867 571.677551 -139.343628
v 740.091797 571.677551 -196.912109
v 825.681641 571.677551 -193.376465
v 820.551758 642.189575 -69.193115
v 734.962891 642.189575 -72.728760
v 734.962891 633.686829 -72.728760
v 734.962891 571.677551 -72.728760
v 734.962891 563.174683 -72.728760
v 820.551758 563.174683 -69.193115
v 823.865234 642.189575 -149.410156
v 738.275391 642.189575 -152.945801
v 738.275391 633.686829 -152.945801
v 738.275391 571.677551 -152.945801
v 738.275391 563.174683 -152.945801
v 823.865234 563.174683 -149.410156
v 823.865234 571.677551 -149.410156
v 823.865234 633.686768 -149.410156
v 739.592773 633.686829 -184.822266
v 739.592773 642.189575 -184.822266
v 825.181641 642.189575 -181.286743
v 825.181641 633.686768 -181.286743
v 825.181641 571.677551 -181.286743
v 825.181641 563.174683 -181.286743
v 739.592773 563.174683 -184.822266
v 739.592773 571.677551 -184.822266
v 737.773438 634.974976 -183.923340
v 737.773438 643.830994 -183.923340
v 736.538086 634.974976 -153.989990
v 736.538086 643.830994 -153.989990
v 825.682617 643.830994 -150.307617
v 826.919922 643.830994 -180.241089
v 825.682617 634.974915 -150.307617
v 826.919922 634.974976 -180.241089
v 825.682617 570.389404 -150.307617
v 826.919922 570.389404 -180.241089
v 825.682617 561.533325 -150.307617
v 826.919922 561.533325 -180.241089
v 736.538086 561.533325 -153.989990
v 737.773438 561.533325 -183.923340
v 736.538086 570.389404 -153.989990
v 737.773438 570.389404 -183.923340
v 794.133789 645.580811 -61.702881
v 794.133789 633.686829 -61.702881
v 794.133789 571.677551 -61.702881
v 794.133789 563.174683 -61.702881
v 794.487305 563.174683 -70.269775
v 797.239258 563.174683 -136.884766
v 797.800781 563.174683 -150.486816
v 798.196289 561.533325 -151.443115
v 799.432617 561.533325 -181.376465
v 799.117188 563.174683 -182.363525
v 799.617188 563.174683 -194.453125
v 799.617188 571.677551 -194.453125
v 799.617188 633.686829 -194.453125
v 799.617188 645.580811 -194.453125
v 799.117188 645.580811 -182.363525
v 799.432617 647.222168 -181.376465
v 798.196289 647.222168 -151.443115
v 797.800781 645.580811 -150.486816
v 797.239258 645.580811 -136.884766
v 794.487305 645.580811 -70.269775
v 757.151367 563.174683 -63.230469
v 757.151367 571.677551 -63.230469
v 757.151367 633.686829 -63.230469
v 757.151367 645.580811 -63.230469
v 757.505859 645.580811 -71.797485
v 760.257812 645.580811 -138.412231
v 760.819336 645.580811 -152.014526
v 760.148438 647.222168 -153.014648
v 761.384766 647.222168 -182.947998
v 762.136719 645.580811 -183.891113
v 762.634766 645.580811 -195.980957
v 762.634766 633.686829 -195.980957
v 762.634766 571.677551 -195.980957
v 762.634766 563.174683 -195.980957
v 762.136719 563.174683 -183.891113
v 761.384766 561.533325 -182.947998
v 760.148438 561.533325 -153.014648
v 760.819336 563.174683 -152.014526
v 760.257812 563.174683 -138.412231
v 757.505859 563.174683 -71.797485
v 734.608398 620.663086 -64.161865
v 734.608398 584.701294 -64.161865
v 757.151367 620.663086 -63.230469
v 757.151367 584.701294 -63.230469
v 794.133789 620.663086 -61.702881
v 794.133789 584.701294 -61.702881
v 820.197266 584.701294 -60.626221
v 820.197266 620.663086 -60.626221
v 745.323242 616.044312 -56.984741
v 745.323242 589.320068 -56.984741
v 762.076172 589.320068 -56.292480
v 762.076172 616.044312 -56.292480
v 789.558594 589.320068 -55.157349
v 789.558594 616.044312 -55.157349
v 808.926758 589.320068 -54.357178
v 808.926758 616.044312 -54.357178
v 835.597656 555.715271 -163.510132
v 835.965820 555.715271 -172.421753
v 835.450195 565.684143 -159.935059
v 836.113281 565.684143 -175.996948
v 739.243164 565.684143 -163.908936
v 739.907227 565.684143 -179.970947
v 739.390625 555.715271 -167.484131
v 739.758789 555.715271 -176.395752
v 832.236328 555.715271 -82.133301
v 832.604492 555.715271 -91.044922
v 832.087891 565.684143 -78.558105
v 832.751953 565.684143 -94.620117
v 735.882812 565.684143 -82.531982
v 736.545898 565.684143 -98.593994
v 736.030273 555.715271 -86.107178
v 736.398438 555.715271 -95.018799
v 787.935547 558.161499 -164.863892
v 788.302734 558.161499 -173.775757
v 786.386719 561.366577 -165.157227
v 786.735352 561.366577 -173.611084
v 738.667969 534.406616 -167.128296
v 739.017578 534.406616 -175.582153
v 740.217773 531.201538 -166.834961
v 740.584961 531.201538 -175.746826
v 746.047852 561.319702 -166.934570
v 746.416016 561.319702 -175.846191
v 740.831055 561.319702 -166.798218
v 741.228516 561.319702 -176.412476
v 740.831055 525.264526 -166.798218
v 741.228516 525.264526 -176.412476
v 746.047852 525.264526 -166.934570
v 746.416016 525.264526 -175.846191
v 784.590820 558.161499 -83.895752
v 784.958984 558.161499 -92.807373
v 783.041992 561.366577 -84.188965
v 783.390625 561.366577 -92.642822
v 735.324219 534.406616 -86.160034
v 735.672852 534.406616 -94.613892
v 736.872070 531.201538 -85.866699
v 737.240234 531.201538 -94.778564
v 742.703125 561.319702 -85.966309
v 743.071289 561.319702 -94.877930
v 737.487305 561.319702 -85.829834
v 737.883789 561.319702 -95.444214
v 737.487305 525.264526 -85.829834
v 737.883789 525.264526 -95.444214
v 742.703125 525.264526 -85.966309
v 743.071289 525.264526 -94.877930
v 536.466797 686.073181 88.476318
v 536.466797 686.073181 57.655518
v 536.466797 736.570618 88.476318
v 536.466797 736.570618 57.655518
v 536.466797 721.421387 88.476318
v 536.466797 721.421387 47.904541
v 536.466797 700.212463 88.476318
v 536.466797 700.212463 47.904541
v 523.884766 692.000061 88.476318
v 523.884766 702.820251 88.476318
v 523.884766 719.050659 88.476318
v 523.884766 730.643738 88.476318
v 523.884766 692.000061 78.518311
v 523.884766 702.820251 81.702393
v 523.884766 719.050659 81.702393
v 523.884766 730.643738 78.518311
v 509.925781 736.570618 88.476318
v 509.925781 730.643738 88.476318
v 509.925781 730.643738 78.518311
v 509.925781 719.050659 81.702393
v 509.925781 702.820251 81.702393
v 509.925781 692.000061 78.518311
v 509.925781 692.000061 88.476318
v 509.925781 686.073181 88.476318
v 509.925781 686.073181 57.655518
v 509.925781 700.212463 47.904541
v 509.925781 721.421387 47.904541
v 509.925781 736.570618 57.655518
v 487.205078 686.073181 88.476318
v 487.205078 692.000061 88.476318
v 487.205078 692.000061 78.518311
v 487.205078 702.820251 81.702393
v 487.205078 719.050659 81.702393
v 487.205078 730.643738 78.518311
v 487.205078 730.643738 88.476318
v 487.205078 736.570618 88.476318
v 487.205078 736.570618 57.655518
v 487.205078 721.421387 47.904541
v 487.205078 700.212463 47.904541
v 487.205078 686.073181 57.655518
v 509.663086 742.400574 57.655518
v 509.663086 742.400574 88.476318
v 487.466797 742.400574 57.655518
v 487.466797 742.400574 88.476318
v 509.663086 724.329285 43.924072
v 487.466797 724.329285 43.924072
v 509.663086 697.013794 43.924072
v 487.466797 697.013794 43.924072
v 509.663086 680.243225 57.655518
v 487.466797 680.243225 57.655518
v 487.466797 680.243225 88.476318
v 509.663086 680.243225 88.476318
v 487.205078 686.073181 91.754639
v 487.205078 692.000061 91.754639
v 509.925781 686.073181 91.754639
v 509.925781 692.000061 91.754639
v 487.466797 680.243225 91.754639
v 509.663086 680.243225 91.754639
v 509.925781 736.570618 91.754639
v 509.925781 730.643738 91.754639
v 487.205078 736.570618 91.754639
v 487.205078 730.643738 91.754639
v 509.663086 742.400574 91.754639
v 487.466797 742.400574 91.754639
v 455.736328 719.050659 81.702393
v 455.736328 730.643738 78.518311
v 455.736328 730.643738 88.476318
v 455.736328 736.570618 88.476318
v 455.736328 736.570618 57.655518
v 455.736328 686.073181 88.476318
v 455.736328 692.000061 88.476318
v 455.736328 692.000061 78.518311
v 455.736328 702.820251 81.702393
v 455.736328 721.421387 47.905029
v 455.736328 700.212463 47.905029
v 455.736328 686.073181 57.656006
v 375.005859 686.073181 88.476318
v 375.005859 686.073181 57.655518
v 375.005859 736.570618 88.476318
v 375.005859 736.570618 57.655518
v 375.005859 721.421387 88.476318
v 375.005859 721.421387 47.904541
v 375.005859 700.212463 88.476318
v 375.005859 700.212463 47.904541
v 387.587891 692.000061 88.476318
v 387.587891 702.820251 88.476318
v 387.587891 719.050659 88.476318
v 387.587891 730.643738 88.476318
v 387.587891 692.000061 78.518311
v 387.587891 702.820251 81.702393
v 387.587891 719.050659 81.702393
v 387.587891 730.643738 78.518311
v 401.546875 736.570618 88.476318
v 401.546875 730.643738 88.476318
v 401.546875 730.643738 78.518311
v 401.546875 719.050659 81.702393
v 401.546875 702.820251 81.702393
v 401.546875 692.000061 78.518311
v 401.546875 692.000061 88.476318
v 401.546875 686.073181 88.476318
v 401.546875 686.073181 57.655518
v 401.546875 700.212463 47.904541
v 401.546875 721.421387 47.904541
v 401.546875 736.570618 57.655518
v 424.267578 686.073181 88.476318
v 424.267578 692.000061 88.476318
v 424.267578 692.000061 78.518311
v 424.267578 702.820251 81.702393
v 424.267578 719.050659 81.702393
v 424.267578 730.643738 78.518311
v 424.267578 730.643738 88.476318
v 424.267578 736.570618 88.476318
v 424.267578 736.570618 57.655518
v 424.267578 721.421387 47.904541
v 424.267578 700.212463 47.904541
v 424.267578 686.073181 57.655518
v 401.809570 742.400574 57.655518
v 401.809570 742.400574 88.476318
v 424.005859 742.400574 57.655518
v 424.005859 742.400574 88.476318
v 401.809570 724.329285 43.924072
v 424.005859 724.329285 43.924072
v 401.809570 697.013794 43.924072
v 424.005859 697.013794 43.924072
v 401.809570 680.243225 57.655518
v 424.005859 680.243225 57.655518
v 424.005859 680.243225 88.476318
v 401.809570 680.243225 88.476318
v 424.267578 686.073181 91.754639
v 424.267578 692.000061 91.754639
v 401.546875 686.073181 91.754639
v 401.546875 692.000061 91.754639
v 424.005859 680.243225 91.754639
v 401.809570 680.243225 91.754639
v 401.546875 736.570618 91.754639
v 401.546875 730.643738 91.754639
v 424.267578 736.570618 91.754639
v 424.267578 730.643738 91.754639
v 401.809570 742.400574 91.754639
v 424.005859 742.400574 91.754639
v 509.663086 688.628540 50.789795
v 487.466797 688.628540 50.789795
v 424.005859 688.628540 50.789795
v 401.809570 688.628540 50.789795
v 509.663086 688.628540 41.162842
v 487.466797 688.628540 41.162842
v 506.541016 680.243225 41.859619
v 490.589844 680.243225 41.859619
v 424.004883 688.628540 41.163330
v 401.809570 688.628540 41.163330
v 420.882812 680.243225 41.859619
v 404.931641 680.243225 41.859619
v 239.730469 249.057449 14.999268
v 239.730469 121.270760 14.999268
v 254.217773 249.057449 15.004883
v 254.217773 121.270760 15.004883
v 254.222656 249.057449 6.282227
v 254.222656 121.270760 6.282227
v 239.737305 249.057449 6.276611
v 239.737305 121.270760 6.276611
v 246.974609 185.164093 15.002075
v 239.730469 185.164093 14.999268
v 246.974609 121.270760 15.002075
v 254.217773 185.164093 15.004883
v 246.974609 249.057449 15.002075
v 254.219727 185.164093 10.643555
v 254.220703 121.270760 10.643555
v 254.222656 185.164093 6.282227
v 254.220703 249.057449 10.643555
v 246.979492 185.164093 6.279297
v 246.980469 121.270760 6.279419
v 239.737305 185.164093 6.276611
v 246.980469 249.057449 6.279419
v 239.734375 185.164093 10.637817
v 239.734375 121.270760 10.637939
v 239.734375 249.057449 10.637939
v 246.978516 121.270760 10.640869
v 246.977539 249.057449 10.640869
v 658.945312 249.823593 15.773560
v 658.945312 120.504616 15.773560
v 674.013672 249.823593 15.780273
v 674.013672 120.504616 15.780273
v 674.020508 249.823593 5.507935
v 674.020508 120.504616 5.507935
v 658.952148 249.823593 5.501221
v 658.952148 120.504616 5.501221
v 666.479492 185.164093 15.776855
v 658.945312 185.164093 15.773560
v 666.479492 120.504616 15.776978
v 674.013672 185.164093 15.780273
v 666.479492 249.823593 15.776978
v 674.016602 185.164108 10.644165
v 674.017578 120.504616 10.644165
v 674.020508 185.164093 5.507935
v 674.017578 249.823593 10.644165
v 666.486328 185.164093 5.504639
v 666.486328 120.504616 5.504517
v 658.952148 185.164093 5.501221
v 666.486328 249.823593 5.504517
v 658.950195 185.164108 10.637329
v 658.949219 120.504616 10.637329
v 658.949219 249.823593 10.637329
v 666.482422 120.504616 10.640625
v 666.482422 249.823593 10.640625
vt -0.678009 0.960554
vt -0.678009 0.960554
vt -0.678009 0.956200
vt -0.678009 0.956200
vt -0.679019 0.960554
vt -0.680029 0.960554
vt -0.680029 0.956200
vt -0.679019 0.956200
vt -0.784827 0.626339
vt -0.791495 0.626339
vt -0.791495 0.626339
vt -0.784827 0.626339
vt -0.679019 0.951847
vt -0.680029 0.951847
vt -0.680029 0.956200
vt -0.679019 0.956200
vt -0.824641 0.548564
vt -0.831308 0.548564
vt -0.831308 0.548564
vt -0.824641 0.548564
vt -0.778160 0.634811
vt -0.778160 0.626339
vt -0.778160 0.626339
vt -0.778160 0.634811
vt -0.817973 0.540091
vt -0.817973 0.548564
vt -0.817973 0.548564
vt -0.817973 0.540091
vt -0.791495 0.634811
vt -0.784827 0.634811
vt -0.817973 0.540091
vt -0.817973 0.548564
vt -0.824641 0.548564
vt -0.824641 0.540091
vt -0.831308 0.540091
vt -0.831308 0.548564
vt -0.824641 0.548564
vt -0.824641 0.540091
vt -0.778160 0.634811
vt -0.778160 0.626339
vt -0.784827 0.626339
vt -0.784827 0.634811
vt -0.778631 0.643228
vt -0.778160 0.643284
vt -0.778160 0.643284
vt -0.778624 0.643229
vt -0.818445 0.531674
vt -0.817973 0.531619
vt -0.817973 0.531619
vt -0.818437 0.531673
vt -0.791740 0.643228
vt -0.791495 0.643284
vt -0.784827 0.643284
vt -0.785081 0.643229
vt -0.818445 0.531674
vt -0.817973 0.531619
vt -0.824641 0.531619
vt -0.824895 0.531673
vt -0.831553 0.531674
vt -0.831308 0.531619
vt -0.824641 0.531619
vt -0.824894 0.531673
vt -0.778631 0.643228
vt -0.778160 0.643284
vt -0.784827 0.643284
vt -0.785080 0.643229
vt -0.678009 0.951847
vt -0.678009 0.951847
vt -0.678009 0.951847
vt -0.678009 0.956200
vt -0.678009 0.960554
vt -0.680029 0.951847
vt -0.679019 0.951847
vt -0.791495 0.626339
vt -0.680029 0.960554
vt -0.679019 0.960554
vt -0.831308 0.548564
vt -0.824641 0.548564
vt -0.817973 0.548564
vt -0.817973 0.548564
vt -0.817973 0.548564
vt -0.831308 0.548564
vt -0.831308 0.540091
vt -0.831308 0.531619
vt -0.791495 0.634811
vt -0.791495 0.643284
vt -0.779103 0.643173
vt -0.779103 0.643173
vt -0.779103 0.643173
vt -0.818916 0.531730
vt -0.818916 0.531730
vt -0.818916 0.531730
vt -0.785544 0.643173
vt -0.791985 0.643173
vt -0.831553 0.531674
vt -0.831798 0.531730
vt -0.825357 0.531730
vt -0.825357 0.531730
vt -0.831798 0.531730
vt -0.791740 0.643228
vt -0.791985 0.643173
vt -0.785544 0.643173
vt -0.561454 0.449141
vt -0.561454 0.442907
vt -0.548266 0.442907
vt -0.548266 0.449141
vt -0.561486 0.455375
vt -0.561454 0.455375
vt -0.548266 0.455375
vt -0.548298 0.455375
vt -0.561518 0.449141
vt -0.561518 0.455375
vt -0.548330 0.455375
vt -0.548330 0.449141
vt -0.561486 0.442907
vt -0.561518 0.442907
vt -0.548330 0.442907
vt -0.548298 0.442907
vt -0.535079 0.449141
vt -0.535079 0.442907
vt -0.535111 0.442907
vt -0.535111 0.449141
vt -0.561486 0.449141
vt -0.535079 0.455375
vt -0.535111 0.455375
vt -0.535143 0.455375
vt -0.535143 0.449141
vt -0.535143 0.442907
vt -0.548281 0.507863
vt -0.549264 0.507863
vt -0.549264 0.449141
vt -0.548281 0.449141
vt -0.547316 0.507863
vt -0.547299 0.507863
vt -0.547299 0.449141
vt -0.547316 0.449141
vt -0.548316 0.507863
vt -0.547333 0.507863
vt -0.547333 0.449141
vt -0.548315 0.449141
vt -0.549281 0.507863
vt -0.549298 0.507863
vt -0.549298 0.449141
vt -0.549281 0.449141
vt -0.548281 0.390419
vt -0.549264 0.390419
vt -0.549281 0.390419
vt -0.548298 0.390419
vt -0.548298 0.507863
vt -0.547299 0.390419
vt -0.547316 0.390419
vt -0.547333 0.390419
vt -0.548316 0.390419
vt -0.549298 0.390419
vt -0.561135 0.373992
vt -0.561135 0.362370
vt -0.548237 0.362370
vt -0.548237 0.373992
vt -0.561196 0.385613
vt -0.561135 0.385613
vt -0.548237 0.385613
vt -0.548298 0.385613
vt -0.561258 0.373992
vt -0.561258 0.385613
vt -0.548360 0.385613
vt -0.548360 0.373992
vt -0.561196 0.362370
vt -0.561258 0.362370
vt -0.548360 0.362370
vt -0.548298 0.362370
vt -0.535339 0.373992
vt -0.535339 0.362370
vt -0.535401 0.362370
vt -0.535401 0.373992
vt -0.561196 0.373992
vt -0.535339 0.385613
vt -0.535401 0.385613
vt -0.535462 0.385613
vt -0.535462 0.373992
vt -0.535462 0.362370
vt -0.548281 0.507863
vt -0.549264 0.507863
vt -0.549264 0.449141
vt -0.548281 0.449141
vt -0.547316 0.507863
vt -0.547299 0.507863
vt -0.547299 0.449141
vt -0.547316 0.449141
vt -0.548315 0.507863
vt -0.547333 0.507863
vt -0.547333 0.449141
vt -0.548315 0.449141
vt -0.549281 0.507863
vt -0.549298 0.507863
vt -0.549298 0.449141
vt -0.549281 0.449141
vt -0.548281 0.390419
vt -0.549264 0.390419
vt -0.549281 0.390419
vt -0.548298 0.390419
vt -0.548298 0.507863
vt -0.547299 0.390419
vt -0.547316 0.390419
vt -0.547333 0.390419
vt -0.548315 0.390419
vt -0.549298 0.390419
vt -0.548281 0.507863
vt -0.549264 0.507863
vt -0.549264 0.449141
vt -0.548281 0.449141
vt -0.547316 0.507863
vt -0.547299 0.507863
vt -0.547299 0.449141
vt -0.547316 0.449141
vt -0.548315 0.507863
vt -0.547333 0.507863
vt -0.547333 0.449141
vt -0.548315 0.449141
vt -0.549281 0.507863
vt -0.549298 0.507863
vt -0.549298 0.449141
vt -0.549281 0.449141
vt -0.548281 0.390419
vt -0.549264 0.390419
vt -0.549281 0.390419
vt -0.548298 0.390419
vt -0.548298 0.507863
vt -0.547299 0.390419
vt -0.547316 0.390419
vt -0.547333 0.390419
vt -0.548315 0.390419
vt -0.549298 0.390419
vt -0.561135 0.373992
vt -0.561135 0.362370
vt -0.548237 0.362370
vt -0.548237 0.373992
vt -0.561196 0.385613
vt -0.561135 0.385613
vt -0.548237 0.385613
vt -0.548298 0.385613
vt -0.561258 0.373992
vt -0.561258 0.385613
vt -0.548360 0.385613
vt -0.548360 0.373992
vt -0.561196 0.362370
vt -0.561258 0.362370
vt -0.548360 0.362370
vt -0.548298 0.362370
vt -0.535339 0.373992
vt -0.535339 0.362370
vt -0.535401 0.362370
vt -0.535401 0.373992
vt -0.561196 0.373992
vt -0.535339 0.385613
vt -0.535401 0.385613
vt -0.535462 0.385613
vt -0.535462 0.373992
vt -0.535462 0.362370
vt -0.548281 0.507863
vt -0.549264 0.507863
vt -0.549264 0.449141
vt -0.548281 0.449141
vt -0.547316 0.507863
vt -0.547299 0.507863
vt -0.547299 0.449141
vt -0.547316 0.449141
vt -0.548316 0.507863
vt -0.547333 0.507863
vt -0.547333 0.449141
vt -0.548315 0.449141
vt -0.549281 0.507863
vt -0.549298 0.507863
vt -0.549298 0.449141
vt -0.549281 0.449141
vt -0.548281 0.390419
vt -0.549264 0.390419
vt -0.549281 0.390419
vt -0.548298 0.390418
vt -0.548298 0.507863
vt -0.547299 0.390419
vt -0.547316 0.390419
vt -0.547333 0.390419
vt -0.548316 0.390419
vt -0.549298 0.390419
vt -0.561454 0.449141
vt -0.561454 0.442907
vt -0.548266 0.442907
vt -0.548266 0.449141
vt -0.561486 0.455375
vt -0.561454 0.455375
vt -0.548266 0.455375
vt -0.548298 0.455375
vt -0.561518 0.449141
vt -0.561518 0.455375
vt -0.548330 0.455375
vt -0.548330 0.449141
vt -0.561486 0.442907
vt -0.561518 0.442907
vt -0.548330 0.442907
vt -0.548298 0.442907
vt -0.535079 0.449141
vt -0.535079 0.442907
vt -0.535111 0.442907
vt -0.535111 0.449141
vt -0.561486 0.449141
vt -0.535079 0.455375
vt -0.535111 0.455375
vt -0.535143 0.455375
vt -0.535143 0.449141
vt -0.535143 0.442907
vt 0.176452 0.946324
vt 0.239160 0.946324
vt 0.239160 0.963092
vt 0.176452 0.963092
vt 0.179083 0.952725
vt 0.236530 0.952725
vt 0.236530 0.952725
vt 0.179083 0.952725
vt 0.176452 0.963092
vt 0.239160 0.963092
vt 0.239160 0.946324
vt 0.176452 0.946324
vt 0.236530 0.963092
vt 0.179083 0.963092
vt 0.236530 0.963092
vt 0.179083 0.963092
vt -1.600298 0.754645
vt -1.600298 0.724415
vt -1.594227 0.724415
vt -1.594227 0.754645
vt -0.974334 0.125180
vt -0.974334 0.125180
vt -0.968987 0.125180
vt -0.968987 0.125180
vt -1.600298 0.754645
vt -1.600298 0.784875
vt -1.594227 0.784875
vt -1.594227 0.754645
vt -0.688256 0.439549
vt -0.688256 0.439549
vt -0.687304 0.439549
vt -0.687304 0.439549
vt -1.532835 0.754645
vt -1.532835 0.724415
vt -1.532835 0.724415
vt -1.532835 0.754645
vt -0.688256 0.441662
vt -0.688256 0.444107
vt -0.687229 0.444107
vt -0.687229 0.441662
vt -0.676844 0.441662
vt -0.676844 0.444107
vt -0.676844 0.444107
vt -0.676844 0.441662
vt -0.687229 0.439217
vt -0.686202 0.439217
vt -0.686202 0.441662
vt -0.687229 0.441662
vt -1.598287 0.845335
vt -1.600298 0.845335
vt -1.594227 0.845335
vt -1.592798 0.845335
vt -1.534847 0.845335
vt -1.532835 0.845335
vt -1.532835 0.845335
vt -1.534729 0.845335
vt -1.590928 0.845335
vt -1.585580 0.845335
vt -1.586868 0.845335
vt -1.592798 0.845335
vt -1.598287 0.845335
vt -1.600298 0.845335
vt -1.600298 0.845335
vt -1.598404 0.845335
vt -0.974334 0.133666
vt -0.974334 0.142151
vt -0.968987 0.142151
vt -0.968967 0.133291
vt -0.914917 0.133666
vt -0.914917 0.142151
vt -0.914917 0.142151
vt -0.914917 0.133666
vt -0.968987 0.125180
vt -0.963639 0.125180
vt -0.963639 0.133666
vt -0.968987 0.133666
vt -0.688256 0.443941
vt -0.688256 0.443776
vt -0.687304 0.443776
vt -0.687263 0.443946
vt -0.687229 0.439217
vt -0.686202 0.439217
vt -0.686277 0.439383
vt -0.687263 0.439379
vt -0.677260 0.443941
vt -0.677675 0.443776
vt -0.677675 0.443776
vt -0.677232 0.443952
vt -0.677260 0.439383
vt -0.677675 0.439549
vt -0.677675 0.439549
vt -0.677232 0.439372
vt -0.687229 0.444107
vt -0.686202 0.444107
vt -0.686277 0.443941
vt -0.687263 0.443946
vt -0.688256 0.439383
vt -0.688256 0.439549
vt -0.687304 0.439549
vt -0.687263 0.439379
vt -0.688256 0.439383
vt -0.688256 0.439372
vt -1.600298 0.709301
vt -1.600298 0.694186
vt -1.594227 0.694186
vt -1.594227 0.709301
vt -1.532835 0.709301
vt -1.532835 0.694186
vt -1.532835 0.694186
vt -1.532835 0.709300
vt -1.600298 0.709301
vt -1.600298 0.724415
vt -1.594227 0.724415
vt -1.594227 0.709301
vt -1.600298 0.815105
vt -1.594227 0.845335
vt -1.594227 0.815105
vt -1.532835 0.815105
vt -1.532835 0.784875
vt -1.532835 0.784875
vt -1.532835 0.815105
vt -1.600298 0.815105
vt -1.600298 0.784875
vt -1.594227 0.784875
vt -1.594227 0.815105
vt -1.539581 0.724415
vt -1.546327 0.724415
vt -1.546327 0.709301
vt -1.539581 0.709301
vt -1.539581 0.784875
vt -1.546327 0.784875
vt -1.546327 0.754645
vt -1.539581 0.754645
vt -1.539581 0.845335
vt -1.546327 0.845335
vt -1.546327 0.815105
vt -1.539581 0.815105
vt -1.542800 0.845335
vt -1.548742 0.845335
vt -1.547535 0.845335
vt -1.540949 0.845335
vt -0.920859 0.125180
vt -0.926800 0.125180
vt -0.926800 0.133666
vt -0.920875 0.133352
vt -0.920859 0.125180
vt -0.926800 0.125180
vt -0.926800 0.125180
vt -0.920859 0.125180
vt -0.914917 0.133666
vt -0.914917 0.142151
vt -0.920859 0.142151
vt -0.920859 0.133666
vt -1.534847 0.845335
vt -1.532835 0.845335
vt -1.539581 0.845335
vt -1.540949 0.845335
vt -1.539581 0.784875
vt -1.546327 0.784875
vt -1.546327 0.815105
vt -1.539581 0.815105
vt -1.539581 0.724415
vt -1.546327 0.724415
vt -1.546327 0.754645
vt -1.539581 0.754645
vt -1.539581 0.694186
vt -1.546327 0.694186
vt -1.546327 0.709301
vt -1.539581 0.709301
vt -0.677985 0.444107
vt -0.679127 0.444107
vt -0.679459 0.443941
vt -0.678332 0.443945
vt -0.677985 0.439217
vt -0.679127 0.439217
vt -0.679127 0.441662
vt -0.677985 0.441662
vt -0.677260 0.439383
vt -0.677675 0.439549
vt -0.678733 0.439549
vt -0.678332 0.439379
vt -0.678733 0.439549
vt -0.679791 0.439549
vt -0.679791 0.439549
vt -0.678733 0.439549
vt -0.677985 0.439217
vt -0.679127 0.439217
vt -0.679459 0.439383
vt -0.678332 0.439379
vt -0.676844 0.441662
vt -0.676844 0.444107
vt -0.677985 0.444107
vt -0.677985 0.441662
vt -0.677260 0.443941
vt -0.677675 0.443776
vt -0.678733 0.443776
vt -0.678332 0.443945
vt -1.553074 0.724415
vt -1.559820 0.724415
vt -1.559820 0.754645
vt -1.553074 0.754645
vt -1.553074 0.784875
vt -1.559820 0.784875
vt -1.559820 0.815105
vt -1.553074 0.815105
vt -1.554683 0.845335
vt -1.548742 0.845335
vt -1.547535 0.845335
vt -1.553738 0.845335
vt -0.932742 0.125180
vt -0.926800 0.133666
vt -0.932742 0.133666
vt -0.938684 0.125180
vt -0.938684 0.125180
vt -0.932742 0.125180
vt -0.932742 0.125180
vt -0.938684 0.125180
vt -0.938684 0.133666
vt -0.932727 0.133957
vt -1.554683 0.845335
vt -1.560625 0.845335
vt -1.560223 0.845335
vt -1.553738 0.845335
vt -1.553074 0.845335
vt -1.559820 0.845335
vt -1.559820 0.815105
vt -1.553074 0.815105
vt -1.553074 0.724415
vt -1.559820 0.724415
vt -1.559820 0.709301
vt -1.553074 0.709300
vt -0.680268 0.444107
vt -0.679127 0.444107
vt -0.679459 0.443941
vt -0.680535 0.443946
vt -0.680268 0.439217
vt -0.679127 0.441662
vt -0.680268 0.441662
vt -0.681409 0.439217
vt -0.681658 0.439383
vt -0.680535 0.439379
vt -0.680849 0.439549
vt -0.681907 0.439549
vt -0.681907 0.439549
vt -0.680849 0.439549
vt -0.680268 0.439217
vt -0.679459 0.439383
vt -0.680536 0.439379
vt -0.681409 0.439217
vt -0.681409 0.441662
vt -0.680268 0.441662
vt -0.680268 0.444107
vt -0.681409 0.444107
vt -0.681658 0.443941
vt -0.680536 0.443946
vt -1.553074 0.694186
vt -1.559820 0.694186
vt -1.559820 0.709301
vt -1.553074 0.709300
vt -1.566977 0.724415
vt -1.574134 0.724415
vt -1.574134 0.709301
vt -1.566977 0.709300
vt -1.566977 0.784875
vt -1.574134 0.784875
vt -1.574134 0.754645
vt -1.566977 0.754645
vt -1.566977 0.845335
vt -1.574134 0.845335
vt -1.574134 0.815105
vt -1.566977 0.815105
vt -1.566928 0.845335
vt -1.573231 0.845335
vt -1.573683 0.845335
vt -1.566957 0.845335
vt -0.944987 0.125180
vt -0.951290 0.125180
vt -0.951290 0.133666
vt -0.944987 0.133666
vt -0.944987 0.125180
vt -0.951290 0.125180
vt -0.951290 0.125180
vt -0.944987 0.125180
vt -0.938684 0.133666
vt -0.944987 0.133666
vt -1.566928 0.845335
vt -1.560625 0.845335
vt -1.560223 0.845335
vt -1.566957 0.845335
vt -1.566977 0.784875
vt -1.574134 0.784875
vt -1.574134 0.815105
vt -1.566977 0.815105
vt -1.566977 0.724415
vt -1.574134 0.724415
vt -1.574134 0.754645
vt -1.566977 0.754645
vt -1.566977 0.694186
vt -1.574134 0.694186
vt -1.574134 0.709301
vt -1.566977 0.709300
vt -0.682619 0.444107
vt -0.683830 0.444107
vt -0.683991 0.443941
vt -0.682806 0.443946
vt -0.682619 0.439217
vt -0.683830 0.439217
vt -0.683830 0.441662
vt -0.682619 0.441662
vt -0.681658 0.439383
vt -0.682806 0.439379
vt -0.683029 0.439549
vt -0.684152 0.439549
vt -0.684152 0.439549
vt -0.683029 0.439549
vt -0.682619 0.439217
vt -0.683830 0.439217
vt -0.683991 0.439383
vt -0.682806 0.439379
vt -0.681409 0.441662
vt -0.682619 0.441662
vt -0.682619 0.444107
vt -0.681409 0.444107
vt -0.681658 0.443941
vt -0.682806 0.443946
vt -1.581145 0.724415
vt -1.588155 0.724415
vt -1.588155 0.709301
vt -1.581145 0.709300
vt -0.685016 0.444107
vt -0.683830 0.444107
vt -0.683991 0.443941
vt -0.685123 0.443946
vt -0.685016 0.439217
vt -0.683830 0.441662
vt -0.685016 0.441662
vt -0.686277 0.439383
vt -0.685123 0.439379
vt -0.685252 0.439549
vt -0.686351 0.439549
vt -0.686351 0.439549
vt -0.685252 0.439549
vt -0.685016 0.439217
vt -0.683991 0.439383
vt -0.685123 0.439379
vt -0.686202 0.441662
vt -0.685016 0.441662
vt -0.685016 0.444107
vt -0.686202 0.444107
vt -0.686277 0.443941
vt -0.685123 0.443946
vt -1.581145 0.694186
vt -1.588155 0.694186
vt -1.588155 0.709301
vt -1.581145 0.709300
vt -1.581145 0.724415
vt -1.588155 0.724415
vt -1.588155 0.754645
vt -1.581145 0.754645
vt -1.581145 0.784875
vt -1.588155 0.784875
vt -1.588155 0.815105
vt -1.581144 0.815105
vt -1.579406 0.845335
vt -1.573231 0.845335
vt -1.573683 0.845335
vt -1.580431 0.845335
vt -0.957465 0.125180
vt -0.951290 0.133666
vt -0.957465 0.133666
vt -0.963639 0.125180
vt -0.957465 0.125180
vt -0.957465 0.125180
vt -0.963639 0.125180
vt -0.963639 0.133666
vt -0.957484 0.133987
vt -1.579406 0.845335
vt -1.585580 0.845335
vt -1.586868 0.845335
vt -1.580431 0.845335
vt -1.581145 0.845335
vt -1.588155 0.845335
vt -1.588155 0.815105
vt -1.581144 0.815105
vt -0.974334 0.174860
vt -0.974334 0.186226
vt -0.968987 0.186226
vt -0.968974 0.175286
vt -0.951290 0.174860
vt -0.951290 0.163494
vt -0.957465 0.163494
vt -0.957477 0.174487
vt -0.938684 0.174860
vt -0.938684 0.163494
vt -0.944987 0.163494
vt -0.944987 0.174860
vt -0.926800 0.174860
vt -0.926800 0.163494
vt -0.932742 0.163494
vt -0.932732 0.174522
vt -0.914917 0.174860
vt -0.914917 0.163494
vt -0.920859 0.163494
vt -0.920869 0.175219
vt -0.914917 0.186226
vt -0.914917 0.186226
vt -0.914917 0.174860
vt -0.914917 0.174860
vt -0.914917 0.186226
vt -0.920859 0.186226
vt -0.920859 0.174860
vt -0.938684 0.174860
vt -0.938684 0.163494
vt -0.932742 0.163494
vt -0.932742 0.174860
vt -0.951290 0.174860
vt -0.951290 0.163494
vt -0.944987 0.163494
vt -0.944987 0.174860
vt -0.963639 0.174860
vt -0.963639 0.163494
vt -0.957465 0.163494
vt -0.957465 0.174860
vt -0.974334 0.174860
vt -0.974334 0.163494
vt -0.968987 0.163494
vt -0.968987 0.174860
vt -0.974334 0.152823
vt -0.974334 0.163494
vt -0.968987 0.163494
vt -0.968987 0.152823
vt -0.938684 0.152823
vt -0.938684 0.142151
vt -0.944987 0.142151
vt -0.944987 0.152823
vt -0.914917 0.152823
vt -0.920859 0.142151
vt -0.920859 0.152823
vt -0.914917 0.163494
vt -0.914917 0.152823
vt -0.914917 0.152823
vt -0.914917 0.163494
vt -0.920859 0.163494
vt -0.920859 0.152823
vt -0.938684 0.152823
vt -0.938684 0.142151
vt -0.932742 0.142151
vt -0.932742 0.152823
vt -0.951290 0.152823
vt -0.951290 0.142151
vt -0.944987 0.142151
vt -0.944987 0.152823
vt -0.963639 0.152823
vt -0.963639 0.142151
vt -0.957465 0.142151
vt -0.957465 0.152823
vt -0.974334 0.152823
vt -0.974334 0.142151
vt -0.968987 0.142151
vt -0.968987 0.152823
vt -1.573683 0.724887
vt -1.573690 0.754534
vt -1.573683 0.784166
vt -1.581145 0.784875
vt -1.580265 0.784163
vt -1.586868 0.784166
vt -1.588155 0.784875
vt -1.588155 0.754645
vt -1.586887 0.754534
vt -1.586868 0.724887
vt -1.580265 0.724889
vt -1.547535 0.724887
vt -1.547516 0.754534
vt -1.547535 0.784166
vt -1.553074 0.784875
vt -1.553880 0.784166
vt -1.560223 0.784166
vt -1.559820 0.784875
vt -1.559820 0.754645
vt -1.560216 0.754534
vt -1.560223 0.724887
vt -1.553880 0.724887
vt -0.974334 0.125180
vt -0.686351 0.439549
vt -1.532835 0.724415
vt -1.532835 0.754645
vt -1.532835 0.784875
vt -0.688256 0.439217
vt -0.676844 0.439217
vt -0.676844 0.439217
vt -0.676844 0.439217
vt -0.688256 0.444107
vt -0.688256 0.441662
vt -0.688256 0.439217
vt -1.590928 0.845335
vt -1.596275 0.845335
vt -1.536858 0.845335
vt -1.536858 0.845335
vt -1.536858 0.845335
vt -1.588155 0.845335
vt -1.596275 0.845335
vt -1.596275 0.845335
vt -0.963639 0.142151
vt -0.914917 0.125180
vt -0.914917 0.125180
vt -0.914917 0.125180
vt -0.974334 0.133666
vt -0.686351 0.443776
vt -0.686351 0.443776
vt -0.687304 0.443776
vt -0.688256 0.443776
vt -0.688256 0.443941
vt -0.688256 0.439217
vt -1.588155 0.694186
vt -1.532835 0.694186
vt -1.532835 0.709301
vt -1.594227 0.694186
vt -1.600298 0.694186
vt -1.532835 0.815105
vt -1.546327 0.694186
vt -1.539581 0.694186
vt -0.926800 0.142151
vt -0.926800 0.142151
vt -1.546327 0.845335
vt -1.542800 0.845335
vt -0.679791 0.443776
vt -0.678733 0.443776
vt -0.679791 0.439549
vt -0.679791 0.443776
vt -1.559820 0.845335
vt -1.553074 0.845335
vt -0.932742 0.142151
vt -1.559820 0.694186
vt -1.553074 0.694186
vt -0.680849 0.443776
vt -0.681907 0.443776
vt -0.681907 0.439549
vt -0.680849 0.439549
vt -0.681907 0.443776
vt -0.680849 0.443776
vt -1.574134 0.694186
vt -1.566977 0.694186
vt -0.951290 0.142151
vt -1.566977 0.845335
vt -1.574134 0.845335
vt -0.684152 0.443776
vt -0.683029 0.443776
vt -0.683029 0.439549
vt -0.684152 0.439549
vt -0.683029 0.443776
vt -0.684152 0.443776
vt -1.581145 0.694186
vt -0.685252 0.443776
vt -0.685252 0.439549
vt -0.685252 0.443776
vt -1.581145 0.845335
vt -0.957465 0.142151
vt -0.963639 0.186226
vt -0.963639 0.174860
vt -0.963639 0.163494
vt -0.957465 0.186226
vt -0.951290 0.186226
vt -0.944987 0.186226
vt -0.938684 0.186226
vt -0.932742 0.186226
vt -0.926800 0.186226
vt -0.920859 0.186226
vt -0.926800 0.186226
vt -0.926800 0.174860
vt -0.926800 0.163494
vt -0.932742 0.186226
vt -0.938684 0.186226
vt -0.944987 0.186226
vt -0.951290 0.186226
vt -0.957465 0.186226
vt -0.963639 0.186226
vt -0.968987 0.186226
vt -0.974334 0.186226
vt -0.963639 0.152823
vt -0.951290 0.152823
vt -0.926800 0.152823
vt -0.926800 0.152823
vt -1.573231 0.783457
vt -1.573231 0.754408
vt -1.573231 0.725358
vt -1.585580 0.783457
vt -1.579406 0.783457
vt -1.585580 0.725358
vt -1.585580 0.754408
vt -1.579406 0.725358
vt -1.548742 0.783457
vt -1.548742 0.754408
vt -1.548742 0.725358
vt -1.560625 0.783457
vt -1.554683 0.783457
vt -1.560625 0.725358
vt -1.560625 0.754408
vt -1.554683 0.725358
vt -1.600298 0.561132
vt -1.600298 0.530902
vt -1.597262 0.530902
vt -1.597262 0.561132
vt -0.977588 0.123931
vt -0.977588 0.123931
vt -0.972926 0.123931
vt -0.972926 0.123931
vt -1.600298 0.561132
vt -1.600298 0.591362
vt -1.566567 0.591362
vt -1.566567 0.561132
vt -1.532835 0.561132
vt -1.532835 0.530902
vt -1.532835 0.530902
vt -1.532835 0.561132
vt -1.600298 0.489277
vt -1.600298 0.500672
vt -1.566567 0.500672
vt -1.566567 0.489277
vt -1.532835 0.489277
vt -1.532835 0.500672
vt -1.532835 0.500672
vt -1.532835 0.489277
vt -1.597262 0.477882
vt -1.594226 0.477882
vt -1.594226 0.489277
vt -1.597262 0.489277
vt -1.534847 0.651822
vt -1.532835 0.651822
vt -1.532835 0.651822
vt -1.534730 0.651822
vt -0.976612 0.133462
vt -0.975636 0.142994
vt -0.971950 0.142994
vt -0.972477 0.133016
vt -0.911663 0.133462
vt -0.911663 0.142994
vt -0.911663 0.142994
vt -0.911663 0.133462
vt -0.972926 0.123931
vt -0.968265 0.123931
vt -0.968265 0.133462
vt -0.972477 0.133016
vt -1.600298 0.515787
vt -1.600298 0.500672
vt -1.597262 0.500672
vt -1.597263 0.515787
vt -1.532835 0.515787
vt -1.532835 0.500672
vt -1.532835 0.515787
vt -1.600298 0.515787
vt -1.600298 0.530902
vt -1.566567 0.530902
vt -1.566567 0.515787
vt -1.600298 0.621592
vt -1.600298 0.651822
vt -1.566567 0.651822
vt -1.566567 0.621592
vt -1.532835 0.621592
vt -1.532835 0.591362
vt -1.532835 0.591362
vt -1.532835 0.621592
vt -1.600298 0.621592
vt -1.600298 0.591362
vt -1.597262 0.591362
vt -1.597262 0.621592
vt -1.532835 0.489277
vt -1.536208 0.500672
vt -1.536208 0.489277
vt -1.536208 0.530902
vt -1.539581 0.530902
vt -1.539581 0.515787
vt -1.536208 0.515787
vt -1.536208 0.591362
vt -1.539581 0.591362
vt -1.539581 0.561132
vt -1.536209 0.561132
vt -1.536208 0.651822
vt -1.539581 0.651822
vt -1.539581 0.621592
vt -1.536208 0.621592
vt -1.564719 0.621592
vt -1.564719 0.651822
vt -1.566904 0.651822
vt -1.566904 0.621592
vt -1.564719 0.561132
vt -1.564719 0.591362
vt -1.566904 0.591362
vt -1.566904 0.561132
vt -1.564719 0.515787
vt -1.564719 0.530902
vt -1.566904 0.530902
vt -1.566904 0.515787
vt -1.564719 0.489277
vt -1.564719 0.500672
vt -1.566904 0.500672
vt -1.566904 0.489277
vt -1.552150 0.477882
vt -1.539581 0.477882
vt -1.539581 0.489277
vt -1.552150 0.489277
vt -1.552150 0.530902
vt -1.552150 0.515787
vt -1.552150 0.651822
vt -1.552150 0.621592
vt -1.581658 0.651822
vt -1.594226 0.651822
vt -1.594226 0.621592
vt -1.581658 0.621592
vt -1.581658 0.530902
vt -1.594226 0.530902
vt -1.594226 0.515787
vt -1.581658 0.515787
vt -1.581658 0.477882
vt -1.569090 0.477882
vt -1.569090 0.489277
vt -1.581658 0.489277
vt -0.974497 0.154114
vt -0.973358 0.165235
vt -0.970811 0.165235
vt -0.971425 0.153505
vt -0.911663 0.154114
vt -0.911663 0.165235
vt -0.911663 0.165235
vt -0.911663 0.154114
vt -0.971950 0.142994
vt -0.968265 0.142994
vt -0.968265 0.154114
vt -0.971425 0.153505
vt -0.972219 0.176355
vt -0.971080 0.187475
vt -0.969673 0.187475
vt -0.970286 0.175671
vt -0.911663 0.176355
vt -0.911663 0.187475
vt -0.911663 0.187475
vt -0.911663 0.176355
vt -0.970811 0.165235
vt -0.968265 0.165235
vt -0.968265 0.176355
vt -0.970286 0.175671
vt -0.913338 0.165235
vt -0.915014 0.165235
vt -0.917507 0.176355
vt -0.914794 0.177693
vt -0.913338 0.142994
vt -0.915014 0.142994
vt -0.915014 0.154114
vt -0.913338 0.154114
vt -0.915832 0.123931
vt -0.920001 0.123931
vt -0.917507 0.133462
vt -0.914827 0.132193
vt -0.915832 0.123931
vt -0.920001 0.123931
vt -0.920001 0.123931
vt -0.915832 0.123931
vt -0.911663 0.133462
vt -0.911663 0.142994
vt -0.915832 0.142994
vt -0.915832 0.133463
vt -0.911663 0.154114
vt -0.911663 0.165235
vt -0.915832 0.165235
vt -0.915832 0.154114
vt -0.911663 0.176355
vt -0.911663 0.187475
vt -0.915832 0.187475
vt -0.915832 0.176355
vt -0.941939 0.165235
vt -0.944420 0.165235
vt -0.944420 0.176355
vt -0.941939 0.176355
vt -0.941939 0.142994
vt -0.944420 0.142994
vt -0.944420 0.154114
vt -0.941939 0.154114
vt -0.941939 0.123931
vt -0.944420 0.123931
vt -0.944420 0.133462
vt -0.941939 0.133463
vt -0.941939 0.123931
vt -0.944420 0.123931
vt -0.944420 0.123931
vt -0.941939 0.123931
vt -0.939457 0.123931
vt -0.939457 0.133462
vt -0.941939 0.133463
vt -0.941939 0.142994
vt -0.939457 0.142994
vt -0.939457 0.154114
vt -0.941939 0.154114
vt -0.941939 0.165235
vt -0.939457 0.165235
vt -0.939457 0.176355
vt -0.941939 0.176355
vt -0.929729 0.165235
vt -0.920001 0.165235
vt -0.920001 0.176355
vt -0.929729 0.176355
vt -0.929729 0.142994
vt -0.920001 0.142994
vt -0.920001 0.154114
vt -0.929729 0.154114
vt -0.929729 0.123931
vt -0.920001 0.133462
vt -0.929729 0.133462
vt -0.939457 0.123931
vt -0.929729 0.123931
vt -0.929729 0.123931
vt -0.939457 0.123931
vt -0.939457 0.133462
vt -0.928241 0.134145
vt -0.927236 0.165235
vt -0.939457 0.165235
vt -0.939457 0.176355
vt -0.928273 0.175602
vt -0.956343 0.165235
vt -0.968265 0.165235
vt -0.968265 0.176355
vt -0.956343 0.176355
vt -0.956343 0.123931
vt -0.968265 0.123931
vt -0.968265 0.133462
vt -0.956342 0.133462
vt -0.956343 0.123931
vt -0.968265 0.123931
vt -0.956342 0.123931
vt -0.944420 0.133462
vt -0.956342 0.133462
vt -0.956343 0.142994
vt -0.944420 0.142994
vt -0.944420 0.154114
vt -0.956342 0.154114
vt -0.956343 0.165235
vt -0.944420 0.165235
vt -0.944420 0.176355
vt -0.956343 0.176355
vt -1.539895 0.591321
vt -1.552150 0.591362
vt -1.552279 0.591321
vt -1.564686 0.591321
vt -1.564686 0.561070
vt -1.564686 0.530820
vt -1.552279 0.530821
vt -1.539895 0.530820
vt -1.539895 0.561070
vt -1.593843 0.591321
vt -1.594226 0.591362
vt -1.594226 0.561132
vt -1.593843 0.561070
vt -1.593843 0.530820
vt -1.581607 0.530822
vt -1.569353 0.530820
vt -1.569090 0.530902
vt -1.569090 0.561132
vt -1.569353 0.561070
vt -1.569353 0.591321
vt -1.569090 0.591362
vt -1.581658 0.591362
vt -1.581607 0.591322
vt -0.977588 0.123931
vt -1.532835 0.591362
vt -1.532835 0.561132
vt -1.532835 0.530902
vt -1.532835 0.477882
vt -1.566567 0.477882
vt -1.600298 0.477882
vt -1.532835 0.477882
vt -1.532835 0.477882
vt -1.594226 0.500672
vt -1.600298 0.489277
vt -1.600298 0.477882
vt -1.532835 0.651822
vt -1.534847 0.651822
vt -1.536858 0.651822
vt -1.536858 0.651822
vt -1.536858 0.651822
vt -0.968265 0.142994
vt -0.911663 0.123931
vt -0.911663 0.123931
vt -0.911663 0.123931
vt -0.975636 0.142994
vt -0.976612 0.133462
vt -1.532835 0.515787
vt -1.532835 0.621592
vt -1.597262 0.651822
vt -1.600298 0.651822
vt -1.539581 0.500672
vt -1.536208 0.477882
vt -1.569090 0.651822
vt -1.569090 0.621592
vt -1.569090 0.515787
vt -1.569090 0.500672
vt -1.566904 0.477882
vt -1.564719 0.477882
vt -1.552150 0.500672
vt -1.581658 0.500672
vt -0.968265 0.154114
vt -0.973358 0.165235
vt -0.974497 0.154114
vt -0.968265 0.187475
vt -0.968265 0.187475
vt -0.969673 0.187475
vt -0.971080 0.187475
vt -0.972219 0.176355
vt -0.920001 0.187475
vt -0.915832 0.187475
vt -0.920001 0.187475
vt -0.944420 0.187475
vt -0.941939 0.187475
vt -0.939457 0.187475
vt -0.939457 0.154114
vt -0.939457 0.142994
vt -0.939457 0.187475
vt -0.941939 0.187475
vt -0.944420 0.187475
vt -0.929729 0.187475
vt -0.927236 0.142994
vt -0.929729 0.187475
vt -0.956343 0.187475
vt -0.956343 0.142994
vt -0.956343 0.187475
vt -1.564653 0.591280
vt -1.552431 0.591280
vt -1.540209 0.591280
vt -1.564653 0.530738
vt -1.564653 0.561009
vt -1.540209 0.530738
vt -1.552431 0.530738
vt -1.540209 0.561009
vt -1.593460 0.530738
vt -1.593460 0.561009
vt -1.593460 0.591280
vt -1.569615 0.530738
vt -1.581538 0.530738
vt -1.569615 0.591280
vt -1.569615 0.561009
vt -1.581538 0.591280
vt -0.594073 0.368405
vt -0.594073 0.362039
vt -0.548300 0.362039
vt -0.548300 0.368405
vt -0.594071 0.374770
vt -0.594073 0.374770
vt -0.548300 0.374770
vt -0.548298 0.374770
vt -0.594070 0.368405
vt -0.594070 0.374770
vt -0.548297 0.374770
vt -0.548297 0.368405
vt -0.594071 0.362039
vt -0.594070 0.362039
vt -0.548297 0.362039
vt -0.548298 0.362039
vt -0.502527 0.368405
vt -0.502527 0.362039
vt -0.502525 0.362039
vt -0.502525 0.368405
vt -0.594072 0.368405
vt -0.502527 0.374770
vt -0.502525 0.374770
vt -0.502523 0.374770
vt -0.502523 0.368405
vt -0.502523 0.362039
vt -0.591572 0.293256
vt -0.591572 0.281389
vt -0.548301 0.281389
vt -0.548301 0.293256
vt -0.591569 0.305122
vt -0.591572 0.305122
vt -0.548301 0.305122
vt -0.548298 0.305122
vt -0.591566 0.293256
vt -0.591566 0.305122
vt -0.548295 0.305122
vt -0.548295 0.293256
vt -0.591569 0.281389
vt -0.591566 0.281389
vt -0.548295 0.281389
vt -0.548298 0.281389
vt -0.505030 0.293256
vt -0.505030 0.281389
vt -0.505027 0.281389
vt -0.505027 0.293256
vt -0.591569 0.293256
vt -0.505030 0.305122
vt -0.505027 0.305122
vt -0.505024 0.305122
vt -0.505024 0.293256
vt -0.505024 0.281389
vt -0.714444 0.284651
vt -0.714444 0.273014
vt -0.702807 0.273014
vt -0.702807 0.284651
vt -0.949576 0.530740
vt -0.949576 0.530740
vt -0.948517 0.578080
vt -0.948517 0.554410
vt -0.714444 0.284651
vt -0.714444 0.296289
vt -0.702807 0.296289
vt -0.702807 0.284651
vt -0.691170 0.342644
vt -0.691170 0.331007
vt -0.691170 0.273014
vt -0.691170 0.284651
vt -0.714444 0.273014
vt -0.714444 0.273014
vt -0.714444 0.284651
vt -0.712003 0.296289
vt -0.714444 0.296289
vt -0.702807 0.296289
vt -0.702807 0.296289
vt -0.693611 0.354281
vt -0.691170 0.354281
vt -0.691170 0.296289
vt -0.693140 0.296289
vt -0.693611 0.296289
vt -0.691170 0.296289
vt -0.702807 0.296289
vt -0.712003 0.296289
vt -0.714444 0.296289
vt -0.712474 0.296289
vt -0.949576 0.479690
vt -0.949576 0.428639
vt -0.948517 0.475980
vt -0.948517 0.527030
vt -0.947457 0.603718
vt -0.947457 0.552668
vt -0.947457 0.475980
vt -0.947457 0.527030
vt -0.947457 0.479690
vt -0.947457 0.428639
vt -0.948517 0.428639
vt -0.948517 0.479690
vt -0.949576 0.479690
vt -0.949576 0.428639
vt -0.949576 0.428639
vt -0.949576 0.479690
vt -0.947457 0.654768
vt -0.947457 0.578080
vt -0.947457 0.530740
vt -0.948517 0.530740
vt -0.949576 0.530740
vt -0.691170 0.284651
vt -0.691170 0.273014
vt -0.702807 0.273014
vt -0.696052 0.354281
vt -0.702807 0.296289
vt -0.709563 0.296289
vt -0.696052 0.296289
vt -0.696052 0.296289
vt -0.709563 0.296289
vt -0.702807 0.296289
vt -0.709563 0.296289
vt -0.311210 0.215174
vt -0.311210 0.317630
vt -0.305984 0.309486
vt -0.305984 0.207031
vt -0.300784 0.165231
vt -0.300810 0.131574
vt -0.306036 0.139718
vt -0.306010 0.173374
vt -0.311262 0.147861
vt -0.311262 0.103398
vt -0.306036 0.095255
vt -0.306036 0.139718
vt -0.311210 0.181290
vt -0.311210 0.102943
vt -0.311236 0.103171
vt -0.311235 0.179412
vt -0.311210 0.147406
vt -0.311210 0.102943
vt -0.311236 0.147633
vt -0.311236 0.147633
vt -0.311262 0.147861
vt -0.311262 0.147861
vt -0.306036 0.139718
vt -0.306036 0.139718
vt -0.300757 0.131119
vt -0.300757 0.086656
vt -0.300784 0.086884
vt -0.300784 0.131347
vt -0.305984 0.094800
vt -0.305984 0.139262
vt -0.311210 0.147406
vt -0.311210 0.102943
vt -0.311236 0.147633
vt -0.311236 0.147633
vt -0.311262 0.147861
vt -0.311262 0.147861
vt -0.306036 0.139718
vt -0.306036 0.139718
vt -0.300757 0.131119
vt -0.300757 0.086656
vt -0.300784 0.131347
vt -0.300784 0.131347
vt -0.311210 0.215174
vt -0.311210 0.259637
vt -0.305984 0.251494
vt -0.305984 0.207031
vt -0.311210 0.147406
vt -0.311210 0.102943
vt -0.311236 0.147633
vt -0.311236 0.147633
vt -0.311262 0.147861
vt -0.311262 0.147861
vt -0.306036 0.139718
vt -0.306036 0.139718
vt -0.300757 0.131119
vt -0.300757 0.086656
vt -0.300784 0.131347
vt -0.300784 0.131347
vt -0.305984 0.094800
vt -0.305984 0.139262
vt -0.311210 0.147406
vt -0.311210 0.102943
vt -0.311236 0.147633
vt -0.311236 0.147633
vt -0.311262 0.147861
vt -0.311262 0.147861
vt -0.306036 0.139718
vt -0.306036 0.139718
vt -0.300757 0.131119
vt -0.300757 0.086656
vt -0.300784 0.131347
vt -0.300784 0.131347
vt -0.311210 0.215174
vt -0.311210 0.259637
vt -0.305984 0.251494
vt -0.305984 0.207031
vt -0.311210 0.147406
vt -0.311210 0.102943
vt -0.311236 0.103171
vt -0.311236 0.147633
vt -0.311262 0.147861
vt -0.311262 0.103398
vt -0.306036 0.095255
vt -0.306036 0.139718
vt -0.300757 0.131119
vt -0.300757 0.086656
vt -0.300784 0.131347
vt -0.300784 0.131347
vt -0.305984 0.094800
vt -0.305984 0.139262
vt -0.311236 0.181518
vt -0.311262 0.147861
vt -0.311262 0.147861
vt -0.311235 0.179412
vt -0.306036 0.139718
vt -0.311210 0.215174
vt -0.311210 0.259637
vt -0.305984 0.251494
vt -0.305984 0.207031
vt -0.300784 0.165231
vt -0.300757 0.301343
vt -0.306010 0.173374
vt -0.299338 0.126125
vt -0.299338 0.231011
vt -0.299338 0.231011
vt -0.299338 0.126125
vt -0.300757 0.165003
vt -0.305984 0.173147
vt -0.311210 0.181290
vt -0.305984 0.094800
vt -0.305984 0.173147
vt -0.300757 0.165003
vt -0.300757 0.165003
vt -0.300757 0.165003
vt -0.305984 0.173147
vt -0.311210 0.181290
vt -0.311210 0.181290
vt -0.311210 0.181290
vt -0.305984 0.094800
vt -0.305984 0.173147
vt -0.300757 0.165003
vt -0.300757 0.165003
vt -0.300757 0.165003
vt -0.305984 0.173147
vt -0.311210 0.181290
vt -0.311210 0.181290
vt -0.311210 0.181290
vt -0.305984 0.094800
vt -0.305984 0.173147
vt -0.299338 0.126125
vt -0.299338 0.231011
vt -0.299338 0.231011
vt -0.299338 0.126125
vt -0.300282 0.127634
vt -0.300810 0.131574
vt -0.300810 0.131574
vt -0.300282 0.127634
vt -0.299753 0.126125
vt -0.299753 0.123695
vt -0.300282 0.127634
vt -0.300268 0.142481
vt -0.300255 0.208184
vt -0.300757 0.243350
vt -0.300757 0.198888
vt -0.300255 0.163722
vt -0.299753 0.123695
vt -0.299753 0.126125
vt -0.300269 0.145491
vt -0.300282 0.127634
vt -0.300810 0.087112
vt -0.300810 0.131574
vt -0.300282 0.127634
vt -0.300255 0.266177
vt -0.299753 0.231011
vt -0.299753 0.126125
vt -0.300269 0.145491
vt -0.300757 0.301343
vt -0.300757 0.198888
vt -0.300255 0.163722
vt -0.299753 0.126125
vt -0.299753 0.173018
vt -0.300255 0.208184
vt -0.300268 0.142481
vt -0.299546 0.123695
vt -0.299753 0.123695
vt -0.299546 0.123695
vt -0.299338 0.123695
vt -0.299338 0.126125
vt -0.299546 0.126125
vt -0.299546 0.128556
vt -0.299753 0.173018
vt -0.299753 0.128556
vt -0.299546 0.128556
vt -0.299546 0.231011
vt -0.299753 0.128556
vt -0.299546 0.128556
vt -0.299546 0.126125
vt -0.299546 0.123695
vt -0.299753 0.123695
vt -0.299753 0.123695
vt -0.299546 0.123695
vt -0.299338 0.123695
vt -0.299338 0.123695
vt -0.299546 0.123695
vt -0.299546 0.123695
vt -0.299753 0.128556
vt -0.299753 0.126125
vt -0.299546 0.128556
vt -0.299338 0.123695
vt -0.299338 0.126125
vt -0.299338 0.126125
vt -0.305984 0.251494
vt -0.311210 0.259637
vt -0.311210 0.317630
vt -0.305984 0.309486
vt -0.300810 0.087112
vt -0.306036 0.139718
vt -0.311262 0.147861
vt -0.311236 0.181518
vt -0.300810 0.131574
vt -0.300810 0.131574
vt -0.300810 0.131574
vt -0.300810 0.131574
vt -0.300757 0.243350
vt -0.300757 0.198888
vt -0.300757 0.243350
vt -0.305984 0.251494
vt -0.311210 0.259637
vt -0.300810 0.131574
vt -0.300810 0.131574
vt -0.300810 0.131574
vt -0.300810 0.131574
vt -0.300757 0.243350
vt -0.300757 0.198888
vt -0.300757 0.243350
vt -0.305984 0.251494
vt -0.311210 0.259637
vt -0.300810 0.131574
vt -0.300784 0.086884
vt -0.300757 0.086656
vt -0.300757 0.243350
vt -0.299338 0.231011
vt -0.299338 0.123695
vt -0.300757 0.165003
vt -0.299338 0.231011
vt -0.299338 0.123695
vt -0.299338 0.123695
vt -0.300255 0.266177
vt -0.299753 0.231011
vt -0.300282 0.127634
vt -0.299753 0.123695
vt -0.299546 0.231011
vt -0.299546 0.128556
vt -0.299546 0.123695
vt -0.299753 0.123695
vt -0.299338 0.231011
vt -1.194292 0.238364
vt -1.194292 0.214821
vt -1.194545 0.214821
vt -1.194544 0.238364
vt -1.194797 0.238364
vt -1.194797 0.214821
vt -1.195141 0.214821
vt -1.195141 0.238364
vt -1.195486 0.238364
vt -1.195486 0.214821
vt -1.195830 0.214821
vt -1.195830 0.238364
vt -1.196175 0.238364
vt -1.196175 0.214821
vt -1.196427 0.214821
vt -1.196427 0.238364
vt -1.196679 0.238364
vt -1.196679 0.214821
vt -1.196772 0.214821
vt -1.196772 0.238364
vt -1.196864 0.238364
vt -1.196864 0.214821
vt -1.196772 0.214821
vt -1.196772 0.238364
vt -1.196679 0.238364
vt -1.196679 0.214821
vt -1.196427 0.214821
vt -1.196427 0.238364
vt -1.196175 0.238364
vt -1.196175 0.214821
vt -1.195830 0.214821
vt -1.195830 0.238364
vt -1.195486 0.238364
vt -1.195486 0.214821
vt -1.195141 0.214821
vt -1.195141 0.238364
vt -1.194797 0.238364
vt -1.194797 0.214821
vt -1.194545 0.214821
vt -1.194544 0.238364
vt -1.194292 0.238364
vt -1.194292 0.214821
vt -1.194200 0.214821
vt -1.194200 0.238364
vt -1.194108 0.238364
vt -1.194108 0.214821
vt -1.194200 0.214821
vt -1.194200 0.238364
vt -1.194889 0.261907
vt -1.194292 0.261907
vt -1.194545 0.261907
vt -1.194918 0.261907
vt -1.195141 0.261907
vt -1.194797 0.261907
vt -1.195141 0.261907
vt -1.195278 0.261907
vt -1.195486 0.261907
vt -1.195486 0.261907
vt -1.195830 0.261907
vt -1.195693 0.261907
vt -1.195830 0.261907
vt -1.196175 0.261907
vt -1.196427 0.261907
vt -1.196053 0.261907
vt -1.196083 0.261907
vt -1.196679 0.261907
vt -1.196772 0.261907
vt -1.196261 0.261907
vt -1.196175 0.261907
vt -1.196864 0.261907
vt -1.196772 0.261907
vt -1.196261 0.261907
vt -1.196083 0.261907
vt -1.196679 0.261907
vt -1.196427 0.261907
vt -1.196053 0.261907
vt -1.195830 0.261907
vt -1.196175 0.261907
vt -1.195830 0.261907
vt -1.195693 0.261907
vt -1.195486 0.261907
vt -1.195486 0.261907
vt -1.195141 0.261907
vt -1.195278 0.261907
vt -1.195141 0.261907
vt -1.194797 0.261907
vt -1.194545 0.261907
vt -1.194918 0.261907
vt -1.194889 0.261907
vt -1.194292 0.261907
vt -1.194200 0.261907
vt -1.194711 0.261907
vt -1.194797 0.261907
vt -1.194108 0.261907
vt -1.194200 0.261907
vt -1.194711 0.261907
vt -1.195486 0.261907
vt -0.714444 0.284651
vt -0.714444 0.273014
vt -0.702807 0.273014
vt -0.702807 0.284651
vt -0.949576 0.530740
vt -0.949576 0.530740
vt -0.948517 0.530740
vt -0.948534 0.530740
vt -0.714444 0.284651
vt -0.714444 0.296289
vt -0.702807 0.296289
vt -0.702807 0.284651
vt -0.691170 0.284651
vt -0.691170 0.273014
vt -0.691170 0.273014
vt -0.691170 0.284651
vt -0.714444 0.273014
vt -0.714444 0.273014
vt -0.714444 0.284651
vt -0.712003 0.296289
vt -0.714444 0.296289
vt -0.702807 0.296289
vt -0.700957 0.296289
vt -0.693611 0.296289
vt -0.691170 0.296289
vt -0.691170 0.296289
vt -0.693140 0.296289
vt -0.693611 0.354281
vt -0.691170 0.354281
vt -0.702807 0.296289
vt -0.712003 0.296289
vt -0.714444 0.296289
vt -0.712340 0.296289
vt -0.949576 0.479690
vt -0.949576 0.428639
vt -0.948517 0.428639
vt -0.948517 0.479690
vt -0.947457 0.479690
vt -0.947457 0.428639
vt -0.947457 0.428639
vt -0.947457 0.479690
vt -0.947457 0.509037
vt -0.947457 0.457987
vt -0.948517 0.428639
vt -0.948517 0.479690
vt -0.949576 0.479690
vt -0.949576 0.428639
vt -0.949576 0.428639
vt -0.949576 0.479690
vt -0.947457 0.530740
vt -0.947457 0.530740
vt -0.947457 0.560087
vt -0.948517 0.530740
vt -0.949576 0.530740
vt -0.691170 0.342644
vt -0.691170 0.331007
vt -0.702807 0.273014
vt -0.696052 0.296289
vt -0.702807 0.296289
vt -0.709563 0.296289
vt -0.696052 0.354281
vt -0.696052 0.296289
vt -0.709563 0.296289
vt -0.702807 0.296289
vt -0.709563 0.296289
vt -0.681766 0.434796
vt -0.681911 0.434105
vt -0.682166 0.434105
vt -0.682048 0.434779
vt -0.682021 0.435264
vt -0.682421 0.435042
vt -0.682421 0.434573
vt -0.682048 0.434779
vt -0.680783 0.437034
vt -0.680631 0.438114
vt -0.681021 0.438109
vt -0.681158 0.436941
vt -0.682421 0.430953
vt -0.682421 0.432036
vt -0.682166 0.432036
vt -0.682242 0.431202
vt -0.682038 0.431353
vt -0.681911 0.432036
vt -0.682166 0.432036
vt -0.682242 0.431202
vt -0.681278 0.435720
vt -0.681620 0.435487
vt -0.681515 0.436795
vt -0.681158 0.436941
vt -0.681916 0.438718
vt -0.681411 0.438103
vt -0.682020 0.437128
vt -0.682421 0.437187
vt -0.682020 0.437128
vt -0.681911 0.432036
vt -0.681911 0.432036
vt -0.681911 0.433070
vt -0.681911 0.433070
vt -0.681766 0.434796
vt -0.681911 0.434105
vt -0.681911 0.434105
vt -0.681766 0.434796
vt -0.681620 0.435487
vt -0.681278 0.435720
vt -0.680936 0.435953
vt -0.680936 0.435953
vt -0.680783 0.437034
vt -0.680783 0.437034
vt -0.680631 0.438114
vt -0.680631 0.438114
vt -0.681021 0.438109
vt -0.681021 0.438109
vt -0.681411 0.438103
vt -0.681916 0.438718
vt -0.682421 0.439332
vt -0.682421 0.439332
vt -0.682421 0.437187
vt -0.682421 0.437187
vt -0.682421 0.435042
vt -0.682421 0.434573
vt -0.682421 0.432036
vt -0.682421 0.430953
vt -0.682421 0.429869
vt -0.682421 0.429869
vt -0.682293 0.430269
vt -0.682293 0.430269
vt -0.682166 0.430669
vt -0.682166 0.430669
vt -0.682038 0.431353
vt -0.682038 0.431353
vt -0.682421 0.433070
vt -0.682166 0.433070
vt -0.682421 0.433070
vt -0.681911 0.433070
vt -0.682166 0.433070
vt -0.682421 0.434105
vt -0.682421 0.434573
vt -0.682421 0.435042
vt -0.682021 0.435264
vt -0.682421 0.434105
vt -0.682166 0.434105
vt -0.681620 0.435487
vt -0.681411 0.438103
vt -0.681515 0.436795
vt -0.681278 0.435720
vt -0.680936 0.435953
vt -0.682421 0.432036
vt -0.682421 0.430953
vt -0.682421 0.429869
vt -0.682293 0.430269
vt -0.682166 0.430669
vt -0.681916 0.438718
vt -0.682421 0.439332
vt -0.682421 0.434105
vt -0.682421 0.433070
vt -0.681766 0.434796
vt -0.681911 0.434105
vt -0.682166 0.434105
vt -0.682048 0.434779
vt -0.682021 0.435264
vt -0.682421 0.435042
vt -0.682421 0.434573
vt -0.682048 0.434779
vt -0.680783 0.437034
vt -0.680631 0.438114
vt -0.681021 0.438109
vt -0.681158 0.436941
vt -0.682421 0.430953
vt -0.682421 0.432036
vt -0.682166 0.432036
vt -0.682242 0.431202
vt -0.682038 0.431353
vt -0.681911 0.432036
vt -0.682166 0.432036
vt -0.682242 0.431202
vt -0.681278 0.435720
vt -0.681620 0.435487
vt -0.681515 0.436795
vt -0.681158 0.436941
vt -0.681916 0.438718
vt -0.681411 0.438103
vt -0.682020 0.437128
vt -0.682421 0.437187
vt -0.682020 0.437128
vt -0.681911 0.432036
vt -0.681911 0.432036
vt -0.681911 0.433070
vt -0.681911 0.433070
vt -0.681766 0.434796
vt -0.681911 0.434105
vt -0.681911 0.434105
vt -0.681766 0.434796
vt -0.681620 0.435487
vt -0.681278 0.435720
vt -0.680936 0.435953
vt -0.680936 0.435953
vt -0.680783 0.437034
vt -0.680783 0.437034
vt -0.680631 0.438114
vt -0.680631 0.438114
vt -0.681021 0.438109
vt -0.681021 0.438109
vt -0.681411 0.438103
vt -0.681916 0.438718
vt -0.682421 0.439332
vt -0.682421 0.439332
vt -0.682421 0.437187
vt -0.682421 0.437187
vt -0.682421 0.435042
vt -0.682421 0.434573
vt -0.682421 0.432036
vt -0.682421 0.430953
vt -0.682421 0.429869
vt -0.682421 0.429869
vt -0.682293 0.430269
vt -0.682293 0.430269
vt -0.682166 0.430669
vt -0.682166 0.430669
vt -0.682038 0.431353
vt -0.682038 0.431353
vt -0.682421 0.433070
vt -0.682166 0.433070
vt -0.682421 0.433070
vt -0.681911 0.433070
vt -0.682166 0.433070
vt -0.682421 0.434105
vt -0.682421 0.434573
vt -0.682421 0.435042
vt -0.682021 0.435264
vt -0.682421 0.434105
vt -0.682166 0.434105
vt -0.681620 0.435487
vt -0.681411 0.438103
vt -0.681515 0.436795
vt -0.681278 0.435720
vt -0.680936 0.435953
vt -0.682421 0.432036
vt -0.682421 0.430953
vt -0.682421 0.429869
vt -0.682293 0.430269
vt -0.682166 0.430669
vt -0.681916 0.438718
vt -0.682421 0.439332
vt -0.682421 0.434105
vt -0.682421 0.433070
vt -1.862137 0.801182
vt -1.862137 0.733898
vt -1.812936 0.733898
vt -1.812935 0.801182
vt -1.862137 0.868467
vt -1.862137 0.916105
vt -1.812936 0.916105
vt -1.812935 0.868467
vt -1.862137 0.801182
vt -1.862137 0.868467
vt -1.812936 0.868467
vt -1.812935 0.801182
vt -1.862137 0.733898
vt -1.862137 0.733898
vt -1.812936 0.733898
vt -1.812935 0.733898
vt -1.759459 0.801182
vt -1.759459 0.733898
vt -1.759459 0.733898
vt -1.759459 0.801182
vt -1.862137 0.801182
vt -1.761597 0.868467
vt -1.763734 0.916105
vt -1.763734 0.801182
vt -1.761597 0.801182
vt -1.761597 0.868467
vt -1.763734 0.868467
vt -1.763734 0.868467
vt -1.761597 0.868467
vt -1.761597 0.733898
vt -1.763734 0.733898
vt -1.763734 0.801182
vt -1.761597 0.801182
vt -1.761597 0.733898
vt -1.763734 0.733898
vt -1.763734 0.733898
vt -1.761597 0.733898
vt -1.763734 0.733898
vt -1.763734 0.733898
vt -1.763734 0.801182
vt -1.763734 0.801182
vt -1.763734 0.868467
vt -1.761597 0.868467
vt -1.759459 0.916105
vt -1.759459 0.916105
vt -1.759459 0.801182
vt -1.759459 0.801182
vt -1.759459 0.733898
vt -1.759459 0.733898
vt -1.761597 0.733898
vt -1.761597 0.733898
vt -1.860821 0.733898
vt -1.860821 0.733898
vt -1.860821 0.801182
vt -1.860821 0.801182
vt -1.759459 0.733898
vt -1.759459 0.733898
vt -1.761597 0.733898
vt -1.761597 0.733898
vt -1.759459 0.916105
vt -1.759459 0.916105
vt -1.759459 0.801182
vt -1.759459 0.801182
vt -1.763734 0.868467
vt -1.763734 0.868467
vt -1.761597 0.868467
vt -1.761597 0.868467
vt -1.812277 0.733898
vt -1.763734 0.733898
vt -1.763734 0.801182
vt -1.812277 0.801182
vt -1.812277 0.868467
vt -1.812278 0.868467
vt -1.812277 0.916105
vt -1.763734 0.916105
vt -1.812277 0.801182
vt -1.812277 0.733898
vt -1.763734 0.733898
vt -1.812278 0.733898
vt -1.759459 0.916105
vt -1.759459 0.916105
vt -1.761597 0.916105
vt -1.759459 0.916105
vt -1.759459 0.801182
vt -1.759459 0.733898
vt -1.860821 0.868467
vt -1.860821 0.868467
vt -1.860821 0.916105
vt -1.860821 0.801182
vt -1.860821 0.733898
vt 0.676136 0.277113
vt 0.676210 0.278873
vt 0.678727 0.278873
vt 0.678653 0.277113
vt 0.676322 0.280048
vt 0.678839 0.280048
vt 0.676453 0.280461
vt 0.678970 0.280461
vt 0.676584 0.280048
vt 0.679102 0.280048
vt 0.676696 0.278873
vt 0.679213 0.278873
vt 0.676770 0.277113
vt 0.679287 0.277113
vt 0.676796 0.275037
vt 0.679314 0.275037
vt 0.676770 0.272962
vt 0.679287 0.272962
vt 0.676696 0.271202
vt 0.679213 0.271202
vt 0.676584 0.270026
vt 0.679102 0.270026
vt 0.676453 0.269613
vt 0.678970 0.269613
vt 0.676322 0.270026
vt 0.678839 0.270026
vt 0.676210 0.271202
vt 0.678727 0.271202
vt 0.676136 0.272962
vt 0.678653 0.272962
vt 0.676109 0.275037
vt 0.678627 0.275037
vt 0.676453 0.275037
vt 0.678970 0.122698
vt 0.685371 0.304799
vt 0.684566 0.304799
vt 0.684566 0.316623
vt 0.685371 0.316623
vt 0.686755 0.546934
vt 0.686651 0.546934
vt 0.681687 0.487248
vt 0.681791 0.547580
vt 0.670453 0.546934
vt 0.670350 0.486601
vt 0.670350 0.484980
vt 0.670453 0.484980
vt 0.681791 0.471535
vt 0.681687 0.471535
vt 0.686651 0.531867
vt 0.686755 0.531867
vt 0.685151 0.545312
vt 0.680187 0.484980
vt 0.680187 0.547580
vt 0.685151 0.546934
vt 0.681791 0.484980
vt 0.686755 0.545312
vt 0.685846 0.484980
vt 0.685682 0.484980
vt 0.685682 0.546934
vt 0.685846 0.546934
vt 0.686651 0.484980
vt 0.686651 0.473156
vt 0.685846 0.473156
vt 0.684566 0.473156
vt 0.685371 0.473156
vt 0.684566 0.484980
vt 0.685371 0.484980
vt 0.680718 0.487248
vt 0.680882 0.487248
vt 0.669380 0.486601
vt 0.669380 0.484980
vt 0.669545 0.484980
vt 0.669545 0.486601
vt 0.685846 0.531867
vt 0.680882 0.471535
vt 0.680718 0.471535
vt 0.685682 0.531867
vt 0.685682 0.473156
vt 0.685151 0.531867
vt 0.680187 0.531867
vt 0.680187 0.473156
vt 0.685151 0.533488
vt 0.669545 0.471535
vt 0.669545 0.473156
vt 0.669380 0.473156
vt 0.669380 0.471535
vt 0.670453 0.473156
vt 0.670350 0.473156
vt 0.670350 0.471535
vt 0.670453 0.471535
vt 0.681791 0.473156
vt 0.686755 0.533488
vt 0.686755 0.542829
vt 0.686755 0.535972
vt 0.670453 0.482497
vt 0.680333 0.487248
vt 0.685297 0.546934
vt 0.668849 0.484980
vt 0.668995 0.484980
vt 0.668995 0.486601
vt 0.668849 0.546934
vt 0.668849 0.473156
vt 0.668995 0.473156
vt 0.668995 0.471535
vt 0.668849 0.531867
vt 0.685297 0.531867
vt 0.680333 0.471535
vt 0.685297 0.473156
vt 0.685297 0.484980
vt 0.813147 0.446565
vt 0.813147 0.444876
vt 0.813509 0.444876
vt 0.813509 0.446565
vt 0.824891 0.447211
vt 0.825252 0.447211
vt 0.830488 0.506897
vt 0.830126 0.506897
vt 0.830488 0.444876
vt 0.830126 0.444876
vt 0.830488 0.432560
vt 0.830126 0.432560
vt 0.830488 0.491204
vt 0.830126 0.491204
vt 0.825252 0.430872
vt 0.824891 0.430872
vt 0.813509 0.430872
vt 0.813509 0.432560
vt 0.813147 0.432560
vt 0.813147 0.430872
vt 0.813474 0.446251
vt 0.813474 0.444630
vt 0.813859 0.444630
vt 0.813859 0.446251
vt 0.825197 0.446898
vt 0.830161 0.506584
vt 0.829775 0.506584
vt 0.824811 0.446898
vt 0.830161 0.444630
vt 0.829775 0.444630
vt 0.830161 0.432806
vt 0.829775 0.432806
vt 0.830161 0.491517
vt 0.829775 0.491517
vt 0.825197 0.431185
vt 0.824811 0.431185
vt 0.813859 0.431185
vt 0.813859 0.432806
vt 0.813474 0.432806
vt 0.813474 0.431185
vt 0.674747 0.484980
vt 0.674747 0.547580
vt 0.674747 0.471535
vt 0.674747 0.473156
vt 0.674643 0.471535
vt 0.673839 0.471535
vt 0.673674 0.471535
vt 0.818006 0.430872
vt 0.818153 0.431185
vt 0.817644 0.430872
vt 0.817768 0.431185
vt 0.673143 0.531867
vt 0.673289 0.471535
vt 0.673143 0.473156
vt 0.673143 0.484980
vt 0.673143 0.547580
vt 0.673289 0.487248
vt 0.817644 0.447211
vt 0.817768 0.446898
vt 0.818006 0.447211
vt 0.818153 0.446898
vt 0.673839 0.487248
vt 0.673674 0.487248
vt 0.674643 0.487248
vt 0.670453 0.475639
vt 0.672628 0.572729
vt 0.672628 0.567633
vt 0.675819 0.567633
vt 0.675819 0.572729
vt 0.681053 0.567633
vt 0.681053 0.572729
vt 0.684742 0.567633
vt 0.684742 0.572729
vt 0.681791 0.482497
vt 0.674747 0.482497
vt 0.674747 0.475639
vt 0.681791 0.475639
vt 0.670453 0.573609
vt 0.670453 0.566752
vt 0.674747 0.566752
vt 0.674747 0.573609
vt 0.681791 0.566752
vt 0.681791 0.573609
vt 0.686755 0.566752
vt 0.686755 0.573609
vt 0.830104 0.254564
vt 0.829997 0.254564
vt 0.829953 0.256465
vt 0.830147 0.256465
vt 0.811630 0.256465
vt 0.811823 0.256465
vt 0.811673 0.254564
vt 0.811780 0.254564
vt 0.830104 0.254564
vt 0.829996 0.254564
vt 0.829953 0.256465
vt 0.830147 0.256465
vt 0.811630 0.256465
vt 0.811824 0.256465
vt 0.811673 0.254564
vt 0.811780 0.254564
vt 0.825634 0.196257
vt 0.825526 0.196257
vt 0.825232 0.196868
vt 0.825334 0.196868
vt 0.816143 0.191728
vt 0.816245 0.191728
vt 0.816437 0.191116
vt 0.816545 0.191116
vt 0.804260 0.309625
vt 0.804152 0.309625
vt 0.803157 0.309625
vt 0.803273 0.309625
vt 0.803157 0.302750
vt 0.803273 0.302750
vt 0.804152 0.302750
vt 0.804260 0.302750
vt 0.825634 0.196257
vt 0.825526 0.196257
vt 0.825232 0.196868
vt 0.825334 0.196868
vt 0.816143 0.191728
vt 0.816246 0.191728
vt 0.816437 0.191116
vt 0.816545 0.191116
vt 0.804582 0.309625
vt 0.804474 0.309625
vt 0.803479 0.309625
vt 0.803595 0.309625
vt 0.803479 0.302750
vt 0.803595 0.302750
vt 0.804474 0.302750
vt 0.804582 0.302750
vt 0.834643 0.541100
vt 0.834643 0.541100
vt 0.834643 0.551436
vt 0.834643 0.551436
vt 0.834643 0.578015
vt 0.834643 0.578015
vt 0.829582 0.578015
vt 0.829582 0.578015
vt 0.829582 0.541100
vt 0.829582 0.541100
vt 0.829582 0.551436
vt 0.700767 0.732559
vt 0.700767 0.680054
vt 0.703428 0.610493
vt 0.703428 0.662998
vt 0.834643 0.566941
vt 0.829582 0.566941
vt 0.834643 0.566941
vt 0.829582 0.545433
vt 0.832244 0.545433
vt 0.832244 0.553343
vt 0.832244 0.565208
vt 0.832244 0.573683
vt 0.829582 0.573683
vt 0.829582 0.410947
vt 0.832244 0.410947
vt 0.832244 0.553343
vt 0.832244 0.565208
vt 0.832244 0.439197
vt 0.829582 0.439197
vt 0.700767 0.441002
vt 0.703428 0.441002
vt 0.700767 0.566016
vt 0.703428 0.566016
vt 0.824737 0.359925
vt 0.824737 0.347651
vt 0.829069 0.347651
vt 0.829069 0.359925
vt 0.825250 0.410947
vt 0.825250 0.545433
vt 0.696434 0.680054
vt 0.696434 0.441002
vt 0.696434 0.732559
vt 0.696434 0.566016
vt 0.825250 0.573683
vt 0.825250 0.439197
vt 0.829069 0.439954
vt 0.829069 0.452228
vt 0.824737 0.452228
vt 0.824737 0.439954
vt 0.829019 0.464301
vt 0.829019 0.464301
vt 0.824787 0.464301
vt 0.824787 0.464301
vt 0.829019 0.426877
vt 0.824787 0.426877
vt 0.829019 0.370308
vt 0.824787 0.370308
vt 0.829019 0.352942
vt 0.824787 0.352942
vt 0.824787 0.335577
vt 0.824787 0.335577
vt 0.829019 0.335577
vt 0.829019 0.335577
vt 0.819249 0.573683
vt 0.819249 0.439197
vt 0.825250 0.578015
vt 0.819249 0.578015
vt 0.825250 0.578015
vt 0.819249 0.578015
vt 0.825250 0.566941
vt 0.819249 0.566941
vt 0.825250 0.551436
vt 0.819249 0.551436
vt 0.825250 0.541100
vt 0.819249 0.541100
vt 0.829069 0.452228
vt 0.829069 0.452228
vt 0.824737 0.452228
vt 0.824737 0.452228
vt 0.829019 0.464301
vt 0.824787 0.464301
vt 0.829069 0.420855
vt 0.824737 0.420855
vt 0.829069 0.376932
vt 0.824737 0.376932
vt 0.829069 0.347651
vt 0.824737 0.347651
vt 0.824737 0.347651
vt 0.829069 0.347651
vt 0.824787 0.335577
vt 0.829019 0.335577
vt 0.824737 0.359925
vt 0.829069 0.359925
vt 0.829069 0.439954
vt 0.824737 0.439954
vt 0.819249 0.545433
vt 0.819249 0.541100
vt 0.825250 0.541100
vt 0.819249 0.410947
vt 0.690434 0.680054
vt 0.690434 0.441002
vt 0.690434 0.732559
vt 0.690434 0.566016
vt 0.803855 0.541100
vt 0.803855 0.551436
vt 0.803855 0.551436
vt 0.803855 0.541100
vt 0.803855 0.578015
vt 0.808916 0.578015
vt 0.808916 0.578015
vt 0.803855 0.578015
vt 0.808916 0.541100
vt 0.808916 0.541100
vt 0.808916 0.551436
vt 0.680101 0.732559
vt 0.677439 0.662998
vt 0.677439 0.610493
vt 0.680101 0.680054
vt 0.803855 0.566941
vt 0.808916 0.566941
vt 0.803855 0.566941
vt 0.808916 0.545433
vt 0.806254 0.545433
vt 0.806254 0.553343
vt 0.806254 0.565208
vt 0.806254 0.573683
vt 0.808916 0.573683
vt 0.808916 0.410947
vt 0.806254 0.410947
vt 0.806254 0.553343
vt 0.806254 0.565208
vt 0.806254 0.439197
vt 0.808916 0.439197
vt 0.677439 0.441002
vt 0.680101 0.441002
vt 0.680101 0.566016
vt 0.677439 0.566016
vt 0.812736 0.359925
vt 0.808403 0.359925
vt 0.808403 0.347651
vt 0.812736 0.347651
vt 0.813249 0.410947
vt 0.813249 0.545433
vt 0.684433 0.680054
vt 0.684433 0.441002
vt 0.684433 0.732559
vt 0.684433 0.566016
vt 0.813249 0.439197
vt 0.813249 0.573683
vt 0.808403 0.439954
vt 0.812736 0.439954
vt 0.812736 0.452228
vt 0.808403 0.452228
vt 0.808453 0.464301
vt 0.812686 0.464301
vt 0.812686 0.464301
vt 0.808453 0.464301
vt 0.812686 0.426877
vt 0.808453 0.426877
vt 0.812686 0.370308
vt 0.808453 0.370308
vt 0.812686 0.352942
vt 0.808453 0.352942
vt 0.812686 0.335577
vt 0.808453 0.335577
vt 0.808453 0.335577
vt 0.812686 0.335577
vt 0.813249 0.578015
vt 0.813249 0.578015
vt 0.813249 0.566941
vt 0.813249 0.551436
vt 0.813249 0.541100
vt 0.808403 0.452228
vt 0.808403 0.452228
vt 0.812736 0.452228
vt 0.812736 0.452228
vt 0.812686 0.464301
vt 0.808453 0.464301
vt 0.808403 0.420855
vt 0.812736 0.420855
vt 0.808403 0.376932
vt 0.812736 0.376932
vt 0.808403 0.347651
vt 0.812736 0.347651
vt 0.812736 0.347651
vt 0.808403 0.347651
vt 0.808453 0.335577
vt 0.812686 0.335577
vt 0.812736 0.359925
vt 0.808403 0.359925
vt 0.808403 0.439954
vt 0.812736 0.439954
vt 0.813249 0.541100
vt 0.824787 0.352942
vt 0.829019 0.352942
vt 0.828424 0.335577
vt 0.825382 0.335577
vt 0.808453 0.352942
vt 0.812686 0.352942
vt 0.812091 0.335577
vt 0.809049 0.335577
vt -0.548299 0.511036
vt -0.549339 0.511036
vt -0.549339 0.449141
vt -0.548299 0.449141
vt -0.547258 0.511036
vt -0.547258 0.511036
vt -0.547258 0.449141
vt -0.547258 0.449141
vt -0.548298 0.511036
vt -0.547257 0.511036
vt -0.547257 0.449141
vt -0.548298 0.449141
vt -0.549339 0.511036
vt -0.549338 0.511036
vt -0.549338 0.449141
vt -0.549339 0.449141
vt -0.548299 0.387246
vt -0.549339 0.387246
vt -0.549339 0.387246
vt -0.548298 0.387246
vt -0.548298 0.511036
vt -0.547258 0.387246
vt -0.547258 0.387246
vt -0.547257 0.387246
vt -0.548298 0.387246
vt -0.549338 0.387246
vt -0.548299 0.511036
vt -0.549340 0.511036
vt -0.549340 0.449141
vt -0.548299 0.449141
vt -0.547258 0.511036
vt -0.547258 0.511036
vt -0.547258 0.449141
vt -0.547258 0.449141
vt -0.548298 0.511036
vt -0.547257 0.511036
vt -0.547257 0.449141
vt -0.548298 0.449141
vt -0.549339 0.511036
vt -0.549339 0.511036
vt -0.549339 0.449141
vt -0.549339 0.449141
vt -0.548299 0.387246
vt -0.549340 0.387246
vt -0.549339 0.387246
vt -0.548298 0.387246
vt -0.548298 0.511036
vt -0.547258 0.387246
vt -0.547258 0.387246
vt -0.547257 0.387246
vt -0.548298 0.387246
vt -0.549339 0.387246
vn 1.000000 -0.000003 0.000000
vn 1.000000 -0.000003 0.000000
vn 1.000000 -0.000003 0.000000
vn 1.000000 -0.000003 0.000000
vn 0.000000 -0.000010 1.000000
vn 0.000000 -0.000010 1.000000
vn 0.000000 -0.000010 1.000000
vn 0.000000 -0.000010 1.000000
vn 0.000000 -1.000000 0.000000
vn 0.000000 -1.000000 0.000000
vn 0.000000 -1.000000 0.000000
vn 0.000000 -1.000000 0.000000
vn -0.000000 -0.000003 -1.000000
vn -0.000000 -0.000003 -1.000000
vn -0.000000 -0.000003 -1.000000
vn -0.000000 -0.000003 -1.000000
vn 0.000000 1.000000 0.000000
vn 0.000000 1.000000 0.000000
vn 0.000000 1.000000 0.000000
vn 0.000000 1.000000 0.000000
vn 1.000000 0.000000 0.000000
vn 1.000000 0.000000 0.000000
vn 1.000000 0.000000 0.000000
vn 1.000000 0.000000 0.000000
vn 1.000000 0.000000 0.000000
vn 1.000000 0.000000 0.000000
vn 1.000000 0.000000 0.000000
vn 1.000000 0.000000 0.000000
vn 0.000000 0.000000 1.000000
vn 0.000000 0.000000 1.000000
vn 0.000000 0.000000 1.000000
vn 0.000000 0.000000 1.000000
vn 0.000000 0.000000 1.000000
vn 0.000000 0.000000 1.000000
vn 0.000000 0.000000 1.000000
vn 0.000000 0.000000 1.000000
vn 0.000000 -0.000007 -1.000000
vn 0.000000 -0.000007 -1.000000
vn 0.000000 -0.000007 -1.000000
vn 0.000000 -0.000007 -1.000000
vn -0.000000 0.000007 -1.000000
vn -0.000000 0.000007 -1.000000
vn -0.000000 0.000007 -1.000000
vn -0.000000 0.000007 -1.000000
vn -0.001643 0.999999 -0.000000
vn -0.001643 0.999999 -0.000000
vn -0.001643 0.999999 -0.000000
vn -0.001643 0.999999 -0.000000
vn -0.001646 -0.999999 -0.000000
vn -0.001646 -0.999999 -0.000000
vn -0.001646 -0.999999 -0.000000
vn -0.001646 -0.999999 -0.000000
vn 0.000000 0.999986 -0.005325
vn 0.000000 0.999986 -0.005325
vn 0.000000 0.999986 -0.005325
vn 0.000000 0.999986 -0.005325
vn -0.000000 -0.999986 -0.005320
vn -0.000000 -0.999986 -0.005320
vn -0.000000 -0.999986 -0.005320
vn -0.000000 -0.999986 -0.005320
vn 0.000000 -0.999984 0.005701
vn 0.000000 -0.999984 0.005701
vn 0.000000 -0.999984 0.005701
vn 0.000000 -0.999984 0.005701
vn 0.000000 0.999984 0.005696
vn 0.000000 0.999984 0.005696
vn 0.000000 0.999984 0.005696
vn 0.000000 0.999984 0.005696
vn 1.000000 0.000004 0.000000
vn 1.000000 0.000004 0.000000
vn 1.000000 0.000004 0.000000
vn 1.000000 0.000004 0.000000
vn 1.000000 -0.000003 0.000000
vn 1.000000 -0.000003 0.000000
vn 1.000000 -0.000003 0.000000
vn 1.000000 -0.000003 0.000000
vn 1.000000 0.000004 0.000000
vn 1.000000 0.000004 0.000000
vn 1.000000 0.000004 0.000000
vn 1.000000 0.000004 0.000000
vn 0.000000 0.000010 1.000000
vn 0.000000 0.000010 1.000000
vn 0.000000 0.000010 1.000000
vn 0.000000 0.000010 1.000000
vn -0.000000 0.000010 1.000000
vn -0.000000 0.000010 1.000000
vn -0.000000 0.000010 1.000000
vn -0.000000 0.000010 1.000000
vn -0.000000 -0.000010 1.000000
vn -0.000000 -0.000010 1.000000
vn -0.000000 -0.000010 1.000000
vn -0.000000 -0.000010 1.000000
vn 0.000000 -1.000000 0.000000
vn 0.000000 -1.000000 0.000000
vn 0.000000 -1.000000 0.000000
vn 0.000000 -1.000000 0.000000
vn 0.000000 -1.000000 0.000000
vn 0.000000 -1.000000 0.000000
vn 0.000000 -1.000000 0.000000
vn 0.000000 -1.000000 0.000000
vn 0.000000 -1.000000 0.000000
vn 0.000000 -1.000000 0.000000
vn 0.000000 -1.000000 0.000000
vn 0.000000 -1.000000 0.000000
vn -0.000000 0.000003 -1.000000
vn -0.000000 0.000003 -1.000000
vn -0.000000 0.000003 -1.000000
vn -0.000000 0.000003 -1.000000
vn 0.000000 0.000003 -1.000000
vn 0.000000 0.000003 -1.000000
vn 0.000000 0.000003 -1.000000
vn 0.000000 0.000003 -1.000000
vn 0.000000 -0.000003 -1.000000
vn 0.000000 -0.000003 -1.000000
vn 0.000000 -0.000003 -1.000000
vn 0.000000 -0.000003 -1.000000
vn 0.000000 1.000000 0.000000
vn 0.000000 1.000000 0.000000
vn 0.000000 1.000000 0.000000
vn 0.000000 1.000000 0.000000
vn 0.000000 1.000000 0.000000
vn 0.000000 1.000000 0.000000
vn 0.000000 1.000000 0.000000
vn 0.000000 1.000000 0.000000
vn 0.000000 1.000000 0.000000
vn 0.000000 1.000000 0.000000
vn 0.000000 1.000000 0.000000
vn 0.000000 1.000000 0.000000
vn 1.000000 0.000000 0.000000
vn 1.000000 0.000000 0.000000
vn 1.000000 0.000000 0.000000
vn 1.000000 0.000000 0.000000
vn 1.000000 0.000000 0.000000
vn 1.000000 0.000000 0.000000
vn 1.000000 0.000000 0.000000
vn 1.000000 0.000000 0.000000
vn 1.000000 0.000000 0.000000
vn 1.000000 0.000000 0.000000
vn 1.000000 0.000000 0.000000
vn 1.000000 0.000000 0.000000
vn 1.000000 0.000000 0.000000
vn 1.000000 0.000000 0.000000
vn 1.000000 0.000000 0.000000
vn 1.000000 0.000000 0.000000
vn 1.000000 0.000000 0.000000
vn 1.000000 0.000000 0.000000
vn 1.000000 0.000000 0.000000
vn 1.000000 0.000000 0.000000
vn 1.000000 0.000000 0.000000
vn 1.000000 0.000000 0.000000
vn 1.000000 0.000000 0.000000
vn 1.000000 0.000000 0.000000
vn 0.000000 0.000000 1.000000
vn 0.000000 0.000000 1.000000
vn 0.000000 0.000000 1.000000
vn 0.000000 0.000000 1.000000
vn 0.000000 0.000000 1.000000
vn 0.000000 0.000000 1.000000
vn 0.000000 0.000000 1.000000
vn 0.000000 0.000000 1.000000
vn 0.000000 0.000000 1.000000
vn 0.000000 0.000000 1.000000
vn 0.000000 0.000000 1.000000
vn 0.000000 0.000000 1.000000
vn 0.000000 0.000000 1.000000
vn 0.000000 0.000000 1.000000
vn 0.000000 0.000000 1.000000
vn 0.000000 0.000000 1.000000
vn 0.000000 0.000000 1.000000
vn 0.000000 0.000000 1.000000
vn 0.000000 0.000000 1.000000
vn 0.000000 0.000000 1.000000
vn 0.000000 0.000000 1.000000
vn 0.000000 0.000000 1.000000
vn 0.000000 0.000000 1.000000
vn 0.000000 0.000000 1.000000
vn -0.000000 -0.000007 -1.000000
vn -0.000000 -0.000007 -1.000000
vn -0.000000 -0.000007 -1.000000
vn -0.000000 -0.000007 -1.000000
vn -0.000000 0.000007 -1.000000
vn -0.000000 0.000007 -1.000000
vn -0.000000 0.000007 -1.000000
vn -0.000000 0.000007 -1.000000
vn 0.000000 0.000007 -1.000000
vn 0.000000 0.000007 -1.000000
vn 0.000000 0.000007 -1.000000
vn 0.000000 0.000007 -1.000000
vn 0.000000 0.000007 -1.000000
vn 0.000000 0.000007 -1.000000
vn 0.000000 0.000007 -1.000000
vn 0.000000 0.000007 -1.000000
vn 0.000000 -0.000007 -1.000000
vn 0.000000 -0.000007 -1.000000
vn 0.000000 -0.000007 -1.000000
vn 0.000000 -0.000007 -1.000000
vn -0.000000 -0.000007 -1.000000
vn -0.000000 -0.000007 -1.000000
vn -0.000000 -0.000007 -1.000000
vn -0.000000 -0.000007 -1.000000
vn -0.001643 0.999999 0.000000
vn -0.001643 0.999999 0.000000
vn -0.001643 0.999999 0.000000
vn -0.001643 0.999999 0.000000
vn -0.001646 0.999999 -0.000000
vn -0.001646 0.999999 -0.000000
vn -0.001646 0.999999 -0.000000
vn -0.001646 0.999999 -0.000000
vn -0.001646 0.999999 0.000000
vn -0.001646 0.999999 0.000000
vn -0.001646 0.999999 0.000000
vn -0.001646 0.999999 0.000000
vn -0.001646 -0.999999 0.000000
vn -0.001646 -0.999999 0.000000
vn -0.001646 -0.999999 0.000000
vn -0.001646 -0.999999 0.000000
vn -0.001642 -0.999999 -0.000000
vn -0.001642 -0.999999 -0.000000
vn -0.001642 -0.999999 -0.000000
vn -0.001642 -0.999999 -0.000000
vn -0.001642 -0.999999 0.000000
vn -0.001642 -0.999999 0.000000
vn -0.001642 -0.999999 0.000000
vn -0.001642 -0.999999 0.000000
vn -0.000000 0.999986 -0.005326
vn -0.000000 0.999986 -0.005326
vn -0.000000 0.999986 -0.005326
vn -0.000000 0.999986 -0.005326
vn -0.000000 0.999986 -0.005314
vn -0.000000 0.999986 -0.005314
vn -0.000000 0.999986 -0.005314
vn -0.000000 0.999986 -0.005314
vn 0.000000 0.999986 -0.005327
vn 0.000000 0.999986 -0.005327
vn 0.000000 0.999986 -0.005327
vn 0.000000 0.999986 -0.005327
vn 0.000000 -0.999986 -0.005323
vn 0.000000 -0.999986 -0.005323
vn 0.000000 -0.999986 -0.005323
vn 0.000000 -0.999986 -0.005323
vn 0.000000 -0.999986 -0.005320
vn 0.000000 -0.999986 -0.005320
vn 0.000000 -0.999986 -0.005320
vn 0.000000 -0.999986 -0.005320
vn -0.000000 -0.999986 -0.005323
vn -0.000000 -0.999986 -0.005323
vn -0.000000 -0.999986 -0.005323
vn -0.000000 -0.999986 -0.005323
vn -0.000000 -0.999984 0.005697
vn -0.000000 -0.999984 0.005697
vn -0.000000 -0.999984 0.005697
vn -0.000000 -0.999984 0.005697
vn -0.000000 -0.999984 0.005702
vn -0.000000 -0.999984 0.005702
vn -0.000000 -0.999984 0.005702
vn -0.000000 -0.999984 0.005702
vn 0.000000 -0.999984 0.005696
vn 0.000000 -0.999984 0.005696
vn 0.000000 -0.999984 0.005696
vn 0.000000 -0.999984 0.005696
vn -0.000000 0.999984 0.005694
vn -0.000000 0.999984 0.005694
vn -0.000000 0.999984 0.005694
vn -0.000000 0.999984 0.005694
vn -0.000000 0.999984 0.005718
vn -0.000000 0.999984 0.005718
vn -0.000000 0.999984 0.005718
vn -0.000000 0.999984 0.005718
vn 0.000000 0.999984 0.005705
vn 0.000000 0.999984 0.005705
vn 0.000000 0.999984 0.005705
vn 0.000000 0.999984 0.005705
vn -0.008032 0.000009 0.999968
vn -0.008032 0.000009 0.999968
vn -0.008032 0.000009 0.999968
vn -0.008032 0.000009 0.999968
vn 0.000000 1.000000 0.000000
vn 0.000000 1.000000 0.000000
vn 0.000000 1.000000 0.000000
vn 0.000000 1.000000 0.000000
vn 0.008032 0.000009 -0.999968
vn 0.008032 0.000009 -0.999968
vn 0.008032 0.000009 -0.999968
vn 0.008032 0.000009 -0.999968
vn 0.000000 -1.000000 0.000000
vn 0.000000 -1.000000 0.000000
vn 0.000000 -1.000000 0.000000
vn 0.000000 -1.000000 0.000000
vn 0.999849 -0.000077 -0.017369
vn 0.999849 -0.000077 -0.017369
vn 0.999849 -0.000077 -0.017369
vn 0.999849 -0.000077 -0.017369
vn -0.999848 0.000000 0.017420
vn -0.999848 0.000000 0.017420
vn -0.999848 0.000000 0.017420
vn -0.999848 0.000000 0.017420
vn -0.008033 0.000009 0.999968
vn -0.008033 0.000009 0.999968
vn -0.008033 0.000009 0.999968
vn -0.008033 0.000009 0.999968
vn -0.008033 -0.000009 0.999968
vn -0.008033 -0.000009 0.999968
vn -0.008033 -0.000009 0.999968
vn -0.008033 -0.000009 0.999968
vn -0.008032 -0.000009 0.999968
vn -0.008032 -0.000009 0.999968
vn -0.008032 -0.000009 0.999968
vn -0.008032 -0.000009 0.999968
vn 0.000000 1.000000 -0.000002
vn 0.000000 1.000000 -0.000002
vn 0.000000 1.000000 -0.000002
vn 0.000000 1.000000 -0.000002
vn 0.000000 1.000000 0.000000
vn 0.000000 1.000000 0.000000
vn 0.000000 1.000000 0.000000
vn 0.000000 1.000000 0.000000
vn 0.000000 1.000000 0.000002
vn 0.000000 1.000000 0.000002
vn 0.000000 1.000000 0.000002
vn 0.000000 1.000000 0.000002
vn 0.008031 0.000009 -0.999968
vn 0.008031 0.000009 -0.999968
vn 0.008031 0.000009 -0.999968
vn 0.008031 0.000009 -0.999968
vn 0.008032 -0.000009 -0.999968
vn 0.008032 -0.000009 -0.999968
vn 0.008032 -0.000009 -0.999968
vn 0.008032 -0.000009 -0.999968
vn 0.008032 -0.000009 -0.999968
vn 0.008032 -0.000009 -0.999968
vn 0.008032 -0.000009 -0.999968
vn 0.008032 -0.000009 -0.999968
vn 0.000000 -1.000000 -0.000000
vn 0.000000 -1.000000 -0.000000
vn 0.000000 -1.000000 -0.000000
vn 0.000000 -1.000000 -0.000000
vn 0.000000 -1.000000 0.000000
vn 0.000000 -1.000000 0.000000
vn 0.000000 -1.000000 0.000000
vn 0.000000 -1.000000 0.000000
vn 0.000000 -1.000000 0.000000
vn 0.000000 -1.000000 0.000000
vn 0.000000 -1.000000 0.000000
vn 0.000000 -1.000000 0.000000
vn 0.999849 -0.000077 -0.017369
vn 0.999849 -0.000077 -0.017369
vn 0.999849 -0.000077 -0.017369
vn 0.999849 -0.000077 -0.017369
vn 0.999849 0.000077 -0.017369
vn 0.999849 0.000077 -0.017369
vn 0.999849 0.000077 -0.017369
vn 0.999849 0.000077 -0.017369
vn 0.999849 0.000077 -0.017369
vn 0.999849 0.000077 -0.017369
vn 0.999849 0.000077 -0.017369
vn 0.999849 0.000077 -0.017369
vn -0.999848 0.000000 0.017420
vn -0.999848 0.000000 0.017420
vn -0.999848 0.000000 0.017420
vn -0.999848 0.000000 0.017420
vn -0.999848 0.000000 0.017420
vn -0.999848 0.000000 0.017420
vn -0.999848 0.000000 0.017420
vn -0.999848 0.000000 0.017420
vn -0.999848 0.000000 0.017420
vn -0.999848 0.000000 0.017420
vn -0.999848 0.000000 0.017420
vn -0.999848 0.000000 0.017420
vn -0.008410 0.000000 0.999965
vn -0.008410 0.000000 0.999965
vn -0.008410 0.000000 0.999965
vn -0.008410 0.000000 0.999965
vn 0.999844 -0.000008 -0.017673
vn 0.999844 -0.000008 -0.017673
vn 0.999844 -0.000008 -0.017673
vn 0.999844 -0.000008 -0.017673
vn 0.008408 -0.000000 -0.999965
vn 0.008408 -0.000000 -0.999965
vn 0.008408 -0.000000 -0.999965
vn 0.008408 -0.000000 -0.999965
vn -0.999846 0.000000 0.017578
vn -0.999846 0.000000 0.017578
vn -0.999846 0.000000 0.017578
vn -0.999846 0.000000 0.017578
vn 0.000003 -1.000000 0.000004
vn 0.000003 -1.000000 0.000004
vn 0.000003 -1.000000 0.000004
vn 0.000003 -1.000000 0.000004
vn 0.000000 1.000000 0.000004
vn 0.000000 1.000000 0.000004
vn 0.000000 1.000000 0.000004
vn 0.000000 1.000000 0.000004
vn -0.008410 -0.000000 0.999965
vn -0.008410 -0.000000 0.999965
vn -0.008410 -0.000000 0.999965
vn -0.008410 -0.000000 0.999965
vn -0.008408 -0.000000 0.999965
vn -0.008408 -0.000000 0.999965
vn -0.008408 -0.000000 0.999965
vn -0.008408 -0.000000 0.999965
vn -0.008408 0.000000 0.999965
vn -0.008408 0.000000 0.999965
vn -0.008408 0.000000 0.999965
vn -0.008408 0.000000 0.999965
vn 0.999844 0.000008 -0.017673
vn 0.999844 0.000008 -0.017673
vn 0.999844 0.000008 -0.017673
vn 0.999844 0.000008 -0.017673
vn 0.999847 0.000008 -0.017483
vn 0.999847 0.000008 -0.017483
vn 0.999847 0.000008 -0.017483
vn 0.999847 0.000008 -0.017483
vn 0.999847 -0.000008 -0.017483
vn 0.999847 -0.000008 -0.017483
vn 0.999847 -0.000008 -0.017483
vn 0.999847 -0.000008 -0.017483
vn 0.008408 0.000000 -0.999965
vn 0.008408 0.000000 -0.999965
vn 0.008408 0.000000 -0.999965
vn 0.008408 0.000000 -0.999965
vn 0.008410 0.000000 -0.999965
vn 0.008410 0.000000 -0.999965
vn 0.008410 0.000000 -0.999965
vn 0.008410 0.000000 -0.999965
vn 0.008410 -0.000000 -0.999965
vn 0.008410 -0.000000 -0.999965
vn 0.008410 -0.000000 -0.999965
vn 0.008410 -0.000000 -0.999965
vn -0.999846 -0.000000 0.017578
vn -0.999846 -0.000000 0.017578
vn -0.999846 -0.000000 0.017578
vn -0.999846 -0.000000 0.017578
vn -0.999846 -0.000000 0.017578
vn -0.999846 -0.000000 0.017578
vn -0.999846 -0.000000 0.017578
vn -0.999846 -0.000000 0.017578
vn -0.999846 0.000000 0.017578
vn -0.999846 0.000000 0.017578
vn -0.999846 0.000000 0.017578
vn -0.999846 0.000000 0.017578
vn 0.000003 -1.000000 0.000000
vn 0.000003 -1.000000 0.000000
vn 0.000003 -1.000000 0.000000
vn 0.000003 -1.000000 0.000000
vn -0.000003 -1.000000 -0.000004
vn -0.000003 -1.000000 -0.000004
vn -0.000003 -1.000000 -0.000004
vn -0.000003 -1.000000 -0.000004
vn -0.000003 -1.000000 0.000000
vn -0.000003 -1.000000 0.000000
vn -0.000003 -1.000000 0.000000
vn -0.000003 -1.000000 0.000000
vn 0.000000 1.000000 0.000000
vn 0.000000 1.000000 0.000000
vn 0.000000 1.000000 0.000000
vn 0.000000 1.000000 0.000000
vn 0.000000 1.000000 -0.000004
vn 0.000000 1.000000 -0.000004
vn 0.000000 1.000000 -0.000004
vn 0.000000 1.000000 -0.000004
vn 0.000000 1.000000 0.000000
vn 0.000000 1.000000 0.000000
vn 0.000000 1.000000 0.000000
vn 0.000000 1.000000 0.000000
vn -0.009012 0.000000 0.999959
vn -0.009012 0.000000 0.999959
vn -0.009012 0.000000 0.999959
vn -0.009012 0.000000 0.999959
vn 0.000000 1.000000 0.000002
vn 0.000000 1.000000 0.000002
vn 0.000000 1.000000 0.000002
vn 0.000000 1.000000 0.000002
vn 0.009014 0.000000 -0.999959
vn 0.009014 0.000000 -0.999959
vn 0.009014 0.000000 -0.999959
vn 0.009014 0.000000 -0.999959
vn -0.000000 -1.000000 0.000000
vn -0.000000 -1.000000 0.000000
vn -0.000000 -1.000000 0.000000
vn -0.000000 -1.000000 0.000000
vn 0.999841 0.000000 -0.017824
vn 0.999841 0.000000 -0.017824
vn 0.999841 0.000000 -0.017824
vn 0.999841 0.000000 -0.017824
vn -0.999841 -0.000040 0.017851
vn -0.999841 -0.000040 0.017851
vn -0.999841 -0.000040 0.017851
vn -0.999841 -0.000040 0.017851
vn -0.009014 0.000000 0.999959
vn -0.009014 0.000000 0.999959
vn -0.009014 0.000000 0.999959
vn -0.009014 0.000000 0.999959
vn -0.009014 0.000000 0.999959
vn -0.009014 0.000000 0.999959
vn -0.009014 0.000000 0.999959
vn -0.009014 0.000000 0.999959
vn -0.009012 0.000000 0.999959
vn -0.009012 0.000000 0.999959
vn -0.009012 0.000000 0.999959
vn -0.009012 0.000000 0.999959
vn -0.000000 1.000000 0.000000
vn -0.000000 1.000000 0.000000
vn -0.000000 1.000000 0.000000
vn -0.000000 1.000000 0.000000
vn -0.000000 1.000000 0.000000
vn -0.000000 1.000000 0.000000
vn -0.000000 1.000000 0.000000
vn -0.000000 1.000000 0.000000
vn 0.000000 1.000000 -0.000001
vn 0.000000 1.000000 -0.000001
vn 0.000000 1.000000 -0.000001
vn 0.000000 1.000000 -0.000001
vn 0.009012 0.000000 -0.999959
vn 0.009012 0.000000 -0.999959
vn 0.009012 0.000000 -0.999959
vn 0.009012 0.000000 -0.999959
vn 0.009012 0.000000 -0.999959
vn 0.009012 0.000000 -0.999959
vn 0.009012 0.000000 -0.999959
vn 0.009012 0.000000 -0.999959
vn 0.009014 0.000000 -0.999959
vn 0.009014 0.000000 -0.999959
vn 0.009014 0.000000 -0.999959
vn 0.009014 0.000000 -0.999959
vn 0.000000 -1.000000 0.000000
vn 0.000000 -1.000000 0.000000
vn 0.000000 -1.000000 0.000000
vn 0.000000 -1.000000 0.000000
vn 0.000000 -1.000000 0.000000
vn 0.000000 -1.000000 0.000000
vn 0.000000 -1.000000 0.000000
vn 0.000000 -1.000000 0.000000
vn -0.000000 -1.000000 -0.000001
vn -0.000000 -1.000000 -0.000001
vn -0.000000 -1.000000 -0.000001
vn -0.000000 -1.000000 -0.000001
vn 0.999840 0.000000 -0.017878
vn 0.999840 0.000000 -0.017878
vn 0.999840 0.000000 -0.017878
vn 0.999840 0.000000 -0.017878
vn 0.999840 0.000000 -0.017878
vn 0.999840 0.000000 -0.017878
vn 0.999840 0.000000 -0.017878
vn 0.999840 0.000000 -0.017878
vn 0.999841 0.000000 -0.017824
vn 0.999841 0.000000 -0.017824
vn 0.999841 0.000000 -0.017824
vn 0.999841 0.000000 -0.017824
vn -0.999841 -0.000040 0.017851
vn -0.999841 -0.000040 0.017851
vn -0.999841 -0.000040 0.017851
vn -0.999841 -0.000040 0.017851
vn -0.999841 0.000040 0.017851
vn -0.999841 0.000040 0.017851
vn -0.999841 0.000040 0.017851
vn -0.999841 0.000040 0.017851
vn -0.999841 0.000040 0.017851
vn -0.999841 0.000040 0.017851
vn -0.999841 0.000040 0.017851
vn -0.999841 0.000040 0.017851
vn -0.008397 -0.000001 0.999965
vn -0.008397 -0.000001 0.999965
vn -0.008397 -0.000001 0.999965
vn -0.008397 -0.000001 0.999965
vn 0.999844 -0.000008 -0.017674
vn 0.999844 -0.000008 -0.017674
vn 0.999844 -0.000008 -0.017674
vn 0.999844 -0.000008 -0.017674
vn 0.008421 0.000001 -0.999965
vn 0.008421 0.000001 -0.999965
vn 0.008421 0.000001 -0.999965
vn 0.008421 0.000001 -0.999965
vn -0.999847 0.000008 0.017483
vn -0.999847 0.000008 0.017483
vn -0.999847 0.000008 0.017483
vn -0.999847 0.000008 0.017483
vn 0.000003 -1.000000 0.000001
vn 0.000003 -1.000000 0.000001
vn 0.000003 -1.000000 0.000001
vn 0.000003 -1.000000 0.000001
vn -0.000006 1.000000 0.000004
vn -0.000006 1.000000 0.000004
vn -0.000006 1.000000 0.000004
vn -0.000006 1.000000 0.000004
vn -0.008397 0.000001 0.999965
vn -0.008397 0.000001 0.999965
vn -0.008397 0.000001 0.999965
vn -0.008397 0.000001 0.999965
vn -0.008397 0.000001 0.999965
vn -0.008397 0.000001 0.999965
vn -0.008397 0.000001 0.999965
vn -0.008397 0.000001 0.999965
vn -0.008397 -0.000001 0.999965
vn -0.008397 -0.000001 0.999965
vn -0.008397 -0.000001 0.999965
vn -0.008397 -0.000001 0.999965
vn 0.999844 0.000008 -0.017674
vn 0.999844 0.000008 -0.017674
vn 0.999844 0.000008 -0.017674
vn 0.999844 0.000008 -0.017674
vn 0.999847 0.000008 -0.017483
vn 0.999847 0.000008 -0.017483
vn 0.999847 0.000008 -0.017483
vn 0.999847 0.000008 -0.017483
vn 0.999847 -0.000008 -0.017483
vn 0.999847 -0.000008 -0.017483
vn 0.999847 -0.000008 -0.017483
vn 0.999847 -0.000008 -0.017483
vn 0.008421 -0.000001 -0.999965
vn 0.008421 -0.000001 -0.999965
vn 0.008421 -0.000001 -0.999965
vn 0.008421 -0.000001 -0.999965
vn 0.008397 -0.000001 -0.999965
vn 0.008397 -0.000001 -0.999965
vn 0.008397 -0.000001 -0.999965
vn 0.008397 -0.000001 -0.999965
vn 0.008397 0.000001 -0.999965
vn 0.008397 0.000001 -0.999965
vn 0.008397 0.000001 -0.999965
vn 0.008397 0.000001 -0.999965
vn -0.999847 -0.000008 0.017483
vn -0.999847 -0.000008 0.017483
vn -0.999847 -0.000008 0.017483
vn -0.999847 -0.000008 0.017483
vn -0.999844 -0.000008 0.017673
vn -0.999844 -0.000008 0.017673
vn -0.999844 -0.000008 0.017673
vn -0.999844 -0.000008 0.017673
vn -0.999844 0.000008 0.017673
vn -0.999844 0.000008 0.017673
vn -0.999844 0.000008 0.017673
vn -0.999844 0.000008 0.017673
vn 0.000003 -1.000000 0.000009
vn 0.000003 -1.000000 0.000009
vn 0.000003 -1.000000 0.000009
vn 0.000003 -1.000000 0.000009
vn -0.000003 -1.000000 -0.000007
vn -0.000003 -1.000000 -0.000007
vn -0.000003 -1.000000 -0.000007
vn -0.000003 -1.000000 -0.000007
vn -0.000003 -1.000000 0.000000
vn -0.000003 -1.000000 0.000000
vn -0.000003 -1.000000 0.000000
vn -0.000003 -1.000000 0.000000
vn -0.000006 1.000000 0.000000
vn -0.000006 1.000000 0.000000
vn -0.000006 1.000000 0.000000
vn -0.000006 1.000000 0.000000
vn 0.000006 1.000000 -0.000004
vn 0.000006 1.000000 -0.000004
vn 0.000006 1.000000 -0.000004
vn 0.000006 1.000000 -0.000004
vn 0.000006 1.000000 0.000000
vn 0.000006 1.000000 0.000000
vn 0.000006 1.000000 0.000000
vn 0.000006 1.000000 0.000000
vn -0.008398 -0.000001 0.999965
vn -0.008398 -0.000001 0.999965
vn -0.008398 -0.000001 0.999965
vn -0.008398 -0.000001 0.999965
vn 0.999844 -0.000008 -0.017674
vn 0.999844 -0.000008 -0.017674
vn 0.999844 -0.000008 -0.017674
vn 0.999844 -0.000008 -0.017674
vn 0.008421 0.000001 -0.999965
vn 0.008421 0.000001 -0.999965
vn 0.008421 0.000001 -0.999965
vn 0.008421 0.000001 -0.999965
vn -0.999846 -0.000000 0.017578
vn -0.999846 -0.000000 0.017578
vn -0.999846 -0.000000 0.017578
vn -0.999846 -0.000000 0.017578
vn 0.000000 -1.000000 -0.000003
vn 0.000000 -1.000000 -0.000003
vn 0.000000 -1.000000 -0.000003
vn 0.000000 -1.000000 -0.000003
vn 0.000006 1.000000 0.000009
vn 0.000006 1.000000 0.000009
vn 0.000006 1.000000 0.000009
vn 0.000006 1.000000 0.000009
vn -0.008398 0.000001 0.999965
vn -0.008398 0.000001 0.999965
vn -0.008398 0.000001 0.999965
vn -0.008398 0.000001 0.999965
vn -0.008398 0.000001 0.999965
vn -0.008398 0.000001 0.999965
vn -0.008398 0.000001 0.999965
vn -0.008398 0.000001 0.999965
vn -0.008398 -0.000001 0.999965
vn -0.008398 -0.000001 0.999965
vn -0.008398 -0.000001 0.999965
vn -0.008398 -0.000001 0.999965
vn 0.999844 0.000008 -0.017674
vn 0.999844 0.000008 -0.017674
vn 0.999844 0.000008 -0.017674
vn 0.999844 0.000008 -0.017674
vn 0.999847 0.000009 -0.017483
vn 0.999847 0.000009 -0.017483
vn 0.999847 0.000009 -0.017483
vn 0.999847 0.000009 -0.017483
vn 0.999847 -0.000009 -0.017483
vn 0.999847 -0.000009 -0.017483
vn 0.999847 -0.000009 -0.017483
vn 0.999847 -0.000009 -0.017483
vn 0.008421 -0.000001 -0.999965
vn 0.008421 -0.000001 -0.999965
vn 0.008421 -0.000001 -0.999965
vn 0.008421 -0.000001 -0.999965
vn 0.008397 -0.000001 -0.999965
vn 0.008397 -0.000001 -0.999965
vn 0.008397 -0.000001 -0.999965
vn 0.008397 -0.000001 -0.999965
vn 0.008397 0.000001 -0.999965
vn 0.008397 0.000001 -0.999965
vn 0.008397 0.000001 -0.999965
vn 0.008397 0.000001 -0.999965
vn -0.999846 0.000000 0.017578
vn -0.999846 0.000000 0.017578
vn -0.999846 0.000000 0.017578
vn -0.999846 0.000000 0.017578
vn -0.999842 -0.000000 0.017768
vn -0.999842 -0.000000 0.017768
vn -0.999842 -0.000000 0.017768
vn -0.999842 -0.000000 0.017768
vn -0.999842 0.000000 0.017768
vn -0.999842 0.000000 0.017768
vn -0.999842 0.000000 0.017768
vn -0.999842 0.000000 0.017768
vn 0.000000 -1.000000 0.000000
vn 0.000000 -1.000000 0.000000
vn 0.000000 -1.000000 0.000000
vn 0.000000 -1.000000 0.000000
vn 0.000000 -1.000000 -0.000004
vn 0.000000 -1.000000 -0.000004
vn 0.000000 -1.000000 -0.000004
vn 0.000000 -1.000000 -0.000004
vn 0.000000 -1.000000 -0.000009
vn 0.000000 -1.000000 -0.000009
vn 0.000000 -1.000000 -0.000009
vn 0.000000 -1.000000 -0.000009
vn 0.000006 1.000000 -0.000009
vn 0.000006 1.000000 -0.000009
vn 0.000006 1.000000 -0.000009
vn 0.000006 1.000000 -0.000009
vn -0.000006 1.000000 -0.000002
vn -0.000006 1.000000 -0.000002
vn -0.000006 1.000000 -0.000002
vn -0.000006 1.000000 -0.000002
vn -0.000006 1.000000 0.000000
vn -0.000006 1.000000 0.000000
vn -0.000006 1.000000 0.000000
vn -0.000006 1.000000 0.000000
vn -0.009012 0.000000 0.999959
vn -0.009012 0.000000 0.999959
vn -0.009012 0.000000 0.999959
vn -0.009012 0.000000 0.999959
vn 0.000000 1.000000 0.000000
vn 0.000000 1.000000 0.000000
vn 0.000000 1.000000 0.000000
vn 0.000000 1.000000 0.000000
vn 0.009014 0.000000 -0.999959
vn 0.009014 0.000000 -0.999959
vn 0.009014 0.000000 -0.999959
vn 0.009014 0.000000 -0.999959
vn 0.000000 -1.000000 0.000000
vn 0.000000 -1.000000 0.000000
vn 0.000000 -1.000000 0.000000
vn 0.000000 -1.000000 0.000000
vn 0.999842 -0.000040 -0.017797
vn 0.999842 -0.000040 -0.017797
vn 0.999842 -0.000040 -0.017797
vn 0.999842 -0.000040 -0.017797
vn -0.999841 0.000000 0.017824
vn -0.999841 0.000000 0.017824
vn -0.999841 0.000000 0.017824
vn -0.999841 0.000000 0.017824
vn -0.009014 0.000000 0.999959
vn -0.009014 0.000000 0.999959
vn -0.009014 0.000000 0.999959
vn -0.009014 0.000000 0.999959
vn -0.009014 0.000000 0.999959
vn -0.009014 0.000000 0.999959
vn -0.009014 0.000000 0.999959
vn -0.009014 0.000000 0.999959
vn -0.009012 0.000000 0.999959
vn -0.009012 0.000000 0.999959
vn -0.009012 0.000000 0.999959
vn -0.009012 0.000000 0.999959
vn 0.000000 1.000000 -0.000001
vn 0.000000 1.000000 -0.000001
vn 0.000000 1.000000 -0.000001
vn 0.000000 1.000000 -0.000001
vn 0.000000 1.000000 0.000000
vn 0.000000 1.000000 0.000000
vn 0.000000 1.000000 0.000000
vn 0.000000 1.000000 0.000000
vn 0.000000 1.000000 0.000001
vn 0.000000 1.000000 0.000001
vn 0.000000 1.000000 0.000001
vn 0.000000 1.000000 0.000001
vn 0.009012 0.000000 -0.999959
vn 0.009012 0.000000 -0.999959
vn 0.009012 0.000000 -0.999959
vn 0.009012 0.000000 -0.999959
vn 0.009012 0.000000 -0.999959
vn 0.009012 0.000000 -0.999959
vn 0.009012 0.000000 -0.999959
vn 0.009012 0.000000 -0.999959
vn 0.009014 0.000000 -0.999959
vn 0.009014 0.000000 -0.999959
vn 0.009014 0.000000 -0.999959
vn 0.009014 0.000000 -0.999959
vn 0.000000 -1.000000 0.000000
vn 0.000000 -1.000000 0.000000
vn 0.000000 -1.000000 0.000000
vn 0.000000 -1.000000 0.000000
vn 0.000000 -1.000000 0.000000
vn 0.000000 -1.000000 0.000000
vn 0.000000 -1.000000 0.000000
vn 0.000000 -1.000000 0.000000
vn 0.000000 -1.000000 -0.000000
vn 0.000000 -1.000000 -0.000000
vn 0.000000 -1.000000 -0.000000
vn 0.000000 -1.000000 -0.000000
vn 0.999841 -0.000040 -0.017851
vn 0.999841 -0.000040 -0.017851
vn 0.999841 -0.000040 -0.017851
vn 0.999841 -0.000040 -0.017851
vn 0.999841 0.000040 -0.017851
vn 0.999841 0.000040 -0.017851
vn 0.999841 0.000040 -0.017851
vn 0.999841 0.000040 -0.017851
vn 0.999842 0.000040 -0.017797
vn 0.999842 0.000040 -0.017797
vn 0.999842 0.000040 -0.017797
vn 0.999842 0.000040 -0.017797
vn -0.999841 0.000000 0.017824
vn -0.999841 0.000000 0.017824
vn -0.999841 0.000000 0.017824
vn -0.999841 0.000000 0.017824
vn -0.999841 0.000000 0.017824
vn -0.999841 0.000000 0.017825
vn -0.999841 0.000000 0.017824
vn -0.999841 0.000000 0.017824
vn -0.999841 0.000000 0.017824
vn -0.999841 0.000000 0.017824
vn -0.999841 0.000000 0.017824
vn -0.999841 0.000000 0.017824
vn -0.008398 -0.000001 0.999965
vn -0.008398 -0.000001 0.999965
vn -0.008398 -0.000001 0.999965
vn -0.008398 -0.000001 0.999965
vn 0.999844 -0.000008 -0.017673
vn 0.999844 -0.000008 -0.017673
vn 0.999844 -0.000008 -0.017673
vn 0.999844 -0.000008 -0.017673
vn 0.008409 0.000000 -0.999965
vn 0.008409 0.000000 -0.999965
vn 0.008409 0.000000 -0.999965
vn 0.008409 0.000000 -0.999965
vn -0.999846 0.000000 0.017578
vn -0.999846 0.000000 0.017578
vn -0.999846 0.000000 0.017578
vn -0.999846 0.000000 0.017578
vn 0.000000 -1.000000 -0.000003
vn 0.000000 -1.000000 -0.000003
vn 0.000000 -1.000000 -0.000003
vn 0.000000 -1.000000 -0.000003
vn 0.000006 1.000000 0.000004
vn 0.000006 1.000000 0.000004
vn 0.000006 1.000000 0.000004
vn 0.000006 1.000000 0.000004
vn -0.008398 0.000001 0.999965
vn -0.008398 0.000001 0.999965
vn -0.008398 0.000001 0.999965
vn -0.008398 0.000001 0.999965
vn -0.008421 0.000001 0.999965
vn -0.008421 0.000001 0.999965
vn -0.008421 0.000001 0.999965
vn -0.008421 0.000001 0.999965
vn -0.008421 -0.000001 0.999965
vn -0.008421 -0.000001 0.999965
vn -0.008421 -0.000001 0.999965
vn -0.008421 -0.000001 0.999965
vn 0.999844 0.000008 -0.017673
vn 0.999844 0.000008 -0.017673
vn 0.999844 0.000008 -0.017673
vn 0.999844 0.000008 -0.017673
vn 0.999847 0.000007 -0.017483
vn 0.999847 0.000007 -0.017483
vn 0.999847 0.000007 -0.017483
vn 0.999847 0.000007 -0.017483
vn 0.999847 -0.000007 -0.017483
vn 0.999847 -0.000007 -0.017483
vn 0.999847 -0.000007 -0.017483
vn 0.999847 -0.000007 -0.017483
vn 0.008409 0.000000 -0.999965
vn 0.008409 0.000000 -0.999965
vn 0.008409 0.000000 -0.999965
vn 0.008409 0.000000 -0.999965
vn 0.008409 0.000000 -0.999965
vn 0.008409 0.000000 -0.999965
vn 0.008409 0.000000 -0.999965
vn 0.008409 0.000000 -0.999965
vn 0.008409 0.000000 -0.999965
vn 0.008409 0.000000 -0.999965
vn 0.008409 0.000000 -0.999965
vn 0.008409 0.000000 -0.999965
vn -0.999846 0.000000 0.017578
vn -0.999846 0.000000 0.017578
vn -0.999846 0.000000 0.017578
vn -0.999846 0.000000 0.017578
vn -0.999842 0.000000 0.017769
vn -0.999842 0.000000 0.017769
vn -0.999842 0.000000 0.017769
vn -0.999842 0.000000 0.017769
vn -0.999842 0.000000 0.017769
vn -0.999842 0.000000 0.017769
vn -0.999842 0.000000 0.017769
vn -0.999842 0.000000 0.017769
vn 0.000000 -1.000000 0.000000
vn 0.000000 -1.000000 0.000000
vn 0.000000 -1.000000 0.000000
vn 0.000000 -1.000000 0.000000
vn 0.000000 -1.000000 -0.000004
vn 0.000000 -1.000000 -0.000004
vn 0.000000 -1.000000 -0.000004
vn 0.000000 -1.000000 -0.000004
vn 0.000000 -1.000000 -0.000009
vn 0.000000 -1.000000 -0.000009
vn 0.000000 -1.000000 -0.000009
vn 0.000000 -1.000000 -0.000009
vn 0.000006 1.000000 0.000000
vn 0.000006 1.000000 0.000000
vn 0.000006 1.000000 0.000000
vn 0.000006 1.000000 0.000000
vn -0.000006 1.000000 0.000002
vn -0.000006 1.000000 0.000002
vn -0.000006 1.000000 0.000002
vn -0.000006 1.000000 0.000002
vn -0.000006 1.000000 0.000000
vn -0.000006 1.000000 0.000000
vn -0.000006 1.000000 0.000000
vn -0.000006 1.000000 0.000000
vn -0.008032 0.000009 0.999968
vn -0.008032 0.000009 0.999968
vn -0.008032 0.000009 0.999968
vn -0.008032 0.000009 0.999968
vn 0.000000 1.000000 -0.000006
vn 0.000000 1.000000 -0.000006
vn 0.000000 1.000000 -0.000006
vn 0.000000 1.000000 -0.000006
vn 0.008033 0.000000 -0.999968
vn 0.008033 0.000000 -0.999968
vn 0.008033 0.000000 -0.999968
vn 0.008033 0.000000 -0.999968
vn 0.000000 -1.000000 0.000000
vn 0.000000 -1.000000 0.000000
vn 0.000000 -1.000000 0.000000
vn 0.000000 -1.000000 0.000000
vn 0.999848 0.000000 -0.017419
vn 0.999848 0.000000 -0.017419
vn 0.999848 0.000000 -0.017419
vn 0.999848 0.000000 -0.017419
vn -0.999848 0.000000 0.017419
vn -0.999848 0.000000 0.017419
vn -0.999848 0.000000 0.017419
vn -0.999848 0.000000 0.017419
vn -0.008033 0.000009 0.999968
vn -0.008033 0.000009 0.999968
vn -0.008033 0.000009 0.999968
vn -0.008033 0.000009 0.999968
vn -0.008033 -0.000009 0.999968
vn -0.008033 -0.000009 0.999968
vn -0.008033 -0.000009 0.999968
vn -0.008033 -0.000009 0.999968
vn -0.008032 -0.000009 0.999968
vn -0.008032 -0.000009 0.999968
vn -0.008032 -0.000009 0.999968
vn -0.008032 -0.000009 0.999968
vn 0.000000 1.000000 -0.000002
vn 0.000000 1.000000 -0.000002
vn 0.000000 1.000000 -0.000002
vn 0.000000 1.000000 -0.000002
vn 0.000000 1.000000 0.000000
vn 0.000000 1.000000 0.000000
vn 0.000000 1.000000 0.000000
vn 0.000000 1.000000 0.000000
vn 0.000000 1.000000 0.000002
vn 0.000000 1.000000 0.000002
vn 0.000000 1.000000 0.000002
vn 0.000000 1.000000 0.000002
vn 0.008031 0.000000 -0.999968
vn 0.008031 0.000000 -0.999968
vn 0.008031 0.000000 -0.999968
vn 0.008031 0.000000 -0.999968
vn 0.008031 0.000000 -0.999968
vn 0.008031 0.000000 -0.999968
vn 0.008031 0.000000 -0.999968
vn 0.008031 0.000000 -0.999968
vn 0.008033 0.000000 -0.999968
vn 0.008033 0.000000 -0.999968
vn 0.008033 0.000000 -0.999968
vn 0.008033 0.000000 -0.999968
vn 0.000000 -1.000000 -0.000000
vn 0.000000 -1.000000 -0.000000
vn 0.000000 -1.000000 -0.000000
vn 0.000000 -1.000000 -0.000000
vn 0.000000 -1.000000 0.000000
vn 0.000000 -1.000000 0.000000
vn 0.000000 -1.000000 0.000000
vn 0.000000 -1.000000 0.000000
vn 0.000000 -1.000000 0.000000
vn 0.000000 -1.000000 0.000000
vn 0.000000 -1.000000 0.000000
vn 0.000000 -1.000000 0.000000
vn 0.999848 0.000000 -0.017419
vn 0.999848 0.000000 -0.017419
vn 0.999848 0.000000 -0.017419
vn 0.999848 0.000000 -0.017419
vn 0.999848 0.000000 -0.017420
vn 0.999848 0.000000 -0.017420
vn 0.999848 0.000000 -0.017420
vn 0.999848 0.000000 -0.017420
vn 0.999848 0.000000 -0.017420
vn 0.999848 0.000000 -0.017420
vn 0.999848 0.000000 -0.017420
vn 0.999848 0.000000 -0.017420
vn -0.999850 -0.000002 0.017319
vn -0.999850 -0.000002 0.017319
vn -0.999850 -0.000002 0.017319
vn -0.999850 -0.000002 0.017319
vn -0.999850 0.000000 0.017319
vn -0.999850 0.000000 0.017319
vn -0.999850 0.000000 0.017319
vn -0.999850 0.000000 0.017319
vn -0.999848 -0.000002 0.017419
vn -0.999848 -0.000002 0.017419
vn -0.999848 -0.000002 0.017419
vn -0.999848 -0.000002 0.017419
vn 0.000000 0.000000 1.000000
vn 0.000000 0.000000 1.000000
vn 0.000000 0.000000 1.000000
vn 0.000000 0.000000 1.000000
vn 0.000000 1.000000 0.000000
vn 0.000000 1.000000 0.000000
vn 0.000000 1.000000 0.000000
vn 0.000000 1.000000 0.000000
vn 0.000000 0.000000 -1.000000
vn 0.000000 0.000000 -1.000000
vn 0.000000 0.000000 -1.000000
vn 0.000000 0.000000 -1.000000
vn 1.000000 0.000000 0.000000
vn 1.000000 0.000000 0.000000
vn 1.000000 0.000000 0.000000
vn 1.000000 0.000000 0.000000
vn -1.000000 0.000000 0.000000
vn -1.000000 0.000000 0.000000
vn -1.000000 0.000000 0.000000
vn -1.000000 0.000000 0.000000
vn 0.000000 1.000000 -0.000000
vn 0.000000 1.000000 -0.000000
vn 0.000000 1.000000 -0.000000
vn 0.000000 1.000000 -0.000000
vn 0.000000 1.000000 0.000000
vn 0.000000 1.000000 0.000000
vn 0.000000 1.000000 0.000000
vn 0.000000 1.000000 0.000000
vn 0.000000 1.000000 -0.000000
vn 0.000000 1.000000 -0.000000
vn 0.000000 1.000000 -0.000000
vn 0.000000 1.000000 -0.000000
vn 0.000000 1.000000 0.000000
vn 0.000000 1.000000 0.000000
vn 0.000000 1.000000 0.000000
vn 0.000000 1.000000 0.000000
vn 0.000000 0.000000 -1.000000
vn 0.000000 0.000000 -1.000000
vn 0.000000 0.000000 -1.000000
vn 0.000000 0.000000 -1.000000
vn -1.000000 0.000000 0.000000
vn -1.000000 0.000000 0.000000
vn -1.000000 0.000000 0.000000
vn -1.000000 0.000000 0.000000
vn 0.000000 0.000000 1.000000
vn 0.000000 0.000000 1.000000
vn 0.000000 0.000000 1.000000
vn 0.000000 0.000000 1.000000
vn 1.000000 0.000000 0.000000
vn 1.000000 0.000000 0.000000
vn 1.000000 0.000000 0.000000
vn 1.000000 0.000000 0.000000
vn 0.000000 0.000000 1.000000
vn 0.000000 0.000000 1.000000
vn 0.000000 0.000000 1.000000
vn 0.000000 0.000000 1.000000
vn 0.000000 1.000000 0.000000
vn 0.000000 1.000000 0.000000
vn 0.000000 1.000000 0.000000
vn 0.000000 1.000000 0.000000
vn 0.000000 0.000000 -1.000000
vn 0.000000 0.000000 -1.000000
vn 0.000000 0.000000 -1.000000
vn 0.000000 0.000000 -1.000000
vn 0.000000 -1.000000 0.000000
vn 0.000000 -1.000000 0.000000
vn 0.000000 -1.000000 0.000000
vn 0.000000 -1.000000 0.000000
vn 1.000000 0.000000 0.000000
vn 1.000000 -0.000006 -0.000001
vn 1.000000 -0.000006 -0.000001
vn 1.000000 0.000000 0.000000
vn 0.000001 -0.000001 -1.000000
vn 0.000001 -0.000001 -1.000000
vn 0.000001 -0.000001 -1.000000
vn 0.000001 -0.000001 -1.000000
vn 1.000000 -0.000019 0.000001
vn 1.000000 -0.000019 0.000001
vn 1.000000 -0.000019 0.000001
vn 1.000000 -0.000019 0.000001
vn 0.000000 0.000000 1.000000
vn 0.000000 0.000000 1.000000
vn 0.000000 0.000000 1.000000
vn 0.000000 0.000000 1.000000
vn 0.000000 1.000000 0.000000
vn 0.000000 1.000000 0.000000
vn 0.000000 1.000000 0.000000
vn 0.000000 1.000000 0.000000
vn 0.000000 1.000000 -0.000000
vn 0.000000 1.000000 -0.000000
vn 0.000000 1.000000 -0.000000
vn 0.000000 1.000000 -0.000000
vn 0.000001 1.000000 0.000004
vn 0.000000 1.000000 0.000001
vn 0.000000 1.000000 0.000002
vn 0.000001 1.000000 0.000004
vn 0.000000 1.000000 0.000000
vn 0.000000 1.000000 0.000000
vn 0.000000 1.000000 0.000000
vn 0.000000 1.000000 0.000000
vn 0.000000 0.000000 -1.000000
vn 0.000000 0.000000 -1.000000
vn 0.000000 0.000000 -1.000000
vn 0.000000 0.000000 -1.000000
vn -1.000000 0.000011 0.000002
vn -1.000000 0.000005 0.000001
vn -1.000000 0.000005 0.000001
vn -1.000000 0.000011 0.000002
vn 0.000000 -0.000001 1.000000
vn -0.000000 -0.000000 1.000000
vn -0.000000 -0.000000 1.000000
vn 0.000000 -0.000001 1.000000
vn 0.000000 0.997089 0.076253
vn 0.000000 0.997089 0.076253
vn 0.000000 0.997089 0.076253
vn 0.000000 0.997089 0.076253
vn -0.000000 -0.997088 0.076255
vn -0.000000 -0.997088 0.076256
vn -0.000000 -0.997088 0.076255
vn -0.000000 -0.997088 0.076255
vn -0.080434 0.996760 0.000000
vn -0.080434 0.996760 0.000000
vn -0.080434 0.996760 0.000000
vn -0.080434 0.996760 0.000000
vn -0.080435 -0.996760 0.000000
vn -0.080435 -0.996760 0.000000
vn -0.080435 -0.996760 0.000000
vn -0.080435 -0.996760 0.000000
vn 0.000000 0.997089 -0.076253
vn 0.000000 0.997089 -0.076253
vn 0.000000 0.997088 -0.076253
vn 0.000000 0.997089 -0.076253
vn 0.000000 -0.997088 -0.076254
vn 0.000000 -0.997088 -0.076254
vn 0.000000 -0.997088 -0.076254
vn 0.000000 -0.997088 -0.076254
vn 1.000000 -0.000543 -0.000000
vn 1.000000 -0.000543 -0.000000
vn 1.000000 -0.000543 -0.000000
vn 1.000000 -0.000543 -0.000000
vn 0.000000 0.000000 1.000000
vn 0.000000 0.000000 1.000000
vn 0.000000 0.000000 1.000000
vn 0.000000 0.000000 1.000000
vn 1.000000 0.000019 -0.000002
vn 1.000000 0.000019 -0.000002
vn 1.000000 0.000019 -0.000002
vn 1.000000 0.000019 -0.000002
vn -0.000001 0.000001 -1.000000
vn -0.000000 0.000000 -1.000000
vn -0.000000 0.000000 -1.000000
vn -0.000001 0.000001 -1.000000
vn 0.000000 0.000000 -1.000000
vn 0.000000 0.000000 -1.000000
vn 0.000000 0.000000 -1.000000
vn 0.000000 0.000000 -1.000000
vn 1.000000 0.000000 0.000000
vn 1.000000 0.000000 0.000000
vn 1.000000 0.000000 0.000000
vn 1.000000 0.000000 0.000000
vn 0.000000 0.000000 1.000000
vn 0.000000 0.000000 1.000000
vn 0.000000 0.000000 1.000000
vn 0.000000 0.000000 1.000000
vn 0.000001 0.000000 1.000000
vn 0.000001 -0.000001 1.000000
vn 0.000000 -0.000002 1.000000
vn 0.000001 -0.000002 1.000000
vn 0.000001 -0.000001 1.000000
vn 0.000000 -0.000000 1.000000
vn 0.000001 -0.000001 1.000000
vn 0.000001 -0.000001 1.000000
vn 0.000000 0.000000 1.000000
vn 0.000000 0.000000 1.000000
vn 0.000000 0.000000 1.000000
vn 0.000000 0.000000 1.000000
vn -0.000001 1.000000 -0.000002
vn 0.000000 1.000000 -0.000004
vn -0.000000 1.000000 -0.000003
vn -0.000001 1.000000 -0.000002
vn 0.000000 0.000000 -1.000000
vn 0.000000 0.000000 -1.000000
vn 0.000000 0.000000 -1.000000
vn 0.000000 0.000000 -1.000000
vn 0.000000 1.000000 0.000000
vn 0.000000 1.000000 0.000000
vn 0.000000 1.000000 0.000000
vn 0.000000 1.000000 0.000000
vn 0.000000 0.000000 1.000000
vn 0.000000 -0.000000 1.000000
vn 0.000000 -0.000000 1.000000
vn 0.000000 0.000000 1.000000
vn 0.000001 1.000000 0.000000
vn 0.000001 1.000000 0.000000
vn 0.000001 1.000000 0.000000
vn 0.000001 1.000000 0.000000
vn -0.000001 -0.000000 -1.000000
vn -0.000001 -0.000000 -1.000000
vn -0.000001 -0.000000 -1.000000
vn -0.000001 -0.000001 -1.000000
vn -0.000001 -0.000000 -1.000000
vn -0.000000 -0.000000 -1.000000
vn -0.000001 -0.000000 -1.000000
vn -0.000001 -0.000001 -1.000000
vn 0.000000 0.000000 -1.000000
vn -0.000000 0.000000 -1.000000
vn -0.000000 0.000000 -1.000000
vn 0.000000 0.000000 -1.000000
vn 0.000000 0.997088 0.076253
vn 0.000000 0.997089 0.076254
vn 0.000000 0.997088 0.076254
vn 0.000000 0.997088 0.076253
vn 0.000000 0.000000 -1.000000
vn 0.000000 -0.000001 -1.000000
vn 0.000000 -0.000001 -1.000000
vn 0.000000 0.000000 -1.000000
vn -0.000000 -0.997088 0.076255
vn -0.000000 -0.997088 0.076255
vn -0.000000 -0.997088 0.076255
vn -0.000000 -0.997088 0.076255
vn 0.000000 -1.000000 0.000000
vn 0.000000 -1.000000 0.000000
vn 0.000000 -1.000000 0.000000
vn 0.000000 -1.000000 0.000000
vn -0.000000 -0.997088 -0.076254
vn -0.000000 -0.997088 -0.076254
vn 0.000000 -0.997088 -0.076255
vn -0.000000 -0.997088 -0.076254
vn 0.000000 0.000000 1.000000
vn 0.000000 0.000000 1.000000
vn 0.000000 0.000000 1.000000
vn 0.000000 0.000000 1.000000
vn -0.000000 0.997089 -0.076253
vn -0.000000 0.997089 -0.076253
vn -0.000000 0.997089 -0.076253
vn -0.000000 0.997088 -0.076253
vn -0.000000 0.000000 -1.000000
vn 0.000000 0.000000 -1.000000
vn 0.000000 0.000000 -1.000000
vn 0.000000 0.000000 -1.000000
vn 0.000000 0.000000 -1.000000
vn 0.000000 -0.000000 -1.000000
vn 0.000000 -0.000000 -1.000000
vn 0.000000 0.000000 -1.000000
vn -0.000001 1.000000 -0.000004
vn -0.000001 1.000000 -0.000001
vn -0.000001 1.000000 0.000002
vn -0.000001 1.000000 -0.000004
vn 0.000000 0.000000 1.000000
vn 0.000000 0.000000 1.000000
vn 0.000000 0.000000 1.000000
vn 0.000000 0.000000 1.000000
vn 0.000000 1.000000 0.000000
vn 0.000000 1.000000 0.000000
vn 0.000000 1.000000 0.000000
vn 0.000000 1.000000 0.000000
vn 0.000000 0.000000 -1.000000
vn 0.000000 0.000000 -1.000000
vn 0.000000 0.000000 -1.000000
vn 0.000000 0.000000 -1.000000
vn -0.000001 1.000000 -0.000005
vn -0.000000 1.000000 -0.000002
vn -0.000000 1.000000 -0.000003
vn -0.000001 1.000000 -0.000005
vn 0.000000 0.000000 1.000000
vn 0.000000 0.000000 1.000000
vn 0.000000 0.000000 1.000000
vn 0.000000 0.000000 1.000000
vn 0.000001 -0.000002 1.000000
vn 0.000000 -0.000001 1.000000
vn 0.000001 -0.000001 1.000000
vn 0.000001 -0.000002 1.000000
vn -0.000000 0.997088 -0.076254
vn 0.000000 0.997089 -0.076253
vn -0.000000 0.997088 -0.076254
vn -0.000000 0.997088 -0.076254
vn 0.000000 0.000000 1.000000
vn 0.000000 0.000000 1.000000
vn 0.000000 0.000000 1.000000
vn 0.000000 0.000000 1.000000
vn -0.000000 -0.997089 -0.076254
vn -0.000000 -0.997088 -0.076254
vn 0.000000 -0.997088 -0.076254
vn -0.000000 -0.997089 -0.076254
vn 0.000000 -1.000000 0.000000
vn 0.000000 -1.000000 0.000000
vn 0.000000 -1.000000 0.000000
vn 0.000000 -1.000000 0.000000
vn -0.000000 -0.997088 0.076256
vn 0.000000 -0.997088 0.076254
vn -0.000000 -0.997088 0.076255
vn -0.000000 -0.997088 0.076256
vn -0.000001 -0.000001 -1.000000
vn -0.000000 -0.000001 -1.000000
vn -0.000000 -0.000001 -1.000000
vn -0.000001 -0.000001 -1.000000
vn 0.000000 0.997089 0.076253
vn -0.000000 0.997089 0.076253
vn -0.000000 0.997088 0.076254
vn 0.000000 0.997089 0.076253
vn 0.000000 0.000000 -1.000000
vn 0.000000 -0.000001 -1.000000
vn 0.000000 -0.000001 -1.000000
vn 0.000000 0.000000 -1.000000
vn -0.000000 0.000000 1.000000
vn -0.000000 0.000000 1.000000
vn 0.000000 0.000000 1.000000
vn 0.000000 0.000000 1.000000
vn 0.000000 0.000000 1.000000
vn 0.000000 -0.000000 1.000000
vn 0.000000 0.000000 1.000000
vn 0.000000 0.000000 1.000000
vn 0.000000 0.000000 1.000000
vn 0.000001 0.000001 1.000000
vn 0.000001 0.000001 1.000000
vn 0.000000 0.000000 1.000000
vn 0.000000 1.000000 -0.000000
vn -0.000000 1.000000 0.000002
vn -0.000000 1.000000 0.000002
vn 0.000000 1.000000 -0.000000
vn 0.000000 0.000000 -1.000000
vn -0.000001 0.000001 -1.000000
vn -0.000001 0.000001 -1.000000
vn 0.000000 0.000000 -1.000000
vn 0.000000 1.000000 0.000000
vn 0.000000 1.000000 0.000000
vn 0.000000 1.000000 0.000000
vn 0.000000 1.000000 0.000000
vn 0.000000 0.000001 1.000000
vn 0.000000 0.000000 1.000000
vn 0.000000 0.000000 1.000000
vn 0.000000 0.000001 1.000000
vn -0.000001 1.000000 -0.000004
vn -0.000000 1.000000 -0.000004
vn 0.000000 1.000000 -0.000004
vn -0.000001 1.000000 -0.000004
vn -0.000000 -0.000000 -1.000000
vn 0.000000 -0.000000 -1.000000
vn -0.000001 -0.000000 -1.000000
vn -0.000001 -0.000001 -1.000000
vn -0.000000 0.000000 -1.000000
vn 0.000000 0.000000 -1.000000
vn 0.000001 -0.000000 -1.000000
vn 0.000000 0.000000 -1.000000
vn -0.000001 -0.000001 -1.000000
vn -0.000001 -0.000001 -1.000000
vn -0.000001 -0.000001 -1.000000
vn -0.000001 -0.000001 -1.000000
vn 0.000000 0.997089 0.076253
vn 0.000000 0.997089 0.076253
vn 0.000000 0.997088 0.076253
vn 0.000000 0.997088 0.076253
vn 0.000000 0.000000 -1.000000
vn 0.000000 0.000000 -1.000000
vn 0.000000 0.000000 -1.000000
vn 0.000000 0.000000 -1.000000
vn 0.000000 -0.997088 0.076254
vn 0.000000 -0.997088 0.076255
vn 0.000000 -0.997088 0.076254
vn 0.000000 -0.997088 0.076254
vn 0.000000 -1.000000 0.000000
vn 0.000000 -1.000000 0.000000
vn 0.000000 -1.000000 0.000000
vn 0.000000 -1.000000 0.000000
vn 0.000000 -0.997089 -0.076253
vn -0.000000 -0.997089 -0.076254
vn -0.000000 -0.997088 -0.076254
vn 0.000000 -0.997089 -0.076253
vn -0.000001 0.000002 1.000000
vn -0.000000 0.000001 1.000000
vn -0.000000 0.000001 1.000000
vn -0.000001 0.000002 1.000000
vn -0.000000 0.997088 -0.076254
vn 0.000000 0.997089 -0.076253
vn 0.000000 0.997089 -0.076253
vn -0.000000 0.997088 -0.076254
vn 0.000000 0.000000 1.000000
vn 0.000000 0.000000 1.000000
vn 0.000000 0.000000 1.000000
vn 0.000000 0.000000 1.000000
vn -0.000000 0.997088 -0.076255
vn -0.000000 0.997089 -0.076253
vn -0.000000 0.997088 -0.076254
vn -0.000000 0.997088 -0.076255
vn 0.000000 0.000000 1.000000
vn 0.000000 0.000001 1.000000
vn 0.000000 0.000001 1.000000
vn 0.000000 0.000000 1.000000
vn 0.000000 -0.997088 -0.076256
vn 0.000000 -0.997088 -0.076256
vn -0.000000 -0.997088 -0.076256
vn 0.000000 -0.997088 -0.076256
vn 0.000000 -1.000000 0.000000
vn 0.000000 -1.000000 0.000000
vn 0.000000 -1.000000 0.000000
vn 0.000000 -1.000000 0.000000
vn -0.000000 -0.997088 0.076254
vn 0.000000 -0.997089 0.076254
vn -0.000000 -0.997088 0.076254
vn -0.000000 -0.997088 0.076254
vn 0.000000 0.000000 -1.000000
vn -0.000001 0.000001 -1.000000
vn -0.000001 0.000001 -1.000000
vn 0.000000 0.000000 -1.000000
vn -0.000000 0.997089 0.076253
vn -0.000000 0.997089 0.076253
vn -0.000000 0.997089 0.076253
vn -0.000000 0.997089 0.076253
vn 0.000000 0.000000 -1.000000
vn 0.000001 -0.000000 -1.000000
vn 0.000001 -0.000000 -1.000000
vn 0.000000 0.000000 -1.000000
vn -0.000001 -0.000000 -1.000000
vn -0.000000 -0.000000 -1.000000
vn -0.000001 -0.000000 -1.000000
vn -0.000001 -0.000001 -1.000000
vn -0.000001 0.000000 -1.000000
vn -0.000000 0.000000 -1.000000
vn 0.000000 0.000000 -1.000000
vn 0.000000 0.000000 -1.000000
vn 0.000000 1.000000 0.000001
vn 0.000000 1.000000 -0.000002
vn 0.000000 1.000000 -0.000001
vn 0.000000 1.000000 0.000001
vn 0.000000 0.000000 1.000000
vn 0.000000 0.000000 1.000000
vn 0.000000 0.000000 1.000000
vn 0.000000 0.000000 1.000000
vn 0.000000 1.000000 0.000000
vn 0.000000 1.000000 0.000000
vn 0.000000 1.000000 0.000000
vn 0.000000 1.000000 0.000000
vn 0.000001 0.000001 -1.000000
vn 0.000001 0.000001 -1.000000
vn 0.000001 0.000001 -1.000000
vn 0.000001 0.000001 -1.000000
vn 0.000001 1.000000 0.000005
vn 0.000000 1.000000 0.000004
vn 0.000000 1.000000 0.000002
vn 0.000001 1.000000 0.000005
vn -0.000001 0.000001 1.000000
vn -0.000001 0.000001 1.000000
vn -0.000001 0.000001 1.000000
vn -0.000001 0.000001 1.000000
vn -0.000000 0.000000 -1.000000
vn -0.000000 0.000000 -1.000000
vn -0.000000 0.000000 -1.000000
vn -0.000000 0.000000 -1.000000
vn -0.000001 0.000001 -1.000000
vn -0.000001 0.000001 -1.000000
vn -0.000001 0.000001 -1.000000
vn -0.000001 0.000001 -1.000000
vn 0.000000 0.000000 -1.000000
vn 0.000000 0.000000 -1.000000
vn 0.000001 0.000001 -1.000000
vn 0.000000 0.000000 -1.000000
vn 0.000000 0.000000 -1.000000
vn -0.000000 0.000000 -1.000000
vn 0.000000 0.000000 -1.000000
vn 0.000000 0.000000 -1.000000
vn 0.000000 0.000000 -1.000000
vn 0.000000 0.000000 -1.000000
vn 0.000000 0.000000 -1.000000
vn 0.000000 0.000000 -1.000000
vn -1.000000 0.000000 0.000000
vn -1.000000 0.000000 0.000000
vn -1.000000 0.000000 0.000000
vn -1.000000 0.000000 0.000000
vn -0.000000 0.000000 1.000000
vn -0.000000 0.000000 1.000000
vn -0.000000 0.000000 1.000000
vn -0.000000 0.000000 1.000000
vn -0.000000 -0.000000 1.000000
vn -0.000000 -0.000000 1.000000
vn -0.000000 0.000000 1.000000
vn -0.000000 -0.000001 1.000000
vn 0.000000 0.000000 1.000000
vn 0.000000 -0.000000 1.000000
vn 0.000000 -0.000000 1.000000
vn 0.000000 0.000000 1.000000
vn 0.000000 0.000000 1.000000
vn 0.000000 0.000000 1.000000
vn 0.000000 0.000000 1.000000
vn 0.000000 0.000000 1.000000
vn 0.000000 0.000000 1.000000
vn 0.000000 0.000000 1.000000
vn 0.000000 0.000000 1.000000
vn 0.000000 0.000000 1.000000
vn 0.000000 0.000000 -1.000000
vn 0.000000 0.000000 -1.000000
vn 0.000000 0.000000 -1.000000
vn 0.000000 0.000000 -1.000000
vn 0.000001 -0.000001 -1.000000
vn 0.000000 -0.000000 -1.000000
vn 0.000001 -0.000001 -1.000000
vn 0.000001 -0.000001 -1.000000
vn -0.000000 0.000000 -1.000000
vn -0.000000 0.000000 -1.000000
vn -0.000000 0.000000 -1.000000
vn -0.000000 0.000000 -1.000000
vn -1.000000 0.000000 0.000000
vn -1.000000 0.000000 0.000000
vn -1.000000 0.000000 0.000000
vn -1.000000 0.000000 0.000000
vn 0.000000 0.000001 1.000000
vn 0.000000 0.000000 1.000000
vn 0.000000 0.000000 1.000000
vn 0.000000 0.000001 1.000000
vn 0.000000 0.000000 1.000000
vn 0.000000 -0.000000 1.000000
vn 0.000000 -0.000000 1.000000
vn 0.000000 -0.000001 1.000000
vn 0.000000 0.000000 1.000000
vn 0.000000 -0.000000 1.000000
vn 0.000000 -0.000000 1.000000
vn 0.000000 0.000001 1.000000
vn 0.000000 -0.000000 1.000000
vn -0.000000 -0.000000 1.000000
vn -0.000000 -0.000000 1.000000
vn 0.000000 -0.000001 1.000000
vn 0.000000 0.000000 1.000000
vn 0.000000 0.000000 1.000000
vn 0.000000 0.000000 1.000000
vn 0.000000 0.000000 1.000000
vn -0.978137 -0.000002 -0.207963
vn -0.978137 -0.000002 -0.207963
vn -0.978137 -0.000002 -0.207963
vn -0.978137 -0.000002 -0.207963
vn -0.000000 -0.996830 0.079567
vn -0.000000 -0.996830 0.079567
vn -0.000000 -0.996830 0.079567
vn -0.000000 -0.996830 0.079567
vn 0.985552 -0.000009 0.169374
vn 0.985552 -0.000009 0.169374
vn 0.985552 -0.000009 0.169374
vn 0.985552 -0.000009 0.169374
vn -0.000000 0.998597 0.052960
vn -0.000000 0.998597 0.052960
vn -0.000000 0.998597 0.052960
vn -0.000000 0.998597 0.052960
vn -0.983638 0.000008 0.180157
vn -0.983638 0.000008 0.180157
vn -0.983638 0.000008 0.180157
vn -0.983638 0.000008 0.180157
vn 0.000001 -0.996829 0.079571
vn 0.000001 -0.996829 0.079571
vn 0.000001 -0.996829 0.079571
vn 0.000001 -0.996829 0.079571
vn 0.982509 -0.000005 -0.186217
vn 0.982509 -0.000005 -0.186217
vn 0.982509 -0.000005 -0.186217
vn 0.982509 -0.000005 -0.186217
vn -0.000000 0.998597 0.052957
vn -0.000000 0.998597 0.052957
vn -0.000000 0.998597 0.052957
vn -0.000000 0.998597 0.052957
vn 0.000000 0.000000 1.000000
vn 0.000000 0.000000 1.000000
vn 0.000000 0.000000 1.000000
vn 0.000000 0.000000 1.000000
vn -0.000000 -0.000000 1.000000
vn 0.000000 0.000000 1.000000
vn 0.000000 0.000000 1.000000
vn 0.000000 0.000000 1.000000
vn 0.000000 0.000000 1.000000
vn 0.000000 1.000000 0.000000
vn 0.000000 1.000000 0.000000
vn 0.000000 1.000000 0.000000
vn 0.000000 1.000000 0.000000
vn 0.000000 1.000000 0.000000
vn 0.000000 1.000000 0.000000
vn 0.000000 1.000000 0.000000
vn 0.000000 1.000000 0.000000
vn 0.000000 1.000000 0.000000
vn 0.000000 1.000000 0.000000
vn 0.000000 0.000000 -1.000000
vn -0.000001 0.000000 -1.000000
vn 0.000000 0.000000 -1.000000
vn 0.000000 0.000000 -1.000000
vn 0.000000 0.000000 -1.000000
vn 0.000000 0.000000 -1.000000
vn 0.000000 0.000000 -1.000000
vn 0.000000 -1.000000 0.000000
vn 0.000000 -1.000000 -0.000000
vn 0.000000 -1.000000 -0.000000
vn 0.000000 -1.000000 0.000000
vn 0.000000 -1.000000 0.000000
vn 0.000000 -1.000000 0.000000
vn 0.000000 -1.000000 0.000000
vn 0.000000 -1.000000 0.000000
vn 0.000000 -1.000000 0.000000
vn 0.000000 -1.000000 0.000000
vn 1.000000 -0.000006 0.000001
vn 1.000000 -0.000006 0.000001
vn 1.000000 0.000000 0.000000
vn 1.000000 0.000000 0.000000
vn 1.000000 0.000000 0.000000
vn 1.000000 0.000000 0.000000
vn 1.000000 0.000000 0.000000
vn 1.000000 0.000000 0.000000
vn 1.000000 0.000000 0.000000
vn 1.000000 0.000000 0.000000
vn -0.000001 -0.000001 -1.000000
vn -0.000001 -0.000001 -1.000000
vn -0.000001 -0.000001 -1.000000
vn -0.000001 -0.000001 -1.000000
vn -0.000001 0.000001 -1.000000
vn -0.000001 0.000001 -1.000000
vn 0.000001 0.000001 -1.000000
vn 0.000001 0.000001 -1.000000
vn 0.000001 0.000001 -1.000000
vn 0.000001 0.000001 -1.000000
vn 1.000000 -0.000019 -0.000001
vn 1.000000 -0.000019 -0.000001
vn 1.000000 -0.000019 -0.000001
vn 1.000000 -0.000019 -0.000001
vn 1.000000 0.000019 -0.000001
vn 1.000000 0.000019 -0.000001
vn 1.000000 0.000019 -0.000001
vn 1.000000 0.000019 -0.000001
vn 1.000000 0.000018 0.000001
vn 1.000000 0.000018 0.000001
vn 1.000000 0.000018 0.000001
vn 1.000000 0.000018 0.000001
vn 0.000000 0.000000 1.000000
vn 0.000000 0.000000 1.000000
vn 0.000000 0.000000 1.000000
vn 0.000000 0.000000 1.000000
vn 0.000000 0.000000 1.000000
vn 0.000000 0.000000 1.000000
vn 0.000000 0.000000 1.000000
vn 0.000000 0.000000 1.000000
vn 0.000000 0.000000 1.000000
vn 0.000000 0.000000 1.000000
vn 0.000000 0.000000 1.000000
vn 0.000000 0.000000 1.000000
vn 0.000000 1.000000 -0.000002
vn 0.000000 1.000000 -0.000003
vn 0.000000 1.000000 -0.000004
vn 0.000000 1.000000 -0.000002
vn 0.000000 1.000000 0.000000
vn 0.000000 1.000000 0.000000
vn 0.000000 1.000000 -0.000003
vn 0.000000 1.000000 -0.000003
vn 0.000000 1.000000 -0.000003
vn 0.000000 1.000000 -0.000003
vn 0.000000 1.000000 0.000000
vn 0.000000 1.000000 0.000000
vn 0.000000 1.000000 0.000000
vn 0.000000 1.000000 0.000000
vn 0.000000 1.000000 0.000000
vn 0.000000 1.000000 0.000000
vn 0.000000 1.000000 0.000000
vn 0.000000 1.000000 0.000000
vn 0.000000 1.000000 0.000000
vn 0.000000 1.000000 0.000000
vn 0.000000 1.000000 0.000000
vn 0.000000 1.000000 0.000000
vn 0.000000 1.000000 -0.000001
vn 0.000000 1.000000 -0.000003
vn 0.000001 1.000000 -0.000005
vn 0.000001 1.000000 -0.000005
vn -0.000001 1.000000 -0.000004
vn -0.000001 1.000000 -0.000004
vn -0.000001 1.000000 -0.000004
vn -0.000001 1.000000 -0.000004
vn -0.000001 1.000000 0.000010
vn -0.000001 1.000000 0.000010
vn -0.000001 1.000000 0.000010
vn -0.000001 1.000000 0.000010
vn 0.000000 1.000000 -0.000000
vn 0.000000 1.000000 -0.000000
vn 0.000000 1.000000 -0.000000
vn 0.000000 1.000000 -0.000000
vn 0.000000 1.000000 -0.000000
vn 0.000000 1.000000 -0.000000
vn 0.000000 1.000000 -0.000000
vn 0.000000 1.000000 -0.000000
vn 0.000000 1.000000 0.000000
vn 0.000000 1.000000 0.000000
vn 0.000000 1.000000 0.000000
vn 0.000000 1.000000 0.000000
vn 0.000000 0.000000 -1.000000
vn 0.000000 -0.000000 -1.000000
vn 0.000001 -0.000001 -1.000000
vn 0.000000 0.000000 -1.000000
vn 0.000000 0.000000 -1.000000
vn 0.000000 0.000000 -1.000000
vn 0.000000 0.000000 -1.000000
vn 0.000000 0.000000 -1.000000
vn 0.000000 0.000000 -1.000000
vn 0.000000 0.000000 -1.000000
vn -1.000000 0.000005 -0.000001
vn -1.000000 0.000005 -0.000001
vn -1.000000 0.000010 -0.000002
vn -1.000000 0.000010 -0.000002
vn -1.000000 -0.000010 -0.000002
vn -1.000000 -0.000010 -0.000002
vn -1.000000 -0.000010 -0.000002
vn -1.000000 -0.000010 -0.000002
vn -1.000000 -0.000011 0.000002
vn -1.000000 -0.000011 0.000002
vn -1.000000 -0.000011 0.000002
vn -1.000000 -0.000011 0.000002
vn -0.000000 0.000000 1.000000
vn 0.000000 0.000000 1.000000
vn 0.000000 0.000001 1.000000
vn 0.000000 0.000001 1.000000
vn 0.000000 0.000001 1.000000
vn 0.000000 -0.000001 1.000000
vn 0.000000 -0.000001 1.000000
vn 0.000000 -0.000001 1.000000
vn 0.000000 -0.000001 1.000000
vn -0.000000 0.997089 0.076254
vn -0.000000 0.997088 0.076254
vn -0.000000 0.997088 0.076254
vn -0.000000 0.997089 0.076254
vn -0.000000 0.997088 0.076253
vn -0.000000 0.997088 0.076253
vn 0.000000 0.997089 0.076253
vn 0.000000 0.997089 0.076253
vn 0.000000 0.997089 0.076253
vn 0.000000 0.997089 0.076253
vn -0.000000 -0.997088 0.076255
vn -0.000000 -0.997088 0.076255
vn -0.000000 -0.997088 0.076256
vn -0.000000 -0.997088 0.076256
vn 0.000000 -0.997088 0.076255
vn 0.000000 -0.997088 0.076255
vn 0.000000 -0.997088 0.076255
vn 0.000000 -0.997088 0.076255
vn 0.000000 -0.997088 0.076255
vn 0.000000 -0.997088 0.076255
vn 0.000000 -0.997088 0.076255
vn 0.000000 -0.997088 0.076255
vn -0.080434 0.996760 0.000000
vn -0.080434 0.996760 0.000000
vn -0.080434 0.996760 0.000000
vn -0.080434 0.996760 0.000000
vn -0.080435 0.996760 0.000000
vn -0.080435 0.996760 0.000000
vn -0.080435 0.996760 0.000000
vn -0.080435 0.996760 0.000000
vn -0.080435 0.996760 0.000000
vn -0.080435 0.996760 0.000000
vn -0.080435 0.996760 0.000000
vn -0.080435 0.996760 0.000000
vn -0.080435 -0.996760 -0.000000
vn -0.080435 -0.996760 -0.000000
vn -0.080435 -0.996760 -0.000000
vn -0.080435 -0.996760 -0.000000
vn -0.080436 -0.996760 -0.000000
vn -0.080436 -0.996760 -0.000000
vn -0.080436 -0.996760 -0.000000
vn -0.080436 -0.996760 -0.000000
vn -0.080436 -0.996760 0.000000
vn -0.080436 -0.996760 0.000000
vn -0.080436 -0.996760 0.000000
vn -0.080436 -0.996760 0.000000
vn 0.000000 0.997088 -0.076254
vn 0.000000 0.997088 -0.076254
vn 0.000000 0.997088 -0.076255
vn 0.000000 0.997088 -0.076255
vn -0.000000 0.997088 -0.076253
vn -0.000000 0.997089 -0.076253
vn -0.000000 0.997089 -0.076253
vn -0.000000 0.997089 -0.076253
vn -0.000000 0.997088 -0.076254
vn -0.000000 0.997088 -0.076254
vn -0.000000 0.997088 -0.076254
vn -0.000000 0.997088 -0.076254
vn -0.000000 -0.997088 -0.076255
vn -0.000000 -0.997088 -0.076255
vn 0.000000 -0.997088 -0.076255
vn -0.000000 -0.997088 -0.076255
vn -0.000000 -0.997088 -0.076256
vn -0.000000 -0.997088 -0.076256
vn 0.000000 -0.997088 -0.076256
vn 0.000000 -0.997088 -0.076256
vn 0.000000 -0.997088 -0.076256
vn 0.000000 -0.997088 -0.076256
vn 1.000000 -0.000551 0.000000
vn 1.000000 -0.000551 0.000000
vn 1.000000 -0.000551 0.000000
vn 1.000000 -0.000551 0.000000
vn 1.000000 0.000000 0.000000
vn 1.000000 0.000000 0.000000
vn 1.000000 0.000000 0.000000
vn 1.000000 0.000000 0.000000
vn 1.000000 0.000000 0.000000
vn 1.000000 0.000000 0.000000
vn 1.000000 0.000000 0.000000
vn 1.000000 0.000000 0.000000
vn 0.000000 0.000000 1.000000
vn 0.000000 0.000000 1.000000
vn 0.000000 0.000000 1.000000
vn 0.000000 0.000000 1.000000
vn 0.000000 0.000000 1.000000
vn 0.000000 0.000000 1.000000
vn 0.000000 0.000000 1.000000
vn 1.000000 0.000017 0.000002
vn 1.000000 0.000017 0.000002
vn 1.000000 0.000017 0.000002
vn 1.000000 0.000017 0.000002
vn 1.000000 -0.000017 0.000002
vn 1.000000 -0.000017 0.000002
vn 1.000000 -0.000018 -0.000002
vn 1.000000 -0.000018 -0.000002
vn 0.000001 0.000000 -1.000000
vn 0.000001 0.000001 -1.000000
vn 0.000001 -0.000001 -1.000000
vn 0.000001 -0.000001 -1.000000
vn -0.000001 -0.000001 -1.000000
vn -0.000001 -0.000001 -1.000000
vn -0.000001 -0.000001 -1.000000
vn -0.000001 -0.000001 -1.000000
vn 0.000000 0.000000 -1.000000
vn 0.000000 0.000000 -1.000000
vn 0.000000 0.000000 -1.000000
vn 0.000000 0.000000 -1.000000
vn 0.000000 0.000000 -1.000000
vn 0.000000 0.000000 -1.000000
vn 0.000000 0.000000 -1.000000
vn 1.000000 0.000001 0.000000
vn 1.000000 0.000001 0.000000
vn 1.000000 -0.000001 0.000000
vn 1.000000 -0.000001 0.000000
vn 1.000000 -0.000001 0.000000
vn 1.000000 -0.000001 0.000000
vn 1.000000 -0.000000 0.000000
vn 1.000000 -0.000000 0.000000
vn 1.000000 -0.000000 0.000000
vn 1.000000 -0.000000 0.000000
vn -0.000001 -0.000001 1.000000
vn 0.000000 0.000000 1.000000
vn 0.000000 0.000000 1.000000
vn 0.000000 0.000000 1.000000
vn 0.000000 0.000000 1.000000
vn 0.000000 0.000000 1.000000
vn 0.000000 0.000000 1.000000
vn 0.000000 0.000000 1.000000
vn 0.000000 0.000002 1.000000
vn 0.000000 0.000002 1.000000
vn 0.000001 0.000002 1.000000
vn 0.000001 0.000002 1.000000
vn -0.000001 0.000002 1.000000
vn -0.000001 0.000002 1.000000
vn -0.000001 0.000002 1.000000
vn -0.000001 0.000002 1.000000
vn -0.000001 -0.000002 1.000000
vn -0.000001 0.000000 1.000000
vn -0.000001 0.000000 1.000000
vn -0.000001 -0.000002 1.000000
vn 0.000001 0.000001 1.000000
vn 0.000001 0.000001 1.000000
vn -0.000001 0.000001 1.000000
vn -0.000001 0.000001 1.000000
vn -0.000001 -0.000001 1.000000
vn -0.000001 -0.000001 1.000000
vn -0.000001 -0.000001 1.000000
vn -0.000001 -0.000001 1.000000
vn 0.000000 0.000000 1.000000
vn 0.000000 0.000000 1.000000
vn 0.000000 0.000000 1.000000
vn 0.000000 0.000000 1.000000
vn 0.000000 0.000000 1.000000
vn 0.000000 0.000000 1.000000
vn 0.000000 0.000000 1.000000
vn 0.000000 0.000000 1.000000
vn 0.000000 1.000000 0.000001
vn -0.000000 1.000000 0.000001
vn -0.000001 1.000000 0.000000
vn -0.000001 1.000000 0.000000
vn 0.000001 1.000000 0.000001
vn 0.000001 1.000000 0.000001
vn 0.000001 1.000000 0.000001
vn 0.000001 1.000000 0.000001
vn 0.000001 1.000000 -0.000005
vn 0.000001 1.000000 -0.000005
vn 0.000001 1.000000 -0.000005
vn 0.000001 1.000000 -0.000005
vn 0.000000 0.000000 -1.000000
vn 0.000000 0.000000 -1.000000
vn 0.000000 0.000000 -1.000000
vn 0.000000 0.000000 -1.000000
vn 0.000000 0.000000 -1.000000
vn 0.000000 0.000000 -1.000000
vn 0.000000 0.000000 -1.000000
vn 0.000000 0.000000 -1.000000
vn 0.000000 0.000000 -1.000000
vn 0.000000 0.000000 -1.000000
vn 0.000000 1.000000 0.000000
vn 0.000000 1.000000 0.000000
vn 0.000000 1.000000 0.000000
vn 0.000000 1.000000 0.000000
vn 0.000000 1.000000 0.000000
vn 0.000000 1.000000 0.000000
vn 0.000000 1.000000 0.000000
vn 0.000000 1.000000 0.000000
vn 0.000000 1.000000 0.000000
vn 0.000000 1.000000 0.000000
vn 0.000000 1.000000 0.000000
vn 0.000000 1.000000 0.000000
vn 0.000000 -0.000000 1.000000
vn 0.000000 -0.000000 1.000000
vn 0.000000 0.000000 1.000000
vn 0.000000 0.000000 1.000000
vn 0.000000 0.000000 1.000000
vn 0.000000 0.000000 1.000000
vn 0.000000 0.000000 1.000000
vn 0.000000 0.000000 1.000000
vn 0.000000 0.000000 1.000000
vn 0.000000 0.000000 1.000000
vn -0.000001 1.000000 -0.000002
vn -0.000001 1.000000 0.000000
vn -0.000001 1.000000 0.000002
vn -0.000001 1.000000 -0.000002
vn -0.000001 1.000000 0.000004
vn -0.000001 1.000000 0.000004
vn 0.000001 1.000000 0.000002
vn 0.000001 1.000000 0.000002
vn 0.000001 1.000000 0.000002
vn 0.000001 1.000000 0.000002
vn -0.000001 0.000000 -1.000000
vn -0.000001 0.000000 -1.000000
vn -0.000001 0.000001 -1.000000
vn -0.000001 0.000001 -1.000000
vn 0.000001 0.000001 -1.000000
vn 0.000001 0.000001 -1.000000
vn 0.000001 0.000001 -1.000000
vn 0.000001 0.000001 -1.000000
vn 0.000001 -0.000001 -1.000000
vn 0.000001 -0.000000 -1.000000
vn 0.000001 0.000000 -1.000000
vn 0.000001 -0.000001 -1.000000
vn -0.000001 0.000000 -1.000000
vn -0.000001 0.000001 -1.000000
vn 0.000001 0.000001 -1.000000
vn 0.000001 0.000001 -1.000000
vn 0.000001 -0.000001 -1.000000
vn 0.000001 -0.000000 -1.000000
vn 0.000001 -0.000000 -1.000000
vn 0.000001 -0.000001 -1.000000
vn -0.000000 0.000000 -1.000000
vn -0.000000 0.000000 -1.000000
vn 0.000000 0.000000 -1.000000
vn 0.000000 0.000000 -1.000000
vn -0.000000 0.000000 -1.000000
vn -0.000000 0.000000 -1.000000
vn -0.000000 0.000000 -1.000000
vn -0.000000 0.000000 -1.000000
vn 0.000000 0.997089 0.076253
vn -0.000000 0.997088 0.076254
vn 0.000000 0.997089 0.076252
vn 0.000000 0.997089 0.076252
vn -0.000000 0.997089 0.076251
vn -0.000000 0.997089 0.076251
vn -0.000000 0.997089 0.076251
vn -0.000000 0.997089 0.076251
vn -0.000000 0.997088 0.076254
vn -0.000000 0.997088 0.076254
vn -0.000000 0.997088 0.076254
vn -0.000000 0.997088 0.076254
vn 0.000000 0.000001 -1.000000
vn 0.000000 0.000001 -1.000000
vn 0.000000 0.000000 -1.000000
vn 0.000000 0.000000 -1.000000
vn 0.000000 0.000000 -1.000000
vn 0.000000 0.000000 -1.000000
vn 0.000000 0.000000 -1.000000
vn 0.000000 0.000000 -1.000000
vn 0.000000 0.000000 -1.000000
vn 0.000000 0.000000 -1.000000
vn 0.000000 0.000000 -1.000000
vn 0.000000 0.000000 -1.000000
vn 0.000000 -0.997088 0.076255
vn -0.000000 -0.997088 0.076254
vn 0.000000 -0.997088 0.076255
vn 0.000000 -0.997088 0.076255
vn 0.000000 -0.997089 0.076254
vn 0.000000 -0.997088 0.076254
vn -0.000000 -0.997089 0.076254
vn -0.000000 -0.997089 0.076254
vn -0.000000 -0.997088 0.076254
vn -0.000000 -0.997089 0.076254
vn 0.000000 -1.000000 0.000000
vn 0.000000 -1.000000 0.000000
vn 0.000000 -1.000000 0.000000
vn 0.000000 -1.000000 0.000000
vn 0.000000 -1.000000 0.000000
vn 0.000000 -1.000000 0.000000
vn 0.000000 -1.000000 0.000000
vn 0.000000 -1.000000 0.000000
vn 0.000000 -1.000000 0.000000
vn 0.000000 -1.000000 0.000000
vn 0.000000 -1.000000 0.000000
vn 0.000000 -1.000000 0.000000
vn -0.000000 -0.997088 -0.076255
vn 0.000000 -0.997088 -0.076256
vn -0.000000 -0.997088 -0.076255
vn -0.000000 -0.997088 -0.076255
vn 0.000000 -0.997088 -0.076257
vn 0.000000 -0.997088 -0.076257
vn 0.000000 -0.997088 -0.076257
vn 0.000000 -0.997088 -0.076257
vn 0.000000 -0.997089 -0.076252
vn 0.000000 -0.997089 -0.076252
vn 0.000000 -0.997089 -0.076252
vn 0.000000 -0.997089 -0.076252
vn 0.000000 0.000000 1.000000
vn 0.000000 0.000000 1.000000
vn 0.000000 0.000000 1.000000
vn 0.000000 0.000000 1.000000
vn 0.000000 0.000000 1.000000
vn 0.000000 0.000000 1.000000
vn 0.000000 0.000000 1.000000
vn 0.000000 0.000000 1.000000
vn 0.000000 0.000000 1.000000
vn 0.000000 0.000000 1.000000
vn 0.000000 0.997088 -0.076254
vn -0.000000 0.997088 -0.076255
vn 0.000000 0.997088 -0.076254
vn 0.000000 0.997088 -0.076254
vn 0.000000 0.997089 -0.076253
vn 0.000000 0.997089 -0.076253
vn -0.000000 0.997089 -0.076253
vn -0.000000 0.997089 -0.076253
vn -0.000000 0.997089 -0.076253
vn -0.000000 0.997089 -0.076253
vn 0.000000 0.000000 -1.000000
vn 0.000000 0.000000 -1.000000
vn 0.000000 0.000000 -1.000000
vn 0.000000 0.000000 -1.000000
vn 0.000000 0.000000 -1.000000
vn 0.000000 0.000000 -1.000000
vn 0.000001 0.000000 -1.000000
vn 0.000001 0.000000 -1.000000
vn 0.000000 0.000000 -1.000000
vn 0.000000 0.000000 -1.000000
vn 0.000000 0.000000 -1.000000
vn 0.000000 0.000000 -1.000000
vn 0.000000 0.000000 -1.000000
vn -0.000001 1.000000 0.000004
vn -0.000001 1.000000 0.000004
vn 0.000001 1.000000 0.000007
vn 0.000000 1.000000 0.000006
vn -0.000000 1.000000 0.000005
vn 0.000001 1.000000 0.000007
vn 0.000001 1.000000 -0.000004
vn 0.000001 1.000000 -0.000004
vn 0.000000 -0.000000 1.000000
vn 0.000000 0.000000 1.000000
vn 0.000000 -0.000000 1.000000
vn 0.000000 0.000000 1.000000
vn 0.000000 0.000000 1.000000
vn 0.000000 0.000000 1.000000
vn 0.000000 1.000000 0.000000
vn 0.000000 1.000000 0.000000
vn 0.000000 1.000000 0.000000
vn 0.000000 1.000000 0.000000
vn 0.000000 1.000000 0.000000
vn 0.000000 1.000000 0.000000
vn 0.000000 1.000000 0.000000
vn 0.000000 1.000000 0.000000
vn 0.000000 0.000000 -1.000000
vn 0.000000 0.000000 -1.000000
vn 0.000000 0.000000 -1.000000
vn 0.000000 0.000000 -1.000000
vn 0.000000 0.000000 -1.000000
vn 0.000000 0.000000 -1.000000
vn 0.000000 0.000000 -1.000000
vn -0.000000 1.000000 0.000000
vn -0.000000 1.000000 0.000000
vn -0.000001 1.000000 0.000000
vn -0.000001 1.000000 0.000000
vn 0.000001 1.000000 0.000002
vn 0.000001 1.000000 0.000002
vn 0.000001 1.000000 -0.000005
vn 0.000001 1.000000 -0.000005
vn 0.000000 0.000000 1.000000
vn -0.000000 0.000000 1.000000
vn 0.000000 0.000000 1.000000
vn 0.000000 0.000000 1.000000
vn 0.000000 0.000000 1.000000
vn 0.000000 0.000000 1.000000
vn 0.000000 0.000000 1.000000
vn 0.000000 0.000000 1.000000
vn 0.000001 0.000001 1.000000
vn 0.000001 0.000001 1.000000
vn 0.000001 0.000002 1.000000
vn 0.000001 0.000002 1.000000
vn -0.000001 0.000002 1.000000
vn -0.000001 0.000002 1.000000
vn -0.000001 -0.000002 1.000000
vn -0.000001 -0.000002 1.000000
vn -0.000000 0.997088 -0.076256
vn -0.000000 0.997088 -0.076256
vn 0.000000 0.997088 -0.076254
vn 0.000000 0.997088 -0.076254
vn 0.000000 0.997088 -0.076254
vn 0.000000 0.997088 -0.076254
vn 0.000000 0.997089 -0.076252
vn 0.000000 0.997089 -0.076252
vn 0.000000 0.000000 1.000000
vn 0.000000 0.000000 1.000000
vn 0.000000 0.000000 1.000000
vn -0.000001 -0.000001 1.000000
vn -0.000001 -0.000001 1.000000
vn 0.000000 0.000000 1.000000
vn 0.000000 0.000000 1.000000
vn 0.000000 0.000000 1.000000
vn -0.000000 -0.997088 -0.076256
vn 0.000000 -0.997088 -0.076256
vn -0.000000 -0.997088 -0.076255
vn -0.000000 -0.997088 -0.076255
vn 0.000000 -0.997088 -0.076256
vn 0.000000 -0.997088 -0.076256
vn 0.000000 -0.997088 -0.076255
vn 0.000000 -0.997088 -0.076255
vn 0.000000 -1.000000 0.000000
vn 0.000000 -1.000000 0.000000
vn 0.000000 -1.000000 0.000000
vn 0.000000 -1.000000 0.000000
vn 0.000000 -1.000000 0.000000
vn 0.000000 -1.000000 0.000000
vn 0.000000 -1.000000 0.000000
vn 0.000000 -1.000000 0.000000
vn -0.000000 -0.997089 0.076253
vn -0.000000 -0.997089 0.076253
vn 0.000000 -0.997088 0.076254
vn 0.000000 -0.997088 0.076256
vn 0.000000 -0.997088 0.076255
vn 0.000000 -0.997088 0.076254
vn 0.000000 -0.997088 0.076256
vn 0.000000 -0.997088 0.076256
vn -0.000000 0.000001 -1.000000
vn -0.000000 0.000001 -1.000000
vn -0.000001 0.000001 -1.000000
vn -0.000001 0.000001 -1.000000
vn 0.000001 0.000001 -1.000000
vn 0.000001 0.000001 -1.000000
vn 0.000001 -0.000001 -1.000000
vn 0.000001 -0.000001 -1.000000
vn -0.000000 0.997089 0.076254
vn -0.000000 0.997088 0.076254
vn 0.000000 0.997088 0.076253
vn 0.000000 0.997088 0.076253
vn -0.000000 0.997088 0.076255
vn -0.000000 0.997088 0.076255
vn -0.000000 0.997088 0.076255
vn -0.000000 0.997088 0.076255
vn 0.000000 0.000001 -1.000000
vn -0.000000 0.000000 -1.000000
vn 0.000000 0.000000 -1.000000
vn -0.000000 0.000000 -1.000000
vn -0.000000 0.000000 -1.000000
vn 0.000000 0.000000 1.000000
vn 0.000000 0.000000 1.000000
vn 0.000000 0.000000 1.000000
vn 0.000000 0.000000 1.000000
vn 0.000000 0.000000 1.000000
vn 0.000000 0.000000 1.000000
vn 0.000000 0.000000 1.000000
vn 0.000000 0.000000 1.000000
vn -0.000000 0.000000 1.000000
vn -0.000000 0.000000 1.000000
vn 0.000000 0.000000 1.000000
vn 0.000000 0.000000 1.000000
vn -0.000000 0.000000 1.000000
vn -0.000000 0.000000 1.000000
vn -0.000000 0.000000 1.000000
vn 0.000001 -0.000001 1.000000
vn 0.000000 0.000000 1.000000
vn 0.000000 0.000000 1.000000
vn 0.000000 0.000000 1.000000
vn 0.000000 0.000000 1.000000
vn -0.000000 1.000000 -0.000003
vn -0.000000 1.000000 -0.000004
vn 0.000000 1.000000 0.000000
vn 0.000000 1.000000 0.000000
vn 0.000000 1.000000 0.000000
vn 0.000000 1.000000 0.000000
vn 0.000000 1.000000 0.000000
vn 0.000000 1.000000 0.000000
vn -0.000001 -0.000001 -1.000000
vn -0.000001 -0.000001 -1.000000
vn -0.000001 -0.000001 -1.000000
vn 0.000000 0.000000 -1.000000
vn 0.000000 0.000000 -1.000000
vn 0.000000 0.000000 -1.000000
vn 0.000000 0.000000 -1.000000
vn 0.000000 1.000000 0.000000
vn 0.000000 1.000000 0.000000
vn 0.000000 1.000000 0.000000
vn 0.000000 1.000000 0.000000
vn 0.000000 1.000000 0.000000
vn 0.000000 1.000000 0.000000
vn 0.000000 1.000000 0.000000
vn 0.000000 1.000000 0.000000
vn 0.000000 0.000000 1.000000
vn 0.000000 -0.000001 1.000000
vn 0.000000 -0.000000 1.000000
vn 0.000000 -0.000001 1.000000
vn 0.000000 0.000001 1.000000
vn 0.000000 0.000001 1.000000
vn -0.000001 1.000000 0.000004
vn -0.000001 1.000000 0.000004
vn 0.000001 1.000000 0.000004
vn 0.000000 1.000000 0.000002
vn 0.000000 1.000000 0.000002
vn 0.000001 1.000000 0.000004
vn 0.000001 1.000000 -0.000004
vn 0.000001 1.000000 -0.000004
vn -0.000001 0.000000 -1.000000
vn -0.000001 0.000000 -1.000000
vn -0.000001 0.000001 -1.000000
vn -0.000001 0.000001 -1.000000
vn 0.000001 0.000001 -1.000000
vn 0.000001 0.000001 -1.000000
vn 0.000000 -0.000000 -1.000000
vn 0.000001 -0.000001 -1.000000
vn 0.000001 0.000000 -1.000000
vn 0.000000 0.000000 -1.000000
vn 0.000000 0.000000 -1.000000
vn 0.000001 0.000000 -1.000000
vn 0.000000 0.000000 -1.000000
vn -0.000001 0.000001 -1.000000
vn -0.000001 0.000001 -1.000000
vn 0.000001 0.000001 -1.000000
vn 0.000001 -0.000001 -1.000000
vn 0.000001 -0.000001 -1.000000
vn 0.000000 0.997088 0.076255
vn 0.000000 0.997088 0.076255
vn 0.000000 0.997088 0.076254
vn 0.000000 0.997088 0.076254
vn -0.000000 0.997088 0.076254
vn -0.000000 0.997089 0.076254
vn -0.000000 0.997088 0.076254
vn -0.000000 0.997088 0.076254
vn 0.000000 0.000000 -1.000000
vn 0.000000 0.000000 -1.000000
vn 0.000000 0.000000 -1.000000
vn 0.000000 0.000000 -1.000000
vn 0.000000 0.000000 -1.000000
vn 0.000000 0.000000 -1.000000
vn 0.000000 0.000000 -1.000000
vn 0.000000 0.000000 -1.000000
vn 0.000000 -0.997088 0.076257
vn 0.000000 -0.997088 0.076257
vn 0.000000 -0.997088 0.076256
vn -0.000000 -0.997088 0.076256
vn -0.000000 -0.997088 0.076256
vn 0.000000 -0.997088 0.076256
vn 0.000000 -0.997089 0.076253
vn 0.000000 -0.997089 0.076253
vn 0.000000 -1.000000 -0.000000
vn 0.000000 -1.000000 -0.000000
vn 0.000000 -1.000000 0.000000
vn 0.000000 -1.000000 0.000000
vn 0.000000 -1.000000 0.000000
vn 0.000000 -1.000000 0.000000
vn 0.000000 -1.000000 0.000000
vn 0.000000 -1.000000 0.000000
vn -0.000000 -0.997088 -0.076256
vn -0.000000 -0.997088 -0.076256
vn 0.000000 -0.997088 -0.076257
vn 0.000000 -0.997088 -0.076257
vn 0.000000 -0.997088 -0.076257
vn 0.000000 -0.997088 -0.076257
vn 0.000000 -0.997088 -0.076255
vn 0.000000 -0.997088 -0.076255
vn -0.000001 -0.000002 1.000000
vn -0.000001 -0.000002 1.000000
vn 0.000001 -0.000002 1.000000
vn 0.000001 -0.000001 1.000000
vn 0.000001 -0.000001 1.000000
vn 0.000001 -0.000002 1.000000
vn 0.000001 0.000002 1.000000
vn 0.000001 0.000002 1.000000
vn -0.000000 0.997088 -0.076254
vn -0.000000 0.997088 -0.076254
vn 0.000000 0.997088 -0.076255
vn -0.000000 0.997088 -0.076254
vn -0.000000 0.997088 -0.076255
vn 0.000000 0.997088 -0.076255
vn 0.000000 0.997089 -0.076252
vn 0.000000 0.997089 -0.076252
vn 0.000000 0.000000 1.000000
vn 0.000000 0.000000 1.000000
vn 0.000000 0.000000 1.000000
vn 0.000000 0.000000 1.000000
vn 0.000000 0.000000 1.000000
vn 0.000000 0.000000 1.000000
vn -0.000000 0.997088 -0.076254
vn -0.000000 0.997088 -0.076254
vn 0.000000 0.997089 -0.076253
vn 0.000000 0.997089 -0.076253
vn 0.000000 0.997089 -0.076253
vn 0.000000 0.997088 -0.076253
vn 0.000000 0.000000 1.000000
vn 0.000000 0.000000 1.000000
vn 0.000000 0.000000 1.000000
vn 0.000000 0.000000 1.000000
vn 0.000000 0.000000 1.000000
vn 0.000000 0.000000 1.000000
vn 0.000000 -0.997088 -0.076255
vn 0.000000 -0.997088 -0.076255
vn -0.000000 -0.997088 -0.076255
vn -0.000000 -0.997088 -0.076255
vn -0.000001 -0.997088 -0.076255
vn -0.000001 -0.997088 -0.076255
vn 0.000000 -1.000000 -0.000000
vn 0.000000 -1.000000 -0.000000
vn 0.000000 -1.000000 -0.000000
vn 0.000000 -1.000000 -0.000000
vn 0.000000 -1.000000 0.000000
vn 0.000000 -1.000000 0.000000
vn -0.000000 -0.997088 0.076256
vn -0.000000 -0.997088 0.076256
vn 0.000000 -0.997088 0.076254
vn 0.000000 -0.997088 0.076254
vn -0.000000 -0.997088 0.076256
vn -0.000000 -0.997088 0.076256
vn 0.000000 0.000000 -1.000000
vn 0.000000 0.000000 -1.000000
vn 0.000000 0.000000 -1.000000
vn 0.000000 0.000000 -1.000000
vn 0.000000 0.000000 -1.000000
vn 0.000000 0.000000 -1.000000
vn -0.000000 0.997088 0.076254
vn -0.000000 0.997088 0.076254
vn 0.000000 0.997088 0.076256
vn 0.000000 0.997088 0.076256
vn 0.000000 0.997089 0.076253
vn 0.000000 0.997089 0.076253
vn 0.000000 0.000000 -1.000000
vn 0.000001 -0.000000 -1.000000
vn 0.000000 0.000000 -1.000000
vn 0.000000 0.000000 -1.000000
vn 0.000000 0.000000 -1.000000
vn -0.000001 0.000001 -1.000000
vn 0.000001 0.000000 -1.000000
vn 0.000001 0.000001 -1.000000
vn 0.000001 -0.000001 -1.000000
vn 0.000000 0.000000 -1.000000
vn 0.000000 0.000000 -1.000000
vn 0.000000 0.000000 -1.000000
vn 0.000000 0.000000 -1.000000
vn 0.000000 0.000000 -1.000000
vn 0.000000 1.000000 0.000000
vn 0.000000 1.000000 0.000000
vn 0.000000 1.000000 0.000000
vn 0.000000 1.000000 0.000000
vn 0.000000 1.000000 0.000000
vn 0.000000 1.000000 0.000000
vn 0.000000 -0.000000 1.000000
vn 0.000001 0.000000 1.000000
vn -0.000001 0.000000 1.000000
vn -0.000000 0.000000 1.000000
vn -0.000000 0.000000 1.000000
vn 0.000000 1.000000 0.000000
vn 0.000000 1.000000 0.000000
vn 0.000000 1.000000 0.000000
vn 0.000000 1.000000 0.000000
vn 0.000000 1.000000 0.000000
vn 0.000000 1.000000 0.000000
vn 0.000001 -0.000001 -1.000000
vn 0.000001 -0.000001 -1.000000
vn -0.000001 -0.000001 -1.000000
vn -0.000001 -0.000001 -1.000000
vn -0.000001 0.000001 -1.000000
vn -0.000001 0.000001 -1.000000
vn 0.000001 1.000000 -0.000004
vn 0.000001 1.000000 -0.000004
vn -0.000001 1.000000 -0.000007
vn -0.000001 1.000000 -0.000007
vn -0.000001 1.000000 0.000004
vn -0.000001 1.000000 0.000004
vn -0.000001 -0.000001 1.000000
vn -0.000001 -0.000001 1.000000
vn 0.000001 -0.000001 1.000000
vn 0.000001 -0.000001 1.000000
vn 0.000001 0.000001 1.000000
vn 0.000001 0.000001 1.000000
vn 0.000000 0.000000 -1.000000
vn 0.000001 -0.000001 -1.000000
vn 0.000001 -0.000001 -1.000000
vn 0.000000 0.000000 -1.000000
vn 0.000001 0.000001 -1.000000
vn 0.000000 0.000000 -1.000000
vn -0.000000 0.000000 -1.000000
vn -0.000000 0.000000 -1.000000
vn 0.000000 0.000000 -1.000000
vn 0.000000 0.000000 -1.000000
vn 0.000001 0.000001 -1.000000
vn 0.000001 0.000001 -1.000000
vn 0.000001 -0.000001 -1.000000
vn 0.000001 -0.000001 -1.000000
vn -0.000001 -0.000001 -1.000000
vn -0.000001 -0.000000 -1.000000
vn -0.000001 -0.000000 -1.000000
vn -0.000001 -0.000001 -1.000000
vn -0.000001 0.000001 -1.000000
vn 0.000000 0.000000 -1.000000
vn 0.000000 0.000000 -1.000000
vn 0.000000 0.000000 -1.000000
vn 0.000000 0.000000 -1.000000
vn -0.000000 0.000000 -1.000000
vn -0.000000 0.000000 -1.000000
vn 0.000000 0.000000 -1.000000
vn 0.000000 0.000000 -1.000000
vn 0.000000 0.000000 -1.000000
vn -0.000000 0.000000 -1.000000
vn -0.000000 0.000000 -1.000000
vn 0.000000 0.000000 -1.000000
vn 0.000000 0.000000 -1.000000
vn 0.000000 0.000000 -1.000000
vn 0.000000 0.000000 -1.000000
vn -0.000000 0.000000 -1.000000
vn 0.000000 0.000000 -1.000000
vn -0.000000 0.000000 -1.000000
vn -0.000000 0.000000 -1.000000
vn 0.000000 0.000000 -1.000000
vn 0.000000 0.000000 -1.000000
vn 0.000000 0.000000 -1.000000
vn 0.000000 0.000000 -1.000000
vn -1.000000 -0.000001 0.000000
vn -1.000000 -0.000001 0.000000
vn -1.000000 -0.000001 0.000000
vn -1.000000 -0.000001 0.000000
vn -1.000000 0.000001 0.000000
vn -1.000000 0.000000 0.000000
vn -1.000000 0.000000 0.000000
vn -1.000000 0.000001 0.000000
vn -1.000000 0.000000 0.000000
vn -1.000000 0.000000 0.000000
vn 0.000001 0.000000 1.000000
vn 0.000000 0.000000 1.000000
vn 0.000000 0.000000 1.000000
vn 0.000001 0.000000 1.000000
vn 0.000000 -0.000000 1.000000
vn 0.000000 0.000000 1.000000
vn -0.000000 0.000000 1.000000
vn -0.000000 0.000000 1.000000
vn 0.000001 0.000000 1.000000
vn 0.000001 0.000000 1.000000
vn 0.000000 0.000000 1.000000
vn 0.000001 -0.000001 1.000000
vn -0.000000 0.000001 1.000000
vn -0.000000 0.000001 1.000000
vn 0.000001 0.000001 1.000000
vn 0.000000 0.000000 1.000000
vn 0.000000 0.000000 1.000000
vn 0.000001 0.000001 1.000000
vn 0.000000 -0.000000 1.000000
vn 0.000000 0.000000 1.000000
vn 0.000000 0.000000 1.000000
vn 0.000000 0.000000 1.000000
vn 0.000000 0.000000 1.000000
vn 0.000000 0.000000 1.000000
vn 0.000000 0.000000 1.000000
vn 0.000000 0.000000 1.000000
vn 0.000000 0.000000 1.000000
vn 0.000000 0.000000 1.000000
vn 0.000000 0.000000 1.000000
vn 0.000000 0.000000 1.000000
vn 0.000000 0.000000 1.000000
vn 0.000000 0.000000 1.000000
vn 0.000000 0.000000 1.000000
vn 0.000000 0.000000 1.000000
vn 0.000000 0.000000 1.000000
vn 0.000000 0.000000 1.000000
vn 0.000000 0.000000 1.000000
vn 0.000000 0.000000 1.000000
vn 0.000000 0.000000 1.000000
vn 0.000000 0.000000 1.000000
vn 0.000000 0.000000 1.000000
vn 0.000000 0.000000 1.000000
vn 0.000000 0.000000 -1.000000
vn 0.000000 0.000000 -1.000000
vn 0.000000 0.000000 -1.000000
vn 0.000000 0.000000 -1.000000
vn 0.000000 0.000000 -1.000000
vn 0.000000 0.000000 -1.000000
vn -0.000001 -0.000001 -1.000000
vn -0.000001 -0.000001 -1.000000
vn -0.000001 0.000001 -1.000000
vn -0.000001 0.000001 -1.000000
vn 0.000001 0.000001 -1.000000
vn 0.000001 0.000001 -1.000000
vn 0.000000 0.000000 -1.000000
vn 0.000000 0.000000 -1.000000
vn -0.000000 0.000000 -1.000000
vn -0.000000 0.000000 -1.000000
vn 0.000000 0.000000 -1.000000
vn 0.000000 0.000000 -1.000000
vn -1.000000 -0.000001 0.000000
vn -1.000000 -0.000001 0.000000
vn -1.000000 0.000001 0.000000
vn -1.000000 0.000001 0.000000
vn -1.000000 0.000000 0.000000
vn -1.000000 0.000000 0.000000
vn 0.000000 0.000001 1.000000
vn 0.000000 0.000001 1.000000
vn 0.000000 -0.000001 1.000000
vn 0.000000 -0.000001 1.000000
vn 0.000000 -0.000001 1.000000
vn 0.000000 -0.000001 1.000000
vn 0.000000 -0.000001 1.000000
vn 0.000000 0.000001 1.000000
vn 0.000000 -0.000000 1.000000
vn 0.000000 0.000001 1.000000
vn 0.000000 0.000001 1.000000
vn 0.000000 -0.000001 1.000000
vn 0.000000 -0.000000 1.000000
vn 0.000000 -0.000001 1.000000
vn 0.000000 -0.000001 1.000000
vn 0.000000 0.000001 1.000000
vn 0.000000 0.000000 1.000000
vn 0.000000 0.000001 1.000000
vn 0.000000 0.000000 1.000000
vn 0.000000 0.000000 1.000000
vn 0.000000 0.000000 1.000000
vn 0.000000 0.000000 1.000000
vn -0.978137 0.000002 -0.207963
vn -0.978137 0.000002 -0.207963
vn -0.978137 0.000002 -0.207963
vn -0.978137 0.000002 -0.207963
vn -0.978145 0.000002 -0.207923
vn -0.978145 0.000002 -0.207923
vn -0.978145 0.000002 -0.207923
vn -0.978145 0.000002 -0.207923
vn -0.978145 -0.000002 -0.207923
vn -0.978145 -0.000002 -0.207923
vn -0.978145 -0.000002 -0.207923
vn -0.978145 -0.000002 -0.207923
vn 0.000000 -0.996830 0.079566
vn 0.000000 -0.996830 0.079566
vn 0.000000 -0.996830 0.079566
vn 0.000000 -0.996830 0.079566
vn 0.000000 -0.996829 0.079570
vn 0.000000 -0.996829 0.079570
vn 0.000000 -0.996829 0.079570
vn 0.000000 -0.996829 0.079570
vn -0.000000 -0.996829 0.079571
vn -0.000000 -0.996829 0.079571
vn -0.000000 -0.996829 0.079571
vn -0.000000 -0.996829 0.079571
vn 0.985552 0.000009 0.169374
vn 0.985552 0.000009 0.169374
vn 0.985552 0.000009 0.169374
vn 0.985552 0.000009 0.169374
vn 0.985552 0.000008 0.169375
vn 0.985552 0.000008 0.169375
vn 0.985552 0.000008 0.169375
vn 0.985552 0.000008 0.169375
vn 0.985552 -0.000008 0.169376
vn 0.985552 -0.000008 0.169376
vn 0.985552 -0.000008 0.169376
vn 0.985552 -0.000008 0.169376
vn 0.000000 0.998597 0.052958
vn 0.000000 0.998597 0.052958
vn 0.000000 0.998597 0.052958
vn 0.000000 0.998597 0.052958
vn 0.000000 0.998597 0.052958
vn 0.000000 0.998597 0.052958
vn 0.000000 0.998597 0.052958
vn 0.000000 0.998597 0.052958
vn -0.000000 0.998597 0.052955
vn -0.000000 0.998597 0.052955
vn -0.000000 0.998597 0.052955
vn -0.000000 0.998597 0.052955
vn -0.983638 -0.000008 0.180157
vn -0.983638 -0.000008 0.180157
vn -0.983638 -0.000008 0.180157
vn -0.983638 -0.000008 0.180157
vn -0.983628 -0.000008 0.180210
vn -0.983628 -0.000008 0.180210
vn -0.983628 -0.000008 0.180210
vn -0.983628 -0.000008 0.180210
vn -0.983628 0.000009 0.180210
vn -0.983628 0.000009 0.180210
vn -0.983628 0.000009 0.180210
vn -0.983628 0.000009 0.180210
vn -0.000001 -0.996829 0.079571
vn -0.000001 -0.996829 0.079571
vn -0.000001 -0.996829 0.079571
vn -0.000001 -0.996829 0.079571
vn -0.000001 -0.996830 0.079565
vn -0.000001 -0.996830 0.079565
vn -0.000001 -0.996830 0.079565
vn -0.000001 -0.996830 0.079565
vn 0.000001 -0.996830 0.079564
vn 0.000001 -0.996830 0.079564
vn 0.000001 -0.996830 0.079564
vn 0.000001 -0.996830 0.079564
vn 0.982509 0.000006 -0.186217
vn 0.982509 0.000006 -0.186217
vn 0.982509 0.000006 -0.186217
vn 0.982509 0.000006 -0.186217
vn 0.982515 0.000004 -0.186182
vn 0.982515 0.000004 -0.186182
vn 0.982515 0.000004 -0.186182
vn 0.982515 0.000004 -0.186182
vn 0.982515 -0.000004 -0.186182
vn 0.982515 -0.000004 -0.186182
vn 0.982515 -0.000004 -0.186182
vn 0.982515 -0.000004 -0.186182
vn 0.000000 0.998597 0.052958
vn 0.000000 0.998597 0.052958
vn 0.000000 0.998597 0.052958
vn 0.000000 0.998597 0.052958
vn 0.000000 0.998597 0.052956
vn 0.000000 0.998597 0.052956
vn 0.000000 0.998597 0.052956
vn 0.000000 0.998597 0.052956
vn -0.000000 0.998597 0.052957
vn -0.000000 0.998597 0.052957
vn -0.000000 0.998597 0.052957
vn -0.000000 0.998597 0.052957
vn -0.000002 -0.000001 1.000000
vn -0.000002 -0.000001 1.000000
vn -0.000002 -0.000001 1.000000
vn -0.000002 -0.000001 1.000000
vn 0.000000 1.000000 0.000000
vn 0.000000 1.000000 0.000000
vn 0.000000 1.000000 0.000000
vn 0.000000 1.000000 0.000000
vn 0.000000 0.000000 -1.000000
vn 0.000000 -0.000000 -1.000000
vn 0.000000 -0.000000 -1.000000
vn 0.000000 0.000000 -1.000000
vn 1.000000 0.000000 0.000000
vn 1.000000 -0.000000 0.000000
vn 1.000000 -0.000000 0.000000
vn 1.000000 0.000000 0.000000
vn -0.000000 0.000001 -1.000000
vn -0.000000 0.000001 -1.000000
vn -0.000000 0.000001 -1.000000
vn -0.000000 0.000001 -1.000000
vn 1.000000 -0.000022 0.000002
vn 1.000000 -0.000022 0.000002
vn 1.000000 -0.000022 0.000002
vn 1.000000 -0.000022 0.000002
vn 0.000000 0.000000 1.000000
vn 0.000000 0.000000 1.000000
vn 0.000000 0.000000 1.000000
vn 0.000000 0.000000 1.000000
vn 0.000000 1.000000 0.000000
vn 0.000000 1.000000 0.000000
vn 0.000000 1.000000 0.000000
vn 0.000000 1.000000 0.000000
vn -0.000000 0.000000 -1.000000
vn -0.000000 0.000000 -1.000000
vn -0.000000 0.000000 -1.000000
vn -0.000000 0.000000 -1.000000
vn -1.000000 0.000000 0.000000
vn -1.000000 0.000000 0.000000
vn -1.000000 0.000000 0.000000
vn -1.000000 0.000000 0.000000
vn -0.000001 0.000001 1.000000
vn -0.000001 0.000000 1.000000
vn -0.000001 0.000000 1.000000
vn -0.000001 0.000001 1.000000
vn -0.000000 0.000000 1.000000
vn -0.000000 0.000000 1.000000
vn -0.000000 0.000000 1.000000
vn -0.000000 0.000000 1.000000
vn 1.000000 0.000000 0.000000
vn 1.000000 0.000000 0.000000
vn 1.000000 0.000000 0.000000
vn 1.000000 0.000000 0.000000
vn 0.000000 0.000000 -1.000000
vn 0.000000 0.000000 -1.000000
vn 0.000000 0.000000 -1.000000
vn 0.000000 0.000000 -1.000000
vn -0.000000 0.000001 -1.000000
vn -0.000000 0.000001 -1.000000
vn -0.000000 0.000001 -1.000000
vn -0.000000 0.000001 -1.000000
vn 1.000000 0.000000 0.000000
vn 1.000000 0.000000 0.000000
vn 1.000000 0.000000 0.000000
vn 1.000000 0.000000 0.000000
vn 0.000000 0.000000 1.000000
vn -0.000001 0.000001 1.000000
vn -0.000001 0.000001 1.000000
vn 0.000000 0.000000 1.000000
vn 0.000000 0.000000 1.000000
vn 0.000000 0.000000 1.000000
vn 0.000000 0.000000 1.000000
vn 0.000000 0.000000 1.000000
vn -0.000001 -0.000001 1.000000
vn -0.000000 -0.000001 1.000000
vn 0.000000 -0.000000 1.000000
vn 0.000002 -0.000002 1.000000
vn -0.000001 0.000001 1.000000
vn -0.000000 0.000000 1.000000
vn -0.000002 0.000001 1.000000
vn -0.000002 0.000001 1.000000
vn 0.000000 0.000000 1.000000
vn 0.000000 0.000000 1.000000
vn 0.000000 0.000000 1.000000
vn 0.000000 0.000000 1.000000
vn 0.000001 0.000000 1.000000
vn 0.000001 0.000000 1.000000
vn 0.000003 0.000001 1.000000
vn 0.000003 0.000001 1.000000
vn 0.000000 0.000000 1.000000
vn 0.000000 -0.000000 1.000000
vn 0.000002 -0.000001 1.000000
vn 0.000000 0.000000 1.000000
vn 0.000000 0.000000 1.000000
vn 0.000000 0.000000 1.000000
vn 0.000000 0.000000 1.000000
vn 0.000000 0.000000 1.000000
vn 0.000000 0.000000 1.000000
vn 0.000000 0.000000 1.000000
vn 0.000000 0.000000 1.000000
vn 0.000000 0.000000 1.000000
vn 0.000000 0.000000 1.000000
vn 0.000000 0.000000 1.000000
vn 0.000000 0.000000 1.000000
vn 0.000000 0.000000 1.000000
vn 0.000000 0.000000 1.000000
vn 0.000000 0.000000 1.000000
vn 0.000000 0.000000 1.000000
vn 0.000000 0.000000 1.000000
vn 0.000000 0.000000 1.000000
vn 0.000000 0.000000 1.000000
vn 0.000000 0.000000 1.000000
vn 0.000000 0.000000 1.000000
vn 0.000000 0.000000 1.000000
vn 0.000001 -0.000000 1.000000
vn 0.000000 0.000000 1.000000
vn 0.000000 0.000000 1.000000
vn 0.000000 0.000000 1.000000
vn 0.000000 0.000000 1.000000
vn 0.000000 0.000000 1.000000
vn 0.000000 0.000000 1.000000
vn 0.000000 0.000000 -1.000000
vn -0.000003 -0.000001 -1.000000
vn -0.000003 -0.000001 -1.000000
vn 0.000000 0.000000 -1.000000
vn -1.000000 0.000000 0.000000
vn -1.000000 -0.000000 0.000000
vn -1.000000 -0.000000 0.000000
vn -1.000000 0.000000 0.000000
vn -0.000001 -0.000000 1.000000
vn 0.000000 0.000000 1.000000
vn 0.000001 0.000000 1.000000
vn 0.000000 0.000000 1.000000
vn -0.000009 0.000003 -1.000000
vn -0.000009 0.000003 -1.000000
vn -0.000009 0.000003 -1.000000
vn -0.000009 0.000003 -1.000000
vn -1.000000 0.000000 0.000000
vn -1.000000 0.000000 0.000000
vn -1.000000 0.000000 0.000000
vn -1.000000 0.000000 0.000000
vn -0.000000 -0.000000 1.000000
vn 0.000000 -0.000001 1.000000
vn -0.000000 0.000000 1.000000
vn 0.000000 0.000001 1.000000
vn 0.000002 0.000001 -1.000000
vn 0.000001 0.000000 -1.000000
vn 0.000000 0.000000 -1.000000
vn 0.000003 0.000002 -1.000000
vn 0.000000 0.000000 -1.000000
vn 0.000000 0.000000 -1.000000
vn 0.000000 0.000000 -1.000000
vn 0.000000 0.000000 -1.000000
vn 0.000000 0.000000 -1.000000
vn 0.000000 0.000000 -1.000000
vn 0.000000 0.000000 -1.000000
vn 0.000000 0.000000 -1.000000
vn 0.000000 1.000000 0.000000
vn 0.000000 1.000000 0.000000
vn 0.000000 1.000000 0.000000
vn 0.000000 1.000000 0.000000
vn 0.000000 0.000000 1.000000
vn 0.000000 0.000000 1.000000
vn 0.000000 0.000000 1.000000
vn 0.000000 0.000000 1.000000
vn 0.000000 0.000000 1.000000
vn 0.000000 0.000000 1.000000
vn 0.000000 0.000000 1.000000
vn 0.000000 0.000000 1.000000
vn 0.000000 0.000000 1.000000
vn 0.000000 0.000000 1.000000
vn 0.000000 0.000000 1.000000
vn 0.000000 0.000000 1.000000
vn 0.000000 0.000000 -1.000000
vn -0.000000 0.000001 -1.000000
vn -0.000001 0.000001 -1.000000
vn 0.000000 0.000000 -1.000000
vn -0.000000 0.000000 -1.000000
vn -0.000000 0.000000 -1.000000
vn 0.000000 0.000000 -1.000000
vn 0.000000 0.000000 -1.000000
vn 0.000000 0.000000 -1.000000
vn -0.000000 0.000000 -1.000000
vn -0.000000 0.000000 -1.000000
vn 0.000000 0.000000 -1.000000
vn 0.000000 1.000000 -0.000000
vn 0.000000 1.000000 -0.000000
vn 0.000000 1.000000 -0.000000
vn 0.000000 1.000000 -0.000000
vn 0.000002 0.000000 1.000000
vn 0.000000 0.000000 1.000000
vn 0.000000 0.000000 1.000000
vn 0.000002 0.000000 1.000000
vn 0.000001 -0.000000 1.000000
vn -0.000000 -0.000000 1.000000
vn -0.000000 -0.000001 1.000000
vn 0.000003 -0.000001 1.000000
vn 0.000000 -0.000000 1.000000
vn 0.000000 -0.000000 1.000000
vn 0.000000 -0.000000 1.000000
vn 0.000000 0.000000 1.000000
vn 0.000000 -0.000000 1.000000
vn 0.000000 -0.000000 1.000000
vn 0.000000 -0.000000 1.000000
vn 0.000000 -0.000001 1.000000
vn -0.000000 -0.000000 1.000000
vn -0.000000 -0.000000 1.000000
vn 0.000000 -0.000000 1.000000
vn 0.000000 -0.000001 1.000000
vn -0.000001 0.000000 1.000000
vn -0.000001 0.000000 1.000000
vn -0.000001 0.000000 1.000000
vn -0.000001 0.000000 1.000000
vn 0.000000 1.000000 0.000000
vn 0.000000 1.000000 0.000000
vn 0.000000 1.000000 0.000000
vn 0.000000 1.000000 0.000000
vn 0.000000 0.000000 -1.000000
vn -0.000000 0.000000 -1.000000
vn -0.000000 0.000000 -1.000000
vn 0.000000 0.000000 -1.000000
vn 0.000000 0.000000 -1.000000
vn 0.000000 0.000000 -1.000000
vn 0.000000 0.000000 -1.000000
vn 0.000000 0.000000 -1.000000
vn 0.000001 0.000001 -1.000000
vn 0.000001 0.000000 -1.000000
vn 0.000001 0.000001 -1.000000
vn 0.000001 0.000001 -1.000000
vn 0.000000 0.000000 -1.000000
vn -0.000000 0.000000 -1.000000
vn -0.000000 0.000000 -1.000000
vn 0.000000 0.000000 -1.000000
vn -0.000000 1.000000 -0.000000
vn -0.000000 1.000000 -0.000000
vn -0.000000 1.000000 -0.000000
vn -0.000000 1.000000 -0.000000
vn 0.000000 0.000000 1.000000
vn 0.000000 0.000000 1.000000
vn 0.000000 0.000000 1.000000
vn 0.000000 0.000000 1.000000
vn -0.000001 0.000000 1.000000
vn -0.000001 0.000000 1.000000
vn -0.000001 0.000000 1.000000
vn -0.000001 0.000001 1.000000
vn -0.000000 -0.000001 1.000000
vn -0.000000 -0.000001 1.000000
vn 0.000000 0.000000 1.000000
vn 0.000000 0.000000 1.000000
vn -0.000000 -0.999989 0.004605
vn -0.000000 -0.999989 0.004605
vn -0.000000 -0.999989 0.004605
vn -0.000000 -0.999989 0.004605
vn 0.999880 -0.000001 0.015511
vn 0.999880 -0.000001 0.015511
vn 0.999880 -0.000001 0.015511
vn 0.999880 -0.000001 0.015511
vn 0.000000 0.999958 -0.009212
vn 0.000000 0.999958 -0.009212
vn 0.000000 0.999958 -0.009212
vn 0.000000 0.999958 -0.009212
vn -0.989229 -0.000014 0.146379
vn -0.989229 -0.000014 0.146379
vn -0.989229 -0.000014 0.146379
vn -0.989229 -0.000014 0.146379
vn 0.984081 -0.000006 0.177721
vn 0.984081 -0.000006 0.177721
vn 0.984081 -0.000006 0.177721
vn 0.984081 -0.000006 0.177721
vn -0.000000 0.999958 -0.009211
vn -0.000000 0.999958 -0.009211
vn -0.000000 0.999958 -0.009211
vn -0.000000 0.999958 -0.009211
vn -0.992411 0.000001 0.122964
vn -0.992411 0.000001 0.122964
vn -0.992411 0.000001 0.122964
vn -0.992411 0.000001 0.122964
vn 0.000000 -0.999989 0.004605
vn 0.000000 -0.999989 0.004605
vn 0.000000 -0.999989 0.004605
vn 0.000000 -0.999989 0.004605
vn 0.000002 -0.000001 1.000000
vn 0.000002 -0.000001 1.000000
vn 0.000002 -0.000001 1.000000
vn 0.000002 0.000001 1.000000
vn 0.000000 0.000000 1.000000
vn 0.000001 0.000001 1.000000
vn 0.000002 0.000001 1.000000
vn -0.000002 0.000001 1.000000
vn -0.000002 0.000001 1.000000
vn -0.000000 1.000000 0.000000
vn -0.000000 1.000000 0.000000
vn -0.000000 1.000000 0.000000
vn -0.000000 1.000000 0.000000
vn -0.000000 1.000000 0.000000
vn -0.000000 1.000000 0.000000
vn 0.000000 1.000000 0.000000
vn 0.000000 1.000000 0.000000
vn 0.000000 1.000000 0.000000
vn 0.000000 1.000000 0.000000
vn 0.000000 -0.000000 -1.000000
vn 0.000000 -0.000000 -1.000000
vn 0.000000 0.000000 -1.000000
vn 0.000000 0.000000 -1.000000
vn 0.000000 0.000000 -1.000000
vn 0.000000 0.000000 -1.000000
vn 0.000000 0.000000 -1.000000
vn 0.000000 0.000000 -1.000000
vn 0.000000 0.000000 -1.000000
vn 0.000000 0.000000 -1.000000
vn 1.000000 -0.000001 0.000000
vn 1.000000 -0.000001 0.000000
vn 1.000000 0.000000 0.000000
vn 1.000000 0.000000 0.000000
vn 1.000000 0.000000 0.000000
vn 1.000000 0.000000 0.000000
vn 1.000000 0.000000 0.000000
vn 1.000000 0.000000 0.000000
vn 1.000000 0.000000 0.000000
vn 1.000000 0.000000 0.000000
vn 0.000000 0.000001 -1.000000
vn 0.000000 0.000001 -1.000000
vn 0.000000 0.000001 -1.000000
vn 0.000000 0.000001 -1.000000
vn 0.000000 -0.000001 -1.000000
vn 0.000000 -0.000001 -1.000000
vn 0.000000 -0.000001 -1.000000
vn 0.000000 -0.000001 -1.000000
vn -0.000000 -0.000001 -1.000000
vn -0.000000 -0.000001 -1.000000
vn -0.000000 -0.000001 -1.000000
vn -0.000000 -0.000001 -1.000000
vn 1.000000 -0.000022 -0.000002
vn 1.000000 -0.000022 -0.000002
vn 1.000000 -0.000022 -0.000002
vn 1.000000 -0.000022 -0.000002
vn 1.000000 0.000022 -0.000002
vn 1.000000 0.000022 -0.000002
vn 1.000000 0.000022 -0.000002
vn 1.000000 0.000022 -0.000002
vn 1.000000 0.000022 0.000002
vn 1.000000 0.000022 0.000002
vn 1.000000 0.000022 0.000002
vn 1.000000 0.000022 0.000002
vn 0.000000 0.000000 1.000000
vn 0.000000 0.000000 1.000000
vn 0.000000 0.000000 1.000000
vn 0.000000 0.000000 1.000000
vn 0.000000 0.000000 1.000000
vn 0.000000 0.000000 1.000000
vn 0.000000 0.000000 1.000000
vn 0.000000 0.000000 1.000000
vn 0.000000 0.000000 1.000000
vn 0.000000 0.000000 1.000000
vn 0.000000 0.000000 1.000000
vn 0.000000 0.000000 1.000000
vn 0.000000 1.000000 0.000000
vn 0.000000 1.000000 0.000000
vn 0.000000 1.000000 0.000000
vn 0.000000 1.000000 0.000000
vn 0.000000 1.000000 -0.000000
vn 0.000000 1.000000 -0.000000
vn 0.000000 1.000000 -0.000000
vn 0.000000 1.000000 -0.000000
vn 0.000000 1.000000 0.000000
vn 0.000000 1.000000 0.000000
vn 0.000000 1.000000 0.000000
vn 0.000000 1.000000 0.000000
vn 0.000000 0.000000 -1.000000
vn -0.000000 0.000000 -1.000000
vn -0.000000 0.000000 -1.000000
vn 0.000000 0.000000 -1.000000
vn -0.000000 0.000000 -1.000000
vn -0.000000 0.000000 -1.000000
vn 0.000000 0.000000 -1.000000
vn 0.000000 0.000000 -1.000000
vn 0.000000 0.000000 -1.000000
vn 0.000000 0.000000 -1.000000
vn -1.000000 0.000000 0.000000
vn -1.000000 0.000000 0.000000
vn -1.000000 0.000000 0.000000
vn -1.000000 0.000000 0.000000
vn -1.000000 0.000000 0.000000
vn -1.000000 0.000000 0.000000
vn -1.000000 0.000000 0.000000
vn -1.000000 0.000000 0.000000
vn -1.000000 0.000000 0.000000
vn -1.000000 0.000000 0.000000
vn -1.000000 0.000000 0.000000
vn -1.000000 0.000000 0.000000
vn -0.000000 -0.000000 1.000000
vn -0.000002 -0.000001 1.000000
vn 0.000001 -0.000000 1.000000
vn 0.000001 -0.000000 1.000000
vn 0.000002 -0.000001 1.000000
vn 0.000002 -0.000001 1.000000
vn 0.000001 0.000001 1.000000
vn 0.000001 0.000001 1.000000
vn 0.000001 0.000001 1.000000
vn 0.000001 0.000001 1.000000
vn 0.000000 0.000000 1.000000
vn 0.000000 0.000000 1.000000
vn 0.000000 0.000000 1.000000
vn 0.000000 0.000000 1.000000
vn 0.000000 0.000000 1.000000
vn 0.000000 0.000000 1.000000
vn 1.000000 0.000002 0.000000
vn 1.000000 0.000002 0.000000
vn 1.000000 0.000002 0.000000
vn 1.000000 0.000002 0.000000
vn 1.000000 -0.000002 0.000000
vn 1.000000 -0.000002 0.000000
vn 1.000000 -0.000000 0.000000
vn 1.000000 -0.000000 0.000000
vn 0.000000 0.000000 -1.000000
vn 0.000000 0.000000 -1.000000
vn 0.000000 0.000000 -1.000000
vn 0.000000 0.000000 -1.000000
vn 0.000000 0.000000 -1.000000
vn 0.000000 0.000000 -1.000000
vn 0.000000 0.000000 -1.000000
vn 0.000000 0.000000 -1.000000
vn 0.000000 0.000000 -1.000000
vn 0.000000 0.000000 -1.000000
vn 0.000000 0.000001 -1.000000
vn 0.000000 0.000001 -1.000000
vn 0.000000 0.000001 -1.000000
vn 0.000000 0.000001 -1.000000
vn 0.000000 -0.000001 -1.000000
vn 0.000000 -0.000001 -1.000000
vn 0.000000 -0.000001 -1.000000
vn 0.000000 -0.000001 -1.000000
vn 1.000000 0.000000 0.000000
vn 1.000000 0.000000 0.000000
vn 1.000000 0.000000 0.000000
vn 1.000000 0.000000 0.000000
vn 1.000000 0.000000 0.000000
vn 1.000000 0.000000 0.000000
vn 1.000000 0.000000 0.000000
vn 1.000000 0.000000 0.000000
vn 1.000000 0.000000 0.000000
vn 1.000000 0.000000 0.000000
vn 0.000000 0.000000 1.000000
vn 0.000000 0.000000 1.000000
vn 0.000000 0.000000 1.000000
vn 0.000000 0.000000 1.000000
vn 0.000000 0.000000 1.000000
vn 0.000000 0.000000 1.000000
vn 0.000000 0.000000 1.000000
vn 0.000000 0.000000 1.000000
vn 0.000000 0.000000 1.000000
vn 0.000000 0.000000 1.000000
vn 0.000000 0.000000 1.000000
vn 0.000000 0.000000 1.000000
vn 0.000000 0.000000 1.000000
vn 0.000000 0.000000 1.000000
vn 0.000000 0.000000 1.000000
vn 0.000000 0.000000 1.000000
vn 0.000000 0.000000 1.000000
vn 0.000000 0.000000 1.000000
vn 0.000000 0.000000 1.000000
vn 0.000002 0.000002 1.000000
vn 0.000002 0.000002 1.000000
vn -0.000002 0.000002 1.000000
vn -0.000002 0.000002 1.000000
vn -0.000002 0.000002 1.000000
vn -0.000002 0.000002 1.000000
vn -0.000002 -0.000002 1.000000
vn 0.000001 -0.000001 1.000000
vn 0.000001 -0.000001 1.000000
vn -0.000002 -0.000002 1.000000
vn -0.000002 -0.000001 1.000000
vn -0.000002 -0.000001 1.000000
vn 0.000002 -0.000001 1.000000
vn 0.000002 -0.000001 1.000000
vn 0.000002 0.000001 1.000000
vn 0.000001 0.000001 1.000000
vn 0.000001 0.000001 1.000000
vn 0.000002 0.000001 1.000000
vn 0.000000 0.000000 1.000000
vn 0.000000 0.000000 1.000000
vn 0.000000 0.000000 1.000000
vn 0.000000 0.000000 1.000000
vn 0.000000 0.000000 1.000000
vn 0.000000 0.000000 1.000000
vn 0.000000 0.000000 1.000000
vn 0.000000 0.000000 1.000000
vn -0.000003 0.000001 1.000000
vn -0.000001 0.000000 1.000000
vn -0.000001 0.000000 1.000000
vn -0.000003 0.000001 1.000000
vn -0.000001 -0.000000 1.000000
vn -0.000000 -0.000000 1.000000
vn -0.000002 -0.000001 1.000000
vn -0.000003 -0.000001 1.000000
vn 0.000001 -0.000000 1.000000
vn 0.000003 -0.000001 1.000000
vn 0.000000 0.000000 1.000000
vn 0.000000 0.000000 1.000000
vn 0.000000 0.000000 1.000000
vn 0.000000 0.000000 1.000000
vn 0.000000 0.000000 1.000000
vn 0.000000 0.000000 1.000000
vn 0.000000 0.000000 1.000000
vn 0.000000 0.000000 1.000000
vn 0.000000 0.000000 1.000000
vn 0.000000 0.000000 1.000000
vn -0.000000 0.000000 1.000000
vn -0.000000 0.000000 1.000000
vn -0.000000 0.000000 1.000000
vn -0.000000 0.000000 1.000000
vn 0.000000 0.000000 1.000000
vn 0.000000 0.000000 1.000000
vn 0.000000 0.000000 1.000000
vn 0.000000 0.000000 1.000000
vn 0.000000 0.000000 1.000000
vn 0.000000 0.000000 1.000000
vn 0.000000 0.000000 1.000000
vn 0.000000 0.000000 1.000000
vn 0.000000 0.000000 1.000000
vn 0.000000 0.000000 1.000000
vn 0.000000 0.000000 1.000000
vn 0.000000 0.000000 1.000000
vn -0.000000 0.000000 1.000000
vn 0.000000 0.000000 1.000000
vn 0.000000 0.000000 1.000000
vn 0.000000 0.000000 1.000000
vn -0.000000 0.000000 1.000000
vn 0.000000 0.000000 1.000000
vn 0.000000 0.000000 1.000000
vn 0.000000 0.000000 1.000000
vn 0.000000 0.000000 1.000000
vn 0.000000 0.000000 1.000000
vn 0.000000 0.000000 1.000000
vn 0.000000 0.000000 1.000000
vn 0.000000 0.000000 1.000000
vn 0.000000 0.000000 1.000000
vn 0.000000 0.000000 1.000000
vn 0.000000 0.000000 1.000000
vn 0.000000 0.000000 1.000000
vn 0.000000 0.000000 1.000000
vn 0.000000 0.000000 1.000000
vn 0.000000 0.000000 1.000000
vn 0.000000 0.000000 1.000000
vn 0.000000 0.000000 1.000000
vn 0.000000 0.000000 1.000000
vn 0.000000 0.000000 1.000000
vn 0.000000 0.000000 1.000000
vn 0.000000 0.000000 1.000000
vn 0.000000 0.000000 1.000000
vn 0.000000 0.000000 1.000000
vn 0.000000 0.000000 1.000000
vn 0.000000 0.000000 1.000000
vn 0.000003 -0.000001 -1.000000
vn 0.000000 0.000000 -1.000000
vn 0.000000 0.000000 -1.000000
vn 0.000000 0.000000 -1.000000
vn 0.000000 0.000000 -1.000000
vn 0.000000 0.000000 -1.000000
vn 0.000000 0.000000 -1.000000
vn -1.000000 -0.000000 0.000000
vn -1.000000 -0.000000 0.000000
vn -1.000000 0.000000 0.000000
vn -1.000000 0.000000 0.000000
vn -1.000000 0.000000 0.000000
vn -1.000000 0.000000 0.000000
vn -1.000000 0.000000 0.000000
vn -1.000000 0.000000 0.000000
vn 0.000001 -0.000001 1.000000
vn -0.000000 -0.000001 1.000000
vn -0.000000 -0.000000 1.000000
vn -0.000000 -0.000000 1.000000
vn 0.000000 -0.000001 1.000000
vn 0.000000 -0.000001 1.000000
vn -0.000000 0.000000 1.000000
vn -0.000000 0.000000 1.000000
vn 0.000009 0.000002 -1.000000
vn 0.000002 -0.000001 -1.000000
vn 0.000002 -0.000001 -1.000000
vn 0.000009 0.000002 -1.000000
vn 0.000007 -0.000002 -1.000000
vn -0.000007 -0.000001 -1.000000
vn -0.000007 -0.000001 -1.000000
vn -1.000000 0.000001 0.000000
vn -1.000000 0.000001 0.000000
vn -1.000000 0.000001 0.000000
vn -1.000000 0.000001 0.000000
vn -1.000000 -0.000001 0.000000
vn -1.000000 -0.000001 0.000000
vn -1.000000 -0.000000 0.000000
vn -1.000000 -0.000000 0.000000
vn -0.000000 -0.000000 1.000000
vn -0.000000 -0.000000 1.000000
vn 0.000002 -0.000000 1.000000
vn 0.000002 -0.000000 1.000000
vn 0.000000 -0.000001 1.000000
vn 0.000000 -0.000001 1.000000
vn 0.000000 -0.000001 1.000000
vn 0.000000 -0.000001 1.000000
vn -0.000001 0.000000 1.000000
vn -0.000001 0.000000 1.000000
vn 0.000001 -0.000000 -1.000000
vn 0.000000 -0.000000 -1.000000
vn 0.000002 -0.000001 -1.000000
vn 0.000002 -0.000001 -1.000000
vn -0.000002 -0.000001 -1.000000
vn -0.000002 -0.000001 -1.000000
vn -0.000002 -0.000001 -1.000000
vn -0.000002 -0.000001 -1.000000
vn -0.000003 0.000001 -1.000000
vn -0.000002 0.000000 -1.000000
vn -0.000002 0.000000 -1.000000
vn -0.000003 0.000001 -1.000000
vn 0.000000 0.000000 -1.000000
vn 0.000000 0.000000 -1.000000
vn 0.000000 0.000000 -1.000000
vn 0.000000 0.000000 -1.000000
vn 0.000000 0.000000 -1.000000
vn 0.000000 0.000000 -1.000000
vn 0.000000 0.000000 -1.000000
vn 0.000000 0.000000 -1.000000
vn 0.000000 0.000000 -1.000000
vn 0.000000 0.000000 -1.000000
vn 0.000000 0.000000 -1.000000
vn 0.000000 0.000000 -1.000000
vn 0.000000 0.000000 -1.000000
vn 0.000000 0.000000 -1.000000
vn 0.000000 0.000000 -1.000000
vn 0.000000 0.000000 -1.000000
vn 0.000000 1.000000 -0.000000
vn 0.000000 1.000000 -0.000000
vn 0.000000 1.000000 -0.000000
vn 0.000000 1.000000 -0.000000
vn -0.000000 1.000000 -0.000000
vn -0.000000 1.000000 -0.000000
vn -0.000000 1.000000 -0.000000
vn -0.000000 1.000000 -0.000000
vn -0.000000 1.000000 0.000000
vn -0.000000 1.000000 0.000000
vn -0.000000 1.000000 0.000000
vn -0.000000 1.000000 0.000000
vn 0.000000 0.000000 1.000000
vn -0.000000 0.000000 1.000000
vn 0.000000 0.000000 1.000000
vn 0.000000 0.000000 1.000000
vn 0.000000 0.000000 1.000000
vn 0.000000 0.000000 1.000000
vn 0.000000 0.000000 1.000000
vn 0.000000 0.000000 1.000000
vn 0.000000 0.000000 1.000000
vn 0.000000 0.000000 1.000000
vn 0.000000 0.000000 1.000000
vn 0.000000 0.000000 1.000000
vn 0.000000 0.000000 1.000000
vn 0.000000 0.000000 1.000000
vn 0.000000 0.000000 1.000000
vn 0.000000 0.000000 1.000000
vn 0.000000 0.000000 1.000000
vn 0.000000 0.000000 1.000000
vn 0.000000 0.000000 1.000000
vn 0.000000 0.000000 1.000000
vn 0.000000 0.000000 1.000000
vn 0.000000 0.000000 1.000000
vn -0.000001 -0.000001 -1.000000
vn -0.000001 -0.000001 -1.000000
vn 0.000000 0.000000 -1.000000
vn 0.000000 0.000000 -1.000000
vn 0.000000 0.000000 -1.000000
vn -0.000000 0.000000 -1.000000
vn -0.000000 0.000000 -1.000000
vn 0.000000 0.000000 -1.000000
vn 0.000000 0.000000 -1.000000
vn 0.000000 0.000000 -1.000000
vn 0.000000 0.000000 -1.000000
vn 0.000000 0.000000 -1.000000
vn 0.000000 0.000000 -1.000000
vn 0.000000 0.000000 -1.000000
vn 0.000000 0.000000 -1.000000
vn 0.000000 0.000000 -1.000000
vn 0.000000 0.000000 -1.000000
vn 0.000000 0.000000 -1.000000
vn -0.000000 0.000000 -1.000000
vn -0.000000 0.000000 -1.000000
vn 0.000000 0.000000 -1.000000
vn 0.000000 0.000000 -1.000000
vn -0.000000 0.000000 -1.000000
vn -0.000000 0.000000 -1.000000
vn 0.000000 1.000000 0.000000
vn 0.000000 1.000000 0.000000
vn 0.000000 1.000000 0.000000
vn 0.000000 1.000000 0.000000
vn 0.000000 1.000000 0.000000
vn 0.000000 1.000000 0.000000
vn 0.000000 1.000000 0.000000
vn 0.000000 1.000000 0.000000
vn 0.000000 1.000000 0.000000
vn 0.000000 1.000000 0.000000
vn -0.000000 0.000000 1.000000
vn -0.000002 0.000000 1.000000
vn -0.000001 -0.000000 1.000000
vn 0.000000 0.000000 1.000000
vn 0.000002 0.000000 1.000000
vn -0.000002 0.000000 1.000000
vn -0.000002 0.000000 1.000000
vn 0.000000 -0.000001 1.000000
vn 0.000000 -0.000001 1.000000
vn 0.000000 -0.000000 1.000000
vn -0.000001 -0.000001 1.000000
vn 0.000000 -0.000001 1.000000
vn -0.000003 -0.000001 1.000000
vn 0.000000 0.000000 1.000000
vn 0.000000 0.000000 1.000000
vn 0.000000 0.000000 1.000000
vn 0.000000 0.000000 1.000000
vn 0.000000 0.000000 1.000000
vn 0.000000 0.000000 1.000000
vn 0.000000 0.000000 1.000000
vn 0.000000 0.000000 1.000000
vn 0.000000 0.000000 1.000000
vn 0.000000 0.000001 1.000000
vn 0.000000 0.000001 1.000000
vn 0.000000 0.000001 1.000000
vn 0.000000 0.000001 1.000000
vn 0.000000 -0.000001 1.000000
vn 0.000000 -0.000001 1.000000
vn 0.000000 0.000000 1.000000
vn 0.000000 -0.000001 1.000000
vn -0.000000 -0.000000 1.000000
vn -0.000001 -0.000001 1.000000
vn -0.000000 0.000000 1.000000
vn 0.000000 0.000000 1.000000
vn 0.000000 0.000000 1.000000
vn 0.000000 0.000000 1.000000
vn 0.000000 1.000000 0.000000
vn 0.000000 1.000000 0.000000
vn 0.000000 1.000000 0.000000
vn 0.000000 1.000000 0.000000
vn 0.000000 1.000000 0.000000
vn 0.000000 1.000000 0.000000
vn 0.000000 0.000000 -1.000000
vn 0.000000 0.000000 -1.000000
vn 0.000000 0.000000 -1.000000
vn 0.000000 0.000000 -1.000000
vn 0.000000 0.000000 -1.000000
vn 0.000000 0.000000 -1.000000
vn -0.000000 0.000000 -1.000000
vn -0.000000 0.000000 -1.000000
vn 0.000000 0.000000 -1.000000
vn 0.000000 0.000000 -1.000000
vn -0.000000 0.000000 -1.000000
vn -0.000000 0.000000 -1.000000
vn 0.000001 -0.000001 -1.000000
vn 0.000001 -0.000001 -1.000000
vn -0.000001 -0.000001 -1.000000
vn -0.000001 -0.000001 -1.000000
vn -0.000001 0.000001 -1.000000
vn -0.000001 0.000001 -1.000000
vn -0.000000 0.000000 -1.000000
vn -0.000000 0.000000 -1.000000
vn 0.000000 0.000000 -1.000000
vn 0.000000 0.000000 -1.000000
vn -0.000000 0.000000 -1.000000
vn -0.000000 0.000000 -1.000000
vn -0.000000 1.000000 0.000000
vn -0.000000 1.000000 0.000000
vn 0.000000 1.000000 0.000000
vn 0.000000 1.000000 0.000000
vn 0.000000 1.000000 -0.000000
vn 0.000000 1.000000 -0.000000
vn -0.000000 0.000000 1.000000
vn 0.000001 0.000000 1.000000
vn 0.000000 0.000000 1.000000
vn -0.000000 0.000000 1.000000
vn -0.000000 0.000000 1.000000
vn -0.000001 -0.000002 1.000000
vn 0.000000 -0.000001 1.000000
vn 0.000001 -0.000002 1.000000
vn 0.000001 0.000001 1.000000
vn 0.000000 0.000000 1.000000
vn 0.000000 0.000000 1.000000
vn -0.000000 0.000000 1.000000
vn -0.000000 0.000000 1.000000
vn -0.000000 0.000000 1.000000
vn 0.000000 -0.999989 0.004606
vn 0.000000 -0.999989 0.004606
vn 0.000000 -0.999989 0.004606
vn 0.000000 -0.999989 0.004606
vn 0.000000 -0.999989 0.004606
vn 0.000000 -0.999989 0.004606
vn 0.000000 -0.999989 0.004606
vn 0.000000 -0.999989 0.004606
vn -0.000000 -0.999989 0.004607
vn -0.000000 -0.999989 0.004607
vn -0.000000 -0.999989 0.004607
vn -0.000000 -0.999989 0.004607
vn 0.999880 0.000001 0.015511
vn 0.999880 0.000001 0.015511
vn 0.999880 0.000001 0.015511
vn 0.999880 0.000001 0.015511
vn 0.999881 0.000001 0.015462
vn 0.999880 0.000001 0.015462
vn 0.999881 0.000001 0.015462
vn 0.999881 0.000001 0.015462
vn 0.999880 -0.000001 0.015462
vn 0.999881 -0.000001 0.015462
vn 0.999880 -0.000001 0.015462
vn 0.999881 -0.000001 0.015462
vn -0.000000 0.999958 -0.009212
vn -0.000000 0.999958 -0.009212
vn -0.000000 0.999958 -0.009212
vn -0.000000 0.999958 -0.009212
vn -0.000000 0.999958 -0.009212
vn -0.000000 0.999958 -0.009212
vn -0.000000 0.999958 -0.009212
vn -0.000000 0.999958 -0.009212
vn 0.000000 0.999958 -0.009212
vn 0.000000 0.999958 -0.009212
vn 0.000000 0.999958 -0.009212
vn 0.000000 0.999958 -0.009212
vn -0.989229 0.000014 0.146379
vn -0.989229 0.000014 0.146379
vn -0.989229 0.000014 0.146379
vn -0.989229 0.000014 0.146379
vn -0.989234 0.000014 0.146343
vn -0.989234 0.000014 0.146343
vn -0.989234 0.000014 0.146343
vn -0.989234 0.000014 0.146343
vn -0.989234 -0.000014 0.146343
vn -0.989234 -0.000014 0.146343
vn -0.989234 -0.000014 0.146343
vn -0.989234 -0.000014 0.146343
vn 0.984081 0.000006 0.177721
vn 0.984081 0.000006 0.177721
vn 0.984081 0.000006 0.177721
vn 0.984081 0.000006 0.177721
vn 0.984075 0.000006 0.177756
vn 0.984075 0.000006 0.177756
vn 0.984075 0.000006 0.177756
vn 0.984075 0.000006 0.177756
vn 0.984075 -0.000006 0.177756
vn 0.984075 -0.000006 0.177756
vn 0.984075 -0.000006 0.177756
vn 0.984075 -0.000006 0.177756
vn 0.000000 0.999958 -0.009211
vn 0.000000 0.999958 -0.009211
vn 0.000000 0.999958 -0.009211
vn 0.000000 0.999958 -0.009211
vn -0.000000 0.999958 -0.009212
vn -0.000000 0.999958 -0.009212
vn -0.000000 0.999958 -0.009212
vn -0.000000 0.999958 -0.009212
vn 0.000000 0.999958 -0.009212
vn 0.000000 0.999958 -0.009212
vn 0.000000 0.999958 -0.009212
vn 0.000000 0.999958 -0.009212
vn -0.992411 -0.000001 0.122965
vn -0.992411 -0.000001 0.122965
vn -0.992411 -0.000001 0.122965
vn -0.992411 -0.000001 0.122965
vn -0.992410 -0.000001 0.122972
vn -0.992410 -0.000001 0.122972
vn -0.992410 -0.000001 0.122972
vn -0.992410 -0.000001 0.122972
vn -0.992410 0.000001 0.122972
vn -0.992410 0.000001 0.122972
vn -0.992410 0.000001 0.122972
vn -0.992410 0.000001 0.122972
vn -0.000000 -0.999989 0.004606
vn -0.000000 -0.999989 0.004606
vn -0.000000 -0.999989 0.004606
vn -0.000000 -0.999989 0.004606
vn -0.000000 -0.999989 0.004605
vn -0.000000 -0.999989 0.004605
vn -0.000000 -0.999989 0.004605
vn -0.000000 -0.999989 0.004605
vn 0.000000 -0.999989 0.004606
vn 0.000000 -0.999989 0.004606
vn 0.000000 -0.999989 0.004606
vn 0.000000 -0.999989 0.004606
vn -0.000290 0.000009 1.000000
vn -0.000290 0.000009 1.000000
vn -0.000290 0.000009 1.000000
vn -0.000290 0.000009 1.000000
vn 0.000000 1.000000 -0.000003
vn 0.000000 1.000000 -0.000003
vn 0.000000 1.000000 -0.000003
vn 0.000000 1.000000 -0.000003
vn 0.000290 0.000009 -1.000000
vn 0.000290 0.000009 -1.000000
vn 0.000290 0.000009 -1.000000
vn 0.000290 0.000009 -1.000000
vn -0.000000 -1.000000 -0.000002
vn -0.000000 -1.000000 -0.000002
vn -0.000000 -1.000000 -0.000002
vn -0.000000 -1.000000 -0.000002
vn 1.000000 0.000074 0.000936
vn 1.000000 0.000074 0.000936
vn 1.000000 0.000074 0.000936
vn 1.000000 0.000074 0.000936
vn -1.000000 0.000004 -0.000986
vn -1.000000 0.000004 -0.000986
vn -1.000000 0.000004 -0.000986
vn -1.000000 0.000004 -0.000986
vn -0.000290 0.000009 1.000000
vn -0.000290 0.000009 1.000000
vn -0.000290 0.000009 1.000000
vn -0.000290 0.000009 1.000000
vn -0.000290 -0.000009 1.000000
vn -0.000290 -0.000009 1.000000
vn -0.000290 -0.000009 1.000000
vn -0.000290 -0.000009 1.000000
vn -0.000290 -0.000009 1.000000
vn -0.000290 -0.000009 1.000000
vn -0.000290 -0.000009 1.000000
vn -0.000290 -0.000009 1.000000
vn -0.000000 1.000000 -0.000003
vn -0.000000 1.000000 -0.000003
vn -0.000000 1.000000 -0.000003
vn -0.000000 1.000000 -0.000003
vn -0.000000 1.000000 0.000003
vn -0.000000 1.000000 0.000003
vn -0.000000 1.000000 0.000003
vn -0.000000 1.000000 0.000003
vn 0.000000 1.000000 0.000003
vn 0.000000 1.000000 0.000003
vn 0.000000 1.000000 0.000003
vn 0.000000 1.000000 0.000003
vn 0.000290 0.000009 -1.000000
vn 0.000290 0.000009 -1.000000
vn 0.000290 0.000009 -1.000000
vn 0.000290 0.000009 -1.000000
vn 0.000290 -0.000009 -1.000000
vn 0.000290 -0.000009 -1.000000
vn 0.000290 -0.000009 -1.000000
vn 0.000290 -0.000009 -1.000000
vn 0.000290 -0.000009 -1.000000
vn 0.000290 -0.000009 -1.000000
vn 0.000290 -0.000009 -1.000000
vn 0.000290 -0.000009 -1.000000
vn 0.000000 -1.000000 -0.000003
vn 0.000000 -1.000000 -0.000003
vn 0.000000 -1.000000 -0.000003
vn 0.000000 -1.000000 -0.000003
vn 0.000000 -1.000000 0.000003
vn 0.000000 -1.000000 0.000003
vn 0.000000 -1.000000 0.000003
vn 0.000000 -1.000000 0.000003
vn -0.000000 -1.000000 0.000002
vn -0.000000 -1.000000 0.000002
vn -0.000000 -1.000000 0.000002
vn -0.000000 -1.000000 0.000002
vn 0.999999 0.000067 0.001035
vn 0.999999 0.000067 0.001035
vn 0.999999 0.000067 0.001035
vn 0.999999 0.000067 0.001035
vn 0.999999 -0.000067 0.001035
vn 0.999999 -0.000067 0.001035
vn 0.999999 -0.000067 0.001035
vn 1.000000 -0.000067 0.001035
vn 1.000000 -0.000074 0.000936
vn 1.000000 -0.000074 0.000936
vn 1.000000 -0.000074 0.000936
vn 1.000000 -0.000074 0.000936
vn -1.000000 0.000002 -0.000986
vn -1.000000 0.000002 -0.000986
vn -1.000000 0.000002 -0.000986
vn -1.000000 0.000002 -0.000986
vn -1.000000 0.000000 -0.000986
vn -1.000000 0.000000 -0.000986
vn -1.000000 0.000000 -0.000986
vn -1.000000 0.000000 -0.000986
vn -1.000000 -0.000002 -0.000986
vn -1.000000 -0.000002 -0.000986
vn -1.000000 -0.000002 -0.000986
vn -1.000000 -0.000002 -0.000986
vn -0.000335 0.000000 1.000000
vn -0.000335 0.000000 1.000000
vn -0.000335 0.000000 1.000000
vn -0.000335 0.000000 1.000000
vn 0.000000 1.000000 0.000000
vn 0.000000 1.000000 0.000000
vn 0.000000 1.000000 0.000000
vn 0.000000 1.000000 0.000000
vn 0.000335 0.000000 -1.000000
vn 0.000335 0.000000 -1.000000
vn 0.000335 0.000000 -1.000000
vn 0.000335 0.000000 -1.000000
vn 0.000000 -1.000000 0.000000
vn 0.000000 -1.000000 0.000000
vn 0.000000 -1.000000 0.000000
vn 0.000000 -1.000000 0.000000
vn 1.000000 0.000038 0.000767
vn 1.000000 0.000038 0.000767
vn 1.000000 0.000038 0.000767
vn 1.000000 0.000038 0.000767
vn -1.000000 -0.000039 -0.000872
vn -1.000000 -0.000039 -0.000872
vn -1.000000 -0.000039 -0.000872
vn -1.000000 -0.000039 -0.000872
vn -0.000335 0.000000 1.000000
vn -0.000335 0.000000 1.000000
vn -0.000335 0.000000 1.000000
vn -0.000335 0.000000 1.000000
vn -0.000335 -0.000000 1.000000
vn -0.000335 -0.000000 1.000000
vn -0.000335 -0.000000 1.000000
vn -0.000335 -0.000000 1.000000
vn -0.000335 -0.000000 1.000000
vn -0.000335 -0.000000 1.000000
vn -0.000335 -0.000000 1.000000
vn -0.000335 -0.000000 1.000000
vn 0.000000 1.000000 0.000000
vn 0.000000 1.000000 0.000000
vn 0.000000 1.000000 0.000000
vn 0.000000 1.000000 0.000000
vn 0.000000 1.000000 0.000000
vn 0.000000 1.000000 0.000000
vn 0.000000 1.000000 0.000000
vn 0.000000 1.000000 0.000000
vn 0.000000 1.000000 -0.000000
vn 0.000000 1.000000 -0.000000
vn 0.000000 1.000000 -0.000000
vn 0.000000 1.000000 -0.000000
vn 0.000335 0.000000 -1.000000
vn 0.000335 0.000000 -1.000000
vn 0.000335 0.000000 -1.000000
vn 0.000335 0.000000 -1.000000
vn 0.000335 0.000000 -1.000000
vn 0.000335 0.000000 -1.000000
vn 0.000335 0.000000 -1.000000
vn 0.000335 0.000000 -1.000000
vn 0.000335 0.000000 -1.000000
vn 0.000335 0.000000 -1.000000
vn 0.000335 0.000000 -1.000000
vn 0.000335 0.000000 -1.000000
vn 0.000000 -1.000000 0.000000
vn 0.000000 -1.000000 0.000000
vn 0.000000 -1.000000 0.000000
vn 0.000000 -1.000000 0.000000
vn 0.000000 -1.000000 0.000000
vn 0.000000 -1.000000 0.000000
vn 0.000000 -1.000000 0.000000
vn 0.000000 -1.000000 0.000000
vn 0.000000 -1.000000 -0.000000
vn 0.000000 -1.000000 -0.000000
vn 0.000000 -1.000000 -0.000000
vn 0.000000 -1.000000 -0.000000
vn 1.000000 0.000035 0.000872
vn 1.000000 0.000035 0.000872
vn 1.000000 0.000035 0.000872
vn 1.000000 0.000035 0.000872
vn 1.000000 -0.000034 0.000872
vn 1.000000 -0.000034 0.000872
vn 1.000000 -0.000034 0.000872
vn 1.000000 -0.000034 0.000872
vn 1.000000 -0.000037 0.000767
vn 1.000000 -0.000037 0.000767
vn 1.000000 -0.000037 0.000767
vn 1.000000 -0.000037 0.000767
vn -1.000000 -0.000039 -0.000820
vn -1.000000 -0.000039 -0.000820
vn -1.000000 -0.000039 -0.000820
vn -1.000000 -0.000039 -0.000820
vn -1.000000 0.000039 -0.000820
vn -1.000000 0.000039 -0.000820
vn -1.000000 0.000039 -0.000820
vn -1.000000 0.000039 -0.000820
vn -1.000000 0.000039 -0.000872
vn -1.000000 0.000039 -0.000872
vn -1.000000 0.000039 -0.000872
vn -1.000000 0.000039 -0.000872
vn 0.000000 0.000000 1.000000
vn 0.000000 0.000000 1.000000
vn 0.000000 0.000000 1.000000
vn 0.000000 0.000000 1.000000
vn 0.000000 1.000000 0.000000
vn 0.000000 1.000000 0.000000
vn 0.000000 1.000000 0.000000
vn 0.000000 1.000000 0.000000
vn 0.000000 0.000000 -1.000000
vn 0.000000 0.000000 -1.000000
vn 0.000000 0.000000 -1.000000
vn 0.000000 0.000000 -1.000000
vn 1.000000 0.000000 0.000000
vn 1.000000 0.000000 0.000000
vn 1.000000 0.000000 0.000000
vn 1.000000 0.000000 0.000000
vn -1.000000 0.000008 0.000008
vn -1.000000 0.000008 0.000008
vn -1.000000 0.000008 0.000008
vn -1.000000 0.000008 0.000008
vn 0.000000 1.000000 -0.000001
vn 0.000000 1.000000 -0.000001
vn 0.000000 1.000000 -0.000001
vn 0.000000 1.000000 -0.000001
vn 0.000000 1.000000 0.000000
vn 0.000000 1.000000 0.000000
vn 0.000000 1.000000 0.000000
vn 0.000000 1.000000 0.000000
vn 0.000000 1.000000 0.000000
vn 0.000000 1.000000 0.000000
vn 0.000000 1.000000 0.000000
vn 0.000000 1.000000 0.000000
vn 0.000000 1.000000 0.000000
vn 0.000000 1.000000 0.000000
vn 0.000000 1.000000 0.000000
vn 0.000000 1.000000 0.000000
vn 0.000000 0.000000 1.000000
vn 0.000000 0.000000 1.000000
vn 0.000000 0.000000 1.000000
vn 0.000000 0.000000 1.000000
vn 1.000000 0.000000 0.000000
vn 1.000000 0.000000 0.000000
vn 1.000000 0.000000 0.000000
vn 1.000000 0.000000 0.000000
vn 0.000000 0.000000 -1.000000
vn 0.000000 0.000000 -1.000000
vn 0.000000 0.000000 -1.000000
vn 0.000000 0.000000 -1.000000
vn -1.000000 0.000000 0.000000
vn -1.000000 0.000000 0.000000
vn -1.000000 0.000000 0.000000
vn -1.000000 0.000000 0.000000
vn 0.000000 0.000000 1.000000
vn 0.000000 0.000000 1.000000
vn 0.000000 0.000000 1.000000
vn 0.000000 0.000000 1.000000
vn 0.000000 0.000000 1.000000
vn 0.000000 0.000000 1.000000
vn 0.000000 0.000000 1.000000
vn 0.000000 0.000000 1.000000
vn 0.000000 0.000000 1.000000
vn 0.000000 0.000000 1.000000
vn 0.000000 0.000000 1.000000
vn 0.000000 0.000000 1.000000
vn 0.000000 1.000000 -0.000000
vn 0.000000 1.000000 -0.000000
vn 0.000000 1.000000 -0.000000
vn 0.000000 1.000000 -0.000000
vn 0.000000 1.000000 0.000000
vn 0.000000 1.000000 0.000000
vn 0.000000 1.000000 0.000000
vn 0.000000 1.000000 0.000000
vn 0.000000 1.000000 -0.000000
vn 0.000000 1.000000 -0.000000
vn 0.000000 1.000000 -0.000000
vn 0.000000 1.000000 -0.000000
vn 0.000000 0.000000 -1.000000
vn 0.000000 0.000000 -1.000000
vn 0.000000 0.000000 -1.000000
vn 0.000000 0.000000 -1.000000
vn 0.000000 0.000000 -1.000000
vn 0.000000 0.000000 -1.000000
vn 0.000000 0.000000 -1.000000
vn 0.000000 0.000000 -1.000000
vn 0.000000 0.000000 -1.000000
vn 0.000000 0.000000 -1.000000
vn 0.000000 0.000000 -1.000000
vn 0.000000 0.000000 -1.000000
vn 1.000000 0.000000 0.000000
vn 1.000000 0.000000 0.000000
vn 1.000000 0.000000 0.000000
vn 1.000000 0.000000 0.000000
vn 1.000000 0.000000 0.000000
vn 1.000000 0.000000 0.000000
vn 1.000000 0.000000 0.000000
vn 1.000000 0.000000 0.000000
vn 1.000000 0.000000 0.000000
vn 1.000000 0.000000 0.000000
vn 1.000000 0.000000 0.000000
vn 1.000000 0.000000 0.000000
vn -1.000000 0.000008 -0.000008
vn -1.000000 0.000008 -0.000008
vn -1.000000 0.000008 -0.000008
vn -1.000000 0.000008 -0.000008
vn -1.000000 -0.000007 -0.000008
vn -1.000000 -0.000007 -0.000008
vn -1.000000 -0.000007 -0.000008
vn -1.000000 -0.000007 -0.000008
vn -1.000000 -0.000008 0.000008
vn -1.000000 -0.000008 0.000008
vn -1.000000 -0.000008 0.000008
vn -1.000000 -0.000008 0.000008
vn 0.000000 1.000000 0.000000
vn 0.000000 1.000000 0.000000
vn 0.000000 1.000000 0.000000
vn 0.000000 1.000000 0.000000
vn 0.000000 1.000000 0.000000
vn 0.000000 1.000000 0.000000
vn 0.000000 1.000000 0.000000
vn 0.000000 1.000000 0.000000
vn 0.000000 1.000000 0.000001
vn 0.000000 1.000000 0.000001
vn 0.000000 1.000000 0.000001
vn 0.000000 1.000000 0.000001
vn 0.000000 1.000000 0.000000
vn 0.000000 1.000000 0.000000
vn 0.000000 1.000000 0.000000
vn 0.000000 1.000000 0.000000
vn 0.000000 1.000000 0.000000
vn 0.000000 1.000000 0.000000
vn 0.000000 1.000000 0.000000
vn 0.000000 1.000000 0.000000
vn 0.000000 1.000000 0.000000
vn 0.000000 1.000000 0.000000
vn 0.000000 1.000000 0.000000
vn 0.000000 1.000000 0.000000
vn 0.000000 1.000000 0.000001
vn 0.000000 1.000000 0.000001
vn 0.000000 1.000000 0.000001
vn 0.000000 1.000000 0.000001
vn 0.000000 1.000000 -0.000001
vn 0.000000 1.000000 -0.000001
vn 0.000000 1.000000 -0.000001
vn 0.000000 1.000000 -0.000001
vn 0.000000 1.000000 0.000000
vn 0.000000 1.000000 0.000000
vn 0.000000 1.000000 0.000000
vn 0.000000 1.000000 0.000000
vn 0.000000 1.000000 0.000000
vn 0.000000 1.000000 0.000000
vn 0.000000 1.000000 0.000000
vn 0.000000 1.000000 0.000000
vn 0.000000 1.000000 0.000000
vn 0.000000 1.000000 0.000000
vn 0.000000 1.000000 0.000000
vn 0.000000 1.000000 0.000000
vn 0.000000 1.000000 0.000000
vn 0.000000 1.000000 0.000000
vn 0.000000 1.000000 0.000000
vn 0.000000 1.000000 0.000000
vn 0.000000 0.000000 1.000000
vn 0.000000 0.000000 1.000000
vn 0.000000 0.000000 1.000000
vn 0.000000 0.000000 1.000000
vn 0.000000 0.000000 1.000000
vn 0.000000 0.000000 1.000000
vn 0.000000 0.000000 1.000000
vn 0.000000 0.000000 1.000000
vn 0.000000 0.000000 1.000000
vn 0.000000 0.000000 1.000000
vn 0.000000 0.000000 1.000000
vn 0.000000 0.000000 1.000000
vn 1.000000 -0.000000 0.000000
vn 1.000000 -0.000000 0.000000
vn 1.000000 -0.000000 0.000000
vn 1.000000 -0.000000 0.000000
vn 1.000000 0.000000 0.000000
vn 1.000000 0.000000 0.000000
vn 1.000000 0.000000 0.000000
vn 1.000000 0.000000 0.000000
vn 1.000000 -0.000000 0.000000
vn 1.000000 -0.000000 0.000000
vn 1.000000 -0.000000 0.000000
vn 1.000000 -0.000000 0.000000
vn 0.000000 0.000000 -1.000000
vn 0.000000 0.000000 -1.000000
vn 0.000000 0.000000 -1.000000
vn 0.000000 0.000000 -1.000000
vn 0.000000 0.000000 -1.000000
vn 0.000000 0.000000 -1.000000
vn 0.000000 0.000000 -1.000000
vn 0.000000 0.000000 -1.000000
vn 0.000000 0.000000 -1.000000
vn 0.000000 0.000000 -1.000000
vn 0.000000 0.000000 -1.000000
vn 0.000000 0.000000 -1.000000
vn -1.000000 0.000000 0.000000
vn -1.000000 0.000000 0.000000
vn -1.000000 0.000000 0.000000
vn -1.000000 0.000000 0.000000
vn -1.000000 0.000000 0.000000
vn -1.000000 0.000000 0.000000
vn -1.000000 0.000000 0.000000
vn -1.000000 0.000000 0.000000
vn -1.000000 0.000000 0.000000
vn -1.000000 0.000000 0.000000
vn -1.000000 0.000000 0.000000
vn -1.000000 0.000000 0.000000
vn 0.161415 0.986887 0.000000
vn 0.161415 0.986887 0.000000
vn 0.161415 0.986887 0.000000
vn 0.161415 0.986887 0.000000
vn 0.000000 0.000000 -1.000000
vn 0.000000 0.000000 -1.000000
vn 0.000000 0.000000 -1.000000
vn 0.000000 0.000000 -1.000000
vn -0.161415 -0.986887 -0.000001
vn -0.161415 -0.986887 -0.000000
vn -0.161415 -0.986887 -0.000000
vn -0.161415 -0.986887 -0.000001
vn -0.994590 0.102413 -0.017419
vn -0.991957 0.126141 -0.010442
vn -0.990634 0.136340 -0.007434
vn -0.994590 0.102413 -0.017419
vn -0.986879 0.161464 0.000000
vn -0.986884 0.161434 -0.000005
vn -0.986884 0.161434 -0.000005
vn -0.986879 0.161464 0.000000
vn -0.161415 -0.986887 -0.000001
vn -0.161415 -0.986887 -0.000000
vn -0.161415 -0.986887 -0.000000
vn -0.161415 -0.986887 -0.000001
vn 0.986888 -0.161408 0.000009
vn 0.986888 -0.161408 0.000009
vn 0.986888 -0.161408 0.000009
vn 0.986888 -0.161408 0.000009
vn 0.161415 0.986887 0.000000
vn 0.161415 0.986887 0.000000
vn 0.161415 0.986887 0.000000
vn 0.161415 0.986887 0.000000
vn -0.986888 0.161404 0.000009
vn -0.986884 0.161434 0.000005
vn -0.986884 0.161434 0.000005
vn -0.986888 0.161404 0.000009
vn -0.161415 -0.986887 -0.000001
vn -0.161415 -0.986887 -0.000000
vn -0.161415 -0.986887 -0.000000
vn -0.161415 -0.986887 -0.000001
vn 0.986869 -0.161523 -0.000009
vn 0.986878 -0.161466 -0.000009
vn 0.986878 -0.161466 -0.000009
vn 0.986869 -0.161523 -0.000009
vn 0.161415 0.986887 0.000000
vn 0.161415 0.986887 0.000000
vn 0.161415 0.986887 0.000000
vn 0.161415 0.986887 0.000000
vn -0.986879 0.161464 0.000000
vn -0.986879 0.161462 0.000000
vn -0.986879 0.161462 0.000000
vn -0.986879 0.161464 0.000000
vn -0.161415 -0.986887 -0.000001
vn -0.161415 -0.986887 -0.000000
vn -0.161415 -0.986887 -0.000000
vn -0.161415 -0.986887 -0.000001
vn 0.986869 -0.161523 -0.000009
vn 0.986869 -0.161523 -0.000000
vn 0.986869 -0.161523 -0.000000
vn 0.986869 -0.161523 -0.000009
vn 0.161415 0.986887 0.000000
vn 0.161415 0.986887 0.000000
vn 0.161415 0.986887 0.000000
vn 0.161415 0.986887 0.000000
vn -0.986879 0.161462 0.000000
vn -0.986884 0.161433 -0.000005
vn -0.986884 0.161433 -0.000005
vn -0.986879 0.161462 0.000000
vn -0.161415 -0.986887 -0.000001
vn -0.161415 -0.986887 -0.000000
vn -0.161415 -0.986887 -0.000000
vn -0.161415 -0.986887 -0.000001
vn 0.986878 -0.161470 0.000000
vn 0.986873 -0.161496 0.000005
vn 0.986873 -0.161496 0.000005
vn 0.986878 -0.161470 0.000000
vn 0.161415 0.986887 0.000000
vn 0.161415 0.986887 0.000000
vn 0.161415 0.986887 0.000000
vn 0.161415 0.986887 0.000000
vn -0.986888 0.161405 0.000009
vn -0.991961 0.126117 0.010434
vn -0.990639 0.136305 0.007431
vn -0.986888 0.161405 0.000009
vn -0.161415 -0.986887 -0.000001
vn -0.161415 -0.986887 -0.000001
vn -0.161415 -0.986887 -0.000001
vn -0.161415 -0.986887 -0.000001
vn 0.986888 -0.161407 0.000009
vn 0.986883 -0.161438 0.000005
vn 0.986883 -0.161438 0.000005
vn 0.986888 -0.161407 0.000009
vn 0.161415 0.986887 0.000000
vn 0.161415 0.986887 0.000000
vn 0.161415 0.986887 0.000000
vn 0.161415 0.986887 0.000000
vn -0.994551 0.104254 0.000463
vn -0.994551 0.104254 0.000463
vn -0.994551 0.104254 0.000463
vn -0.994551 0.104254 0.000463
vn -0.161415 -0.986887 -0.000001
vn -0.161415 -0.986887 -0.000001
vn -0.161415 -0.986887 -0.000001
vn -0.161415 -0.986887 -0.000001
vn 0.161415 0.986887 0.000000
vn 0.161415 0.986887 0.000000
vn 0.161415 0.986887 0.000000
vn 0.161415 0.986887 0.000000
vn -0.000000 0.000000 1.000000
vn -0.000000 0.000000 1.000000
vn -0.000000 0.000000 1.000000
vn -0.000000 0.000000 1.000000
vn 1.000000 0.000000 0.000000
vn 1.000000 0.000000 0.000000
vn 1.000000 0.000000 0.000000
vn 1.000000 0.000000 0.000000
vn -0.000000 0.000000 -1.000000
vn -0.000000 0.000000 -1.000000
vn -0.000000 0.000000 -1.000000
vn -0.000000 0.000000 -1.000000
vn -0.000000 0.000000 1.000000
vn -0.000000 0.000000 1.000000
vn -0.000000 0.000000 1.000000
vn -0.000000 0.000000 1.000000
vn 1.000000 0.000110 -0.000009
vn 1.000000 0.000110 -0.000009
vn 1.000000 0.000110 -0.000009
vn 1.000000 0.000110 -0.000009
vn 0.000001 0.000006 -1.000000
vn 0.000001 0.000006 -1.000000
vn 0.000001 0.000006 -1.000000
vn 0.000001 0.000006 -1.000000
vn -1.000000 0.000000 0.000000
vn -1.000000 0.000000 0.000000
vn -1.000000 0.000000 0.000000
vn -1.000000 0.000000 0.000000
vn 0.000002 0.000006 1.000000
vn 0.000002 0.000006 1.000000
vn 0.000002 0.000006 1.000000
vn 0.000002 0.000006 1.000000
vn 1.000000 0.000110 -0.000009
vn 1.000000 0.000110 -0.000009
vn 1.000000 0.000110 -0.000009
vn 1.000000 0.000110 -0.000009
vn 0.000000 0.000000 -1.000000
vn 0.000000 0.000000 -1.000000
vn 0.000000 0.000000 -1.000000
vn 0.000000 0.000000 -1.000000
vn -1.000000 0.000000 0.000000
vn -1.000000 0.000000 0.000000
vn -1.000000 0.000000 0.000000
vn -1.000000 0.000000 0.000000
vn 0.000000 0.000000 1.000000
vn 0.000000 0.000000 1.000000
vn 0.000000 0.000000 1.000000
vn 0.000000 0.000000 1.000000
vn 1.000000 0.000041 -0.000009
vn 1.000000 0.000041 -0.000009
vn 1.000000 0.000041 -0.000009
vn 1.000000 0.000041 -0.000009
vn -0.616423 -0.787415 0.000000
vn -0.616423 -0.787415 0.000000
vn -0.616423 -0.787415 0.000000
vn -0.616423 -0.787415 0.000000
vn 0.000000 0.000000 -1.000000
vn 0.000000 0.000000 -1.000000
vn 0.000000 0.000000 -1.000000
vn 0.000000 0.000000 -1.000000
vn 0.635823 0.771835 -0.000001
vn 0.635823 0.771835 -0.000001
vn 0.635823 0.771835 -0.000001
vn 0.635823 0.771835 -0.000001
vn 0.000000 0.000000 1.000000
vn 0.000002 0.000002 1.000000
vn 0.000001 0.000001 1.000000
vn 0.000000 0.000000 1.000000
vn -0.616431 -0.787409 0.000008
vn -0.616431 -0.787409 0.000008
vn -0.616431 -0.787409 0.000008
vn -0.616431 -0.787409 0.000008
vn 0.000000 0.000002 -1.000000
vn -0.000001 0.000002 -1.000000
vn -0.000001 0.000002 -1.000000
vn 0.000000 0.000002 -1.000000
vn 0.635831 0.771829 0.000006
vn 0.635831 0.771828 0.000006
vn 0.635831 0.771828 0.000006
vn 0.635831 0.771829 0.000006
vn -0.000003 0.000000 1.000000
vn -0.000003 0.000000 1.000000
vn -0.000003 0.000000 1.000000
vn -0.000003 0.000000 1.000000
vn -0.000003 -1.000000 0.000000
vn -0.489908 -0.871774 0.000000
vn -0.489908 -0.871774 0.000000
vn -0.000003 -1.000000 0.000000
vn -0.000006 0.000005 1.000000
vn -0.000006 0.000005 1.000000
vn -0.000006 0.000005 1.000000
vn -0.000006 0.000005 1.000000
vn 0.000003 1.000000 0.000002
vn 0.000003 1.000000 0.000002
vn 0.000003 1.000000 0.000002
vn 0.000003 1.000000 0.000002
vn 0.000000 1.000000 0.000000
vn 0.000000 1.000000 0.000000
vn 0.000000 1.000000 0.000000
vn 0.000000 1.000000 0.000000
vn 0.000000 0.000002 -1.000000
vn 0.000000 0.000002 -1.000000
vn 0.000000 0.000002 -1.000000
vn 0.000000 0.000002 -1.000000
vn 0.000000 -1.000000 0.000000
vn -0.489901 -0.871778 0.000004
vn -0.489902 -0.871778 0.000004
vn 0.000000 -1.000000 0.000000
vn -0.000000 -1.000000 0.000000
vn -0.000000 -1.000000 0.000000
vn -0.000000 -1.000000 0.000000
vn -0.000000 -1.000000 0.000000
vn -1.000000 0.000000 0.000000
vn -1.000000 0.000000 0.000000
vn -1.000000 0.000000 0.000000
vn -1.000000 0.000000 0.000000
vn -0.000003 1.000000 0.000000
vn -0.000003 1.000000 0.000000
vn -0.000003 1.000000 0.000000
vn -0.000003 1.000000 0.000000
vn 1.000000 0.000000 0.000000
vn 1.000000 0.000000 0.000000
vn 1.000000 0.000000 0.000000
vn 1.000000 0.000000 0.000000
vn 0.161415 0.986887 0.000000
vn 0.161415 0.986887 0.000000
vn 0.161415 0.986887 0.000000
vn 0.161415 0.986887 0.000000
vn 0.161415 0.986887 0.000000
vn 0.161415 0.986887 0.000000
vn 0.161415 0.986887 0.000000
vn 0.161415 0.986887 0.000000
vn 0.161415 0.986887 0.000000
vn 0.161415 0.986887 0.000000
vn 0.161415 0.986887 0.000000
vn 0.161415 0.986887 0.000000
vn -0.000000 0.000000 -1.000000
vn -0.000000 0.000000 -1.000000
vn -0.000000 0.000000 -1.000000
vn -0.000000 0.000000 -1.000000
vn 0.000000 0.000000 -1.000000
vn 0.000000 0.000000 -1.000000
vn 0.000000 0.000000 -1.000000
vn 0.000000 0.000000 -1.000000
vn -0.000001 0.000000 -1.000000
vn -0.000001 0.000000 -1.000000
vn -0.000001 0.000000 -1.000000
vn -0.000001 0.000000 -1.000000
vn -0.161414 -0.986887 -0.000001
vn -0.161414 -0.986887 -0.000001
vn -0.161414 -0.986887 -0.000003
vn -0.161414 -0.986887 -0.000003
vn -0.161414 -0.986887 0.000001
vn -0.161414 -0.986887 0.000001
vn -0.161414 -0.986887 0.000001
vn -0.161414 -0.986887 0.000001
vn -0.161415 -0.986887 0.000002
vn -0.161415 -0.986887 0.000002
vn -0.161415 -0.986887 0.000002
vn -0.161415 -0.986887 0.000002
vn -0.989876 0.141903 -0.003027
vn -0.989811 0.142356 -0.002957
vn -0.991816 0.127571 -0.005253
vn -0.991816 0.127571 -0.005253
vn -0.994555 0.104216 -0.000454
vn -0.994555 0.104216 -0.000454
vn -0.994555 0.104216 -0.000454
vn -0.994555 0.104216 -0.000454
vn -0.994931 0.100564 -0.000454
vn -0.994931 0.100564 -0.000454
vn -0.994931 0.100564 -0.000454
vn -0.994931 0.100564 -0.000454
vn -0.997370 0.072186 -0.006457
vn -0.997370 0.072186 -0.006457
vn -0.997370 0.072186 -0.006457
vn -0.997370 0.072186 -0.006457
vn -0.986893 0.161376 -0.000005
vn -0.986893 0.161376 -0.000005
vn -0.986898 0.161346 0.000000
vn -0.986898 0.161346 0.000000
vn -0.986898 0.161346 0.000000
vn -0.986898 0.161346 0.000000
vn -0.986879 0.161464 0.000000
vn -0.986879 0.161464 0.000000
vn -0.161414 -0.986887 -0.000000
vn -0.161414 -0.986887 -0.000000
vn -0.161414 -0.986887 -0.000002
vn -0.161414 -0.986887 -0.000002
vn -0.161414 -0.986887 0.000001
vn -0.161414 -0.986887 0.000001
vn -0.161415 -0.986887 0.000001
vn -0.161415 -0.986887 0.000001
vn 0.986888 -0.161408 0.000009
vn 0.986888 -0.161408 0.000009
vn 0.986888 -0.161408 0.000009
vn 0.986888 -0.161408 0.000009
vn 0.986888 -0.161408 -0.000009
vn 0.986897 -0.161351 -0.000009
vn 0.986897 -0.161351 -0.000009
vn 0.986888 -0.161408 -0.000009
vn 0.986888 -0.161408 -0.000009
vn 0.986888 -0.161408 -0.000009
vn 0.161415 0.986887 0.000000
vn 0.161415 0.986887 0.000000
vn 0.161415 0.986887 0.000000
vn 0.161415 0.986887 0.000000
vn 0.161415 0.986887 0.000000
vn 0.161415 0.986887 0.000000
vn 0.161415 0.986887 0.000000
vn 0.161415 0.986887 0.000000
vn 0.161415 0.986887 0.000000
vn 0.161415 0.986887 0.000000
vn 0.161415 0.986887 0.000000
vn 0.161415 0.986887 0.000000
vn -0.986893 0.161375 0.000004
vn -0.986893 0.161375 0.000004
vn -0.986889 0.161403 0.000009
vn -0.986889 0.161403 0.000009
vn -0.986888 0.161406 -0.000009
vn -0.986888 0.161406 -0.000009
vn -0.986888 0.161404 -0.000009
vn -0.986888 0.161404 -0.000009
vn -0.161414 -0.986887 -0.000000
vn -0.161414 -0.986887 -0.000000
vn -0.161414 -0.986887 -0.000002
vn -0.161414 -0.986887 -0.000002
vn -0.161414 -0.986887 0.000001
vn -0.161414 -0.986887 0.000001
vn -0.161415 -0.986887 0.000001
vn -0.161415 -0.986887 0.000001
vn 0.986906 -0.161294 -0.000009
vn 0.986906 -0.161294 -0.000009
vn 0.986906 -0.161294 0.000009
vn 0.986906 -0.161294 -0.000000
vn 0.986906 -0.161294 -0.000000
vn 0.986906 -0.161294 0.000009
vn 0.986869 -0.161522 0.000009
vn 0.986869 -0.161522 0.000009
vn 0.161415 0.986887 0.000000
vn 0.161415 0.986887 0.000000
vn 0.161415 0.986887 0.000000
vn 0.161415 0.986887 0.000000
vn 0.161415 0.986887 0.000001
vn 0.161415 0.986887 0.000001
vn 0.161415 0.986887 0.000001
vn 0.161415 0.986887 0.000001
vn 0.161415 0.986887 0.000001
vn 0.161415 0.986887 0.000001
vn 0.161415 0.986887 0.000001
vn 0.161415 0.986887 0.000001
vn -0.986898 0.161347 -0.000000
vn -0.986898 0.161347 -0.000000
vn -0.986898 0.161346 0.000001
vn -0.986898 0.161346 0.000001
vn -0.986898 0.161346 -0.000001
vn -0.986898 0.161346 -0.000001
vn -0.986879 0.161463 0.000000
vn -0.986879 0.161463 0.000000
vn -0.161414 -0.986887 0.000000
vn -0.161414 -0.986887 0.000000
vn -0.161414 -0.986887 0.000001
vn -0.161414 -0.986887 0.000001
vn -0.161414 -0.986887 0.000001
vn -0.161414 -0.986887 0.000001
vn -0.161415 -0.986887 0.000001
vn -0.161415 -0.986887 0.000001
vn 0.986907 -0.161293 -0.000009
vn 0.986907 -0.161293 -0.000009
vn 0.986907 -0.161292 0.000009
vn 0.986902 -0.161319 0.000005
vn 0.986902 -0.161319 0.000005
vn 0.986907 -0.161292 0.000009
vn 0.986869 -0.161523 0.000009
vn 0.986869 -0.161523 0.000009
vn 0.161415 0.986887 0.000000
vn 0.161415 0.986887 0.000000
vn 0.161415 0.986887 0.000000
vn 0.161415 0.986887 0.000000
vn 0.161415 0.986887 0.000000
vn 0.161415 0.986887 0.000000
vn 0.161415 0.986887 0.000000
vn 0.161415 0.986887 0.000000
vn 0.161415 0.986887 0.000000
vn 0.161415 0.986887 0.000000
vn 0.161415 0.986887 0.000000
vn 0.161415 0.986887 0.000000
vn -0.986893 0.161375 -0.000004
vn -0.986893 0.161375 -0.000004
vn -0.986898 0.161346 0.000001
vn -0.986898 0.161346 0.000001
vn -0.986898 0.161347 -0.000001
vn -0.986898 0.161347 -0.000001
vn -0.986879 0.161461 0.000000
vn -0.986879 0.161461 0.000000
vn -0.161414 -0.986887 0.000000
vn -0.161414 -0.986887 0.000000
vn -0.161414 -0.986887 -0.000000
vn -0.161414 -0.986887 -0.000000
vn -0.161414 -0.986887 0.000000
vn -0.161414 -0.986887 0.000000
vn -0.161415 -0.986887 0.000001
vn -0.161415 -0.986887 0.000001
vn 0.986898 -0.161345 0.000000
vn 0.986898 -0.161345 0.000000
vn 0.986898 -0.161346 0.000000
vn 0.986893 -0.161376 0.000005
vn 0.986893 -0.161376 0.000005
vn 0.986898 -0.161346 0.000000
vn 0.986878 -0.161469 0.000000
vn 0.986878 -0.161470 0.000000
vn 0.161415 0.986887 0.000000
vn 0.161415 0.986887 0.000000
vn 0.161415 0.986887 0.000000
vn 0.161415 0.986887 0.000000
vn 0.161415 0.986887 0.000000
vn 0.161415 0.986887 0.000000
vn 0.161415 0.986887 0.000000
vn 0.161415 0.986887 0.000000
vn 0.161415 0.986887 0.000000
vn 0.161415 0.986887 0.000000
vn 0.161415 0.986887 0.000000
vn 0.161415 0.986887 0.000000
vn -0.989869 0.141954 0.003027
vn -0.989804 0.142406 0.002957
vn -0.986888 0.161405 0.000009
vn -0.986888 0.161405 0.000009
vn -0.986888 0.161405 -0.000009
vn -0.986888 0.161405 -0.000009
vn -0.986888 0.161405 -0.000009
vn -0.986888 0.161405 -0.000009
vn -0.161414 -0.986887 -0.000001
vn -0.161414 -0.986887 -0.000001
vn -0.161414 -0.986887 -0.000002
vn -0.161414 -0.986887 -0.000002
vn -0.161414 -0.986887 0.000001
vn -0.161414 -0.986887 0.000001
vn -0.161415 -0.986887 0.000001
vn -0.161415 -0.986887 0.000001
vn 0.986888 -0.161407 0.000009
vn 0.986888 -0.161407 0.000009
vn 0.986888 -0.161407 -0.000009
vn 0.986888 -0.161407 -0.000009
vn 0.986888 -0.161407 -0.000009
vn 0.986888 -0.161407 -0.000009
vn 0.986888 -0.161407 -0.000009
vn 0.986888 -0.161407 -0.000009
vn 0.986888 -0.161407 -0.000009
vn 0.986888 -0.161407 -0.000009
vn 0.161415 0.986887 0.000000
vn 0.161415 0.986887 0.000000
vn 0.161415 0.986887 0.000000
vn 0.161415 0.986887 0.000000
vn 0.161415 0.986887 0.000000
vn 0.161415 0.986887 0.000000
vn 0.161415 0.986887 0.000000
vn 0.161415 0.986887 0.000000
vn 0.161415 0.986887 0.000000
vn 0.161415 0.986887 0.000000
vn 0.161415 0.986887 0.000000
vn 0.161415 0.986887 0.000000
vn -0.991810 0.127615 0.005245
vn -0.991810 0.127615 0.005245
vn -0.994590 0.102412 0.017401
vn -0.994590 0.102412 0.017401
vn -0.997374 0.072133 0.006452
vn -0.997374 0.072133 0.006452
vn -0.997374 0.072133 0.006452
vn -0.997374 0.072133 0.006452
vn -0.994934 0.100527 0.000464
vn -0.994934 0.100527 0.000464
vn -0.994934 0.100527 0.000464
vn -0.994934 0.100527 0.000464
vn -0.161415 -0.986887 -0.000001
vn -0.161415 -0.986887 -0.000001
vn -0.161415 -0.986887 -0.000001
vn -0.161415 -0.986887 -0.000001
vn -0.161414 -0.986887 0.000000
vn -0.161414 -0.986887 0.000000
vn -0.161415 -0.986887 0.000000
vn -0.161415 -0.986887 0.000000
vn 0.161415 0.986887 0.000000
vn 0.161415 0.986887 0.000000
vn 0.161415 0.986887 0.000000
vn 0.161415 0.986887 0.000000
vn 0.161415 0.986887 -0.000001
vn 0.161415 0.986887 -0.000001
vn 0.161415 0.986887 -0.000001
vn 0.161415 0.986887 -0.000001
vn 0.161415 0.986887 -0.000001
vn 0.161415 0.986887 -0.000001
vn 0.161415 0.986887 -0.000001
vn 0.161415 0.986887 -0.000001
vn 0.000000 0.000000 1.000000
vn 0.000000 0.000000 1.000000
vn 0.000000 0.000000 1.000000
vn 0.000000 0.000000 1.000000
vn 0.000000 0.000000 1.000000
vn 0.000000 0.000000 1.000000
vn 0.000000 0.000000 1.000000
vn 0.000000 0.000000 1.000000
vn -0.000000 0.000000 1.000000
vn -0.000000 0.000000 1.000000
vn -0.000000 0.000000 1.000000
vn -0.000000 0.000000 1.000000
vn 1.000000 -0.000002 0.000000
vn 1.000000 -0.000002 0.000000
vn 1.000000 -0.000002 0.000000
vn 1.000000 -0.000002 0.000000
vn 1.000000 0.000000 0.000000
vn 1.000000 0.000000 0.000000
vn 1.000000 0.000000 0.000000
vn 1.000000 0.000000 0.000000
vn 1.000000 -0.000002 0.000000
vn 1.000000 -0.000002 0.000000
vn 1.000000 -0.000002 0.000000
vn 1.000000 -0.000002 0.000000
vn -0.000000 0.000000 -1.000000
vn -0.000000 0.000000 -1.000000
vn -0.000000 0.000000 -1.000000
vn -0.000000 0.000000 -1.000000
vn 0.000000 0.000000 -1.000000
vn 0.000000 0.000000 -1.000000
vn 0.000000 0.000000 -1.000000
vn 0.000000 0.000000 -1.000000
vn -0.000000 0.000000 -1.000000
vn -0.000000 0.000000 -1.000000
vn -0.000000 0.000000 -1.000000
vn -0.000000 0.000000 -1.000000
vn 0.000000 0.000000 1.000000
vn 0.000000 0.000000 1.000000
vn 0.000000 0.000000 1.000000
vn 0.000000 0.000000 1.000000
vn -0.000000 0.000000 1.000000
vn -0.000000 0.000000 1.000000
vn -0.000000 0.000000 1.000000
vn -0.000000 0.000000 1.000000
vn 0.000000 0.000000 1.000000
vn 0.000000 0.000000 1.000000
vn 0.000000 0.000000 1.000000
vn 0.000000 0.000000 1.000000
vn 1.000000 0.000108 0.000009
vn 1.000000 0.000108 0.000009
vn 1.000000 0.000108 0.000009
vn 1.000000 0.000108 0.000009
vn 1.000000 -0.000110 0.000009
vn 1.000000 -0.000110 0.000009
vn 1.000000 -0.000110 0.000009
vn 1.000000 -0.000110 0.000009
vn 1.000000 -0.000111 -0.000009
vn 1.000000 -0.000111 -0.000009
vn 1.000000 -0.000111 -0.000009
vn 1.000000 -0.000111 -0.000009
vn 0.000001 0.000006 -1.000000
vn 0.000001 0.000006 -1.000000
vn 0.000001 0.000006 -1.000000
vn 0.000001 0.000006 -1.000000
vn -0.000001 -0.000006 -1.000000
vn -0.000001 -0.000006 -1.000000
vn -0.000001 -0.000006 -1.000000
vn -0.000001 -0.000006 -1.000000
vn -0.000001 -0.000006 -1.000000
vn -0.000001 -0.000006 -1.000000
vn -0.000001 -0.000006 -1.000000
vn -0.000001 -0.000006 -1.000000
vn -1.000000 -0.000000 0.000000
vn -1.000000 -0.000000 0.000000
vn -1.000000 -0.000000 0.000000
vn -1.000000 -0.000000 0.000000
vn -1.000000 0.000000 0.000000
vn -1.000000 0.000000 0.000000
vn -1.000000 0.000000 0.000000
vn -1.000000 0.000000 0.000000
vn -1.000000 -0.000000 0.000000
vn -1.000000 -0.000000 0.000000
vn -1.000000 -0.000000 0.000000
vn -1.000000 -0.000000 0.000000
vn 0.000002 0.000006 1.000000
vn 0.000002 0.000006 1.000000
vn 0.000002 0.000006 1.000000
vn 0.000002 0.000006 1.000000
vn -0.000002 -0.000006 1.000000
vn -0.000002 -0.000006 1.000000
vn -0.000002 -0.000006 1.000000
vn -0.000002 -0.000006 1.000000
vn -0.000001 -0.000006 1.000000
vn -0.000001 -0.000006 1.000000
vn -0.000001 -0.000006 1.000000
vn -0.000001 -0.000006 1.000000
vn 1.000000 0.000109 0.000009
vn 1.000000 0.000109 0.000009
vn 1.000000 0.000109 0.000009
vn 1.000000 0.000109 0.000009
vn 1.000000 -0.000110 0.000009
vn 1.000000 -0.000110 0.000009
vn 1.000000 -0.000110 0.000009
vn 1.000000 -0.000110 0.000009
vn 1.000000 -0.000110 -0.000009
vn 1.000000 -0.000110 -0.000009
vn 1.000000 -0.000110 -0.000009
vn 1.000000 -0.000110 -0.000009
vn 0.000001 0.000000 -1.000000
vn 0.000001 0.000000 -1.000000
vn 0.000001 0.000000 -1.000000
vn 0.000001 0.000000 -1.000000
vn 0.000000 0.000000 -1.000000
vn 0.000000 0.000000 -1.000000
vn 0.000000 0.000000 -1.000000
vn 0.000000 0.000000 -1.000000
vn 0.000000 0.000000 -1.000000
vn 0.000000 0.000000 -1.000000
vn 0.000000 0.000000 -1.000000
vn 0.000000 0.000000 -1.000000
vn -1.000000 -0.000002 0.000000
vn -1.000000 -0.000002 0.000000
vn -1.000000 -0.000002 0.000000
vn -1.000000 -0.000002 0.000000
vn -1.000000 0.000004 0.000000
vn -1.000000 0.000004 0.000000
vn -1.000000 0.000004 0.000000
vn -1.000000 0.000004 0.000000
vn -1.000000 0.000002 0.000000
vn -1.000000 0.000002 0.000000
vn -1.000000 0.000002 0.000000
vn -1.000000 0.000002 0.000000
vn 0.000000 0.000000 1.000000
vn 0.000000 0.000000 1.000000
vn 0.000000 0.000000 1.000000
vn 0.000000 0.000000 1.000000
vn 0.000000 0.000000 1.000000
vn 0.000000 0.000000 1.000000
vn 0.000000 0.000000 1.000000
vn 0.000000 0.000000 1.000000
vn -0.000000 0.000000 1.000000
vn -0.000000 0.000000 1.000000
vn -0.000000 0.000000 1.000000
vn -0.000000 0.000000 1.000000
vn 1.000000 0.000041 0.000009
vn 1.000000 0.000041 0.000009
vn 1.000000 0.000041 0.000009
vn 1.000000 0.000041 0.000009
vn 1.000000 -0.000041 0.000009
vn 1.000000 -0.000041 0.000009
vn 1.000000 -0.000041 0.000009
vn 1.000000 -0.000041 0.000009
vn 1.000000 -0.000041 -0.000009
vn 1.000000 -0.000041 -0.000009
vn 1.000000 -0.000041 -0.000009
vn 1.000000 -0.000041 -0.000009
vn -0.616424 -0.787415 0.000000
vn -0.616424 -0.787415 0.000000
vn -0.616424 -0.787415 0.000000
vn -0.616424 -0.787415 0.000000
vn -0.616424 -0.787414 0.000000
vn -0.489908 -0.871774 -0.000000
vn -0.489908 -0.871774 -0.000000
vn -0.616424 -0.787414 0.000000
vn -0.616425 -0.787414 0.000000
vn -0.616425 -0.787414 0.000000
vn 0.000000 0.000000 -1.000000
vn 0.000000 0.000000 -1.000000
vn 0.000000 0.000000 -1.000000
vn 0.000000 0.000000 -1.000000
vn -0.000000 0.000000 -1.000000
vn -0.000000 0.000000 -1.000000
vn -0.000000 0.000000 -1.000000
vn -0.000000 0.000000 -1.000000
vn -0.000000 0.000000 -1.000000
vn -0.000000 0.000000 -1.000000
vn -0.000000 0.000000 -1.000000
vn -0.000000 0.000000 -1.000000
vn -0.000000 0.000000 -1.000000
vn -0.000000 0.000000 -1.000000
vn -0.000000 0.000000 -1.000000
vn -0.000000 0.000000 -1.000000
vn 0.635823 0.771835 0.000001
vn 0.635823 0.771835 0.000001
vn 0.635823 0.771835 0.000001
vn 0.635823 0.771835 0.000001
vn 0.635837 0.771823 0.000002
vn 0.635837 0.771823 0.000002
vn 0.635837 0.771823 0.000002
vn 0.635837 0.771823 0.000002
vn 0.635837 0.771823 -0.000002
vn 0.635837 0.771823 -0.000002
vn 0.635837 0.771823 -0.000002
vn 0.635837 0.771823 -0.000002
vn 0.000002 -0.000002 1.000000
vn 0.000001 -0.000001 1.000000
vn 0.000000 0.000000 1.000000
vn 0.000000 0.000000 1.000000
vn 0.000000 0.000000 1.000000
vn 0.000000 0.000000 1.000000
vn 0.000000 0.000000 1.000000
vn 0.000000 0.000000 1.000000
vn 0.000000 0.000000 1.000000
vn 0.000000 0.000000 1.000000
vn 0.000000 0.000000 1.000000
vn 0.000000 0.000000 1.000000
vn -0.616431 -0.787409 -0.000009
vn -0.616431 -0.787409 -0.000009
vn -0.616431 -0.787409 -0.000009
vn -0.616431 -0.787409 -0.000009
vn -0.616417 -0.787420 -0.000006
vn -0.489901 -0.871778 -0.000005
vn -0.489901 -0.871778 -0.000005
vn -0.616417 -0.787420 -0.000006
vn -0.616416 -0.787420 0.000006
vn -0.616416 -0.787420 0.000006
vn -0.000002 -0.000002 -1.000000
vn -0.000002 -0.000002 -1.000000
vn -0.000003 -0.000002 -1.000000
vn -0.000003 -0.000002 -1.000000
vn 0.000003 -0.000002 -1.000000
vn 0.000003 -0.000002 -1.000000
vn 0.000003 -0.000002 -1.000000
vn 0.000003 -0.000002 -1.000000
vn 0.000000 0.000002 -1.000000
vn 0.000000 0.000002 -1.000000
vn 0.000000 0.000002 -1.000000
vn 0.000000 0.000002 -1.000000
vn 0.635830 0.771829 -0.000007
vn 0.635830 0.771829 -0.000007
vn 0.635830 0.771829 -0.000007
vn 0.635830 0.771829 -0.000007
vn 0.635830 0.771829 -0.000007
vn 0.635830 0.771829 -0.000007
vn 0.635830 0.771829 -0.000007
vn 0.635830 0.771829 -0.000007
vn 0.635830 0.771829 0.000006
vn 0.635830 0.771829 0.000006
vn 0.635830 0.771829 0.000006
vn 0.635830 0.771829 0.000006
vn 0.000000 0.000000 1.000000
vn 0.000000 0.000000 1.000000
vn 0.000000 0.000000 1.000000
vn 0.000000 0.000000 1.000000
vn -0.000006 0.000000 1.000000
vn -0.000006 0.000000 1.000000
vn -0.000006 0.000000 1.000000
vn -0.000006 0.000000 1.000000
vn 0.000003 0.000000 1.000000
vn 0.000003 0.000000 1.000000
vn 0.000003 0.000000 1.000000
vn 0.000003 0.000000 1.000000
vn 0.000001 0.000000 1.000000
vn 0.000001 0.000000 1.000000
vn 0.000001 0.000000 1.000000
vn 0.000001 0.000000 1.000000
vn -0.000003 -1.000000 -0.000002
vn -0.000003 -1.000000 -0.000002
vn 0.000003 -1.000000 -0.000002
vn 0.000003 -1.000000 -0.000002
vn 0.000003 -1.000000 -0.000002
vn 0.000003 -1.000000 -0.000002
vn 0.000003 -1.000000 0.000000
vn 0.000003 -1.000000 0.000000
vn 0.000003 -1.000000 0.000000
vn 0.000003 -1.000000 0.000000
vn -0.000006 -0.000005 1.000000
vn -0.000006 -0.000005 1.000000
vn -0.000006 -0.000005 1.000000
vn -0.000006 -0.000005 1.000000
vn 0.000006 -0.000005 1.000000
vn 0.000006 -0.000005 1.000000
vn 0.000006 0.000005 1.000000
vn 0.000006 0.000005 1.000000
vn 0.000003 1.000000 -0.000002
vn 0.000003 1.000000 -0.000002
vn 0.000003 1.000000 -0.000002
vn 0.000003 1.000000 -0.000002
vn -0.000003 1.000000 0.000000
vn -0.000003 1.000000 0.000000
vn -0.000003 1.000000 0.000000
vn -0.000003 1.000000 0.000000
vn -0.000003 1.000000 0.000000
vn -0.000003 1.000000 0.000000
vn -0.000003 1.000000 0.000000
vn -0.000003 1.000000 0.000000
vn -0.000003 1.000000 -0.000002
vn -0.000003 1.000000 -0.000002
vn -0.000003 1.000000 -0.000002
vn -0.000003 1.000000 -0.000002
vn -0.000003 1.000000 0.000000
vn -0.000003 1.000000 0.000000
vn -0.000003 1.000000 0.000000
vn -0.000003 1.000000 0.000000
vn -0.000003 1.000000 -0.000002
vn -0.000003 1.000000 -0.000002
vn -0.000003 1.000000 -0.000002
vn -0.000003 1.000000 -0.000002
vn -0.000003 -0.000002 -1.000000
vn -0.000003 -0.000002 -1.000000
vn -0.000003 -0.000002 -1.000000
vn -0.000003 -0.000002 -1.000000
vn 0.000000 -0.000002 -1.000000
vn 0.000000 -0.000002 -1.000000
vn -0.000003 0.000002 -1.000000
vn -0.000003 0.000002 -1.000000
vn 0.000000 -1.000000 0.000000
vn 0.000000 -1.000000 0.000000
vn 0.000000 -1.000000 0.000000
vn 0.000000 -1.000000 0.000000
vn 0.000000 -1.000000 0.000000
vn 0.000000 -1.000000 0.000000
vn 0.000000 -1.000000 0.000000
vn 0.000000 -1.000000 0.000000
vn 0.000000 -1.000000 0.000000
vn 0.000000 -1.000000 0.000000
vn 0.000000 -1.000000 0.000000
vn 0.000000 -1.000000 0.000000
vn 0.000000 -1.000000 0.000000
vn 0.000000 -1.000000 0.000000
vn 0.000000 -1.000000 0.000000
vn 0.000000 -1.000000 0.000000
vn 0.000000 -1.000000 0.000000
vn 0.000000 -1.000000 0.000000
vn 0.000000 -1.000000 0.000000
vn 0.000000 -1.000000 0.000000
vn 0.000000 -1.000000 0.000000
vn 0.000000 -1.000000 0.000000
vn -1.000000 0.000000 0.000000
vn -1.000000 0.000000 0.000000
vn -1.000000 0.000000 0.000000
vn -1.000000 0.000000 0.000000
vn -1.000000 0.000000 0.000000
vn -1.000000 0.000000 0.000000
vn -1.000000 0.000000 0.000000
vn -1.000000 0.000000 0.000000
vn -1.000000 0.000000 0.000000
vn -1.000000 0.000000 0.000000
vn -1.000000 0.000000 0.000000
vn -1.000000 0.000000 0.000000
vn -0.000000 1.000000 0.000000
vn -0.000000 1.000000 0.000000
vn -0.000000 1.000000 0.000000
vn -0.000000 1.000000 0.000000
vn 0.000000 1.000000 0.000000
vn 0.000000 1.000000 0.000000
vn 0.000000 1.000000 0.000000
vn 0.000000 1.000000 0.000000
vn -0.000006 1.000000 0.000000
vn -0.000006 1.000000 0.000000
vn -0.000006 1.000000 0.000000
vn -0.000006 1.000000 0.000000
vn 1.000000 0.000000 0.000000
vn 1.000000 0.000000 0.000000
vn 1.000000 0.000000 0.000000
vn 1.000000 0.000000 0.000000
vn 1.000000 0.000000 0.000000
vn 1.000000 0.000000 0.000000
vn 1.000000 0.000000 0.000000
vn 1.000000 0.000000 0.000000
vn 1.000000 0.000000 0.000000
vn 1.000000 0.000000 0.000000
vn 1.000000 0.000000 0.000000
vn 1.000000 0.000000 0.000000
vn 0.866040 0.000000 -0.499975
vn 0.866040 0.000000 -0.499975
vn 0.706944 0.000000 -0.707269
vn 0.706944 0.000000 -0.707269
vn 0.500088 -0.000001 -0.865975
vn 0.500093 -0.000001 -0.865972
vn 0.258906 -0.000002 -0.965903
vn 0.258906 -0.000002 -0.965903
vn 0.000000 -0.000001 -1.000000
vn 0.000000 -0.000001 -1.000000
vn -0.258901 0.000000 -0.965904
vn -0.258901 0.000000 -0.965904
vn -0.499796 0.000000 -0.866143
vn -0.499801 0.000000 -0.866141
vn -0.706911 0.000000 -0.707302
vn -0.706911 0.000000 -0.707302
vn -0.866040 0.000000 -0.499975
vn -0.866040 0.000000 -0.499975
vn -0.965892 0.000000 -0.258946
vn -0.965892 0.000000 -0.258946
vn -1.000000 0.000003 0.000135
vn -1.000000 0.000003 0.000135
vn -0.965959 0.000005 0.258694
vn -0.965959 0.000005 0.258694
vn -0.866081 0.000003 0.499903
vn -0.866081 0.000003 0.499903
vn -0.707189 -0.000001 0.707025
vn -0.707189 -0.000001 0.707025
vn -0.499821 0.000000 0.866129
vn -0.499826 0.000000 0.866126
vn -0.258741 0.000001 0.965947
vn -0.258741 0.000001 0.965947
vn -0.000034 -0.000001 1.000000
vn -0.000034 -0.000001 1.000000
vn 0.258745 -0.000002 0.965946
vn 0.258745 -0.000002 0.965946
vn 0.500139 -0.000001 0.865945
vn 0.500144 -0.000001 0.865943
vn 0.707189 -0.000000 0.707025
vn 0.707189 -0.000000 0.707025
vn 0.866023 -0.000000 0.500005
vn 0.866023 -0.000000 0.500005
vn 0.966016 0.000000 0.258483
vn 0.966016 0.000000 0.258483
vn 1.000000 0.000000 0.000000
vn 1.000000 0.000000 0.000000
vn 0.965892 0.000000 -0.258946
vn 0.965892 0.000000 -0.258946
vn -0.000021 1.000000 -0.000028
vn -0.000021 1.000000 -0.000028
vn -0.000042 1.000000 -0.000057
vn -0.000042 1.000000 -0.000057
vn 0.000036 1.000000 0.000054
vn 0.000036 1.000000 0.000054
vn 0.000048 1.000000 0.000000
vn 0.000048 1.000000 0.000000
vn -0.000021 1.000000 -0.000027
vn -0.000021 1.000000 -0.000027
vn 0.000000 1.000000 0.000000
vn 0.000000 1.000000 0.000000
vn 0.000000 1.000000 0.000000
vn 0.000000 1.000000 0.000000
vn 0.000000 1.000000 0.000000
vn 0.000000 1.000000 0.000000
vn 0.000000 1.000000 -0.000067
vn 0.000000 1.000000 -0.000067
vn 0.000000 1.000000 -0.000134
vn 0.000000 1.000000 -0.000134
vn -0.000024 1.000000 -0.000003
vn -0.000024 1.000000 -0.000003
vn -0.000024 1.000000 -0.000060
vn -0.000024 1.000000 -0.000060
vn 0.000021 1.000000 0.000077
vn 0.000021 1.000000 0.000077
vn 0.000042 1.000000 0.000047
vn 0.000042 1.000000 0.000047
vn 0.000012 1.000000 -0.000054
vn 0.000012 1.000000 -0.000054
vn 0.000048 1.000000 0.000000
vn 0.000048 1.000000 0.000000
vn -0.000021 1.000000 -0.000020
vn -0.000021 1.000000 -0.000020
vn 0.000000 1.000000 0.000000
vn 0.000000 1.000000 0.000000
vn 0.000000 1.000000 -0.000013
vn 0.000000 1.000000 -0.000013
vn 0.000000 1.000000 -0.000027
vn 0.000000 1.000000 -0.000027
vn 0.000000 1.000000 0.000013
vn 0.000000 1.000000 0.000013
vn 0.000000 1.000000 0.000027
vn 0.000000 1.000000 0.000027
vn 0.000000 1.000000 -0.000003
vn 0.000000 1.000000 -0.000003
vn 0.000000 1.000000 -0.000007
vn 0.000000 1.000000 -0.000007
vn 0.707172 0.000000 -0.707041
vn 0.707172 0.000000 -0.707041
vn 0.500098 0.000001 -0.865969
vn 0.500093 0.000001 -0.865972
vn 0.707172 0.000000 -0.707042
vn 0.707172 0.000000 -0.707042
vn 0.706944 0.000000 -0.707270
vn 0.866039 0.000000 -0.499976
vn 0.866039 0.000000 -0.499976
vn 0.706943 0.000000 -0.707270
vn 0.258836 -0.000002 -0.965921
vn 0.258836 -0.000002 -0.965921
vn 0.000000 0.000001 -1.000000
vn 0.000000 0.000001 -1.000000
vn 0.258836 0.000002 -0.965921
vn 0.258836 0.000002 -0.965921
vn 0.258906 0.000002 -0.965903
vn 0.258906 0.000002 -0.965903
vn -0.258710 0.000000 -0.965955
vn -0.258710 0.000000 -0.965955
vn -0.499805 0.000000 -0.866138
vn -0.499800 0.000000 -0.866141
vn -0.258710 0.000000 -0.965955
vn -0.258710 0.000000 -0.965955
vn -0.258901 0.000000 -0.965904
vn -0.258901 0.000000 -0.965904
vn -0.707205 0.000000 -0.707008
vn -0.707205 0.000000 -0.707008
vn -0.866039 0.000000 -0.499976
vn -0.866039 0.000000 -0.499976
vn -0.707205 0.000000 -0.707009
vn -0.707204 0.000000 -0.707009
vn -0.706911 0.000000 -0.707303
vn -0.706911 0.000000 -0.707303
vn -0.966022 0.000000 -0.258459
vn -0.966022 0.000000 -0.258459
vn -1.000000 -0.000003 0.000135
vn -1.000000 -0.000003 0.000135
vn -0.966022 0.000000 -0.258459
vn -0.966022 0.000000 -0.258459
vn -0.965892 0.000000 -0.258946
vn -0.965892 0.000000 -0.258946
vn -0.965951 0.000006 0.258727
vn -0.965951 0.000006 0.258727
vn -0.866081 -0.000003 0.499904
vn -0.866081 -0.000003 0.499904
vn -0.965951 -0.000006 0.258727
vn -0.965951 -0.000006 0.258727
vn -0.965959 -0.000005 0.258695
vn -0.965959 -0.000005 0.258695
vn -0.706928 -0.000001 0.707286
vn -0.706928 -0.000001 0.707286
vn -0.499830 -0.000000 0.866123
vn -0.499826 -0.000000 0.866126
vn -0.706927 0.000000 0.707286
vn -0.706927 0.000000 0.707286
vn -0.707188 0.000001 0.707026
vn -0.707188 0.000001 0.707025
vn -0.258871 0.000001 0.965912
vn -0.258871 0.000001 0.965912
vn -0.000034 0.000001 1.000000
vn -0.000034 0.000001 1.000000
vn -0.258871 -0.000001 0.965912
vn -0.258871 -0.000001 0.965912
vn -0.258740 -0.000001 0.965947
vn -0.258740 -0.000001 0.965947
vn 0.258997 -0.000002 0.965878
vn 0.258997 -0.000002 0.965878
vn 0.500148 0.000001 0.865940
vn 0.500144 0.000001 0.865942
vn 0.258997 0.000002 0.965878
vn 0.258997 0.000002 0.965878
vn 0.258745 0.000002 0.965946
vn 0.258745 0.000002 0.965946
vn 0.706928 -0.000001 0.707286
vn 0.706928 -0.000001 0.707286
vn 0.866022 0.000001 0.500005
vn 0.866022 0.000001 0.500005
vn 0.706927 0.000001 0.707287
vn 0.706927 0.000001 0.707287
vn 0.707188 0.000001 0.707026
vn 0.707188 0.000001 0.707026
vn 0.965894 0.000000 0.258938
vn 0.965894 0.000000 0.258938
vn 1.000000 0.000000 0.000000
vn 1.000000 0.000000 0.000000
vn 0.965894 0.000000 0.258938
vn 0.965894 0.000000 0.258938
vn 0.966016 0.000000 0.258484
vn 0.966016 0.000000 0.258484
vn 0.966022 0.000000 -0.258458
vn 0.966022 0.000000 -0.258458
vn 0.966022 0.000000 -0.258459
vn 0.966022 0.000000 -0.258459
vn 0.965892 0.000000 -0.258946
vn 0.965892 0.000000 -0.258946
vn 0.000024 1.000000 0.000107
vn 0.000024 1.000000 0.000107
vn 0.000006 1.000000 0.000016
vn 0.000003 1.000000 0.000006
vn 0.000010 1.000000 -0.000031
vn 0.000021 1.000000 -0.000031
vn -0.000042 1.000000 -0.000054
vn -0.000042 1.000000 -0.000054
vn -0.000004 1.000000 0.000031
vn -0.000008 1.000000 0.000062
vn 0.000000 1.000000 0.000000
vn 0.000000 1.000000 0.000000
vn 0.000000 1.000000 0.000004
vn 0.000000 1.000000 0.000000
vn 0.000000 1.000000 0.000000
vn 0.000000 1.000000 0.000000
vn 0.000014 1.000000 0.000016
vn 0.000000 1.000000 0.000008
vn -0.000024 1.000000 0.000054
vn -0.000024 1.000000 0.000054
vn 0.000028 1.000000 -0.000004
vn 0.000028 1.000000 0.000023
vn 0.000000 1.000000 0.000107
vn 0.000000 1.000000 0.000107
vn 0.000004 1.000000 0.000000
vn 0.000028 1.000000 -0.000031
vn -0.000024 1.000000 -0.000107
vn -0.000024 1.000000 -0.000107
vn -0.000014 1.000000 0.000047
vn -0.000021 1.000000 0.000031
vn -0.000042 1.000000 -0.000040
vn -0.000042 1.000000 -0.000040
vn -0.000004 1.000000 0.000031
vn -0.000008 1.000000 0.000062
vn 0.000000 1.000000 0.000000
vn 0.000000 1.000000 0.000000
vn 0.000000 1.000000 -0.000019
vn 0.000000 1.000000 0.000000
vn 0.000000 1.000000 0.000000
vn 0.000000 1.000000 0.000000
vn 0.000000 1.000000 -0.000008
vn 0.000000 1.000000 -0.000039
vn 0.000000 1.000000 0.000000
vn 0.000000 1.000000 0.000000
vn 0.000000 1.000000 -0.000004
vn 0.000000 1.000000 0.000023
vn 0.000000 1.000000 0.000000
vn 0.000000 1.000000 0.000000
vn 0.000000 1.000000 -0.000031
vn -0.494003 -0.000000 0.869460
vn -0.494003 -0.000000 0.869460
vn -0.494003 -0.000000 0.869460
vn -0.494003 -0.000000 0.869460
vn 0.000002 1.000000 -0.000003
vn 0.000002 1.000000 -0.000003
vn 0.000002 1.000000 -0.000003
vn 0.000002 1.000000 -0.000003
vn 0.000000 0.000000 -1.000000
vn 0.000000 0.000000 -1.000000
vn 0.000000 0.000000 -1.000000
vn 0.000000 0.000000 -1.000000
vn 1.000000 0.000008 -0.000008
vn 1.000000 0.000008 -0.000008
vn 1.000000 0.000008 -0.000008
vn 1.000000 0.000008 -0.000008
vn -0.821823 -0.000006 0.569743
vn -0.821823 -0.000006 0.569743
vn -0.821823 -0.000006 0.569743
vn -0.821823 -0.000006 0.569743
vn -0.000002 1.000000 0.000000
vn -0.000002 1.000000 0.000000
vn -0.000002 1.000000 0.000000
vn -0.000002 1.000000 0.000000
vn -0.000001 1.000000 0.000000
vn -0.000001 1.000000 0.000000
vn -0.000001 1.000000 0.000000
vn -0.000001 1.000000 0.000000
vn 0.000000 1.000000 0.000000
vn 0.000000 1.000000 0.000000
vn 0.000000 1.000000 0.000000
vn 0.000000 1.000000 0.000000
vn -0.000002 1.000000 0.000000
vn -0.000002 1.000000 0.000000
vn -0.000002 1.000000 0.000000
vn -0.000002 1.000000 0.000000
vn -0.283335 0.000000 0.959021
vn -0.283335 0.000000 0.959021
vn -0.283335 0.000000 0.959021
vn -0.283335 0.000000 0.959021
vn 1.000000 0.000000 0.000000
vn 1.000000 0.000000 0.000000
vn 1.000000 0.000000 0.000000
vn 1.000000 0.000000 0.000000
vn 0.000000 0.000000 -1.000000
vn 0.000000 0.000000 -1.000000
vn 0.000000 0.000000 -1.000000
vn 0.000000 0.000000 -1.000000
vn -0.830704 -0.000000 0.556714
vn -0.830704 -0.000000 0.556714
vn -0.830704 -0.000000 0.556714
vn -0.830704 -0.000000 0.556714
vn -0.494002 -0.000000 0.869461
vn -0.494002 -0.000000 0.869461
vn -0.494002 -0.000000 0.869461
vn -0.494002 -0.000000 0.869461
vn -0.494002 0.000000 0.869461
vn -0.494002 0.000000 0.869461
vn -0.494002 0.000000 0.869461
vn -0.494002 0.000000 0.869461
vn -0.494003 0.000000 0.869460
vn -0.494003 0.000000 0.869460
vn -0.494003 0.000000 0.869460
vn -0.494003 0.000000 0.869460
vn -0.000001 1.000000 -0.000001
vn -0.000001 1.000000 -0.000001
vn -0.000001 1.000000 -0.000001
vn -0.000001 1.000000 -0.000001
vn -0.000001 1.000000 0.000002
vn -0.000001 1.000000 0.000002
vn -0.000001 1.000000 0.000002
vn -0.000001 1.000000 0.000002
vn 0.000001 1.000000 0.000000
vn 0.000001 1.000000 0.000000
vn 0.000001 1.000000 0.000000
vn 0.000001 1.000000 0.000000
vn 0.000000 0.000000 -1.000000
vn 0.000000 0.000000 -1.000000
vn 0.000000 0.000000 -1.000000
vn 0.000000 0.000000 -1.000000
vn 0.000000 0.000000 -1.000000
vn 0.000000 0.000000 -1.000000
vn 0.000000 0.000000 -1.000000
vn 0.000000 0.000000 -1.000000
vn 0.000000 0.000000 -1.000000
vn 0.000000 0.000000 -1.000000
vn 0.000000 0.000000 -1.000000
vn 0.000000 0.000000 -1.000000
vn 1.000000 0.000008 0.000008
vn 1.000000 0.000008 0.000008
vn 1.000000 0.000008 0.000008
vn 1.000000 0.000008 0.000008
vn 1.000000 -0.000008 0.000008
vn 1.000000 -0.000008 0.000008
vn 1.000000 -0.000008 0.000008
vn 1.000000 -0.000008 0.000008
vn 1.000000 -0.000008 -0.000008
vn 1.000000 -0.000008 -0.000008
vn 1.000000 -0.000008 -0.000008
vn 1.000000 -0.000008 -0.000008
vn -0.821824 -0.000006 0.569741
vn -0.821824 -0.000006 0.569741
vn -0.821824 -0.000006 0.569741
vn -0.821824 -0.000006 0.569741
vn -0.821824 0.000006 0.569741
vn -0.821824 0.000006 0.569741
vn -0.821824 0.000006 0.569741
vn -0.821824 0.000006 0.569741
vn -0.821823 0.000006 0.569743
vn -0.821823 0.000006 0.569743
vn -0.821823 0.000006 0.569743
vn -0.821823 0.000006 0.569743
vn -0.000000 1.000000 0.000002
vn -0.000000 1.000000 0.000002
vn -0.000000 1.000000 0.000002
vn -0.000000 1.000000 0.000002
vn 0.000001 1.000000 0.000000
vn 0.000001 1.000000 0.000000
vn 0.000001 1.000000 0.000000
vn 0.000001 1.000000 0.000000
vn 0.000001 1.000000 0.000000
vn 0.000001 1.000000 0.000000
vn 0.000001 1.000000 0.000000
vn 0.000001 1.000000 0.000000
vn -0.000001 1.000000 0.000000
vn -0.000001 1.000000 0.000000
vn -0.000001 1.000000 0.000000
vn -0.000001 1.000000 0.000000
vn 0.000001 1.000000 0.000000
vn 0.000001 1.000000 0.000000
vn 0.000001 1.000000 0.000000
vn 0.000001 1.000000 0.000000
vn 0.000001 1.000000 0.000000
vn 0.000001 1.000000 0.000000
vn 0.000001 1.000000 0.000000
vn 0.000001 1.000000 0.000000
vn 0.000000 1.000000 0.000001
vn 0.000000 1.000000 0.000001
vn 0.000000 1.000000 0.000001
vn 0.000000 1.000000 0.000001
vn 0.000000 1.000000 -0.000001
vn 0.000000 1.000000 -0.000001
vn 0.000000 1.000000 -0.000001
vn 0.000000 1.000000 -0.000001
vn 0.000000 1.000000 0.000000
vn 0.000000 1.000000 0.000000
vn 0.000000 1.000000 0.000000
vn 0.000000 1.000000 0.000000
vn -0.000002 1.000000 -0.000000
vn -0.000002 1.000000 -0.000000
vn -0.000002 1.000000 -0.000000
vn -0.000002 1.000000 -0.000000
vn 0.000002 1.000000 0.000000
vn 0.000002 1.000000 0.000000
vn 0.000002 1.000000 0.000000
vn 0.000002 1.000000 0.000000
vn 0.000003 1.000000 0.000000
vn 0.000003 1.000000 0.000000
vn 0.000003 1.000000 0.000000
vn 0.000003 1.000000 0.000000
vn -0.283340 0.000000 0.959020
vn -0.283340 0.000000 0.959020
vn -0.283340 0.000000 0.959020
vn -0.283340 0.000000 0.959020
vn -0.283340 -0.000000 0.959020
vn -0.283340 -0.000000 0.959020
vn -0.283340 -0.000000 0.959020
vn -0.283340 -0.000000 0.959020
vn -0.283335 -0.000000 0.959021
vn -0.283335 -0.000000 0.959021
vn -0.283335 -0.000000 0.959021
vn -0.283335 -0.000000 0.959021
vn 1.000000 0.000000 0.000000
vn 1.000000 0.000000 0.000000
vn 1.000000 0.000000 0.000000
vn 1.000000 0.000000 0.000000
vn 1.000000 0.000000 0.000000
vn 1.000000 0.000000 0.000000
vn 1.000000 0.000000 0.000000
vn 1.000000 0.000000 0.000000
vn 1.000000 0.000000 0.000000
vn 1.000000 0.000000 0.000000
vn 1.000000 0.000000 0.000000
vn 1.000000 0.000000 0.000000
vn 0.000000 0.000000 -1.000000
vn 0.000000 0.000000 -1.000000
vn 0.000000 0.000000 -1.000000
vn 0.000000 0.000000 -1.000000
vn 0.000000 0.000000 -1.000000
vn 0.000000 0.000000 -1.000000
vn 0.000000 0.000000 -1.000000
vn 0.000000 0.000000 -1.000000
vn 0.000000 0.000000 -1.000000
vn 0.000000 0.000000 -1.000000
vn 0.000000 0.000000 -1.000000
vn 0.000000 0.000000 -1.000000
vn -0.830716 -0.000000 0.556697
vn -0.830716 -0.000000 0.556697
vn -0.830716 -0.000000 0.556697
vn -0.830716 -0.000000 0.556697
vn -0.830716 0.000000 0.556697
vn -0.830716 0.000000 0.556697
vn -0.830716 0.000000 0.556697
vn -0.830715 0.000000 0.556697
vn -0.830704 0.000000 0.556714
vn -0.830704 0.000000 0.556714
vn -0.830704 0.000000 0.556714
vn -0.830704 0.000000 0.556714
vn 0.000007 -0.000048 -1.000000
vn 0.000004 -0.000023 -1.000000
vn 0.000002 -0.000015 -1.000000
vn 0.000007 -0.000048 -1.000000
vn -0.000004 -0.000008 1.000000
vn -0.000003 -0.000010 1.000000
vn 0.000002 -0.000037 1.000000
vn 0.000002 -0.000037 1.000000
vn 0.000034 -0.000009 1.000000
vn 0.000034 -0.000009 1.000000
vn 0.000034 -0.000009 1.000000
vn 0.000034 -0.000009 1.000000
vn -0.000004 0.000025 -1.000000
vn -0.000004 0.000025 -1.000000
vn -0.000004 0.000025 -1.000000
vn -0.000004 0.000025 -1.000000
vn -0.000005 0.000049 1.000000
vn -0.000005 0.000049 1.000000
vn -0.000005 0.000049 1.000000
vn -0.000005 0.000049 1.000000
vn 0.000028 -0.000013 -1.000000
vn 0.000010 -0.000006 -1.000000
vn 0.000014 -0.000008 -1.000000
vn 0.000028 -0.000013 -1.000000
vn 0.000004 0.000003 -1.000000
vn 0.000012 0.000001 -1.000000
vn 0.000010 0.000001 -1.000000
vn 0.000004 0.000003 -1.000000
vn -0.000004 -0.000003 1.000000
vn -0.000004 -0.000003 1.000000
vn 0.972804 -0.231632 0.000014
vn 0.972803 -0.231635 0.000014
vn 1.000000 0.000000 0.000000
vn 1.000000 0.000000 0.000000
vn 0.827628 -0.561277 -0.000005
vn 0.965016 -0.262191 -0.000002
vn 0.965017 -0.262187 -0.000002
vn 0.827628 -0.561277 -0.000005
vn 0.507232 -0.861810 0.000011
vn 0.507229 -0.861811 0.000011
vn 0.207110 -0.978318 0.000014
vn 0.207110 -0.978318 0.000014
vn 0.636658 -0.771147 0.000006
vn 0.636654 -0.771150 0.000006
vn 0.910984 -0.412441 0.000000
vn 0.910984 -0.412441 0.000000
vn -0.004083 0.999992 0.000000
vn -0.004083 0.999992 0.000000
vn -0.004083 0.999992 0.000000
vn -0.004083 0.999992 0.000000
vn 0.206877 0.978367 -0.000016
vn 0.206879 0.978367 -0.000016
vn 0.353269 0.935522 -0.000027
vn 0.353269 0.935522 -0.000027
vn -1.000000 0.000000 0.000000
vn -1.000000 0.000000 0.000000
vn -1.000000 0.000000 0.000000
vn -1.000000 0.000000 0.000000
vn -1.000000 -0.000004 0.000000
vn -1.000000 -0.000004 0.000000
vn -1.000000 -0.000004 0.000000
vn -1.000000 -0.000004 0.000000
vn -1.000000 0.000000 0.000000
vn -1.000000 0.000000 0.000000
vn -1.000000 0.000000 0.000000
vn -1.000000 0.000000 0.000000
vn 0.696794 -0.717272 0.000000
vn 0.696794 -0.717272 0.000000
vn 0.696794 -0.717272 0.000000
vn 0.696794 -0.717272 0.000000
vn 0.797106 -0.603840 0.000017
vn 0.797105 -0.603840 0.000017
vn 0.858126 -0.513438 0.000030
vn 0.858126 -0.513439 0.000030
vn 0.000000 0.000000 -1.000000
vn 0.000000 0.000000 -1.000000
vn 0.000000 0.000000 -1.000000
vn 0.000000 0.000000 -1.000000
vn -1.000000 0.000000 0.000000
vn -1.000000 0.000000 0.000000
vn -1.000000 0.000000 0.000000
vn -1.000000 0.000000 0.000000
vn -0.000007 0.000006 1.000000
vn -0.000007 0.000006 1.000000
vn -0.000007 0.000006 1.000000
vn -0.000007 0.000006 1.000000
vn -0.000000 -0.000024 -1.000000
vn -0.000000 -0.000020 -1.000000
vn -0.000001 -0.000051 -1.000000
vn -0.000001 -0.000051 -1.000000
vn 0.000006 -0.000062 -1.000000
vn 0.000006 -0.000062 -1.000000
vn 0.000006 -0.000062 -1.000000
vn 0.000006 -0.000062 -1.000000
vn 0.000011 -0.000055 -1.000000
vn 0.000011 -0.000055 -1.000000
vn 0.000011 -0.000055 -1.000000
vn 0.000011 -0.000055 -1.000000
vn 0.000002 -0.000072 1.000000
vn 0.000005 -0.000032 1.000000
vn 0.000005 -0.000037 1.000000
vn 0.000002 -0.000072 1.000000
vn -0.000003 -0.000024 1.000000
vn -0.000000 -0.000035 1.000000
vn 0.000007 -0.000065 1.000000
vn 0.000007 -0.000065 1.000000
vn 0.000009 -0.000034 1.000000
vn 0.000007 -0.000008 1.000000
vn 0.000005 -0.000012 1.000000
vn 0.000009 -0.000034 1.000000
vn 0.000015 0.000000 1.000000
vn 0.000008 0.000002 1.000000
vn 0.000008 0.000002 1.000000
vn 0.000015 0.000000 1.000000
vn 0.000010 -0.000006 1.000000
vn 0.000017 -0.000010 1.000000
vn 0.000017 -0.000010 1.000000
vn 0.000038 -0.000020 1.000000
vn 0.000038 -0.000020 1.000000
vn 0.000038 -0.000020 1.000000
vn 0.000038 -0.000020 1.000000
vn -0.000003 0.000032 -1.000000
vn -0.000003 0.000032 -1.000000
vn -0.000003 0.000032 -1.000000
vn -0.000003 0.000032 -1.000000
vn -0.000028 0.000053 -1.000000
vn -0.000028 0.000053 -1.000000
vn -0.000028 0.000053 -1.000000
vn -0.000028 0.000053 -1.000000
vn -0.000024 0.000037 -1.000000
vn -0.000024 0.000037 -1.000000
vn -0.000024 0.000037 -1.000000
vn -0.000024 0.000037 -1.000000
vn -0.000007 0.000038 1.000000
vn -0.000007 0.000038 1.000000
vn -0.000007 0.000038 1.000000
vn -0.000007 0.000038 1.000000
vn -0.000016 0.000025 1.000000
vn -0.000016 0.000025 1.000000
vn -0.000016 0.000025 1.000000
vn -0.000016 0.000025 1.000000
vn -0.000018 0.000036 1.000000
vn -0.000018 0.000036 1.000000
vn -0.000018 0.000036 1.000000
vn -0.000018 0.000036 1.000000
vn 0.000025 -0.000003 -1.000000
vn 0.000025 -0.000003 -1.000000
vn 0.000024 -0.000005 -1.000000
vn 0.000024 -0.000005 -1.000000
vn 0.000024 -0.000005 -1.000000
vn 0.000024 -0.000005 -1.000000
vn 0.000028 -0.000016 -1.000000
vn 0.000028 -0.000016 -1.000000
vn 0.000028 -0.000016 -1.000000
vn 0.000028 -0.000016 -1.000000
vn 0.000004 -0.000004 -1.000000
vn 0.000004 -0.000004 -1.000000
vn -0.000004 -0.000003 -1.000000
vn -0.000004 -0.000003 -1.000000
vn -0.000004 -0.000003 -1.000000
vn -0.000004 -0.000003 -1.000000
vn -0.000003 0.000003 -1.000000
vn -0.000003 0.000003 -1.000000
vn -0.000003 0.000003 -1.000000
vn -0.000003 0.000003 -1.000000
vn 0.000004 -0.000004 1.000000
vn 0.000005 0.000003 1.000000
vn 0.000005 0.000003 1.000000
vn -0.000003 0.000003 1.000000
vn -0.000003 0.000003 1.000000
vn -0.000003 0.000003 1.000000
vn -0.000003 0.000003 1.000000
vn 1.000000 0.000000 0.000000
vn 0.965017 -0.262189 0.000002
vn 0.965017 -0.262186 0.000002
vn 1.000000 0.000000 0.000000
vn 1.000000 0.000000 0.000000
vn 1.000000 0.000000 0.000000
vn 1.000000 0.000000 0.000000
vn 0.972802 -0.231637 -0.000013
vn 0.972803 -0.231634 -0.000013
vn 1.000000 0.000000 0.000000
vn 0.827628 -0.561277 0.000005
vn 0.827628 -0.561277 0.000005
vn 0.827624 -0.561283 0.000005
vn 0.827624 -0.561283 0.000005
vn 0.507228 -0.861812 -0.000009
vn 0.507228 -0.861812 -0.000009
vn 0.827624 -0.561283 -0.000005
vn 0.827624 -0.561283 -0.000005
vn 0.207098 -0.978320 0.000010
vn 0.207098 -0.978320 0.000010
vn 0.636652 -0.771151 -0.000004
vn 0.636649 -0.771154 -0.000004
vn 0.207098 -0.978320 -0.000007
vn 0.207098 -0.978320 -0.000007
vn 0.207110 -0.978318 -0.000011
vn 0.207110 -0.978318 -0.000011
vn 0.910984 -0.412441 0.000000
vn 0.910984 -0.412441 0.000000
vn 0.910984 -0.412441 0.000000
vn 0.910984 -0.412441 0.000000
vn 0.910985 -0.412440 0.000000
vn 0.910985 -0.412440 0.000000
vn 0.910985 -0.412440 0.000000
vn 0.910985 -0.412440 0.000000
vn 0.910984 -0.412442 0.000000
vn 0.910984 -0.412442 0.000000
vn -0.004093 0.999992 0.000000
vn -0.004093 0.999992 0.000000
vn 0.206875 0.978367 0.000015
vn 0.206877 0.978367 0.000015
vn -0.004093 0.999992 0.000000
vn -0.004093 0.999992 0.000000
vn -0.004083 0.999992 0.000000
vn -0.004083 0.999992 0.000000
vn -0.004083 0.999992 0.000000
vn -0.004083 0.999992 0.000000
vn 0.353269 0.935522 -0.000011
vn 0.353269 0.935522 -0.000011
vn 0.353269 0.935522 -0.000011
vn 0.353269 0.935522 -0.000011
vn 0.353269 0.935522 0.000009
vn 0.353269 0.935522 0.000009
vn 0.353269 0.935522 0.000009
vn 0.353269 0.935522 0.000009
vn 0.353269 0.935522 0.000026
vn 0.353269 0.935522 0.000026
vn -1.000000 0.000000 0.000000
vn -1.000000 0.000000 0.000000
vn -1.000000 0.000000 0.000000
vn -1.000000 0.000000 0.000000
vn -1.000000 0.000000 0.000000
vn -1.000000 0.000000 0.000000
vn -1.000000 0.000000 0.000000
vn -1.000000 0.000000 0.000000
vn -1.000000 0.000000 0.000000
vn -1.000000 0.000000 0.000000
vn -1.000000 0.000000 0.000000
vn -1.000000 0.000000 0.000000
vn -1.000000 -0.000004 0.000000
vn -1.000000 -0.000004 0.000000
vn -1.000000 -0.000004 0.000000
vn -1.000000 -0.000004 0.000000
vn -1.000000 0.000000 0.000000
vn -1.000000 0.000000 0.000000
vn -1.000000 0.000000 0.000000
vn -1.000000 0.000000 0.000000
vn -1.000000 0.000000 0.000000
vn -1.000000 0.000000 0.000000
vn -1.000000 0.000000 0.000000
vn -1.000000 0.000000 0.000000
vn -1.000000 0.000002 0.000000
vn -1.000000 0.000002 0.000000
vn -1.000000 0.000002 0.000000
vn -1.000000 0.000002 0.000000
vn -1.000000 0.000002 0.000000
vn -1.000000 0.000002 0.000000
vn -1.000000 0.000002 0.000000
vn -1.000000 0.000002 0.000000
vn -1.000000 0.000000 0.000000
vn -1.000000 0.000000 0.000000
vn -1.000000 0.000000 0.000000
vn -1.000000 0.000000 0.000000
vn 0.696720 -0.717343 0.000000
vn 0.696720 -0.717343 0.000000
vn 0.797109 -0.603836 -0.000017
vn 0.797107 -0.603838 -0.000017
vn 0.696720 -0.717344 0.000000
vn 0.696720 -0.717344 0.000000
vn 0.696793 -0.717272 0.000000
vn 0.696793 -0.717272 0.000000
vn 0.696793 -0.717272 0.000000
vn 0.696793 -0.717272 0.000000
vn 0.858132 -0.513429 0.000031
vn 0.858132 -0.513429 0.000031
vn 0.858134 -0.513426 -0.000030
vn 0.858134 -0.513426 -0.000030
vn 0.858127 -0.513438 -0.000029
vn 0.858127 -0.513438 -0.000029
vn -0.000000 0.000000 -1.000000
vn -0.000000 0.000000 -1.000000
vn 0.000000 0.000000 -1.000000
vn 0.000000 0.000000 -1.000000
vn -0.000000 0.000000 -1.000000
vn -0.000000 0.000000 -1.000000
vn -0.000000 0.000000 -1.000000
vn -0.000000 0.000000 -1.000000
vn -1.000000 0.000000 0.000000
vn -1.000000 0.000000 0.000000
vn -1.000000 0.000000 0.000000
vn -1.000000 0.000000 0.000000
vn -1.000000 0.000000 0.000000
vn -1.000000 0.000000 0.000000
vn -1.000000 0.000000 0.000000
vn -1.000000 0.000000 0.000000
vn -0.000007 -0.000006 1.000000
vn -0.000007 -0.000006 1.000000
vn 0.000007 -0.000006 1.000000
vn 0.000007 -0.000006 1.000000
vn 0.000007 0.000006 1.000000
vn 0.000007 0.000006 1.000000
vn 0.000007 0.000006 1.000000
vn 0.000007 0.000006 1.000000
vn 0.000002 -0.000043 -1.000000
vn 0.000001 -0.000021 -1.000000
vn 0.000000 -0.000014 -1.000000
vn 0.000002 -0.000043 -1.000000
vn -0.000001 -0.000010 1.000000
vn -0.000001 -0.000015 1.000000
vn 0.000008 -0.000056 1.000000
vn 0.000008 -0.000056 1.000000
vn 0.000023 -0.000008 1.000000
vn 0.000023 -0.000008 1.000000
vn 0.000023 -0.000008 1.000000
vn 0.000023 -0.000008 1.000000
vn 0.000005 0.000028 -1.000000
vn 0.000005 0.000028 -1.000000
vn 0.000005 0.000028 -1.000000
vn 0.000005 0.000028 -1.000000
vn -0.000003 0.000043 1.000000
vn -0.000003 0.000043 1.000000
vn -0.000003 0.000043 1.000000
vn -0.000003 0.000043 1.000000
vn 0.000027 -0.000009 -1.000000
vn 0.000005 -0.000001 -1.000000
vn 0.000011 -0.000003 -1.000000
vn 0.000027 -0.000009 -1.000000
vn -0.000007 -0.000002 -1.000000
vn 0.000005 -0.000003 -1.000000
vn 0.000002 -0.000002 -1.000000
vn -0.000007 -0.000002 -1.000000
vn -0.000003 -0.000003 1.000000
vn -0.000003 -0.000003 1.000000
vn 0.972804 -0.231632 0.000014
vn 0.972803 -0.231636 0.000014
vn 1.000000 -0.000001 0.000000
vn 1.000000 -0.000001 0.000000
vn 0.827630 -0.561275 -0.000005
vn 0.965016 -0.262190 -0.000002
vn 0.965017 -0.262187 -0.000002
vn 0.827630 -0.561275 -0.000005
vn 0.507230 -0.861811 0.000011
vn 0.507228 -0.861812 0.000011
vn 0.207109 -0.978318 0.000014
vn 0.207109 -0.978318 0.000014
vn 0.636657 -0.771147 0.000006
vn 0.636653 -0.771151 0.000006
vn 0.910984 -0.412442 0.000000
vn 0.910984 -0.412442 0.000000
vn -0.004083 0.999992 0.000000
vn -0.004083 0.999992 0.000000
vn -0.004083 0.999992 0.000000
vn -0.004083 0.999992 0.000000
vn 0.206876 0.978367 -0.000016
vn 0.206877 0.978367 -0.000016
vn 0.353269 0.935522 -0.000027
vn 0.353269 0.935522 -0.000027
vn -1.000000 0.000001 0.000000
vn -1.000000 0.000001 0.000000
vn -1.000000 0.000001 0.000000
vn -1.000000 0.000001 0.000000
vn -1.000000 0.000000 0.000000
vn -1.000000 0.000000 0.000000
vn -1.000000 0.000000 0.000000
vn -1.000000 0.000000 0.000000
vn -1.000000 -0.000002 0.000000
vn -1.000000 -0.000002 0.000000
vn -1.000000 -0.000002 0.000000
vn -1.000000 -0.000002 0.000000
vn 0.696797 -0.717268 0.000000
vn 0.696797 -0.717268 0.000000
vn 0.696797 -0.717268 0.000000
vn 0.696797 -0.717268 0.000000
vn 0.797106 -0.603839 0.000017
vn 0.797106 -0.603840 0.000017
vn 0.858127 -0.513438 0.000030
vn 0.858127 -0.513438 0.000030
vn -0.000005 0.000000 -1.000000
vn -0.000005 0.000000 -1.000000
vn -0.000005 0.000000 -1.000000
vn -0.000005 0.000000 -1.000000
vn -1.000000 0.000000 0.000000
vn -1.000000 0.000000 0.000000
vn -1.000000 0.000000 0.000000
vn -1.000000 0.000000 0.000000
vn -0.000011 0.000003 1.000000
vn -0.000011 0.000003 1.000000
vn -0.000011 0.000003 1.000000
vn -0.000011 0.000003 1.000000
vn 0.000001 -0.000025 -1.000000
vn 0.000000 -0.000021 -1.000000
vn 0.000004 -0.000053 -1.000000
vn 0.000004 -0.000053 -1.000000
vn 0.000012 -0.000063 -1.000000
vn 0.000012 -0.000063 -1.000000
vn 0.000012 -0.000063 -1.000000
vn 0.000012 -0.000063 -1.000000
vn 0.000011 -0.000053 -1.000000
vn 0.000011 -0.000053 -1.000000
vn 0.000011 -0.000053 -1.000000
vn 0.000011 -0.000053 -1.000000
vn 0.000004 -0.000058 1.000000
vn 0.000005 -0.000025 1.000000
vn 0.000005 -0.000028 1.000000
vn 0.000004 -0.000058 1.000000
vn -0.000005 -0.000018 1.000000
vn -0.000004 -0.000026 1.000000
vn 0.000000 -0.000050 1.000000
vn 0.000000 -0.000050 1.000000
vn 0.000012 -0.000049 1.000000
vn 0.000010 -0.000009 1.000000
vn 0.000006 -0.000016 1.000000
vn 0.000012 -0.000049 1.000000
vn 0.000028 -0.000005 1.000000
vn 0.000013 0.000000 1.000000
vn 0.000011 0.000001 1.000000
vn 0.000028 -0.000005 1.000000
vn 0.000014 -0.000006 1.000000
vn 0.000028 -0.000009 1.000000
vn 0.000028 -0.000009 1.000000
vn 0.000025 -0.000014 1.000000
vn 0.000025 -0.000014 1.000000
vn 0.000025 -0.000014 1.000000
vn 0.000025 -0.000014 1.000000
vn -0.000017 0.000038 -1.000000
vn -0.000017 0.000038 -1.000000
vn -0.000017 0.000038 -1.000000
vn -0.000017 0.000038 -1.000000
vn -0.000034 0.000051 -1.000000
vn -0.000034 0.000051 -1.000000
vn -0.000034 0.000051 -1.000000
vn -0.000034 0.000051 -1.000000
vn -0.000019 0.000033 -1.000000
vn -0.000019 0.000033 -1.000000
vn -0.000019 0.000033 -1.000000
vn -0.000019 0.000033 -1.000000
vn -0.000007 0.000035 1.000000
vn -0.000007 0.000035 1.000000
vn -0.000007 0.000035 1.000000
vn -0.000007 0.000035 1.000000
vn -0.000026 0.000028 1.000000
vn -0.000026 0.000028 1.000000
vn -0.000026 0.000028 1.000000
vn -0.000026 0.000028 1.000000
vn -0.000013 0.000038 1.000000
vn -0.000013 0.000038 1.000000
vn -0.000013 0.000038 1.000000
vn -0.000013 0.000038 1.000000
vn 0.000025 -0.000005 -1.000000
vn 0.000025 -0.000005 -1.000000
vn 0.000020 -0.000008 -1.000000
vn 0.000020 -0.000008 -1.000000
vn 0.000020 -0.000008 -1.000000
vn 0.000020 -0.000008 -1.000000
vn 0.000028 -0.000014 -1.000000
vn 0.000028 -0.000014 -1.000000
vn 0.000028 -0.000014 -1.000000
vn 0.000028 -0.000014 -1.000000
vn -0.000001 0.000002 -1.000000
vn -0.000001 0.000002 -1.000000
vn 0.000003 0.000001 -1.000000
vn 0.000003 0.000001 -1.000000
vn 0.000003 0.000001 -1.000000
vn 0.000003 0.000001 -1.000000
vn 0.000003 -0.000002 -1.000000
vn 0.000003 -0.000002 -1.000000
vn 0.000003 -0.000002 -1.000000
vn 0.000003 -0.000002 -1.000000
vn 0.000004 -0.000004 1.000000
vn 0.000004 0.000003 1.000000
vn 0.000004 0.000003 1.000000
vn -0.000003 0.000003 1.000000
vn -0.000003 0.000003 1.000000
vn -0.000003 0.000003 1.000000
vn -0.000003 0.000003 1.000000
vn 1.000000 0.000000 0.000000
vn 0.965016 -0.262190 0.000002
vn 0.965017 -0.262186 0.000002
vn 1.000000 0.000000 0.000000
vn 1.000000 -0.000001 0.000000
vn 1.000000 -0.000001 0.000000
vn 1.000000 0.000000 0.000000
vn 0.972803 -0.231636 -0.000013
vn 0.972803 -0.231634 -0.000013
vn 1.000000 0.000000 0.000000
vn 0.827629 -0.561275 0.000005
vn 0.827629 -0.561276 0.000005
vn 0.827624 -0.561283 0.000005
vn 0.827624 -0.561283 0.000005
vn 0.507227 -0.861813 -0.000009
vn 0.507227 -0.861813 -0.000009
vn 0.827623 -0.561284 -0.000005
vn 0.827623 -0.561284 -0.000005
vn 0.207098 -0.978320 0.000010
vn 0.207098 -0.978320 0.000010
vn 0.636653 -0.771150 -0.000004
vn 0.636651 -0.771152 -0.000004
vn 0.207098 -0.978320 -0.000007
vn 0.207098 -0.978320 -0.000007
vn 0.207108 -0.978318 -0.000011
vn 0.207108 -0.978318 -0.000011
vn 0.910985 -0.412440 0.000000
vn 0.910985 -0.412440 0.000000
vn 0.910985 -0.412440 0.000000
vn 0.910985 -0.412440 0.000000
vn 0.910985 -0.412439 0.000000
vn 0.910985 -0.412439 0.000000
vn 0.910985 -0.412439 0.000000
vn 0.910985 -0.412439 0.000000
vn 0.910985 -0.412441 0.000000
vn 0.910984 -0.412441 0.000000
vn -0.004093 0.999992 0.000000
vn -0.004093 0.999992 0.000000
vn 0.206876 0.978367 0.000015
vn 0.206877 0.978367 0.000015
vn -0.004093 0.999992 0.000000
vn -0.004093 0.999992 0.000000
vn -0.004083 0.999992 0.000000
vn -0.004083 0.999992 0.000000
vn -0.004083 0.999992 0.000000
vn -0.004083 0.999992 0.000000
vn 0.353269 0.935522 -0.000011
vn 0.353269 0.935522 -0.000011
vn 0.353269 0.935522 -0.000011
vn 0.353269 0.935522 -0.000011
vn 0.353268 0.935522 0.000009
vn 0.353268 0.935522 0.000009
vn 0.353268 0.935522 0.000009
vn 0.353268 0.935522 0.000009
vn 0.353268 0.935522 0.000026
vn 0.353268 0.935522 0.000026
vn -1.000000 -0.000001 0.000000
vn -1.000000 -0.000001 0.000000
vn -1.000000 -0.000001 0.000000
vn -1.000000 -0.000001 0.000000
vn -1.000000 -0.000000 0.000000
vn -1.000000 -0.000000 0.000000
vn -1.000000 -0.000000 0.000000
vn -1.000000 -0.000000 0.000000
vn -1.000000 0.000000 0.000000
vn -1.000000 0.000000 0.000000
vn -1.000000 0.000000 0.000000
vn -1.000000 0.000000 0.000000
vn -1.000000 0.000000 0.000000
vn -1.000000 0.000000 0.000000
vn -1.000000 0.000000 0.000000
vn -1.000000 0.000000 0.000000
vn -1.000000 0.000004 0.000000
vn -1.000000 0.000001 0.000000
vn -1.000000 0.000001 0.000000
vn -1.000000 0.000004 0.000000
vn -1.000000 -0.000000 0.000000
vn -1.000000 0.000000 0.000000
vn -1.000000 0.000004 0.000000
vn -1.000000 0.000004 0.000000
vn -1.000000 0.000000 0.000000
vn -1.000000 0.000000 0.000000
vn -1.000000 0.000000 0.000000
vn -1.000000 0.000000 0.000000
vn -1.000000 0.000000 0.000000
vn -1.000000 0.000000 0.000000
vn -1.000000 0.000000 0.000000
vn -1.000000 0.000000 0.000000
vn -1.000000 -0.000002 0.000000
vn -1.000000 -0.000002 0.000000
vn -1.000000 -0.000002 0.000000
vn -1.000000 -0.000002 0.000000
vn 0.696719 -0.717344 0.000000
vn 0.696719 -0.717344 0.000000
vn 0.797106 -0.603839 -0.000017
vn 0.797105 -0.603841 -0.000017
vn 0.696718 -0.717345 0.000000
vn 0.696718 -0.717345 0.000000
vn 0.696795 -0.717271 0.000000
vn 0.696795 -0.717271 0.000000
vn 0.696795 -0.717271 0.000000
vn 0.696795 -0.717271 0.000000
vn 0.858135 -0.513425 0.000031
vn 0.858135 -0.513425 0.000031
vn 0.858133 -0.513427 -0.000030
vn 0.858133 -0.513427 -0.000030
vn 0.858126 -0.513440 -0.000029
vn 0.858126 -0.513440 -0.000029
vn -0.000002 0.000000 -1.000000
vn -0.000002 0.000000 -1.000000
vn 0.000000 0.000000 -1.000000
vn 0.000000 0.000000 -1.000000
vn 0.000003 0.000000 -1.000000
vn 0.000003 0.000000 -1.000000
vn 0.000003 0.000000 -1.000000
vn 0.000003 0.000000 -1.000000
vn -1.000000 0.000001 0.000000
vn -1.000000 0.000001 0.000000
vn -1.000000 0.000001 0.000000
vn -1.000000 0.000001 0.000000
vn -1.000000 -0.000002 0.000000
vn -1.000000 -0.000002 0.000000
vn -1.000000 -0.000001 0.000000
vn -1.000000 -0.000001 0.000000
vn -0.000008 -0.000003 1.000000
vn -0.000008 -0.000003 1.000000
vn 0.000005 -0.000003 1.000000
vn 0.000005 -0.000003 1.000000
vn 0.000008 0.000003 1.000000
vn 0.000008 0.000003 1.000000
vn 0.000008 0.000003 1.000000
vn 0.000008 0.000003 1.000000
vn -0.000000 -0.000001 1.000000
vn -0.000000 -0.000001 1.000000
vn -0.000000 -0.000001 1.000000
vn -0.000000 -0.000001 1.000000
vn 0.000000 1.000000 0.000000
vn 0.000000 1.000000 0.000000
vn 0.000000 1.000000 0.000000
vn 0.000000 1.000000 0.000000
vn 0.000000 0.000000 -1.000000
vn 0.000000 0.000000 -1.000000
vn 0.000000 0.000000 -1.000000
vn 0.000000 0.000000 -1.000000
vn 0.000000 -1.000000 0.000000
vn 0.000000 -1.000000 0.000000
vn 0.000000 -1.000000 0.000000
vn 0.000000 -1.000000 0.000000
vn 1.000000 0.000000 0.000000
vn 1.000000 0.000000 0.000000
vn 1.000000 0.000000 0.000000
vn 1.000000 0.000000 0.000000
vn -1.000000 0.000000 0.000000
vn -1.000000 0.000000 0.000000
vn -1.000000 0.000000 0.000000
vn -1.000000 0.000000 0.000000
vn -0.000005 0.000001 1.000000
vn -0.000000 0.000001 1.000000
vn -0.000000 0.000001 1.000000
vn -0.000005 0.000001 1.000000
vn 0.000000 1.000000 0.000000
vn 0.000000 1.000000 0.000000
vn 0.000000 1.000000 0.000000
vn 0.000000 1.000000 0.000000
vn 0.000000 0.000000 -1.000000
vn 0.000000 0.000000 -1.000000
vn 0.000000 0.000000 -1.000000
vn 0.000000 0.000000 -1.000000
vn 0.000000 -1.000000 0.000000
vn -0.000000 -1.000000 0.000000
vn -0.000000 -1.000000 0.000000
vn 0.000000 -1.000000 0.000000
vn -1.000000 0.000009 -0.000002
vn -1.000000 0.000009 -0.000002
vn -1.000000 0.000009 -0.000002
vn -1.000000 0.000009 -0.000002
vn 0.000003 1.000000 0.000000
vn 0.000003 1.000000 0.000000
vn 0.000003 1.000000 0.000000
vn 0.000003 1.000000 0.000000
vn 1.000000 -0.000000 0.000000
vn 1.000000 -0.000000 0.000000
vn 1.000000 -0.000000 0.000000
vn 1.000000 -0.000000 0.000000
vn -0.000003 -1.000000 0.000000
vn -0.000003 -1.000000 0.000000
vn -0.000003 -1.000000 0.000000
vn -0.000003 -1.000000 0.000000
vn -1.000000 0.000000 0.000000
vn -1.000000 0.000000 0.000000
vn -1.000000 0.000000 0.000000
vn -1.000000 0.000000 0.000000
vn 0.000003 -1.000000 0.000000
vn -0.000002 -1.000000 0.000000
vn -0.000002 -1.000000 0.000000
vn 0.000003 -1.000000 0.000000
vn 1.000000 -0.000001 0.000000
vn 1.000000 -0.000000 0.000000
vn 1.000000 -0.000000 0.000000
vn 1.000000 -0.000001 0.000000
vn 0.000003 1.000000 0.000006
vn 0.000003 1.000000 0.000000
vn 0.000003 1.000000 0.000000
vn 0.000003 1.000000 0.000006
vn 0.000000 0.000000 1.000000
vn 0.000000 0.000000 1.000000
vn 0.000000 0.000000 1.000000
vn 0.000000 0.000000 1.000000
vn 0.000000 1.000000 0.000003
vn 0.000000 1.000000 0.000003
vn 0.000000 1.000000 0.000003
vn 0.000000 1.000000 0.000003
vn 0.000000 0.000000 -1.000000
vn 0.000000 0.000000 -1.000000
vn 0.000000 0.000000 -1.000000
vn 0.000000 0.000000 -1.000000
vn -0.000000 -1.000000 0.000003
vn -0.000000 -1.000000 0.000003
vn -0.000000 -1.000000 0.000003
vn -0.000000 -1.000000 0.000003
vn 0.000000 -0.000001 1.000000
vn -0.000000 -0.000001 1.000000
vn -0.000000 -0.000001 1.000000
vn 0.000000 -0.000001 1.000000
vn 0.000000 0.000001 1.000000
vn 0.000000 0.000001 1.000000
vn -0.000000 0.000001 1.000000
vn -0.000000 0.000001 1.000000
vn -0.000000 0.000001 1.000000
vn -0.000000 0.000001 1.000000
vn 0.000000 1.000000 0.000000
vn 0.000000 1.000000 0.000000
vn 0.000000 1.000000 0.000000
vn 0.000000 1.000000 0.000000
vn 0.000000 1.000000 0.000000
vn 0.000000 1.000000 0.000000
vn 0.000000 1.000000 0.000000
vn 0.000000 1.000000 0.000000
vn 0.000000 1.000000 0.000000
vn 0.000000 1.000000 0.000000
vn -0.000000 0.000000 -1.000000
vn -0.000000 0.000000 -1.000000
vn -0.000000 0.000000 -1.000000
vn -0.000000 0.000000 -1.000000
vn -0.000000 0.000000 -1.000000
vn -0.000000 0.000000 -1.000000
vn -0.000000 0.000000 -1.000000
vn -0.000000 0.000000 -1.000000
vn 0.000000 0.000000 -1.000000
vn 0.000000 0.000000 -1.000000
vn 0.000000 0.000000 -1.000000
vn 0.000000 0.000000 -1.000000
vn -0.000000 -1.000000 0.000000
vn -0.000000 -1.000000 0.000000
vn -0.000000 -1.000000 0.000000
vn -0.000000 -1.000000 0.000000
vn -0.000000 -1.000000 0.000000
vn -0.000000 -1.000000 0.000000
vn 0.000000 -1.000000 0.000000
vn 0.000000 -1.000000 0.000000
vn 0.000000 -1.000000 0.000000
vn 0.000000 -1.000000 0.000000
vn 1.000000 0.000000 0.000000
vn 1.000000 0.000000 0.000000
vn 1.000000 0.000000 0.000000
vn 1.000000 0.000000 0.000000
vn 1.000000 0.000000 0.000000
vn 1.000000 0.000000 0.000000
vn 1.000000 0.000000 0.000000
vn 1.000000 0.000000 0.000000
vn 1.000000 0.000000 0.000000
vn 1.000000 0.000000 0.000000
vn 1.000000 0.000000 0.000000
vn 1.000000 0.000000 0.000000
vn -1.000000 0.000000 0.000000
vn -1.000000 0.000000 0.000000
vn -1.000000 0.000000 0.000000
vn -1.000000 0.000000 0.000000
vn -1.000000 0.000000 0.000000
vn -1.000000 0.000000 0.000000
vn -1.000000 0.000000 0.000000
vn -1.000000 0.000000 0.000000
vn -1.000000 0.000000 0.000000
vn -1.000000 0.000000 0.000000
vn -1.000000 0.000000 0.000000
vn -1.000000 0.000000 0.000000
vn -0.000005 -0.000001 1.000000
vn -0.000005 -0.000001 1.000000
vn 0.000005 -0.000001 1.000000
vn 0.000005 -0.000001 1.000000
vn 0.000005 -0.000001 1.000000
vn 0.000005 -0.000001 1.000000
vn 0.000005 0.000001 1.000000
vn 0.000005 0.000001 1.000000
vn 0.000005 0.000001 1.000000
vn 0.000005 0.000001 1.000000
vn 0.000000 1.000000 0.000000
vn 0.000000 1.000000 0.000000
vn 0.000000 1.000000 0.000000
vn 0.000000 1.000000 0.000000
vn 0.000000 1.000000 0.000000
vn 0.000000 1.000000 0.000000
vn 0.000000 1.000000 0.000000
vn 0.000000 1.000000 0.000000
vn 0.000000 1.000000 0.000000
vn 0.000000 1.000000 0.000000
vn 0.000000 0.000000 -1.000000
vn 0.000000 0.000000 -1.000000
vn 0.000000 0.000000 -1.000000
vn 0.000000 0.000000 -1.000000
vn 0.000000 0.000000 -1.000000
vn 0.000000 0.000000 -1.000000
vn 0.000000 0.000000 -1.000000
vn 0.000000 0.000000 -1.000000
vn 0.000000 0.000000 -1.000000
vn 0.000000 0.000000 -1.000000
vn 0.000000 0.000000 -1.000000
vn 0.000000 0.000000 -1.000000
vn 0.000000 -1.000000 0.000000
vn 0.000000 -1.000000 0.000000
vn 0.000000 -1.000000 0.000000
vn 0.000000 -1.000000 0.000000
vn 0.000000 -1.000000 0.000000
vn 0.000000 -1.000000 0.000000
vn 0.000000 -1.000000 0.000000
vn 0.000000 -1.000000 0.000000
vn 0.000000 -1.000000 0.000000
vn 0.000000 -1.000000 0.000000
vn -1.000000 -0.000009 -0.000002
vn -1.000000 -0.000009 -0.000002
vn -1.000000 -0.000009 -0.000002
vn -1.000000 -0.000009 -0.000002
vn -1.000000 -0.000009 0.000002
vn -1.000000 -0.000009 0.000002
vn -1.000000 -0.000009 0.000002
vn -1.000000 -0.000009 0.000002
vn -1.000000 0.000009 0.000002
vn -1.000000 0.000009 0.000002
vn -1.000000 0.000009 0.000002
vn -1.000000 0.000009 0.000002
vn -0.000003 1.000000 0.000000
vn -0.000003 1.000000 0.000000
vn -0.000003 1.000000 0.000000
vn -0.000003 1.000000 0.000000
vn -0.000003 1.000000 0.000000
vn -0.000003 1.000000 0.000000
vn -0.000003 1.000000 0.000000
vn -0.000003 1.000000 0.000000
vn 0.000003 1.000000 0.000000
vn 0.000003 1.000000 0.000000
vn 1.000000 0.000000 0.000000
vn 1.000000 0.000000 0.000000
vn 1.000000 0.000000 0.000000
vn 1.000000 0.000000 0.000000
vn 1.000000 -0.000000 0.000000
vn 1.000000 -0.000000 0.000000
vn 1.000000 -0.000000 0.000000
vn 1.000000 -0.000000 0.000000
vn 1.000000 0.000000 0.000000
vn 1.000000 0.000000 0.000000
vn 0.000003 -1.000000 0.000000
vn 0.000003 -1.000000 0.000000
vn 0.000003 -1.000000 0.000000
vn 0.000003 -1.000000 0.000000
vn 0.000003 -1.000000 0.000000
vn 0.000002 -1.000000 -0.000000
vn 0.000002 -1.000000 -0.000000
vn 0.000003 -1.000000 0.000000
vn -0.000003 -1.000000 0.000000
vn -0.000003 -1.000000 0.000000
vn -1.000000 0.000000 0.000000
vn -1.000000 0.000000 0.000000
vn -1.000000 0.000000 0.000000
vn -1.000000 0.000000 0.000000
vn -1.000000 0.000000 0.000000
vn -1.000000 0.000000 0.000000
vn -1.000000 0.000000 0.000000
vn -1.000000 0.000000 0.000000
vn -1.000000 0.000000 0.000000
vn -1.000000 0.000000 0.000000
vn -1.000000 0.000000 0.000000
vn -1.000000 0.000000 0.000000
vn -0.000003 -1.000000 -0.000003
vn -0.000003 -1.000000 -0.000003
vn -0.000003 -1.000000 0.000003
vn -0.000003 -1.000000 0.000003
vn -0.000003 -1.000000 0.000003
vn -0.000003 -1.000000 0.000003
vn 0.000003 -1.000000 0.000000
vn 0.000003 -1.000000 0.000000
vn 0.000003 -1.000000 0.000000
vn 0.000003 -1.000000 0.000000
vn 1.000000 0.000001 0.000000
vn 1.000000 0.000001 0.000000
vn 1.000000 -0.000001 0.000000
vn 1.000000 -0.000001 0.000000
vn 1.000000 -0.000001 0.000000
vn 1.000000 -0.000001 0.000000
vn 1.000000 0.000001 0.000000
vn 1.000000 0.000001 0.000000
vn 1.000000 0.000001 0.000000
vn 1.000000 0.000001 0.000000
vn -0.000003 1.000000 0.000001
vn -0.000003 1.000000 0.000001
vn -0.000003 1.000000 0.000000
vn -0.000003 1.000000 0.000000
vn -0.000003 1.000000 0.000000
vn -0.000003 1.000000 0.000000
vn 0.000003 1.000000 -0.000005
vn 0.000003 1.000000 -0.000005
vn 0.000003 1.000000 -0.000005
vn 0.000003 1.000000 -0.000005
vn 0.000000 0.000000 1.000000
vn 0.000000 0.000000 1.000000
vn 0.000000 0.000000 1.000000
vn 0.000000 0.000000 1.000000
vn 0.000000 0.000000 1.000000
vn 0.000000 0.000000 1.000000
vn 0.000000 0.000000 1.000000
vn 0.000000 0.000000 1.000000
vn 0.000000 0.000000 1.000000
vn 0.000000 0.000000 1.000000
vn 0.000000 0.000000 1.000000
vn 0.000000 0.000000 1.000000
vn 0.000000 1.000000 -0.000004
vn 0.000000 1.000000 -0.000004
vn 0.000000 1.000000 -0.000004
vn 0.000000 1.000000 -0.000004
vn -0.000000 1.000000 -0.000005
vn -0.000000 1.000000 -0.000005
vn -0.000000 1.000000 -0.000005
vn -0.000000 1.000000 -0.000005
vn -0.000000 1.000000 0.000004
vn -0.000000 1.000000 0.000004
vn -0.000000 1.000000 0.000004
vn -0.000000 1.000000 0.000004
vn 0.000000 0.000000 -1.000000
vn 0.000000 0.000000 -1.000000
vn 0.000000 0.000000 -1.000000
vn 0.000000 0.000000 -1.000000
vn 0.000000 0.000000 -1.000000
vn 0.000000 0.000000 -1.000000
vn 0.000000 0.000000 -1.000000
vn 0.000000 0.000000 -1.000000
vn 0.000000 0.000000 -1.000000
vn 0.000000 0.000000 -1.000000
vn 0.000000 0.000000 -1.000000
vn 0.000000 0.000000 -1.000000
vn -0.000000 -1.000000 -0.000004
vn -0.000000 -1.000000 -0.000004
vn -0.000000 -1.000000 -0.000004
vn -0.000000 -1.000000 -0.000004
vn 0.000000 -1.000000 -0.000005
vn 0.000000 -1.000000 -0.000005
vn 0.000000 -1.000000 -0.000005
vn 0.000000 -1.000000 -0.000005
vn 0.000000 -1.000000 0.000004
vn 0.000000 -1.000000 0.000004
vn 0.000000 -1.000000 0.000004
vn 0.000000 -1.000000 0.000004
vn 0.038129 0.382692 -0.923089
vn 0.029181 0.707113 -0.706498
vn 0.029181 0.707110 -0.706502
vn 0.038129 0.382688 -0.923091
vn 0.015794 0.923879 -0.382359
vn 0.015793 0.923881 -0.382354
vn 0.000000 1.000000 -0.000002
vn -0.000000 1.000000 0.000002
vn -0.015794 0.923878 0.382360
vn -0.015794 0.923879 0.382360
vn -0.029181 0.707108 0.706503
vn -0.029181 0.707111 0.706500
vn -0.038124 0.382695 0.923088
vn -0.038124 0.382701 0.923086
vn -0.041264 0.000000 0.999148
vn -0.041264 0.000000 0.999148
vn -0.038124 -0.382696 0.923087
vn -0.038124 -0.382701 0.923085
vn -0.029181 -0.707107 0.706504
vn -0.029181 -0.707110 0.706501
vn -0.015795 -0.923877 0.382362
vn -0.015795 -0.923878 0.382362
vn 0.000000 -1.000000 -0.000004
vn -0.000000 -1.000000 -0.000000
vn 0.015794 -0.923879 -0.382358
vn 0.015793 -0.923881 -0.382354
vn 0.029181 -0.707113 -0.706499
vn 0.029181 -0.707109 -0.706502
vn 0.038128 -0.382689 -0.923090
vn 0.038129 -0.382684 -0.923092
vn 0.041271 -0.000000 -0.999148
vn 0.041271 -0.000000 -0.999148
vn -0.999147 -0.000009 -0.041284
vn -0.999148 0.000016 -0.041283
vn -0.999148 0.000001 -0.041277
vn -0.999148 0.000000 -0.041271
vn -0.999148 0.000000 -0.041270
vn -0.999148 0.000003 -0.041271
vn -0.999147 0.000016 -0.041284
vn -0.999148 -0.000006 -0.041282
vn -0.999148 0.000000 -0.041268
vn -0.999148 0.000006 -0.041282
vn -0.999147 -0.000013 -0.041284
vn -0.999148 0.000000 -0.041271
vn -0.999148 0.000000 -0.041270
vn -0.999148 0.000000 -0.041271
vn -0.999148 0.000013 -0.041284
vn -0.999148 -0.000013 -0.041282
vn -0.999148 -0.000000 -0.041268
vn 0.999148 0.000044 0.041268
vn 0.999148 0.000032 0.041260
vn 0.999148 -0.000000 0.041275
vn 0.999150 0.000013 0.041216
vn 0.999148 0.000000 0.041270
vn 0.999148 0.000032 0.041284
vn 0.999147 -0.000013 0.041284
vn 0.999146 -0.000019 0.041332
vn 0.999147 -0.000000 0.041302
vn 0.999146 0.000019 0.041331
vn 0.999147 0.000013 0.041284
vn 0.999147 -0.000032 0.041284
vn 0.999148 0.000000 0.041270
vn 0.999150 -0.000013 0.041216
vn 0.999148 -0.000038 0.041260
vn 0.999148 -0.000044 0.041268
vn 0.999148 0.000006 0.041267
vn 0.999148 0.000000 0.041262
vn 0.999148 0.000000 0.041262
vn 0.999148 0.000000 0.041262
vn 0.999148 0.000000 0.041262
vn 0.128806 0.991655 0.005326
vn 0.128807 0.991656 0.005321
vn 0.053621 0.998559 0.002215
vn 0.053622 0.998559 0.002217
vn -0.999145 0.000000 -0.041344
vn -0.999148 0.000000 -0.041271
vn -0.999148 0.000000 -0.041266
vn -0.999145 0.000000 -0.041344
vn 0.000000 -1.000000 0.000004
vn 0.000000 -1.000000 0.000000
vn 0.000000 -1.000000 0.000000
vn 0.000000 -1.000000 0.000000
vn 0.041272 0.000000 -0.999148
vn 0.041275 0.000000 -0.999148
vn 0.041275 0.000000 -0.999148
vn 0.041273 0.000000 -0.999148
vn -0.041272 0.000000 0.999148
vn -0.041272 0.000000 0.999148
vn -0.041274 0.000000 0.999148
vn -0.041274 0.000000 0.999148
vn 0.999147 0.000000 0.041297
vn 0.999146 0.000000 0.041318
vn 0.999146 0.000000 0.041318
vn 0.999148 0.000000 0.041271
vn 0.999147 0.000000 0.041288
vn 0.999148 0.000000 0.041271
vn 0.999145 0.000000 0.041344
vn 0.999145 0.000000 0.041344
vn 0.000000 1.000000 0.000000
vn 0.000000 1.000000 0.000000
vn 0.000000 1.000000 0.000000
vn 0.000000 1.000000 0.000000
vn -0.041304 0.000000 0.999147
vn -0.041304 0.000000 0.999147
vn -0.041304 0.000000 0.999147
vn -0.041304 0.000000 0.999147
vn 0.000000 -1.000000 0.000000
vn 0.000000 -1.000000 0.000000
vn 0.000000 -1.000000 0.000000
vn 0.000000 -1.000000 0.000000
vn 0.041286 0.000000 -0.999147
vn 0.041286 0.000000 -0.999147
vn 0.041286 0.000000 -0.999147
vn 0.041286 0.000000 -0.999147
vn 0.053620 0.998559 0.002214
vn 0.053622 0.998559 0.002215
vn 0.128807 0.991656 0.005320
vn 0.128807 0.991656 0.005317
vn -0.999149 0.000000 -0.041247
vn -0.999149 0.000000 -0.041247
vn -0.999148 0.000000 -0.041259
vn -0.999148 0.000000 -0.041259
vn 0.000000 -1.000000 0.000000
vn 0.000000 -1.000000 0.000000
vn 0.000000 -1.000000 0.000001
vn 0.000000 -1.000000 0.000002
vn 0.999147 0.000000 0.041297
vn 0.999148 0.000000 0.041271
vn 0.999146 0.000000 0.041318
vn 0.999146 0.000000 0.041318
vn 0.041273 0.000000 -0.999148
vn 0.041275 0.000000 -0.999148
vn 0.041275 0.000000 -0.999148
vn 0.041272 0.000000 -0.999148
vn -0.999148 0.000000 -0.041259
vn -0.999149 0.000000 -0.041259
vn -0.999149 0.000000 -0.041247
vn -0.999149 0.000000 -0.041247
vn -0.999145 0.000000 -0.041344
vn -0.999148 0.000000 -0.041266
vn -0.999148 0.000000 -0.041271
vn -0.999145 0.000000 -0.041344
vn -0.041272 0.000000 0.999148
vn -0.041272 0.000000 0.999148
vn -0.041274 0.000000 0.999148
vn -0.041274 0.000000 0.999148
vn 0.999147 0.000000 0.041288
vn 0.999145 0.000000 0.041344
vn 0.999145 0.000000 0.041344
vn 0.999148 0.000000 0.041271
vn 0.999145 0.000000 0.041344
vn 0.999145 0.000000 0.041344
vn -0.999145 0.000000 -0.041344
vn 0.053623 0.998559 0.002217
vn 0.053619 0.998559 0.002217
vn 0.128804 0.991656 0.005326
vn 0.128804 0.991656 0.005326
vn -0.999149 0.000000 -0.041241
vn -0.999149 0.000000 -0.041241
vn -0.999149 0.000000 -0.041241
vn -0.999149 0.000000 -0.041241
vn -0.999149 0.000000 -0.041241
vn -0.999149 0.000000 -0.041241
vn -0.999149 0.000000 -0.041241
vn -0.999149 0.000000 -0.041241
vn 0.000000 -1.000000 0.000001
vn 0.000000 -1.000000 -0.000002
vn 0.000000 -1.000000 -0.000002
vn 0.000000 -1.000000 0.000001
vn 0.999146 0.000000 0.041322
vn 0.999146 0.000000 0.041322
vn 0.999146 0.000000 0.041322
vn 0.999146 0.000000 0.041322
vn 0.999146 0.000000 0.041322
vn 0.999146 0.000000 0.041322
vn 0.999146 0.000000 0.041322
vn 0.999146 0.000000 0.041322
vn -0.999150 0.000000 -0.041235
vn -0.999150 0.000000 -0.041235
vn -0.999150 0.000000 -0.041235
vn -0.999150 0.000000 -0.041235
vn 0.051589 0.998666 0.002132
vn 0.051590 0.998666 0.002132
vn 0.122239 0.992488 0.005052
vn 0.122239 0.992488 0.005052
vn 0.999147 0.000000 0.041300
vn 0.999147 0.000000 0.041300
vn 0.999147 0.000000 0.041300
vn 0.999147 0.000000 0.041300
vn 0.999147 0.000000 0.041300
vn 0.999147 0.000000 0.041300
vn 0.999147 0.000000 0.041300
vn 0.999147 0.000000 0.041300
vn 0.000000 -1.000000 -0.000000
vn 0.000000 -1.000000 -0.000000
vn 0.000000 -1.000000 -0.000000
vn 0.000000 -1.000000 -0.000000
vn -0.999150 0.000000 -0.041235
vn -0.999150 0.000000 -0.041235
vn -0.999150 0.000000 -0.041235
vn -0.999150 0.000000 -0.041235
vn -0.442981 0.000000 -0.896531
vn -0.442981 0.000000 -0.896531
vn -0.442981 0.000000 -0.896531
vn -0.442981 0.000000 -0.896531
vn -0.515157 0.000000 0.857096
vn -0.515157 0.000000 0.857096
vn -0.515157 0.000000 0.857096
vn -0.515157 0.000000 0.857096
vn -0.007078 0.495304 0.868691
vn -0.011957 0.497766 0.867229
vn 0.024423 0.479029 0.877459
vn 0.024423 0.479029 0.877459
vn 0.096759 0.479512 -0.872184
vn 0.059617 0.498336 -0.864932
vn 0.064608 0.495861 -0.865995
vn 0.096759 0.479512 -0.872184
vn 0.442776 0.000000 0.896632
vn 0.442776 0.000000 0.896633
vn 0.442776 0.000000 0.896633
vn 0.442776 0.000000 0.896633
vn 0.515469 0.000000 -0.856908
vn 0.515469 0.000000 -0.856908
vn 0.515469 0.000000 -0.856908
vn 0.515469 0.000000 -0.856908
vn 0.442779 0.000000 0.896631
vn 0.442779 0.000000 0.896631
vn 0.442779 0.000000 0.896631
vn 0.442779 0.000000 0.896631
vn 0.515470 0.000000 -0.856908
vn 0.515470 0.000000 -0.856908
vn 0.515470 0.000000 -0.856908
vn 0.515470 0.000000 -0.856908
vn 0.442773 0.000000 0.896634
vn 0.442773 0.000000 0.896634
vn 0.442773 0.000000 0.896634
vn 0.442774 0.000000 0.896634
vn 0.515470 0.000000 -0.856908
vn 0.515470 0.000000 -0.856908
vn 0.515470 0.000000 -0.856908
vn 0.515470 0.000000 -0.856908
vn -0.035516 -0.509453 0.859765
vn -0.035515 -0.509433 0.859777
vn -0.035515 -0.509437 0.859775
vn -0.035516 -0.509453 0.859765
vn 0.035502 -0.510021 -0.859429
vn 0.035501 -0.510029 -0.859424
vn 0.035504 -0.509983 -0.859452
vn 0.035504 -0.509983 -0.859452
vn -0.515154 0.000000 0.857098
vn -0.515154 0.000000 0.857098
vn -0.515154 0.000000 0.857098
vn -0.515154 0.000000 0.857098
vn -0.442978 0.000000 -0.896532
vn -0.442978 0.000000 -0.896532
vn -0.442978 0.000000 -0.896532
vn -0.442978 0.000000 -0.896532
vn -0.442973 0.000000 -0.896535
vn -0.442973 0.000000 -0.896535
vn -0.442973 0.000000 -0.896535
vn -0.442973 0.000000 -0.896535
vn -0.515148 0.000000 0.857101
vn -0.515148 0.000000 0.857101
vn -0.515148 0.000000 0.857102
vn -0.515148 0.000000 0.857102
vn -0.041281 0.000000 0.999148
vn -0.041275 0.000000 0.999148
vn -0.041274 0.000000 0.999148
vn -0.041281 0.000000 0.999148
vn -0.041281 0.000000 0.999148
vn -0.041275 0.000000 0.999148
vn -0.041275 0.000000 0.999148
vn -0.041281 0.000000 0.999148
vn 0.000000 -1.000000 0.000000
vn 0.000000 -1.000000 -0.000001
vn 0.000000 -1.000000 0.000000
vn 0.000000 -1.000000 0.000004
vn 0.000000 -1.000000 -0.000000
vn 0.000000 -1.000000 -0.000001
vn 0.000000 -1.000000 0.000000
vn 0.000000 -1.000000 0.000000
vn -0.035516 -0.509399 0.859797
vn -0.035515 -0.509409 0.859791
vn -0.035518 -0.509376 0.859811
vn -0.035518 -0.509376 0.859811
vn 0.000000 -1.000000 -0.000001
vn 0.000000 -1.000000 -0.000001
vn 0.000000 -1.000000 -0.000001
vn 0.000000 -1.000000 -0.000001
vn 0.035499 -0.510053 -0.859410
vn 0.035500 -0.510054 -0.859409
vn 0.035500 -0.510054 -0.859410
vn 0.035499 -0.510053 -0.859410
vn 0.000000 -1.000000 -0.000001
vn 0.000000 -1.000000 -0.000001
vn 0.000000 -1.000000 0.000004
vn 0.000000 -1.000000 0.000004
vn 0.041275 0.000000 -0.999148
vn 0.041275 0.000000 -0.999148
vn 0.041270 0.000000 -0.999148
vn 0.041270 0.000000 -0.999148
vn 0.041275 0.000000 -0.999148
vn 0.041271 0.000000 -0.999148
vn 0.041275 0.000000 -0.999148
vn 0.041271 0.000000 -0.999148
vn -0.148507 0.988892 -0.006123
vn -0.056778 0.998384 -0.002341
vn -0.056788 0.998384 -0.002342
vn -0.148507 0.988892 -0.006123
vn 0.001580 0.490294 -0.871556
vn 0.013897 0.497566 -0.867315
vn -0.032557 0.469573 -0.882293
vn -0.032557 0.469573 -0.882293
vn -0.141929 0.989859 -0.005860
vn -0.054823 0.998494 -0.002264
vn -0.054823 0.998494 -0.002264
vn -0.141929 0.989859 -0.005860
vn -0.105139 0.468964 0.876937
vn -0.057672 0.496944 0.865864
vn -0.070271 0.489681 0.869065
vn -0.105139 0.468964 0.876937
vn -0.148506 0.988893 -0.006133
vn -0.056782 0.998384 -0.002345
vn -0.056784 0.998384 -0.002344
vn -0.148503 0.988893 -0.006131
vn -0.148507 0.988892 -0.006135
vn -0.056782 0.998384 -0.002346
vn -0.056786 0.998384 -0.002350
vn -0.148509 0.988892 -0.006145
vn -0.999145 0.000000 -0.041344
vn -0.041287 0.000000 0.999147
vn -0.041287 0.000000 0.999147
vn -0.041275 0.000000 0.999148
vn -0.041275 0.000000 0.999148
vn -0.041273 0.000000 0.999148
vn -0.041273 0.000000 0.999148
vn -0.041279 0.000000 0.999148
vn -0.041279 0.000000 0.999148
vn -0.041272 0.000000 0.999148
vn -0.041274 0.000000 0.999148
vn -0.041281 0.000000 0.999148
vn -0.041275 0.000000 0.999148
vn -0.041275 0.000000 0.999148
vn -0.041281 0.000000 0.999148
vn -0.041272 0.000000 0.999148
vn -0.041274 0.000000 0.999148
vn -0.556518 0.000000 0.830835
vn -0.556518 0.000000 0.830835
vn -0.556518 0.000000 0.830835
vn -0.556518 0.000000 0.830835
vn -0.023363 -0.824455 0.565445
vn -0.023363 -0.824455 0.565445
vn -0.023363 -0.824455 0.565445
vn -0.023363 -0.824455 0.565445
vn -0.023363 0.824453 0.565448
vn -0.023363 0.824453 0.565448
vn -0.023363 0.824453 0.565448
vn -0.023363 0.824453 0.565448
vn -0.023356 -0.824457 0.565443
vn -0.023356 -0.824457 0.565443
vn -0.023356 -0.824457 0.565443
vn -0.023356 -0.824457 0.565443
vn -0.023356 0.824458 0.565441
vn -0.023356 0.824458 0.565441
vn -0.023356 0.824458 0.565441
vn -0.023356 0.824458 0.565441
vn -0.023359 -0.824459 0.565440
vn -0.023359 -0.824459 0.565440
vn -0.023359 -0.824459 0.565440
vn -0.023359 -0.824459 0.565440
vn 0.486096 0.000000 0.873905
vn 0.486096 0.000000 0.873905
vn 0.486096 0.000000 0.873905
vn 0.486096 0.000000 0.873905
vn -0.023359 0.824461 0.565437
vn -0.023359 0.824461 0.565437
vn -0.023359 0.824461 0.565437
vn -0.023359 0.824461 0.565437
vn 0.999149 -0.000002 0.041259
vn 0.999149 -0.000002 0.041259
vn 0.999149 -0.000002 0.041259
vn 0.999149 -0.000002 0.041259
vn 0.000000 1.000000 -0.000003
vn 0.000000 1.000000 -0.000003
vn 0.000000 1.000000 -0.000003
vn 0.000000 1.000000 -0.000003
vn -0.999147 0.000045 -0.041297
vn -0.999147 0.000045 -0.041297
vn -0.999147 0.000045 -0.041297
vn -0.999147 0.000045 -0.041297
vn 0.000000 -1.000000 0.000000
vn 0.000000 -1.000000 0.000000
vn 0.000000 -1.000000 0.000000
vn 0.000000 -1.000000 0.000000
vn 0.038845 -0.337838 -0.940402
vn 0.038845 -0.337838 -0.940403
vn 0.038845 -0.337838 -0.940403
vn 0.038845 -0.337838 -0.940402
vn -0.038844 -0.337832 0.940405
vn -0.038844 -0.337832 0.940405
vn -0.038844 -0.337832 0.940405
vn -0.038844 -0.337832 0.940405
vn 0.999147 0.000051 0.041297
vn 0.999147 0.000051 0.041297
vn 0.999147 0.000051 0.041297
vn 0.999147 0.000051 0.041297
vn 0.000000 1.000000 0.000000
vn 0.000000 1.000000 0.000000
vn 0.000000 1.000000 0.000000
vn 0.000000 1.000000 0.000000
vn -0.999149 0.000008 -0.041258
vn -0.999149 0.000008 -0.041258
vn -0.999149 0.000008 -0.041258
vn -0.999149 0.000008 -0.041258
vn 0.000000 -1.000000 0.000000
vn 0.000000 -1.000000 0.000000
vn 0.000000 -1.000000 0.000000
vn 0.000000 -1.000000 0.000000
vn 0.038844 -0.337837 -0.940403
vn 0.038844 -0.337837 -0.940403
vn 0.038844 -0.337837 -0.940403
vn 0.038844 -0.337837 -0.940403
vn -0.038844 -0.337837 0.940403
vn -0.038844 -0.337837 0.940403
vn -0.038844 -0.337837 0.940403
vn -0.038844 -0.337837 0.940403
vn 0.898451 0.437509 0.037033
vn 0.898451 0.437509 0.037033
vn 0.898451 0.437509 0.037033
vn 0.898451 0.437509 0.037033
vn -0.491166 0.870830 -0.020283
vn -0.491166 0.870830 -0.020283
vn -0.491166 0.870830 -0.020283
vn -0.491166 0.870830 -0.020283
vn -0.898389 -0.437633 -0.037084
vn -0.898389 -0.437633 -0.037084
vn -0.898389 -0.437632 -0.037084
vn -0.898389 -0.437632 -0.037084
vn 0.491172 -0.870828 0.020235
vn 0.491172 -0.870828 0.020235
vn 0.491172 -0.870828 0.020235
vn 0.491172 -0.870828 0.020235
vn 0.009606 0.055993 -0.998385
vn 0.009606 0.055993 -0.998385
vn 0.009606 0.055993 -0.998385
vn 0.009606 0.055993 -0.998385
vn -0.072753 0.055968 0.995778
vn -0.072753 0.055968 0.995778
vn -0.072753 0.055968 0.995778
vn -0.072753 0.055968 0.995778
vn 0.000000 1.000000 0.000005
vn 0.000000 1.000000 0.000005
vn 0.000000 1.000000 0.000005
vn 0.000000 1.000000 0.000005
vn -0.999147 0.000000 -0.041306
vn -0.999147 0.000000 -0.041306
vn -0.999147 0.000000 -0.041306
vn -0.999147 0.000000 -0.041306
vn 0.000000 -1.000000 -0.000005
vn 0.000000 -1.000000 -0.000005
vn 0.000000 -1.000000 -0.000005
vn 0.000000 -1.000000 -0.000005
vn 0.999148 0.000000 0.041278
vn 0.999148 0.000000 0.041278
vn 0.999148 0.000000 0.041278
vn 0.999148 0.000000 0.041278
vn 0.108519 0.000000 -0.994094
vn 0.108519 0.000000 -0.994094
vn 0.108519 0.000000 -0.994094
vn 0.108519 0.000000 -0.994094
vn 0.026130 0.000000 0.999659
vn 0.026130 0.000000 0.999659
vn 0.026130 0.000000 0.999659
vn 0.026130 0.000000 0.999659
vn 0.898395 0.437620 0.037085
vn 0.898395 0.437620 0.037085
vn 0.898395 0.437620 0.037085
vn 0.898395 0.437620 0.037085
vn -0.491170 0.870828 -0.020254
vn -0.491170 0.870828 -0.020254
vn -0.491170 0.870828 -0.020254
vn -0.491170 0.870828 -0.020254
vn -0.898504 -0.437395 -0.037089
vn -0.898504 -0.437395 -0.037089
vn -0.898504 -0.437395 -0.037089
vn -0.898504 -0.437395 -0.037089
vn 0.491161 -0.870832 0.020291
vn 0.491161 -0.870832 0.020291
vn 0.491161 -0.870832 0.020291
vn 0.491161 -0.870832 0.020291
vn 0.009613 0.055979 -0.998386
vn 0.009613 0.055979 -0.998386
vn 0.009613 0.055979 -0.998386
vn 0.009613 0.055979 -0.998386
vn -0.072754 0.055971 0.995778
vn -0.072754 0.055971 0.995778
vn -0.072754 0.055971 0.995778
vn -0.072754 0.055971 0.995778
vn 0.000000 1.000000 0.000000
vn 0.000000 1.000000 0.000000
vn 0.000000 1.000000 0.000000
vn 0.000000 1.000000 0.000000
vn -0.999151 0.000000 -0.041204
vn -0.999151 0.000000 -0.041204
vn -0.999151 0.000000 -0.041204
vn -0.999151 0.000000 -0.041204
vn 0.000000 -1.000000 -0.000005
vn 0.000000 -1.000000 -0.000005
vn 0.000000 -1.000000 -0.000005
vn 0.000000 -1.000000 -0.000005
vn 0.999148 0.000000 0.041278
vn 0.999148 0.000000 0.041278
vn 0.999148 0.000000 0.041278
vn 0.999148 0.000000 0.041278
vn 0.108519 0.000000 -0.994094
vn 0.108519 0.000000 -0.994094
vn 0.108519 0.000000 -0.994094
vn 0.108519 0.000000 -0.994094
vn 0.026155 0.000000 0.999658
vn 0.026155 0.000000 0.999658
vn 0.026155 0.000000 0.999658
vn 0.026155 0.000000 0.999658
vn 1.000000 -0.000004 0.000000
vn 1.000000 -0.000004 0.000000
vn 1.000000 -0.000001 0.000000
vn 1.000000 -0.000001 0.000000
vn 0.000000 1.000000 0.000000
vn 0.000000 1.000000 0.000000
vn 0.000000 1.000000 0.000000
vn 0.000000 1.000000 0.000000
vn 0.000000 -1.000000 0.000000
vn 0.000000 -1.000000 0.000000
vn 0.000000 -1.000000 0.000000
vn 0.000000 -1.000000 0.000000
vn 0.000000 -0.567722 -0.823220
vn 0.000000 -0.567722 -0.823220
vn 0.000000 -0.265922 -0.963994
vn 0.000000 -0.265922 -0.963994
vn 0.000000 0.113696 0.993516
vn 0.000000 -0.116901 0.993144
vn 0.000000 -0.116901 0.993144
vn 0.000000 0.113697 0.993516
vn 0.000000 0.259038 -0.965867
vn 0.000000 0.259038 -0.965867
vn 0.000000 0.541236 -0.840871
vn 0.000000 0.541236 -0.840871
vn 1.000000 0.000000 0.000000
vn 1.000000 0.000000 0.000000
vn 1.000000 0.000000 0.000000
vn 1.000000 0.000000 0.000000
vn 0.000000 0.000000 1.000000
vn 0.000000 0.000000 1.000000
vn 0.000000 0.000000 1.000000
vn 0.000000 0.000000 1.000000
vn 0.000000 0.000000 1.000000
vn 0.000000 0.000000 1.000000
vn 0.000000 0.000000 1.000000
vn 0.000000 0.000000 1.000000
vn 0.000000 0.000000 1.000000
vn 0.000000 0.000000 1.000000
vn 0.000000 0.000000 1.000000
vn 0.000000 0.000000 1.000000
vn -0.000000 0.000000 1.000000
vn -0.000000 0.000000 1.000000
vn -0.000000 0.000000 1.000000
vn -0.000000 0.000000 1.000000
vn 0.000000 0.000000 1.000000
vn 0.000000 0.000000 1.000000
vn 0.000000 0.000000 1.000000
vn 0.000000 0.000000 1.000000
vn 0.000000 1.000000 0.000000
vn 0.000000 1.000000 0.000000
vn 0.000000 1.000000 0.000000
vn 0.000000 1.000000 0.000000
vn -1.000000 0.000000 0.000000
vn -1.000000 0.000000 0.000000
vn -1.000000 0.000000 0.000000
vn -1.000000 0.000000 0.000000
vn -1.000000 0.000000 0.000000
vn -1.000000 0.000000 0.000000
vn -1.000000 0.000000 0.000000
vn -1.000000 0.000000 0.000000
vn -1.000000 0.000000 0.000000
vn -1.000000 0.000000 0.000000
vn -1.000000 0.000000 0.000000
vn -1.000000 0.000000 0.000000
vn 0.000000 -1.000000 0.000000
vn 0.000000 -1.000000 0.000000
vn 0.000000 -1.000000 0.000000
vn 0.000000 -1.000000 0.000000
vn 0.000000 -0.282302 0.959325
vn 0.000000 -0.282302 0.959325
vn 0.000000 0.264845 0.964291
vn 0.000000 0.264845 0.964291
vn 0.000000 0.000000 1.000000
vn 0.000000 0.000000 1.000000
vn 0.000000 0.000000 1.000000
vn 0.000000 0.000000 1.000000
vn 0.000000 1.000000 0.000000
vn 0.000000 1.000000 0.000000
vn 0.000000 -0.116901 0.993144
vn 0.000000 -0.282303 0.959325
vn 0.000000 0.113697 0.993516
vn 0.000000 0.264846 0.964291
vn 0.000000 -1.000000 0.000000
vn 0.000000 -1.000000 0.000000
vn 0.000000 0.000000 1.000000
vn 0.000000 0.000000 1.000000
vn 0.000000 0.000000 1.000000
vn 0.000000 0.000000 1.000000
vn 0.000000 1.000000 0.000000
vn 0.000000 1.000000 0.000000
vn 0.000000 1.000000 0.000000
vn 0.000000 1.000000 0.000000
vn 0.000000 0.605007 -0.796220
vn 0.000000 0.289580 -0.957154
vn 0.000000 0.289580 -0.957154
vn 0.000000 0.605007 -0.796220
vn 0.000000 -0.188853 -0.982005
vn 0.000000 -0.188853 -0.982005
vn 0.000000 -0.633516 -0.773729
vn 0.000000 -0.633516 -0.773729
vn 0.000000 -1.000000 0.000000
vn 0.000000 -1.000000 0.000000
vn 0.000000 -1.000000 0.000000
vn 0.000000 -1.000000 0.000000
vn 0.000000 -1.000000 0.000000
vn 0.000000 -1.000000 0.000000
vn 0.000000 0.000000 1.000000
vn 0.000000 0.000000 1.000000
vn 0.000000 0.000000 1.000000
vn 0.000000 0.000000 1.000000
vn 0.000000 1.000000 0.000000
vn 0.000000 1.000000 0.000000
vn 0.000000 1.000000 0.000000
vn 0.000000 1.000000 0.000000
vn -0.000007 0.541225 -0.840878
vn -0.000012 0.259031 -0.965869
vn 0.000000 0.259033 -0.965869
vn 0.000000 0.541225 -0.840878
vn -0.000015 -0.265922 -0.963995
vn -0.000000 -0.265923 -0.963994
vn -0.000013 -0.567723 -0.823220
vn -0.000000 -0.567723 -0.823220
vn 0.998986 0.045015 0.000000
vn 0.998986 0.045015 0.000000
vn 0.998986 0.045015 0.000000
vn 0.998986 0.045015 0.000000
vn -0.998994 0.044847 0.000000
vn -0.998994 0.044847 0.000000
vn -0.998994 0.044847 0.000000
vn -0.998994 0.044847 0.000000
vn 0.000000 0.000000 1.000000
vn 0.000000 0.000000 1.000000
vn 0.000000 0.000000 1.000000
vn 0.000000 0.000000 1.000000
vn 0.998000 0.036492 -0.051624
vn 0.998000 0.036492 -0.051624
vn 0.998000 0.036492 -0.051624
vn 0.998000 0.036492 -0.051624
vn -0.998014 0.036357 -0.051433
vn -0.998014 0.036357 -0.051433
vn -0.998015 0.036357 -0.051433
vn -0.998015 0.036357 -0.051433
vn 0.997829 0.000000 -0.065853
vn 0.997829 0.000000 -0.065853
vn 0.997829 0.000000 -0.065853
vn 0.997829 0.000000 -0.065853
vn -0.997845 0.000000 -0.065609
vn -0.997845 0.000000 -0.065609
vn -0.997845 0.000000 -0.065609
vn -0.997845 0.000000 -0.065609
vn 0.998341 -0.034183 -0.046333
vn 0.997937 -0.039536 -0.050590
vn 0.998295 -0.034828 -0.046846
vn 0.998341 -0.034183 -0.046333
vn -0.997952 -0.039386 -0.050403
vn -0.998353 -0.034051 -0.046161
vn -0.998354 -0.034051 -0.046161
vn -0.998308 -0.034694 -0.046672
vn -0.998994 -0.044847 0.000000
vn -0.998994 -0.044847 0.000000
vn -0.998994 -0.044847 0.000000
vn -0.998994 -0.044847 0.000000
vn 0.998986 -0.045015 0.000000
vn 0.998986 -0.045015 0.000000
vn 0.998986 -0.045015 0.000000
vn 0.998986 -0.045015 0.000000
vn 0.000000 0.000000 1.000000
vn 0.000000 0.000000 1.000000
vn 0.000000 0.000000 1.000000
vn 0.000000 0.000000 1.000000
vn -1.000000 0.000000 0.000000
vn -1.000000 0.000000 0.000000
vn -1.000000 0.000000 0.000000
vn -1.000000 0.000000 0.000000
vn 1.000000 0.000000 0.000000
vn 1.000000 0.000000 0.000000
vn 1.000000 0.000000 0.000000
vn 1.000000 0.000000 0.000000
vn 0.000000 1.000000 0.000000
vn 0.000000 1.000000 0.000000
vn 0.000000 1.000000 0.000000
vn 0.000000 1.000000 0.000000
vn -0.998994 -0.044842 0.000000
vn -0.998994 -0.044842 0.000000
vn -0.998994 -0.044842 0.000000
vn -0.998994 -0.044842 0.000000
vn 0.000000 -1.000000 0.000000
vn 0.000000 -1.000000 0.000000
vn 0.000000 -1.000000 0.000000
vn 0.000000 -1.000000 0.000000
vn 0.998986 -0.045014 0.000000
vn 0.998986 -0.045014 0.000000
vn 0.998986 -0.045014 0.000000
vn 0.998986 -0.045014 0.000000
vn 1.000000 0.000000 0.000000
vn 1.000000 0.000000 0.000000
vn 1.000000 0.000000 0.000000
vn 1.000000 0.000000 0.000000
vn -1.000000 0.000000 0.000000
vn -1.000000 0.000000 0.000000
vn -1.000000 0.000000 0.000000
vn -1.000000 0.000000 0.000000
vn 0.000000 -1.000000 0.000000
vn 0.000000 -1.000000 0.000000
vn 0.000000 -1.000000 0.000000
vn 0.000000 -1.000000 0.000000
vn 0.998986 0.045014 0.000000
vn 0.998986 0.045014 0.000000
vn 0.998986 0.045014 0.000000
vn 0.998986 0.045014 0.000000
vn 0.000000 1.000000 0.000000
vn 0.000000 1.000000 0.000000
vn 0.000000 1.000000 0.000000
vn 0.000000 1.000000 0.000000
vn -0.998994 0.044842 0.000000
vn -0.998994 0.044842 0.000000
vn -0.998994 0.044842 0.000000
vn -0.998994 0.044842 0.000000
vn 0.000000 0.000000 1.000000
vn 0.000000 0.000000 1.000000
vn 0.000000 0.000000 1.000000
vn 0.000000 0.000000 1.000000
vn 0.000000 1.000000 0.000000
vn 0.000000 1.000000 0.000000
vn 0.000000 -0.116901 0.993144
vn 0.000000 -0.282303 0.959325
vn 0.000000 0.113697 0.993516
vn 0.000000 0.264845 0.964291
vn 0.000000 -1.000000 0.000000
vn 0.000000 -1.000000 0.000000
vn 0.000000 -1.000000 0.000000
vn 0.000000 -1.000000 0.000000
vn -1.000000 0.000000 0.000000
vn -1.000000 0.000000 0.000000
vn -1.000000 0.000000 0.000000
vn -1.000000 0.000000 0.000000
vn 0.000000 1.000000 0.000000
vn 0.000000 1.000000 0.000000
vn 0.000000 1.000000 0.000000
vn 0.000000 1.000000 0.000000
vn 0.000000 -1.000000 0.000000
vn 0.000000 -1.000000 0.000000
vn 0.000000 -1.000000 0.000000
vn 0.000000 -1.000000 0.000000
vn 0.000000 -0.567722 -0.823220
vn 0.000000 -0.265922 -0.963994
vn 0.000000 -0.265922 -0.963994
vn 0.000000 -0.567722 -0.823220
vn 0.000000 0.113696 0.993516
vn 0.000000 0.113697 0.993516
vn 0.000000 -0.116901 0.993144
vn 0.000000 -0.116901 0.993144
vn 0.000000 0.259038 -0.965867
vn 0.000000 0.541236 -0.840871
vn 0.000000 0.541236 -0.840871
vn 0.000000 0.259038 -0.965867
vn -1.000000 0.000000 0.000000
vn -1.000000 0.000000 0.000000
vn -1.000000 0.000000 0.000000
vn -1.000000 0.000000 0.000000
vn 0.000000 0.000000 1.000000
vn 0.000000 0.000000 1.000000
vn 0.000000 0.000000 1.000000
vn 0.000000 0.000000 1.000000
vn 0.000000 0.000000 1.000000
vn 0.000000 0.000000 1.000000
vn 0.000000 0.000000 1.000000
vn 0.000000 0.000000 1.000000
vn -0.000001 0.000000 1.000000
vn -0.000001 0.000000 1.000000
vn -0.000001 0.000000 1.000000
vn -0.000001 0.000000 1.000000
vn 0.000000 0.000000 1.000000
vn 0.000000 0.000000 1.000000
vn 0.000000 0.000000 1.000000
vn 0.000000 0.000000 1.000000
vn 0.000000 0.000000 1.000000
vn 0.000000 0.000000 1.000000
vn 0.000000 0.000000 1.000000
vn 0.000000 0.000000 1.000000
vn 0.000000 1.000000 0.000000
vn 0.000000 1.000000 0.000000
vn 0.000000 1.000000 0.000000
vn 0.000000 1.000000 0.000000
vn 1.000000 0.000000 0.000000
vn 1.000000 0.000000 0.000000
vn 1.000000 0.000000 0.000000
vn 1.000000 0.000000 0.000000
vn 1.000000 0.000000 0.000000
vn 1.000000 0.000000 0.000000
vn 1.000000 0.000000 0.000000
vn 1.000000 0.000000 0.000000
vn 1.000000 0.000003 0.000000
vn 1.000000 0.000003 0.000000
vn 1.000000 0.000003 0.000000
vn 1.000000 0.000003 0.000000
vn 0.000000 -1.000000 0.000000
vn 0.000000 -1.000000 0.000000
vn 0.000000 -1.000000 0.000000
vn 0.000000 -1.000000 0.000000
vn 0.000000 -0.282302 0.959325
vn 0.000000 -0.282302 0.959325
vn 0.000000 0.264845 0.964291
vn 0.000000 0.264845 0.964291
vn 0.000000 0.000000 1.000000
vn 0.000000 0.000000 1.000000
vn 0.000000 0.000000 1.000000
vn 0.000000 0.000000 1.000000
vn 0.000000 1.000000 0.000000
vn 0.000000 1.000000 0.000000
vn 0.000000 -0.116901 0.993144
vn 0.000000 -0.282302 0.959325
vn 0.000000 0.113696 0.993516
vn 0.000000 0.264845 0.964291
vn 0.000000 -1.000000 0.000000
vn 0.000000 -1.000000 0.000000
vn 0.000000 0.000000 1.000000
vn 0.000000 0.000000 1.000000
vn 0.000000 0.000000 1.000000
vn 0.000000 0.000000 1.000000
vn 0.000000 1.000000 0.000000
vn 0.000000 1.000000 0.000000
vn 0.000000 1.000000 0.000000
vn 0.000000 1.000000 0.000000
vn 0.000000 0.605007 -0.796220
vn 0.000000 0.605007 -0.796220
vn 0.000000 0.289580 -0.957154
vn 0.000000 0.289580 -0.957154
vn 0.000000 -0.188853 -0.982005
vn 0.000000 -0.188853 -0.982005
vn 0.000000 -0.633516 -0.773729
vn 0.000000 -0.633516 -0.773729
vn 0.000000 -1.000000 0.000000
vn 0.000000 -1.000000 0.000000
vn 0.000000 -1.000000 0.000000
vn 0.000000 -1.000000 0.000000
vn 0.000000 0.000000 1.000000
vn 0.000000 0.000000 1.000000
vn 0.000000 1.000000 0.000000
vn 0.000000 1.000000 0.000000
vn 0.000007 0.541225 -0.840878
vn 0.000012 0.259031 -0.965869
vn 0.000015 -0.265922 -0.963995
vn 0.000013 -0.567723 -0.823220
vn -0.998986 0.045015 0.000000
vn -0.998986 0.045015 0.000000
vn -0.998986 0.045015 0.000000
vn -0.998986 0.045015 0.000000
vn 0.998994 0.044847 0.000000
vn 0.998994 0.044847 0.000000
vn 0.998994 0.044847 0.000000
vn 0.998994 0.044847 0.000000
vn 0.000000 0.000000 1.000000
vn 0.000000 0.000000 1.000000
vn 0.000000 0.000000 1.000000
vn 0.000000 0.000000 1.000000
vn -0.998000 0.036492 -0.051624
vn -0.998000 0.036492 -0.051624
vn -0.998000 0.036492 -0.051624
vn -0.998000 0.036492 -0.051624
vn 0.998014 0.036360 -0.051433
vn 0.998014 0.036360 -0.051433
vn 0.998014 0.036360 -0.051433
vn 0.998014 0.036360 -0.051433
vn -0.997829 0.000000 -0.065853
vn -0.997829 0.000000 -0.065853
vn -0.997829 0.000000 -0.065853
vn -0.997829 0.000000 -0.065853
vn 0.997845 0.000000 -0.065609
vn 0.997845 0.000000 -0.065609
vn 0.997845 0.000000 -0.065609
vn 0.997845 0.000000 -0.065609
vn -0.998341 -0.034181 -0.046333
vn -0.998341 -0.034181 -0.046333
vn -0.998295 -0.034826 -0.046846
vn -0.997937 -0.039535 -0.050590
vn 0.997952 -0.039390 -0.050403
vn 0.998307 -0.034701 -0.046672
vn 0.998353 -0.034059 -0.046161
vn 0.998353 -0.034059 -0.046161
vn 0.998994 -0.044847 0.000000
vn 0.998994 -0.044847 0.000000
vn 0.998994 -0.044847 0.000000
vn 0.998994 -0.044847 0.000000
vn -0.998986 -0.045015 0.000000
vn -0.998986 -0.045015 0.000000
vn -0.998986 -0.045015 0.000000
vn -0.998986 -0.045015 0.000000
vn 0.000000 0.000000 1.000000
vn 0.000000 0.000000 1.000000
vn 0.000000 0.000000 1.000000
vn 0.000000 0.000000 1.000000
vn 1.000000 0.000000 0.000000
vn 1.000000 0.000000 0.000000
vn 1.000000 0.000000 0.000000
vn 1.000000 0.000000 0.000000
vn -1.000000 0.000000 0.000000
vn -1.000000 0.000000 0.000000
vn -1.000000 0.000000 0.000000
vn -1.000000 0.000000 0.000000
vn 0.000000 1.000000 0.000000
vn 0.000000 1.000000 0.000000
vn 0.000000 1.000000 0.000000
vn 0.000000 1.000000 0.000000
vn 0.998994 -0.044849 0.000000
vn 0.998994 -0.044849 0.000000
vn 0.998994 -0.044849 0.000000
vn 0.998994 -0.044849 0.000000
vn 0.000000 -1.000000 0.000000
vn 0.000000 -1.000000 0.000000
vn 0.000000 -1.000000 0.000000
vn 0.000000 -1.000000 0.000000
vn -0.998986 -0.045014 0.000000
vn -0.998986 -0.045014 0.000000
vn -0.998986 -0.045014 0.000000
vn -0.998986 -0.045014 0.000000
vn -1.000000 0.000000 0.000000
vn -1.000000 0.000000 0.000000
vn -1.000000 0.000000 0.000000
vn -1.000000 0.000000 0.000000
vn 1.000000 0.000000 0.000000
vn 1.000000 0.000000 0.000000
vn 1.000000 0.000000 0.000000
vn 1.000000 0.000000 0.000000
vn 0.000000 -1.000000 0.000000
vn 0.000000 -1.000000 0.000000
vn 0.000000 -1.000000 0.000000
vn 0.000000 -1.000000 0.000000
vn -0.998986 0.045014 0.000000
vn -0.998986 0.045014 0.000000
vn -0.998986 0.045014 0.000000
vn -0.998986 0.045014 0.000000
vn 0.000000 1.000000 0.000000
vn 0.000000 1.000000 0.000000
vn 0.000000 1.000000 0.000000
vn 0.000000 1.000000 0.000000
vn 0.998994 0.044849 0.000000
vn 0.998994 0.044849 0.000000
vn 0.998994 0.044849 0.000000
vn 0.998994 0.044849 0.000000
vn 0.000000 0.000000 1.000000
vn 0.000000 0.000000 1.000000
vn 0.000000 -1.000000 0.000000
vn 0.000000 -1.000000 0.000000
vn 0.997480 -0.044949 -0.054893
vn 0.000000 -0.082810 -0.996565
vn 0.000000 -0.082810 -0.996565
vn 0.000000 -0.082810 -0.996565
vn 0.000000 -0.082810 -0.996565
vn -0.997499 -0.044779 -0.054690
vn 0.997499 -0.044779 -0.054690
vn 0.000000 -0.082752 -0.996570
vn 0.000000 -0.082752 -0.996570
vn 0.000000 -0.082752 -0.996570
vn 0.000000 -0.082752 -0.996570
vn -0.997480 -0.044949 -0.054893
vn 0.000000 1.000000 0.000000
vn 0.000000 1.000000 0.000000
vn 0.000000 1.000000 0.000000
vn 0.000000 1.000000 0.000000
vn 0.965194 -0.233133 -0.118532
vn 0.965194 -0.233133 -0.118532
vn 0.965194 -0.233133 -0.118532
vn 0.965194 -0.233133 -0.118532
vn 0.000000 -1.000000 -0.000002
vn 0.000000 -1.000000 -0.000002
vn 0.000000 -1.000000 -0.000002
vn 0.000000 -1.000000 -0.000002
vn -0.965174 -0.233199 -0.118567
vn -0.965174 -0.233199 -0.118567
vn -0.965174 -0.233199 -0.118567
vn -0.965174 -0.233199 -0.118567
vn 0.000000 1.000000 0.000000
vn 0.000000 1.000000 0.000000
vn 0.000000 1.000000 0.000000
vn 0.000000 1.000000 0.000000
vn 0.965178 -0.233162 -0.118606
vn 0.965178 -0.233162 -0.118606
vn 0.965178 -0.233162 -0.118606
vn 0.965178 -0.233162 -0.118606
vn 0.000000 -1.000000 -0.000002
vn 0.000000 -1.000000 -0.000002
vn 0.000000 -1.000000 -0.000002
vn 0.000000 -1.000000 -0.000002
vn -0.965195 -0.233129 -0.118534
vn -0.965195 -0.233129 -0.118534
vn -0.965195 -0.233129 -0.118534
vn -0.965195 -0.233129 -0.118534
vn -0.000388 0.000000 1.000000
vn -0.000388 0.000000 1.000000
vn -0.000388 0.000000 1.000000
vn -0.000388 0.000000 1.000000
vn 1.000000 -0.000007 0.000560
vn 1.000000 -0.000007 0.000560
vn 1.000000 -0.000007 0.000560
vn 1.000000 -0.000007 0.000560
vn 0.000396 0.000001 -1.000000
vn 0.000396 0.000001 -1.000000
vn 0.000396 0.000001 -1.000000
vn 0.000396 0.000001 -1.000000
vn -1.000000 0.000000 -0.000672
vn -1.000000 0.000000 -0.000672
vn -1.000000 0.000000 -0.000672
vn -1.000000 0.000000 -0.000672
vn 0.000000 -1.000000 0.000001
vn 0.000000 -1.000000 0.000001
vn 0.000000 -1.000000 0.000001
vn 0.000000 -1.000000 0.000001
vn 0.000000 1.000000 -0.000001
vn 0.000000 1.000000 -0.000001
vn 0.000000 1.000000 -0.000001
vn 0.000000 1.000000 -0.000001
vn -0.000388 0.000000 1.000000
vn -0.000388 0.000000 1.000000
vn -0.000388 0.000000 1.000000
vn -0.000388 0.000000 1.000000
vn -0.000388 0.000000 1.000000
vn -0.000388 0.000000 1.000000
vn -0.000388 0.000000 1.000000
vn -0.000388 0.000000 1.000000
vn -0.000388 0.000000 1.000000
vn -0.000388 0.000000 1.000000
vn -0.000388 0.000000 1.000000
vn -0.000388 0.000000 1.000000
vn 1.000000 0.000007 0.000560
vn 1.000000 0.000007 0.000560
vn 1.000000 0.000007 0.000560
vn 1.000000 0.000007 0.000560
vn 1.000000 0.000007 0.000560
vn 1.000000 0.000007 0.000560
vn 1.000000 0.000007 0.000560
vn 1.000000 0.000007 0.000560
vn 1.000000 -0.000007 0.000560
vn 1.000000 -0.000007 0.000560
vn 1.000000 -0.000007 0.000560
vn 1.000000 -0.000007 0.000560
vn 0.000396 -0.000001 -1.000000
vn 0.000396 -0.000001 -1.000000
vn 0.000396 -0.000001 -1.000000
vn 0.000396 -0.000001 -1.000000
vn 0.000379 -0.000001 -1.000000
vn 0.000379 -0.000001 -1.000000
vn 0.000379 -0.000001 -1.000000
vn 0.000379 -0.000001 -1.000000
vn 0.000379 0.000001 -1.000000
vn 0.000379 0.000001 -1.000000
vn 0.000379 0.000001 -1.000000
vn 0.000379 0.000001 -1.000000
vn -1.000000 0.000000 -0.000672
vn -1.000000 0.000000 -0.000672
vn -1.000000 0.000000 -0.000672
vn -1.000000 0.000000 -0.000672
vn -1.000000 0.000000 -0.000896
vn -1.000000 0.000000 -0.000896
vn -1.000000 0.000000 -0.000896
vn -1.000000 0.000000 -0.000896
vn -1.000000 0.000000 -0.000896
vn -1.000000 0.000000 -0.000896
vn -1.000000 0.000000 -0.000896
vn -1.000000 0.000000 -0.000896
vn 0.000000 -1.000000 0.000000
vn 0.000000 -1.000000 0.000000
vn 0.000000 -1.000000 0.000000
vn 0.000000 -1.000000 0.000000
vn 0.000000 -1.000000 0.000001
vn 0.000000 -1.000000 0.000001
vn 0.000000 -1.000000 0.000001
vn 0.000000 -1.000000 0.000001
vn 0.000000 -1.000000 0.000002
vn 0.000000 -1.000000 0.000002
vn 0.000000 -1.000000 0.000002
vn 0.000000 -1.000000 0.000002
vn 0.000000 1.000000 0.000004
vn 0.000000 1.000000 0.000004
vn 0.000000 1.000000 0.000004
vn 0.000000 1.000000 0.000004
vn 0.000000 1.000000 0.000001
vn 0.000000 1.000000 0.000001
vn 0.000000 1.000000 0.000001
vn 0.000000 1.000000 0.000001
vn 0.000000 1.000000 -0.000004
vn 0.000000 1.000000 -0.000004
vn 0.000000 1.000000 -0.000004
vn 0.000000 1.000000 -0.000004
vn -0.000446 -0.000001 1.000000
vn -0.000446 -0.000001 1.000000
vn -0.000446 -0.000001 1.000000
vn -0.000446 -0.000001 1.000000
vn 1.000000 -0.000008 0.000665
vn 1.000000 -0.000008 0.000665
vn 1.000000 -0.000008 0.000665
vn 1.000000 -0.000008 0.000665
vn 0.000446 -0.000001 -1.000000
vn 0.000446 -0.000001 -1.000000
vn 0.000446 -0.000001 -1.000000
vn 0.000446 -0.000001 -1.000000
vn -1.000000 -0.000007 -0.000475
vn -1.000000 -0.000007 -0.000475
vn -1.000000 -0.000007 -0.000475
vn -1.000000 -0.000007 -0.000475
vn 0.000000 -1.000000 0.000000
vn 0.000000 -1.000000 0.000000
vn 0.000000 -1.000000 0.000000
vn 0.000000 -1.000000 0.000000
vn 0.000000 1.000000 -0.000001
vn 0.000000 1.000000 -0.000001
vn 0.000000 1.000000 -0.000001
vn 0.000000 1.000000 -0.000001
vn -0.000446 0.000001 1.000000
vn -0.000446 0.000001 1.000000
vn -0.000446 0.000001 1.000000
vn -0.000446 0.000001 1.000000
vn -0.000446 0.000001 1.000000
vn -0.000446 0.000001 1.000000
vn -0.000446 0.000001 1.000000
vn -0.000446 0.000001 1.000000
vn -0.000446 -0.000001 1.000000
vn -0.000446 -0.000001 1.000000
vn -0.000446 -0.000001 1.000000
vn -0.000446 -0.000001 1.000000
vn 1.000000 0.000008 0.000665
vn 1.000000 0.000008 0.000665
vn 1.000000 0.000008 0.000665
vn 1.000000 0.000008 0.000665
vn 1.000000 0.000008 0.000665
vn 1.000000 0.000008 0.000665
vn 1.000000 0.000008 0.000665
vn 1.000000 0.000008 0.000665
vn 1.000000 -0.000008 0.000665
vn 1.000000 -0.000008 0.000665
vn 1.000000 -0.000008 0.000665
vn 1.000000 -0.000008 0.000665
vn 0.000446 0.000001 -1.000000
vn 0.000446 0.000001 -1.000000
vn 0.000446 0.000001 -1.000000
vn 0.000446 0.000001 -1.000000
vn 0.000446 0.000001 -1.000000
vn 0.000446 0.000001 -1.000000
vn 0.000446 0.000001 -1.000000
vn 0.000446 0.000001 -1.000000
vn 0.000446 -0.000001 -1.000000
vn 0.000446 -0.000001 -1.000000
vn 0.000446 -0.000001 -1.000000
vn 0.000446 -0.000001 -1.000000
vn -1.000000 0.000007 -0.000475
vn -1.000000 0.000007 -0.000475
vn -1.000000 0.000007 -0.000475
vn -1.000000 0.000007 -0.000475
vn -1.000000 0.000007 -0.000856
vn -1.000000 0.000007 -0.000856
vn -1.000000 0.000007 -0.000856
vn -1.000000 0.000007 -0.000856
vn -1.000000 -0.000007 -0.000856
vn -1.000000 -0.000007 -0.000856
vn -1.000000 -0.000007 -0.000856
vn -1.000000 -0.000007 -0.000856
vn 0.000000 -1.000000 0.000000
vn 0.000000 -1.000000 0.000000
vn 0.000000 -1.000000 0.000000
vn 0.000000 -1.000000 0.000000
vn 0.000000 -1.000000 -0.000000
vn 0.000000 -1.000000 -0.000000
vn 0.000000 -1.000000 -0.000000
vn 0.000000 -1.000000 -0.000000
vn 0.000000 -1.000000 0.000000
vn 0.000000 -1.000000 0.000000
vn 0.000000 -1.000000 0.000000
vn 0.000000 -1.000000 0.000000
vn 0.000000 1.000000 0.000000
vn 0.000000 1.000000 0.000000
vn 0.000000 1.000000 0.000000
vn 0.000000 1.000000 0.000000
vn 0.000000 1.000000 0.000002
vn 0.000000 1.000000 0.000002
vn 0.000000 1.000000 0.000002
vn 0.000000 1.000000 0.000002
vn 0.000000 1.000000 -0.000003
vn 0.000000 1.000000 -0.000003
vn 0.000000 1.000000 -0.000003
vn 0.000000 1.000000 -0.000003
s off
g building_main_right
usemtl lambert10SG
f 32/1/1 22/2/2 29/3/3 28/4/4
f 36/5/5 18/6/6 25/7/7 34/8/8
f 40/9/9 1/10/10 33/11/11 37/12/12
f 43/13/13 20/14/14 26/15/15 41/16/16
f 47/17/17 3/18/18 27/19/19 44/20/20
f 55/21/21 5/22/22 39/23/23 52/24/24
f 59/25/25 8/26/26 46/27/27 56/28/28
f 48/29/29 1/10/30 40/9/31 60/30/32
f 57/31/33 6/32/34 45/33/35 62/34/36
f 51/35/37 3/36/38 47/37/39 64/38/40
f 53/39/41 7/40/42 38/41/43 66/42/44
f 74/43/45 13/44/46 54/45/47 72/46/48
f 77/47/49 16/48/50 58/49/51 75/50/52
f 68/51/53 9/52/54 61/53/55 78/54/56
f 76/55/57 14/56/58 63/57/59 79/58/60
f 71/59/61 11/60/62 65/61/63 80/62/64
f 73/63/65 15/64/66 67/65/67 81/66/68
f 29/3/69 21/67/70 30/68/71 28/4/72
f 30/68/73 23/69/74 31/70/75 28/4/76
f 31/70/77 24/71/78 32/1/79 28/4/80
f 25/7/81 17/72/82 35/73/83 34/8/84
f 35/73/85 21/67/86 29/3/87 34/8/88
f 29/3/89 22/2/90 36/5/91 34/8/92
f 33/11/93 4/74/94 38/41/95 37/12/96
f 38/41/97 7/40/98 39/23/99 37/12/100
f 39/23/101 5/22/102 40/9/103 37/12/104
f 26/15/105 19/75/106 42/76/107 41/16/108
f 42/76/109 24/71/110 31/70/111 41/16/112
f 31/70/113 23/69/114 43/13/115 41/16/116
f 27/19/117 2/77/118 45/78/119 44/20/120
f 45/78/121 6/79/122 46/80/123 44/20/124
f 46/80/125 8/81/126 47/17/127 44/20/128
f 39/23/129 7/40/130 53/39/131 52/24/132
f 53/39/133 15/64/134 54/45/135 52/24/136
f 54/45/137 13/44/138 55/21/139 52/24/140
f 46/27/141 6/32/142 57/31/143 56/28/144
f 57/31/145 14/56/146 58/49/147 56/28/148
f 58/49/149 16/48/150 59/25/151 56/28/152
f 40/9/153 5/22/154 55/21/155 60/30/156
f 55/21/157 13/44/158 61/53/159 60/30/160
f 61/53/161 9/52/162 48/29/163 60/30/164
f 45/33/165 2/82/166 49/83/167 62/34/168
f 49/83/169 10/84/170 63/57/171 62/34/172
f 63/57/173 14/56/174 57/31/175 62/34/176
f 47/37/177 8/26/178 59/25/179 64/38/180
f 59/25/181 16/48/182 65/61/183 64/38/184
f 65/61/185 11/60/186 51/35/187 64/38/188
f 38/41/189 4/74/190 50/85/191 66/42/192
f 50/85/193 12/86/194 67/65/195 66/42/196
f 67/65/197 15/64/198 53/39/199 66/42/200
f 54/45/201 15/64/202 73/63/203 72/46/204
f 73/63/205 23/87/206 30/88/207 72/46/208
f 30/88/209 21/89/210 74/43/211 72/46/212
f 58/49/213 14/56/214 76/55/215 75/50/216
f 76/55/217 22/90/218 32/91/219 75/50/220
f 32/91/221 24/92/222 77/47/223 75/50/224
f 61/53/225 13/44/226 74/43/227 78/54/228
f 74/43/229 21/89/230 35/93/231 78/54/232
f 35/93/233 17/94/234 68/51/235 78/54/236
f 63/57/237 10/84/238 69/95/239 79/58/240
f 69/95/241 18/96/242 36/97/243 79/58/244
f 36/97/245 22/90/246 76/55/247 79/58/248
f 65/61/249 16/48/250 77/47/251 80/62/252
f 77/47/253 24/92/254 42/98/255 80/62/256
f 42/98/257 19/99/258 71/59/259 80/62/260
f 67/65/261 12/86/262 70/100/263 81/66/264
f 70/100/265 20/101/266 43/102/267 81/66/268
f 43/102/269 23/87/270 73/63/271 81/66/272
f 94/103/273 82/104/274 91/105/275 90/106/276
f 98/107/277 84/108/278 93/109/279 95/110/280
f 102/111/281 86/112/282 97/113/283 99/114/284
f 105/115/285 88/116/286 101/117/287 103/118/288
f 92/119/289 83/120/290 104/121/291 106/122/292
f 102/111/293 88/116/294 105/115/295 107/123/296
f 91/105/297 83/120/298 92/119/299 90/106/300
f 92/119/301 85/124/302 93/109/303 90/106/304
f 93/109/305 84/108/306 94/103/307 90/106/308
f 93/109/309 85/124/310 96/125/311 95/110/312
f 96/125/313 87/126/314 97/113/315 95/110/316
f 97/113/317 86/112/318 98/107/319 95/110/320
f 97/113/321 87/126/322 100/127/323 99/114/324
f 100/127/325 89/128/326 101/117/327 99/114/328
f 101/117/329 88/116/330 102/111/331 99/114/332
f 101/117/333 89/128/334 104/121/335 103/118/336
f 104/121/337 83/120/338 91/105/339 103/118/340
f 91/105/341 82/104/342 105/115/343 103/118/344
f 104/121/345 89/128/346 100/127/347 106/122/348
f 100/127/349 87/126/350 96/125/351 106/122/352
f 96/125/353 85/124/354 92/119/355 106/122/356
f 105/115/357 82/104/358 94/103/359 107/123/360
f 94/103/361 84/108/362 98/107/363 107/123/364
f 98/107/365 86/112/366 102/111/367 107/123/368
f 120/129/369 108/130/370 117/131/371 116/132/372
f 124/133/373 110/134/374 119/135/375 121/136/376
f 128/137/377 112/138/378 123/139/379 125/140/380
f 131/141/381 114/142/382 127/143/383 129/144/384
f 118/145/385 109/146/386 130/147/387 132/148/388
f 128/137/389 114/142/390 131/141/391 133/149/392
f 117/131/393 109/146/394 118/145/395 116/132/396
f 118/145/397 111/150/398 119/135/399 116/132/400
f 119/135/401 110/134/402 120/129/403 116/132/404
f 119/135/405 111/150/406 122/151/407 121/136/408
f 122/151/409 113/152/410 123/139/411 121/136/412
f 123/139/413 112/138/414 124/133/415 121/136/416
f 123/139/417 113/152/418 126/153/419 125/140/420
f 126/153/421 115/154/422 127/143/423 125/140/424
f 127/143/425 114/142/426 128/137/427 125/140/428
f 127/143/429 115/154/430 130/147/431 129/144/432
f 130/147/433 109/146/434 117/131/435 129/144/436
f 117/131/437 108/130/438 131/141/439 129/144/440
f 130/147/441 115/154/442 126/153/443 132/148/444
f 126/153/445 113/152/446 122/151/447 132/148/448
f 122/151/449 111/150/450 118/145/451 132/148/452
f 131/141/453 108/130/454 120/129/455 133/149/456
f 120/129/457 110/134/458 124/133/459 133/149/460
f 124/133/461 112/138/462 128/137/463 133/149/464
f 146/155/465 134/156/466 143/157/467 142/158/468
f 150/159/469 136/160/470 145/161/471 147/162/472
f 154/163/473 138/164/474 149/165/475 151/166/476
f 157/167/477 140/168/478 153/169/479 155/170/480
f 144/171/481 135/172/482 156/173/483 158/174/484
f 154/163/485 140/168/486 157/167/487 159/175/488
f 143/157/489 135/172/490 144/171/491 142/158/492
f 144/171/493 137/176/494 145/161/495 142/158/496
f 145/161/497 136/160/498 146/155/499 142/158/500
f 145/161/501 137/176/502 148/177/503 147/162/504
f 148/177/505 139/178/506 149/165/507 147/162/508
f 149/165/509 138/164/510 150/159/511 147/162/512
f 149/165/513 139/178/514 152/179/515 151/166/516
f 152/179/517 141/180/518 153/169/519 151/166/520
f 153/169/521 140/168/522 154/163/523 151/166/524
f 153/169/525 141/180/526 156/173/527 155/170/528
f 156/173/529 135/172/530 143/157/531 155/170/532
f 143/157/533 134/156/534 157/167/535 155/170/536
f 156/173/537 141/180/538 152/179/539 158/174/540
f 152/179/541 139/178/542 148/177/543 158/174/544
f 148/177/545 137/176/546 144/171/547 158/174/548
f 157/167/549 134/156/550 146/155/551 159/175/552
f 146/155/553 136/160/554 150/159/555 159/175/556
f 150/159/557 138/164/558 154/163/559 159/175/560
f 172/181/561 160/182/562 169/183/563 168/184/564
f 176/185/565 162/186/566 171/187/567 173/188/568
f 180/189/569 164/190/570 175/191/571 177/192/572
f 183/193/573 166/194/574 179/195/575 181/196/576
f 170/197/577 161/198/578 182/199/579 184/200/580
f 180/189/581 166/194/582 183/193/583 185/201/584
f 169/183/585 161/198/586 170/197/587 168/184/588
f 170/197/589 163/202/590 171/187/591 168/184/592
f 171/187/593 162/186/594 172/181/595 168/184/596
f 171/187/597 163/202/598 174/203/599 173/188/600
f 174/203/601 165/204/602 175/191/603 173/188/604
f 175/191/605 164/190/606 176/185/607 173/188/608
f 175/191/609 165/204/610 178/205/611 177/192/612
f 178/205/613 167/206/614 179/195/615 177/192/616
f 179/195/617 166/194/618 180/189/619 177/192/620
f 179/195/621 167/206/622 182/199/623 181/196/624
f 182/199/625 161/198/626 169/183/627 181/196/628
f 169/183/629 160/182/630 183/193/631 181/196/632
f 182/199/633 167/206/634 178/205/635 184/200/636
f 178/205/637 165/204/638 174/203/639 184/200/640
f 174/203/641 163/202/642 170/197/643 184/200/644
f 183/193/645 160/182/646 172/181/647 185/201/648
f 172/181/649 162/186/650 176/185/651 185/201/652
f 176/185/653 164/190/654 180/189/655 185/201/656
f 198/207/657 186/208/658 195/209/659 194/210/660
f 202/211/661 188/212/662 197/213/663 199/214/664
f 206/215/665 190/216/666 201/217/667 203/218/668
f 209/219/669 192/220/670 205/221/671 207/222/672
f 196/223/673 187/224/674 208/225/675 210/226/676
f 206/215/677 192/220/678 209/219/679 211/227/680
f 195/209/681 187/224/682 196/223/683 194/210/684
f 196/223/685 189/228/686 197/213/687 194/210/688
f 197/213/689 188/212/690 198/207/691 194/210/692
f 197/213/693 189/228/694 200/229/695 199/214/696
f 200/229/697 191/230/698 201/217/699 199/214/700
f 201/217/701 190/216/702 202/211/703 199/214/704
f 201/217/705 191/230/706 204/231/707 203/218/708
f 204/231/709 193/232/710 205/221/711 203/218/712
f 205/221/713 192/220/714 206/215/715 203/218/716
f 205/221/717 193/232/718 208/225/719 207/222/720
f 208/225/721 187/224/722 195/209/723 207/222/724
f 195/209/725 186/208/726 209/219/727 207/222/728
f 208/225/729 193/232/730 204/231/731 210/226/732
f 204/231/733 191/230/734 200/229/735 210/226/736
f 200/229/737 189/228/738 196/223/739 210/226/740
f 209/219/741 186/208/742 198/207/743 211/227/744
f 198/207/745 188/212/746 202/211/747 211/227/748
f 202/211/749 190/216/750 206/215/751 211/227/752
f 224/233/753 212/234/754 221/235/755 220/236/756
f 228/237/757 214/238/758 223/239/759 225/240/760
f 232/241/761 216/242/762 227/243/763 229/244/764
f 235/245/765 218/246/766 231/247/767 233/248/768
f 222/249/769 213/250/770 234/251/771 236/252/772
f 232/241/773 218/246/774 235/245/775 237/253/776
f 221/235/777 213/250/778 222/249/779 220/236/780
f 222/249/781 215/254/782 223/239/783 220/236/784
f 223/239/785 214/238/786 224/233/787 220/236/788
f 223/239/789 215/254/790 226/255/791 225/240/792
f 226/255/793 217/256/794 227/243/795 225/240/796
f 227/243/797 216/242/798 228/237/799 225/240/800
f 227/243/801 217/256/802 230/257/803 229/244/804
f 230/257/805 219/258/806 231/247/807 229/244/808
f 231/247/809 218/246/810 232/241/811 229/244/812
f 231/247/813 219/258/814 234/251/815 233/248/816
f 234/251/817 213/250/818 221/235/819 233/248/820
f 221/235/821 212/234/822 235/245/823 233/248/824
f 234/251/825 219/258/826 230/257/827 236/252/828
f 230/257/829 217/256/830 226/255/831 236/252/832
f 226/255/833 215/254/834 222/249/835 236/252/836
f 235/245/837 212/234/838 224/233/839 237/253/840
f 224/233/841 214/238/842 228/237/843 237/253/844
f 228/237/845 216/242/846 232/241/847 237/253/848
f 250/259/849 238/260/850 247/261/851 246/262/852
f 254/263/853 240/264/854 249/265/855 251/266/856
f 258/267/857 242/268/858 253/269/859 255/270/860
f 261/271/861 244/272/862 257/273/863 259/274/864
f 248/275/865 239/276/866 260/277/867 262/278/868
f 258/267/869 244/272/870 261/271/871 263/279/872
f 247/261/873 239/276/874 248/275/875 246/262/876
f 248/275/877 241/280/878 249/265/879 246/262/880
f 249/265/881 240/264/882 250/259/883 246/262/884
f 249/265/885 241/280/886 252/281/887 251/266/888
f 252/281/889 243/282/890 253/269/891 251/266/892
f 253/269/893 242/268/894 254/263/895 251/266/896
f 253/269/897 243/282/898 256/283/899 255/270/900
f 256/283/901 245/284/902 257/273/903 255/270/904
f 257/273/905 244/272/906 258/267/907 255/270/908
f 257/273/909 245/284/910 260/277/911 259/274/912
f 260/277/913 239/276/914 247/261/915 259/274/916
f 247/261/917 238/260/918 261/271/919 259/274/920
f 260/277/921 245/284/922 256/283/923 262/278/924
f 256/283/925 243/282/926 252/281/927 262/278/928
f 252/281/929 241/280/930 248/275/931 262/278/932
f 261/271/933 238/260/934 250/259/935 263/279/936
f 250/259/937 240/264/938 254/263/939 263/279/940
f 254/263/941 242/268/942 258/267/943 263/279/944
f 276/285/945 264/286/946 273/287/947 272/288/948
f 280/289/949 266/290/950 275/291/951 277/292/952
f 284/293/953 268/294/954 279/295/955 281/296/956
f 287/297/957 270/298/958 283/299/959 285/300/960
f 274/301/961 265/302/962 286/303/963 288/304/964
f 284/293/965 270/298/966 287/297/967 289/305/968
f 273/287/969 265/302/970 274/301/971 272/288/972
f 274/301/973 267/306/974 275/291/975 272/288/976
f 275/291/977 266/290/978 276/285/979 272/288/980
f 275/291/981 267/306/982 278/307/983 277/292/984
f 278/307/985 269/308/986 279/295/987 277/292/988
f 279/295/989 268/294/990 280/289/991 277/292/992
f 279/295/993 269/308/994 282/309/995 281/296/996
f 282/309/997 271/310/998 283/299/999 281/296/1000
f 283/299/1001 270/298/1002 284/293/1003 281/296/1004
f 283/299/1005 271/310/1006 286/303/1007 285/300/1008
f 286/303/1009 265/302/1010 273/287/1011 285/300/1012
f 273/287/1013 264/286/1014 287/297/1015 285/300/1016
f 286/303/1017 271/310/1018 282/309/1019 288/304/1020
f 282/309/1021 269/308/1022 278/307/1023 288/304/1024
f 278/307/1025 267/306/1026 274/301/1027 288/304/1028
f 287/297/1029 264/286/1030 276/285/1031 289/305/1032
f 276/285/1033 266/290/1034 280/289/1035 289/305/1036
f 280/289/1037 268/294/1038 284/293/1039 289/305/1040
f 290/311/1041 291/312/1042 293/313/1043 292/314/1044
f 302/315/1045 303/316/1046 304/317/1047 305/318/1048
f 294/319/1049 295/320/1050 297/321/1051 296/322/1052
f 291/312/1053 297/321/1054 295/320/1055 293/313/1056
f 296/322/1057 290/311/1058 292/314/1059 294/319/1060
f 292/314/1061 293/313/1062 299/323/1063 298/324/1064
f 293/313/1065 295/320/1066 300/325/1067 299/323/1068
f 295/320/1069 294/319/1070 301/326/1071 300/325/1072
f 294/319/1073 292/314/1074 298/324/1075 301/326/1076
f 298/324/1077 299/323/1078 303/316/1079 302/315/1080
f 299/323/1081 300/325/1082 304/317/1083 303/316/1084
f 300/325/1085 301/326/1086 305/318/1087 304/317/1088
f 301/326/1089 298/324/1090 302/315/1091 305/318/1092
s 1
f 442/327/1093 334/328/1094 439/329/1095 438/330/1096
s off
usemtl lambert11SG
f 447/331/1097 322/332/1098 444/333/1099 443/334/1100
s 2
usemtl lambert10SG
f 452/335/1101 338/336/1102 449/337/1103 448/338/1104
s off
f 457/339/1105 314/340/1106 454/341/1107 453/342/1108
s 3
f 462/343/1109 335/344/1110 459/345/1111 458/346/1112
s off
f 467/347/1113 326/348/1114 464/349/1115 463/350/1116
f 472/351/1117 327/352/1118 469/353/1119 468/354/1120
s 4
f 477/355/1121 394/356/1122 474/357/1123 473/358/1124
s off
f 482/359/1125 308/360/1126 479/361/1127 478/362/1128
f 487/363/1129 309/364/1130 484/365/1131 483/366/1132
s 5
f 492/367/1133 385/368/1134 489/369/1135 488/370/1136
s off
f 491/371/1137 310/372/1138 494/373/1139 493/374/1140
s 6
usemtl lambert11SG
f 499/375/1141 426/376/1142 497/377/1143 496/378/1144
s 7
f 504/379/1145 431/380/1146 501/381/1147 500/382/1148
s 8
f 446/383/1149 384/384/1150 506/385/1151 505/386/1152
s off
usemtl lambert10SG
f 512/387/1153 312/388/1154 510/389/1155 509/390/1156
s 9
f 466/391/1157 391/392/1158 514/393/1159 513/394/1160
s off
f 519/395/1161 313/396/1162 517/397/1163 516/398/1164
f 523/399/1165 316/400/1166 521/401/1167 520/402/1168
s 10
f 475/403/1169 395/404/1170 525/405/1171 524/406/1172
s off
f 530/407/1173 317/408/1174 456/409/1175 528/410/1176
f 515/411/1177 314/340/1178 457/339/1179 531/412/1180
f 535/413/1181 306/414/1182 526/415/1183 533/416/1184
f 538/417/1185 307/418/1186 517/419/1187 536/420/1188
s 11
f 541/421/1189 337/422/1190 451/423/1191 539/424/1192
s off
f 544/425/1193 310/372/1194 490/426/1195 542/427/1196
s 12
f 547/428/1197 340/429/1198 461/430/1199 545/431/1200
s 13
f 550/432/1201 341/433/1202 441/434/1203 548/435/1204
s 14
f 554/436/1205 369/437/1206 552/438/1207 551/439/1208
s 15
f 557/440/1209 368/441/1210 556/442/1211 555/443/1212
s 16
f 560/444/1213 367/445/1214 559/446/1215 558/447/1216
s 17
f 563/448/1217 366/449/1218 562/450/1219 561/451/1220
s 18
usemtl lambert11SG
f 567/452/1221 365/453/1222 565/454/1223 564/455/1224
s 19
f 570/456/1225 364/457/1226 569/458/1227 568/459/1228
s 20
f 502/460/1229 432/461/1230 572/462/1231 571/463/1232
s off
usemtl lambert10SG
f 485/464/1233 311/465/1234 575/466/1235 574/467/1236
s 21
f 580/468/1237 361/469/1238 579/470/1239 578/471/1240
s 22
f 583/472/1241 360/473/1242 582/474/1243 581/475/1244
s 23
f 586/476/1245 377/477/1246 585/478/1247 584/479/1248
s 24
f 589/480/1249 376/481/1250 588/482/1251 587/483/1252
s 25
f 592/484/1253 375/485/1254 591/486/1255 590/487/1256
s off
f 522/488/1257 315/489/1258 594/490/1259 593/491/1260
s 26
f 598/492/1261 373/493/1262 597/494/1263 596/495/1264
s 27
f 601/496/1265 372/497/1266 600/498/1267 599/499/1268
s off
f 470/500/1269 330/501/1270 603/502/1271 602/503/1272
f 518/504/1273 307/505/1274 553/506/1275 605/507/1276
s 28
f 610/508/1277 352/509/1278 608/510/1279 607/511/1280
s 29
f 609/512/1281 351/513/1282 612/514/1283 611/515/1284
s 30
f 616/516/1285 363/517/1286 576/518/1287 614/519/1288
s 31
usemtl lambert11SG
f 620/520/1289 364/457/1290 573/521/1291 617/522/1292
s 32
f 620/520/1293 348/523/1294 622/524/1295 621/525/1296
s 33
f 623/526/1297 347/527/1298 625/528/1299 624/529/1300
s 34
usemtl lambert10SG
f 630/530/1301 346/531/1302 628/532/1303 627/533/1304
s 35
f 629/534/1305 345/535/1306 632/536/1307 631/537/1308
s 36
f 637/538/1309 343/539/1310 635/540/1311 634/541/1312
s 37
f 640/542/1313 371/543/1314 606/544/1315 638/545/1316
s 38
f 643/546/1317 372/497/1318 604/547/1319 641/548/1320
s 39
f 643/546/1321 358/549/1322 645/550/1323 644/551/1324
s 40
f 646/552/1325 357/553/1326 648/554/1327 647/555/1328
s 41
f 652/556/1329 375/485/1330 595/557/1331 650/558/1332
s 42
f 652/556/1333 355/559/1334 654/560/1335 653/561/1336
s 43
f 655/562/1337 354/563/1338 657/564/1339 656/565/1340
s 44
f 658/566/1341 353/567/1342 660/568/1343 659/569/1344
s 45
f 664/570/1345 397/571/1346 662/572/1347 661/573/1348
s 46
f 668/574/1349 396/575/1350 666/576/1351 665/577/1352
s 47
f 671/578/1353 413/579/1354 670/580/1355 669/581/1356
s 48
f 674/582/1357 412/583/1358 673/584/1359 672/585/1360
s 49
usemtl lambert11SG
f 678/586/1361 411/587/1362 676/588/1363 675/589/1364
s 50
f 681/590/1365 410/591/1366 680/592/1367 679/593/1368
s 51
f 681/590/1369 348/523/1370 619/594/1371 682/595/1372
s 52
usemtl lambert10SG
f 688/596/1373 349/597/1374 615/598/1375 685/599/1376
s 53
f 691/600/1377 407/601/1378 690/602/1379 689/603/1380
s 54
f 694/604/1381 406/605/1382 693/606/1383 692/607/1384
s 55
f 697/608/1385 405/609/1386 696/610/1387 695/611/1388
s 56
f 700/612/1389 404/613/1390 699/614/1391 698/615/1392
s 57
f 703/616/1393 403/617/1394 702/618/1395 701/619/1396
s 58
f 703/616/1397 355/559/1398 651/620/1399 704/621/1400
s 59
f 709/622/1401 401/623/1402 708/624/1403 707/625/1404
s 60
f 712/626/1405 400/627/1406 711/628/1407 710/629/1408
s 61
f 712/626/1409 358/549/1410 642/630/1411 713/631/1412
s 62
f 714/632/1413 359/633/1414 639/634/1415 716/635/1416
s 63
f 720/636/1417 379/637/1418 534/638/1419 718/639/1420
s 64
f 722/640/1421 399/641/1422 717/642/1423 721/643/1424
s 65
f 724/644/1425 400/627/1426 715/645/1427 723/646/1428
s 66
f 724/644/1429 394/356/1430 529/647/1431 725/648/1432
s 67
f 726/649/1433 393/650/1434 455/651/1435 727/652/1436
s 68
f 730/653/1437 403/617/1438 706/654/1439 729/655/1440
s 69
f 730/653/1441 391/392/1442 465/656/1443 731/657/1444
s 70
f 732/658/1445 390/659/1446 511/660/1447 733/661/1448
s 71
f 734/662/1449 389/663/1450 540/664/1451 735/665/1452
s 72
f 736/666/1453 388/667/1454 450/668/1455 737/669/1456
s 73
f 738/670/1457 387/671/1458 543/672/1459 739/673/1460
s 74
f 742/674/1461 409/675/1462 687/676/1463 741/677/1464
s 75
usemtl lambert11SG
f 745/678/1465 410/591/1466 684/679/1467 743/680/1468
s 76
f 745/678/1469 384/384/1470 445/681/1471 746/682/1472
s 77
f 747/683/1473 383/684/1474 498/685/1475 748/686/1476
s 78
usemtl lambert10SG
f 752/687/1477 382/688/1478 480/689/1479 750/690/1480
s 79
f 751/691/1481 381/692/1482 549/693/1483 753/694/1484
s off
usemtl lambert11SG
f 758/695/1485 318/696/1486 481/697/1487 755/698/1488
s 80
f 761/699/1489 416/700/1490 760/701/1491 759/702/1492
s 81
f 764/703/1493 417/704/1494 763/705/1495 762/706/1496
s 82
f 767/707/1497 418/708/1498 766/709/1499 765/710/1500
s 83
f 770/711/1501 419/712/1502 769/713/1503 768/714/1504
s off
f 770/711/1505 319/715/1506 486/716/1507 771/717/1508
f 772/718/1509 320/719/1510 577/720/1511 774/721/1512
s 84
f 779/722/1513 422/723/1514 778/724/1515 777/725/1516
s 85
f 782/726/1517 423/727/1518 781/728/1519 780/729/1520
s 86
f 785/730/1521 424/731/1522 784/732/1523 783/733/1524
s 87
f 788/734/1525 425/735/1526 787/736/1527 786/737/1528
s 88
f 791/738/1529 414/739/1530 757/740/1531 789/741/1532
s 89
f 794/742/1533 429/743/1534 677/744/1535 792/745/1536
s 90
f 797/746/1537 431/380/1538 566/747/1539 795/748/1540
s 91
f 797/746/1541 419/712/1542 773/749/1543 798/750/1544
s 92
f 799/751/1545 420/752/1546 776/753/1547 800/754/1548
s 93
f 803/755/1549 434/756/1550 618/757/1551 802/758/1552
s 94
f 805/759/1553 435/760/1554 683/761/1555 804/762/1556
s 95
f 807/763/1557 436/764/1558 744/765/1559 806/766/1560
s 96
f 809/767/1561 437/768/1562 507/769/1563 808/770/1564
s off
usemtl lambert10SG
f 812/771/1565 397/571/1566 666/576/1567 810/772/1568
f 811/773/1569 396/575/1570 754/774/1571 813/775/1572
f 814/776/1573 380/777/1574 440/778/1575 815/779/1576
f 816/780/1577 379/637/1578 720/636/1579 817/781/1580
f 820/782/1581 369/437/1582 556/442/1583 818/783/1584
f 819/784/1585 368/441/1586 633/785/1587 821/786/1588
f 822/787/1589 344/788/1590 667/789/1591 823/790/1592
f 824/791/1593 343/539/1594 637/538/1595 825/792/1596
s 63
f 439/329/1597 379/637/1418 440/778/1598 438/330/1599
s 97
f 440/778/1600 380/777/1601 441/434/1602 438/330/1603
s 13
f 441/434/1203 341/433/1202 442/327/1604 438/330/1605
s 98
usemtl lambert11SG
f 444/333/1606 383/684/1607 445/681/1608 443/334/1609
s 76
f 445/681/1471 384/384/1470 446/383/1610 443/334/1611
s off
f 446/383/1612 325/793/1613 447/331/1614 443/334/1615
s 73
usemtl lambert10SG
f 449/337/1616 387/671/1458 450/668/1617 448/338/1618
s 72
f 450/668/1455 388/667/1454 451/423/1619 448/338/1620
s 11
f 451/423/1191 337/422/1190 452/335/1621 448/338/1622
s 99
f 454/341/1623 392/794/1624 455/651/1625 453/342/1626
s 67
f 455/651/1435 393/650/1434 456/409/1627 453/342/1628
s off
f 456/409/1629 317/408/1630 457/339/1631 453/342/1632
s 100
f 459/345/1633 336/795/1634 460/796/1635 458/346/1636
s 101
f 460/796/1637 339/797/1638 461/430/1639 458/346/1640
s 12
f 461/430/1199 340/429/1198 462/343/1641 458/346/1642
s 102
f 464/349/1643 390/659/1644 465/656/1645 463/350/1646
s 69
f 465/656/1443 391/392/1442 466/391/1647 463/350/1648
s off
f 466/391/1649 329/798/1650 467/347/1651 463/350/1652
f 469/353/1653 330/501/1654 470/500/1655 468/354/1656
f 470/500/1657 331/799/1658 471/800/1659 468/354/1660
f 471/800/1661 328/801/1662 472/351/1663 468/354/1664
s 103
f 474/357/1665 395/404/1666 475/403/1667 473/358/1668
s off
f 475/403/1669 332/802/1670 476/803/1671 473/358/1672
f 476/803/1673 333/804/1674 477/355/1675 473/358/1676
s 104
f 479/361/1677 381/692/1678 480/689/1679 478/362/1680
s 78
f 480/689/1479 382/688/1478 481/805/1681 478/362/1682
s off
f 481/805/1683 318/806/1684 482/359/1685 478/362/1686
f 484/365/1687 311/465/1688 485/464/1689 483/366/1690
f 485/464/1691 320/807/1692 486/808/1693 483/366/1694
f 486/808/1695 319/809/1696 487/363/1697 483/366/1698
s 105
f 489/369/1699 386/810/1700 490/426/1701 488/370/1702
s off
f 490/426/1703 310/372/1704 491/371/1705 488/370/1706
f 491/371/1707 321/811/1708 492/367/1709 488/370/1710
f 494/373/1711 308/360/1712 482/359/1713 493/374/1714
f 482/359/1715 318/806/1716 495/812/1717 493/374/1718
f 495/812/1719 321/811/1720 491/371/1721 493/374/1722
s 106
usemtl lambert11SG
f 497/377/1723 427/813/1724 498/685/1725 496/378/1726
s 77
f 498/685/1475 383/684/1474 444/333/1727 496/378/1728
s off
f 444/333/1729 322/332/1730 499/375/1731 496/378/1732
s 107
f 501/381/1733 432/461/1734 502/460/1735 500/382/1736
s off
f 502/460/1737 324/814/1738 503/815/1739 500/382/1740
f 503/815/1741 323/816/1742 504/379/1743 500/382/1744
s 95
f 506/385/1745 436/764/1558 507/769/1746 505/386/1747
s 96
f 507/769/1563 437/768/1562 508/817/1748 505/386/1749
s off
f 508/817/1750 325/793/1751 446/383/1752 505/386/1753
s 108
usemtl lambert10SG
f 510/389/1754 389/818/1755 511/660/1756 509/390/1757
s 70
f 511/660/1447 390/659/1446 464/349/1758 509/390/1759
s off
f 464/349/1760 326/348/1761 512/387/1762 509/390/1763
s 109
f 514/393/1764 392/794/1765 454/341/1766 513/394/1767
s off
f 454/341/1768 314/340/1769 515/411/1770 513/394/1771
f 515/411/1772 329/798/1773 466/391/1774 513/394/1775
f 517/397/1776 307/505/1777 518/504/1778 516/398/1779
f 518/504/1780 330/501/1781 469/353/1782 516/398/1783
f 469/353/1784 327/352/1785 519/395/1786 516/398/1787
f 521/401/1788 315/489/1789 522/488/1790 520/402/1791
f 522/488/1792 328/801/1793 471/800/1794 520/402/1795
f 471/800/1796 331/799/1797 523/399/1798 520/402/1799
s 110
f 525/405/1800 378/819/1801 526/820/1802 524/406/1803
s off
f 526/820/1804 306/821/1805 527/822/1806 524/406/1807
f 527/822/1808 332/802/1809 475/403/1810 524/406/1811
s 111
f 456/409/1812 393/650/1813 529/647/1814 528/410/1815
s 66
f 529/647/1431 394/356/1430 477/355/1816 528/410/1817
s off
f 477/355/1818 333/804/1819 530/407/1820 528/410/1821
f 457/339/1822 317/408/1823 530/407/1824 531/412/1825
f 530/407/1826 333/804/1827 532/823/1828 531/412/1829
f 532/823/1830 329/798/1831 515/411/1832 531/412/1833
s 112
f 526/415/1834 378/824/1835 534/638/1836 533/416/1837
s 63
f 534/638/1419 379/637/1418 439/329/1597 533/416/1838
s 1
f 439/329/1095 334/328/1094 535/413/1839 533/416/1840
s off
f 517/419/1841 313/825/1842 537/826/1843 536/420/1844
s 100
f 537/826/1845 336/795/1634 459/345/1633 536/420/1846
s 3
f 459/345/1111 335/344/1110 538/417/1847 536/420/1848
s 72
f 451/423/1619 388/667/1454 540/664/1849 539/424/1850
s 71
f 540/664/1451 389/663/1450 510/827/1851 539/424/1852
s off
f 510/827/1853 312/828/1854 541/421/1855 539/424/1856
s 113
f 490/426/1857 386/810/1858 543/672/1859 542/427/1860
s 73
f 543/672/1459 387/671/1458 449/337/1616 542/427/1861
s 2
f 449/337/1103 338/336/1102 544/425/1862 542/427/1863
s 101
f 461/430/1639 339/797/1638 546/829/1864 545/431/1865
s off
f 546/829/1866 311/465/1867 484/365/1868 545/431/1869
f 484/365/1870 309/364/1871 547/428/1872 545/431/1873
s 97
f 441/434/1602 380/777/1601 549/693/1874 548/435/1875
s 79
f 549/693/1483 381/692/1482 479/361/1876 548/435/1877
s off
f 479/361/1878 308/360/1879 550/432/1880 548/435/1881
s 114
f 552/438/1882 370/830/1883 553/831/1884 551/439/1885
s off
f 553/831/1886 307/418/1887 538/417/1888 551/439/1889
s 115
f 538/417/1890 335/344/1891 554/436/1892 551/439/1893
s 14
f 556/442/1894 369/437/1206 554/436/1205 555/443/1895
s 115
f 554/436/1892 335/344/1891 462/343/1896 555/443/1897
s 116
f 462/343/1898 340/429/1899 557/440/1900 555/443/1901
s 15
f 559/446/1902 368/441/1210 557/440/1209 558/447/1903
s 116
f 557/440/1900 340/429/1899 547/428/1904 558/447/1905
s off
f 547/428/1906 309/364/1907 560/444/1908 558/447/1909
s 117
f 562/450/1910 367/445/1911 560/444/1912 561/451/1913
s off
f 560/444/1914 309/364/1915 487/363/1916 561/451/1917
f 487/363/1918 319/809/1919 563/448/1920 561/451/1921
s 118
usemtl lambert11SG
f 565/454/1922 430/832/1923 566/747/1924 564/455/1925
s 90
f 566/747/1539 431/380/1538 504/379/1926 564/455/1927
s off
f 504/379/1928 323/816/1929 567/452/1930 564/455/1931
s 119
f 569/458/1932 365/453/1933 567/452/1934 568/459/1935
s off
f 567/452/1936 323/816/1937 503/815/1938 568/459/1939
f 503/815/1940 324/814/1941 570/456/1942 568/459/1943
s 120
f 572/462/1944 433/833/1945 573/521/1946 571/463/1947
s 31
f 573/521/1291 364/457/1290 570/456/1948 571/463/1949
s off
f 570/456/1950 324/814/1951 502/460/1952 571/463/1953
s 121
usemtl lambert10SG
f 575/466/1954 362/834/1955 576/518/1956 574/467/1957
s 30
f 576/518/1287 363/517/1286 577/835/1958 574/467/1959
s off
f 577/835/1960 320/807/1961 485/464/1962 574/467/1963
s 122
f 579/470/1964 362/834/1965 575/466/1966 578/471/1967
s off
f 575/466/1968 311/465/1969 546/829/1970 578/471/1971
s 123
f 546/829/1972 339/797/1973 580/468/1974 578/471/1975
s 21
f 582/474/1976 361/469/1238 580/468/1237 581/475/1977
s 123
f 580/468/1974 339/797/1973 460/796/1978 581/475/1979
s 124
f 460/796/1980 336/795/1981 583/472/1982 581/475/1983
s 22
f 585/478/1984 360/473/1242 583/472/1241 584/479/1985
s 124
f 583/472/1982 336/795/1981 537/826/1986 584/479/1987
s off
f 537/826/1988 313/825/1989 586/476/1990 584/479/1991
s 125
f 588/482/1992 377/836/1993 586/837/1994 587/483/1995
s off
f 586/837/1996 313/396/1997 519/395/1998 587/483/1999
f 519/395/2000 327/352/2001 589/480/2002 587/483/2003
s 126
f 591/486/2004 376/481/2005 589/480/2006 590/487/2007
s off
f 589/480/2008 327/352/2009 472/351/2010 590/487/2011
f 472/351/2012 328/801/2013 592/484/2014 590/487/2015
s 127
f 594/490/2016 374/838/2017 595/557/2018 593/491/2019
s 41
f 595/557/1331 375/485/1330 592/484/2020 593/491/2021
s off
f 592/484/2022 328/801/2023 522/488/2024 593/491/2025
s 128
f 597/494/2026 374/838/2027 594/490/2028 596/495/2029
s off
f 594/490/2030 315/489/2031 521/401/2032 596/495/2033
f 521/401/2034 316/400/2035 598/492/2036 596/495/2037
s 129
f 600/498/2038 373/493/2039 598/492/2040 599/499/2041
s off
f 598/492/2042 316/400/2043 523/399/2044 599/499/2045
f 523/399/2046 331/799/2047 601/496/2048 599/499/2049
s 130
f 603/502/2050 371/543/2051 604/547/2052 602/503/2053
s 38
f 604/547/1319 372/497/1318 601/496/2054 602/503/2055
s off
f 601/496/2056 331/799/2057 470/500/2058 602/503/2059
s 131
f 553/506/2060 370/839/2061 606/544/2062 605/507/2063
s 37
f 606/544/1315 371/543/1314 603/502/2064 605/507/2065
s off
f 603/502/2066 330/501/2067 518/504/2068 605/507/2069
s 29
f 608/510/2070 351/513/1282 609/512/1281 607/511/2071
s 21
f 609/512/2072 361/469/1238 582/474/1976 607/511/2073
s 22
f 582/474/1243 360/473/1242 610/508/2074 607/511/2075
s 132
f 612/514/2076 350/840/2077 613/841/2078 611/515/2079
s 122
f 613/841/2080 362/834/1965 579/470/1964 611/515/2081
s 21
f 579/470/1239 361/469/1238 609/512/2072 611/515/2082
s 121
f 576/518/1956 362/834/1955 613/841/2083 614/519/2084
s 133
f 613/841/2085 350/840/2086 615/598/2087 614/519/2088
s 52
f 615/598/1375 349/597/1374 616/516/2089 614/519/2090
s 120
usemtl lambert11SG
f 573/521/1946 433/833/1945 618/757/2091 617/522/2092
s 93
f 618/757/1551 434/756/1550 619/594/2093 617/522/2094
s 51
f 619/594/1371 348/523/1370 620/520/2095 617/522/2096
s 134
f 622/524/2097 347/527/2098 623/526/2099 621/525/2100
s 119
f 623/526/2101 365/453/1933 569/458/1932 621/525/2102
s 19
f 569/458/1227 364/457/1226 620/520/2103 621/525/2104
s 89
f 625/528/2105 429/743/1534 626/842/2106 624/529/2107
s 118
f 626/842/2108 430/832/1923 565/454/1922 624/529/2109
s 18
f 565/454/1223 365/453/1222 623/526/2110 624/529/2111
s 135
usemtl lambert10SG
f 628/532/2112 345/535/2113 629/534/2114 627/533/2115
s 117
f 629/534/2116 367/445/1911 562/450/1910 627/533/2117
s 17
f 562/450/1219 366/449/1218 630/530/2118 627/533/2119
s 136
f 632/536/2120 344/788/2121 633/785/2122 631/537/2123
s 15
f 633/785/2124 368/441/1210 559/446/1902 631/537/2125
s 16
f 559/446/1215 367/445/1214 629/534/2126 631/537/2127
s 137
f 635/540/2128 342/843/2129 636/844/2130 634/541/2131
s 114
f 636/844/2132 370/830/1883 552/438/1882 634/541/2133
s 14
f 552/438/1207 369/437/1206 637/538/2134 634/541/2135
s 131
f 606/544/2062 370/839/2061 636/845/2136 638/545/2137
s 138
f 636/845/2138 342/846/2139 639/634/2140 638/545/2141
s 62
f 639/634/1415 359/633/1414 640/542/2142 638/545/2143
s 130
f 604/547/2052 371/543/2051 640/542/2144 641/548/2145
s 139
f 640/542/2146 359/633/2147 642/630/2148 641/548/2149
s 61
f 642/630/1411 358/549/1410 643/546/2150 641/548/2151
s 140
f 645/550/2152 357/553/2153 646/552/2154 644/551/2155
s 129
f 646/552/2156 373/493/2039 600/498/2038 644/551/2157
s 27
f 600/498/1267 372/497/1266 643/546/2158 644/551/2159
s 141
f 648/554/2160 356/847/2161 649/848/2162 647/555/2163
s 128
f 649/848/2164 374/838/2027 597/494/2026 647/555/2165
s 26
f 597/494/1263 373/493/1262 646/552/2166 647/555/2167
s 127
f 595/557/2018 374/838/2017 649/848/2168 650/558/2169
s 142
f 649/848/2170 356/847/2171 651/620/2172 650/558/2173
s 58
f 651/620/1399 355/559/1398 652/556/2174 650/558/2175
s 143
f 654/560/2176 354/563/2177 655/562/2178 653/561/2179
s 126
f 655/562/2180 376/481/2005 591/486/2004 653/561/2181
s 25
f 591/486/1255 375/485/1254 652/556/2182 653/561/2183
s 144
f 657/564/2184 353/849/2185 658/850/2186 656/565/2187
s 125
f 658/850/2188 377/836/1993 588/482/1992 656/565/2189
s 24
f 588/482/1251 376/481/1250 655/562/2190 656/565/2191
s 28
f 660/568/2192 352/509/1278 610/508/1277 659/569/2193
s 22
f 610/508/2074 360/473/1242 585/478/1984 659/569/2194
s 23
f 585/478/1247 377/477/1246 658/566/2195 659/569/2196
s 145
f 662/572/2197 398/851/2198 663/852/2199 661/573/2200
s 137
f 663/852/2201 342/843/2129 635/540/2128 661/573/2202
s 36
f 635/540/1311 343/539/1310 664/570/2203 661/573/2204
s 45
f 666/576/2205 397/571/1346 664/570/1345 665/577/2206
s 36
f 664/570/2203 343/539/1310 667/789/2207 665/577/2208
s 136
f 667/789/2209 344/788/2121 668/574/2210 665/577/2211
s 46
f 670/580/2212 396/575/1350 668/574/1349 669/581/2213
s 136
f 668/574/2210 344/788/2121 632/536/2120 669/581/2214
s 35
f 632/536/1307 345/535/1306 671/578/2215 669/581/2216
s 146
f 673/584/2217 413/579/2218 671/578/2219 672/585/2220
s 135
f 671/578/2221 345/535/2113 628/532/2112 672/585/2222
s 34
f 628/532/1303 346/531/1302 674/582/2223 672/585/2224
s 147
usemtl lambert11SG
f 676/588/2225 428/853/2226 677/744/2227 675/589/2228
s 89
f 677/744/1535 429/743/1534 625/528/2105 675/589/2229
s 33
f 625/528/1299 347/527/1298 678/586/2230 675/589/2231
s 148
f 680/592/2232 411/587/2233 678/586/2234 679/593/2235
s 134
f 678/586/2236 347/527/2098 622/524/2097 679/593/2237
s 32
f 622/524/1295 348/523/1294 681/590/2238 679/593/2239
s 93
f 619/594/2093 434/756/1550 683/761/2240 682/595/2241
s 94
f 683/761/1555 435/760/1554 684/679/2242 682/595/2243
s 75
f 684/679/1467 410/591/1466 681/590/2244 682/595/2245
s 133
usemtl lambert10SG
f 615/598/2087 350/840/2086 686/854/2246 685/599/2247
s 149
f 686/854/2248 408/855/2249 687/676/2250 685/599/2251
s 74
f 687/676/1463 409/675/1462 688/596/2252 685/599/2253
s 150
f 690/602/2254 408/855/2255 686/854/2256 689/603/2257
s 132
f 686/854/2258 350/840/2077 612/514/2076 689/603/2259
s 29
f 612/514/1283 351/513/1282 691/600/2260 689/603/2261
s 53
f 693/606/2262 407/601/1378 691/600/1377 692/607/2263
s 29
f 691/600/2260 351/513/1282 608/510/2070 692/607/2264
s 28
f 608/510/1279 352/509/1278 694/604/2265 692/607/2266
s 54
f 696/610/2267 406/605/1382 694/604/1381 695/611/2268
s 28
f 694/604/2265 352/509/1278 660/568/2192 695/611/2269
s 44
f 660/568/1343 353/567/1342 697/608/2270 695/611/2271
s 151
f 699/614/2272 405/856/2273 697/857/2274 698/615/2275
s 144
f 697/857/2276 353/849/2185 657/564/2184 698/615/2277
s 43
f 657/564/1339 354/563/1338 700/612/2278 698/615/2279
s 152
f 702/618/2280 404/613/2281 700/612/2282 701/619/2283
s 143
f 700/612/2284 354/563/2177 654/560/2176 701/619/2285
s 42
f 654/560/1335 355/559/1334 703/616/2286 701/619/2287
s 142
f 651/620/2172 356/847/2171 705/858/2288 704/621/2289
s 153
f 705/858/2290 402/859/2291 706/654/2292 704/621/2293
s 68
f 706/654/1439 403/617/1438 703/616/2294 704/621/2295
s 154
f 708/624/2296 402/859/2297 705/858/2298 707/625/2299
s 141
f 705/858/2300 356/847/2161 648/554/2160 707/625/2301
s 40
f 648/554/1327 357/553/1326 709/622/2302 707/625/2303
s 155
f 711/628/2304 401/623/2305 709/622/2306 710/629/2307
s 140
f 709/622/2308 357/553/2153 645/550/2152 710/629/2309
s 39
f 645/550/1323 358/549/1322 712/626/2310 710/629/2311
s 139
f 642/630/2148 359/633/2147 714/632/2312 713/631/2313
s 156
f 714/632/2314 399/641/2315 715/645/2316 713/631/2317
s 65
f 715/645/1427 400/627/1426 712/626/2318 713/631/2319
s 138
f 639/634/2140 342/846/2139 663/860/2320 716/635/2321
s 157
f 663/860/2322 398/861/2323 717/642/2324 716/635/2325
s 64
f 717/642/1423 399/641/1422 714/632/2326 716/635/2327
s 112
f 534/638/1836 378/824/1835 719/862/2328 718/639/2329
s 145
f 719/862/2330 398/851/2198 662/572/2197 718/639/2331
s 45
f 662/572/1347 397/571/1346 720/636/2332 718/639/2333
s 157
f 717/642/2324 398/861/2323 719/863/2334 721/643/2335
s 110
f 719/863/2336 378/819/1801 525/405/1800 721/643/2337
s 10
f 525/405/1171 395/404/1170 722/640/2338 721/643/2339
s 156
f 715/645/2316 399/641/2315 722/640/2340 723/646/2341
s 103
f 722/640/2342 395/404/1666 474/357/1665 723/646/2343
s 4
f 474/357/1123 394/356/1122 724/644/2344 723/646/2345
s 111
f 529/647/1814 393/650/1813 726/649/2346 725/648/2347
s 155
f 726/649/2348 401/623/2305 711/628/2304 725/648/2349
s 60
f 711/628/1407 400/627/1406 724/644/2350 725/648/2351
s 99
f 455/651/1625 392/794/1624 728/864/2352 727/652/2353
s 154
f 728/864/2354 402/859/2297 708/624/2296 727/652/2355
s 59
f 708/624/1403 401/623/1402 726/649/2356 727/652/2357
s 153
f 706/654/2292 402/859/2291 728/864/2358 729/655/2359
s 109
f 728/864/2360 392/794/1765 514/393/1764 729/655/2361
s 9
f 514/393/1159 391/392/1158 730/653/2362 729/655/2363
s 102
f 465/656/1645 390/659/1644 732/658/2364 731/657/2365
s 152
f 732/658/2366 404/613/2281 702/618/2280 731/657/2367
s 57
f 702/618/1395 403/617/1394 730/653/2368 731/657/2369
s 108
f 511/660/1756 389/818/1755 734/865/2370 733/661/2371
s 151
f 734/865/2372 405/856/2273 699/614/2272 733/661/2373
s 56
f 699/614/1391 404/613/1390 732/658/2374 733/661/2375
s 72
f 540/664/1849 388/667/1454 736/666/1453 735/665/2376
s 54
f 736/666/2377 406/605/1382 696/610/2267 735/665/2378
s 55
f 696/610/1387 405/609/1386 734/662/2379 735/665/2380
s 73
f 450/668/1617 387/671/1458 738/670/1457 737/669/2381
s 53
f 738/670/2382 407/601/1378 693/606/2262 737/669/2383
s 54
f 693/606/1383 406/605/1382 736/666/2377 737/669/2384
s 113
f 543/672/1859 386/810/1858 740/866/2385 739/673/2386
s 150
f 740/866/2387 408/855/2255 690/602/2254 739/673/2388
s 53
f 690/602/1379 407/601/1378 738/670/2382 739/673/2389
s 149
f 687/676/2250 408/855/2249 740/866/2390 741/677/2391
s 105
f 740/866/2392 386/810/1700 489/369/1699 741/677/2393
s 5
f 489/369/1135 385/368/1134 742/674/2394 741/677/2395
s 94
usemtl lambert11SG
f 684/679/2242 435/760/1554 744/765/2396 743/680/2397
s 95
f 744/765/1559 436/764/1558 506/385/1745 743/680/2398
s 8
f 506/385/1151 384/384/1150 745/678/2399 743/680/2400
s 98
f 445/681/1608 383/684/1607 747/683/2401 746/682/2402
s 148
f 747/683/2403 411/587/2233 680/592/2232 746/682/2404
s 50
f 680/592/1367 410/591/1366 745/678/2405 746/682/2406
s 106
f 498/685/1725 427/813/1724 749/867/2407 748/686/2408
s 147
f 749/867/2409 428/853/2226 676/588/2225 748/686/2410
s 49
f 676/588/1363 411/587/1362 747/683/2411 748/686/2412
s 104
usemtl lambert10SG
f 480/689/1679 381/692/1678 751/691/2413 750/690/2414
s 146
f 751/691/2415 413/579/2218 673/584/2217 750/690/2416
s 48
f 673/584/1359 412/583/1358 752/687/2417 750/690/2418
s 97
f 549/693/1874 380/777/1601 754/774/2419 753/694/2420
s 46
f 754/774/2421 396/575/1350 670/580/2212 753/694/2422
s 47
f 670/580/1355 413/579/1354 751/691/2423 753/694/2424
s 158
usemtl lambert11SG
f 481/697/2425 382/868/2426 756/869/2427 755/698/2428
s 159
f 756/869/2429 415/870/2430 757/740/2431 755/698/2432
s 88
f 757/740/1531 414/739/1530 758/695/2433 755/698/2434
s 159
f 760/701/2435 415/870/2430 756/869/2429 759/702/2436
s 158
f 756/869/2427 382/868/2426 752/871/2437 759/702/2438
s 160
f 752/871/2439 412/872/2440 761/699/2441 759/702/2442
s 80
f 763/705/2443 416/700/1490 761/699/1489 762/706/2444
s 160
f 761/699/2441 412/872/2440 674/873/2445 762/706/2446
s 161
f 674/873/2447 346/874/2448 764/703/2449 762/706/2450
s 81
f 766/709/2451 417/704/1494 764/703/1493 765/710/2452
s 161
f 764/703/2449 346/874/2448 630/875/2453 765/710/2454
s 162
f 630/875/2455 366/876/2456 767/707/2457 765/710/2458
s 82
f 769/713/2459 418/708/1498 767/707/1497 768/714/2460
s 162
f 767/707/2457 366/876/2456 563/877/2461 768/714/2462
s off
f 563/877/2463 319/715/2464 770/711/2465 768/714/2466
f 486/716/2467 320/719/2468 772/718/2469 771/717/2470
s 163
f 772/718/2471 420/752/2472 773/749/2473 771/717/2474
s 91
f 773/749/1543 419/712/1542 770/711/2475 771/717/2476
s 164
f 577/720/2477 363/878/2478 775/879/2479 774/721/2480
s 165
f 775/879/2481 421/880/2482 776/753/2483 774/721/2484
s 92
f 776/753/1547 420/752/1546 772/718/2485 774/721/2486
s 165
f 778/724/2487 421/880/2482 775/879/2481 777/725/2488
s 164
f 775/879/2479 363/878/2478 616/881/2489 777/725/2490
s 166
f 616/881/2491 349/882/2492 779/722/2493 777/725/2494
s 84
f 781/728/2495 422/723/1514 779/722/1513 780/729/2496
s 166
f 779/722/2493 349/882/2492 688/883/2497 780/729/2498
s 167
f 688/883/2499 409/884/2500 782/726/2501 780/729/2502
s 85
f 784/732/2503 423/727/1518 782/726/1517 783/733/2504
s 167
f 782/726/2501 409/884/2500 742/885/2505 783/733/2506
s 168
f 742/885/2507 385/886/2508 785/730/2509 783/733/2510
s 86
f 787/736/2511 424/731/1522 785/730/1521 786/737/2512
s 168
f 785/730/2509 385/886/2508 492/887/2513 786/737/2514
s off
f 492/887/2515 321/888/2516 788/734/2517 786/737/2518
s 159
f 757/740/2431 415/870/2430 790/889/2519 789/741/2520
s 106
f 790/889/2521 427/813/1724 497/377/1723 789/741/2522
s 6
f 497/377/1143 426/376/1142 791/738/2523 789/741/2524
s 147
f 677/744/2227 428/853/2226 793/890/2525 792/745/2526
s 80
f 793/890/2527 416/700/1490 763/705/2443 792/745/2528
s 81
f 763/705/1495 417/704/1494 794/742/2529 792/745/2530
s 118
f 566/747/1924 430/832/1923 796/891/2531 795/748/2532
s 82
f 796/891/2533 418/708/1498 769/713/2459 795/748/2534
s 83
f 769/713/1503 419/712/1502 797/746/2535 795/748/2536
s 163
f 773/749/2473 420/752/2472 799/751/2537 798/750/2538
s 107
f 799/751/2539 432/461/1734 501/381/1733 798/750/2540
s 7
f 501/381/1147 431/380/1146 797/746/2541 798/750/2542
s 165
f 776/753/2483 421/880/2482 801/892/2543 800/754/2544
s 120
f 801/892/2545 433/833/1945 572/462/1944 800/754/2546
s 20
f 572/462/1231 432/461/1230 799/751/2547 800/754/2548
s 120
f 618/757/2091 433/833/1945 801/892/2545 802/758/2549
s 165
f 801/892/2543 421/880/2482 778/724/2487 802/758/2550
s 84
f 778/724/1515 422/723/1514 803/755/2551 802/758/2552
s 93
f 683/761/2240 434/756/1550 803/755/1549 804/762/2553
s 84
f 803/755/2551 422/723/1514 781/728/2495 804/762/2554
s 85
f 781/728/1519 423/727/1518 805/759/2555 804/762/2556
s 94
f 744/765/2396 435/760/1554 805/759/1553 806/766/2557
s 85
f 805/759/2555 423/727/1518 784/732/2503 806/766/2558
s 86
f 784/732/1523 424/731/1522 807/763/2559 806/766/2560
s 95
f 507/769/1746 436/764/1558 807/763/1557 808/770/2561
s 86
f 807/763/2559 424/731/1522 787/736/2511 808/770/2562
s 87
f 787/736/1527 425/735/1526 809/767/2563 808/770/2564
s off
usemtl lambert10SG
f 666/576/2565 396/575/2566 811/773/2567 810/772/2568
f 811/773/2569 416/893/2570 793/894/2571 810/772/2572
f 793/894/2573 428/895/2574 812/771/2575 810/772/2576
f 754/774/2577 380/777/2578 814/776/2579 813/775/2580
f 814/776/2581 415/896/2582 760/897/2583 813/775/2584
f 760/897/2585 416/893/2586 811/773/2587 813/775/2588
f 440/778/2589 379/637/2590 816/780/2591 815/779/2592
f 816/780/2593 427/898/2594 790/899/2595 815/779/2596
f 790/899/2597 415/896/2598 814/776/2599 815/779/2600
f 720/636/2601 397/571/2602 812/771/2603 817/781/2604
f 812/771/2605 428/895/2606 749/900/2607 817/781/2608
f 749/900/2609 427/898/2610 816/780/2611 817/781/2612
f 556/442/2613 368/441/2614 819/784/2615 818/783/2616
f 819/784/2617 418/901/2618 796/902/2619 818/783/2620
f 796/902/2621 430/903/2622 820/782/2623 818/783/2624
f 633/785/2625 344/788/2626 822/787/2627 821/786/2628
f 822/787/2629 417/904/2630 766/905/2631 821/786/2632
f 766/905/2633 418/901/2634 819/784/2635 821/786/2636
f 667/789/2637 343/539/2638 824/791/2639 823/790/2640
f 824/791/2641 429/906/2642 794/907/2643 823/790/2644
f 794/907/2645 417/904/2646 822/787/2647 823/790/2648
f 637/538/2649 369/437/2650 820/782/2651 825/792/2652
f 820/782/2653 430/903/2654 626/908/2655 825/792/2656
f 626/908/2657 429/906/2658 824/791/2659 825/792/2660
s 169
f 918/909/2661 846/910/2662 915/911/2663 914/912/2664
s off
usemtl lambert11SG
f 923/913/2665 842/914/2666 920/915/2667 919/916/2668
s 170
usemtl lambert10SG
f 928/917/2669 850/918/2670 925/919/2671 924/920/2672
s 171
f 932/921/2673 847/922/2674 930/923/2675 929/924/2676
s off
f 937/925/2677 832/926/2678 934/927/2679 933/928/2680
f 935/929/2681 833/930/2682 939/931/2683 938/932/2684
s 172
f 946/933/2685 859/934/2686 943/935/2687 942/936/2688
s off
f 951/937/2689 829/938/2690 948/939/2691 947/940/2692
s 173
usemtl lambert11SG
f 955/941/2693 874/942/2694 953/943/2695 952/944/2696
s 174
f 960/945/2697 875/946/2698 957/947/2699 956/948/2700
s 175
f 922/949/2701 910/950/2702 962/951/2703 961/952/2704
s off
usemtl lambert10SG
f 967/953/2705 826/954/2706 944/955/2707 965/956/2708
f 970/957/2709 827/958/2710 939/931/2711 968/959/2712
s 176
f 972/960/2713 849/961/2714 927/962/2715 971/963/2716
s off
f 976/964/2717 830/965/2718 974/966/2719 973/967/2720
s 177
f 978/968/2721 852/969/2722 931/970/2723 977/971/2724
s 178
f 982/972/2725 853/973/2726 917/974/2727 979/975/2728
s off
f 940/976/2729 827/958/2730 984/977/2731 983/978/2732
s 179
f 989/979/2733 856/980/2734 988/981/2735 987/982/2736
s 180
f 992/983/2737 857/984/2738 991/985/2739 990/986/2740
s 181
f 995/987/2741 858/988/2742 994/989/2743 993/990/2744
s 182
f 1000/991/2745 865/992/2746 997/993/2747 996/994/2748
s 183
f 1004/995/2749 866/996/2750 999/997/2751 1001/998/2752
s 184
f 1008/999/2753 868/1000/2754 1003/1001/2755 1005/1002/2756
s 185
f 1012/1003/2757 870/1004/2758 1007/1005/2759 1009/1006/2760
s 186
f 1015/1007/2761 854/1008/2762 985/1009/2763 1013/1010/2764
s 184
f 1017/1011/2765 868/1000/2754 1008/999/2753 1016/1012/2766
s 182
f 1020/1013/2767 865/992/2746 1000/991/2745 1018/1014/2768
s 187
f 1023/1015/2769 863/1016/2770 980/1017/2771 1021/1018/2772
s 188
f 1026/1019/2773 861/1020/2774 966/1021/2775 1024/1022/2776
s 189
f 1028/1023/2777 873/1024/2778 1010/1025/2779 1027/1026/2780
s 190
usemtl lambert11SG
f 1032/1027/2781 878/1028/2782 1030/1029/2783 1029/1030/2784
s 191
f 1036/1031/2785 879/1032/2786 1034/1033/2787 1033/1034/2788
s 192
f 963/1035/2789 911/1036/2790 1038/1037/2791 1037/1038/2792
s off
f 1044/1039/2793 838/1040/2794 1042/1041/2795 1041/1042/2796
f 1047/1043/2797 839/1044/2798 950/1045/2799 1045/1046/2800
s 193
f 1039/1047/2801 912/1048/2802 1049/1049/2803 1048/1050/2804
s 194
f 1055/1051/2805 904/1052/2806 1053/1053/2807 1052/1054/2808
s 195
f 1058/1055/2809 903/1056/2810 1057/1057/2811 1056/1058/2812
s 196
f 1061/1059/2813 902/1060/2814 1060/1061/2815 1059/1062/2816
s 197
f 1064/1063/2817 901/1064/2818 1063/1065/2819 1062/1066/2820
s 198
f 958/1067/2821 876/1068/2822 1066/1069/2823 1065/1070/2824
s 199
f 1035/1071/2825 880/1072/2826 1069/1073/2827 1068/1074/2828
s off
f 1046/1075/2829 840/1076/2830 1072/1077/2831 1071/1078/2832
s 200
f 1078/1079/2833 891/1080/2834 1075/1081/2835 1074/1082/2836
s 201
f 1082/1083/2837 892/1084/2838 1080/1085/2839 1079/1086/2840
s 202
f 1086/1087/2841 893/1088/2842 1084/1089/2843 1083/1090/2844
s 203
f 1090/1091/2845 894/1092/2846 1088/1093/2847 1087/1094/2848
s 204
f 1090/1091/2849 886/1095/2850 1092/1096/2851 1091/1097/2852
s 205
f 1093/1098/2853 887/1099/2854 1096/1100/2855 1095/1101/2856
s 206
f 1097/1102/2857 888/1103/2858 1100/1104/2859 1099/1105/2860
s 207
f 1105/1106/2861 899/1107/2862 1073/1108/2863 1103/1109/2864
s 208
f 1107/1110/2865 900/1111/2866 1070/1112/2867 1106/1113/2868
s 209
f 1109/1114/2869 901/1064/2870 1067/1115/2871 1108/1116/2872
s 210
f 1109/1114/2873 886/1095/2874 1089/1117/2875 1110/1118/2876
s 211
f 1111/1119/2877 885/1120/2878 1085/1121/2879 1112/1122/2880
s 212
f 1116/1123/2881 883/1124/2882 1077/1125/2883 1114/1126/2884
s 213
f 1119/1127/2885 907/1128/2886 1043/1129/2887 1117/1130/2888
s 214
f 1122/1131/2889 909/1132/2890 954/1133/2891 1120/1134/2892
s 215
f 1124/1135/2893 910/950/2894 921/1136/2895 1123/1137/2896
s 216
f 1124/1135/2897 894/1092/2898 1094/1138/2899 1125/1139/2900
s 217
f 1126/1140/2901 895/1141/2902 1098/1142/2903 1127/1143/2904
s 218
f 1128/1144/2905 896/1145/2906 1102/1146/2907 1129/1147/2908
s off
usemtl lambert10SG
f 1133/1148/2909 857/984/2910 1019/1149/2911 1131/1150/2912
f 1132/1151/2913 866/996/2914 1004/995/2915 1134/1152/2916
f 1135/1153/2917 868/1000/2918 1017/1011/2919 1136/1154/2920
f 1137/1155/2921 856/980/2922 991/985/2923 1138/1156/2924
f 1141/1157/2925 862/1158/2926 916/1159/2927 1139/1160/2928
f 1140/1161/2929 861/1020/2930 1026/1019/2931 1142/1162/2932
f 1143/1163/2933 869/1164/2934 1002/1165/2935 1144/1166/2936
f 1145/1167/2937 867/1168/2938 1022/1169/2939 1146/1170/2940
s 188
f 915/911/2941 861/1020/2774 916/1159/2942 914/912/2943
s 219
f 916/1159/2944 862/1158/2945 917/974/2946 914/912/2947
s 178
f 917/974/2727 853/973/2726 918/909/2948 914/912/2949
s 220
usemtl lambert11SG
f 920/915/2950 909/1132/2951 921/1136/2952 919/916/2953
s 215
f 921/1136/2895 910/950/2894 922/949/2954 919/916/2955
s off
f 922/949/2956 845/1171/2957 923/913/2958 919/916/2959
s 221
usemtl lambert10SG
f 925/919/2960 851/1172/2961 926/1173/2962 924/920/2963
s 222
f 926/1173/2964 848/1174/2965 927/962/2966 924/920/2967
s 176
f 927/962/2715 849/961/2714 928/917/2968 924/920/2969
s 223
f 930/923/2970 848/1174/2971 926/1173/2972 929/924/2973
s 224
f 926/1173/2974 851/1172/2975 931/970/2976 929/924/2977
s 177
f 931/970/2723 852/969/2722 932/921/2978 929/924/2979
s off
f 934/927/2980 833/930/2981 935/929/2982 933/928/2983
f 935/929/2984 835/1175/2985 936/1176/2986 933/928/2987
f 936/1176/2988 834/1177/2989 937/925/2990 933/928/2991
f 939/931/2992 827/958/2993 940/976/2994 938/932/2995
f 940/976/2996 836/1178/2997 941/1179/2998 938/932/2999
f 941/1179/3000 835/1175/3001 935/929/3002 938/932/3003
s 225
f 943/935/3004 860/1180/3005 944/955/3006 942/936/3007
s off
f 944/955/3008 826/954/3009 945/1181/3010 942/936/3011
f 945/1181/3012 837/1182/3013 946/933/3014 942/936/3015
f 948/939/3016 831/1183/3017 949/1184/3018 947/940/3019
f 949/1184/3020 840/1185/3021 950/1186/3022 947/940/3023
f 950/1186/3024 839/1187/3025 951/937/3026 947/940/3027
s 226
usemtl lambert11SG
f 953/943/3028 908/1188/3029 954/1133/3030 952/944/3031
s 214
f 954/1133/2891 909/1132/2890 920/915/3032 952/944/3033
s off
f 920/915/3034 842/914/3035 955/941/3036 952/944/3037
s 227
f 957/947/3038 876/1068/3039 958/1067/3040 956/948/3041
s off
f 958/1067/3042 844/1189/3043 959/1190/3044 956/948/3045
f 959/1190/3046 843/1191/3047 960/945/3048 956/948/3049
s 192
f 962/951/3050 911/1036/2790 963/1035/2789 961/952/3051
s 228
f 963/1035/3052 877/1192/3053 964/1193/3054 961/952/3055
s off
f 964/1193/3056 845/1171/3057 922/949/3058 961/952/3059
s 225
usemtl lambert10SG
f 944/955/3060 860/1180/3005 966/1021/3061 965/956/3062
s 188
f 966/1021/2775 861/1020/2774 915/911/2941 965/956/3063
s 169
f 915/911/2663 846/910/2662 967/953/3064 965/956/3065
s off
f 939/931/3066 833/930/3067 969/1194/3068 968/959/3069
s 223
f 969/1194/3070 848/1174/2971 930/923/2970 968/959/3071
s 171
f 930/923/2675 847/922/2674 970/957/3072 968/959/3073
s 222
f 927/962/2966 848/1174/2965 969/1194/3074 971/963/3075
s off
f 969/1194/3076 833/930/3077 934/927/3078 971/963/3079
f 934/927/3080 832/926/3081 972/960/3082 971/963/3083
f 974/966/3084 831/1183/3085 975/1195/3086 973/967/3087
s 221
f 975/1195/3088 851/1172/2961 925/919/2960 973/967/3089
s 170
f 925/919/2671 850/918/2670 976/964/3090 973/967/3091
s 224
f 931/970/2976 851/1172/2975 975/1195/3092 977/971/3093
s off
f 975/1195/3094 831/1183/3095 948/939/3096 977/971/3097
f 948/939/3098 829/938/3099 978/968/3100 977/971/3101
s 219
f 917/974/2946 862/1158/2945 980/1017/3102 979/975/3103
s 187
f 980/1017/2771 863/1016/2770 981/1196/3104 979/975/3105
s off
f 981/1196/3106 828/1197/3107 982/972/3108 979/975/3109
s 230
f 984/977/3110 855/1198/3111 985/1009/3112 983/978/3113
s 186
f 985/1009/2763 854/1008/2762 986/1199/3114 983/978/3115
s off
f 986/1199/3116 836/1178/3117 940/976/3118 983/978/3119
s 230
f 988/981/3120 855/1198/3111 984/977/3121 987/982/3122
s off
f 984/977/3123 827/958/3124 970/957/3125 987/982/3126
s 232
f 970/957/3127 847/922/3128 989/979/3129 987/982/3130
s 179
f 991/985/3131 856/980/2734 989/979/2733 990/986/3132
s 232
f 989/979/3129 847/922/3128 932/921/3133 990/986/3134
s 233
f 932/921/3135 852/969/3136 992/983/3137 990/986/3138
s 180
f 994/989/3139 857/984/2738 992/983/2737 993/990/3140
s 233
f 992/983/3137 852/969/3136 978/968/3141 993/990/3142
s off
f 978/968/3143 829/938/3144 995/987/3145 993/990/3146
s 234
f 997/993/3147 864/1200/3148 998/1201/3149 996/994/3150
s 235
f 998/1201/3151 867/1168/3152 999/997/3153 996/994/3154
s 183
f 999/997/2751 866/996/2750 1000/991/3155 996/994/3156
s 235
f 999/997/3153 867/1168/3152 1002/1165/3157 1001/998/3158
s 236
f 1002/1165/3159 869/1164/3160 1003/1001/3161 1001/998/3162
s 184
f 1003/1001/2755 868/1000/2754 1004/995/3163 1001/998/3164
s 236
f 1003/1001/3161 869/1164/3160 1006/1202/3165 1005/1002/3166
s 237
f 1006/1202/3167 871/1203/3168 1007/1005/3169 1005/1002/3170
s 185
f 1007/1005/2759 870/1004/2758 1008/999/3171 1005/1002/3172
s 237
f 1007/1005/3169 871/1203/3168 1010/1025/3173 1009/1006/3174
s 189
f 1010/1025/2779 873/1024/2778 1011/1204/3175 1009/1006/3176
s 238
f 1011/1204/3177 872/1205/3178 1012/1003/3179 1009/1006/3180
s 230
f 985/1009/3112 855/1198/3111 1014/1206/3181 1013/1010/3182
s 185
f 1014/1206/3183 870/1004/2758 1012/1003/2757 1013/1010/3184
s 238
f 1012/1003/3179 872/1205/3178 1015/1007/3185 1013/1010/3186
s 185
f 1008/999/3171 870/1004/2758 1014/1206/3183 1016/1012/3187
s 230
f 1014/1206/3181 855/1198/3111 988/981/3120 1016/1012/3188
s 179
f 988/981/2735 856/980/2734 1017/1011/3189 1016/1012/3190
s 183
f 1000/991/3155 866/996/2750 1019/1149/3191 1018/1014/3192
s 180
f 1019/1149/3193 857/984/2738 994/989/3139 1018/1014/3194
s 181
f 994/989/2743 858/988/2742 1020/1013/3195 1018/1014/3196
s 219
f 980/1017/3102 862/1158/2945 1022/1169/3197 1021/1018/3198
s 235
f 1022/1169/3199 867/1168/3152 998/1201/3151 1021/1018/3200
s 234
f 998/1201/3149 864/1200/3148 1023/1015/3201 1021/1018/3202
s 225
f 966/1021/3061 860/1180/3005 1025/1207/3203 1024/1022/3204
s 237
f 1025/1207/3205 871/1203/3168 1006/1202/3167 1024/1022/3206
s 236
f 1006/1202/3165 869/1164/3160 1026/1019/3207 1024/1022/3208
s 237
f 1010/1025/3173 871/1203/3168 1025/1207/3205 1027/1026/3209
s 225
f 1025/1207/3203 860/1180/3005 943/935/3004 1027/1026/3210
s 172
f 943/935/2687 859/934/2686 1028/1023/3211 1027/1026/3212
s 213
usemtl lambert11SG
f 1030/1029/3213 907/1128/2886 1031/1208/3214 1029/1030/3215
s 226
f 1031/1208/3216 908/1188/3029 953/943/3028 1029/1030/3217
s 173
f 953/943/2695 874/942/2694 1032/1027/3218 1029/1030/3219
s 239
f 1034/1033/3220 880/1072/3221 1035/1071/3222 1033/1034/3223
s 227
f 1035/1071/3224 876/1068/3039 957/947/3038 1033/1034/3225
s 174
f 957/947/2699 875/946/2698 1036/1031/3226 1033/1034/3227
s 193
f 1038/1037/3228 912/1048/2802 1039/1047/2801 1037/1038/3229
s 240
f 1039/1047/3230 881/1209/3231 1040/1210/3232 1037/1038/3233
s 228
f 1040/1210/3234 877/1192/3053 963/1035/3052 1037/1038/3235
s 241
f 1042/1041/3236 906/1211/3237 1043/1129/3238 1041/1042/3239
s 213
f 1043/1129/2887 907/1128/2886 1030/1029/3213 1041/1042/3240
s 190
f 1030/1029/2783 878/1028/2782 1044/1039/3241 1041/1042/3242
s off
f 950/1045/3243 840/1076/3244 1046/1075/3245 1045/1046/3246
s 239
f 1046/1075/3247 880/1072/3221 1034/1033/3220 1045/1046/3248
s 191
f 1034/1033/2787 879/1032/2786 1047/1043/3249 1045/1046/3250
s 242
f 1049/1049/3251 913/1212/3252 1050/1213/3253 1048/1050/3254
s off
f 1050/1213/3255 841/1214/3256 1051/1215/3257 1048/1050/3258
s 240
f 1051/1215/3259 881/1209/3231 1039/1047/3230 1048/1050/3260
s 243
f 1053/1053/3261 905/1216/3262 1054/1217/3263 1052/1054/3264
s off
f 1054/1217/3265 839/1044/3266 1047/1043/3267 1052/1054/3268
s 244
f 1047/1043/3269 879/1032/3270 1055/1051/3271 1052/1054/3272
s 194
f 1057/1057/3273 904/1052/2806 1055/1051/2805 1056/1058/3274
s 244
f 1055/1051/3271 879/1032/3270 1036/1031/3275 1056/1058/3276
s 245
f 1036/1031/3277 875/946/3278 1058/1055/3279 1056/1058/3280
s 195
f 1060/1061/3281 903/1056/2810 1058/1055/2809 1059/1062/3282
s 245
f 1058/1055/3279 875/946/3278 960/945/3283 1059/1062/3284
s off
f 960/945/3285 843/1191/3286 1061/1059/3287 1059/1062/3288
s 246
f 1063/1065/3289 902/1060/3290 1061/1059/3291 1062/1066/3292
s off
f 1061/1059/3293 843/1191/3294 959/1190/3295 1062/1066/3296
f 959/1190/3297 844/1189/3298 1064/1063/3299 1062/1066/3300
s 208
f 1066/1069/3301 900/1111/2866 1067/1115/3302 1065/1070/3303
s 209
f 1067/1115/2871 901/1064/2870 1064/1063/3304 1065/1070/3305
s off
f 1064/1063/3306 844/1189/3307 958/1067/3308 1065/1070/3309
s 207
f 1069/1073/3310 899/1107/2862 1070/1112/3311 1068/1074/3312
s 208
f 1070/1112/2867 900/1111/2866 1066/1069/3301 1068/1074/3313
s 198
f 1066/1069/2823 876/1068/2822 1035/1071/3314 1068/1074/3315
s 247
f 1072/1077/3316 898/1218/3317 1073/1108/3318 1071/1078/3319
s 207
f 1073/1108/2863 899/1107/2862 1069/1073/3310 1071/1078/3320
s 199
f 1069/1073/2827 880/1072/2826 1046/1075/3321 1071/1078/3322
s 248
f 1075/1081/3323 890/1219/3324 1076/1220/3325 1074/1082/3326
s 249
f 1076/1220/3327 882/1221/3328 1077/1125/3329 1074/1082/3330
s 212
f 1077/1125/2883 883/1124/2882 1078/1079/3331 1074/1082/3332
s 200
f 1080/1085/3333 891/1080/2834 1078/1079/2833 1079/1086/3334
s 212
f 1078/1079/3331 883/1124/2882 1081/1222/3335 1079/1086/3336
s 250
f 1081/1222/3337 884/1223/3338 1082/1083/3339 1079/1086/3340
s 201
f 1084/1089/3341 892/1084/2838 1082/1083/2837 1083/1090/3342
s 250
f 1082/1083/3339 884/1223/3338 1085/1121/3343 1083/1090/3344
s 211
f 1085/1121/2879 885/1120/2878 1086/1087/3345 1083/1090/3346
s 251
f 1088/1093/3347 893/1088/3348 1086/1087/3349 1087/1094/3350
s 252
f 1086/1087/3351 885/1120/3352 1089/1117/3353 1087/1094/3354
s 210
f 1089/1117/2875 886/1095/2874 1090/1091/3355 1087/1094/3356
s 205
f 1092/1096/3357 887/1099/2854 1093/1098/2853 1091/1097/3358
s 217
f 1093/1098/3359 895/1141/2902 1094/1138/3360 1091/1097/3361
s 216
f 1094/1138/2899 894/1092/2898 1090/1091/3362 1091/1097/3363
s 206
f 1096/1100/3364 888/1103/2858 1097/1102/2857 1095/1101/3365
s 218
f 1097/1102/3366 896/1145/2906 1098/1142/3367 1095/1101/3368
s 217
f 1098/1142/2903 895/1141/2902 1093/1098/3359 1095/1101/3369
s 253
f 1100/1104/3370 889/1224/3371 1101/1225/3372 1099/1105/3373
s 254
f 1101/1225/3374 897/1226/3375 1102/1146/3376 1099/1105/3377
s 218
f 1102/1146/2907 896/1145/2906 1097/1102/3366 1099/1105/3378
s 247
f 1073/1108/3318 898/1218/3317 1104/1227/3379 1103/1109/3380
s 253
f 1104/1227/3381 889/1224/3371 1100/1104/3370 1103/1109/3382
s 206
f 1100/1104/2859 888/1103/2858 1105/1106/3383 1103/1109/3384
s 207
f 1070/1112/3311 899/1107/2862 1105/1106/2861 1106/1113/3385
s 206
f 1105/1106/3383 888/1103/2858 1096/1100/3364 1106/1113/3386
s 205
f 1096/1100/2855 887/1099/2854 1107/1110/3387 1106/1113/3388
s 208
f 1067/1115/3302 900/1111/2866 1107/1110/2865 1108/1116/3389
s 205
f 1107/1110/3387 887/1099/2854 1092/1096/3357 1108/1116/3390
s 204
f 1092/1096/2851 886/1095/2850 1109/1114/3391 1108/1116/3392
s 252
f 1089/1117/3353 885/1120/3352 1111/1119/3393 1110/1118/3394
s 246
f 1111/1119/3395 902/1060/3290 1063/1065/3289 1110/1118/3396
s 197
f 1063/1065/2819 901/1064/2818 1109/1114/3397 1110/1118/3398
s 250
f 1085/1121/3343 884/1223/3338 1113/1228/3399 1112/1122/3400
s 195
f 1113/1228/3401 903/1056/2810 1060/1061/3281 1112/1122/3402
s 196
f 1060/1061/2815 902/1060/2814 1111/1119/3403 1112/1122/3404
s 249
f 1077/1125/3329 882/1221/3328 1115/1229/3405 1114/1126/3406
s 243
f 1115/1229/3407 905/1216/3262 1053/1053/3261 1114/1126/3408
s 194
f 1053/1053/2807 904/1052/2806 1116/1123/3409 1114/1126/3410
s 241
f 1043/1129/3238 906/1211/3237 1118/1230/3411 1117/1130/3412
s 248
f 1118/1230/3413 890/1219/3324 1075/1081/3323 1117/1130/3414
s 200
f 1075/1081/2835 891/1080/2834 1119/1127/3415 1117/1130/3416
s 226
f 954/1133/3030 908/1188/3029 1121/1231/3417 1120/1134/3418
s 201
f 1121/1231/3419 892/1084/2838 1084/1089/3341 1120/1134/3420
s 202
f 1084/1089/2843 893/1088/2842 1122/1131/3421 1120/1134/3422
s 220
f 921/1136/2952 909/1132/2951 1122/1131/3423 1123/1137/3424
s 251
f 1122/1131/3425 893/1088/3348 1088/1093/3347 1123/1137/3426
s 203
f 1088/1093/2847 894/1092/2846 1124/1135/3427 1123/1137/3428
s 217
f 1094/1138/3360 895/1141/2902 1126/1140/2901 1125/1139/3429
s 192
f 1126/1140/3430 911/1036/2790 962/951/3050 1125/1139/3431
s 175
f 962/951/2703 910/950/2702 1124/1135/3432 1125/1139/3433
s 218
f 1098/1142/3367 896/1145/2906 1128/1144/2905 1127/1143/3434
s 193
f 1128/1144/3435 912/1048/2802 1038/1037/3228 1127/1143/3436
s 192
f 1038/1037/2791 911/1036/2790 1126/1140/3430 1127/1143/3437
s 254
f 1102/1146/3376 897/1226/3375 1130/1232/3438 1129/1147/3439
s 242
f 1130/1232/3440 913/1212/3252 1049/1049/3251 1129/1147/3441
s 193
f 1049/1049/2803 912/1048/2802 1128/1144/3435 1129/1147/3442
s off
usemtl lambert10SG
f 1019/1149/3443 866/996/3444 1132/1151/3445 1131/1150/3446
f 1132/1151/3447 883/1233/3448 1116/1234/3449 1131/1150/3450
f 1116/1234/3451 904/1235/3452 1133/1148/3453 1131/1150/3454
f 1004/995/3455 868/1000/3456 1135/1153/3457 1134/1152/3458
f 1135/1153/3459 884/1236/3460 1081/1237/3461 1134/1152/3462
f 1081/1237/3463 883/1233/3464 1132/1151/3465 1134/1152/3466
f 1017/1011/3467 856/980/3468 1137/1155/3469 1136/1154/3470
f 1137/1155/3471 903/1238/3472 1113/1239/3473 1136/1154/3474
f 1113/1239/3475 884/1236/3476 1135/1153/3477 1136/1154/3478
f 991/985/3479 857/984/3480 1133/1148/3481 1138/1156/3482
f 1133/1148/3483 904/1235/3484 1057/1240/3485 1138/1156/3486
f 1057/1240/3487 903/1238/3488 1137/1155/3489 1138/1156/3490
f 916/1159/3491 861/1020/3492 1140/1161/3493 1139/1160/3494
f 1140/1161/3495 908/1241/3496 1031/1242/3497 1139/1160/3498
f 1031/1242/3499 907/1243/3500 1141/1157/3501 1139/1160/3502
f 1026/1019/3503 869/1164/3504 1143/1163/3505 1142/1162/3506
f 1143/1163/3507 892/1244/3508 1121/1245/3509 1142/1162/3510
f 1121/1245/3511 908/1241/3512 1140/1161/3513 1142/1162/3514
f 1002/1165/3515 867/1168/3516 1145/1167/3517 1144/1166/3518
f 1145/1167/3519 891/1246/3520 1080/1247/3521 1144/1166/3522
f 1080/1247/3523 892/1244/3524 1143/1163/3525 1144/1166/3526
f 1022/1169/3527 862/1158/3528 1141/1157/3529 1146/1170/3530
f 1141/1157/3531 907/1243/3532 1119/1248/3533 1146/1170/3534
f 1119/1248/3535 891/1246/3536 1145/1167/3537 1146/1170/3538
f 1159/1249/3539 1147/1250/3540 1156/1251/3541 1155/1252/3542
f 1163/1253/3543 1149/1254/3544 1158/1255/3545 1160/1256/3546
f 1167/1257/3547 1151/1258/3548 1162/1259/3549 1164/1260/3550
f 1170/1261/3551 1153/1262/3552 1166/1263/3553 1168/1264/3554
f 1157/1265/3555 1148/1266/3556 1169/1267/3557 1171/1268/3558
f 1167/1257/3559 1153/1262/3560 1170/1261/3561 1172/1269/3562
f 1156/1251/3563 1148/1266/3564 1157/1265/3565 1155/1252/3566
f 1157/1265/3567 1150/1270/3568 1158/1255/3569 1155/1252/3570
f 1158/1255/3571 1149/1254/3572 1159/1249/3573 1155/1252/3574
f 1158/1255/3575 1150/1270/3576 1161/1271/3577 1160/1256/3578
f 1161/1271/3579 1152/1272/3580 1162/1259/3581 1160/1256/3582
f 1162/1259/3583 1151/1258/3584 1163/1253/3585 1160/1256/3586
f 1162/1259/3587 1152/1272/3588 1165/1273/3589 1164/1260/3590
f 1165/1273/3591 1154/1274/3592 1166/1263/3593 1164/1260/3594
f 1166/1263/3595 1153/1262/3596 1167/1257/3597 1164/1260/3598
f 1166/1263/3599 1154/1274/3600 1169/1267/3601 1168/1264/3602
f 1169/1267/3603 1148/1266/3604 1156/1251/3605 1168/1264/3606
f 1156/1251/3607 1147/1250/3608 1170/1261/3609 1168/1264/3610
f 1169/1267/3611 1154/1274/3612 1165/1273/3613 1171/1268/3614
f 1165/1273/3615 1152/1272/3616 1161/1271/3617 1171/1268/3618
f 1161/1271/3619 1150/1270/3620 1157/1265/3621 1171/1268/3622
f 1170/1261/3623 1147/1250/3624 1159/1249/3625 1172/1269/3626
f 1159/1249/3627 1149/1254/3628 1163/1253/3629 1172/1269/3630
f 1163/1253/3631 1151/1258/3632 1167/1257/3633 1172/1269/3634
f 1185/1275/3635 1173/1276/3636 1182/1277/3637 1181/1278/3638
f 1189/1279/3639 1175/1280/3640 1184/1281/3641 1186/1282/3642
f 1193/1283/3643 1177/1284/3644 1188/1285/3645 1190/1286/3646
f 1196/1287/3647 1179/1288/3648 1192/1289/3649 1194/1290/3650
f 1183/1291/3651 1174/1292/3652 1195/1293/3653 1197/1294/3654
f 1193/1283/3655 1179/1288/3656 1196/1287/3657 1198/1295/3658
f 1182/1277/3659 1174/1292/3660 1183/1291/3661 1181/1278/3662
f 1183/1291/3663 1176/1296/3664 1184/1281/3665 1181/1278/3666
f 1184/1281/3667 1175/1280/3668 1185/1275/3669 1181/1278/3670
f 1184/1281/3671 1176/1296/3672 1187/1297/3673 1186/1282/3674
f 1187/1297/3675 1178/1298/3676 1188/1285/3677 1186/1282/3678
f 1188/1285/3679 1177/1284/3680 1189/1279/3681 1186/1282/3682
f 1188/1285/3683 1178/1298/3684 1191/1299/3685 1190/1286/3686
f 1191/1299/3687 1180/1300/3688 1192/1289/3689 1190/1286/3690
f 1192/1289/3691 1179/1288/3692 1193/1283/3693 1190/1286/3694
f 1192/1289/3695 1180/1300/3696 1195/1293/3697 1194/1290/3698
f 1195/1293/3699 1174/1292/3700 1182/1277/3701 1194/1290/3702
f 1182/1277/3703 1173/1276/3704 1196/1287/3705 1194/1290/3706
f 1195/1293/3707 1180/1300/3708 1191/1299/3709 1197/1294/3710
f 1191/1299/3711 1178/1298/3712 1187/1297/3713 1197/1294/3714
f 1187/1297/3715 1176/1296/3716 1183/1291/3717 1197/1294/3718
f 1196/1287/3719 1173/1276/3720 1185/1275/3721 1198/1295/3722
f 1185/1275/3723 1175/1280/3724 1189/1279/3725 1198/1295/3726
f 1189/1279/3727 1177/1284/3728 1193/1283/3729 1198/1295/3730
f 1219/1301/3731 1199/1302/3732 1216/1303/3733 1215/1304/3734
f 1224/1305/3735 1211/1306/3736 1221/1307/3737 1220/1308/3738
f 1229/1309/3739 1203/1310/3740 1226/1311/3741 1225/1312/3742
f 1217/1313/3743 1200/1314/3744 1231/1315/3745 1230/1316/3746
f 1229/1309/3747 1205/1317/3748 1234/1318/3749 1233/1319/3750
f 1239/1320/3751 1201/1321/3752 1218/1322/3753 1236/1323/3754
f 1237/1324/3755 1202/1325/3756 1232/1326/3757 1240/1327/3758
f 1241/1328/3759 1204/1329/3760 1226/1311/3761 1243/1330/3762
f 1244/1331/3763 1203/1310/3764 1235/1332/3765 1246/1333/3766
f 1250/1334/3767 1207/1335/3768 1238/1336/3769 1248/1337/3770
f 1249/1338/3771 1208/1339/3772 1242/1340/3773 1251/1341/3774
f 1252/1342/3775 1209/1343/3776 1245/1344/3777 1253/1345/3778
f 1254/1346/3779 1210/1347/3780 1247/1348/3781 1255/1349/3782
f 1216/1303/3783 1200/1314/3784 1217/1313/3785 1215/1304/3786
f 1217/1313/3787 1202/1325/3788 1218/1322/3789 1215/1304/3790
f 1218/1322/3791 1201/1321/3792 1219/1301/3793 1215/1304/3794
f 1221/1307/3795 1212/1350/3796 1222/1351/3797 1220/1308/3798
f 1222/1351/3799 1213/1352/3800 1223/1353/3801 1220/1308/3802
f 1223/1353/3803 1214/1354/3804 1224/1305/3805 1220/1308/3806
f 1226/1311/3807 1204/1329/3808 1227/1355/3809 1225/1312/3810
f 1227/1355/3811 1206/1356/3812 1228/1357/3813 1225/1312/3814
f 1228/1357/3815 1205/1317/3816 1229/1309/3817 1225/1312/3818
f 1231/1315/3819 1206/1356/3820 1227/1355/3821 1230/1316/3822
f 1227/1355/3823 1204/1329/3824 1232/1326/3825 1230/1316/3826
f 1232/1326/3827 1202/1325/3828 1217/1313/3829 1230/1316/3830
f 1234/1318/3831 1199/1302/3832 1219/1301/3833 1233/1319/3834
f 1219/1301/3835 1201/1321/3836 1235/1332/3837 1233/1319/3838
f 1235/1332/3839 1203/1310/3840 1229/1309/3841 1233/1319/3842
f 1218/1322/3843 1202/1325/3844 1237/1324/3845 1236/1323/3846
f 1237/1324/3847 1208/1358/3848 1238/1359/3849 1236/1323/3850
f 1238/1359/3851 1207/1360/3852 1239/1320/3853 1236/1323/3854
f 1232/1326/3855 1204/1329/3856 1241/1328/3857 1240/1327/3858
f 1241/1328/3859 1209/1361/3860 1242/1362/3861 1240/1327/3862
f 1242/1362/3863 1208/1358/3864 1237/1324/3865 1240/1327/3866
f 1226/1311/3867 1203/1310/3868 1244/1331/3869 1243/1330/3870
f 1244/1331/3871 1210/1363/3872 1245/1364/3873 1243/1330/3874
f 1245/1364/3875 1209/1361/3876 1241/1328/3877 1243/1330/3878
f 1235/1332/3879 1201/1321/3880 1239/1320/3881 1246/1333/3882
f 1239/1320/3883 1207/1360/3884 1247/1365/3885 1246/1333/3886
f 1247/1365/3887 1210/1363/3888 1244/1331/3889 1246/1333/3890
f 1238/1336/3891 1208/1339/3892 1249/1338/3893 1248/1337/3894
f 1249/1338/3895 1212/1350/3896 1221/1307/3897 1248/1337/3898
f 1221/1307/3899 1211/1306/3900 1250/1334/3901 1248/1337/3902
f 1242/1340/3903 1209/1343/3904 1252/1342/3905 1251/1341/3906
f 1252/1342/3907 1213/1352/3908 1222/1351/3909 1251/1341/3910
f 1222/1351/3911 1212/1350/3912 1249/1338/3913 1251/1341/3914
f 1245/1344/3915 1210/1347/3916 1254/1346/3917 1253/1345/3918
f 1254/1346/3919 1214/1354/3920 1223/1353/3921 1253/1345/3922
f 1223/1353/3923 1213/1352/3924 1252/1342/3925 1253/1345/3926
f 1247/1348/3927 1207/1335/3928 1250/1334/3929 1255/1349/3930
f 1250/1334/3931 1211/1306/3932 1224/1305/3933 1255/1349/3934
f 1224/1305/3935 1214/1354/3936 1254/1346/3937 1255/1349/3938
f 1320/1366/3939 1284/1367/3940 1317/1368/3941 1316/1369/3942
f 1325/1370/3943 1259/1371/3944 1322/1372/3945 1321/1373/3946
s 255
f 1330/1374/3947 1261/1375/3948 1327/1376/3949 1326/1377/3950
s 256
f 1334/1378/3951 1260/1379/3952 1332/1380/3953 1331/1381/3954
s 257
f 1338/1382/3955 1264/1383/3956 1336/1384/3957 1335/1385/3958
s 258
f 1337/1386/3959 1265/1387/3960 1340/1388/3961 1339/1389/3962
s off
f 1345/1390/3963 1263/1391/3964 1343/1392/3965 1342/1393/3966
f 1338/1382/3967 1260/1379/3968 1347/1394/3969 1346/1395/3970
s 259
f 1352/1396/3971 1268/1397/3972 1350/1398/3973 1349/1399/3974
s 260
f 1351/1400/3975 1269/1401/3976 1354/1402/3977 1353/1403/3978
s 261
f 1358/1404/3979 1267/1405/3980 1344/1406/3981 1356/1407/3982
s off
f 1363/1408/3983 1289/1409/3984 1360/1410/3985 1359/1411/3986
s 262
f 1367/1412/3987 1272/1413/3988 1365/1414/3989 1364/1415/3990
s 263
f 1366/1416/3991 1273/1417/3992 1369/1418/3993 1368/1419/3994
s 264
f 1373/1420/3995 1271/1421/3996 1357/1422/3997 1371/1423/3998
s off
f 1367/1412/3999 1268/1397/4000 1375/1424/4001 1374/1425/4002
s 265
f 1380/1426/4003 1276/1427/4004 1378/1428/4005 1377/1429/4006
s 266
f 1379/1430/4007 1277/1431/4008 1382/1432/4009 1381/1433/4010
s 267
f 1386/1434/4011 1275/1435/4012 1372/1436/4013 1384/1437/4014
s off
f 1391/1438/4015 1293/1439/4016 1388/1440/4017 1387/1441/4018
s 268
f 1395/1442/4019 1280/1443/4020 1393/1444/4021 1392/1445/4022
s 269
f 1394/1446/4023 1281/1447/4024 1397/1448/4025 1396/1449/4026
s 270
f 1401/1450/4027 1279/1451/4028 1385/1452/4029 1399/1453/4030
s off
f 1395/1442/4031 1276/1427/4032 1403/1454/4033 1402/1455/4034
f 1323/1456/4035 1258/1457/4036 1406/1458/4037 1405/1459/4038
f 1406/1458/4039 1258/1457/4040 1322/1372/4041 1409/1460/4042
f 1408/1461/4043 1297/1462/4044 1412/1463/4045 1411/1464/4046
f 1415/1465/4047 1285/1466/4048 1317/1368/4049 1414/1467/4050
f 1420/1468/4051 1302/1469/4052 1417/1470/4053 1416/1471/4054
f 1422/1472/4055 1263/1391/4056 1347/1394/4057 1421/1473/4058
f 1425/1474/4059 1264/1383/4060 1348/1475/4061 1423/1476/4062
f 1424/1477/4063 1267/1405/4064 1358/1404/4065 1426/1478/4066
f 1427/1479/4067 1271/1421/4068 1375/1424/4069 1428/1480/4070
f 1429/1481/4071 1268/1397/4072 1352/1396/4073 1430/1482/4074
f 1433/1483/4075 1272/1413/4076 1376/1484/4077 1431/1485/4078
f 1432/1486/4079 1275/1435/4080 1386/1434/4081 1434/1487/4082
f 1435/1488/4083 1279/1451/4084 1403/1454/4085 1436/1489/4086
f 1437/1490/4087 1276/1427/4088 1380/1426/4089 1438/1491/4090
f 1407/1492/4091 1280/1443/4092 1404/1493/4093 1439/1494/4094
f 1445/1495/4095 1306/1496/4096 1442/1497/4097 1441/1498/4098
f 1449/1499/4099 1257/1500/4100 1328/1501/4101 1446/1502/4102
f 1452/1503/4103 1308/1504/4104 1447/1505/4105 1450/1506/4106
f 1451/1507/4107 1286/1508/4108 1318/1509/4109 1453/1510/4110
s 271
f 1449/1499/4111 1309/1511/4112 1457/1512/4113 1456/1513/4114
s off
f 1461/1514/4115 1282/1515/4116 1410/1516/4117 1458/1517/4118
s 272
f 1464/1518/4119 1314/1519/4120 1463/1520/4121 1462/1521/4122
s off
f 1464/1518/4123 1298/1522/4124 1413/1523/4125 1465/1524/4126
f 1469/1525/4127 1313/1526/4128 1466/1527/4129 1468/1528/4130
s 273
f 1472/1529/4131 1309/1511/4132 1448/1530/4133 1470/1531/4134
s off
f 1472/1529/4135 1301/1532/4136 1418/1533/4137 1473/1534/4138
f 1476/1535/4139 1311/1536/4140 1455/1537/4141 1475/1538/4142
f 1479/1539/4143 1314/1519/4144 1467/1540/4145 1477/1541/4146
f 1479/1539/4147 1306/1496/4148 1445/1495/4149 1480/1542/4150
s 274
f 1483/1543/4151 1312/1544/4152 1460/1545/4153 1482/1546/4154
s off
f 1486/1547/4155 1300/1548/4156 1471/1549/4157 1484/1550/4158
f 1488/1551/4159 1313/1526/4160 1469/1525/4161 1487/1552/4162
f 1488/1551/4163 1311/1536/4164 1476/1535/4165 1489/1553/4166
f 1486/1547/4167 1304/1554/4168 1443/1555/4169 1491/1556/4170
f 1317/1368/4171 1285/1466/4172 1318/1509/4173 1316/1369/4174
f 1318/1509/4175 1286/1508/4176 1319/1557/4177 1316/1369/4178
f 1319/1557/4179 1287/1558/4180 1320/1366/4181 1316/1369/4182
f 1322/1372/4183 1258/1457/4184 1323/1456/4185 1321/1373/4186
f 1323/1456/4187 1299/1559/4188 1324/1560/4189 1321/1373/4190
f 1324/1560/4191 1298/1522/4192 1325/1370/4193 1321/1373/4194
s 275
f 1327/1376/4195 1262/1561/4196 1328/1501/4197 1326/1377/4198
s off
f 1328/1501/4199 1257/1500/4200 1329/1562/4201 1326/1377/4202
f 1329/1562/4203 1256/1563/4204 1330/1374/4205 1326/1377/4206
s 276
f 1332/1380/4207 1261/1375/4208 1330/1374/4209 1331/1381/4210
s off
f 1330/1374/4211 1256/1563/4212 1333/1564/4213 1331/1381/4214
f 1333/1564/4215 1284/1367/4216 1320/1366/4217 1331/1381/4218
f 1320/1366/4219 1287/1558/4220 1334/1378/4221 1331/1381/4222
s 277
f 1336/1384/4223 1265/1387/4224 1337/1386/4225 1335/1385/4226
s 276
f 1337/1386/4227 1261/1375/4208 1332/1380/4207 1335/1385/4228
s 256
f 1332/1380/3953 1260/1379/3952 1338/1382/4229 1335/1385/4230
s 278
f 1340/1388/4231 1266/1565/4232 1341/1566/4233 1339/1389/4234
s 275
f 1341/1566/4235 1262/1561/4196 1327/1376/4195 1339/1389/4236
s 255
f 1327/1376/3949 1261/1375/3948 1337/1386/4237 1339/1389/4238
s off
f 1343/1392/4239 1262/1561/4240 1341/1566/4241 1342/1393/4242
s 279
f 1341/1566/4243 1266/1565/4244 1344/1406/4245 1342/1393/4246
s 261
f 1344/1406/3981 1267/1405/3980 1345/1390/4247 1342/1393/4248
s off
f 1347/1394/4249 1263/1391/4250 1345/1390/4251 1346/1395/4252
f 1345/1390/4253 1267/1405/4254 1348/1475/4255 1346/1395/4256
f 1348/1475/4257 1264/1383/4258 1338/1382/4259 1346/1395/4260
s 280
f 1350/1398/4261 1269/1401/4262 1351/1400/4263 1349/1399/4264
s 277
f 1351/1400/4265 1265/1387/4224 1336/1384/4223 1349/1399/4266
s 257
f 1336/1384/3957 1264/1383/3956 1352/1396/4267 1349/1399/4268
s 281
f 1354/1402/4269 1270/1567/4270 1355/1568/4271 1353/1403/4272
s 278
f 1355/1568/4273 1266/1565/4232 1340/1388/4231 1353/1403/4274
s 258
f 1340/1388/3961 1265/1387/3960 1351/1400/4275 1353/1403/4276
s 279
f 1344/1406/4245 1266/1565/4244 1355/1568/4277 1356/1407/4278
s 282
f 1355/1568/4279 1270/1567/4280 1357/1422/4281 1356/1407/4282
s 264
f 1357/1422/3997 1271/1421/3996 1358/1404/4283 1356/1407/4284
s off
f 1360/1410/4285 1288/1569/4286 1361/1570/4287 1359/1411/4288
f 1361/1570/4289 1290/1571/4290 1362/1572/4291 1359/1411/4292
f 1362/1572/4293 1291/1573/4294 1363/1408/4295 1359/1411/4296
s 283
f 1365/1414/4297 1273/1417/4298 1366/1416/4299 1364/1415/4300
s 280
f 1366/1416/4301 1269/1401/4262 1350/1398/4261 1364/1415/4302
s 259
f 1350/1398/3973 1268/1397/3972 1367/1412/4303 1364/1415/4304
s 284
f 1369/1418/4305 1274/1574/4306 1370/1575/4307 1368/1419/4308
s 281
f 1370/1575/4309 1270/1567/4270 1354/1402/4269 1368/1419/4310
s 260
f 1354/1402/3977 1269/1401/3976 1366/1416/4311 1368/1419/4312
s 282
f 1357/1422/4281 1270/1567/4280 1370/1575/4313 1371/1423/4314
s 285
f 1370/1575/4315 1274/1574/4316 1372/1436/4317 1371/1423/4318
s 267
f 1372/1436/4013 1275/1435/4012 1373/1420/4319 1371/1423/4320
s off
f 1375/1424/4321 1271/1421/4322 1373/1420/4323 1374/1425/4324
f 1373/1420/4325 1275/1435/4326 1376/1484/4327 1374/1425/4328
f 1376/1484/4329 1272/1413/4330 1367/1412/4331 1374/1425/4332
s 286
f 1378/1428/4333 1277/1431/4334 1379/1430/4335 1377/1429/4336
s 283
f 1379/1430/4337 1273/1417/4298 1365/1414/4297 1377/1429/4338
s 262
f 1365/1414/3989 1272/1413/3988 1380/1426/4339 1377/1429/4340
s 287
f 1382/1432/4341 1278/1576/4342 1383/1577/4343 1381/1433/4344
s 284
f 1383/1577/4345 1274/1574/4306 1369/1418/4305 1381/1433/4346
s 263
f 1369/1418/3993 1273/1417/3992 1379/1430/4347 1381/1433/4348
s 285
f 1372/1436/4317 1274/1574/4316 1383/1577/4349 1384/1437/4350
s 288
f 1383/1577/4351 1278/1576/4352 1385/1452/4353 1384/1437/4354
s 270
f 1385/1452/4029 1279/1451/4028 1386/1434/4355 1384/1437/4356
s off
f 1388/1440/4357 1292/1578/4358 1389/1579/4359 1387/1441/4360
f 1389/1579/4361 1294/1580/4362 1390/1581/4363 1387/1441/4364
f 1390/1581/4365 1295/1582/4366 1391/1438/4367 1387/1441/4368
s 289
f 1393/1444/4369 1281/1447/4370 1394/1446/4371 1392/1445/4372
s 286
f 1394/1446/4373 1277/1431/4334 1378/1428/4333 1392/1445/4374
s 265
f 1378/1428/4005 1276/1427/4004 1395/1442/4375 1392/1445/4376
s 290
f 1397/1448/4377 1282/1515/4378 1398/1583/4379 1396/1449/4380
s 287
f 1398/1583/4381 1278/1576/4342 1382/1432/4341 1396/1449/4382
s 266
f 1382/1432/4009 1277/1431/4008 1394/1446/4383 1396/1449/4384
s 288
f 1385/1452/4353 1278/1576/4352 1398/1583/4385 1399/1453/4386
s off
f 1398/1583/4387 1282/1515/4388 1400/1584/4389 1399/1453/4390
f 1400/1584/4391 1283/1585/4392 1401/1450/4393 1399/1453/4394
f 1403/1454/4395 1279/1451/4396 1401/1450/4397 1402/1455/4398
f 1401/1450/4399 1283/1585/4400 1404/1493/4401 1402/1455/4402
f 1404/1493/4403 1280/1443/4404 1395/1442/4405 1402/1455/4406
s 289
f 1406/1458/4407 1281/1447/4370 1393/1444/4369 1405/1459/4408
s 268
f 1393/1444/4021 1280/1443/4020 1407/1492/4409 1405/1459/4410
s off
f 1407/1492/4411 1297/1462/4412 1408/1461/4413 1405/1459/4414
f 1408/1461/4415 1299/1559/4416 1323/1456/4417 1405/1459/4418
f 1322/1372/4419 1259/1371/4420 1410/1516/4421 1409/1460/4422
s 290
f 1410/1516/4423 1282/1515/4378 1397/1448/4377 1409/1460/4424
s 269
f 1397/1448/4025 1281/1447/4024 1406/1458/4425 1409/1460/4426
s off
f 1412/1463/4427 1296/1586/4428 1413/1523/4429 1411/1464/4430
f 1413/1523/4431 1298/1522/4432 1324/1560/4433 1411/1464/4434
f 1324/1560/4435 1299/1559/4436 1408/1461/4437 1411/1464/4438
f 1317/1368/4439 1284/1367/4440 1333/1564/4441 1414/1467/4442
f 1333/1564/4443 1256/1563/4444 1329/1562/4445 1414/1467/4446
f 1329/1562/4447 1257/1500/4448 1415/1465/4449 1414/1467/4450
f 1417/1470/4451 1303/1587/4452 1418/1533/4453 1416/1471/4454
f 1418/1533/4455 1301/1532/4456 1419/1588/4457 1416/1471/4458
f 1419/1588/4459 1300/1548/4460 1420/1468/4461 1416/1471/4462
f 1347/1394/4463 1260/1379/4464 1334/1378/4465 1421/1473/4466
f 1334/1378/4467 1287/1558/4468 1319/1557/4469 1421/1473/4470
f 1319/1557/4471 1286/1508/4472 1422/1472/4473 1421/1473/4474
f 1348/1475/4475 1267/1405/4476 1424/1477/4477 1423/1476/4478
f 1424/1477/4479 1288/1569/4480 1360/1410/4481 1423/1476/4482
f 1360/1410/4483 1289/1409/4484 1425/1474/4485 1423/1476/4486
f 1358/1404/4487 1271/1421/4488 1427/1479/4489 1426/1478/4490
f 1427/1479/4491 1290/1571/4492 1361/1570/4493 1426/1478/4494
f 1361/1570/4495 1288/1569/4496 1424/1477/4497 1426/1478/4498
f 1375/1424/4499 1268/1397/4500 1429/1481/4501 1428/1480/4502
f 1429/1481/4503 1291/1573/4504 1362/1572/4505 1428/1480/4506
f 1362/1572/4507 1290/1571/4508 1427/1479/4509 1428/1480/4510
f 1352/1396/4511 1264/1383/4512 1425/1474/4513 1430/1482/4514
f 1425/1474/4515 1289/1409/4516 1363/1408/4517 1430/1482/4518
f 1363/1408/4519 1291/1573/4520 1429/1481/4521 1430/1482/4522
f 1376/1484/4523 1275/1435/4524 1432/1486/4525 1431/1485/4526
f 1432/1486/4527 1292/1578/4528 1388/1440/4529 1431/1485/4530
f 1388/1440/4531 1293/1439/4532 1433/1483/4533 1431/1485/4534
f 1386/1434/4535 1279/1451/4536 1435/1488/4537 1434/1487/4538
f 1435/1488/4539 1294/1580/4540 1389/1579/4541 1434/1487/4542
f 1389/1579/4543 1292/1578/4544 1432/1486/4545 1434/1487/4546
f 1403/1454/4547 1276/1427/4548 1437/1490/4549 1436/1489/4550
f 1437/1490/4551 1295/1582/4552 1390/1581/4553 1436/1489/4554
f 1390/1581/4555 1294/1580/4556 1435/1488/4557 1436/1489/4558
f 1380/1426/4559 1272/1413/4560 1433/1483/4561 1438/1491/4562
f 1433/1483/4563 1293/1439/4564 1391/1438/4565 1438/1491/4566
f 1391/1438/4567 1295/1582/4568 1437/1490/4569 1438/1491/4570
f 1404/1493/4571 1283/1585/4572 1440/1589/4573 1439/1494/4574
f 1440/1589/4575 1296/1586/4576 1412/1463/4577 1439/1494/4578
f 1412/1463/4579 1297/1462/4580 1407/1492/4581 1439/1494/4582
f 1442/1497/4583 1307/1590/4584 1443/1555/4585 1441/1498/4586
f 1443/1555/4587 1304/1554/4588 1444/1591/4589 1441/1498/4590
f 1444/1591/4591 1305/1592/4592 1445/1495/4593 1441/1498/4594
f 1328/1501/4595 1262/1561/4596 1447/1505/4597 1446/1502/4598
s 291
f 1447/1505/4599 1308/1504/4600 1448/1530/4601 1446/1502/4602
s 273
f 1448/1530/4133 1309/1511/4132 1449/1499/4603 1446/1502/4604
s off
f 1447/1505/4605 1262/1561/4606 1343/1392/4607 1450/1506/4608
f 1343/1392/4609 1263/1391/4610 1422/1472/4611 1450/1506/4612
f 1422/1472/4613 1286/1508/4614 1451/1507/4615 1450/1506/4616
f 1451/1507/4617 1311/1536/4618 1452/1503/4619 1450/1506/4620
f 1318/1509/4621 1285/1466/4622 1454/1593/4623 1453/1510/4624
f 1454/1593/4625 1310/1594/4626 1455/1537/4627 1453/1510/4628
f 1455/1537/4629 1311/1536/4630 1451/1507/4631 1453/1510/4632
s 292
f 1457/1512/4633 1310/1594/4634 1454/1593/4635 1456/1513/4636
s off
f 1454/1593/4637 1285/1466/4638 1415/1465/4639 1456/1513/4640
f 1415/1465/4641 1257/1500/4642 1449/1499/4643 1456/1513/4644
f 1410/1516/4645 1259/1371/4646 1459/1595/4647 1458/1517/4648
s 293
f 1459/1595/4649 1315/1596/4650 1460/1545/4651 1458/1517/4652
s 274
f 1460/1545/4153 1312/1544/4152 1461/1514/4653 1458/1517/4654
s 294
f 1463/1520/4655 1315/1596/4656 1459/1595/4657 1462/1521/4658
s off
f 1459/1595/4659 1259/1371/4660 1325/1370/4661 1462/1521/4662
f 1325/1370/4663 1298/1522/4664 1464/1518/4665 1462/1521/4666
f 1413/1523/4667 1296/1586/4668 1466/1527/4669 1465/1524/4670
f 1466/1527/4671 1313/1526/4672 1467/1540/4673 1465/1524/4674
f 1467/1540/4675 1314/1519/4676 1464/1518/4677 1465/1524/4678
f 1466/1527/4679 1296/1586/4680 1440/1589/4681 1468/1528/4682
f 1440/1589/4683 1283/1585/4684 1400/1584/4685 1468/1528/4686
f 1400/1584/4687 1282/1515/4688 1461/1514/4689 1468/1528/4690
f 1461/1514/4691 1312/1544/4692 1469/1525/4693 1468/1528/4694
s 291
f 1448/1530/4601 1308/1504/4600 1471/1549/4695 1470/1531/4696
s off
f 1471/1549/4697 1300/1548/4698 1419/1588/4699 1470/1531/4700
f 1419/1588/4701 1301/1532/4702 1472/1529/4703 1470/1531/4704
f 1418/1533/4705 1303/1587/4706 1474/1597/4707 1473/1534/4708
s 292
f 1474/1597/4709 1310/1594/4634 1457/1512/4633 1473/1534/4710
s 271
f 1457/1512/4113 1309/1511/4112 1472/1529/4711 1473/1534/4712
s off
f 1455/1537/4713 1310/1594/4714 1474/1597/4715 1475/1538/4716
f 1474/1597/4717 1303/1587/4718 1417/1470/4719 1475/1538/4720
f 1417/1470/4721 1302/1469/4722 1476/1535/4723 1475/1538/4724
f 1467/1540/4725 1313/1526/4726 1478/1598/4727 1477/1541/4728
f 1478/1598/4729 1307/1590/4730 1442/1497/4731 1477/1541/4732
f 1442/1497/4733 1306/1496/4734 1479/1539/4735 1477/1541/4736
f 1445/1495/4737 1305/1592/4738 1481/1599/4739 1480/1542/4740
s 294
f 1481/1599/4741 1315/1596/4656 1463/1520/4655 1480/1542/4742
s 272
f 1463/1520/4121 1314/1519/4120 1479/1539/4743 1480/1542/4744
s 293
f 1460/1545/4651 1315/1596/4650 1481/1599/4745 1482/1546/4746
s off
f 1481/1599/4747 1305/1592/4748 1444/1591/4749 1482/1546/4750
f 1444/1591/4751 1304/1554/4752 1483/1543/4753 1482/1546/4754
f 1471/1549/4755 1308/1504/4756 1485/1600/4757 1484/1550/4758
f 1485/1600/4759 1312/1544/4760 1483/1543/4761 1484/1550/4762
f 1483/1543/4763 1304/1554/4764 1486/1547/4765 1484/1550/4766
f 1469/1525/4767 1312/1544/4768 1485/1600/4769 1487/1552/4770
f 1485/1600/4771 1308/1504/4772 1452/1503/4773 1487/1552/4774
f 1452/1503/4775 1311/1536/4776 1488/1551/4777 1487/1552/4778
f 1476/1535/4779 1302/1469/4780 1490/1601/4781 1489/1553/4782
f 1490/1601/4783 1307/1590/4784 1478/1598/4785 1489/1553/4786
f 1478/1598/4787 1313/1526/4788 1488/1551/4789 1489/1553/4790
f 1443/1555/4791 1307/1590/4792 1490/1601/4793 1491/1556/4794
f 1490/1601/4795 1302/1469/4796 1420/1468/4797 1491/1556/4798
f 1420/1468/4799 1300/1548/4800 1486/1547/4801 1491/1556/4802
s 295
f 1521/1602/4803 1492/1603/4804 1518/1604/4805 1517/1605/4806
s 296
f 1519/1606/4807 1493/1607/4808 1523/1608/4809 1522/1609/4810
s 297
f 1524/1610/4811 1494/1611/4812 1527/1612/4813 1526/1613/4814
s 298
f 1528/1614/4815 1495/1615/4816 1531/1616/4817 1530/1617/4818
s 299
f 1532/1618/4819 1496/1619/4820 1535/1620/4821 1534/1621/4822
s 300
f 1536/1622/4823 1497/1623/4824 1539/1624/4825 1538/1625/4826
s 301
f 1540/1626/4827 1498/1627/4828 1543/1628/4829 1542/1629/4830
s 302
f 1544/1630/4831 1499/1631/4832 1547/1632/4833 1546/1633/4834
s 303
f 1548/1634/4835 1500/1635/4836 1551/1636/4837 1550/1637/4838
s 304
f 1552/1638/4839 1501/1639/4840 1555/1640/4841 1554/1641/4842
s 305
f 1556/1642/4843 1502/1643/4844 1559/1644/4845 1558/1645/4846
s 306
f 1560/1646/4847 1503/1647/4848 1563/1648/4849 1562/1649/4850
s 307
f 1567/1650/4851 1504/1651/4852 1520/1652/4853 1565/1653/4854
s 308
f 1566/1654/4855 1505/1655/4856 1525/1656/4857 1568/1657/4858
s 309
f 1569/1658/4859 1506/1659/4860 1529/1660/4861 1570/1661/4862
s 310
f 1571/1662/4863 1507/1663/4864 1533/1664/4865 1572/1665/4866
s 311
f 1573/1666/4867 1508/1667/4868 1537/1668/4869 1574/1669/4870
s 312
f 1575/1670/4871 1509/1671/4872 1541/1672/4873 1576/1673/4874
s 313
f 1577/1674/4875 1510/1675/4876 1545/1676/4877 1578/1677/4878
s 314
f 1579/1678/4879 1511/1679/4880 1549/1680/4881 1580/1681/4882
s 315
f 1581/1682/4883 1512/1683/4884 1553/1684/4885 1582/1685/4886
s 316
f 1583/1686/4887 1513/1687/4888 1557/1688/4889 1584/1689/4890
s 317
f 1585/1690/4891 1514/1691/4892 1561/1692/4893 1586/1693/4894
s 318
f 1587/1694/4895 1515/1695/4896 1564/1696/4897 1588/1697/4898
s 296
f 1518/1604/4899 1493/1607/4808 1519/1606/4807 1517/1605/4900
s 319
f 1519/1606/4901 1505/1655/4902 1520/1652/4903 1517/1605/4904
s 320
f 1520/1652/4905 1504/1651/4906 1521/1602/4907 1517/1605/4908
s 297
f 1523/1608/4909 1494/1611/4812 1524/1610/4811 1522/1609/4910
s 321
f 1524/1610/4911 1506/1659/4912 1525/1656/4913 1522/1609/4914
s 319
f 1525/1656/4915 1505/1655/4902 1519/1606/4901 1522/1609/4916
s 298
f 1527/1612/4917 1495/1615/4816 1528/1614/4815 1526/1613/4918
s 322
f 1528/1614/4919 1507/1663/4920 1529/1660/4921 1526/1613/4922
s 321
f 1529/1660/4923 1506/1659/4912 1524/1610/4911 1526/1613/4924
s 299
f 1531/1616/4925 1496/1619/4820 1532/1618/4819 1530/1617/4926
s 323
f 1532/1618/4927 1508/1667/4928 1533/1664/4929 1530/1617/4930
s 322
f 1533/1664/4931 1507/1663/4920 1528/1614/4919 1530/1617/4932
s 300
f 1535/1620/4933 1497/1623/4824 1536/1622/4823 1534/1621/4934
s 324
f 1536/1622/4935 1509/1671/4936 1537/1668/4937 1534/1621/4938
s 323
f 1537/1668/4939 1508/1667/4928 1532/1618/4927 1534/1621/4940
s 301
f 1539/1624/4941 1498/1627/4828 1540/1626/4827 1538/1625/4942
s 325
f 1540/1626/4943 1510/1675/4944 1541/1672/4945 1538/1625/4946
s 324
f 1541/1672/4947 1509/1671/4936 1536/1622/4935 1538/1625/4948
s 302
f 1543/1628/4949 1499/1631/4832 1544/1630/4831 1542/1629/4950
s 326
f 1544/1630/4951 1511/1679/4952 1545/1676/4953 1542/1629/4954
s 325
f 1545/1676/4955 1510/1675/4944 1540/1626/4943 1542/1629/4956
s 303
f 1547/1632/4957 1500/1635/4836 1548/1634/4835 1546/1633/4958
s 327
f 1548/1634/4959 1512/1683/4960 1549/1680/4961 1546/1633/4962
s 326
f 1549/1680/4963 1511/1679/4952 1544/1630/4951 1546/1633/4964
s 304
f 1551/1636/4965 1501/1639/4840 1552/1638/4839 1550/1637/4966
s 328
f 1552/1638/4967 1513/1687/4968 1553/1684/4969 1550/1637/4970
s 327
f 1553/1684/4971 1512/1683/4960 1548/1634/4959 1550/1637/4972
s 305
f 1555/1640/4973 1502/1643/4844 1556/1642/4843 1554/1641/4974
s 329
f 1556/1642/4975 1514/1691/4976 1557/1688/4977 1554/1641/4978
s 328
f 1557/1688/4979 1513/1687/4968 1552/1638/4967 1554/1641/4980
s 306
f 1559/1644/4981 1503/1647/4848 1560/1646/4847 1558/1645/4982
s 330
f 1560/1646/4983 1515/1695/4984 1561/1692/4985 1558/1645/4986
s 329
f 1561/1692/4987 1514/1691/4976 1556/1642/4975 1558/1645/4988
s 295
f 1563/1648/4989 1492/1603/4804 1521/1602/4803 1562/1649/4990
s 320
f 1521/1602/4907 1504/1651/4906 1564/1696/4991 1562/1649/4992
s 330
f 1564/1696/4993 1515/1695/4984 1560/1646/4983 1562/1649/4994
s 308
f 1520/1652/4995 1505/1655/4856 1566/1654/4855 1565/1653/4996
s 331
f 1566/1654/4997 1516/1698/4998 1567/1650/4999 1565/1653/5000
s 309
f 1525/1656/5001 1506/1659/4860 1569/1658/4859 1568/1657/5002
s 331
f 1569/1658/5003 1516/1698/4998 1566/1654/4997 1568/1657/5004
s 310
f 1529/1660/5005 1507/1663/4864 1571/1662/4863 1570/1661/5006
s 331
f 1571/1662/5007 1516/1698/4998 1569/1658/5003 1570/1661/5008
s 311
f 1533/1664/5009 1508/1667/4868 1573/1666/4867 1572/1665/5010
s 331
f 1573/1666/5011 1516/1698/4998 1571/1662/5007 1572/1665/5012
s 312
f 1537/1668/5013 1509/1671/4872 1575/1670/4871 1574/1669/5014
s 331
f 1575/1670/5015 1516/1698/4998 1573/1666/5011 1574/1669/5016
s 313
f 1541/1672/5017 1510/1675/4876 1577/1674/4875 1576/1673/5018
s 331
f 1577/1674/5019 1516/1698/4998 1575/1670/5015 1576/1673/5020
s 314
f 1545/1676/5021 1511/1679/4880 1579/1678/4879 1578/1677/5022
s 331
f 1579/1678/5023 1516/1698/4998 1577/1674/5019 1578/1677/5024
s 315
f 1549/1680/5025 1512/1683/4884 1581/1682/4883 1580/1681/5026
s 331
f 1581/1682/5027 1516/1698/4998 1579/1678/5023 1580/1681/5028
s 316
f 1553/1684/5029 1513/1687/4888 1583/1686/4887 1582/1685/5030
s 331
f 1583/1686/5031 1516/1698/4998 1581/1682/5027 1582/1685/5032
s 317
f 1557/1688/5033 1514/1691/4892 1585/1690/4891 1584/1689/5034
s 331
f 1585/1690/5035 1516/1698/4998 1583/1686/5031 1584/1689/5036
s 318
f 1561/1692/5037 1515/1695/4896 1587/1694/4895 1586/1693/5038
s 331
f 1587/1694/5039 1516/1698/4998 1585/1690/5035 1586/1693/5040
s 307
f 1564/1696/5041 1504/1651/4852 1567/1650/4851 1588/1697/5042
s 331
f 1567/1650/4999 1516/1698/4998 1587/1694/5039 1588/1697/5043
s off
f 1609/1699/5044 1589/1700/5045 1606/1701/5046 1605/1702/5047
f 1614/1703/5048 1601/1704/5049 1611/1705/5050 1610/1706/5051
f 1619/1707/5052 1593/1708/5053 1616/1709/5054 1615/1710/5055
f 1607/1711/5056 1590/1712/5057 1621/1713/5058 1620/1714/5059
f 1619/1707/5060 1595/1715/5061 1624/1716/5062 1623/1717/5063
f 1629/1718/5064 1591/1719/5065 1608/1720/5066 1626/1721/5067
f 1627/1722/5068 1592/1723/5069 1622/1724/5070 1630/1725/5071
f 1631/1726/5072 1594/1727/5073 1616/1709/5074 1633/1728/5075
f 1634/1729/5076 1593/1708/5077 1625/1730/5078 1636/1731/5079
f 1640/1732/5080 1597/1733/5081 1628/1734/5082 1638/1735/5083
f 1639/1736/5084 1598/1737/5085 1632/1738/5086 1641/1739/5087
f 1642/1740/5088 1599/1741/5089 1635/1742/5090 1643/1743/5091
f 1644/1744/5092 1600/1745/5093 1637/1746/5094 1645/1747/5095
f 1606/1701/5096 1590/1712/5097 1607/1711/5098 1605/1702/5099
f 1607/1711/5100 1592/1723/5101 1608/1720/5102 1605/1702/5103
f 1608/1720/5104 1591/1719/5105 1609/1699/5106 1605/1702/5107
f 1611/1705/5108 1602/1748/5109 1612/1749/5110 1610/1706/5111
f 1612/1749/5112 1603/1750/5113 1613/1751/5114 1610/1706/5115
f 1613/1751/5116 1604/1752/5117 1614/1703/5118 1610/1706/5119
f 1616/1709/5120 1594/1727/5121 1617/1753/5122 1615/1710/5123
f 1617/1753/5124 1596/1754/5125 1618/1755/5126 1615/1710/5127
f 1618/1755/5128 1595/1715/5129 1619/1707/5130 1615/1710/5131
f 1621/1713/5132 1596/1754/5133 1617/1753/5134 1620/1714/5135
f 1617/1753/5136 1594/1727/5137 1622/1724/5138 1620/1714/5139
f 1622/1724/5140 1592/1723/5141 1607/1711/5142 1620/1714/5143
f 1624/1716/5144 1589/1700/5145 1609/1699/5146 1623/1717/5147
f 1609/1699/5148 1591/1719/5149 1625/1730/5150 1623/1717/5151
f 1625/1730/5152 1593/1708/5153 1619/1707/5154 1623/1717/5155
f 1608/1720/5156 1592/1723/5157 1627/1722/5158 1626/1721/5159
f 1627/1722/5160 1598/1756/5161 1628/1757/5162 1626/1721/5163
f 1628/1757/5164 1597/1758/5165 1629/1718/5166 1626/1721/5167
f 1622/1724/5168 1594/1727/5169 1631/1726/5170 1630/1725/5171
f 1631/1726/5172 1599/1759/5173 1632/1760/5174 1630/1725/5175
f 1632/1760/5176 1598/1756/5177 1627/1722/5178 1630/1725/5179
f 1616/1709/5180 1593/1708/5181 1634/1729/5182 1633/1728/5183
f 1634/1729/5184 1600/1761/5185 1635/1762/5186 1633/1728/5187
f 1635/1762/5188 1599/1759/5189 1631/1726/5190 1633/1728/5191
f 1625/1730/5192 1591/1719/5193 1629/1718/5194 1636/1731/5195
f 1629/1718/5196 1597/1758/5197 1637/1763/5198 1636/1731/5199
f 1637/1763/5200 1600/1761/5201 1634/1729/5202 1636/1731/5203
f 1628/1734/5204 1598/1737/5205 1639/1736/5206 1638/1735/5207
f 1639/1736/5208 1602/1748/5209 1611/1705/5210 1638/1735/5211
f 1611/1705/5212 1601/1704/5213 1640/1732/5214 1638/1735/5215
f 1632/1738/5216 1599/1741/5217 1642/1740/5218 1641/1739/5219
f 1642/1740/5220 1603/1750/5221 1612/1749/5222 1641/1739/5223
f 1612/1749/5224 1602/1748/5225 1639/1736/5226 1641/1739/5227
f 1635/1742/5228 1600/1745/5229 1644/1744/5230 1643/1743/5231
f 1644/1744/5232 1604/1752/5233 1613/1751/5234 1643/1743/5235
f 1613/1751/5236 1603/1750/5237 1642/1740/5238 1643/1743/5239
f 1637/1746/5240 1597/1733/5241 1640/1732/5242 1645/1747/5243
f 1640/1732/5244 1601/1704/5245 1614/1703/5246 1645/1747/5247
f 1614/1703/5248 1604/1752/5249 1644/1744/5250 1645/1747/5251
s 332
f 1674/1764/5252 1665/1765/5253 1671/1766/5254 1670/1767/5255
s 333
f 1679/1768/5256 1648/1769/5257 1676/1770/5258 1675/1771/5259
s off
f 1684/1772/5260 1657/1773/5261 1681/1774/5262 1680/1775/5263
f 1689/1776/5264 1651/1777/5265 1686/1778/5266 1685/1779/5267
f 1694/1780/5268 1646/1781/5269 1691/1782/5270 1690/1783/5271
s 334
f 1699/1784/5272 1664/1785/5273 1696/1786/5274 1695/1787/5275
s 335
f 1702/1788/5276 1666/1789/5277 1696/1786/5278 1700/1790/5279
s 333
f 1705/1791/5280 1648/1769/5257 1679/1768/5256 1703/1792/5281
s 336
f 1710/1793/5282 1647/1794/5283 1707/1795/5284 1706/1796/5285
s 337
f 1678/1797/5286 1663/1798/5287 1708/1799/5288 1711/1800/5289
s 338
f 1712/1801/5290 1664/1785/5291 1699/1784/5292 1713/1802/5293
s 339
f 1714/1803/5294 1655/1804/5295 1698/1805/5296 1715/1806/5297
s off
f 1716/1807/5298 1656/1808/5299 1697/1809/5300 1717/1810/5301
s 340
f 1718/1811/5302 1666/1789/5303 1702/1788/5304 1719/1812/5305
s off
f 1720/1813/5306 1652/1814/5307 1701/1815/5308 1721/1816/5309
f 1676/1770/5310 1648/1769/5311 1722/1817/5312 1723/1818/5313
f 1727/1819/5314 1651/1777/5315 1689/1776/5316 1725/1820/5317
f 1726/1821/5318 1659/1822/5319 1688/1823/5320 1728/1824/5321
s 341
f 1729/1825/5322 1660/1826/5323 1687/1827/5324 1730/1828/5325
s off
f 1686/1778/5326 1651/1777/5327 1732/1829/5328 1731/1830/5329
f 1732/1829/5330 1651/1777/5331 1727/1819/5332 1733/1831/5333
f 1691/1782/5334 1646/1781/5335 1709/1832/5336 1735/1833/5337
s 342
f 1671/1766/5338 1668/1834/5339 1672/1835/5340 1670/1767/5341
s off
f 1672/1835/5342 1649/1836/5343 1673/1837/5344 1670/1767/5345
f 1673/1837/5346 1664/1785/5347 1674/1764/5348 1670/1767/5349
s 343
f 1676/1770/5350 1669/1838/5351 1677/1839/5352 1675/1771/5353
s 344
f 1677/1839/5354 1663/1798/5355 1678/1797/5356 1675/1771/5357
s 345
f 1678/1797/5358 1662/1840/5359 1679/1768/5360 1675/1771/5361
s 346
f 1681/1774/5362 1667/1841/5363 1682/1842/5364 1680/1775/5365
s 345
f 1682/1842/5366 1662/1840/5359 1683/1843/5367 1680/1775/5368
s off
f 1683/1843/5369 1654/1844/5370 1684/1772/5371 1680/1775/5372
f 1686/1778/5373 1647/1794/5374 1687/1827/5375 1685/1779/5376
f 1687/1827/5377 1660/1826/5378 1688/1823/5379 1685/1779/5380
f 1688/1823/5381 1659/1822/5382 1689/1776/5383 1685/1779/5384
f 1691/1782/5385 1650/1845/5386 1692/1846/5387 1690/1783/5388
f 1692/1846/5389 1658/1847/5390 1693/1848/5391 1690/1783/5392
f 1693/1848/5393 1661/1849/5394 1694/1780/5395 1690/1783/5396
s 335
f 1696/1786/5278 1666/1789/5277 1697/1809/5397 1695/1787/5398
s off
f 1697/1809/5399 1656/1808/5400 1698/1805/5401 1695/1787/5402
f 1698/1805/5403 1655/1804/5404 1699/1784/5405 1695/1787/5406
s 334
f 1696/1786/5274 1664/1785/5273 1673/1837/5407 1700/1790/5408
s off
f 1673/1837/5409 1649/1836/5410 1701/1815/5411 1700/1790/5412
f 1701/1815/5413 1652/1814/5414 1702/1788/5415 1700/1790/5416
s 345
f 1679/1768/5360 1662/1840/5359 1682/1842/5366 1703/1792/5417
s 346
f 1682/1842/5364 1667/1841/5363 1704/1850/5418 1703/1792/5419
s off
f 1704/1850/5420 1653/1851/5421 1705/1791/5422 1703/1792/5423
s 347
f 1707/1795/5424 1665/1765/5425 1708/1799/5426 1706/1796/5427
s 337
f 1708/1799/5288 1663/1798/5287 1709/1832/5428 1706/1796/5429
s 348
f 1709/1832/5430 1646/1781/5431 1710/1793/5432 1706/1796/5433
s 347
f 1708/1799/5426 1665/1765/5425 1674/1764/5434 1711/1800/5435
s 338
f 1674/1764/5436 1664/1785/5291 1712/1801/5290 1711/1800/5437
s 349
f 1712/1801/5438 1662/1840/5439 1678/1797/5440 1711/1800/5441
s 339
f 1699/1784/5442 1655/1804/5295 1714/1803/5294 1713/1802/5443
s 350
f 1714/1803/5444 1654/1844/5445 1683/1843/5446 1713/1802/5447
s 349
f 1683/1843/5448 1662/1840/5439 1712/1801/5438 1713/1802/5449
s off
f 1698/1805/5450 1656/1808/5451 1716/1807/5452 1715/1806/5453
f 1716/1807/5454 1657/1773/5455 1684/1772/5456 1715/1806/5457
s 350
f 1684/1772/5458 1654/1844/5445 1714/1803/5444 1715/1806/5459
s 340
f 1697/1809/5460 1666/1789/5303 1718/1811/5302 1717/1810/5461
s 351
f 1718/1811/5462 1667/1841/5463 1681/1774/5464 1717/1810/5465
s off
f 1681/1774/5466 1657/1773/5467 1716/1807/5468 1717/1810/5469
f 1702/1788/5470 1652/1814/5471 1720/1813/5472 1719/1812/5473
f 1720/1813/5474 1653/1851/5475 1704/1850/5476 1719/1812/5477
s 351
f 1704/1850/5478 1667/1841/5463 1718/1811/5462 1719/1812/5479
s off
f 1701/1815/5480 1649/1836/5481 1722/1817/5482 1721/1816/5483
f 1722/1817/5484 1648/1769/5485 1705/1791/5486 1721/1816/5487
f 1705/1791/5488 1653/1851/5489 1720/1813/5490 1721/1816/5491
f 1722/1817/5492 1649/1836/5493 1672/1835/5494 1723/1818/5495
s 352
f 1672/1835/5496 1668/1834/5497 1724/1852/5498 1723/1818/5499
s 353
f 1724/1852/5500 1669/1838/5501 1676/1770/5502 1723/1818/5503
s off
f 1689/1776/5504 1659/1822/5505 1726/1821/5506 1725/1820/5507
f 1726/1821/5508 1658/1847/5509 1692/1846/5510 1725/1820/5511
f 1692/1846/5512 1650/1845/5513 1727/1819/5514 1725/1820/5515
s 341
f 1688/1823/5516 1660/1826/5323 1729/1825/5322 1728/1824/5517
s 354
f 1729/1825/5518 1661/1849/5519 1693/1848/5520 1728/1824/5521
s off
f 1693/1848/5522 1658/1847/5523 1726/1821/5524 1728/1824/5525
s 336
f 1687/1827/5526 1647/1794/5283 1710/1793/5282 1730/1828/5527
s 348
f 1710/1793/5432 1646/1781/5431 1694/1780/5528 1730/1828/5529
s 354
f 1694/1780/5530 1661/1849/5519 1729/1825/5518 1730/1828/5531
s 342
f 1732/1829/5532 1668/1834/5339 1671/1766/5338 1731/1830/5533
s 332
f 1671/1766/5254 1665/1765/5253 1707/1795/5534 1731/1830/5535
s off
f 1707/1795/5536 1647/1794/5537 1686/1778/5538 1731/1830/5539
f 1727/1819/5540 1650/1845/5541 1734/1853/5542 1733/1831/5543
s 353
f 1734/1853/5544 1669/1838/5501 1724/1852/5500 1733/1831/5545
s 352
f 1724/1852/5498 1668/1834/5497 1732/1829/5546 1733/1831/5547
s 344
f 1709/1832/5548 1663/1798/5355 1677/1839/5354 1735/1833/5549
s 343
f 1677/1839/5352 1669/1838/5351 1734/1853/5550 1735/1833/5551
s off
f 1734/1853/5552 1650/1845/5553 1691/1782/5554 1735/1833/5555
s 355
f 1764/1854/5556 1755/1855/5557 1761/1856/5558 1760/1857/5559
s 356
f 1769/1858/5560 1738/1859/5561 1766/1860/5562 1765/1861/5563
s off
f 1774/1862/5564 1747/1863/5565 1771/1864/5566 1770/1865/5567
f 1779/1866/5568 1741/1867/5569 1776/1868/5570 1775/1869/5571
f 1784/1870/5572 1736/1871/5573 1781/1872/5574 1780/1873/5575
s 357
f 1789/1874/5576 1754/1875/5577 1786/1876/5578 1785/1877/5579
s 358
f 1792/1878/5580 1756/1879/5581 1786/1876/5582 1790/1880/5583
s 356
f 1795/1881/5584 1738/1859/5561 1769/1858/5560 1793/1882/5585
s 359
f 1800/1883/5586 1737/1884/5587 1797/1885/5588 1796/1886/5589
s 360
f 1768/1887/5590 1753/1888/5591 1798/1889/5592 1801/1890/5593
s 361
f 1802/1891/5594 1754/1875/5595 1789/1874/5596 1803/1892/5597
s 362
f 1804/1893/5598 1745/1894/5599 1788/1895/5600 1805/1896/5601
s off
f 1806/1897/5602 1746/1898/5603 1787/1899/5604 1807/1900/5605
s 363
f 1808/1901/5606 1756/1879/5607 1792/1878/5608 1809/1902/5609
s off
f 1810/1903/5610 1742/1904/5611 1791/1905/5612 1811/1906/5613
f 1766/1860/5614 1738/1859/5615 1812/1907/5616 1813/1908/5617
f 1817/1909/5618 1741/1867/5619 1779/1866/5620 1815/1910/5621
f 1816/1911/5622 1749/1912/5623 1778/1913/5624 1818/1914/5625
s 364
f 1819/1915/5626 1750/1916/5627 1777/1917/5628 1820/1918/5629
s off
f 1776/1868/5630 1741/1867/5631 1822/1919/5632 1821/1920/5633
f 1822/1919/5634 1741/1867/5635 1817/1909/5636 1823/1921/5637
f 1781/1872/5638 1736/1871/5639 1799/1922/5640 1825/1923/5641
s 365
f 1761/1856/5642 1758/1924/5643 1762/1925/5644 1760/1857/5645
s off
f 1762/1925/5646 1739/1926/5647 1763/1927/5648 1760/1857/5649
f 1763/1927/5650 1754/1875/5651 1764/1854/5652 1760/1857/5653
s 366
f 1766/1860/5654 1759/1928/5655 1767/1929/5656 1765/1861/5657
s 367
f 1767/1929/5658 1753/1888/5659 1768/1887/5660 1765/1861/5661
s 368
f 1768/1887/5662 1752/1930/5663 1769/1858/5664 1765/1861/5665
s 369
f 1771/1864/5666 1757/1931/5667 1772/1932/5668 1770/1865/5669
s 368
f 1772/1932/5670 1752/1930/5663 1773/1933/5671 1770/1865/5672
s off
f 1773/1933/5673 1744/1934/5674 1774/1862/5675 1770/1865/5676
f 1776/1868/5677 1737/1884/5678 1777/1917/5679 1775/1869/5680
f 1777/1917/5681 1750/1916/5682 1778/1913/5683 1775/1869/5684
f 1778/1913/5685 1749/1912/5686 1779/1866/5687 1775/1869/5688
f 1781/1872/5689 1740/1935/5690 1782/1936/5691 1780/1873/5692
f 1782/1936/5693 1748/1937/5694 1783/1938/5695 1780/1873/5696
f 1783/1938/5697 1751/1939/5698 1784/1870/5699 1780/1873/5700
s 358
f 1786/1876/5582 1756/1879/5581 1787/1899/5701 1785/1877/5702
s off
f 1787/1899/5703 1746/1898/5704 1788/1895/5705 1785/1877/5706
f 1788/1895/5707 1745/1894/5708 1789/1874/5709 1785/1877/5710
s 357
f 1786/1876/5578 1754/1875/5577 1763/1927/5711 1790/1880/5712
s off
f 1763/1927/5713 1739/1926/5714 1791/1905/5715 1790/1880/5716
f 1791/1905/5717 1742/1904/5718 1792/1878/5719 1790/1880/5720
s 368
f 1769/1858/5664 1752/1930/5663 1772/1932/5670 1793/1882/5721
s 369
f 1772/1932/5668 1757/1931/5667 1794/1940/5722 1793/1882/5723
s off
f 1794/1940/5724 1743/1941/5725 1795/1881/5726 1793/1882/5727
s 370
f 1797/1885/5728 1755/1855/5729 1798/1889/5730 1796/1886/5731
s 360
f 1798/1889/5592 1753/1888/5591 1799/1922/5732 1796/1886/5733
s 371
f 1799/1922/5734 1736/1871/5735 1800/1883/5736 1796/1886/5737
s 370
f 1798/1889/5730 1755/1855/5729 1764/1854/5738 1801/1890/5739
s 361
f 1764/1854/5740 1754/1875/5595 1802/1891/5594 1801/1890/5741
s 372
f 1802/1891/5742 1752/1930/5743 1768/1887/5744 1801/1890/5745
s 362
f 1789/1874/5746 1745/1894/5599 1804/1893/5598 1803/1892/5747
s 373
f 1804/1893/5748 1744/1934/5749 1773/1933/5750 1803/1892/5751
s 372
f 1773/1933/5752 1752/1930/5743 1802/1891/5742 1803/1892/5753
s off
f 1788/1895/5754 1746/1898/5755 1806/1897/5756 1805/1896/5757
f 1806/1897/5758 1747/1863/5759 1774/1862/5760 1805/1896/5761
s 373
f 1774/1862/5762 1744/1934/5749 1804/1893/5748 1805/1896/5763
s 363
f 1787/1899/5764 1756/1879/5607 1808/1901/5606 1807/1900/5765
s 374
f 1808/1901/5766 1757/1931/5767 1771/1864/5768 1807/1900/5769
s off
f 1771/1864/5770 1747/1863/5771 1806/1897/5772 1807/1900/5773
f 1792/1878/5774 1742/1904/5775 1810/1903/5776 1809/1902/5777
f 1810/1903/5778 1743/1941/5779 1794/1940/5780 1809/1902/5781
s 374
f 1794/1940/5782 1757/1931/5767 1808/1901/5766 1809/1902/5783
s off
f 1791/1905/5784 1739/1926/5785 1812/1907/5786 1811/1906/5787
f 1812/1907/5788 1738/1859/5789 1795/1881/5790 1811/1906/5791
f 1795/1881/5792 1743/1941/5793 1810/1903/5794 1811/1906/5795
f 1812/1907/5796 1739/1926/5797 1762/1925/5798 1813/1908/5799
s 375
f 1762/1925/5800 1758/1924/5801 1814/1942/5802 1813/1908/5803
s 376
f 1814/1942/5804 1759/1928/5805 1766/1860/5806 1813/1908/5807
s off
f 1779/1866/5808 1749/1912/5809 1816/1911/5810 1815/1910/5811
f 1816/1911/5812 1748/1937/5813 1782/1936/5814 1815/1910/5815
f 1782/1936/5816 1740/1935/5817 1817/1909/5818 1815/1910/5819
s 364
f 1778/1913/5820 1750/1916/5627 1819/1915/5626 1818/1914/5821
s 377
f 1819/1915/5822 1751/1939/5823 1783/1938/5824 1818/1914/5825
s off
f 1783/1938/5826 1748/1937/5827 1816/1911/5828 1818/1914/5829
s 359
f 1777/1917/5830 1737/1884/5587 1800/1883/5586 1820/1918/5831
s 371
f 1800/1883/5736 1736/1871/5735 1784/1870/5832 1820/1918/5833
s 377
f 1784/1870/5834 1751/1939/5823 1819/1915/5822 1820/1918/5835
s 365
f 1822/1919/5836 1758/1924/5643 1761/1856/5642 1821/1920/5837
s 355
f 1761/1856/5558 1755/1855/5557 1797/1885/5838 1821/1920/5839
s off
f 1797/1885/5840 1737/1884/5841 1776/1868/5842 1821/1920/5843
f 1817/1909/5844 1740/1935/5845 1824/1943/5846 1823/1921/5847
s 376
f 1824/1943/5848 1759/1928/5805 1814/1942/5804 1823/1921/5849
s 375
f 1814/1942/5802 1758/1924/5801 1822/1919/5850 1823/1921/5851
s 367
f 1799/1922/5852 1753/1888/5659 1767/1929/5658 1825/1923/5853
s 366
f 1767/1929/5656 1759/1928/5655 1824/1943/5854 1825/1923/5855
s off
f 1824/1943/5856 1740/1935/5857 1781/1872/5858 1825/1923/5859
f 1854/1944/5860 1826/1945/5861 1851/1946/5862 1850/1947/5863
f 1858/1948/5864 1828/1949/5865 1853/1950/5866 1855/1951/5867
f 1862/1952/5868 1830/1953/5869 1857/1954/5870 1859/1955/5871
f 1865/1956/5872 1832/1957/5873 1861/1958/5874 1863/1959/5875
f 1870/1960/5876 1827/1961/5877 1867/1962/5878 1866/1963/5879
f 1862/1952/5880 1832/1957/5881 1865/1956/5882 1871/1964/5883
s 378
f 1874/1965/5884 1835/1966/5885 1852/1967/5886 1872/1968/5887
s 379
f 1876/1969/5888 1836/1970/5889 1856/1971/5890 1875/1972/5891
s off
f 1881/1973/5892 1839/1974/5893 1878/1975/5894 1877/1976/5895
s 380
f 1873/1977/5896 1834/1978/5897 1864/1979/5898 1882/1980/5899
s off
f 1887/1981/5900 1837/1982/5901 1860/1983/5902 1884/1984/5903
f 1885/1985/5904 1836/1970/5905 1876/1969/5906 1888/1986/5907
f 1889/1987/5908 1831/1988/5909 1868/1989/5910 1891/1990/5911
f 1892/1991/5912 1833/1992/5913 1883/1993/5914 1894/1994/5915
f 1900/1995/5916 1847/1996/5917 1897/1997/5918 1896/1998/5919
s 381
f 1903/1999/5920 1844/2000/5921 1895/2001/5922 1901/2002/5923
s 382
f 1905/2003/5924 1845/2004/5925 1893/2005/5926 1904/2006/5927
s 383
f 1907/2007/5928 1842/2008/5929 1890/2009/5930 1906/2010/5931
s off
f 1910/2011/5932 1843/2012/5933 1886/2013/5934 1908/2014/5935
f 1909/2015/5936 1842/2008/5937 1907/2007/5938 1911/2016/5939
f 1912/2017/5940 1838/2018/5941 1878/1975/5942 1913/2019/5943
f 1914/2020/5944 1839/1974/5945 1902/2021/5946 1915/2022/5947
s 384
f 1851/1946/5948 1834/1978/5949 1852/1967/5950 1850/1947/5951
s 378
f 1852/1967/5886 1835/1966/5885 1853/1950/5952 1850/1947/5953
s off
f 1853/1950/5954 1828/1949/5955 1854/1944/5956 1850/1947/5957
s 385
f 1853/1950/5958 1835/1966/5959 1856/1971/5960 1855/1951/5961
s 379
f 1856/1971/5890 1836/1970/5889 1857/1954/5962 1855/1951/5963
s off
f 1857/1954/5964 1830/1953/5965 1858/1948/5966 1855/1951/5967
f 1857/1954/5968 1836/1970/5969 1860/1983/5970 1859/1955/5971
f 1860/1983/5972 1837/1982/5973 1861/1958/5974 1859/1955/5975
f 1861/1958/5976 1832/1957/5977 1862/1952/5978 1859/1955/5979
s 386
f 1861/1958/5980 1837/1982/5981 1864/1979/5982 1863/1959/5983
s 380
f 1864/1979/5898 1834/1978/5897 1851/1946/5984 1863/1959/5985
s off
f 1851/1946/5986 1826/1945/5987 1865/1956/5988 1863/1959/5989
f 1867/1962/5990 1833/1992/5991 1868/1989/5992 1866/1963/5993
f 1868/1989/5994 1831/1988/5995 1869/2023/5996 1866/1963/5997
f 1869/2023/5998 1829/2024/5999 1870/1960/6000 1866/1963/6001
f 1865/1956/6002 1826/1945/6003 1854/1944/6004 1871/1964/6005
f 1854/1944/6006 1828/1949/6007 1858/1948/6008 1871/1964/6009
f 1858/1948/6010 1830/1953/6011 1862/1952/6012 1871/1964/6013
s 384
f 1852/1967/5950 1834/1978/5949 1873/1977/6014 1872/1968/6015
s off
f 1873/1977/6016 1827/1961/6017 1870/1960/6018 1872/1968/6019
f 1870/1960/6020 1829/2024/6021 1874/1965/6022 1872/1968/6023
s 385
f 1856/1971/5960 1835/1966/5959 1874/1965/6024 1875/1972/6025
s off
f 1874/1965/6026 1829/2024/6027 1869/2023/6028 1875/1972/6029
f 1869/2023/6030 1831/1988/6031 1876/1969/6032 1875/1972/6033
f 1878/1975/6034 1838/2018/6035 1879/2025/6036 1877/1976/6037
f 1879/2025/6038 1840/2026/6039 1880/2027/6040 1877/1976/6041
f 1880/2027/6042 1841/2028/6043 1881/1973/6044 1877/1976/6045
s 386
f 1864/1979/5982 1837/1982/5981 1883/1993/6046 1882/1980/6047
s off
f 1883/1993/6048 1833/1992/6049 1867/1962/6050 1882/1980/6051
f 1867/1962/6052 1827/1961/6053 1873/1977/6054 1882/1980/6055
f 1860/1983/6056 1836/1970/6057 1885/1985/6058 1884/1984/6059
f 1885/1985/6060 1842/2008/6061 1886/2013/6062 1884/1984/6063
f 1886/2013/6064 1843/2012/6065 1887/1981/6066 1884/1984/6067
f 1876/1969/6068 1831/1988/6069 1889/1987/6070 1888/1986/6071
s 387
f 1889/1987/6072 1845/2004/6073 1890/2009/6074 1888/1986/6075
s 383
f 1890/2009/5930 1842/2008/5929 1885/1985/6076 1888/1986/6077
s off
f 1868/1989/6078 1833/1992/6079 1892/1991/6080 1891/1990/6081
s 388
f 1892/1991/6082 1844/2000/6083 1893/2005/6084 1891/1990/6085
s 382
f 1893/2005/5926 1845/2004/5925 1889/1987/6086 1891/1990/6087
s off
f 1883/1993/6088 1837/1982/6089 1887/1981/6090 1894/1994/6091
s 389
f 1887/1981/6092 1843/2012/6093 1895/2001/6094 1894/1994/6095
s 381
f 1895/2001/5922 1844/2000/5921 1892/1991/6096 1894/1994/6097
s off
f 1897/1997/6098 1846/2029/6099 1898/2030/6100 1896/1998/6101
f 1898/2030/6102 1848/2031/6103 1899/2032/6104 1896/1998/6105
f 1899/2032/6106 1849/2033/6107 1900/1995/6108 1896/1998/6109
s 389
f 1895/2001/6094 1843/2012/6093 1902/2021/6110 1901/2002/6111
s off
f 1902/2021/6112 1839/1974/6113 1881/1973/6114 1901/2002/6115
f 1881/1973/6116 1841/2028/6117 1903/1999/6118 1901/2002/6119
s 388
f 1893/2005/6084 1844/2000/6083 1903/1999/6120 1904/2006/6121
s off
f 1903/1999/6122 1841/2028/6123 1880/2027/6124 1904/2006/6125
f 1880/2027/6126 1840/2026/6127 1905/2003/6128 1904/2006/6129
s 387
f 1890/2009/6074 1845/2004/6073 1905/2003/6130 1906/2010/6131
s off
f 1905/2003/6132 1840/2026/6133 1879/2025/6134 1906/2010/6135
f 1879/2025/6136 1838/2018/6137 1907/2007/6138 1906/2010/6139
f 1886/2013/6140 1842/2008/6141 1909/2015/6142 1908/2014/6143
f 1909/2015/6144 1846/2029/6145 1897/1997/6146 1908/2014/6147
f 1897/1997/6148 1847/1996/6149 1910/2011/6150 1908/2014/6151
f 1907/2007/6152 1838/2018/6153 1912/2017/6154 1911/2016/6155
f 1912/2017/6156 1848/2031/6157 1898/2030/6158 1911/2016/6159
f 1898/2030/6160 1846/2029/6161 1909/2015/6162 1911/2016/6163
f 1878/1975/6164 1839/1974/6165 1914/2020/6166 1913/2019/6167
f 1914/2020/6168 1849/2033/6169 1899/2032/6170 1913/2019/6171
f 1899/2032/6172 1848/2031/6173 1912/2017/6174 1913/2019/6175
f 1902/2021/6176 1843/2012/6177 1910/2011/6178 1915/2022/6179
f 1910/2011/6180 1847/1996/6181 1900/1995/6182 1915/2022/6183
f 1900/1995/6184 1849/2033/6185 1914/2020/6186 1915/2022/6187
s 390
f 1916/2034/6188 1917/2035/6189 1933/2036/6190 1932/2037/6191
f 1917/2035/6189 1918/2038/6192 1934/2039/6193 1933/2036/6190
f 1918/2038/6192 1919/2040/6194 1935/2041/6195 1934/2039/6193
f 1919/2040/6194 1920/2042/6196 1936/2043/6197 1935/2041/6195
f 1920/2042/6196 1921/2044/6198 1937/2045/6199 1936/2043/6197
f 1921/2044/6198 1922/2046/6200 1938/2047/6201 1937/2045/6199
f 1922/2046/6200 1923/2048/6202 1939/2049/6203 1938/2047/6201
f 1923/2048/6202 1924/2050/6204 1940/2051/6205 1939/2049/6203
f 1924/2050/6204 1925/2052/6206 1941/2053/6207 1940/2051/6205
f 1925/2052/6206 1926/2054/6208 1942/2055/6209 1941/2053/6207
f 1926/2054/6208 1927/2056/6210 1943/2057/6211 1942/2055/6209
f 1927/2056/6210 1928/2058/6212 1944/2059/6213 1943/2057/6211
f 1928/2058/6212 1929/2060/6214 1945/2061/6215 1944/2059/6213
f 1929/2060/6214 1930/2062/6216 1946/2063/6217 1945/2061/6215
f 1930/2062/6216 1931/2064/6218 1947/2065/6219 1946/2063/6217
f 1931/2064/6218 1916/2034/6188 1932/2037/6191 1947/2065/6219
s 391
f 1917/2035/6220 1916/2034/6221 1948/2066/6222
f 1918/2038/6223 1917/2035/6220 1948/2066/6222
f 1919/2040/6224 1918/2038/6223 1948/2066/6222
f 1920/2042/6225 1919/2040/6224 1948/2066/6222
f 1921/2044/6226 1920/2042/6225 1948/2066/6222
f 1922/2046/6227 1921/2044/6226 1948/2066/6222
f 1923/2048/6228 1922/2046/6227 1948/2066/6222
f 1924/2050/6229 1923/2048/6228 1948/2066/6222
f 1925/2052/6230 1924/2050/6229 1948/2066/6222
f 1926/2054/6231 1925/2052/6230 1948/2066/6222
f 1927/2056/6232 1926/2054/6231 1948/2066/6222
f 1928/2058/6233 1927/2056/6232 1948/2066/6222
f 1929/2060/6234 1928/2058/6233 1948/2066/6222
f 1930/2062/6235 1929/2060/6234 1948/2066/6222
f 1931/2064/6236 1930/2062/6235 1948/2066/6222
f 1916/2034/6221 1931/2064/6236 1948/2066/6222
s 392
f 1932/2037/6237 1933/2036/6238 1949/2067/6239
f 1933/2036/6238 1934/2039/6240 1949/2067/6239
f 1934/2039/6240 1935/2041/6241 1949/2067/6239
f 1935/2041/6241 1936/2043/6242 1949/2067/6239
f 1936/2043/6242 1937/2045/6243 1949/2067/6239
f 1937/2045/6243 1938/2047/6244 1949/2067/6239
f 1938/2047/6244 1939/2049/6245 1949/2067/6239
f 1939/2049/6245 1940/2051/6246 1949/2067/6239
f 1940/2051/6246 1941/2053/6247 1949/2067/6239
f 1941/2053/6247 1942/2055/6248 1949/2067/6239
f 1942/2055/6248 1943/2057/6249 1949/2067/6239
f 1943/2057/6249 1944/2059/6250 1949/2067/6239
f 1944/2059/6250 1945/2061/6251 1949/2067/6239
f 1945/2061/6251 1946/2063/6252 1949/2067/6239
f 1946/2063/6252 1947/2065/6253 1949/2067/6239
f 1947/2065/6253 1932/2037/6237 1949/2067/6239
s off
f 1962/2068/6254 1963/2069/6255 1964/2070/6256 1965/2071/6257
s 393
f 1952/2072/6258 1980/2073/6259 2037/2074/6260 2018/2075/6261
s 394
f 1954/2076/6262 1981/2077/6263 1982/2078/6264 1973/2079/6265
s 395
f 2021/2080/6266 2022/2081/6267 1985/2082/6268 1950/2083/6269
s 396
f 1970/2084/6270 2030/2085/6271 2031/2086/6272 1953/2087/6273
s 397
f 2018/2075/6274 2019/2088/6275 1974/2089/6276 1952/2072/6277
s 398
f 1960/2090/6278 1993/2091/6279 1986/2092/6280 1966/2093/6281
f 1961/2094/6282 1980/2073/6283 1952/2072/6284 1974/2089/6285
s off
f 1958/2095/6286 1959/2096/6287 1963/2097/6288 1962/2098/6289
f 1959/2096/6290 1960/2090/6291 1964/2099/6292 1963/2097/6293
f 1960/2090/6294 1961/2094/6295 1965/2100/6296 1964/2099/6297
f 1961/2094/6298 1958/2095/6299 1962/2098/6300 1965/2100/6301
s 393
f 2035/2101/6302 2036/2102/6303 1966/2093/6304 1986/2092/6305
s 394
f 1987/2103/6306 1988/2104/6307 1972/2105/6308 1967/2106/6309
s 395
f 1969/2107/6310 2023/2108/6311 2024/2109/6312 1991/2110/6313
s 398
f 1959/2096/6314 1969/2107/6315 1991/2110/6316 1992/2111/6317
s 396
f 1951/2112/6318 2028/2113/6319 2029/2114/6320 1979/2115/6321
s 394
f 1968/2116/6322 1977/2117/6323 1989/2118/6324 1990/2119/6325
f 1976/2120/6326 1983/2121/6327 1984/2122/6328 1956/2123/6329
s 405
f 2020/2124/6330 2021/2080/6331 1950/2083/6332 1975/2125/6333
s 398
f 1958/2095/6334 1975/2125/6335 1950/2083/6336 1985/2082/6337
f 1961/2094/6282 2065/2126/6338 2064/2127/6339 1958/2095/6334
s 394
f 1973/2079/6265 1982/2078/6264 2058/2128/6340
f 1988/2104/6307 1989/2118/6324 1977/2117/6323 1972/2105/6308
s 396
f 1979/2115/6321 2029/2114/6320 2030/2085/6271 1970/2084/6270
s 398
f 1959/2096/6314 1992/2111/6317 1993/2091/6279 1960/2090/6278
f 1960/2090/6278 1966/2093/6281 1980/2073/6283 1961/2094/6282
s 393
f 2036/2102/6303 2037/2074/6260 1980/2073/6259 1966/2093/6304
s 394
f 1982/2078/6264 1981/2077/6263 1967/2106/6309 1972/2105/6308
f 1983/2121/6327 1982/2078/6264 1972/2105/6308 1977/2117/6323
f 1984/2122/6328 1983/2121/6327 1977/2117/6323 1968/2116/6322
s 395
f 1985/2082/6268 2022/2081/6267 2023/2108/6311 1969/2107/6310
s 398
f 1958/2095/6334 1985/2082/6337 1969/2107/6315 1959/2096/6314
s 407
f 2031/2086/6341 2032/2129/6342 1996/2130/6343 1953/2087/6344
s 408
f 1971/2131/6345 1994/2132/6346 1995/2133/6347 1955/2134/6348
f 1978/2135/6349 2001/2136/6350 1994/2132/6346 1971/2131/6345
f 2000/2137/6351 2001/2136/6350 1978/2135/6349 1957/2138/6352
s 409
f 1999/2139/6353 2027/2140/6354 2028/2113/6355 1951/2112/6356
s 410
f 1998/2141/6357 1999/2139/6358 1951/2112/6359 1979/2115/6360
f 1997/2142/6361 1998/2141/6357 1979/2115/6360 1970/2084/6362
f 1996/2130/6363 1997/2142/6361 1970/2084/6362 1953/2087/6364
s 411
f 2003/2143/6365 2002/2144/6366 2004/2145/6367 2005/2146/6368
s 412
f 2033/2147/6369 2034/2148/6370 2006/2149/6371 2007/2150/6372
s 413
f 2006/2149/6373 2008/2151/6374 2009/2152/6375 2007/2150/6376
f 2008/2151/6374 2010/2153/6377 2011/2154/6378 2009/2152/6375
f 2010/2153/6377 2012/2155/6379 2013/2156/6380 2011/2154/6378
s 414
f 2012/2155/6381 2025/2157/6382 2026/2158/6383 2013/2156/6384
s 411
f 2014/2159/6385 2016/2160/6386 2017/2161/6387 2015/2162/6388
f 2002/2144/6366 2017/2161/6387 2016/2160/6386 2004/2145/6367
s off
f 1995/2163/6389 1994/2164/6390 2002/2144/6391 2003/2143/6392
f 1988/2165/6393 1987/2166/6394 2005/2146/6395 2004/2145/6396
s 415
f 2034/2148/6397 2035/2167/6398 1986/2168/6399 2006/2149/6400
s 416
f 1996/2169/6401 2032/2170/6402 2033/2147/6403 2007/2150/6404
s off
f 1986/2168/6405 1993/2171/6406 2008/2151/6407 2006/2149/6408
f 1997/2172/6409 1996/2169/6410 2007/2150/6411 2009/2152/6412
f 1993/2171/6413 1992/2173/6414 2010/2153/6415 2008/2151/6416
f 1998/2174/6417 1997/2172/6418 2009/2152/6419 2011/2154/6420
f 1992/2173/6421 1991/2175/6422 2012/2155/6423 2010/2153/6424
f 1999/2176/6425 1998/2174/6426 2011/2154/6427 2013/2156/6428
s 417
f 1991/2175/6429 2024/2177/6430 2025/2157/6431 2012/2155/6432
s 418
f 2026/2158/6433 2027/2178/6434 1999/2176/6435 2013/2156/6436
s off
f 1990/2179/6437 1989/2180/6438 2016/2160/6439 2014/2159/6440
f 2001/2181/6441 2000/2182/6442 2015/2162/6443 2017/2161/6444
f 1994/2164/6445 2001/2181/6446 2017/2161/6447 2002/2144/6448
f 1989/2180/6449 1988/2165/6450 2004/2145/6451 2016/2160/6452
s 397
f 1973/2079/6453 2040/2183/6454 2041/2184/6455 1954/2076/6456
s 405
f 1956/2123/6457 2038/2185/6458 2039/2186/6459 1976/2120/6460
s 395
f 1956/2123/6461 1984/2122/6462 2057/2187/6463 2038/2185/6464
f 2056/2188/6465 2057/2187/6463 1984/2122/6462 1968/2116/6466
f 2055/2189/6467 2056/2188/6465 1968/2116/6466 1990/2119/6468
s 417
f 2054/2190/6469 2055/2191/6470 1990/2179/6471 2014/2159/6472
s 414
f 2053/2192/6473 2054/2190/6474 2014/2159/6475 2015/2162/6476
s 418
f 2000/2182/6477 2052/2193/6478 2053/2192/6479 2015/2162/6480
s 409
f 2051/2194/6481 2052/2195/6482 2000/2137/6483 1957/2138/6484
s 396
f 2050/2196/6485 2051/2194/6486 1957/2138/6487 1978/2135/6488
f 2049/2197/6489 2050/2196/6485 1978/2135/6488 1971/2131/6490
f 2048/2198/6491 2049/2197/6489 1971/2131/6490 1955/2134/6492
s 407
f 1995/2133/6493 2047/2199/6494 2048/2198/6495 1955/2134/6496
s 416
f 2046/2200/6497 2047/2201/6498 1995/2163/6499 2003/2143/6500
s 412
f 2005/2146/6501 2045/2202/6502 2046/2200/6503 2003/2143/6504
s 415
f 1987/2166/6505 2044/2203/6506 2045/2202/6507 2005/2146/6508
s 393
f 1967/2106/6509 2043/2204/6510 2044/2205/6511 1987/2103/6512
f 1981/2077/6513 2042/2206/6514 2043/2204/6510 1967/2106/6509
f 2041/2184/6515 2042/2206/6514 1981/2077/6513 1954/2076/6516
s 405
f 2039/2186/6459 2038/2185/6458 2021/2080/6331 2020/2124/6330
s 397
f 2041/2184/6455 2040/2183/6454 2019/2088/6275 2018/2075/6274
s 393
f 2018/2075/6261 2037/2074/6260 2042/2206/6514 2041/2184/6515
f 2043/2204/6510 2042/2206/6514 2037/2074/6260 2036/2102/6303
f 2044/2205/6511 2043/2204/6510 2036/2102/6303 2035/2101/6302
s 415
f 2045/2202/6507 2044/2203/6506 2035/2167/6398 2034/2148/6397
s 412
f 2046/2200/6503 2045/2202/6502 2034/2148/6370 2033/2147/6369
s 416
f 2033/2147/6403 2032/2170/6402 2047/2201/6498 2046/2200/6497
s 407
f 2048/2198/6495 2047/2199/6494 2032/2129/6342 2031/2086/6341
s 396
f 2031/2086/6272 2030/2085/6271 2049/2197/6489 2048/2198/6491
f 2030/2085/6271 2029/2114/6320 2050/2196/6485 2049/2197/6489
f 2029/2114/6320 2028/2113/6319 2051/2194/6486 2050/2196/6485
s 409
f 2028/2113/6355 2027/2140/6354 2052/2195/6482 2051/2194/6481
s 418
f 2053/2192/6479 2052/2193/6478 2027/2178/6434 2026/2158/6433
s 414
f 2026/2158/6383 2025/2157/6382 2054/2190/6474 2053/2192/6473
s 417
f 2025/2157/6431 2024/2177/6430 2055/2191/6470 2054/2190/6469
s 395
f 2024/2109/6312 2023/2108/6311 2056/2188/6465 2055/2189/6467
f 2023/2108/6311 2022/2081/6267 2057/2187/6463 2056/2188/6465
f 2038/2185/6464 2057/2187/6463 2022/2081/6267 2021/2080/6266
s 398
f 1961/2094/6282 1974/2089/6285 2065/2126/6338
f 1958/2095/6334 2064/2127/6339 1975/2125/6335
s 394
f 2059/2207/6517 2058/2128/6340 1982/2078/6264 1983/2121/6327
f 2059/2207/6517 1983/2121/6327 1976/2120/6326
s 422
f 2066/2208/6518 2067/2209/6519 2068/2210/6520 2069/2211/6521
f 2069/2211/6521 2068/2210/6520 2070/2212/6522 2071/2213/6523
f 2071/2213/6523 2070/2212/6522 2072/2214/6524 2073/2215/6525
s 397
f 2019/2088/6275 2062/2216/6526 2065/2126/6527 1974/2089/6276
f 2058/2128/6528 2060/2217/6529 2040/2183/6454 1973/2079/6453
f 2040/2183/6454 2060/2217/6529 2062/2216/6526 2019/2088/6275
s 405
f 1976/2120/6460 2039/2186/6459 2061/2218/6530 2059/2207/6531
f 2063/2219/6532 2061/2218/6530 2039/2186/6459 2020/2124/6330
f 2064/2127/6533 2063/2219/6532 2020/2124/6330 1975/2125/6333
s off
f 2058/2220/6534 2059/2221/6535 2067/2209/6536 2066/2208/6537
f 2059/2221/6538 2061/2222/6539 2068/2210/6540 2067/2209/6541
f 2060/2223/6542 2058/2220/6543 2066/2208/6544 2069/2211/6545
f 2061/2222/6546 2063/2224/6547 2070/2212/6548 2068/2210/6549
f 2062/2225/6550 2060/2223/6551 2069/2211/6552 2071/2213/6553
f 2063/2224/6554 2064/2226/6555 2072/2214/6556 2070/2212/6557
f 2064/2226/6558 2065/2227/6559 2073/2215/6560 2072/2214/6561
f 2065/2227/6562 2062/2225/6563 2071/2213/6564 2073/2215/6565
f 2074/2228/6566 2075/2229/6567 2077/2230/6568 2076/2231/6569
f 2076/2231/6570 2077/2230/6571 2079/2232/6572 2078/2233/6573
f 2078/2233/6574 2079/2232/6575 2081/2234/6576 2080/2235/6577
f 2080/2235/6578 2081/2234/6579 2075/2229/6580 2074/2228/6581
f 2075/2229/6582 2081/2234/6583 2079/2232/6584 2077/2230/6585
f 2080/2235/6586 2074/2228/6587 2076/2231/6588 2078/2233/6589
f 2082/2236/6590 2083/2237/6591 2085/2238/6592 2084/2239/6593
f 2084/2239/6594 2085/2238/6595 2087/2240/6596 2086/2241/6597
f 2086/2241/6598 2087/2240/6599 2089/2242/6600 2088/2243/6601
f 2088/2243/6602 2089/2242/6603 2083/2237/6604 2082/2236/6605
f 2083/2237/6606 2089/2242/6607 2087/2240/6608 2085/2238/6609
f 2088/2243/6610 2082/2236/6611 2084/2239/6612 2086/2241/6613
f 2090/2244/6614 2091/2245/6615 2093/2246/6616 2092/2247/6617
f 2092/2247/6618 2093/2246/6619 2095/2248/6620 2094/2249/6621
f 2094/2249/6622 2095/2248/6623 2097/2250/6624 2096/2251/6625
f 2096/2251/6626 2097/2250/6627 2091/2245/6628 2090/2244/6629
f 2091/2245/6630 2097/2250/6631 2095/2248/6632 2093/2246/6633
f 2096/2251/6634 2090/2244/6635 2092/2247/6636 2094/2249/6637
f 2098/2252/6638 2099/2253/6639 2101/2254/6640 2100/2255/6641
f 2100/2255/6642 2101/2254/6643 2103/2256/6644 2102/2257/6645
f 2102/2257/6646 2103/2256/6647 2105/2258/6648 2104/2259/6649
f 2104/2259/6650 2105/2258/6651 2099/2253/6652 2098/2252/6653
f 2099/2253/6654 2105/2258/6655 2103/2256/6656 2101/2254/6657
f 2104/2259/6658 2098/2252/6659 2100/2255/6660 2102/2257/6661
f 2106/2260/6662 2107/2261/6663 2109/2262/6664 2108/2263/6665
f 2108/2263/6666 2109/2262/6667 2111/2264/6668 2110/2265/6669
f 2110/2265/6670 2111/2264/6671 2113/2266/6672 2112/2267/6673
f 2112/2267/6674 2113/2266/6675 2107/2261/6676 2106/2260/6677
f 2107/2261/6678 2113/2266/6679 2111/2264/6680 2109/2262/6681
f 2112/2267/6682 2106/2260/6683 2108/2263/6684 2110/2265/6685
f 2114/2268/6686 2115/2269/6687 2117/2270/6688 2116/2271/6689
f 2116/2271/6690 2117/2270/6691 2119/2272/6692 2118/2273/6693
f 2118/2273/6694 2119/2272/6695 2121/2274/6696 2120/2275/6697
f 2120/2275/6698 2121/2274/6699 2115/2269/6700 2114/2268/6701
f 2115/2269/6702 2121/2274/6703 2119/2272/6704 2117/2270/6705
f 2120/2275/6706 2114/2268/6707 2116/2271/6708 2118/2273/6709
s 423
f 2122/2276/6710 2123/2277/6711 2129/2278/6712 2128/2279/6713
s off
f 2124/2280/6714 2125/2281/6715 2149/2282/6716 2138/2283/6717
f 2145/2284/6718 2146/2285/6719 2123/2277/6720 2122/2276/6721
s 424
f 2123/2277/6722 2146/2285/6723 2147/2286/6724 2129/2278/6725
s 425
usemtl lambert11SG
f 2141/2287/6726 2142/2288/6727 2135/2289/6728 2136/2290/6729
s 424
usemtl lambert10SG
f 2127/2291/6730 2148/2292/6731 2149/2282/6732 2125/2281/6733
s 423
f 2126/2293/6734 2127/2291/6735 2125/2281/6736 2124/2280/6737
s 424
f 2129/2278/6725 2147/2286/6724 2148/2292/6731 2127/2291/6730
s 423
f 2128/2279/6713 2129/2278/6712 2127/2291/6735 2126/2293/6734
s off
f 2144/2294/6738 2145/2284/6739 2122/2276/6740 2130/2295/6741
f 2122/2276/6742 2128/2279/6743 2131/2296/6744 2130/2295/6745
f 2128/2279/6746 2126/2293/6747 2132/2297/6748 2131/2296/6749
f 2126/2293/6750 2124/2280/6751 2133/2298/6752 2132/2297/6753
f 2124/2280/6754 2138/2283/6755 2139/2299/6756 2133/2298/6757
s 426
f 2143/2300/6758 2144/2294/6759 2130/2295/6760 2134/2301/6761
s off
f 2130/2295/6762 2131/2296/6763 2135/2302/6764 2134/2301/6765
f 2131/2296/6766 2132/2297/6767 2136/2303/6768 2135/2302/6769
f 2132/2297/6770 2133/2298/6771 2137/2304/6772 2136/2303/6773
s 427
f 2133/2298/6774 2139/2299/6775 2140/2305/6776 2137/2304/6777
s 425
usemtl lambert11SG
f 2142/2288/6727 2143/2306/6778 2134/2307/6779 2135/2289/6728
f 2140/2308/6780 2141/2287/6726 2136/2290/6729 2137/2309/6781
s off
usemtl lambert10SG
f 2175/2310/6782 2174/2311/6783 2176/2312/6784 2177/2313/6785
s 426
f 2152/2314/6786 2151/2315/6787 2144/2294/6759 2143/2300/6758
s 425
usemtl lambert11SG
f 2153/2316/6788 2152/2317/6789 2143/2306/6778 2142/2288/6727
f 2154/2318/6790 2153/2316/6788 2142/2288/6727 2141/2287/6726
f 2155/2319/6791 2154/2318/6790 2141/2287/6726 2140/2308/6780
s 427
usemtl lambert10SG
f 2140/2305/6776 2139/2299/6775 2156/2320/6792 2155/2321/6793
s off
f 2181/2322/6794 2180/2323/6795 2182/2324/6796 2183/2325/6797
f 2163/2326/6798 2162/2327/6799 2164/2328/6800 2165/2329/6801
s 428
f 2162/2327/6802 2166/2330/6803 2167/2331/6804 2164/2328/6805
f 2166/2330/6803 2168/2332/6806 2169/2333/6807 2167/2331/6804
f 2168/2332/6806 2262/2334/6808 2263/2335/6809 2169/2333/6807
s off
f 2172/2336/6810 2171/2337/6811 2170/2338/6812 2173/2339/6813
s 427
f 2155/2321/6793 2156/2320/6792 2188/2340/6814 2187/2341/6815
s 429
f 2156/2320/6816 2157/2342/6817 2189/2343/6818 2188/2340/6819
s 430
f 2157/2342/6820 2158/2344/6821 2190/2345/6822 2189/2343/6823
s 431
f 2158/2344/6824 2159/2346/6825 2195/2347/6826 2190/2345/6827
f 2159/2346/6825 2160/2348/6828 2196/2349/6829 2195/2347/6826
f 2160/2348/6828 2161/2350/6830 2197/2351/6831 2196/2349/6829
s off
f 2138/2352/6832 2149/2353/6833 2162/2327/6834 2163/2326/6835
f 2158/2354/6836 2157/2355/6837 2165/2329/6838 2164/2328/6839
f 2182/2324/6840 2180/2323/6841 2184/2356/6842 2185/2357/6843
f 2149/2353/6844 2148/2358/6845 2166/2330/6846 2162/2327/6847
f 2159/2359/6848 2158/2354/6849 2164/2328/6850 2167/2331/6851
f 2148/2358/6852 2147/2360/6853 2168/2332/6854 2166/2330/6855
f 2160/2361/6856 2159/2359/6857 2167/2331/6858 2169/2333/6859
s 432
f 2147/2360/6860 2146/2362/6861 2262/2334/6862 2168/2332/6863
s 433
f 2161/2363/6864 2160/2361/6865 2169/2333/6866 2263/2335/6867
s off
f 2150/2364/6868 2161/2363/6869 2171/2337/6870 2172/2336/6871
f 2146/2362/6872 2145/2365/6873 2173/2339/6874 2170/2338/6875
f 2176/2312/6876 2174/2311/6877 2178/2366/6878 2179/2367/6879
f 2151/2368/6880 2150/2364/6881 2174/2311/6882 2175/2310/6883
f 2145/2365/6884 2144/2369/6885 2177/2313/6886 2176/2312/6887
f 2144/2369/6888 2151/2368/6889 2175/2310/6890 2177/2313/6891
f 2150/2364/6892 2172/2336/6893 2178/2366/6894 2174/2311/6895
f 2172/2336/6896 2173/2339/6897 2179/2367/6898 2178/2366/6899
f 2173/2339/6900 2145/2365/6901 2176/2312/6902 2179/2367/6903
f 2139/2370/6904 2138/2352/6905 2180/2323/6906 2181/2322/6907
f 2157/2355/6908 2156/2371/6909 2183/2325/6910 2182/2324/6911
f 2156/2371/6912 2139/2370/6913 2181/2322/6914 2183/2325/6915
f 2138/2352/6916 2163/2326/6917 2184/2356/6918 2180/2323/6919
f 2163/2326/6920 2165/2329/6921 2185/2357/6922 2184/2356/6923
f 2165/2329/6924 2157/2355/6925 2182/2324/6926 2185/2357/6927
s 434
f 2192/2372/6928 2191/2373/6929 2150/2374/6930 2151/2315/6931
s 426
f 2193/2375/6932 2192/2372/6933 2151/2315/6787 2152/2314/6786
s 425
usemtl lambert11SG
f 2194/2376/6934 2193/2377/6935 2152/2317/6789 2153/2316/6788
f 2186/2378/6936 2194/2376/6934 2153/2316/6788 2154/2318/6790
f 2187/2379/6937 2186/2378/6936 2154/2318/6790 2155/2319/6791
s 435
usemtl lambert10SG
f 2191/2373/6938 2197/2351/6939 2161/2350/6940 2150/2374/6941
s 436
f 2198/2380/6942 2204/2381/6943 2205/2382/6944 2199/2383/6945
s off
f 2200/2384/6946 2214/2385/6947 2225/2386/6948 2201/2387/6949
f 2221/2388/6950 2198/2380/6951 2199/2383/6952 2222/2389/6953
s 437
f 2199/2383/6954 2205/2382/6955 2223/2390/6956 2222/2389/6957
s 425
usemtl lambert11SG
f 2217/2391/6958 2212/2392/6959 2211/2393/6960 2218/2394/6961
s 437
usemtl lambert10SG
f 2203/2395/6962 2201/2387/6963 2225/2386/6964 2224/2396/6965
s 436
f 2202/2397/6966 2200/2384/6967 2201/2387/6968 2203/2395/6969
s 437
f 2205/2382/6955 2203/2395/6962 2224/2396/6965 2223/2390/6956
s 436
f 2204/2381/6943 2202/2397/6966 2203/2395/6969 2205/2382/6944
s off
f 2220/2398/6970 2206/2399/6971 2198/2380/6972 2221/2388/6973
f 2198/2380/6974 2206/2399/6975 2207/2400/6976 2204/2381/6977
f 2204/2381/6978 2207/2400/6979 2208/2401/6980 2202/2397/6981
f 2202/2397/6982 2208/2401/6983 2209/2402/6984 2200/2384/6985
f 2200/2384/6986 2209/2402/6987 2215/2403/6988 2214/2385/6989
s 426
f 2219/2404/6990 2210/2405/6991 2206/2399/6992 2220/2398/6993
s off
f 2206/2399/6994 2210/2405/6995 2211/2406/6996 2207/2400/6997
f 2207/2400/6998 2211/2406/6999 2212/2407/7000 2208/2401/7001
f 2208/2401/7002 2212/2407/7003 2213/2408/7004 2209/2402/7005
s 427
f 2209/2402/7006 2213/2408/7007 2216/2409/7008 2215/2403/7009
s 425
usemtl lambert11SG
f 2218/2394/6961 2211/2393/6960 2210/2410/7010 2219/2411/7011
f 2216/2412/7012 2213/2413/7013 2212/2392/6959 2217/2391/6958
s off
usemtl lambert10SG
f 2251/2414/7014 2253/2415/7015 2252/2416/7016 2250/2417/7017
s 426
f 2228/2418/7018 2219/2404/6990 2220/2398/6993 2227/2419/7019
s 425
usemtl lambert11SG
f 2229/2420/7020 2218/2394/6961 2219/2411/7011 2228/2421/7021
f 2230/2422/7022 2217/2391/6958 2218/2394/6961 2229/2420/7020
f 2231/2423/7023 2216/2412/7012 2217/2391/6958 2230/2422/7022
s 427
usemtl lambert10SG
f 2216/2409/7008 2231/2424/7024 2232/2425/7025 2215/2403/7009
s off
f 2257/2426/7026 2259/2427/7027 2258/2428/7028 2256/2429/7029
f 2239/2430/7030 2241/2431/7031 2240/2432/7032 2238/2433/7033
s 441
f 2238/2433/7034 2240/2432/7035 2243/2434/7036 2242/2435/7037
f 2242/2435/7037 2243/2434/7036 2245/2436/7038 2244/2437/7039
f 2244/2437/7039 2245/2436/7038 2264/2438/7040 2265/2439/7041
s off
f 2248/2440/7042 2249/2441/7043 2246/2442/7044 2247/2443/7045
s 427
f 2231/2424/7024 2187/2341/6815 2188/2340/6814 2232/2425/7025
s 429
f 2232/2425/7046 2188/2340/6819 2189/2343/6818 2233/2444/7047
s 430
f 2233/2444/7048 2189/2343/6823 2190/2345/6822 2234/2445/7049
s 431
f 2234/2445/7050 2190/2345/6827 2195/2347/6826 2235/2446/7051
f 2235/2446/7051 2195/2347/6826 2196/2349/6829 2236/2447/7052
f 2236/2447/7052 2196/2349/6829 2197/2351/6831 2237/2448/7053
s off
f 2214/2449/7054 2239/2430/7055 2238/2433/7056 2225/2450/7057
f 2234/2451/7058 2240/2432/7059 2241/2431/7060 2233/2452/7061
f 2258/2428/7062 2261/2453/7063 2260/2454/7064 2256/2429/7065
f 2225/2450/7066 2238/2433/7067 2242/2435/7068 2224/2455/7069
f 2235/2456/7070 2243/2434/7071 2240/2432/7072 2234/2451/7073
f 2224/2455/7074 2242/2435/7075 2244/2437/7076 2223/2457/7077
f 2236/2458/7078 2245/2436/7079 2243/2434/7080 2235/2456/7081
s 442
f 2223/2457/7082 2244/2437/7083 2265/2439/7084 2222/2459/7085
s 443
f 2237/2460/7086 2264/2438/7087 2245/2436/7088 2236/2458/7089
s off
f 2226/2461/7090 2248/2440/7091 2247/2443/7092 2237/2460/7093
f 2222/2459/7094 2246/2442/7095 2249/2441/7096 2221/2462/7097
f 2252/2416/7098 2255/2463/7099 2254/2464/7100 2250/2417/7101
f 2227/2465/7102 2251/2414/7103 2250/2417/7104 2226/2461/7105
f 2221/2462/7106 2252/2416/7107 2253/2415/7108 2220/2466/7109
f 2220/2466/7110 2253/2415/7111 2251/2414/7112 2227/2465/7113
f 2226/2461/7114 2250/2417/7115 2254/2464/7116 2248/2440/7117
f 2248/2440/7118 2254/2464/7119 2255/2463/7120 2249/2441/7121
f 2249/2441/7122 2255/2463/7123 2252/2416/7124 2221/2462/7125
f 2215/2467/7126 2257/2426/7127 2256/2429/7128 2214/2449/7129
f 2233/2452/7130 2258/2428/7131 2259/2427/7132 2232/2468/7133
f 2232/2468/7134 2259/2427/7135 2257/2426/7136 2215/2467/7137
f 2214/2449/7138 2256/2429/7139 2260/2454/7140 2239/2430/7141
f 2239/2430/7142 2260/2454/7143 2261/2453/7144 2241/2431/7145
f 2241/2431/7146 2261/2453/7147 2258/2428/7148 2233/2452/7149
s 434
f 2192/2372/6928 2227/2419/7150 2226/2469/7151 2191/2373/6929
s 426
f 2193/2375/6932 2228/2418/7018 2227/2419/7019 2192/2372/6933
s 425
usemtl lambert11SG
f 2194/2376/6934 2229/2420/7020 2228/2421/7021 2193/2377/6935
f 2186/2378/6936 2230/2422/7022 2229/2420/7020 2194/2376/6934
f 2187/2379/6937 2231/2423/7023 2230/2422/7022 2186/2378/6936
s 435
usemtl lambert10SG
f 2191/2373/6938 2226/2469/7152 2237/2448/7153 2197/2351/6939
s 432
f 2262/2334/6862 2146/2362/6861 2170/2338/7154
s off
f 2267/2470/7155 2266/2471/7156 2268/2472/7157 2269/2473/7158
s 433
f 2161/2363/6864 2263/2335/6867 2171/2337/7159
s 443
f 2237/2460/7086 2247/2443/7160 2264/2438/7087
s off
f 2271/2474/7161 2270/2475/7162 2272/2476/7163 2273/2477/7164
s 442
f 2222/2459/7085 2265/2439/7084 2246/2442/7165
s off
f 2263/2335/7166 2262/2334/7167 2266/2471/7168 2267/2470/7169
f 2262/2334/7170 2170/2338/7171 2268/2472/7172 2266/2471/7173
f 2170/2338/7174 2171/2337/7175 2269/2473/7176 2268/2472/7177
f 2171/2337/7178 2263/2335/7179 2267/2470/7180 2269/2473/7181
f 2265/2439/7182 2264/2438/7183 2270/2475/7184 2271/2474/7185
f 2264/2438/7186 2247/2443/7187 2272/2476/7188 2270/2475/7189
f 2247/2443/7190 2246/2442/7191 2273/2477/7192 2272/2476/7193
f 2246/2442/7194 2265/2439/7195 2271/2474/7196 2273/2477/7197
f 2286/2478/7198 2274/2479/7199 2283/2480/7200 2282/2481/7201
f 2290/2482/7202 2276/2483/7203 2285/2484/7204 2287/2485/7205
f 2294/2486/7206 2278/2487/7207 2289/2488/7208 2291/2489/7209
f 2297/2490/7210 2280/2491/7211 2293/2492/7212 2295/2493/7213
f 2284/2494/7214 2275/2495/7215 2296/2496/7216 2298/2497/7217
f 2294/2486/7218 2280/2491/7219 2297/2490/7220 2299/2498/7221
f 2283/2480/7222 2275/2495/7223 2284/2494/7224 2282/2481/7225
f 2284/2494/7226 2277/2499/7227 2285/2484/7228 2282/2481/7229
f 2285/2484/7230 2276/2483/7231 2286/2478/7232 2282/2481/7233
f 2285/2484/7234 2277/2499/7235 2288/2500/7236 2287/2485/7237
f 2288/2500/7238 2279/2501/7239 2289/2488/7240 2287/2485/7241
f 2289/2488/7242 2278/2487/7243 2290/2482/7244 2287/2485/7245
f 2289/2488/7246 2279/2501/7247 2292/2502/7248 2291/2489/7249
f 2292/2502/7250 2281/2503/7251 2293/2492/7252 2291/2489/7253
f 2293/2492/7254 2280/2491/7255 2294/2486/7256 2291/2489/7257
f 2293/2492/7258 2281/2503/7259 2296/2496/7260 2295/2493/7261
f 2296/2496/7262 2275/2495/7263 2283/2480/7264 2295/2493/7265
f 2283/2480/7266 2274/2479/7267 2297/2490/7268 2295/2493/7269
f 2296/2496/7270 2281/2503/7271 2292/2502/7272 2298/2497/7273
f 2292/2502/7274 2279/2501/7275 2288/2500/7276 2298/2497/7277
f 2288/2500/7278 2277/2499/7279 2284/2494/7280 2298/2497/7281
f 2297/2490/7282 2274/2479/7283 2286/2478/7284 2299/2498/7285
f 2286/2478/7286 2276/2483/7287 2290/2482/7288 2299/2498/7289
f 2290/2482/7290 2278/2487/7291 2294/2486/7292 2299/2498/7293
f 2312/2504/7294 2300/2505/7295 2309/2506/7296 2308/2507/7297
f 2316/2508/7298 2302/2509/7299 2311/2510/7300 2313/2511/7301
f 2320/2512/7302 2304/2513/7303 2315/2514/7304 2317/2515/7305
f 2323/2516/7306 2306/2517/7307 2319/2518/7308 2321/2519/7309
f 2310/2520/7310 2301/2521/7311 2322/2522/7312 2324/2523/7313
f 2320/2512/7314 2306/2517/7315 2323/2516/7316 2325/2524/7317
f 2309/2506/7318 2301/2521/7319 2310/2520/7320 2308/2507/7321
f 2310/2520/7322 2303/2525/7323 2311/2510/7324 2308/2507/7325
f 2311/2510/7326 2302/2509/7327 2312/2504/7328 2308/2507/7329
f 2311/2510/7330 2303/2525/7331 2314/2526/7332 2313/2511/7333
f 2314/2526/7334 2305/2527/7335 2315/2514/7336 2313/2511/7337
f 2315/2514/7338 2304/2513/7339 2316/2508/7340 2313/2511/7341
f 2315/2514/7342 2305/2527/7343 2318/2528/7344 2317/2515/7345
f 2318/2528/7346 2307/2529/7347 2319/2518/7348 2317/2515/7349
f 2319/2518/7350 2306/2517/7351 2320/2512/7352 2317/2515/7353
f 2319/2518/7354 2307/2529/7355 2322/2522/7356 2321/2519/7357
f 2322/2522/7358 2301/2521/7359 2309/2506/7360 2321/2519/7361
f 2309/2506/7362 2300/2505/7363 2323/2516/7364 2321/2519/7365
f 2322/2522/7366 2307/2529/7367 2318/2528/7368 2324/2523/7369
f 2318/2528/7370 2305/2527/7371 2314/2526/7372 2324/2523/7373
f 2314/2526/7374 2303/2525/7375 2310/2520/7376 2324/2523/7377
f 2323/2516/7378 2300/2505/7379 2312/2504/7380 2325/2524/7381
f 2312/2504/7382 2302/2509/7383 2316/2508/7384 2325/2524/7385
f 2316/2508/7386 2304/2513/7387 2320/2512/7388 2325/2524/7389
