# This file uses centimeters as units for non-parametric coordinates.

mtllib scene_objects.mtl
g default
v -1922.770020 179.132278 844.583862
v -1895.667480 179.132278 845.237183
v -1917.112793 214.037308 836.823608
v -1900.944336 214.037308 837.213501
v -1914.768555 214.037308 739.580688
v -1898.600098 214.037308 739.970581
v -1920.045410 179.132278 731.557007
v -1892.942383 179.132278 732.210327
v -2150.895996 62.111328 858.496216
v -2039.978516 62.111328 861.170044
v -2127.521973 135.216064 859.059692
v -2039.978516 135.216064 861.170044
v -2123.850586 135.216064 706.752319
v -2036.306152 135.216064 708.862915
v -2147.224609 62.111328 706.188843
v -2036.306152 62.111328 708.862915
v -1977.455078 62.824272 708.334595
v -1981.221191 62.824272 864.533569
v -1976.699219 182.366241 708.326538
v -1980.464844 182.366882 864.578003
v -1836.445312 62.845695 711.675659
v -1840.213379 62.845695 867.991089
v -1836.843262 182.663879 711.665894
v -1840.611816 182.664307 867.981567
v -1750.172363 62.845695 713.755249
v -1753.940918 62.845695 870.071167
v -1750.428223 126.535736 713.748901
v -1754.199219 126.536209 870.064819
v -1637.764160 62.845695 716.464966
v -1641.533203 62.845695 872.780884
v -1660.070312 111.695312 715.927368
v -1663.838867 111.695312 872.243042
v -2164.111816 142.340210 812.458862
v -2191.294922 69.235458 811.803589
v -2038.872559 62.241684 815.478149
v -1980.090820 62.824272 817.673950
v -1839.083008 62.845695 821.096558
v -1752.816406 62.973503 823.176392
v -1598.899902 69.969841 826.886841
v -1624.839844 118.819458 826.261353
v -1732.879395 134.077515 823.656860
v -1831.244629 190.260056 821.285767
v -1991.983887 190.260056 817.410767
v -2058.996094 142.340210 814.993042
v -2189.753418 69.235458 747.834595
v -2162.569824 142.340210 748.489868
v -2057.453613 142.340210 751.024048
v -1990.400879 190.260056 751.758179
v -1829.661621 190.260056 755.632935
v -1731.296387 134.077515 758.004517
v -1623.256836 118.819458 760.608765
v -1597.316895 69.969841 761.234253
v -1751.232910 62.973503 757.523804
v -1837.500488 62.845695 755.444214
v -1978.509766 62.824272 752.070679
v -2037.330566 62.241684 751.509155
v -2140.083008 96.673599 868.743774
v -2181.056152 97.031693 816.045044
v -2179.311035 97.032089 743.691528
v -2135.930664 96.673599 696.473999
v -2036.065918 96.673599 698.881470
v -1977.208984 96.673798 698.098511
v -1836.198242 96.673798 701.431763
v -1749.926270 96.650711 703.511597
v -1652.593750 95.862885 705.858032
v -1611.211426 96.341293 756.389038
v -1613.001953 96.341476 830.646606
v -1656.855469 95.861465 882.661255
v -1754.188477 96.650681 880.314819
v -1840.459961 96.673798 878.234985
v -1981.467285 96.673798 874.769409
v -2040.218750 96.673599 871.151245
v -2147.650879 76.760368 861.570679
v -2188.223145 81.854706 813.075806
v -2186.621094 81.854813 746.591675
v -2143.834961 76.760368 703.274292
v -2036.234375 76.760368 705.868286
v -1977.381348 77.259491 705.263550
v -1836.370605 77.274483 708.602173
v -1750.098145 77.268211 710.682007
v -1642.210449 77.031219 713.283081
v -1601.485352 82.161621 759.780640
v -1603.130371 82.161682 828.014771
v -1646.126953 77.030785 875.744995
v -1754.014160 77.268196 873.143921
v -1840.287598 77.274483 871.064087
v -1981.294922 77.259491 867.604126
v -2040.050293 76.760368 864.164429
v -2161.453125 62.111328 869.468384
v -2040.255371 62.145172 872.495972
v -2040.336426 72.503723 875.936157
v -2158.084473 72.480011 872.987183
v -2153.706055 72.480011 691.368530
v -2035.952637 72.503723 694.096802
v -2036.037598 62.145172 697.536987
v -2157.240234 62.111328 694.720825
v -1587.051758 69.969841 831.781128
v -1631.522461 62.845695 884.544067
v -1591.456055 77.881332 833.086304
v -1636.312988 72.750427 887.956665
v -2200.172363 77.574333 817.455200
v -2203.362793 69.235458 816.003296
v -1977.092285 72.994125 693.235229
v -1977.176270 62.845695 696.761108
v -1981.585938 72.994125 879.633179
v -1981.500000 62.845695 876.107056
v -1836.083008 72.994125 696.634888
v -1836.167969 62.845695 700.160522
v -1840.576660 72.994125 883.032593
v -1840.490723 62.845695 879.506226
v -1749.809570 72.994026 698.714478
v -1749.894531 62.845695 702.240356
v -1754.303223 72.994026 885.112183
v -1754.218750 62.845695 881.586060
v -1631.819336 72.750847 701.558716
v -1627.199219 62.845695 705.198120
v -2201.593262 69.235458 742.609741
v -2198.333496 77.574455 741.175415
v -1589.568848 77.881271 754.799194
v -1585.235352 69.969841 756.455688
v -1907.818848 62.845345 709.955933
v -1908.874023 62.845345 753.723999
v -1910.456543 62.845345 819.375610
v -1911.586914 62.845345 866.269653
v -1911.865234 62.845695 877.785767
v -1911.950195 72.994125 881.311890
v -1911.661133 77.274239 869.342651
v -1911.833984 96.673798 876.513306
v -1911.586914 183.123215 866.270142
v -1910.456543 190.260056 819.376099
v -1908.874023 190.260056 753.723511
v -1907.818848 183.123199 709.955444
v -1907.572266 96.673798 699.712036
v -1907.745117 77.274239 706.882690
v -1907.456543 72.994125 694.913940
v -1907.541016 62.845695 698.439819
v -1981.345703 132.883286 870.324097
v -1911.733398 130.835495 872.463501
v -1840.369629 128.765106 874.346069
v -1740.194336 137.468933 819.155640
v -1824.958496 185.883606 817.112183
v -1833.643066 179.744492 857.337280
v -1760.754395 131.329803 859.094360
v -1823.594238 185.883606 760.536743
v -1830.395996 179.744492 722.633911
v -1738.830078 137.468933 762.580200
v -1757.506836 131.329803 724.390991
v -1996.780762 185.177856 811.518433
v -2051.418457 146.106857 809.547241
v -2033.592285 140.298248 847.253296
v -1986.635254 179.369263 850.020386
v -2050.160645 146.106857 757.390503
v -2030.598633 140.298248 723.070923
v -1995.490723 185.177856 757.989380
v -1983.562500 179.369263 722.569702
v -2084.917969 62.111328 860.086792
v -2085.189453 62.128418 871.360474
v -2085.273438 72.491646 874.796509
v -2084.990234 76.760368 863.081177
v -2085.159180 96.673599 870.067993
v -2084.917969 135.216064 860.086792
v -2083.816406 142.340210 814.394653
v -2082.274414 142.340210 750.425659
v -2081.246094 135.216064 707.779175
v -2081.005859 96.673599 697.798218
v -2081.173828 76.760368 704.785034
v -2080.892090 72.491646 693.069946
v -2080.974609 62.128418 696.505981
v -2081.246094 62.111328 707.779175
v -2082.342773 64.997604 750.423950
v -2083.885254 64.997604 814.392944
v -2002.642578 62.519142 708.560669
v -2003.687012 62.574913 751.830200
v -2005.251465 62.574913 816.734009
v -2006.368164 62.519142 863.093872
v -2006.644531 62.545898 874.561646
v -2006.729980 72.784248 878.050903
v -2006.441406 77.045868 866.132202
v -2006.612305 96.673706 873.221069
v -2006.362793 133.878662 866.418091
v -2001.312988 165.850418 863.384155
v -2002.633301 166.058167 849.077759
v -2009.676758 175.956207 811.053345
v -2008.392090 175.957108 757.848267
v -1999.586426 166.059204 722.740601
v -1997.667480 165.779465 708.515259
v -2002.398926 96.673721 698.433472
v -2002.569336 77.045868 705.522339
v -2002.283691 72.784248 693.604126
v -2002.366699 62.545898 697.093140
v -1998.406738 83.747589 834.837280
v -2007.062012 96.706085 834.628784
v -2020.017090 105.364685 834.316284
v -2035.298828 108.405182 833.947876
v -2050.578125 105.364716 833.579468
v -2063.533691 96.706116 833.267212
v -2072.188965 83.747620 833.058716
v -2075.228516 68.462036 832.985229
v -2072.188965 53.176437 833.058716
v -2063.533691 40.217934 833.267212
v -2050.578125 31.559330 833.579468
v -2035.298828 28.518833 833.947876
v -2020.017090 31.559326 834.316284
v -2007.062012 40.217918 834.628784
v -1998.406738 53.176422 834.837280
v -1995.365234 68.462021 834.910522
v -1999.073730 83.747589 862.516479
v -2007.729492 96.706085 862.307983
v -2020.684570 105.364685 861.995728
v -2035.965820 108.405182 861.627075
v -2051.245605 105.364716 861.258911
v -2064.201660 96.706116 860.946655
v -2072.855957 83.747620 860.737671
v -2075.895996 68.462036 860.664429
v -2072.855957 53.176437 860.737671
v -2064.201660 40.217934 860.946655
v -2051.245605 31.559330 861.258911
v -2035.965820 28.518833 861.627075
v -2020.684570 31.559326 861.995728
v -2007.729492 40.217918 862.307983
v -1999.073730 53.176422 862.516479
v -1996.032715 68.462021 862.589966
v -2035.298828 68.462021 833.947876
v -1993.547852 85.948654 853.840698
v -1990.069824 68.462021 853.924683
v -1993.547852 50.975365 853.840698
v -2003.450195 36.150848 853.601929
v -2018.271484 26.245445 853.244507
v -2035.752930 22.767136 852.823364
v -2053.233887 26.245457 852.401978
v -2068.054688 36.150871 852.044556
v -2077.956543 50.975365 851.805786
v -2081.434082 68.462036 851.722046
v -2077.956543 85.948700 851.805786
v -2068.054688 100.773178 852.044556
v -2053.233887 110.678589 852.401978
v -2035.752930 114.156891 852.823364
v -2018.271484 110.678558 853.244507
v -2003.450195 100.773163 853.601929
v -1993.260254 85.948654 841.918335
v -1989.783203 68.462021 842.002075
v -1993.260254 50.975365 841.918335
v -2003.163086 36.150848 841.679565
v -2017.983398 26.245445 841.322144
v -2035.465820 22.767136 840.900757
v -2052.946289 26.245457 840.479370
v -2067.767090 36.150871 840.122192
v -2077.669434 50.975365 839.883423
v -2081.146484 68.462036 839.799683
v -2077.669434 85.948700 839.883423
v -2067.767090 100.773178 840.122192
v -2052.946289 110.678589 840.479370
v -2035.465820 114.156891 840.900757
v -2017.983398 110.678558 841.322144
v -2003.163086 100.773163 841.679565
v -2008.914551 79.670303 862.279175
v -2006.684082 68.462021 862.333130
v -2008.914551 57.253716 862.279175
v -2015.260742 47.751770 862.126343
v -2024.759766 41.402771 861.897339
v -2035.965820 39.173294 861.627075
v -2047.168945 41.402771 861.357056
v -2056.670410 47.751770 861.128052
v -2063.016602 57.253716 860.974976
v -2065.245117 68.462036 860.921265
v -2063.016602 79.670334 860.974976
v -2056.670410 89.172272 861.128052
v -2047.168945 95.521255 861.357056
v -2035.965820 97.750732 861.627075
v -2024.759766 95.521255 861.897339
v -2015.260742 89.172256 862.126343
v -2013.856934 77.571419 857.072144
v -2012.044922 68.462021 857.116089
v -2035.842773 68.462021 856.542358
v -2013.856934 59.352600 857.072144
v -2019.015625 51.630005 856.947876
v -2026.735352 46.469917 856.761597
v -2035.842773 44.657944 856.542358
v -2044.949707 46.469917 856.322632
v -2052.669434 51.630005 856.136597
v -2057.828125 59.352600 856.012085
v -2059.640625 68.462029 855.968628
v -2057.828125 77.571449 856.012085
v -2052.669434 85.294037 856.136597
v -2044.949707 90.454102 856.322632
v -2035.842773 92.266068 856.542358
v -2026.735352 90.454086 856.761597
v -2019.015625 85.294022 856.947876
v -2008.858398 79.670303 859.926636
v -2006.626953 68.462021 859.980347
v -2008.858398 57.253716 859.926636
v -2015.203613 47.751770 859.773804
v -2024.703125 41.402771 859.544800
v -2035.908691 39.173294 859.274536
v -2047.112793 41.402771 859.004517
v -2056.614258 47.751770 858.775269
v -2062.959473 57.253716 858.622437
v -2065.187988 68.462036 858.568726
v -2062.959473 79.670334 858.622437
v -2056.614258 89.172272 858.775269
v -2047.112793 95.521255 859.004517
v -2035.908691 97.750732 859.274536
v -2024.703125 95.521255 859.544800
v -2015.203613 89.172256 859.773804
v -1687.355469 83.747589 842.335815
v -1696.010742 96.706085 842.127075
v -1708.965820 105.364685 841.814819
v -1724.247070 108.405182 841.446655
v -1739.526855 105.364716 841.078003
v -1752.482910 96.706116 840.765991
v -1761.137695 83.747620 840.557251
v -1764.177246 68.462036 840.483765
v -1761.137695 53.176437 840.557251
v -1752.482910 40.217934 840.765991
v -1739.526855 31.559330 841.078003
v -1724.247070 28.518833 841.446655
v -1708.965820 31.559326 841.814819
v -1696.010742 40.217918 842.127075
v -1687.355469 53.176422 842.335815
v -1684.313965 68.462021 842.409302
v -1688.022461 83.747589 870.015015
v -1696.678711 96.706085 869.806519
v -1709.633301 105.364685 869.494019
v -1724.914062 108.405182 869.125610
v -1740.194336 105.364716 868.757446
v -1753.150391 96.706116 868.444946
v -1761.805176 83.747620 868.236450
v -1764.845215 68.462036 868.163208
v -1761.805176 53.176437 868.236450
v -1753.150391 40.217934 868.444946
v -1740.194336 31.559330 868.757446
v -1724.914062 28.518833 869.125610
v -1709.633301 31.559326 869.494019
v -1696.678711 40.217918 869.806519
v -1688.022461 53.176422 870.015015
v -1684.981934 68.462021 870.088257
v -1724.247070 68.462021 841.446655
v -1682.496094 85.948654 861.339233
v -1679.019043 68.462021 861.422974
v -1682.496094 50.975365 861.339233
v -1692.399414 36.150848 861.100464
v -1707.219727 26.245445 860.743286
v -1724.702148 22.767136 860.321655
v -1742.182129 26.245457 859.900513
v -1757.002930 36.150871 859.543091
v -1766.905273 50.975365 859.304321
v -1770.383301 68.462036 859.220581
v -1766.905273 85.948700 859.304321
v -1757.002930 100.773178 859.543091
v -1742.182129 110.678589 859.900513
v -1724.702148 114.156891 860.321655
v -1707.219727 110.678558 860.743286
v -1692.399414 100.773163 861.100464
v -1682.208984 85.948654 849.416870
v -1678.731445 68.462021 849.500610
v -1682.208984 50.975365 849.416870
v -1692.112305 36.150848 849.178101
v -1706.932129 26.245445 848.820923
v -1724.414551 22.767136 848.399292
v -1741.895508 26.245457 847.977905
v -1756.715820 36.150871 847.620728
v -1766.618164 50.975365 847.381958
v -1770.095215 68.462036 847.298218
v -1766.618164 85.948700 847.381958
v -1756.715820 100.773178 847.620728
v -1741.895508 110.678589 847.977905
v -1724.414551 114.156891 848.399292
v -1706.932129 110.678558 848.820923
v -1692.112305 100.773163 849.178101
v -1697.863770 79.670303 869.777954
v -1695.633301 68.462021 869.831665
v -1697.863770 57.253716 869.777954
v -1704.208984 47.751770 869.624878
v -1713.708496 41.402771 869.395874
v -1724.914062 39.173294 869.125610
v -1736.118164 41.402771 868.855591
v -1745.619629 47.751770 868.626587
v -1751.964844 57.253716 868.473755
v -1754.193359 68.462036 868.420044
v -1751.964844 79.670334 868.473755
v -1745.619629 89.172272 868.626587
v -1736.118164 95.521255 868.855591
v -1724.914062 97.750732 869.125610
v -1713.708496 95.521255 869.395874
v -1704.208984 89.172256 869.624878
v -1702.806152 77.571419 864.570923
v -1700.994141 68.462021 864.614380
v -1724.791504 68.462021 864.040894
v -1702.806152 59.352600 864.570923
v -1707.964355 51.630005 864.446411
v -1715.683594 46.469917 864.260376
v -1724.791504 44.657944 864.040894
v -1733.898926 46.469917 863.821167
v -1741.618164 51.630005 863.635132
v -1746.776367 59.352600 863.510864
v -1748.589355 68.462029 863.467163
v -1746.776367 77.571449 863.510864
v -1741.618164 85.294037 863.635132
v -1733.898926 90.454102 863.821167
v -1724.791504 92.266068 864.040894
v -1715.683594 90.454086 864.260376
v -1707.964355 85.294022 864.446411
v -1697.806641 79.670303 867.425171
v -1695.576172 68.462021 867.478882
v -1697.806641 57.253716 867.425171
v -1704.152344 47.751770 867.272095
v -1713.651855 41.402771 867.043335
v -1724.857910 39.173294 866.773071
v -1736.061523 41.402771 866.502808
v -1745.562988 47.751770 866.273804
v -1751.908691 57.253716 866.120972
v -1754.137207 68.462036 866.067261
v -1751.908691 79.670334 866.120972
v -1745.562988 89.172272 866.273804
v -1736.061523 95.521255 866.502808
v -1724.857910 97.750732 866.773071
v -1713.651855 95.521255 867.043335
v -1704.152344 89.172256 867.272095
v -1685.078613 81.385498 742.970337
v -1693.733887 94.343994 742.761353
v -1706.688965 103.002594 742.449341
v -1721.969727 106.043091 742.080933
v -1737.249512 103.002625 741.712524
v -1750.205566 94.344025 741.400269
v -1758.860840 81.385529 741.191528
v -1761.900391 66.099945 741.118286
v -1758.860840 50.814346 741.191528
v -1750.205566 37.855843 741.400269
v -1737.249512 29.197239 741.712524
v -1721.969727 26.156742 742.080933
v -1706.688965 29.197235 742.449341
v -1693.733887 37.855827 742.761353
v -1685.078613 50.814331 742.970337
v -1682.037109 66.099930 743.043579
v -1684.411133 81.385498 715.290894
v -1693.066406 94.343994 715.082642
v -1706.021484 103.002594 714.770142
v -1721.303223 106.043091 714.401733
v -1736.582031 103.002625 714.033081
v -1749.538574 94.344025 713.720825
v -1758.192871 81.385529 713.512085
v -1761.232910 66.099945 713.438843
v -1758.192871 50.814346 713.512085
v -1749.538574 37.855843 713.720825
v -1736.582031 29.197239 714.033081
v -1721.303223 26.156742 714.401733
v -1706.021484 29.197235 714.770142
v -1693.066406 37.855827 715.082642
v -1684.411133 50.814331 715.290894
v -1681.369629 66.099930 715.364380
v -1721.969727 66.099930 742.080933
v -1679.309570 83.586563 724.223022
v -1675.832520 66.099930 724.306763
v -1679.309570 48.613274 724.223022
v -1689.211914 33.788754 723.984253
v -1704.032227 23.883354 723.627319
v -1721.515137 20.405046 723.205688
v -1738.995605 23.883366 722.784302
v -1753.815918 33.788776 722.426880
v -1763.718262 48.613274 722.188110
v -1767.195801 66.099945 722.104614
v -1763.718262 83.586609 722.188110
v -1753.815918 98.411087 722.426880
v -1738.995605 108.316498 722.784302
v -1721.515137 111.794800 723.205688
v -1704.032227 108.316467 723.627319
v -1689.211914 98.411072 723.984253
v -1679.596191 83.586563 736.145386
v -1676.119141 66.099930 736.229370
v -1679.596191 48.613274 736.145386
v -1689.499512 33.788754 735.906616
v -1704.320312 23.883354 735.549438
v -1721.802246 20.405046 735.128052
v -1739.282715 23.883366 734.706665
v -1754.103516 33.788776 734.349243
v -1764.005859 48.613274 734.110474
v -1767.482910 66.099945 734.026978
v -1764.005859 83.586609 734.110474
v -1754.103516 98.411087 734.349243
v -1739.282715 108.316498 734.706665
v -1721.802246 111.794800 735.128052
v -1704.320312 108.316467 735.549438
v -1689.499512 98.411072 735.906616
v -1694.251465 77.308212 715.053833
v -1692.020996 66.099930 715.107788
v -1694.251465 54.891624 715.053833
v -1700.597656 45.389679 714.900757
v -1710.096680 39.040680 714.671753
v -1721.303223 36.811203 714.401733
v -1732.506348 39.040680 714.131470
v -1742.007324 45.389679 713.902466
v -1748.353516 54.891624 713.749390
v -1750.582031 66.099945 713.695923
v -1748.353516 77.308243 713.749390
v -1742.007324 86.810181 713.902466
v -1732.506348 93.159164 714.131470
v -1721.303223 95.388641 714.401733
v -1710.096680 93.159164 714.671753
v -1700.597656 86.810165 714.900757
v -1699.439453 75.209328 720.016479
v -1697.627441 66.099930 720.060181
v -1721.425293 66.099930 719.486450
v -1699.439453 56.990509 720.016479
v -1704.598633 49.267914 719.892212
v -1712.317871 44.107826 719.706177
v -1721.425293 42.295853 719.486450
v -1730.532227 44.107826 719.266968
v -1738.251465 49.267914 719.080933
v -1743.410156 56.990509 718.956421
v -1745.223633 66.099937 718.912964
v -1743.410156 75.209358 718.956421
v -1738.251465 82.931946 719.080933
v -1730.532227 88.092010 719.266968
v -1721.425293 89.903976 719.486450
v -1712.317871 88.091995 719.706177
v -1704.598633 82.931931 719.892212
v -1694.308594 77.308212 717.406372
v -1692.078125 66.099930 717.460327
v -1694.308594 54.891624 717.406372
v -1700.654297 45.389679 717.253540
v -1710.153320 39.040680 717.024292
v -1721.359375 36.811203 716.754272
v -1732.562988 39.040680 716.484253
v -1742.064453 45.389679 716.255249
v -1748.409668 54.891624 716.102417
v -1750.638672 66.099945 716.048462
v -1748.409668 77.308243 716.102417
v -1742.064453 86.810181 716.255249
v -1732.562988 93.159164 716.484253
v -1721.359375 95.388641 716.754272
v -1710.153320 93.159164 717.024292
v -1700.654297 86.810165 717.253540
v -1996.129395 81.385498 735.471558
v -2004.784668 94.343994 735.263062
v -2017.739746 103.002594 734.950806
v -2033.021484 106.043091 734.582397
v -2048.300781 103.002625 734.213745
v -2061.257324 94.344025 733.901733
v -2069.911621 81.385529 733.692993
v -2072.951660 66.099945 733.619751
v -2069.911621 50.814346 733.692993
v -2061.257324 37.855843 733.901733
v -2048.300781 29.197239 734.213745
v -2033.021484 26.156742 734.582397
v -2017.739746 29.197235 734.950806
v -2004.784668 37.855827 735.263062
v -1996.129395 50.814331 735.471558
v -1993.087891 66.099930 735.545044
v -1995.462402 81.385498 707.792358
v -2004.117676 94.343994 707.583862
v -2017.073242 103.002594 707.271362
v -2032.354004 106.043091 706.902954
v -2047.633301 103.002625 706.535034
v -2060.589355 94.344025 706.222534
v -2069.245117 81.385529 706.013550
v -2072.284180 66.099945 705.940552
v -2069.245117 50.814346 706.013550
v -2060.589355 37.855843 706.222534
v -2047.633301 29.197239 706.535034
v -2032.354004 26.156742 706.902954
v -2017.073242 29.197235 707.271362
v -2004.117676 37.855827 707.583862
v -1995.462402 50.814331 707.792358
v -1992.420898 66.099930 707.865845
v -2033.021484 66.099930 734.582397
v -1990.360352 83.586563 716.724731
v -1986.883301 66.099930 716.808228
v -1990.360352 48.613274 716.724731
v -2000.263184 33.788754 716.485962
v -2015.083984 23.883354 716.128540
v -2032.565918 20.405046 715.707153
v -2050.046875 23.883366 715.285522
v -2064.867188 33.788776 714.928345
v -2074.770020 48.613274 714.689575
v -2078.247070 66.099945 714.605835
v -2074.770020 83.586609 714.689575
v -2064.867188 98.411087 714.928345
v -2050.046875 108.316498 715.285522
v -2032.565918 111.794800 715.707153
v -2015.083984 108.316467 716.128540
v -2000.263184 98.411072 716.485962
v -1990.648438 83.586563 728.647095
v -1987.170898 66.099930 728.730591
v -1990.648438 48.613274 728.647095
v -2000.550781 33.788754 728.408325
v -2015.371094 23.883354 728.050903
v -2032.853516 20.405046 727.629517
v -2050.333984 23.883366 727.207886
v -2065.154785 33.788776 726.850708
v -2075.056641 48.613274 726.611938
v -2078.534180 66.099945 726.528442
v -2075.056641 83.586609 726.611938
v -2065.154785 98.411087 726.850708
v -2050.333984 108.316498 727.207886
v -2032.853516 111.794800 727.629517
v -2015.371094 108.316467 728.050903
v -2000.550781 98.411072 728.408325
v -2005.303223 77.308212 707.555298
v -2003.072266 66.099930 707.608765
v -2005.303223 54.891624 707.555298
v -2011.648926 45.389679 707.402222
v -2021.147949 39.040680 707.173218
v -2032.354004 36.811203 706.902954
v -2043.557617 39.040680 706.633179
v -2053.059082 45.389679 706.403687
v -2059.404297 54.891624 706.250854
v -2061.633301 66.099945 706.197144
v -2059.404297 77.308243 706.250854
v -2053.059082 86.810181 706.403687
v -2043.557617 93.159164 706.633179
v -2032.354004 95.388641 706.902954
v -2021.147949 93.159164 707.173218
v -2011.648926 86.810165 707.402222
v -2010.491211 75.209328 712.517944
v -2008.678711 66.099930 712.561646
v -2032.476562 66.099930 711.988159
v -2010.491211 56.990509 712.517944
v -2015.649414 49.267914 712.393677
v -2023.368652 44.107826 712.207642
v -2032.476562 42.295853 711.988159
v -2041.583008 44.107826 711.768677
v -2049.302734 49.267914 711.582153
v -2054.460938 56.990509 711.458130
v -2056.274414 66.099937 711.414429
v -2054.460938 75.209358 711.458130
v -2049.302734 82.931946 711.582153
v -2041.583008 88.092010 711.768677
v -2032.476562 89.903976 711.988159
v -2023.368652 88.091995 712.207642
v -2015.649414 82.931931 712.393677
v -2005.359863 77.308212 709.907837
v -2003.128906 66.099930 709.961792
v -2005.359863 54.891624 709.907837
v -2011.706055 45.389679 709.755005
v -2021.205078 39.040680 709.526001
v -2032.410645 36.811203 709.255737
v -2043.614258 39.040680 708.985718
v -2053.115234 45.389679 708.756714
v -2059.460938 54.891624 708.603638
v -2061.689941 66.099945 708.549683
v -2059.460938 77.308243 708.603638
v -2053.115234 86.810181 708.756714
v -2043.614258 93.159164 708.985718
v -2032.410645 95.388641 709.255737
v -2021.205078 93.159164 709.526001
v -2011.706055 86.810165 709.755005
v -2400.072754 199.828445 -430.857788
v -2400.072754 199.828445 -151.002686
v -2400.072754 209.672882 -430.857788
v -2400.072754 209.672882 -151.002686
v -2185.636230 209.672882 -430.857910
v -2185.636230 209.672882 -151.002686
v -2185.636230 199.828445 -430.857910
v -2185.636230 199.828445 -151.002686
v -2292.854492 260.594635 -430.857910
v -2292.854492 250.750244 -430.857910
v -2292.854492 250.750244 -151.002686
v -2292.854492 260.594635 -151.002686
v -2400.072754 199.828445 -285.977417
v -2400.072754 199.828445 -295.884155
v -2400.072754 209.672882 -295.884155
v -2400.072754 209.672882 -285.977417
v -2292.854492 260.594635 -295.884277
v -2292.854492 260.594635 -285.977417
v -2185.636230 209.672867 -295.884277
v -2185.636230 209.672867 -285.977417
v -2185.636230 199.828430 -295.884277
v -2185.636230 199.828430 -285.977417
v -2292.854492 250.750244 -295.884277
v -2292.854492 250.750244 -285.977417
v -2395.431152 219.712509 -306.115601
v -2395.431152 219.712509 -424.379761
v -2305.587891 262.382233 -306.115723
v -2305.587891 262.382233 -424.379761
v -2395.431152 219.712509 -275.745728
v -2305.587891 262.382233 -275.745605
v -2395.431152 219.712509 -157.480347
v -2305.587891 262.382233 -157.480347
v -2370.729492 118.028152 -443.134399
v -2370.729492 118.028152 -436.690063
v -2370.729492 161.873428 -443.134399
v -2370.729492 161.873428 -436.690063
v -2213.035645 161.873428 -443.134277
v -2213.035645 161.873428 -436.690063
v -2213.035645 118.028152 -443.134277
v -2213.035645 118.028152 -436.690063
v -2370.729492 153.104370 -448.467407
v -2213.035645 153.104370 -448.467407
v -2213.035645 153.104370 -441.046875
v -2370.729492 153.104370 -441.046997
v -2370.729492 125.043396 -448.467407
v -2213.035645 125.043396 -448.467407
v -2213.035645 125.043396 -441.046875
v -2370.729492 125.043396 -441.046997
v -2213.035645 118.028152 -423.440552
v -2370.729492 118.028152 -423.440552
v -2213.035645 125.043396 -423.440552
v -2370.729492 125.043396 -423.440552
v -2213.035645 153.104370 -423.440552
v -2370.729492 153.104370 -423.440552
v -2213.035645 161.873428 -423.440552
v -2370.729492 161.873428 -423.440552
v -2213.035645 118.028152 -139.908203
v -2213.035645 118.028152 -146.352417
v -2213.035645 161.873428 -139.908203
v -2213.035645 161.873428 -146.352417
v -2370.729492 161.873428 -139.908203
v -2370.729492 161.873428 -146.352417
v -2370.729492 118.028152 -139.908203
v -2370.729492 118.028152 -146.352417
v -2213.035645 153.104370 -134.575073
v -2370.729492 153.104370 -134.575073
v -2370.729492 153.104370 -141.995605
v -2213.035645 153.104370 -141.995605
v -2213.035645 125.043396 -134.575073
v -2370.729492 125.043396 -134.575073
v -2370.729492 125.043396 -141.995605
v -2213.035645 125.043396 -141.995605
v -2370.729492 118.028152 -159.602051
v -2213.035645 118.028152 -159.602051
v -2370.729492 125.043396 -159.602051
v -2213.035645 125.043396 -159.602051
v -2370.729492 153.104370 -159.602051
v -2213.035645 153.104370 -159.602051
v -2370.729492 161.873428 -159.602051
v -2213.035645 161.873428 -159.602051
v -2345.980957 45.318993 -297.399780
v -2345.980957 45.318993 -282.499390
v -2345.980957 57.617439 -302.366211
v -2345.980957 57.617439 -277.532471
v -2210.267090 57.617439 -302.366211
v -2210.267090 57.617439 -277.532471
v -2210.267090 45.318993 -297.399780
v -2210.267090 45.318993 -282.499390
v -2345.980957 45.318993 -402.700806
v -2345.980957 45.318993 -387.800415
v -2345.980957 57.617439 -407.667114
v -2345.980957 57.617439 -382.833618
v -2210.267090 57.617439 -407.667236
v -2210.267090 57.617439 -382.833618
v -2210.267090 45.318993 -402.700806
v -2210.267090 45.318993 -387.800415
v -2345.980957 45.318993 -196.188843
v -2345.980957 45.318993 -181.288330
v -2345.980957 57.617439 -201.155273
v -2345.980957 57.617439 -176.321533
v -2210.267090 57.617439 -201.155273
v -2210.267090 57.617439 -176.321533
v -2210.267090 45.318993 -196.188843
v -2210.267090 45.318993 -181.288330
v -2204.679199 55.486366 -424.615479
v -2204.679199 55.486366 -159.840332
v -2365.903809 204.666077 -411.008179
v -2365.903809 204.666077 -173.447632
v -2218.086914 204.666077 -173.447632
v -2218.086914 204.666077 -411.008057
v -2365.903809 84.148834 -411.008179
v -2365.903809 84.148834 -173.447632
v -2218.086914 84.148834 -173.447632
v -2218.086914 84.148834 -411.008057
v -2350.513672 55.486366 -424.615356
v -2379.311035 84.283951 -424.615356
v -2350.513672 55.486366 -159.840332
v -2379.311035 84.283951 -159.840332
v -2204.679199 84.283951 -159.840332
v -2204.679199 84.283951 -424.615479
v -2204.679199 115.681770 -424.615479
v -2379.311035 115.681770 -424.615356
v -2379.311035 115.681770 -159.840332
v -2204.679199 115.681770 -159.840332
v -2204.679199 167.231308 -424.615479
v -2379.311035 167.231308 -424.615356
v -2379.311035 167.231308 -159.840332
v -2204.679199 167.231308 -159.840332
v -2202.021484 116.476425 -428.644897
v -2381.968750 116.476425 -428.644897
v -2381.968750 166.436661 -428.644897
v -2202.021484 166.436661 -428.644897
v -2381.968750 116.476425 -155.811279
v -2381.968750 166.436661 -155.811279
v -2202.021484 116.476425 -155.811279
v -2202.021484 166.436661 -155.811279
v -2204.679199 192.072632 -424.615479
v -2379.311035 192.072632 -424.615356
v -2379.311035 192.072632 -159.840332
v -2204.679199 192.072632 -159.840332
v -2387.996094 192.072632 -431.450073
v -2387.996094 192.072632 -153.005737
v -2387.996094 204.666077 -153.005737
v -2387.996094 204.666077 -431.450073
v -2195.994629 204.666077 -431.449951
v -2195.994629 204.666077 -153.005737
v -2195.994629 192.072632 -153.005737
v -2195.994629 192.072632 -431.449951
v -2204.679199 55.486366 -266.427490
v -2350.514160 55.486351 -266.427490
v -2379.311035 84.283943 -266.427368
v -2379.311035 115.681770 -266.427368
v -2381.968750 116.476425 -266.427856
v -2381.968750 166.436661 -266.427856
v -2379.311035 167.231308 -266.427368
v -2379.311035 192.072632 -266.427368
v -2387.996094 192.072632 -266.427368
v -2387.996094 204.666077 -266.427368
v -2365.903809 204.666077 -266.427856
v -2365.903809 84.148834 -266.427856
v -2218.086914 84.148834 -266.427856
v -2218.086914 204.666077 -266.427856
v -2195.994629 204.666077 -266.427490
v -2195.994629 192.072647 -266.427490
v -2204.679199 192.072647 -266.427490
v -2204.679199 167.231308 -266.427490
v -2202.021484 166.436661 -266.427490
v -2202.021484 116.476425 -266.427490
v -2204.679199 115.681770 -266.427490
v -2204.679199 84.283943 -266.427490
v -2350.514160 55.486366 -194.186890
v -2204.679199 55.486366 -194.186890
v -2204.679199 84.283943 -194.186890
v -2204.679199 115.681770 -194.186890
v -2202.021484 116.476425 -194.186890
v -2202.021484 166.436661 -194.186890
v -2204.679199 167.231308 -194.186890
v -2204.679199 192.072647 -194.186890
v -2195.994629 192.072647 -194.186890
v -2195.994629 204.666077 -194.186890
v -2218.086914 204.666077 -194.186890
v -2218.086914 84.148827 -194.186890
v -2365.903809 84.148827 -194.186890
v -2365.903809 204.666077 -194.186890
v -2387.996094 204.666077 -194.186890
v -2387.996094 192.072632 -194.186890
v -2379.311035 192.072632 -194.186890
v -2379.311035 167.231308 -194.186890
v -2381.968750 166.436661 -194.186890
v -2381.968750 116.476425 -194.186890
v -2379.311035 115.681770 -194.186890
v -2379.311035 84.283943 -194.186890
v -2386.073242 122.066086 -266.427856
v -2386.073242 160.847000 -266.427856
v -2386.073242 122.066086 -194.186890
v -2386.073242 160.847000 -194.186890
v -2393.806152 204.447357 -161.909424
v -2393.806152 204.447357 -160.559937
v -2383.723145 211.741272 -161.909424
v -2383.723145 211.741272 -160.559937
v -2201.985840 211.741272 -161.909424
v -2201.985840 211.741272 -160.559937
v -2191.902832 204.447357 -161.909424
v -2191.902832 204.447357 -160.559937
v -2292.854492 255.040558 -161.909424
v -2292.854492 204.447357 -161.909424
v -2292.854492 204.447357 -160.559937
v -2292.854492 255.040558 -160.559937
v -2393.806152 204.447357 -421.664429
v -2393.806152 204.447357 -420.315063
v -2383.723145 211.741272 -421.664429
v -2383.723145 211.741272 -420.315063
v -2201.985840 211.741272 -421.664551
v -2201.985840 211.741272 -420.315063
v -2191.902832 204.447357 -421.664551
v -2191.902832 204.447357 -420.315063
v -2292.854492 255.040558 -421.664551
v -2292.854492 204.447357 -421.664551
v -2292.854492 204.447357 -420.315063
v -2292.854492 255.040558 -420.315063
v -2246.342285 71.392700 55.099976
v -2246.979004 68.388931 54.801880
v -2244.258789 68.401810 56.075317
v -2242.985352 68.388939 53.354858
v -2242.985352 71.392700 53.354858
v -2245.705566 71.392700 52.081421
v -2246.342285 52.436485 55.099976
v -2245.705566 52.436485 52.081421
v -2242.985352 52.436485 53.354858
v -2242.985352 55.440254 53.354858
v -2244.258789 55.433815 56.075317
v -2246.979004 55.440254 54.801880
v -2245.068848 71.392700 49.062134
v -2245.705566 71.392700 52.080566
v -2242.984863 71.392700 53.354126
v -2242.984863 68.388931 53.354126
v -2241.711426 68.376060 50.633667
v -2244.431641 68.388931 49.360229
v -2245.068848 52.436485 49.062134
v -2244.431641 55.440254 49.360229
v -2241.711426 55.446686 50.633667
v -2242.984863 55.440254 53.354126
v -2242.984863 52.436485 53.354126
v -2245.705566 52.436485 52.080566
v -2387.178223 71.392700 -14.145386
v -2384.458008 71.392700 -12.871948
v -2383.821289 71.392700 -15.890503
v -2383.184570 68.388931 -15.592407
v -2385.904785 68.388931 -16.865845
v -2387.178223 68.388931 -14.145386
v -2387.178223 52.436485 -14.145386
v -2387.178223 55.440254 -14.145386
v -2385.904785 55.433815 -16.865845
v -2383.184570 55.440247 -15.592407
v -2383.821289 52.436485 -15.890503
v -2384.458008 52.436485 -12.871948
v -2385.094727 71.392700 -9.852661
v -2384.458008 71.392700 -12.871094
v -2387.178711 71.392700 -14.144653
v -2387.178711 68.388931 -14.144653
v -2388.452148 68.388931 -11.424194
v -2385.731934 68.388931 -10.150757
v -2385.094727 52.436485 -9.852661
v -2385.731934 55.440254 -10.150757
v -2388.452148 55.446686 -11.424194
v -2387.178711 55.440254 -14.144653
v -2387.178711 52.436485 -14.144653
v -2384.458008 52.436485 -12.871094
v -2244.258789 71.392700 56.075317
v -2244.258789 52.436485 56.075317
v -2241.711426 71.392700 50.633667
v -2241.711426 52.436485 50.633667
v -2385.904785 71.392700 -16.865845
v -2385.904785 52.436485 -16.865845
v -2388.452148 71.392700 -11.424194
v -2388.452148 52.436485 -11.424194
v -2185.913574 71.392700 -73.989136
v -2186.550293 68.388931 -74.287231
v -2183.830078 68.401810 -73.013794
v -2182.556641 68.388939 -75.734253
v -2182.556641 71.392700 -75.734253
v -2185.276855 71.392700 -77.007690
v -2185.913574 52.436485 -73.989136
v -2185.276855 52.436485 -77.007690
v -2182.556641 52.436485 -75.734253
v -2182.556641 55.440254 -75.734253
v -2183.830078 55.433815 -73.013794
v -2186.550293 55.440254 -74.287231
v -2184.640137 71.392700 -80.026978
v -2185.276855 71.392700 -77.008545
v -2182.556152 71.392700 -75.734985
v -2182.556152 68.388931 -75.734985
v -2181.282715 68.376060 -78.455444
v -2184.002930 68.388931 -79.728882
v -2184.640137 52.436485 -80.026978
v -2184.002930 55.440254 -79.728882
v -2181.282715 55.446693 -78.455444
v -2182.556152 55.440254 -75.734985
v -2182.556152 52.436485 -75.734985
v -2185.276855 52.436485 -77.008545
v -2326.749512 71.392700 -143.234497
v -2324.029297 71.392700 -141.961060
v -2323.392578 71.392700 -144.979614
v -2322.755859 68.388931 -144.681519
v -2325.476074 68.388931 -145.954956
v -2326.749512 68.388931 -143.234497
v -2326.749512 52.436485 -143.234497
v -2326.749512 55.440254 -143.234497
v -2325.476074 55.385628 -145.954956
v -2322.755859 55.440216 -144.681519
v -2323.392578 52.436485 -144.979614
v -2324.029297 52.436485 -141.961060
v -2324.666016 71.392700 -138.942017
v -2324.029297 71.392700 -141.960449
v -2326.750000 71.392700 -143.234009
v -2326.750000 68.388931 -143.234009
v -2328.023438 68.388931 -140.513550
v -2325.303223 68.388931 -139.240112
v -2324.666016 52.436485 -138.942017
v -2325.303223 55.440254 -139.240112
v -2328.023438 55.494873 -140.513550
v -2326.750000 55.440277 -143.234009
v -2326.750000 52.436485 -143.234009
v -2324.029297 52.436485 -141.960449
v -2183.830078 71.392700 -73.013794
v -2183.830078 52.436485 -73.013794
v -2181.282715 71.392700 -78.455444
v -2181.282715 52.436485 -78.455444
v -2325.476074 71.392700 -145.954956
v -2325.476074 52.436485 -145.954956
v -2328.023438 71.392700 -140.513550
v -2328.023438 52.436485 -140.513550
v -2243.932617 71.139297 -112.047729
v -2246.653320 71.139297 -113.321167
v -2245.379883 71.139297 -116.041748
v -2245.379883 74.143066 -116.041626
v -2242.659180 74.143066 -114.768188
v -2243.932617 74.143066 -112.047729
v -2261.101074 71.139297 -120.084106
v -2261.101074 74.143066 -120.084106
v -2259.827637 74.143044 -122.804565
v -2257.107422 74.143028 -121.531128
v -2257.867676 71.139297 -121.887207
v -2258.380859 71.139297 -118.810669
v -2243.932617 77.147530 -112.047729
v -2243.932617 74.143761 -112.047729
v -2242.659180 74.143745 -114.768188
v -2245.379883 74.143730 -116.041626
v -2245.379883 77.147530 -116.041748
v -2246.653320 77.147530 -113.321167
v -2261.101074 77.147530 -120.084106
v -2258.380859 77.147530 -118.810669
v -2256.346680 77.147530 -121.175171
v -2257.106934 74.143761 -121.531128
v -2259.827637 74.143768 -122.804565
v -2261.101074 74.143761 -120.084106
v -2310.158691 74.143806 29.425415
v -2308.885254 74.143799 26.704956
v -2308.885254 77.147530 26.704956
v -2311.605469 77.147530 25.431519
v -2312.878906 77.147530 28.152100
v -2312.878906 74.143799 28.151978
v -2327.327148 74.143723 21.389038
v -2324.606445 74.143730 22.662476
v -2324.606445 77.147530 22.662598
v -2323.333008 77.147530 19.942017
v -2326.053711 77.147530 18.668579
v -2326.053711 74.143730 18.668579
v -2308.885254 71.139297 26.704956
v -2308.885254 74.143066 26.704956
v -2310.158691 74.143044 29.425415
v -2312.878906 74.143028 28.151978
v -2312.878906 71.139297 28.152100
v -2311.605469 71.139297 25.431519
v -2326.053711 71.139297 18.668579
v -2323.333008 71.139297 19.942017
v -2324.606445 71.139297 22.662598
v -2324.606445 74.143066 22.662476
v -2327.327148 74.143066 21.389038
v -2326.053711 74.143066 18.668579
v -2242.659180 71.139297 -114.768188
v -2259.827637 71.139297 -122.804565
v -2242.659180 77.147530 -114.768188
v -2259.827637 77.147530 -122.804565
v -2310.158691 77.147530 29.425415
v -2327.327148 77.147530 21.389038
v -2310.158691 71.139297 29.425415
v -2327.327148 71.139297 21.389038
v -2211.296387 71.139297 -96.770386
v -2214.017090 71.139297 -98.043823
v -2212.743652 71.139297 -100.764282
v -2212.743652 74.143066 -100.764282
v -2210.022949 74.143074 -99.490845
v -2211.296387 74.143066 -96.770386
v -2228.465332 71.139297 -104.806763
v -2228.465332 74.143066 -104.806763
v -2227.191895 74.143028 -107.527222
v -2224.471680 74.143013 -106.253906
v -2225.351074 71.139297 -106.665649
v -2225.745117 71.139297 -103.533325
v -2211.296387 77.147530 -96.770386
v -2211.296387 74.143761 -96.770386
v -2210.022949 74.143738 -99.490845
v -2212.743652 74.143715 -100.764282
v -2212.743652 77.147530 -100.764282
v -2214.017090 77.147530 -98.043823
v -2228.465332 77.147530 -104.806763
v -2225.745117 77.147530 -103.533325
v -2223.591797 77.147530 -105.842041
v -2224.471191 74.143761 -106.253784
v -2227.191895 74.143768 -107.527222
v -2228.465332 74.143761 -104.806763
v -2277.522461 74.143806 44.703003
v -2276.249023 74.143799 41.982544
v -2276.249023 77.147530 41.982544
v -2278.969238 77.147530 40.709106
v -2280.242676 77.147530 43.429688
v -2280.242676 74.143799 43.429565
v -2294.691406 74.143723 36.666382
v -2291.970703 74.143730 37.939819
v -2291.970703 77.147530 37.939941
v -2290.697266 77.147530 35.219360
v -2293.417969 77.147530 33.945923
v -2293.417969 74.143730 33.945923
v -2276.249023 71.139297 41.982544
v -2276.249023 74.143066 41.982544
v -2277.522461 74.143044 44.703003
v -2280.242676 74.143028 43.429565
v -2280.242676 71.139297 43.429688
v -2278.969238 71.139297 40.709106
v -2293.417969 71.139297 33.945923
v -2290.697266 71.139297 35.219360
v -2291.970703 71.139297 37.939941
v -2291.970703 74.143066 37.939819
v -2294.691406 74.143066 36.666382
v -2293.417969 74.143066 33.945923
v -2210.022949 71.139297 -99.490845
v -2227.191895 71.139297 -107.527222
v -2210.022949 77.147530 -99.490845
v -2227.191895 77.147530 -107.527222
v -2277.522461 77.147530 44.703003
v -2294.691406 77.147530 36.666382
v -2277.522461 71.139297 44.703003
v -2294.691406 71.139297 36.666382
v -2215.478516 71.392700 -10.831665
v -2216.115234 68.388931 -11.129761
v -2213.395020 68.453072 -9.856323
v -2212.121582 68.388969 -12.576660
v -2212.121582 71.392700 -12.576660
v -2214.841797 71.392700 -13.850220
v -2215.478516 52.436485 -10.831665
v -2214.841797 52.436485 -13.850220
v -2212.121582 52.436485 -12.576782
v -2212.121582 55.440254 -12.576782
v -2213.395020 55.385651 -9.856323
v -2216.115234 55.440254 -11.129761
v -2214.205078 71.392700 -16.869263
v -2214.841797 71.392700 -13.850830
v -2212.121094 71.392700 -12.577271
v -2212.121094 68.388931 -12.577271
v -2210.847656 68.324806 -15.297729
v -2213.567871 68.388931 -16.571167
v -2214.205078 52.436485 -16.869263
v -2213.567871 55.440254 -16.571167
v -2210.847656 55.494873 -15.297729
v -2212.121094 55.440277 -12.577271
v -2212.121094 52.436485 -12.577271
v -2214.841797 52.436485 -13.850830
v -2356.314453 71.392700 -80.077026
v -2353.594238 71.392700 -78.803589
v -2352.957520 71.392700 -81.822144
v -2352.320801 68.388931 -81.524048
v -2355.041016 68.388931 -82.797485
v -2356.314453 68.388931 -80.077026
v -2356.314453 52.436485 -80.077026
v -2356.314453 55.440254 -80.077026
v -2355.041016 55.433815 -82.797485
v -2352.320801 55.440247 -81.524048
v -2352.957520 52.436485 -81.822144
v -2353.594238 52.436485 -78.803589
v -2354.230957 71.392700 -75.784302
v -2353.594238 71.392700 -78.802734
v -2356.314941 71.392700 -80.076294
v -2356.314941 68.388931 -80.076294
v -2357.588379 68.388931 -77.355835
v -2354.868164 68.388931 -76.082397
v -2354.230957 52.436485 -75.784302
v -2354.868164 55.440254 -76.082397
v -2357.588379 55.446686 -77.355835
v -2356.314941 55.440254 -80.076294
v -2356.314941 52.436485 -80.076294
v -2353.594238 52.436485 -78.802734
v -2213.395020 71.392700 -9.856323
v -2213.395020 52.436485 -9.856323
v -2210.847656 71.392700 -15.297729
v -2210.847656 52.436485 -15.297729
v -2355.041016 71.392700 -82.797485
v -2355.041016 52.436485 -82.797485
v -2357.588379 71.392700 -77.355835
v -2357.588379 52.436485 -77.355835
v -2327.524414 46.431065 20.219604
v -2324.803711 46.431065 21.493042
v -2326.077148 46.431065 24.213623
v -2326.077148 49.434830 24.213501
v -2328.797852 49.434830 22.940063
v -2327.524414 49.434830 20.219604
v -2310.355957 46.431065 28.255981
v -2310.355957 49.434830 28.255981
v -2311.629395 49.434807 30.976440
v -2314.349609 49.434792 29.703003
v -2313.590820 46.431065 30.058350
v -2313.076172 46.431065 26.982544
v -2327.524414 52.439293 20.219604
v -2327.524414 49.435528 20.219604
v -2328.797852 49.435509 22.940063
v -2326.077148 49.435493 24.213501
v -2326.077148 52.439293 24.213623
v -2324.803711 52.439293 21.493042
v -2310.355957 52.439293 28.255981
v -2313.076172 52.439293 26.982544
v -2315.108887 52.439293 29.347778
v -2314.350098 49.435528 29.703003
v -2311.629395 49.435532 30.976440
v -2310.355957 49.435528 28.255981
v -2261.298340 49.435570 -121.253540
v -2262.571777 49.435562 -118.533081
v -2262.571777 52.439293 -118.533081
v -2259.851562 52.439293 -117.259644
v -2258.578125 52.439293 -119.980225
v -2258.578125 49.435562 -119.980103
v -2244.129883 49.435486 -113.217163
v -2246.850586 49.435493 -114.490601
v -2246.850586 52.439293 -114.490723
v -2248.124023 52.439293 -111.770142
v -2245.403320 52.439293 -110.496704
v -2245.403320 49.435493 -110.496704
v -2262.571777 46.431065 -118.533081
v -2262.571777 49.434830 -118.533081
v -2261.298340 49.434807 -121.253540
v -2258.578125 49.434792 -119.980103
v -2258.578125 46.431065 -119.980225
v -2259.851562 46.431065 -117.259644
v -2245.403320 46.431065 -110.496704
v -2248.124023 46.431065 -111.770142
v -2246.850586 46.431065 -114.490723
v -2246.850586 49.434830 -114.490601
v -2244.129883 49.434830 -113.217163
v -2245.403320 49.434830 -110.496704
v -2328.797852 46.431065 22.940063
v -2311.629395 46.431065 30.976440
v -2328.797852 52.439293 22.940063
v -2311.629395 52.439293 30.976440
v -2261.298340 52.439293 -121.253540
v -2244.129883 52.439293 -113.217163
v -2261.298340 46.431065 -121.253540
v -2244.129883 46.431065 -113.217163
v -2308.603027 71.139297 -142.320923
v -2311.323730 71.139297 -143.594360
v -2310.050293 71.139297 -146.314941
v -2310.050293 74.143066 -146.314819
v -2307.329590 74.143066 -145.041382
v -2308.603027 74.143066 -142.320923
v -2325.771484 71.139297 -150.357300
v -2325.771484 74.143066 -150.357300
v -2324.498047 74.143044 -153.077759
v -2321.777832 74.143028 -151.804321
v -2322.538086 71.139297 -152.160400
v -2323.051270 71.139297 -149.083862
v -2308.603027 77.147530 -142.320923
v -2308.603027 74.143761 -142.320923
v -2307.329590 74.143745 -145.041382
v -2310.050293 74.143730 -146.314819
v -2310.050293 77.147530 -146.314941
v -2311.323730 77.147530 -143.594360
v -2325.771484 77.147530 -150.357300
v -2323.051270 77.147530 -149.083862
v -2321.017090 77.147530 -151.448364
v -2321.777344 74.143761 -151.804321
v -2324.498047 74.143768 -153.077759
v -2325.771484 74.143761 -150.357300
v -2374.829102 74.143806 -0.847778
v -2373.555664 74.143799 -3.568237
v -2373.555664 77.147530 -3.568237
v -2376.275879 77.147530 -4.841675
v -2377.549316 77.147530 -2.121094
v -2377.549316 74.143799 -2.121216
v -2391.997559 74.143723 -8.884155
v -2389.276855 74.143730 -7.610718
v -2389.276855 77.147530 -7.610596
v -2388.003418 77.147530 -10.331177
v -2390.724121 77.147530 -11.604614
v -2390.724121 74.143730 -11.604614
v -2373.555664 71.139297 -3.568237
v -2373.555664 74.143066 -3.568237
v -2374.829102 74.143044 -0.847778
v -2377.549316 74.143028 -2.121216
v -2377.549316 71.139297 -2.121094
v -2376.275879 71.139297 -4.841675
v -2390.724121 71.139297 -11.604614
v -2388.003418 71.139297 -10.331177
v -2389.276855 71.139297 -7.610596
v -2389.276855 74.143066 -7.610718
v -2391.997559 74.143066 -8.884155
v -2390.724121 74.143066 -11.604614
v -2307.329590 71.139297 -145.041382
v -2324.498047 71.139297 -153.077759
v -2307.329590 77.147530 -145.041382
v -2324.498047 77.147530 -153.077759
v -2374.829102 77.147530 -0.847778
v -2391.997559 77.147530 -8.884155
v -2374.829102 71.139297 -0.847778
v -2391.997559 71.139297 -8.884155
v -2260.685059 46.431065 51.507935
v -2257.964355 46.431065 52.781494
v -2259.238281 46.431065 55.501953
v -2259.238281 49.434830 55.501953
v -2261.958496 49.434826 54.228394
v -2260.685059 49.434830 51.507935
v -2243.517090 46.431065 59.544800
v -2243.517090 49.434830 59.544800
v -2244.790527 49.434837 62.265259
v -2247.510742 49.434845 60.991699
v -2247.510742 46.431065 60.991821
v -2246.237305 46.431065 58.271240
v -2260.685059 52.439293 51.507935
v -2260.685059 49.435528 51.507935
v -2261.958496 49.435539 54.228394
v -2259.238281 49.435547 55.501953
v -2259.238281 52.439293 55.501953
v -2257.964355 52.439293 52.781494
v -2243.517090 52.439293 59.544800
v -2246.237305 52.439293 58.271240
v -2247.510742 52.439293 60.991821
v -2247.510742 49.435528 60.991699
v -2244.790527 49.435524 62.265259
v -2243.517090 49.435528 59.544800
v -2194.458984 49.435528 -89.965210
v -2195.732422 49.435528 -87.244751
v -2195.732422 52.439293 -87.244751
v -2193.012207 52.439293 -85.971313
v -2191.738770 52.439293 -88.691772
v -2191.738770 49.435528 -88.691772
v -2177.291016 49.435528 -81.928589
v -2180.011230 49.435528 -83.202026
v -2180.011230 52.439293 -83.202026
v -2181.285156 52.439293 -80.481689
v -2178.564453 52.439293 -79.208130
v -2178.564453 49.435528 -79.208130
v -2195.732422 46.431065 -87.244751
v -2195.732422 49.434830 -87.244751
v -2194.458984 49.434830 -89.965210
v -2191.738770 49.434830 -88.691772
v -2191.738770 46.431065 -88.691772
v -2193.012207 46.431065 -85.971313
v -2178.564453 46.431065 -79.208130
v -2181.285156 46.431065 -80.481689
v -2180.011230 46.431065 -83.202026
v -2180.011230 49.434830 -83.202026
v -2177.291016 49.434830 -81.928589
v -2178.564453 49.434830 -79.208130
v -2261.958496 46.431065 54.228394
v -2244.790527 46.431065 62.265259
v -2261.958496 52.439293 54.228394
v -2244.790527 52.439293 62.265259
v -2194.458984 52.439293 -89.965210
v -2177.291016 52.439293 -81.928589
v -2194.458984 46.431065 -89.965210
v -2177.291016 46.431065 -81.928589
v -2179.537109 71.139297 -81.902710
v -2182.257812 71.139297 -83.176270
v -2180.983887 71.139297 -85.896729
v -2180.983887 74.143066 -85.896729
v -2178.263672 74.143059 -84.623169
v -2179.537109 74.143066 -81.902710
v -2196.705078 71.139297 -89.939819
v -2196.705078 74.143066 -89.939819
v -2195.431641 74.143089 -92.660278
v -2192.711426 74.143097 -91.386719
v -2192.711426 71.139297 -91.386841
v -2193.984863 71.139297 -88.666260
v -2179.537109 77.147530 -81.902710
v -2179.537109 74.143761 -81.902710
v -2178.263672 74.143784 -84.623169
v -2180.983887 74.143799 -85.896729
v -2180.983887 77.147530 -85.896729
v -2182.257812 77.147530 -83.176270
v -2196.705078 77.147530 -89.939819
v -2193.984863 77.147530 -88.666260
v -2192.711426 77.147530 -91.386841
v -2192.711426 74.143761 -91.386719
v -2195.431641 74.143761 -92.660278
v -2196.705078 74.143761 -89.939819
v -2245.763184 74.143745 59.570435
v -2244.489746 74.143745 56.849976
v -2244.489746 77.147530 56.849976
v -2247.209961 77.147530 55.576416
v -2248.483398 77.147530 58.296997
v -2248.483398 74.143745 58.296875
v -2262.931152 74.143784 51.533569
v -2260.210938 74.143784 52.807129
v -2260.210938 77.147530 52.807129
v -2258.937012 77.147530 50.086670
v -2261.657715 77.147530 48.813110
v -2261.657715 74.143784 48.813110
v -2244.489746 71.139297 56.849976
v -2244.489746 74.143066 56.849976
v -2245.763184 74.143074 59.570435
v -2248.483398 74.143082 58.296875
v -2248.483398 71.139297 58.296997
v -2247.209961 71.139297 55.576416
v -2261.657715 71.139297 48.813110
v -2258.937012 71.139297 50.086670
v -2260.210938 71.139297 52.807129
v -2260.210938 74.143066 52.807129
v -2262.931152 74.143066 51.533569
v -2261.657715 74.143066 48.813110
v -2178.263672 71.139297 -84.623169
v -2195.431641 71.139297 -92.660278
v -2178.263672 77.147530 -84.623169
v -2195.431641 77.147530 -92.660278
v -2245.763184 77.147530 59.570435
v -2262.931152 77.147530 51.533569
v -2245.763184 71.139297 59.570435
v -2262.931152 71.139297 51.533569
v -2274.748047 71.139297 -126.473022
v -2277.468750 71.139297 -127.746460
v -2276.195312 71.139297 -130.466919
v -2276.195312 74.143066 -130.466919
v -2273.474609 74.143074 -129.193481
v -2274.748047 74.143066 -126.473022
v -2291.916992 71.139297 -134.509399
v -2291.916992 74.143066 -134.509399
v -2290.643555 74.143028 -137.229858
v -2287.923340 74.143013 -135.956543
v -2288.802734 71.139297 -136.368286
v -2289.196777 71.139297 -133.235962
v -2274.748047 77.147530 -126.473022
v -2274.748047 74.143761 -126.473022
v -2273.474609 74.143730 -129.193481
v -2276.195312 74.143715 -130.466919
v -2276.195312 77.147530 -130.466919
v -2277.468750 77.147530 -127.746460
v -2291.916992 77.147530 -134.509399
v -2289.196777 77.147530 -133.235962
v -2287.043457 77.147530 -135.544678
v -2287.922852 74.143761 -135.956421
v -2290.643555 74.143768 -137.229858
v -2291.916992 74.143761 -134.509399
v -2340.974121 74.143829 15.000122
v -2339.700684 74.143814 12.279663
v -2339.700684 77.147530 12.279663
v -2342.420898 77.147530 11.006226
v -2343.694336 77.147530 13.726807
v -2343.694336 74.143814 13.726807
v -2358.143066 74.143700 6.963745
v -2355.422363 74.143715 8.237183
v -2355.422363 77.147530 8.237183
v -2354.148926 77.147530 5.516724
v -2356.869629 77.147530 4.243286
v -2356.869629 74.143715 4.243286
v -2339.700684 71.139297 12.279663
v -2339.700684 74.143066 12.279663
v -2340.974121 74.143028 15.000122
v -2343.694336 74.143013 13.726807
v -2343.694336 71.139297 13.726807
v -2342.420898 71.139297 11.006226
v -2356.869629 71.139297 4.243286
v -2354.148926 71.139297 5.516724
v -2355.422363 71.139297 8.237183
v -2355.422363 74.143066 8.237183
v -2358.143066 74.143074 6.963745
v -2356.869629 74.143066 4.243286
v -2273.474609 71.139297 -129.193481
v -2290.643555 71.139297 -137.229858
v -2273.474609 77.147530 -129.193481
v -2290.643555 77.147530 -137.229858
v -2340.974121 77.147530 15.000122
v -2358.143066 77.147530 6.963745
v -2340.974121 71.139297 15.000122
v -2358.143066 71.139297 6.963745
v -2391.922852 46.431065 -9.926636
v -2389.202148 46.431065 -8.653076
v -2390.476074 46.431065 -5.932739
v -2390.476074 49.434830 -5.932739
v -2393.196289 49.434830 -7.206177
v -2391.922852 49.434830 -9.926636
v -2374.754395 46.431065 -1.889771
v -2374.754395 49.434830 -1.889771
v -2376.027832 49.434830 0.830688
v -2378.748047 49.434830 -0.442749
v -2378.748047 46.431065 -0.442749
v -2377.474609 46.431065 -3.163208
v -2391.922852 52.439293 -9.926636
v -2391.922852 49.435528 -9.926636
v -2393.196289 49.435528 -7.206177
v -2390.476074 49.435528 -5.932739
v -2390.476074 52.439293 -5.932739
v -2389.202148 52.439293 -8.653076
v -2374.754395 52.439293 -1.889771
v -2377.474609 52.439293 -3.163208
v -2378.748047 52.439293 -0.442749
v -2378.748047 49.435528 -0.442749
v -2376.027832 49.435528 0.830688
v -2374.754395 49.435528 -1.889771
v -2325.696777 49.435524 -151.399780
v -2326.970215 49.435524 -148.679321
v -2326.970215 52.439293 -148.679321
v -2324.250000 52.439293 -147.405884
v -2322.976562 52.439293 -150.126343
v -2322.976562 49.435524 -150.126343
v -2308.528320 49.435528 -143.362915
v -2311.248535 49.435528 -144.636353
v -2311.248535 52.439293 -144.636353
v -2312.522461 52.439293 -141.916016
v -2309.801758 52.439293 -140.642456
v -2309.801758 49.435528 -140.642456
v -2326.970215 46.431065 -148.679321
v -2326.970215 49.434830 -148.679321
v -2325.696777 49.434830 -151.399780
v -2322.976562 49.434830 -150.126343
v -2322.976562 46.431065 -150.126343
v -2324.250000 46.431065 -147.405884
v -2309.801758 46.431065 -140.642456
v -2312.522461 46.431065 -141.916016
v -2311.248535 46.431065 -144.636353
v -2311.248535 49.434830 -144.636353
v -2308.528320 49.434830 -143.362915
v -2309.801758 49.434830 -140.642456
v -2393.196289 46.431065 -7.206177
v -2376.027832 46.431065 0.830688
v -2393.196289 52.439293 -7.206177
v -2376.027832 52.439293 0.830688
v -2325.696777 52.439293 -151.399780
v -2308.528320 52.439293 -143.362915
v -2325.696777 46.431065 -151.399780
v -2308.528320 46.431065 -143.362915
v -1787.665039 117.042076 167.966431
v -1748.308594 115.810493 153.170532
v -1784.922363 121.610962 174.881104
v -1745.565918 120.379364 160.085205
v -1791.020020 163.748917 149.614624
v -1755.434570 162.492111 136.012329
v -1793.713867 159.180023 142.683716
v -1758.127930 157.923233 129.081665
v -1787.569824 117.537056 173.111938
v -1794.445801 163.146683 145.878296
v -1755.313965 161.764572 130.920410
v -1744.965332 116.203835 157.095581
v -1776.774902 117.331436 164.767822
v -1775.442871 117.644676 170.444946
v -1774.033203 121.900444 171.682495
v -1783.154297 168.197754 143.397827
v -1785.956055 169.944077 137.843872
v -1785.897461 163.628876 136.483032
v -1755.035645 117.006088 162.773071
v -1757.778320 116.736984 157.626343
v -1766.901367 163.034424 129.341553
v -1765.548340 169.305481 130.172119
v -1764.158691 167.603302 136.256226
v -1755.037109 121.305992 164.541016
v -1789.210938 133.570953 168.679077
v -1793.973633 130.624451 167.004272
v -1791.953613 129.002075 161.764404
v -1779.280273 128.605484 157.000122
v -1760.284180 128.011063 149.858765
v -1748.515625 127.642792 145.434570
v -1743.460449 129.043762 148.014526
v -1745.773438 132.211670 152.349243
v -1757.541504 132.579941 156.773438
v -1776.537598 133.174362 163.914795
v -1795.759277 149.149628 149.961304
v -1798.061523 152.267868 154.325195
v -1793.016602 153.718506 156.875977
v -1780.343750 153.321930 152.111816
v -1761.347168 152.727478 144.970459
v -1749.578613 152.359222 140.546265
v -1747.548828 150.687134 135.335449
v -1752.320801 147.790329 133.631592
v -1764.089844 148.158600 138.055786
v -1783.085449 148.753052 145.197021
v -1777.851562 48.135834 209.365479
v -1778.963867 47.649483 208.912476
v -1780.241211 47.471481 209.031372
v -1781.341309 47.649483 209.690063
v -1781.971191 48.135834 210.712646
v -1781.960449 48.800148 211.824219
v -1781.312500 49.464546 212.728027
v -1780.200195 49.950851 213.180908
v -1778.922852 50.128838 213.062256
v -1777.822266 49.950851 212.403320
v -1777.192383 49.464546 211.380737
v -1777.204102 48.800148 210.269043
v -1796.460449 143.693893 152.449829
v -1797.572754 143.207504 151.996948
v -1798.850586 143.029510 152.115845
v -1799.950684 143.207504 152.774536
v -1800.580566 143.693893 153.796997
v -1800.569824 144.358200 154.908569
v -1799.921387 145.022552 155.812500
v -1798.809082 145.508865 156.265381
v -1797.532227 145.686859 156.146729
v -1796.431152 145.508865 155.487793
v -1795.801270 145.022552 154.465210
v -1795.812500 144.358200 153.353394
v -1779.582031 48.800148 211.046875
v -1798.191406 144.358200 154.131104
v -1774.536621 99.602005 223.897583
v -1724.750000 99.602005 207.619385
v -1774.536621 108.331772 223.897583
v -1724.750000 108.331772 207.619385
v -1790.814941 108.331772 174.110840
v -1741.028320 108.331772 157.832642
v -1790.814941 99.602005 174.110840
v -1741.028320 99.602005 157.832642
v -1775.918457 103.966888 226.622925
v -1793.540039 103.966888 172.728271
v -1739.645508 103.966888 155.107056
v -1722.023926 103.966888 209.001709
v -1760.242188 99.602005 222.080322
v -1759.628418 103.966888 226.833862
v -1760.242188 108.331772 222.080322
v -1778.208008 108.331772 167.132202
v -1780.520996 103.966888 162.935059
v -1778.208008 99.602005 167.132202
v -1733.813965 103.966888 218.393433
v -1736.212402 99.602005 214.223633
v -1754.178223 99.602005 159.275513
v -1754.706543 103.966888 154.494629
v -1754.178223 108.331772 159.275513
v -1736.212402 108.331772 214.223633
v -1781.458496 108.331772 211.463989
v -1785.650879 103.966888 213.789551
v -1781.458496 99.602005 211.463989
v -1765.427246 99.602005 206.222290
v -1741.397461 99.602005 198.365601
v -1726.509766 99.602005 193.498291
v -1721.752930 103.966888 192.897461
v -1726.509766 108.331772 193.498291
v -1741.397461 108.331772 198.365601
v -1765.427246 108.331772 206.222290
v -1788.811035 99.602005 188.976929
v -1793.549316 103.966888 189.633057
v -1788.811035 108.331772 188.976929
v -1772.779297 108.331772 183.735352
v -1748.750000 108.331772 175.878662
v -1733.862305 108.331772 171.011353
v -1729.650879 103.966888 168.740845
v -1733.862305 99.602005 171.011353
v -1748.750000 99.602005 175.878662
v -1772.779297 99.602005 183.735352
v -1788.338379 50.878990 175.304565
v -1789.432129 51.446159 174.905396
v -1790.703125 51.653725 175.044312
v -1791.810059 51.446159 175.682983
v -1792.457520 50.878990 176.651489
v -1792.471680 50.104286 177.689575
v -1791.847168 49.329430 178.519043
v -1790.752441 48.762291 178.917725
v -1789.482422 48.554695 178.779297
v -1788.374512 48.762291 178.140137
v -1787.727539 49.329430 177.172119
v -1787.713867 50.104286 176.134155
v -1775.174805 104.588585 215.565063
v -1776.268555 105.155830 215.166138
v -1777.540039 105.363396 215.305054
v -1778.646484 105.155830 215.943726
v -1779.293945 104.588585 216.912109
v -1779.307617 103.813843 217.949829
v -1778.683594 103.039131 218.779663
v -1777.588867 102.471954 219.178589
v -1776.318359 102.264389 219.039917
v -1775.210938 102.471954 218.401001
v -1774.563965 103.039131 217.432617
v -1774.550781 103.813843 216.394409
v -1790.092773 50.104286 176.911987
v -1776.928711 103.813843 217.172241
v -1734.501953 74.283493 176.041992
v -1734.278320 73.208549 176.729980
v -1733.915527 72.639297 177.835815
v -1733.513184 72.728127 179.063232
v -1733.176270 73.451103 180.084106
v -1732.997559 74.614655 180.624023
v -1733.022461 75.906799 180.539551
v -1733.247070 76.981644 179.851562
v -1733.608398 77.550789 178.746216
v -1734.012695 77.462082 177.518555
v -1734.349609 76.739204 176.497437
v -1734.528320 75.575615 175.957397
v -1786.367188 74.630783 193.325317
v -1786.143066 73.555939 194.013184
v -1785.780762 72.986656 195.119019
v -1785.376953 73.075478 196.346191
v -1785.041016 73.798393 197.367554
v -1784.862305 74.961937 197.907471
v -1784.887695 76.254189 197.822876
v -1785.111328 77.328995 197.134766
v -1785.473633 77.898140 196.029785
v -1785.877441 77.809433 194.802124
v -1786.213867 77.086548 193.780762
v -1786.392578 75.922897 193.240845
v -1733.762207 75.095100 178.290771
v -1785.627441 75.442345 195.574463
v -1738.421875 50.878990 158.984009
v -1739.516113 51.446159 158.584839
v -1740.786621 51.653725 158.723755
v -1741.894043 51.446159 159.362549
v -1742.541992 50.878990 160.330688
v -1742.555176 50.104286 161.369019
v -1741.931152 49.329430 162.198364
v -1740.836426 48.762291 162.597168
v -1739.565430 48.554695 162.458740
v -1738.458496 48.762291 161.819580
v -1737.811035 49.329430 160.851562
v -1737.797852 50.104286 159.813599
v -1725.258301 104.588585 199.244507
v -1726.352539 105.155830 198.845581
v -1727.623047 105.363396 198.984497
v -1728.730469 105.155830 199.623169
v -1729.378418 104.588585 200.591309
v -1729.391602 103.813843 201.629395
v -1728.767578 103.039131 202.458984
v -1727.672852 102.471954 202.858032
v -1726.401855 102.264389 202.719360
v -1725.294922 102.471954 202.080444
v -1724.647461 103.039131 201.112183
v -1724.634277 103.813843 200.073975
v -1740.176270 50.104286 160.591431
v -1727.012695 103.813843 200.851807
v -1726.749023 48.135834 192.657104
v -1727.860840 47.649483 192.203857
v -1729.137695 47.471481 192.322632
v -1730.238281 47.649483 192.981445
v -1730.868164 48.135834 194.004150
v -1730.857910 48.800148 195.115845
v -1730.209473 49.464546 196.019409
v -1729.097168 49.950851 196.472290
v -1727.819824 50.128838 196.353638
v -1726.719238 49.950851 195.694702
v -1726.089844 49.464546 194.672363
v -1726.100586 48.800148 193.560425
v -1745.357910 143.693893 135.741455
v -1746.469727 143.207504 135.288330
v -1747.747070 143.029510 135.407227
v -1748.847656 143.207504 136.065918
v -1749.477539 143.693893 137.088501
v -1749.466797 144.358200 138.200195
v -1748.818359 145.022552 139.103882
v -1747.706055 145.508865 139.556763
v -1746.429199 145.686859 139.438110
v -1745.328613 145.508865 138.779175
v -1744.699219 145.022552 137.756836
v -1744.709473 144.358200 136.644775
v -1728.479004 48.800148 194.338257
v -1747.087891 144.358200 137.422607
v -1455.528320 221.494568 366.974731
v -1414.027832 221.494568 369.051147
v -1455.528320 280.341919 366.974731
v -1414.027832 280.341919 369.051147
v -1451.686523 280.341919 290.182007
v -1410.185547 280.341919 292.258423
v -1451.686523 221.494568 290.182007
v -1410.185547 221.494568 292.258423
v -1292.730469 172.211029 380.923706
v -1270.772461 172.211029 382.022339
v -1292.730469 191.236389 380.923706
v -1270.772461 191.236389 382.022339
v -1292.599609 191.236389 378.308472
v -1270.641602 191.236389 379.407104
v -1292.599609 172.211029 378.308472
v -1270.641602 172.211029 379.407104
v -1405.081055 46.124374 371.064331
v -1387.811523 46.124374 371.928345
v -1405.081055 65.181183 371.064331
v -1387.811523 65.181183 371.928345
v -1404.312012 65.181183 355.684082
v -1387.041992 65.181183 356.548096
v -1404.312012 46.124374 355.684082
v -1387.041992 46.124374 356.548096
v -1284.735352 46.124374 377.085327
v -1267.464844 46.124374 377.949463
v -1284.735352 65.181183 377.085327
v -1267.464844 65.181183 377.949463
v -1283.965820 65.181183 361.705200
v -1266.695312 65.181183 362.569214
v -1283.965820 46.124374 361.705200
v -1266.695312 46.124374 362.569214
v -1417.439453 64.330444 377.020508
v -1255.648438 64.330444 385.115112
v -1417.439453 298.059509 377.020508
v -1255.648438 298.059509 385.115112
v -1412.720215 298.059509 282.701050
v -1250.929688 298.059509 290.795776
v -1412.720215 64.330444 282.701050
v -1250.929688 64.330444 290.795776
v -1408.836914 72.126869 377.450928
v -1264.250977 72.126869 384.684692
v -1264.250977 290.263092 384.684692
v -1408.836914 290.263092 377.450928
v -1299.509766 64.330444 382.920776
v -1299.509766 72.126869 382.920776
v -1299.509766 290.263092 382.920776
v -1299.509766 298.059509 382.920776
v -1294.791016 298.059509 288.601196
v -1294.791016 64.330444 288.601196
v -1417.439453 158.601715 377.020508
v -1412.720215 158.601715 282.701050
v -1294.791016 158.601715 288.601196
v -1250.929688 158.601715 290.795776
v -1255.648438 158.601715 385.115112
v -1264.250977 158.601715 384.684692
v -1408.836914 158.601715 377.450928
v -1417.439453 122.452469 377.020508
v -1412.720215 122.452469 282.701050
v -1294.791016 122.452469 288.601196
v -1250.929688 122.452469 290.795776
v -1255.648438 122.452469 385.115112
v -1264.250977 122.452515 384.684692
v -1408.836914 122.452515 377.450928
v -1417.439453 79.073387 377.020508
v -1412.720215 79.073387 282.701050
v -1294.791016 79.073387 288.601196
v -1250.929688 79.073387 290.795776
v -1255.648438 79.073387 385.115112
v -1264.250977 79.073456 384.684692
v -1408.836914 79.073456 377.450928
v -1408.591797 72.126869 372.550659
v -1299.264648 72.126869 378.020386
v -1299.264648 79.073456 378.020386
v -1408.591797 79.073456 372.550659
v -1264.005859 79.073456 379.784546
v -1264.005859 72.126869 379.784546
v -1299.264648 158.601715 378.020386
v -1299.264648 290.263092 378.020386
v -1264.005859 158.601715 379.784546
v -1264.005859 290.263092 379.784546
v -1408.591797 158.601715 372.550659
v -1408.591797 290.263092 372.550659
v -1299.264648 122.452515 378.020386
v -1264.005859 122.452515 379.784546
v -1408.591797 122.452515 372.550659
v -1408.226562 72.126869 365.263794
v -1298.900391 72.126869 370.733521
v -1298.900391 79.073456 370.733521
v -1408.226562 79.073456 365.263794
v -1298.900391 158.601715 370.733521
v -1408.226562 158.601715 365.263794
v -1298.900391 290.263092 370.733521
v -1408.226562 290.263092 365.263794
v -1298.900391 122.452515 370.733521
v -1408.226562 122.452515 365.263794
v -1298.416992 158.601715 361.080811
v -1407.744141 158.601715 355.610962
v -1298.416992 290.263092 361.080811
v -1407.744141 290.263092 355.610962
v -1373.456055 64.330444 379.221069
v -1373.456055 72.126869 379.221069
v -1373.210938 72.126869 374.320801
v -1372.846680 72.126869 367.033936
v -1372.846680 79.073456 367.033936
v -1372.846680 122.452515 367.033936
v -1372.846680 158.601715 367.033936
v -1372.602539 158.601715 362.164185
v -1372.602539 290.263092 362.164185
v -1372.846680 290.263092 367.033936
v -1373.210938 290.263092 374.320801
v -1373.456055 290.263092 379.221069
v -1373.456055 298.059509 379.221069
v -1368.737305 298.059509 284.901611
v -1368.737305 158.601715 284.901611
v -1368.737305 122.452469 284.901611
v -1368.737305 79.073380 284.901611
v -1368.737305 64.330444 284.901611
v -1333.852051 79.073456 368.984863
v -1333.852051 72.126869 368.984863
v -1334.216797 72.126869 376.271729
v -1334.461914 72.126869 381.171997
v -1334.461914 64.330444 381.171997
v -1329.743164 64.330444 286.852539
v -1329.743164 79.073380 286.852539
v -1329.743164 122.452469 286.852539
v -1329.743164 158.601715 286.852539
v -1329.743164 298.059509 286.852539
v -1334.461914 298.059509 381.171997
v -1334.461914 290.263092 381.171997
v -1334.216797 290.263092 376.271729
v -1333.852051 290.263092 368.984863
v -1333.608398 290.263092 364.115112
v -1333.608398 158.601715 364.115112
v -1333.852051 158.601715 368.984863
v -1333.852051 122.452515 368.984863
v -1304.740723 117.874863 377.746460
v -1403.115723 117.874863 372.824585
v -1403.115723 83.651115 372.824585
v -1304.740723 83.651115 377.746460
v -1308.117676 114.857147 372.751831
v -1399.257812 114.857147 368.191895
v -1399.257812 86.668831 368.191895
v -1308.117676 86.668831 372.751831
v -1295.497559 193.198090 378.208862
v -1295.497559 276.195404 378.208862
v -1267.773438 193.198090 379.595947
v -1267.773438 276.195404 379.595947
v -1291.454590 199.176025 375.361328
v -1291.454590 270.217499 375.361328
v -1271.512207 199.176025 376.359009
v -1271.512207 270.217499 376.359009
v -1414.135742 298.059509 310.996704
v -1414.135742 158.601715 310.996704
v -1414.135742 122.452469 310.996704
v -1414.135742 79.073387 310.996704
v -1414.135742 64.330444 310.996704
v -1370.153320 64.330444 313.197388
v -1331.158691 64.330444 315.148315
v -1296.207031 64.330444 316.896973
v -1252.344727 64.330444 319.091431
v -1252.344727 79.073387 319.091431
v -1252.344727 122.452469 319.091431
v -1252.344727 158.601715 319.091431
v -1252.344727 298.059509 319.091431
v -1296.207031 298.059509 316.896973
v -1331.158691 298.059509 315.148315
v -1370.153320 298.059509 313.197388
v -1416.117676 298.059509 350.610962
v -1416.117676 158.601715 350.610962
v -1416.117676 122.452469 350.610962
v -1416.117676 79.073380 350.610962
v -1416.117676 64.330444 350.610962
v -1372.134766 64.330444 352.811523
v -1333.140625 64.330444 354.762451
v -1298.188477 64.330444 356.511108
v -1254.327148 64.330444 358.705688
v -1254.327148 79.073387 358.705688
v -1254.327148 122.452469 358.705688
v -1254.327148 158.601715 358.705688
v -1254.327148 298.059509 358.705688
v -1298.188477 298.059509 356.511108
v -1333.140625 298.059509 354.762451
v -1372.134766 298.059509 352.811523
v -1422.663086 307.854462 310.570190
v -1422.663086 168.443832 310.570190
v -1424.645508 168.443832 350.184326
v -1424.645508 307.854462 350.184326
v -1422.663086 128.483902 310.570190
v -1424.645508 128.483902 350.184326
v -1422.663086 80.531998 310.570190
v -1424.645508 80.531998 350.184326
v -1422.663086 64.234932 310.570190
v -1424.645508 64.234932 350.184326
v -1374.043945 64.234932 313.002563
v -1376.025391 64.234932 352.616821
v -1332.921875 64.234932 354.773438
v -1330.939453 64.234932 315.159302
v -1294.284668 64.234932 356.706421
v -1292.302734 64.234932 317.092285
v -1245.799805 64.234932 359.132324
v -1243.817871 64.234932 319.518066
v -1245.799805 80.531998 359.132324
v -1243.817871 80.531998 319.518066
v -1245.799805 128.483902 359.132324
v -1243.817871 128.483902 319.518066
v -1245.799805 168.443832 359.132324
v -1243.817871 168.443832 319.518066
v -1245.799805 307.854462 359.132324
v -1243.817871 307.854462 319.518066
v -1292.302734 307.854462 317.092285
v -1294.284668 307.854462 356.706421
v -1330.939453 307.854462 315.159302
v -1332.921875 307.854462 354.773438
v -1374.043945 307.854462 313.002563
v -1376.025391 307.854462 352.616821
v -1401.862793 46.124374 306.740112
v -1384.593262 46.124374 307.604248
v -1401.862793 65.181183 306.740112
v -1384.593262 65.181183 307.604248
v -1401.093750 65.181183 291.359863
v -1383.823730 65.181183 292.223999
v -1401.093750 46.124374 291.359863
v -1383.823730 46.124374 292.223999
v -1281.516602 46.124374 312.761353
v -1264.247070 46.124374 313.625366
v -1281.516602 65.181183 312.761353
v -1264.247070 65.181183 313.625366
v -1280.747070 65.181183 297.380981
v -1263.477539 65.181183 298.244995
v -1280.747070 46.124374 297.380981
v -1263.477539 46.124374 298.244995
v -289.007812 40.077606 322.952026
v -289.583984 39.591255 321.897827
v -290.648438 39.413254 321.182983
v -291.917969 39.591255 320.998901
v -293.052246 40.077606 321.392944
v -293.746094 40.741920 322.261597
v -293.814453 41.406319 323.371460
v -293.238770 41.892624 324.425171
v -292.173828 42.070610 325.140503
v -290.904297 41.892624 325.325073
v -289.770020 41.406319 324.930542
v -289.076660 40.741920 324.061401
v -267.469727 135.635666 267.078979
v -268.045898 135.149277 266.024780
v -269.111328 134.971283 265.309937
v -270.379883 135.149277 265.125366
v -271.514648 135.635666 265.519897
v -272.208496 136.299973 266.388062
v -272.277344 136.964325 267.498413
v -271.701172 137.450638 268.552612
v -270.636230 137.628632 269.266968
v -269.366211 137.450638 269.452026
v -268.232422 136.964325 269.057495
v -267.538086 136.299973 268.188843
v -291.411133 40.741920 323.161987
v -269.874023 136.299973 267.288452
v -270.456543 108.983849 284.663452
v -230.602539 107.752266 298.061890
v -272.699219 113.552734 291.755737
v -232.845703 112.321136 305.154175
v -261.461914 155.690689 268.318726
v -225.284668 154.433884 280.260132
v -259.170410 151.121796 261.244507
v -222.993164 149.865005 273.186401
v -273.633789 109.478828 288.711304
v -261.755859 155.088455 263.258179
v -221.974121 153.706345 276.389526
v -230.491211 108.145607 303.216187
v -259.994629 109.273209 289.064819
v -262.549316 109.586449 294.306519
v -262.238281 113.842216 296.156616
v -251.437012 160.139526 268.470093
v -250.099121 161.885849 262.394897
v -249.193848 155.570648 261.377319
v -241.883789 108.947861 301.254272
v -240.757812 108.678757 295.532104
v -229.958008 154.976196 267.844116
v -229.434082 161.247253 269.343140
v -232.201172 159.545074 274.936890
v -243.001953 113.247765 302.623413
v -272.104980 125.512733 284.238647
v -274.738281 122.566231 279.931519
v -269.862305 120.943855 277.146362
v -257.028320 120.547264 281.461304
v -237.792969 119.952835 287.928101
v -225.875000 119.584564 291.934937
v -223.587402 120.985535 297.128784
v -228.118652 124.153442 299.027222
v -240.035645 124.521713 295.020874
v -259.271484 125.116142 288.553589
v -265.354004 141.091400 265.593140
v -269.895508 144.209641 267.520874
v -267.597168 145.660278 272.685913
v -254.764160 145.263702 276.999878
v -235.527832 144.669250 283.467651
v -223.610840 144.300995 287.473999
v -218.744629 142.628906 284.718140
v -221.366699 139.732101 280.382202
v -233.284668 140.100372 276.375366
v -252.520020 140.694824 269.908081
v -295.620117 91.543777 336.310425
v -246.745605 91.543777 355.150269
v -295.620117 100.273544 336.310425
v -246.745605 100.273544 355.150269
v -276.780273 100.273544 287.435425
v -227.905273 100.273544 306.275269
v -276.780273 91.543777 287.435425
v -227.905273 91.543777 306.275269
v -298.413086 95.908661 337.549683
v -278.018555 95.908661 284.641968
v -225.111816 95.908661 305.036499
v -245.505859 95.908661 357.944214
v -283.392578 91.543777 343.933472
v -285.920410 95.908661 348.005737
v -283.392578 100.273544 343.933472
v -262.599609 100.273544 289.992065
v -261.740234 95.908661 285.277222
v -262.599609 91.543777 289.992065
v -260.578613 95.908661 357.774292
v -259.802734 91.543777 353.026733
v -239.009766 91.543777 299.085327
v -236.398438 95.908661 295.045776
v -239.009766 100.273544 299.085327
v -259.802734 100.273544 353.026733
v -293.129395 100.273544 322.299194
v -297.848145 95.908661 321.453003
v -293.129395 91.543777 322.299194
v -277.391602 91.543777 328.365601
v -253.801758 91.543777 337.459351
v -239.187012 91.543777 343.093140
v -235.120605 95.908661 345.633179
v -239.187012 100.273544 343.093140
v -253.801758 100.273544 337.459351
v -277.391602 100.273544 328.365601
v -284.620117 91.543777 300.223999
v -288.707031 95.908661 297.739136
v -284.620117 100.273544 300.223999
v -268.881836 100.273544 306.290894
v -245.292969 100.273544 315.383667
v -230.677734 100.273544 321.017944
v -225.979004 95.908661 321.918823
v -230.677734 91.543777 321.017944
v -245.292969 91.543777 315.383667
v -268.881836 91.543777 306.290894
v -238.841309 40.077606 342.289917
v -239.416504 39.591255 341.236206
v -240.481445 39.413254 340.521362
v -241.750977 39.591255 340.336792
v -242.885254 40.077606 340.731323
v -243.579102 40.741920 341.599487
v -243.647461 41.406319 342.709839
v -243.071289 41.892624 343.763550
v -242.006836 42.070610 344.478882
v -240.737305 41.892624 344.663452
v -239.603516 41.406319 344.268433
v -238.909180 40.741920 343.399780
v -217.303711 135.635666 286.416870
v -217.878418 135.149277 285.363159
v -218.943848 134.971283 284.648315
v -220.212891 135.149277 284.463257
v -221.347656 135.635666 284.858276
v -222.041504 136.299973 285.726440
v -222.110352 136.964325 286.836792
v -221.534180 137.450638 287.890503
v -220.469238 137.628632 288.605347
v -219.199707 137.450638 288.789917
v -218.066406 136.964325 288.395386
v -217.371094 136.299973 287.526733
v -241.244141 40.741920 342.499878
v -219.706543 136.299973 286.626831
v -226.612305 42.820763 308.814819
v -227.208496 43.387932 307.813843
v -228.281250 43.595497 307.118530
v -229.542969 43.387932 306.914429
v -230.657227 42.820763 307.255249
v -231.323730 42.046059 308.051636
v -231.363770 41.271202 309.088745
v -230.767090 40.704063 310.089722
v -229.694824 40.496468 310.785522
v -228.432617 40.704063 310.989624
v -227.319336 41.271202 310.648315
v -226.653320 42.046059 309.851929
v -241.847656 96.530357 348.337769
v -242.443359 97.097603 347.337280
v -243.516602 97.305168 346.641968
v -244.778320 97.097603 346.437378
v -245.892578 96.530357 346.778198
v -246.558594 95.755615 347.574585
v -246.598633 94.980904 348.611694
v -246.002441 94.413727 349.612671
v -244.929688 94.206161 350.308472
v -243.667969 94.413727 350.513062
v -242.554688 94.980904 350.171265
v -241.888184 95.755615 349.374878
v -228.988281 42.046059 308.952026
v -244.223145 95.755615 348.474976
v -234.352539 66.225273 324.513062
v -234.613770 65.150330 325.187378
v -235.031250 64.581078 326.273804
v -235.494629 64.669899 327.479858
v -235.878418 65.392883 328.483765
v -236.081543 66.556427 329.015015
v -236.046875 67.848572 328.933960
v -235.786621 68.923416 328.258667
v -235.368164 69.492569 327.173706
v -234.906250 69.403862 325.966675
v -234.521973 68.680977 324.962280
v -234.319336 67.517387 324.430542
v -285.473633 66.572556 305.139038
v -285.734375 65.497711 305.813843
v -286.152344 64.928429 306.899780
v -286.614258 65.017250 308.105835
v -286.999512 65.740166 309.109741
v -287.202148 66.903709 309.640991
v -287.167969 68.195961 309.559937
v -286.906738 69.270767 308.885132
v -286.489258 69.839912 307.799683
v -286.026367 69.751205 306.593140
v -285.642090 69.028320 305.588745
v -285.439453 67.864670 305.057495
v -235.200195 67.036873 326.723511
v -286.321289 67.384117 307.349487
v -275.615234 42.820763 289.925171
v -276.210449 43.387932 288.925171
v -277.283203 43.595497 288.229858
v -278.544922 43.387932 288.025269
v -279.659180 42.820763 288.367065
v -280.325195 42.046059 289.162476
v -280.365723 41.271202 290.200073
v -279.769043 40.704063 291.200562
v -278.697266 40.496468 291.895874
v -277.434570 40.704063 292.100464
v -276.321289 41.271202 291.759155
v -275.655273 42.046059 290.963257
v -290.850098 96.530357 329.448608
v -291.445312 97.097603 328.448608
v -292.519531 97.305168 327.752319
v -293.780273 97.097603 327.548706
v -294.894043 96.530357 327.890015
v -295.560059 95.755615 328.685913
v -295.600586 94.980904 329.723022
v -295.004395 94.413727 330.723999
v -293.931641 94.206161 331.419312
v -292.669922 94.413727 331.623901
v -291.556641 94.980904 331.282104
v -290.890137 95.755615 330.485718
v -277.990234 42.046059 290.062866
v -293.224609 95.755615 329.586304
v -368.518555 47.302132 303.665039
v -299.044922 47.302132 302.526367
v -368.518555 53.467049 303.665039
v -299.044922 53.467049 302.526367
v -369.657227 53.467049 234.190918
v -300.183594 53.467049 233.052246
v -369.657227 47.302132 234.190918
v -300.183594 47.302132 233.052246
v -368.728027 53.467049 290.870117
v -299.254395 53.467049 289.731567
v -369.447266 53.467049 246.985840
v -299.973633 53.467049 245.847168
v -355.724121 47.302132 303.455322
v -355.724121 53.467049 303.455322
v -355.933594 53.467049 290.660522
v -356.652832 53.467049 246.776123
v -356.862793 53.467049 233.981201
v -356.862793 47.302132 233.981201
v -311.839355 47.302132 302.736084
v -311.839355 53.467049 302.736084
v -312.048828 53.467049 289.941284
v -312.768066 53.467049 246.056885
v -312.978027 53.467049 233.261963
v -312.978027 47.302132 233.261963
v -368.157715 53.467049 245.652466
v -357.985840 53.467049 245.485718
v -358.152832 53.467049 235.314575
v -368.324707 53.467049 235.481323
v -367.229004 53.467049 302.331787
v -357.057129 53.467049 302.165161
v -357.223633 53.467049 291.993652
v -367.395508 53.467049 292.160400
v -310.549805 53.467049 301.402954
v -310.716309 53.467049 291.231445
v -300.377930 53.467049 301.236206
v -300.544434 53.467049 291.064697
v -311.478516 53.467049 244.723511
v -311.645508 53.467049 234.552368
v -301.306641 53.467049 244.556763
v -301.473633 53.467049 234.385620
v -368.157715 99.030891 245.652466
v -357.985840 99.030891 245.485718
v -358.152832 99.030891 235.314575
v -368.324707 99.030891 235.481323
v -367.229004 99.030891 302.331787
v -357.057129 99.030891 302.165161
v -357.223633 99.030891 291.993652
v -367.395508 99.030891 292.160400
v -310.549805 99.030891 301.402954
v -310.716309 99.030891 291.231445
v -300.377930 99.030891 301.236206
v -300.544434 99.030891 291.064697
v -311.478516 99.030891 244.723511
v -311.645508 99.030891 234.552368
v -301.306641 99.030891 244.556763
v -301.473633 99.030891 234.385620
v -369.260254 99.030891 246.791870
v -356.847168 99.030891 246.588501
v -357.050293 99.030891 234.175049
v -369.463379 99.030891 234.378540
v -368.331055 99.030891 303.471191
v -355.917969 99.030891 303.267700
v -356.121582 99.030891 290.854248
v -368.534668 99.030891 291.057739
v -311.651855 99.030891 302.542358
v -311.855469 99.030891 290.128784
v -299.238770 99.030891 302.338867
v -299.442383 99.030891 289.925293
v -312.581055 99.030891 245.863037
v -312.784180 99.030891 233.449585
v -300.167969 99.030891 245.659546
v -300.371094 99.030891 233.246094
v -369.260254 105.964241 246.791870
v -356.847168 105.964241 246.588501
v -357.050293 105.964241 234.175049
v -369.463379 105.964241 234.378540
v -368.331055 105.964241 303.471191
v -355.917969 105.964241 303.267700
v -356.121582 105.964241 290.854248
v -368.534668 105.964241 291.057739
v -311.651855 105.964241 302.542358
v -311.855469 105.964241 290.128784
v -299.238770 105.964241 302.338867
v -299.442383 105.964241 289.925293
v -312.581055 105.964241 245.863037
v -312.784180 105.964241 233.449585
v -300.167969 105.964241 245.659546
v -300.371094 105.964241 233.246094
v -359.603027 49.500618 299.459351
v -307.631836 49.500618 298.607544
v -359.603027 101.479134 299.459351
v -307.631836 101.479134 298.607544
v -359.668457 101.479134 295.451538
v -307.697266 101.479134 294.599731
v -359.668457 49.500618 295.451538
v -307.697266 49.500618 294.599731
v -303.604980 49.500618 292.354858
v -304.456543 49.500618 240.383545
v -303.604980 101.479134 292.354858
v -304.456543 101.479134 240.383545
v -307.612793 101.479134 292.420532
v -308.464355 101.479134 240.449341
v -307.612793 49.500618 292.420532
v -308.464355 49.500618 240.449341
v -360.541504 49.500618 242.184937
v -308.570312 49.500618 241.333130
v -360.541504 101.479134 242.184937
v -308.570312 101.479134 241.333130
v -360.607422 101.479134 238.177368
v -308.636230 101.479134 237.325562
v -360.607422 49.500618 238.177368
v -308.636230 49.500618 237.325562
v -359.936523 49.500618 293.278076
v -360.788086 49.500618 241.306763
v -359.936523 101.479134 293.278076
v -360.788086 101.479134 241.306763
v -363.943359 101.479134 293.343750
v -364.794922 101.479134 241.372437
v -363.943359 49.500618 293.343750
v -364.794922 49.500618 241.372437
v 965.436523 70.321419 266.651001
v 855.062500 70.321419 255.363159
v 942.176758 143.426163 264.272095
v 855.062500 143.426163 255.363159
v 926.676758 143.426163 415.833618
v 839.562500 143.426163 406.923950
v 949.935547 70.321419 418.212036
v 839.562500 70.321419 406.923950
v 780.847656 71.034363 402.876099
v 796.744141 71.034363 247.442505
v 780.093750 190.576324 402.825073
v 795.993164 190.576965 247.339233
v 640.523438 71.055786 388.584106
v 656.431641 71.055786 233.034302
v 640.919922 190.873962 388.624390
v 656.828125 190.874390 233.074829
v 554.673828 71.055786 379.804077
v 570.582031 71.055786 224.254272
v 554.927734 134.745834 379.830444
v 570.838867 134.746307 224.280640
v 442.816406 71.055786 368.364868
v 458.724609 71.055786 212.815063
v 465.013672 119.905411 370.634888
v 480.921875 119.905411 215.085083
v 975.033203 150.550293 313.576050
v 1002.083984 77.445549 316.342407
v 850.408203 70.451775 300.830688
v 791.974609 71.034363 294.072388
v 651.660156 71.055786 279.699097
v 565.814453 71.183594 270.919800
v 412.653320 78.179932 255.256226
v 438.465820 127.029556 257.895874
v 545.976562 142.287613 268.890991
v 643.859375 198.470139 278.901245
v 803.810547 198.470139 295.259155
v 870.432617 150.550293 302.878784
v 995.574219 77.445549 379.998169
v 968.523438 150.550293 377.231812
v 863.921875 150.550293 366.534302
v 797.128906 198.470139 360.590210
v 637.177734 198.470139 344.232300
v 539.294922 142.287613 334.221802
v 431.784180 127.029556 323.226929
v 405.970703 78.179932 320.586792
v 559.132812 71.183594 336.250854
v 644.978516 71.055786 345.029907
v 785.298828 71.034363 359.354370
v 843.898438 70.451775 364.486450
v 955.453125 104.883698 255.593628
v 992.205078 105.241791 311.317749
v 984.840820 105.242188 383.317017
v 937.921875 104.883698 427.019409
v 838.546875 104.883698 416.856567
v 779.806641 104.883896 413.061890
v 639.481445 104.883896 398.777466
v 553.631836 104.860809 389.997925
v 456.777344 104.072983 380.092651
v 419.447266 104.551392 326.497437
v 427.004883 104.551575 252.603882
v 474.769531 104.071564 204.155640
v 571.625000 104.860779 214.061157
v 657.473633 104.883896 222.840698
v 797.785156 104.883896 237.256714
v 856.077148 104.883698 245.430786
v 962.439453 84.970459 263.333374
v 999.120117 90.064804 314.835327
v 992.354492 90.064911 380.993530
v 946.330078 84.970459 420.854126
v 839.257812 84.970459 409.904175
v 780.535156 85.469582 405.932007
v 640.210938 85.484573 391.642212
v 554.361328 85.478302 382.862183
v 447.001953 85.241310 371.882935
v 410.013672 90.371719 322.360229
v 416.958984 90.371780 254.460327
v 463.535156 85.240875 210.216919
v 570.894531 85.478287 221.196655
v 656.744141 85.484573 229.976440
v 797.056641 85.469582 244.386841
v 855.367188 84.970459 252.383423
v 976.814453 70.321419 256.532593
v 856.218750 70.355263 244.092896
v 856.566406 80.713814 240.669556
v 973.728516 80.690102 252.762573
v 955.246094 80.690102 433.491089
v 838.060547 80.713814 421.617798
v 838.413086 70.355263 418.194946
v 959.030273 70.321419 430.423706
v 401.220703 78.179932 249.455444
v 449.658203 71.055786 200.309204
v 405.714844 86.091423 248.496948
v 454.701172 80.960518 197.279175
v 1011.373047 85.784424 311.398071
v 1014.441406 77.445549 313.093628
v 779.312500 81.204216 417.901245
v 779.669922 71.055786 414.392944
v 798.281250 81.204216 232.416870
v 797.921875 71.055786 235.925659
v 638.993164 81.204216 403.551147
v 639.352539 71.055786 400.042603
v 657.962891 81.204216 218.066528
v 657.603516 71.055786 221.575562
v 553.142578 81.204117 394.771362
v 553.501953 71.055786 391.262817
v 572.112305 81.204117 209.286987
v 571.753906 71.055786 212.795776
v 435.730469 80.960938 382.764038
v 431.408203 71.055786 378.776489
v 1006.971680 77.445549 386.127808
v 1003.610352 85.784546 387.304077
v 397.747070 86.091362 326.400269
v 393.554688 78.179932 324.411987
v 711.547852 71.055435 395.846802
v 716.001953 71.055435 352.293091
v 722.683594 71.055435 286.962769
v 727.455078 71.055435 240.298706
v 728.627930 71.055786 228.839233
v 728.986328 81.204216 225.329956
v 727.767578 85.484329 237.240845
v 728.498047 104.883896 230.105347
v 727.455078 191.333298 240.298218
v 722.683594 198.470139 286.962524
v 716.001953 198.470139 352.293579
v 711.547852 191.333282 395.847046
v 710.505859 104.883896 406.040405
v 711.235352 85.484329 398.904663
v 710.017578 81.204216 410.814819
v 710.375000 71.055786 407.306030
v 797.318359 141.093384 241.679077
v 728.083984 139.045593 234.134888
v 657.082031 136.975204 226.710815
v 552.918945 145.679031 273.947388
v 637.267578 194.093689 282.573608
v 649.052734 187.954575 243.145386
v 576.521484 139.539902 235.727661
v 631.509766 194.093689 338.871460
v 635.344727 187.954575 377.188599
v 547.161133 145.679031 330.245483
v 562.812500 139.539902 369.770874
v 808.134766 193.387939 301.506714
v 862.455078 154.316940 307.718872
v 847.613281 148.508331 268.741333
v 801.013672 187.579346 262.332397
v 857.146484 154.316940 359.619995
v 834.975586 148.508331 392.315308
v 802.687500 193.387939 354.773315
v 788.042969 187.579346 389.158569
v 899.781250 70.321419 259.936401
v 900.928711 70.338509 248.717896
v 901.279297 80.701736 245.298706
v 900.085938 84.970459 256.956665
v 900.796875 104.883698 250.004272
v 899.781250 143.426163 259.936401
v 895.131836 150.550293 305.404663
v 888.621094 150.550293 369.060181
v 884.281250 143.426163 411.497681
v 883.265625 104.883698 421.430054
v 883.976562 84.970459 414.477173
v 882.784180 80.701736 426.134888
v 883.134766 70.338509 422.715698
v 884.281250 70.321419 411.497681
v 888.689453 73.207695 369.067261
v 895.199219 73.207695 305.411743
v 805.976562 70.729233 404.608276
v 810.380859 70.785004 361.550903
v 816.986328 70.785004 296.965210
v 821.703125 70.729233 250.832397
v 822.869141 70.755989 239.420776
v 823.226562 80.994339 235.948853
v 822.011719 85.255959 247.809204
v 822.733398 104.883804 240.755005
v 821.957031 142.088760 247.517944
v 816.685547 174.060501 250.150024
v 816.889648 174.268250 264.515747
v 820.956055 184.166290 302.972534
v 815.539062 184.167191 355.916870
v 804.031250 174.269287 390.234009
v 801.012695 173.989548 404.267212
v 804.945312 104.883820 414.686157
v 805.667969 85.255959 407.631958
v 804.456055 80.994339 419.491821
v 804.809570 70.755989 416.019897
v 736.918945 187.342361 262.788208
v 709.949219 187.342361 260.030151
v 730.675781 222.247391 270.085083
v 714.585938 222.247391 268.439819
v 720.779297 222.247391 366.851440
v 704.689453 222.247391 365.205933
v 725.416016 187.342361 375.260864
v 698.447266 187.342361 372.503052
v 801.574219 89.595596 377.272583
v 810.187500 102.554092 378.153687
v 823.080078 111.212692 379.471802
v 838.285156 114.253189 381.026978
v 853.490234 111.212723 382.582153
v 866.382812 102.554123 383.900513
v 874.996094 89.595627 384.781128
v 878.020508 74.310036 385.090698
v 874.996094 59.024437 384.781128
v 866.382812 46.065933 383.900513
v 853.490234 37.407333 382.582153
v 838.285156 34.366837 381.026978
v 823.080078 37.407333 379.471802
v 810.187500 46.065918 378.153687
v 801.574219 59.024422 377.272583
v 798.548828 74.310020 376.963257
v 798.757812 89.595596 404.816284
v 807.371094 102.554092 405.696899
v 820.263672 111.212692 407.015747
v 835.468750 114.253189 408.570679
v 850.673828 111.212723 410.125366
v 863.566406 102.554123 411.443970
v 872.179688 89.595627 412.325073
v 875.203125 74.310036 412.634155
v 872.179688 59.024437 412.325073
v 863.566406 46.065933 411.443970
v 850.673828 37.407333 410.125366
v 835.468750 34.366837 408.570679
v 820.263672 37.407333 407.015747
v 807.371094 46.065918 405.696899
v 798.757812 59.024422 404.816284
v 795.731445 74.310020 404.506714
v 838.285156 74.310020 381.026978
v 794.365234 91.796661 395.514526
v 790.906250 74.310020 395.160767
v 794.365234 56.823364 395.514526
v 804.220703 41.998848 396.522339
v 818.968750 32.093449 398.030640
v 836.365234 28.615139 399.809937
v 853.759766 32.093460 401.588745
v 868.507812 41.998871 403.097046
v 878.361328 56.823364 404.104858
v 881.822266 74.310036 404.458618
v 878.361328 91.796707 404.104858
v 868.507812 106.621185 403.097046
v 853.759766 116.526596 401.588745
v 836.365234 120.004898 399.809937
v 818.968750 116.526566 398.030640
v 804.220703 106.621170 396.522339
v 795.580078 91.796661 383.650757
v 792.119141 74.310020 383.296753
v 795.580078 56.823364 383.650757
v 805.433594 41.998848 384.658325
v 820.181641 32.093449 386.166626
v 837.578125 28.615139 387.945679
v 854.972656 32.093460 389.724976
v 869.721680 41.998871 391.233276
v 879.574219 56.823364 392.240845
v 883.035156 74.310036 392.594604
v 879.574219 91.796707 392.240845
v 869.721680 106.621185 391.233276
v 854.972656 116.526596 389.724976
v 837.578125 120.004898 387.945679
v 820.181641 116.526566 386.166626
v 805.433594 106.621170 384.658325
v 808.550781 85.518303 405.817749
v 806.330078 74.310020 405.590942
v 808.550781 63.101715 405.817749
v 814.865234 53.599770 406.463501
v 824.318359 47.250771 407.430054
v 835.468750 45.021294 408.570679
v 846.617188 47.250771 409.710815
v 856.072266 53.599770 410.677856
v 862.386719 63.101715 411.323608
v 864.605469 74.310036 411.550415
v 862.386719 85.518333 411.323608
v 856.072266 95.020279 410.677856
v 846.617188 101.369263 409.710815
v 835.468750 103.598740 408.570679
v 824.318359 101.369263 407.430054
v 814.865234 95.020264 406.463501
v 814.108398 83.419418 401.273071
v 812.304688 74.310020 401.088745
v 835.986328 74.310020 403.510864
v 814.108398 65.200600 401.273071
v 819.242188 57.478004 401.798218
v 826.923828 52.317917 402.583618
v 835.986328 50.505943 403.510864
v 845.048828 52.317917 404.437378
v 852.730469 57.478004 405.223022
v 857.863281 65.200600 405.747925
v 859.667969 74.310028 405.932495
v 857.863281 83.419449 405.747925
v 852.730469 91.142044 405.223022
v 845.048828 96.302109 404.437378
v 835.986328 98.114075 403.510864
v 826.923828 96.302094 402.583618
v 819.242188 91.142029 401.798218
v 808.790039 85.518303 403.476440
v 806.570312 74.310020 403.249390
v 808.790039 63.101715 403.476440
v 815.105469 53.599770 404.122192
v 824.557617 47.250771 405.089233
v 835.708984 45.021294 406.229370
v 846.857422 47.250771 407.369507
v 856.311523 53.599770 408.336548
v 862.625977 63.101715 408.982300
v 864.843750 74.310036 409.209351
v 862.625977 85.518333 408.982300
v 856.311523 95.020279 408.336548
v 846.857422 101.369263 407.369507
v 835.708984 103.598740 406.229370
v 824.557617 101.369263 405.089233
v 815.105469 95.020264 404.122192
v 492.047852 89.595596 345.617798
v 500.660156 102.554092 346.498657
v 513.552734 111.212692 347.817017
v 528.757812 114.253189 349.371948
v 543.962891 111.212723 350.927368
v 556.856445 102.554123 352.245728
v 565.468750 89.595627 353.126343
v 568.494141 74.310036 353.435913
v 565.468750 59.024437 353.126343
v 556.856445 46.065933 352.245728
v 543.962891 37.407333 350.927368
v 528.757812 34.366837 349.371948
v 513.552734 37.407333 347.817017
v 500.660156 46.065918 346.498657
v 492.047852 59.024422 345.617798
v 489.021484 74.310020 345.308228
v 489.230469 89.595596 373.161499
v 497.843750 102.554092 374.041870
v 510.736328 111.212692 375.360718
v 525.941406 114.253189 376.915649
v 541.146484 111.212723 378.470825
v 554.039062 102.554123 379.789185
v 562.652344 89.595627 380.670044
v 565.675781 74.310036 380.979614
v 562.652344 59.024437 380.670044
v 554.039062 46.065933 379.789185
v 541.146484 37.407333 378.470825
v 525.941406 34.366837 376.915649
v 510.736328 37.407333 375.360718
v 497.843750 46.065918 374.041870
v 489.230469 59.024422 373.161499
v 486.205078 74.310020 372.851929
v 528.757812 74.310020 349.371948
v 484.838867 91.796661 363.859741
v 481.378906 74.310020 363.505737
v 484.838867 56.823364 363.859741
v 494.693359 41.998848 364.867310
v 509.441406 32.093449 366.375610
v 526.837891 28.615139 368.154663
v 544.232422 32.093460 369.933960
v 558.980469 41.998871 371.442261
v 568.833984 56.823364 372.449829
v 572.294922 74.310036 372.803589
v 568.833984 91.796707 372.449829
v 558.980469 106.621185 371.442261
v 544.232422 116.526596 369.933960
v 526.837891 120.004898 368.154663
v 509.441406 116.526566 366.375610
v 494.693359 106.621170 364.867310
v 486.052734 91.796661 351.995728
v 482.591797 74.310020 351.641724
v 486.052734 56.823364 351.995728
v 495.906250 41.998848 353.003540
v 510.654297 32.093449 354.511841
v 528.050781 28.615139 356.290649
v 545.445312 32.093460 358.069946
v 560.193359 41.998871 359.578247
v 570.046875 56.823364 360.585815
v 573.507812 74.310036 360.939575
v 570.046875 91.796707 360.585815
v 560.193359 106.621185 359.578247
v 545.445312 116.526596 358.069946
v 528.050781 120.004898 356.290649
v 510.654297 116.526566 354.511841
v 495.906250 106.621170 353.003540
v 499.023438 85.518303 374.162720
v 496.803711 74.310020 373.935669
v 499.023438 63.101715 374.162720
v 505.337891 53.599770 374.808716
v 514.791016 47.250771 375.775269
v 525.941406 45.021294 376.915649
v 537.089844 47.250771 378.055786
v 546.544922 53.599770 379.022827
v 552.859375 63.101715 379.668335
v 555.078125 74.310036 379.895386
v 552.859375 85.518333 379.668335
v 546.544922 95.020279 379.022827
v 537.089844 101.369263 378.055786
v 525.941406 103.598740 376.915649
v 514.791016 101.369263 375.775269
v 505.337891 95.020264 374.808716
v 504.581055 83.419418 369.618286
v 502.777344 74.310020 369.433716
v 526.458984 74.310020 371.855835
v 504.581055 65.200600 369.618286
v 509.714844 57.478004 370.143433
v 517.396484 52.317917 370.928589
v 526.458984 50.505943 371.855835
v 535.521484 52.317917 372.782593
v 543.203125 57.478004 373.568237
v 548.335938 65.200600 374.093140
v 550.140625 74.310028 374.277710
v 548.335938 83.419449 374.093140
v 543.203125 91.142044 373.568237
v 535.521484 96.302109 372.782593
v 526.458984 98.114075 371.855835
v 517.396484 96.302094 370.928589
v 509.714844 91.142029 370.143433
v 499.262695 85.518303 371.821655
v 497.042969 74.310020 371.594604
v 499.262695 63.101715 371.821655
v 505.578125 53.599770 372.467407
v 515.029297 47.250771 373.434204
v 526.181641 45.021294 374.574585
v 537.330078 47.250771 375.714722
v 546.785156 53.599770 376.681763
v 553.099609 63.101715 377.327515
v 555.317383 74.310036 377.554321
v 553.099609 85.518333 377.327515
v 546.785156 95.020279 376.681763
v 537.330078 101.369263 375.714722
v 526.181641 103.598740 374.574585
v 515.029297 101.369263 373.434204
v 505.578125 95.020264 372.467407
v 811.569336 91.957687 278.384644
v 820.181641 104.916183 279.265503
v 833.074219 113.574783 280.583862
v 848.280273 116.615280 282.139038
v 863.484375 113.574814 283.693970
v 876.376953 104.916214 285.012573
v 884.990234 91.957718 285.893433
v 888.014648 76.672127 286.202759
v 884.990234 61.386528 285.893433
v 876.376953 48.428024 285.012573
v 863.484375 39.769424 283.693970
v 848.280273 36.728928 282.139038
v 833.074219 39.769424 280.583862
v 820.181641 48.428009 279.265503
v 811.569336 61.386513 278.384644
v 808.542969 76.672112 278.075317
v 814.386719 91.957687 250.841187
v 822.999023 104.916183 251.722046
v 835.890625 113.574783 253.040405
v 851.097656 116.615280 254.595581
v 866.301758 113.574814 256.150269
v 879.193359 104.916214 257.468872
v 887.806641 91.957718 258.349731
v 890.832031 76.672127 258.659058
v 887.806641 61.386528 258.349731
v 879.193359 48.428024 257.468872
v 866.301758 39.769424 256.150269
v 851.097656 36.728928 254.595581
v 835.890625 39.769424 253.040405
v 822.999023 48.428009 251.722046
v 814.386719 61.386513 250.841187
v 811.359375 76.672112 250.531616
v 848.280273 76.672112 282.139038
v 808.202148 94.158752 259.061157
v 804.742188 76.672112 258.707153
v 808.202148 59.185455 259.061157
v 818.056641 44.360939 260.068726
v 832.804688 34.455544 261.577271
v 850.201172 30.977230 263.356323
v 867.595703 34.455551 265.135132
v 882.343750 44.360962 266.643433
v 892.197266 59.185455 267.651245
v 895.658203 76.672127 268.005249
v 892.197266 94.158798 267.651245
v 882.343750 108.983276 266.643433
v 867.595703 118.888687 265.135132
v 850.201172 122.366989 263.356323
v 832.804688 118.888657 261.577271
v 818.056641 108.983261 260.068726
v 806.988281 94.158752 270.925171
v 803.528320 76.672112 270.571411
v 806.988281 59.185455 270.925171
v 816.842773 44.360939 271.932983
v 831.590820 34.455544 273.441040
v 848.988281 30.977230 275.220337
v 866.382812 34.455551 276.999390
v 881.130859 44.360962 278.507446
v 890.984375 59.185455 279.515259
v 894.444336 76.672127 279.869019
v 890.984375 94.158798 279.515259
v 881.130859 108.983276 278.507446
v 866.382812 118.888687 276.999390
v 848.988281 122.366989 275.220337
v 831.590820 118.888657 273.441040
v 816.842773 108.983261 271.932983
v 824.177734 87.880394 251.842651
v 821.958984 76.672112 251.615356
v 824.177734 65.463806 251.842651
v 830.493164 55.961861 252.488403
v 839.945312 49.612862 253.455200
v 851.097656 47.383385 254.595581
v 862.246094 49.612862 255.735718
v 871.700195 55.961861 256.702515
v 878.014648 65.463806 257.348267
v 880.232422 76.672127 257.575073
v 878.014648 87.880424 257.348267
v 871.700195 97.382370 256.702515
v 862.246094 103.731354 255.735718
v 851.097656 105.960831 254.595581
v 839.945312 103.731354 253.455200
v 830.493164 97.382355 252.488403
v 828.701172 85.781509 257.417847
v 826.898438 76.672112 257.233521
v 850.580078 76.672112 259.655396
v 828.701172 67.562691 257.417847
v 833.833984 59.840096 257.942993
v 841.515625 54.680008 258.728638
v 850.580078 52.868034 259.655396
v 859.640625 54.680008 260.582153
v 867.323242 59.840096 261.368042
v 872.457031 67.562691 261.892944
v 874.259766 76.672119 262.077271
v 872.457031 85.781540 261.892944
v 867.323242 93.504135 261.368042
v 859.640625 98.664200 260.582153
v 850.580078 100.476166 259.655396
v 841.515625 98.664185 258.728638
v 833.833984 93.504120 257.942993
v 823.939453 87.880394 254.183716
v 821.718750 76.672112 253.956909
v 823.939453 65.463806 254.183716
v 830.253906 55.961861 254.829468
v 839.707031 49.612862 255.796265
v 850.857422 47.383385 256.936646
v 862.005859 49.612862 258.076782
v 871.460938 55.961861 259.043823
v 877.775391 65.463806 259.689575
v 879.993164 76.672127 259.916382
v 877.775391 87.880424 259.689575
v 871.460938 97.382370 259.043823
v 862.005859 103.731354 258.076782
v 850.857422 105.960831 256.936646
v 839.707031 103.731354 255.796265
v 830.253906 97.382355 254.829468
v 502.042969 91.957687 246.729858
v 510.655273 104.916183 247.610718
v 523.546875 113.574783 248.928833
v 538.752930 116.615280 250.484253
v 553.958008 113.574814 252.039185
v 566.849609 104.916214 253.357544
v 575.462891 91.957718 254.238403
v 578.487305 76.672127 254.547729
v 575.462891 61.386528 254.238403
v 566.849609 48.428024 253.357544
v 553.958008 39.769424 252.039185
v 538.752930 36.728928 250.484253
v 523.546875 39.769424 248.928833
v 510.655273 48.428009 247.610718
v 502.042969 61.386513 246.729858
v 499.015625 76.672112 246.420288
v 504.858398 91.957687 219.186157
v 513.472656 104.916183 220.067017
v 526.363281 113.574783 221.385376
v 541.569336 116.615280 222.940796
v 556.774414 113.574814 224.495483
v 569.667969 104.916214 225.813843
v 578.279297 91.957718 226.694702
v 581.304688 76.672127 227.004272
v 578.279297 61.386528 226.694702
v 569.667969 48.428024 225.813843
v 556.774414 39.769424 224.495483
v 541.569336 36.728928 222.940796
v 526.363281 39.769424 221.385376
v 513.472656 48.428009 220.067017
v 504.858398 61.386513 219.186157
v 501.832031 76.672112 218.876831
v 538.752930 76.672112 250.484253
v 498.673828 94.158752 227.406128
v 495.214844 76.672112 227.052368
v 498.673828 59.185455 227.406128
v 508.529297 44.360939 228.413940
v 523.277344 34.455544 229.922241
v 540.673828 30.977230 231.701294
v 558.068359 34.455551 233.480347
v 572.816406 44.360962 234.988647
v 582.669922 59.185455 235.996460
v 586.130859 76.672127 236.350220
v 582.669922 94.158798 235.996460
v 572.816406 108.983276 234.988647
v 558.068359 118.888687 233.480347
v 540.673828 122.366989 231.701294
v 523.277344 118.888657 229.922241
v 508.529297 108.983261 228.413940
v 497.460938 94.158752 239.270142
v 494.001953 76.672112 238.916382
v 497.460938 59.185455 239.270142
v 507.315430 44.360939 240.277954
v 522.063477 34.455544 241.786011
v 539.460938 30.977230 243.565308
v 556.855469 34.455551 245.344360
v 571.603516 44.360962 246.852417
v 581.457031 59.185455 247.860229
v 584.917969 76.672127 248.214233
v 581.457031 94.158798 247.860229
v 571.603516 108.983276 246.852417
v 556.855469 118.888687 245.344360
v 539.460938 122.366989 243.565308
v 522.063477 118.888657 241.786011
v 507.315430 108.983261 240.277954
v 514.651367 87.880394 220.187622
v 512.431641 76.672112 219.960571
v 514.651367 65.463806 220.187622
v 520.965820 55.961861 220.833374
v 530.417969 49.612862 221.800171
v 541.569336 47.383385 222.940796
v 552.718750 49.612862 224.080688
v 562.173828 55.961861 225.047729
v 568.488281 65.463806 225.693481
v 570.705078 76.672127 225.920288
v 568.488281 87.880424 225.693481
v 562.173828 97.382370 225.047729
v 552.718750 103.731354 224.080688
v 541.569336 105.960831 222.940796
v 530.417969 103.731354 221.800171
v 520.965820 97.382355 220.833374
v 519.173828 85.781509 225.763062
v 517.371094 76.672112 225.578735
v 541.051758 76.672112 228.000366
v 519.173828 67.562691 225.763062
v 524.307617 59.840096 226.288208
v 531.988281 54.680008 227.073608
v 541.051758 52.868034 228.000366
v 550.115234 54.680008 228.927368
v 557.795898 59.840096 229.713013
v 562.929688 67.562691 230.237915
v 564.732422 76.672119 230.422241
v 562.929688 85.781540 230.237915
v 557.795898 93.504135 229.713013
v 550.115234 98.664200 228.927368
v 541.051758 100.476166 228.000366
v 531.988281 98.664185 227.073608
v 524.307617 93.504120 226.288208
v 514.412109 87.880394 222.528931
v 512.192383 76.672112 222.301880
v 514.412109 65.463806 222.528931
v 520.726562 55.961861 223.174683
v 530.179688 49.612862 224.141235
v 541.330078 47.383385 225.281616
v 552.478516 49.612862 226.421997
v 561.933594 55.961861 227.388794
v 568.248047 65.463806 228.034546
v 570.466797 76.672127 228.261353
v 568.248047 87.880424 228.034546
v 561.933594 97.382370 227.388794
v 552.478516 103.731354 226.421997
v 541.330078 105.960831 225.281616
v 530.179688 103.731354 224.141235
v 520.726562 97.382355 223.174683
v 966.024414 69.485573 -21.519165
v 965.318359 66.363403 -21.332642
v 968.335938 66.376785 -22.129517
v 967.539062 66.363411 -25.148071
v 967.539062 69.485573 -25.148071
v 964.521484 69.485573 -24.351440
v 966.024414 49.782127 -21.519165
v 964.521484 49.782127 -24.351440
v 967.539062 49.782127 -25.148071
v 967.539062 52.904297 -25.148071
v 968.335938 52.897606 -22.129517
v 965.318359 52.904297 -21.332642
v 963.017578 69.485573 -27.184448
v 964.519531 69.485573 -24.352173
v 967.539062 69.485573 -25.149048
v 967.539062 66.363403 -25.149048
v 966.742188 66.350021 -28.167847
v 963.724609 66.363403 -27.371216
v 963.017578 49.782127 -27.184448
v 963.724609 52.904297 -27.371216
v 966.742188 52.910988 -28.167847
v 967.539062 52.904297 -25.149048
v 967.539062 49.782127 -25.149048
v 964.519531 49.782127 -24.352173
v 807.533203 69.485573 17.082642
v 810.550781 69.485573 16.285767
v 809.047852 69.485573 13.453491
v 809.753906 66.363403 13.267212
v 806.736328 66.363403 14.063843
v 807.533203 66.363403 17.082642
v 807.533203 49.782127 17.082642
v 807.533203 52.904297 17.082642
v 806.736328 52.847519 14.063843
v 809.753906 52.904259 13.267212
v 809.047852 49.782127 13.453491
v 810.550781 49.782127 16.285767
v 812.054688 69.485573 19.118530
v 810.551758 69.485573 16.286255
v 807.533203 69.485573 17.083374
v 807.533203 66.363403 17.083374
v 808.330078 66.363403 20.101929
v 811.347656 66.363403 19.305298
v 812.054688 49.782127 19.118530
v 811.347656 52.904297 19.305298
v 808.330078 52.961067 20.101929
v 807.533203 52.904320 17.083374
v 807.533203 49.782127 17.083374
v 810.551758 49.782127 16.286255
v 968.335938 69.485573 -22.129517
v 968.335938 49.782127 -22.129517
v 966.742188 69.485573 -28.167847
v 966.742188 49.782127 -28.167847
v 806.736328 69.485573 14.063843
v 806.736328 49.782127 14.063843
v 808.330078 69.485573 20.101929
v 808.330078 49.782127 20.101929
v 825.658203 77.597298 40.380493
v 868.793945 77.597298 11.378540
v 825.658203 129.575806 40.380493
v 868.793945 129.575806 11.378540
v 823.421875 129.575806 37.054321
v 866.557617 129.575806 8.052368
v 823.421875 77.597298 37.054321
v 866.557617 77.597298 8.052368
v 853.975586 77.597298 82.912720
v 824.974609 77.597298 39.777466
v 853.975586 129.575806 82.912720
v 824.974609 129.575806 39.777466
v 850.650391 129.575806 85.149048
v 821.648438 129.575806 42.013794
v 850.650391 77.597298 85.149048
v 821.648438 77.597298 42.013794
v 900.730469 77.597298 51.478149
v 871.728516 77.597298 8.342896
v 900.730469 129.575806 51.478149
v 871.728516 129.575806 8.342896
v 897.403320 129.575806 53.714478
v 868.402344 129.575806 10.579224
v 897.403320 77.597298 53.714478
v 868.402344 77.597298 10.579224
v 792.654297 49.335335 141.193970
v 810.298828 49.335335 92.302368
v 792.654297 101.313850 141.193970
v 810.298828 101.313850 92.302368
v 788.884766 101.313850 139.833130
v 806.529297 101.313850 90.941528
v 788.884766 49.335335 139.833130
v 806.529297 49.335335 90.941528
v 737.779297 49.335335 127.965942
v 786.670898 49.335335 145.610962
v 737.779297 101.313850 127.965942
v 786.670898 101.313850 145.610962
v 739.140625 101.313850 124.195679
v 788.031250 101.313850 141.840698
v 739.140625 49.335335 124.195679
v 788.031250 49.335335 141.840698
v 739.661133 49.335335 122.068726
v 757.305664 49.335335 73.177124
v 739.661133 101.313850 122.068726
v 757.305664 101.313850 73.177124
v 735.891602 101.313850 120.708130
v 753.536133 101.313850 71.816528
v 735.891602 49.335335 120.708130
v 753.536133 49.335335 71.816528
v 757.224609 49.335335 74.085327
v 806.116211 49.335335 91.730347
v 757.224609 101.313850 74.085327
v 806.116211 101.313850 91.730347
v 758.585938 101.313850 70.315308
v 807.476562 101.313850 87.960327
v 758.585938 49.335335 70.315308
v 807.476562 49.335335 87.960327
v 852.429688 75.398811 96.297485
v 910.091797 75.398811 57.529419
v 852.429688 81.563728 96.297485
v 910.091797 81.563728 57.529419
v 813.661133 81.563728 38.635132
v 871.322266 81.563728 -0.132935
v 813.661133 75.398811 38.635132
v 871.322266 75.398811 -0.132935
v 845.290039 81.563728 85.677856
v 902.951172 81.563728 46.909790
v 820.800781 81.563728 49.254761
v 878.462891 81.563728 10.486694
v 863.048828 75.398811 89.157837
v 863.048828 81.563728 89.157837
v 855.909180 81.563728 78.538208
v 831.419922 81.563728 42.115112
v 824.280273 81.563728 31.495483
v 824.280273 75.398811 31.495483
v 899.472656 75.398811 64.669067
v 899.472656 81.563728 64.669067
v 892.332031 81.563728 54.049438
v 867.843750 81.563728 17.626343
v 860.703125 81.563728 7.006714
v 860.703125 75.398811 7.006714
v 821.157227 81.563728 47.434448
v 829.599609 81.563728 41.758179
v 823.923828 81.563728 33.316284
v 815.481445 81.563728 38.992554
v 852.786133 81.563728 94.477417
v 861.228516 81.563728 88.801147
v 855.552734 81.563728 80.359009
v 847.110352 81.563728 86.035278
v 899.828125 81.563728 62.848511
v 894.152344 81.563728 54.406372
v 908.271484 81.563728 57.172729
v 902.595703 81.563728 48.730591
v 868.199219 81.563728 15.805542
v 862.523438 81.563728 7.363647
v 876.642578 81.563728 10.129761
v 870.966797 81.563728 1.687866
v 821.157227 127.127571 47.434448
v 829.599609 127.127571 41.758179
v 823.923828 127.127571 33.316284
v 815.481445 127.127571 38.992554
v 852.786133 127.127571 94.477417
v 861.228516 127.127571 88.801147
v 855.552734 127.127571 80.359009
v 847.110352 127.127571 86.035278
v 899.828125 127.127571 62.848511
v 894.152344 127.127571 54.406372
v 908.271484 127.127571 57.172729
v 902.595703 127.127571 48.730591
v 868.199219 127.127571 15.805542
v 862.523438 127.127571 7.363647
v 876.642578 127.127571 10.129761
v 870.966797 127.127571 1.687866
v 820.852539 127.127571 48.990601
v 831.156250 127.127571 42.063354
v 824.228516 127.127571 31.760132
v 813.925781 127.127571 38.687378
v 852.480469 127.127571 96.033081
v 862.784180 127.127571 89.105835
v 855.857422 127.127571 78.803101
v 845.554688 127.127571 85.730347
v 899.523438 127.127571 64.404175
v 892.597656 127.127571 54.101440
v 909.826172 127.127571 57.477417
v 902.900391 127.127571 47.174683
v 867.895508 127.127571 17.361694
v 860.968750 127.127571 7.058472
v 878.198242 127.127571 10.434937
v 871.271484 127.127571 0.131714
v 820.852539 134.060913 48.990601
v 831.156250 134.060913 42.063354
v 824.228516 134.060913 31.760132
v 813.925781 134.060913 38.687378
v 852.480469 134.060913 96.033081
v 862.784180 134.060913 89.105835
v 855.857422 134.060913 78.803101
v 845.554688 134.060913 85.730347
v 899.523438 134.060913 64.404175
v 892.597656 134.060913 54.101440
v 909.826172 134.060913 57.477417
v 902.900391 134.060913 47.174683
v 867.895508 134.060913 17.361694
v 860.968750 134.060913 7.058472
v 878.198242 134.060913 10.434937
v 871.271484 134.060913 0.131714
v 857.619141 77.597298 87.917358
v 900.754883 77.597298 58.915405
v 857.619141 129.575806 87.917358
v 900.754883 129.575806 58.915405
v 855.382812 129.575806 84.590942
v 898.518555 129.575806 55.588989
v 855.382812 77.597298 84.590942
v 898.518555 77.597298 55.588989
v 1003.832031 69.485573 121.726685
v 1003.125977 66.363403 121.913208
v 1006.144531 66.376785 121.116577
v 1005.347656 66.363411 118.098022
v 1005.347656 69.485573 118.098022
v 1002.328125 69.485573 118.894409
v 1003.832031 49.782127 121.726685
v 1002.328125 49.782127 118.894409
v 1005.347656 49.782127 118.098022
v 1005.347656 52.904297 118.098022
v 1006.144531 52.897606 121.116577
v 1003.125977 52.904297 121.913208
v 1000.825195 69.485573 116.061646
v 1002.328125 69.485573 118.893921
v 1005.347656 69.485573 118.097046
v 1005.347656 66.363403 118.097046
v 1004.550781 66.350021 115.078247
v 1001.532227 66.363403 115.874878
v 1000.825195 49.782127 116.061646
v 1001.532227 52.904297 115.874878
v 1004.550781 52.910988 115.078247
v 1005.347656 52.904297 118.097046
v 1005.347656 49.782127 118.097046
v 1002.328125 49.782127 118.893921
v 845.339844 69.485573 160.328491
v 848.359375 69.485573 159.531860
v 846.855469 69.485573 156.699585
v 847.562500 66.363403 156.513062
v 844.543945 66.363403 157.309937
v 845.339844 66.363403 160.328491
v 845.339844 49.782127 160.328491
v 845.339844 52.904297 160.328491
v 844.543945 52.897606 157.309937
v 847.562500 52.904289 156.513062
v 846.855469 49.782127 156.699585
v 848.359375 49.782127 159.531860
v 849.863281 69.485573 162.364868
v 848.359375 69.485573 159.532593
v 845.340820 69.485573 160.329224
v 845.340820 66.363403 160.329224
v 846.137695 66.363403 163.348022
v 849.156250 66.363403 162.551636
v 849.863281 49.782127 162.364868
v 849.156250 52.904297 162.551636
v 846.137695 52.910988 163.348022
v 845.340820 52.904297 160.329224
v 845.340820 49.782127 160.329224
v 848.359375 49.782127 159.532593
v 1006.144531 69.485573 121.116577
v 1006.144531 49.782127 121.116577
v 1004.550781 69.485573 115.078247
v 1004.550781 49.782127 115.078247
v 844.543945 69.485573 157.309937
v 844.543945 49.782127 157.309937
v 846.137695 69.485573 163.348022
v 846.137695 49.782127 163.348022
v 844.367188 43.539970 166.855347
v 847.385742 43.539970 166.058472
v 848.181641 43.539970 169.077515
v 848.181641 46.662140 169.077515
v 845.164062 46.662140 169.874146
v 844.367188 46.662140 166.855347
v 863.417969 43.539970 161.827026
v 863.417969 46.662140 161.827026
v 864.214844 46.662148 164.846069
v 861.195312 46.662148 165.642456
v 861.195312 43.539970 165.642456
v 860.399414 43.539970 162.623657
v 844.367188 49.785042 166.855347
v 844.367188 46.662872 166.855347
v 845.164062 46.662872 169.874146
v 848.181641 46.662872 169.077515
v 848.181641 49.785042 169.077515
v 847.385742 49.785042 166.058472
v 863.417969 49.785042 161.827026
v 860.399414 49.785042 162.623657
v 861.195312 49.785042 165.642456
v 861.195312 46.662872 165.642456
v 864.214844 46.662872 164.846069
v 863.417969 46.662872 161.827026
v 802.931641 46.662865 9.867065
v 803.728516 46.662865 12.886108
v 803.728516 49.785042 12.886108
v 806.747070 49.785042 12.089233
v 805.951172 49.785042 9.070435
v 805.951172 46.662865 9.070435
v 821.982422 46.662872 4.838745
v 818.964844 46.662872 5.635376
v 818.964844 49.785042 5.635376
v 819.760742 49.785042 8.654419
v 822.779297 49.785042 7.857788
v 822.779297 46.662872 7.857788
v 803.728516 43.539970 12.886108
v 803.728516 46.662140 12.886108
v 802.931641 46.662148 9.867065
v 805.951172 46.662148 9.070435
v 805.951172 43.539970 9.070435
v 806.747070 43.539970 12.089233
v 822.779297 43.539970 7.857788
v 819.760742 43.539970 8.654419
v 818.964844 43.539970 5.635376
v 818.964844 46.662140 5.635376
v 821.982422 46.662140 4.838745
v 822.779297 46.662140 7.857788
v 845.164062 43.539970 169.874146
v 864.214844 43.539970 164.846069
v 845.164062 49.785042 169.874146
v 864.214844 49.785042 164.846069
v 802.931641 49.785042 9.867065
v 821.982422 49.785042 4.838745
v 802.931641 43.539970 9.867065
v 821.982422 43.539970 4.838745
v 822.617188 69.222183 5.719849
v 819.598633 69.222183 6.516968
v 818.801758 69.222183 3.497925
v 818.801758 72.344360 3.498169
v 821.820312 72.344360 2.701294
v 822.617188 72.344360 5.719849
v 803.566406 69.222183 10.748413
v 803.566406 72.344360 10.748413
v 802.769531 72.344330 7.729858
v 805.789062 72.344322 6.933228
v 804.945312 69.222183 7.155640
v 806.585938 69.222183 9.952026
v 822.617188 75.467255 5.719849
v 822.617188 72.345085 5.719849
v 821.820312 72.345062 2.701294
v 818.801758 72.345055 3.498169
v 818.801758 75.467255 3.497925
v 819.598633 75.467255 6.516968
v 803.566406 75.467255 10.748413
v 806.585938 75.467255 9.952026
v 806.632812 75.467255 6.710327
v 805.789062 72.345085 6.932739
v 802.769531 72.345085 7.729858
v 803.566406 72.345085 10.748413
v 864.052734 72.345123 162.708130
v 863.255859 72.345116 159.689331
v 863.255859 75.467255 159.689331
v 860.236328 75.467255 160.486206
v 861.034180 75.467255 163.504761
v 861.034180 72.345116 163.504761
v 845.001953 72.345039 167.736694
v 848.021484 72.345055 166.939819
v 848.021484 75.467255 166.940063
v 847.223633 75.467255 163.921021
v 844.205078 75.467255 164.718140
v 844.205078 72.345055 164.718140
v 863.255859 69.222183 159.689331
v 863.255859 72.344360 159.689331
v 864.052734 72.344330 162.708130
v 861.034180 72.344322 163.504761
v 861.034180 69.222183 163.504761
v 860.236328 69.222183 160.486206
v 844.205078 69.222183 164.718140
v 847.223633 69.222183 163.921021
v 848.021484 69.222183 166.940063
v 848.021484 72.344360 166.939819
v 845.001953 72.344360 167.736694
v 844.205078 72.344360 164.718140
v 821.820312 69.222183 2.701294
v 802.769531 69.222183 7.729858
v 821.820312 75.467255 2.701294
v 802.769531 75.467255 7.729858
v 864.052734 75.467255 162.708130
v 845.001953 75.467255 167.736694
v 864.052734 69.222183 162.708130
v 845.001953 69.222183 167.736694
v 894.380859 69.222183 -13.220825
v 891.361328 69.222183 -12.424194
v 890.564453 69.222183 -15.442993
v 890.564453 72.344360 -15.442749
v 893.583984 72.344360 -16.239868
v 894.380859 72.344360 -13.220825
v 875.329102 69.222183 -8.192261
v 875.329102 72.344360 -8.192261
v 874.533203 72.344330 -11.211060
v 877.550781 72.344322 -12.007935
v 876.707031 69.222183 -11.785278
v 878.347656 69.222183 -8.988892
v 894.380859 75.467255 -13.220825
v 894.380859 72.345085 -13.220825
v 893.583984 72.345062 -16.239868
v 890.564453 72.345055 -15.442749
v 890.564453 75.467255 -15.442993
v 891.361328 75.467255 -12.424194
v 875.329102 75.467255 -8.192261
v 878.347656 75.467255 -8.988892
v 878.394531 75.467255 -12.230591
v 877.550781 72.345085 -12.007935
v 874.533203 72.345085 -11.211060
v 875.329102 72.345085 -8.192261
v 935.814453 72.345123 143.767212
v 935.018555 72.345116 140.748413
v 935.018555 75.467255 140.748413
v 932.000000 75.467255 141.545288
v 932.796875 75.467255 144.563843
v 932.796875 72.345116 144.563843
v 916.763672 72.345039 148.795776
v 919.783203 72.345055 147.999146
v 919.783203 75.467255 147.999146
v 918.986328 75.467255 144.980103
v 915.966797 75.467255 145.777222
v 915.966797 72.345055 145.777222
v 935.018555 69.222183 140.748413
v 935.018555 72.344360 140.748413
v 935.814453 72.344330 143.767212
v 932.796875 72.344322 144.563843
v 932.796875 69.222183 144.563843
v 932.000000 69.222183 141.545288
v 915.966797 69.222183 145.777222
v 918.986328 69.222183 144.980103
v 919.783203 69.222183 147.999146
v 919.783203 72.344360 147.999146
v 916.763672 72.344360 148.795776
v 915.966797 72.344360 145.777222
v 893.583984 69.222183 -16.239868
v 874.533203 69.222183 -11.211060
v 893.583984 75.467255 -16.239868
v 874.533203 75.467255 -11.211060
v 935.814453 75.467255 143.767212
v 916.763672 75.467255 148.795776
v 935.814453 69.222183 143.767212
v 916.763672 69.222183 148.795776
v 727.951172 47.136848 128.734741
v 793.308594 47.136848 152.321655
v 727.951172 53.301765 128.734741
v 793.308594 53.301765 152.321655
v 751.539062 53.301765 63.377319
v 816.896484 53.301765 86.964233
v 751.539062 47.136848 63.377319
v 816.896484 47.136848 86.964233
v 732.295898 53.301765 116.697876
v 797.652344 53.301765 140.284790
v 747.195312 53.301765 75.413940
v 812.551758 53.301765 99.000854
v 739.988281 47.136848 133.078491
v 739.988281 53.301765 133.078491
v 744.332031 53.301765 121.041626
v 759.230469 53.301765 79.757690
v 763.575195 53.301765 67.721069
v 763.575195 47.136848 67.721069
v 781.272461 47.136848 147.977905
v 781.272461 53.301765 147.977905
v 785.617188 53.301765 135.941040
v 800.515625 53.301765 94.657104
v 804.859375 53.301765 82.620483
v 804.859375 47.136848 82.620483
v 748.873047 53.301765 74.624878
v 758.442383 53.301765 78.078247
v 761.896484 53.301765 68.509888
v 752.327148 53.301765 65.056519
v 729.630859 53.301765 127.945679
v 739.199219 53.301765 131.399048
v 742.652344 53.301765 121.830444
v 733.083984 53.301765 118.377075
v 782.951172 53.301765 147.188843
v 786.404297 53.301765 137.620239
v 792.519531 53.301765 150.642212
v 795.973633 53.301765 141.073608
v 802.194336 53.301765 93.868042
v 805.648438 53.301765 84.299683
v 811.763672 53.301765 97.321411
v 815.216797 53.301765 87.753052
v 748.873047 98.865608 74.624878
v 758.442383 98.865608 78.078247
v 761.896484 98.865608 68.509888
v 752.327148 98.865608 65.056519
v 729.630859 98.865608 127.945679
v 739.199219 98.865608 131.399048
v 742.652344 98.865608 121.830444
v 733.083984 98.865608 118.377075
v 782.951172 98.865608 147.188843
v 786.404297 98.865608 137.620239
v 792.519531 98.865608 150.642212
v 795.973633 98.865608 141.073608
v 802.194336 98.865608 93.868042
v 805.648438 98.865608 84.299683
v 811.763672 98.865608 97.321411
v 815.216797 98.865608 87.753052
v 747.439453 98.865608 75.298950
v 759.117188 98.865608 79.513550
v 763.331055 98.865608 67.835815
v 751.653320 98.865608 63.620972
v 728.195312 98.865608 128.619751
v 739.873047 98.865608 132.834351
v 744.087891 98.865608 121.156372
v 732.410156 98.865608 116.941772
v 781.515625 98.865608 147.862915
v 785.730469 98.865608 136.184937
v 793.193359 98.865608 152.077515
v 797.408203 98.865608 140.399536
v 800.759766 98.865608 94.542114
v 804.973633 98.865608 82.864136
v 812.437500 98.865608 98.756714
v 816.651367 98.865608 87.078979
v 747.439453 105.798958 75.298950
v 759.117188 105.798958 79.513550
v 763.331055 105.798958 67.835815
v 751.653320 105.798958 63.620972
v 728.195312 105.798958 128.619751
v 739.873047 105.798958 132.834351
v 744.087891 105.798958 121.156372
v 732.410156 105.798958 116.941772
v 781.515625 105.798958 147.862915
v 785.730469 105.798958 136.184937
v 793.193359 105.798958 152.077515
v 797.408203 105.798958 140.399536
v 800.759766 105.798958 94.542114
v 804.973633 105.798958 82.864136
v 812.437500 105.798958 98.756714
v 816.651367 105.798958 87.078979
v 989.997070 43.539970 128.418335
v 993.015625 43.539970 127.621216
v 993.812500 43.539970 130.640503
v 993.812500 46.662140 130.640503
v 990.792969 46.662140 131.436890
v 989.997070 46.662140 128.418335
v 1009.047852 43.539970 123.390259
v 1009.047852 46.662140 123.390259
v 1009.843750 46.662155 126.408813
v 1006.826172 46.662163 127.205444
v 1006.826172 43.539970 127.205444
v 1006.029297 43.539970 124.186890
v 989.997070 49.785042 128.418335
v 989.997070 46.662872 128.418335
v 990.792969 46.662880 131.436890
v 993.812500 46.662888 130.640503
v 993.812500 49.785042 130.640503
v 993.015625 49.785042 127.621216
v 1009.047852 49.785042 123.390259
v 1006.029297 49.785042 124.186890
v 1006.826172 49.785042 127.205444
v 1006.826172 46.662872 127.205444
v 1009.843750 46.662865 126.408813
v 1009.047852 46.662872 123.390259
v 948.562500 46.662872 -28.569946
v 949.359375 46.662872 -25.551392
v 949.359375 49.785042 -25.551392
v 952.376953 49.785042 -26.348022
v 951.580078 49.785042 -29.366821
v 951.580078 46.662872 -29.366821
v 967.613281 46.662872 -33.598267
v 964.593750 46.662872 -32.801636
v 964.593750 49.785042 -32.801636
v 965.390625 49.785042 -29.782593
v 968.410156 49.785042 -30.579712
v 968.410156 46.662872 -30.579712
v 949.359375 43.539970 -25.551392
v 949.359375 46.662140 -25.551392
v 948.562500 46.662140 -28.569946
v 951.580078 46.662140 -29.366821
v 951.580078 43.539970 -29.366821
v 952.376953 43.539970 -26.348022
v 968.410156 43.539970 -30.579712
v 965.390625 43.539970 -29.782593
v 964.593750 43.539970 -32.801636
v 964.593750 46.662140 -32.801636
v 967.613281 46.662140 -33.598267
v 968.410156 46.662140 -30.579712
v 990.792969 43.539970 131.436890
v 1009.843750 43.539970 126.408813
v 990.792969 49.785042 131.436890
v 1009.843750 49.785042 126.408813
v 948.562500 49.785042 -28.569946
v 967.613281 49.785042 -33.598267
v 948.562500 43.539970 -28.569946
v 967.613281 43.539970 -33.598267
v 930.595703 69.222183 -22.779907
v 927.576172 69.222183 -21.982788
v 926.779297 69.222183 -25.001587
v 926.779297 72.344360 -25.001587
v 929.798828 72.344368 -25.798462
v 930.595703 72.344360 -22.779907
v 911.543945 69.222183 -17.750610
v 911.543945 72.344360 -17.750610
v 910.748047 72.344322 -20.769653
v 913.765625 72.344299 -21.566284
v 912.789062 69.222183 -21.308716
v 914.562500 69.222183 -18.547485
v 930.595703 75.467255 -22.779907
v 930.595703 72.345085 -22.779907
v 929.798828 72.345055 -25.798462
v 926.779297 72.345032 -25.001587
v 926.779297 75.467255 -25.001587
v 927.576172 75.467255 -21.982788
v 911.543945 75.467255 -17.750610
v 914.562500 75.467255 -18.547485
v 914.742188 75.467255 -21.824097
v 913.765625 72.345085 -21.566528
v 910.748047 72.345085 -20.769653
v 911.543945 72.345085 -17.750610
v 972.030273 72.345123 134.208618
v 971.234375 72.345116 131.190063
v 971.234375 75.467255 131.190063
v 968.214844 75.467255 131.986694
v 969.011719 75.467255 135.005249
v 969.011719 72.345116 135.005249
v 952.978516 72.345039 139.237671
v 955.998047 72.345055 138.440552
v 955.998047 75.467255 138.440552
v 955.201172 75.467255 135.421753
v 952.181641 75.467255 136.218628
v 952.181641 72.345055 136.218628
v 971.234375 69.222183 131.190063
v 971.234375 72.344360 131.190063
v 972.030273 72.344330 134.208618
v 969.011719 72.344322 135.005249
v 969.011719 69.222183 135.005249
v 968.214844 69.222183 131.986694
v 952.181641 69.222183 136.218628
v 955.201172 69.222183 135.421753
v 955.998047 69.222183 138.440552
v 955.998047 72.344360 138.440552
v 952.978516 72.344360 139.237671
v 952.181641 72.344360 136.218628
v 929.798828 69.222183 -25.798462
v 910.748047 69.222183 -20.769653
v 929.798828 75.467255 -25.798462
v 910.748047 75.467255 -20.769653
v 972.030273 75.467255 134.208618
v 952.978516 75.467255 139.237671
v 972.030273 69.222183 134.208618
v 952.978516 69.222183 139.237671
v 965.837891 69.222183 -32.080933
v 962.819336 69.222183 -31.284302
v 962.022461 69.222183 -34.303345
v 962.022461 72.344360 -34.303345
v 965.041016 72.344353 -35.099731
v 965.837891 72.344360 -32.080933
v 946.787109 69.222183 -27.053101
v 946.787109 72.344360 -27.053101
v 945.990234 72.344383 -30.071899
v 949.008789 72.344391 -30.868530
v 949.008789 69.222183 -30.868530
v 949.805664 69.222183 -27.849731
v 965.837891 75.467255 -32.080933
v 965.837891 72.345085 -32.080933
v 965.041016 72.345108 -35.099731
v 962.022461 72.345123 -34.303345
v 962.022461 75.467255 -34.303345
v 962.819336 75.467255 -31.284302
v 946.787109 75.467255 -27.053101
v 949.805664 75.467255 -27.849731
v 949.008789 75.467255 -30.868530
v 949.008789 72.345085 -30.868530
v 945.990234 72.345078 -30.071899
v 946.787109 72.345085 -27.053101
v 1007.273438 72.345062 124.907104
v 1006.476562 72.345070 121.888550
v 1006.476562 75.467255 121.888550
v 1003.458008 75.467255 122.685181
v 1004.253906 75.467255 125.703979
v 1004.253906 72.345070 125.703735
v 988.222656 72.345108 129.935425
v 991.240234 72.345100 129.138794
v 991.240234 75.467255 129.138794
v 990.444336 75.467255 126.119507
v 987.425781 75.467255 126.916382
v 987.425781 72.345100 126.916382
v 1006.476562 69.222183 121.888550
v 1006.476562 72.344360 121.888550
v 1007.273438 72.344368 124.907104
v 1004.253906 72.344376 125.703735
v 1004.253906 69.222183 125.703979
v 1003.458008 69.222183 122.685181
v 987.425781 69.222183 126.916382
v 990.444336 69.222183 126.119507
v 991.240234 69.222183 129.138794
v 991.240234 72.344360 129.138794
v 988.222656 72.344360 129.935425
v 987.425781 72.344360 126.916382
v 965.041016 69.222183 -35.099731
v 945.990234 69.222183 -30.071899
v 965.041016 75.467255 -35.099731
v 945.990234 75.467255 -30.071899
v 1007.273438 75.467255 124.907104
v 988.222656 75.467255 129.935425
v 1007.273438 69.222183 124.907104
v 988.222656 69.222183 129.935425
v 915.828125 43.539970 147.994263
v 918.845703 43.539970 147.197632
v 919.643555 43.539970 150.216187
v 919.643555 46.662140 150.216187
v 916.625000 46.662148 151.013306
v 915.828125 46.662140 147.994263
v 934.878906 43.539970 142.965698
v 934.878906 46.662140 142.965698
v 935.675781 46.662117 145.984497
v 932.656250 46.662109 146.781128
v 933.499023 43.539970 146.558960
v 931.860352 43.539970 143.762329
v 915.828125 49.785042 147.994263
v 915.828125 46.662872 147.994263
v 916.625000 46.662849 151.013306
v 919.643555 46.662834 150.216187
v 919.643555 49.785042 150.216187
v 918.845703 49.785042 147.197632
v 934.878906 49.785042 142.965698
v 931.860352 49.785042 143.762329
v 931.814453 49.785042 147.003784
v 932.656250 46.662872 146.781372
v 935.675781 46.662872 145.984497
v 934.878906 46.662872 142.965698
v 874.392578 46.662910 -8.993774
v 875.189453 46.662903 -5.974976
v 875.189453 49.785042 -5.974976
v 878.208984 49.785042 -6.771606
v 877.411133 49.785042 -9.790649
v 877.411133 46.662903 -9.790405
v 893.443359 46.662827 -14.022583
v 890.424805 46.662834 -13.225464
v 890.424805 49.785042 -13.225464
v 891.221680 49.785042 -10.206665
v 894.240234 49.785042 -11.003540
v 894.240234 46.662834 -11.003540
v 875.189453 43.539970 -5.974976
v 875.189453 46.662140 -5.974976
v 874.392578 46.662117 -8.993774
v 877.411133 46.662109 -9.790405
v 877.411133 43.539970 -9.790649
v 878.208984 43.539970 -6.771606
v 894.240234 43.539970 -11.003540
v 891.221680 43.539970 -10.206665
v 890.424805 43.539970 -13.225464
v 890.424805 46.662140 -13.225464
v 893.443359 46.662148 -14.022583
v 894.240234 46.662140 -11.003540
v 916.625000 43.539970 151.013306
v 935.675781 43.539970 145.984497
v 916.625000 49.785042 151.013306
v 935.675781 49.785042 145.984497
v 874.392578 49.785042 -8.993774
v 893.443359 49.785042 -14.022583
v 874.392578 43.539970 -8.993774
v 893.443359 43.539970 -14.022583
v 984.521484 69.485573 48.564575
v 983.815430 66.363403 48.750854
v 986.833984 66.430069 47.954468
v 986.037109 66.363441 44.935669
v 986.037109 69.485573 44.935669
v 983.018555 69.485573 45.732056
v 984.521484 49.782127 48.564575
v 983.018555 49.782127 45.732056
v 986.037109 49.782127 44.935425
v 986.037109 52.904297 44.935425
v 986.833984 52.847542 47.954468
v 983.815430 52.904297 48.750854
v 981.515625 69.485573 42.899536
v 983.017578 69.485573 45.731567
v 986.037109 69.485573 44.934937
v 986.037109 66.363403 44.934937
v 985.240234 66.296753 41.915894
v 982.222656 66.363403 42.712769
v 981.515625 49.782127 42.899536
v 982.222656 52.904297 42.712769
v 985.240234 52.961067 41.915894
v 986.037109 52.904320 44.934937
v 986.037109 49.782127 44.934937
v 983.017578 49.782127 45.731567
v 826.030273 69.485573 87.166382
v 829.048828 69.485573 86.369507
v 827.544922 69.485573 83.537231
v 828.251953 66.363403 83.350708
v 825.234375 66.363403 84.147339
v 826.030273 66.363403 87.166382
v 826.030273 49.782127 87.166382
v 826.030273 52.904297 87.166382
v 825.234375 52.897606 84.147339
v 828.251953 52.904289 83.350708
v 827.544922 49.782127 83.537231
v 829.048828 49.782127 86.369507
v 830.552734 69.485573 89.202515
v 829.049805 69.485573 86.370239
v 826.031250 69.485573 87.167114
v 826.031250 66.363403 87.167114
v 826.827148 66.363403 90.185913
v 829.845703 66.363403 89.389282
v 830.552734 49.782127 89.202515
v 829.845703 52.904297 89.389282
v 826.827148 52.910988 90.185913
v 826.031250 52.904297 87.167114
v 826.031250 49.782127 87.167114
v 829.049805 49.782127 86.370239
v 986.833984 69.485573 47.954468
v 986.833984 49.782127 47.954468
v 985.240234 69.485573 41.915894
v 985.240234 49.782127 41.915894
v 825.234375 69.485573 84.147339
v 825.234375 49.782127 84.147339
v 826.827148 69.485573 90.185913
v 826.827148 49.782127 90.185913
v 860.185547 69.222183 -4.195923
v 857.166016 69.222183 -3.398560
v 856.369141 69.222183 -6.417603
v 856.369141 72.344360 -6.417603
v 859.388672 72.344368 -7.214478
v 860.185547 72.344360 -4.195923
v 841.133789 69.222183 0.833374
v 841.133789 72.344360 0.833374
v 840.337891 72.344322 -2.185669
v 843.355469 72.344299 -2.982300
v 842.379883 69.222183 -2.724731
v 844.152344 69.222183 0.036499
v 860.185547 75.467255 -4.195923
v 860.185547 72.345085 -4.195923
v 859.388672 72.345055 -7.214478
v 856.369141 72.345032 -6.417603
v 856.369141 75.467255 -6.417603
v 857.166016 75.467255 -3.398560
v 841.133789 75.467255 0.833374
v 844.152344 75.467255 0.036499
v 844.332031 75.467255 -3.240112
v 843.355469 72.345085 -2.982300
v 840.337891 72.345093 -2.185669
v 841.133789 72.345085 0.833374
v 901.620117 72.345146 152.792358
v 900.824219 72.345139 149.773804
v 900.824219 75.467255 149.773804
v 897.804688 75.467255 150.570435
v 898.601562 75.467255 153.589233
v 898.601562 72.345139 153.589233
v 882.568359 72.345016 157.821655
v 885.587891 72.345032 157.024536
v 885.587891 75.467255 157.024536
v 884.791016 75.467255 154.005737
v 881.771484 75.467255 154.802612
v 881.771484 72.345032 154.802612
v 900.824219 69.222183 149.773804
v 900.824219 72.344360 149.773804
v 901.620117 72.344322 152.792358
v 898.601562 72.344299 153.589233
v 898.601562 69.222183 153.589233
v 897.804688 69.222183 150.570435
v 881.771484 69.222183 154.802612
v 884.791016 69.222183 154.005737
v 885.587891 69.222183 157.024536
v 885.587891 72.344360 157.024536
v 882.568359 72.344368 157.821655
v 881.771484 72.344360 154.802612
v 859.388672 69.222183 -7.214478
v 840.337891 69.222183 -2.185669
v 859.388672 75.467255 -7.214478
v 840.337891 75.467255 -2.185669
v 901.620117 75.467255 152.792358
v 882.568359 75.467255 157.821655
v 901.620117 69.222183 152.792358
v 882.568359 69.222183 157.821655
v 981.608398 272.978760 606.832031
v 973.708984 285.204773 597.500366
v 962.919922 289.679810 584.752563
v 952.128906 285.204773 572.004883
v 944.230469 272.978760 562.673218
v 941.339844 256.277710 559.257446
v 944.230469 239.576630 562.673218
v 952.128906 227.350586 572.004883
v 962.919922 222.875549 584.752563
v 973.708984 227.350586 597.500366
v 981.608398 239.576630 606.832031
v 984.500000 256.277710 610.247437
v 978.661133 272.978760 609.326538
v 970.762695 285.204773 599.994507
v 959.972656 289.679810 587.246948
v 949.182617 285.204773 574.499390
v 941.284180 272.978760 565.167358
v 938.392578 256.277710 561.751831
v 941.284180 239.576630 565.167358
v 949.182617 227.350586 574.499390
v 959.972656 222.875549 587.246948
v 970.762695 227.350586 599.994507
v 978.661133 239.576630 609.326538
v 981.552734 256.277710 612.742065
v 962.919922 256.277710 584.752563
v 959.972656 256.277710 587.246948
v 981.608398 199.589981 606.832031
v 973.708984 211.816010 597.500366
v 962.919922 216.291061 584.752563
v 952.128906 211.816010 572.004883
v 944.230469 199.589981 562.673218
v 941.339844 182.888916 559.257446
v 944.230469 166.187851 562.673218
v 952.128906 153.961823 572.004883
v 962.919922 149.486786 584.752563
v 973.708984 153.961823 597.500366
v 981.608398 166.187851 606.832031
v 984.500000 182.888916 610.247437
v 978.661133 199.589981 609.326538
v 970.762695 211.816010 599.994507
v 959.972656 216.291061 587.246948
v 949.182617 211.816010 574.499390
v 941.284180 199.589981 565.167358
v 938.392578 182.888916 561.751831
v 941.284180 166.187851 565.167358
v 949.182617 153.961823 574.499390
v 959.972656 149.486786 587.246948
v 970.762695 153.961823 599.994507
v 978.661133 166.187851 609.326538
v 981.552734 182.888916 612.742065
v 962.919922 182.888916 584.752563
v 959.972656 182.888916 587.246948
v 969.967773 21.416931 583.817871
v 970.158203 21.416931 581.529785
v 969.179688 21.416931 579.453979
v 967.292969 21.416931 578.144653
v 965.004883 21.416931 577.953979
v 962.928711 21.416931 578.933472
v 961.620117 21.416931 580.819458
v 961.429688 21.416931 583.107300
v 962.409180 21.416931 585.184448
v 964.294922 21.416931 586.492798
v 966.583008 21.416931 586.683228
v 968.659180 21.416931 585.703979
v 969.967773 298.965515 583.817871
v 970.158203 298.965515 581.529785
v 969.179688 298.965515 579.453979
v 967.292969 298.965515 578.144653
v 965.004883 298.965515 577.953979
v 962.928711 298.965515 578.933472
v 961.620117 298.965515 580.819458
v 961.429688 298.965515 583.107300
v 962.409180 298.965515 585.184448
v 964.294922 298.965515 586.492798
v 966.583008 298.965515 586.683228
v 968.659180 298.965515 585.703979
v 965.794922 298.965515 582.319214
v 2162.502930 64.330444 143.471313
v 2316.589844 64.330444 93.481201
v 2162.502930 298.059509 143.471313
v 2316.589844 298.059509 93.481201
v 2133.361328 298.059509 53.643066
v 2287.447266 298.059509 3.653076
v 2133.361328 64.330444 53.643066
v 2287.447266 64.330444 3.653076
v 2170.696289 72.126869 140.813232
v 2308.397461 72.126869 96.139038
v 2308.397461 290.263092 96.139038
v 2170.696289 290.263092 140.813232
v 2274.818359 64.330444 107.033447
v 2274.818359 72.126869 107.033447
v 2274.818359 290.263092 107.033447
v 2274.818359 298.059509 107.033447
v 2245.673828 298.059509 17.205078
v 2245.673828 64.330444 17.205078
v 2162.502930 158.601715 143.471313
v 2133.361328 158.601715 53.643066
v 2245.673828 158.601715 17.205078
v 2287.447266 158.601715 3.653076
v 2316.589844 158.601715 93.481201
v 2308.397461 158.601715 96.139038
v 2170.696289 158.601715 140.813232
v 2162.502930 122.452469 143.471313
v 2133.361328 122.452469 53.643066
v 2245.673828 122.452469 17.205078
v 2287.447266 122.452469 3.653076
v 2316.589844 122.452469 93.481201
v 2308.397461 122.452515 96.139038
v 2170.696289 122.452515 140.813232
v 2162.502930 79.073387 143.471313
v 2133.361328 79.073387 53.643066
v 2245.673828 79.073387 17.205078
v 2287.447266 79.073387 3.653076
v 2316.589844 79.073387 93.481201
v 2308.397461 79.073456 96.139038
v 2170.696289 79.073456 140.813232
v 2169.181641 72.126869 136.146362
v 2273.303711 72.126869 102.366455
v 2273.303711 79.073456 102.366455
v 2169.181641 79.073456 136.146362
v 2306.882812 79.073456 91.472290
v 2306.882812 72.126869 91.472290
v 2273.303711 158.601715 102.366455
v 2273.303711 290.263092 102.366455
v 2306.882812 158.601715 91.472290
v 2306.882812 290.263092 91.472290
v 2169.181641 158.601715 136.146362
v 2169.181641 290.263092 136.146362
v 2273.303711 122.452515 102.366455
v 2306.882812 122.452515 91.472290
v 2169.181641 122.452515 136.146362
v 2166.931641 72.126869 129.206299
v 2271.051758 72.126869 95.426636
v 2271.051758 79.073456 95.426636
v 2166.931641 79.073456 129.206299
v 2271.051758 158.601715 95.426636
v 2166.931641 158.601715 129.206299
v 2271.051758 290.263092 95.426636
v 2166.931641 290.263092 129.206299
v 2271.051758 122.452515 95.426636
v 2166.931641 122.452515 129.206299
v 2268.070312 158.601715 86.233521
v 2163.948242 158.601715 120.013306
v 2268.070312 290.263092 86.233521
v 2163.948242 290.263092 120.013306
v 2204.392578 64.330444 129.881470
v 2204.392578 72.126869 129.881470
v 2202.878906 72.126869 125.214600
v 2200.626953 72.126869 118.274780
v 2200.626953 79.073456 118.274780
v 2200.626953 122.452515 118.274780
v 2200.626953 158.601715 118.274780
v 2199.123047 158.601715 113.636597
v 2199.123047 290.263092 113.636597
v 2200.626953 290.263092 118.274780
v 2202.878906 290.263092 125.214600
v 2204.392578 290.263092 129.881470
v 2204.392578 298.059509 129.881470
v 2175.250000 298.059509 40.053101
v 2175.250000 158.601715 40.053101
v 2175.250000 122.452469 40.053101
v 2175.250000 79.073380 40.053101
v 2175.250000 64.330444 40.053101
v 2237.763672 79.073456 106.226196
v 2237.763672 72.126869 106.226196
v 2240.015625 72.126869 113.166016
v 2241.529297 72.126869 117.832886
v 2241.529297 64.330444 117.832886
v 2212.386719 64.330444 28.004639
v 2212.386719 79.073380 28.004639
v 2212.386719 122.452469 28.004639
v 2212.386719 158.601715 28.004639
v 2212.386719 298.059509 28.004639
v 2241.529297 298.059509 117.832886
v 2241.529297 290.263092 117.832886
v 2240.015625 290.263092 113.166016
v 2237.763672 290.263092 106.226196
v 2236.259766 290.263092 101.588135
v 2236.259766 158.601715 101.588135
v 2237.763672 158.601715 106.226196
v 2237.763672 122.452515 106.226196
v 2268.087891 117.874863 104.058472
v 2174.397461 117.874863 134.454468
v 2174.397461 83.651115 134.454468
v 2268.087891 83.651115 104.058472
v 2263.155273 114.857147 100.592041
v 2176.355469 114.857147 128.752441
v 2176.355469 86.668831 128.752441
v 2263.155273 86.668831 100.592041
v 2276.890625 193.198090 101.202515
v 2276.890625 276.195404 101.202515
v 2303.294922 193.198090 92.636353
v 2303.294922 276.195404 92.636353
v 2279.656250 199.176025 97.103027
v 2279.656250 270.217499 97.103027
v 2298.649414 199.176025 90.941284
v 2298.649414 270.217499 90.941284
v 2142.103516 298.059509 80.591187
v 2142.103516 158.601715 80.591187
v 2142.103516 122.452469 80.591187
v 2142.103516 79.073387 80.591187
v 2142.103516 64.330444 80.591187
v 2183.992188 64.330444 67.001587
v 2221.129883 64.330444 54.953125
v 2254.416992 64.330444 44.153809
v 2296.191406 64.330444 30.601196
v 2296.191406 79.073387 30.601196
v 2296.191406 122.452469 30.601196
v 2296.191406 158.601715 30.601196
v 2296.191406 298.059509 30.601196
v 2254.416992 298.059509 44.153809
v 2221.129883 298.059509 54.953125
v 2183.992188 298.059509 67.001587
v 2154.343750 298.059509 118.319092
v 2154.343750 158.601715 118.319092
v 2154.343750 122.452469 118.319092
v 2154.343750 79.073380 118.319092
v 2154.343750 64.330444 118.319092
v 2196.232422 64.330444 104.729248
v 2233.369141 64.330444 92.681030
v 2266.658203 64.330444 81.881470
v 2308.429688 64.330444 68.329224
v 2308.429688 79.073387 68.329224
v 2308.429688 122.452469 68.329224
v 2308.429688 158.601715 68.329224
v 2308.429688 298.059509 68.329224
v 2266.658203 298.059509 81.881470
v 2233.369141 298.059509 92.681030
v 2196.232422 298.059509 104.729248
v 2133.982422 307.854462 83.226196
v 2133.982422 168.443832 83.226196
v 2146.222656 168.443832 120.954102
v 2146.222656 307.854462 120.954102
v 2133.982422 128.483902 83.226196
v 2146.222656 128.483902 120.954102
v 2133.982422 80.531998 83.226196
v 2146.222656 80.531998 120.954102
v 2133.982422 64.234932 83.226196
v 2146.222656 64.234932 120.954102
v 2180.287109 64.234932 68.203613
v 2192.527344 64.234932 105.931519
v 2233.578125 64.234932 92.613403
v 2221.337891 64.234932 54.885498
v 2270.375000 64.234932 80.675293
v 2258.134766 64.234932 42.947388
v 2316.551758 64.234932 65.694458
v 2304.312500 64.234932 27.966431
v 2316.551758 80.531998 65.694458
v 2304.312500 80.531998 27.966431
v 2316.551758 128.483902 65.694458
v 2304.312500 128.483902 27.966431
v 2316.551758 168.443832 65.694458
v 2304.312500 168.443832 27.966431
v 2316.551758 307.854462 65.694458
v 2304.312500 307.854462 27.966431
v 2258.134766 307.854462 42.947388
v 2270.375000 307.854462 80.675293
v 2221.337891 307.854462 54.885498
v 2233.578125 307.854462 92.613403
v 2180.287109 307.854462 68.203613
v 2192.527344 307.854462 105.931519
v 2123.332031 221.494568 147.632446
v 2162.856445 221.494568 134.809692
v 2123.332031 280.341919 147.632446
v 2162.856445 280.341919 134.809692
v 2099.605469 280.341919 74.496460
v 2139.129883 280.341919 61.673584
v 2099.605469 221.494568 74.496460
v 2139.129883 221.494568 61.673584
v 2280.443359 172.211029 102.755371
v 2301.355469 172.211029 95.970947
v 2280.443359 191.236389 102.755371
v 2301.355469 191.236389 95.970947
v 2279.634766 191.236389 100.264648
v 2300.546875 191.236389 93.480103
v 2279.634766 172.211029 100.264648
v 2300.546875 172.211029 93.480103
v 2152.059570 46.124374 72.247070
v 2168.506836 46.124374 66.911377
v 2152.059570 65.181183 72.247070
v 2168.506836 65.181183 66.911377
v 2147.306641 65.181183 57.599487
v 2163.754883 65.181183 52.263550
v 2147.306641 46.124374 57.599487
v 2163.754883 46.124374 52.263550
v 2171.934570 46.124374 133.508545
v 2188.380859 46.124374 128.172485
v 2171.934570 65.181183 133.508545
v 2188.380859 65.181183 128.172485
v 2167.181641 65.181183 118.860718
v 2183.628906 65.181183 113.524658
v 2167.181641 46.124374 118.860718
v 2183.628906 46.124374 113.524658
v 2266.675781 46.124374 35.062622
v 2283.123047 46.124374 29.726807
v 2266.675781 65.181183 35.062622
v 2283.123047 65.181183 29.726807
v 2261.923828 65.181183 20.414673
v 2278.370117 65.181183 15.078613
v 2261.923828 46.124374 20.414673
v 2278.370117 46.124374 15.078613
v 2286.549805 46.124374 96.323853
v 2302.998047 46.124374 90.987671
v 2286.549805 65.181183 96.323853
v 2302.998047 65.181183 90.987671
v 2281.796875 65.181183 81.676147
v 2298.246094 65.181183 76.339844
v 2281.796875 46.124374 81.676147
v 2298.246094 46.124374 76.339844
v 2339.127930 48.052254 -50.286743
v 2395.170898 48.052254 -71.383423
v 2339.127930 107.935066 -50.286743
v 2395.170898 107.935066 -71.383423
v 2337.500977 107.935066 -54.608521
v 2393.543945 107.935066 -75.705200
v 2337.500977 48.052254 -54.608521
v 2393.543945 48.052254 -75.705200
v 2397.112305 48.052254 -79.728882
v 2376.015625 48.052254 -135.772095
v 2397.112305 107.935066 -79.728882
v 2376.015625 107.935066 -135.772095
v 2392.791016 107.935066 -78.101929
v 2371.694336 107.935066 -134.145142
v 2392.791016 48.052254 -78.101929
v 2371.694336 48.052254 -134.145142
v 2315.878906 48.052254 -112.048706
v 2371.921875 48.052254 -133.145386
v 2315.878906 107.935066 -112.048706
v 2371.921875 107.935066 -133.145386
v 2314.251953 107.935066 -116.370239
v 2370.294922 107.935066 -137.466919
v 2314.251953 48.052254 -116.370239
v 2370.294922 48.052254 -137.466919
v 2336.367188 48.052254 -56.862427
v 2315.270508 48.052254 -112.905640
v 2336.367188 107.935066 -56.862427
v 2315.270508 107.935066 -112.905640
v 2332.045898 107.935066 -55.235718
v 2310.949219 107.935066 -111.278931
v 2332.045898 48.052254 -55.235718
v 2310.949219 48.052254 -111.278931
v 2331.089844 45.519417 -42.264526
v 2406.006836 45.519417 -70.465454
v 2331.089844 52.621712 -42.264526
v 2406.006836 52.621712 -70.465454
v 2302.888672 52.621712 -117.182007
v 2377.805664 52.621712 -145.382935
v 2302.888672 45.519417 -117.182007
v 2377.805664 45.519417 -145.382935
v 2325.895508 52.621712 -56.061890
v 2400.812500 52.621712 -84.262817
v 2308.082031 52.621712 -103.384644
v 2382.999023 52.621712 -131.585571
v 2344.886719 45.519417 -47.457886
v 2344.886719 52.621712 -47.457886
v 2339.692383 52.621712 -61.255249
v 2321.878906 52.621712 -108.578003
v 2316.685547 52.621712 -122.375366
v 2316.685547 45.519417 -122.375366
v 2392.209961 45.519417 -65.271851
v 2392.209961 52.621712 -65.271851
v 2387.015625 52.621712 -79.069214
v 2369.202148 52.621712 -126.391968
v 2364.008789 52.621712 -140.189331
v 2364.008789 45.519417 -140.189331
v 2308.963867 52.621712 -105.331177
v 2319.931641 52.621712 -109.460083
v 2315.802734 52.621712 -120.428345
v 2304.834961 52.621712 -116.299438
v 2331.971680 52.621712 -44.211060
v 2342.939453 52.621712 -48.339966
v 2338.810547 52.621712 -59.308228
v 2327.842773 52.621712 -55.179321
v 2393.091797 52.621712 -67.218628
v 2388.962891 52.621712 -78.186890
v 2404.059570 52.621712 -71.347534
v 2399.930664 52.621712 -82.315796
v 2370.083984 52.621712 -128.338989
v 2365.955078 52.621712 -139.307007
v 2381.051758 52.621712 -132.467896
v 2376.922852 52.621712 -143.435913
v 2308.963867 105.114388 -105.331177
v 2319.931641 105.114388 -109.460083
v 2315.802734 105.114388 -120.428345
v 2304.834961 105.114388 -116.299438
v 2331.971680 105.114388 -44.211060
v 2342.939453 105.114388 -48.339966
v 2338.810547 105.114388 -59.308228
v 2327.842773 105.114388 -55.179321
v 2393.091797 105.114388 -67.218628
v 2388.962891 105.114388 -78.186890
v 2404.059570 105.114388 -71.347534
v 2399.930664 105.114388 -82.315796
v 2370.083984 105.114388 -128.338989
v 2365.955078 105.114388 -139.307007
v 2381.051758 105.114388 -132.467896
v 2376.922852 105.114388 -143.435913
v 2308.209961 105.114388 -103.667358
v 2321.595703 105.114388 -108.706177
v 2316.556641 105.114388 -122.092407
v 2303.170898 105.114388 -117.053589
v 2331.217773 105.114388 -42.547241
v 2344.603516 105.114388 -47.586060
v 2339.564453 105.114388 -60.972290
v 2326.178711 105.114388 -55.933228
v 2392.337891 105.114388 -65.554565
v 2387.298828 105.114388 -78.940552
v 2405.723633 105.114388 -70.593628
v 2400.684570 105.114388 -83.979614
v 2369.330078 105.114388 -126.674683
v 2364.291016 105.114388 -140.060913
v 2382.715820 105.114388 -131.713745
v 2377.676758 105.114388 -145.099976
v 2308.209961 113.102058 -103.667358
v 2321.595703 113.102058 -108.706177
v 2316.556641 113.102058 -122.092407
v 2303.170898 113.102058 -117.053589
v 2331.217773 113.102058 -42.547241
v 2344.603516 113.102058 -47.586060
v 2339.564453 113.102058 -60.972290
v 2326.178711 113.102058 -55.933228
v 2392.337891 113.102058 -65.554565
v 2387.298828 113.102058 -78.940552
v 2405.723633 113.102058 -70.593628
v 2400.684570 113.102058 -83.979614
v 2369.330078 113.102058 -126.674683
v 2364.291016 113.102058 -140.060913
v 2382.715820 113.102058 -131.713745
v 2377.676758 113.102058 -145.099976
v 2441.078125 199.828445 -190.794434
v 2461.986328 199.828445 -469.867310
v 2441.078125 209.672882 -190.794434
v 2461.986328 209.672882 -469.867310
v 2227.240234 209.672882 -206.815552
v 2248.148438 209.672882 -485.888550
v 2227.240234 199.828445 -206.815552
v 2248.148438 199.828445 -485.888550
v 2334.158203 260.594635 -198.804810
v 2334.158203 250.750244 -198.804810
v 2355.067383 250.750244 -477.877808
v 2355.067383 260.594635 -477.877808
v 2451.902344 199.828445 -335.269775
v 2451.162109 199.828445 -325.390747
v 2451.162109 209.672882 -325.390747
v 2451.902344 209.672882 -335.269775
v 2344.243164 260.594635 -333.401245
v 2344.982422 260.594635 -343.280396
v 2237.324219 209.672867 -341.411865
v 2238.064453 209.672867 -351.291016
v 2237.324219 199.828430 -341.411865
v 2238.064453 199.828430 -351.291016
v 2344.243164 250.750244 -333.401245
v 2344.982422 250.750244 -343.280396
v 2445.768555 219.712509 -315.534790
v 2436.932617 219.712509 -197.601074
v 2356.175781 262.382233 -322.247070
v 2347.339844 262.382233 -204.313599
v 2448.037109 219.712509 -345.819702
v 2358.445312 262.382233 -352.532349
v 2456.873047 219.712509 -463.754517
v 2367.281250 262.382233 -470.467041
v 2246.696289 55.486366 -211.617676
v 2266.478516 55.486366 -475.652832
v 2408.486328 204.666077 -213.141357
v 2426.236328 204.666077 -450.037964
v 2278.832031 204.666077 -461.081787
v 2261.083008 204.666077 -224.185425
v 2408.486328 84.148834 -213.141357
v 2426.236328 84.148834 -450.037964
v 2278.832031 84.148834 -461.081787
v 2261.083008 84.148834 -224.185425
v 2392.123047 55.486366 -200.722046
v 2420.839844 84.283951 -198.570557
v 2411.905273 55.486366 -464.757080
v 2440.622070 84.283951 -462.605591
v 2266.478516 84.283951 -475.652832
v 2246.696289 84.283951 -211.617676
v 2246.696289 115.681770 -211.617676
v 2420.839844 115.681770 -198.570557
v 2440.622070 115.681770 -462.605591
v 2266.478516 115.681770 -475.652832
v 2246.696289 167.231308 -211.617676
v 2420.839844 167.231308 -198.570557
v 2440.622070 167.231308 -462.605591
v 2266.478516 167.231308 -475.652832
v 2243.744141 116.476425 -207.798096
v 2423.189453 116.476425 -194.353638
v 2423.189453 166.436661 -194.353638
v 2243.744141 166.436661 -207.798096
v 2443.573242 116.476425 -466.424683
v 2443.573242 166.436661 -466.424683
v 2264.128906 116.476425 -479.869141
v 2264.128906 166.436661 -479.869141
v 2246.696289 192.072632 -211.617676
v 2420.839844 192.072632 -198.570557
v 2440.622070 192.072632 -462.605591
v 2266.478516 192.072632 -475.652832
v 2428.990234 192.072632 -191.106079
v 2449.793945 192.072632 -468.772095
v 2449.793945 204.666077 -468.772095
v 2428.990234 204.666077 -191.106079
v 2237.525391 204.666077 -205.451172
v 2258.329102 204.666077 -483.117188
v 2258.329102 192.072632 -483.117188
v 2237.525391 192.072632 -205.451172
v 2258.515625 55.486366 -369.363525
v 2403.942383 55.486351 -358.467773
v 2432.658203 84.283943 -356.316406
v 2432.658203 115.681770 -356.316406
v 2435.308594 116.476425 -356.117310
v 2435.308594 166.436661 -356.117310
v 2432.658203 167.231308 -356.316406
v 2432.658203 192.072632 -356.316406
v 2441.320312 192.072632 -355.667480
v 2441.320312 204.666077 -355.667480
v 2419.289062 204.666077 -357.317627
v 2419.289062 84.148834 -357.317627
v 2271.884766 84.148834 -368.361450
v 2271.884766 204.666077 -368.361450
v 2249.855469 204.666077 -370.012451
v 2249.855469 192.072647 -370.012451
v 2258.515625 192.072647 -369.363525
v 2258.515625 167.231308 -369.363525
v 2255.865234 166.436661 -369.562134
v 2255.865234 116.476425 -369.562134
v 2258.515625 115.681770 -369.363525
v 2258.515625 84.283943 -369.363525
v 2409.339844 55.486366 -430.506470
v 2263.912109 55.486366 -441.402222
v 2263.912109 84.283943 -441.402222
v 2263.912109 115.681770 -441.402222
v 2261.261719 116.476425 -441.600830
v 2261.261719 166.436661 -441.600830
v 2263.912109 167.231308 -441.402222
v 2263.912109 192.072647 -441.402222
v 2255.251953 192.072647 -442.051147
v 2255.251953 204.666077 -442.051147
v 2277.283203 204.666077 -440.400513
v 2277.283203 84.148827 -440.400513
v 2424.686523 84.148827 -429.356689
v 2424.686523 204.666077 -429.356689
v 2446.716797 204.666077 -427.706055
v 2446.716797 192.072632 -427.706055
v 2438.056641 192.072632 -428.354980
v 2438.056641 167.231308 -428.354980
v 2440.707031 166.436661 -428.156372
v 2440.707031 116.476425 -428.156372
v 2438.056641 115.681770 -428.354980
v 2438.056641 84.283943 -428.354980
v 2439.402344 122.066086 -355.810669
v 2439.402344 160.847000 -355.810669
v 2444.799805 122.066086 -427.849731
v 2444.799805 160.847000 -427.849731
v 2410.898438 118.028152 -180.744385
v 2411.380859 118.028152 -187.170776
v 2410.898438 161.873428 -180.744385
v 2411.380859 161.873428 -187.170776
v 2253.645508 161.873428 -192.526367
v 2254.126953 161.873428 -198.952515
v 2253.645508 118.028152 -192.526367
v 2254.126953 118.028152 -198.952515
v 2410.500000 153.104370 -175.426270
v 2253.247070 153.104370 -187.208130
v 2253.801758 153.104370 -194.607910
v 2411.054688 153.104370 -182.825928
v 2410.500000 125.043396 -175.426270
v 2253.247070 125.043396 -187.208130
v 2253.801758 125.043396 -194.607910
v 2411.054688 125.043396 -182.825928
v 2255.117188 118.028152 -212.165039
v 2412.371094 118.028152 -200.383179
v 2255.117188 125.043396 -212.165039
v 2412.371094 125.043396 -200.383179
v 2255.117188 153.104370 -212.165039
v 2412.371094 153.104370 -200.383179
v 2255.117188 161.873428 -212.165039
v 2412.371094 161.873428 -200.383179
v 2276.300781 118.028152 -494.904907
v 2275.819336 118.028152 -488.478760
v 2276.300781 161.873428 -494.904907
v 2275.819336 161.873428 -488.478760
v 2433.554688 161.873428 -483.123047
v 2433.072266 161.873428 -476.696899
v 2433.554688 118.028152 -483.123047
v 2433.072266 118.028152 -476.696899
v 2276.699219 153.104370 -500.223145
v 2433.953125 153.104370 -488.441284
v 2433.398438 153.104370 -481.041504
v 2276.144531 153.104370 -492.823364
v 2276.699219 125.043396 -500.223145
v 2433.953125 125.043396 -488.441284
v 2433.398438 125.043396 -481.041504
v 2276.144531 125.043396 -492.823364
v 2432.082031 118.028152 -463.484253
v 2274.829102 118.028152 -475.266113
v 2432.082031 125.043396 -463.484253
v 2274.829102 125.043396 -475.266113
v 2432.082031 153.104370 -463.484253
v 2274.829102 153.104370 -475.266113
v 2432.082031 161.873428 -463.484253
v 2274.829102 161.873428 -475.266113
v 2454.921875 204.447357 -459.459229
v 2455.023438 204.447357 -460.804932
v 2444.867188 211.741272 -460.212524
v 2444.968750 211.741272 -461.558228
v 2263.637695 211.741272 -473.790771
v 2263.738281 211.741272 -475.136475
v 2253.583008 204.447357 -474.544067
v 2253.683594 204.447357 -475.889771
v 2354.251953 255.040558 -467.001587
v 2354.251953 204.447357 -467.001587
v 2354.353516 204.447357 -468.347290
v 2354.353516 255.040558 -468.347290
v 2435.515625 204.447357 -200.430298
v 2435.615234 204.447357 -201.775879
v 2425.460938 211.741272 -201.183594
v 2425.560547 211.741272 -202.529175
v 2244.230469 211.741272 -214.761597
v 2244.332031 211.741272 -216.107300
v 2234.175781 204.447357 -215.515015
v 2234.277344 204.447357 -216.860718
v 2334.845703 255.040558 -207.972534
v 2334.845703 204.447357 -207.972534
v 2334.946289 204.447357 -209.318237
v 2334.946289 255.040558 -209.318237
v 2404.669922 45.318993 -428.848755
v 2405.783203 45.318993 -443.707642
v 2404.298828 57.617439 -423.896362
v 2406.154297 57.617439 -448.660522
v 2268.963867 57.617439 -434.035889
v 2270.819336 57.617439 -458.800171
v 2269.334961 45.318993 -438.988403
v 2270.448242 45.318993 -453.847290
v 2397.107422 45.318993 -327.920776
v 2398.220703 45.318993 -342.779419
v 2396.736328 57.617439 -322.968140
v 2398.591797 57.617439 -347.732544
v 2261.402344 57.617439 -333.107788
v 2263.257812 57.617439 -357.872192
v 2261.773438 45.318993 -338.060425
v 2262.886719 45.318993 -352.919067
v 2389.240234 45.318993 -222.913940
v 2390.353516 45.318993 -237.772827
v 2388.869141 57.617439 -217.961548
v 2390.724609 57.617439 -242.725708
v 2253.535156 57.617439 -228.101074
v 2255.390625 57.617439 -252.865356
v 2253.906250 45.318993 -233.053589
v 2255.019531 45.318993 -247.912354
vt 0.712421 0.816386
vt 0.668651 0.816386
vt 0.677973 0.872783
vt 0.704084 0.872783
vt 0.684031 0.872783
vt 0.710143 0.872783
vt 0.675694 0.816386
vt 0.719464 0.816386
vt 0.467503 0.337754
vt 0.454503 0.337782
vt 0.454481 0.354526
vt 0.466893 0.354507
vt 0.486877 0.726990
vt 0.479236 0.726990
vt 0.479552 0.744033
vt 0.493954 0.744033
vt 0.468087 0.354507
vt 0.455676 0.354526
vt 0.455653 0.337782
vt 0.468653 0.337754
vt 0.473198 0.349265
vt 0.454889 0.342418
vt 0.454577 0.337754
vt 0.465824 0.337754
vt 0.377147 0.338941
vt 0.370142 0.350452
vt 0.370877 0.363234
vt 0.377926 0.354944
vt 0.474649 0.362738
vt 0.475208 0.349265
vt 0.446917 0.337754
vt 0.447217 0.337965
vt 0.441481 0.338504
vt 0.441176 0.338413
vt 0.447994 0.337809
vt 0.448016 0.354546
vt 0.442291 0.354999
vt 0.442268 0.338457
vt 0.662910 0.695651
vt 0.678116 0.715486
vt 0.745578 0.655669
vt 0.713018 0.644028
vt 0.441100 0.338457
vt 0.441078 0.354999
vt 0.446820 0.354546
vt 0.446843 0.337809
vt 0.436880 0.338906
vt 0.437188 0.338906
vt 0.425318 0.338941
vt 0.425010 0.338941
vt 0.437984 0.338941
vt 0.438007 0.355338
vt 0.426137 0.355338
vt 0.426114 0.338941
vt 0.448124 0.841595
vt 0.448449 0.858668
vt 0.463071 0.858668
vt 0.460478 0.839786
vt 0.424934 0.338941
vt 0.424911 0.355338
vt 0.436781 0.355338
vt 0.436804 0.338941
vt 0.412844 0.338941
vt 0.413152 0.338941
vt 0.398447 0.339148
vt 0.398138 0.338941
vt 0.413947 0.338941
vt 0.413971 0.355338
vt 0.399264 0.355338
vt 0.399241 0.338941
vt 0.638284 0.643782
vt 0.729488 0.722006
vt 0.736107 0.712087
vt 0.657680 0.633863
vt 0.398039 0.355338
vt 0.412745 0.355338
vt 0.412768 0.338941
vt 0.398062 0.338941
vt 0.372211 0.350452
vt 0.378977 0.338941
vt 0.379152 0.354945
vt 0.378327 0.338941
vt 0.397219 0.687766
vt 0.416597 0.724266
vt 0.419894 0.706226
vt 0.403687 0.670723
vt 0.475690 0.349265
vt 0.475151 0.362739
vt 0.466826 0.337754
vt 0.455579 0.337754
vt 0.455310 0.342418
vt 0.473619 0.349265
vt 0.442192 0.338413
vt 0.441908 0.338504
vt 0.447637 0.337965
vt 0.447918 0.337754
vt 0.426038 0.338941
vt 0.425750 0.338941
vt 0.437620 0.338906
vt 0.437907 0.338906
vt 0.398879 0.339148
vt 0.413584 0.338941
vt 0.413872 0.338941
vt 0.399166 0.338941
vt 0.372642 0.350452
vt 0.380005 0.338941
vt 0.371392 0.363234
vt 0.370637 0.350452
vt 0.420975 0.706225
vt 0.417052 0.724266
vt 0.397673 0.687766
vt 0.404768 0.670723
vt 0.741700 0.712087
vt 0.731837 0.722006
vt 0.640632 0.643782
vt 0.663272 0.633863
vt 0.461560 0.839784
vt 0.463526 0.858668
vt 0.448903 0.858668
vt 0.449206 0.841595
vt 0.720756 0.644028
vt 0.748828 0.655669
vt 0.681427 0.715488
vt 0.670780 0.695653
vt 0.494397 0.744033
vt 0.479995 0.744033
vt 0.480290 0.726990
vt 0.487932 0.726990
vt 0.496948 0.635644
vt 0.489018 0.634788
vt 0.497449 0.635645
vt 0.490211 0.634788
vt 0.480359 0.634788
vt 0.465313 0.800105
vt 0.466274 0.634788
vt 0.472298 0.634788
vt 0.472229 0.726990
vt 0.449277 0.634788
vt 0.461766 0.634788
vt 0.421001 0.634733
vt 0.436475 0.634788
vt 0.436475 0.840496
vt 0.403543 0.632848
vt 0.395564 0.633993
vt 0.395050 0.633993
vt 0.402319 0.632845
vt 0.419777 0.634733
vt 0.435393 0.840497
vt 0.435279 0.711558
vt 0.460572 0.721410
vt 0.448081 0.716511
vt 0.471175 0.726990
vt 0.465096 0.723791
vt 0.464226 0.800275
vt 0.479167 0.634788
vt 0.498265 0.599337
vt 0.490454 0.587151
vt 0.498726 0.599338
vt 0.491550 0.587151
vt 0.480311 0.587151
vt 0.466225 0.587834
vt 0.472250 0.587151
vt 0.449227 0.588380
vt 0.461717 0.588344
vt 0.420951 0.588365
vt 0.436425 0.588380
vt 0.401600 0.587798
vt 0.393784 0.600072
vt 0.393311 0.600072
vt 0.400475 0.587797
vt 0.419826 0.588365
vt 0.435251 0.634788
vt 0.435301 0.588380
vt 0.448103 0.588380
vt 0.448053 0.634788
vt 0.460544 0.634788
vt 0.460593 0.588344
vt 0.465113 0.587834
vt 0.465064 0.634788
vt 0.471106 0.634788
vt 0.471154 0.587151
vt 0.479215 0.587151
vt 0.454558 0.361423
vt 0.465239 0.361423
vt 0.466280 0.361423
vt 0.455599 0.361423
vt 0.372919 0.370150
vt 0.379727 0.361860
vt 0.472662 0.369654
vt 0.447938 0.361423
vt 0.442212 0.361885
vt 0.441156 0.361885
vt 0.446897 0.361423
vt 0.437928 0.362230
vt 0.426058 0.362253
vt 0.424990 0.362253
vt 0.436860 0.362230
vt 0.413892 0.362254
vt 0.399186 0.362244
vt 0.398117 0.362244
vt 0.412823 0.362254
vt 0.380795 0.361861
vt 0.473099 0.369654
vt 0.373367 0.370150
vt 0.434241 0.858668
vt 0.434695 0.858668
vt 0.434265 0.833513
vt 0.433162 0.848199
vt 0.421191 0.717693
vt 0.417958 0.732379
vt 0.433553 0.848199
vt 0.435197 0.833513
vt 0.422124 0.717693
vt 0.418350 0.732379
vt 0.475100 0.744033
vt 0.470188 0.739148
vt 0.473804 0.753043
vt 0.464623 0.800772
vt 0.463997 0.846510
vt 0.461747 0.832615
vt 0.475543 0.744033
vt 0.474165 0.753043
vt 0.471047 0.739148
vt 0.462629 0.832615
vt 0.464367 0.846510
vt 0.465497 0.800774
vt 0.657274 0.733966
vt 0.637018 0.722326
vt 0.660609 0.733966
vt 0.644959 0.722326
vt 0.158978 0.259294
vt 0.166798 0.271007
vt 0.162881 0.274684
vt 0.153934 0.261284
vt 0.178503 0.278834
vt 0.176272 0.283637
vt 0.192310 0.281582
vt 0.192067 0.286781
vt 0.206115 0.278834
vt 0.207861 0.283637
vt 0.217821 0.271007
vt 0.221251 0.274684
vt 0.225640 0.259294
vt 0.230198 0.261284
vt 0.228387 0.245477
vt 0.233340 0.245477
vt 0.225640 0.231660
vt 0.230198 0.229671
vt 0.217821 0.219947
vt 0.221251 0.216271
vt 0.206115 0.212120
vt 0.207861 0.207317
vt 0.192310 0.209372
vt 0.192067 0.204173
vt 0.178503 0.212120
vt 0.176272 0.207317
vt 0.166798 0.219947
vt 0.162881 0.216271
vt 0.158978 0.231660
vt 0.153934 0.229671
vt 0.156230 0.245477
vt 0.150793 0.245477
vt 0.192310 0.245477
vt 0.158013 0.259294
vt 0.165833 0.271007
vt 0.172638 0.264197
vt 0.166904 0.255608
vt 0.177538 0.278834
vt 0.181220 0.269936
vt 0.191345 0.281582
vt 0.191345 0.271952
vt 0.205150 0.278834
vt 0.201467 0.269936
vt 0.216856 0.271007
vt 0.210051 0.264197
vt 0.224676 0.259294
vt 0.215785 0.255608
vt 0.227422 0.245477
vt 0.217798 0.245477
vt 0.224676 0.231660
vt 0.215785 0.235346
vt 0.216856 0.219947
vt 0.210051 0.226757
vt 0.205150 0.212120
vt 0.201467 0.221018
vt 0.191345 0.209372
vt 0.191345 0.219003
vt 0.177538 0.212120
vt 0.181220 0.221018
vt 0.165833 0.219947
vt 0.172638 0.226757
vt 0.158013 0.231660
vt 0.166904 0.235346
vt 0.155265 0.245477
vt 0.164889 0.245477
vt 0.150377 0.245477
vt 0.153519 0.261284
vt 0.153519 0.229671
vt 0.162466 0.216271
vt 0.175857 0.207317
vt 0.191651 0.204173
vt 0.207445 0.207317
vt 0.220836 0.216271
vt 0.229783 0.229671
vt 0.232925 0.245477
vt 0.229783 0.261284
vt 0.220836 0.274684
vt 0.207445 0.283637
vt 0.191651 0.286781
vt 0.175857 0.283637
vt 0.162466 0.274684
vt 0.653656 0.379724
vt 0.656581 0.394442
vt 0.692089 0.379724
vt 0.656581 0.365006
vt 0.664913 0.352528
vt 0.677380 0.344191
vt 0.692089 0.341263
vt 0.706796 0.344191
vt 0.719264 0.352528
vt 0.727594 0.365006
vt 0.730521 0.379724
vt 0.727594 0.394442
vt 0.719264 0.406920
vt 0.706796 0.415257
vt 0.692089 0.418185
vt 0.677380 0.415257
vt 0.664913 0.406920
vt 0.164971 0.245477
vt 0.166986 0.255608
vt 0.171657 0.253711
vt 0.170021 0.245477
vt 0.166986 0.235346
vt 0.171657 0.237243
vt 0.172720 0.226757
vt 0.176318 0.230262
vt 0.181302 0.221018
vt 0.183293 0.225598
vt 0.191426 0.219003
vt 0.191522 0.223960
vt 0.201549 0.221018
vt 0.199750 0.225598
vt 0.210134 0.226757
vt 0.206725 0.230262
vt 0.215867 0.235346
vt 0.211385 0.237243
vt 0.217881 0.245477
vt 0.213023 0.245477
vt 0.215867 0.255608
vt 0.211385 0.253711
vt 0.210134 0.264197
vt 0.206725 0.260692
vt 0.201549 0.269936
vt 0.199750 0.265356
vt 0.191426 0.271952
vt 0.191522 0.266994
vt 0.181302 0.269936
vt 0.183293 0.265356
vt 0.172720 0.264197
vt 0.176318 0.260692
vt 0.158978 0.259294
vt 0.166798 0.271007
vt 0.162881 0.274684
vt 0.153934 0.261284
vt 0.178503 0.278834
vt 0.176271 0.283637
vt 0.192309 0.281582
vt 0.192067 0.286781
vt 0.206115 0.278834
vt 0.207861 0.283637
vt 0.217821 0.271007
vt 0.221251 0.274684
vt 0.225640 0.259294
vt 0.230198 0.261284
vt 0.228387 0.245477
vt 0.233340 0.245477
vt 0.225640 0.231660
vt 0.230198 0.229671
vt 0.217821 0.219947
vt 0.221251 0.216271
vt 0.206115 0.212120
vt 0.207861 0.207317
vt 0.192309 0.209372
vt 0.192067 0.204173
vt 0.178503 0.212120
vt 0.176271 0.207317
vt 0.166798 0.219947
vt 0.162881 0.216271
vt 0.158978 0.231660
vt 0.153934 0.229671
vt 0.156230 0.245477
vt 0.150793 0.245477
vt 0.192309 0.245477
vt 0.158013 0.259294
vt 0.165833 0.271007
vt 0.172638 0.264197
vt 0.166904 0.255608
vt 0.177539 0.278834
vt 0.181220 0.269936
vt 0.191345 0.281582
vt 0.191345 0.271952
vt 0.205150 0.278834
vt 0.201467 0.269936
vt 0.216856 0.271007
vt 0.210052 0.264197
vt 0.224676 0.259294
vt 0.215785 0.255608
vt 0.227422 0.245477
vt 0.217798 0.245477
vt 0.224676 0.231660
vt 0.215785 0.235346
vt 0.216856 0.219947
vt 0.210052 0.226757
vt 0.205150 0.212120
vt 0.201467 0.221018
vt 0.191345 0.209372
vt 0.191345 0.219003
vt 0.177539 0.212120
vt 0.181220 0.221018
vt 0.165833 0.219947
vt 0.172638 0.226757
vt 0.158013 0.231660
vt 0.166904 0.235346
vt 0.155265 0.245477
vt 0.164889 0.245477
vt 0.150377 0.245477
vt 0.153518 0.261284
vt 0.153518 0.229671
vt 0.162466 0.216271
vt 0.175856 0.207317
vt 0.191652 0.204173
vt 0.207445 0.207317
vt 0.220836 0.216271
vt 0.229783 0.229671
vt 0.232925 0.245477
vt 0.229783 0.261284
vt 0.220836 0.274684
vt 0.207445 0.283637
vt 0.191652 0.286781
vt 0.175856 0.283637
vt 0.162466 0.274684
vt 0.653655 0.379724
vt 0.656581 0.394442
vt 0.692087 0.379724
vt 0.656581 0.365006
vt 0.664912 0.352528
vt 0.677379 0.344191
vt 0.692087 0.341263
vt 0.706796 0.344191
vt 0.719262 0.352528
vt 0.727593 0.365006
vt 0.730521 0.379724
vt 0.727593 0.394442
vt 0.719262 0.406920
vt 0.706796 0.415257
vt 0.692087 0.418185
vt 0.677379 0.415257
vt 0.664912 0.406920
vt 0.164971 0.245477
vt 0.166986 0.255608
vt 0.171657 0.253711
vt 0.170021 0.245477
vt 0.166986 0.235346
vt 0.171657 0.237243
vt 0.172720 0.226757
vt 0.176318 0.230262
vt 0.181302 0.221018
vt 0.183293 0.225598
vt 0.191427 0.219003
vt 0.191521 0.223960
vt 0.201549 0.221018
vt 0.199750 0.225598
vt 0.210134 0.226757
vt 0.206724 0.230262
vt 0.215867 0.235346
vt 0.211385 0.237243
vt 0.217881 0.245477
vt 0.213023 0.245477
vt 0.215867 0.255608
vt 0.211385 0.253711
vt 0.210134 0.264197
vt 0.206724 0.260692
vt 0.201549 0.269936
vt 0.199750 0.265356
vt 0.191427 0.271952
vt 0.191521 0.266994
vt 0.181302 0.269936
vt 0.183293 0.265356
vt 0.172720 0.264197
vt 0.176318 0.260692
vt 0.158078 0.259294
vt 0.153518 0.261284
vt 0.162466 0.274684
vt 0.165898 0.271007
vt 0.175856 0.283637
vt 0.177603 0.278834
vt 0.191652 0.286781
vt 0.191409 0.281582
vt 0.207445 0.283637
vt 0.205214 0.278834
vt 0.220836 0.274684
vt 0.216920 0.271007
vt 0.229783 0.261284
vt 0.224740 0.259294
vt 0.232924 0.245477
vt 0.227486 0.245477
vt 0.229783 0.229671
vt 0.224740 0.231660
vt 0.220836 0.216271
vt 0.216920 0.219947
vt 0.207445 0.207317
vt 0.205214 0.212120
vt 0.191652 0.204173
vt 0.191409 0.209372
vt 0.175856 0.207317
vt 0.177603 0.212120
vt 0.162466 0.216271
vt 0.165898 0.219947
vt 0.153518 0.229671
vt 0.158078 0.231660
vt 0.150377 0.245477
vt 0.155330 0.245477
vt 0.191409 0.245477
vt 0.159043 0.259294
vt 0.167933 0.255608
vt 0.173667 0.264197
vt 0.166863 0.271007
vt 0.182250 0.269936
vt 0.178568 0.278834
vt 0.192374 0.271952
vt 0.192374 0.281582
vt 0.202497 0.269936
vt 0.206179 0.278834
vt 0.211081 0.264197
vt 0.217885 0.271007
vt 0.216815 0.255608
vt 0.225705 0.259294
vt 0.218828 0.245477
vt 0.228451 0.245477
vt 0.216815 0.235346
vt 0.225705 0.231660
vt 0.211081 0.226757
vt 0.217885 0.219947
vt 0.202497 0.221018
vt 0.206179 0.212120
vt 0.192374 0.219003
vt 0.192374 0.209372
vt 0.182250 0.221018
vt 0.178568 0.212120
vt 0.173667 0.226757
vt 0.166863 0.219947
vt 0.167933 0.235346
vt 0.159043 0.231660
vt 0.165918 0.245477
vt 0.156294 0.245477
vt 0.150793 0.245477
vt 0.153934 0.261284
vt 0.153934 0.229671
vt 0.162881 0.216271
vt 0.176271 0.207317
vt 0.192067 0.204173
vt 0.207861 0.207317
vt 0.221251 0.216271
vt 0.230198 0.229671
vt 0.233340 0.245477
vt 0.230198 0.261284
vt 0.221251 0.274684
vt 0.207861 0.283637
vt 0.192067 0.286781
vt 0.176271 0.283637
vt 0.162881 0.274684
vt 0.653655 0.379724
vt 0.692088 0.379724
vt 0.656581 0.394442
vt 0.656581 0.365006
vt 0.664913 0.352528
vt 0.677380 0.344191
vt 0.692088 0.341263
vt 0.706796 0.344191
vt 0.719262 0.352528
vt 0.727593 0.365006
vt 0.730521 0.379724
vt 0.727593 0.394442
vt 0.719262 0.406920
vt 0.706796 0.415257
vt 0.692088 0.418185
vt 0.677380 0.415257
vt 0.664913 0.406920
vt 0.165836 0.245477
vt 0.170695 0.245477
vt 0.172332 0.253711
vt 0.167851 0.255608
vt 0.167851 0.235346
vt 0.172332 0.237243
vt 0.173585 0.226757
vt 0.176994 0.230262
vt 0.182167 0.221018
vt 0.183968 0.225598
vt 0.192292 0.219003
vt 0.192197 0.223960
vt 0.202414 0.221018
vt 0.200425 0.225598
vt 0.210999 0.226757
vt 0.207399 0.230262
vt 0.216732 0.235346
vt 0.212060 0.237243
vt 0.218746 0.245477
vt 0.213698 0.245477
vt 0.216732 0.255608
vt 0.212060 0.253711
vt 0.210999 0.264197
vt 0.207399 0.260692
vt 0.202414 0.269936
vt 0.200425 0.265356
vt 0.192292 0.271952
vt 0.192197 0.266994
vt 0.182167 0.269936
vt 0.183968 0.265356
vt 0.173585 0.264197
vt 0.176994 0.260692
vt 0.158077 0.259294
vt 0.153519 0.261284
vt 0.162466 0.274684
vt 0.165898 0.271007
vt 0.175856 0.283637
vt 0.177603 0.278834
vt 0.191652 0.286781
vt 0.191409 0.281582
vt 0.207445 0.283637
vt 0.205215 0.278834
vt 0.220836 0.274684
vt 0.216920 0.271007
vt 0.229783 0.261284
vt 0.224740 0.259294
vt 0.232925 0.245477
vt 0.227486 0.245477
vt 0.229783 0.229671
vt 0.224740 0.231660
vt 0.220836 0.216271
vt 0.216920 0.219947
vt 0.207445 0.207317
vt 0.205215 0.212120
vt 0.191652 0.204173
vt 0.191409 0.209372
vt 0.175856 0.207317
vt 0.177603 0.212120
vt 0.162466 0.216271
vt 0.165898 0.219947
vt 0.153519 0.229671
vt 0.158077 0.231660
vt 0.150377 0.245477
vt 0.155330 0.245477
vt 0.191409 0.245477
vt 0.159043 0.259294
vt 0.167934 0.255608
vt 0.173667 0.264197
vt 0.166863 0.271007
vt 0.182249 0.269936
vt 0.178568 0.278834
vt 0.192374 0.271952
vt 0.192374 0.281582
vt 0.202497 0.269936
vt 0.206179 0.278834
vt 0.211081 0.264197
vt 0.217885 0.271007
vt 0.216815 0.255608
vt 0.225705 0.259294
vt 0.218828 0.245477
vt 0.228451 0.245477
vt 0.216815 0.235346
vt 0.225705 0.231660
vt 0.211081 0.226757
vt 0.217885 0.219947
vt 0.202497 0.221018
vt 0.206179 0.212120
vt 0.192374 0.219003
vt 0.192374 0.209372
vt 0.182249 0.221018
vt 0.178568 0.212120
vt 0.173667 0.226757
vt 0.166863 0.219947
vt 0.167934 0.235346
vt 0.159043 0.231660
vt 0.165918 0.245477
vt 0.156294 0.245477
vt 0.150793 0.245477
vt 0.153934 0.261284
vt 0.153934 0.229671
vt 0.162881 0.216271
vt 0.176272 0.207317
vt 0.192067 0.204173
vt 0.207861 0.207317
vt 0.221251 0.216271
vt 0.230198 0.229671
vt 0.233340 0.245477
vt 0.230198 0.261284
vt 0.221251 0.274684
vt 0.207861 0.283637
vt 0.192067 0.286781
vt 0.176272 0.283637
vt 0.162881 0.274684
vt 0.653655 0.379724
vt 0.692088 0.379724
vt 0.656582 0.394442
vt 0.656582 0.365006
vt 0.664913 0.352528
vt 0.677380 0.344191
vt 0.692088 0.341263
vt 0.706796 0.344191
vt 0.719262 0.352528
vt 0.727592 0.365006
vt 0.730521 0.379724
vt 0.727592 0.394442
vt 0.719262 0.406920
vt 0.706796 0.415257
vt 0.692088 0.418185
vt 0.677380 0.415257
vt 0.664913 0.406920
vt 0.165836 0.245477
vt 0.170695 0.245477
vt 0.172333 0.253711
vt 0.167852 0.255608
vt 0.167852 0.235346
vt 0.172333 0.237243
vt 0.173586 0.226757
vt 0.176994 0.230262
vt 0.182167 0.221018
vt 0.183968 0.225598
vt 0.192292 0.219003
vt 0.192197 0.223960
vt 0.202415 0.221018
vt 0.200425 0.225598
vt 0.210999 0.226757
vt 0.207399 0.230262
vt 0.216732 0.235346
vt 0.212060 0.237243
vt 0.218746 0.245477
vt 0.213698 0.245477
vt 0.216732 0.255608
vt 0.212060 0.253711
vt 0.210999 0.264197
vt 0.207399 0.260692
vt 0.202415 0.269936
vt 0.200425 0.265356
vt 0.192292 0.271952
vt 0.192197 0.266994
vt 0.182167 0.269936
vt 0.183968 0.265356
vt 0.173586 0.264197
vt 0.176994 0.260692
vt 0.808751 0.148681
vt 0.829196 0.203619
vt 0.829196 0.214240
vt 0.808751 0.159302
vt 0.829196 0.214240
vt 0.829196 0.203619
vt 0.808751 0.148681
vt 0.808751 0.159302
vt 0.849641 0.148681
vt 0.849641 0.159302
vt 0.849641 0.148681
vt 0.849641 0.159302
vt 0.808751 0.148681
vt 0.808751 0.148681
vt 0.829196 0.203619
vt 0.829196 0.203619
vt 0.808751 0.106301
vt 0.808751 0.106301
vt 0.829196 0.161239
vt 0.829196 0.161239
vt 0.849641 0.159302
vt 0.849641 0.159302
vt 0.849641 0.148681
vt 0.849641 0.148681
vt 0.809636 0.170134
vt 0.809636 0.170134
vt 0.826768 0.216169
vt 0.826768 0.216169
vt 0.826768 0.216169
vt 0.809636 0.170134
vt 0.809636 0.170134
vt 0.826768 0.216169
vt 0.814161 0.109747
vt 0.814161 0.109747
vt 0.814161 0.117316
vt 0.814161 0.117316
vt 0.814161 0.157051
vt 0.814161 0.157051
vt 0.844231 0.157051
vt 0.844231 0.157051
vt 0.844231 0.117316
vt 0.844231 0.117316
vt 0.844231 0.109747
vt 0.844231 0.109747
vt 0.814161 0.109747
vt 0.844231 0.109747
vt 0.844231 0.117316
vt 0.814161 0.117316
vt 0.844231 0.147590
vt 0.814161 0.147590
vt 0.844231 0.147590
vt 0.814161 0.147590
vt 0.844231 0.147590
vt 0.844231 0.157051
vt 0.814161 0.157051
vt 0.814161 0.147590
vt 0.844231 0.109747
vt 0.844231 0.109747
vt 0.844231 0.117316
vt 0.844231 0.117316
vt 0.844231 0.157051
vt 0.844231 0.157051
vt 0.814161 0.157051
vt 0.814161 0.157051
vt 0.814161 0.117316
vt 0.814161 0.117316
vt 0.814161 0.109747
vt 0.814161 0.109747
vt 0.844231 0.109747
vt 0.814161 0.109747
vt 0.814161 0.117316
vt 0.844231 0.117316
vt 0.814161 0.147590
vt 0.844231 0.147590
vt 0.814161 0.147590
vt 0.844231 0.147590
vt 0.814161 0.147590
vt 0.814161 0.157051
vt 0.844231 0.157051
vt 0.844231 0.147590
vt 0.816257 0.182416
vt 0.816257 0.182416
vt 0.816257 0.195684
vt 0.816257 0.195684
vt 0.842135 0.195684
vt 0.842135 0.195684
vt 0.842135 0.182416
vt 0.842135 0.182416
vt 0.816257 0.182416
vt 0.816257 0.182416
vt 0.816257 0.195684
vt 0.816257 0.195684
vt 0.842135 0.195684
vt 0.842135 0.195684
vt 0.842135 0.182416
vt 0.842135 0.182416
vt 0.816257 0.182416
vt 0.816257 0.182416
vt 0.816257 0.195684
vt 0.816257 0.195684
vt 0.842135 0.195684
vt 0.842135 0.195684
vt 0.842135 0.182416
vt 0.842135 0.182416
vt 0.810890 0.286946
vt 0.810890 0.286946
vt 0.810890 0.300533
vt 0.810890 0.300533
vt 0.815103 0.170510
vt 0.815103 0.170510
vt 0.843289 0.170510
vt 0.843289 0.170510
vt 0.847502 0.300533
vt 0.847502 0.300533
vt 0.847502 0.286946
vt 0.847502 0.286946
vt 0.845846 0.239491
vt 0.845846 0.239491
vt 0.818037 0.239491
vt 0.818038 0.239491
vt 0.815103 0.300533
vt 0.815103 0.300533
vt 0.843289 0.300533
vt 0.815103 0.300533
vt 0.810890 0.300533
vt 0.847502 0.300533
vt 0.843289 0.170510
vt 0.815103 0.170510
vt 0.843289 0.300533
vt 0.843289 0.300533
vt 0.810890 0.286946
vt 0.847502 0.286946
vt 0.812546 0.280955
vt 0.812546 0.280955
vt 0.812546 0.280955
vt 0.818038 0.239491
vt 0.845846 0.239491
vt 0.845846 0.280955
vt 0.845846 0.280955
vt 0.845846 0.280955
vt 0.812546 0.326163
vt 0.845846 0.326163
vt 0.812546 0.326163
vt 0.845846 0.326163
vt 0.812546 0.326163
vt 0.845846 0.326163
vt 0.849003 0.153177
vt 0.814690 0.153177
vt 0.814690 0.207078
vt 0.849003 0.207078
vt 0.814690 0.153177
vt 0.814690 0.207078
vt 0.814690 0.153177
vt 0.849003 0.153177
vt 0.849003 0.207078
vt 0.814690 0.207078
vt 0.849003 0.207078
vt 0.849003 0.153177
vt 0.848496 0.152320
vt 0.815196 0.152320
vt 0.815196 0.207935
vt 0.848496 0.207935
vt 0.815196 0.152320
vt 0.815196 0.207935
vt 0.815196 0.152320
vt 0.848496 0.152320
vt 0.848496 0.207935
vt 0.815196 0.207935
vt 0.848496 0.207935
vt 0.848496 0.152320
vt 0.845846 0.360153
vt 0.812546 0.360153
vt 0.812546 0.408475
vt 0.845846 0.408475
vt 0.812546 0.360153
vt 0.812546 0.408475
vt 0.812546 0.360153
vt 0.845846 0.360153
vt 0.845846 0.408475
vt 0.812546 0.408475
vt 0.845846 0.408475
vt 0.845846 0.360153
vt 0.812546 0.286946
vt 0.812546 0.286946
vt 0.845846 0.286946
vt 0.845846 0.286946
vt 0.812546 0.286946
vt 0.845846 0.286946
vt 0.818037 0.239491
vt 0.845846 0.239491
vt 0.812546 0.280955
vt 0.812546 0.326163
vt 0.814690 0.153177
vt 0.815196 0.152320
vt 0.814690 0.207078
vt 0.815196 0.207935
vt 0.812546 0.408475
vt 0.812546 0.360153
vt 0.810890 0.286946
vt 0.812546 0.286946
vt 0.810890 0.300533
vt 0.815103 0.300533
vt 0.815103 0.170510
vt 0.843289 0.170510
vt 0.843289 0.300533
vt 0.847502 0.300533
vt 0.847502 0.286946
vt 0.845846 0.286946
vt 0.845846 0.360153
vt 0.845846 0.408475
vt 0.849003 0.207078
vt 0.848496 0.207935
vt 0.849003 0.153177
vt 0.848496 0.152320
vt 0.845846 0.280955
vt 0.845846 0.326163
vt 0.684054 0.525680
vt 0.684054 0.483840
vt 0.684054 0.483840
vt 0.684054 0.525680
vt 0.684837 0.531710
vt 0.684837 0.477809
vt 0.684837 0.477809
vt 0.684837 0.531710
vt 0.809946 0.393028
vt 0.809946 0.393028
vt 0.811869 0.403530
vt 0.811869 0.403530
vt 0.829196 0.465875
vt 0.829196 0.465875
vt 0.846523 0.403530
vt 0.846523 0.403530
vt 0.848446 0.393028
vt 0.848446 0.393028
vt 0.829196 0.393028
vt 0.829196 0.393028
vt 0.809946 0.393028
vt 0.809946 0.393028
vt 0.811869 0.403530
vt 0.811869 0.403530
vt 0.829196 0.465875
vt 0.829196 0.465875
vt 0.846523 0.403530
vt 0.846523 0.403530
vt 0.848446 0.393028
vt 0.848446 0.393028
vt 0.829196 0.393028
vt 0.829196 0.393028
vt 0.664046 0.391771
vt 0.727405 0.390813
vt 0.727377 0.496741
vt 0.664046 0.497709
vt 0.666992 0.390799
vt 0.666992 0.496735
vt 0.664046 0.388722
vt 0.725900 0.390158
vt 0.713185 0.390159
vt 0.651350 0.388722
vt 0.651350 0.391771
vt 0.666255 0.389241
vt 0.666255 0.389240
vt 0.666992 0.390799
vt 0.664047 0.388721
vt 0.648405 0.390799
vt 0.649833 0.390813
vt 0.649861 0.496741
vt 0.648405 0.496736
vt 0.651350 0.497708
vt 0.649141 0.389241
vt 0.649142 0.389241
vt 0.651350 0.388722
vt 0.648405 0.390799
vt 0.665536 0.390793
vt 0.665564 0.496721
vt 0.666992 0.496735
vt 0.664046 0.389825
vt 0.664046 0.495763
vt 0.664034 0.389033
vt 0.651357 0.389033
vt 0.651350 0.389825
vt 0.649861 0.390793
vt 0.649833 0.496721
vt 0.651350 0.495763
vt 0.648405 0.496736
vt 0.666255 0.498293
vt 0.666255 0.498293
vt 0.664046 0.498812
vt 0.664047 0.498813
vt 0.664046 0.497375
vt 0.651344 0.497375
vt 0.651350 0.498812
vt 0.649141 0.498293
vt 0.649142 0.498294
vt 0.651350 0.498813
vt 0.725887 0.498502
vt 0.713198 0.498501
vt 0.728833 0.389694
vt 0.710246 0.389694
vt 0.666992 0.387749
vt 0.648405 0.387749
vt 0.666992 0.497840
vt 0.648405 0.497840
vt 0.728833 0.499785
vt 0.710246 0.499785
vt 0.664046 0.345634
vt 0.727404 0.344676
vt 0.727378 0.450604
vt 0.664047 0.451571
vt 0.666992 0.344662
vt 0.666992 0.450598
vt 0.664046 0.342584
vt 0.725900 0.344021
vt 0.713185 0.344021
vt 0.651350 0.342585
vt 0.651350 0.345634
vt 0.666255 0.343104
vt 0.666255 0.343103
vt 0.666992 0.344662
vt 0.664047 0.342584
vt 0.648405 0.344662
vt 0.649833 0.344676
vt 0.649860 0.450604
vt 0.648405 0.450598
vt 0.651350 0.451571
vt 0.649141 0.343104
vt 0.649142 0.343103
vt 0.651350 0.342584
vt 0.648405 0.344662
vt 0.727377 0.344656
vt 0.727405 0.450584
vt 0.666992 0.450598
vt 0.664046 0.343688
vt 0.664046 0.449626
vt 0.725875 0.342896
vt 0.713198 0.342895
vt 0.651350 0.343688
vt 0.649861 0.344655
vt 0.649834 0.450584
vt 0.651350 0.449626
vt 0.648405 0.450598
vt 0.666286 0.451870
vt 0.666219 0.452500
vt 0.664046 0.452675
vt 0.664046 0.452676
vt 0.725887 0.451238
vt 0.713138 0.451241
vt 0.651350 0.452675
vt 0.649111 0.451870
vt 0.649178 0.452500
vt 0.651350 0.452676
vt 0.664046 0.452365
vt 0.651404 0.452358
vt 0.728833 0.343557
vt 0.710246 0.343557
vt 0.728833 0.341612
vt 0.710246 0.341612
vt 0.728833 0.451703
vt 0.710246 0.451703
vt 0.728833 0.453648
vt 0.648405 0.453648
vt 0.666743 0.391522
vt 0.668188 0.390464
vt 0.668188 0.440055
vt 0.666743 0.441113
vt 0.669689 0.389445
vt 0.669688 0.439036
vt 0.669689 0.390550
vt 0.667991 0.390962
vt 0.667849 0.400449
vt 0.669688 0.399504
vt 0.666743 0.400476
vt 0.668952 0.389235
vt 0.670425 0.389235
vt 0.669689 0.389445
vt 0.669689 0.390550
vt 0.669688 0.402553
vt 0.668188 0.401534
vt 0.668188 0.451125
vt 0.669689 0.452144
vt 0.666743 0.450067
vt 0.668952 0.401305
vt 0.670425 0.401305
vt 0.669689 0.399503
vt 0.669689 0.402553
vt 0.733031 0.390464
vt 0.733031 0.440055
vt 0.669689 0.439036
vt 0.672634 0.391522
vt 0.672634 0.441113
vt 0.733241 0.390957
vt 0.733150 0.399360
vt 0.672634 0.400476
vt 0.733031 0.401534
vt 0.733031 0.451125
vt 0.672635 0.450067
vt 0.669689 0.452144
vt 0.670425 0.440284
vt 0.668953 0.440284
vt 0.669689 0.442085
vt 0.669689 0.442085
vt 0.733236 0.441676
vt 0.733236 0.450630
vt 0.669689 0.451039
vt 0.670425 0.452354
vt 0.668952 0.452354
vt 0.669688 0.451039
vt 0.667983 0.441676
vt 0.667983 0.450630
vt 0.666743 0.388473
vt 0.666743 0.401581
vt 0.734476 0.388473
vt 0.734476 0.401581
vt 0.734476 0.440008
vt 0.734476 0.453116
vt 0.666743 0.440008
vt 0.666743 0.453116
vt 0.666743 0.366605
vt 0.668188 0.365546
vt 0.668188 0.415137
vt 0.666743 0.416195
vt 0.669689 0.364527
vt 0.669689 0.414118
vt 0.669689 0.365632
vt 0.667992 0.366045
vt 0.667821 0.375614
vt 0.669688 0.374587
vt 0.666743 0.375559
vt 0.668952 0.364318
vt 0.670425 0.364318
vt 0.669689 0.364527
vt 0.669689 0.365632
vt 0.669688 0.377636
vt 0.668188 0.376617
vt 0.668188 0.426208
vt 0.669689 0.427227
vt 0.666743 0.425150
vt 0.668952 0.376387
vt 0.670425 0.376387
vt 0.669689 0.374586
vt 0.669689 0.377636
vt 0.733031 0.365546
vt 0.733031 0.415137
vt 0.669689 0.414118
vt 0.672634 0.366604
vt 0.672634 0.416195
vt 0.733242 0.366039
vt 0.733140 0.374356
vt 0.672634 0.375559
vt 0.733031 0.376617
vt 0.733031 0.426207
vt 0.672634 0.425149
vt 0.669689 0.427227
vt 0.670425 0.415367
vt 0.668953 0.415367
vt 0.669689 0.417167
vt 0.669689 0.417167
vt 0.733236 0.416758
vt 0.733236 0.425713
vt 0.669689 0.426122
vt 0.670425 0.427436
vt 0.668952 0.427436
vt 0.669689 0.426122
vt 0.667983 0.416758
vt 0.667983 0.425713
vt 0.666743 0.363555
vt 0.666743 0.376664
vt 0.734476 0.363555
vt 0.734476 0.376663
vt 0.734476 0.415091
vt 0.734476 0.428199
vt 0.666743 0.415091
vt 0.666743 0.428199
vt 0.664046 0.368206
vt 0.727405 0.367249
vt 0.727377 0.473177
vt 0.664046 0.474144
vt 0.666992 0.367234
vt 0.666992 0.473171
vt 0.664046 0.365158
vt 0.725951 0.366592
vt 0.713138 0.366592
vt 0.651350 0.365158
vt 0.651350 0.368207
vt 0.666276 0.365950
vt 0.666232 0.365369
vt 0.666992 0.367234
vt 0.664046 0.365157
vt 0.648405 0.367234
vt 0.649833 0.367249
vt 0.649861 0.473177
vt 0.648405 0.473171
vt 0.651350 0.474144
vt 0.649111 0.365963
vt 0.649178 0.365333
vt 0.651350 0.365157
vt 0.648405 0.367234
vt 0.727378 0.367229
vt 0.727404 0.473157
vt 0.666992 0.473171
vt 0.664047 0.366262
vt 0.664046 0.472199
vt 0.725825 0.365476
vt 0.713245 0.365475
vt 0.651350 0.366262
vt 0.649860 0.367229
vt 0.649833 0.473157
vt 0.651350 0.472199
vt 0.648405 0.473171
vt 0.666255 0.474728
vt 0.666255 0.474729
vt 0.664046 0.475248
vt 0.664047 0.475248
vt 0.664046 0.473811
vt 0.651344 0.473811
vt 0.651350 0.475248
vt 0.649141 0.474729
vt 0.649142 0.474729
vt 0.651350 0.475249
vt 0.664046 0.474938
vt 0.651357 0.474937
vt 0.728833 0.366130
vt 0.710246 0.366130
vt 0.728833 0.364185
vt 0.710246 0.364185
vt 0.728833 0.474276
vt 0.648405 0.474276
vt 0.728833 0.476220
vt 0.648405 0.476221
vt 0.642517 0.451190
vt 0.643961 0.452248
vt 0.643961 0.402657
vt 0.642517 0.401599
vt 0.645462 0.453267
vt 0.645462 0.403676
vt 0.645462 0.452162
vt 0.643764 0.451750
vt 0.643623 0.442264
vt 0.645462 0.443208
vt 0.642517 0.442236
vt 0.644726 0.453477
vt 0.646199 0.453477
vt 0.645463 0.453267
vt 0.645463 0.452162
vt 0.645462 0.440159
vt 0.643961 0.441178
vt 0.643961 0.391587
vt 0.645462 0.390568
vt 0.642517 0.392645
vt 0.644726 0.441408
vt 0.646199 0.441408
vt 0.645463 0.443208
vt 0.645463 0.440159
vt 0.708804 0.452248
vt 0.708804 0.402657
vt 0.645463 0.403676
vt 0.648408 0.451190
vt 0.648408 0.401599
vt 0.709015 0.451755
vt 0.708924 0.443350
vt 0.648408 0.442236
vt 0.708804 0.441178
vt 0.708804 0.391587
vt 0.648408 0.392645
vt 0.645463 0.390568
vt 0.646199 0.402428
vt 0.644726 0.402428
vt 0.645463 0.400627
vt 0.645462 0.400627
vt 0.647169 0.401036
vt 0.647169 0.392082
vt 0.645463 0.391673
vt 0.646199 0.390358
vt 0.644726 0.390358
vt 0.645462 0.391673
vt 0.643756 0.401036
vt 0.643756 0.392082
vt 0.642517 0.454239
vt 0.642517 0.441131
vt 0.710249 0.454239
vt 0.710249 0.441131
vt 0.710249 0.402704
vt 0.710249 0.389596
vt 0.642517 0.402704
vt 0.642517 0.389596
vt 0.666743 0.440898
vt 0.668188 0.439840
vt 0.668188 0.489431
vt 0.666743 0.490489
vt 0.669689 0.438821
vt 0.669688 0.488411
vt 0.669689 0.439926
vt 0.667991 0.440337
vt 0.667849 0.449825
vt 0.669688 0.448880
vt 0.666743 0.449852
vt 0.668952 0.438611
vt 0.670425 0.438611
vt 0.669689 0.438821
vt 0.669689 0.439926
vt 0.669688 0.451929
vt 0.668188 0.450910
vt 0.668188 0.500500
vt 0.669689 0.501519
vt 0.666743 0.499443
vt 0.668952 0.450680
vt 0.670425 0.450680
vt 0.669689 0.448879
vt 0.669689 0.451929
vt 0.733031 0.439839
vt 0.733031 0.489431
vt 0.669689 0.488411
vt 0.672634 0.440898
vt 0.672634 0.490488
vt 0.733241 0.440333
vt 0.733150 0.448736
vt 0.672634 0.449852
vt 0.733031 0.450910
vt 0.733031 0.500500
vt 0.672635 0.499442
vt 0.669689 0.501519
vt 0.670425 0.489660
vt 0.668953 0.489660
vt 0.669689 0.491461
vt 0.669689 0.491461
vt 0.733236 0.491051
vt 0.733236 0.500005
vt 0.669689 0.500414
vt 0.670425 0.501729
vt 0.668952 0.501729
vt 0.669688 0.500414
vt 0.667983 0.491052
vt 0.667983 0.500005
vt 0.666743 0.437848
vt 0.666743 0.450956
vt 0.734476 0.437848
vt 0.734476 0.450956
vt 0.734476 0.489384
vt 0.734476 0.502492
vt 0.666743 0.489384
vt 0.666743 0.502492
vt 0.642517 0.400158
vt 0.643961 0.401216
vt 0.643961 0.351626
vt 0.642517 0.350568
vt 0.645462 0.402236
vt 0.645462 0.352645
vt 0.645462 0.401131
vt 0.643756 0.400722
vt 0.643756 0.391768
vt 0.645462 0.392177
vt 0.642517 0.391205
vt 0.644726 0.402445
vt 0.646199 0.402445
vt 0.645463 0.402236
vt 0.645463 0.401131
vt 0.645462 0.389128
vt 0.643962 0.390146
vt 0.643962 0.340556
vt 0.645462 0.339537
vt 0.642517 0.341614
vt 0.644726 0.390376
vt 0.646199 0.390376
vt 0.645463 0.392177
vt 0.645463 0.389128
vt 0.708804 0.401217
vt 0.708804 0.351626
vt 0.645463 0.352645
vt 0.648408 0.400159
vt 0.648408 0.350568
vt 0.709010 0.400722
vt 0.709010 0.391768
vt 0.648408 0.391205
vt 0.708804 0.390147
vt 0.708804 0.340556
vt 0.648408 0.341614
vt 0.645463 0.339537
vt 0.646199 0.351396
vt 0.644726 0.351396
vt 0.645463 0.349595
vt 0.645462 0.349595
vt 0.647169 0.350004
vt 0.647169 0.341050
vt 0.645463 0.340641
vt 0.646199 0.339327
vt 0.644726 0.339327
vt 0.645462 0.340641
vt 0.643756 0.350004
vt 0.643756 0.341051
vt 0.642517 0.403208
vt 0.642517 0.390100
vt 0.710249 0.403208
vt 0.710249 0.390100
vt 0.710249 0.351672
vt 0.710249 0.338564
vt 0.642517 0.351672
vt 0.642517 0.338564
vt 0.666743 0.342357
vt 0.668188 0.341298
vt 0.668188 0.390889
vt 0.666743 0.391947
vt 0.669689 0.340279
vt 0.669688 0.389870
vt 0.669689 0.341384
vt 0.667983 0.341793
vt 0.667983 0.350747
vt 0.669689 0.350338
vt 0.666743 0.351310
vt 0.668953 0.340070
vt 0.670425 0.340069
vt 0.669689 0.340279
vt 0.669689 0.341384
vt 0.669689 0.353387
vt 0.668188 0.352368
vt 0.668188 0.401959
vt 0.669689 0.402978
vt 0.666743 0.400901
vt 0.668953 0.352139
vt 0.670425 0.352139
vt 0.669689 0.350338
vt 0.669689 0.353387
vt 0.733030 0.341298
vt 0.733031 0.390889
vt 0.669689 0.389870
vt 0.672634 0.342357
vt 0.672634 0.391947
vt 0.733236 0.341793
vt 0.733236 0.350747
vt 0.672634 0.351310
vt 0.733031 0.352368
vt 0.733030 0.401959
vt 0.672634 0.400901
vt 0.669689 0.402978
vt 0.670425 0.391119
vt 0.668952 0.391119
vt 0.669689 0.392920
vt 0.669689 0.392919
vt 0.733236 0.392511
vt 0.733236 0.401464
vt 0.669689 0.401874
vt 0.670425 0.403188
vt 0.668953 0.403188
vt 0.669689 0.401874
vt 0.667983 0.392510
vt 0.667983 0.401464
vt 0.666743 0.339307
vt 0.666743 0.352415
vt 0.734476 0.339307
vt 0.734476 0.352415
vt 0.734476 0.390843
vt 0.734476 0.403951
vt 0.666743 0.390843
vt 0.666743 0.403951
vt 0.666743 0.415050
vt 0.668188 0.413992
vt 0.668188 0.463582
vt 0.666743 0.464640
vt 0.669689 0.412973
vt 0.669688 0.462564
vt 0.669689 0.414078
vt 0.667992 0.414490
vt 0.667821 0.424059
vt 0.669688 0.423032
vt 0.666743 0.424004
vt 0.668952 0.412763
vt 0.670425 0.412763
vt 0.669689 0.412973
vt 0.669689 0.414078
vt 0.669688 0.426081
vt 0.668188 0.425062
vt 0.668188 0.474653
vt 0.669689 0.475671
vt 0.666743 0.473595
vt 0.668952 0.424832
vt 0.670425 0.424832
vt 0.669689 0.423031
vt 0.669689 0.426081
vt 0.733031 0.413992
vt 0.733031 0.463582
vt 0.669689 0.462564
vt 0.672634 0.415050
vt 0.672634 0.464640
vt 0.733242 0.414485
vt 0.733140 0.422801
vt 0.672634 0.424004
vt 0.733031 0.425062
vt 0.733031 0.474653
vt 0.672634 0.473594
vt 0.669689 0.475671
vt 0.670425 0.463812
vt 0.668952 0.463812
vt 0.669689 0.465613
vt 0.669688 0.465613
vt 0.733236 0.465204
vt 0.733236 0.474158
vt 0.669689 0.474567
vt 0.670425 0.475881
vt 0.668952 0.475881
vt 0.669689 0.474567
vt 0.667983 0.465203
vt 0.667983 0.474158
vt 0.666743 0.412000
vt 0.666743 0.425108
vt 0.734476 0.412000
vt 0.734476 0.425108
vt 0.734476 0.463536
vt 0.734476 0.476644
vt 0.666743 0.463536
vt 0.666743 0.476644
vt 0.642517 0.500357
vt 0.643961 0.501415
vt 0.643961 0.451825
vt 0.642517 0.450767
vt 0.645462 0.502434
vt 0.645462 0.452844
vt 0.645462 0.501330
vt 0.643756 0.500921
vt 0.643756 0.491967
vt 0.645462 0.492376
vt 0.642517 0.491403
vt 0.644726 0.502645
vt 0.646199 0.502645
vt 0.645463 0.502434
vt 0.645463 0.501330
vt 0.645462 0.489326
vt 0.643961 0.490346
vt 0.643961 0.440755
vt 0.645462 0.439735
vt 0.642517 0.441813
vt 0.644726 0.490575
vt 0.646199 0.490575
vt 0.645463 0.492376
vt 0.645463 0.489326
vt 0.708804 0.501415
vt 0.708804 0.451825
vt 0.645463 0.452844
vt 0.648408 0.500357
vt 0.648408 0.450767
vt 0.709010 0.500921
vt 0.709010 0.491967
vt 0.648408 0.491403
vt 0.646963 0.490346
vt 0.646963 0.440755
vt 0.648408 0.441813
vt 0.645463 0.439735
vt 0.646199 0.451595
vt 0.644726 0.451595
vt 0.645463 0.449794
vt 0.645462 0.449795
vt 0.647169 0.450204
vt 0.647169 0.441250
vt 0.645463 0.440840
vt 0.646199 0.439526
vt 0.644726 0.439526
vt 0.645462 0.440840
vt 0.643756 0.450204
vt 0.643756 0.441250
vt 0.642517 0.503407
vt 0.642517 0.490299
vt 0.710249 0.503407
vt 0.710249 0.490299
vt 0.710249 0.451871
vt 0.648408 0.438763
vt 0.642517 0.451871
vt 0.642517 0.438763
vt 0.680791 0.523171
vt 0.682867 0.523293
vt 0.683121 0.523424
vt 0.680809 0.523379
vt 0.681314 0.525091
vt 0.683390 0.525212
vt 0.682913 0.529948
vt 0.680496 0.530115
vt 0.679498 0.542539
vt 0.681117 0.545394
vt 0.681128 0.542741
vt 0.679637 0.540872
vt 0.679973 0.528195
vt 0.682390 0.528029
vt 0.688295 0.522654
vt 0.688256 0.527624
vt 0.689220 0.528213
vt 0.688933 0.522819
vt 0.679588 0.528877
vt 0.680151 0.542792
vt 0.681651 0.544661
vt 0.688779 0.529543
vt 0.688818 0.524573
vt 0.687013 0.523156
vt 0.686490 0.523043
vt 0.687012 0.524962
vt 0.686535 0.529698
vt 0.685008 0.545126
vt 0.685273 0.544411
vt 0.686937 0.542264
vt 0.686960 0.541958
vt 0.684750 0.542492
vt 0.686423 0.540344
vt 0.686012 0.527779
vt 0.678808 0.537969
vt 0.679770 0.538578
vt 0.679247 0.536659
vt 0.681664 0.536492
vt 0.685286 0.536243
vt 0.687530 0.536088
vt 0.688440 0.537305
vt 0.688053 0.538007
vt 0.685809 0.538162
vt 0.682187 0.538412
vt 0.786032 0.182284
vt 0.785806 0.181741
vt 0.785809 0.381823
vt 0.786035 0.382367
vt 0.785560 0.181884
vt 0.785564 0.381966
vt 0.785361 0.182675
vt 0.785364 0.382759
vt 0.785261 0.183903
vt 0.785264 0.383987
vt 0.785287 0.185239
vt 0.785290 0.385323
vt 0.785433 0.186326
vt 0.785436 0.386408
vt 0.785659 0.186869
vt 0.785662 0.386952
vt 0.785904 0.186725
vt 0.785907 0.386809
vt 0.786104 0.185934
vt 0.786107 0.386016
vt 0.786204 0.184706
vt 0.786207 0.384788
vt 0.786177 0.183369
vt 0.786181 0.383453
vt 0.785732 0.184305
vt 0.785735 0.384388
vt 0.683294 0.515845
vt 0.686020 0.515845
vt 0.686137 0.517679
vt 0.683031 0.517679
vt 0.683294 0.519512
vt 0.686020 0.519512
vt 0.685031 0.519512
vt 0.681974 0.519512
vt 0.679670 0.517679
vt 0.682153 0.517679
vt 0.682594 0.515845
vt 0.680190 0.515845
vt 0.681974 0.515845
vt 0.685031 0.515845
vt 0.692788 0.515845
vt 0.692452 0.515845
vt 0.693359 0.517679
vt 0.693307 0.517679
vt 0.681175 0.517679
vt 0.680190 0.519512
vt 0.682594 0.519512
vt 0.692452 0.519512
vt 0.692788 0.519512
vt 0.691059 0.517679
vt 0.690602 0.515845
vt 0.690602 0.519512
vt 0.689613 0.519512
vt 0.687075 0.517679
vt 0.687176 0.519512
vt 0.689684 0.519512
vt 0.689947 0.517679
vt 0.687176 0.515845
vt 0.689684 0.515845
vt 0.689613 0.515845
vt 0.679669 0.517679
vt 0.680572 0.519512
vt 0.680572 0.515845
vt 0.683629 0.515845
vt 0.688211 0.515845
vt 0.691050 0.515845
vt 0.691853 0.517679
vt 0.691050 0.519512
vt 0.688211 0.519512
vt 0.683629 0.519512
vt 0.787049 0.189601
vt 0.786821 0.190198
vt 0.786820 0.303851
vt 0.787048 0.303253
vt 0.786576 0.189991
vt 0.786575 0.303643
vt 0.786380 0.189034
vt 0.786379 0.302687
vt 0.786286 0.187585
vt 0.786285 0.301237
vt 0.786319 0.186032
vt 0.786318 0.299684
vt 0.786470 0.184791
vt 0.786469 0.298443
vt 0.786698 0.184195
vt 0.786697 0.297847
vt 0.786943 0.184401
vt 0.786942 0.298055
vt 0.787139 0.185359
vt 0.787138 0.299011
vt 0.787233 0.186807
vt 0.787232 0.300460
vt 0.787200 0.188360
vt 0.787199 0.302012
vt 0.786759 0.187196
vt 0.786758 0.300848
vt 0.791457 0.292338
vt 0.791661 0.292811
vt 0.791660 0.186215
vt 0.791455 0.185741
vt 0.791770 0.293565
vt 0.791768 0.186968
vt 0.791752 0.294390
vt 0.791750 0.187796
vt 0.791614 0.295073
vt 0.791612 0.188477
vt 0.791392 0.295425
vt 0.791390 0.188829
vt 0.791145 0.295356
vt 0.791144 0.188759
vt 0.790941 0.294880
vt 0.790939 0.188286
vt 0.790833 0.294131
vt 0.790831 0.187533
vt 0.790850 0.293301
vt 0.790848 0.186704
vt 0.790988 0.292618
vt 0.790987 0.186023
vt 0.791210 0.292266
vt 0.791209 0.185671
vt 0.791301 0.293847
vt 0.791299 0.187250
vt 0.796567 0.179362
vt 0.796339 0.179960
vt 0.796338 0.293612
vt 0.796566 0.293015
vt 0.796094 0.179752
vt 0.796093 0.293404
vt 0.795899 0.178796
vt 0.795898 0.292449
vt 0.795804 0.177346
vt 0.795803 0.290998
vt 0.795837 0.175793
vt 0.795836 0.289445
vt 0.795988 0.174552
vt 0.795987 0.288205
vt 0.796216 0.173956
vt 0.796215 0.287608
vt 0.796461 0.174163
vt 0.796460 0.287816
vt 0.796657 0.175120
vt 0.796656 0.288772
vt 0.796751 0.176569
vt 0.796750 0.290221
vt 0.796718 0.178121
vt 0.796717 0.291774
vt 0.796278 0.176957
vt 0.796277 0.290610
vt 0.795776 0.172044
vt 0.795551 0.171501
vt 0.795554 0.371584
vt 0.795780 0.372128
vt 0.795305 0.171644
vt 0.795308 0.371726
vt 0.795106 0.172436
vt 0.795109 0.372518
vt 0.795005 0.173664
vt 0.795009 0.373747
vt 0.795032 0.175001
vt 0.795035 0.375084
vt 0.795177 0.176086
vt 0.795181 0.376168
vt 0.795403 0.176630
vt 0.795407 0.376712
vt 0.795649 0.176486
vt 0.795652 0.376570
vt 0.795848 0.175694
vt 0.795851 0.375777
vt 0.795948 0.174466
vt 0.795951 0.374549
vt 0.795922 0.173130
vt 0.795925 0.373213
vt 0.795477 0.174065
vt 0.795480 0.374148
vt 0.169834 0.929193
vt 0.177747 0.929193
vt 0.177747 0.969456
vt 0.169834 0.969456
vt 0.178480 0.969456
vt 0.170566 0.969456
vt 0.178480 0.929193
vt 0.170566 0.929193
vt 0.205170 0.182160
vt 0.209357 0.182160
vt 0.209357 0.185788
vt 0.205170 0.185788
vt 0.209382 0.185788
vt 0.205195 0.185788
vt 0.209382 0.182160
vt 0.205195 0.182160
vt 0.793306 0.273290
vt 0.796599 0.273290
vt 0.796599 0.276924
vt 0.793306 0.276924
vt 0.796746 0.276924
vt 0.793453 0.276924
vt 0.796746 0.273290
vt 0.793453 0.273290
vt 0.816254 0.273290
vt 0.819547 0.273290
vt 0.819547 0.276924
vt 0.816254 0.276924
vt 0.819694 0.276924
vt 0.816401 0.276924
vt 0.819694 0.273290
vt 0.816401 0.273290
vt 0.171573 0.896299
vt 0.178319 0.896299
vt 0.178319 0.923894
vt 0.171573 0.923894
vt 0.177097 0.775572
vt 0.185484 0.775572
vt 0.185736 0.775572
vt 0.177349 0.775572
vt 0.177997 0.643859
vt 0.186383 0.643859
vt 0.186383 0.641048
vt 0.177997 0.641048
vt 0.177349 0.551092
vt 0.185736 0.551092
vt 0.185484 0.551092
vt 0.177097 0.551092
vt 0.207948 0.551092
vt 0.208200 0.551092
vt 0.208200 0.565252
vt 0.207948 0.565252
vt 0.177349 0.565252
vt 0.177097 0.565252
vt 0.185484 0.558580
vt 0.178737 0.558580
vt 0.206307 0.565252
vt 0.206307 0.558580
vt 0.185484 0.768084
vt 0.178737 0.768084
vt 0.178737 0.565252
vt 0.199584 0.558580
vt 0.199584 0.551092
vt 0.206354 0.565252
vt 0.199631 0.565252
vt 0.199631 0.558580
vt 0.206354 0.558580
vt 0.207948 0.775572
vt 0.199584 0.775572
vt 0.199584 0.768084
vt 0.206307 0.768084
vt 0.208200 0.775572
vt 0.199836 0.775572
vt 0.200484 0.641048
vt 0.200484 0.643859
vt 0.208847 0.643859
vt 0.208847 0.641048
vt 0.199836 0.551092
vt 0.177349 0.641633
vt 0.177097 0.641633
vt 0.177997 0.685616
vt 0.186383 0.685616
vt 0.186383 0.659024
vt 0.177997 0.659024
vt 0.208847 0.659024
vt 0.200484 0.659024
vt 0.200484 0.685616
vt 0.208847 0.685616
vt 0.207948 0.641633
vt 0.208200 0.641633
vt 0.206307 0.641633
vt 0.696324 0.592600
vt 0.696324 0.551531
vt 0.700127 0.551531
vt 0.700127 0.592600
vt 0.670455 0.632645
vt 0.677156 0.632645
vt 0.677156 0.657750
vt 0.670455 0.657750
vt 0.178737 0.641633
vt 0.177349 0.606914
vt 0.177097 0.606914
vt 0.186383 0.652131
vt 0.177997 0.652131
vt 0.208847 0.652131
vt 0.200484 0.652131
vt 0.207948 0.606914
vt 0.208200 0.606914
vt 0.206307 0.606914
vt 0.206354 0.641633
vt 0.199631 0.641633
vt 0.199631 0.606914
vt 0.206354 0.606914
vt 0.171573 0.821621
vt 0.178319 0.821621
vt 0.178319 0.965229
vt 0.171573 0.965229
vt 0.178737 0.606914
vt 0.185530 0.558580
vt 0.178784 0.558580
vt 0.178784 0.565252
vt 0.206354 0.768084
vt 0.199631 0.768084
vt 0.185530 0.768084
vt 0.178784 0.768084
vt 0.178784 0.641633
vt 0.178784 0.606914
vt 0.185600 0.558580
vt 0.178853 0.558580
vt 0.199700 0.565252
vt 0.199700 0.558580
vt 0.178853 0.565252
vt 0.199700 0.768084
vt 0.199700 0.641633
vt 0.185600 0.768084
vt 0.178853 0.768084
vt 0.178853 0.641633
vt 0.199700 0.606914
vt 0.178853 0.606914
vt 0.178366 0.965229
vt 0.171665 0.965229
vt 0.199792 0.768084
vt 0.199792 0.641633
vt 0.185646 0.768084
vt 0.178946 0.768084
vt 0.178946 0.641633
vt 0.192919 0.558580
vt 0.192919 0.551092
vt 0.192966 0.558580
vt 0.193035 0.558580
vt 0.185755 0.923894
vt 0.185755 0.896299
vt 0.192420 0.896299
vt 0.192420 0.923894
vt 0.185755 0.965229
vt 0.185755 0.821621
vt 0.192420 0.821621
vt 0.192420 0.965229
vt 0.185801 0.965229
vt 0.192512 0.965229
vt 0.684592 0.657750
vt 0.684592 0.632645
vt 0.691302 0.632645
vt 0.691302 0.657750
vt 0.193035 0.768084
vt 0.193082 0.768084
vt 0.192966 0.768084
vt 0.192919 0.768084
vt 0.192919 0.775572
vt 0.193171 0.775572
vt 0.193819 0.659024
vt 0.193819 0.685616
vt 0.193819 0.652131
vt 0.193819 0.643859
vt 0.193819 0.641048
vt 0.193171 0.551092
vt 0.808202 0.391849
vt 0.790823 0.391849
vt 0.790823 0.370164
vt 0.808202 0.370164
vt 0.806076 0.271982
vt 0.785229 0.271982
vt 0.785299 0.271982
vt 0.792045 0.271982
vt 0.799481 0.271982
vt 0.806145 0.271982
vt 0.806076 0.280254
vt 0.806145 0.280254
vt 0.799481 0.280254
vt 0.792045 0.280254
vt 0.785299 0.280254
vt 0.785229 0.280254
vt 0.786273 0.279381
vt 0.805032 0.279381
vt 0.786273 0.272855
vt 0.805032 0.272855
vt 0.787009 0.278806
vt 0.804388 0.278806
vt 0.787009 0.273431
vt 0.804388 0.273431
vt 0.200349 0.674860
vt 0.200349 0.754573
vt 0.205636 0.674860
vt 0.205636 0.754573
vt 0.201120 0.680602
vt 0.201120 0.748831
vt 0.204923 0.680602
vt 0.204923 0.748831
vt 0.177727 0.659024
vt 0.177727 0.685616
vt 0.177727 0.652131
vt 0.177727 0.643859
vt 0.177727 0.641048
vt 0.186113 0.641048
vt 0.193549 0.641048
vt 0.200214 0.641048
vt 0.208578 0.641048
vt 0.208578 0.643859
vt 0.208578 0.652131
vt 0.208578 0.659024
vt 0.208578 0.685616
vt 0.200214 0.685616
vt 0.193549 0.685616
vt 0.186113 0.685616
vt 0.780639 0.296536
vt 0.780639 0.269953
vt 0.780261 0.269953
vt 0.780261 0.296536
vt 0.780639 0.262333
vt 0.780261 0.262333
vt 0.780639 0.253190
vt 0.780261 0.253190
vt 0.780639 0.250082
vt 0.780261 0.250082
vt 0.789910 0.250082
vt 0.789532 0.250082
vt 0.797751 0.250082
vt 0.798129 0.250082
vt 0.805118 0.250082
vt 0.805496 0.250082
vt 0.814364 0.250082
vt 0.814742 0.250082
vt 0.814364 0.253190
vt 0.814742 0.253190
vt 0.814364 0.262333
vt 0.814742 0.262333
vt 0.814364 0.269953
vt 0.814742 0.269953
vt 0.814364 0.296536
vt 0.814742 0.296536
vt 0.805496 0.296536
vt 0.805118 0.296536
vt 0.798129 0.296536
vt 0.797751 0.296536
vt 0.789910 0.296536
vt 0.789532 0.296536
vt 0.782265 0.294669
vt 0.782265 0.268076
vt 0.781887 0.268076
vt 0.781887 0.294669
vt 0.782265 0.261183
vt 0.781887 0.261183
vt 0.782265 0.252912
vt 0.781887 0.252912
vt 0.782265 0.250100
vt 0.781887 0.250100
vt 0.790652 0.250100
vt 0.790274 0.250100
vt 0.797709 0.250100
vt 0.798087 0.250100
vt 0.804374 0.250100
vt 0.804752 0.250100
vt 0.812738 0.250100
vt 0.813116 0.250100
vt 0.812738 0.252912
vt 0.813116 0.252912
vt 0.812738 0.261183
vt 0.813116 0.261183
vt 0.812738 0.268076
vt 0.813116 0.268076
vt 0.812738 0.294669
vt 0.813116 0.294669
vt 0.804752 0.294669
vt 0.804374 0.294669
vt 0.798087 0.294669
vt 0.797709 0.294669
vt 0.790652 0.294669
vt 0.790274 0.294669
vt 0.793920 0.273290
vt 0.797213 0.273290
vt 0.797213 0.276924
vt 0.793920 0.276924
vt 0.797359 0.276924
vt 0.794066 0.276924
vt 0.797359 0.273290
vt 0.794066 0.273290
vt 0.816868 0.273290
vt 0.820161 0.273290
vt 0.820161 0.276924
vt 0.816868 0.276924
vt 0.820307 0.276924
vt 0.817014 0.276924
vt 0.820307 0.273290
vt 0.817014 0.273290
vt 0.786032 0.182284
vt 0.785806 0.181741
vt 0.785809 0.381823
vt 0.786035 0.382367
vt 0.785560 0.181884
vt 0.785564 0.381966
vt 0.785361 0.182675
vt 0.785364 0.382759
vt 0.785261 0.183903
vt 0.785264 0.383987
vt 0.785287 0.185239
vt 0.785290 0.385323
vt 0.785433 0.186326
vt 0.785436 0.386408
vt 0.785659 0.186869
vt 0.785662 0.386952
vt 0.785904 0.186725
vt 0.785907 0.386809
vt 0.786104 0.185934
vt 0.786107 0.386016
vt 0.786204 0.184706
vt 0.786207 0.384788
vt 0.786177 0.183369
vt 0.786181 0.383453
vt 0.785732 0.184305
vt 0.785735 0.384388
vt 0.680791 0.523171
vt 0.682867 0.523293
vt 0.683121 0.523424
vt 0.680809 0.523379
vt 0.681314 0.525091
vt 0.683390 0.525212
vt 0.682913 0.529948
vt 0.680496 0.530115
vt 0.679498 0.542539
vt 0.681117 0.545394
vt 0.681128 0.542741
vt 0.679637 0.540872
vt 0.679973 0.528195
vt 0.682390 0.528029
vt 0.688295 0.522654
vt 0.688256 0.527624
vt 0.689220 0.528213
vt 0.688933 0.522819
vt 0.679588 0.528877
vt 0.680151 0.542792
vt 0.681651 0.544661
vt 0.688779 0.529543
vt 0.688818 0.524573
vt 0.687013 0.523156
vt 0.686490 0.523043
vt 0.687012 0.524962
vt 0.686535 0.529698
vt 0.685008 0.545126
vt 0.685273 0.544411
vt 0.686937 0.542264
vt 0.686960 0.541958
vt 0.684750 0.542492
vt 0.686423 0.540344
vt 0.686012 0.527779
vt 0.678808 0.537969
vt 0.679770 0.538578
vt 0.679247 0.536659
vt 0.681664 0.536492
vt 0.685286 0.536243
vt 0.687530 0.536088
vt 0.688440 0.537305
vt 0.688053 0.538007
vt 0.685809 0.538162
vt 0.682187 0.538412
vt 0.683294 0.515845
vt 0.686020 0.515845
vt 0.686137 0.517679
vt 0.683031 0.517679
vt 0.683294 0.519512
vt 0.686020 0.519512
vt 0.685031 0.519512
vt 0.681974 0.519512
vt 0.679670 0.517679
vt 0.682153 0.517679
vt 0.682594 0.515845
vt 0.680190 0.515845
vt 0.681974 0.515845
vt 0.685031 0.515845
vt 0.692788 0.515845
vt 0.692452 0.515845
vt 0.693359 0.517679
vt 0.693307 0.517679
vt 0.681175 0.517679
vt 0.680190 0.519512
vt 0.682594 0.519512
vt 0.692452 0.519512
vt 0.692788 0.519512
vt 0.691059 0.517679
vt 0.690602 0.515845
vt 0.690602 0.519512
vt 0.689613 0.519512
vt 0.687075 0.517679
vt 0.687176 0.519512
vt 0.689684 0.519512
vt 0.689947 0.517679
vt 0.687176 0.515845
vt 0.689684 0.515845
vt 0.689613 0.515845
vt 0.679669 0.517679
vt 0.680572 0.519512
vt 0.680572 0.515845
vt 0.683629 0.515845
vt 0.688211 0.515845
vt 0.691050 0.515845
vt 0.691853 0.517679
vt 0.691050 0.519512
vt 0.688211 0.519512
vt 0.683629 0.519512
vt 0.795776 0.172044
vt 0.795551 0.171501
vt 0.795554 0.371584
vt 0.795780 0.372128
vt 0.795305 0.171644
vt 0.795308 0.371726
vt 0.795106 0.172436
vt 0.795109 0.372518
vt 0.795005 0.173664
vt 0.795009 0.373747
vt 0.795032 0.175001
vt 0.795035 0.375084
vt 0.795177 0.176086
vt 0.795181 0.376168
vt 0.795403 0.176630
vt 0.795407 0.376712
vt 0.795649 0.176486
vt 0.795652 0.376570
vt 0.795848 0.175694
vt 0.795851 0.375777
vt 0.795948 0.174466
vt 0.795951 0.374549
vt 0.795922 0.173130
vt 0.795925 0.373213
vt 0.795477 0.174065
vt 0.795480 0.374148
vt 0.796567 0.179362
vt 0.796339 0.179960
vt 0.796338 0.293612
vt 0.796566 0.293015
vt 0.796094 0.179752
vt 0.796093 0.293404
vt 0.795899 0.178796
vt 0.795898 0.292449
vt 0.795804 0.177346
vt 0.795803 0.290998
vt 0.795837 0.175793
vt 0.795836 0.289445
vt 0.795988 0.174552
vt 0.795987 0.288205
vt 0.796216 0.173956
vt 0.796215 0.287608
vt 0.796461 0.174163
vt 0.796460 0.287816
vt 0.796657 0.175120
vt 0.796656 0.288772
vt 0.796751 0.176569
vt 0.796750 0.290221
vt 0.796718 0.178121
vt 0.796717 0.291774
vt 0.796278 0.176957
vt 0.796277 0.290610
vt 0.791457 0.292338
vt 0.791661 0.292811
vt 0.791660 0.186215
vt 0.791455 0.185741
vt 0.791770 0.293565
vt 0.791768 0.186968
vt 0.791752 0.294390
vt 0.791750 0.187796
vt 0.791614 0.295073
vt 0.791612 0.188477
vt 0.791392 0.295425
vt 0.791390 0.188829
vt 0.791145 0.295356
vt 0.791144 0.188759
vt 0.790941 0.294880
vt 0.790939 0.188286
vt 0.790833 0.294131
vt 0.790831 0.187533
vt 0.790850 0.293301
vt 0.790848 0.186704
vt 0.790988 0.292618
vt 0.790987 0.186023
vt 0.791210 0.292266
vt 0.791209 0.185671
vt 0.791301 0.293847
vt 0.791299 0.187250
vt 0.787049 0.189601
vt 0.786821 0.190198
vt 0.786820 0.303851
vt 0.787048 0.303253
vt 0.786576 0.189991
vt 0.786575 0.303643
vt 0.786380 0.189034
vt 0.786379 0.302687
vt 0.786286 0.187585
vt 0.786285 0.301237
vt 0.786319 0.186032
vt 0.786318 0.299684
vt 0.786470 0.184791
vt 0.786469 0.298443
vt 0.786698 0.184195
vt 0.786697 0.297847
vt 0.786943 0.184401
vt 0.786942 0.298055
vt 0.787139 0.185359
vt 0.787138 0.299011
vt 0.787233 0.186807
vt 0.787232 0.300460
vt 0.787200 0.188360
vt 0.787199 0.302012
vt 0.786759 0.187196
vt 0.786758 0.300848
vt 0.571108 0.256676
vt 0.574538 0.256676
vt 0.574538 0.267990
vt 0.571108 0.267990
vt 0.571159 0.364334
vt 0.574487 0.364334
vt 0.574487 0.364334
vt 0.571159 0.364334
vt 0.571108 0.267990
vt 0.574538 0.267990
vt 0.574538 0.256676
vt 0.571108 0.256676
vt 0.589731 0.256676
vt 0.589731 0.256676
vt 0.589731 0.267990
vt 0.589731 0.267990
vt 0.589731 0.267990
vt 0.589731 0.267990
vt 0.571108 0.267990
vt 0.571108 0.267990
vt 0.571159 0.364334
vt 0.574487 0.364334
vt 0.574487 0.364334
vt 0.571159 0.364334
vt 0.574538 0.267990
vt 0.574538 0.267990
vt 0.586302 0.256676
vt 0.586302 0.267990
vt 0.586302 0.267990
vt 0.586302 0.267990
vt 0.586302 0.267990
vt 0.586302 0.256676
vt 0.586353 0.364334
vt 0.586353 0.364334
vt 0.589680 0.364334
vt 0.589680 0.364334
vt 0.586353 0.364334
vt 0.586353 0.364334
vt 0.589680 0.364334
vt 0.589680 0.364334
vt 0.574186 0.267990
vt 0.571460 0.267990
vt 0.574186 0.267990
vt 0.571460 0.267990
vt 0.574186 0.267990
vt 0.571460 0.267990
vt 0.574186 0.267990
vt 0.571460 0.267990
vt 0.586653 0.267990
vt 0.586653 0.267990
vt 0.589379 0.267990
vt 0.589379 0.267990
vt 0.586653 0.267990
vt 0.586653 0.267990
vt 0.589379 0.267990
vt 0.589379 0.267990
vt 0.574186 0.351611
vt 0.571460 0.351611
vt 0.574186 0.351611
vt 0.571460 0.351611
vt 0.574186 0.351611
vt 0.571460 0.351611
vt 0.574186 0.351611
vt 0.571460 0.351611
vt 0.586653 0.351611
vt 0.586653 0.351611
vt 0.589379 0.351611
vt 0.589379 0.351611
vt 0.586653 0.351611
vt 0.586653 0.351611
vt 0.589379 0.351611
vt 0.589379 0.351611
vt 0.574487 0.351611
vt 0.571159 0.351611
vt 0.574487 0.351611
vt 0.571159 0.351611
vt 0.574487 0.351611
vt 0.571159 0.351611
vt 0.574487 0.351611
vt 0.571159 0.351611
vt 0.586353 0.351611
vt 0.586353 0.351611
vt 0.589680 0.351611
vt 0.589680 0.351611
vt 0.586353 0.351611
vt 0.586353 0.351611
vt 0.589680 0.351611
vt 0.589680 0.351611
vt 0.682152 0.534983
vt 0.696084 0.534983
vt 0.696084 0.548914
vt 0.682152 0.548914
vt 0.696084 0.548914
vt 0.682152 0.548914
vt 0.696084 0.534983
vt 0.682152 0.534983
vt 0.697190 0.534983
vt 0.697190 0.534983
vt 0.697190 0.548914
vt 0.697190 0.548914
vt 0.696116 0.548914
vt 0.696116 0.548914
vt 0.696116 0.534983
vt 0.696116 0.534983
vt 0.682152 0.534983
vt 0.696084 0.534983
vt 0.696084 0.548914
vt 0.682152 0.548914
vt 0.696084 0.548914
vt 0.682152 0.548914
vt 0.696084 0.534983
vt 0.682152 0.534983
vt 0.682090 0.534983
vt 0.682090 0.534983
vt 0.682090 0.548914
vt 0.682090 0.548914
vt 0.681016 0.548914
vt 0.681016 0.548914
vt 0.681016 0.534983
vt 0.681016 0.534983
vt 0.851705 0.337754
vt 0.838705 0.337782
vt 0.838683 0.354526
vt 0.851095 0.354507
vt 0.850647 0.726990
vt 0.843006 0.726990
vt 0.843322 0.744033
vt 0.857724 0.744033
vt 0.852289 0.354507
vt 0.839878 0.354526
vt 0.839855 0.337782
vt 0.852855 0.337754
vt 0.857400 0.349265
vt 0.839091 0.342418
vt 0.838779 0.337754
vt 0.850026 0.337754
vt 0.761349 0.338941
vt 0.754344 0.350452
vt 0.755079 0.363234
vt 0.762128 0.354944
vt 0.858851 0.362738
vt 0.859410 0.349265
vt 0.831119 0.337754
vt 0.831419 0.337965
vt 0.825683 0.338504
vt 0.825378 0.338413
vt 0.832196 0.337809
vt 0.832218 0.354546
vt 0.826493 0.354999
vt 0.826470 0.338457
vt 0.662910 0.695651
vt 0.678116 0.715486
vt 0.745578 0.655669
vt 0.713018 0.644028
vt 0.825302 0.338457
vt 0.825280 0.354999
vt 0.831022 0.354546
vt 0.831045 0.337809
vt 0.821082 0.338906
vt 0.821390 0.338906
vt 0.809520 0.338941
vt 0.809212 0.338941
vt 0.822186 0.338941
vt 0.822209 0.355338
vt 0.810339 0.355338
vt 0.810316 0.338941
vt 0.811894 0.841595
vt 0.812218 0.858668
vt 0.826841 0.858668
vt 0.824248 0.839786
vt 0.809136 0.338941
vt 0.809113 0.355338
vt 0.820983 0.355338
vt 0.821006 0.338941
vt 0.797046 0.338941
vt 0.797354 0.338941
vt 0.782649 0.339148
vt 0.782340 0.338941
vt 0.798149 0.338941
vt 0.798173 0.355338
vt 0.783467 0.355338
vt 0.783443 0.338941
vt 0.638284 0.643782
vt 0.729488 0.722006
vt 0.736107 0.712087
vt 0.657680 0.633863
vt 0.782241 0.355338
vt 0.796947 0.355338
vt 0.796970 0.338941
vt 0.782264 0.338941
vt 0.756413 0.350452
vt 0.763179 0.338941
vt 0.763354 0.354945
vt 0.762529 0.338941
vt 0.760989 0.687766
vt 0.780367 0.724266
vt 0.783664 0.706226
vt 0.767456 0.670723
vt 0.859892 0.349265
vt 0.859353 0.362739
vt 0.851028 0.337754
vt 0.839781 0.337754
vt 0.839512 0.342418
vt 0.857821 0.349265
vt 0.826394 0.338413
vt 0.826110 0.338504
vt 0.831839 0.337965
vt 0.832120 0.337754
vt 0.810240 0.338941
vt 0.809952 0.338941
vt 0.821822 0.338906
vt 0.822110 0.338906
vt 0.783081 0.339148
vt 0.797786 0.338941
vt 0.798074 0.338941
vt 0.783368 0.338941
vt 0.756844 0.350452
vt 0.764207 0.338941
vt 0.755594 0.363234
vt 0.754839 0.350452
vt 0.784745 0.706225
vt 0.780821 0.724266
vt 0.761443 0.687766
vt 0.768538 0.670723
vt 0.741700 0.712087
vt 0.731837 0.722006
vt 0.640632 0.643782
vt 0.663272 0.633863
vt 0.825330 0.839784
vt 0.827295 0.858668
vt 0.812672 0.858668
vt 0.812975 0.841595
vt 0.720756 0.644028
vt 0.748828 0.655669
vt 0.681427 0.715488
vt 0.670780 0.695653
vt 0.858167 0.744033
vt 0.843764 0.744033
vt 0.844060 0.726990
vt 0.851701 0.726990
vt 0.860718 0.635644
vt 0.852788 0.634788
vt 0.861219 0.635645
vt 0.853980 0.634788
vt 0.844129 0.634788
vt 0.829083 0.800105
vt 0.830043 0.634788
vt 0.836068 0.634788
vt 0.835999 0.726990
vt 0.813046 0.634788
vt 0.825536 0.634788
vt 0.784770 0.634733
vt 0.800244 0.634788
vt 0.800245 0.840496
vt 0.767312 0.632848
vt 0.759333 0.633993
vt 0.758819 0.633993
vt 0.766089 0.632845
vt 0.783547 0.634733
vt 0.799163 0.840497
vt 0.799048 0.711558
vt 0.824341 0.721410
vt 0.811850 0.716511
vt 0.834945 0.726990
vt 0.828866 0.723791
vt 0.827995 0.800275
vt 0.842936 0.634788
vt 0.862035 0.599337
vt 0.854224 0.587151
vt 0.862495 0.599338
vt 0.855319 0.587151
vt 0.844080 0.587151
vt 0.829994 0.587834
vt 0.836020 0.587151
vt 0.812997 0.588380
vt 0.825486 0.588344
vt 0.784721 0.588365
vt 0.800195 0.588380
vt 0.765369 0.587798
vt 0.757553 0.600072
vt 0.757081 0.600072
vt 0.764245 0.587797
vt 0.783596 0.588365
vt 0.799021 0.634788
vt 0.799071 0.588380
vt 0.811872 0.588380
vt 0.811823 0.634788
vt 0.824313 0.634788
vt 0.824363 0.588344
vt 0.828883 0.587834
vt 0.828834 0.634788
vt 0.834876 0.634788
vt 0.834924 0.587151
vt 0.842985 0.587151
vt 0.838760 0.361423
vt 0.849441 0.361423
vt 0.850482 0.361423
vt 0.839801 0.361423
vt 0.757121 0.370150
vt 0.763929 0.361860
vt 0.856864 0.369654
vt 0.832140 0.361423
vt 0.826414 0.361885
vt 0.825358 0.361885
vt 0.831099 0.361423
vt 0.822130 0.362230
vt 0.810260 0.362253
vt 0.809192 0.362253
vt 0.821062 0.362230
vt 0.798094 0.362254
vt 0.783388 0.362244
vt 0.782319 0.362244
vt 0.797025 0.362254
vt 0.764997 0.361861
vt 0.857301 0.369654
vt 0.757569 0.370150
vt 0.798010 0.858668
vt 0.798465 0.858668
vt 0.798035 0.833513
vt 0.796931 0.848199
vt 0.784961 0.717693
vt 0.781728 0.732379
vt 0.797323 0.848199
vt 0.798967 0.833513
vt 0.785893 0.717693
vt 0.782119 0.732379
vt 0.838870 0.744033
vt 0.833958 0.739148
vt 0.837574 0.753043
vt 0.828393 0.800772
vt 0.827767 0.846510
vt 0.825517 0.832615
vt 0.839312 0.744033
vt 0.837935 0.753043
vt 0.834817 0.739148
vt 0.826399 0.832615
vt 0.828137 0.846510
vt 0.829267 0.800774
vt 0.657274 0.733966
vt 0.637018 0.722326
vt 0.660609 0.733966
vt 0.644959 0.722326
vt 0.712421 0.816386
vt 0.668651 0.816386
vt 0.677973 0.872783
vt 0.704084 0.872783
vt 0.684031 0.872783
vt 0.710143 0.872783
vt 0.675694 0.816386
vt 0.719464 0.816386
vt 0.158077 0.259294
vt 0.153519 0.261284
vt 0.162466 0.274684
vt 0.165898 0.271007
vt 0.175856 0.283637
vt 0.177603 0.278834
vt 0.191652 0.286781
vt 0.191409 0.281582
vt 0.207445 0.283637
vt 0.205215 0.278834
vt 0.220836 0.274684
vt 0.216920 0.271007
vt 0.229783 0.261284
vt 0.224740 0.259294
vt 0.232925 0.245477
vt 0.227486 0.245477
vt 0.229783 0.229671
vt 0.224740 0.231660
vt 0.220836 0.216271
vt 0.216920 0.219947
vt 0.207445 0.207317
vt 0.205215 0.212120
vt 0.191652 0.204173
vt 0.191409 0.209372
vt 0.175856 0.207317
vt 0.177603 0.212120
vt 0.162466 0.216271
vt 0.165898 0.219947
vt 0.153519 0.229671
vt 0.158077 0.231660
vt 0.150377 0.245477
vt 0.155330 0.245477
vt 0.191409 0.245477
vt 0.159043 0.259294
vt 0.167934 0.255608
vt 0.173667 0.264197
vt 0.166863 0.271007
vt 0.182249 0.269936
vt 0.178568 0.278834
vt 0.192374 0.271952
vt 0.192374 0.281582
vt 0.202497 0.269936
vt 0.206179 0.278834
vt 0.211081 0.264197
vt 0.217885 0.271007
vt 0.216815 0.255608
vt 0.225705 0.259294
vt 0.218828 0.245477
vt 0.228451 0.245477
vt 0.216815 0.235346
vt 0.225705 0.231660
vt 0.211081 0.226757
vt 0.217885 0.219947
vt 0.202497 0.221018
vt 0.206179 0.212120
vt 0.192374 0.219003
vt 0.192374 0.209372
vt 0.182249 0.221018
vt 0.178568 0.212120
vt 0.173667 0.226757
vt 0.166863 0.219947
vt 0.167934 0.235346
vt 0.159043 0.231660
vt 0.165918 0.245477
vt 0.156294 0.245477
vt 0.150793 0.245477
vt 0.153934 0.261284
vt 0.153934 0.229671
vt 0.162881 0.216271
vt 0.176272 0.207317
vt 0.192067 0.204173
vt 0.207861 0.207317
vt 0.221251 0.216271
vt 0.230198 0.229671
vt 0.233340 0.245477
vt 0.230198 0.261284
vt 0.221251 0.274684
vt 0.207861 0.283637
vt 0.192067 0.286781
vt 0.176272 0.283637
vt 0.162881 0.274684
vt 0.653655 0.379724
vt 0.692088 0.379724
vt 0.656582 0.394442
vt 0.656582 0.365006
vt 0.664913 0.352528
vt 0.677380 0.344191
vt 0.692088 0.341263
vt 0.706796 0.344191
vt 0.719262 0.352528
vt 0.727592 0.365006
vt 0.730521 0.379724
vt 0.727592 0.394442
vt 0.719262 0.406920
vt 0.706796 0.415257
vt 0.692088 0.418185
vt 0.677380 0.415257
vt 0.664913 0.406920
vt 0.165836 0.245477
vt 0.170695 0.245477
vt 0.172333 0.253711
vt 0.167852 0.255608
vt 0.167852 0.235346
vt 0.172333 0.237243
vt 0.173586 0.226757
vt 0.176994 0.230262
vt 0.182167 0.221018
vt 0.183968 0.225598
vt 0.192292 0.219003
vt 0.192197 0.223960
vt 0.202415 0.221018
vt 0.200425 0.225598
vt 0.210999 0.226757
vt 0.207399 0.230262
vt 0.216732 0.235346
vt 0.212060 0.237243
vt 0.218746 0.245477
vt 0.213698 0.245477
vt 0.216732 0.255608
vt 0.212060 0.253711
vt 0.210999 0.264197
vt 0.207399 0.260692
vt 0.202415 0.269936
vt 0.200425 0.265356
vt 0.192292 0.271952
vt 0.192197 0.266994
vt 0.182167 0.269936
vt 0.183968 0.265356
vt 0.173586 0.264197
vt 0.176994 0.260692
vt 0.158078 0.259294
vt 0.153518 0.261284
vt 0.162466 0.274684
vt 0.165898 0.271007
vt 0.175856 0.283637
vt 0.177603 0.278834
vt 0.191652 0.286781
vt 0.191409 0.281582
vt 0.207445 0.283637
vt 0.205214 0.278834
vt 0.220836 0.274684
vt 0.216920 0.271007
vt 0.229783 0.261284
vt 0.224740 0.259294
vt 0.232924 0.245477
vt 0.227486 0.245477
vt 0.229783 0.229671
vt 0.224740 0.231660
vt 0.220836 0.216271
vt 0.216920 0.219947
vt 0.207445 0.207317
vt 0.205214 0.212120
vt 0.191652 0.204173
vt 0.191409 0.209372
vt 0.175856 0.207317
vt 0.177603 0.212120
vt 0.162466 0.216271
vt 0.165898 0.219947
vt 0.153518 0.229671
vt 0.158078 0.231660
vt 0.150377 0.245477
vt 0.155330 0.245477
vt 0.191409 0.245477
vt 0.159043 0.259294
vt 0.167933 0.255608
vt 0.173667 0.264197
vt 0.166863 0.271007
vt 0.182250 0.269936
vt 0.178568 0.278834
vt 0.192374 0.271952
vt 0.192374 0.281582
vt 0.202497 0.269936
vt 0.206179 0.278834
vt 0.211081 0.264197
vt 0.217885 0.271007
vt 0.216815 0.255608
vt 0.225705 0.259294
vt 0.218828 0.245477
vt 0.228451 0.245477
vt 0.216815 0.235346
vt 0.225705 0.231660
vt 0.211081 0.226757
vt 0.217885 0.219947
vt 0.202497 0.221018
vt 0.206179 0.212120
vt 0.192374 0.219003
vt 0.192374 0.209372
vt 0.182250 0.221018
vt 0.178568 0.212120
vt 0.173667 0.226757
vt 0.166863 0.219947
vt 0.167933 0.235346
vt 0.159043 0.231660
vt 0.165918 0.245477
vt 0.156294 0.245477
vt 0.150793 0.245477
vt 0.153934 0.261284
vt 0.153934 0.229671
vt 0.162881 0.216271
vt 0.176271 0.207317
vt 0.192067 0.204173
vt 0.207861 0.207317
vt 0.221251 0.216271
vt 0.230198 0.229671
vt 0.233340 0.245477
vt 0.230198 0.261284
vt 0.221251 0.274684
vt 0.207861 0.283637
vt 0.192067 0.286781
vt 0.176271 0.283637
vt 0.162881 0.274684
vt 0.653655 0.379724
vt 0.692088 0.379724
vt 0.656581 0.394442
vt 0.656581 0.365006
vt 0.664913 0.352528
vt 0.677380 0.344191
vt 0.692088 0.341263
vt 0.706796 0.344191
vt 0.719262 0.352528
vt 0.727593 0.365006
vt 0.730521 0.379724
vt 0.727593 0.394442
vt 0.719262 0.406920
vt 0.706796 0.415257
vt 0.692088 0.418185
vt 0.677380 0.415257
vt 0.664913 0.406920
vt 0.165836 0.245477
vt 0.170695 0.245477
vt 0.172332 0.253711
vt 0.167851 0.255608
vt 0.167851 0.235346
vt 0.172332 0.237243
vt 0.173585 0.226757
vt 0.176994 0.230262
vt 0.182167 0.221018
vt 0.183968 0.225598
vt 0.192292 0.219003
vt 0.192197 0.223960
vt 0.202414 0.221018
vt 0.200425 0.225598
vt 0.210999 0.226757
vt 0.207399 0.230262
vt 0.216732 0.235346
vt 0.212060 0.237243
vt 0.218746 0.245477
vt 0.213698 0.245477
vt 0.216732 0.255608
vt 0.212060 0.253711
vt 0.210999 0.264197
vt 0.207399 0.260692
vt 0.202414 0.269936
vt 0.200425 0.265356
vt 0.192292 0.271952
vt 0.192197 0.266994
vt 0.182167 0.269936
vt 0.183968 0.265356
vt 0.173585 0.264197
vt 0.176994 0.260692
vt 0.158978 0.259294
vt 0.166798 0.271007
vt 0.162881 0.274684
vt 0.153934 0.261284
vt 0.178503 0.278834
vt 0.176272 0.283637
vt 0.192310 0.281582
vt 0.192067 0.286781
vt 0.206115 0.278834
vt 0.207861 0.283637
vt 0.217821 0.271007
vt 0.221251 0.274684
vt 0.225640 0.259294
vt 0.230198 0.261284
vt 0.228387 0.245477
vt 0.233340 0.245477
vt 0.225640 0.231660
vt 0.230198 0.229671
vt 0.217821 0.219947
vt 0.221251 0.216271
vt 0.206115 0.212120
vt 0.207861 0.207317
vt 0.192310 0.209372
vt 0.192067 0.204173
vt 0.178503 0.212120
vt 0.176272 0.207317
vt 0.166798 0.219947
vt 0.162881 0.216271
vt 0.158978 0.231660
vt 0.153934 0.229671
vt 0.156230 0.245477
vt 0.150793 0.245477
vt 0.192310 0.245477
vt 0.158013 0.259294
vt 0.165833 0.271007
vt 0.172638 0.264197
vt 0.166904 0.255608
vt 0.177538 0.278834
vt 0.181220 0.269936
vt 0.191345 0.281582
vt 0.191345 0.271952
vt 0.205150 0.278834
vt 0.201467 0.269936
vt 0.216856 0.271007
vt 0.210051 0.264197
vt 0.224676 0.259294
vt 0.215785 0.255608
vt 0.227422 0.245477
vt 0.217798 0.245477
vt 0.224676 0.231660
vt 0.215785 0.235346
vt 0.216856 0.219947
vt 0.210051 0.226757
vt 0.205150 0.212120
vt 0.201467 0.221018
vt 0.191345 0.209372
vt 0.191345 0.219003
vt 0.177538 0.212120
vt 0.181220 0.221018
vt 0.165833 0.219947
vt 0.172638 0.226757
vt 0.158013 0.231660
vt 0.166904 0.235346
vt 0.155265 0.245477
vt 0.164889 0.245477
vt 0.150377 0.245477
vt 0.153519 0.261284
vt 0.153519 0.229671
vt 0.162466 0.216271
vt 0.175857 0.207317
vt 0.191651 0.204173
vt 0.207445 0.207317
vt 0.220836 0.216271
vt 0.229783 0.229671
vt 0.232925 0.245477
vt 0.229783 0.261284
vt 0.220836 0.274684
vt 0.207445 0.283637
vt 0.191651 0.286781
vt 0.175857 0.283637
vt 0.162466 0.274684
vt 0.653656 0.379724
vt 0.656581 0.394442
vt 0.692089 0.379724
vt 0.656581 0.365006
vt 0.664913 0.352528
vt 0.677380 0.344191
vt 0.692089 0.341263
vt 0.706796 0.344191
vt 0.719264 0.352528
vt 0.727594 0.365006
vt 0.730521 0.379724
vt 0.727594 0.394442
vt 0.719264 0.406920
vt 0.706796 0.415257
vt 0.692089 0.418185
vt 0.677380 0.415257
vt 0.664913 0.406920
vt 0.164971 0.245477
vt 0.166986 0.255608
vt 0.171657 0.253711
vt 0.170021 0.245477
vt 0.166986 0.235346
vt 0.171657 0.237243
vt 0.172720 0.226757
vt 0.176318 0.230262
vt 0.181302 0.221018
vt 0.183293 0.225598
vt 0.191426 0.219003
vt 0.191522 0.223960
vt 0.201549 0.221018
vt 0.199750 0.225598
vt 0.210134 0.226757
vt 0.206725 0.230262
vt 0.215867 0.235346
vt 0.211385 0.237243
vt 0.217881 0.245477
vt 0.213023 0.245477
vt 0.215867 0.255608
vt 0.211385 0.253711
vt 0.210134 0.264197
vt 0.206725 0.260692
vt 0.201549 0.269936
vt 0.199750 0.265356
vt 0.191426 0.271952
vt 0.191522 0.266994
vt 0.181302 0.269936
vt 0.183293 0.265356
vt 0.172720 0.264197
vt 0.176318 0.260692
vt 0.158978 0.259294
vt 0.166798 0.271007
vt 0.162881 0.274684
vt 0.153934 0.261284
vt 0.178503 0.278834
vt 0.176271 0.283637
vt 0.192309 0.281582
vt 0.192067 0.286781
vt 0.206115 0.278834
vt 0.207861 0.283637
vt 0.217821 0.271007
vt 0.221251 0.274684
vt 0.225640 0.259294
vt 0.230198 0.261284
vt 0.228387 0.245477
vt 0.233340 0.245477
vt 0.225640 0.231660
vt 0.230198 0.229671
vt 0.217821 0.219947
vt 0.221251 0.216271
vt 0.206115 0.212120
vt 0.207861 0.207317
vt 0.192309 0.209372
vt 0.192067 0.204173
vt 0.178503 0.212120
vt 0.176271 0.207317
vt 0.166798 0.219947
vt 0.162881 0.216271
vt 0.158978 0.231660
vt 0.153934 0.229671
vt 0.156230 0.245477
vt 0.150793 0.245477
vt 0.192309 0.245477
vt 0.158013 0.259294
vt 0.165833 0.271007
vt 0.172638 0.264197
vt 0.166904 0.255608
vt 0.177539 0.278834
vt 0.181220 0.269936
vt 0.191345 0.281582
vt 0.191345 0.271952
vt 0.205150 0.278834
vt 0.201467 0.269936
vt 0.216856 0.271007
vt 0.210052 0.264197
vt 0.224676 0.259294
vt 0.215785 0.255608
vt 0.227422 0.245477
vt 0.217798 0.245477
vt 0.224676 0.231660
vt 0.215785 0.235346
vt 0.216856 0.219947
vt 0.210052 0.226757
vt 0.205150 0.212120
vt 0.201467 0.221018
vt 0.191345 0.209372
vt 0.191345 0.219003
vt 0.177539 0.212120
vt 0.181220 0.221018
vt 0.165833 0.219947
vt 0.172638 0.226757
vt 0.158013 0.231660
vt 0.166904 0.235346
vt 0.155265 0.245477
vt 0.164889 0.245477
vt 0.150377 0.245477
vt 0.153518 0.261284
vt 0.153518 0.229671
vt 0.162466 0.216271
vt 0.175856 0.207317
vt 0.191652 0.204173
vt 0.207445 0.207317
vt 0.220836 0.216271
vt 0.229783 0.229671
vt 0.232925 0.245477
vt 0.229783 0.261284
vt 0.220836 0.274684
vt 0.207445 0.283637
vt 0.191652 0.286781
vt 0.175856 0.283637
vt 0.162466 0.274684
vt 0.653655 0.379724
vt 0.656581 0.394442
vt 0.692087 0.379724
vt 0.656581 0.365006
vt 0.664912 0.352528
vt 0.677379 0.344191
vt 0.692087 0.341263
vt 0.706796 0.344191
vt 0.719262 0.352528
vt 0.727593 0.365006
vt 0.730521 0.379724
vt 0.727593 0.394442
vt 0.719262 0.406920
vt 0.706796 0.415257
vt 0.692087 0.418185
vt 0.677379 0.415257
vt 0.664912 0.406920
vt 0.164971 0.245477
vt 0.166986 0.255608
vt 0.171657 0.253711
vt 0.170021 0.245477
vt 0.166986 0.235346
vt 0.171657 0.237243
vt 0.172720 0.226757
vt 0.176318 0.230262
vt 0.181302 0.221018
vt 0.183293 0.225598
vt 0.191427 0.219003
vt 0.191521 0.223960
vt 0.201549 0.221018
vt 0.199750 0.225598
vt 0.210134 0.226757
vt 0.206724 0.230262
vt 0.215867 0.235346
vt 0.211385 0.237243
vt 0.217881 0.245477
vt 0.213023 0.245477
vt 0.215867 0.255608
vt 0.211385 0.253711
vt 0.210134 0.264197
vt 0.206724 0.260692
vt 0.201549 0.269936
vt 0.199750 0.265356
vt 0.191427 0.271952
vt 0.191521 0.266994
vt 0.181302 0.269936
vt 0.183293 0.265356
vt 0.172720 0.264197
vt 0.176318 0.260692
vt 0.664046 0.345634
vt 0.727404 0.344676
vt 0.727378 0.450604
vt 0.664047 0.451571
vt 0.666992 0.344662
vt 0.666992 0.450598
vt 0.664046 0.342584
vt 0.725900 0.344021
vt 0.713185 0.344021
vt 0.651350 0.342585
vt 0.651350 0.345634
vt 0.666255 0.343104
vt 0.666255 0.343103
vt 0.666992 0.344662
vt 0.664047 0.342584
vt 0.648405 0.344662
vt 0.649833 0.344676
vt 0.649860 0.450604
vt 0.648405 0.450598
vt 0.651350 0.451571
vt 0.649141 0.343104
vt 0.649142 0.343103
vt 0.651350 0.342584
vt 0.648405 0.344662
vt 0.727377 0.344656
vt 0.727405 0.450584
vt 0.666992 0.450598
vt 0.664046 0.343688
vt 0.664046 0.449626
vt 0.725875 0.342896
vt 0.713198 0.342895
vt 0.651350 0.343688
vt 0.649861 0.344655
vt 0.649834 0.450584
vt 0.651350 0.449626
vt 0.648405 0.450598
vt 0.666286 0.451870
vt 0.666219 0.452500
vt 0.664046 0.452675
vt 0.664046 0.452676
vt 0.725887 0.451238
vt 0.713138 0.451241
vt 0.651350 0.452675
vt 0.649111 0.451870
vt 0.649178 0.452500
vt 0.651350 0.452676
vt 0.664046 0.452365
vt 0.651404 0.452358
vt 0.728833 0.343557
vt 0.710246 0.343557
vt 0.728833 0.341612
vt 0.710246 0.341612
vt 0.728833 0.451703
vt 0.710246 0.451703
vt 0.728833 0.453648
vt 0.648405 0.453648
vt 0.682152 0.534983
vt 0.696084 0.534983
vt 0.696084 0.548914
vt 0.682152 0.548914
vt 0.696084 0.548914
vt 0.682152 0.548914
vt 0.696084 0.534983
vt 0.682152 0.534983
vt 0.682090 0.534983
vt 0.682090 0.534983
vt 0.682090 0.548914
vt 0.682090 0.548914
vt 0.681016 0.548914
vt 0.681016 0.548914
vt 0.681016 0.534983
vt 0.681016 0.534983
vt 0.697190 0.534983
vt 0.697190 0.534983
vt 0.697190 0.548914
vt 0.697190 0.548914
vt 0.696116 0.548914
vt 0.696116 0.548914
vt 0.696116 0.534983
vt 0.696116 0.534983
vt 0.697190 0.534983
vt 0.697190 0.534983
vt 0.697190 0.548914
vt 0.697190 0.548914
vt 0.696116 0.548914
vt 0.696116 0.548914
vt 0.696116 0.534983
vt 0.696116 0.534983
vt 0.682152 0.534983
vt 0.696084 0.534983
vt 0.696084 0.548914
vt 0.682152 0.548914
vt 0.696084 0.548914
vt 0.682152 0.548914
vt 0.696084 0.534983
vt 0.682152 0.534983
vt 0.682090 0.534983
vt 0.682090 0.534983
vt 0.682090 0.548914
vt 0.682090 0.548914
vt 0.681016 0.548914
vt 0.681016 0.548914
vt 0.681016 0.534983
vt 0.681016 0.534983
vt 0.682152 0.534983
vt 0.696084 0.534983
vt 0.696084 0.548914
vt 0.682152 0.548914
vt 0.696084 0.548914
vt 0.682152 0.548914
vt 0.696084 0.534983
vt 0.682152 0.534983
vt 0.571108 0.256676
vt 0.574538 0.256676
vt 0.574538 0.267990
vt 0.571108 0.267990
vt 0.571159 0.364334
vt 0.574487 0.364334
vt 0.574487 0.364334
vt 0.571159 0.364334
vt 0.571108 0.267990
vt 0.574538 0.267990
vt 0.574538 0.256676
vt 0.571108 0.256676
vt 0.589731 0.256676
vt 0.589731 0.256676
vt 0.589731 0.267990
vt 0.589731 0.267990
vt 0.589731 0.267990
vt 0.589731 0.267990
vt 0.571108 0.267990
vt 0.571108 0.267990
vt 0.571159 0.364334
vt 0.574487 0.364334
vt 0.574487 0.364334
vt 0.571159 0.364334
vt 0.574538 0.267990
vt 0.574538 0.267990
vt 0.586302 0.256676
vt 0.586302 0.267990
vt 0.586302 0.267990
vt 0.586302 0.267990
vt 0.586302 0.267990
vt 0.586302 0.256676
vt 0.586353 0.364334
vt 0.586353 0.364334
vt 0.589680 0.364334
vt 0.589680 0.364334
vt 0.586353 0.364334
vt 0.586353 0.364334
vt 0.589680 0.364334
vt 0.589680 0.364334
vt 0.574186 0.267990
vt 0.571460 0.267990
vt 0.574186 0.267990
vt 0.571460 0.267990
vt 0.574186 0.267990
vt 0.571460 0.267990
vt 0.574186 0.267990
vt 0.571460 0.267990
vt 0.586653 0.267990
vt 0.586653 0.267990
vt 0.589379 0.267990
vt 0.589379 0.267990
vt 0.586653 0.267990
vt 0.586653 0.267990
vt 0.589379 0.267990
vt 0.589379 0.267990
vt 0.574186 0.351611
vt 0.571460 0.351611
vt 0.574186 0.351611
vt 0.571460 0.351611
vt 0.574186 0.351611
vt 0.571460 0.351611
vt 0.574186 0.351611
vt 0.571460 0.351611
vt 0.586653 0.351611
vt 0.586653 0.351611
vt 0.589379 0.351611
vt 0.589379 0.351611
vt 0.586653 0.351611
vt 0.586653 0.351611
vt 0.589379 0.351611
vt 0.589379 0.351611
vt 0.574487 0.351611
vt 0.571159 0.351611
vt 0.574487 0.351611
vt 0.571159 0.351611
vt 0.574487 0.351611
vt 0.571159 0.351611
vt 0.574487 0.351611
vt 0.571159 0.351611
vt 0.586353 0.351611
vt 0.586353 0.351611
vt 0.589680 0.351611
vt 0.589680 0.351611
vt 0.586353 0.351611
vt 0.586353 0.351611
vt 0.589680 0.351611
vt 0.589680 0.351611
vt 0.682152 0.534983
vt 0.696084 0.534983
vt 0.696084 0.548914
vt 0.682152 0.548914
vt 0.696084 0.548914
vt 0.682152 0.548914
vt 0.696084 0.534983
vt 0.682152 0.534983
vt 0.664046 0.391771
vt 0.727405 0.390813
vt 0.727377 0.496741
vt 0.664046 0.497709
vt 0.666992 0.390799
vt 0.666992 0.496735
vt 0.664046 0.388722
vt 0.725900 0.390158
vt 0.713185 0.390159
vt 0.651350 0.388722
vt 0.651350 0.391771
vt 0.666255 0.389241
vt 0.666255 0.389240
vt 0.666992 0.390799
vt 0.664047 0.388721
vt 0.648405 0.390799
vt 0.649833 0.390813
vt 0.649861 0.496741
vt 0.648405 0.496736
vt 0.651350 0.497708
vt 0.649141 0.389241
vt 0.649142 0.389241
vt 0.651350 0.388722
vt 0.648405 0.390799
vt 0.665536 0.390793
vt 0.665564 0.496721
vt 0.666992 0.496735
vt 0.664046 0.389825
vt 0.664046 0.495763
vt 0.664034 0.389033
vt 0.651357 0.389033
vt 0.651350 0.389825
vt 0.649861 0.390793
vt 0.649833 0.496721
vt 0.651350 0.495763
vt 0.648405 0.496736
vt 0.666255 0.498293
vt 0.666255 0.498293
vt 0.664046 0.498812
vt 0.664047 0.498813
vt 0.664046 0.497375
vt 0.651344 0.497375
vt 0.651350 0.498812
vt 0.649141 0.498293
vt 0.649142 0.498294
vt 0.651350 0.498813
vt 0.725887 0.498502
vt 0.713198 0.498501
vt 0.728833 0.389694
vt 0.710246 0.389694
vt 0.666992 0.387749
vt 0.648405 0.387749
vt 0.666992 0.497840
vt 0.648405 0.497840
vt 0.728833 0.499785
vt 0.710246 0.499785
vt 0.642517 0.500357
vt 0.643961 0.501415
vt 0.643961 0.451825
vt 0.642517 0.450767
vt 0.645462 0.502434
vt 0.645462 0.452844
vt 0.645462 0.501330
vt 0.643756 0.500921
vt 0.643756 0.491967
vt 0.645462 0.492376
vt 0.642517 0.491403
vt 0.644726 0.502645
vt 0.646199 0.502645
vt 0.645463 0.502434
vt 0.645463 0.501330
vt 0.645462 0.489326
vt 0.643961 0.490346
vt 0.643961 0.440755
vt 0.645462 0.439735
vt 0.642517 0.441813
vt 0.644726 0.490575
vt 0.646199 0.490575
vt 0.645463 0.492376
vt 0.645463 0.489326
vt 0.708804 0.501415
vt 0.708804 0.451825
vt 0.645463 0.452844
vt 0.648408 0.500357
vt 0.648408 0.450767
vt 0.709010 0.500921
vt 0.709010 0.491967
vt 0.648408 0.491403
vt 0.646963 0.490346
vt 0.646963 0.440755
vt 0.648408 0.441813
vt 0.645463 0.439735
vt 0.646199 0.451595
vt 0.644726 0.451595
vt 0.645463 0.449794
vt 0.645462 0.449795
vt 0.647169 0.450204
vt 0.647169 0.441250
vt 0.645463 0.440840
vt 0.646199 0.439526
vt 0.644726 0.439526
vt 0.645462 0.440840
vt 0.643756 0.450204
vt 0.643756 0.441250
vt 0.642517 0.503407
vt 0.642517 0.490299
vt 0.710249 0.503407
vt 0.710249 0.490299
vt 0.710249 0.451871
vt 0.648408 0.438763
vt 0.642517 0.451871
vt 0.642517 0.438763
vt 0.666743 0.440898
vt 0.668188 0.439840
vt 0.668188 0.489431
vt 0.666743 0.490489
vt 0.669689 0.438821
vt 0.669688 0.488411
vt 0.669689 0.439926
vt 0.667991 0.440337
vt 0.667849 0.449825
vt 0.669688 0.448880
vt 0.666743 0.449852
vt 0.668952 0.438611
vt 0.670425 0.438611
vt 0.669689 0.438821
vt 0.669689 0.439926
vt 0.669688 0.451929
vt 0.668188 0.450910
vt 0.668188 0.500500
vt 0.669689 0.501519
vt 0.666743 0.499443
vt 0.668952 0.450680
vt 0.670425 0.450680
vt 0.669689 0.448879
vt 0.669689 0.451929
vt 0.733031 0.439839
vt 0.733031 0.489431
vt 0.669689 0.488411
vt 0.672634 0.440898
vt 0.672634 0.490488
vt 0.733241 0.440333
vt 0.733150 0.448736
vt 0.672634 0.449852
vt 0.733031 0.450910
vt 0.733031 0.500500
vt 0.672635 0.499442
vt 0.669689 0.501519
vt 0.670425 0.489660
vt 0.668953 0.489660
vt 0.669689 0.491461
vt 0.669689 0.491461
vt 0.733236 0.491051
vt 0.733236 0.500005
vt 0.669689 0.500414
vt 0.670425 0.501729
vt 0.668952 0.501729
vt 0.669688 0.500414
vt 0.667983 0.491052
vt 0.667983 0.500005
vt 0.666743 0.437848
vt 0.666743 0.450956
vt 0.734476 0.437848
vt 0.734476 0.450956
vt 0.734476 0.489384
vt 0.734476 0.502492
vt 0.666743 0.489384
vt 0.666743 0.502492
vt 0.666743 0.391522
vt 0.668188 0.390464
vt 0.668188 0.440055
vt 0.666743 0.441113
vt 0.669689 0.389445
vt 0.669688 0.439036
vt 0.669689 0.390550
vt 0.667991 0.390962
vt 0.667849 0.400449
vt 0.669688 0.399504
vt 0.666743 0.400476
vt 0.668952 0.389235
vt 0.670425 0.389235
vt 0.669689 0.389445
vt 0.669689 0.390550
vt 0.669688 0.402553
vt 0.668188 0.401534
vt 0.668188 0.451125
vt 0.669689 0.452144
vt 0.666743 0.450067
vt 0.668952 0.401305
vt 0.670425 0.401305
vt 0.669689 0.399503
vt 0.669689 0.402553
vt 0.733031 0.390464
vt 0.733031 0.440055
vt 0.669689 0.439036
vt 0.672634 0.391522
vt 0.672634 0.441113
vt 0.733241 0.390957
vt 0.733150 0.399360
vt 0.672634 0.400476
vt 0.733031 0.401534
vt 0.733031 0.451125
vt 0.672635 0.450067
vt 0.669689 0.452144
vt 0.670425 0.440284
vt 0.668953 0.440284
vt 0.669689 0.442085
vt 0.669689 0.442085
vt 0.733236 0.441676
vt 0.733236 0.450630
vt 0.669689 0.451039
vt 0.670425 0.452354
vt 0.668952 0.452354
vt 0.669688 0.451039
vt 0.667983 0.441676
vt 0.667983 0.450630
vt 0.666743 0.388473
vt 0.666743 0.401581
vt 0.734476 0.388473
vt 0.734476 0.401581
vt 0.734476 0.440008
vt 0.734476 0.453116
vt 0.666743 0.440008
vt 0.666743 0.453116
vt 0.571108 0.256676
vt 0.574538 0.256676
vt 0.574538 0.267990
vt 0.571108 0.267990
vt 0.571159 0.364334
vt 0.574487 0.364334
vt 0.574487 0.364334
vt 0.571159 0.364334
vt 0.571108 0.267990
vt 0.574538 0.267990
vt 0.574538 0.256676
vt 0.571108 0.256676
vt 0.589731 0.256676
vt 0.589731 0.256676
vt 0.589731 0.267990
vt 0.589731 0.267990
vt 0.589731 0.267990
vt 0.589731 0.267990
vt 0.571108 0.267990
vt 0.571108 0.267990
vt 0.571159 0.364334
vt 0.574487 0.364334
vt 0.574487 0.364334
vt 0.571159 0.364334
vt 0.574538 0.267990
vt 0.574538 0.267990
vt 0.586302 0.256676
vt 0.586302 0.267990
vt 0.586302 0.267990
vt 0.586302 0.267990
vt 0.586302 0.267990
vt 0.586302 0.256676
vt 0.586353 0.364334
vt 0.586353 0.364334
vt 0.589680 0.364334
vt 0.589680 0.364334
vt 0.586353 0.364334
vt 0.586353 0.364334
vt 0.589680 0.364334
vt 0.589680 0.364334
vt 0.574186 0.267990
vt 0.571460 0.267990
vt 0.574186 0.267990
vt 0.571460 0.267990
vt 0.574186 0.267990
vt 0.571460 0.267990
vt 0.574186 0.267990
vt 0.571460 0.267990
vt 0.586653 0.267990
vt 0.586653 0.267990
vt 0.589379 0.267990
vt 0.589379 0.267990
vt 0.586653 0.267990
vt 0.586653 0.267990
vt 0.589379 0.267990
vt 0.589379 0.267990
vt 0.574186 0.351611
vt 0.571460 0.351611
vt 0.574186 0.351611
vt 0.571460 0.351611
vt 0.574186 0.351611
vt 0.571460 0.351611
vt 0.574186 0.351611
vt 0.571460 0.351611
vt 0.586653 0.351611
vt 0.586653 0.351611
vt 0.589379 0.351611
vt 0.589379 0.351611
vt 0.586653 0.351611
vt 0.586653 0.351611
vt 0.589379 0.351611
vt 0.589379 0.351611
vt 0.574487 0.351611
vt 0.571159 0.351611
vt 0.574487 0.351611
vt 0.571159 0.351611
vt 0.574487 0.351611
vt 0.571159 0.351611
vt 0.574487 0.351611
vt 0.571159 0.351611
vt 0.586353 0.351611
vt 0.586353 0.351611
vt 0.589680 0.351611
vt 0.589680 0.351611
vt 0.586353 0.351611
vt 0.586353 0.351611
vt 0.589680 0.351611
vt 0.589680 0.351611
vt 0.642517 0.400158
vt 0.643961 0.401216
vt 0.643961 0.351626
vt 0.642517 0.350568
vt 0.645462 0.402236
vt 0.645462 0.352645
vt 0.645462 0.401131
vt 0.643756 0.400722
vt 0.643756 0.391768
vt 0.645462 0.392177
vt 0.642517 0.391205
vt 0.644726 0.402445
vt 0.646199 0.402445
vt 0.645463 0.402236
vt 0.645463 0.401131
vt 0.645462 0.389128
vt 0.643962 0.390146
vt 0.643962 0.340556
vt 0.645462 0.339537
vt 0.642517 0.341614
vt 0.644726 0.390376
vt 0.646199 0.390376
vt 0.645463 0.392177
vt 0.645463 0.389128
vt 0.708804 0.401217
vt 0.708804 0.351626
vt 0.645463 0.352645
vt 0.648408 0.400159
vt 0.648408 0.350568
vt 0.709010 0.400722
vt 0.709010 0.391768
vt 0.648408 0.391205
vt 0.708804 0.390147
vt 0.708804 0.340556
vt 0.648408 0.341614
vt 0.645463 0.339537
vt 0.646199 0.351396
vt 0.644726 0.351396
vt 0.645463 0.349595
vt 0.645462 0.349595
vt 0.647169 0.350004
vt 0.647169 0.341050
vt 0.645463 0.340641
vt 0.646199 0.339327
vt 0.644726 0.339327
vt 0.645462 0.340641
vt 0.643756 0.350004
vt 0.643756 0.341051
vt 0.642517 0.403208
vt 0.642517 0.390100
vt 0.710249 0.403208
vt 0.710249 0.390100
vt 0.710249 0.351672
vt 0.710249 0.338564
vt 0.642517 0.351672
vt 0.642517 0.338564
vt 0.666743 0.366605
vt 0.668188 0.365546
vt 0.668188 0.415137
vt 0.666743 0.416195
vt 0.669689 0.364527
vt 0.669689 0.414118
vt 0.669689 0.365632
vt 0.667992 0.366045
vt 0.667821 0.375614
vt 0.669688 0.374587
vt 0.666743 0.375559
vt 0.668952 0.364318
vt 0.670425 0.364318
vt 0.669689 0.364527
vt 0.669689 0.365632
vt 0.669688 0.377636
vt 0.668188 0.376617
vt 0.668188 0.426208
vt 0.669689 0.427227
vt 0.666743 0.425150
vt 0.668952 0.376387
vt 0.670425 0.376387
vt 0.669689 0.374586
vt 0.669689 0.377636
vt 0.733031 0.365546
vt 0.733031 0.415137
vt 0.669689 0.414118
vt 0.672634 0.366604
vt 0.672634 0.416195
vt 0.733242 0.366039
vt 0.733140 0.374356
vt 0.672634 0.375559
vt 0.733031 0.376617
vt 0.733031 0.426207
vt 0.672634 0.425149
vt 0.669689 0.427227
vt 0.670425 0.415367
vt 0.668953 0.415367
vt 0.669689 0.417167
vt 0.669689 0.417167
vt 0.733236 0.416758
vt 0.733236 0.425713
vt 0.669689 0.426122
vt 0.670425 0.427436
vt 0.668952 0.427436
vt 0.669689 0.426122
vt 0.667983 0.416758
vt 0.667983 0.425713
vt 0.666743 0.363555
vt 0.666743 0.376664
vt 0.734476 0.363555
vt 0.734476 0.376663
vt 0.734476 0.415091
vt 0.734476 0.428199
vt 0.666743 0.415091
vt 0.666743 0.428199
vt 0.666743 0.342357
vt 0.668188 0.341298
vt 0.668188 0.390889
vt 0.666743 0.391947
vt 0.669689 0.340279
vt 0.669688 0.389870
vt 0.669689 0.341384
vt 0.667983 0.341793
vt 0.667983 0.350747
vt 0.669689 0.350338
vt 0.666743 0.351310
vt 0.668953 0.340070
vt 0.670425 0.340069
vt 0.669689 0.340279
vt 0.669689 0.341384
vt 0.669689 0.353387
vt 0.668188 0.352368
vt 0.668188 0.401959
vt 0.669689 0.402978
vt 0.666743 0.400901
vt 0.668953 0.352139
vt 0.670425 0.352139
vt 0.669689 0.350338
vt 0.669689 0.353387
vt 0.733030 0.341298
vt 0.733031 0.390889
vt 0.669689 0.389870
vt 0.672634 0.342357
vt 0.672634 0.391947
vt 0.733236 0.341793
vt 0.733236 0.350747
vt 0.672634 0.351310
vt 0.733031 0.352368
vt 0.733030 0.401959
vt 0.672634 0.400901
vt 0.669689 0.402978
vt 0.670425 0.391119
vt 0.668952 0.391119
vt 0.669689 0.392920
vt 0.669689 0.392919
vt 0.733236 0.392511
vt 0.733236 0.401464
vt 0.669689 0.401874
vt 0.670425 0.403188
vt 0.668953 0.403188
vt 0.669689 0.401874
vt 0.667983 0.392510
vt 0.667983 0.401464
vt 0.666743 0.339307
vt 0.666743 0.352415
vt 0.734476 0.339307
vt 0.734476 0.352415
vt 0.734476 0.390843
vt 0.734476 0.403951
vt 0.666743 0.390843
vt 0.666743 0.403951
vt 0.642517 0.451190
vt 0.643961 0.452248
vt 0.643961 0.402657
vt 0.642517 0.401599
vt 0.645462 0.453267
vt 0.645462 0.403676
vt 0.645462 0.452162
vt 0.643764 0.451750
vt 0.643623 0.442264
vt 0.645462 0.443208
vt 0.642517 0.442236
vt 0.644726 0.453477
vt 0.646199 0.453477
vt 0.645463 0.453267
vt 0.645463 0.452162
vt 0.645462 0.440159
vt 0.643961 0.441178
vt 0.643961 0.391587
vt 0.645462 0.390568
vt 0.642517 0.392645
vt 0.644726 0.441408
vt 0.646199 0.441408
vt 0.645463 0.443208
vt 0.645463 0.440159
vt 0.708804 0.452248
vt 0.708804 0.402657
vt 0.645463 0.403676
vt 0.648408 0.451190
vt 0.648408 0.401599
vt 0.709015 0.451755
vt 0.708924 0.443350
vt 0.648408 0.442236
vt 0.708804 0.441178
vt 0.708804 0.391587
vt 0.648408 0.392645
vt 0.645463 0.390568
vt 0.646199 0.402428
vt 0.644726 0.402428
vt 0.645463 0.400627
vt 0.645462 0.400627
vt 0.647169 0.401036
vt 0.647169 0.392082
vt 0.645463 0.391673
vt 0.646199 0.390358
vt 0.644726 0.390358
vt 0.645462 0.391673
vt 0.643756 0.401036
vt 0.643756 0.392082
vt 0.642517 0.454239
vt 0.642517 0.441131
vt 0.710249 0.454239
vt 0.710249 0.441131
vt 0.710249 0.402704
vt 0.710249 0.389596
vt 0.642517 0.402704
vt 0.642517 0.389596
vt 0.664046 0.368206
vt 0.727405 0.367249
vt 0.727377 0.473177
vt 0.664046 0.474144
vt 0.666992 0.367234
vt 0.666992 0.473171
vt 0.664046 0.365158
vt 0.725951 0.366592
vt 0.713138 0.366592
vt 0.651350 0.365158
vt 0.651350 0.368207
vt 0.666276 0.365950
vt 0.666232 0.365369
vt 0.666992 0.367234
vt 0.664046 0.365157
vt 0.648405 0.367234
vt 0.649833 0.367249
vt 0.649861 0.473177
vt 0.648405 0.473171
vt 0.651350 0.474144
vt 0.649111 0.365963
vt 0.649178 0.365333
vt 0.651350 0.365157
vt 0.648405 0.367234
vt 0.727378 0.367229
vt 0.727404 0.473157
vt 0.666992 0.473171
vt 0.664047 0.366262
vt 0.664046 0.472199
vt 0.725825 0.365476
vt 0.713245 0.365475
vt 0.651350 0.366262
vt 0.649860 0.367229
vt 0.649833 0.473157
vt 0.651350 0.472199
vt 0.648405 0.473171
vt 0.666255 0.474728
vt 0.666255 0.474729
vt 0.664046 0.475248
vt 0.664047 0.475248
vt 0.664046 0.473811
vt 0.651344 0.473811
vt 0.651350 0.475248
vt 0.649141 0.474729
vt 0.649142 0.474729
vt 0.651350 0.475249
vt 0.664046 0.474938
vt 0.651357 0.474937
vt 0.728833 0.366130
vt 0.710246 0.366130
vt 0.728833 0.364185
vt 0.710246 0.364185
vt 0.728833 0.474276
vt 0.648405 0.474276
vt 0.728833 0.476220
vt 0.648405 0.476221
vt 0.666743 0.415050
vt 0.668188 0.413992
vt 0.668188 0.463582
vt 0.666743 0.464640
vt 0.669689 0.412973
vt 0.669688 0.462564
vt 0.669689 0.414078
vt 0.667992 0.414490
vt 0.667821 0.424059
vt 0.669688 0.423032
vt 0.666743 0.424004
vt 0.668952 0.412763
vt 0.670425 0.412763
vt 0.669689 0.412973
vt 0.669689 0.414078
vt 0.669688 0.426081
vt 0.668188 0.425062
vt 0.668188 0.474653
vt 0.669689 0.475671
vt 0.666743 0.473595
vt 0.668952 0.424832
vt 0.670425 0.424832
vt 0.669689 0.423031
vt 0.669689 0.426081
vt 0.733031 0.413992
vt 0.733031 0.463582
vt 0.669689 0.462564
vt 0.672634 0.415050
vt 0.672634 0.464640
vt 0.733242 0.414485
vt 0.733140 0.422801
vt 0.672634 0.424004
vt 0.733031 0.425062
vt 0.733031 0.474653
vt 0.672634 0.473594
vt 0.669689 0.475671
vt 0.670425 0.463812
vt 0.668952 0.463812
vt 0.669689 0.465613
vt 0.669688 0.465613
vt 0.733236 0.465204
vt 0.733236 0.474158
vt 0.669689 0.474567
vt 0.670425 0.475881
vt 0.668952 0.475881
vt 0.669689 0.474567
vt 0.667983 0.465203
vt 0.667983 0.474158
vt 0.666743 0.412000
vt 0.666743 0.425108
vt 0.734476 0.412000
vt 0.734476 0.425108
vt 0.734476 0.463536
vt 0.734476 0.476644
vt 0.666743 0.463536
vt 0.666743 0.476644
vt 0.808346 0.676531
vt 0.806839 0.678862
vt 0.806278 0.678862
vt 0.807784 0.676531
vt 0.804782 0.679715
vt 0.804220 0.679715
vt 0.802724 0.678862
vt 0.802163 0.678862
vt 0.801218 0.676531
vt 0.800657 0.676531
vt 0.800667 0.673346
vt 0.800105 0.673346
vt 0.801218 0.670161
vt 0.800657 0.670161
vt 0.802724 0.667830
vt 0.802163 0.667830
vt 0.804782 0.666977
vt 0.804220 0.666977
vt 0.806839 0.667830
vt 0.806278 0.667830
vt 0.808346 0.670161
vt 0.807784 0.670161
vt 0.808897 0.673346
vt 0.808335 0.673346
vt 0.804782 0.673346
vt 0.804220 0.673346
vt 0.808346 0.662537
vt 0.806839 0.664868
vt 0.806278 0.664868
vt 0.807784 0.662537
vt 0.804782 0.665721
vt 0.804220 0.665721
vt 0.802724 0.664868
vt 0.802163 0.664868
vt 0.801218 0.662537
vt 0.800657 0.662537
vt 0.800667 0.659352
vt 0.800105 0.659352
vt 0.801218 0.656167
vt 0.800657 0.656167
vt 0.802724 0.653836
vt 0.802163 0.653836
vt 0.804782 0.652983
vt 0.804220 0.652983
vt 0.806839 0.653836
vt 0.806278 0.653836
vt 0.808346 0.656167
vt 0.807784 0.656167
vt 0.808897 0.659352
vt 0.808335 0.659352
vt 0.804782 0.659352
vt 0.804220 0.659352
vt 0.814788 0.202424
vt 0.814825 0.202424
vt 0.814825 0.255348
vt 0.814788 0.255348
vt 0.814638 0.202424
vt 0.814638 0.255348
vt 0.814278 0.202424
vt 0.814278 0.255348
vt 0.813842 0.202424
vt 0.813842 0.255348
vt 0.813446 0.202424
vt 0.813446 0.255348
vt 0.813197 0.202424
vt 0.813197 0.255348
vt 0.813160 0.202424
vt 0.813160 0.255348
vt 0.813347 0.202424
vt 0.813347 0.255348
vt 0.813707 0.202424
vt 0.813707 0.255348
vt 0.814143 0.202424
vt 0.814143 0.255348
vt 0.814539 0.202424
vt 0.814539 0.255348
vt 0.813993 0.255348
vt 0.171573 0.896299
vt 0.178319 0.896299
vt 0.178319 0.923894
vt 0.171573 0.923894
vt 0.177097 0.775572
vt 0.185484 0.775572
vt 0.185736 0.775572
vt 0.177349 0.775572
vt 0.177997 0.643859
vt 0.186383 0.643859
vt 0.186383 0.641048
vt 0.177997 0.641048
vt 0.177349 0.551092
vt 0.185736 0.551092
vt 0.185484 0.551092
vt 0.177097 0.551092
vt 0.207948 0.551092
vt 0.208200 0.551092
vt 0.208200 0.565252
vt 0.207948 0.565252
vt 0.177349 0.565252
vt 0.177097 0.565252
vt 0.185484 0.558580
vt 0.178737 0.558580
vt 0.206307 0.565252
vt 0.206307 0.558580
vt 0.185484 0.768084
vt 0.178737 0.768084
vt 0.178737 0.565252
vt 0.199584 0.558580
vt 0.199584 0.551092
vt 0.206354 0.565252
vt 0.199631 0.565252
vt 0.199631 0.558580
vt 0.206354 0.558580
vt 0.207948 0.775572
vt 0.199584 0.775572
vt 0.199584 0.768084
vt 0.206307 0.768084
vt 0.208200 0.775572
vt 0.199836 0.775572
vt 0.200484 0.641048
vt 0.200484 0.643859
vt 0.208847 0.643859
vt 0.208847 0.641048
vt 0.199836 0.551092
vt 0.177349 0.641633
vt 0.177097 0.641633
vt 0.177997 0.685616
vt 0.186383 0.685616
vt 0.186383 0.659024
vt 0.177997 0.659024
vt 0.208847 0.659024
vt 0.200484 0.659024
vt 0.200484 0.685616
vt 0.208847 0.685616
vt 0.207948 0.641633
vt 0.208200 0.641633
vt 0.206307 0.641633
vt 0.696324 0.592600
vt 0.696324 0.551531
vt 0.700127 0.551531
vt 0.700127 0.592600
vt 0.670455 0.632645
vt 0.677156 0.632645
vt 0.677156 0.657750
vt 0.670455 0.657750
vt 0.178737 0.641633
vt 0.177349 0.606914
vt 0.177097 0.606914
vt 0.186383 0.652131
vt 0.177997 0.652131
vt 0.208847 0.652131
vt 0.200484 0.652131
vt 0.207948 0.606914
vt 0.208200 0.606914
vt 0.206307 0.606914
vt 0.206354 0.641633
vt 0.199631 0.641633
vt 0.199631 0.606914
vt 0.206354 0.606914
vt 0.171573 0.821621
vt 0.178319 0.821621
vt 0.178319 0.965229
vt 0.171573 0.965229
vt 0.178737 0.606914
vt 0.185530 0.558580
vt 0.178784 0.558580
vt 0.178784 0.565252
vt 0.206354 0.768084
vt 0.199631 0.768084
vt 0.185530 0.768084
vt 0.178784 0.768084
vt 0.178784 0.641633
vt 0.178784 0.606914
vt 0.185600 0.558580
vt 0.178853 0.558580
vt 0.199700 0.565252
vt 0.199700 0.558580
vt 0.178853 0.565252
vt 0.199700 0.768084
vt 0.199700 0.641633
vt 0.185600 0.768084
vt 0.178853 0.768084
vt 0.178853 0.641633
vt 0.199700 0.606914
vt 0.178853 0.606914
vt 0.178366 0.965229
vt 0.171665 0.965229
vt 0.199792 0.768084
vt 0.199792 0.641633
vt 0.185646 0.768084
vt 0.178946 0.768084
vt 0.178946 0.641633
vt 0.192919 0.558580
vt 0.192919 0.551092
vt 0.192966 0.558580
vt 0.193035 0.558580
vt 0.185755 0.923894
vt 0.185755 0.896299
vt 0.192420 0.896299
vt 0.192420 0.923894
vt 0.185755 0.965229
vt 0.185755 0.821621
vt 0.192420 0.821621
vt 0.192420 0.965229
vt 0.185801 0.965229
vt 0.192512 0.965229
vt 0.684592 0.657750
vt 0.684592 0.632645
vt 0.691302 0.632645
vt 0.691302 0.657750
vt 0.193035 0.768084
vt 0.193082 0.768084
vt 0.192966 0.768084
vt 0.192919 0.768084
vt 0.192919 0.775572
vt 0.193171 0.775572
vt 0.193819 0.659024
vt 0.193819 0.685616
vt 0.193819 0.652131
vt 0.193819 0.643859
vt 0.193819 0.641048
vt 0.193171 0.551092
vt 0.808202 0.391849
vt 0.790823 0.391849
vt 0.790823 0.370164
vt 0.808202 0.370164
vt 0.806076 0.271982
vt 0.785229 0.271982
vt 0.785299 0.271982
vt 0.792045 0.271982
vt 0.799481 0.271982
vt 0.806145 0.271982
vt 0.806076 0.280254
vt 0.806145 0.280254
vt 0.799481 0.280254
vt 0.792045 0.280254
vt 0.785299 0.280254
vt 0.785229 0.280254
vt 0.786273 0.279381
vt 0.805032 0.279381
vt 0.786273 0.272855
vt 0.805032 0.272855
vt 0.787009 0.278806
vt 0.804388 0.278806
vt 0.787009 0.273431
vt 0.804388 0.273431
vt 0.200349 0.674860
vt 0.200349 0.754573
vt 0.205636 0.674860
vt 0.205636 0.754573
vt 0.201120 0.680602
vt 0.201120 0.748831
vt 0.204923 0.680602
vt 0.204923 0.748831
vt 0.177727 0.659024
vt 0.177727 0.685616
vt 0.177727 0.652131
vt 0.177727 0.643859
vt 0.177727 0.641048
vt 0.186113 0.641048
vt 0.193549 0.641048
vt 0.200214 0.641048
vt 0.208578 0.641048
vt 0.208578 0.643859
vt 0.208578 0.652131
vt 0.208578 0.659024
vt 0.208578 0.685616
vt 0.200214 0.685616
vt 0.193549 0.685616
vt 0.186113 0.685616
vt 0.780639 0.296536
vt 0.780639 0.269953
vt 0.780261 0.269953
vt 0.780261 0.296536
vt 0.780639 0.262333
vt 0.780261 0.262333
vt 0.780639 0.253190
vt 0.780261 0.253190
vt 0.780639 0.250082
vt 0.780261 0.250082
vt 0.789910 0.250082
vt 0.789532 0.250082
vt 0.797751 0.250082
vt 0.798129 0.250082
vt 0.805118 0.250082
vt 0.805496 0.250082
vt 0.814364 0.250082
vt 0.814742 0.250082
vt 0.814364 0.253190
vt 0.814742 0.253190
vt 0.814364 0.262333
vt 0.814742 0.262333
vt 0.814364 0.269953
vt 0.814742 0.269953
vt 0.814364 0.296536
vt 0.814742 0.296536
vt 0.805496 0.296536
vt 0.805118 0.296536
vt 0.798129 0.296536
vt 0.797751 0.296536
vt 0.789910 0.296536
vt 0.789532 0.296536
vt 0.782265 0.294669
vt 0.782265 0.268076
vt 0.781887 0.268076
vt 0.781887 0.294669
vt 0.782265 0.261183
vt 0.781887 0.261183
vt 0.782265 0.252912
vt 0.781887 0.252912
vt 0.782265 0.250100
vt 0.781887 0.250100
vt 0.790652 0.250100
vt 0.790274 0.250100
vt 0.797709 0.250100
vt 0.798087 0.250100
vt 0.804374 0.250100
vt 0.804752 0.250100
vt 0.812738 0.250100
vt 0.813116 0.250100
vt 0.812738 0.252912
vt 0.813116 0.252912
vt 0.812738 0.261183
vt 0.813116 0.261183
vt 0.812738 0.268076
vt 0.813116 0.268076
vt 0.812738 0.294669
vt 0.813116 0.294669
vt 0.804752 0.294669
vt 0.804374 0.294669
vt 0.798087 0.294669
vt 0.797709 0.294669
vt 0.790652 0.294669
vt 0.790274 0.294669
vt 0.169834 0.929193
vt 0.177747 0.929193
vt 0.177747 0.969456
vt 0.169834 0.969456
vt 0.178480 0.969456
vt 0.170566 0.969456
vt 0.178480 0.929193
vt 0.170566 0.929193
vt 0.205170 0.182160
vt 0.209357 0.182160
vt 0.209357 0.185788
vt 0.205170 0.185788
vt 0.209382 0.185788
vt 0.205195 0.185788
vt 0.209382 0.182160
vt 0.205195 0.182160
vt 0.793920 0.273290
vt 0.797213 0.273290
vt 0.797213 0.276924
vt 0.793920 0.276924
vt 0.797359 0.276924
vt 0.794066 0.276924
vt 0.797359 0.273290
vt 0.794066 0.273290
vt 0.793306 0.273290
vt 0.796599 0.273290
vt 0.796599 0.276924
vt 0.793306 0.276924
vt 0.796746 0.276924
vt 0.793453 0.276924
vt 0.796746 0.273290
vt 0.793453 0.273290
vt 0.816868 0.273290
vt 0.820161 0.273290
vt 0.820161 0.276924
vt 0.816868 0.276924
vt 0.820307 0.276924
vt 0.817014 0.276924
vt 0.820307 0.273290
vt 0.817014 0.273290
vt 0.816254 0.273290
vt 0.819547 0.273290
vt 0.819547 0.276924
vt 0.816254 0.276924
vt 0.819694 0.276924
vt 0.816401 0.276924
vt 0.819694 0.273290
vt 0.816401 0.273290
vt 0.682152 0.534983
vt 0.696084 0.534983
vt 0.696084 0.548914
vt 0.682152 0.548914
vt 0.696084 0.548914
vt 0.682152 0.548914
vt 0.696084 0.534983
vt 0.682152 0.534983
vt 0.697190 0.534983
vt 0.697190 0.534983
vt 0.697190 0.548914
vt 0.697190 0.548914
vt 0.696116 0.548914
vt 0.696116 0.548914
vt 0.696116 0.534983
vt 0.696116 0.534983
vt 0.682152 0.534983
vt 0.696084 0.534983
vt 0.696084 0.548914
vt 0.682152 0.548914
vt 0.696084 0.548914
vt 0.682152 0.548914
vt 0.696084 0.534983
vt 0.682152 0.534983
vt 0.682090 0.534983
vt 0.682090 0.534983
vt 0.682090 0.548914
vt 0.682090 0.548914
vt 0.681016 0.548914
vt 0.681016 0.548914
vt 0.681016 0.534983
vt 0.681016 0.534983
vt 0.571108 0.256676
vt 0.574538 0.256676
vt 0.574538 0.267990
vt 0.571108 0.267990
vt 0.571159 0.364334
vt 0.574487 0.364334
vt 0.574487 0.364334
vt 0.571159 0.364334
vt 0.571108 0.267990
vt 0.574538 0.267990
vt 0.574538 0.256676
vt 0.571108 0.256676
vt 0.589731 0.256676
vt 0.589731 0.256676
vt 0.589731 0.267990
vt 0.589731 0.267990
vt 0.589731 0.267990
vt 0.589731 0.267990
vt 0.571108 0.267990
vt 0.571108 0.267990
vt 0.571159 0.364334
vt 0.574487 0.364334
vt 0.574487 0.364334
vt 0.571159 0.364334
vt 0.574538 0.267990
vt 0.574538 0.267990
vt 0.586302 0.256676
vt 0.586302 0.267990
vt 0.586302 0.267990
vt 0.586302 0.267990
vt 0.586302 0.267990
vt 0.586302 0.256676
vt 0.586353 0.364334
vt 0.586353 0.364334
vt 0.589680 0.364334
vt 0.589680 0.364334
vt 0.586353 0.364334
vt 0.586353 0.364334
vt 0.589680 0.364334
vt 0.589680 0.364334
vt 0.574186 0.267990
vt 0.571460 0.267990
vt 0.574186 0.267990
vt 0.571460 0.267990
vt 0.574186 0.267990
vt 0.571460 0.267990
vt 0.574186 0.267990
vt 0.571460 0.267990
vt 0.586653 0.267990
vt 0.586653 0.267990
vt 0.589379 0.267990
vt 0.589379 0.267990
vt 0.586653 0.267990
vt 0.586653 0.267990
vt 0.589379 0.267990
vt 0.589379 0.267990
vt 0.574186 0.351611
vt 0.571460 0.351611
vt 0.574186 0.351611
vt 0.571460 0.351611
vt 0.574186 0.351611
vt 0.571460 0.351611
vt 0.574186 0.351611
vt 0.571460 0.351611
vt 0.586653 0.351611
vt 0.586653 0.351611
vt 0.589379 0.351611
vt 0.589379 0.351611
vt 0.586653 0.351611
vt 0.586653 0.351611
vt 0.589379 0.351611
vt 0.589379 0.351611
vt 0.574487 0.351611
vt 0.571159 0.351611
vt 0.574487 0.351611
vt 0.571159 0.351611
vt 0.574487 0.351611
vt 0.571159 0.351611
vt 0.574487 0.351611
vt 0.571159 0.351611
vt 0.586353 0.351611
vt 0.586353 0.351611
vt 0.589680 0.351611
vt 0.589680 0.351611
vt 0.586353 0.351611
vt 0.586353 0.351611
vt 0.589680 0.351611
vt 0.589680 0.351611
vt 0.808751 0.148681
vt 0.829196 0.203619
vt 0.829196 0.214240
vt 0.808751 0.159302
vt 0.829196 0.214240
vt 0.829196 0.203619
vt 0.808751 0.148681
vt 0.808751 0.159302
vt 0.849641 0.148681
vt 0.849641 0.159302
vt 0.849641 0.148681
vt 0.849641 0.159302
vt 0.808751 0.148681
vt 0.808751 0.148681
vt 0.829196 0.203619
vt 0.829196 0.203619
vt 0.808751 0.106301
vt 0.808751 0.106301
vt 0.829196 0.161239
vt 0.829196 0.161239
vt 0.849641 0.159302
vt 0.849641 0.159302
vt 0.849641 0.148681
vt 0.849641 0.148681
vt 0.809636 0.170134
vt 0.809636 0.170134
vt 0.826768 0.216169
vt 0.826768 0.216169
vt 0.826768 0.216169
vt 0.809636 0.170134
vt 0.809636 0.170134
vt 0.826768 0.216169
vt 0.810890 0.286946
vt 0.810890 0.286946
vt 0.810890 0.300533
vt 0.810890 0.300533
vt 0.815103 0.170510
vt 0.815103 0.170510
vt 0.843289 0.170510
vt 0.843289 0.170510
vt 0.847502 0.300533
vt 0.847502 0.300533
vt 0.847502 0.286946
vt 0.847502 0.286946
vt 0.845846 0.239491
vt 0.845846 0.239491
vt 0.818037 0.239491
vt 0.818038 0.239491
vt 0.815103 0.300533
vt 0.815103 0.300533
vt 0.843289 0.300533
vt 0.815103 0.300533
vt 0.810890 0.300533
vt 0.847502 0.300533
vt 0.843289 0.170510
vt 0.815103 0.170510
vt 0.843289 0.300533
vt 0.843289 0.300533
vt 0.810890 0.286946
vt 0.847502 0.286946
vt 0.812546 0.280955
vt 0.812546 0.280955
vt 0.812546 0.280955
vt 0.818038 0.239491
vt 0.845846 0.239491
vt 0.845846 0.280955
vt 0.845846 0.280955
vt 0.845846 0.280955
vt 0.812546 0.326163
vt 0.845846 0.326163
vt 0.812546 0.326163
vt 0.845846 0.326163
vt 0.812546 0.326163
vt 0.845846 0.326163
vt 0.849003 0.153177
vt 0.814690 0.153177
vt 0.814690 0.207078
vt 0.849003 0.207078
vt 0.814690 0.153177
vt 0.814690 0.207078
vt 0.814690 0.153177
vt 0.849003 0.153177
vt 0.849003 0.207078
vt 0.814690 0.207078
vt 0.849003 0.207078
vt 0.849003 0.153177
vt 0.848496 0.152320
vt 0.815196 0.152320
vt 0.815196 0.207935
vt 0.848496 0.207935
vt 0.815196 0.152320
vt 0.815196 0.207935
vt 0.815196 0.152320
vt 0.848496 0.152320
vt 0.848496 0.207935
vt 0.815196 0.207935
vt 0.848496 0.207935
vt 0.848496 0.152320
vt 0.845846 0.360153
vt 0.812546 0.360153
vt 0.812546 0.408475
vt 0.845846 0.408475
vt 0.812546 0.360153
vt 0.812546 0.408475
vt 0.812546 0.360153
vt 0.845846 0.360153
vt 0.845846 0.408475
vt 0.812546 0.408475
vt 0.845846 0.408475
vt 0.845846 0.360153
vt 0.812546 0.286946
vt 0.812546 0.286946
vt 0.845846 0.286946
vt 0.845846 0.286946
vt 0.812546 0.286946
vt 0.845846 0.286946
vt 0.818037 0.239491
vt 0.845846 0.239491
vt 0.812546 0.280955
vt 0.812546 0.326163
vt 0.814690 0.153177
vt 0.815196 0.152320
vt 0.814690 0.207078
vt 0.815196 0.207935
vt 0.812546 0.408475
vt 0.812546 0.360153
vt 0.810890 0.286946
vt 0.812546 0.286946
vt 0.810890 0.300533
vt 0.815103 0.300533
vt 0.815103 0.170510
vt 0.843289 0.170510
vt 0.843289 0.300533
vt 0.847502 0.300533
vt 0.847502 0.286946
vt 0.845846 0.286946
vt 0.845846 0.360153
vt 0.845846 0.408475
vt 0.849003 0.207078
vt 0.848496 0.207935
vt 0.849003 0.153177
vt 0.848496 0.152320
vt 0.845846 0.280955
vt 0.845846 0.326163
vt 0.684054 0.525680
vt 0.684054 0.483840
vt 0.684054 0.483840
vt 0.684054 0.525680
vt 0.684837 0.531710
vt 0.684837 0.477809
vt 0.684837 0.477809
vt 0.684837 0.531710
vt 0.814161 0.109747
vt 0.814161 0.109747
vt 0.814161 0.117316
vt 0.814161 0.117316
vt 0.814161 0.157051
vt 0.814161 0.157051
vt 0.844231 0.157051
vt 0.844231 0.157051
vt 0.844231 0.117316
vt 0.844231 0.117316
vt 0.844231 0.109747
vt 0.844231 0.109747
vt 0.814161 0.109747
vt 0.844231 0.109747
vt 0.844231 0.117316
vt 0.814161 0.117316
vt 0.844231 0.147590
vt 0.814161 0.147590
vt 0.844231 0.147590
vt 0.814161 0.147590
vt 0.844231 0.147590
vt 0.844231 0.157051
vt 0.814161 0.157051
vt 0.814161 0.147590
vt 0.844231 0.109747
vt 0.844231 0.109747
vt 0.844231 0.117316
vt 0.844231 0.117316
vt 0.844231 0.157051
vt 0.844231 0.157051
vt 0.814161 0.157051
vt 0.814161 0.157051
vt 0.814161 0.117316
vt 0.814161 0.117316
vt 0.814161 0.109747
vt 0.814161 0.109747
vt 0.844231 0.109747
vt 0.814161 0.109747
vt 0.814161 0.117316
vt 0.844231 0.117316
vt 0.814161 0.147590
vt 0.844231 0.147590
vt 0.814161 0.147590
vt 0.844231 0.147590
vt 0.814161 0.147590
vt 0.814161 0.157051
vt 0.844231 0.157051
vt 0.844231 0.147590
vt 0.809946 0.393028
vt 0.809946 0.393028
vt 0.811869 0.403530
vt 0.811869 0.403530
vt 0.829196 0.465875
vt 0.829196 0.465875
vt 0.846523 0.403530
vt 0.846523 0.403530
vt 0.848446 0.393028
vt 0.848446 0.393028
vt 0.829196 0.393028
vt 0.829196 0.393028
vt 0.809946 0.393028
vt 0.809946 0.393028
vt 0.811869 0.403530
vt 0.811869 0.403530
vt 0.829196 0.465875
vt 0.829196 0.465875
vt 0.846523 0.403530
vt 0.846523 0.403530
vt 0.848446 0.393028
vt 0.848446 0.393028
vt 0.829196 0.393028
vt 0.829196 0.393028
vt 0.816257 0.182416
vt 0.816257 0.182416
vt 0.816257 0.195684
vt 0.816257 0.195684
vt 0.842135 0.195684
vt 0.842135 0.195684
vt 0.842135 0.182416
vt 0.842135 0.182416
vt 0.816257 0.182416
vt 0.816257 0.182416
vt 0.816257 0.195684
vt 0.816257 0.195684
vt 0.842135 0.195684
vt 0.842135 0.195684
vt 0.842135 0.182416
vt 0.842135 0.182416
vt 0.816257 0.182416
vt 0.816257 0.182416
vt 0.816257 0.195684
vt 0.816257 0.195684
vt 0.842135 0.195684
vt 0.842135 0.195684
vt 0.842135 0.182416
vt 0.842135 0.182416
vn -0.023509 0.220591 0.975083
vn -0.023509 0.220591 0.975083
vn -0.023509 0.220591 0.975083
vn -0.023509 0.220591 0.975083
vn 0.000000 1.000000 0.000000
vn 0.000000 1.000000 0.000000
vn 0.000000 1.000000 0.000000
vn 0.000000 1.000000 0.000000
vn 0.023508 0.220594 -0.975083
vn 0.023508 0.220594 -0.975083
vn 0.023508 0.220594 -0.975083
vn 0.023508 0.220594 -0.975083
vn 0.000000 -1.000000 -0.000000
vn 0.000000 -1.000000 -0.000000
vn 0.000000 -1.000000 -0.000000
vn 0.000000 -1.000000 -0.000000
vn 0.987660 0.154790 0.023811
vn 0.987660 0.154790 0.023811
vn 0.987660 0.154790 0.023811
vn 0.987660 0.154790 0.023811
vn -0.987662 0.154781 -0.023809
vn -0.987662 0.154781 -0.023809
vn -0.987662 0.154781 -0.023809
vn -0.987662 0.154781 -0.023809
vn -0.023500 -0.314610 0.948930
vn -0.023657 -0.314768 0.948874
vn -0.023657 -0.314768 0.948874
vn -0.023500 -0.314610 0.948930
vn -0.003712 0.988069 0.153967
vn -0.003712 0.988069 0.153967
vn -0.001483 0.998104 0.061531
vn -0.000885 0.999325 0.036728
vn 0.022254 -0.314604 -0.948962
vn 0.022093 -0.314765 -0.948912
vn 0.022093 -0.314765 -0.948913
vn 0.022254 -0.314604 -0.948962
vn -0.035327 -0.999090 -0.023898
vn -0.037737 -0.998839 -0.029946
vn -0.024633 -0.996774 -0.076393
vn -0.021943 -0.994900 -0.098451
vn 0.739836 0.212823 0.638239
vn 0.871082 0.396522 0.289803
vn 0.849104 0.351044 0.394704
vn 0.739836 0.212823 0.638239
vn -0.781187 0.110636 0.614416
vn -0.902908 0.233498 0.360883
vn -0.924179 0.268572 0.271592
vn -0.781187 0.110636 0.614416
vn 0.011104 -0.999937 -0.001754
vn 0.010398 -0.999946 -0.000583
vn 0.010392 -0.999946 -0.000339
vn 0.011075 -0.999938 -0.001126
vn -0.009956 -0.318770 -0.947780
vn -0.009956 -0.318770 -0.947780
vn -0.009916 -0.321586 -0.946828
vn -0.009918 -0.321498 -0.946858
vn -0.585614 0.741426 0.327634
vn -0.591926 0.795034 0.132456
vn -0.590064 0.799209 0.114409
vn -0.580417 0.738225 0.343715
vn -0.055531 -0.321515 0.945275
vn -0.055529 -0.321603 0.945245
vn -0.055618 -0.318780 0.946196
vn -0.055618 -0.318780 0.946196
vn 0.000302 -1.000000 0.000007
vn 0.000302 -1.000000 0.000007
vn 0.000152 -1.000000 0.000004
vn 0.000152 -1.000000 0.000004
vn 0.022764 -0.328271 -0.944309
vn 0.022764 -0.328271 -0.944309
vn 0.022766 -0.328267 -0.944311
vn 0.022766 -0.328267 -0.944311
vn -0.004780 0.987574 0.157080
vn -0.001934 0.997976 0.063556
vn -0.003165 0.998373 0.056927
vn -0.008825 0.987282 0.158732
vn -0.022764 -0.328299 0.944299
vn -0.022764 -0.328299 0.944299
vn -0.022766 -0.328294 0.944301
vn -0.022766 -0.328294 0.944301
vn 0.000773 -0.999999 -0.001344
vn 0.001186 -0.999999 -0.000539
vn 0.001186 -0.999999 -0.000539
vn 0.000773 -0.999999 -0.001344
vn 0.022763 -0.328264 -0.944312
vn 0.022763 -0.328264 -0.944312
vn 0.022763 -0.328264 -0.944312
vn 0.022763 -0.328264 -0.944312
vn 0.499919 0.857847 0.119076
vn 0.500060 0.854812 0.138694
vn 0.493129 0.814849 0.304705
vn 0.493129 0.814849 0.304705
vn -0.022763 -0.328305 0.944298
vn -0.022763 -0.328305 0.944298
vn -0.022763 -0.328305 0.944298
vn -0.022763 -0.328305 0.944298
vn 0.027768 -0.997508 -0.064865
vn 0.038670 -0.998961 -0.024135
vn 0.040997 -0.999041 -0.015402
vn 0.027768 -0.997508 -0.064865
vn 0.022398 -0.331895 -0.943050
vn 0.022398 -0.331895 -0.943050
vn 0.022398 -0.331895 -0.943050
vn 0.022398 -0.331895 -0.943051
vn 0.140593 0.987426 0.072272
vn 0.140774 0.983485 0.113750
vn 0.139732 0.959763 0.243576
vn 0.139732 0.959763 0.243576
vn -0.023071 -0.331913 0.943028
vn -0.023071 -0.331913 0.943028
vn -0.023071 -0.331913 0.943028
vn -0.023071 -0.331913 0.943028
vn -0.730411 0.092094 -0.676770
vn -0.909505 0.265771 -0.319634
vn -0.879719 0.225440 -0.418654
vn -0.730411 0.092094 -0.676770
vn -0.026811 -0.994196 0.104195
vn -0.028404 -0.996351 0.080492
vn -0.039465 -0.998805 0.028846
vn -0.036717 -0.999088 0.021780
vn 0.011009 -0.999938 0.001758
vn 0.010345 -0.999946 0.000857
vn 0.010340 -0.999946 0.001106
vn 0.011008 -0.999937 0.002431
vn 0.000152 -1.000000 0.000004
vn 0.000152 -1.000000 0.000004
vn 0.000302 -1.000000 0.000007
vn 0.000302 -1.000000 0.000007
vn 0.001170 -0.999999 0.000612
vn 0.001170 -0.999999 0.000612
vn 0.000705 -0.999999 0.001477
vn 0.000705 -0.999999 0.001477
vn 0.040596 -0.999029 0.017133
vn 0.037754 -0.998932 0.026631
vn 0.024490 -0.997191 0.070783
vn 0.024490 -0.997191 0.070783
vn 0.753141 0.191409 -0.629398
vn 0.864158 0.342342 -0.368825
vn 0.884210 0.394495 -0.250092
vn 0.753141 0.191409 -0.629398
vn 0.151077 0.955696 -0.252630
vn 0.145981 0.983047 -0.110941
vn 0.143701 0.987486 -0.064977
vn 0.151077 0.955696 -0.252630
vn 0.504553 0.809731 -0.299603
vn 0.505573 0.854638 -0.118281
vn 0.504517 0.858008 -0.096360
vn 0.504553 0.809731 -0.299603
vn -0.000897 0.985442 -0.170012
vn -0.000305 0.998323 -0.057885
vn 0.001188 0.997864 -0.065313
vn 0.003057 0.985774 -0.168050
vn -0.557788 0.730902 -0.393262
vn -0.583300 0.799313 -0.144429
vn -0.584057 0.794781 -0.164923
vn -0.564168 0.734685 -0.376767
vn 0.000873 0.999343 -0.036224
vn 0.001523 0.998000 -0.063191
vn 0.003970 0.986340 -0.164674
vn 0.003970 0.986340 -0.164674
vn -0.888419 0.368788 0.273327
vn -0.888922 0.342278 0.304407
vn -0.737877 0.303527 0.602834
vn -0.725539 0.349155 0.593029
vn -0.871252 0.370589 -0.321846
vn -0.869721 0.340804 -0.356985
vn -0.686518 0.299085 -0.662753
vn -0.673916 0.348749 -0.651316
vn 0.023330 0.250763 -0.967767
vn 0.023331 0.250764 -0.967767
vn 0.024084 0.037066 -0.999023
vn 0.024085 -0.036886 -0.999029
vn -0.067468 0.147450 -0.986766
vn -0.060608 0.038781 -0.997408
vn -0.070161 0.048782 -0.996342
vn -0.089428 0.186093 -0.978454
vn 0.023461 0.118019 -0.992734
vn 0.023624 0.028750 -0.999307
vn 0.005931 0.027564 -0.999602
vn 0.010892 0.120064 -0.992706
vn 0.057853 0.046535 -0.997240
vn 0.044548 0.034094 -0.998425
vn 0.043414 0.137253 -0.989584
vn 0.075132 0.231321 -0.969972
vn 0.037477 -0.055473 -0.997757
vn 0.056338 0.413485 -0.908767
vn 0.818781 0.522478 -0.237937
vn 0.824449 0.470823 -0.314023
vn 0.677527 0.431451 -0.595657
vn 0.632904 0.532228 -0.562287
vn 0.809595 0.519452 0.273361
vn 0.812001 0.473351 0.341458
vn 0.667997 0.435750 0.603243
vn 0.627362 0.529007 0.571462
vn 0.019816 0.279265 0.960010
vn -0.002362 0.026844 0.999637
vn -0.010646 -0.055480 0.998403
vn 0.012485 0.413483 0.910426
vn -0.002048 0.117444 0.993077
vn 0.002132 0.143284 0.989679
vn -0.042056 0.116829 0.992261
vn -0.049859 0.122056 0.991270
vn -0.024623 0.118030 0.992705
vn -0.024619 0.117078 0.992818
vn -0.062663 0.227658 0.971723
vn -0.120659 0.161544 0.979462
vn -0.148671 0.116670 0.981980
vn -0.024084 -0.036885 0.999029
vn -0.024083 0.037067 0.999023
vn -0.023329 0.250764 0.967767
vn -0.023332 0.250764 0.967767
vn -0.905249 0.331516 0.265747
vn -0.767110 0.141245 0.625774
vn -0.891205 0.329276 -0.311979
vn -0.715515 0.119977 -0.688218
vn 0.022740 -0.331161 -0.943300
vn 0.022743 -0.331161 -0.943300
vn -0.009657 -0.338457 -0.940932
vn -0.009686 -0.335272 -0.942072
vn 0.022202 -0.346674 -0.937723
vn 0.013354 -0.345596 -0.938288
vn 0.021605 -0.349592 -0.936653
vn 0.022566 -0.346859 -0.937646
vn 0.020804 -0.351867 -0.935819
vn 0.845425 0.479892 -0.234439
vn 0.734341 0.239190 -0.635241
vn 0.832942 0.481013 0.273557
vn 0.720080 0.263718 0.641824
vn -0.023558 -0.349614 0.936598
vn -0.024319 -0.351890 0.935725
vn -0.010784 -0.029383 0.999510
vn -0.022642 -0.346876 0.937638
vn -0.023009 -0.346682 0.937701
vn -0.024679 -0.057117 0.998062
vn -0.042793 -0.046094 0.998020
vn -0.031874 -0.345600 0.937840
vn -0.054983 -0.338458 0.939374
vn -0.088605 0.002456 0.996064
vn -0.051514 0.039363 0.997896
vn -0.036446 -0.332947 0.942241
vn -0.022740 -0.331157 0.943302
vn -0.022739 -0.331159 0.943301
vn 0.000100 -1.000000 0.000817
vn 0.000112 -0.999999 0.001376
vn 0.000112 -0.999999 0.001377
vn 0.000100 -1.000000 0.000817
vn -0.008518 0.939547 0.342313
vn -0.008518 0.939547 0.342314
vn -0.008491 0.939229 0.343186
vn -0.008491 0.939229 0.343187
vn 0.008057 0.939226 -0.343204
vn 0.007986 0.939544 -0.342335
vn 0.007986 0.939544 -0.342334
vn 0.008057 0.939226 -0.343204
vn 0.000178 -0.999999 -0.001369
vn 0.000178 -0.999999 -0.001369
vn 0.000139 -1.000000 -0.000811
vn 0.000139 -1.000000 -0.000811
vn 0.065407 -0.994160 -0.085832
vn 0.065407 -0.994160 -0.085832
vn 0.065407 -0.994160 -0.085832
vn 0.065407 -0.994160 -0.085832
vn 0.179215 0.951867 0.248659
vn 0.179215 0.951867 0.248659
vn 0.179215 0.951867 0.248659
vn 0.179215 0.951867 0.248659
vn -0.190851 0.950615 0.244757
vn -0.190851 0.950615 0.244757
vn -0.190851 0.950616 0.244757
vn -0.190851 0.950616 0.244757
vn -0.061131 -0.993958 -0.091162
vn -0.061131 -0.993958 -0.091162
vn -0.061131 -0.993958 -0.091162
vn -0.061131 -0.993958 -0.091162
vn -0.012126 0.940853 -0.338599
vn -0.012115 0.941293 -0.337372
vn -0.012115 0.941314 -0.337315
vn -0.012126 0.940853 -0.338599
vn 0.011983 -0.999926 -0.002120
vn 0.011983 -0.999926 -0.002133
vn 0.011981 -0.999925 -0.002372
vn 0.011981 -0.999925 -0.002372
vn -0.028354 0.941319 0.336327
vn -0.028357 0.941298 0.336384
vn -0.028429 0.940856 0.337611
vn -0.028429 0.940856 0.337611
vn 0.011852 -0.999925 0.002946
vn 0.011867 -0.999926 0.002707
vn 0.011867 -0.999926 0.002695
vn 0.011852 -0.999925 0.002946
vn 0.007840 0.942082 -0.335291
vn 0.007977 0.941851 -0.335936
vn 0.007977 0.941851 -0.335936
vn 0.007840 0.942082 -0.335291
vn 0.000087 -1.000000 -0.000472
vn 0.000087 -1.000000 -0.000472
vn 0.000174 -1.000000 -0.000939
vn 0.000174 -1.000000 -0.000939
vn -0.008220 0.941858 0.335912
vn -0.008220 0.941858 0.335912
vn -0.008326 0.942087 0.335264
vn -0.008326 0.942087 0.335264
vn 0.000128 -1.000000 0.000946
vn 0.000064 -1.000000 0.000476
vn 0.000064 -1.000000 0.000476
vn 0.000128 -1.000000 0.000946
vn 0.008143 0.941693 -0.336375
vn 0.008143 0.941693 -0.336375
vn 0.008143 0.941693 -0.336375
vn 0.008143 0.941693 -0.336375
vn 0.000000 -1.000000 0.000000
vn 0.000000 -1.000000 0.000000
vn 0.000000 -1.000000 0.000000
vn 0.000000 -1.000000 0.000000
vn -0.008073 0.941702 0.336351
vn -0.008073 0.941702 0.336351
vn -0.008073 0.941702 0.336351
vn -0.008073 0.941702 0.336351
vn 0.000000 -1.000000 -0.000000
vn 0.000000 -1.000000 -0.000000
vn 0.000000 -1.000000 -0.000000
vn 0.000000 -1.000000 -0.000000
vn 0.010092 0.941961 -0.335570
vn 0.010092 0.941961 -0.335570
vn 0.010092 0.941961 -0.335570
vn 0.010092 0.941961 -0.335570
vn 0.000000 -1.000000 0.000000
vn 0.000000 -1.000000 0.000000
vn 0.000000 -1.000000 0.000000
vn 0.000000 -1.000000 0.000000
vn -0.006086 0.941966 0.335653
vn -0.006086 0.941966 0.335653
vn -0.006086 0.941966 0.335653
vn -0.006086 0.941966 0.335653
vn 0.000000 -1.000000 0.000000
vn 0.000000 -1.000000 0.000000
vn 0.000000 -1.000000 0.000000
vn 0.000000 -1.000000 0.000000
vn -0.069351 -0.993452 0.090800
vn -0.069351 -0.993452 0.090800
vn -0.069351 -0.993452 0.090800
vn -0.069351 -0.993452 0.090800
vn -0.167442 0.950655 -0.261186
vn -0.167442 0.950655 -0.261186
vn -0.167442 0.950655 -0.261186
vn -0.167442 0.950655 -0.261186
vn 0.179908 0.952009 -0.247612
vn 0.179908 0.952009 -0.247613
vn 0.179908 0.952009 -0.247613
vn 0.179908 0.952009 -0.247613
vn 0.064962 -0.993667 0.091687
vn 0.064962 -0.993667 0.091687
vn 0.064962 -0.993667 0.091687
vn 0.064962 -0.993667 0.091687
vn -0.339887 0.940431 -0.008191
vn -0.339887 0.940431 -0.008191
vn -0.339887 0.940431 -0.008191
vn -0.339887 0.940431 -0.008191
vn 0.000000 -1.000000 0.000000
vn 0.000000 -1.000000 0.000000
vn 0.000000 -1.000000 0.000000
vn 0.000000 -1.000000 0.000000
vn 0.341078 0.939999 0.008222
vn 0.341078 0.939999 0.008222
vn 0.341078 0.939999 0.008222
vn 0.341078 0.939999 0.008222
vn 0.000000 -1.000000 0.000000
vn 0.000000 -1.000000 0.000000
vn 0.000000 -1.000000 0.000000
vn 0.000000 -1.000000 0.000000
vn 0.000005 -1.000000 0.000000
vn 0.000005 -1.000000 0.000000
vn 0.000005 -1.000000 0.000000
vn 0.000005 -1.000000 0.000000
vn 0.000002 -1.000000 0.000015
vn 0.000002 -1.000000 0.000015
vn -0.022763 -0.328304 0.944298
vn -0.022763 -0.328304 0.944298
vn -0.008117 0.941633 0.336545
vn -0.008117 0.941632 0.336545
vn -0.000277 0.998253 0.059089
vn -0.000729 0.987848 0.155422
vn 0.002545 0.998181 -0.060228
vn 0.007019 0.986087 -0.166080
vn 0.008110 0.941624 -0.336567
vn 0.008110 0.941625 -0.336567
vn 0.022768 -0.328262 -0.944312
vn 0.022768 -0.328262 -0.944312
vn 0.000003 -1.000000 -0.000015
vn 0.000003 -1.000000 -0.000015
vn 0.634503 0.757936 0.151456
vn 0.564671 0.818355 0.106962
vn 0.581352 0.803438 0.128524
vn 0.603485 0.794093 0.072267
vn 0.453071 0.879262 0.147056
vn 0.458574 0.877009 0.143407
vn 0.317159 0.932879 0.170727
vn 0.351209 0.928848 0.117867
vn 0.570685 0.817216 -0.080472
vn 0.651467 0.747499 -0.129756
vn 0.608061 0.792818 -0.041252
vn 0.590102 0.800799 -0.102474
vn 0.313954 0.935385 -0.162753
vn 0.455428 0.881009 -0.128094
vn 0.463138 0.877787 -0.122446
vn 0.352340 0.930431 -0.100766
vn -0.318551 0.933452 0.164903
vn -0.499992 0.858101 0.116923
vn -0.463676 0.875145 0.138300
vn -0.375051 0.922256 0.093701
vn -0.630299 0.774493 0.053709
vn -0.630304 0.774723 0.050205
vn -0.692942 0.708064 0.135927
vn -0.820765 0.542658 0.178514
vn -0.755249 0.653957 0.044046
vn -0.768624 0.608030 0.198790
vn -0.487244 0.861306 -0.144035
vn -0.294879 0.937040 -0.187092
vn -0.365921 0.924027 -0.110799
vn -0.451839 0.877185 -0.162443
vn -0.825820 0.513856 -0.232322
vn -0.689538 0.703533 -0.171984
vn -0.767957 0.592232 -0.243935
vn -0.754146 0.652100 -0.077654
vn -0.627150 0.774708 -0.080688
vn -0.626988 0.774495 -0.083930
vn 0.000131 -0.999997 0.002257
vn 0.000131 -0.999998 0.002257
vn -0.023918 -0.315029 0.948780
vn -0.023918 -0.315029 0.948781
vn -0.008560 0.940023 0.341003
vn -0.008560 0.940023 0.341003
vn -0.003712 0.988069 0.153967
vn -0.002091 0.996230 0.086731
vn 0.002184 0.995887 -0.090576
vn 0.003971 0.986340 -0.164673
vn 0.023332 0.250764 -0.967767
vn 0.024069 0.051174 -0.998400
vn 0.022737 -0.331161 -0.943300
vn 0.007880 0.940020 -0.341028
vn 0.007880 0.940020 -0.341028
vn 0.021826 -0.315032 -0.948830
vn 0.021826 -0.315032 -0.948830
vn 0.000239 -0.999997 -0.002248
vn 0.000239 -0.999997 -0.002248
vn -0.031437 -0.998909 0.034548
vn -0.049244 -0.998703 0.012926
vn -0.048066 -0.998733 -0.014881
vn -0.029795 -0.998989 -0.033674
vn 0.010349 -0.999946 0.000509
vn 0.011009 -0.999939 0.000907
vn 0.010379 -0.999946 -0.000002
vn 0.011037 -0.999939 -0.000332
vn 0.011887 -0.999927 0.002377
vn 0.011887 -0.999927 0.002377
vn -0.055410 -0.325305 0.943984
vn -0.055410 -0.325305 0.943984
vn -0.028258 0.941902 0.334697
vn -0.028258 0.941902 0.334697
vn -0.596416 0.791285 0.134745
vn -0.597615 0.748339 0.287827
vn -0.588244 0.790911 -0.168605
vn -0.579065 0.742962 -0.335695
vn -0.012101 0.941897 -0.335685
vn -0.012101 0.941897 -0.335685
vn -0.009864 -0.325279 -0.945567
vn -0.009864 -0.325279 -0.945567
vn 0.011987 -0.999927 -0.001802
vn 0.011987 -0.999927 -0.001802
vn 0.727060 0.294908 -0.620010
vn 0.560080 0.544877 -0.624035
vn 0.687703 0.681478 -0.250302
vn 0.896555 0.368819 -0.245280
vn 0.310153 0.711944 -0.630033
vn 0.375134 0.890395 -0.257821
vn 0.015351 0.770612 -0.637119
vn 0.006430 0.963760 -0.266694
vn -0.279467 0.711957 -0.644217
vn -0.362282 0.890396 -0.275583
vn -0.529386 0.544907 -0.650251
vn -0.674848 0.681484 -0.283125
vn -0.696384 0.294882 -0.654289
vn -0.883713 0.368798 -0.288166
vn -0.755014 0.000000 -0.655709
vn -0.957045 0.000000 -0.289939
vn -0.696384 -0.294882 -0.654289
vn -0.883713 -0.368797 -0.288166
vn -0.529388 -0.544906 -0.650250
vn -0.674850 -0.681482 -0.283125
vn -0.279468 -0.711957 -0.644216
vn -0.362284 -0.890396 -0.275583
vn 0.015351 -0.770613 -0.637119
vn 0.006430 -0.963760 -0.266694
vn 0.310155 -0.711943 -0.630032
vn 0.375135 -0.890395 -0.257820
vn 0.560081 -0.544877 -0.624034
vn 0.687704 -0.681478 -0.250302
vn 0.727060 -0.294908 -0.620010
vn 0.896555 -0.368819 -0.245279
vn 0.785714 -0.000000 -0.618590
vn 0.969896 -0.000000 -0.243519
vn 0.024107 0.000003 -0.999709
vn 0.024100 0.000008 -0.999710
vn 0.024101 0.000000 -0.999710
vn 0.024103 -0.000002 -0.999709
vn 0.024099 0.000000 -0.999710
vn 0.024102 -0.000001 -0.999710
vn 0.024096 -0.000005 -0.999710
vn 0.024097 0.000003 -0.999710
vn 0.024102 -0.000000 -0.999710
vn 0.024099 -0.000003 -0.999710
vn 0.024098 0.000005 -0.999710
vn 0.024099 0.000001 -0.999710
vn 0.024099 0.000000 -0.999710
vn 0.024106 0.000002 -0.999709
vn 0.024105 -0.000003 -0.999709
vn 0.024099 -0.000008 -0.999710
vn 0.024100 -0.000000 -0.999710
vn -0.024105 -0.000001 0.999709
vn -0.024103 -0.000012 0.999709
vn -0.024103 -0.000012 0.999710
vn -0.024105 -0.000001 0.999709
vn -0.024110 -0.000007 0.999709
vn -0.024110 -0.000007 0.999709
vn -0.024100 -0.000004 0.999710
vn -0.024100 -0.000004 0.999710
vn -0.024092 -0.000007 0.999710
vn -0.024092 -0.000007 0.999710
vn -0.024103 -0.000012 0.999709
vn -0.024103 -0.000012 0.999710
vn -0.024110 -0.000006 0.999709
vn -0.024110 -0.000006 0.999709
vn -0.024106 0.000000 0.999709
vn -0.024106 0.000000 0.999709
vn -0.024104 0.000006 0.999709
vn -0.024104 0.000006 0.999709
vn -0.024098 0.000012 0.999710
vn -0.024098 0.000012 0.999710
vn -0.024089 0.000007 0.999710
vn -0.024089 0.000007 0.999710
vn -0.024104 0.000004 0.999710
vn -0.024104 0.000004 0.999710
vn -0.024113 0.000007 0.999709
vn -0.024113 0.000007 0.999709
vn -0.024104 0.000012 0.999710
vn -0.024104 0.000012 0.999709
vn -0.024106 0.000001 0.999709
vn -0.024106 0.000001 0.999709
vn -0.024112 0.000000 0.999709
vn -0.024112 0.000000 0.999709
vn 0.962479 0.000000 0.271356
vn 0.888754 0.370732 0.269582
vn 0.760063 0.320409 0.565369
vn 0.823779 0.000000 0.566911
vn 0.888754 -0.370731 0.269582
vn 0.760063 -0.320409 0.565369
vn 0.678822 -0.685003 0.264522
vn 0.578643 -0.592009 0.560979
vn 0.364627 -0.895006 0.256928
vn 0.307121 -0.773511 0.554399
vn -0.005971 -0.968746 0.247981
vn -0.013180 -0.837247 0.546667
vn -0.376596 -0.895006 0.239040
vn -0.333484 -0.773524 0.538933
vn -0.690787 -0.685009 0.231467
vn -0.605039 -0.592020 0.532391
vn -0.900728 -0.370706 0.226419
vn -0.786472 -0.320379 0.528032
vn -0.974438 -0.000000 0.224657
vn -0.850163 -0.000000 0.526520
vn -0.900728 0.370707 0.226420
vn -0.786472 0.320380 0.528032
vn -0.690786 0.685009 0.231467
vn -0.605042 0.592018 0.532390
vn -0.376596 0.895006 0.239040
vn -0.333487 0.773523 0.538933
vn -0.005972 0.968747 0.247981
vn -0.013181 0.837246 0.546667
vn 0.364627 0.895006 0.256928
vn 0.307120 0.773511 0.554399
vn 0.678822 0.685003 0.264522
vn 0.578642 0.592010 0.560980
vn -0.024102 -0.000000 0.999710
vn -0.024094 0.000012 0.999710
vn -0.024098 -0.000000 0.999710
vn -0.024098 -0.000012 0.999710
vn -0.024099 -0.000007 0.999710
vn -0.024076 -0.000009 0.999710
vn -0.024084 0.000000 0.999710
vn -0.024108 -0.000005 0.999709
vn -0.024106 -0.000000 0.999709
vn -0.024108 -0.000009 0.999709
vn -0.024103 0.000000 0.999709
vn -0.024114 0.000009 0.999709
vn -0.024104 0.000000 0.999710
vn -0.024104 0.000005 0.999709
vn -0.024093 0.000000 0.999710
vn -0.024085 0.000010 0.999710
vn -0.024095 0.000007 0.999710
vn -0.467446 0.000000 0.884022
vn -0.433522 -0.170709 0.884826
vn -0.433524 -0.170704 0.884826
vn -0.467446 0.000000 0.884022
vn -0.433520 0.170709 0.884827
vn -0.433522 0.170704 0.884827
vn -0.336883 0.315382 0.887155
vn -0.336879 0.315387 0.887155
vn -0.192213 0.412071 0.890647
vn -0.192215 0.412070 0.890647
vn -0.021574 0.446019 0.894764
vn -0.021574 0.446019 0.894764
vn 0.149048 0.412065 0.898881
vn 0.149063 0.412059 0.898881
vn 0.293699 0.315345 0.902385
vn 0.293683 0.315361 0.902384
vn 0.390385 0.170674 0.904693
vn 0.390386 0.170671 0.904693
vn 0.424374 0.000000 0.905487
vn 0.424374 0.000000 0.905487
vn 0.390385 -0.170675 0.904693
vn 0.390386 -0.170672 0.904693
vn 0.293701 -0.315345 0.902384
vn 0.293685 -0.315361 0.902384
vn 0.149048 -0.412065 0.898881
vn 0.149063 -0.412058 0.898882
vn -0.021570 -0.446018 0.894764
vn -0.021570 -0.446018 0.894764
vn -0.192207 -0.412071 0.890648
vn -0.192210 -0.412070 0.890648
vn -0.336883 -0.315383 0.887155
vn -0.336879 -0.315387 0.887155
vn -0.999710 0.000000 -0.024069
vn -0.923611 -0.382687 -0.022236
vn -0.923602 -0.382707 -0.022236
vn -0.999710 0.000000 -0.024069
vn -0.923609 0.382690 -0.022237
vn -0.923601 0.382710 -0.022237
vn -0.706919 0.707089 -0.017050
vn -0.706942 0.707066 -0.017050
vn -0.382556 0.923886 -0.009251
vn -0.382548 0.923889 -0.009251
vn 0.000021 1.000000 -0.000010
vn -0.000022 1.000000 -0.000011
vn 0.382540 0.923893 0.009151
vn 0.382591 0.923872 0.009152
vn 0.706874 0.707136 0.016960
vn 0.706904 0.707106 0.016960
vn 0.923637 0.382616 0.022342
vn 0.923631 0.382632 0.022341
vn 0.999705 0.000000 0.024277
vn 0.999705 0.000000 0.024277
vn 0.923640 -0.382610 0.022341
vn 0.923633 -0.382625 0.022340
vn 0.706874 -0.707136 0.016959
vn 0.706904 -0.707106 0.016960
vn 0.382542 -0.923893 0.009151
vn 0.382593 -0.923872 0.009153
vn 0.000023 -1.000000 -0.000011
vn -0.000020 -1.000000 -0.000012
vn -0.382556 -0.923886 -0.009251
vn -0.382548 -0.923889 -0.009251
vn -0.706923 -0.707085 -0.017050
vn -0.706946 -0.707062 -0.017050
vn 0.727055 0.294917 -0.620012
vn 0.560092 0.544890 -0.624013
vn 0.687700 0.681482 -0.250304
vn 0.896550 0.368830 -0.245280
vn 0.310164 0.711950 -0.630020
vn 0.375136 0.890396 -0.257815
vn 0.015361 0.770609 -0.637123
vn 0.006433 0.963759 -0.266698
vn -0.279453 0.711956 -0.644224
vn -0.362291 0.890394 -0.275579
vn -0.529394 0.544901 -0.650250
vn -0.674854 0.681486 -0.283107
vn -0.696387 0.294883 -0.654285
vn -0.883710 0.368809 -0.288161
vn -0.755013 0.000000 -0.655710
vn -0.957042 0.000000 -0.289950
vn -0.696388 -0.294882 -0.654285
vn -0.883710 -0.368808 -0.288161
vn -0.529393 -0.544902 -0.650250
vn -0.674854 -0.681485 -0.283107
vn -0.279454 -0.711955 -0.644224
vn -0.362292 -0.890394 -0.275579
vn 0.015359 -0.770609 -0.637123
vn 0.006431 -0.963759 -0.266698
vn 0.310163 -0.711950 -0.630020
vn 0.375135 -0.890396 -0.257815
vn 0.560091 -0.544891 -0.624013
vn 0.687699 -0.681482 -0.250304
vn 0.727056 -0.294917 -0.620011
vn 0.896551 -0.368829 -0.245280
vn 0.785696 -0.000000 -0.618613
vn 0.969896 -0.000000 -0.243519
vn 0.024098 -0.000006 -0.999710
vn 0.024101 -0.000009 -0.999710
vn 0.024099 0.000000 -0.999710
vn 0.024088 -0.000002 -0.999710
vn 0.024099 0.000000 -0.999710
vn 0.024101 -0.000007 -0.999710
vn 0.024096 -0.000005 -0.999710
vn 0.024107 0.000008 -0.999709
vn 0.024108 0.000000 -0.999709
vn 0.024108 -0.000008 -0.999709
vn 0.024094 0.000005 -0.999710
vn 0.024101 0.000007 -0.999710
vn 0.024102 0.000000 -0.999710
vn 0.024088 0.000002 -0.999710
vn 0.024098 0.000006 -0.999710
vn 0.024101 0.000009 -0.999710
vn 0.024100 0.000000 -0.999710
vn -0.024090 -0.000000 0.999710
vn -0.024100 0.000002 0.999710
vn -0.024100 0.000002 0.999710
vn -0.024090 -0.000000 0.999710
vn -0.024105 0.000005 0.999709
vn -0.024105 0.000005 0.999709
vn -0.024097 0.000001 0.999710
vn -0.024097 0.000001 0.999710
vn -0.024096 -0.000003 0.999710
vn -0.024096 -0.000003 0.999710
vn -0.024103 0.000005 0.999709
vn -0.024103 0.000005 0.999709
vn -0.024103 0.000008 0.999709
vn -0.024103 0.000008 0.999709
vn -0.024105 0.000000 0.999709
vn -0.024105 0.000000 0.999709
vn -0.024101 -0.000008 0.999710
vn -0.024101 -0.000008 0.999710
vn -0.024100 -0.000005 0.999710
vn -0.024100 -0.000005 0.999710
vn -0.024096 0.000003 0.999710
vn -0.024096 0.000003 0.999710
vn -0.024093 -0.000001 0.999710
vn -0.024093 -0.000001 0.999710
vn -0.024104 -0.000005 0.999710
vn -0.024104 -0.000005 0.999709
vn -0.024103 -0.000002 0.999710
vn -0.024103 -0.000002 0.999710
vn -0.024087 0.000001 0.999710
vn -0.024087 0.000001 0.999710
vn -0.024081 0.000000 0.999710
vn -0.024081 0.000000 0.999710
vn 0.962473 -0.000000 0.271376
vn 0.888749 0.370735 0.269593
vn 0.760050 0.320407 0.565388
vn 0.823769 -0.000000 0.566925
vn 0.888750 -0.370735 0.269592
vn 0.760051 -0.320406 0.565387
vn 0.678818 -0.685007 0.264520
vn 0.578632 -0.592010 0.560990
vn 0.364633 -0.895003 0.256930
vn 0.307113 -0.773506 0.554409
vn -0.005981 -0.968747 0.247980
vn -0.013175 -0.837246 0.546668
vn -0.376593 -0.895004 0.239050
vn -0.333496 -0.773522 0.538928
vn -0.690782 -0.685012 0.231470
vn -0.605049 -0.592029 0.532370
vn -0.900724 -0.370724 0.226406
vn -0.786481 -0.320400 0.528007
vn -0.974443 -0.000000 0.224634
vn -0.850178 -0.000000 0.526496
vn -0.900724 0.370725 0.226406
vn -0.786481 0.320401 0.528007
vn -0.690781 0.685013 0.231471
vn -0.605048 0.592029 0.532370
vn -0.376593 0.895004 0.239050
vn -0.333496 0.773522 0.538928
vn -0.005980 0.968747 0.247980
vn -0.013174 0.837246 0.546667
vn 0.364633 0.895003 0.256929
vn 0.307115 0.773507 0.554408
vn 0.678819 0.685007 0.264520
vn 0.578633 0.592009 0.560990
vn -0.024092 0.000000 0.999710
vn -0.024101 -0.000004 0.999710
vn -0.024100 -0.000000 0.999710
vn -0.024099 0.000004 0.999710
vn -0.024096 -0.000008 0.999710
vn -0.024094 -0.000000 0.999710
vn -0.024110 0.000000 0.999709
vn -0.024108 -0.000004 0.999709
vn -0.024094 -0.000009 0.999710
vn -0.024098 -0.000005 0.999710
vn -0.024104 0.000000 0.999709
vn -0.024099 0.000005 0.999710
vn -0.024100 0.000009 0.999710
vn -0.024113 0.000004 0.999709
vn -0.024101 0.000000 0.999710
vn -0.024089 0.000000 0.999710
vn -0.024105 0.000008 0.999709
vn -0.467412 0.000000 0.884040
vn -0.433485 -0.170677 0.884850
vn -0.433485 -0.170676 0.884850
vn -0.467412 0.000000 0.884040
vn -0.433482 0.170678 0.884852
vn -0.433482 0.170677 0.884852
vn -0.336848 0.315350 0.887179
vn -0.336845 0.315354 0.887180
vn -0.192184 0.412068 0.890655
vn -0.192195 0.412063 0.890654
vn -0.021573 0.446007 0.894769
vn -0.021582 0.446007 0.894769
vn 0.149041 0.412049 0.898890
vn 0.149064 0.412039 0.898890
vn 0.293692 0.315316 0.902397
vn 0.293676 0.315332 0.902397
vn 0.390343 0.170656 0.904715
vn 0.390341 0.170660 0.904715
vn 0.424310 -0.000000 0.905517
vn 0.424310 0.000000 0.905517
vn 0.390336 -0.170656 0.904718
vn 0.390334 -0.170661 0.904718
vn 0.293686 -0.315317 0.902399
vn 0.293670 -0.315333 0.902399
vn 0.149036 -0.412049 0.898891
vn 0.149060 -0.412039 0.898891
vn -0.021573 -0.446007 0.894770
vn -0.021582 -0.446006 0.894770
vn -0.192186 -0.412067 0.890654
vn -0.192197 -0.412063 0.890654
vn -0.336849 -0.315349 0.887180
vn -0.336845 -0.315353 0.887180
vn -0.999705 -0.000000 -0.024275
vn -0.923606 -0.382689 -0.022384
vn -0.923612 -0.382674 -0.022384
vn -0.999705 -0.000000 -0.024275
vn -0.923608 0.382685 -0.022382
vn -0.923614 0.382670 -0.022382
vn -0.706941 0.707067 -0.017063
vn -0.706937 0.707071 -0.017063
vn -0.382566 0.923882 -0.009200
vn -0.382560 0.923885 -0.009200
vn -0.000025 1.000000 -0.000000
vn 0.000036 1.000000 0.000001
vn 0.382554 0.923888 0.009199
vn 0.382561 0.923885 0.009200
vn 0.706880 0.707130 0.016974
vn 0.706883 0.707127 0.016974
vn 0.923642 0.382620 0.022089
vn 0.923650 0.382601 0.022089
vn 0.999715 0.000000 0.023860
vn 0.999715 0.000000 0.023860
vn 0.923647 -0.382607 0.022088
vn 0.923655 -0.382588 0.022088
vn 0.706893 -0.707117 0.016973
vn 0.706895 -0.707114 0.016973
vn 0.382559 -0.923885 0.009198
vn 0.382566 -0.923883 0.009198
vn -0.000025 -1.000000 -0.000000
vn 0.000036 -1.000000 0.000001
vn -0.382564 -0.923883 -0.009198
vn -0.382557 -0.923886 -0.009198
vn -0.706943 -0.707065 -0.017064
vn -0.706939 -0.707069 -0.017064
vn 0.696308 0.294907 0.654358
vn 0.883700 0.368815 0.288185
vn 0.674840 0.681477 0.283161
vn 0.529346 0.544880 0.650306
vn 0.362268 0.890396 0.275603
vn 0.279447 0.711947 0.644237
vn -0.006428 0.963759 0.266699
vn -0.015358 0.770613 0.637118
vn -0.375143 0.890393 0.257815
vn -0.310176 0.711955 0.630008
vn -0.687708 0.681485 0.250272
vn -0.560109 0.544910 0.623981
vn -0.896572 0.368806 0.245237
vn -0.727111 0.294890 0.619959
vn -0.969904 0.000000 0.243487
vn -0.785739 0.000000 0.618559
vn -0.896572 -0.368806 0.245237
vn -0.727109 -0.294891 0.619961
vn -0.687707 -0.681486 0.250273
vn -0.560104 -0.544911 0.623983
vn -0.375141 -0.890393 0.257815
vn -0.310172 -0.711956 0.630009
vn -0.006428 -0.963759 0.266699
vn -0.015357 -0.770613 0.637118
vn 0.362268 -0.890396 0.275603
vn 0.279448 -0.711947 0.644236
vn 0.674840 -0.681478 0.283160
vn 0.529347 -0.544880 0.650306
vn 0.883700 -0.368814 0.288185
vn 0.696308 -0.294907 0.654359
vn 0.957043 -0.000000 0.289948
vn 0.754956 -0.000000 0.655775
vn -0.024095 0.000005 0.999710
vn -0.024100 0.000000 0.999710
vn -0.024104 0.000007 0.999710
vn -0.024091 -0.000004 0.999710
vn -0.024103 0.000000 0.999710
vn -0.024102 0.000002 0.999710
vn -0.024100 -0.000001 0.999710
vn -0.024100 -0.000001 0.999710
vn -0.024101 -0.000000 0.999710
vn -0.024105 0.000001 0.999709
vn -0.024100 0.000001 0.999710
vn -0.024099 -0.000002 0.999710
vn -0.024103 0.000000 0.999710
vn -0.024094 0.000004 0.999710
vn -0.024096 -0.000005 0.999710
vn -0.024104 -0.000007 0.999710
vn -0.024100 -0.000000 0.999710
vn 0.024093 -0.000001 -0.999710
vn 0.024093 -0.000001 -0.999710
vn 0.024111 0.000014 -0.999709
vn 0.024111 0.000014 -0.999709
vn 0.024108 0.000011 -0.999709
vn 0.024108 0.000011 -0.999709
vn 0.024107 0.000002 -0.999709
vn 0.024107 0.000002 -0.999709
vn 0.024110 -0.000007 -0.999709
vn 0.024110 -0.000007 -0.999709
vn 0.024102 -0.000005 -0.999710
vn 0.024102 -0.000005 -0.999710
vn 0.024112 -0.000007 -0.999709
vn 0.024112 -0.000007 -0.999709
vn 0.024119 -0.000000 -0.999709
vn 0.024119 -0.000000 -0.999709
vn 0.024116 0.000007 -0.999709
vn 0.024116 0.000007 -0.999709
vn 0.024108 0.000005 -0.999709
vn 0.024108 0.000005 -0.999709
vn 0.024111 0.000007 -0.999709
vn 0.024111 0.000007 -0.999709
vn 0.024110 -0.000002 -0.999709
vn 0.024110 -0.000002 -0.999709
vn 0.024107 -0.000011 -0.999709
vn 0.024107 -0.000011 -0.999709
vn 0.024107 -0.000014 -0.999709
vn 0.024107 -0.000014 -0.999709
vn 0.024093 0.000001 -0.999710
vn 0.024093 0.000001 -0.999710
vn 0.024085 0.000000 -0.999710
vn 0.024085 0.000000 -0.999710
vn 0.974430 0.000000 -0.224692
vn 0.850163 0.000000 -0.526520
vn 0.786436 0.320402 -0.528073
vn 0.900711 0.370722 -0.226462
vn 0.900712 -0.370720 -0.226461
vn 0.786439 -0.320400 -0.528070
vn 0.690780 -0.685002 -0.231506
vn 0.605007 -0.591997 -0.532454
vn 0.376588 -0.895005 -0.239055
vn 0.333458 -0.773512 -0.538966
vn 0.005978 -0.968746 -0.247983
vn 0.013175 -0.837248 -0.546665
vn -0.364649 -0.895001 -0.256913
vn -0.307128 -0.773522 -0.554379
vn -0.678824 -0.685011 -0.264496
vn -0.578678 -0.592021 -0.560930
vn -0.888768 -0.370709 -0.269566
vn -0.760113 -0.320380 -0.565318
vn -0.962481 0.000000 -0.271349
vn -0.823803 0.000000 -0.566876
vn -0.888768 0.370710 -0.269567
vn -0.760113 0.320381 -0.565319
vn -0.678824 0.685011 -0.264495
vn -0.578680 0.592020 -0.560929
vn -0.364650 0.895001 -0.256912
vn -0.307131 0.773522 -0.554378
vn 0.005979 0.968746 -0.247983
vn 0.013177 0.837248 -0.546665
vn 0.376589 0.895005 -0.239055
vn 0.333459 0.773512 -0.538966
vn 0.690779 0.685003 -0.231507
vn 0.605002 0.591999 -0.532456
vn 0.024102 0.000000 -0.999710
vn 0.024100 0.000000 -0.999710
vn 0.024098 0.000005 -0.999710
vn 0.024100 -0.000005 -0.999710
vn 0.024098 -0.000010 -0.999710
vn 0.024109 -0.000004 -0.999709
vn 0.024104 0.000000 -0.999709
vn 0.024096 0.000000 -0.999710
vn 0.024100 -0.000007 -0.999710
vn 0.024096 0.000006 -0.999710
vn 0.024093 -0.000000 -0.999710
vn 0.024098 -0.000006 -0.999710
vn 0.024101 0.000007 -0.999710
vn 0.024098 0.000000 -0.999710
vn 0.024106 0.000000 -0.999709
vn 0.024108 0.000004 -0.999709
vn 0.024097 0.000010 -0.999710
vn -0.424286 -0.000000 -0.905528
vn -0.424286 -0.000000 -0.905528
vn -0.390345 -0.170685 -0.904709
vn -0.390345 -0.170686 -0.904709
vn -0.390352 0.170686 -0.904705
vn -0.390352 0.170685 -0.904705
vn -0.293709 0.315341 -0.902383
vn -0.293698 0.315351 -0.902383
vn -0.149052 0.412047 -0.898888
vn -0.149047 0.412050 -0.898888
vn 0.021561 0.446004 -0.894771
vn 0.021563 0.446004 -0.894771
vn 0.192179 0.412052 -0.890663
vn 0.192204 0.412041 -0.890662
vn 0.336829 0.315328 -0.887195
vn 0.336814 0.315342 -0.887195
vn 0.433503 0.170686 -0.884840
vn 0.433504 0.170685 -0.884840
vn 0.467496 0.000000 -0.883995
vn 0.467496 0.000000 -0.883995
vn 0.433497 -0.170687 -0.884843
vn 0.433498 -0.170686 -0.884842
vn 0.336825 -0.315328 -0.887196
vn 0.336811 -0.315343 -0.887196
vn 0.192184 -0.412051 -0.890662
vn 0.192210 -0.412041 -0.890662
vn 0.021563 -0.446003 -0.894772
vn 0.021565 -0.446003 -0.894772
vn -0.149052 -0.412047 -0.898889
vn -0.149047 -0.412049 -0.898889
vn -0.293704 -0.315340 -0.902385
vn -0.293694 -0.315350 -0.902385
vn -0.999705 0.000000 -0.024277
vn -0.999705 0.000000 -0.024277
vn -0.923598 -0.382710 -0.022384
vn -0.923603 -0.382696 -0.022384
vn -0.923602 0.382699 -0.022385
vn -0.923596 0.382713 -0.022384
vn -0.706932 0.707076 -0.017063
vn -0.706937 0.707071 -0.017063
vn -0.382559 0.923885 -0.009199
vn -0.382566 0.923883 -0.009199
vn 0.000036 1.000000 0.000001
vn -0.000022 1.000000 -0.000000
vn 0.382580 0.923876 0.009228
vn 0.382573 0.923879 0.009228
vn 0.706887 0.707121 0.017046
vn 0.706909 0.707099 0.017047
vn 0.923641 0.382617 0.022184
vn 0.923632 0.382638 0.022184
vn 0.999713 -0.000004 0.023963
vn 0.999713 -0.000004 0.023963
vn 0.923639 -0.382621 0.022182
vn 0.923630 -0.382642 0.022182
vn 0.706883 -0.707126 0.017046
vn 0.706905 -0.707103 0.017047
vn 0.382572 -0.923880 0.009230
vn 0.382564 -0.923883 0.009230
vn 0.000036 -1.000000 0.000001
vn -0.000022 -1.000000 -0.000001
vn -0.382560 -0.923885 -0.009200
vn -0.382566 -0.923882 -0.009200
vn -0.706931 -0.707077 -0.017064
vn -0.706936 -0.707072 -0.017064
vn 0.696362 0.294904 0.654302
vn 0.883698 0.368812 0.288194
vn 0.674843 0.681479 0.283148
vn 0.529368 0.544886 0.650284
vn 0.362271 0.890398 0.275592
vn 0.279438 0.711955 0.644232
vn -0.006429 0.963758 0.266699
vn -0.015365 0.770615 0.637116
vn -0.375141 0.890396 0.257805
vn -0.310177 0.711963 0.629999
vn -0.687707 0.681485 0.250275
vn -0.560119 0.544909 0.623972
vn -0.896568 0.368806 0.245252
vn -0.727119 0.294887 0.619951
vn -0.969898 -0.000000 0.243510
vn -0.785737 -0.000000 0.618561
vn -0.896567 -0.368806 0.245252
vn -0.727120 -0.294886 0.619950
vn -0.687707 -0.681484 0.250275
vn -0.560120 -0.544909 0.623971
vn -0.375141 -0.890396 0.257806
vn -0.310177 -0.711963 0.629999
vn -0.006430 -0.963758 0.266699
vn -0.015367 -0.770615 0.637116
vn 0.362271 -0.890398 0.275591
vn 0.279439 -0.711955 0.644231
vn 0.674844 -0.681479 0.283147
vn 0.529369 -0.544885 0.650284
vn 0.883698 -0.368812 0.288194
vn 0.696362 -0.294904 0.654303
vn 0.957041 -0.000000 0.289954
vn 0.755017 -0.000000 0.655706
vn -0.024093 -0.000004 0.999710
vn -0.024100 -0.000000 0.999710
vn -0.024096 0.000002 0.999710
vn -0.024099 -0.000001 0.999710
vn -0.024112 0.000000 0.999709
vn -0.024104 0.000007 0.999710
vn -0.024094 0.000005 0.999710
vn -0.024102 -0.000001 0.999710
vn -0.024100 0.000000 0.999710
vn -0.024101 0.000001 0.999710
vn -0.024096 -0.000005 0.999710
vn -0.024104 -0.000007 0.999709
vn -0.024109 0.000000 0.999709
vn -0.024098 0.000001 0.999710
vn -0.024094 0.000004 0.999710
vn -0.024096 -0.000002 0.999710
vn -0.024100 -0.000000 0.999710
vn 0.024100 0.000003 -0.999710
vn 0.024100 0.000003 -0.999710
vn 0.024100 -0.000002 -0.999710
vn 0.024100 -0.000002 -0.999710
vn 0.024106 -0.000005 -0.999709
vn 0.024106 -0.000005 -0.999709
vn 0.024088 -0.000003 -0.999710
vn 0.024088 -0.000003 -0.999710
vn 0.024086 0.000016 -0.999710
vn 0.024086 0.000016 -0.999710
vn 0.024098 0.000023 -0.999710
vn 0.024098 0.000023 -0.999710
vn 0.024094 0.000002 -0.999710
vn 0.024094 0.000002 -0.999710
vn 0.024093 0.000000 -0.999710
vn 0.024093 0.000000 -0.999710
vn 0.024094 -0.000002 -0.999710
vn 0.024094 -0.000002 -0.999710
vn 0.024100 -0.000023 -0.999710
vn 0.024100 -0.000023 -0.999710
vn 0.024090 -0.000016 -0.999710
vn 0.024090 -0.000016 -0.999710
vn 0.024089 0.000003 -0.999710
vn 0.024089 0.000003 -0.999710
vn 0.024105 0.000005 -0.999709
vn 0.024105 0.000005 -0.999709
vn 0.024100 0.000002 -0.999710
vn 0.024100 0.000002 -0.999710
vn 0.024100 -0.000003 -0.999710
vn 0.024100 -0.000003 -0.999710
vn 0.024105 -0.000000 -0.999709
vn 0.024105 -0.000000 -0.999709
vn 0.974438 0.000000 -0.224658
vn 0.850146 0.000000 -0.526547
vn 0.786426 0.320410 -0.528083
vn 0.900718 0.370723 -0.226431
vn 0.900718 -0.370723 -0.226432
vn 0.786424 -0.320411 -0.528085
vn 0.690778 -0.685007 -0.231499
vn 0.604999 -0.592010 -0.532448
vn 0.376588 -0.895003 -0.239061
vn 0.333471 -0.773511 -0.538959
vn 0.005981 -0.968746 -0.247981
vn 0.013177 -0.837244 -0.546671
vn -0.364647 -0.894999 -0.256923
vn -0.307121 -0.773510 -0.554400
vn -0.678821 -0.685016 -0.264491
vn -0.578659 -0.592027 -0.560944
vn -0.888772 -0.370717 -0.269543
vn -0.760107 -0.320388 -0.565322
vn -0.962489 0.000000 -0.271320
vn -0.823807 0.000000 -0.566870
vn -0.888772 0.370716 -0.269543
vn -0.760107 0.320387 -0.565322
vn -0.678822 0.685015 -0.264490
vn -0.578661 0.592026 -0.560943
vn -0.364646 0.894999 -0.256923
vn -0.307121 0.773510 -0.554400
vn 0.005982 0.968746 -0.247982
vn 0.013178 0.837244 -0.546671
vn 0.376588 0.895003 -0.239061
vn 0.333471 0.773511 -0.538960
vn 0.690778 0.685006 -0.231499
vn 0.605001 0.592009 -0.532447
vn 0.024091 0.000000 -0.999710
vn 0.024098 0.000000 -0.999710
vn 0.024092 0.000000 -0.999710
vn 0.024087 -0.000000 -0.999710
vn 0.024089 -0.000001 -0.999710
vn 0.024095 0.000000 -0.999710
vn 0.024094 0.000000 -0.999710
vn 0.024116 -0.000010 -0.999709
vn 0.024115 0.000007 -0.999709
vn 0.024095 0.000018 -0.999710
vn 0.024102 0.000000 -0.999710
vn 0.024095 -0.000018 -0.999710
vn 0.024113 -0.000007 -0.999709
vn 0.024117 0.000010 -0.999709
vn 0.024095 0.000000 -0.999710
vn 0.024091 -0.000000 -0.999710
vn 0.024089 0.000001 -0.999710
vn -0.424255 0.000000 -0.905543
vn -0.424255 0.000000 -0.905543
vn -0.390342 -0.170685 -0.904710
vn -0.390344 -0.170682 -0.904710
vn -0.390339 0.170683 -0.904712
vn -0.390337 0.170686 -0.904712
vn -0.293714 0.315341 -0.902381
vn -0.293714 0.315342 -0.902381
vn -0.149046 0.412056 -0.898885
vn -0.149056 0.412052 -0.898886
vn 0.021571 0.446025 -0.894761
vn 0.021573 0.446025 -0.894761
vn 0.192197 0.412064 -0.890654
vn 0.192214 0.412056 -0.890653
vn 0.336836 0.315336 -0.887189
vn 0.336826 0.315346 -0.887190
vn 0.433518 0.170681 -0.884834
vn 0.433516 0.170684 -0.884834
vn 0.467515 -0.000000 -0.883985
vn 0.467515 0.000000 -0.883985
vn 0.433521 -0.170681 -0.884832
vn 0.433520 -0.170684 -0.884832
vn 0.336836 -0.315336 -0.887189
vn 0.336826 -0.315346 -0.887189
vn 0.192197 -0.412063 -0.890654
vn 0.192214 -0.412056 -0.890653
vn 0.021571 -0.446023 -0.894762
vn 0.021573 -0.446023 -0.894761
vn -0.149049 -0.412055 -0.898885
vn -0.149059 -0.412051 -0.898885
vn -0.293723 -0.315340 -0.902379
vn -0.293722 -0.315340 -0.902379
vn -0.999710 0.000000 -0.024067
vn -0.999710 0.000000 -0.024067
vn -0.923598 -0.382716 -0.022279
vn -0.923597 -0.382717 -0.022279
vn -0.923597 0.382717 -0.022279
vn -0.923598 0.382716 -0.022279
vn -0.706931 0.707075 -0.017122
vn -0.706909 0.707097 -0.017121
vn -0.382583 0.923874 -0.009279
vn -0.382548 0.923889 -0.009278
vn -0.000004 1.000000 -0.000010
vn -0.000011 1.000000 -0.000010
vn 0.382566 0.923883 0.009181
vn 0.382559 0.923885 0.009181
vn 0.706913 0.707098 0.016944
vn 0.706881 0.707129 0.016943
vn 0.923632 0.382638 0.022191
vn 0.923630 0.382642 0.022191
vn 0.999710 0.000000 0.024068
vn 0.999710 -0.000000 0.024068
vn 0.923631 -0.382641 0.022191
vn 0.923629 -0.382644 0.022191
vn 0.706917 -0.707094 0.016944
vn 0.706885 -0.707125 0.016943
vn 0.382574 -0.923879 0.009180
vn 0.382567 -0.923882 0.009180
vn -0.000004 -1.000000 -0.000011
vn -0.000011 -1.000000 -0.000012
vn -0.382583 -0.923874 -0.009280
vn -0.382548 -0.923889 -0.009279
vn -0.706931 -0.707075 -0.017123
vn -0.706909 -0.707097 -0.017122
vn -0.000000 0.000000 1.000000
vn -0.000000 0.000000 1.000000
vn -0.000000 0.000000 1.000000
vn -0.000000 0.000000 1.000000
vn 0.000000 0.000000 -1.000000
vn 0.000000 0.000000 -1.000000
vn 0.000000 0.000000 -1.000000
vn 0.000000 0.000000 -1.000000
vn -0.000000 0.000000 -1.000000
vn -0.000000 0.000000 -1.000000
vn -0.000000 0.000000 -1.000000
vn -0.000000 0.000000 -1.000000
vn 0.000000 0.000000 1.000000
vn 0.000000 0.000000 1.000000
vn 0.000000 0.000000 1.000000
vn 0.000000 0.000000 1.000000
vn 0.429009 -0.903300 0.000000
vn 0.429010 -0.903300 0.000000
vn 0.429010 -0.903300 0.000000
vn 0.429009 -0.903300 0.000000
vn -1.000000 0.000000 0.000000
vn -1.000000 0.000000 0.000000
vn -1.000000 0.000000 0.000000
vn -1.000000 0.000000 0.000000
vn -0.429010 0.903300 0.000000
vn -0.429010 0.903300 0.000000
vn -0.429010 0.903300 0.000000
vn -0.429010 0.903300 0.000000
vn 0.429009 0.903300 0.000000
vn 0.429009 0.903300 0.000000
vn 0.429009 0.903300 0.000000
vn 0.429009 0.903300 0.000000
vn 1.000000 0.000000 0.000000
vn 1.000000 0.000000 0.000000
vn 1.000000 0.000000 0.000000
vn 1.000000 0.000000 0.000000
vn -0.429009 -0.903300 0.000000
vn -0.429010 -0.903300 0.000000
vn -0.429010 -0.903300 0.000000
vn -0.429009 -0.903300 0.000000
vn -1.000000 0.000000 0.000000
vn -1.000000 0.000000 0.000000
vn -0.429009 0.903301 0.000000
vn -0.429009 0.903301 0.000000
vn -0.429009 0.903301 0.000000
vn -0.429009 0.903301 0.000000
vn 1.000000 0.000000 0.000000
vn 1.000000 0.000000 0.000000
vn 0.429010 -0.903300 0.000000
vn 0.429010 -0.903300 0.000000
vn -0.429009 -0.903300 0.000000
vn -0.429009 -0.903300 0.000000
vn 0.429009 0.903300 0.000000
vn 0.429009 0.903300 0.000000
vn -1.000000 0.000000 0.000000
vn -1.000000 0.000000 0.000000
vn -0.429009 0.903300 0.000000
vn -0.429009 0.903300 0.000000
vn -0.429009 0.903300 0.000000
vn -0.429009 0.903300 0.000000
vn 0.429009 0.903300 0.000000
vn 0.429009 0.903300 0.000000
vn 1.000000 0.000000 0.000000
vn 1.000000 0.000000 0.000000
vn -0.429010 -0.903300 0.000000
vn -0.429010 -0.903300 0.000000
vn 0.429009 -0.903300 0.000000
vn 0.429009 -0.903300 0.000000
vn -0.907690 0.419642 0.000000
vn -0.907690 0.419642 0.000000
vn -0.907690 0.419642 0.000000
vn -0.907690 0.419642 0.000000
vn -0.352822 0.742885 0.568893
vn -0.352822 0.742885 0.568893
vn -0.352822 0.742885 0.568893
vn -0.352822 0.742885 0.568893
vn 0.139025 0.990289 0.000000
vn 0.139025 0.990289 0.000000
vn 0.139025 0.990289 0.000000
vn 0.139025 0.990289 0.000000
vn -0.289659 0.609891 -0.737652
vn -0.289659 0.609891 -0.737652
vn -0.289659 0.609891 -0.737652
vn -0.289659 0.609891 -0.737652
vn -0.352826 0.742892 -0.568882
vn -0.352826 0.742892 -0.568881
vn -0.352826 0.742892 -0.568882
vn -0.352826 0.742892 -0.568881
vn -0.907676 0.419672 0.000000
vn -0.907676 0.419672 0.000000
vn -0.907676 0.419672 0.000000
vn -0.907676 0.419672 0.000000
vn -0.289649 0.609868 0.737675
vn -0.289649 0.609868 0.737675
vn -0.289649 0.609868 0.737675
vn -0.289649 0.609868 0.737675
vn 0.139024 0.990289 0.000000
vn 0.139024 0.990289 0.000000
vn 0.139024 0.990289 0.000000
vn 0.139024 0.990289 0.000000
vn -1.000000 0.000000 0.000000
vn -1.000000 0.000000 0.000000
vn -1.000000 0.000000 0.000000
vn -1.000000 0.000000 0.000000
vn 0.000000 1.000000 0.000000
vn 0.000000 1.000000 0.000000
vn 0.000000 1.000000 0.000000
vn 0.000000 1.000000 0.000000
vn 1.000000 0.000000 0.000000
vn 1.000000 0.000000 0.000000
vn 1.000000 0.000000 0.000000
vn 1.000000 0.000000 0.000000
vn 0.000000 -1.000000 0.000000
vn 0.000000 -1.000000 0.000000
vn 0.000000 -1.000000 0.000000
vn 0.000000 -1.000000 0.000000
vn 0.000000 0.000000 1.000000
vn 0.000000 0.000000 1.000000
vn 0.000000 0.000000 1.000000
vn 0.000000 0.000000 1.000000
vn 0.000000 -0.605190 -0.796081
vn 0.000000 -0.605190 -0.796081
vn 0.000000 -0.605190 -0.796081
vn 0.000000 -0.605190 -0.796081
vn 0.000000 0.519619 -0.854398
vn 0.000000 0.519619 -0.854398
vn 0.000000 0.519619 -0.854398
vn 0.000000 0.519619 -0.854398
vn 1.000000 0.000000 0.000000
vn 1.000000 0.000000 0.000000
vn 1.000000 0.000000 0.000000
vn 1.000000 0.000000 0.000000
vn 0.000000 0.000000 1.000000
vn 0.000000 0.000000 1.000000
vn 0.000000 0.000000 1.000000
vn 0.000000 0.000000 1.000000
vn -1.000000 0.000000 0.000000
vn -1.000000 0.000000 0.000000
vn -1.000000 0.000000 0.000000
vn -1.000000 0.000000 0.000000
vn 0.000000 0.000000 -1.000000
vn 0.000000 0.000000 -1.000000
vn 0.000000 0.000000 -1.000000
vn 0.000000 0.000000 -1.000000
vn -0.000001 0.000000 1.000000
vn -0.000001 0.000000 1.000000
vn -0.000001 0.000000 1.000000
vn -0.000001 0.000000 1.000000
vn 0.000000 -1.000000 0.000000
vn 0.000000 -1.000000 0.000000
vn 0.000000 -1.000000 0.000000
vn 0.000000 -1.000000 0.000000
vn 1.000000 0.000000 0.000000
vn 1.000000 0.000000 0.000000
vn 1.000000 0.000000 0.000000
vn 1.000000 0.000000 0.000000
vn 0.000000 1.000000 0.000000
vn 0.000000 1.000000 0.000000
vn 0.000000 1.000000 0.000000
vn 0.000000 1.000000 0.000000
vn -1.000000 -0.000036 0.000000
vn -1.000000 -0.000036 0.000000
vn -1.000000 -0.000036 0.000000
vn -1.000000 -0.000036 0.000000
vn 0.000000 -1.000000 0.000000
vn 0.000000 -1.000000 0.000000
vn 0.000000 -1.000000 0.000000
vn 0.000000 -1.000000 0.000000
vn 1.000000 0.000000 0.000000
vn 1.000000 0.000000 0.000000
vn 1.000000 0.000000 0.000000
vn 1.000000 0.000000 0.000000
vn 0.000000 1.000000 0.000000
vn 0.000000 1.000000 0.000000
vn 0.000000 1.000000 0.000000
vn 0.000000 1.000000 0.000000
vn -1.000000 0.000014 0.000000
vn -1.000000 0.000014 0.000000
vn -1.000000 0.000014 0.000000
vn -1.000000 0.000014 0.000000
vn 1.000000 0.000000 0.000000
vn 1.000000 0.000000 0.000000
vn 1.000000 0.000000 0.000000
vn 1.000000 0.000000 0.000000
vn 0.000000 1.000000 0.000000
vn 0.000000 1.000000 0.000000
vn 0.000000 1.000000 0.000000
vn 0.000000 1.000000 0.000000
vn -1.000000 0.000005 0.000000
vn -1.000000 0.000010 0.000000
vn -1.000000 0.000040 0.000000
vn -1.000000 0.000040 0.000000
vn 0.000000 -1.000000 0.000000
vn 0.000000 -1.000000 0.000000
vn 0.000000 -1.000000 0.000000
vn 0.000000 -1.000000 0.000000
vn 0.000000 0.000000 -1.000000
vn 0.000000 0.000000 -1.000000
vn 0.000000 0.000000 -1.000000
vn 0.000000 0.000000 -1.000000
vn 0.000000 -0.605195 0.796077
vn 0.000000 -0.605195 0.796077
vn 0.000000 -0.605195 0.796077
vn 0.000000 -0.605195 0.796077
vn 0.000000 0.519623 0.854396
vn 0.000000 0.519623 0.854396
vn 0.000000 0.519623 0.854396
vn 0.000000 0.519623 0.854396
vn -1.000000 -0.000016 0.000000
vn -1.000000 -0.000016 0.000000
vn -1.000000 -0.000004 0.000000
vn -1.000000 -0.000003 0.000000
vn 0.000000 0.000000 -1.000000
vn 0.000000 0.000000 -1.000000
vn 0.000000 0.000000 -1.000000
vn 0.000000 0.000000 -1.000000
vn 1.000000 0.000000 0.000000
vn 1.000000 0.000000 0.000000
vn 1.000000 0.000000 0.000000
vn 1.000000 0.000000 0.000000
vn 0.000000 0.000000 1.000000
vn 0.000000 0.000000 1.000000
vn 0.000000 0.000000 1.000000
vn 0.000000 0.000000 1.000000
vn 0.000000 0.000000 -1.000000
vn 0.000000 0.000000 -1.000000
vn 0.000000 0.000000 -1.000000
vn 0.000000 0.000000 -1.000000
vn 0.000000 -1.000000 0.000000
vn 0.000000 -1.000000 0.000000
vn 0.000000 -1.000000 0.000000
vn 0.000000 -1.000000 0.000000
vn -1.000000 -0.000036 0.000000
vn -1.000000 -0.000036 0.000000
vn -1.000000 -0.000036 0.000000
vn -1.000000 -0.000036 0.000000
vn 0.000000 1.000000 0.000000
vn 0.000000 1.000000 0.000000
vn 0.000000 1.000000 0.000000
vn 0.000000 1.000000 0.000000
vn 1.000000 0.000000 0.000000
vn 1.000000 0.000000 0.000000
vn 1.000000 0.000000 0.000000
vn 1.000000 0.000000 0.000000
vn 0.000000 -1.000000 0.000000
vn 0.000000 -1.000000 0.000000
vn 0.000000 -1.000000 0.000000
vn 0.000000 -1.000000 0.000000
vn -1.000000 0.000029 0.000000
vn -1.000000 0.000029 0.000000
vn -1.000000 0.000029 0.000000
vn -1.000000 0.000029 0.000000
vn 0.000000 1.000000 0.000000
vn 0.000000 1.000000 0.000000
vn 0.000000 1.000000 0.000000
vn 0.000000 1.000000 0.000000
vn 1.000000 0.000000 0.000000
vn 1.000000 0.000000 0.000000
vn 1.000000 0.000000 0.000000
vn 1.000000 0.000000 0.000000
vn -1.000000 -0.000004 0.000000
vn -1.000000 -0.000004 0.000000
vn -1.000000 -0.000004 0.000000
vn -1.000000 -0.000004 0.000000
vn 0.000000 1.000000 0.000000
vn 0.000000 1.000000 0.000000
vn 0.000000 1.000000 0.000000
vn 0.000000 1.000000 0.000000
vn 1.000000 -0.000008 0.000000
vn 1.000000 -0.000008 0.000000
vn 1.000000 -0.000008 0.000000
vn 1.000000 -0.000008 0.000000
vn 0.000000 -1.000000 0.000000
vn 0.000000 -1.000000 0.000000
vn 0.000000 -1.000000 0.000000
vn 0.000000 -1.000000 0.000000
vn 0.000000 -0.374478 0.927236
vn 0.000000 -0.374478 0.927236
vn 0.000000 -0.374478 0.927236
vn 0.000000 -0.374478 0.927236
vn 0.000000 -0.374446 -0.927249
vn 0.000000 -0.374446 -0.927249
vn 0.000000 -0.374446 -0.927249
vn 0.000000 -0.374446 -0.927249
vn -1.000000 -0.000008 0.000000
vn -1.000000 -0.000008 0.000000
vn -1.000000 -0.000008 0.000000
vn -1.000000 -0.000008 0.000000
vn 0.000000 1.000000 0.000000
vn 0.000000 1.000000 0.000000
vn 0.000000 1.000000 0.000000
vn 0.000000 1.000000 0.000000
vn 1.000000 0.000008 0.000000
vn 1.000000 0.000008 0.000000
vn 1.000000 0.000008 0.000000
vn 1.000000 0.000008 0.000000
vn 0.000000 -1.000000 0.000000
vn 0.000000 -1.000000 0.000000
vn 0.000000 -1.000000 0.000000
vn 0.000000 -1.000000 0.000000
vn 0.000000 -0.374471 0.927239
vn 0.000000 -0.374471 0.927239
vn 0.000000 -0.374471 0.927239
vn 0.000000 -0.374471 0.927239
vn -0.000001 -0.374443 -0.927250
vn -0.000001 -0.374443 -0.927250
vn -0.000001 -0.374443 -0.927250
vn -0.000001 -0.374443 -0.927250
vn -1.000000 0.000012 0.000000
vn -1.000000 0.000012 0.000000
vn -1.000000 0.000012 0.000000
vn -1.000000 0.000012 0.000000
vn 0.000000 1.000000 0.000000
vn 0.000000 1.000000 0.000000
vn 0.000000 1.000000 0.000000
vn 0.000000 1.000000 0.000000
vn 1.000000 -0.000008 0.000000
vn 1.000000 -0.000008 0.000000
vn 1.000000 -0.000008 0.000000
vn 1.000000 -0.000008 0.000000
vn 0.000000 -1.000000 0.000000
vn 0.000000 -1.000000 0.000000
vn 0.000000 -1.000000 0.000000
vn 0.000000 -1.000000 0.000000
vn 0.000000 -0.374471 0.927239
vn 0.000000 -0.374471 0.927239
vn 0.000000 -0.374471 0.927239
vn 0.000000 -0.374471 0.927239
vn 0.000000 -0.374446 -0.927249
vn 0.000000 -0.374446 -0.927249
vn 0.000000 -0.374446 -0.927249
vn 0.000000 -0.374446 -0.927249
vn -1.000000 0.000000 0.000000
vn -1.000000 0.000000 0.000000
vn -1.000000 0.000000 0.000000
vn -1.000000 0.000000 0.000000
vn 0.000000 1.000000 0.000000
vn 0.000000 1.000000 0.000000
vn 0.000000 1.000000 0.000000
vn 0.000000 1.000000 0.000000
vn 1.000000 0.000000 0.000000
vn 1.000000 0.000000 0.000000
vn 1.000000 0.000000 0.000000
vn 1.000000 0.000000 0.000000
vn 0.000000 -1.000000 -0.000000
vn 0.000000 -1.000000 -0.000000
vn 0.000000 -1.000000 0.000000
vn 0.000000 -1.000000 -0.000000
vn 0.000001 0.000000 -1.000000
vn 0.000001 0.000000 -1.000000
vn 0.000001 0.000000 -1.000000
vn 0.000001 0.000000 -1.000000
vn 0.000000 1.000000 0.000000
vn 0.000000 1.000000 0.000000
vn 0.000000 1.000000 0.000000
vn 0.000000 1.000000 0.000000
vn 0.000000 1.000000 -0.000000
vn 0.000000 1.000000 -0.000000
vn 0.000000 1.000000 -0.000000
vn 0.000000 1.000000 -0.000000
vn 1.000000 0.000000 0.000000
vn 1.000000 0.000000 0.000000
vn 1.000000 0.000000 0.000000
vn 1.000000 0.000000 0.000000
vn 0.000000 0.000000 -1.000000
vn 0.000000 0.000000 -1.000000
vn 0.000000 0.000000 -1.000000
vn 0.000000 0.000000 -1.000000
vn -1.000000 0.000000 0.000000
vn -1.000000 0.000000 0.000000
vn -1.000000 0.000000 0.000000
vn -1.000000 0.000000 0.000000
vn -0.000001 0.000000 1.000000
vn -0.000001 0.000000 1.000000
vn -0.000001 0.000000 1.000000
vn -0.000001 0.000000 1.000000
vn 0.000000 0.000000 1.000000
vn 0.000000 0.000000 1.000000
vn 0.000000 0.000000 1.000000
vn 0.000000 0.000000 1.000000
vn -0.707111 -0.707102 -0.000001
vn -0.707111 -0.707102 -0.000001
vn -0.707113 -0.707101 -0.000001
vn -0.707113 -0.707101 -0.000001
vn 0.000000 0.000000 1.000000
vn 0.000000 0.000000 1.000000
vn 0.000000 0.000000 1.000000
vn 0.000000 0.000000 1.000000
vn 1.000000 0.000000 0.000000
vn 1.000000 0.000000 0.000000
vn 1.000000 0.000000 0.000000
vn 1.000000 0.000000 0.000000
vn -0.000001 -0.000000 -1.000000
vn -0.000001 -0.000000 -1.000000
vn -0.000001 -0.000000 -1.000000
vn -0.000001 -0.000000 -1.000000
vn -0.000001 0.000000 -1.000000
vn -0.000001 0.000000 -1.000000
vn -1.000000 0.000000 0.000000
vn -1.000000 0.000000 0.000000
vn -1.000000 0.000000 0.000000
vn -1.000000 0.000000 0.000000
vn 0.000000 0.000000 1.000000
vn 0.000000 0.000000 1.000000
vn 1.000000 0.000000 0.000000
vn 1.000000 0.000000 0.000000
vn 0.000000 0.000000 -1.000000
vn 0.000000 0.000000 -1.000000
vn 0.000000 0.000000 -1.000000
vn 0.000000 0.000000 -1.000000
vn -1.000000 0.000000 0.000000
vn -1.000000 0.000000 0.000000
vn -1.000000 0.000000 0.000000
vn -1.000000 0.000000 0.000000
vn 0.000000 0.000000 1.000000
vn 0.000000 0.000000 1.000000
vn 0.000000 0.000000 1.000000
vn 0.000000 0.000000 1.000000
vn 1.000000 0.000000 0.000000
vn 1.000000 0.000000 0.000000
vn 1.000000 0.000000 0.000000
vn 1.000000 0.000000 0.000000
vn -0.000000 -0.981104 -0.193480
vn -0.000000 -0.981104 -0.193480
vn -0.000000 -0.981104 -0.193480
vn -0.000000 -0.981104 -0.193480
vn -0.000000 0.981104 -0.193480
vn -0.000000 0.981104 -0.193480
vn -0.000000 0.981104 -0.193480
vn -0.000000 0.981104 -0.193480
vn -0.286469 -0.958089 0.000000
vn -0.286467 -0.958090 0.000000
vn -0.286467 -0.958090 0.000000
vn -0.286470 -0.958089 0.000000
vn -0.286460 0.958092 0.000000
vn -0.286460 0.958092 0.000000
vn -0.286460 0.958092 0.000000
vn -0.286460 0.958092 0.000000
vn 0.000000 -0.981100 0.193500
vn 0.000000 -0.981100 0.193500
vn 0.000000 -0.981100 0.193500
vn 0.000000 -0.981100 0.193500
vn 0.000000 0.981100 0.193500
vn 0.000000 0.981100 0.193500
vn 0.000000 0.981100 0.193500
vn 0.000000 0.981100 0.193500
vn 0.286459 0.958093 0.000000
vn 0.286465 0.958091 0.000000
vn 0.286465 0.958091 0.000000
vn 0.286459 0.958093 0.000000
vn 0.286469 -0.958089 0.000000
vn 0.286469 -0.958089 0.000000
vn 0.286463 -0.958091 0.000000
vn 0.286463 -0.958091 0.000000
vn -0.000001 0.000000 -1.000000
vn -0.000001 0.000000 -1.000000
vn -0.000001 0.000000 -1.000000
vn -0.000001 0.000000 -1.000000
vn -1.000000 0.000000 0.000000
vn -1.000000 0.000000 0.000000
vn -1.000000 0.000000 0.000000
vn -1.000000 0.000000 0.000000
vn 0.000000 0.000000 1.000000
vn 0.000000 0.000000 1.000000
vn 0.000000 0.000000 1.000000
vn 0.000000 0.000000 1.000000
vn 1.000000 0.000000 0.000000
vn 1.000000 0.000000 0.000000
vn 1.000000 0.000000 0.000000
vn 1.000000 0.000000 0.000000
vn 0.000000 -1.000000 0.000000
vn 0.000000 -1.000000 0.000000
vn 0.000000 -1.000000 0.000000
vn 0.000000 -1.000000 0.000000
vn 0.000000 1.000000 0.000000
vn 0.000000 1.000000 0.000000
vn 0.000000 1.000000 0.000000
vn 0.000000 1.000000 0.000000
vn 0.000000 -1.000000 0.000000
vn 0.000000 -1.000000 0.000000
vn 0.000000 -1.000000 0.000000
vn 0.000000 -1.000000 0.000000
vn 0.000000 -1.000000 -0.000002
vn 0.000000 -1.000000 -0.000002
vn 0.000000 -1.000000 -0.000002
vn 0.000000 -1.000000 -0.000002
vn 0.000000 1.000000 0.000000
vn 0.000000 1.000000 0.000000
vn 0.000000 1.000000 0.000000
vn 0.000000 1.000000 0.000000
vn 0.000000 -1.000000 0.000002
vn 0.000000 -1.000000 0.000002
vn 0.000000 -1.000000 0.000002
vn 0.000000 -1.000000 0.000002
vn 0.000000 -1.000000 0.000000
vn 0.000000 -1.000000 0.000000
vn 0.000000 -1.000000 0.000000
vn 0.000000 -1.000000 0.000000
vn -0.707116 -0.707098 0.000002
vn -0.707116 -0.707098 0.000002
vn -0.707114 -0.707100 0.000005
vn -0.707114 -0.707100 0.000005
vn -1.000000 0.000000 0.000000
vn -1.000000 0.000000 0.000000
vn -1.000000 0.000000 0.000000
vn -1.000000 0.000000 0.000000
vn -0.286461 -0.958092 0.000000
vn -0.286461 -0.958092 0.000000
vn -0.286459 -0.958092 0.000000
vn -0.286459 -0.958092 0.000000
vn -1.000000 0.000000 0.000000
vn -1.000000 0.000000 0.000000
vn -1.000000 0.000000 0.000000
vn -1.000000 0.000000 0.000000
vn -0.286449 0.958096 0.000000
vn -0.286456 0.958094 0.000000
vn -0.286456 0.958094 0.000000
vn -0.286449 0.958096 0.000000
vn -1.000000 0.000000 0.000000
vn -1.000000 0.000000 0.000000
vn -1.000000 0.000000 0.000000
vn -1.000000 0.000000 0.000000
vn 0.000000 -1.000000 0.000000
vn 0.000000 -1.000000 0.000000
vn 0.000000 -1.000000 0.000000
vn 0.000000 -1.000000 0.000000
vn -1.000000 0.000000 0.000000
vn -1.000000 0.000000 0.000000
vn -1.000000 0.000000 0.000000
vn -1.000000 0.000000 0.000000
vn 0.000000 1.000000 0.000000
vn 0.000000 1.000000 0.000000
vn 0.000000 1.000000 0.000000
vn 0.000000 1.000000 0.000000
vn 1.000000 0.000000 0.000000
vn 1.000000 0.000000 0.000000
vn 1.000000 0.000000 0.000000
vn 1.000000 0.000000 0.000000
vn 0.000000 1.000000 0.000000
vn 0.000000 1.000000 0.000000
vn 0.000000 1.000000 -0.000000
vn 0.000000 1.000000 -0.000000
vn -1.000000 0.000000 0.000000
vn -1.000000 0.000000 0.000000
vn -1.000000 0.000000 0.000000
vn -1.000000 0.000000 0.000000
vn 0.000000 1.000000 0.000000
vn 0.000000 1.000000 0.000000
vn 0.000000 1.000000 0.000000
vn 0.000000 1.000000 0.000000
vn 1.000000 0.000000 0.000000
vn 1.000000 0.000000 0.000000
vn 1.000000 0.000000 0.000000
vn 1.000000 0.000000 0.000000
vn 0.000000 -1.000000 -0.000000
vn 0.000000 -1.000000 -0.000000
vn 0.000000 -1.000000 -0.000000
vn 0.000000 -1.000000 -0.000000
vn 1.000000 0.000000 0.000000
vn 1.000000 0.000000 0.000000
vn 1.000000 0.000000 0.000000
vn 1.000000 0.000000 0.000000
vn 0.286479 0.958086 0.000000
vn 0.286479 0.958086 0.000000
vn 0.286478 0.958087 0.000000
vn 0.286478 0.958087 0.000000
vn 1.000000 0.000000 0.000000
vn 1.000000 0.000000 0.000000
vn 1.000000 0.000000 0.000000
vn 1.000000 0.000000 0.000000
vn 0.286478 -0.958087 0.000000
vn 0.286481 -0.958086 0.000000
vn 0.286481 -0.958086 0.000000
vn 0.286478 -0.958087 0.000000
vn 1.000000 0.000000 0.000000
vn 1.000000 0.000000 0.000000
vn 1.000000 0.000000 0.000000
vn 1.000000 0.000000 0.000000
vn 1.000000 0.000000 0.000000
vn 1.000000 0.000000 0.000000
vn -1.000000 0.000000 0.000000
vn -1.000000 0.000000 0.000000
vn -1.000000 0.000000 0.000000
vn -1.000000 0.000000 0.000000
vn -0.000005 0.000000 -1.000000
vn -0.000005 0.000000 -1.000000
vn -0.000005 0.000000 -1.000000
vn -0.000005 0.000000 -1.000000
vn -0.806030 -0.591875 0.000000
vn -0.806030 -0.591875 0.000000
vn -0.806030 -0.591875 0.000000
vn -0.806030 -0.591875 0.000000
vn 0.000003 0.000000 1.000000
vn 0.000003 0.000000 1.000000
vn 0.000003 0.000000 1.000000
vn 0.000003 0.000000 1.000000
vn -0.806030 0.591875 0.000000
vn -0.806030 0.591875 0.000000
vn -0.806030 0.591875 0.000000
vn -0.806030 0.591875 0.000000
vn -0.586108 0.810233 0.000000
vn -0.586108 0.810233 0.000000
vn -0.586108 0.810233 0.000000
vn -0.586108 0.810233 0.000000
vn -0.430166 0.902750 0.000000
vn -0.430166 0.902750 0.000000
vn 0.000000 1.000000 0.000000
vn 0.000000 1.000000 0.000000
vn 0.586108 0.810233 0.000000
vn 0.586108 0.810233 0.000000
vn 0.586108 0.810233 0.000000
vn 0.586108 0.810233 0.000000
vn 0.000000 -1.000000 0.000000
vn 0.000000 -1.000000 0.000000
vn 0.000000 -1.000000 0.000000
vn 0.000000 -1.000000 0.000000
vn 0.000000 0.000000 1.000000
vn -0.000000 0.000000 1.000000
vn -0.000000 0.000000 1.000000
vn 0.000000 0.000000 1.000000
vn 0.000000 0.000000 -1.000000
vn 0.000000 0.000000 -1.000000
vn 0.000000 0.000000 -1.000000
vn 0.000000 0.000000 -1.000000
vn 0.000000 0.000000 -1.000000
vn 0.000000 0.000000 -1.000000
vn 0.000000 -1.000000 0.000000
vn 0.000000 -1.000000 0.000000
vn -0.000000 0.000000 1.000000
vn -0.000000 0.000000 1.000000
vn 0.430166 0.902750 0.000000
vn 0.430166 0.902750 0.000000
vn -0.586114 0.810229 0.000000
vn -0.586114 0.810229 0.000000
vn -0.586114 0.810229 0.000000
vn -0.586114 0.810229 0.000000
vn -0.430167 0.902749 0.000000
vn -0.430167 0.902749 0.000000
vn 0.000008 1.000000 0.000000
vn 0.000008 1.000000 0.000000
vn 0.586108 0.810233 0.000000
vn 0.586108 0.810233 0.000000
vn 0.586108 0.810233 0.000000
vn 0.586108 0.810233 0.000000
vn 0.000000 -1.000000 0.000000
vn 0.000000 -1.000000 0.000000
vn 0.000000 -1.000000 0.000000
vn 0.000000 -1.000000 0.000000
vn 0.000000 0.000000 1.000000
vn 0.000000 0.000000 1.000000
vn 0.000000 0.000000 1.000000
vn 0.000000 0.000000 1.000000
vn -0.000001 0.000000 -1.000000
vn -0.000001 0.000000 -1.000000
vn -0.000001 0.000000 -1.000000
vn -0.000001 0.000000 -1.000000
vn 0.000000 0.000000 -1.000000
vn 0.000000 0.000000 -1.000000
vn 0.000000 -1.000000 0.000000
vn 0.000000 -1.000000 0.000000
vn 0.000000 0.000000 1.000000
vn 0.000000 0.000000 1.000000
vn 0.430164 0.902751 0.000000
vn 0.430164 0.902751 0.000000
vn -0.423964 0.000007 0.905679
vn -0.423965 0.000032 0.905678
vn -0.423965 0.000034 0.905679
vn -0.423964 0.000006 0.905679
vn 0.000000 1.000000 0.000000
vn 0.000000 1.000000 0.000000
vn 0.000000 1.000000 0.000000
vn 0.000000 1.000000 0.000000
vn 0.905668 0.000000 0.423988
vn 0.905686 0.000000 0.423948
vn 0.905687 0.000000 0.423948
vn 0.905668 0.000000 0.423988
vn -0.423979 -0.000005 0.905672
vn -0.423964 -0.000007 0.905679
vn -0.423980 0.000005 0.905672
vn 0.000000 1.000000 0.000000
vn 0.000000 1.000000 0.000000
vn 0.000000 1.000000 0.000000
vn 0.905668 0.000000 0.423988
vn 0.905668 0.000000 0.423989
vn 0.905668 0.000000 0.423988
vn 0.000000 -1.000000 -0.000000
vn 0.000000 -1.000000 0.000000
vn 0.000000 -1.000000 0.000000
vn 0.000000 -1.000000 0.000000
vn -0.423965 -0.000032 0.905679
vn -0.423964 -0.000006 0.905679
vn -0.423965 -0.000034 0.905679
vn 0.905668 0.000000 0.423987
vn 0.905668 0.000000 0.423988
vn 0.905668 0.000000 0.423988
vn 0.000000 -1.000000 -0.000000
vn 0.000000 -1.000000 -0.000000
vn 0.000000 -1.000000 -0.000001
vn 0.000000 1.000000 0.000000
vn 0.000000 1.000000 0.000000
vn 0.000000 1.000000 0.000000
vn 0.423965 0.000034 -0.905679
vn 0.423964 0.000006 -0.905679
vn 0.423964 0.000007 -0.905679
vn 0.423965 0.000033 -0.905678
vn 0.423975 0.000005 -0.905674
vn 0.423975 -0.000005 -0.905674
vn 0.423964 -0.000006 -0.905679
vn 0.905686 0.000000 0.423949
vn 0.905686 0.000000 0.423949
vn 0.423965 -0.000034 -0.905679
vn 0.423965 -0.000033 -0.905679
vn 0.423964 -0.000007 -0.905679
vn 0.000000 -1.000000 -0.000000
vn 0.000000 -1.000000 0.000000
vn 0.000000 -1.000000 0.000000
vn 0.000000 1.000000 0.000000
vn 0.000000 1.000000 0.000000
vn -0.905668 0.000000 -0.423988
vn -0.905668 0.000000 -0.423988
vn -0.905668 0.000000 -0.423988
vn -0.905668 0.000000 -0.423988
vn -0.905686 0.000000 -0.423949
vn -0.905686 0.000000 -0.423949
vn -0.905668 0.000000 -0.423988
vn 0.423979 0.000000 -0.905672
vn 0.423979 0.000000 -0.905672
vn -0.905668 0.000000 -0.423988
vn -0.905668 0.000000 -0.423988
vn -0.905668 0.000000 -0.423988
vn 0.000000 -1.000000 0.000000
vn 0.000000 -1.000000 0.000001
vn -0.423974 0.000005 0.905674
vn -0.423975 -0.000005 0.905674
vn -0.905686 0.000000 -0.423949
vn -0.905686 0.000000 -0.423949
vn 0.000000 1.000000 0.000000
vn -0.423975 -0.000031 0.905674
vn 0.905686 0.000000 0.423949
vn -0.423976 0.000031 0.905674
vn 0.000000 -1.000000 0.000000
vn 0.905686 0.000000 0.423948
vn 0.423955 0.000024 -0.905683
vn 0.000000 1.000000 0.000000
vn 0.905686 0.000000 0.423949
vn 0.000000 -1.000000 -0.000001
vn 0.423956 -0.000024 -0.905683
vn 0.905686 0.000000 0.423949
vn -0.905686 0.000000 -0.423949
vn 0.000000 1.000000 0.000000
vn 0.423976 0.000000 -0.905673
vn 0.000000 -1.000000 0.000000
vn -0.905686 0.000000 -0.423948
vn 0.423976 0.000000 -0.905673
vn -0.423955 0.000024 0.905683
vn 0.000000 1.000000 0.000000
vn -0.905686 0.000000 -0.423949
vn 0.000000 -1.000000 0.000001
vn -0.423955 -0.000024 0.905683
vn -0.905687 0.000000 -0.423948
vn -0.423966 0.000007 0.905678
vn -0.423967 0.000033 0.905678
vn -0.423966 0.000034 0.905678
vn -0.423966 0.000006 0.905678
vn 0.000000 1.000000 0.000000
vn 0.000000 1.000000 0.000000
vn 0.000000 1.000000 0.000000
vn 0.000000 1.000000 0.000000
vn 0.905668 0.000000 0.423988
vn 0.905686 0.000000 0.423949
vn 0.905686 0.000000 0.423949
vn 0.905668 0.000000 0.423988
vn -0.423979 0.000000 0.905672
vn -0.423966 -0.000007 0.905678
vn -0.423979 0.000000 0.905672
vn 0.000000 1.000000 0.000000
vn 0.000000 1.000000 0.000000
vn 0.000000 1.000000 0.000000
vn 0.905668 0.000000 0.423988
vn 0.905668 0.000000 0.423988
vn 0.905668 0.000000 0.423988
vn 0.000000 -1.000000 -0.000000
vn 0.000000 -1.000000 0.000000
vn 0.000000 -1.000000 0.000000
vn 0.000000 -1.000000 0.000000
vn -0.423966 -0.000033 0.905678
vn -0.423966 -0.000006 0.905678
vn -0.423966 -0.000034 0.905678
vn 0.905668 0.000000 0.423988
vn 0.905668 0.000000 0.423987
vn 0.905668 0.000000 0.423988
vn 0.000000 -1.000000 -0.000000
vn 0.000000 -1.000000 -0.000000
vn 0.000000 -1.000000 -0.000001
vn 0.000000 1.000000 0.000000
vn 0.000000 1.000000 0.000000
vn 0.000000 1.000000 0.000000
vn 0.423965 0.000034 -0.905679
vn 0.423964 0.000006 -0.905679
vn 0.423964 0.000007 -0.905679
vn 0.423965 0.000032 -0.905678
vn 0.423975 0.000005 -0.905674
vn 0.423975 -0.000005 -0.905674
vn 0.423964 -0.000006 -0.905679
vn 0.905686 0.000000 0.423949
vn 0.905686 0.000000 0.423949
vn 0.423965 -0.000034 -0.905679
vn 0.423965 -0.000032 -0.905679
vn 0.423964 -0.000007 -0.905679
vn 0.000000 -1.000000 -0.000000
vn 0.000000 -1.000000 0.000000
vn 0.000000 -1.000000 0.000000
vn 0.000000 1.000000 0.000000
vn 0.000000 1.000000 0.000000
vn -0.905653 0.000000 -0.424020
vn -0.905653 0.000000 -0.424019
vn -0.905653 0.000000 -0.424020
vn -0.905653 0.000000 -0.424020
vn -0.905686 0.000000 -0.423949
vn -0.905686 0.000000 -0.423948
vn -0.905654 0.000000 -0.424018
vn 0.423977 -0.000005 -0.905673
vn 0.423977 0.000005 -0.905673
vn -0.905653 0.000000 -0.424019
vn -0.905653 0.000000 -0.424020
vn -0.905652 0.000000 -0.424021
vn 0.000000 -1.000000 0.000000
vn 0.000000 -1.000000 0.000001
vn -0.423975 0.000005 0.905674
vn -0.423975 -0.000005 0.905674
vn -0.905686 0.000000 -0.423949
vn -0.905686 0.000000 -0.423949
vn 0.000000 1.000000 0.000000
vn -0.423975 0.000000 0.905674
vn 0.905686 0.000000 0.423949
vn -0.423974 0.000000 0.905674
vn 0.000000 -1.000000 0.000000
vn 0.905686 0.000000 0.423949
vn 0.423954 0.000024 -0.905684
vn 0.000000 1.000000 0.000000
vn 0.905686 0.000000 0.423949
vn 0.000000 -1.000000 -0.000001
vn 0.423955 -0.000024 -0.905683
vn 0.905686 0.000000 0.423948
vn -0.905686 0.000000 -0.423949
vn 0.000000 1.000000 0.000000
vn 0.423974 -0.000031 -0.905675
vn 0.000000 -1.000000 0.000000
vn -0.905687 0.000000 -0.423947
vn 0.423975 0.000031 -0.905674
vn -0.423953 0.000024 0.905684
vn 0.000000 1.000000 0.000000
vn -0.905686 0.000000 -0.423949
vn 0.000000 -1.000000 0.000001
vn -0.423954 -0.000024 0.905684
vn -0.905686 0.000000 -0.423949
vn 0.000000 -1.000000 0.000000
vn 0.000000 -1.000000 0.000000
vn 0.000000 -1.000000 0.000000
vn 0.000000 -1.000000 0.000000
vn 0.905679 0.000000 0.423964
vn 0.905679 0.000000 0.423965
vn 0.905679 0.000000 0.423965
vn 0.905679 0.000000 0.423964
vn 0.423942 0.000005 -0.905689
vn 0.423942 0.000025 -0.905689
vn 0.423945 0.000033 -0.905688
vn 0.423945 0.000005 -0.905688
vn 0.000000 -1.000000 0.000000
vn 0.000000 -1.000000 0.000000
vn 0.000000 -1.000000 0.000000
vn 0.905686 0.000000 0.423949
vn 0.905686 0.000000 0.423949
vn 0.905679 0.000000 0.423965
vn 0.423933 0.000027 -0.905694
vn 0.423947 -0.000026 -0.905687
vn 0.423933 -0.000027 -0.905693
vn -0.905679 0.000000 -0.423964
vn -0.905679 0.000000 -0.423964
vn -0.905679 0.000000 -0.423964
vn -0.905679 0.000000 -0.423964
vn 0.000000 -1.000000 0.000000
vn 0.000000 -1.000000 0.000000
vn 0.000000 -1.000000 0.000000
vn 0.423951 0.000000 -0.905685
vn 0.423933 -0.000024 -0.905694
vn 0.423945 -0.000031 -0.905688
vn -0.905686 0.000000 -0.423950
vn -0.905679 0.000000 -0.423965
vn -0.905686 0.000000 -0.423948
vn 0.905679 0.000000 0.423964
vn 0.905679 0.000000 0.423964
vn 0.905679 0.000000 0.423965
vn 0.000000 1.000000 0.000000
vn 0.000000 1.000000 0.000000
vn 0.000000 1.000000 0.000000
vn 0.000000 1.000000 0.000000
vn 0.000000 1.000000 0.000000
vn 0.000000 1.000000 0.000000
vn 0.000000 1.000000 0.000000
vn 0.423946 -0.000005 -0.905687
vn 0.423947 0.000004 -0.905687
vn 0.000000 1.000000 0.000000
vn 0.000000 1.000000 0.000000
vn 0.000000 1.000000 0.000000
vn -0.905679 0.000000 -0.423965
vn -0.905679 0.000000 -0.423965
vn -0.905679 0.000000 -0.423965
vn 0.905686 0.000000 0.423949
vn 0.905686 0.000000 0.423949
vn -0.423964 0.000000 0.905679
vn -0.423945 -0.000041 0.905688
vn -0.423945 0.000041 0.905688
vn -0.423964 0.000000 0.905679
vn -0.423945 -0.000041 0.905688
vn -0.423940 -0.000046 0.905690
vn -0.423940 -0.000046 0.905690
vn 0.000000 1.000000 0.000000
vn 0.000000 1.000000 0.000000
vn -0.423934 -0.000027 0.905693
vn -0.423934 0.000027 0.905693
vn -0.423940 0.000046 0.905691
vn -0.905687 0.000000 -0.423948
vn -0.905686 0.000000 -0.423949
vn 0.000000 -1.000000 0.000000
vn 0.000000 -1.000000 0.000000
vn -0.423945 0.000041 0.905688
vn -0.423940 0.000046 0.905691
vn 0.905686 0.000000 0.423949
vn 0.000000 -1.000000 0.000000
vn 0.423933 0.000027 -0.905693
vn 0.000000 -1.000000 0.000002
vn -0.905686 0.000000 -0.423948
vn 0.423951 0.000063 -0.905685
vn 0.000000 1.000000 0.000000
vn 0.905686 0.000000 0.423949
vn 0.423934 -0.000027 -0.905693
vn -0.905687 0.000000 -0.423947
vn 0.000000 1.000000 0.000000
vn 0.423933 0.000024 -0.905694
vn -0.423963 0.000000 0.905679
vn 0.905686 0.000000 0.423949
vn 0.000000 1.000000 0.000000
vn -0.905686 0.000000 -0.423949
vn -0.423934 -0.000027 0.905693
vn 0.000000 1.000000 0.000000
vn 0.000000 -1.000000 0.000000
vn 0.905686 0.000000 0.423948
vn -0.423964 0.000000 0.905679
vn -0.905686 0.000000 -0.423949
vn 0.000000 -1.000000 0.000000
vn -0.423934 0.000027 0.905693
vn 0.000000 -1.000000 0.000000
vn 0.000000 -1.000000 0.000000
vn 0.000000 -1.000000 0.000000
vn 0.000000 -1.000000 0.000000
vn 0.905679 0.000000 0.423963
vn 0.905679 0.000000 0.423964
vn 0.905679 0.000000 0.423964
vn 0.905679 0.000000 0.423963
vn 0.423934 -0.000000 -0.905693
vn 0.423934 0.000020 -0.905693
vn 0.423936 0.000026 -0.905692
vn 0.423937 0.000006 -0.905692
vn 0.000000 -1.000000 0.000000
vn 0.000000 -1.000000 0.000000
vn 0.000000 -1.000000 0.000000
vn 0.905686 0.000000 0.423950
vn 0.905686 0.000000 0.423948
vn 0.905679 0.000000 0.423964
vn 0.423917 0.000000 -0.905701
vn 0.423934 -0.000021 -0.905693
vn 0.423918 0.000000 -0.905701
vn -0.905679 0.000000 -0.423964
vn -0.905679 0.000000 -0.423964
vn -0.905679 0.000000 -0.423964
vn -0.905679 0.000000 -0.423964
vn 0.000000 -1.000000 0.000000
vn 0.000000 -1.000000 0.000000
vn 0.000000 -1.000000 0.000000
vn 0.423932 -0.000007 -0.905694
vn 0.423935 -0.000005 -0.905693
vn 0.423937 -0.000029 -0.905692
vn -0.905686 0.000000 -0.423950
vn -0.905679 0.000000 -0.423965
vn -0.905687 0.000000 -0.423947
vn 0.905680 0.000000 0.423963
vn 0.905680 0.000000 0.423963
vn 0.905679 0.000000 0.423964
vn 0.000000 1.000000 0.000000
vn 0.000000 1.000000 0.000000
vn 0.000000 1.000000 0.000000
vn 0.000000 1.000000 0.000000
vn 0.000000 1.000000 0.000000
vn 0.000000 1.000000 0.000000
vn 0.000000 1.000000 0.000000
vn 0.423933 0.000000 -0.905693
vn 0.423937 0.000004 -0.905692
vn 0.000000 1.000000 0.000000
vn 0.000000 1.000000 0.000000
vn 0.000000 1.000000 0.000000
vn -0.905679 0.000000 -0.423965
vn -0.905679 0.000000 -0.423965
vn -0.905679 0.000000 -0.423965
vn 0.905686 0.000000 0.423948
vn 0.905686 0.000000 0.423948
vn -0.423963 -0.000027 0.905680
vn -0.423947 -0.000025 0.905687
vn -0.423946 0.000025 0.905687
vn -0.423964 0.000027 0.905679
vn -0.423946 -0.000025 0.905687
vn -0.423941 -0.000020 0.905690
vn -0.423941 -0.000020 0.905690
vn 0.000000 1.000000 0.000000
vn 0.000000 1.000000 0.000000
vn -0.423933 0.000000 0.905693
vn -0.423934 0.000000 0.905693
vn -0.423941 0.000020 0.905690
vn -0.905687 0.000000 -0.423948
vn -0.905686 0.000000 -0.423948
vn 0.000000 -1.000000 0.000000
vn 0.000000 -1.000000 0.000000
vn -0.423946 0.000025 0.905688
vn -0.423940 0.000020 0.905690
vn 0.905686 0.000000 0.423949
vn 0.000000 -1.000000 0.000000
vn 0.423917 0.000000 -0.905701
vn 0.000000 -1.000000 0.000000
vn -0.905686 0.000000 -0.423950
vn 0.423932 0.000032 -0.905694
vn 0.000000 1.000000 0.000000
vn 0.905687 0.000000 0.423948
vn 0.423918 0.000000 -0.905701
vn -0.905687 0.000000 -0.423947
vn 0.000000 1.000000 0.000000
vn 0.423935 0.000023 -0.905693
vn -0.423963 -0.000027 0.905680
vn 0.905686 0.000000 0.423948
vn 0.000000 1.000000 0.000000
vn -0.905686 0.000000 -0.423948
vn -0.423933 0.000000 0.905694
vn 0.000000 1.000000 0.000000
vn 0.000000 -1.000000 0.000000
vn 0.905686 0.000000 0.423948
vn -0.423964 0.000027 0.905679
vn -0.905686 0.000000 -0.423949
vn 0.000000 -1.000000 0.000000
vn -0.423934 0.000000 0.905693
vn -0.423964 0.000007 0.905679
vn -0.423966 0.000033 0.905678
vn -0.423965 0.000034 0.905679
vn -0.423964 0.000006 0.905679
vn 0.000000 1.000000 0.000000
vn 0.000000 1.000000 0.000000
vn 0.000000 1.000000 0.000000
vn 0.000000 1.000000 0.000000
vn 0.905654 0.000000 0.424018
vn 0.905682 0.000000 0.423958
vn 0.905683 0.000000 0.423955
vn 0.905654 0.000000 0.424018
vn -0.423979 0.000000 0.905672
vn -0.423964 -0.000007 0.905679
vn -0.423979 0.000000 0.905672
vn 0.000000 1.000000 0.000000
vn 0.000000 1.000000 0.000000
vn 0.000000 1.000000 0.000000
vn 0.905653 0.000000 0.424020
vn 0.905656 -0.000000 0.424012
vn 0.905661 0.000000 0.424003
vn 0.000000 -1.000000 -0.000000
vn 0.000000 -1.000000 0.000000
vn 0.000000 -1.000000 0.000000
vn 0.000000 -1.000000 0.000000
vn -0.423965 -0.000033 0.905679
vn -0.423964 -0.000006 0.905679
vn -0.423965 -0.000034 0.905679
vn 0.905653 0.000000 0.424020
vn 0.905653 0.000000 0.424019
vn 0.905655 -0.000000 0.424015
vn 0.000000 -1.000000 -0.000000
vn 0.000000 -1.000000 -0.000000
vn 0.000000 -1.000000 -0.000001
vn 0.000000 1.000000 0.000000
vn 0.000000 1.000000 0.000000
vn 0.000000 1.000000 0.000000
vn 0.423966 0.000033 -0.905678
vn 0.423966 0.000005 -0.905678
vn 0.423966 0.000007 -0.905678
vn 0.423967 0.000032 -0.905678
vn 0.423975 0.000000 -0.905674
vn 0.423975 0.000000 -0.905674
vn 0.423966 -0.000005 -0.905678
vn 0.905686 0.000000 0.423949
vn 0.905686 0.000000 0.423949
vn 0.423966 -0.000033 -0.905678
vn 0.423966 -0.000032 -0.905678
vn 0.423966 -0.000007 -0.905678
vn 0.000000 -1.000000 -0.000000
vn 0.000000 -1.000000 0.000000
vn 0.000000 -1.000000 0.000000
vn 0.000000 1.000000 0.000000
vn 0.000000 1.000000 0.000000
vn -0.905668 0.000000 -0.423988
vn -0.905667 0.000000 -0.423989
vn -0.905668 0.000000 -0.423988
vn -0.905668 0.000000 -0.423988
vn -0.905686 0.000000 -0.423950
vn -0.905686 0.000000 -0.423950
vn -0.905667 0.000000 -0.423989
vn 0.423979 -0.000005 -0.905672
vn 0.423979 0.000005 -0.905672
vn -0.905668 0.000000 -0.423988
vn -0.905668 0.000000 -0.423987
vn -0.905668 0.000000 -0.423988
vn 0.000000 -1.000000 0.000000
vn 0.000000 -1.000000 0.000001
vn -0.423974 0.000005 0.905674
vn -0.423974 -0.000005 0.905674
vn -0.905686 0.000000 -0.423948
vn -0.905687 0.000000 -0.423948
vn 0.000000 1.000000 0.000000
vn -0.423976 0.000000 0.905673
vn 0.905679 0.000000 0.423964
vn -0.423976 0.000000 0.905673
vn 0.000000 -1.000000 0.000000
vn 0.905686 0.000000 0.423949
vn 0.423955 0.000000 -0.905683
vn 0.000000 1.000000 0.000000
vn 0.905687 0.000000 0.423948
vn 0.000000 -1.000000 -0.000001
vn 0.423955 0.000000 -0.905683
vn 0.905686 0.000000 0.423949
vn -0.905686 0.000000 -0.423949
vn 0.000000 1.000000 0.000000
vn 0.423977 -0.000031 -0.905673
vn 0.000000 -1.000000 0.000000
vn -0.905686 0.000000 -0.423948
vn 0.423977 0.000031 -0.905673
vn -0.423954 0.000024 0.905684
vn 0.000000 1.000000 0.000000
vn -0.905686 0.000000 -0.423949
vn 0.000000 -1.000000 0.000001
vn -0.423954 -0.000024 0.905684
vn -0.905687 0.000000 -0.423948
vn 0.000000 -1.000000 0.000000
vn 0.000000 -1.000000 0.000000
vn 0.000000 -1.000000 0.000000
vn 0.000000 -1.000000 0.000000
vn -0.905679 0.000000 -0.423964
vn -0.905679 0.000000 -0.423965
vn -0.905679 0.000000 -0.423965
vn -0.905679 0.000000 -0.423964
vn -0.423941 0.000005 0.905690
vn -0.423941 0.000045 0.905690
vn -0.423946 0.000045 0.905688
vn -0.423945 0.000010 0.905688
vn 0.000000 -1.000000 0.000000
vn 0.000000 -1.000000 0.000000
vn 0.000000 -1.000000 0.000000
vn -0.905686 0.000000 -0.423948
vn -0.905686 0.000000 -0.423948
vn -0.905679 0.000000 -0.423964
vn -0.423933 0.000027 0.905693
vn -0.423947 -0.000068 0.905687
vn -0.423934 -0.000027 0.905693
vn 0.905679 0.000000 0.423964
vn 0.905679 0.000000 0.423964
vn 0.905679 0.000000 0.423964
vn 0.905679 0.000000 0.423964
vn 0.000000 -1.000000 0.000000
vn 0.000000 -1.000000 0.000000
vn 0.000000 -1.000000 0.000000
vn -0.423959 -0.000031 0.905681
vn -0.423925 -0.000047 0.905697
vn -0.423944 -0.000087 0.905689
vn 0.905686 0.000000 0.423949
vn 0.905679 0.000000 0.423964
vn 0.905686 0.000000 0.423948
vn -0.905679 0.000000 -0.423964
vn -0.905679 0.000000 -0.423964
vn -0.905679 0.000000 -0.423964
vn 0.000000 1.000000 0.000001
vn 0.000000 1.000000 0.000000
vn 0.000000 1.000000 0.000000
vn 0.000000 1.000000 0.000001
vn 0.000000 1.000000 -0.000001
vn 0.000000 1.000000 -0.000001
vn 0.000000 1.000000 -0.000000
vn -0.423947 -0.000026 0.905687
vn -0.423946 -0.000022 0.905687
vn 0.000000 1.000000 -0.000001
vn 0.000000 1.000000 -0.000001
vn 0.000000 1.000000 -0.000000
vn 0.905679 0.000000 0.423965
vn 0.905679 0.000000 0.423964
vn 0.905679 0.000000 0.423965
vn -0.905686 0.000000 -0.423949
vn -0.905687 0.000000 -0.423948
vn 0.423962 -0.000027 -0.905680
vn 0.423945 -0.000025 -0.905688
vn 0.423946 0.000025 -0.905688
vn 0.423964 0.000027 -0.905679
vn 0.423945 -0.000025 -0.905688
vn 0.423940 -0.000020 -0.905690
vn 0.423940 -0.000020 -0.905690
vn 0.000000 1.000000 -0.000000
vn 0.000000 1.000000 0.000000
vn 0.423932 0.000000 -0.905694
vn 0.423933 0.000000 -0.905693
vn 0.423940 0.000020 -0.905690
vn 0.905686 0.000000 0.423948
vn 0.905686 0.000000 0.423949
vn 0.000000 -1.000000 0.000000
vn 0.000000 -1.000000 0.000000
vn 0.423946 0.000025 -0.905688
vn 0.423940 0.000020 -0.905690
vn -0.905686 0.000000 -0.423949
vn 0.000000 -1.000000 0.000000
vn -0.423934 0.000027 0.905693
vn 0.000000 -1.000000 0.000000
vn 0.905686 0.000000 0.423948
vn -0.423959 0.000031 0.905681
vn 0.000000 1.000000 0.000000
vn -0.905686 0.000000 -0.423949
vn -0.423934 -0.000027 0.905693
vn 0.905687 0.000000 0.423948
vn 0.000000 1.000000 0.000001
vn -0.423925 0.000000 0.905697
vn 0.423961 -0.000027 -0.905680
vn -0.905686 0.000000 -0.423949
vn 0.000000 1.000000 -0.000001
vn 0.905686 0.000000 0.423948
vn 0.423932 0.000000 -0.905694
vn 0.000000 1.000000 0.000000
vn 0.000000 -1.000000 0.000001
vn -0.905686 0.000000 -0.423948
vn 0.423963 0.000027 -0.905680
vn 0.905686 0.000000 0.423949
vn 0.000000 -1.000000 0.000000
vn 0.423934 0.000000 -0.905693
vn 0.000000 -1.000000 0.000000
vn 0.000000 -1.000000 0.000000
vn 0.000000 -1.000000 0.000000
vn 0.000000 -1.000000 0.000000
vn 0.905679 0.000000 0.423964
vn 0.905679 0.000000 0.423965
vn 0.905679 0.000000 0.423965
vn 0.905679 0.000000 0.423964
vn 0.423942 0.000025 -0.905689
vn 0.423942 0.000045 -0.905689
vn 0.423945 0.000045 -0.905688
vn 0.423945 0.000028 -0.905688
vn 0.000000 -1.000000 0.000000
vn 0.000000 -1.000000 0.000000
vn 0.000000 -1.000000 0.000000
vn 0.905686 0.000000 0.423949
vn 0.905686 0.000000 0.423949
vn 0.905679 0.000000 0.423965
vn 0.423933 0.000027 -0.905694
vn 0.423947 -0.000047 -0.905687
vn 0.423933 -0.000027 -0.905693
vn -0.905679 0.000000 -0.423964
vn -0.905679 0.000000 -0.423964
vn -0.905679 0.000000 -0.423964
vn -0.905679 0.000000 -0.423964
vn 0.000000 -1.000000 0.000000
vn 0.000000 -1.000000 0.000000
vn 0.000000 -1.000000 0.000000
vn 0.423951 0.000000 -0.905685
vn 0.423930 0.000000 -0.905695
vn 0.423944 -0.000046 -0.905688
vn -0.905686 0.000000 -0.423950
vn -0.905679 0.000000 -0.423965
vn -0.905686 0.000000 -0.423948
vn 0.905679 0.000000 0.423964
vn 0.905679 0.000000 0.423964
vn 0.905679 0.000000 0.423965
vn 0.000000 1.000000 0.000000
vn 0.000000 1.000000 0.000000
vn 0.000000 1.000000 0.000000
vn 0.000000 1.000000 0.000000
vn 0.000000 1.000000 0.000000
vn 0.000000 1.000000 0.000000
vn 0.000000 1.000000 0.000000
vn 0.423946 -0.000026 -0.905687
vn 0.423947 -0.000018 -0.905687
vn 0.000000 1.000000 0.000000
vn 0.000000 1.000000 0.000000
vn 0.000000 1.000000 0.000000
vn -0.905679 0.000000 -0.423965
vn -0.905679 0.000000 -0.423965
vn -0.905679 0.000000 -0.423965
vn 0.905686 0.000000 0.423949
vn 0.905686 0.000000 0.423949
vn -0.423963 -0.000027 0.905679
vn -0.423945 -0.000046 0.905688
vn -0.423945 0.000046 0.905688
vn -0.423964 0.000027 0.905679
vn -0.423945 -0.000046 0.905688
vn -0.423940 -0.000041 0.905690
vn -0.423940 -0.000041 0.905690
vn 0.000000 1.000000 0.000000
vn 0.000000 1.000000 0.000000
vn -0.423934 0.000000 0.905693
vn -0.423934 0.000000 0.905693
vn -0.423940 0.000041 0.905690
vn -0.905686 0.000000 -0.423948
vn -0.905686 0.000000 -0.423949
vn 0.000000 -1.000000 0.000000
vn 0.000000 -1.000000 0.000000
vn -0.423945 0.000046 0.905688
vn -0.423940 0.000041 0.905690
vn 0.905686 0.000000 0.423949
vn 0.000000 -1.000000 0.000000
vn 0.423933 0.000027 -0.905693
vn 0.000000 -1.000000 0.000002
vn -0.905686 0.000000 -0.423948
vn 0.423951 0.000031 -0.905685
vn 0.000000 1.000000 0.000000
vn 0.905686 0.000000 0.423949
vn 0.423934 -0.000027 -0.905693
vn -0.905687 0.000000 -0.423947
vn 0.000000 1.000000 0.000000
vn 0.423931 0.000024 -0.905695
vn -0.423963 -0.000027 0.905680
vn 0.905686 0.000000 0.423949
vn 0.000000 1.000000 0.000000
vn -0.905686 0.000000 -0.423949
vn -0.423934 0.000000 0.905693
vn 0.000000 1.000000 0.000000
vn 0.000000 -1.000000 0.000000
vn 0.905686 0.000000 0.423949
vn -0.423964 0.000027 0.905679
vn -0.905686 0.000000 -0.423949
vn 0.000000 -1.000000 0.000000
vn -0.423934 0.000000 0.905693
vn 0.000000 -1.000000 -0.000000
vn 0.000000 -1.000000 -0.000000
vn 0.000000 -1.000000 0.000000
vn 0.000000 -1.000000 0.000000
vn -0.905679 0.000000 -0.423964
vn -0.905679 0.000000 -0.423964
vn -0.905679 0.000000 -0.423964
vn -0.905679 0.000000 -0.423964
vn -0.423970 0.000000 0.905676
vn -0.423970 0.000000 0.905676
vn -0.423967 0.000005 0.905678
vn -0.423967 0.000005 0.905678
vn 0.000000 -1.000000 -0.000000
vn 0.000000 -1.000000 -0.000000
vn 0.000000 -1.000000 -0.000000
vn -0.905686 0.000000 -0.423949
vn -0.905686 0.000000 -0.423948
vn -0.905679 0.000000 -0.423964
vn -0.424013 0.000000 0.905656
vn -0.423970 0.000000 0.905676
vn -0.424013 0.000000 0.905656
vn 0.905679 0.000000 0.423964
vn 0.905679 0.000000 0.423964
vn 0.905679 0.000000 0.423964
vn 0.905679 0.000000 0.423964
vn 0.000000 -1.000000 -0.000000
vn 0.000000 -1.000000 0.000000
vn 0.000000 -1.000000 0.000000
vn -0.423996 0.000027 0.905664
vn -0.423997 -0.000027 0.905664
vn -0.423967 -0.000005 0.905678
vn 0.905686 0.000000 0.423948
vn 0.905679 0.000000 0.423964
vn 0.905687 0.000000 0.423948
vn -0.905679 0.000000 -0.423964
vn -0.905679 0.000000 -0.423964
vn -0.905679 0.000000 -0.423964
vn 0.000000 1.000000 0.000001
vn 0.000000 1.000000 0.000000
vn 0.000000 1.000000 0.000000
vn 0.000000 1.000000 0.000001
vn 0.000000 1.000000 0.000001
vn 0.000000 1.000000 0.000001
vn 0.000000 1.000000 -0.000000
vn -0.423971 0.000000 0.905676
vn -0.423968 -0.000005 0.905677
vn 0.000000 1.000000 -0.000001
vn 0.000000 1.000000 -0.000001
vn 0.000000 1.000000 -0.000000
vn 0.905679 0.000000 0.423964
vn 0.905679 0.000000 0.423964
vn 0.905679 0.000000 0.423964
vn -0.905686 0.000000 -0.423949
vn -0.905686 0.000000 -0.423949
vn 0.423979 0.000000 -0.905672
vn 0.423961 0.000000 -0.905680
vn 0.423961 0.000000 -0.905681
vn 0.423980 0.000000 -0.905672
vn 0.423961 0.000000 -0.905681
vn 0.423961 0.000000 -0.905681
vn 0.423961 0.000000 -0.905680
vn 0.000000 1.000000 -0.000001
vn 0.000000 1.000000 -0.000001
vn 0.423979 0.000000 -0.905672
vn 0.423980 0.000000 -0.905672
vn 0.423961 0.000000 -0.905681
vn 0.905686 0.000000 0.423948
vn 0.905686 0.000000 0.423949
vn 0.000000 -1.000000 0.000000
vn 0.000000 -1.000000 0.000000
vn 0.423960 0.000000 -0.905681
vn 0.423960 0.000000 -0.905681
vn -0.905686 0.000000 -0.423949
vn 0.000000 -1.000000 -0.000001
vn -0.424013 0.000000 0.905656
vn 0.000000 -1.000000 -0.000001
vn 0.905686 0.000000 0.423949
vn -0.423996 0.000027 0.905664
vn 0.000000 1.000000 0.000000
vn -0.905686 0.000000 -0.423949
vn -0.424013 0.000000 0.905656
vn 0.905686 0.000000 0.423949
vn 0.000000 1.000000 0.000001
vn -0.423997 -0.000027 0.905664
vn 0.423979 0.000000 -0.905672
vn -0.905686 0.000000 -0.423949
vn 0.000000 1.000000 -0.000001
vn 0.905686 0.000000 0.423948
vn 0.423979 0.000000 -0.905672
vn 0.000000 1.000000 0.000000
vn 0.000000 -1.000000 0.000001
vn -0.905686 0.000000 -0.423949
vn 0.423979 0.000000 -0.905672
vn 0.905686 0.000000 0.423949
vn 0.000000 -1.000000 0.000001
vn 0.423979 0.000000 -0.905672
vn 0.000000 -1.000000 -0.000000
vn 0.000000 -1.000000 -0.000000
vn 0.000000 -1.000000 0.000000
vn 0.000000 -1.000000 0.000000
vn 0.905679 0.000000 0.423964
vn 0.905679 0.000000 0.423964
vn 0.905679 0.000000 0.423964
vn 0.905679 0.000000 0.423964
vn 0.423983 0.000020 -0.905670
vn 0.423983 0.000020 -0.905670
vn 0.423980 0.000025 -0.905672
vn 0.423979 0.000025 -0.905672
vn 0.000000 -1.000000 -0.000000
vn 0.000000 -1.000000 0.000000
vn 0.000000 -1.000000 0.000000
vn 0.905686 0.000000 0.423948
vn 0.905687 0.000000 0.423948
vn 0.905679 0.000000 0.423965
vn 0.424013 0.000000 -0.905656
vn 0.423983 -0.000020 -0.905670
vn 0.424015 0.000000 -0.905655
vn -0.905680 0.000000 -0.423963
vn -0.905679 0.000000 -0.423963
vn -0.905679 0.000000 -0.423963
vn -0.905680 0.000000 -0.423963
vn 0.000000 -1.000000 0.000000
vn 0.000000 -1.000000 0.000000
vn 0.000000 -1.000000 0.000000
vn 0.423995 0.000027 -0.905665
vn 0.423999 -0.000027 -0.905663
vn 0.423980 -0.000025 -0.905672
vn -0.905686 0.000000 -0.423949
vn -0.905679 0.000000 -0.423964
vn -0.905687 0.000000 -0.423948
vn 0.905679 0.000000 0.423965
vn 0.905679 0.000000 0.423965
vn 0.905679 0.000000 0.423965
vn 0.000000 1.000000 0.000000
vn 0.000000 1.000000 0.000000
vn 0.000000 1.000000 0.000000
vn 0.000000 1.000000 0.000000
vn 0.000000 1.000000 0.000000
vn 0.000000 1.000000 0.000000
vn 0.000000 1.000000 0.000000
vn 0.423983 -0.000020 -0.905670
vn 0.423980 -0.000025 -0.905671
vn 0.000000 1.000000 0.000000
vn 0.000000 1.000000 0.000000
vn 0.000000 1.000000 0.000000
vn -0.905679 0.000000 -0.423965
vn -0.905679 0.000000 -0.423964
vn -0.905679 0.000000 -0.423965
vn 0.905686 0.000000 0.423949
vn 0.905686 0.000000 0.423949
vn -0.423996 0.000000 0.905664
vn -0.423967 0.000000 0.905678
vn -0.423967 0.000000 0.905678
vn -0.423996 0.000000 0.905664
vn -0.423967 0.000000 0.905677
vn -0.423971 0.000000 0.905676
vn -0.423971 0.000000 0.905676
vn 0.000000 1.000000 0.000000
vn 0.000000 1.000000 0.000000
vn -0.424014 0.000000 0.905656
vn -0.424012 0.000000 0.905656
vn -0.423970 0.000000 0.905676
vn -0.905686 0.000000 -0.423949
vn -0.905686 0.000000 -0.423949
vn 0.000000 -1.000000 0.000000
vn 0.000000 -1.000000 0.000000
vn -0.423967 0.000000 0.905678
vn -0.423970 0.000000 0.905676
vn 0.905686 0.000000 0.423949
vn 0.000000 -1.000000 -0.000001
vn 0.424012 0.000000 -0.905656
vn 0.000000 -1.000000 0.000000
vn -0.905686 0.000000 -0.423949
vn 0.423995 0.000027 -0.905665
vn 0.000000 1.000000 0.000000
vn 0.905686 0.000000 0.423948
vn 0.424015 0.000000 -0.905655
vn -0.905686 0.000000 -0.423949
vn 0.000000 1.000000 0.000000
vn 0.423999 -0.000027 -0.905663
vn -0.423996 0.000000 0.905664
vn 0.905686 0.000000 0.423949
vn 0.000000 1.000000 0.000000
vn -0.905686 0.000000 -0.423949
vn -0.424014 0.000000 0.905656
vn 0.000000 1.000000 0.000000
vn 0.000000 -1.000000 0.000000
vn 0.905686 0.000000 0.423949
vn -0.423996 0.000000 0.905664
vn -0.905686 0.000000 -0.423949
vn 0.000000 -1.000000 0.000001
vn -0.424012 0.000000 0.905656
vn 0.000000 -1.000000 0.000000
vn 0.000000 -1.000000 0.000000
vn 0.000000 -1.000000 0.000000
vn 0.000000 -1.000000 0.000000
vn 0.905679 0.000000 0.423964
vn 0.905679 0.000000 0.423964
vn 0.905679 0.000000 0.423964
vn 0.905679 0.000000 0.423964
vn 0.423934 0.000000 -0.905693
vn 0.423934 0.000000 -0.905693
vn 0.423936 0.000007 -0.905692
vn 0.423937 -0.000002 -0.905692
vn 0.000000 -1.000000 0.000000
vn 0.000000 -1.000000 0.000000
vn 0.000000 -1.000000 0.000000
vn 0.905687 0.000000 0.423948
vn 0.905687 0.000000 0.423948
vn 0.905679 0.000000 0.423965
vn 0.423916 0.000000 -0.905701
vn 0.423933 0.000000 -0.905693
vn 0.423914 0.000000 -0.905702
vn -0.905679 0.000000 -0.423964
vn -0.905679 0.000000 -0.423964
vn -0.905679 0.000000 -0.423964
vn -0.905679 0.000000 -0.423964
vn 0.000000 -1.000000 0.000000
vn 0.000000 -1.000000 0.000000
vn 0.000000 -1.000000 0.000000
vn 0.423929 0.000001 -0.905696
vn 0.423935 0.000001 -0.905693
vn 0.423937 0.000003 -0.905692
vn -0.905686 0.000000 -0.423950
vn -0.905679 0.000000 -0.423965
vn -0.905687 0.000000 -0.423947
vn 0.905679 0.000000 0.423965
vn 0.905679 0.000000 0.423965
vn 0.905679 0.000000 0.423965
vn 0.000000 1.000000 0.000000
vn 0.000000 1.000000 0.000000
vn 0.000000 1.000000 0.000000
vn 0.000000 1.000000 0.000000
vn 0.000000 1.000000 0.000000
vn 0.000000 1.000000 0.000000
vn 0.000000 1.000000 0.000000
vn 0.423934 0.000000 -0.905693
vn 0.423938 0.000004 -0.905692
vn 0.000000 1.000000 0.000000
vn 0.000000 1.000000 0.000000
vn 0.000000 1.000000 0.000000
vn -0.905679 0.000000 -0.423965
vn -0.905679 0.000000 -0.423965
vn -0.905679 0.000000 -0.423965
vn 0.905687 0.000000 0.423948
vn 0.905686 0.000000 0.423949
vn -0.423947 0.000000 0.905687
vn -0.423937 0.000000 0.905692
vn -0.423936 0.000000 0.905692
vn -0.423947 0.000000 0.905687
vn -0.423937 0.000000 0.905692
vn -0.423931 0.000000 0.905694
vn -0.423931 0.000000 0.905695
vn 0.000000 1.000000 0.000000
vn 0.000000 1.000000 0.000000
vn -0.423917 0.000000 0.905701
vn -0.423917 0.000000 0.905701
vn -0.423931 0.000000 0.905695
vn -0.905686 0.000000 -0.423948
vn -0.905686 0.000000 -0.423949
vn 0.000000 -1.000000 0.000000
vn 0.000000 -1.000000 0.000000
vn -0.423937 0.000000 0.905692
vn -0.423931 0.000000 0.905694
vn 0.905687 0.000000 0.423948
vn 0.000000 -1.000000 0.000000
vn 0.423917 0.000000 -0.905701
vn 0.000000 -1.000000 0.000000
vn -0.905686 0.000000 -0.423950
vn 0.423928 0.000032 -0.905696
vn 0.000000 1.000000 0.000000
vn 0.905687 0.000000 0.423947
vn 0.423915 0.000000 -0.905702
vn -0.905687 0.000000 -0.423947
vn 0.000000 1.000000 0.000000
vn 0.423935 0.000023 -0.905693
vn -0.423946 0.000000 0.905687
vn 0.905687 0.000000 0.423948
vn 0.000000 1.000000 0.000000
vn -0.905686 0.000000 -0.423949
vn -0.423918 0.000000 0.905701
vn 0.000000 1.000000 0.000000
vn 0.000000 -1.000000 0.000000
vn 0.905686 0.000000 0.423949
vn -0.423946 0.000000 0.905687
vn -0.905686 0.000000 -0.423949
vn 0.000000 -1.000000 0.000000
vn -0.423918 0.000000 0.905701
vn 0.000000 -1.000000 0.000000
vn 0.000000 -1.000000 -0.000000
vn 0.000000 -1.000000 0.000000
vn 0.000000 -1.000000 -0.000000
vn -0.905679 0.000000 -0.423964
vn -0.905679 0.000000 -0.423964
vn -0.905679 0.000000 -0.423964
vn -0.905679 0.000000 -0.423964
vn -0.423962 0.000000 0.905680
vn -0.423962 0.000000 0.905680
vn -0.423962 0.000000 0.905680
vn -0.423962 0.000000 0.905680
vn 0.000000 -1.000000 0.000001
vn 0.000000 -1.000000 0.000000
vn 0.000000 -1.000000 0.000001
vn -0.905686 0.000000 -0.423949
vn -0.905686 0.000000 -0.423948
vn -0.905679 0.000000 -0.423964
vn -0.423980 0.000000 0.905672
vn -0.423962 0.000000 0.905680
vn -0.423980 0.000000 0.905672
vn 0.905679 0.000000 0.423964
vn 0.905679 0.000000 0.423964
vn 0.905679 0.000000 0.423964
vn 0.905679 0.000000 0.423964
vn 0.000000 -1.000000 -0.000000
vn 0.000000 -1.000000 -0.000000
vn 0.000000 -1.000000 0.000000
vn -0.423980 0.000000 0.905672
vn -0.423980 0.000000 0.905672
vn -0.423962 0.000000 0.905680
vn 0.905686 0.000000 0.423949
vn 0.905679 0.000000 0.423964
vn 0.905686 0.000000 0.423948
vn -0.905679 0.000000 -0.423965
vn -0.905679 0.000000 -0.423965
vn -0.905679 0.000000 -0.423964
vn 0.000000 1.000000 0.000001
vn 0.000000 1.000000 0.000000
vn 0.000000 1.000000 0.000000
vn 0.000000 1.000000 0.000001
vn 0.000000 1.000000 0.000000
vn 0.000000 1.000000 0.000000
vn 0.000000 1.000000 -0.000000
vn -0.423962 0.000000 0.905680
vn -0.423962 0.000000 0.905680
vn 0.000000 1.000000 -0.000001
vn 0.000000 1.000000 -0.000001
vn 0.000000 1.000000 -0.000000
vn 0.905679 0.000000 0.423964
vn 0.905679 0.000000 0.423964
vn 0.905679 0.000000 0.423964
vn -0.905686 0.000000 -0.423948
vn -0.905687 0.000000 -0.423948
vn 0.423979 0.000000 -0.905672
vn 0.423961 0.000000 -0.905680
vn 0.423962 0.000000 -0.905680
vn 0.423979 0.000000 -0.905672
vn 0.423961 0.000000 -0.905680
vn 0.423962 0.000000 -0.905680
vn 0.423962 0.000000 -0.905680
vn 0.000000 1.000000 -0.000000
vn 0.000000 1.000000 0.000000
vn 0.423982 0.000000 -0.905671
vn 0.423982 0.000000 -0.905670
vn 0.423962 0.000000 -0.905680
vn 0.905686 0.000000 0.423949
vn 0.905686 0.000000 0.423949
vn 0.000000 -1.000000 -0.000001
vn 0.000000 -1.000000 -0.000001
vn 0.423962 0.000000 -0.905680
vn 0.423962 0.000000 -0.905680
vn -0.905686 0.000000 -0.423949
vn 0.000000 -1.000000 -0.000001
vn -0.423980 0.000000 0.905672
vn 0.000000 -1.000000 -0.000001
vn 0.905686 0.000000 0.423949
vn -0.423980 0.000000 0.905672
vn 0.000000 1.000000 0.000000
vn -0.905686 0.000000 -0.423948
vn -0.423979 0.000000 0.905672
vn 0.905686 0.000000 0.423948
vn 0.000000 1.000000 0.000001
vn -0.423979 0.000000 0.905672
vn 0.423979 0.000000 -0.905672
vn -0.905686 0.000000 -0.423949
vn 0.000000 1.000000 -0.000001
vn 0.905686 0.000000 0.423949
vn 0.423982 0.000000 -0.905671
vn 0.000000 1.000000 0.000000
vn 0.000000 -1.000000 0.000001
vn -0.905686 0.000000 -0.423948
vn 0.423979 0.000000 -0.905672
vn 0.905686 0.000000 0.423949
vn 0.000000 -1.000000 0.000001
vn 0.423982 0.000000 -0.905671
vn -0.453503 -0.734798 -0.504389
vn -0.224939 -0.782810 -0.580182
vn 0.156197 -0.844217 0.512738
vn 0.131671 -0.879596 0.457137
vn 0.044494 0.301592 0.952398
vn 0.318823 0.367223 0.873785
vn 0.305219 0.541738 0.783174
vn 0.035247 0.499086 0.865835
vn -0.668438 0.716127 -0.200881
vn -0.339188 0.840199 -0.423105
vn -0.397654 -0.305029 -0.865349
vn -0.576645 -0.312957 -0.754678
vn -0.548100 -0.521065 -0.654276
vn -0.305216 -0.541739 -0.783174
vn -0.018492 -0.745765 -0.665953
vn -0.032793 -0.535699 -0.843772
vn 0.946031 -0.102579 -0.307414
vn 0.948379 -0.211160 -0.236620
vn -0.918289 -0.044199 0.393436
vn -0.879374 -0.153970 0.450550
vn 0.029559 0.667943 0.743625
vn 0.215480 0.709776 0.670661
vn 0.583737 0.478216 0.656171
vn 0.623904 0.280329 0.729493
vn 0.174379 -0.844687 0.506059
vn -0.255827 -0.782797 -0.567258
vn 0.152944 -0.882150 0.445443
vn 0.356235 0.366357 0.859581
vn 0.316164 0.541522 0.778970
vn 0.027017 0.830250 -0.556736
vn 0.323943 0.706692 0.629005
vn 0.524773 0.653209 0.545831
vn 0.448812 0.649204 -0.614086
vn -0.288861 -0.309013 -0.906129
vn -0.076875 -0.340597 -0.937061
vn -0.316163 -0.541527 -0.778967
vn -0.926442 0.351348 0.135129
vn -0.949611 0.144389 0.278192
vn 0.033854 0.540948 0.840375
vn -0.571054 -0.459901 -0.679991
vn -0.315046 -0.522785 -0.792113
vn -0.314847 -0.523864 -0.791478
vn -0.029738 -0.475857 -0.879020
vn 0.905552 0.088928 -0.414809
vn 0.803694 0.297673 -0.515235
vn 0.571109 0.525929 0.630265
vn 0.314866 0.523872 0.791465
vn 0.315029 0.522794 0.792114
vn 0.691437 -0.265528 -0.671870
vn 0.247066 -0.459889 -0.852913
vn 0.247066 -0.459889 -0.852913
vn 0.691436 -0.265529 -0.671871
vn -0.263393 -0.531018 -0.805385
vn -0.263382 -0.531018 -0.805388
vn -0.703364 -0.459855 -0.542045
vn -0.703357 -0.459857 -0.542051
vn -0.954752 -0.265614 -0.133782
vn -0.954756 -0.265606 -0.133767
vn -0.950488 -0.000000 0.310762
vn -0.950490 -0.000004 0.310757
vn -0.691388 0.265538 0.671917
vn -0.691407 0.265526 0.671902
vn -0.247158 0.459864 0.852900
vn -0.247167 0.459862 0.852899
vn 0.263361 0.531002 0.805406
vn 0.263366 0.531002 0.805404
vn 0.703253 0.459878 0.542170
vn 0.703268 0.459872 0.542155
vn 0.954826 0.265472 0.133534
vn 0.954830 0.265466 0.133522
vn 0.950460 -0.000084 -0.310847
vn 0.950459 -0.000086 -0.310850
vn 0.165051 -0.847392 0.504664
vn 0.165043 -0.847403 0.504647
vn 0.165031 -0.847386 0.504680
vn 0.165064 -0.847396 0.504653
vn 0.165032 -0.847407 0.504645
vn 0.165008 -0.847349 0.504750
vn 0.164966 -0.847362 0.504741
vn 0.164958 -0.847397 0.504685
vn 0.164966 -0.847379 0.504713
vn 0.165028 -0.847392 0.504671
vn 0.165090 -0.847394 0.504646
vn 0.165087 -0.847379 0.504674
vn 0.165084 -0.847381 0.504670
vn -0.165014 0.847372 -0.504709
vn -0.165016 0.847369 -0.504714
vn -0.165008 0.847395 -0.504672
vn -0.165038 0.847367 -0.504709
vn -0.165054 0.847347 -0.504738
vn -0.165012 0.847343 -0.504759
vn -0.164963 0.847423 -0.504641
vn -0.164978 0.847463 -0.504568
vn -0.165029 0.847411 -0.504639
vn -0.165018 0.847417 -0.504633
vn -0.164997 0.847427 -0.504622
vn -0.164988 0.847408 -0.504657
vn -0.164989 0.847393 -0.504682
vn -0.138038 -0.951279 0.275707
vn 0.050119 -0.974240 0.219876
vn 0.215868 0.000000 0.976423
vn 0.052448 0.000000 0.998624
vn -0.138039 0.951278 0.275708
vn 0.050120 0.974239 0.219878
vn 0.000000 1.000000 -0.000000
vn -0.205351 0.974559 0.089808
vn -0.547625 0.000000 -0.836724
vn -0.402668 0.000000 -0.915346
vn -0.086407 -0.975986 -0.199961
vn -0.273393 -0.952678 -0.132892
vn -0.205351 -0.974559 0.089807
vn 0.000000 -1.000000 -0.000000
vn 0.285761 -0.948861 0.134179
vn 0.231162 -0.971545 -0.051626
vn 0.977427 0.000000 -0.211272
vn 0.998789 0.000000 -0.049196
vn -0.913442 0.000000 0.406969
vn -0.834942 0.000000 0.550338
vn -0.273392 0.952679 -0.132891
vn -0.086407 0.975987 -0.199960
vn 0.231162 0.971545 -0.051626
vn 0.285761 0.948861 0.134178
vn 0.405806 0.000000 0.913959
vn 0.090156 -0.974093 0.207398
vn 0.566767 -0.000000 0.823878
vn 0.090157 0.974093 0.207399
vn 0.000000 1.000000 -0.000000
vn -0.212515 0.000000 -0.977158
vn -0.048092 0.975843 -0.213115
vn 0.155368 0.950195 -0.270167
vn -0.029424 -0.000000 -0.999567
vn -0.048092 -0.975843 -0.213116
vn 0.155368 -0.950195 -0.270167
vn 0.000000 -1.000000 -0.000000
vn -0.998035 0.000000 0.062658
vn -0.976924 0.000000 0.213587
vn -0.218333 0.974638 0.049103
vn -0.218332 -0.974638 0.049103
vn 0.000000 -1.000000 -0.000000
vn 0.000000 -1.000000 0.000000
vn 0.216853 -0.971624 -0.094457
vn 0.914398 -0.000000 -0.404817
vn 0.842262 -0.000000 -0.539068
vn 0.216853 0.971624 -0.094457
vn 0.000000 1.000000 0.000000
vn 0.000000 1.000000 0.000000
vn 0.701117 0.309651 -0.642302
vn 0.263874 0.536317 -0.801707
vn 0.263859 0.536322 -0.801709
vn 0.701119 0.309649 -0.642300
vn -0.244031 0.619258 -0.746303
vn -0.244041 0.619258 -0.746300
vn -0.686621 0.536241 -0.490914
vn -0.686621 0.536241 -0.490914
vn -0.945054 0.309825 -0.104318
vn -0.945052 0.309829 -0.104324
vn -0.950509 0.000089 0.310699
vn -0.950509 0.000090 0.310698
vn -0.700935 -0.309789 0.642434
vn -0.700920 -0.309801 0.642444
vn -0.263897 -0.536315 0.801701
vn -0.263899 -0.536314 0.801701
vn 0.244035 -0.619259 0.746301
vn 0.244030 -0.619259 0.746303
vn 0.686514 -0.536321 0.490977
vn 0.686514 -0.536321 0.490978
vn 0.945148 -0.309635 0.104030
vn 0.945145 -0.309641 0.104038
vn 0.950464 0.000092 -0.310835
vn 0.950466 0.000086 -0.310828
vn -0.192505 -0.785246 -0.588498
vn -0.192415 -0.785294 -0.588465
vn -0.192445 -0.785196 -0.588586
vn -0.192478 -0.785181 -0.588594
vn -0.192389 -0.785242 -0.588542
vn -0.192408 -0.785237 -0.588543
vn -0.192391 -0.785197 -0.588601
vn -0.192405 -0.785172 -0.588630
vn -0.192460 -0.785149 -0.588643
vn -0.192485 -0.785151 -0.588631
vn -0.192472 -0.785151 -0.588636
vn -0.192478 -0.785138 -0.588651
vn -0.192452 -0.785188 -0.588594
vn 0.192532 0.785164 0.588600
vn 0.192511 0.785173 0.588594
vn 0.192454 0.785220 0.588549
vn 0.192466 0.785190 0.588586
vn 0.192448 0.785197 0.588583
vn 0.192440 0.785151 0.588646
vn 0.192393 0.785196 0.588602
vn 0.192375 0.785286 0.588487
vn 0.192455 0.785256 0.588501
vn 0.192449 0.785237 0.588529
vn 0.192416 0.785260 0.588510
vn 0.192463 0.785294 0.588449
vn 0.192503 0.785241 0.588506
vn -0.300951 -0.324924 -0.896578
vn -0.212224 -0.753950 -0.621707
vn -0.212215 -0.753976 -0.621679
vn -0.301051 -0.323955 -0.896896
vn -0.066806 -0.981256 -0.180760
vn -0.066473 -0.981463 -0.179755
vn 0.096564 -0.946216 0.308790
vn 0.097135 -0.945600 0.310491
vn 0.234164 -0.657757 0.715907
vn 0.234634 -0.656088 0.717283
vn 0.309044 -0.192951 0.931269
vn 0.309166 -0.191160 0.931598
vn 0.301054 0.323915 0.896909
vn 0.300961 0.324823 0.896612
vn 0.212241 0.753906 0.621756
vn 0.212259 0.753854 0.621811
vn 0.066467 0.981467 0.179735
vn 0.066788 0.981268 0.180701
vn -0.097058 0.945685 -0.310257
vn -0.096526 0.946257 -0.308674
vn -0.234606 0.656193 -0.717196
vn -0.234141 0.657845 -0.715834
vn -0.309177 0.191019 -0.931623
vn -0.309049 0.192903 -0.931277
vn 0.950040 -0.001618 -0.312123
vn 0.950081 -0.001481 -0.312000
vn 0.950073 -0.001524 -0.312024
vn 0.950119 -0.001501 -0.311884
vn 0.950155 -0.001755 -0.311774
vn 0.950108 -0.001560 -0.311917
vn 0.950168 -0.001716 -0.311735
vn 0.950099 -0.001715 -0.311944
vn 0.950146 -0.001482 -0.311802
vn 0.950045 -0.001638 -0.312109
vn 0.949894 -0.001559 -0.312568
vn 0.949987 -0.001247 -0.312287
vn 0.950036 -0.001014 -0.312139
vn -0.950111 0.001715 0.311906
vn -0.950088 0.001559 0.311979
vn -0.950077 0.001491 0.312011
vn -0.949999 0.001443 0.312251
vn -0.950044 0.001248 0.312114
vn -0.950146 0.001131 0.311802
vn -0.950112 0.001326 0.311906
vn -0.950108 0.001793 0.311918
vn -0.950049 0.001794 0.312095
vn -0.949972 0.001618 0.312330
vn -0.950035 0.001540 0.312141
vn -0.950127 0.001247 0.311861
vn -0.950136 0.001482 0.311832
vn 0.701083 0.309672 -0.642329
vn 0.263900 0.536316 -0.801699
vn 0.263880 0.536323 -0.801702
vn 0.701092 0.309665 -0.642322
vn -0.244033 0.619285 -0.746280
vn -0.244045 0.619285 -0.746276
vn -0.686353 0.536388 -0.491129
vn -0.686318 0.536403 -0.491161
vn -0.945088 0.309745 -0.104247
vn -0.945087 0.309745 -0.104248
vn -0.950470 -0.000040 0.310817
vn -0.950465 -0.000053 0.310833
vn -0.700976 -0.309730 0.642417
vn -0.700969 -0.309736 0.642422
vn -0.263889 -0.536270 0.801733
vn -0.263865 -0.536278 0.801736
vn 0.244049 -0.619257 0.746298
vn 0.244041 -0.619257 0.746300
vn 0.686552 -0.536313 0.490933
vn 0.686550 -0.536313 0.490934
vn 0.945124 -0.309681 0.104106
vn 0.945124 -0.309681 0.104106
vn 0.950466 0.000046 -0.310830
vn 0.950469 0.000036 -0.310818
vn -0.192503 -0.785275 -0.588460
vn -0.192415 -0.785294 -0.588465
vn -0.192423 -0.785199 -0.588588
vn -0.192489 -0.785206 -0.588556
vn -0.192289 -0.785209 -0.588619
vn -0.192290 -0.785277 -0.588527
vn -0.192387 -0.785211 -0.588584
vn -0.192383 -0.785126 -0.588698
vn -0.192338 -0.785179 -0.588643
vn -0.192485 -0.785152 -0.588631
vn -0.192543 -0.785107 -0.588672
vn -0.192476 -0.785137 -0.588653
vn -0.192480 -0.785213 -0.588551
vn 0.192477 0.785191 0.588581
vn 0.192540 0.785190 0.588561
vn 0.192417 0.785216 0.588567
vn 0.192478 0.785162 0.588620
vn 0.192324 0.785125 0.588719
vn 0.192334 0.785189 0.588631
vn 0.192375 0.785238 0.588551
vn 0.192345 0.785263 0.588528
vn 0.192368 0.785277 0.588502
vn 0.192449 0.785237 0.588528
vn 0.192428 0.785230 0.588545
vn 0.192421 0.785256 0.588513
vn 0.192469 0.785237 0.588523
vn 0.691393 -0.265562 -0.671903
vn 0.247253 -0.459854 -0.852878
vn 0.247254 -0.459854 -0.852878
vn 0.691388 -0.265565 -0.671907
vn -0.263403 -0.530997 -0.805395
vn -0.263393 -0.530997 -0.805398
vn -0.703307 -0.459859 -0.542116
vn -0.703299 -0.459861 -0.542123
vn -0.954735 -0.265642 -0.133849
vn -0.954737 -0.265638 -0.133843
vn -0.950486 -0.000004 0.310768
vn -0.950485 -0.000003 0.310769
vn -0.691297 0.265590 0.671990
vn -0.691309 0.265582 0.671981
vn -0.247153 0.459864 0.852901
vn -0.247162 0.459862 0.852900
vn 0.263389 0.531017 0.805387
vn 0.263399 0.531017 0.805383
vn 0.703363 0.459835 0.542063
vn 0.703378 0.459829 0.542049
vn 0.954778 0.265569 0.133688
vn 0.954779 0.265567 0.133686
vn 0.950484 0.000026 -0.310772
vn 0.950485 0.000027 -0.310771
vn 0.165032 -0.847413 0.504635
vn 0.165021 -0.847382 0.504690
vn 0.165032 -0.847376 0.504697
vn 0.165059 -0.847397 0.504653
vn 0.165046 -0.847396 0.504659
vn 0.165029 -0.847363 0.504719
vn 0.164977 -0.847366 0.504732
vn 0.164983 -0.847371 0.504721
vn 0.164971 -0.847378 0.504712
vn 0.165044 -0.847369 0.504704
vn 0.165101 -0.847356 0.504707
vn 0.165056 -0.847374 0.504692
vn 0.165065 -0.847347 0.504734
vn -0.165043 0.847386 -0.504677
vn -0.165046 0.847386 -0.504676
vn -0.165025 0.847387 -0.504680
vn -0.165012 0.847412 -0.504642
vn -0.164997 0.847393 -0.504679
vn -0.165006 0.847353 -0.504743
vn -0.164964 0.847401 -0.504677
vn -0.164969 0.847417 -0.504647
vn -0.165008 0.847390 -0.504681
vn -0.165059 0.847396 -0.504653
vn -0.165084 0.847378 -0.504676
vn -0.165064 0.847358 -0.504717
vn -0.165054 0.847375 -0.504691
vn -0.049971 0.000000 0.998751
vn -0.049971 0.000000 0.998751
vn -0.049971 0.000000 0.998751
vn -0.049971 0.000000 0.998751
vn 0.000000 1.000000 0.000000
vn 0.000000 1.000000 0.000000
vn 0.000000 1.000000 0.000000
vn 0.000000 1.000000 0.000000
vn 0.049970 0.000000 -0.998751
vn 0.049970 0.000000 -0.998751
vn 0.049970 0.000000 -0.998751
vn 0.049970 0.000000 -0.998751
vn 0.000000 -1.000000 -0.000000
vn 0.000000 -1.000000 -0.000000
vn 0.000000 -1.000000 -0.000000
vn 0.000000 -1.000000 -0.000000
vn 0.998751 0.000000 0.049972
vn 0.998751 0.000000 0.049972
vn 0.998751 0.000000 0.049972
vn 0.998751 0.000000 0.049972
vn -0.998751 0.000000 -0.049966
vn -0.998751 0.000000 -0.049966
vn -0.998751 0.000000 -0.049966
vn -0.998751 0.000000 -0.049966
vn -0.049972 0.000000 0.998751
vn -0.049972 0.000000 0.998751
vn -0.049972 0.000000 0.998751
vn -0.049972 0.000000 0.998751
vn 0.000000 1.000000 0.000003
vn 0.000000 1.000000 0.000003
vn 0.000000 1.000000 0.000003
vn 0.000000 1.000000 0.000003
vn 0.049971 0.000000 -0.998751
vn 0.049971 0.000000 -0.998751
vn 0.049971 0.000000 -0.998751
vn 0.049971 0.000000 -0.998751
vn 0.000000 -1.000000 -0.000000
vn 0.000000 -1.000000 -0.000000
vn 0.000000 -1.000000 -0.000000
vn 0.000000 -1.000000 -0.000000
vn 0.998751 0.000000 0.049975
vn 0.998751 0.000000 0.049975
vn 0.998751 0.000000 0.049975
vn 0.998751 0.000000 0.049975
vn -0.998751 0.000000 -0.049975
vn -0.998751 0.000000 -0.049975
vn -0.998751 0.000000 -0.049975
vn -0.998751 0.000000 -0.049975
vn -0.049969 0.000000 0.998751
vn -0.049969 0.000000 0.998751
vn -0.049969 0.000000 0.998751
vn -0.049969 0.000000 0.998751
vn 0.000000 1.000000 0.000000
vn 0.000000 1.000000 0.000000
vn 0.000000 1.000000 0.000000
vn 0.000000 1.000000 0.000000
vn 0.049967 0.000000 -0.998751
vn 0.049967 0.000000 -0.998751
vn 0.049967 0.000000 -0.998751
vn 0.049967 0.000000 -0.998751
vn 0.000000 -1.000000 -0.000000
vn 0.000000 -1.000000 -0.000000
vn 0.000000 -1.000000 -0.000000
vn 0.000000 -1.000000 -0.000000
vn 0.998751 0.000000 0.049971
vn 0.998751 0.000000 0.049971
vn 0.998751 0.000000 0.049971
vn 0.998751 0.000000 0.049971
vn -0.998752 0.000000 -0.049940
vn -0.998752 0.000000 -0.049940
vn -0.998752 0.000000 -0.049940
vn -0.998752 0.000000 -0.049940
vn -0.049973 0.000000 0.998751
vn -0.049973 0.000000 0.998751
vn -0.049973 0.000000 0.998751
vn -0.049973 0.000000 0.998751
vn 0.000000 1.000000 0.000000
vn 0.000000 1.000000 0.000000
vn 0.000000 1.000000 0.000000
vn 0.000000 1.000000 0.000000
vn 0.049966 0.000000 -0.998751
vn 0.049966 0.000000 -0.998751
vn 0.049966 0.000000 -0.998751
vn 0.049966 0.000000 -0.998751
vn 0.000000 -1.000000 -0.000000
vn 0.000000 -1.000000 -0.000000
vn 0.000000 -1.000000 -0.000000
vn 0.000000 -1.000000 -0.000000
vn 0.998751 0.000000 0.049971
vn 0.998751 0.000000 0.049971
vn 0.998751 0.000000 0.049971
vn 0.998751 0.000000 0.049971
vn -0.998751 0.000000 -0.049972
vn -0.998751 0.000000 -0.049972
vn -0.998751 0.000000 -0.049972
vn -0.998751 0.000000 -0.049972
vn -0.049970 0.000000 0.998751
vn -0.049969 0.000000 0.998751
vn -0.049969 0.000000 0.998751
vn -0.049970 0.000000 0.998751
vn 0.000000 1.000000 -0.000000
vn 0.000000 1.000000 0.000000
vn 0.000000 1.000000 -0.000000
vn 0.000000 1.000000 -0.000000
vn 0.049970 0.000000 -0.998751
vn 0.049969 0.000000 -0.998751
vn 0.049969 0.000000 -0.998751
vn 0.049970 0.000000 -0.998751
vn 0.000000 -1.000000 -0.000000
vn 0.000000 -1.000000 -0.000000
vn 0.000000 -1.000000 -0.000000
vn 0.000000 -1.000000 -0.000000
vn 0.998751 0.000000 0.049968
vn 0.998751 0.000000 0.049968
vn 0.998751 0.000000 0.049968
vn 0.998751 0.000000 0.049968
vn -0.998750 0.000000 -0.049987
vn -0.998750 0.000000 -0.049987
vn -0.998750 0.000000 -0.049987
vn -0.998750 0.000000 -0.049987
vn -0.049969 -0.000002 0.998751
vn -0.049969 -0.000001 0.998751
vn -0.049969 -0.000001 0.998751
vn -0.049969 -0.000002 0.998751
vn -0.049968 0.000000 0.998751
vn -0.049968 0.000000 0.998751
vn -0.049968 0.000000 0.998751
vn -0.049968 0.000000 0.998751
vn -0.049969 0.000001 0.998751
vn -0.049969 0.000001 0.998751
vn -0.049969 0.000002 0.998751
vn -0.049969 0.000002 0.998751
vn -0.049971 0.000000 0.998751
vn -0.049971 0.000000 0.998751
vn -0.049973 0.000000 0.998751
vn -0.049973 0.000000 0.998751
vn -0.049969 0.000002 0.998751
vn -0.049969 0.000002 0.998751
vn -0.049966 0.000003 0.998751
vn -0.049966 0.000003 0.998751
vn -0.049972 0.000000 0.998751
vn -0.049972 0.000000 0.998751
vn -0.049972 0.000000 0.998751
vn -0.049972 0.000000 0.998751
vn -0.049966 -0.000003 0.998751
vn -0.049969 -0.000002 0.998751
vn -0.049969 -0.000002 0.998751
vn -0.049966 -0.000003 0.998751
vn 0.000000 1.000000 0.000000
vn 0.000000 1.000000 0.000000
vn 0.000000 1.000000 0.000000
vn 0.000000 1.000000 0.000000
vn 0.049970 0.000000 -0.998751
vn 0.049970 0.000000 -0.998751
vn 0.049972 0.000000 -0.998751
vn 0.049972 0.000000 -0.998751
vn 0.000000 -1.000000 0.000000
vn 0.000000 -1.000000 0.000000
vn 0.000000 -1.000000 0.000000
vn 0.000000 -1.000000 0.000000
vn -0.998750 0.000000 -0.049987
vn -0.998750 0.000000 -0.049987
vn -0.998750 0.000000 -0.049987
vn -0.998750 0.000000 -0.049987
vn 0.049970 0.000000 -0.998751
vn 0.049970 0.000000 -0.998751
vn 0.049970 0.000000 -0.998751
vn 0.049970 0.000000 -0.998751
vn 0.049972 0.000000 -0.998751
vn 0.049970 0.000000 -0.998751
vn 0.049970 0.000000 -0.998751
vn 0.049972 0.000000 -0.998751
vn 0.998751 0.000000 0.049968
vn 0.998751 0.000000 0.049968
vn 0.998751 0.000000 0.049968
vn 0.998751 0.000000 0.049968
vn -0.049972 0.000000 0.998751
vn -0.049972 0.000000 0.998751
vn -0.049972 0.000000 0.998751
vn -0.049972 0.000000 0.998751
vn -0.049964 0.000000 0.998751
vn -0.049964 0.000000 0.998751
vn -0.049964 0.000000 0.998751
vn -0.049964 0.000000 0.998751
vn -0.183320 0.000000 0.983053
vn -0.113963 0.000000 0.993485
vn -0.113963 0.000000 0.993485
vn -0.183320 0.000000 0.983053
vn -0.049969 0.000000 0.998751
vn -0.049970 0.000000 0.998751
vn -0.049970 0.000000 0.998751
vn -0.049969 0.000000 0.998751
vn -0.998750 0.000000 -0.049987
vn -0.998750 0.000000 -0.049987
vn 0.049969 0.000000 -0.998751
vn 0.049970 0.000000 -0.998751
vn 0.049972 0.000000 -0.998751
vn 0.049970 0.000000 -0.998751
vn 0.998751 0.000000 0.049968
vn 0.998751 0.000000 0.049968
vn -0.049970 0.000000 0.998751
vn -0.049970 0.000000 0.998751
vn -0.049972 0.000000 0.998751
vn -0.049972 0.000000 0.998751
vn -0.049972 0.000000 0.998751
vn -0.049972 0.000000 0.998751
vn -0.049970 0.000000 0.998751
vn -0.049969 0.000000 0.998751
vn -0.049969 0.000000 0.998751
vn -0.049970 0.000000 0.998751
vn -0.049971 0.000000 0.998751
vn -0.049971 0.000000 0.998751
vn 0.000000 1.000000 0.000001
vn 0.000000 1.000000 0.000000
vn 0.000000 1.000000 0.000000
vn 0.000000 1.000000 0.000001
vn 0.998751 0.000000 0.049959
vn 0.998751 0.000000 0.049959
vn 0.998751 0.000000 0.049959
vn 0.998751 0.000000 0.049959
vn 0.000000 1.000000 0.000001
vn 0.000000 1.000000 0.000001
vn 0.000000 1.000000 0.000001
vn 0.000000 1.000000 0.000001
vn -0.998751 0.000000 -0.049960
vn -0.998751 0.000000 -0.049960
vn -0.998751 0.000000 -0.049960
vn -0.998751 0.000000 -0.049960
vn -0.998751 0.000000 -0.049960
vn -0.998751 0.000000 -0.049960
vn -0.998751 0.000000 -0.049960
vn -0.998751 0.000000 -0.049960
vn 0.000000 -1.000000 0.000000
vn 0.000000 -1.000000 0.000000
vn 0.000000 -1.000000 0.000000
vn 0.000000 -1.000000 0.000000
vn 0.000000 -1.000000 0.000000
vn 0.000000 -1.000000 0.000000
vn 0.000000 -1.000000 0.000000
vn 0.000000 -1.000000 0.000000
vn 0.998751 0.000000 0.049959
vn 0.998751 0.000000 0.049959
vn 0.998751 0.000000 0.049959
vn 0.998751 0.000000 0.049959
vn -0.998751 0.000000 -0.049960
vn -0.998751 0.000000 -0.049960
vn -0.998751 0.000000 -0.049960
vn -0.998751 0.000000 -0.049960
vn 0.998751 0.000000 0.049959
vn 0.998751 0.000000 0.049959
vn 0.998751 0.000000 0.049959
vn 0.998751 0.000000 0.049959
vn -0.998751 0.000000 -0.049960
vn -0.998751 0.000000 -0.049960
vn -0.998751 0.000000 -0.049960
vn -0.998751 0.000000 -0.049960
vn 0.998751 0.000000 0.049959
vn 0.998751 0.000000 0.049959
vn 0.998751 0.000000 0.049959
vn 0.998751 0.000000 0.049959
vn 0.000000 1.000000 -0.000000
vn 0.000000 1.000000 -0.000001
vn 0.000000 1.000000 -0.000001
vn 0.000000 1.000000 -0.000000
vn -0.998753 0.000000 -0.049926
vn -0.998753 0.000000 -0.049926
vn -0.998753 0.000000 -0.049926
vn -0.998753 0.000000 -0.049926
vn 0.998746 0.000000 0.050060
vn 0.998746 0.000000 0.050060
vn 0.998746 0.000000 0.050060
vn 0.998746 0.000000 0.050060
vn -0.998753 0.000000 -0.049926
vn -0.998753 0.000000 -0.049926
vn -0.998753 0.000000 -0.049926
vn -0.998753 0.000000 -0.049926
vn 0.000000 -1.000000 0.000000
vn 0.000000 -1.000000 0.000000
vn 0.000000 -1.000000 0.000000
vn 0.000000 -1.000000 0.000000
vn 0.998746 0.000000 0.050059
vn 0.998746 0.000000 0.050059
vn 0.998746 0.000000 0.050059
vn 0.998746 0.000000 0.050059
vn -0.998753 0.000000 -0.049926
vn -0.998753 0.000000 -0.049926
vn -0.998753 0.000000 -0.049926
vn -0.998753 0.000000 -0.049926
vn 0.998746 0.000000 0.050060
vn 0.998746 0.000000 0.050060
vn 0.998746 0.000000 0.050060
vn 0.998746 0.000000 0.050060
vn 0.000000 1.000000 -0.000001
vn 0.000000 1.000000 -0.000001
vn 0.000000 1.000000 -0.000001
vn 0.000000 1.000000 -0.000001
vn -0.998748 0.000000 -0.050016
vn -0.998748 0.000000 -0.050016
vn -0.998748 0.000000 -0.050016
vn -0.998748 0.000000 -0.050016
vn 0.000000 -1.000000 0.000002
vn 0.000000 -1.000000 0.000002
vn 0.000000 -1.000000 0.000004
vn 0.000000 -1.000000 0.000004
vn 0.998753 0.000000 0.049915
vn 0.998753 0.000000 0.049915
vn 0.998753 0.000000 0.049915
vn 0.998753 0.000000 0.049915
vn -0.049970 0.000000 0.998751
vn -0.049970 0.000000 0.998751
vn 0.000000 1.000000 0.000000
vn 0.000000 1.000000 0.000000
vn 0.000000 1.000000 0.000000
vn 0.000000 1.000000 0.000000
vn 0.000000 1.000000 0.000000
vn 0.000000 1.000000 -0.000000
vn 0.000000 1.000000 0.000001
vn 0.000000 1.000000 0.000001
vn -0.049968 0.000000 0.998751
vn -0.049968 0.000000 0.998751
vn -0.049968 0.000000 0.998751
vn -0.049968 0.000000 0.998751
vn -0.049968 0.000000 0.998751
vn -0.049968 0.000000 0.998751
vn -0.049968 0.000000 0.998751
vn -0.049968 0.000000 0.998751
vn 0.000000 1.000000 0.000000
vn 0.000000 1.000000 0.000000
vn 0.000000 1.000000 0.000000
vn 0.000000 1.000000 0.000000
vn 0.014602 0.000000 0.999893
vn 0.014602 0.000000 0.999893
vn 0.085904 0.000000 0.996303
vn 0.085904 0.000000 0.996303
vn 0.000000 -1.000000 -0.000003
vn 0.000000 -1.000000 -0.000002
vn 0.000000 -1.000000 -0.000002
vn 0.000000 -1.000000 -0.000003
vn 0.000000 -1.000000 0.000001
vn 0.000000 -1.000000 0.000000
vn 0.000000 -1.000000 0.000000
vn 0.000000 -1.000000 0.000001
vn 0.000000 -1.000000 0.000000
vn 0.000000 -1.000000 0.000000
vn 0.000000 -1.000000 0.000000
vn 0.000000 -1.000000 0.000000
vn -0.049970 0.000000 0.998751
vn -0.049970 0.000000 0.998751
vn 0.000000 1.000000 0.000000
vn 0.000000 1.000000 0.000000
vn 0.049968 0.000000 -0.998751
vn 0.049968 0.000000 -0.998751
vn 0.049968 0.000000 -0.998751
vn 0.049968 0.000000 -0.998751
vn 0.049968 0.000000 -0.998751
vn 0.000000 -1.000000 0.000000
vn 0.000000 -1.000000 0.000000
vn -0.049969 0.000000 0.998751
vn -0.049969 0.000000 0.998751
vn -0.049969 0.000000 0.998751
vn -0.049969 0.000000 0.998751
vn 0.000000 -1.000000 0.000000
vn 0.000000 -1.000000 0.000000
vn 0.000000 -1.000000 0.000000
vn 0.000000 -1.000000 0.000000
vn 0.000000 -1.000000 0.000000
vn 0.000000 -1.000000 0.000000
vn 0.000000 1.000000 0.000000
vn 0.000000 1.000000 0.000000
vn 0.000000 1.000000 0.000000
vn 0.000000 1.000000 0.000000
vn 0.000000 1.000000 0.000000
vn 0.000000 1.000000 0.000000
vn -0.049969 -0.000001 0.998751
vn -0.049969 -0.000001 0.998751
vn -0.049969 -0.000001 0.998751
vn -0.049969 -0.000001 0.998751
vn -0.049961 0.000000 0.998751
vn -0.049961 0.000000 0.998751
vn -0.049961 0.000000 0.998751
vn -0.049961 0.000000 0.998751
vn -0.049969 0.000000 0.998751
vn -0.049969 0.000000 0.998751
vn -0.049969 0.000000 0.998751
vn -0.049969 0.000000 0.998751
vn -0.049959 0.000000 0.998751
vn -0.049959 0.000000 0.998751
vn -0.049959 0.000000 0.998751
vn -0.049959 0.000000 0.998751
vn -0.026518 -0.847569 0.530022
vn -0.026518 -0.847569 0.530022
vn -0.026518 -0.847569 0.530022
vn -0.026518 -0.847569 0.530022
vn 0.768436 0.000000 0.639926
vn 0.768436 0.000000 0.639926
vn 0.768436 0.000000 0.639926
vn 0.768436 0.000000 0.639926
vn -0.026518 0.847569 0.530021
vn -0.026518 0.847570 0.530022
vn -0.026518 0.847570 0.530022
vn -0.026518 0.847570 0.530022
vn -0.828420 0.000000 0.560108
vn -0.828420 0.000000 0.560108
vn -0.828420 0.000000 0.560108
vn -0.828420 0.000000 0.560108
vn -0.049972 0.000000 0.998751
vn -0.049972 0.000000 0.998751
vn -0.049972 0.000000 0.998751
vn -0.049972 0.000000 0.998751
vn -0.049971 0.000001 0.998751
vn -0.049971 0.000001 0.998751
vn -0.049971 0.000001 0.998751
vn -0.049971 0.000001 0.998751
vn -0.050001 0.000000 0.998749
vn -0.050001 0.000000 0.998749
vn -0.050001 0.000000 0.998749
vn -0.050001 0.000000 0.998749
vn -0.049970 -0.000003 0.998751
vn -0.049970 -0.000003 0.998751
vn -0.049970 -0.000003 0.998751
vn -0.049970 -0.000003 0.998751
vn 0.575830 0.000000 0.817570
vn 0.575830 0.000000 0.817570
vn 0.575830 0.000000 0.817570
vn 0.575830 0.000000 0.817570
vn -0.044521 0.454004 0.889886
vn -0.044521 0.454004 0.889886
vn -0.044521 0.454004 0.889886
vn -0.044521 0.454004 0.889886
vn -0.654546 0.000000 0.756022
vn -0.654546 0.000000 0.756022
vn -0.654546 0.000000 0.756022
vn -0.654546 0.000000 0.756022
vn -0.044522 -0.454005 0.889886
vn -0.044522 -0.454005 0.889886
vn -0.044522 -0.454005 0.889886
vn -0.044522 -0.454005 0.889886
vn -0.998751 0.000000 -0.049964
vn -0.998751 0.000000 -0.049964
vn -0.998751 0.000000 -0.049964
vn -0.998751 0.000000 -0.049964
vn -0.998751 0.000000 -0.049964
vn -0.998751 0.000000 -0.049964
vn -0.998751 0.000000 -0.049964
vn -0.998751 0.000000 -0.049964
vn -0.998751 0.000000 -0.049964
vn -0.998751 0.000000 -0.049964
vn 0.000000 -1.000000 0.000000
vn 0.000000 -1.000000 -0.000000
vn 0.000000 -1.000000 -0.000000
vn 0.000000 -1.000000 0.000000
vn 0.000000 -1.000000 -0.000000
vn 0.000000 -1.000000 -0.000000
vn 0.000000 -1.000000 -0.000000
vn 0.000000 -1.000000 -0.000000
vn 0.000000 -1.000000 0.000000
vn 0.000000 -1.000000 0.000000
vn 0.998752 0.000000 0.049947
vn 0.998752 0.000000 0.049947
vn 0.998752 0.000000 0.049947
vn 0.998752 0.000000 0.049947
vn 0.998752 0.000000 0.049947
vn 0.998752 0.000000 0.049947
vn 0.998752 0.000000 0.049947
vn 0.998752 0.000000 0.049947
vn 0.998752 0.000000 0.049947
vn 0.998752 0.000000 0.049947
vn 0.000000 1.000000 0.000000
vn 0.000000 1.000000 0.000000
vn 0.000000 1.000000 0.000000
vn 0.000000 1.000000 0.000000
vn 0.000000 1.000000 0.000000
vn 0.000000 1.000000 0.000000
vn 0.000000 1.000000 0.000000
vn 0.000000 1.000000 0.000000
vn 0.000000 1.000000 0.000000
vn 0.000000 1.000000 0.000000
vn -0.998750 0.000000 -0.049981
vn -0.998750 0.000000 -0.049981
vn -0.998750 0.000000 -0.049981
vn -0.998750 0.000000 -0.049981
vn -0.998750 0.000000 -0.049981
vn -0.998750 0.000000 -0.049981
vn -0.998750 0.000000 -0.049981
vn -0.998750 0.000000 -0.049981
vn -0.998750 0.000000 -0.049981
vn -0.998750 0.000000 -0.049981
vn 0.000000 -1.000000 0.000000
vn 0.000000 -1.000000 0.000000
vn 0.000000 -1.000000 -0.000000
vn 0.000000 -1.000000 0.000000
vn 0.000000 -1.000000 -0.000000
vn 0.000000 -1.000000 -0.000000
vn 0.000000 -1.000000 0.000000
vn 0.000000 -1.000000 0.000000
vn 0.000000 -1.000000 0.000000
vn 0.000000 -1.000000 0.000000
vn 0.998751 0.000000 0.049968
vn 0.998751 0.000000 0.049968
vn 0.998751 0.000000 0.049968
vn 0.998751 0.000000 0.049968
vn 0.998751 0.000000 0.049968
vn 0.998751 0.000000 0.049968
vn 0.998751 0.000000 0.049968
vn 0.998751 0.000000 0.049968
vn 0.998751 0.000000 0.049968
vn 0.998751 0.000000 0.049968
vn 0.000000 1.000000 0.000000
vn 0.000000 1.000000 0.000000
vn 0.000000 1.000000 0.000000
vn 0.000000 1.000000 0.000000
vn 0.000000 1.000000 0.000000
vn 0.000000 1.000000 0.000000
vn 0.000000 1.000000 -0.000000
vn 0.000000 1.000000 0.000000
vn 0.000000 1.000000 -0.000000
vn 0.000000 1.000000 -0.000000
vn 0.049956 0.000000 -0.998751
vn 0.049956 0.000000 -0.998751
vn 0.049956 0.000000 -0.998751
vn 0.049956 0.000000 -0.998751
vn -0.049965 0.000000 0.998751
vn -0.049965 0.000000 0.998751
vn -0.049965 0.000000 0.998751
vn -0.049965 0.000000 0.998751
vn 0.049955 0.000000 -0.998751
vn 0.049955 0.000000 -0.998752
vn 0.049955 0.000000 -0.998751
vn 0.049955 0.000000 -0.998751
vn -0.049967 0.000000 0.998751
vn -0.049967 0.000000 0.998751
vn -0.049967 0.000000 0.998751
vn -0.049967 0.000000 0.998751
vn 0.049956 0.000000 -0.998751
vn 0.049956 0.000000 -0.998752
vn 0.049956 0.000000 -0.998751
vn 0.049956 0.000000 -0.998751
vn -0.049964 0.000000 0.998751
vn -0.049964 0.000000 0.998751
vn -0.049964 0.000000 0.998751
vn -0.049964 0.000000 0.998751
vn 0.049956 0.000000 -0.998752
vn 0.049956 0.000000 -0.998752
vn 0.049956 0.000000 -0.998752
vn 0.049956 0.000000 -0.998752
vn -0.049964 0.000000 0.998751
vn -0.049964 0.000000 0.998751
vn -0.049964 0.000000 0.998751
vn -0.049964 0.000000 0.998751
vn 0.049970 0.000207 -0.998751
vn 0.049970 0.000207 -0.998751
vn 0.049970 0.000207 -0.998751
vn 0.049970 0.000207 -0.998751
vn -0.049968 -0.000172 0.998751
vn -0.049968 -0.000172 0.998751
vn -0.049968 -0.000172 0.998751
vn -0.049968 -0.000172 0.998751
vn -0.049970 -0.000025 0.998751
vn -0.049970 -0.000025 0.998751
vn -0.049970 -0.000025 0.998751
vn -0.049970 -0.000025 0.998751
vn 0.049972 0.000731 -0.998750
vn 0.049972 0.000731 -0.998750
vn 0.049972 0.000731 -0.998750
vn 0.049972 0.000731 -0.998750
vn -0.049965 0.000260 0.998751
vn -0.049965 0.000260 0.998751
vn -0.049965 0.000260 0.998751
vn -0.049965 0.000260 0.998751
vn 0.049966 -0.000014 -0.998751
vn 0.049966 -0.000014 -0.998751
vn 0.049966 -0.000014 -0.998751
vn 0.049966 -0.000014 -0.998751
vn -0.049973 -0.000166 0.998751
vn -0.049973 -0.000166 0.998751
vn -0.049973 -0.000166 0.998751
vn -0.049973 -0.000166 0.998751
vn 0.049968 0.000007 -0.998751
vn 0.049968 0.000007 -0.998751
vn 0.049968 0.000007 -0.998751
vn 0.049968 0.000007 -0.998751
vn -0.049970 0.000000 0.998751
vn -0.049970 0.000000 0.998751
vn -0.049970 0.000000 0.998751
vn -0.049970 0.000000 0.998751
vn 0.049973 0.000000 -0.998751
vn 0.049973 0.000000 -0.998751
vn 0.049973 0.000000 -0.998751
vn 0.049973 0.000000 -0.998751
vn -0.049969 0.000000 0.998751
vn -0.049969 0.000000 0.998751
vn -0.049969 0.000000 0.998751
vn -0.049969 0.000000 0.998751
vn 0.049972 0.000000 -0.998751
vn 0.049972 0.000000 -0.998751
vn 0.049972 0.000000 -0.998751
vn 0.049972 0.000000 -0.998751
vn -0.049967 0.000000 0.998751
vn -0.049967 0.000000 0.998751
vn -0.049967 0.000000 0.998751
vn -0.049967 0.000000 0.998751
vn 0.049972 0.000000 -0.998751
vn 0.049972 0.000000 -0.998751
vn 0.049972 0.000000 -0.998751
vn 0.049972 0.000000 -0.998751
vn -0.049969 0.000000 0.998751
vn -0.049969 0.000000 0.998751
vn -0.049969 0.000000 0.998751
vn -0.049969 0.000000 0.998751
vn 0.049974 0.000000 -0.998751
vn 0.049974 0.000000 -0.998751
vn 0.049974 0.000000 -0.998751
vn 0.049974 0.000000 -0.998751
vn 0.049969 0.000000 -0.998751
vn 0.049969 0.000000 -0.998751
vn 0.049969 0.000000 -0.998751
vn 0.049969 0.000000 -0.998751
vn -0.049972 0.000001 0.998751
vn -0.049972 0.000001 0.998751
vn -0.049972 0.000001 0.998751
vn -0.049972 0.000001 0.998751
vn 0.049968 0.000000 -0.998751
vn 0.049968 0.000000 -0.998751
vn 0.049968 0.000000 -0.998751
vn 0.049968 0.000000 -0.998751
vn -0.049967 -0.000003 0.998751
vn -0.049967 -0.000003 0.998751
vn -0.049967 -0.000003 0.998751
vn -0.049967 -0.000003 0.998751
vn 0.049971 -0.000007 -0.998751
vn 0.049971 -0.000007 -0.998751
vn 0.049971 -0.000007 -0.998751
vn 0.049971 -0.000007 -0.998751
vn -0.049970 -0.000000 0.998751
vn -0.049970 -0.000000 0.998751
vn -0.049970 -0.000000 0.998751
vn -0.049970 -0.000000 0.998751
vn -0.049969 0.000001 0.998751
vn -0.049969 0.000001 0.998751
vn -0.049969 0.000001 0.998751
vn -0.049969 0.000001 0.998751
vn 0.049969 -0.000002 -0.998751
vn 0.049969 -0.000002 -0.998751
vn 0.049969 -0.000002 -0.998751
vn 0.049969 -0.000002 -0.998751
vn -0.049974 0.000000 0.998751
vn -0.049974 0.000000 0.998751
vn -0.049974 0.000000 0.998751
vn -0.049974 0.000000 0.998751
vn 0.000000 1.000000 0.000000
vn 0.000000 1.000000 0.000000
vn 0.000000 1.000000 0.000000
vn 0.000000 1.000000 0.000000
vn 0.049975 0.000000 -0.998751
vn 0.049975 0.000000 -0.998751
vn 0.049975 0.000000 -0.998751
vn 0.049975 0.000000 -0.998751
vn 0.000000 -1.000000 -0.000000
vn 0.000000 -1.000000 -0.000000
vn 0.000000 -1.000000 -0.000000
vn 0.000000 -1.000000 -0.000000
vn 0.998751 0.000000 0.049971
vn 0.998751 0.000000 0.049971
vn 0.998751 0.000000 0.049971
vn 0.998751 0.000000 0.049971
vn -0.998752 0.000000 -0.049940
vn -0.998752 0.000000 -0.049940
vn -0.998752 0.000000 -0.049940
vn -0.998752 0.000000 -0.049940
vn -0.049969 0.000000 0.998751
vn -0.049969 0.000000 0.998751
vn -0.049969 0.000000 0.998751
vn -0.049969 0.000000 0.998751
vn 0.000000 1.000000 0.000000
vn 0.000000 1.000000 0.000000
vn 0.000000 1.000000 0.000000
vn 0.000000 1.000000 0.000000
vn 0.049969 0.000000 -0.998751
vn 0.049969 0.000000 -0.998751
vn 0.049969 0.000000 -0.998751
vn 0.049969 0.000000 -0.998751
vn 0.000000 -1.000000 -0.000000
vn 0.000000 -1.000000 -0.000000
vn 0.000000 -1.000000 -0.000000
vn 0.000000 -1.000000 -0.000000
vn 0.998751 0.000000 0.049971
vn 0.998751 0.000000 0.049971
vn 0.998751 0.000000 0.049971
vn 0.998751 0.000000 0.049971
vn -0.998751 0.000000 -0.049971
vn -0.998751 0.000000 -0.049971
vn -0.998751 0.000000 -0.049971
vn -0.998751 0.000000 -0.049971
vn 0.960412 -0.265607 -0.084036
vn 0.730465 -0.459867 -0.504919
vn 0.730458 -0.459870 -0.504927
vn 0.960409 -0.265612 -0.084047
vn 0.304608 -0.530996 -0.790732
vn 0.304638 -0.530996 -0.790720
vn -0.202641 -0.459844 -0.864570
vn -0.202625 -0.459848 -0.864571
vn -0.655427 -0.265656 -0.706995
vn -0.655451 -0.265641 -0.706979
vn -0.933100 0.000039 -0.359617
vn -0.933100 0.000038 -0.359618
vn -0.960434 0.265553 0.083954
vn -0.960441 0.265537 0.083924
vn -0.730452 0.459870 0.504935
vn -0.730458 0.459868 0.504929
vn -0.304684 0.531001 0.790700
vn -0.304666 0.531001 0.790707
vn 0.202508 0.459883 0.864580
vn 0.202521 0.459879 0.864579
vn 0.655678 0.265494 0.706823
vn 0.655680 0.265493 0.706822
vn 0.933101 -0.000051 0.359615
vn 0.933101 -0.000051 0.359615
vn -0.190963 -0.847446 0.495348
vn -0.190950 -0.847390 0.495447
vn -0.190973 -0.847380 0.495456
vn -0.190809 -0.847443 0.495411
vn -0.190915 -0.847368 0.495499
vn -0.191105 -0.847336 0.495480
vn -0.191058 -0.847362 0.495455
vn -0.191075 -0.847352 0.495464
vn -0.191101 -0.847372 0.495421
vn -0.190983 -0.847385 0.495443
vn -0.190890 -0.847368 0.495508
vn -0.190916 -0.847373 0.495491
vn -0.190912 -0.847364 0.495506
vn 0.190982 0.847409 -0.495403
vn 0.190936 0.847402 -0.495433
vn 0.190970 0.847388 -0.495443
vn 0.190927 0.847376 -0.495480
vn 0.190971 0.847381 -0.495455
vn 0.191052 0.847333 -0.495506
vn 0.191075 0.847391 -0.495398
vn 0.191002 0.847474 -0.495284
vn 0.190887 0.847405 -0.495446
vn 0.190867 0.847365 -0.495522
vn 0.190980 0.847358 -0.495491
vn 0.190992 0.847370 -0.495466
vn 0.190972 0.847391 -0.495437
vn -0.032798 -0.734797 -0.677493
vn 0.192227 -0.782809 -0.591827
vn -0.202903 -0.844212 0.496122
vn -0.186783 -0.879595 0.437520
vn -0.567268 0.301590 0.766323
vn -0.304972 0.367212 0.878719
vn -0.258266 0.541736 0.799888
vn -0.519751 0.499082 0.693379
vn -0.391172 0.716125 -0.578056
vn 0.004433 0.840205 -0.542250
vn 0.238544 -0.305029 -0.921984
vn 0.029883 -0.312958 -0.949297
vn -0.011432 -0.521069 -0.853438
vn 0.258265 -0.541742 -0.799885
vn 0.406445 -0.745758 -0.527871
vn 0.507710 -0.535699 -0.674727
vn 0.927493 -0.102561 0.359496
vn 0.884592 -0.211163 0.415821
vn -0.960361 -0.044184 -0.275234
vn -0.966289 -0.153951 -0.206361
vn -0.446949 0.667945 0.595051
vn -0.256737 0.709774 0.655978
vn 0.037856 0.478218 0.877425
vn 0.022661 0.280314 0.959641
vn -0.184588 -0.844680 0.502437
vn 0.160123 -0.782793 -0.601329
vn -0.162904 -0.882146 0.441907
vn -0.266999 0.366343 0.891350
vn -0.247126 0.541521 0.803545
vn 0.372709 0.830257 -0.414442
vn -0.146346 0.706688 0.692224
vn 0.061875 0.653201 0.754652
vn 0.735872 0.649208 -0.192407
vn 0.348634 -0.309012 -0.884854
vn 0.532487 -0.340597 -0.774888
vn 0.247123 -0.541526 -0.803542
vn -0.803461 0.351338 -0.480637
vn -0.911816 0.144396 -0.384373
vn -0.504740 0.540944 0.672768
vn -0.012973 -0.459906 -0.887873
vn 0.256297 -0.522787 -0.813022
vn 0.256048 -0.523866 -0.812406
vn 0.532350 -0.475859 -0.700115
vn 0.963975 0.088942 0.250682
vn 0.948483 0.297682 0.108471
vn 0.044428 0.525934 0.849364
vn -0.256028 0.523874 0.812407
vn -0.256310 0.522792 0.813015
vn -0.281197 -0.951279 0.126480
vn -0.100078 -0.974240 0.202091
vn -0.449625 -0.000000 0.893217
vn -0.590321 -0.000002 0.807169
vn -0.281197 0.951279 0.126480
vn -0.100078 0.974240 0.202091
vn 0.000000 1.000000 0.000000
vn -0.215916 0.974558 -0.060141
vn 0.104224 -0.000000 -0.994554
vn 0.266254 -0.000000 -0.963903
vn 0.059370 -0.975987 -0.209584
vn -0.127945 -0.952678 -0.275744
vn -0.215916 -0.974558 -0.060140
vn 0.000000 -1.000000 -0.000000
vn 0.136711 -0.948859 0.284563
vn 0.211794 -0.971544 0.106044
vn 0.891089 0.000000 0.453829
vn 0.805239 0.000000 0.592951
vn -0.965148 -0.000000 -0.261704
vn -0.994889 0.000000 -0.100972
vn -0.127945 0.952678 -0.275744
vn 0.059370 0.975987 -0.209584
vn 0.211794 0.971544 0.106044
vn 0.136711 0.948860 0.284562
vn -0.262941 0.000001 0.964812
vn -0.061161 -0.974094 0.217716
vn -0.081260 0.000001 0.996693
vn -0.061161 0.974094 0.217716
vn 0.000000 1.000000 0.000000
vn 0.452682 -0.000000 -0.891672
vn 0.097378 0.975842 -0.195575
vn 0.291127 0.950195 -0.111242
vn 0.608748 0.000000 -0.793364
vn 0.097378 -0.975842 -0.195574
vn 0.291127 -0.950195 -0.111242
vn 0.000000 -1.000000 0.000000
vn -0.813161 0.000000 -0.582039
vn -0.892163 0.000000 -0.451713
vn -0.200257 0.974638 -0.099896
vn -0.200257 -0.974638 -0.099895
vn 0.000000 -1.000000 0.000000
vn 0.000000 -1.000000 -0.000000
vn 0.227764 -0.971624 0.063803
vn 0.964529 0.000000 0.263976
vn 0.993442 0.000000 0.114333
vn 0.227764 0.971624 0.063803
vn 0.000000 1.000000 0.000000
vn 0.000000 1.000000 0.000000
vn 0.960430 -0.265566 -0.083966
vn 0.730585 -0.459816 -0.504792
vn 0.730582 -0.459817 -0.504795
vn 0.960429 -0.265567 -0.083968
vn 0.304698 -0.531000 -0.790694
vn 0.304711 -0.531000 -0.790689
vn -0.202634 -0.459850 -0.864568
vn -0.202613 -0.459856 -0.864569
vn -0.655478 -0.265626 -0.706960
vn -0.655490 -0.265618 -0.706951
vn -0.933100 0.000039 -0.359617
vn -0.933100 0.000039 -0.359617
vn -0.960412 0.265603 0.084044
vn -0.960418 0.265590 0.084019
vn -0.730450 0.459873 0.504936
vn -0.730457 0.459870 0.504928
vn -0.304740 0.530999 0.790679
vn -0.304733 0.530999 0.790682
vn 0.202712 0.459828 0.864561
vn 0.202737 0.459821 0.864559
vn 0.655585 0.265558 0.706886
vn 0.655596 0.265551 0.706878
vn 0.933102 -0.000050 0.359611
vn 0.933103 -0.000050 0.359611
vn -0.190968 -0.847398 0.495426
vn -0.190981 -0.847380 0.495452
vn -0.190970 -0.847385 0.495449
vn -0.190903 -0.847383 0.495478
vn -0.190911 -0.847366 0.495504
vn -0.191038 -0.847314 0.495544
vn -0.191058 -0.847362 0.495454
vn -0.190986 -0.847403 0.495412
vn -0.191055 -0.847394 0.495400
vn -0.190990 -0.847435 0.495356
vn -0.190857 -0.847428 0.495419
vn -0.190920 -0.847395 0.495450
vn -0.190969 -0.847361 0.495490
vn 0.190980 0.847378 -0.495456
vn 0.190945 0.847405 -0.495424
vn 0.190955 0.847390 -0.495446
vn 0.190984 0.847379 -0.495453
vn 0.190932 0.847426 -0.495394
vn 0.190943 0.847370 -0.495485
vn 0.191040 0.847392 -0.495410
vn 0.190943 0.847437 -0.495369
vn 0.190924 0.847379 -0.495477
vn 0.190892 0.847387 -0.495474
vn 0.190971 0.847350 -0.495507
vn 0.190984 0.847388 -0.495438
vn 0.190915 0.847389 -0.495463
vn 0.949290 0.309591 -0.054782
vn 0.711059 0.536310 -0.454716
vn 0.711052 0.536314 -0.454723
vn 0.949294 0.309582 -0.054769
vn 0.282358 0.619244 -0.732674
vn 0.282335 0.619244 -0.732683
vn -0.221674 0.536371 -0.814351
vn -0.221637 0.536383 -0.814353
vn -0.666554 0.309849 -0.678011
vn -0.666552 0.309851 -0.678013
vn -0.933127 -0.000101 -0.359548
vn -0.933128 -0.000104 -0.359545
vn -0.949195 -0.309819 0.055144
vn -0.949196 -0.309818 0.055142
vn -0.711166 -0.536258 0.454610
vn -0.711136 -0.536272 0.454641
vn -0.282497 -0.619245 0.732619
vn -0.282477 -0.619245 0.732627
vn 0.221957 -0.536285 0.814330
vn 0.221957 -0.536284 0.814330
vn 0.666881 -0.309598 0.677804
vn 0.666866 -0.309609 0.677814
vn 0.933051 -0.000045 0.359744
vn 0.933044 -0.000061 0.359763
vn 0.222628 -0.785300 -0.577703
vn 0.222688 -0.785292 -0.577690
vn 0.222735 -0.785223 -0.577766
vn 0.222595 -0.785262 -0.577768
vn 0.222785 -0.785214 -0.577759
vn 0.222812 -0.785263 -0.577683
vn 0.222750 -0.785211 -0.577776
vn 0.222850 -0.785135 -0.577842
vn 0.222879 -0.785208 -0.577732
vn 0.222728 -0.785207 -0.577791
vn 0.222693 -0.785168 -0.577858
vn 0.222740 -0.785181 -0.577821
vn 0.222677 -0.785239 -0.577767
vn -0.222707 0.785194 0.577817
vn -0.222643 0.785176 0.577866
vn -0.222763 0.785211 0.577772
vn -0.222722 0.785138 0.577887
vn -0.222904 0.785128 0.577830
vn -0.222829 0.785200 0.577762
vn -0.222757 0.785205 0.577782
vn -0.222825 0.785190 0.577776
vn -0.222824 0.785248 0.577698
vn -0.222818 0.785237 0.577715
vn -0.222777 0.785253 0.577709
vn -0.222678 0.785307 0.577674
vn -0.222671 0.785256 0.577746
vn 0.333220 -0.324947 -0.885084
vn 0.228332 -0.753921 -0.616009
vn 0.228323 -0.753942 -0.615987
vn 0.333341 -0.323999 -0.885386
vn 0.062416 -0.981261 -0.182292
vn 0.062056 -0.981460 -0.181344
vn -0.120276 -0.946200 0.300397
vn -0.120897 -0.945597 0.302045
vn -0.270840 -0.657756 0.702854
vn -0.271359 -0.656043 0.704253
vn -0.348874 -0.192966 0.917089
vn -0.348985 -0.191215 0.917413
vn -0.333358 0.323892 0.885419
vn -0.333247 0.324764 0.885141
vn -0.228338 0.753906 0.616026
vn -0.228353 0.753870 0.616064
vn -0.062051 0.981463 0.181327
vn -0.062416 0.981263 0.182285
vn 0.120801 0.945687 -0.301801
vn 0.120218 0.946253 -0.300254
vn 0.271302 0.656217 -0.704113
vn 0.270804 0.657858 -0.702771
vn 0.348996 0.190937 -0.917467
vn 0.348879 0.192784 -0.917125
vn 0.933577 -0.001605 0.358373
vn 0.933518 -0.001481 0.358528
vn 0.933576 -0.001521 0.358376
vn 0.933562 -0.001406 0.358412
vn 0.933549 -0.001584 0.358446
vn 0.933533 -0.001277 0.358488
vn 0.933465 -0.001716 0.358664
vn 0.933609 -0.001852 0.358288
vn 0.933525 -0.001543 0.358510
vn 0.933630 -0.001806 0.358234
vn 0.933771 -0.001530 0.357868
vn 0.933604 -0.001306 0.358305
vn 0.933570 -0.001150 0.358394
vn -0.933488 0.001715 -0.358603
vn -0.933523 0.001413 -0.358515
vn -0.933547 0.001582 -0.358451
vn -0.933665 0.001346 -0.358146
vn -0.933609 0.001068 -0.358293
vn -0.933448 0.001009 -0.358711
vn -0.933529 0.001687 -0.358497
vn -0.933581 0.002066 -0.358360
vn -0.933629 0.001862 -0.358238
vn -0.933627 0.001818 -0.358242
vn -0.933573 0.001808 -0.358382
vn -0.933472 0.001540 -0.358647
vn -0.933419 0.001657 -0.358784
vn 0.949293 0.309582 -0.054788
vn 0.711097 0.536287 -0.454684
vn 0.711082 0.536294 -0.454699
vn 0.949293 0.309582 -0.054787
vn 0.282384 0.619246 -0.732662
vn 0.282373 0.619246 -0.732666
vn -0.222043 0.536255 -0.814326
vn -0.222057 0.536250 -0.814326
vn -0.666653 0.309779 -0.677946
vn -0.666639 0.309790 -0.677955
vn -0.933085 -0.000008 -0.359655
vn -0.933078 0.000007 -0.359673
vn -0.949238 -0.309716 0.054987
vn -0.949235 -0.309723 0.054998
vn -0.711105 -0.536284 0.454675
vn -0.711106 -0.536283 0.454674
vn -0.282431 -0.619242 0.732647
vn -0.282426 -0.619242 0.732649
vn 0.221858 -0.536316 0.814337
vn 0.221870 -0.536312 0.814336
vn 0.666825 -0.309643 0.677839
vn 0.666822 -0.309645 0.677841
vn 0.933139 0.000140 0.359517
vn 0.933133 0.000127 0.359532
vn 0.222619 -0.785196 -0.577848
vn 0.222663 -0.785297 -0.577693
vn 0.222733 -0.785189 -0.577813
vn 0.222735 -0.785195 -0.577804
vn 0.222677 -0.785248 -0.577755
vn 0.222689 -0.785167 -0.577860
vn 0.222821 -0.785145 -0.577839
vn 0.222741 -0.785196 -0.577801
vn 0.222746 -0.785149 -0.577863
vn 0.222750 -0.785159 -0.577848
vn 0.222762 -0.785143 -0.577865
vn 0.222818 -0.785122 -0.577871
vn 0.222772 -0.785255 -0.577709
vn -0.222662 0.785136 0.577913
vn -0.222722 0.785175 0.577836
vn -0.222714 0.785199 0.577808
vn -0.222683 0.785208 0.577807
vn -0.222698 0.785170 0.577853
vn -0.222795 0.785132 0.577867
vn -0.222773 0.785161 0.577836
vn -0.222782 0.785233 0.577735
vn -0.222709 0.785240 0.577753
vn -0.222746 0.785187 0.577812
vn -0.222771 0.785218 0.577759
vn -0.222616 0.785296 0.577713
vn -0.222609 0.785228 0.577809
vn 0.016389 0.000000 0.999866
vn 0.016387 0.000000 0.999866
vn 0.016387 0.000000 0.999866
vn 0.016389 0.000000 0.999866
vn 0.000000 1.000000 -0.000000
vn 0.000000 1.000000 -0.000000
vn 0.000000 1.000000 -0.000000
vn 0.000000 1.000000 -0.000000
vn -0.016389 0.000000 -0.999866
vn -0.016387 0.000000 -0.999866
vn -0.016387 0.000000 -0.999866
vn -0.016389 0.000000 -0.999866
vn 0.000000 -1.000000 -0.000000
vn 0.000000 -1.000000 -0.000000
vn 0.000000 -1.000000 -0.000000
vn 0.000000 -1.000000 -0.000000
vn 0.999866 -0.000033 -0.016388
vn 0.999866 -0.000033 -0.016388
vn 0.999866 -0.000033 -0.016388
vn 0.999866 -0.000033 -0.016388
vn 0.999866 -0.000033 -0.016388
vn 0.999866 -0.000033 -0.016388
vn -0.999866 0.000033 0.016388
vn -0.999866 0.000033 0.016388
vn -0.999866 0.000033 0.016388
vn -0.999866 0.000033 0.016388
vn -0.999866 0.000033 0.016388
vn -0.999866 0.000033 0.016388
vn 0.000000 1.000000 -0.000000
vn 0.000000 1.000000 -0.000000
vn 0.000000 1.000000 -0.000000
vn 0.000000 1.000000 -0.000000
vn 0.000000 1.000000 0.000000
vn 0.000000 1.000000 0.000000
vn 0.000000 1.000000 0.000000
vn 0.000000 1.000000 0.000000
vn 0.016387 0.000000 0.999866
vn 0.016387 0.000000 0.999866
vn 0.000000 1.000000 0.000000
vn 0.000000 1.000000 0.000000
vn 0.000000 1.000000 0.000000
vn 0.000000 1.000000 0.000000
vn 0.000000 1.000000 0.000000
vn 0.000000 1.000000 0.000000
vn -0.016387 0.000000 -0.999866
vn -0.016387 0.000000 -0.999866
vn 0.000000 -1.000000 0.000000
vn 0.000000 -1.000000 0.000000
vn 0.016389 0.000000 0.999866
vn 0.016389 0.000000 0.999866
vn 0.000000 1.000000 0.000000
vn 0.000000 1.000000 0.000000
vn 0.000000 1.000000 0.000000
vn 0.000000 1.000000 0.000000
vn 0.000000 1.000000 0.000000
vn 0.000000 1.000000 0.000000
vn 0.000000 1.000000 0.000000
vn 0.000000 1.000000 0.000000
vn 0.000000 1.000000 0.000000
vn 0.000000 1.000000 0.000000
vn -0.016389 0.000000 -0.999866
vn -0.016389 0.000000 -0.999866
vn 0.000000 -1.000000 0.000000
vn 0.000000 -1.000000 0.000000
vn 0.000000 1.000000 -0.000005
vn 0.000000 1.000000 -0.000005
vn 0.000000 1.000000 -0.000005
vn 0.000000 1.000000 -0.000005
vn 0.000000 1.000000 -0.000001
vn 0.000000 1.000000 -0.000001
vn 0.000000 1.000000 -0.000001
vn 0.000000 1.000000 -0.000001
vn 0.000000 1.000000 0.000002
vn 0.000000 1.000000 0.000002
vn 0.000000 1.000000 0.000002
vn 0.000000 1.000000 0.000002
vn 0.000000 1.000000 0.000001
vn 0.000000 1.000000 0.000001
vn 0.000000 1.000000 0.000001
vn 0.000000 1.000000 0.000001
vn 0.000000 1.000000 -0.000005
vn 0.000000 1.000000 -0.000005
vn 0.000000 1.000000 -0.000005
vn 0.000000 1.000000 -0.000005
vn 0.000000 1.000000 -0.000001
vn 0.000000 1.000000 -0.000001
vn 0.000000 1.000000 -0.000001
vn 0.000000 1.000000 -0.000001
vn 0.000000 1.000000 0.000002
vn 0.000000 1.000000 0.000002
vn 0.000000 1.000000 0.000002
vn 0.000000 1.000000 0.000002
vn 0.000000 1.000000 0.000001
vn 0.000000 1.000000 0.000001
vn 0.000000 1.000000 0.000001
vn 0.000000 1.000000 0.000001
vn 0.000000 1.000000 0.000001
vn 0.000000 1.000000 0.000001
vn 0.000000 1.000000 0.000001
vn 0.000000 1.000000 0.000001
vn 0.000000 1.000000 -0.000005
vn 0.000000 1.000000 -0.000005
vn 0.000000 1.000000 -0.000005
vn 0.000000 1.000000 -0.000005
vn 0.000000 1.000000 -0.000001
vn 0.000000 1.000000 -0.000001
vn 0.000000 1.000000 -0.000001
vn 0.000000 1.000000 -0.000001
vn 0.000000 1.000000 0.000002
vn 0.000000 1.000000 0.000002
vn 0.000000 1.000000 0.000002
vn 0.000000 1.000000 0.000002
vn 0.000000 1.000000 0.000001
vn 0.000000 1.000000 0.000001
vn 0.000000 1.000000 0.000001
vn 0.000000 1.000000 0.000001
vn 0.000000 1.000000 -0.000005
vn 0.000000 1.000000 -0.000005
vn 0.000000 1.000000 -0.000005
vn 0.000000 1.000000 -0.000005
vn 0.000000 1.000000 -0.000001
vn 0.000000 1.000000 -0.000001
vn 0.000000 1.000000 -0.000001
vn 0.000000 1.000000 -0.000001
vn 0.000000 1.000000 0.000002
vn 0.000000 1.000000 0.000002
vn 0.000000 1.000000 0.000002
vn 0.000000 1.000000 0.000002
vn 0.016391 0.000000 0.999866
vn 0.016391 0.000000 0.999866
vn 0.016391 0.000000 0.999866
vn 0.016391 0.000000 0.999866
vn 0.999865 0.000000 -0.016416
vn 0.999865 0.000000 -0.016416
vn 0.999865 0.000000 -0.016416
vn 0.999865 0.000000 -0.016416
vn -0.016391 0.000000 -0.999866
vn -0.016391 0.000000 -0.999866
vn -0.016391 0.000000 -0.999866
vn -0.016391 0.000000 -0.999866
vn -0.999865 0.000000 0.016416
vn -0.999865 0.000000 0.016416
vn -0.999865 0.000000 0.016416
vn -0.999865 0.000000 0.016416
vn 0.016380 0.000000 0.999866
vn 0.016380 0.000000 0.999866
vn 0.016380 0.000000 0.999866
vn 0.016380 0.000000 0.999866
vn 0.999866 0.000000 -0.016367
vn 0.999866 0.000000 -0.016367
vn 0.999866 0.000000 -0.016367
vn 0.999866 0.000000 -0.016367
vn -0.016391 0.000000 -0.999866
vn -0.016391 0.000000 -0.999866
vn -0.016391 0.000000 -0.999866
vn -0.016391 0.000000 -0.999866
vn -0.999866 0.000000 0.016368
vn -0.999866 0.000000 0.016368
vn -0.999866 0.000000 0.016368
vn -0.999866 0.000000 0.016368
vn -0.999866 0.000000 0.016367
vn -0.999866 0.000000 0.016367
vn -0.999866 0.000000 0.016367
vn -0.999866 0.000000 0.016367
vn 0.016391 0.000000 0.999866
vn 0.016391 0.000000 0.999866
vn 0.016391 0.000000 0.999866
vn 0.016391 0.000000 0.999866
vn 0.999866 0.000000 -0.016367
vn 0.999866 0.000000 -0.016367
vn 0.999866 0.000000 -0.016367
vn 0.999866 0.000000 -0.016367
vn -0.016391 0.000000 -0.999866
vn -0.016391 0.000000 -0.999866
vn -0.016391 0.000000 -0.999866
vn -0.016391 0.000000 -0.999866
vn -0.999865 0.000000 0.016416
vn -0.999865 0.000000 0.016416
vn -0.999865 0.000000 0.016416
vn -0.999865 0.000000 0.016416
vn 0.016391 0.000000 0.999866
vn 0.016391 0.000000 0.999866
vn 0.016391 0.000000 0.999866
vn 0.016391 0.000000 0.999866
vn 0.999865 0.000000 -0.016416
vn 0.999865 0.000000 -0.016416
vn 0.999865 0.000000 -0.016416
vn 0.999865 0.000000 -0.016416
vn -0.016391 0.000000 -0.999866
vn -0.016391 0.000000 -0.999866
vn -0.016391 0.000000 -0.999866
vn -0.016391 0.000000 -0.999866
vn 0.000000 -1.000000 0.000000
vn 0.000000 -1.000000 0.000000
vn 0.000000 -1.000000 0.000000
vn 0.000000 -1.000000 0.000000
vn 0.000000 -1.000000 0.000000
vn 0.000000 -1.000000 0.000000
vn 0.000000 -1.000000 0.000000
vn 0.000000 -1.000000 0.000000
vn 0.000000 -1.000000 0.000000
vn 0.000000 -1.000000 0.000000
vn 0.000000 -1.000000 0.000000
vn 0.000000 -1.000000 0.000000
vn 0.000000 -1.000000 0.000000
vn 0.000000 -1.000000 0.000000
vn 0.000000 -1.000000 0.000000
vn 0.000000 -1.000000 0.000000
vn 0.000000 -1.000000 0.000001
vn 0.000000 -1.000000 0.000001
vn 0.000000 -1.000000 0.000001
vn 0.000000 -1.000000 0.000001
vn 0.000000 -1.000000 0.000000
vn 0.000000 -1.000000 0.000000
vn 0.000000 -1.000000 0.000000
vn 0.000000 -1.000000 0.000000
vn 0.000000 -1.000000 -0.000001
vn 0.000000 -1.000000 -0.000001
vn 0.000000 -1.000000 -0.000001
vn 0.000000 -1.000000 -0.000001
vn 0.000000 -1.000000 0.000000
vn 0.000000 -1.000000 0.000000
vn 0.000000 -1.000000 0.000000
vn 0.000000 -1.000000 0.000000
vn 0.000000 -1.000000 0.000000
vn 0.000000 -1.000000 0.000000
vn 0.000000 -1.000000 0.000000
vn 0.000000 -1.000000 0.000000
vn 0.000000 -1.000000 0.000001
vn 0.000000 -1.000000 0.000001
vn 0.000000 -1.000000 0.000001
vn 0.000000 -1.000000 0.000001
vn 0.000000 -1.000000 0.000000
vn 0.000000 -1.000000 0.000000
vn 0.000000 -1.000000 0.000000
vn 0.000000 -1.000000 0.000000
vn 0.000000 -1.000000 -0.000001
vn 0.000000 -1.000000 -0.000001
vn 0.000000 -1.000000 -0.000001
vn 0.000000 -1.000000 -0.000001
vn 0.000000 -1.000000 0.000000
vn 0.000000 -1.000000 0.000000
vn 0.000000 -1.000000 0.000000
vn 0.000000 -1.000000 0.000000
vn 0.000000 -1.000000 0.000000
vn 0.000000 -1.000000 0.000000
vn 0.000000 -1.000000 0.000000
vn 0.000000 -1.000000 0.000000
vn 0.000000 -1.000000 0.000000
vn 0.000000 -1.000000 0.000000
vn 0.000000 -1.000000 0.000000
vn 0.000000 -1.000000 0.000000
vn 0.000000 -1.000000 0.000000
vn 0.000000 -1.000000 0.000000
vn 0.000000 -1.000000 0.000000
vn 0.000000 -1.000000 0.000000
vn -0.016391 0.000000 -0.999866
vn -0.016391 0.000000 -0.999866
vn -0.016391 0.000000 -0.999866
vn -0.016391 0.000000 -0.999866
vn -0.999866 0.000000 0.016361
vn -0.999866 0.000000 0.016361
vn -0.999866 0.000000 0.016361
vn -0.999866 0.000000 0.016361
vn 0.016391 0.000000 0.999866
vn 0.016391 0.000000 0.999866
vn 0.016391 0.000000 0.999866
vn 0.016391 0.000000 0.999866
vn -0.999866 0.000000 0.016400
vn -0.999866 0.000000 0.016400
vn -0.999866 0.000000 0.016400
vn -0.999866 0.000000 0.016400
vn 0.016391 0.000000 0.999866
vn 0.016391 0.000000 0.999866
vn 0.016391 0.000000 0.999866
vn 0.016391 0.000000 0.999866
vn 0.999866 0.000000 -0.016400
vn 0.999866 0.000000 -0.016400
vn 0.999866 0.000000 -0.016400
vn 0.999866 0.000000 -0.016400
vn 0.999866 0.000000 -0.016361
vn 0.999866 0.000000 -0.016361
vn 0.999866 0.000000 -0.016361
vn 0.999866 0.000000 -0.016361
vn -0.016391 0.000000 -0.999866
vn -0.016391 0.000000 -0.999866
vn -0.016391 0.000000 -0.999866
vn -0.016391 0.000000 -0.999866
vn 0.999866 0.000000 -0.016389
vn 0.999866 0.000000 -0.016389
vn 0.999866 0.000000 -0.016389
vn 0.999866 0.000000 -0.016389
vn 0.000000 1.000000 0.000000
vn 0.000000 1.000000 0.000000
vn 0.000000 1.000000 0.000000
vn 0.000000 1.000000 0.000000
vn -0.999866 0.000000 0.016389
vn -0.999866 0.000000 0.016389
vn -0.999866 0.000000 0.016389
vn -0.999866 0.000000 0.016389
vn 0.000000 -1.000000 -0.000000
vn 0.000000 -1.000000 -0.000000
vn 0.000000 -1.000000 -0.000000
vn 0.000000 -1.000000 -0.000000
vn 0.000000 -1.000000 0.000000
vn 0.000000 -1.000000 0.000000
vn 0.000000 -1.000000 0.000000
vn 0.000000 -1.000000 0.000000
vn -0.999866 0.000000 0.016389
vn -0.999866 0.000000 0.016389
vn -0.999866 0.000000 0.016389
vn -0.999866 0.000000 0.016389
vn 0.000000 1.000000 -0.000000
vn 0.000000 1.000000 -0.000000
vn 0.000000 1.000000 -0.000000
vn 0.000000 1.000000 -0.000000
vn 0.999866 0.000000 -0.016389
vn 0.999866 0.000000 -0.016389
vn 0.999866 0.000000 -0.016389
vn 0.999866 0.000000 -0.016389
vn -0.016386 0.000000 -0.999866
vn -0.016386 0.000000 -0.999866
vn -0.016386 0.000000 -0.999866
vn -0.016386 0.000000 -0.999866
vn 0.000000 1.000000 0.000000
vn 0.000000 1.000000 0.000000
vn 0.000000 1.000000 0.000000
vn 0.000000 1.000000 0.000000
vn 0.016387 0.000000 0.999866
vn 0.016387 0.000000 0.999866
vn 0.016387 0.000000 0.999866
vn 0.016387 0.000000 0.999866
vn 0.000000 -1.000000 0.000000
vn 0.000000 -1.000000 0.000000
vn 0.000000 -1.000000 0.000000
vn 0.000000 -1.000000 0.000000
vn -0.016387 0.000000 -0.999866
vn -0.016387 0.000000 -0.999866
vn -0.016387 0.000000 -0.999866
vn -0.016387 0.000000 -0.999866
vn 0.000000 1.000000 0.000000
vn 0.000000 1.000000 0.000000
vn 0.000000 1.000000 0.000000
vn 0.000000 1.000000 0.000000
vn 0.016384 0.000000 0.999866
vn 0.016384 0.000000 0.999866
vn 0.016384 0.000000 0.999866
vn 0.016384 0.000000 0.999866
vn 0.000000 -1.000000 0.000000
vn 0.000000 -1.000000 0.000000
vn 0.000000 -1.000000 0.000000
vn 0.000000 -1.000000 0.000000
vn 0.016388 0.000000 0.999866
vn 0.016388 0.000000 0.999866
vn 0.016388 0.000000 0.999866
vn 0.016388 0.000000 0.999866
vn 0.000000 1.000000 -0.000000
vn 0.000000 1.000000 -0.000000
vn 0.000000 1.000000 -0.000000
vn 0.000000 1.000000 -0.000000
vn -0.016388 0.000000 -0.999866
vn -0.016388 0.000000 -0.999866
vn -0.016388 0.000000 -0.999866
vn -0.016388 0.000000 -0.999866
vn 0.000000 -1.000000 0.000000
vn 0.000000 -1.000000 0.000000
vn 0.000000 -1.000000 0.000000
vn 0.000000 -1.000000 0.000000
vn 0.999867 0.000000 -0.016323
vn 0.999867 0.000000 -0.016323
vn 0.999867 0.000000 -0.016323
vn 0.999867 0.000000 -0.016323
vn -0.999867 0.000000 0.016323
vn -0.999867 0.000000 0.016323
vn -0.999867 0.000000 0.016323
vn -0.999867 0.000000 0.016323
vn 0.999866 0.000000 -0.016383
vn 0.999866 0.000000 -0.016383
vn 0.999866 0.000000 -0.016383
vn 0.999866 0.000000 -0.016383
vn 0.000000 1.000000 0.000000
vn 0.000000 1.000000 0.000000
vn 0.000000 1.000000 0.000000
vn 0.000000 1.000000 0.000000
vn -0.999866 0.000000 0.016383
vn -0.999866 0.000000 0.016383
vn -0.999866 0.000000 0.016383
vn -0.999866 0.000000 0.016383
vn 0.000000 -1.000000 0.000000
vn 0.000000 -1.000000 0.000000
vn 0.000000 -1.000000 0.000000
vn 0.000000 -1.000000 0.000000
vn -0.016414 0.000000 -0.999865
vn -0.016414 0.000000 -0.999865
vn -0.016414 0.000000 -0.999865
vn -0.016414 0.000000 -0.999865
vn 0.016382 0.000000 0.999866
vn 0.016382 0.000000 0.999866
vn 0.016382 0.000000 0.999866
vn 0.016382 0.000000 0.999866
vn 0.016388 0.000000 0.999866
vn 0.016388 0.000000 0.999866
vn 0.016388 0.000000 0.999866
vn 0.016388 0.000000 0.999866
vn 0.000000 1.000000 0.000001
vn 0.000000 1.000000 0.000001
vn 0.000000 1.000000 0.000001
vn 0.000000 1.000000 0.000001
vn -0.016388 0.000000 -0.999866
vn -0.016388 0.000000 -0.999866
vn -0.016388 0.000000 -0.999866
vn -0.016388 0.000000 -0.999866
vn 0.000000 -1.000000 0.000000
vn 0.000000 -1.000000 0.000000
vn 0.000000 -1.000000 0.000000
vn 0.000000 -1.000000 0.000000
vn 0.999865 0.000000 -0.016446
vn 0.999865 0.000000 -0.016446
vn 0.999865 0.000000 -0.016446
vn 0.999865 0.000000 -0.016446
vn -0.999865 0.000000 0.016446
vn -0.999865 0.000000 0.016446
vn -0.999865 0.000000 0.016446
vn -0.999865 0.000000 0.016446
vn 0.999866 0.000000 -0.016383
vn 0.999866 0.000000 -0.016383
vn 0.999866 0.000000 -0.016383
vn 0.999866 0.000000 -0.016383
vn 0.000000 1.000000 0.000000
vn 0.000000 1.000000 0.000000
vn 0.000000 1.000000 0.000000
vn 0.000000 1.000000 0.000000
vn -0.999866 0.000000 0.016383
vn -0.999866 0.000000 0.016383
vn -0.999866 0.000000 0.016383
vn -0.999866 0.000000 0.016383
vn 0.000000 -1.000000 0.000000
vn 0.000000 -1.000000 0.000000
vn 0.000000 -1.000000 0.000000
vn 0.000000 -1.000000 0.000000
vn -0.016386 0.000000 -0.999866
vn -0.016386 0.000000 -0.999866
vn -0.016386 0.000000 -0.999866
vn -0.016386 0.000000 -0.999866
vn 0.016386 0.000000 0.999866
vn 0.016386 0.000000 0.999866
vn 0.016386 0.000000 0.999866
vn 0.016386 0.000000 0.999866
vn 0.097196 -0.314607 -0.944233
vn 0.097346 -0.314764 -0.944165
vn 0.097346 -0.314764 -0.944165
vn 0.097196 -0.314607 -0.944233
vn 0.015669 0.988069 -0.153212
vn 0.015669 0.988069 -0.153212
vn 0.006262 0.998104 -0.061229
vn 0.003738 0.999325 -0.036548
vn -0.095951 -0.314607 0.944360
vn -0.095786 -0.314764 0.944325
vn -0.095786 -0.314764 0.944325
vn -0.095951 -0.314607 0.944360
vn 0.033363 -0.999090 0.026571
vn 0.035296 -0.998839 0.032789
vn 0.018620 -0.996773 0.078077
vn 0.014224 -0.994900 0.099859
vn -0.687958 0.212946 -0.693807
vn -0.845870 0.396644 -0.356619
vn -0.815807 0.351165 -0.459502
vn -0.687958 0.212946 -0.693807
vn 0.826572 0.110694 -0.551838
vn 0.928215 0.233544 -0.289609
vn 0.942482 0.268617 -0.198928
vn 0.826572 0.110694 -0.551838
vn -0.011207 -0.999937 0.000885
vn -0.010412 -0.999946 -0.000227
vn -0.010386 -0.999946 -0.000469
vn -0.011129 -0.999938 0.000262
vn -0.063750 -0.318754 0.945691
vn -0.063750 -0.318754 0.945691
vn -0.063716 -0.321567 0.944741
vn -0.063717 -0.321480 0.944770
vn 0.609306 0.741428 -0.281122
vn 0.600425 0.795039 -0.086041
vn 0.597166 0.799213 -0.068194
vn 0.605376 0.738225 -0.297563
vn 0.128842 -0.321509 -0.938100
vn 0.128837 -0.321597 -0.938071
vn 0.128998 -0.318771 -0.939012
vn 0.128998 -0.318771 -0.939012
vn -0.000301 -1.000000 -0.000031
vn -0.000301 -1.000000 -0.000031
vn -0.000151 -1.000000 -0.000015
vn -0.000151 -1.000000 -0.000015
vn -0.096101 -0.328256 0.939688
vn -0.096101 -0.328256 0.939688
vn -0.096101 -0.328265 0.939684
vn -0.096101 -0.328265 0.939684
vn 0.016976 0.987574 -0.156233
vn 0.006869 0.997976 -0.063213
vn 0.007580 0.998373 -0.056509
vn 0.021137 0.987282 -0.157566
vn 0.096099 -0.328314 -0.939667
vn 0.096099 -0.328314 -0.939667
vn 0.096099 -0.328309 -0.939669
vn 0.096099 -0.328309 -0.939669
vn -0.000875 -0.999999 0.001280
vn -0.001224 -0.999999 0.000445
vn -0.001224 -0.999999 0.000445
vn -0.000875 -0.999999 0.001280
vn -0.096100 -0.328274 0.939681
vn -0.096100 -0.328274 0.939681
vn -0.096100 -0.328274 0.939681
vn -0.096100 -0.328274 0.939681
vn -0.489151 0.857847 -0.157576
vn -0.487767 0.854811 -0.177146
vn -0.467952 0.814848 -0.342117
vn -0.467952 0.814848 -0.342117
vn 0.096098 -0.328301 -0.939672
vn 0.096098 -0.328301 -0.939672
vn 0.096098 -0.328301 -0.939672
vn 0.096098 -0.328301 -0.939672
vn -0.032726 -0.997508 0.062510
vn -0.040429 -0.998961 0.021056
vn -0.042070 -0.999041 0.012168
vn -0.032726 -0.997508 0.062510
vn -0.095636 -0.331899 0.938454
vn -0.095636 -0.331900 0.938454
vn -0.095636 -0.331900 0.938454
vn -0.095636 -0.331899 0.938454
vn -0.134550 0.987426 -0.082982
vn -0.131505 0.983486 -0.124349
vn -0.120376 0.959763 -0.253701
vn -0.120376 0.959763 -0.253701
vn 0.096306 -0.331923 -0.938378
vn 0.096306 -0.331923 -0.938378
vn 0.096306 -0.331923 -0.938378
vn 0.096306 -0.331923 -0.938378
vn 0.675589 0.092110 0.731502
vn 0.881898 0.265794 0.389371
vn 0.844511 0.225468 0.485763
vn 0.675589 0.092110 0.731502
vn 0.034830 -0.994196 -0.101795
vn 0.034575 -0.996351 -0.078040
vn 0.041588 -0.998805 -0.025691
vn 0.038299 -0.999088 -0.018860
vn -0.010838 -0.999938 -0.002608
vn -0.010247 -0.999946 -0.001658
vn -0.010222 -0.999946 -0.001906
vn -0.010786 -0.999937 -0.003279
vn -0.000151 -1.000000 -0.000015
vn -0.000151 -1.000000 -0.000015
vn -0.000301 -1.000000 -0.000031
vn -0.000301 -1.000000 -0.000031
vn -0.001119 -0.999999 -0.000701
vn -0.001119 -0.999999 -0.000701
vn -0.000588 -0.999999 -0.001527
vn -0.000588 -0.999999 -0.001527
vn -0.039141 -0.999029 -0.020237
vn -0.035570 -0.998932 -0.029486
vn -0.018913 -0.997191 -0.072473
vn -0.018913 -0.997191 -0.072473
vn -0.799789 0.191396 0.568951
vn -0.890197 0.342392 0.300529
vn -0.900946 0.394566 0.180592
vn -0.799789 0.191396 0.568951
vn -0.170258 0.955695 0.240122
vn -0.154163 0.983047 0.099257
vn -0.148316 0.987486 0.053609
vn -0.170258 0.955695 0.240122
vn -0.526315 0.809733 0.259473
vn -0.513238 0.854638 0.078623
vn -0.510481 0.858007 0.056852
vn -0.526315 0.809732 0.259473
vn -0.012321 0.985441 0.169569
vn -0.004195 0.998323 0.057735
vn -0.006262 0.997864 0.065024
vn -0.016111 0.985774 0.167305
vn 0.525527 0.730907 0.435427
vn 0.570301 0.799318 0.189333
vn 0.569464 0.794786 0.209824
vn 0.533171 0.734689 0.419476
vn -0.003687 0.999343 0.036047
vn -0.006431 0.998000 0.062881
vn -0.016759 0.986340 0.163867
vn -0.016759 0.986340 0.163867
vn 0.906978 0.368788 -0.203436
vn 0.909895 0.342279 -0.234385
vn 0.782506 0.303529 -0.543649
vn 0.769443 0.349162 -0.534830
vn 0.843599 0.370586 0.388595
vn 0.839340 0.340802 0.423512
vn 0.632925 0.299082 0.714112
vn 0.621250 0.348749 0.701728
vn -0.098487 0.250760 0.963026
vn -0.098490 0.250765 0.963025
vn -0.101669 0.037066 0.994128
vn -0.101668 -0.036889 0.994134
vn -0.009446 0.147451 0.989024
vn -0.017110 0.038782 0.999101
vn -0.007499 0.048784 0.998781
vn 0.013100 0.186092 0.982445
vn -0.100559 0.118020 0.987907
vn -0.101232 0.028751 0.994447
vn -0.083615 0.027564 0.996117
vn -0.088023 0.120065 0.988856
vn -0.135196 0.046532 0.989726
vn -0.122026 0.034094 0.991941
vn -0.120209 0.137254 0.983215
vn -0.150303 0.231322 0.961197
vn -0.114922 -0.055479 0.991824
vn -0.126810 0.413487 0.901636
vn -0.834802 0.522473 0.173575
vn -0.846361 0.470827 0.248987
vn -0.721773 0.431457 0.541192
vn -0.674695 0.532224 0.511394
vn -0.785897 0.519446 -0.335472
vn -0.783000 0.473351 -0.403547
vn -0.619079 0.435752 -0.653347
vn -0.581039 0.529003 -0.618507
vn 0.054870 0.279259 -0.958647
vn 0.080061 0.026842 -0.996429
vn 0.088224 -0.055484 -0.994554
vn 0.058325 0.413477 -0.908645
vn 0.079235 0.117445 -0.989913
vn 0.074805 0.143281 -0.986851
vn 0.119061 0.116831 -0.985989
vn 0.126764 0.122056 -0.984395
vn 0.101714 0.118029 -0.987787
vn 0.101719 0.117080 -0.987900
vn 0.138009 0.227656 -0.963912
vn 0.196429 0.161542 -0.967119
vn 0.224549 0.116672 -0.967453
vn 0.101666 -0.036883 -0.994135
vn 0.101666 0.037067 -0.994128
vn 0.098486 0.250762 -0.963026
vn 0.098484 0.250763 -0.963026
vn 0.923165 0.331526 -0.194569
vn 0.813433 0.141233 -0.564252
vn 0.864256 0.329287 0.380305
vn 0.659855 0.119966 0.741755
vn -0.095996 -0.331164 0.938677
vn -0.095997 -0.331164 0.938677
vn -0.063516 -0.338457 0.938836
vn -0.063576 -0.335271 0.939974
vn -0.095028 -0.346677 0.933159
vn -0.086249 -0.345597 0.934411
vn -0.094347 -0.349600 0.932137
vn -0.095385 -0.346865 0.933052
vn -0.093483 -0.351875 0.931367
vn -0.861085 0.479901 0.168011
vn -0.781488 0.239216 0.576240
vn -0.809153 0.481017 -0.337483
vn -0.668006 0.263728 -0.695856
vn 0.096292 -0.349609 -0.931934
vn 0.096984 -0.351886 -0.931005
vn 0.088446 -0.029383 -0.995647
vn 0.095459 -0.346872 -0.933042
vn 0.095829 -0.346681 -0.933075
vn 0.102187 -0.057120 -0.993124
vn 0.120244 -0.046098 -0.991674
vn 0.104679 -0.345600 -0.932525
vn 0.127838 -0.338459 -0.932257
vn 0.165763 0.002451 -0.986163
vn 0.128928 0.039360 -0.990872
vn 0.109578 -0.332944 -0.936558
vn 0.095995 -0.331157 -0.938680
vn 0.095996 -0.331157 -0.938680
vn -0.000036 -1.000000 -0.000822
vn -0.000005 -0.999999 -0.001380
vn -0.000005 -0.999999 -0.001381
vn -0.000036 -1.000000 -0.000822
vn 0.035102 0.939547 -0.340616
vn 0.035102 0.939547 -0.340617
vn 0.035143 0.939229 -0.341489
vn 0.035143 0.939229 -0.341489
vn -0.034710 0.939226 0.341540
vn -0.034572 0.939544 0.340679
vn -0.034572 0.939544 0.340679
vn -0.034710 0.939226 0.341540
vn -0.000284 -0.999999 0.001352
vn -0.000284 -0.999999 0.001351
vn -0.000202 -1.000000 0.000798
vn -0.000202 -1.000000 0.000798
vn -0.071880 -0.994160 0.080489
vn -0.071880 -0.994160 0.080489
vn -0.071880 -0.994160 0.080489
vn -0.071880 -0.994160 0.080489
vn -0.159352 0.951864 -0.261844
vn -0.159352 0.951864 -0.261844
vn -0.159352 0.951864 -0.261844
vn -0.159352 0.951864 -0.261844
vn 0.209305 0.950613 -0.229188
vn 0.209305 0.950613 -0.229188
vn 0.209305 0.950613 -0.229188
vn 0.209305 0.950613 -0.229188
vn 0.053860 -0.993958 0.095637
vn 0.053860 -0.993958 0.095637
vn 0.053860 -0.993958 0.095637
vn 0.053860 -0.993958 0.095637
vn -0.014232 0.940851 0.338521
vn -0.014148 0.941292 0.337296
vn -0.014144 0.941313 0.337239
vn -0.014232 0.940851 0.338521
vn -0.012112 -0.999926 0.001181
vn -0.012113 -0.999926 0.001193
vn -0.012129 -0.999925 0.001432
vn -0.012129 -0.999925 0.001432
vn 0.054411 0.941319 -0.333103
vn 0.054419 0.941299 -0.333160
vn 0.054585 0.940857 -0.334377
vn 0.054585 0.940857 -0.334377
vn -0.011587 -0.999925 -0.003858
vn -0.011620 -0.999926 -0.003621
vn -0.011622 -0.999926 -0.003608
vn -0.011587 -0.999925 -0.003858
vn -0.033879 0.942081 0.333671
vn -0.034065 0.941851 0.334299
vn -0.034065 0.941851 0.334300
vn -0.033879 0.942081 0.333671
vn -0.000124 -1.000000 0.000464
vn -0.000124 -1.000000 0.000464
vn -0.000246 -1.000000 0.000923
vn -0.000246 -1.000000 0.000923
vn 0.034306 0.941859 -0.334252
vn 0.034306 0.941859 -0.334252
vn 0.034362 0.942089 -0.333599
vn 0.034362 0.942089 -0.333599
vn -0.000054 -1.000000 -0.000954
vn -0.000027 -1.000000 -0.000480
vn -0.000027 -1.000000 -0.000479
vn -0.000054 -1.000000 -0.000954
vn -0.034266 0.941696 0.334716
vn -0.034266 0.941696 0.334716
vn -0.034266 0.941696 0.334716
vn -0.034266 0.941696 0.334716
vn 0.000000 -1.000000 0.000000
vn 0.000000 -1.000000 0.000000
vn 0.000000 -1.000000 0.000000
vn 0.000000 -1.000000 0.000000
vn 0.034194 0.941703 -0.334704
vn 0.034194 0.941703 -0.334704
vn 0.034194 0.941703 -0.334704
vn 0.034194 0.941703 -0.334704
vn 0.000000 -1.000000 -0.000000
vn 0.000000 -1.000000 -0.000000
vn 0.000000 -1.000000 -0.000000
vn 0.000000 -1.000000 -0.000000
vn -0.036145 0.941963 0.333765
vn -0.036145 0.941963 0.333765
vn -0.036145 0.941963 0.333765
vn -0.036145 0.941963 0.333765
vn 0.000000 -1.000000 0.000000
vn 0.000000 -1.000000 0.000000
vn 0.000000 -1.000000 0.000000
vn 0.000000 -1.000000 0.000000
vn 0.032159 0.941968 -0.334160
vn 0.032159 0.941968 -0.334160
vn 0.032159 0.941968 -0.334160
vn 0.032159 0.941968 -0.334160
vn 0.000000 -1.000000 -0.000000
vn 0.000000 -1.000000 -0.000000
vn 0.000000 -1.000000 -0.000000
vn 0.000000 -1.000000 -0.000000
vn 0.076198 -0.993452 -0.085134
vn 0.076198 -0.993452 -0.085134
vn 0.076198 -0.993452 -0.085134
vn 0.076198 -0.993452 -0.085134
vn 0.146631 0.950655 0.273412
vn 0.146631 0.950655 0.273412
vn 0.146631 0.950655 0.273412
vn 0.146631 0.950655 0.273412
vn -0.198616 0.952007 0.232881
vn -0.198616 0.952007 0.232881
vn -0.198616 0.952007 0.232881
vn -0.198616 0.952007 0.232881
vn -0.057641 -0.993667 -0.096457
vn -0.057641 -0.993667 -0.096457
vn -0.057641 -0.993667 -0.096457
vn -0.057641 -0.993667 -0.096457
vn 0.338228 0.940428 0.034588
vn 0.338228 0.940428 0.034588
vn 0.338228 0.940428 0.034588
vn 0.338228 0.940428 0.034588
vn 0.000000 -1.000000 0.000000
vn 0.000000 -1.000000 0.000000
vn 0.000000 -1.000000 0.000000
vn 0.000000 -1.000000 0.000000
vn -0.339429 0.939991 -0.034717
vn -0.339429 0.939991 -0.034717
vn -0.339429 0.939991 -0.034717
vn -0.339429 0.939991 -0.034717
vn 0.000000 -1.000000 0.000000
vn 0.000000 -1.000000 0.000000
vn 0.000000 -1.000000 0.000000
vn 0.000000 -1.000000 0.000000
vn -0.000005 -1.000000 -0.000000
vn -0.000005 -1.000000 -0.000000
vn -0.000005 -1.000000 -0.000000
vn -0.000005 -1.000000 -0.000000
vn -0.000001 -1.000000 -0.000015
vn -0.000001 -1.000000 -0.000015
vn 0.096099 -0.328320 -0.939665
vn 0.096099 -0.328320 -0.939665
vn 0.034252 0.941635 -0.334890
vn 0.034252 0.941635 -0.334890
vn 0.004869 0.998253 -0.058888
vn 0.012808 0.987848 -0.154895
vn -0.007219 0.998181 0.059848
vn -0.019908 0.986087 0.165033
vn -0.034247 0.941626 0.334914
vn -0.034247 0.941626 0.334914
vn -0.096101 -0.328274 0.939681
vn -0.096101 -0.328274 0.939681
vn -0.000004 -1.000000 0.000015
vn -0.000004 -1.000000 0.000015
vn -0.620794 0.757949 -0.200319
vn -0.554646 0.818356 -0.150536
vn -0.569597 0.803440 -0.173328
vn -0.596028 0.794103 -0.118959
vn -0.440270 0.879261 -0.181829
vn -0.446039 0.877008 -0.178620
vn -0.302928 0.932878 -0.194868
vn -0.340993 0.928846 -0.144808
vn -0.575214 0.817217 0.035861
vn -0.659581 0.747500 0.078725
vn -0.609419 0.792825 -0.006139
vn -0.596283 0.800799 0.056289
vn -0.325663 0.935381 0.137861
vn -0.464007 0.881010 0.092300
vn -0.471257 0.877787 0.086067
vn -0.359120 0.930427 0.073071
vn 0.330414 0.933448 -0.139647
vn 0.507564 0.858104 -0.077697
vn 0.473026 0.875144 -0.101829
vn 0.381216 0.922250 -0.064265
vn 0.632567 0.774493 -0.004545
vn 0.632299 0.774724 -0.001051
vn 0.701414 0.708062 -0.081655
vn 0.832150 0.542670 -0.114170
vn 0.756395 0.653948 0.014798
vn 0.781740 0.608044 -0.138437
vn 0.474561 0.861316 0.181457
vn 0.279443 0.937038 0.209456
vn 0.356219 0.924019 0.138911
vn 0.437848 0.877188 0.197053
vn 0.805272 0.513846 0.295804
vn 0.674094 0.703528 0.225048
vn 0.746682 0.592227 0.302876
vn 0.745841 0.652085 0.136040
vn 0.618981 0.774712 0.129170
vn 0.618568 0.774498 0.132390
vn 0.000045 -0.999997 -0.002260
vn 0.000045 -0.999997 -0.002260
vn 0.097596 -0.315024 -0.944053
vn 0.097596 -0.315024 -0.944053
vn 0.035041 0.940023 -0.339307
vn 0.035041 0.940023 -0.339307
vn 0.015668 0.988069 -0.153212
vn 0.008826 0.996230 -0.086304
vn -0.009218 0.995887 0.090131
vn -0.016759 0.986340 0.163867
vn -0.098493 0.250769 0.963023
vn -0.101608 0.051175 0.993507
vn -0.095995 -0.331163 0.938678
vn -0.034365 0.940020 0.339385
vn -0.034365 0.940020 0.339385
vn -0.095513 -0.315024 0.944265
vn -0.095513 -0.315024 0.944266
vn -0.000413 -0.999997 0.002223
vn -0.000413 -0.999997 0.002223
vn 0.034028 -0.998909 -0.032000
vn 0.050101 -0.998703 -0.009059
vn 0.046765 -0.998733 0.018572
vn 0.027088 -0.998989 0.035888
vn -0.010278 -0.999946 -0.001312
vn -0.010905 -0.999939 -0.001759
vn -0.010348 -0.999946 -0.000805
vn -0.011029 -0.999939 -0.000527
vn -0.011666 -0.999927 -0.003294
vn -0.011666 -0.999927 -0.003294
vn 0.128623 -0.325302 -0.936822
vn 0.128623 -0.325302 -0.936822
vn 0.054191 0.941903 -0.331486
vn 0.054191 0.941903 -0.331486
vn 0.605077 0.791292 -0.087968
vn 0.618173 0.748348 -0.240494
vn 0.573355 0.790916 0.213815
vn 0.551220 0.742966 0.379682
vn -0.014032 0.941896 0.335613
vn -0.014032 0.941896 0.335613
vn -0.063669 -0.325258 0.943480
vn -0.063669 -0.325258 0.943480
vn -0.012091 -0.999927 0.000864
vn -0.012091 -0.999927 0.000864
vn 0.099224 0.220593 -0.970306
vn 0.099224 0.220593 -0.970306
vn 0.099224 0.220593 -0.970306
vn 0.099224 0.220593 -0.970306
vn 0.000000 1.000000 0.000000
vn 0.000000 1.000000 0.000000
vn 0.000000 1.000000 0.000000
vn 0.000000 1.000000 0.000000
vn -0.099226 0.220591 0.970306
vn -0.099226 0.220591 0.970306
vn -0.099226 0.220591 0.970306
vn -0.099226 0.220591 0.970306
vn 0.000000 -1.000000 0.000000
vn 0.000000 -1.000000 0.000000
vn 0.000000 -1.000000 0.000000
vn 0.000000 -1.000000 0.000000
vn -0.982826 0.154762 -0.100512
vn -0.982826 0.154762 -0.100512
vn -0.982826 0.154762 -0.100512
vn -0.982826 0.154762 -0.100512
vn 0.982823 0.154776 0.100516
vn 0.982823 0.154776 0.100516
vn 0.982823 0.154776 0.100516
vn 0.982823 0.154776 0.100516
vn -0.643404 0.294900 -0.706445
vn -0.858620 0.368819 -0.356013
vn -0.650788 0.681485 -0.334745
vn -0.477213 0.544894 -0.689462
vn -0.339759 0.890397 -0.302914
vn -0.228512 0.711946 -0.664015
vn 0.027141 0.963759 -0.265392
vn 0.064838 0.770608 -0.634003
vn 0.394045 0.890394 -0.227878
vn 0.358209 0.711950 -0.603998
vn 0.705086 0.681480 -0.196060
vn 0.606909 0.544916 -0.578558
vn 0.912920 0.368807 -0.174809
vn 0.773116 0.294892 -0.561543
vn 0.985897 -0.000000 -0.167354
vn 0.831463 -0.000000 -0.555580
vn 0.912920 -0.368807 -0.174809
vn 0.773117 -0.294892 -0.561542
vn 0.705086 -0.681479 -0.196060
vn 0.606910 -0.544915 -0.578557
vn 0.394045 -0.890393 -0.227877
vn 0.358210 -0.711951 -0.603996
vn 0.027142 -0.963759 -0.265392
vn 0.064839 -0.770609 -0.634001
vn -0.339758 -0.890398 -0.302914
vn -0.228511 -0.711946 -0.664015
vn -0.650788 -0.681485 -0.334744
vn -0.477213 -0.544895 -0.689462
vn -0.858620 -0.368819 -0.356013
vn -0.643404 -0.294900 -0.706446
vn -0.931602 -0.000000 -0.363481
vn -0.701760 -0.000000 -0.712414
vn 0.101731 0.000000 -0.994812
vn 0.101737 -0.000000 -0.994811
vn 0.101741 0.000005 -0.994811
vn 0.101733 -0.000007 -0.994812
vn 0.101748 0.000000 -0.994810
vn 0.101739 0.000004 -0.994811
vn 0.101729 0.000010 -0.994812
vn 0.101734 -0.000002 -0.994812
vn 0.101740 -0.000000 -0.994811
vn 0.101732 0.000002 -0.994812
vn 0.101730 -0.000010 -0.994812
vn 0.101741 -0.000004 -0.994811
vn 0.101748 0.000000 -0.994810
vn 0.101733 0.000007 -0.994812
vn 0.101731 -0.000000 -0.994812
vn 0.101741 -0.000005 -0.994811
vn 0.101737 0.000000 -0.994811
vn -0.101745 0.000011 0.994811
vn -0.101745 0.000011 0.994811
vn -0.101737 0.000001 0.994811
vn -0.101737 0.000001 0.994811
vn -0.101740 -0.000014 0.994811
vn -0.101740 -0.000014 0.994811
vn -0.101733 -0.000003 0.994812
vn -0.101733 -0.000003 0.994812
vn -0.101726 0.000020 0.994813
vn -0.101726 0.000020 0.994812
vn -0.101727 0.000022 0.994812
vn -0.101727 0.000022 0.994812
vn -0.101730 0.000004 0.994812
vn -0.101730 0.000004 0.994812
vn -0.101732 -0.000000 0.994812
vn -0.101732 -0.000000 0.994812
vn -0.101730 -0.000004 0.994812
vn -0.101730 -0.000004 0.994812
vn -0.101729 -0.000022 0.994812
vn -0.101729 -0.000022 0.994812
vn -0.101726 -0.000020 0.994813
vn -0.101726 -0.000020 0.994812
vn -0.101733 0.000003 0.994812
vn -0.101733 0.000003 0.994812
vn -0.101739 0.000014 0.994811
vn -0.101739 0.000014 0.994811
vn -0.101735 -0.000001 0.994812
vn -0.101735 -0.000001 0.994812
vn -0.101741 -0.000011 0.994811
vn -0.101741 -0.000011 0.994811
vn -0.101751 0.000000 0.994810
vn -0.101751 0.000000 0.994810
vn -0.988955 0.000000 0.148219
vn -0.888510 0.000000 0.458858
vn -0.825094 0.320412 0.465356
vn -0.915594 0.370726 0.155724
vn -0.915594 -0.370726 0.155724
vn -0.825094 -0.320412 0.465356
vn -0.706671 -0.685018 0.177106
vn -0.644546 -0.592022 0.483809
vn -0.394031 -0.895004 0.209065
vn -0.374356 -0.773514 0.511403
vn -0.025231 -0.968746 0.246768
vn -0.055638 -0.837244 0.543992
vn 0.343571 -0.895001 0.284487
vn 0.263106 -0.773512 0.576589
vn 0.656210 -0.685014 0.316454
vn 0.533319 -0.592034 0.604208
vn 0.865131 -0.370712 0.337818
vn 0.713880 -0.320379 0.622681
vn 0.938487 -0.000000 0.345315
vn 0.777255 -0.000000 0.629186
vn 0.865131 0.370713 0.337817
vn 0.713880 0.320380 0.622682
vn 0.656210 0.685014 0.316454
vn 0.533319 0.592033 0.604208
vn 0.343570 0.895001 0.284487
vn 0.263106 0.773511 0.576590
vn -0.025232 0.968746 0.246768
vn -0.055639 0.837244 0.543992
vn -0.394031 0.895004 0.209065
vn -0.374356 0.773515 0.511402
vn -0.706671 0.685018 0.177106
vn -0.644546 0.592022 0.483808
vn -0.101748 -0.000000 0.994810
vn -0.101739 -0.000000 0.994811
vn -0.101751 0.000007 0.994810
vn -0.101753 -0.000007 0.994810
vn -0.101741 -0.000010 0.994811
vn -0.101758 -0.000012 0.994809
vn -0.101744 0.000000 0.994811
vn -0.101720 -0.000006 0.994813
vn -0.101734 -0.000008 0.994812
vn -0.101726 -0.000004 0.994812
vn -0.101728 0.000000 0.994812
vn -0.101728 0.000004 0.994812
vn -0.101732 0.000008 0.994812
vn -0.101722 0.000006 0.994813
vn -0.101743 0.000000 0.994811
vn -0.101758 0.000012 0.994809
vn -0.101745 0.000010 0.994811
vn 0.352615 0.000000 0.935769
vn 0.352615 0.000000 0.935769
vn 0.318837 -0.170700 0.932311
vn 0.318838 -0.170698 0.932312
vn 0.318839 0.170698 0.932311
vn 0.318838 0.170701 0.932311
vn 0.222671 0.315355 0.922480
vn 0.222667 0.315359 0.922479
vn 0.078724 0.412046 0.907756
vn 0.078723 0.412046 0.907756
vn -0.091059 0.445984 0.890397
vn -0.091048 0.445984 0.890398
vn -0.260838 0.412037 0.873034
vn -0.260860 0.412028 0.873032
vn -0.404800 0.315343 0.858310
vn -0.404793 0.315351 0.858310
vn -0.501012 0.170690 0.848441
vn -0.501012 0.170690 0.848441
vn -0.534831 -0.000000 0.844959
vn -0.534831 0.000000 0.844959
vn -0.501006 -0.170691 0.848444
vn -0.501006 -0.170690 0.848444
vn -0.404797 -0.315344 0.858311
vn -0.404790 -0.315351 0.858312
vn -0.260838 -0.412037 0.873034
vn -0.260860 -0.412028 0.873032
vn -0.091058 -0.445984 0.890397
vn -0.091047 -0.445984 0.890398
vn 0.078725 -0.412046 0.907756
vn 0.078724 -0.412046 0.907756
vn 0.222669 -0.315355 0.922480
vn 0.222666 -0.315358 0.922480
vn 0.994799 0.000002 0.101860
vn 0.994799 0.000002 0.101859
vn 0.919060 -0.382718 0.094106
vn 0.919058 -0.382723 0.094106
vn 0.919057 0.382725 0.094107
vn 0.919059 0.382720 0.094107
vn 0.703480 0.707054 0.072038
vn 0.703439 0.707096 0.072034
vn 0.380672 0.923888 0.038985
vn 0.380685 0.923883 0.038986
vn 0.000028 1.000000 -0.000016
vn -0.000055 1.000000 -0.000024
vn -0.380651 0.923896 -0.038998
vn -0.380720 0.923867 -0.039006
vn -0.703435 0.707109 -0.071942
vn -0.703425 0.707120 -0.071941
vn -0.919121 0.382640 -0.093824
vn -0.919118 0.382648 -0.093823
vn -0.994840 -0.000000 -0.101460
vn -0.994840 -0.000000 -0.101460
vn -0.919122 -0.382639 -0.093822
vn -0.919119 -0.382646 -0.093822
vn -0.703436 -0.707108 -0.071941
vn -0.703426 -0.707119 -0.071940
vn -0.380651 -0.923896 -0.038996
vn -0.380720 -0.923868 -0.039003
vn 0.000029 -1.000000 -0.000014
vn -0.000054 -1.000000 -0.000023
vn 0.380673 -0.923888 0.038986
vn 0.380685 -0.923882 0.038987
vn 0.703481 -0.707054 0.072038
vn 0.703440 -0.707095 0.072034
vn -0.643377 0.294899 -0.706471
vn -0.858622 0.368816 -0.356010
vn -0.650795 0.681478 -0.334744
vn -0.477210 0.544885 -0.689472
vn -0.339759 0.890396 -0.302915
vn -0.228516 0.711947 -0.664012
vn 0.027142 0.963757 -0.265396
vn 0.064834 0.770605 -0.634007
vn 0.394048 0.890393 -0.227873
vn 0.358210 0.711961 -0.603985
vn 0.705078 0.681490 -0.196050
vn 0.606936 0.544930 -0.578516
vn 0.912919 0.368819 -0.174790
vn 0.773136 0.294915 -0.561503
vn 0.985900 -0.000000 -0.167337
vn 0.831479 -0.000001 -0.555556
vn 0.912919 -0.368819 -0.174790
vn 0.773136 -0.294916 -0.561503
vn 0.705079 -0.681490 -0.196050
vn 0.606937 -0.544928 -0.578515
vn 0.394049 -0.890393 -0.227873
vn 0.358212 -0.711960 -0.603985
vn 0.027143 -0.963757 -0.265396
vn 0.064836 -0.770605 -0.634006
vn -0.339759 -0.890397 -0.302915
vn -0.228514 -0.711948 -0.664011
vn -0.650795 -0.681479 -0.334744
vn -0.477210 -0.544885 -0.689471
vn -0.858623 -0.368815 -0.356009
vn -0.643377 -0.294899 -0.706470
vn -0.931602 0.000000 -0.363479
vn -0.701723 0.000000 -0.712450
vn 0.101732 0.000003 -0.994812
vn 0.101738 -0.000000 -0.994811
vn 0.101737 0.000006 -0.994811
vn 0.101731 -0.000001 -0.994812
vn 0.101750 0.000000 -0.994810
vn 0.101748 0.000007 -0.994810
vn 0.101732 0.000012 -0.994812
vn 0.101738 -0.000000 -0.994811
vn 0.101743 -0.000000 -0.994811
vn 0.101739 0.000000 -0.994811
vn 0.101733 -0.000012 -0.994812
vn 0.101747 -0.000007 -0.994810
vn 0.101748 0.000000 -0.994810
vn 0.101732 0.000001 -0.994812
vn 0.101733 -0.000003 -0.994812
vn 0.101737 -0.000006 -0.994811
vn 0.101736 -0.000000 -0.994811
vn -0.101730 0.000000 0.994812
vn -0.101730 0.000000 0.994812
vn -0.101746 0.000011 0.994811
vn -0.101746 0.000011 0.994811
vn -0.101743 0.000002 0.994811
vn -0.101743 0.000002 0.994811
vn -0.101739 -0.000006 0.994811
vn -0.101739 -0.000006 0.994811
vn -0.101741 -0.000006 0.994811
vn -0.101741 -0.000006 0.994811
vn -0.101738 -0.000009 0.994811
vn -0.101738 -0.000009 0.994811
vn -0.101754 0.000000 0.994810
vn -0.101754 0.000000 0.994810
vn -0.101771 0.000000 0.994808
vn -0.101771 0.000000 0.994808
vn -0.101756 -0.000000 0.994809
vn -0.101756 -0.000000 0.994810
vn -0.101740 0.000009 0.994811
vn -0.101740 0.000009 0.994811
vn -0.101743 0.000006 0.994811
vn -0.101743 0.000006 0.994811
vn -0.101742 0.000006 0.994811
vn -0.101742 0.000006 0.994811
vn -0.101744 -0.000002 0.994811
vn -0.101744 -0.000002 0.994811
vn -0.101742 -0.000011 0.994811
vn -0.101742 -0.000011 0.994811
vn -0.101725 -0.000000 0.994813
vn -0.101725 -0.000000 0.994813
vn -0.101718 0.000000 0.994813
vn -0.101718 0.000000 0.994813
vn -0.988952 0.000000 0.148235
vn -0.888512 0.000000 0.458853
vn -0.825109 0.320400 0.465337
vn -0.915593 0.370722 0.155738
vn -0.915593 -0.370722 0.155738
vn -0.825109 -0.320401 0.465337
vn -0.706677 -0.685012 0.177106
vn -0.644557 -0.592023 0.483793
vn -0.394031 -0.895003 0.209068
vn -0.374354 -0.773517 0.511401
vn -0.025232 -0.968747 0.246765
vn -0.055641 -0.837250 0.543982
vn 0.343572 -0.895002 0.284481
vn 0.263101 -0.773519 0.576581
vn 0.656220 -0.685012 0.316439
vn 0.533323 -0.592032 0.604206
vn 0.865134 -0.370718 0.337804
vn 0.713886 -0.320378 0.622675
vn 0.938488 0.000000 0.345312
vn 0.777264 0.000000 0.629175
vn 0.865134 0.370718 0.337804
vn 0.713886 0.320379 0.622675
vn 0.656220 0.685012 0.316439
vn 0.533323 0.592032 0.604206
vn 0.343572 0.895002 0.284481
vn 0.263101 0.773519 0.576582
vn -0.025234 0.968747 0.246765
vn -0.055642 0.837250 0.543983
vn -0.394031 0.895003 0.209068
vn -0.374354 0.773517 0.511400
vn -0.706677 0.685012 0.177106
vn -0.644556 0.592024 0.483793
vn -0.101748 0.000000 0.994810
vn -0.101742 0.000000 0.994811
vn -0.101747 -0.000010 0.994810
vn -0.101748 0.000010 0.994810
vn -0.101725 -0.000012 0.994813
vn -0.101743 -0.000017 0.994811
vn -0.101759 0.000000 0.994809
vn -0.101740 -0.000002 0.994811
vn -0.101740 -0.000001 0.994811
vn -0.101735 0.000000 0.994811
vn -0.101737 0.000000 0.994811
vn -0.101739 -0.000000 0.994811
vn -0.101739 0.000001 0.994811
vn -0.101735 0.000002 0.994812
vn -0.101760 0.000000 0.994809
vn -0.101747 0.000017 0.994810
vn -0.101726 0.000012 0.994812
vn 0.352632 0.000000 0.935762
vn 0.352632 0.000000 0.935762
vn 0.318843 -0.170707 0.932308
vn 0.318844 -0.170705 0.932308
vn 0.318849 0.170704 0.932306
vn 0.318848 0.170707 0.932306
vn 0.222677 0.315342 0.922483
vn 0.222674 0.315345 0.922482
vn 0.078733 0.412040 0.907758
vn 0.078718 0.412046 0.907756
vn -0.091065 0.446000 0.890388
vn -0.091054 0.446000 0.890389
vn -0.260837 0.412036 0.873035
vn -0.260857 0.412027 0.873033
vn -0.404768 0.315312 0.858337
vn -0.404751 0.315329 0.858338
vn -0.500941 0.170663 0.848488
vn -0.500938 0.170669 0.848489
vn -0.534745 0.000000 0.845014
vn -0.534745 0.000000 0.845013
vn -0.500941 -0.170662 0.848488
vn -0.500939 -0.170668 0.848489
vn -0.404766 -0.315312 0.858337
vn -0.404749 -0.315329 0.858339
vn -0.260835 -0.412037 0.873035
vn -0.260855 -0.412029 0.873033
vn -0.091064 -0.446000 0.890388
vn -0.091053 -0.446000 0.890390
vn 0.078735 -0.412039 0.907758
vn 0.078719 -0.412045 0.907756
vn 0.222676 -0.315342 0.922483
vn 0.222673 -0.315345 0.922483
vn 0.994818 -0.000000 0.101670
vn 0.994818 0.000000 0.101670
vn 0.919072 -0.382713 0.094014
vn 0.919069 -0.382720 0.094013
vn 0.919066 0.382724 0.094015
vn 0.919069 0.382718 0.094015
vn 0.703491 0.707050 0.071981
vn 0.703450 0.707091 0.071977
vn 0.380646 0.923902 0.038900
vn 0.380747 0.923860 0.038911
vn 0.000043 1.000000 -0.000036
vn -0.000043 1.000000 -0.000045
vn -0.380641 0.923898 -0.039060
vn -0.380713 0.923868 -0.039067
vn -0.703370 0.707150 -0.072181
vn -0.703413 0.707107 -0.072185
vn -0.919075 0.382656 -0.094215
vn -0.919088 0.382624 -0.094217
vn -0.994797 0.000000 -0.101882
vn -0.994796 0.000000 -0.101882
vn -0.919075 -0.382656 -0.094215
vn -0.919088 -0.382624 -0.094217
vn -0.703367 -0.707153 -0.072180
vn -0.703410 -0.707109 -0.072185
vn -0.380635 -0.923900 -0.039058
vn -0.380707 -0.923870 -0.039065
vn 0.000042 -1.000000 -0.000035
vn -0.000044 -1.000000 -0.000044
vn 0.380646 -0.923902 0.038901
vn 0.380747 -0.923860 0.038911
vn 0.703493 -0.707048 0.071980
vn 0.703452 -0.707089 0.071976
vn -0.773035 0.294890 0.561656
vn -0.606877 0.544880 0.578624
vn -0.705076 0.681484 0.196077
vn -0.912915 0.368811 0.174827
vn -0.358178 0.711950 0.604017
vn -0.394037 0.890399 0.227872
vn -0.064846 0.770605 0.634006
vn -0.027138 0.963759 0.265391
vn 0.228521 0.711941 0.664017
vn 0.339775 0.890389 0.302920
vn 0.477219 0.544901 0.689452
vn 0.650802 0.681482 0.334722
vn 0.643419 0.294884 0.706439
vn 0.858639 0.368803 0.355983
vn 0.701769 -0.000000 0.712405
vn 0.931612 -0.000000 0.363455
vn 0.643419 -0.294884 0.706438
vn 0.858639 -0.368803 0.355982
vn 0.477219 -0.544901 0.689452
vn 0.650803 -0.681482 0.334722
vn 0.228522 -0.711941 0.664016
vn 0.339775 -0.890389 0.302920
vn -0.064846 -0.770605 0.634006
vn -0.027136 -0.963759 0.265391
vn -0.358177 -0.711950 0.604017
vn -0.394036 -0.890399 0.227873
vn -0.606878 -0.544880 0.578623
vn -0.705076 -0.681485 0.196077
vn -0.773035 -0.294890 0.561655
vn -0.912915 -0.368811 0.174826
vn -0.831383 0.000000 0.555700
vn -0.985893 -0.000000 0.167375
vn -0.101735 -0.000000 0.994812
vn -0.101738 0.000003 0.994811
vn -0.101739 -0.000000 0.994811
vn -0.101736 0.000003 0.994812
vn -0.101742 0.000000 0.994811
vn -0.101742 0.000001 0.994811
vn -0.101741 -0.000000 0.994811
vn -0.101740 -0.000000 0.994811
vn -0.101741 0.000000 0.994811
vn -0.101740 0.000000 0.994811
vn -0.101743 -0.000000 0.994811
vn -0.101744 -0.000001 0.994811
vn -0.101742 0.000000 0.994811
vn -0.101737 -0.000003 0.994811
vn -0.101735 0.000000 0.994812
vn -0.101737 -0.000003 0.994811
vn -0.101735 -0.000000 0.994811
vn 0.101737 0.000005 -0.994811
vn 0.101741 -0.000002 -0.994811
vn 0.101741 -0.000002 -0.994811
vn 0.101737 0.000005 -0.994811
vn 0.101737 -0.000004 -0.994811
vn 0.101737 -0.000004 -0.994811
vn 0.101730 -0.000008 -0.994812
vn 0.101730 -0.000008 -0.994812
vn 0.101734 -0.000009 -0.994812
vn 0.101734 -0.000009 -0.994812
vn 0.101741 -0.000003 -0.994811
vn 0.101741 -0.000003 -0.994811
vn 0.101741 0.000003 -0.994811
vn 0.101741 0.000003 -0.994811
vn 0.101739 0.000000 -0.994811
vn 0.101739 0.000000 -0.994811
vn 0.101740 -0.000003 -0.994811
vn 0.101740 -0.000003 -0.994811
vn 0.101740 0.000003 -0.994811
vn 0.101740 0.000003 -0.994811
vn 0.101734 0.000009 -0.994812
vn 0.101734 0.000009 -0.994812
vn 0.101732 0.000008 -0.994812
vn 0.101732 0.000008 -0.994812
vn 0.101738 0.000004 -0.994811
vn 0.101738 0.000004 -0.994811
vn 0.101743 0.000002 -0.994811
vn 0.101743 0.000002 -0.994811
vn 0.101738 -0.000005 -0.994811
vn 0.101738 -0.000005 -0.994811
vn 0.101735 -0.000000 -0.994812
vn 0.101735 -0.000000 -0.994812
vn -0.938460 -0.000000 -0.345387
vn -0.865103 0.370724 -0.337877
vn -0.713811 0.320410 -0.622745
vn -0.777222 0.000000 -0.629227
vn -0.865103 -0.370724 -0.337877
vn -0.713811 -0.320411 -0.622745
vn -0.656196 -0.685006 -0.316502
vn -0.533287 -0.592000 -0.604269
vn -0.343546 -0.895008 -0.284493
vn -0.263085 -0.773515 -0.576593
vn 0.025231 -0.968746 -0.246767
vn 0.055637 -0.837248 -0.543986
vn 0.394046 -0.894999 -0.209058
vn 0.374382 -0.773510 -0.511391
vn 0.706688 -0.685003 -0.177098
vn 0.644580 -0.592015 -0.483772
vn 0.915596 -0.370718 -0.155730
vn 0.825127 -0.320400 -0.465305
vn 0.988955 -0.000000 -0.148217
vn 0.888527 -0.000000 -0.458824
vn 0.915596 0.370719 -0.155729
vn 0.825127 0.320401 -0.465305
vn 0.706687 0.685004 -0.177098
vn 0.644579 0.592017 -0.483771
vn 0.394046 0.894999 -0.209057
vn 0.374381 0.773511 -0.511390
vn 0.025230 0.968746 -0.246767
vn 0.055636 0.837248 -0.543986
vn -0.343546 0.895008 -0.284494
vn -0.263086 0.773515 -0.576594
vn -0.656196 0.685005 -0.316503
vn -0.533287 0.591999 -0.604270
vn 0.101738 -0.000000 -0.994811
vn 0.101743 0.000009 -0.994811
vn 0.101742 0.000000 -0.994811
vn 0.101743 -0.000009 -0.994811
vn 0.101744 -0.000017 -0.994811
vn 0.101725 -0.000005 -0.994813
vn 0.101732 0.000000 -0.994812
vn 0.101757 0.000001 -0.994809
vn 0.101750 -0.000007 -0.994810
vn 0.101743 -0.000012 -0.994811
vn 0.101745 0.000000 -0.994811
vn 0.101743 0.000012 -0.994811
vn 0.101752 0.000008 -0.994810
vn 0.101758 -0.000001 -0.994809
vn 0.101732 0.000000 -0.994812
vn 0.101725 0.000006 -0.994813
vn 0.101744 0.000017 -0.994811
vn 0.534687 -0.000000 -0.845050
vn 0.500963 -0.170691 -0.848470
vn 0.500965 -0.170686 -0.848470
vn 0.534687 -0.000000 -0.845050
vn 0.500963 0.170692 -0.848469
vn 0.500965 0.170687 -0.848469
vn 0.404826 0.315381 -0.858284
vn 0.404829 0.315378 -0.858284
vn 0.260837 0.412076 -0.873016
vn 0.260857 0.412068 -0.873014
vn 0.091067 0.445999 -0.890389
vn 0.091051 0.445998 -0.890390
vn -0.078724 0.412052 -0.907753
vn -0.078735 0.412047 -0.907754
vn -0.222656 0.315358 -0.922482
vn -0.222641 0.315373 -0.922481
vn -0.318867 0.170675 -0.932306
vn -0.318869 0.170670 -0.932306
vn -0.352669 -0.000000 -0.935748
vn -0.352669 0.000000 -0.935748
vn -0.318867 -0.170674 -0.932306
vn -0.318870 -0.170669 -0.932306
vn -0.222658 -0.315358 -0.922482
vn -0.222643 -0.315373 -0.922480
vn -0.078723 -0.412053 -0.907753
vn -0.078734 -0.412048 -0.907754
vn 0.091068 -0.445997 -0.890389
vn 0.091052 -0.445997 -0.890391
vn 0.260838 -0.412074 -0.873017
vn 0.260858 -0.412065 -0.873015
vn 0.404826 -0.315377 -0.858285
vn 0.404829 -0.315375 -0.858285
vn 0.994819 -0.000002 0.101660
vn 0.919105 -0.382676 0.093839
vn 0.919087 -0.382718 0.093838
vn 0.994819 -0.000002 0.101660
vn 0.919106 0.382674 0.093839
vn 0.919088 0.382716 0.093837
vn 0.703492 0.707072 0.071749
vn 0.703483 0.707081 0.071749
vn 0.380738 0.923866 0.038853
vn 0.380636 0.923909 0.038843
vn -0.000044 1.000000 -0.000045
vn 0.000042 1.000000 -0.000036
vn -0.380727 0.923864 -0.039009
vn -0.380654 0.923895 -0.039002
vn -0.703428 0.707116 -0.071943
vn -0.703438 0.707106 -0.071944
vn -0.919117 0.382625 -0.093924
vn -0.919120 0.382618 -0.093925
vn -0.994819 0.000004 -0.101660
vn -0.994819 0.000004 -0.101660
vn -0.919119 -0.382621 -0.093924
vn -0.919122 -0.382614 -0.093925
vn -0.703429 -0.707115 -0.071943
vn -0.703439 -0.707106 -0.071944
vn -0.380728 -0.923864 -0.039009
vn -0.380655 -0.923894 -0.039002
vn -0.000044 -1.000000 -0.000047
vn 0.000042 -1.000000 -0.000039
vn 0.380738 -0.923867 0.038852
vn 0.380636 -0.923909 0.038841
vn 0.703492 -0.707072 0.071750
vn 0.703483 -0.707081 0.071749
vn -0.773020 0.294886 0.561678
vn -0.606865 0.544859 0.578657
vn -0.705073 0.681479 0.196108
vn -0.912910 0.368800 0.174878
vn -0.358182 0.711945 0.604020
vn -0.394038 0.890397 0.227876
vn -0.064846 0.770615 0.633994
vn -0.027139 0.963759 0.265390
vn 0.228539 0.711952 0.663999
vn 0.339771 0.890393 0.302914
vn 0.477235 0.544901 0.689442
vn 0.650807 0.681479 0.334719
vn 0.643399 0.294890 0.706454
vn 0.858634 0.368814 0.355984
vn 0.701733 -0.000000 0.712441
vn 0.931613 -0.000000 0.363452
vn 0.643400 -0.294890 0.706454
vn 0.858634 -0.368813 0.355984
vn 0.477236 -0.544901 0.689441
vn 0.650808 -0.681479 0.334718
vn 0.228539 -0.711952 0.663998
vn 0.339772 -0.890393 0.302913
vn -0.064846 -0.770615 0.633994
vn -0.027138 -0.963759 0.265390
vn -0.358182 -0.711945 0.604020
vn -0.394037 -0.890397 0.227876
vn -0.606865 -0.544860 0.578656
vn -0.705073 -0.681479 0.196108
vn -0.773019 -0.294887 0.561679
vn -0.912910 -0.368800 0.174878
vn -0.831388 0.000000 0.555693
vn -0.985884 0.000000 0.167429
vn -0.101733 0.000005 0.994812
vn -0.101741 -0.000001 0.994811
vn -0.101738 -0.000000 0.994811
vn -0.101742 0.000007 0.994811
vn -0.101747 0.000000 0.994810
vn -0.101734 0.000000 0.994812
vn -0.101734 0.000001 0.994812
vn -0.101735 0.000002 0.994812
vn -0.101735 0.000000 0.994812
vn -0.101735 -0.000002 0.994812
vn -0.101735 -0.000001 0.994812
vn -0.101735 -0.000000 0.994812
vn -0.101745 0.000000 0.994811
vn -0.101741 -0.000007 0.994811
vn -0.101734 -0.000005 0.994812
vn -0.101741 0.000001 0.994811
vn -0.101740 -0.000000 0.994811
vn 0.101729 -0.000003 -0.994812
vn 0.101742 -0.000003 -0.994811
vn 0.101742 -0.000003 -0.994811
vn 0.101729 -0.000003 -0.994812
vn 0.101753 -0.000003 -0.994810
vn 0.101753 -0.000003 -0.994810
vn 0.101736 0.000002 -0.994811
vn 0.101736 0.000002 -0.994811
vn 0.101720 -0.000001 -0.994813
vn 0.101720 -0.000001 -0.994813
vn 0.101726 -0.000012 -0.994813
vn 0.101726 -0.000012 -0.994813
vn 0.101730 -0.000013 -0.994812
vn 0.101730 -0.000013 -0.994812
vn 0.101734 0.000000 -0.994812
vn 0.101734 -0.000000 -0.994812
vn 0.101729 0.000013 -0.994812
vn 0.101729 0.000013 -0.994812
vn 0.101726 0.000012 -0.994813
vn 0.101726 0.000012 -0.994813
vn 0.101720 0.000001 -0.994813
vn 0.101720 0.000001 -0.994813
vn 0.101736 -0.000002 -0.994811
vn 0.101736 -0.000002 -0.994811
vn 0.101753 0.000002 -0.994810
vn 0.101753 0.000002 -0.994810
vn 0.101743 0.000003 -0.994811
vn 0.101743 0.000003 -0.994811
vn 0.101729 0.000003 -0.994812
vn 0.101729 0.000003 -0.994812
vn 0.101723 -0.000000 -0.994813
vn 0.101723 -0.000000 -0.994813
vn -0.938475 -0.000000 -0.345346
vn -0.865110 0.370722 -0.337860
vn -0.713797 0.320416 -0.622758
vn -0.777226 -0.000000 -0.629222
vn -0.865110 -0.370722 -0.337860
vn -0.713796 -0.320416 -0.622759
vn -0.656188 -0.685013 -0.316504
vn -0.533263 -0.592012 -0.604278
vn -0.343549 -0.895006 -0.284496
vn -0.263095 -0.773507 -0.576601
vn 0.025237 -0.968745 -0.246770
vn 0.055631 -0.837242 -0.543995
vn 0.394040 -0.895002 -0.209054
vn 0.374371 -0.773526 -0.511374
vn 0.706685 -0.685012 -0.177075
vn 0.644608 -0.592031 -0.483714
vn 0.915599 -0.370716 -0.155719
vn 0.825154 -0.320389 -0.465266
vn 0.988951 0.000000 -0.148242
vn 0.888527 0.000000 -0.458824
vn 0.915599 0.370717 -0.155719
vn 0.825154 0.320389 -0.465266
vn 0.706685 0.685012 -0.177075
vn 0.644608 0.592031 -0.483715
vn 0.394039 0.895003 -0.209054
vn 0.374370 0.773527 -0.511374
vn 0.025236 0.968746 -0.246770
vn 0.055630 0.837243 -0.543994
vn -0.343549 0.895006 -0.284496
vn -0.263096 0.773506 -0.576601
vn -0.656188 0.685013 -0.316504
vn -0.533264 0.592011 -0.604279
vn 0.101731 -0.000000 -0.994812
vn 0.101735 0.000006 -0.994812
vn 0.101738 -0.000000 -0.994811
vn 0.101735 -0.000006 -0.994812
vn 0.101732 -0.000008 -0.994812
vn 0.101723 -0.000001 -0.994813
vn 0.101735 0.000000 -0.994812
vn 0.101752 0.000001 -0.994810
vn 0.101747 -0.000006 -0.994810
vn 0.101740 -0.000010 -0.994811
vn 0.101742 0.000000 -0.994811
vn 0.101740 0.000010 -0.994811
vn 0.101747 0.000006 -0.994810
vn 0.101752 -0.000001 -0.994810
vn 0.101732 0.000000 -0.994812
vn 0.101723 0.000001 -0.994813
vn 0.101734 0.000008 -0.994812
vn 0.534745 0.000000 -0.845014
vn 0.500972 -0.170689 -0.848465
vn 0.500974 -0.170684 -0.848464
vn 0.534745 0.000000 -0.845014
vn 0.500974 0.170689 -0.848464
vn 0.500976 0.170684 -0.848463
vn 0.404809 0.315359 -0.858300
vn 0.404802 0.315365 -0.858301
vn 0.260835 0.412070 -0.873020
vn 0.260858 0.412061 -0.873017
vn 0.091064 0.446008 -0.890384
vn 0.091068 0.446008 -0.890384
vn -0.078706 0.412067 -0.907748
vn -0.078749 0.412049 -0.907752
vn -0.222683 0.315351 -0.922478
vn -0.222670 0.315364 -0.922477
vn -0.318855 0.170673 -0.932310
vn -0.318856 0.170670 -0.932310
vn -0.352641 -0.000000 -0.935759
vn -0.352641 0.000000 -0.935759
vn -0.318856 -0.170673 -0.932310
vn -0.318858 -0.170670 -0.932310
vn -0.222685 -0.315351 -0.922478
vn -0.222672 -0.315364 -0.922476
vn -0.078707 -0.412067 -0.907748
vn -0.078750 -0.412048 -0.907752
vn 0.091066 -0.446007 -0.890385
vn 0.091070 -0.446007 -0.890384
vn 0.260836 -0.412069 -0.873020
vn 0.260858 -0.412059 -0.873018
vn 0.404806 -0.315358 -0.858301
vn 0.404800 -0.315364 -0.858302
vn 0.994819 0.000000 0.101661
vn 0.919091 -0.382689 0.093922
vn 0.919088 -0.382696 0.093921
vn 0.994819 0.000000 0.101661
vn 0.919089 0.382692 0.093922
vn 0.919087 0.382699 0.093922
vn 0.703493 0.707062 0.071832
vn 0.703484 0.707072 0.071831
vn 0.380758 0.923859 0.038833
vn 0.380656 0.923901 0.038823
vn 0.000001 1.000000 -0.000040
vn -0.000014 1.000000 -0.000042
vn -0.380713 0.923869 -0.039046
vn -0.380641 0.923899 -0.039038
vn -0.703413 0.707107 -0.072181
vn -0.703370 0.707150 -0.072177
vn -0.919106 0.382607 -0.094109
vn -0.919093 0.382637 -0.094108
vn -0.994818 -0.000000 -0.101671
vn -0.994818 0.000000 -0.101671
vn -0.919105 -0.382608 -0.094109
vn -0.919093 -0.382639 -0.094108
vn -0.703410 -0.707109 -0.072181
vn -0.703367 -0.707153 -0.072177
vn -0.380710 -0.923870 -0.039047
vn -0.380639 -0.923899 -0.039039
vn 0.000001 -1.000000 -0.000043
vn -0.000014 -1.000000 -0.000044
vn 0.380758 -0.923859 0.038832
vn 0.380656 -0.923901 0.038822
vn 0.703496 -0.707060 0.071833
vn 0.703486 -0.707070 0.071832
vn 0.255196 0.000011 0.966889
vn 0.255197 0.000054 0.966889
vn 0.255195 0.000054 0.966890
vn 0.255195 0.000009 0.966890
vn 0.000000 1.000000 0.000000
vn 0.000000 1.000000 -0.000000
vn 0.000000 1.000000 -0.000002
vn 0.000000 1.000000 0.000000
vn 0.966896 0.000000 -0.255171
vn 0.966876 0.000000 -0.255248
vn 0.966876 0.000000 -0.255248
vn 0.966896 0.000000 -0.255171
vn 0.255323 0.000001 0.966856
vn 0.255196 -0.000011 0.966889
vn 0.255323 -0.000001 0.966856
vn 0.000000 1.000000 0.000001
vn 0.000000 1.000000 -0.000000
vn 0.000000 1.000000 0.000000
vn 0.966896 0.000000 -0.255170
vn 0.966901 0.000000 -0.255151
vn 0.966901 0.000000 -0.255151
vn 0.000000 -1.000000 -0.000000
vn 0.000000 -1.000000 0.000000
vn 0.000000 -1.000000 -0.000000
vn 0.000000 -1.000000 -0.000000
vn 0.255197 -0.000054 0.966889
vn 0.255195 -0.000009 0.966890
vn 0.255195 -0.000054 0.966890
vn 0.966896 0.000000 -0.255170
vn 0.966901 0.000000 -0.255151
vn 0.966901 0.000000 -0.255151
vn 0.000000 -1.000000 0.000000
vn 0.000000 -1.000000 -0.000000
vn 0.000000 -1.000000 0.000000
vn 0.000000 1.000000 0.000002
vn 0.000000 1.000000 0.000002
vn 0.000000 1.000000 0.000002
vn -0.255197 0.000016 -0.966889
vn -0.255198 0.000003 -0.966889
vn -0.255198 0.000003 -0.966889
vn -0.255198 0.000015 -0.966889
vn -0.255255 0.000003 -0.966874
vn -0.255255 -0.000003 -0.966874
vn -0.255198 -0.000003 -0.966889
vn 0.966881 0.000000 -0.255228
vn 0.966881 0.000000 -0.255228
vn -0.255197 -0.000016 -0.966889
vn -0.255198 -0.000015 -0.966889
vn -0.255198 -0.000003 -0.966889
vn 0.000000 -1.000000 0.000000
vn 0.000000 -1.000000 -0.000000
vn 0.000000 -1.000000 0.000000
vn 0.000000 1.000000 -0.000001
vn 0.000000 1.000000 0.000000
vn -0.966896 0.000000 0.255170
vn -0.966896 0.000000 0.255171
vn -0.966891 0.000000 0.255190
vn -0.966891 0.000000 0.255190
vn -0.966881 0.000000 0.255228
vn -0.966881 0.000000 0.255228
vn -0.966896 0.000000 0.255172
vn -0.255255 -0.000003 -0.966874
vn -0.255255 0.000003 -0.966874
vn -0.966896 0.000000 0.255170
vn -0.966891 0.000000 0.255190
vn -0.966891 0.000000 0.255189
vn 0.000000 -1.000000 0.000000
vn 0.000000 -1.000000 -0.000000
vn 0.255255 0.000002 0.966874
vn 0.255255 -0.000002 0.966874
vn -0.966876 0.000000 0.255248
vn -0.966876 0.000000 0.255248
vn 0.000000 1.000000 0.000001
vn 0.255313 0.000007 0.966858
vn 0.966876 0.000000 -0.255247
vn 0.255313 -0.000007 0.966859
vn 0.000000 -1.000000 0.000000
vn 0.966876 0.000000 -0.255248
vn -0.255267 0.000017 -0.966871
vn 0.000000 1.000000 0.000000
vn 0.966881 0.000000 -0.255228
vn 0.000000 -1.000000 0.000000
vn -0.255267 -0.000017 -0.966871
vn 0.966881 0.000000 -0.255228
vn -0.966881 0.000000 0.255228
vn 0.000000 1.000000 -0.000001
vn -0.255272 -0.000018 -0.966869
vn 0.000000 -1.000000 0.000000
vn -0.966881 0.000000 0.255229
vn -0.255271 0.000018 -0.966870
vn 0.255267 0.000011 0.966871
vn 0.000000 1.000000 0.000000
vn -0.966876 0.000000 0.255247
vn 0.000000 -1.000000 -0.000000
vn 0.255267 -0.000011 0.966871
vn -0.966876 0.000000 0.255248
vn 0.557956 0.000000 0.829870
vn 0.557956 0.000000 0.829870
vn 0.557956 0.000000 0.829870
vn 0.557956 0.000000 0.829870
vn 0.000000 1.000000 -0.000000
vn 0.000000 1.000000 -0.000000
vn 0.000000 1.000000 -0.000000
vn 0.000000 1.000000 -0.000000
vn -0.557956 0.000000 -0.829870
vn -0.557956 0.000000 -0.829870
vn -0.557956 0.000000 -0.829870
vn -0.557956 0.000000 -0.829870
vn 0.000000 -1.000000 0.000000
vn 0.000000 -1.000000 0.000000
vn 0.000000 -1.000000 0.000000
vn 0.000000 -1.000000 0.000000
vn 0.829870 0.000000 -0.557957
vn 0.829870 0.000000 -0.557957
vn 0.829870 0.000000 -0.557957
vn 0.829870 0.000000 -0.557957
vn -0.829870 0.000000 0.557957
vn -0.829870 0.000000 0.557957
vn -0.829870 0.000000 0.557957
vn -0.829870 0.000000 0.557957
vn 0.829876 0.000000 -0.557948
vn 0.829876 0.000000 -0.557948
vn 0.829876 0.000000 -0.557948
vn 0.829876 0.000000 -0.557948
vn 0.000000 1.000000 0.000001
vn 0.000000 1.000000 0.000001
vn 0.000000 1.000000 0.000001
vn 0.000000 1.000000 0.000001
vn -0.829867 0.000000 0.557961
vn -0.829867 0.000000 0.557961
vn -0.829867 0.000000 0.557961
vn -0.829867 0.000000 0.557961
vn 0.000000 -1.000000 -0.000000
vn 0.000000 -1.000000 -0.000000
vn 0.000000 -1.000000 -0.000000
vn 0.000000 -1.000000 -0.000000
vn -0.557957 0.000000 -0.829870
vn -0.557957 0.000000 -0.829870
vn -0.557957 0.000000 -0.829870
vn -0.557957 0.000000 -0.829870
vn 0.558069 0.000000 0.829795
vn 0.558069 0.000000 0.829795
vn 0.558069 0.000000 0.829795
vn 0.558069 0.000000 0.829795
vn 0.829867 0.000000 -0.557961
vn 0.829867 0.000000 -0.557961
vn 0.829867 0.000000 -0.557961
vn 0.829867 0.000000 -0.557961
vn 0.000000 1.000000 -0.000000
vn 0.000000 1.000000 -0.000000
vn 0.000000 1.000000 -0.000000
vn 0.000000 1.000000 -0.000000
vn -0.829876 0.000000 0.557948
vn -0.829876 0.000000 0.557948
vn -0.829876 0.000000 0.557948
vn -0.829876 0.000000 0.557948
vn 0.000000 -1.000000 0.000001
vn 0.000000 -1.000000 0.000001
vn 0.000000 -1.000000 0.000001
vn 0.000000 -1.000000 0.000001
vn -0.557957 0.000000 -0.829870
vn -0.557957 0.000000 -0.829870
vn -0.557957 0.000000 -0.829870
vn -0.557957 0.000000 -0.829870
vn 0.557844 0.000000 0.829946
vn 0.557844 0.000000 0.829946
vn 0.557844 0.000000 0.829946
vn 0.557844 0.000000 0.829946
vn 0.940620 0.000000 0.339461
vn 0.940620 0.000000 0.339461
vn 0.940620 0.000000 0.339461
vn 0.940620 0.000000 0.339461
vn 0.000000 1.000000 0.000000
vn 0.000000 1.000000 0.000000
vn 0.000000 1.000000 0.000000
vn 0.000000 1.000000 0.000000
vn -0.940620 0.000000 -0.339461
vn -0.940620 0.000000 -0.339461
vn -0.940620 0.000000 -0.339461
vn -0.940620 0.000000 -0.339461
vn 0.000000 -1.000000 -0.000000
vn 0.000000 -1.000000 -0.000000
vn 0.000000 -1.000000 -0.000000
vn 0.000000 -1.000000 -0.000000
vn 0.339560 0.000000 -0.940584
vn 0.339560 0.000000 -0.940584
vn 0.339560 0.000000 -0.940584
vn 0.339560 0.000000 -0.940584
vn -0.339560 0.000000 0.940584
vn -0.339560 0.000000 0.940584
vn -0.339560 0.000000 0.940584
vn -0.339560 0.000000 0.940584
vn -0.339470 0.000000 0.940617
vn -0.339470 0.000000 0.940617
vn -0.339470 0.000000 0.940617
vn -0.339470 0.000000 0.940617
vn 0.000000 1.000000 0.000000
vn 0.000000 1.000000 0.000000
vn 0.000000 1.000000 0.000000
vn 0.000000 1.000000 0.000000
vn 0.339476 0.000000 -0.940615
vn 0.339476 0.000000 -0.940615
vn 0.339476 0.000000 -0.940615
vn 0.339476 0.000000 -0.940615
vn 0.000000 -1.000000 0.000000
vn 0.000000 -1.000000 0.000000
vn 0.000000 -1.000000 0.000000
vn 0.000000 -1.000000 0.000000
vn 0.940644 0.000000 0.339395
vn 0.940644 0.000000 0.339395
vn 0.940644 0.000000 0.339395
vn 0.940644 0.000000 0.339395
vn -0.940566 0.000000 -0.339610
vn -0.940566 0.000000 -0.339610
vn -0.940566 0.000000 -0.339610
vn -0.940566 0.000000 -0.339610
vn 0.940620 0.000000 0.339461
vn 0.940620 0.000000 0.339461
vn 0.940620 0.000000 0.339461
vn 0.940620 0.000000 0.339461
vn 0.000000 1.000000 0.000000
vn 0.000000 1.000000 0.000000
vn 0.000000 1.000000 0.000000
vn 0.000000 1.000000 0.000000
vn -0.940620 0.000000 -0.339461
vn -0.940620 0.000000 -0.339461
vn -0.940620 0.000000 -0.339461
vn -0.940620 0.000000 -0.339461
vn 0.000000 -1.000000 -0.000000
vn 0.000000 -1.000000 -0.000000
vn 0.000000 -1.000000 -0.000000
vn 0.000000 -1.000000 -0.000000
vn 0.339506 0.000000 -0.940604
vn 0.339506 0.000000 -0.940604
vn 0.339506 0.000000 -0.940604
vn 0.339506 0.000000 -0.940604
vn -0.339506 0.000000 0.940604
vn -0.339506 0.000000 0.940604
vn -0.339506 0.000000 0.940604
vn -0.339506 0.000000 0.940604
vn -0.339470 0.000000 0.940617
vn -0.339470 0.000000 0.940617
vn -0.339470 0.000000 0.940617
vn -0.339470 0.000000 0.940617
vn 0.000000 1.000000 0.000000
vn 0.000000 1.000000 0.000000
vn 0.000000 1.000000 0.000000
vn 0.000000 1.000000 0.000000
vn 0.339476 0.000000 -0.940615
vn 0.339476 0.000000 -0.940615
vn 0.339476 0.000000 -0.940615
vn 0.339476 0.000000 -0.940615
vn 0.000000 -1.000000 0.000000
vn 0.000000 -1.000000 0.000000
vn 0.000000 -1.000000 0.000000
vn 0.000000 -1.000000 0.000000
vn 0.940637 0.000000 0.339414
vn 0.940637 0.000000 0.339414
vn 0.940637 0.000000 0.339414
vn 0.940637 0.000000 0.339414
vn -0.940559 0.000000 -0.339630
vn -0.940559 0.000000 -0.339630
vn -0.940559 0.000000 -0.339630
vn -0.940559 0.000000 -0.339630
vn 0.557954 0.000000 0.829872
vn 0.557950 0.000000 0.829875
vn 0.557950 0.000000 0.829875
vn 0.557954 0.000000 0.829872
vn 0.000000 1.000000 -0.000000
vn 0.000000 1.000000 -0.000000
vn 0.000000 1.000000 -0.000000
vn 0.000000 1.000000 -0.000000
vn -0.557954 0.000000 -0.829872
vn -0.557958 0.000000 -0.829869
vn -0.557958 0.000000 -0.829869
vn -0.557954 0.000000 -0.829872
vn 0.000000 -1.000000 0.000000
vn 0.000000 -1.000000 0.000000
vn 0.000000 -1.000000 0.000000
vn 0.000000 -1.000000 0.000000
vn 0.829865 0.000005 -0.557964
vn 0.829865 0.000005 -0.557964
vn 0.829865 0.000005 -0.557964
vn 0.829865 0.000005 -0.557964
vn 0.829865 0.000005 -0.557964
vn 0.829865 0.000005 -0.557964
vn -0.829872 0.000000 0.557954
vn -0.829872 0.000000 0.557954
vn -0.829872 0.000000 0.557954
vn -0.829872 0.000000 0.557954
vn -0.829872 0.000000 0.557954
vn -0.829872 0.000000 0.557954
vn 0.000000 1.000000 -0.000000
vn 0.000000 1.000000 -0.000000
vn 0.000000 1.000000 -0.000000
vn 0.000000 1.000000 -0.000000
vn 0.000000 1.000000 0.000000
vn 0.000000 1.000000 0.000000
vn 0.000000 1.000000 0.000000
vn 0.000000 1.000000 0.000000
vn 0.557950 0.000000 0.829875
vn 0.557950 0.000000 0.829875
vn 0.000000 1.000000 0.000000
vn 0.000000 1.000000 0.000000
vn 0.000000 1.000000 0.000000
vn 0.000000 1.000000 0.000000
vn 0.000000 1.000000 0.000000
vn 0.000000 1.000000 0.000000
vn -0.557958 0.000000 -0.829869
vn -0.557958 0.000000 -0.829869
vn 0.000000 -1.000000 -0.000000
vn 0.000000 -1.000000 -0.000000
vn 0.557954 0.000000 0.829872
vn 0.557954 0.000000 0.829872
vn 0.000000 1.000000 0.000001
vn 0.000000 1.000000 0.000001
vn 0.000000 1.000000 0.000001
vn 0.000000 1.000000 0.000001
vn 0.000000 1.000000 0.000000
vn 0.000000 1.000000 0.000000
vn 0.000000 1.000000 -0.000001
vn 0.000000 1.000000 -0.000001
vn 0.000000 1.000000 -0.000001
vn 0.000000 1.000000 -0.000001
vn -0.557954 0.000000 -0.829872
vn -0.557954 0.000000 -0.829872
vn 0.000000 -1.000000 -0.000000
vn 0.000000 -1.000000 -0.000000
vn 0.000000 1.000000 0.000001
vn 0.000000 1.000000 0.000001
vn 0.000000 1.000000 0.000001
vn 0.000000 1.000000 0.000001
vn 0.000000 1.000000 0.000001
vn 0.000000 1.000000 0.000001
vn 0.000000 1.000000 0.000001
vn 0.000000 1.000000 0.000001
vn 0.000000 1.000000 -0.000001
vn 0.000000 1.000000 -0.000001
vn 0.000000 1.000000 -0.000001
vn 0.000000 1.000000 -0.000001
vn 0.000000 1.000000 -0.000001
vn 0.000000 1.000000 -0.000001
vn 0.000000 1.000000 -0.000001
vn 0.000000 1.000000 -0.000001
vn 0.000000 1.000000 0.000001
vn 0.000000 1.000000 0.000001
vn 0.000000 1.000000 0.000001
vn 0.000000 1.000000 0.000001
vn 0.000000 1.000000 0.000001
vn 0.000000 1.000000 0.000001
vn 0.000000 1.000000 0.000001
vn 0.000000 1.000000 0.000001
vn 0.000000 1.000000 -0.000001
vn 0.000000 1.000000 -0.000001
vn 0.000000 1.000000 -0.000001
vn 0.000000 1.000000 -0.000001
vn 0.000000 1.000000 -0.000001
vn 0.000000 1.000000 -0.000001
vn 0.000000 1.000000 -0.000001
vn 0.000000 1.000000 -0.000001
vn 0.000000 1.000000 -0.000001
vn 0.000000 1.000000 -0.000001
vn 0.000000 1.000000 -0.000001
vn 0.000000 1.000000 -0.000001
vn 0.000000 1.000000 0.000001
vn 0.000000 1.000000 0.000001
vn 0.000000 1.000000 0.000001
vn 0.000000 1.000000 0.000001
vn 0.000000 1.000000 0.000001
vn 0.000000 1.000000 0.000001
vn 0.000000 1.000000 0.000001
vn 0.000000 1.000000 0.000001
vn 0.000000 1.000000 -0.000001
vn 0.000000 1.000000 -0.000001
vn 0.000000 1.000000 -0.000001
vn 0.000000 1.000000 -0.000001
vn 0.000000 1.000000 -0.000001
vn 0.000000 1.000000 -0.000001
vn 0.000000 1.000000 -0.000001
vn 0.000000 1.000000 -0.000001
vn 0.000000 1.000000 0.000001
vn 0.000000 1.000000 0.000001
vn 0.000000 1.000000 0.000001
vn 0.000000 1.000000 0.000001
vn 0.000000 1.000000 0.000001
vn 0.000000 1.000000 0.000001
vn 0.000000 1.000000 0.000001
vn 0.000000 1.000000 0.000001
vn 0.000000 1.000000 -0.000001
vn 0.000000 1.000000 -0.000001
vn 0.000000 1.000000 -0.000001
vn 0.000000 1.000000 -0.000001
vn 0.557963 0.000000 0.829866
vn 0.557963 0.000000 0.829866
vn 0.557963 0.000000 0.829866
vn 0.557963 0.000000 0.829866
vn 0.829873 0.000000 -0.557953
vn 0.829873 0.000000 -0.557953
vn 0.829873 0.000000 -0.557953
vn 0.829873 0.000000 -0.557953
vn -0.557963 0.000000 -0.829866
vn -0.557963 0.000000 -0.829866
vn -0.557963 0.000000 -0.829866
vn -0.557963 0.000000 -0.829866
vn -0.829873 0.000000 0.557953
vn -0.829873 0.000000 0.557953
vn -0.829873 0.000000 0.557953
vn -0.829873 0.000000 0.557953
vn 0.557964 0.000000 0.829865
vn 0.557964 0.000000 0.829865
vn 0.557964 0.000000 0.829865
vn 0.557964 0.000000 0.829865
vn 0.829880 0.000000 -0.557941
vn 0.829880 0.000000 -0.557941
vn 0.829880 0.000000 -0.557941
vn 0.829880 0.000000 -0.557941
vn -0.557963 0.000000 -0.829866
vn -0.557963 0.000000 -0.829866
vn -0.557963 0.000000 -0.829866
vn -0.557963 0.000000 -0.829866
vn -0.829880 0.000000 0.557941
vn -0.829880 0.000000 0.557941
vn -0.829880 0.000000 0.557941
vn -0.829880 0.000000 0.557941
vn -0.829880 0.000000 0.557941
vn -0.829880 0.000000 0.557941
vn -0.829880 0.000000 0.557941
vn -0.829880 0.000000 0.557941
vn 0.557886 0.000000 0.829918
vn 0.557886 0.000000 0.829918
vn 0.557886 0.000000 0.829918
vn 0.557886 0.000000 0.829918
vn 0.829880 0.000000 -0.557941
vn 0.829880 0.000000 -0.557941
vn 0.829880 0.000000 -0.557941
vn 0.829880 0.000000 -0.557941
vn -0.557886 0.000000 -0.829918
vn -0.557886 0.000000 -0.829918
vn -0.557886 0.000000 -0.829918
vn -0.557886 0.000000 -0.829918
vn -0.829873 0.000000 0.557953
vn -0.829873 0.000000 0.557953
vn -0.829873 0.000000 0.557953
vn -0.829873 0.000000 0.557953
vn 0.557886 0.000000 0.829918
vn 0.557886 0.000000 0.829918
vn 0.557886 0.000000 0.829918
vn 0.557886 0.000000 0.829918
vn 0.829873 0.000000 -0.557953
vn 0.829873 0.000000 -0.557953
vn 0.829873 0.000000 -0.557953
vn 0.829873 0.000000 -0.557953
vn -0.557886 0.000000 -0.829918
vn -0.557886 0.000000 -0.829918
vn -0.557886 0.000000 -0.829918
vn -0.557886 0.000000 -0.829918
vn 0.000000 -1.000000 -0.000004
vn 0.000000 -1.000000 -0.000004
vn 0.000000 -1.000000 -0.000004
vn 0.000000 -1.000000 -0.000004
vn 0.000000 -1.000000 -0.000002
vn 0.000000 -1.000000 -0.000002
vn 0.000000 -1.000000 -0.000002
vn 0.000000 -1.000000 -0.000002
vn 0.000000 -1.000000 0.000004
vn 0.000000 -1.000000 0.000004
vn 0.000000 -1.000000 0.000004
vn 0.000000 -1.000000 0.000004
vn 0.000000 -1.000000 0.000002
vn 0.000000 -1.000000 0.000002
vn 0.000000 -1.000000 0.000002
vn 0.000000 -1.000000 0.000002
vn 0.000000 -1.000000 -0.000004
vn 0.000000 -1.000000 -0.000004
vn 0.000000 -1.000000 -0.000004
vn 0.000000 -1.000000 -0.000004
vn 0.000000 -1.000000 -0.000002
vn 0.000000 -1.000000 -0.000002
vn 0.000000 -1.000000 -0.000002
vn 0.000000 -1.000000 -0.000002
vn 0.000000 -1.000000 0.000004
vn 0.000000 -1.000000 0.000004
vn 0.000000 -1.000000 0.000004
vn 0.000000 -1.000000 0.000004
vn 0.000000 -1.000000 0.000002
vn 0.000000 -1.000000 0.000002
vn 0.000000 -1.000000 0.000002
vn 0.000000 -1.000000 0.000002
vn 0.000000 -1.000000 0.000002
vn 0.000000 -1.000000 0.000002
vn 0.000000 -1.000000 0.000002
vn 0.000000 -1.000000 0.000002
vn 0.000000 -1.000000 -0.000004
vn 0.000000 -1.000000 -0.000004
vn 0.000000 -1.000000 -0.000004
vn 0.000000 -1.000000 -0.000004
vn 0.000000 -1.000000 -0.000002
vn 0.000000 -1.000000 -0.000002
vn 0.000000 -1.000000 -0.000002
vn 0.000000 -1.000000 -0.000002
vn 0.000000 -1.000000 0.000004
vn 0.000000 -1.000000 0.000004
vn 0.000000 -1.000000 0.000004
vn 0.000000 -1.000000 0.000004
vn 0.000000 -1.000000 0.000002
vn 0.000000 -1.000000 0.000002
vn 0.000000 -1.000000 0.000002
vn 0.000000 -1.000000 0.000002
vn 0.000000 -1.000000 -0.000004
vn 0.000000 -1.000000 -0.000004
vn 0.000000 -1.000000 -0.000004
vn 0.000000 -1.000000 -0.000004
vn 0.000000 -1.000000 -0.000002
vn 0.000000 -1.000000 -0.000002
vn 0.000000 -1.000000 -0.000002
vn 0.000000 -1.000000 -0.000002
vn 0.000000 -1.000000 0.000004
vn 0.000000 -1.000000 0.000004
vn 0.000000 -1.000000 0.000004
vn 0.000000 -1.000000 0.000004
vn -0.557972 0.000000 -0.829859
vn -0.557972 0.000000 -0.829859
vn -0.557972 0.000000 -0.829859
vn -0.557972 0.000000 -0.829859
vn -0.829890 0.000000 0.557927
vn -0.829890 0.000000 0.557927
vn -0.829890 0.000000 0.557927
vn -0.829890 0.000000 0.557927
vn 0.557936 0.000000 0.829884
vn 0.557936 0.000000 0.829884
vn 0.557936 0.000000 0.829884
vn 0.557936 0.000000 0.829884
vn -0.829914 0.000000 0.557891
vn -0.829914 0.000000 0.557891
vn -0.829914 0.000000 0.557891
vn -0.829914 0.000000 0.557891
vn 0.557945 0.000000 0.829878
vn 0.557945 0.000000 0.829878
vn 0.557945 0.000000 0.829878
vn 0.557945 0.000000 0.829878
vn 0.829914 0.000000 -0.557891
vn 0.829914 0.000000 -0.557891
vn 0.829914 0.000000 -0.557891
vn 0.829914 0.000000 -0.557891
vn 0.829890 0.000000 -0.557927
vn 0.829890 0.000000 -0.557927
vn 0.829890 0.000000 -0.557927
vn 0.829890 0.000000 -0.557927
vn -0.557945 0.000000 -0.829878
vn -0.557945 0.000000 -0.829878
vn -0.557945 0.000000 -0.829878
vn -0.557945 0.000000 -0.829878
vn 0.829875 0.000000 -0.557949
vn 0.829875 0.000000 -0.557949
vn 0.829875 0.000000 -0.557949
vn 0.829875 0.000000 -0.557949
vn 0.000000 1.000000 0.000000
vn 0.000000 1.000000 0.000000
vn 0.000000 1.000000 0.000000
vn 0.000000 1.000000 0.000000
vn -0.829865 0.000000 0.557964
vn -0.829865 0.000000 0.557964
vn -0.829865 0.000000 0.557964
vn -0.829865 0.000000 0.557964
vn 0.000000 -1.000000 0.000000
vn 0.000000 -1.000000 0.000000
vn 0.000000 -1.000000 0.000000
vn 0.000000 -1.000000 0.000000
vn 0.000000 -1.000000 0.000000
vn 0.000000 -1.000000 0.000000
vn 0.000000 -1.000000 0.000000
vn 0.000000 -1.000000 0.000000
vn -0.829865 0.000000 0.557964
vn -0.829865 0.000000 0.557964
vn -0.829865 0.000000 0.557964
vn -0.829865 0.000000 0.557964
vn 0.000000 1.000000 0.000000
vn 0.000000 1.000000 0.000000
vn 0.000000 1.000000 0.000000
vn 0.000000 1.000000 0.000000
vn 0.829865 0.000000 -0.557964
vn 0.829865 0.000000 -0.557964
vn 0.829865 0.000000 -0.557964
vn 0.829865 0.000000 -0.557964
vn -0.557952 0.000000 -0.829874
vn -0.557952 0.000000 -0.829874
vn -0.557952 0.000000 -0.829874
vn -0.557952 0.000000 -0.829874
vn 0.000000 1.000000 0.000000
vn 0.000000 1.000000 0.000000
vn 0.000000 1.000000 0.000000
vn 0.000000 1.000000 0.000000
vn 0.557962 0.000000 0.829867
vn 0.557962 0.000000 0.829867
vn 0.557962 0.000000 0.829867
vn 0.557962 0.000000 0.829867
vn 0.000000 -1.000000 0.000000
vn 0.000000 -1.000000 0.000000
vn 0.000000 -1.000000 0.000000
vn 0.000000 -1.000000 0.000000
vn -0.557951 0.000000 -0.829874
vn -0.557951 0.000000 -0.829874
vn -0.557951 0.000000 -0.829874
vn -0.557951 0.000000 -0.829874
vn 0.000000 1.000000 0.000000
vn 0.000000 1.000000 0.000000
vn 0.000000 1.000000 0.000000
vn 0.000000 1.000000 0.000000
vn 0.557962 0.000000 0.829867
vn 0.557962 0.000000 0.829867
vn 0.557962 0.000000 0.829867
vn 0.557962 0.000000 0.829867
vn 0.000000 -1.000000 0.000001
vn 0.000000 -1.000000 0.000001
vn 0.000000 -1.000000 0.000001
vn 0.000000 -1.000000 0.000001
vn 0.557956 0.000000 0.829870
vn 0.557956 0.000000 0.829870
vn 0.557956 0.000000 0.829870
vn 0.557956 0.000000 0.829870
vn 0.000000 1.000000 -0.000000
vn 0.000000 1.000000 -0.000000
vn 0.000000 1.000000 -0.000000
vn 0.000000 1.000000 -0.000000
vn -0.557956 0.000000 -0.829870
vn -0.557956 0.000000 -0.829870
vn -0.557956 0.000000 -0.829870
vn -0.557956 0.000000 -0.829870
vn 0.000000 -1.000000 0.000000
vn 0.000000 -1.000000 0.000000
vn 0.000000 -1.000000 0.000000
vn 0.000000 -1.000000 0.000000
vn 0.829889 0.000000 -0.557928
vn 0.829889 0.000000 -0.557928
vn 0.829889 0.000000 -0.557928
vn 0.829889 0.000000 -0.557928
vn -0.829888 0.000000 0.557930
vn -0.829888 0.000000 0.557930
vn -0.829888 0.000000 0.557930
vn -0.829888 0.000000 0.557930
vn 0.255198 0.000010 0.966889
vn 0.255197 0.000047 0.966889
vn 0.255198 0.000047 0.966889
vn 0.255197 0.000008 0.966889
vn 0.000000 1.000000 -0.000000
vn 0.000000 1.000000 -0.000000
vn 0.000000 1.000000 0.000000
vn 0.000000 1.000000 0.000000
vn 0.966896 0.000000 -0.255170
vn 0.966876 0.000000 -0.255247
vn 0.966876 0.000000 -0.255247
vn 0.966896 0.000000 -0.255170
vn 0.255170 0.000005 0.966896
vn 0.255198 -0.000010 0.966889
vn 0.255170 -0.000005 0.966896
vn 0.000000 1.000000 -0.000001
vn 0.000000 1.000000 0.000000
vn 0.000000 1.000000 0.000000
vn 0.966896 0.000000 -0.255170
vn 0.966901 0.000000 -0.255150
vn 0.966901 0.000000 -0.255151
vn 0.000000 -1.000000 0.000000
vn 0.000000 -1.000000 0.000000
vn 0.000000 -1.000000 -0.000000
vn 0.000000 -1.000000 -0.000000
vn 0.255197 -0.000047 0.966889
vn 0.255197 -0.000008 0.966889
vn 0.255198 -0.000047 0.966889
vn 0.966896 0.000000 -0.255170
vn 0.966901 0.000000 -0.255151
vn 0.966901 0.000000 -0.255151
vn 0.000000 -1.000000 0.000000
vn 0.000000 -1.000000 0.000001
vn 0.000000 -1.000000 0.000000
vn 0.000000 1.000000 0.000000
vn 0.000000 1.000000 -0.000000
vn 0.000000 1.000000 -0.000000
vn -0.255196 0.000016 -0.966889
vn -0.255197 0.000003 -0.966889
vn -0.255198 0.000003 -0.966889
vn -0.255198 0.000015 -0.966889
vn -0.255178 0.000005 -0.966894
vn -0.255178 -0.000005 -0.966894
vn -0.255197 -0.000003 -0.966889
vn 0.966881 0.000000 -0.255228
vn 0.966881 0.000000 -0.255228
vn -0.255196 -0.000016 -0.966889
vn -0.255198 -0.000015 -0.966889
vn -0.255198 -0.000003 -0.966889
vn 0.000000 -1.000000 0.000001
vn 0.000000 -1.000000 0.000001
vn 0.000000 -1.000000 0.000001
vn 0.000000 1.000000 -0.000001
vn 0.000000 1.000000 0.000000
vn -0.966891 0.000000 0.255190
vn -0.966891 0.000000 0.255189
vn -0.966819 0.000000 0.255463
vn -0.966819 0.000000 0.255463
vn -0.966953 0.000000 0.254955
vn -0.966953 0.000000 0.254955
vn -0.966891 0.000000 0.255189
vn -0.255254 -0.000004 -0.966874
vn -0.255254 0.000004 -0.966874
vn -0.966891 0.000000 0.255190
vn -0.966819 0.000000 0.255463
vn -0.966819 0.000000 0.255463
vn 0.000000 -1.000000 0.000000
vn 0.000000 -1.000000 -0.000000
vn 0.255109 0.000007 0.966912
vn 0.255109 -0.000007 0.966912
vn -0.966881 0.000000 0.255229
vn -0.966881 0.000000 0.255229
vn 0.000000 1.000000 -0.000001
vn 0.255146 0.000028 0.966903
vn 0.966876 0.000000 -0.255247
vn 0.255145 -0.000028 0.966903
vn 0.000000 -1.000000 0.000000
vn 0.966876 0.000000 -0.255248
vn -0.255196 0.000022 -0.966889
vn 0.000000 1.000000 0.000000
vn 0.966881 0.000000 -0.255228
vn 0.000000 -1.000000 0.000000
vn -0.255197 -0.000022 -0.966889
vn 0.966881 0.000000 -0.255228
vn -0.966953 0.000000 0.254955
vn 0.000000 1.000000 -0.000001
vn -0.255270 -0.000021 -0.966870
vn 0.000000 -1.000000 0.000000
vn -0.966953 0.000000 0.254955
vn -0.255272 0.000021 -0.966869
vn 0.255132 0.000034 0.966906
vn 0.000000 1.000000 0.000000
vn -0.966881 0.000000 0.255228
vn 0.000000 -1.000000 -0.000000
vn 0.255132 -0.000034 0.966906
vn -0.966881 0.000000 0.255228
vn 0.000000 -1.000000 0.000000
vn 0.000000 -1.000000 0.000000
vn 0.000000 -1.000000 0.000000
vn 0.000000 -1.000000 0.000000
vn -0.966888 0.000000 0.255201
vn -0.966888 0.000000 0.255201
vn -0.966888 0.000000 0.255201
vn -0.966888 0.000000 0.255201
vn 0.255222 0.000000 0.966882
vn 0.255222 0.000000 0.966882
vn 0.255180 0.000000 0.966894
vn 0.255180 0.000000 0.966894
vn 0.000000 -1.000000 0.000000
vn 0.000000 -1.000000 0.000000
vn 0.000000 -1.000000 0.000000
vn -0.966881 0.000000 0.255229
vn -0.966881 0.000000 0.255229
vn -0.966888 0.000000 0.255201
vn 0.255249 0.000000 0.966876
vn 0.255223 0.000000 0.966882
vn 0.255249 0.000000 0.966876
vn 0.966888 0.000000 -0.255201
vn 0.966888 0.000000 -0.255201
vn 0.966888 0.000000 -0.255201
vn 0.966888 0.000000 -0.255201
vn 0.000000 -1.000000 0.000000
vn 0.000000 -1.000000 -0.000000
vn 0.000000 -1.000000 -0.000000
vn 0.255024 0.000000 0.966935
vn 0.255024 0.000000 0.966935
vn 0.255181 0.000000 0.966893
vn 0.966886 0.000000 -0.255208
vn 0.966888 0.000000 -0.255201
vn 0.966886 0.000000 -0.255209
vn -0.966888 0.000000 0.255201
vn -0.966888 0.000000 0.255201
vn -0.966888 0.000000 0.255201
vn 0.000000 1.000000 0.000000
vn 0.000000 1.000000 0.000000
vn 0.000000 1.000000 0.000000
vn 0.000000 1.000000 0.000000
vn 0.000000 1.000000 0.000000
vn 0.000000 1.000000 0.000000
vn 0.000000 1.000000 0.000000
vn 0.255223 0.000000 0.966882
vn 0.255181 0.000000 0.966893
vn 0.000000 1.000000 0.000000
vn 0.000000 1.000000 0.000000
vn 0.000000 1.000000 0.000000
vn 0.966888 0.000000 -0.255201
vn 0.966888 0.000000 -0.255201
vn 0.966888 0.000000 -0.255201
vn -0.966886 0.000000 0.255209
vn -0.966886 0.000000 0.255209
vn -0.255098 0.000000 -0.966915
vn -0.255194 0.000000 -0.966890
vn -0.255194 0.000000 -0.966890
vn -0.255098 0.000000 -0.966915
vn -0.255194 0.000000 -0.966890
vn -0.255223 0.000000 -0.966882
vn -0.255223 0.000000 -0.966882
vn 0.000000 1.000000 0.000000
vn 0.000000 1.000000 0.000000
vn -0.255252 0.000000 -0.966875
vn -0.255252 0.000000 -0.966875
vn -0.255223 0.000000 -0.966882
vn 0.966886 0.000000 -0.255209
vn 0.966886 0.000000 -0.255209
vn 0.000000 -1.000000 0.000000
vn 0.000000 -1.000000 -0.000000
vn -0.255194 0.000000 -0.966890
vn -0.255223 0.000000 -0.966882
vn -0.966881 0.000000 0.255229
vn 0.000000 -1.000000 0.000001
vn 0.255249 0.000000 0.966875
vn 0.000000 -1.000000 0.000000
vn 0.966886 0.000000 -0.255208
vn 0.255024 0.000000 0.966935
vn 0.000000 1.000000 0.000000
vn -0.966881 0.000000 0.255229
vn 0.255249 0.000000 0.966875
vn 0.966886 0.000000 -0.255209
vn 0.000000 1.000000 0.000000
vn 0.255024 0.000000 0.966935
vn -0.255098 0.000000 -0.966915
vn -0.966886 0.000000 0.255209
vn 0.000000 1.000000 0.000000
vn 0.966886 0.000000 -0.255209
vn -0.255252 0.000000 -0.966875
vn 0.000000 1.000000 0.000000
vn 0.000000 -1.000000 0.000000
vn -0.966886 0.000000 0.255209
vn -0.255098 0.000000 -0.966915
vn 0.966886 0.000000 -0.255209
vn 0.000000 -1.000000 -0.000001
vn -0.255252 0.000000 -0.966875
vn 0.000000 -1.000000 -0.000000
vn 0.000000 -1.000000 -0.000000
vn 0.000000 -1.000000 0.000000
vn 0.000000 -1.000000 0.000000
vn 0.966888 0.000000 -0.255201
vn 0.966888 0.000000 -0.255201
vn 0.966888 0.000000 -0.255201
vn 0.966888 0.000000 -0.255201
vn -0.255228 0.000025 -0.966881
vn -0.255228 0.000080 -0.966881
vn -0.255210 0.000078 -0.966886
vn -0.255220 0.000024 -0.966883
vn 0.000000 -1.000000 -0.000001
vn 0.000000 -1.000000 -0.000000
vn 0.000000 -1.000000 -0.000001
vn 0.966876 0.000000 -0.255248
vn 0.966876 0.000000 -0.255248
vn 0.966888 0.000000 -0.255201
vn -0.255211 0.000038 -0.966886
vn -0.255218 -0.000061 -0.966883
vn -0.255211 -0.000038 -0.966885
vn -0.966888 0.000000 0.255201
vn -0.966888 0.000000 0.255201
vn -0.966888 0.000000 0.255201
vn -0.966888 0.000000 0.255201
vn 0.000000 -1.000000 -0.000000
vn 0.000000 -1.000000 0.000000
vn 0.000000 -1.000000 0.000000
vn -0.255131 -0.000049 -0.966906
vn -0.255201 -0.000024 -0.966888
vn -0.255214 -0.000067 -0.966885
vn -0.966876 0.000000 0.255248
vn -0.966888 0.000000 0.255201
vn -0.966876 0.000000 0.255248
vn 0.966888 0.000000 -0.255201
vn 0.966888 0.000000 -0.255201
vn 0.966888 0.000000 -0.255201
vn 0.000000 1.000000 0.000000
vn 0.000000 1.000000 0.000000
vn 0.000000 1.000000 -0.000000
vn 0.000000 1.000000 0.000000
vn 0.000000 1.000000 0.000000
vn 0.000000 1.000000 0.000000
vn 0.000000 1.000000 0.000000
vn -0.255218 -0.000002 -0.966884
vn -0.255217 0.000011 -0.966884
vn 0.000000 1.000000 0.000000
vn 0.000000 1.000000 0.000000
vn 0.000000 1.000000 -0.000000
vn -0.966888 0.000000 0.255201
vn -0.966888 0.000000 0.255201
vn -0.966888 0.000000 0.255201
vn 0.966881 0.000000 -0.255229
vn 0.966881 0.000000 -0.255229
vn 0.255174 0.000000 0.966895
vn 0.255230 -0.000028 0.966880
vn 0.255230 0.000028 0.966880
vn 0.255176 0.000000 0.966895
vn 0.255230 -0.000028 0.966880
vn 0.255222 -0.000035 0.966882
vn 0.255222 -0.000035 0.966882
vn 0.000000 1.000000 -0.000001
vn 0.000000 1.000000 -0.000001
vn 0.255132 -0.000038 0.966906
vn 0.255134 0.000038 0.966906
vn 0.255222 0.000035 0.966882
vn -0.966876 0.000000 0.255247
vn -0.966875 0.000000 0.255248
vn 0.000000 -1.000000 0.000000
vn 0.000000 -1.000000 0.000000
vn 0.255230 0.000028 0.966881
vn 0.255222 0.000035 0.966883
vn 0.966876 0.000000 -0.255248
vn 0.000000 -1.000000 -0.000000
vn -0.255211 0.000038 -0.966885
vn 0.000000 -1.000000 -0.000002
vn -0.966876 0.000000 0.255248
vn -0.255131 0.000033 -0.966907
vn 0.000000 1.000000 0.000000
vn 0.966876 0.000000 -0.255248
vn -0.255212 -0.000038 -0.966885
vn -0.966876 0.000000 0.255248
vn 0.000000 1.000000 0.000001
vn -0.255200 0.000038 -0.966888
vn 0.255174 0.000000 0.966895
vn 0.966881 0.000000 -0.255229
vn 0.000000 1.000000 0.000000
vn -0.966876 0.000000 0.255248
vn 0.255132 -0.000038 0.966906
vn 0.000000 1.000000 0.000000
vn 0.000000 -1.000000 0.000000
vn 0.966881 0.000000 -0.255229
vn 0.255176 0.000000 0.966895
vn -0.966876 0.000000 0.255249
vn 0.000000 -1.000000 0.000000
vn 0.255134 0.000038 0.966906
vn 0.000000 -1.000000 -0.000000
vn 0.000000 -1.000000 -0.000000
vn 0.000000 -1.000000 0.000000
vn 0.000000 -1.000000 0.000000
vn 0.966890 0.000000 -0.255195
vn 0.966890 0.000000 -0.255195
vn 0.966891 0.000000 -0.255190
vn 0.966891 0.000000 -0.255190
vn -0.255206 0.000048 -0.966887
vn -0.255206 0.000048 -0.966887
vn -0.255237 0.000046 -0.966879
vn -0.255224 0.000048 -0.966882
vn 0.000000 -1.000000 -0.000000
vn 0.000000 -1.000000 0.000000
vn 0.000000 -1.000000 0.000000
vn 0.966886 0.000000 -0.255209
vn 0.966886 0.000000 -0.255209
vn 0.966890 0.000000 -0.255195
vn -0.255206 0.000038 -0.966887
vn -0.255209 -0.000036 -0.966886
vn -0.255207 -0.000038 -0.966887
vn -0.966891 0.000000 0.255190
vn -0.966891 0.000000 0.255189
vn -0.966890 0.000000 0.255195
vn -0.966890 0.000000 0.255196
vn 0.000000 -1.000000 0.000000
vn 0.000000 -1.000000 0.000000
vn 0.000000 -1.000000 0.000000
vn -0.255353 0.000029 -0.966848
vn -0.255305 0.000022 -0.966861
vn -0.255236 -0.000020 -0.966879
vn -0.966958 0.000000 0.254936
vn -0.966891 0.000000 0.255190
vn -0.966958 0.000000 0.254936
vn 0.966890 0.000000 -0.255195
vn 0.966891 0.000000 -0.255190
vn 0.966891 0.000000 -0.255190
vn 0.000000 1.000000 0.000000
vn 0.000000 1.000000 0.000000
vn 0.000000 1.000000 0.000000
vn 0.000000 1.000000 0.000000
vn 0.000000 1.000000 0.000001
vn 0.000000 1.000000 0.000001
vn 0.000000 1.000000 0.000000
vn -0.255209 -0.000036 -0.966886
vn -0.255225 -0.000027 -0.966882
vn 0.000000 1.000000 0.000000
vn 0.000000 1.000000 0.000000
vn 0.000000 1.000000 0.000000
vn -0.966891 0.000000 0.255189
vn -0.966890 0.000000 0.255196
vn -0.966890 0.000000 0.255195
vn 0.966958 0.000000 -0.254936
vn 0.966958 0.000000 -0.254937
vn 0.255255 0.000000 0.966874
vn 0.255238 0.000000 0.966878
vn 0.255237 0.000000 0.966879
vn 0.255253 0.000000 0.966874
vn 0.255238 0.000000 0.966878
vn 0.255208 0.000000 0.966886
vn 0.255208 0.000000 0.966886
vn 0.000000 1.000000 0.000000
vn 0.000000 1.000000 0.000000
vn 0.255097 0.000000 0.966915
vn 0.255096 0.000000 0.966916
vn 0.255207 0.000000 0.966886
vn -0.966876 0.000000 0.255247
vn -0.966876 0.000000 0.255248
vn 0.000000 -1.000000 0.000000
vn 0.000000 -1.000000 0.000000
vn 0.255237 0.000000 0.966879
vn 0.255207 0.000000 0.966886
vn 0.966886 0.000000 -0.255209
vn 0.000000 -1.000000 -0.000000
vn -0.255207 0.000038 -0.966887
vn 0.000000 -1.000000 0.000000
vn -0.966958 0.000000 0.254936
vn -0.255352 0.000029 -0.966848
vn 0.000000 1.000000 0.000000
vn 0.966886 0.000000 -0.255209
vn -0.255207 -0.000038 -0.966886
vn -0.966958 0.000000 0.254936
vn 0.000000 1.000000 0.000001
vn -0.255304 0.000022 -0.966861
vn 0.255255 0.000000 0.966874
vn 0.966958 0.000000 -0.254935
vn 0.000000 1.000000 0.000000
vn -0.966876 0.000000 0.255248
vn 0.255097 0.000000 0.966915
vn 0.000000 1.000000 0.000000
vn 0.000000 -1.000000 0.000000
vn 0.966958 0.000000 -0.254936
vn 0.255253 0.000000 0.966874
vn -0.966876 0.000000 0.255248
vn 0.000000 -1.000000 0.000000
vn 0.255096 0.000000 0.966916
vn -0.339438 0.000000 0.940628
vn -0.339461 0.000000 0.940620
vn -0.339461 0.000000 0.940620
vn -0.339438 0.000000 0.940628
vn 0.000000 1.000000 0.000000
vn 0.000000 1.000000 0.000000
vn 0.000000 1.000000 0.000000
vn 0.000000 1.000000 0.000000
vn 0.339463 0.000000 -0.940619
vn 0.339467 0.000000 -0.940618
vn 0.339467 0.000000 -0.940618
vn 0.339463 0.000000 -0.940619
vn 0.000000 -1.000000 0.000000
vn 0.000000 -1.000000 0.000000
vn 0.000000 -1.000000 0.000000
vn 0.000000 -1.000000 0.000000
vn 0.940616 0.000062 0.339474
vn 0.940616 0.000062 0.339474
vn 0.940616 0.000062 0.339474
vn 0.940616 0.000062 0.339474
vn 0.940616 0.000062 0.339474
vn 0.940616 0.000062 0.339474
vn -0.940615 0.000057 -0.339474
vn -0.940615 0.000057 -0.339474
vn -0.940615 0.000057 -0.339474
vn -0.940615 0.000057 -0.339474
vn -0.940615 0.000057 -0.339474
vn -0.940615 0.000057 -0.339474
vn 0.000000 1.000000 0.000000
vn 0.000000 1.000000 0.000000
vn 0.000000 1.000000 0.000000
vn 0.000000 1.000000 0.000000
vn 0.000000 1.000000 0.000000
vn 0.000000 1.000000 0.000000
vn 0.000000 1.000000 0.000000
vn 0.000000 1.000000 0.000000
vn -0.339467 0.000000 0.940618
vn -0.339467 0.000000 0.940618
vn 0.000000 1.000000 0.000000
vn 0.000000 1.000000 0.000000
vn 0.000000 1.000000 0.000000
vn 0.000000 1.000000 0.000000
vn 0.000000 1.000000 0.000000
vn 0.000000 1.000000 0.000000
vn 0.339461 0.000000 -0.940620
vn 0.339461 0.000000 -0.940620
vn 0.000000 -1.000000 0.000000
vn 0.000000 -1.000000 0.000000
vn -0.339463 0.000000 0.940619
vn -0.339463 0.000000 0.940619
vn 0.000000 1.000000 0.000000
vn 0.000000 1.000000 0.000000
vn 0.000000 1.000000 0.000000
vn 0.000000 1.000000 0.000000
vn 0.000000 1.000000 0.000000
vn 0.000000 1.000000 0.000000
vn 0.000000 1.000000 0.000000
vn 0.000000 1.000000 0.000000
vn 0.000000 1.000000 0.000000
vn 0.000000 1.000000 0.000000
vn 0.339438 0.000000 -0.940629
vn 0.339438 0.000000 -0.940629
vn 0.000000 -1.000000 0.000000
vn 0.000000 -1.000000 0.000000
vn 0.000000 1.000000 -0.000001
vn 0.000000 1.000000 -0.000001
vn 0.000000 1.000000 -0.000001
vn 0.000000 1.000000 -0.000001
vn 0.000000 1.000000 0.000001
vn 0.000000 1.000000 0.000001
vn 0.000000 1.000000 0.000001
vn 0.000000 1.000000 0.000001
vn 0.000000 1.000000 0.000001
vn 0.000000 1.000000 0.000001
vn 0.000000 1.000000 0.000001
vn 0.000000 1.000000 0.000001
vn 0.000000 1.000000 -0.000001
vn 0.000000 1.000000 -0.000001
vn 0.000000 1.000000 -0.000001
vn 0.000000 1.000000 -0.000001
vn 0.000000 1.000000 -0.000002
vn 0.000000 1.000000 -0.000002
vn 0.000000 1.000000 -0.000002
vn 0.000000 1.000000 -0.000002
vn 0.000000 1.000000 0.000000
vn 0.000000 1.000000 0.000000
vn 0.000000 1.000000 0.000000
vn 0.000000 1.000000 0.000000
vn 0.000000 1.000000 0.000002
vn 0.000000 1.000000 0.000002
vn 0.000000 1.000000 0.000002
vn 0.000000 1.000000 0.000002
vn 0.000000 1.000000 -0.000002
vn 0.000000 1.000000 -0.000002
vn 0.000000 1.000000 -0.000002
vn 0.000000 1.000000 -0.000002
vn 0.000000 1.000000 -0.000001
vn 0.000000 1.000000 -0.000001
vn 0.000000 1.000000 -0.000001
vn 0.000000 1.000000 -0.000001
vn 0.000000 1.000000 -0.000001
vn 0.000000 1.000000 -0.000001
vn 0.000000 1.000000 -0.000001
vn 0.000000 1.000000 -0.000001
vn 0.000000 1.000000 0.000000
vn 0.000000 1.000000 0.000000
vn 0.000000 1.000000 0.000000
vn 0.000000 1.000000 0.000000
vn 0.000000 1.000000 -0.000003
vn 0.000000 1.000000 -0.000003
vn 0.000000 1.000000 -0.000003
vn 0.000000 1.000000 -0.000003
vn 0.000000 1.000000 0.000000
vn 0.000000 1.000000 0.000000
vn 0.000000 1.000000 0.000000
vn 0.000000 1.000000 0.000000
vn 0.000000 1.000000 -0.000001
vn 0.000000 1.000000 -0.000001
vn 0.000000 1.000000 -0.000001
vn 0.000000 1.000000 -0.000001
vn 0.000000 1.000000 0.000002
vn 0.000000 1.000000 0.000002
vn 0.000000 1.000000 0.000002
vn 0.000000 1.000000 0.000002
vn 0.000000 1.000000 0.000002
vn 0.000000 1.000000 0.000002
vn 0.000000 1.000000 0.000002
vn 0.000000 1.000000 0.000002
vn -0.339451 0.000000 0.940624
vn -0.339451 0.000000 0.940624
vn -0.339451 0.000000 0.940624
vn -0.339451 0.000000 0.940624
vn 0.940590 0.000000 0.339545
vn 0.940590 0.000000 0.339545
vn 0.940590 0.000000 0.339545
vn 0.940590 0.000000 0.339545
vn 0.339451 0.000000 -0.940624
vn 0.339451 0.000000 -0.940624
vn 0.339451 0.000000 -0.940624
vn 0.339451 0.000000 -0.940624
vn -0.940590 0.000000 -0.339545
vn -0.940590 0.000000 -0.339545
vn -0.940590 0.000000 -0.339545
vn -0.940590 0.000000 -0.339545
vn -0.339481 0.000000 0.940613
vn -0.339481 0.000000 0.940613
vn -0.339481 0.000000 0.940613
vn -0.339481 0.000000 0.940613
vn 0.940623 0.000000 0.339453
vn 0.940623 0.000000 0.339453
vn 0.940623 0.000000 0.339453
vn 0.940623 0.000000 0.339453
vn 0.339481 0.000000 -0.940613
vn 0.339481 0.000000 -0.940613
vn 0.339481 0.000000 -0.940613
vn 0.339481 0.000000 -0.940613
vn -0.940623 0.000000 -0.339453
vn -0.940623 0.000000 -0.339453
vn -0.940623 0.000000 -0.339453
vn -0.940623 0.000000 -0.339453
vn -0.940623 0.000000 -0.339453
vn -0.940623 0.000000 -0.339453
vn -0.940623 0.000000 -0.339453
vn -0.940623 0.000000 -0.339453
vn -0.339481 0.000000 0.940613
vn -0.339481 0.000000 0.940613
vn -0.339481 0.000000 0.940613
vn -0.339481 0.000000 0.940613
vn 0.940593 0.000000 0.339538
vn 0.940593 0.000000 0.339538
vn 0.940593 0.000000 0.339538
vn 0.940593 0.000000 0.339538
vn 0.339451 0.000000 -0.940624
vn 0.339451 0.000000 -0.940624
vn 0.339451 0.000000 -0.940624
vn 0.339451 0.000000 -0.940624
vn -0.940590 0.000000 -0.339545
vn -0.940590 0.000000 -0.339545
vn -0.940590 0.000000 -0.339545
vn -0.940590 0.000000 -0.339545
vn -0.339451 0.000000 0.940624
vn -0.339451 0.000000 0.940624
vn -0.339451 0.000000 0.940624
vn -0.339451 0.000000 0.940624
vn 0.940620 0.000000 0.339460
vn 0.940620 0.000000 0.339460
vn 0.940620 0.000000 0.339460
vn 0.940620 0.000000 0.339460
vn 0.339481 0.000000 -0.940613
vn 0.339481 0.000000 -0.940613
vn 0.339481 0.000000 -0.940613
vn 0.339481 0.000000 -0.940613
vn 0.000000 -1.000000 0.000002
vn 0.000000 -1.000000 0.000002
vn 0.000000 -1.000000 0.000002
vn 0.000000 -1.000000 0.000002
vn 0.000000 -1.000000 -0.000002
vn 0.000000 -1.000000 -0.000002
vn 0.000000 -1.000000 -0.000002
vn 0.000000 -1.000000 -0.000002
vn 0.000000 -1.000000 -0.000004
vn 0.000000 -1.000000 -0.000004
vn 0.000000 -1.000000 -0.000004
vn 0.000000 -1.000000 -0.000004
vn 0.000000 -1.000000 0.000001
vn 0.000000 -1.000000 0.000001
vn 0.000000 -1.000000 0.000001
vn 0.000000 -1.000000 0.000001
vn 0.000000 -1.000000 0.000005
vn 0.000000 -1.000000 0.000005
vn 0.000000 -1.000000 0.000005
vn 0.000000 -1.000000 0.000005
vn 0.000000 -1.000000 0.000002
vn 0.000000 -1.000000 0.000002
vn 0.000000 -1.000000 0.000002
vn 0.000000 -1.000000 0.000002
vn 0.000000 -1.000000 -0.000005
vn 0.000000 -1.000000 -0.000005
vn 0.000000 -1.000000 -0.000005
vn 0.000000 -1.000000 -0.000005
vn 0.000000 -1.000000 -0.000002
vn 0.000000 -1.000000 -0.000002
vn 0.000000 -1.000000 -0.000002
vn 0.000000 -1.000000 -0.000002
vn 0.000000 -1.000000 -0.000002
vn 0.000000 -1.000000 -0.000002
vn 0.000000 -1.000000 -0.000002
vn 0.000000 -1.000000 -0.000002
vn 0.000000 -1.000000 0.000005
vn 0.000000 -1.000000 0.000005
vn 0.000000 -1.000000 0.000005
vn 0.000000 -1.000000 0.000005
vn 0.000000 -1.000000 -0.000001
vn 0.000000 -1.000000 -0.000001
vn 0.000000 -1.000000 -0.000001
vn 0.000000 -1.000000 -0.000001
vn 0.000000 -1.000000 -0.000004
vn 0.000000 -1.000000 -0.000004
vn 0.000000 -1.000000 -0.000004
vn 0.000000 -1.000000 -0.000004
vn 0.000000 -1.000000 0.000002
vn 0.000000 -1.000000 0.000002
vn 0.000000 -1.000000 0.000002
vn 0.000000 -1.000000 0.000002
vn 0.000000 -1.000000 0.000004
vn 0.000000 -1.000000 0.000004
vn 0.000000 -1.000000 0.000004
vn 0.000000 -1.000000 0.000004
vn 0.000000 -1.000000 -0.000001
vn 0.000000 -1.000000 -0.000001
vn 0.000000 -1.000000 -0.000001
vn 0.000000 -1.000000 -0.000001
vn 0.000000 -1.000000 -0.000004
vn 0.000000 -1.000000 -0.000004
vn 0.000000 -1.000000 -0.000004
vn 0.000000 -1.000000 -0.000004
vn 0.339494 0.000000 -0.940608
vn 0.339494 0.000000 -0.940608
vn 0.339494 0.000000 -0.940608
vn 0.339494 0.000000 -0.940608
vn -0.940636 0.000000 -0.339418
vn -0.940636 0.000000 -0.339418
vn -0.940636 0.000000 -0.339418
vn -0.940636 0.000000 -0.339418
vn -0.339476 0.000000 0.940615
vn -0.339476 0.000000 0.940615
vn -0.339476 0.000000 0.940615
vn -0.339476 0.000000 0.940615
vn -0.940611 0.000000 -0.339488
vn -0.940611 0.000000 -0.339488
vn -0.940611 0.000000 -0.339488
vn -0.940611 0.000000 -0.339488
vn -0.339476 0.000000 0.940615
vn -0.339476 0.000000 0.940615
vn -0.339476 0.000000 0.940615
vn -0.339476 0.000000 0.940615
vn 0.940611 0.000000 0.339487
vn 0.940611 0.000000 0.339487
vn 0.940611 0.000000 0.339487
vn 0.940611 0.000000 0.339487
vn 0.940633 0.000000 0.339424
vn 0.940633 0.000000 0.339424
vn 0.940633 0.000000 0.339424
vn 0.940633 0.000000 0.339424
vn 0.339494 0.000000 -0.940608
vn 0.339494 0.000000 -0.940608
vn 0.339494 0.000000 -0.940608
vn 0.339494 0.000000 -0.940608
vn 0.940615 0.000000 0.339477
vn 0.940615 0.000000 0.339477
vn 0.940615 0.000000 0.339477
vn 0.940615 0.000000 0.339477
vn 0.000000 1.000000 0.000000
vn 0.000000 1.000000 0.000000
vn 0.000000 1.000000 0.000000
vn 0.000000 1.000000 0.000000
vn -0.940615 0.000000 -0.339477
vn -0.940615 0.000000 -0.339477
vn -0.940615 0.000000 -0.339477
vn -0.940615 0.000000 -0.339477
vn 0.000000 -1.000000 0.000000
vn 0.000000 -1.000000 0.000000
vn 0.000000 -1.000000 0.000000
vn 0.000000 -1.000000 0.000000
vn 0.000000 -1.000000 0.000000
vn 0.000000 -1.000000 0.000000
vn 0.000000 -1.000000 0.000000
vn 0.000000 -1.000000 0.000000
vn -0.940615 0.000000 -0.339477
vn -0.940615 0.000000 -0.339477
vn -0.940615 0.000000 -0.339477
vn -0.940615 0.000000 -0.339477
vn 0.000000 1.000000 0.000000
vn 0.000000 1.000000 0.000000
vn 0.000000 1.000000 0.000000
vn 0.000000 1.000000 0.000000
vn 0.940615 0.000000 0.339477
vn 0.940615 0.000000 0.339477
vn 0.940615 0.000000 0.339477
vn 0.940615 0.000000 0.339477
vn 0.339459 0.000000 -0.940621
vn 0.339459 0.000000 -0.940621
vn 0.339459 0.000000 -0.940621
vn 0.339459 0.000000 -0.940621
vn 0.000000 1.000000 0.000000
vn 0.000000 1.000000 0.000000
vn 0.000000 1.000000 0.000000
vn 0.000000 1.000000 0.000000
vn -0.339464 0.000000 0.940619
vn -0.339464 0.000000 0.940619
vn -0.339464 0.000000 0.940619
vn -0.339464 0.000000 0.940619
vn 0.000000 -1.000000 0.000000
vn 0.000000 -1.000000 0.000000
vn 0.000000 -1.000000 0.000000
vn 0.000000 -1.000000 0.000000
vn 0.339464 0.000000 -0.940619
vn 0.339464 0.000000 -0.940619
vn 0.339464 0.000000 -0.940619
vn 0.339464 0.000000 -0.940619
vn 0.000000 1.000000 0.000000
vn 0.000000 1.000000 0.000000
vn 0.000000 1.000000 0.000000
vn 0.000000 1.000000 0.000000
vn -0.339464 0.000000 0.940619
vn -0.339464 0.000000 0.940619
vn -0.339464 0.000000 0.940619
vn -0.339464 0.000000 0.940619
vn 0.000000 -1.000000 0.000000
vn 0.000000 -1.000000 0.000000
vn 0.000000 -1.000000 0.000000
vn 0.000000 -1.000000 0.000000
vn 0.000000 -1.000000 -0.000000
vn 0.000000 -1.000000 -0.000000
vn 0.000000 -1.000000 -0.000000
vn 0.000000 -1.000000 -0.000000
vn -0.966891 0.000000 0.255190
vn -0.966891 0.000000 0.255190
vn -0.966890 0.000000 0.255195
vn -0.966890 0.000000 0.255195
vn 0.255180 0.000000 0.966894
vn 0.255180 0.000000 0.966894
vn 0.255223 0.000000 0.966882
vn 0.255223 0.000000 0.966882
vn 0.000000 -1.000000 0.000000
vn 0.000000 -1.000000 0.000000
vn 0.000000 -1.000000 0.000000
vn -0.966953 0.000000 0.254955
vn -0.966953 0.000000 0.254956
vn -0.966891 0.000000 0.255190
vn 0.255024 0.000000 0.966935
vn 0.255180 0.000000 0.966893
vn 0.255025 0.000000 0.966934
vn 0.966891 0.000000 -0.255189
vn 0.966891 0.000000 -0.255189
vn 0.966890 0.000000 -0.255195
vn 0.966890 0.000000 -0.255195
vn 0.000000 -1.000000 0.000000
vn 0.000000 -1.000000 0.000000
vn 0.000000 -1.000000 0.000000
vn 0.255253 0.000000 0.966874
vn 0.255251 0.000000 0.966875
vn 0.255223 0.000000 0.966882
vn 0.966953 0.000000 -0.254955
vn 0.966891 0.000000 -0.255189
vn 0.966953 0.000000 -0.254955
vn -0.966891 0.000000 0.255190
vn -0.966890 0.000000 0.255195
vn -0.966890 0.000000 0.255195
vn 0.000000 1.000000 0.000000
vn 0.000000 1.000000 0.000000
vn 0.000000 1.000000 0.000000
vn 0.000000 1.000000 0.000000
vn 0.000000 1.000000 0.000001
vn 0.000000 1.000000 0.000001
vn 0.000000 1.000000 0.000000
vn 0.255180 0.000000 0.966893
vn 0.255223 0.000000 0.966882
vn 0.000000 1.000000 0.000000
vn 0.000000 1.000000 0.000000
vn 0.000000 1.000000 0.000000
vn 0.966891 0.000000 -0.255189
vn 0.966890 0.000000 -0.255195
vn 0.966890 0.000000 -0.255195
vn -0.966876 0.000000 0.255248
vn -0.966876 0.000000 0.255247
vn -0.255325 0.000000 -0.966855
vn -0.255223 0.000000 -0.966882
vn -0.255223 0.000000 -0.966882
vn -0.255325 0.000000 -0.966855
vn -0.255223 0.000000 -0.966882
vn -0.255180 0.000000 -0.966893
vn -0.255181 0.000000 -0.966893
vn 0.000000 1.000000 0.000001
vn 0.000000 1.000000 0.000001
vn -0.255097 0.000000 -0.966915
vn -0.255097 0.000000 -0.966915
vn -0.255180 0.000000 -0.966893
vn 0.966876 0.000000 -0.255248
vn 0.966876 0.000000 -0.255247
vn 0.000000 -1.000000 0.000000
vn 0.000000 -1.000000 0.000000
vn -0.255223 0.000000 -0.966882
vn -0.255180 0.000000 -0.966894
vn -0.966953 0.000000 0.254955
vn 0.000000 -1.000000 0.000001
vn 0.255024 0.000000 0.966935
vn 0.000000 -1.000000 0.000002
vn 0.966953 0.000000 -0.254955
vn 0.255253 0.000000 0.966874
vn 0.000000 1.000000 0.000000
vn -0.966953 0.000000 0.254956
vn 0.255025 0.000000 0.966935
vn 0.966953 0.000000 -0.254955
vn 0.000000 1.000000 -0.000000
vn 0.255251 0.000000 0.966875
vn -0.255325 0.000000 -0.966855
vn -0.966876 0.000000 0.255248
vn 0.000000 1.000000 0.000000
vn 0.966876 0.000000 -0.255248
vn -0.255097 0.000000 -0.966915
vn 0.000000 1.000000 0.000000
vn 0.000000 -1.000000 0.000000
vn -0.966876 0.000000 0.255247
vn -0.255325 0.000000 -0.966855
vn 0.966876 0.000000 -0.255247
vn 0.000000 -1.000000 0.000001
vn -0.255097 0.000000 -0.966915
vn 0.000000 -1.000000 -0.000000
vn 0.000000 -1.000000 -0.000000
vn 0.000000 -1.000000 0.000000
vn 0.000000 -1.000000 0.000000
vn 0.966888 0.000000 -0.255200
vn 0.966888 0.000000 -0.255200
vn 0.966890 0.000000 -0.255195
vn 0.966890 0.000000 -0.255195
vn -0.255215 -0.000000 -0.966884
vn -0.255216 0.000027 -0.966884
vn -0.255241 0.000035 -0.966878
vn -0.255233 0.000004 -0.966880
vn 0.000000 -1.000000 -0.000000
vn 0.000000 -1.000000 0.000000
vn 0.000000 -1.000000 0.000000
vn 0.966876 0.000000 -0.255248
vn 0.966876 0.000000 -0.255248
vn 0.966888 0.000000 -0.255200
vn -0.255170 0.000000 -0.966896
vn -0.255213 -0.000005 -0.966885
vn -0.255171 0.000000 -0.966896
vn -0.966891 0.000000 0.255190
vn -0.966891 0.000000 0.255189
vn -0.966890 0.000000 0.255195
vn -0.966890 0.000000 0.255195
vn 0.000000 -1.000000 0.000000
vn 0.000000 -1.000000 0.000000
vn 0.000000 -1.000000 0.000000
vn -0.255296 -0.000004 -0.966863
vn -0.255285 0.000016 -0.966866
vn -0.255242 -0.000005 -0.966877
vn -0.966963 0.000000 0.254917
vn -0.966891 0.000000 0.255190
vn -0.966963 0.000000 0.254917
vn 0.966888 0.000000 -0.255200
vn 0.966890 0.000000 -0.255195
vn 0.966890 0.000000 -0.255195
vn 0.000000 1.000000 0.000000
vn 0.000000 1.000000 0.000000
vn 0.000000 1.000000 0.000000
vn 0.000000 1.000000 0.000000
vn 0.000000 1.000000 0.000000
vn 0.000000 1.000000 0.000000
vn 0.000000 1.000000 0.000000
vn -0.255214 0.000024 -0.966885
vn -0.255234 0.000033 -0.966879
vn 0.000000 1.000000 0.000000
vn 0.000000 1.000000 0.000000
vn 0.000000 1.000000 0.000000
vn -0.966891 0.000000 0.255189
vn -0.966890 0.000000 0.255195
vn -0.966890 0.000000 0.255195
vn 0.966953 0.000000 -0.254955
vn 0.966953 0.000000 -0.254955
vn 0.255174 0.000000 0.966895
vn 0.255223 0.000000 0.966882
vn 0.255222 0.000000 0.966882
vn 0.255176 0.000000 0.966895
vn 0.255223 0.000000 0.966882
vn 0.255236 0.000000 0.966879
vn 0.255236 0.000000 0.966879
vn 0.000000 1.000000 0.000000
vn 0.000000 1.000000 0.000000
vn 0.255244 0.000000 0.966877
vn 0.255243 0.000000 0.966877
vn 0.255235 0.000000 0.966879
vn -0.966886 0.000000 0.255209
vn -0.966886 0.000000 0.255209
vn 0.000000 -1.000000 0.000000
vn 0.000000 -1.000000 0.000000
vn 0.255222 0.000000 0.966882
vn 0.255235 0.000000 0.966879
vn 0.966876 0.000000 -0.255248
vn 0.000000 -1.000000 -0.000000
vn -0.255171 0.000000 -0.966896
vn 0.000000 -1.000000 0.000000
vn -0.966963 0.000000 0.254917
vn -0.255296 0.000041 -0.966863
vn 0.000000 1.000000 0.000000
vn 0.966876 0.000000 -0.255248
vn -0.255171 0.000000 -0.966896
vn -0.966963 0.000000 0.254917
vn 0.000000 1.000000 0.000000
vn -0.255284 0.000049 -0.966866
vn 0.255174 0.000000 0.966895
vn 0.966953 0.000000 -0.254954
vn 0.000000 1.000000 0.000000
vn -0.966886 0.000000 0.255209
vn 0.255244 0.000000 0.966877
vn 0.000000 1.000000 0.000000
vn 0.000000 -1.000000 0.000000
vn 0.966953 0.000000 -0.254955
vn 0.255176 0.000000 0.966895
vn -0.966886 0.000000 0.255209
vn 0.000000 -1.000000 0.000000
vn 0.255243 0.000000 0.966877
vn 0.000000 -1.000000 -0.000000
vn 0.000000 -1.000000 -0.000000
vn 0.000000 -1.000000 0.000000
vn 0.000000 -1.000000 0.000000
vn 0.966888 0.000000 -0.255201
vn 0.966888 0.000000 -0.255201
vn 0.966888 0.000000 -0.255201
vn 0.966888 0.000000 -0.255201
vn -0.255181 0.000000 -0.966893
vn -0.255181 0.000000 -0.966893
vn -0.255195 0.000000 -0.966890
vn -0.255195 0.000000 -0.966890
vn 0.000000 -1.000000 -0.000000
vn 0.000000 -1.000000 0.000000
vn 0.000000 -1.000000 0.000000
vn 0.966881 0.000000 -0.255228
vn 0.966881 0.000000 -0.255228
vn 0.966888 0.000000 -0.255201
vn -0.255101 0.000000 -0.966914
vn -0.255181 0.000000 -0.966893
vn -0.255102 0.000000 -0.966914
vn -0.966888 0.000000 0.255201
vn -0.966888 0.000000 0.255201
vn -0.966888 0.000000 0.255200
vn -0.966888 0.000000 0.255200
vn 0.000000 -1.000000 0.000000
vn 0.000000 -1.000000 0.000000
vn 0.000000 -1.000000 0.000000
vn -0.255175 0.000000 -0.966895
vn -0.255175 0.000000 -0.966895
vn -0.255195 0.000000 -0.966890
vn -0.966881 0.000000 0.255228
vn -0.966888 0.000000 0.255201
vn -0.966881 0.000000 0.255228
vn 0.966888 0.000000 -0.255201
vn 0.966888 0.000000 -0.255201
vn 0.966888 0.000000 -0.255201
vn 0.000000 1.000000 0.000000
vn 0.000000 1.000000 0.000000
vn 0.000000 1.000000 0.000000
vn 0.000000 1.000000 0.000000
vn 0.000000 1.000000 0.000000
vn 0.000000 1.000000 0.000000
vn 0.000000 1.000000 0.000000
vn -0.255182 0.000000 -0.966893
vn -0.255195 0.000000 -0.966890
vn 0.000000 1.000000 0.000000
vn 0.000000 1.000000 0.000000
vn 0.000000 1.000000 0.000000
vn -0.966888 0.000000 0.255201
vn -0.966888 0.000000 0.255200
vn -0.966888 0.000000 0.255200
vn 0.966876 0.000000 -0.255248
vn 0.966876 0.000000 -0.255248
vn 0.255134 -0.000038 0.966906
vn 0.255194 -0.000040 0.966890
vn 0.255194 0.000040 0.966890
vn 0.255134 0.000038 0.966906
vn 0.255194 -0.000040 0.966890
vn 0.255216 -0.000033 0.966884
vn 0.255216 -0.000033 0.966884
vn 0.000000 1.000000 0.000001
vn 0.000000 1.000000 0.000001
vn 0.255253 0.000000 0.966874
vn 0.255250 0.000000 0.966875
vn 0.255216 0.000033 0.966884
vn -0.966886 0.000000 0.255209
vn -0.966886 0.000000 0.255210
vn 0.000000 -1.000000 0.000000
vn 0.000000 -1.000000 0.000000
vn 0.255194 0.000040 0.966890
vn 0.255216 0.000033 0.966884
vn 0.966881 0.000000 -0.255229
vn 0.000000 -1.000000 -0.000000
vn -0.255101 0.000000 -0.966914
vn 0.000000 -1.000000 0.000000
vn -0.966881 0.000000 0.255229
vn -0.255174 0.000000 -0.966895
vn 0.000000 1.000000 0.000000
vn 0.966881 0.000000 -0.255229
vn -0.255102 0.000000 -0.966914
vn -0.966881 0.000000 0.255229
vn 0.000000 1.000000 0.000000
vn -0.255175 0.000000 -0.966895
vn 0.255134 -0.000038 0.966906
vn 0.966876 0.000000 -0.255248
vn 0.000000 1.000000 0.000000
vn -0.966886 0.000000 0.255209
vn 0.255253 0.000000 0.966874
vn 0.000000 1.000000 0.000000
vn 0.000000 -1.000000 0.000000
vn 0.966876 0.000000 -0.255248
vn 0.255133 0.000038 0.966906
vn -0.966886 0.000000 0.255210
vn 0.000000 -1.000000 0.000000
vn 0.255251 0.000000 0.966875
vn 0.000000 -1.000000 0.000000
vn 0.000000 -1.000000 -0.000000
vn 0.000000 -1.000000 0.000000
vn 0.000000 -1.000000 0.000000
vn -0.966888 0.000000 0.255201
vn -0.966888 0.000000 0.255201
vn -0.966888 0.000000 0.255201
vn -0.966888 0.000000 0.255201
vn 0.255242 0.000005 0.966877
vn 0.255242 0.000037 0.966877
vn 0.255204 0.000043 0.966887
vn 0.255213 0.000009 0.966885
vn 0.000000 -1.000000 0.000001
vn 0.000000 -1.000000 0.000000
vn 0.000000 -1.000000 0.000001
vn -0.966886 0.000000 0.255209
vn -0.966886 0.000000 0.255209
vn -0.966888 0.000000 0.255201
vn 0.255320 0.000000 0.966857
vn 0.255230 -0.000058 0.966880
vn 0.255318 0.000000 0.966857
vn 0.966888 0.000000 -0.255201
vn 0.966888 0.000000 -0.255201
vn 0.966888 0.000000 -0.255201
vn 0.966888 0.000000 -0.255201
vn 0.000000 -1.000000 0.000000
vn 0.000000 -1.000000 -0.000000
vn 0.000000 -1.000000 -0.000000
vn 0.255129 -0.000010 0.966907
vn 0.255206 -0.000062 0.966887
vn 0.255208 -0.000076 0.966886
vn 0.966881 0.000000 -0.255228
vn 0.966888 0.000000 -0.255201
vn 0.966881 0.000000 -0.255228
vn -0.966888 0.000000 0.255201
vn -0.966888 0.000000 0.255201
vn -0.966888 0.000000 0.255201
vn 0.000000 1.000000 0.000000
vn 0.000000 1.000000 0.000000
vn 0.000000 1.000000 0.000000
vn 0.000000 1.000000 0.000000
vn 0.000000 1.000000 0.000000
vn 0.000000 1.000000 -0.000000
vn 0.000000 1.000000 0.000000
vn 0.255230 -0.000024 0.966880
vn 0.255209 -0.000030 0.966886
vn 0.000000 1.000000 -0.000000
vn 0.000000 1.000000 0.000000
vn 0.000000 1.000000 0.000000
vn 0.966888 0.000000 -0.255201
vn 0.966888 0.000000 -0.255201
vn 0.966888 0.000000 -0.255201
vn -0.966881 0.000000 0.255228
vn -0.966881 0.000000 0.255228
vn -0.255211 -0.000038 -0.966885
vn -0.255209 -0.000040 -0.966886
vn -0.255209 0.000040 -0.966886
vn -0.255211 0.000038 -0.966885
vn -0.255209 -0.000040 -0.966886
vn -0.255229 -0.000033 -0.966881
vn -0.255230 -0.000033 -0.966881
vn 0.000000 1.000000 -0.000001
vn 0.000000 1.000000 -0.000001
vn -0.255321 0.000000 -0.966856
vn -0.255321 0.000000 -0.966856
vn -0.255229 0.000033 -0.966881
vn 0.966886 0.000000 -0.255209
vn 0.966886 0.000000 -0.255209
vn 0.000000 -1.000000 0.000000
vn 0.000000 -1.000000 -0.000000
vn -0.255208 0.000040 -0.966886
vn -0.255229 0.000033 -0.966881
vn -0.966886 0.000000 0.255208
vn 0.000000 -1.000000 -0.000001
vn 0.255320 0.000000 0.966857
vn 0.000000 -1.000000 0.000000
vn 0.966881 0.000000 -0.255228
vn 0.255129 0.000036 0.966907
vn 0.000000 1.000000 0.000000
vn -0.966886 0.000000 0.255209
vn 0.255318 0.000000 0.966857
vn 0.966881 0.000000 -0.255229
vn 0.000000 1.000000 -0.000001
vn 0.255206 -0.000027 0.966887
vn -0.255211 -0.000038 -0.966885
vn -0.966881 0.000000 0.255228
vn 0.000000 1.000000 0.000000
vn 0.966886 0.000000 -0.255209
vn -0.255321 0.000000 -0.966856
vn 0.000000 1.000000 0.000000
vn 0.000000 -1.000000 0.000002
vn -0.966881 0.000000 0.255228
vn -0.255211 0.000038 -0.966885
vn 0.966886 0.000000 -0.255209
vn 0.000000 -1.000000 -0.000001
vn -0.255321 0.000000 -0.966856
vn 0.255197 0.000003 0.966889
vn 0.255196 0.000015 0.966890
vn 0.255198 0.000016 0.966889
vn 0.255198 0.000003 0.966889
vn 0.000000 1.000000 -0.000000
vn 0.000000 1.000000 -0.000000
vn 0.000000 1.000000 -0.000002
vn 0.000000 1.000000 -0.000000
vn 0.966896 -0.000000 -0.255172
vn 0.966883 -0.000000 -0.255221
vn 0.966884 -0.000000 -0.255217
vn 0.966896 -0.000000 -0.255172
vn 0.255102 0.000000 0.966914
vn 0.255197 -0.000003 0.966889
vn 0.255102 0.000000 0.966914
vn 0.000000 1.000000 -0.000001
vn 0.000000 1.000000 -0.000000
vn 0.000000 1.000000 -0.000002
vn 0.966896 0.000000 -0.255170
vn 0.966900 0.000000 -0.255158
vn 0.966901 0.000000 -0.255152
vn 0.000000 -1.000000 0.000000
vn 0.000000 -1.000000 0.000000
vn 0.000000 -1.000000 -0.000000
vn 0.000000 -1.000000 0.000001
vn 0.255196 -0.000015 0.966889
vn 0.255198 -0.000003 0.966889
vn 0.255198 -0.000016 0.966889
vn 0.966896 0.000000 -0.255170
vn 0.966896 0.000000 -0.255171
vn 0.966898 0.000000 -0.255162
vn 0.000000 -1.000000 0.000000
vn 0.000000 -1.000000 0.000001
vn 0.000000 -1.000000 0.000000
vn 0.000000 1.000000 0.000000
vn 0.000000 1.000000 -0.000000
vn 0.000000 1.000000 -0.000000
vn -0.255196 0.000016 -0.966890
vn -0.255197 0.000003 -0.966889
vn -0.255195 0.000003 -0.966890
vn -0.255195 0.000015 -0.966890
vn -0.255326 0.000001 -0.966855
vn -0.255326 -0.000001 -0.966855
vn -0.255197 -0.000003 -0.966889
vn 0.966886 0.000000 -0.255209
vn 0.966886 0.000000 -0.255209
vn -0.255196 -0.000016 -0.966890
vn -0.255195 -0.000015 -0.966890
vn -0.255195 -0.000003 -0.966890
vn 0.000000 -1.000000 0.000000
vn 0.000000 -1.000000 0.000000
vn 0.000000 -1.000000 0.000000
vn 0.000000 1.000000 -0.000001
vn 0.000000 1.000000 -0.000003
vn -0.966901 0.000000 0.255151
vn -0.966901 0.000000 0.255151
vn -0.966896 0.000000 0.255170
vn -0.966896 0.000000 0.255171
vn -0.966963 0.000000 0.254916
vn -0.966963 0.000000 0.254916
vn -0.966901 0.000000 0.255150
vn -0.255256 -0.000004 -0.966874
vn -0.255256 0.000004 -0.966874
vn -0.966901 0.000000 0.255151
vn -0.966896 0.000000 0.255170
vn -0.966896 0.000000 0.255170
vn 0.000000 -1.000000 0.000000
vn 0.000000 -1.000000 -0.000000
vn 0.255179 0.000005 0.966894
vn 0.255179 -0.000005 0.966894
vn -0.966958 0.000000 0.254936
vn -0.966958 0.000000 0.254936
vn 0.000000 1.000000 -0.000001
vn 0.255101 0.000000 0.966914
vn 0.966881 0.000000 -0.255228
vn 0.255100 0.000000 0.966915
vn 0.000000 -1.000000 0.000000
vn 0.966886 0.000000 -0.255209
vn -0.255332 0.000006 -0.966853
vn 0.000000 1.000000 0.000000
vn 0.966886 0.000000 -0.255209
vn 0.000000 -1.000000 0.000000
vn -0.255331 -0.000006 -0.966854
vn 0.966886 0.000000 -0.255209
vn -0.966963 0.000000 0.254917
vn 0.000000 1.000000 -0.000001
vn -0.255275 -0.000025 -0.966869
vn 0.000000 -1.000000 0.000000
vn -0.966963 0.000000 0.254917
vn -0.255276 0.000025 -0.966868
vn 0.255198 0.000022 0.966889
vn 0.000000 1.000000 -0.000003
vn -0.966958 0.000000 0.254936
vn 0.000000 -1.000000 -0.000000
vn 0.255197 -0.000022 0.966889
vn -0.966958 0.000000 0.254936
vn 0.000000 -1.000000 -0.000000
vn 0.000000 -1.000000 -0.000000
vn 0.000000 -1.000000 0.000000
vn 0.000000 -1.000000 0.000000
vn 0.966888 0.000000 -0.255201
vn 0.966888 0.000000 -0.255200
vn 0.966890 0.000000 -0.255195
vn 0.966890 0.000000 -0.255195
vn -0.255222 -0.000009 -0.966882
vn -0.255223 -0.000009 -0.966882
vn -0.255238 -0.000009 -0.966878
vn -0.255236 -0.000010 -0.966879
vn 0.000000 -1.000000 -0.000000
vn 0.000000 -1.000000 0.000000
vn 0.000000 -1.000000 0.000000
vn 0.966876 0.000000 -0.255248
vn 0.966876 0.000000 -0.255248
vn 0.966888 0.000000 -0.255201
vn -0.255170 0.000000 -0.966896
vn -0.255221 0.000000 -0.966883
vn -0.255170 0.000000 -0.966896
vn -0.966891 0.000000 0.255190
vn -0.966891 0.000000 0.255189
vn -0.966890 0.000000 0.255195
vn -0.966890 0.000000 0.255195
vn 0.000000 -1.000000 0.000000
vn 0.000000 -1.000000 0.000000
vn 0.000000 -1.000000 0.000000
vn -0.255248 0.000000 -0.966876
vn -0.255252 0.000000 -0.966875
vn -0.255238 0.000000 -0.966878
vn -0.966963 0.000000 0.254917
vn -0.966891 0.000000 0.255190
vn -0.966963 0.000000 0.254916
vn 0.966888 0.000000 -0.255201
vn 0.966890 0.000000 -0.255195
vn 0.966890 0.000000 -0.255195
vn 0.000000 1.000000 0.000000
vn 0.000000 1.000000 0.000000
vn 0.000000 1.000000 0.000000
vn 0.000000 1.000000 0.000000
vn 0.000000 1.000000 0.000000
vn 0.000000 1.000000 0.000000
vn 0.000000 1.000000 0.000000
vn -0.255221 0.000000 -0.966883
vn -0.255236 0.000000 -0.966879
vn 0.000000 1.000000 0.000000
vn 0.000000 1.000000 0.000000
vn 0.000000 1.000000 0.000000
vn -0.966891 0.000000 0.255189
vn -0.966890 0.000000 0.255195
vn -0.966890 0.000000 0.255195
vn 0.966953 0.000000 -0.254955
vn 0.966953 0.000000 -0.254955
vn 0.255249 0.000000 0.966875
vn 0.255237 0.000000 0.966879
vn 0.255236 0.000000 0.966879
vn 0.255248 0.000000 0.966876
vn 0.255236 0.000000 0.966879
vn 0.255236 0.000000 0.966879
vn 0.255236 0.000000 0.966879
vn 0.000000 1.000000 0.000000
vn 0.000000 1.000000 0.000000
vn 0.255244 0.000000 0.966877
vn 0.255242 0.000000 0.966877
vn 0.255235 0.000000 0.966879
vn -0.966886 0.000000 0.255209
vn -0.966886 0.000000 0.255209
vn 0.000000 -1.000000 0.000000
vn 0.000000 -1.000000 0.000000
vn 0.255236 0.000000 0.966879
vn 0.255235 0.000000 0.966879
vn 0.966876 0.000000 -0.255248
vn 0.000000 -1.000000 -0.000000
vn -0.255171 0.000000 -0.966896
vn 0.000000 -1.000000 0.000000
vn -0.966963 0.000000 0.254917
vn -0.255248 0.000000 -0.966876
vn 0.000000 1.000000 0.000000
vn 0.966876 0.000000 -0.255248
vn -0.255171 0.000000 -0.966896
vn -0.966963 0.000000 0.254916
vn 0.000000 1.000000 0.000000
vn -0.255252 0.000000 -0.966874
vn 0.255249 0.000000 0.966875
vn 0.966953 0.000000 -0.254956
vn 0.000000 1.000000 0.000000
vn -0.966886 0.000000 0.255209
vn 0.255245 0.000000 0.966877
vn 0.000000 1.000000 0.000000
vn 0.000000 -1.000000 0.000000
vn 0.966953 0.000000 -0.254956
vn 0.255247 0.000000 0.966876
vn -0.966886 0.000000 0.255209
vn 0.000000 -1.000000 0.000000
vn 0.255243 0.000000 0.966877
vn 0.559515 0.499983 0.661030
vn 0.323034 0.866029 0.381631
vn 0.323046 0.866019 0.381644
vn 0.559511 0.499993 0.661025
vn -0.000000 1.000000 0.000005
vn -0.000012 1.000000 -0.000009
vn -0.323060 0.866029 -0.381610
vn -0.323040 0.866047 -0.381586
vn -0.559548 0.499980 -0.661004
vn -0.559544 0.499991 -0.661000
vn -0.646068 0.000000 -0.763280
vn -0.646068 0.000000 -0.763280
vn -0.559542 -0.499979 -0.661010
vn -0.559538 -0.499990 -0.661005
vn -0.323062 -0.866027 -0.381613
vn -0.323041 -0.866045 -0.381588
vn -0.000000 -1.000000 0.000006
vn -0.000012 -1.000000 -0.000008
vn 0.323035 -0.866029 0.381632
vn 0.323046 -0.866019 0.381645
vn 0.559514 -0.499983 0.661031
vn 0.559510 -0.499992 0.661027
vn 0.646054 0.000000 0.763292
vn 0.646054 0.000000 0.763292
vn 0.763294 0.000016 -0.646051
vn 0.763275 0.000030 -0.646074
vn 0.763278 0.000000 -0.646070
vn 0.763284 0.000000 -0.646063
vn 0.763264 0.000007 -0.646087
vn 0.763277 0.000021 -0.646072
vn 0.763278 -0.000000 -0.646070
vn 0.763277 -0.000023 -0.646071
vn 0.763265 -0.000009 -0.646086
vn 0.763282 0.000000 -0.646065
vn 0.763293 -0.000014 -0.646052
vn 0.763275 -0.000028 -0.646074
vn 0.763275 -0.000000 -0.646073
vn -0.763286 -0.000007 0.646061
vn -0.763286 0.000007 0.646061
vn -0.763284 0.000000 0.646064
vn -0.763280 0.000000 0.646068
vn -0.763287 -0.000009 0.646060
vn -0.763286 0.000005 0.646060
vn -0.763279 -0.000000 0.646069
vn -0.763286 -0.000004 0.646061
vn -0.763285 0.000011 0.646062
vn -0.763278 0.000000 0.646070
vn -0.763286 -0.000007 0.646061
vn -0.763285 0.000007 0.646062
vn -0.763278 0.000000 0.646070
vn 0.559514 0.499983 0.661031
vn 0.323034 0.866028 0.381633
vn 0.323045 0.866018 0.381646
vn 0.559510 0.499992 0.661026
vn 0.000002 1.000000 0.000008
vn -0.000010 1.000000 -0.000006
vn -0.323059 0.866030 -0.381609
vn -0.323038 0.866048 -0.381584
vn -0.559542 0.499982 -0.661007
vn -0.559538 0.499993 -0.661003
vn -0.646063 0.000000 -0.763284
vn -0.646063 0.000000 -0.763284
vn -0.559543 -0.499979 -0.661009
vn -0.559539 -0.499990 -0.661004
vn -0.323062 -0.866028 -0.381611
vn -0.323042 -0.866046 -0.381587
vn -0.000000 -1.000000 0.000008
vn -0.000012 -1.000000 -0.000006
vn 0.323035 -0.866028 0.381634
vn 0.323046 -0.866018 0.381647
vn 0.559514 -0.499983 0.661031
vn 0.559510 -0.499992 0.661027
vn 0.646054 0.000000 0.763292
vn 0.646054 0.000000 0.763292
vn 0.763293 0.000016 -0.646052
vn 0.763274 0.000030 -0.646075
vn 0.763278 0.000000 -0.646070
vn 0.763284 0.000000 -0.646063
vn 0.763265 0.000007 -0.646086
vn 0.763277 0.000021 -0.646071
vn 0.763279 0.000000 -0.646069
vn 0.763276 -0.000023 -0.646072
vn 0.763264 -0.000009 -0.646087
vn 0.763284 0.000000 -0.646063
vn 0.763294 -0.000014 -0.646051
vn 0.763275 -0.000028 -0.646074
vn 0.763276 -0.000000 -0.646073
vn -0.763286 -0.000007 0.646061
vn -0.763286 0.000007 0.646061
vn -0.763284 0.000000 0.646063
vn -0.763279 0.000000 0.646069
vn -0.763286 -0.000009 0.646060
vn -0.763287 0.000005 0.646060
vn -0.763280 -0.000000 0.646068
vn -0.763286 -0.000004 0.646060
vn -0.763286 0.000011 0.646061
vn -0.763280 0.000000 0.646068
vn -0.763285 -0.000007 0.646062
vn -0.763285 0.000007 0.646062
vn -0.763280 -0.000000 0.646068
vn 0.941153 0.000000 0.337982
vn 0.984082 0.000000 -0.177716
vn 0.984082 0.000000 -0.177716
vn 0.941153 0.000000 0.337982
vn 0.763285 0.000000 -0.646062
vn 0.763285 0.000000 -0.646062
vn 0.338127 0.000000 -0.941100
vn 0.338127 0.000000 -0.941100
vn -0.177865 0.000000 -0.984055
vn -0.177865 0.000000 -0.984055
vn -0.646134 0.000000 -0.763224
vn -0.646134 0.000000 -0.763224
vn -0.941142 0.000000 -0.338011
vn -0.941142 0.000000 -0.338011
vn -0.984051 0.000000 0.177889
vn -0.984051 0.000000 0.177889
vn -0.763322 0.000000 0.646019
vn -0.763322 0.000000 0.646019
vn -0.337961 0.000000 0.941160
vn -0.337961 0.000000 0.941160
vn 0.177865 0.000000 0.984055
vn 0.177865 0.000000 0.984055
vn 0.646111 0.000000 0.763243
vn 0.646111 0.000000 0.763243
vn 0.000000 1.000000 0.000000
vn 0.000000 1.000000 0.000012
vn 0.000000 1.000000 0.000000
vn 0.000000 1.000000 0.000012
vn 0.000000 1.000000 -0.000003
vn 0.000000 1.000000 -0.000005
vn 0.000000 1.000000 -0.000008
vn 0.000000 1.000000 -0.000006
vn 0.000000 1.000000 0.000000
vn 0.000000 1.000000 -0.000006
vn 0.000000 1.000000 -0.000003
vn 0.000000 1.000000 0.000005
vn 0.000000 1.000000 0.000002
vn 0.308589 0.000000 0.951195
vn 0.308596 0.000000 0.951193
vn 0.308596 0.000000 0.951193
vn 0.308589 0.000000 0.951195
vn 0.000000 1.000000 -0.000000
vn 0.000000 1.000000 0.000000
vn 0.000000 1.000000 -0.000000
vn 0.000000 1.000000 -0.000000
vn -0.308596 0.000000 -0.951193
vn -0.308598 0.000000 -0.951193
vn -0.308598 0.000000 -0.951193
vn -0.308596 0.000000 -0.951193
vn 0.000000 -1.000000 0.000000
vn 0.000000 -1.000000 0.000000
vn 0.000000 -1.000000 0.000000
vn 0.000000 -1.000000 0.000000
vn 0.951192 0.000000 -0.308599
vn 0.951192 0.000000 -0.308599
vn 0.951192 0.000000 -0.308599
vn 0.951192 0.000000 -0.308599
vn -0.951204 0.000000 0.308563
vn -0.951204 0.000000 0.308563
vn -0.951204 0.000000 0.308563
vn -0.951204 0.000000 0.308563
vn 0.308587 -0.000005 0.951196
vn 0.308595 -0.000002 0.951193
vn 0.308595 -0.000002 0.951193
vn 0.308587 -0.000005 0.951196
vn 0.308594 0.000000 0.951194
vn 0.308594 0.000000 0.951194
vn 0.308594 0.000000 0.951194
vn 0.308594 0.000000 0.951194
vn 0.308595 0.000003 0.951194
vn 0.308595 0.000003 0.951194
vn 0.308587 0.000006 0.951196
vn 0.308587 0.000006 0.951196
vn 0.308586 0.000000 0.951197
vn 0.308586 0.000000 0.951197
vn 0.308587 0.000000 0.951196
vn 0.308587 0.000000 0.951196
vn 0.308593 0.000003 0.951194
vn 0.308593 0.000003 0.951194
vn 0.308603 0.000006 0.951191
vn 0.308603 0.000006 0.951191
vn 0.308598 0.000000 0.951192
vn 0.308598 0.000000 0.951192
vn 0.308598 0.000000 0.951192
vn 0.308598 0.000000 0.951192
vn 0.308603 -0.000005 0.951191
vn 0.308593 -0.000003 0.951194
vn 0.308593 -0.000003 0.951194
vn 0.308603 -0.000005 0.951191
vn 0.000000 1.000000 0.000000
vn 0.000000 1.000000 0.000000
vn 0.000000 1.000000 0.000000
vn 0.000000 1.000000 0.000000
vn -0.308592 0.000000 -0.951195
vn -0.308592 0.000000 -0.951195
vn -0.308584 0.000000 -0.951197
vn -0.308584 0.000000 -0.951197
vn 0.000000 -1.000000 0.000000
vn 0.000000 -1.000000 0.000000
vn 0.000000 -1.000000 0.000000
vn 0.000000 -1.000000 0.000000
vn -0.951204 0.000000 0.308563
vn -0.951204 0.000000 0.308563
vn -0.951204 0.000000 0.308563
vn -0.951204 0.000000 0.308563
vn -0.308596 0.000000 -0.951193
vn -0.308598 0.000000 -0.951193
vn -0.308598 0.000000 -0.951193
vn -0.308596 0.000000 -0.951193
vn -0.308584 0.000000 -0.951197
vn -0.308592 0.000000 -0.951195
vn -0.308592 0.000000 -0.951195
vn -0.308584 0.000000 -0.951197
vn 0.951192 0.000000 -0.308599
vn 0.951192 0.000000 -0.308599
vn 0.951192 0.000000 -0.308599
vn 0.951192 0.000000 -0.308599
vn 0.308594 0.000000 0.951194
vn 0.308594 0.000000 0.951194
vn 0.308594 0.000000 0.951194
vn 0.308594 0.000000 0.951194
vn 0.308586 0.000000 0.951196
vn 0.308586 0.000000 0.951196
vn 0.308586 0.000000 0.951196
vn 0.308586 0.000000 0.951196
vn 0.178379 0.000000 0.983962
vn 0.246913 0.000000 0.969038
vn 0.246913 0.000000 0.969038
vn 0.178379 0.000000 0.983962
vn 0.308587 0.000000 0.951196
vn 0.308587 0.000000 0.951196
vn 0.308587 0.000000 0.951196
vn 0.308587 0.000000 0.951196
vn -0.951204 0.000000 0.308563
vn -0.951204 0.000000 0.308563
vn -0.308598 0.000000 -0.951193
vn -0.308596 0.000000 -0.951193
vn -0.308584 0.000000 -0.951197
vn -0.308592 0.000000 -0.951195
vn 0.951192 0.000000 -0.308599
vn 0.951192 0.000000 -0.308599
vn 0.308594 0.000000 0.951194
vn 0.308594 0.000000 0.951194
vn 0.308598 0.000000 0.951193
vn 0.308598 0.000000 0.951193
vn 0.308598 0.000000 0.951192
vn 0.308598 0.000000 0.951192
vn 0.308589 0.000000 0.951195
vn 0.308597 0.000000 0.951193
vn 0.308597 0.000000 0.951193
vn 0.308589 0.000000 0.951195
vn 0.308586 0.000000 0.951196
vn 0.308586 0.000000 0.951196
vn 0.000000 1.000000 0.000001
vn 0.000000 1.000000 0.000001
vn 0.000000 1.000000 0.000001
vn 0.000000 1.000000 0.000001
vn 0.951159 0.000000 -0.308702
vn 0.951159 0.000000 -0.308702
vn 0.951159 0.000000 -0.308702
vn 0.951159 0.000000 -0.308702
vn 0.000000 1.000000 -0.000000
vn 0.000000 1.000000 -0.000000
vn 0.000000 1.000000 -0.000000
vn 0.000000 1.000000 -0.000000
vn -0.951156 0.000000 0.308709
vn -0.951156 0.000000 0.308709
vn -0.951156 0.000000 0.308709
vn -0.951156 0.000000 0.308709
vn -0.951157 0.000000 0.308709
vn -0.951157 0.000000 0.308709
vn -0.951157 0.000000 0.308709
vn -0.951157 0.000000 0.308709
vn 0.000000 -1.000000 -0.000000
vn 0.000000 -1.000000 -0.000000
vn 0.000000 -1.000000 -0.000000
vn 0.000000 -1.000000 -0.000000
vn 0.000000 -1.000000 0.000000
vn 0.000000 -1.000000 0.000000
vn 0.000000 -1.000000 0.000000
vn 0.000000 -1.000000 0.000000
vn 0.951159 0.000000 -0.308702
vn 0.951159 0.000000 -0.308702
vn 0.951159 0.000000 -0.308702
vn 0.951159 0.000000 -0.308702
vn -0.951157 0.000000 0.308709
vn -0.951157 0.000000 0.308709
vn -0.951157 0.000000 0.308709
vn -0.951157 0.000000 0.308709
vn 0.951159 0.000000 -0.308702
vn 0.951159 0.000000 -0.308702
vn 0.951159 0.000000 -0.308702
vn 0.951159 0.000000 -0.308702
vn -0.951156 0.000000 0.308709
vn -0.951156 0.000000 0.308709
vn -0.951156 0.000000 0.308709
vn -0.951156 0.000000 0.308709
vn 0.951159 0.000000 -0.308701
vn 0.951159 0.000000 -0.308701
vn 0.951159 0.000000 -0.308701
vn 0.951159 0.000000 -0.308701
vn 0.000000 1.000000 -0.000000
vn 0.000000 1.000000 -0.000000
vn 0.000000 1.000000 -0.000000
vn 0.000000 1.000000 -0.000000
vn -0.951175 0.000000 0.308654
vn -0.951175 0.000000 0.308654
vn -0.951175 0.000000 0.308654
vn -0.951175 0.000000 0.308654
vn 0.951256 0.000000 -0.308401
vn 0.951256 0.000000 -0.308401
vn 0.951256 0.000000 -0.308401
vn 0.951256 0.000000 -0.308401
vn -0.951174 0.000000 0.308654
vn -0.951174 0.000000 0.308654
vn -0.951174 0.000000 0.308654
vn -0.951174 0.000000 0.308654
vn 0.000000 -1.000000 -0.000002
vn 0.000000 -1.000000 -0.000002
vn 0.000000 -1.000000 -0.000004
vn 0.000000 -1.000000 -0.000004
vn 0.951256 0.000000 -0.308402
vn 0.951256 0.000000 -0.308402
vn 0.951256 0.000000 -0.308402
vn 0.951256 0.000000 -0.308402
vn -0.951175 0.000000 0.308654
vn -0.951175 0.000000 0.308654
vn -0.951175 0.000000 0.308654
vn -0.951175 0.000000 0.308654
vn 0.951256 0.000000 -0.308402
vn 0.951256 0.000000 -0.308402
vn 0.951256 0.000000 -0.308402
vn 0.951256 0.000000 -0.308402
vn 0.000000 1.000000 -0.000001
vn 0.000000 1.000000 -0.000001
vn 0.000000 1.000000 -0.000001
vn 0.000000 1.000000 -0.000001
vn -0.951226 0.000000 0.308495
vn -0.951226 0.000000 0.308495
vn -0.951226 0.000000 0.308495
vn -0.951226 0.000000 0.308495
vn 0.000000 -1.000000 0.000002
vn 0.000000 -1.000000 0.000002
vn 0.000000 -1.000000 0.000004
vn 0.000000 -1.000000 0.000004
vn 0.951165 0.000000 -0.308682
vn 0.951165 0.000000 -0.308682
vn 0.951165 0.000000 -0.308682
vn 0.951165 0.000000 -0.308682
vn 0.308593 0.000000 0.951194
vn 0.308593 0.000000 0.951194
vn 0.000000 1.000000 -0.000001
vn 0.000000 1.000000 -0.000001
vn 0.000000 1.000000 -0.000001
vn 0.000000 1.000000 -0.000001
vn 0.000000 1.000000 0.000000
vn 0.000000 1.000000 0.000000
vn 0.000000 1.000000 0.000000
vn 0.000000 1.000000 0.000000
vn 0.308598 0.000000 0.951192
vn 0.308598 0.000000 0.951192
vn 0.308593 0.000000 0.951194
vn 0.308593 0.000000 0.951194
vn 0.308598 0.000000 0.951192
vn 0.308598 0.000000 0.951192
vn 0.308593 0.000000 0.951194
vn 0.308593 0.000000 0.951194
vn 0.000000 1.000000 0.000001
vn 0.000000 1.000000 0.000001
vn 0.000000 1.000000 0.000002
vn 0.000000 1.000000 0.000002
vn 0.369347 0.000000 0.929292
vn 0.369347 0.000000 0.929292
vn 0.434698 0.000000 0.900576
vn 0.434698 0.000000 0.900576
vn 0.000000 -1.000000 -0.000001
vn 0.000000 -1.000000 -0.000001
vn 0.000000 -1.000000 -0.000001
vn 0.000000 -1.000000 -0.000001
vn 0.000000 -1.000000 0.000001
vn 0.000000 -1.000000 0.000001
vn 0.000000 -1.000000 0.000001
vn 0.000000 -1.000000 0.000001
vn 0.000000 -1.000000 -0.000000
vn 0.000000 -1.000000 -0.000000
vn 0.000000 -1.000000 -0.000000
vn 0.000000 -1.000000 -0.000000
vn 0.308593 0.000000 0.951194
vn 0.308593 0.000000 0.951194
vn 0.000000 1.000000 0.000000
vn 0.000000 1.000000 0.000000
vn -0.308601 0.000000 -0.951192
vn -0.308601 0.000000 -0.951192
vn -0.308601 0.000000 -0.951192
vn -0.308601 0.000000 -0.951192
vn -0.308601 0.000000 -0.951192
vn 0.000000 -1.000000 0.000000
vn 0.000000 -1.000000 0.000000
vn 0.308595 0.000000 0.951194
vn 0.308595 0.000000 0.951194
vn 0.308595 0.000000 0.951194
vn 0.308595 0.000000 0.951194
vn 0.000000 -1.000000 -0.000000
vn 0.000000 -1.000000 -0.000000
vn 0.000000 -1.000000 -0.000000
vn 0.000000 -1.000000 -0.000000
vn 0.000000 -1.000000 -0.000000
vn 0.000000 -1.000000 -0.000000
vn 0.000000 1.000000 -0.000001
vn 0.000000 1.000000 -0.000001
vn 0.000000 1.000000 -0.000001
vn 0.000000 1.000000 -0.000001
vn 0.000000 1.000000 -0.000001
vn 0.000000 1.000000 -0.000001
vn 0.308593 0.000001 0.951194
vn 0.308593 0.000001 0.951194
vn 0.308593 0.000001 0.951194
vn 0.308593 0.000001 0.951194
vn 0.308549 0.000000 0.951208
vn 0.308549 0.000000 0.951208
vn 0.308549 0.000000 0.951208
vn 0.308549 0.000000 0.951208
vn 0.308594 -0.000003 0.951194
vn 0.308594 -0.000003 0.951194
vn 0.308594 -0.000003 0.951194
vn 0.308594 -0.000003 0.951194
vn 0.308570 0.000000 0.951202
vn 0.308570 0.000000 0.951202
vn 0.308570 0.000000 0.951202
vn 0.308570 0.000000 0.951202
vn 0.163772 -0.847560 0.504799
vn 0.163772 -0.847559 0.504799
vn 0.163772 -0.847560 0.504799
vn 0.163772 -0.847560 0.504799
vn 0.945792 0.000000 0.324773
vn 0.945792 0.000000 0.324773
vn 0.945792 0.000000 0.324773
vn 0.945792 0.000000 0.324773
vn 0.163773 0.847558 0.504801
vn 0.163773 0.847558 0.504801
vn 0.163773 0.847558 0.504801
vn 0.163773 0.847558 0.504801
vn -0.574975 0.000000 0.818171
vn -0.574975 0.000000 0.818171
vn -0.574975 0.000000 0.818171
vn -0.574975 0.000000 0.818171
vn 0.308652 0.000000 0.951175
vn 0.308652 0.000000 0.951175
vn 0.308652 0.000000 0.951175
vn 0.308652 0.000000 0.951175
vn 0.308595 0.000002 0.951194
vn 0.308595 0.000002 0.951194
vn 0.308595 0.000002 0.951194
vn 0.308594 0.000002 0.951194
vn 0.308606 0.000000 0.951190
vn 0.308606 0.000000 0.951190
vn 0.308606 0.000000 0.951190
vn 0.308606 0.000000 0.951190
vn 0.308595 -0.000004 0.951194
vn 0.308595 -0.000004 0.951194
vn 0.308595 -0.000004 0.951194
vn 0.308595 -0.000004 0.951194
vn 0.828992 0.000000 0.559261
vn 0.828992 0.000000 0.559261
vn 0.828992 0.000000 0.559261
vn 0.828992 0.000000 0.559261
vn 0.274953 0.453995 0.847520
vn 0.274953 0.453995 0.847520
vn 0.274953 0.453995 0.847520
vn 0.274953 0.453995 0.847520
vn -0.342776 0.000000 0.939417
vn -0.342776 0.000000 0.939417
vn -0.342776 0.000000 0.939417
vn -0.342776 0.000000 0.939417
vn 0.274952 -0.453998 0.847518
vn 0.274952 -0.453998 0.847518
vn 0.274952 -0.453998 0.847518
vn 0.274952 -0.453998 0.847518
vn -0.951200 0.000000 0.308577
vn -0.951200 0.000000 0.308577
vn -0.951200 0.000000 0.308577
vn -0.951200 0.000000 0.308577
vn -0.951200 0.000000 0.308577
vn -0.951200 0.000000 0.308577
vn -0.951200 0.000000 0.308577
vn -0.951200 0.000000 0.308577
vn -0.951200 0.000000 0.308577
vn -0.951200 0.000000 0.308577
vn 0.000000 -1.000000 0.000000
vn 0.000000 -1.000000 -0.000000
vn 0.000000 -1.000000 -0.000000
vn 0.000000 -1.000000 0.000000
vn 0.000000 -1.000000 -0.000000
vn 0.000000 -1.000000 -0.000000
vn 0.000000 -1.000000 0.000000
vn 0.000000 -1.000000 0.000000
vn 0.000000 -1.000000 0.000000
vn 0.000000 -1.000000 0.000000
vn 0.951179 0.000000 -0.308639
vn 0.951179 0.000000 -0.308639
vn 0.951179 0.000000 -0.308639
vn 0.951179 0.000000 -0.308639
vn 0.951179 0.000000 -0.308639
vn 0.951179 0.000000 -0.308639
vn 0.951179 0.000000 -0.308639
vn 0.951179 0.000000 -0.308639
vn 0.951179 0.000000 -0.308639
vn 0.951179 0.000000 -0.308639
vn 0.000000 1.000000 0.000000
vn 0.000000 1.000000 0.000000
vn 0.000000 1.000000 0.000000
vn 0.000000 1.000000 0.000000
vn 0.000000 1.000000 0.000000
vn 0.000000 1.000000 0.000000
vn 0.000000 1.000000 0.000000
vn 0.000000 1.000000 0.000000
vn 0.000000 1.000000 0.000000
vn 0.000000 1.000000 0.000000
vn -0.951192 0.000000 0.308600
vn -0.951192 0.000000 0.308600
vn -0.951192 0.000000 0.308600
vn -0.951192 0.000000 0.308600
vn -0.951192 0.000000 0.308600
vn -0.951192 0.000000 0.308600
vn -0.951192 0.000000 0.308600
vn -0.951192 0.000000 0.308600
vn -0.951192 0.000000 0.308600
vn -0.951192 0.000000 0.308600
vn 0.000000 -1.000000 0.000000
vn 0.000000 -1.000000 0.000000
vn 0.000000 -1.000000 -0.000000
vn 0.000000 -1.000000 0.000000
vn 0.000000 -1.000000 0.000000
vn 0.000000 -1.000000 -0.000000
vn 0.000000 -1.000000 0.000000
vn 0.000000 -1.000000 0.000000
vn 0.000000 -1.000000 0.000000
vn 0.000000 -1.000000 0.000000
vn 0.951200 0.000000 -0.308576
vn 0.951200 0.000000 -0.308576
vn 0.951200 0.000000 -0.308576
vn 0.951200 0.000000 -0.308576
vn 0.951200 0.000000 -0.308576
vn 0.951200 0.000000 -0.308576
vn 0.951200 0.000000 -0.308576
vn 0.951200 0.000000 -0.308576
vn 0.951200 0.000000 -0.308576
vn 0.951200 0.000000 -0.308576
vn 0.000000 1.000000 0.000000
vn 0.000000 1.000000 -0.000000
vn 0.000000 1.000000 -0.000000
vn 0.000000 1.000000 0.000000
vn 0.000000 1.000000 -0.000000
vn 0.000000 1.000000 -0.000000
vn 0.000000 1.000000 0.000000
vn 0.000000 1.000000 -0.000000
vn 0.000000 1.000000 0.000000
vn 0.000000 1.000000 0.000000
vn -0.308626 0.000000 -0.951184
vn -0.308626 0.000000 -0.951184
vn -0.308626 0.000000 -0.951184
vn -0.308626 0.000000 -0.951184
vn 0.308626 0.000000 0.951183
vn 0.308626 0.000000 0.951183
vn 0.308626 0.000000 0.951183
vn 0.308626 0.000000 0.951183
vn -0.308626 0.000000 -0.951183
vn -0.308626 0.000000 -0.951183
vn -0.308626 0.000000 -0.951183
vn -0.308626 0.000000 -0.951183
vn 0.308625 0.000000 0.951184
vn 0.308625 0.000000 0.951184
vn 0.308625 0.000000 0.951184
vn 0.308625 0.000000 0.951184
vn -0.308625 0.000000 -0.951184
vn -0.308625 0.000000 -0.951184
vn -0.308625 0.000000 -0.951184
vn -0.308625 0.000000 -0.951184
vn 0.308626 0.000000 0.951183
vn 0.308626 0.000000 0.951183
vn 0.308626 0.000000 0.951183
vn 0.308626 0.000000 0.951183
vn -0.308626 0.000000 -0.951183
vn -0.308626 0.000000 -0.951183
vn -0.308626 0.000000 -0.951183
vn -0.308626 0.000000 -0.951183
vn 0.308625 0.000000 0.951184
vn 0.308625 0.000000 0.951184
vn 0.308625 0.000000 0.951184
vn 0.308625 0.000000 0.951184
vn -0.308595 -0.001654 -0.951192
vn -0.308595 -0.001654 -0.951192
vn -0.308595 -0.001654 -0.951192
vn -0.308595 -0.001654 -0.951192
vn 0.308601 0.002206 0.951189
vn 0.308601 0.002206 0.951189
vn 0.308601 0.002206 0.951189
vn 0.308601 0.002206 0.951189
vn 0.308581 0.001978 0.951196
vn 0.308581 0.001978 0.951196
vn 0.308581 0.001978 0.951196
vn 0.308581 0.001978 0.951196
vn -0.308583 0.000808 -0.951197
vn -0.308583 0.000808 -0.951197
vn -0.308583 0.000808 -0.951197
vn -0.308583 0.000808 -0.951197
vn 0.308590 -0.000971 0.951195
vn 0.308590 -0.000971 0.951195
vn 0.308590 -0.000971 0.951195
vn 0.308590 -0.000971 0.951195
vn -0.308595 0.002095 -0.951191
vn -0.308595 0.002095 -0.951191
vn -0.308595 0.002095 -0.951191
vn -0.308595 0.002095 -0.951191
vn 0.308600 -0.000442 0.951192
vn 0.308600 -0.000442 0.951192
vn 0.308600 -0.000442 0.951192
vn 0.308600 -0.000442 0.951192
vn -0.308587 0.002046 -0.951194
vn -0.308587 0.002046 -0.951194
vn -0.308587 0.002046 -0.951194
vn -0.308587 0.002046 -0.951194
vn 0.308566 0.000000 0.951203
vn 0.308566 0.000000 0.951203
vn 0.308566 0.000000 0.951203
vn 0.308566 0.000000 0.951203
vn -0.308600 0.000000 -0.951192
vn -0.308600 0.000000 -0.951192
vn -0.308600 0.000000 -0.951192
vn -0.308600 0.000000 -0.951192
vn 0.308567 0.000000 0.951203
vn 0.308567 0.000000 0.951203
vn 0.308567 0.000000 0.951203
vn 0.308567 0.000000 0.951203
vn -0.308600 0.000000 -0.951192
vn -0.308600 0.000000 -0.951192
vn -0.308600 0.000000 -0.951192
vn -0.308600 0.000000 -0.951192
vn 0.308566 0.000000 0.951203
vn 0.308566 0.000000 0.951203
vn 0.308566 0.000000 0.951203
vn 0.308566 0.000000 0.951203
vn -0.308600 0.000000 -0.951192
vn -0.308600 0.000000 -0.951192
vn -0.308600 0.000000 -0.951192
vn -0.308600 0.000000 -0.951192
vn 0.308567 0.000000 0.951203
vn 0.308567 0.000000 0.951203
vn 0.308567 0.000000 0.951203
vn 0.308567 0.000000 0.951203
vn -0.308600 0.000000 -0.951192
vn -0.308600 0.000000 -0.951192
vn -0.308600 0.000000 -0.951192
vn -0.308600 0.000000 -0.951192
vn -0.308589 -0.000022 -0.951196
vn -0.308589 -0.000022 -0.951196
vn -0.308589 -0.000022 -0.951196
vn -0.308589 -0.000022 -0.951196
vn 0.308596 0.000005 0.951193
vn 0.308596 0.000005 0.951193
vn 0.308596 0.000005 0.951193
vn 0.308596 0.000005 0.951193
vn -0.308596 -0.000024 -0.951193
vn -0.308596 -0.000024 -0.951193
vn -0.308596 -0.000024 -0.951193
vn -0.308596 -0.000024 -0.951193
vn 0.308592 0.000011 0.951195
vn 0.308592 0.000011 0.951194
vn 0.308592 0.000011 0.951195
vn 0.308592 0.000011 0.951194
vn -0.308595 -0.000011 -0.951194
vn -0.308595 -0.000011 -0.951194
vn -0.308595 -0.000011 -0.951194
vn -0.308595 -0.000011 -0.951194
vn 0.308595 -0.000019 0.951193
vn 0.308595 -0.000019 0.951193
vn 0.308595 -0.000019 0.951193
vn 0.308595 -0.000019 0.951193
vn 0.308594 -0.000023 0.951194
vn 0.308594 -0.000023 0.951194
vn 0.308594 -0.000023 0.951194
vn 0.308594 -0.000023 0.951194
vn -0.308592 0.000016 -0.951194
vn -0.308592 0.000016 -0.951194
vn -0.308592 0.000016 -0.951195
vn -0.308592 0.000016 -0.951195
vn 0.308592 0.000000 0.951194
vn 0.308592 0.000000 0.951194
vn 0.308592 0.000000 0.951194
vn 0.308592 0.000000 0.951194
vn 0.000000 1.000000 0.000000
vn 0.000000 1.000000 0.000000
vn 0.000000 1.000000 0.000000
vn 0.000000 1.000000 0.000000
vn -0.308595 0.000000 -0.951194
vn -0.308595 0.000000 -0.951194
vn -0.308595 0.000000 -0.951194
vn -0.308595 0.000000 -0.951194
vn 0.000000 -1.000000 0.000000
vn 0.000000 -1.000000 0.000000
vn 0.000000 -1.000000 0.000000
vn 0.000000 -1.000000 0.000000
vn 0.951197 0.000000 -0.308584
vn 0.951197 0.000000 -0.308584
vn 0.951197 0.000000 -0.308584
vn 0.951197 0.000000 -0.308584
vn -0.951197 0.000000 0.308585
vn -0.951197 0.000000 0.308585
vn -0.951197 0.000000 0.308585
vn -0.951197 0.000000 0.308585
vn 0.308592 0.000000 0.951195
vn 0.308592 0.000000 0.951195
vn 0.308592 0.000000 0.951195
vn 0.308592 0.000000 0.951195
vn 0.000000 1.000000 0.000000
vn 0.000000 1.000000 0.000000
vn 0.000000 1.000000 0.000000
vn 0.000000 1.000000 0.000000
vn -0.308597 0.000000 -0.951193
vn -0.308597 0.000000 -0.951193
vn -0.308597 0.000000 -0.951193
vn -0.308597 0.000000 -0.951193
vn 0.000000 -1.000000 -0.000000
vn 0.000000 -1.000000 -0.000000
vn 0.000000 -1.000000 -0.000000
vn 0.000000 -1.000000 -0.000000
vn 0.951139 0.000000 -0.308764
vn 0.951139 0.000000 -0.308764
vn 0.951139 0.000000 -0.308764
vn 0.951139 0.000000 -0.308764
vn -0.951134 0.000000 0.308779
vn -0.951134 0.000000 0.308779
vn -0.951134 0.000000 0.308779
vn -0.951134 0.000000 0.308779
vn 0.308580 0.000000 0.951198
vn 0.308580 0.000000 0.951198
vn 0.308580 0.000000 0.951198
vn 0.308580 0.000000 0.951198
vn 0.000000 1.000000 -0.000000
vn 0.000000 1.000000 -0.000000
vn 0.000000 1.000000 -0.000000
vn 0.000000 1.000000 -0.000000
vn -0.308576 0.000000 -0.951200
vn -0.308576 0.000000 -0.951200
vn -0.308576 0.000000 -0.951200
vn -0.308576 0.000000 -0.951200
vn 0.000000 -1.000000 0.000000
vn 0.000000 -1.000000 0.000000
vn 0.000000 -1.000000 0.000000
vn 0.000000 -1.000000 0.000000
vn 0.951198 0.000000 -0.308581
vn 0.951198 0.000000 -0.308581
vn 0.951198 0.000000 -0.308581
vn 0.951198 0.000000 -0.308581
vn -0.951178 0.000000 0.308643
vn -0.951178 0.000000 0.308643
vn -0.951178 0.000000 0.308643
vn -0.951178 0.000000 0.308643
vn 0.308616 0.000000 0.951187
vn 0.308616 0.000000 0.951187
vn 0.308616 0.000000 0.951187
vn 0.308616 0.000000 0.951187
vn 0.000000 1.000000 0.000000
vn 0.000000 1.000000 0.000000
vn 0.000000 1.000000 0.000000
vn 0.000000 1.000000 0.000000
vn -0.308599 0.000000 -0.951192
vn -0.308599 0.000000 -0.951192
vn -0.308599 0.000000 -0.951192
vn -0.308599 0.000000 -0.951192
vn 0.000000 -1.000000 0.000000
vn 0.000000 -1.000000 0.000000
vn 0.000000 -1.000000 0.000000
vn 0.000000 -1.000000 0.000000
vn 0.951198 0.000000 -0.308581
vn 0.951198 0.000000 -0.308581
vn 0.951198 0.000000 -0.308581
vn 0.951198 0.000000 -0.308581
vn -0.951179 0.000000 0.308639
vn -0.951179 0.000000 0.308639
vn -0.951179 0.000000 0.308639
vn -0.951179 0.000000 0.308639
vn 0.308587 0.000000 0.951196
vn 0.308587 0.000000 0.951196
vn 0.308587 0.000000 0.951196
vn 0.308587 0.000000 0.951196
vn 0.000000 1.000000 -0.000000
vn 0.000000 1.000000 -0.000000
vn 0.000000 1.000000 -0.000000
vn 0.000000 1.000000 -0.000000
vn -0.308616 0.000000 -0.951187
vn -0.308616 0.000000 -0.951187
vn -0.308616 0.000000 -0.951187
vn -0.308616 0.000000 -0.951187
vn 0.000000 -1.000000 0.000000
vn 0.000000 -1.000000 0.000000
vn 0.000000 -1.000000 0.000000
vn 0.000000 -1.000000 0.000000
vn 0.951182 0.000000 -0.308632
vn 0.951182 0.000000 -0.308632
vn 0.951182 0.000000 -0.308632
vn 0.951182 0.000000 -0.308632
vn -0.951199 0.000000 0.308579
vn -0.951199 0.000000 0.308579
vn -0.951199 0.000000 0.308579
vn -0.951199 0.000000 0.308579
vn 0.308590 0.000000 0.951195
vn 0.308590 0.000000 0.951195
vn 0.308590 0.000000 0.951195
vn 0.308590 0.000000 0.951195
vn 0.000000 1.000000 0.000000
vn 0.000000 1.000000 0.000000
vn 0.000000 1.000000 0.000000
vn 0.000000 1.000000 0.000000
vn -0.308579 0.000000 -0.951199
vn -0.308579 0.000000 -0.951199
vn -0.308579 0.000000 -0.951199
vn -0.308579 0.000000 -0.951199
vn 0.000000 -1.000000 0.000000
vn 0.000000 -1.000000 0.000000
vn 0.000000 -1.000000 0.000000
vn 0.000000 -1.000000 0.000000
vn 0.951198 0.000000 -0.308582
vn 0.951198 0.000000 -0.308582
vn 0.951198 0.000000 -0.308582
vn 0.951198 0.000000 -0.308582
vn -0.951179 0.000000 0.308641
vn -0.951179 0.000000 0.308641
vn -0.951179 0.000000 0.308641
vn -0.951179 0.000000 0.308641
vn 0.352303 0.000000 0.935886
vn 0.352303 0.000000 0.935886
vn 0.352303 0.000000 0.935886
vn 0.352303 0.000000 0.935886
vn 0.000000 1.000000 0.000001
vn 0.000000 1.000000 0.000001
vn 0.000000 1.000000 0.000001
vn 0.000000 1.000000 0.000001
vn -0.352303 0.000000 -0.935886
vn -0.352303 0.000000 -0.935886
vn -0.352303 0.000000 -0.935886
vn -0.352303 0.000000 -0.935886
vn 0.000000 -1.000000 0.000000
vn 0.000000 -1.000000 0.000000
vn 0.000000 -1.000000 0.000000
vn 0.000000 -1.000000 0.000000
vn 0.935881 0.000000 -0.352317
vn 0.935881 0.000000 -0.352317
vn 0.935881 0.000000 -0.352317
vn 0.935881 0.000000 -0.352317
vn -0.935881 0.000000 0.352317
vn -0.935881 0.000000 0.352317
vn -0.935881 0.000000 0.352317
vn -0.935881 0.000000 0.352317
vn 0.935887 0.000000 -0.352301
vn 0.935887 0.000000 -0.352301
vn 0.935887 0.000000 -0.352301
vn 0.935887 0.000000 -0.352301
vn 0.000000 1.000000 0.000000
vn 0.000000 1.000000 0.000000
vn 0.000000 1.000000 0.000000
vn 0.000000 1.000000 0.000000
vn -0.935887 0.000000 0.352301
vn -0.935887 0.000000 0.352301
vn -0.935887 0.000000 0.352301
vn -0.935887 0.000000 0.352301
vn 0.000000 -1.000000 0.000000
vn 0.000000 -1.000000 0.000000
vn 0.000000 -1.000000 0.000000
vn 0.000000 -1.000000 0.000000
vn -0.352352 0.000000 -0.935867
vn -0.352352 0.000000 -0.935867
vn -0.352352 0.000000 -0.935867
vn -0.352352 0.000000 -0.935867
vn 0.352351 0.000000 0.935868
vn 0.352351 0.000000 0.935868
vn 0.352351 0.000000 0.935868
vn 0.352351 0.000000 0.935868
vn 0.352303 0.000000 0.935886
vn 0.352303 0.000000 0.935886
vn 0.352303 0.000000 0.935886
vn 0.352303 0.000000 0.935886
vn 0.000000 1.000000 0.000001
vn 0.000000 1.000000 0.000001
vn 0.000000 1.000000 0.000001
vn 0.000000 1.000000 0.000001
vn -0.352303 0.000000 -0.935886
vn -0.352303 0.000000 -0.935886
vn -0.352303 0.000000 -0.935886
vn -0.352303 0.000000 -0.935886
vn 0.000000 -1.000000 0.000000
vn 0.000000 -1.000000 0.000000
vn 0.000000 -1.000000 0.000000
vn 0.000000 -1.000000 0.000000
vn 0.935874 0.000000 -0.352335
vn 0.935874 0.000000 -0.352335
vn 0.935874 0.000000 -0.352335
vn 0.935874 0.000000 -0.352335
vn -0.935874 0.000000 0.352334
vn -0.935874 0.000000 0.352334
vn -0.935874 0.000000 0.352334
vn -0.935874 0.000000 0.352334
vn 0.935887 0.000000 -0.352301
vn 0.935887 0.000000 -0.352301
vn 0.935887 0.000000 -0.352301
vn 0.935887 0.000000 -0.352301
vn 0.000000 1.000000 0.000000
vn 0.000000 1.000000 0.000000
vn 0.000000 1.000000 0.000000
vn 0.000000 1.000000 0.000000
vn -0.935887 0.000000 0.352301
vn -0.935887 0.000000 0.352301
vn -0.935887 0.000000 0.352301
vn -0.935887 0.000000 0.352301
vn 0.000000 -1.000000 0.000000
vn 0.000000 -1.000000 0.000000
vn 0.000000 -1.000000 0.000000
vn 0.000000 -1.000000 0.000000
vn -0.352306 0.000000 -0.935885
vn -0.352306 0.000000 -0.935885
vn -0.352306 0.000000 -0.935885
vn -0.352306 0.000000 -0.935885
vn 0.352305 0.000000 0.935885
vn 0.352305 0.000000 0.935885
vn 0.352305 0.000000 0.935885
vn 0.352305 0.000000 0.935885
vn 0.352285 0.000000 0.935893
vn 0.352295 0.000000 0.935889
vn 0.352295 0.000000 0.935889
vn 0.352285 0.000000 0.935893
vn 0.000000 1.000000 0.000000
vn 0.000000 1.000000 0.000000
vn 0.000000 1.000000 0.000000
vn 0.000000 1.000000 0.000000
vn -0.352285 0.000000 -0.935893
vn -0.352295 0.000000 -0.935889
vn -0.352295 0.000000 -0.935889
vn -0.352285 0.000000 -0.935893
vn 0.000000 -1.000000 0.000000
vn 0.000000 -1.000000 0.000000
vn 0.000000 -1.000000 0.000000
vn 0.000000 -1.000000 0.000000
vn 0.935889 0.000048 -0.352296
vn 0.935889 0.000048 -0.352296
vn 0.935889 0.000048 -0.352296
vn 0.935889 0.000048 -0.352296
vn 0.935889 0.000048 -0.352296
vn 0.935889 0.000048 -0.352296
vn -0.935889 -0.000052 0.352296
vn -0.935889 -0.000052 0.352296
vn -0.935889 -0.000052 0.352296
vn -0.935889 -0.000052 0.352296
vn -0.935889 -0.000052 0.352296
vn -0.935889 -0.000052 0.352296
vn 0.000000 1.000000 0.000000
vn 0.000000 1.000000 0.000000
vn 0.000000 1.000000 0.000000
vn 0.000000 1.000000 0.000000
vn 0.000000 1.000000 0.000000
vn 0.000000 1.000000 0.000000
vn 0.000000 1.000000 0.000000
vn 0.000000 1.000000 0.000000
vn 0.352298 0.000000 0.935888
vn 0.352298 0.000000 0.935888
vn 0.000000 1.000000 0.000000
vn 0.000000 1.000000 0.000000
vn 0.000000 1.000000 -0.000000
vn 0.000000 1.000000 -0.000000
vn 0.000000 1.000000 0.000000
vn 0.000000 1.000000 0.000000
vn -0.352298 0.000000 -0.935888
vn -0.352298 0.000000 -0.935888
vn 0.000000 -1.000000 0.000000
vn 0.000000 -1.000000 0.000000
vn 0.352299 0.000000 0.935887
vn 0.352299 0.000000 0.935887
vn 0.000000 1.000000 0.000000
vn 0.000000 1.000000 0.000000
vn 0.000000 1.000000 0.000000
vn 0.000000 1.000000 0.000000
vn 0.000000 1.000000 -0.000000
vn 0.000000 1.000000 -0.000000
vn 0.000000 1.000000 0.000000
vn 0.000000 1.000000 0.000000
vn 0.000000 1.000000 0.000000
vn 0.000000 1.000000 0.000000
vn -0.352299 0.000000 -0.935887
vn -0.352299 0.000000 -0.935887
vn 0.000000 -1.000000 0.000000
vn 0.000000 -1.000000 0.000000
vn 0.000000 1.000000 -0.000002
vn 0.000000 1.000000 -0.000002
vn 0.000000 1.000000 -0.000002
vn 0.000000 1.000000 -0.000002
vn 0.000000 1.000000 -0.000000
vn 0.000000 1.000000 -0.000000
vn 0.000000 1.000000 -0.000000
vn 0.000000 1.000000 -0.000000
vn 0.000000 1.000000 0.000002
vn 0.000000 1.000000 0.000002
vn 0.000000 1.000000 0.000002
vn 0.000000 1.000000 0.000002
vn 0.000000 1.000000 0.000000
vn 0.000000 1.000000 0.000000
vn 0.000000 1.000000 0.000000
vn 0.000000 1.000000 0.000000
vn 0.000000 1.000000 -0.000002
vn 0.000000 1.000000 -0.000002
vn 0.000000 1.000000 -0.000002
vn 0.000000 1.000000 -0.000002
vn 0.000000 1.000000 -0.000000
vn 0.000000 1.000000 -0.000000
vn 0.000000 1.000000 -0.000000
vn 0.000000 1.000000 -0.000000
vn 0.000000 1.000000 0.000002
vn 0.000000 1.000000 0.000002
vn 0.000000 1.000000 0.000002
vn 0.000000 1.000000 0.000002
vn 0.000000 1.000000 0.000000
vn 0.000000 1.000000 0.000000
vn 0.000000 1.000000 0.000000
vn 0.000000 1.000000 0.000000
vn 0.000000 1.000000 0.000000
vn 0.000000 1.000000 0.000000
vn 0.000000 1.000000 0.000000
vn 0.000000 1.000000 0.000000
vn 0.000000 1.000000 -0.000002
vn 0.000000 1.000000 -0.000002
vn 0.000000 1.000000 -0.000002
vn 0.000000 1.000000 -0.000002
vn 0.000000 1.000000 -0.000000
vn 0.000000 1.000000 -0.000000
vn 0.000000 1.000000 -0.000000
vn 0.000000 1.000000 -0.000000
vn 0.000000 1.000000 0.000002
vn 0.000000 1.000000 0.000002
vn 0.000000 1.000000 0.000002
vn 0.000000 1.000000 0.000002
vn 0.000000 1.000000 0.000000
vn 0.000000 1.000000 0.000000
vn 0.000000 1.000000 0.000000
vn 0.000000 1.000000 0.000000
vn 0.000000 1.000000 -0.000002
vn 0.000000 1.000000 -0.000002
vn 0.000000 1.000000 -0.000002
vn 0.000000 1.000000 -0.000002
vn 0.000000 1.000000 -0.000000
vn 0.000000 1.000000 -0.000000
vn 0.000000 1.000000 -0.000000
vn 0.000000 1.000000 -0.000000
vn 0.000000 1.000000 0.000002
vn 0.000000 1.000000 0.000002
vn 0.000000 1.000000 0.000002
vn 0.000000 1.000000 0.000002
vn 0.352319 0.000000 0.935880
vn 0.352319 0.000000 0.935880
vn 0.352319 0.000000 0.935880
vn 0.352319 0.000000 0.935880
vn 0.935885 0.000000 -0.352306
vn 0.935885 0.000000 -0.352306
vn 0.935885 0.000000 -0.352306
vn 0.935885 0.000000 -0.352306
vn -0.352319 0.000000 -0.935880
vn -0.352319 0.000000 -0.935880
vn -0.352319 0.000000 -0.935880
vn -0.352319 0.000000 -0.935880
vn -0.935885 0.000000 0.352306
vn -0.935885 0.000000 0.352306
vn -0.935885 0.000000 0.352306
vn -0.935885 0.000000 0.352306
vn 0.352319 0.000000 0.935880
vn 0.352319 0.000000 0.935880
vn 0.352319 0.000000 0.935880
vn 0.352319 0.000000 0.935880
vn 0.935885 0.000000 -0.352306
vn 0.935885 0.000000 -0.352306
vn 0.935885 0.000000 -0.352306
vn 0.935885 0.000000 -0.352306
vn -0.352319 0.000000 -0.935880
vn -0.352319 0.000000 -0.935880
vn -0.352319 0.000000 -0.935880
vn -0.352319 0.000000 -0.935880
vn -0.935885 0.000000 0.352306
vn -0.935885 0.000000 0.352306
vn -0.935885 0.000000 0.352306
vn -0.935885 0.000000 0.352306
vn -0.935885 0.000000 0.352306
vn -0.935885 0.000000 0.352306
vn -0.935885 0.000000 0.352306
vn -0.935885 0.000000 0.352306
vn 0.352319 0.000000 0.935880
vn 0.352319 0.000000 0.935880
vn 0.352319 0.000000 0.935880
vn 0.352319 0.000000 0.935880
vn 0.935885 0.000000 -0.352306
vn 0.935885 0.000000 -0.352306
vn 0.935885 0.000000 -0.352306
vn 0.935885 0.000000 -0.352306
vn -0.352319 0.000000 -0.935880
vn -0.352319 0.000000 -0.935880
vn -0.352319 0.000000 -0.935880
vn -0.352319 0.000000 -0.935880
vn -0.935883 0.000000 0.352313
vn -0.935883 0.000000 0.352313
vn -0.935883 0.000000 0.352313
vn -0.935883 0.000000 0.352313
vn 0.352319 0.000000 0.935880
vn 0.352319 0.000000 0.935880
vn 0.352319 0.000000 0.935880
vn 0.352319 0.000000 0.935880
vn 0.935883 0.000000 -0.352313
vn 0.935883 0.000000 -0.352313
vn 0.935883 0.000000 -0.352313
vn 0.935883 0.000000 -0.352313
vn -0.352319 0.000000 -0.935880
vn -0.352319 0.000000 -0.935880
vn -0.352319 0.000000 -0.935880
vn -0.352319 0.000000 -0.935880
vn 0.000000 -1.000000 0.000004
vn 0.000000 -1.000000 0.000004
vn 0.000000 -1.000000 0.000004
vn 0.000000 -1.000000 0.000004
vn 0.000000 -1.000000 -0.000001
vn 0.000000 -1.000000 -0.000001
vn 0.000000 -1.000000 -0.000001
vn 0.000000 -1.000000 -0.000001
vn 0.000000 -1.000000 -0.000004
vn 0.000000 -1.000000 -0.000004
vn 0.000000 -1.000000 -0.000004
vn 0.000000 -1.000000 -0.000004
vn 0.000000 -1.000000 0.000001
vn 0.000000 -1.000000 0.000001
vn 0.000000 -1.000000 0.000001
vn 0.000000 -1.000000 0.000001
vn 0.000000 -1.000000 0.000004
vn 0.000000 -1.000000 0.000004
vn 0.000000 -1.000000 0.000004
vn 0.000000 -1.000000 0.000004
vn 0.000000 -1.000000 -0.000001
vn 0.000000 -1.000000 -0.000001
vn 0.000000 -1.000000 -0.000001
vn 0.000000 -1.000000 -0.000001
vn 0.000000 -1.000000 -0.000004
vn 0.000000 -1.000000 -0.000004
vn 0.000000 -1.000000 -0.000004
vn 0.000000 -1.000000 -0.000004
vn 0.000000 -1.000000 0.000001
vn 0.000000 -1.000000 0.000001
vn 0.000000 -1.000000 0.000001
vn 0.000000 -1.000000 0.000001
vn 0.000000 -1.000000 0.000001
vn 0.000000 -1.000000 0.000001
vn 0.000000 -1.000000 0.000001
vn 0.000000 -1.000000 0.000001
vn 0.000000 -1.000000 0.000004
vn 0.000000 -1.000000 0.000004
vn 0.000000 -1.000000 0.000004
vn 0.000000 -1.000000 0.000004
vn 0.000000 -1.000000 -0.000001
vn 0.000000 -1.000000 -0.000001
vn 0.000000 -1.000000 -0.000001
vn 0.000000 -1.000000 -0.000001
vn 0.000000 -1.000000 -0.000004
vn 0.000000 -1.000000 -0.000004
vn 0.000000 -1.000000 -0.000004
vn 0.000000 -1.000000 -0.000004
vn 0.000000 -1.000000 0.000001
vn 0.000000 -1.000000 0.000001
vn 0.000000 -1.000000 0.000001
vn 0.000000 -1.000000 0.000001
vn 0.000000 -1.000000 0.000004
vn 0.000000 -1.000000 0.000004
vn 0.000000 -1.000000 0.000004
vn 0.000000 -1.000000 0.000004
vn 0.000000 -1.000000 -0.000001
vn 0.000000 -1.000000 -0.000001
vn 0.000000 -1.000000 -0.000001
vn 0.000000 -1.000000 -0.000001
vn 0.000000 -1.000000 -0.000004
vn 0.000000 -1.000000 -0.000004
vn 0.000000 -1.000000 -0.000004
vn 0.000000 -1.000000 -0.000004
vn -0.352298 0.000000 -0.935888
vn -0.352298 0.000000 -0.935888
vn -0.352298 0.000000 -0.935888
vn -0.352298 0.000000 -0.935888
vn -0.935887 0.000000 0.352302
vn -0.935887 0.000000 0.352302
vn -0.935887 0.000000 0.352302
vn -0.935887 0.000000 0.352302
vn 0.352298 0.000000 0.935888
vn 0.352298 0.000000 0.935888
vn 0.352298 0.000000 0.935888
vn 0.352298 0.000000 0.935888
vn -0.935884 0.000000 0.352307
vn -0.935884 0.000000 0.352307
vn -0.935884 0.000000 0.352307
vn -0.935884 0.000000 0.352307
vn 0.352313 0.000000 0.935882
vn 0.352313 0.000000 0.935882
vn 0.352313 0.000000 0.935882
vn 0.352313 0.000000 0.935882
vn 0.935884 0.000000 -0.352307
vn 0.935884 0.000000 -0.352307
vn 0.935884 0.000000 -0.352307
vn 0.935884 0.000000 -0.352307
vn 0.935887 0.000000 -0.352302
vn 0.935887 0.000000 -0.352302
vn 0.935887 0.000000 -0.352302
vn 0.935887 0.000000 -0.352302
vn -0.352313 0.000000 -0.935882
vn -0.352313 0.000000 -0.935882
vn -0.352313 0.000000 -0.935882
vn -0.352313 0.000000 -0.935882
vn 0.935887 0.000000 -0.352301
vn 0.935887 0.000000 -0.352301
vn 0.935887 0.000000 -0.352301
vn 0.935887 0.000000 -0.352301
vn 0.000000 1.000000 0.000000
vn 0.000000 1.000000 0.000000
vn 0.000000 1.000000 0.000000
vn 0.000000 1.000000 0.000000
vn -0.935887 0.000000 0.352300
vn -0.935887 0.000000 0.352300
vn -0.935887 0.000000 0.352300
vn -0.935887 0.000000 0.352300
vn 0.000000 -1.000000 0.000000
vn 0.000000 -1.000000 0.000000
vn 0.000000 -1.000000 0.000000
vn 0.000000 -1.000000 0.000000
vn 0.000000 -1.000000 -0.000000
vn 0.000000 -1.000000 -0.000000
vn 0.000000 -1.000000 -0.000000
vn 0.000000 -1.000000 -0.000000
vn -0.935887 0.000000 0.352300
vn -0.935887 0.000000 0.352300
vn -0.935887 0.000000 0.352300
vn -0.935887 0.000000 0.352300
vn 0.000000 1.000000 0.000000
vn 0.000000 1.000000 0.000000
vn 0.000000 1.000000 0.000000
vn 0.000000 1.000000 0.000000
vn 0.935887 0.000000 -0.352300
vn 0.935887 0.000000 -0.352300
vn 0.935887 0.000000 -0.352300
vn 0.935887 0.000000 -0.352300
vn -0.352294 0.000000 -0.935889
vn -0.352294 0.000000 -0.935889
vn -0.352294 0.000000 -0.935889
vn -0.352294 0.000000 -0.935889
vn 0.000000 1.000000 0.000000
vn 0.000000 1.000000 0.000000
vn 0.000000 1.000000 0.000000
vn 0.000000 1.000000 0.000000
vn 0.352294 0.000000 0.935889
vn 0.352294 0.000000 0.935889
vn 0.352294 0.000000 0.935889
vn 0.352294 0.000000 0.935889
vn 0.000000 -1.000000 0.000001
vn 0.000000 -1.000000 0.000001
vn 0.000000 -1.000000 0.000001
vn 0.000000 -1.000000 0.000001
vn -0.352290 0.000000 -0.935891
vn -0.352290 0.000000 -0.935891
vn -0.352290 0.000000 -0.935891
vn -0.352290 0.000000 -0.935891
vn 0.000000 1.000000 0.000000
vn 0.000000 1.000000 0.000000
vn 0.000000 1.000000 0.000000
vn 0.000000 1.000000 0.000000
vn 0.352294 0.000000 0.935889
vn 0.352294 0.000000 0.935889
vn 0.352294 0.000000 0.935889
vn 0.352294 0.000000 0.935889
vn 0.000000 -1.000000 0.000001
vn 0.000000 -1.000000 0.000001
vn 0.000000 -1.000000 0.000001
vn 0.000000 -1.000000 0.000001
vn 0.074712 0.000000 -0.997205
vn 0.074712 0.000000 -0.997205
vn 0.074712 0.000000 -0.997205
vn 0.074712 0.000000 -0.997205
vn -0.074710 0.000000 0.997205
vn -0.074710 0.000000 0.997205
vn -0.074710 0.000000 0.997205
vn -0.074710 0.000000 0.997205
vn -0.074715 0.000000 0.997205
vn -0.074715 0.000000 0.997205
vn -0.074715 0.000000 0.997205
vn -0.074715 0.000000 0.997205
vn 0.074714 0.000000 -0.997205
vn 0.074714 0.000000 -0.997205
vn 0.074714 0.000000 -0.997205
vn 0.074714 0.000000 -0.997205
vn -0.427808 -0.903301 -0.032051
vn -0.427808 -0.903301 -0.032052
vn -0.427808 -0.903301 -0.032052
vn -0.427808 -0.903301 -0.032051
vn 0.997205 0.000000 0.074712
vn 0.997205 0.000000 0.074711
vn 0.997205 0.000000 0.074711
vn 0.997205 0.000000 0.074712
vn 0.427810 0.903301 0.032033
vn 0.427810 0.903301 0.032033
vn 0.427810 0.903301 0.032033
vn 0.427810 0.903301 0.032033
vn -0.427811 0.903300 -0.032052
vn -0.427811 0.903300 -0.032052
vn -0.427811 0.903300 -0.032052
vn -0.427811 0.903300 -0.032052
vn -0.997205 0.000000 -0.074712
vn -0.997205 0.000000 -0.074711
vn -0.997205 0.000000 -0.074711
vn -0.997205 0.000000 -0.074712
vn 0.427812 -0.903299 0.032052
vn 0.427811 -0.903300 0.032052
vn 0.427811 -0.903300 0.032052
vn 0.427812 -0.903299 0.032052
vn 0.997205 0.000000 0.074711
vn 0.997205 0.000000 0.074711
vn 0.427808 0.903301 0.032053
vn 0.427808 0.903301 0.032053
vn 0.427808 0.903301 0.032053
vn 0.427808 0.903301 0.032053
vn -0.997205 0.000000 -0.074711
vn -0.997205 0.000000 -0.074711
vn -0.427808 -0.903301 -0.032053
vn -0.427808 -0.903301 -0.032053
vn 0.427812 -0.903299 0.032053
vn 0.427812 -0.903300 0.032053
vn -0.427811 0.903300 -0.032053
vn -0.427811 0.903300 -0.032053
vn 0.997205 0.000000 0.074710
vn 0.997205 0.000000 0.074710
vn 0.427811 0.903300 0.032053
vn 0.427811 0.903300 0.032053
vn 0.427811 0.903300 0.032053
vn 0.427811 0.903300 0.032053
vn -0.427810 0.903300 -0.032053
vn -0.427810 0.903300 -0.032053
vn -0.997205 0.000000 -0.074710
vn -0.997205 0.000000 -0.074710
vn 0.427811 -0.903300 0.032053
vn 0.427811 -0.903300 0.032053
vn -0.427808 -0.903301 -0.032053
vn -0.427808 -0.903301 -0.032053
vn 0.905122 0.419709 0.067813
vn 0.905122 0.419709 0.067813
vn 0.905122 0.419709 0.067813
vn 0.905122 0.419709 0.067813
vn 0.394340 0.742895 -0.540928
vn 0.394340 0.742895 -0.540928
vn 0.394340 0.742895 -0.540928
vn 0.394340 0.742895 -0.540928
vn -0.138639 0.990289 -0.010388
vn -0.138639 0.990289 -0.010388
vn -0.138639 0.990289 -0.010388
vn -0.138639 0.990289 -0.010388
vn 0.233740 0.609901 0.757223
vn 0.233740 0.609901 0.757223
vn 0.233740 0.609901 0.757223
vn 0.233740 0.609901 0.757223
vn 0.309337 0.742895 0.593647
vn 0.309337 0.742895 0.593647
vn 0.309337 0.742895 0.593647
vn 0.309337 0.742895 0.593647
vn 0.905117 0.419721 0.067812
vn 0.905117 0.419721 0.067812
vn 0.905117 0.419721 0.067812
vn 0.905117 0.419721 0.067812
vn 0.343954 0.609874 -0.713968
vn 0.343954 0.609874 -0.713968
vn 0.343954 0.609874 -0.713968
vn 0.343954 0.609874 -0.713968
vn -0.138632 0.990289 -0.010387
vn -0.138632 0.990289 -0.010387
vn -0.138632 0.990289 -0.010387
vn -0.138632 0.990289 -0.010387
vn 0.997205 0.000000 0.074718
vn 0.997205 0.000000 0.074713
vn 0.997205 0.000000 0.074713
vn 0.997205 0.000000 0.074718
vn 0.000000 1.000000 0.000000
vn 0.000000 1.000000 -0.000000
vn 0.000000 1.000000 -0.000000
vn 0.000000 1.000000 0.000000
vn -0.997205 0.000000 -0.074718
vn -0.997205 0.000000 -0.074713
vn -0.997205 0.000000 -0.074713
vn -0.997205 0.000000 -0.074718
vn -0.000000 -1.000000 0.000000
vn -0.000000 -1.000000 -0.000000
vn -0.000000 -1.000000 -0.000000
vn -0.000000 -1.000000 0.000000
vn -0.074713 0.000000 0.997205
vn -0.074713 0.000000 0.997205
vn -0.074713 0.000000 0.997205
vn -0.074713 0.000000 0.997205
vn 0.000000 1.000000 0.000000
vn 0.000000 1.000000 0.000000
vn 0.000000 1.000000 0.000000
vn 0.000000 1.000000 0.000000
vn 0.000000 1.000000 0.000001
vn 0.000000 1.000000 0.000001
vn 0.000000 1.000000 0.000001
vn 0.000000 1.000000 0.000001
vn -0.997205 0.000000 -0.074718
vn -0.997205 0.000000 -0.074717
vn -0.997205 0.000000 -0.074717
vn -0.997205 0.000000 -0.074718
vn -0.074712 0.000000 0.997205
vn -0.074712 0.000000 0.997205
vn -0.074712 0.000000 0.997205
vn -0.074712 0.000000 0.997205
vn 0.997205 0.000000 0.074717
vn 0.997205 0.000000 0.074717
vn 0.997205 0.000000 0.074711
vn 0.997205 0.000000 0.074711
vn 0.074715 0.000000 -0.997205
vn 0.074715 0.000000 -0.997205
vn 0.074715 0.000000 -0.997205
vn 0.074715 0.000000 -0.997205
vn 0.074713 0.000000 -0.997205
vn 0.074713 0.000000 -0.997205
vn 0.074713 0.000000 -0.997205
vn 0.074713 0.000000 -0.997205
vn 0.705140 -0.707098 0.052832
vn 0.705140 -0.707098 0.052832
vn 0.705140 -0.707097 0.052833
vn 0.705140 -0.707097 0.052833
vn 0.074713 -0.000000 -0.997205
vn 0.074713 -0.000001 -0.997205
vn 0.074713 -0.000001 -0.997205
vn 0.074713 -0.000000 -0.997205
vn -0.997205 0.000000 -0.074717
vn -0.997205 0.000000 -0.074712
vn -0.997205 0.000000 -0.074712
vn -0.997205 0.000000 -0.074717
vn -0.074712 0.000000 0.997205
vn -0.074712 0.000000 0.997205
vn -0.074712 0.000000 0.997205
vn -0.074712 0.000000 0.997205
vn -0.074712 0.000000 0.997205
vn -0.074712 0.000000 0.997205
vn 0.997205 0.000000 0.074711
vn 0.997205 0.000000 0.074716
vn 0.997205 0.000000 0.074716
vn 0.997205 0.000000 0.074711
vn 0.074713 0.000000 -0.997205
vn 0.074713 0.000000 -0.997205
vn -0.997205 0.000000 -0.074717
vn -0.997205 0.000000 -0.074712
vn -0.074713 0.000000 0.997205
vn -0.074713 0.000000 0.997205
vn -0.074713 0.000000 0.997205
vn -0.074713 0.000000 0.997205
vn 0.997205 0.000000 0.074709
vn 0.997205 0.000000 0.074709
vn 0.997205 0.000000 0.074709
vn 0.997205 0.000000 0.074709
vn 0.074713 0.000000 -0.997205
vn 0.074713 0.000000 -0.997205
vn 0.074713 0.000000 -0.997205
vn 0.074713 0.000000 -0.997205
vn -0.997205 0.000000 -0.074721
vn -0.997205 0.000000 -0.074715
vn -0.997205 0.000000 -0.074715
vn -0.997205 0.000000 -0.074721
vn -0.014456 -0.981104 0.192942
vn -0.014456 -0.981104 0.192942
vn -0.014456 -0.981104 0.192941
vn -0.014456 -0.981104 0.192942
vn -0.014455 0.981104 0.192939
vn -0.014455 0.981104 0.192939
vn -0.014455 0.981104 0.192939
vn -0.014455 0.981104 0.192939
vn 0.285644 -0.958097 0.021400
vn 0.285643 -0.958097 0.021402
vn 0.285643 -0.958097 0.021402
vn 0.285644 -0.958097 0.021400
vn 0.285639 0.958098 0.021402
vn 0.285639 0.958098 0.021402
vn 0.285640 0.958098 0.021400
vn 0.285640 0.958098 0.021400
vn 0.014458 -0.981098 -0.192969
vn 0.014458 -0.981098 -0.192969
vn 0.014458 -0.981098 -0.192969
vn 0.014458 -0.981098 -0.192969
vn 0.014457 0.981099 -0.192966
vn 0.014457 0.981099 -0.192966
vn 0.014457 0.981099 -0.192966
vn 0.014457 0.981099 -0.192966
vn -0.285611 0.958107 -0.021400
vn -0.285619 0.958104 -0.021399
vn -0.285619 0.958104 -0.021399
vn -0.285611 0.958107 -0.021400
vn -0.285615 -0.958105 -0.021399
vn -0.285616 -0.958105 -0.021399
vn -0.285605 -0.958109 -0.021400
vn -0.285605 -0.958109 -0.021400
vn -0.074712 0.000000 0.997205
vn -0.074712 0.000000 0.997205
vn -0.074712 0.000000 0.997205
vn -0.074712 0.000000 0.997205
vn 0.997205 0.000000 0.074711
vn 0.997205 0.000000 0.074716
vn 0.997205 0.000000 0.074716
vn 0.997205 0.000000 0.074711
vn 0.074713 0.000000 -0.997205
vn 0.074713 0.000000 -0.997205
vn 0.074713 0.000000 -0.997205
vn 0.074713 0.000000 -0.997205
vn -0.997205 0.000000 -0.074717
vn -0.997205 0.000000 -0.074712
vn -0.997205 0.000000 -0.074712
vn -0.997205 0.000000 -0.074717
vn 0.000000 -1.000000 -0.000000
vn 0.000000 -1.000000 -0.000000
vn 0.000000 -1.000000 -0.000000
vn 0.000000 -1.000000 -0.000000
vn 0.000000 1.000000 -0.000000
vn 0.000000 1.000000 -0.000000
vn 0.000000 1.000000 0.000000
vn 0.000000 1.000000 0.000000
vn -0.000000 -1.000000 0.000000
vn -0.000000 -1.000000 0.000000
vn -0.000000 -1.000000 0.000000
vn -0.000000 -1.000000 0.000000
vn 0.000000 -1.000000 -0.000002
vn 0.000000 -1.000000 -0.000002
vn 0.000000 -1.000000 -0.000002
vn 0.000000 -1.000000 -0.000002
vn 0.000000 1.000000 -0.000001
vn 0.000000 1.000000 -0.000001
vn 0.000000 1.000000 -0.000001
vn 0.000000 1.000000 -0.000001
vn 0.000000 -1.000000 0.000002
vn 0.000000 -1.000000 0.000002
vn 0.000000 -1.000000 0.000002
vn 0.000000 -1.000000 0.000002
vn -0.000000 -1.000000 -0.000000
vn -0.000000 -1.000000 -0.000000
vn 0.000000 -1.000000 0.000000
vn 0.000000 -1.000000 0.000000
vn 0.705139 -0.707098 0.052830
vn 0.705139 -0.707098 0.052830
vn 0.705139 -0.707100 0.052816
vn 0.705138 -0.707100 0.052816
vn 0.997205 0.000000 0.074717
vn 0.997205 0.000000 0.074717
vn 0.997207 0.000000 0.074693
vn 0.997207 0.000000 0.074693
vn 0.285646 -0.958096 0.021402
vn 0.285646 -0.958096 0.021402
vn 0.285659 -0.958093 0.021396
vn 0.285659 -0.958093 0.021396
vn 0.997207 0.000000 0.074689
vn 0.997207 0.000000 0.074689
vn 0.997207 0.000000 0.074689
vn 0.997207 0.000000 0.074689
vn 0.285659 0.958093 0.021396
vn 0.285644 0.958097 0.021402
vn 0.285644 0.958097 0.021402
vn 0.285659 0.958093 0.021396
vn 0.997205 0.000000 0.074717
vn 0.997205 0.000000 0.074717
vn 0.997207 0.000000 0.074693
vn 0.997207 0.000000 0.074693
vn 0.000000 -1.000000 0.000000
vn 0.000000 -1.000000 0.000000
vn 0.000000 -1.000000 0.000000
vn 0.000000 -1.000000 0.000000
vn 0.997205 0.000000 0.074709
vn 0.997205 0.000000 0.074709
vn 0.997204 0.000000 0.074722
vn 0.997204 0.000000 0.074722
vn 0.000000 1.000000 0.000000
vn 0.000000 1.000000 0.000000
vn 0.000000 1.000000 0.000000
vn 0.000000 1.000000 0.000000
vn -0.997205 0.000000 -0.074718
vn -0.997205 0.000000 -0.074718
vn -0.997204 0.000000 -0.074728
vn -0.997204 0.000000 -0.074728
vn -0.000000 1.000000 -0.000000
vn -0.000000 1.000000 -0.000000
vn -0.000000 1.000000 0.000000
vn -0.000000 1.000000 0.000000
vn 0.997207 0.000000 0.074681
vn 0.997205 0.000000 0.074718
vn 0.997205 0.000000 0.074718
vn 0.997208 0.000000 0.074681
vn 0.000000 1.000000 0.000001
vn 0.000000 1.000000 0.000001
vn 0.000000 1.000000 -0.000000
vn 0.000000 1.000000 -0.000000
vn -0.997205 0.000000 -0.074709
vn -0.997205 0.000000 -0.074709
vn -0.997204 0.000000 -0.074722
vn -0.997204 0.000000 -0.074722
vn -0.000000 -1.000000 0.000000
vn -0.000000 -1.000000 0.000000
vn -0.000000 -1.000000 0.000000
vn -0.000000 -1.000000 0.000000
vn -0.997206 0.000000 -0.074708
vn -0.997206 0.000000 -0.074708
vn -0.997205 0.000000 -0.074721
vn -0.997204 0.000000 -0.074721
vn -0.285636 0.958099 -0.021399
vn -0.285636 0.958099 -0.021399
vn -0.285635 0.958099 -0.021402
vn -0.285635 0.958099 -0.021402
vn -0.997206 0.000000 -0.074706
vn -0.997206 0.000000 -0.074706
vn -0.997205 0.000000 -0.074714
vn -0.997205 0.000000 -0.074714
vn -0.285635 -0.958100 -0.021402
vn -0.285638 -0.958099 -0.021399
vn -0.285638 -0.958099 -0.021399
vn -0.285635 -0.958100 -0.021402
vn -0.997206 0.000000 -0.074708
vn -0.997206 0.000000 -0.074708
vn -0.997205 0.000000 -0.074721
vn -0.997205 0.000000 -0.074721
vn -0.997205 0.000000 -0.074708
vn -0.997205 0.000000 -0.074721
vn 0.997205 0.000000 0.074715
vn 0.997205 0.000000 0.074715
vn 0.997205 0.000000 0.074715
vn 0.997205 0.000000 0.074715
vn -0.074698 0.000000 0.997206
vn -0.074698 0.000000 0.997206
vn -0.074698 0.000000 0.997206
vn -0.074698 0.000000 0.997206
vn 0.803764 -0.591893 0.060227
vn 0.803764 -0.591893 0.060227
vn 0.803764 -0.591893 0.060227
vn 0.803764 -0.591893 0.060227
vn 0.074704 0.000000 -0.997206
vn 0.074704 0.000000 -0.997206
vn 0.074704 0.000000 -0.997206
vn 0.074704 0.000000 -0.997206
vn 0.803762 0.591895 0.060227
vn 0.803761 0.591895 0.060227
vn 0.803761 0.591895 0.060227
vn 0.803762 0.591895 0.060227
vn 0.997198 0.000000 0.074801
vn 0.997199 0.000000 0.074801
vn 0.997201 0.000000 0.074763
vn 0.997202 0.000000 0.074757
vn 0.000000 1.000000 0.000000
vn 0.000000 1.000000 0.000000
vn 0.000000 1.000000 0.000000
vn 0.000000 1.000000 0.000000
vn -0.997203 0.000005 -0.074748
vn -0.997203 0.000010 -0.074746
vn -0.997204 0.000040 -0.074732
vn -0.997204 0.000040 -0.074732
vn 0.000000 -1.000000 0.000000
vn 0.000000 -1.000000 0.000000
vn 0.000000 -1.000000 0.000000
vn 0.000000 -1.000000 0.000000
vn 0.074713 0.000000 -0.997205
vn 0.074713 0.000000 -0.997205
vn 0.074713 0.000000 -0.997205
vn 0.074713 0.000000 -0.997205
vn -0.059478 -0.605192 0.793855
vn -0.059478 -0.605192 0.793855
vn -0.059478 -0.605192 0.793855
vn -0.059478 -0.605192 0.793855
vn -0.063835 0.519619 0.852010
vn -0.063835 0.519619 0.852010
vn -0.063835 0.519619 0.852010
vn -0.063835 0.519619 0.852010
vn -0.997204 -0.000032 -0.074732
vn -0.997204 -0.000032 -0.074732
vn -0.997203 -0.000009 -0.074745
vn -0.997203 -0.000005 -0.074747
vn 0.074713 0.000000 -0.997205
vn 0.074713 0.000000 -0.997205
vn 0.074713 0.000000 -0.997205
vn 0.074713 0.000000 -0.997205
vn 0.997202 0.000003 0.074759
vn 0.997201 0.000004 0.074765
vn 0.997199 0.000016 0.074801
vn 0.997199 0.000016 0.074801
vn -0.074714 0.000000 0.997205
vn -0.074714 0.000000 0.997205
vn -0.074714 0.000000 0.997205
vn -0.074714 0.000000 0.997205
vn 0.074714 0.000000 -0.997205
vn 0.074714 0.000000 -0.997205
vn 0.074714 0.000000 -0.997205
vn 0.074714 0.000000 -0.997205
vn 0.000000 -1.000000 0.000000
vn 0.000000 -1.000000 0.000000
vn 0.000000 -1.000000 0.000000
vn 0.000000 -1.000000 0.000000
vn -0.997204 0.000018 -0.074724
vn -0.997204 0.000018 -0.074724
vn -0.997204 0.000018 -0.074724
vn -0.997204 0.000018 -0.074724
vn 0.000000 1.000000 0.000001
vn 0.000000 1.000000 0.000001
vn 0.000000 1.000000 0.000001
vn 0.000000 1.000000 0.000001
vn 0.997202 0.000036 0.074755
vn 0.997202 0.000036 0.074755
vn 0.997202 0.000036 0.074755
vn 0.997202 0.000036 0.074755
vn 0.000000 -1.000000 0.000000
vn 0.000000 -1.000000 0.000000
vn 0.000000 -1.000000 0.000000
vn 0.000000 -1.000000 0.000000
vn -0.997204 0.000000 -0.074723
vn -0.997204 0.000000 -0.074723
vn -0.997204 0.000000 -0.074723
vn -0.997204 0.000000 -0.074723
vn 0.000000 1.000000 -0.000000
vn 0.000000 1.000000 -0.000000
vn 0.000000 1.000000 -0.000000
vn 0.000000 1.000000 -0.000000
vn 0.997202 -0.000029 0.074755
vn 0.997202 -0.000029 0.074755
vn 0.997202 -0.000029 0.074755
vn 0.997202 -0.000029 0.074755
vn -0.997204 -0.000040 -0.074732
vn -0.997204 -0.000040 -0.074732
vn -0.997203 -0.000010 -0.074746
vn -0.997203 -0.000005 -0.074748
vn 0.000000 1.000000 0.000000
vn 0.000000 1.000000 0.000000
vn 0.000000 1.000000 0.000000
vn 0.000000 1.000000 0.000000
vn 0.997202 0.000002 0.074756
vn 0.997201 0.000005 0.074763
vn 0.997198 0.000020 0.074802
vn 0.997198 0.000020 0.074802
vn 0.000000 -1.000000 0.000000
vn 0.000000 -1.000000 0.000000
vn 0.000000 -1.000000 0.000000
vn 0.000000 -1.000000 0.000000
vn -0.074714 0.000000 0.997205
vn -0.074714 0.000000 0.997205
vn -0.074714 0.000000 0.997205
vn -0.074714 0.000000 0.997205
vn 0.059477 -0.605196 -0.793852
vn 0.059477 -0.605196 -0.793852
vn 0.059477 -0.605196 -0.793852
vn 0.059477 -0.605196 -0.793852
vn 0.063835 0.519625 -0.852007
vn 0.063835 0.519625 -0.852007
vn 0.063835 0.519625 -0.852007
vn 0.063835 0.519625 -0.852007
vn 0.997198 -0.000016 0.074802
vn 0.997198 -0.000016 0.074802
vn 0.997201 -0.000004 0.074764
vn 0.997202 -0.000003 0.074758
vn -0.074714 0.000000 0.997205
vn -0.074714 0.000000 0.997205
vn -0.074714 0.000000 0.997205
vn -0.074714 0.000000 0.997205
vn -0.997203 0.000008 -0.074747
vn -0.997203 0.000013 -0.074745
vn -0.997204 0.000048 -0.074732
vn -0.997204 0.000048 -0.074732
vn 0.074713 0.000000 -0.997205
vn 0.074713 0.000000 -0.997205
vn 0.074713 0.000000 -0.997205
vn 0.074713 0.000000 -0.997205
vn -0.074713 0.000000 0.997205
vn -0.074713 0.000000 0.997205
vn -0.074713 0.000000 0.997205
vn -0.074713 0.000000 0.997205
vn 0.000000 -1.000000 -0.000000
vn 0.000000 -1.000000 -0.000000
vn 0.000000 -1.000000 -0.000000
vn 0.000000 -1.000000 -0.000000
vn 0.997202 -0.000036 0.074754
vn 0.997202 -0.000036 0.074754
vn 0.997202 -0.000036 0.074754
vn 0.997202 -0.000036 0.074754
vn 0.000000 1.000000 0.000001
vn 0.000000 1.000000 0.000001
vn 0.000000 1.000000 0.000001
vn 0.000000 1.000000 0.000001
vn -0.997204 -0.000036 -0.074723
vn -0.997204 -0.000036 -0.074723
vn -0.997204 -0.000036 -0.074723
vn -0.997204 -0.000036 -0.074723
vn 0.000000 -1.000000 0.000000
vn 0.000000 -1.000000 0.000000
vn 0.000000 -1.000000 0.000000
vn 0.000000 -1.000000 0.000000
vn 0.997202 0.000029 0.074754
vn 0.997202 0.000029 0.074754
vn 0.997202 0.000029 0.074754
vn 0.997202 0.000029 0.074754
vn 0.000000 1.000000 0.000000
vn 0.000000 1.000000 0.000000
vn 0.000000 1.000000 0.000000
vn 0.000000 1.000000 0.000000
vn -0.997204 0.000029 -0.074723
vn -0.997204 0.000029 -0.074723
vn -0.997204 0.000029 -0.074723
vn -0.997204 0.000029 -0.074723
vn 0.584455 0.810226 0.044106
vn 0.584455 0.810226 0.044106
vn 0.584455 0.810226 0.044106
vn 0.584455 0.810226 0.044106
vn 0.428957 0.902745 0.032365
vn 0.428957 0.902745 0.032365
vn 0.000161 1.000000 0.000091
vn -0.000137 1.000000 0.000069
vn -0.584490 0.810224 -0.043687
vn -0.584490 0.810224 -0.043687
vn -0.584490 0.810224 -0.043687
vn -0.584490 0.810224 -0.043687
vn 0.000000 -1.000000 0.000000
vn 0.000000 -1.000000 0.000000
vn 0.000000 -1.000000 0.000000
vn 0.000000 -1.000000 0.000000
vn 0.074712 0.000000 -0.997205
vn 0.074713 -0.000000 -0.997205
vn 0.074713 -0.000000 -0.997205
vn 0.074712 0.000000 -0.997205
vn -0.074714 0.000000 0.997205
vn -0.074714 0.000000 0.997205
vn -0.074713 -0.000000 0.997205
vn -0.074713 -0.000000 0.997205
vn -0.074714 0.000001 0.997205
vn -0.074714 0.000001 0.997205
vn 0.000000 -1.000000 0.000000
vn 0.000000 -1.000000 0.000000
vn 0.074714 -0.000000 -0.997205
vn 0.074714 -0.000000 -0.997205
vn -0.428950 0.902753 -0.032222
vn -0.428950 0.902753 -0.032222
vn 0.584513 0.810231 0.043256
vn 0.584513 0.810231 0.043256
vn 0.584513 0.810231 0.043256
vn 0.584513 0.810231 0.043256
vn 0.428981 0.902749 0.031923
vn 0.428981 0.902749 0.031923
vn -0.000056 1.000000 -0.000163
vn 0.000039 1.000000 -0.000156
vn -0.584459 0.810224 -0.044106
vn -0.584459 0.810224 -0.044106
vn -0.584459 0.810224 -0.044106
vn -0.584459 0.810224 -0.044106
vn 0.000000 -1.000000 0.000000
vn 0.000000 -1.000000 0.000000
vn 0.000000 -1.000000 0.000000
vn 0.000000 -1.000000 0.000000
vn 0.074713 0.000000 -0.997205
vn 0.074713 0.000001 -0.997205
vn 0.074713 0.000001 -0.997205
vn 0.074713 0.000000 -0.997205
vn -0.074712 -0.000001 0.997205
vn -0.074712 -0.000001 0.997205
vn -0.074711 0.000000 0.997205
vn -0.074711 0.000000 0.997205
vn -0.074713 -0.000001 0.997205
vn -0.074713 -0.000001 0.997205
vn 0.000000 -1.000000 0.000000
vn 0.000000 -1.000000 0.000000
vn 0.074713 0.000002 -0.997205
vn 0.074713 0.000002 -0.997205
vn -0.428956 0.902751 -0.032208
vn -0.428956 0.902751 -0.032208
vn 0.997205 0.000004 0.074715
vn 0.997205 0.000004 0.074715
vn 0.997205 0.000004 0.074715
vn 0.997205 0.000004 0.074715
vn 0.000000 1.000000 0.000000
vn 0.000000 1.000000 0.000000
vn 0.000000 1.000000 0.000000
vn 0.000000 1.000000 0.000000
vn -0.997205 -0.000016 -0.074715
vn -0.997205 -0.000016 -0.074715
vn -0.997205 -0.000016 -0.074715
vn -0.997205 -0.000016 -0.074715
vn 0.000000 -1.000000 0.000000
vn 0.000000 -1.000000 0.000000
vn 0.000000 -1.000000 0.000000
vn 0.000000 -1.000000 0.000000
vn 0.069277 -0.374467 -0.924649
vn 0.069277 -0.374467 -0.924648
vn 0.069277 -0.374467 -0.924649
vn 0.069277 -0.374467 -0.924648
vn -0.069278 -0.374439 0.924660
vn -0.069278 -0.374439 0.924660
vn -0.069278 -0.374439 0.924660
vn -0.069278 -0.374439 0.924660
vn 0.997205 0.000004 0.074715
vn 0.997205 0.000004 0.074715
vn 0.997205 0.000004 0.074715
vn 0.997205 0.000004 0.074715
vn 0.000000 1.000000 0.000000
vn 0.000000 1.000000 0.000000
vn 0.000000 1.000000 0.000000
vn 0.000000 1.000000 0.000000
vn -0.997205 0.000004 -0.074715
vn -0.997205 0.000004 -0.074715
vn -0.997205 0.000004 -0.074715
vn -0.997205 0.000004 -0.074715
vn 0.000000 -1.000000 0.000000
vn 0.000000 -1.000000 0.000000
vn 0.000000 -1.000000 0.000000
vn 0.000000 -1.000000 0.000000
vn 0.069277 -0.374483 -0.924642
vn 0.069277 -0.374483 -0.924642
vn 0.069277 -0.374483 -0.924642
vn 0.069277 -0.374483 -0.924642
vn -0.069278 -0.374452 0.924655
vn -0.069278 -0.374452 0.924655
vn -0.069278 -0.374452 0.924655
vn -0.069278 -0.374452 0.924655
vn 0.997205 0.000008 0.074715
vn 0.997205 0.000008 0.074715
vn 0.997205 0.000008 0.074715
vn 0.997205 0.000008 0.074715
vn 0.000000 1.000000 0.000000
vn 0.000000 1.000000 0.000000
vn 0.000000 1.000000 0.000000
vn 0.000000 1.000000 0.000000
vn -0.997205 -0.000012 -0.074715
vn -0.997205 -0.000012 -0.074715
vn -0.997205 -0.000012 -0.074715
vn -0.997205 -0.000012 -0.074715
vn 0.000000 -1.000000 0.000000
vn 0.000000 -1.000000 0.000000
vn 0.000000 -1.000000 0.000000
vn 0.000000 -1.000000 0.000000
vn 0.069277 -0.374473 -0.924646
vn 0.069277 -0.374473 -0.924646
vn 0.069277 -0.374473 -0.924646
vn 0.069277 -0.374473 -0.924646
vn -0.069278 -0.374440 0.924659
vn -0.069278 -0.374440 0.924659
vn -0.069278 -0.374440 0.924659
vn -0.069278 -0.374440 0.924659
s off
g objects
usemtl lambert11SG
f 1/1/1 2/2/2 4/3/3 3/4/4
f 3/4/5 4/3/6 6/5/7 5/6/8
f 5/6/9 6/5/10 8/7/11 7/8/12
f 7/8/13 8/7/14 2/2/15 1/1/16
f 2/2/17 8/7/18 6/5/19 4/3/20
f 7/8/21 1/1/22 3/4/23 5/6/24
s 1
usemtl lambert10SG
f 89/9/25 157/10/26 158/11/27 92/12/28
s 2
f 11/13/29 161/14/30 162/15/31 33/16/32
s 3
f 93/17/33 167/18/34 168/19/35 96/20/36
s 4
f 34/21/37 171/22/38 156/23/39 9/24/40
s 5
f 98/25/41 97/26/42 99/27/43 100/28/44
s 6
f 92/12/45 101/29/46 102/30/47 89/9/48
s 7
f 10/31/49 35/32/50 174/33/51 175/34/52
s 8
f 95/35/53 94/36/54 189/37/55 190/38/56
s 9
usemtl lambert11SG
f 182/39/57 183/40/58 149/41/59 150/42/60
s 10
usemtl lambert10SG
f 176/43/61 177/44/62 91/45/63 90/46/64
s 11
f 18/47/65 36/48/66 123/49/67 124/50/68
s 12
f 104/51/69 103/52/70 135/53/71 136/54/72
s 13
f 129/55/73 130/56/74 43/57/75 20/58/76
s 14
f 125/59/77 126/60/78 105/61/79 106/62/80
s 15
f 22/63/81 37/64/82 38/65/83 26/66/84
s off
f 108/67/85 107/68/86 111/69/87 112/70/88
s 16
usemtl lambert11SG
f 140/71/89 141/72/90 142/73/91 143/74/92
s off
usemtl lambert10SG
f 113/75/93 109/76/94 110/77/95 114/78/96
s 17
f 26/66/97 38/65/98 39/79/99 30/80/100
s off
f 112/70/101 111/69/102 115/81/103 116/82/104
s 18
f 40/83/105 41/84/106 28/85/107 32/86/108
s off
f 100/28/109 113/75/110 114/78/111 98/25/112
s 6
f 96/20/113 117/87/114 118/88/115 93/17/116
s 4
f 15/89/117 169/90/118 170/91/119 45/92/120
s 7
f 172/93/121 173/94/122 56/95/123 16/96/124
s 11
f 121/97/125 122/98/126 55/99/127 17/100/128
s 15
f 53/101/129 54/102/130 21/103/131 25/104/132
s 17
f 52/105/133 53/101/134 25/104/135 29/106/136
s 5
f 115/81/137 119/107/138 120/108/139 116/82/140
s 18
f 27/109/141 50/110/142 51/111/143 31/112/144
s 16
usemtl lambert11SG
f 145/113/145 144/114/146 146/115/147 147/116/148
s 13
usemtl lambert10SG
f 19/117/149 48/118/150 131/119/151 132/120/152
s 9
usemtl lambert11SG
f 153/121/153 152/122/154 184/123/155 185/124/156
s 2
usemtl lambert10SG
f 46/125/157 163/126/158 164/127/159 13/128/160
s 6
f 101/29/46 118/88/115 117/87/114 102/30/47
s 2
f 33/16/32 162/15/31 163/126/158 46/125/157
s 9
usemtl lambert11SG
f 183/40/58 184/123/155 152/122/154 149/41/59
s 13
usemtl lambert10SG
f 130/56/74 131/119/151 48/118/150 43/57/75
s 16
usemtl lambert11SG
f 146/115/147 144/114/146 141/72/90 140/71/89
s 18
usemtl lambert10SG
f 51/111/143 50/110/142 41/84/106 40/83/105
s 5
f 119/107/138 99/27/43 97/26/42 120/108/139
s 17
f 39/79/99 38/65/98 53/101/134 52/105/133
s 15
f 38/65/83 37/64/82 54/102/130 53/101/129
s 11
f 122/98/126 123/49/67 36/48/66 55/99/127
s 7
f 173/94/122 174/33/51 35/32/50 56/95/123
s 4
f 45/92/120 170/91/119 171/22/38 34/21/37
s 22
f 33/16/161 58/129/162 57/130/163 11/13/164
f 46/125/165 59/131/166 58/129/162 33/16/161
f 60/132/167 59/131/166 46/125/165 13/128/168
s 23
f 13/128/169 164/127/170 165/133/171 60/132/172
s 24
f 186/134/173 187/135/174 61/136/175 14/137/176
f 132/120/177 133/138/178 62/139/179 19/117/180
f 64/140/181 63/141/182 23/142/183 27/109/184
f 65/143/185 64/140/181 27/109/184 31/112/186
s 27
f 51/111/187 66/144/188 65/143/189 31/112/190
f 40/83/191 67/145/192 66/144/188 51/111/187
f 68/146/193 67/145/192 40/83/191 32/86/194
s 28
f 28/85/195 69/147/196 68/146/197 32/86/198
f 24/148/199 139/149/200 28/85/195
f 20/58/201 137/150/202 138/151/203 129/55/204
f 12/152/205 180/153/206 181/154/207
f 57/130/208 160/155/209 161/14/210 11/13/211
s 22
f 57/130/163 58/129/162 74/156/212 73/157/213
f 58/129/162 59/131/166 75/158/214 74/156/212
f 76/159/215 75/158/214 59/131/166 60/132/167
s 23
f 60/132/172 165/133/171 166/160/216 76/159/217
s 24
f 187/135/174 188/161/218 77/162/219 61/136/175
f 133/138/178 134/163/220 78/164/221 62/139/179
f 80/165/222 79/166/223 63/141/182 64/140/181
f 81/167/224 80/165/222 64/140/181 65/143/185
s 27
f 65/143/189 66/144/188 82/168/225 81/167/226
f 66/144/188 67/145/192 83/169/227 82/168/225
f 84/170/228 83/169/227 67/145/192 68/146/193
s 28
f 68/146/197 69/147/196 85/171/229 84/170/230
f 69/147/196 70/172/231 86/173/232 85/171/229
f 127/174/233 128/175/234 71/176/235 87/177/236
f 178/178/237 179/179/238 72/180/239 88/181/240
f 73/157/241 159/182/242 160/155/209 57/130/208
s 33
f 9/24/243 156/23/244 157/10/245 89/9/246
s 34
f 158/11/247 159/183/248 73/184/249 92/12/250
s 35
f 76/185/251 166/186/252 167/18/253 93/17/254
s 36
f 168/19/255 169/90/256 15/89/257 96/20/258
s off
f 30/80/259 39/79/260 97/26/261 98/25/262
f 83/187/263 84/188/264 100/28/265 99/27/266
f 73/184/267 74/189/268 101/29/269 92/12/270
f 34/21/271 9/24/272 89/9/273 102/30/274
s 37
f 77/190/275 188/191/276 189/37/277 94/36/278
s 38
f 190/38/279 172/93/280 16/96/281 95/35/282
s 39
f 177/44/283 178/192/284 88/193/285 91/45/286
s 40
f 10/31/287 175/34/288 176/43/289 90/46/290
s 41
f 78/194/291 134/195/292 135/53/293 103/52/294
s 42
f 136/54/295 121/97/296 17/100/297 104/51/298
s 43
f 126/60/299 127/196/300 87/197/301 105/61/302
s 44
f 18/47/303 124/50/304 125/59/305 106/62/306
s off
f 79/198/307 80/199/308 111/69/309 107/68/310
f 25/104/311 21/103/312 108/67/313 112/70/314
f 85/200/315 86/201/316 109/76/317 113/75/318
f 22/63/319 26/66/320 114/78/321 110/77/322
f 80/199/323 81/202/324 115/81/325 111/69/326
f 29/106/327 25/104/328 112/70/329 116/82/330
f 84/188/331 85/200/332 113/75/333 100/28/334
f 26/66/335 30/80/336 98/25/337 114/78/338
f 15/89/339 45/92/340 117/87/341 96/20/342
f 75/203/343 76/185/344 93/17/345 118/88/346
f 81/202/347 82/204/348 119/107/349 115/81/350
f 52/105/351 29/106/352 116/82/353 120/108/354
f 74/189/355 75/203/356 118/88/357 101/29/358
f 45/92/359 34/21/360 102/30/361 117/87/362
f 82/204/363 83/187/364 99/27/365 119/107/366
f 39/79/367 52/105/368 120/108/369 97/26/370
s 11
f 54/102/371 122/98/126 121/97/125 21/103/372
f 37/64/373 123/49/67 122/98/126 54/102/371
f 124/50/68 123/49/67 37/64/373 22/63/374
s 44
f 125/59/305 124/50/304 22/63/375 110/77/376
s 14
f 109/76/377 126/60/78 125/59/77 110/77/378
s 43
f 86/201/379 127/196/300 126/60/299 109/76/380
s 28
f 70/172/231 128/175/234 127/174/233 86/173/232
f 129/55/204 138/151/203 139/149/200 24/148/199
s 13
f 42/205/381 130/56/74 129/55/73 24/148/382
f 49/206/383 131/119/151 130/56/74 42/205/381
f 132/120/152 131/119/151 49/206/383 23/142/384
s 24
f 63/141/182 133/138/178 132/120/177 23/142/183
f 79/166/223 134/163/220 133/138/178 63/141/182
s 41
f 135/53/293 134/195/292 79/198/385 107/68/386
s 12
f 136/54/72 135/53/71 107/68/387 108/67/388
s 42
f 21/103/389 121/97/296 136/54/295 108/67/390
s 28
f 12/152/205 72/180/239 179/179/238 180/153/206
f 138/151/203 137/150/202 71/176/235 128/175/234
f 139/149/200 138/151/203 128/175/234 70/172/231
f 28/85/195 139/149/200 70/172/231 69/147/196
s 45
f 42/205/391 24/148/392 142/207/393 141/208/394
f 24/148/392 28/85/395 143/209/396 142/207/393
f 28/85/395 41/84/397 140/210/398 143/209/396
f 23/142/399 49/206/400 144/211/401 145/212/402
f 50/110/403 27/109/404 147/213/405 146/214/406
f 27/109/404 23/142/399 145/212/402 147/213/405
f 49/206/400 42/205/391 141/208/394 144/211/401
f 41/84/397 50/110/403 146/214/406 140/210/398
s 46
f 44/215/407 12/152/408 150/216/409 149/217/410
f 12/152/408 181/154/411 182/218/412 150/216/409
f 20/58/413 43/57/414 148/219/415 151/220/416
f 14/137/417 47/221/418 152/222/419 153/223/420
f 48/118/421 19/117/422 155/224/423 154/225/424
f 185/226/425 186/134/426 14/137/417 153/223/420
f 47/221/418 44/215/407 149/217/410 152/222/419
f 43/57/414 48/118/421 154/225/424 148/219/415
s 33
f 157/10/245 156/23/244 10/31/427 90/46/428
s 1
f 158/11/27 157/10/26 90/46/429 91/45/430
s 34
f 88/193/431 159/183/248 158/11/247 91/45/432
s 28
f 160/155/209 159/182/242 88/181/240 72/180/239
f 161/14/210 160/155/209 72/180/239 12/152/205
s 2
f 162/15/31 161/14/30 12/152/433 44/215/434
f 163/126/158 162/15/31 44/215/434 47/221/435
f 164/127/159 163/126/158 47/221/435 14/137/436
s 23
f 165/133/171 164/127/170 14/137/437 61/136/438
f 166/160/216 165/133/171 61/136/438 77/162/439
s 35
f 167/18/253 166/186/252 77/190/440 94/36/441
s 3
f 168/19/35 167/18/34 94/36/442 95/35/443
s 36
f 16/96/444 169/90/256 168/19/255 95/35/445
s 4
f 170/91/119 169/90/118 16/96/446 56/95/447
f 171/22/38 170/91/119 56/95/447 35/32/448
f 156/23/39 171/22/38 35/32/448 10/31/449
s 7
f 55/99/450 173/94/122 172/93/121 17/100/451
f 36/48/452 174/33/51 173/94/122 55/99/450
f 175/34/52 174/33/51 36/48/452 18/47/453
s 40
f 176/43/289 175/34/288 18/47/454 106/62/455
s 10
f 105/61/456 177/44/62 176/43/61 106/62/457
s 39
f 87/197/458 178/192/284 177/44/283 105/61/459
s 28
f 71/176/235 179/179/238 178/178/237 87/177/236
f 180/153/206 179/179/238 71/176/235 137/150/202
f 181/154/207 180/153/206 137/150/202 20/58/201
s 46
f 182/218/412 181/154/411 20/58/413 151/220/416
s 9
usemtl lambert11SG
f 148/227/460 183/40/58 182/39/57 151/228/461
f 154/229/462 184/123/155 183/40/58 148/227/460
f 185/124/156 184/123/155 154/229/462 155/230/463
s 46
usemtl lambert10SG
f 19/117/422 186/134/426 185/226/425 155/224/423
s 24
f 62/139/179 187/135/174 186/134/173 19/117/180
f 78/164/221 188/161/218 187/135/174 62/139/179
s 37
f 189/37/277 188/191/276 78/194/464 103/52/465
s 8
f 190/38/56 189/37/55 103/52/466 104/51/467
s 38
f 17/100/468 172/93/280 190/38/279 104/51/469
s 49
f 191/231/470 192/232/471 255/233/472 240/234/473
f 192/232/471 193/235/474 254/236/475 255/233/472
f 193/235/474 194/237/476 253/238/477 254/236/475
f 194/237/476 195/239/478 252/240/479 253/238/477
f 195/239/478 196/241/480 251/242/481 252/240/479
f 196/241/480 197/243/482 250/244/483 251/242/481
f 197/243/482 198/245/484 249/246/485 250/244/483
f 198/245/484 199/247/486 248/248/487 249/246/485
f 199/247/486 200/249/488 247/250/489 248/248/487
f 200/249/488 201/251/490 246/252/491 247/250/489
f 201/251/490 202/253/492 245/254/493 246/252/491
f 202/253/492 203/255/494 244/256/495 245/254/493
f 203/255/494 204/257/496 243/258/497 244/256/495
f 204/257/496 205/259/498 242/260/499 243/258/497
f 205/259/498 206/261/500 241/262/501 242/260/499
f 206/261/500 191/231/470 240/234/473 241/262/501
s 50
f 192/232/502 191/231/503 223/263/504
f 193/235/505 192/232/502 223/263/504
f 194/237/506 193/235/505 223/263/504
f 195/239/507 194/237/506 223/263/504
f 196/241/508 195/239/507 223/263/504
f 197/243/509 196/241/508 223/263/504
f 198/245/510 197/243/509 223/263/504
f 199/247/511 198/245/510 223/263/504
f 200/249/512 199/247/511 223/263/504
f 201/251/513 200/249/512 223/263/504
f 202/253/514 201/251/513 223/263/504
f 203/255/515 202/253/514 223/263/504
f 204/257/516 203/255/515 223/263/504
f 205/259/517 204/257/516 223/263/504
f 206/261/518 205/259/517 223/263/504
f 191/231/503 206/261/518 223/263/504
s 51
f 207/264/519 208/265/520 271/266/521 256/267/522
f 208/265/520 209/268/523 270/269/524 271/266/521
f 209/268/523 210/270/525 269/271/526 270/269/524
f 210/270/525 211/272/527 268/273/528 269/271/526
f 211/272/527 212/274/529 267/275/530 268/273/528
f 212/274/529 213/276/531 266/277/532 267/275/530
f 213/276/531 214/278/533 265/279/534 266/277/532
f 214/278/533 215/280/535 264/281/536 265/279/534
f 215/280/535 216/282/537 263/283/538 264/281/536
f 216/282/537 217/284/539 262/285/540 263/283/538
f 217/284/539 218/286/541 261/287/542 262/285/540
f 218/286/541 219/288/543 260/289/544 261/287/542
f 219/288/543 220/290/545 259/291/546 260/289/544
f 220/290/545 221/292/547 258/293/548 259/291/546
f 221/292/547 222/294/549 257/295/550 258/293/548
f 222/294/549 207/264/519 256/267/522 257/295/550
s 49
f 225/296/551 224/297/552 207/264/553 222/294/554
f 226/298/555 225/296/551 222/294/554 221/292/556
f 227/299/557 226/298/555 221/292/556 220/290/558
f 228/300/559 227/299/557 220/290/558 219/288/560
f 229/301/561 228/300/559 219/288/560 218/286/562
f 230/302/563 229/301/561 218/286/562 217/284/564
f 231/303/565 230/302/563 217/284/564 216/282/566
f 232/304/567 231/303/565 216/282/566 215/280/568
f 233/305/569 232/304/567 215/280/568 214/278/570
f 234/306/571 233/305/569 214/278/570 213/276/572
f 235/307/573 234/306/571 213/276/572 212/274/574
f 236/308/575 235/307/573 212/274/574 211/272/576
f 237/309/577 236/308/575 211/272/576 210/270/578
f 238/310/579 237/309/577 210/270/578 209/268/580
f 239/311/581 238/310/579 209/268/580 208/265/582
f 224/297/552 239/311/581 208/265/582 207/264/553
f 241/262/501 240/234/473 224/297/552 225/296/551
f 242/260/499 241/262/501 225/296/551 226/298/555
f 243/258/497 242/260/499 226/298/555 227/299/557
f 244/256/495 243/258/497 227/299/557 228/300/559
f 245/254/493 244/256/495 228/300/559 229/301/561
f 246/252/491 245/254/493 229/301/561 230/302/563
f 247/250/489 246/252/491 230/302/563 231/303/565
f 248/248/487 247/250/489 231/303/565 232/304/567
f 249/246/485 248/248/487 232/304/567 233/305/569
f 250/244/483 249/246/485 233/305/569 234/306/571
f 251/242/481 250/244/483 234/306/571 235/307/573
f 252/240/479 251/242/481 235/307/573 236/308/575
f 253/238/477 252/240/479 236/308/575 237/309/577
f 254/236/475 253/238/477 237/309/577 238/310/579
f 255/233/472 254/236/475 238/310/579 239/311/581
f 240/234/473 255/233/472 239/311/581 224/297/552
s 52
f 273/312/583 272/313/584 274/314/585
f 275/315/586 273/312/583 274/314/585
f 276/316/587 275/315/586 274/314/585
f 277/317/588 276/316/587 274/314/585
f 278/318/589 277/317/588 274/314/585
f 279/319/590 278/318/589 274/314/585
f 280/320/591 279/319/590 274/314/585
f 281/321/592 280/320/591 274/314/585
f 282/322/593 281/321/592 274/314/585
f 283/323/594 282/322/593 274/314/585
f 284/324/595 283/323/594 274/314/585
f 285/325/596 284/324/595 274/314/585
f 286/326/597 285/325/596 274/314/585
f 287/327/598 286/326/597 274/314/585
f 288/328/599 287/327/598 274/314/585
f 274/314/585 272/313/584 288/328/599
s 53
f 290/329/600 289/330/601 272/331/602 273/332/603
f 291/333/604 290/329/600 273/332/603 275/334/605
f 292/335/606 291/333/604 275/334/605 276/336/607
f 293/337/608 292/335/606 276/336/607 277/338/609
f 294/339/610 293/337/608 277/338/609 278/340/611
f 295/341/612 294/339/610 278/340/611 279/342/613
f 296/343/614 295/341/612 279/342/613 280/344/615
f 297/345/616 296/343/614 280/344/615 281/346/617
f 298/347/618 297/345/616 281/346/617 282/348/619
f 299/349/620 298/347/618 282/348/619 283/350/621
f 300/351/622 299/349/620 283/350/621 284/352/623
f 301/353/624 300/351/622 284/352/623 285/354/625
f 302/355/626 301/353/624 285/354/625 286/356/627
f 303/357/628 302/355/626 286/356/627 287/358/629
f 304/359/630 303/357/628 287/358/629 288/360/631
f 272/331/602 289/330/601 304/359/630 288/360/631
s 54
f 257/295/632 256/267/633 289/330/634 290/329/635
f 258/293/636 257/295/632 290/329/635 291/333/637
f 259/291/638 258/293/636 291/333/637 292/335/639
f 260/289/640 259/291/638 292/335/639 293/337/641
f 261/287/642 260/289/640 293/337/641 294/339/643
f 262/285/644 261/287/642 294/339/643 295/341/645
f 263/283/646 262/285/644 295/341/645 296/343/647
f 264/281/648 263/283/646 296/343/647 297/345/649
f 265/279/650 264/281/648 297/345/649 298/347/651
f 266/277/652 265/279/650 298/347/651 299/349/653
f 267/275/654 266/277/652 299/349/653 300/351/655
f 268/273/656 267/275/654 300/351/655 301/353/657
f 269/271/658 268/273/656 301/353/657 302/355/659
f 270/269/660 269/271/658 302/355/659 303/357/661
f 271/266/662 270/269/660 303/357/661 304/359/663
f 256/267/633 271/266/662 304/359/663 289/330/634
s 55
f 305/361/664 306/362/665 369/363/666 354/364/667
f 306/362/665 307/365/668 368/366/669 369/363/666
f 307/365/668 308/367/670 367/368/671 368/366/669
f 308/367/670 309/369/672 366/370/673 367/368/671
f 309/369/672 310/371/674 365/372/675 366/370/673
f 310/371/674 311/373/676 364/374/677 365/372/675
f 311/373/676 312/375/678 363/376/679 364/374/677
f 312/375/678 313/377/680 362/378/681 363/376/679
f 313/377/680 314/379/682 361/380/683 362/378/681
f 314/379/682 315/381/684 360/382/685 361/380/683
f 315/381/684 316/383/686 359/384/687 360/382/685
f 316/383/686 317/385/688 358/386/689 359/384/687
f 317/385/688 318/387/690 357/388/691 358/386/689
f 318/387/690 319/389/692 356/390/693 357/388/691
f 319/389/692 320/391/694 355/392/695 356/390/693
f 320/391/694 305/361/664 354/364/667 355/392/695
s 56
f 306/362/696 305/361/697 337/393/698
f 307/365/699 306/362/696 337/393/698
f 308/367/700 307/365/699 337/393/698
f 309/369/701 308/367/700 337/393/698
f 310/371/702 309/369/701 337/393/698
f 311/373/703 310/371/702 337/393/698
f 312/375/704 311/373/703 337/393/698
f 313/377/705 312/375/704 337/393/698
f 314/379/706 313/377/705 337/393/698
f 315/381/707 314/379/706 337/393/698
f 316/383/708 315/381/707 337/393/698
f 317/385/709 316/383/708 337/393/698
f 318/387/710 317/385/709 337/393/698
f 319/389/711 318/387/710 337/393/698
f 320/391/712 319/389/711 337/393/698
f 305/361/697 320/391/712 337/393/698
s 57
f 321/394/713 322/395/714 385/396/715 370/397/716
f 322/395/714 323/398/717 384/399/718 385/396/715
f 323/398/717 324/400/719 383/401/720 384/399/718
f 324/400/719 325/402/721 382/403/722 383/401/720
f 325/402/721 326/404/723 381/405/724 382/403/722
f 326/404/723 327/406/725 380/407/726 381/405/724
f 327/406/725 328/408/727 379/409/728 380/407/726
f 328/408/727 329/410/729 378/411/730 379/409/728
f 329/410/729 330/412/731 377/413/732 378/411/730
f 330/412/731 331/414/733 376/415/734 377/413/732
f 331/414/733 332/416/735 375/417/736 376/415/734
f 332/416/735 333/418/737 374/419/738 375/417/736
f 333/418/737 334/420/739 373/421/740 374/419/738
f 334/420/739 335/422/741 372/423/742 373/421/740
f 335/422/741 336/424/743 371/425/744 372/423/742
f 336/424/743 321/394/713 370/397/716 371/425/744
s 55
f 339/426/745 338/427/746 321/394/747 336/424/748
f 340/428/749 339/426/745 336/424/748 335/422/750
f 341/429/751 340/428/749 335/422/750 334/420/752
f 342/430/753 341/429/751 334/420/752 333/418/754
f 343/431/755 342/430/753 333/418/754 332/416/756
f 344/432/757 343/431/755 332/416/756 331/414/758
f 345/433/759 344/432/757 331/414/758 330/412/760
f 346/434/761 345/433/759 330/412/760 329/410/762
f 347/435/763 346/434/761 329/410/762 328/408/764
f 348/436/765 347/435/763 328/408/764 327/406/766
f 349/437/767 348/436/765 327/406/766 326/404/768
f 350/438/769 349/437/767 326/404/768 325/402/770
f 351/439/771 350/438/769 325/402/770 324/400/772
f 352/440/773 351/439/771 324/400/772 323/398/774
f 353/441/775 352/440/773 323/398/774 322/395/776
f 338/427/746 353/441/775 322/395/776 321/394/747
f 355/392/695 354/364/667 338/427/746 339/426/745
f 356/390/693 355/392/695 339/426/745 340/428/749
f 357/388/691 356/390/693 340/428/749 341/429/751
f 358/386/689 357/388/691 341/429/751 342/430/753
f 359/384/687 358/386/689 342/430/753 343/431/755
f 360/382/685 359/384/687 343/431/755 344/432/757
f 361/380/683 360/382/685 344/432/757 345/433/759
f 362/378/681 361/380/683 345/433/759 346/434/761
f 363/376/679 362/378/681 346/434/761 347/435/763
f 364/374/677 363/376/679 347/435/763 348/436/765
f 365/372/675 364/374/677 348/436/765 349/437/767
f 366/370/673 365/372/675 349/437/767 350/438/769
f 367/368/671 366/370/673 350/438/769 351/439/771
f 368/366/669 367/368/671 351/439/771 352/440/773
f 369/363/666 368/366/669 352/440/773 353/441/775
f 354/364/667 369/363/666 353/441/775 338/427/746
s 58
f 387/442/777 386/443/778 388/444/779
f 389/445/780 387/442/777 388/444/779
f 390/446/781 389/445/780 388/444/779
f 391/447/782 390/446/781 388/444/779
f 392/448/783 391/447/782 388/444/779
f 393/449/784 392/448/783 388/444/779
f 394/450/785 393/449/784 388/444/779
f 395/451/786 394/450/785 388/444/779
f 396/452/787 395/451/786 388/444/779
f 397/453/788 396/452/787 388/444/779
f 398/454/789 397/453/788 388/444/779
f 399/455/790 398/454/789 388/444/779
f 400/456/791 399/455/790 388/444/779
f 401/457/792 400/456/791 388/444/779
f 402/458/793 401/457/792 388/444/779
f 388/444/779 386/443/778 402/458/793
s 59
f 404/459/794 403/460/795 386/461/796 387/462/797
f 405/463/798 404/459/794 387/462/797 389/464/799
f 406/465/800 405/463/798 389/464/799 390/466/801
f 407/467/802 406/465/800 390/466/801 391/468/803
f 408/469/804 407/467/802 391/468/803 392/470/805
f 409/471/806 408/469/804 392/470/805 393/472/807
f 410/473/808 409/471/806 393/472/807 394/474/809
f 411/475/810 410/473/808 394/474/809 395/476/811
f 412/477/812 411/475/810 395/476/811 396/478/813
f 413/479/814 412/477/812 396/478/813 397/480/815
f 414/481/816 413/479/814 397/480/815 398/482/817
f 415/483/818 414/481/816 398/482/817 399/484/819
f 416/485/820 415/483/818 399/484/819 400/486/821
f 417/487/822 416/485/820 400/486/821 401/488/823
f 418/489/824 417/487/822 401/488/823 402/490/825
f 386/461/796 403/460/795 418/489/824 402/490/825
s 60
f 371/425/826 370/397/827 403/460/828 404/459/829
f 372/423/830 371/425/826 404/459/829 405/463/831
f 373/421/832 372/423/830 405/463/831 406/465/833
f 374/419/834 373/421/832 406/465/833 407/467/835
f 375/417/836 374/419/834 407/467/835 408/469/837
f 376/415/838 375/417/836 408/469/837 409/471/839
f 377/413/840 376/415/838 409/471/839 410/473/841
f 378/411/842 377/413/840 410/473/841 411/475/843
f 379/409/844 378/411/842 411/475/843 412/477/845
f 380/407/846 379/409/844 412/477/845 413/479/847
f 381/405/848 380/407/846 413/479/847 414/481/849
f 382/403/850 381/405/848 414/481/849 415/483/851
f 383/401/852 382/403/850 415/483/851 416/485/853
f 384/399/854 383/401/852 416/485/853 417/487/855
f 385/396/856 384/399/854 417/487/855 418/489/857
f 370/397/827 385/396/856 418/489/857 403/460/828
s 61
f 419/491/858 468/492/859 483/493/860 420/494/861
f 420/494/861 483/493/860 482/495/862 421/496/863
f 421/496/863 482/495/862 481/497/864 422/498/865
f 422/498/865 481/497/864 480/499/866 423/500/867
f 423/500/867 480/499/866 479/501/868 424/502/869
f 424/502/869 479/501/868 478/503/870 425/504/871
f 425/504/871 478/503/870 477/505/872 426/506/873
f 426/506/873 477/505/872 476/507/874 427/508/875
f 427/508/875 476/507/874 475/509/876 428/510/877
f 428/510/877 475/509/876 474/511/878 429/512/879
f 429/512/879 474/511/878 473/513/880 430/514/881
f 430/514/881 473/513/880 472/515/882 431/516/883
f 431/516/883 472/515/882 471/517/884 432/518/885
f 432/518/885 471/517/884 470/519/886 433/520/887
f 433/520/887 470/519/886 469/521/888 434/522/889
f 434/522/889 469/521/888 468/492/859 419/491/858
s 62
f 420/494/890 451/523/891 419/491/892
f 421/496/893 451/523/891 420/494/890
f 422/498/894 451/523/891 421/496/893
f 423/500/895 451/523/891 422/498/894
f 424/502/896 451/523/891 423/500/895
f 425/504/897 451/523/891 424/502/896
f 426/506/898 451/523/891 425/504/897
f 427/508/899 451/523/891 426/506/898
f 428/510/900 451/523/891 427/508/899
f 429/512/901 451/523/891 428/510/900
f 430/514/902 451/523/891 429/512/901
f 431/516/903 451/523/891 430/514/902
f 432/518/904 451/523/891 431/516/903
f 433/520/905 451/523/891 432/518/904
f 434/522/906 451/523/891 433/520/905
f 419/491/892 451/523/891 434/522/906
s 63
f 435/524/907 484/525/908 499/526/909 436/527/910
f 436/527/910 499/526/909 498/528/911 437/529/912
f 437/529/912 498/528/911 497/530/913 438/531/914
f 438/531/914 497/530/913 496/532/915 439/533/916
f 439/533/916 496/532/915 495/534/917 440/535/918
f 440/535/918 495/534/917 494/536/919 441/537/920
f 441/537/920 494/536/919 493/538/921 442/539/922
f 442/539/922 493/538/921 492/540/923 443/541/924
f 443/541/924 492/540/923 491/542/925 444/543/926
f 444/543/926 491/542/925 490/544/927 445/545/928
f 445/545/928 490/544/927 489/546/929 446/547/930
f 446/547/930 489/546/929 488/548/931 447/549/932
f 447/549/932 488/548/931 487/550/933 448/551/934
f 448/551/934 487/550/933 486/552/935 449/553/936
f 449/553/936 486/552/935 485/554/937 450/555/938
f 450/555/938 485/554/937 484/525/908 435/524/907
s 61
f 453/556/939 450/555/940 435/524/941 452/557/942
f 454/558/943 449/553/944 450/555/940 453/556/939
f 455/559/945 448/551/946 449/553/944 454/558/943
f 456/560/947 447/549/948 448/551/946 455/559/945
f 457/561/949 446/547/950 447/549/948 456/560/947
f 458/562/951 445/545/952 446/547/950 457/561/949
f 459/563/953 444/543/954 445/545/952 458/562/951
f 460/564/955 443/541/956 444/543/954 459/563/953
f 461/565/957 442/539/958 443/541/956 460/564/955
f 462/566/959 441/537/960 442/539/958 461/565/957
f 463/567/961 440/535/962 441/537/960 462/566/959
f 464/568/963 439/533/964 440/535/962 463/567/961
f 465/569/965 438/531/966 439/533/964 464/568/963
f 466/570/967 437/529/968 438/531/966 465/569/965
f 467/571/969 436/527/970 437/529/968 466/570/967
f 452/557/942 435/524/941 436/527/970 467/571/969
f 469/521/888 453/556/939 452/557/942 468/492/859
f 470/519/886 454/558/943 453/556/939 469/521/888
f 471/517/884 455/559/945 454/558/943 470/519/886
f 472/515/882 456/560/947 455/559/945 471/517/884
f 473/513/880 457/561/949 456/560/947 472/515/882
f 474/511/878 458/562/951 457/561/949 473/513/880
f 475/509/876 459/563/953 458/562/951 474/511/878
f 476/507/874 460/564/955 459/563/953 475/509/876
f 477/505/872 461/565/957 460/564/955 476/507/874
f 478/503/870 462/566/959 461/565/957 477/505/872
f 479/501/868 463/567/961 462/566/959 478/503/870
f 480/499/866 464/568/963 463/567/961 479/501/868
f 481/497/864 465/569/965 464/568/963 480/499/866
f 482/495/862 466/570/967 465/569/965 481/497/864
f 483/493/860 467/571/969 466/570/967 482/495/862
f 468/492/859 452/557/942 467/571/969 483/493/860
s 65
f 501/572/971 502/573/972 500/574/973
f 503/575/974 502/573/972 501/572/971
f 504/576/975 502/573/972 503/575/974
f 505/577/976 502/573/972 504/576/975
f 506/578/977 502/573/972 505/577/976
f 507/579/978 502/573/972 506/578/977
f 508/580/979 502/573/972 507/579/978
f 509/581/980 502/573/972 508/580/979
f 510/582/981 502/573/972 509/581/980
f 511/583/982 502/573/972 510/582/981
f 512/584/983 502/573/972 511/583/982
f 513/585/984 502/573/972 512/584/983
f 514/586/985 502/573/972 513/585/984
f 515/587/986 502/573/972 514/586/985
f 516/588/987 502/573/972 515/587/986
f 502/573/972 516/588/987 500/574/973
s 66
f 518/589/988 501/590/989 500/591/990 517/592/991
f 519/593/992 503/594/993 501/590/989 518/589/988
f 520/595/994 504/596/995 503/594/993 519/593/992
f 521/597/996 505/598/997 504/596/995 520/595/994
f 522/599/998 506/600/999 505/598/997 521/597/996
f 523/601/1000 507/602/1001 506/600/999 522/599/998
f 524/603/1002 508/604/1003 507/602/1001 523/601/1000
f 525/605/1004 509/606/1005 508/604/1003 524/603/1002
f 526/607/1006 510/608/1007 509/606/1005 525/605/1004
f 527/609/1008 511/610/1009 510/608/1007 526/607/1006
f 528/611/1010 512/612/1011 511/610/1009 527/609/1008
f 529/613/1012 513/614/1013 512/612/1011 528/611/1010
f 530/615/1014 514/616/1015 513/614/1013 529/613/1012
f 531/617/1016 515/618/1017 514/616/1015 530/615/1014
f 532/619/1018 516/620/1019 515/618/1017 531/617/1016
f 500/591/990 516/620/1019 532/619/1018 517/592/991
s 67
f 485/554/1020 518/589/1021 517/592/1022 484/525/1023
f 486/552/1024 519/593/1025 518/589/1021 485/554/1020
f 487/550/1026 520/595/1027 519/593/1025 486/552/1024
f 488/548/1028 521/597/1029 520/595/1027 487/550/1026
f 489/546/1030 522/599/1031 521/597/1029 488/548/1028
f 490/544/1032 523/601/1033 522/599/1031 489/546/1030
f 491/542/1034 524/603/1035 523/601/1033 490/544/1032
f 492/540/1036 525/605/1037 524/603/1035 491/542/1034
f 493/538/1038 526/607/1039 525/605/1037 492/540/1036
f 494/536/1040 527/609/1041 526/607/1039 493/538/1038
f 495/534/1042 528/611/1043 527/609/1041 494/536/1040
f 496/532/1044 529/613/1045 528/611/1043 495/534/1042
f 497/530/1046 530/615/1047 529/613/1045 496/532/1044
f 498/528/1048 531/617/1049 530/615/1047 497/530/1046
f 499/526/1050 532/619/1051 531/617/1049 498/528/1048
f 484/525/1023 517/592/1022 532/619/1051 499/526/1050
s 68
f 533/621/1052 582/622/1053 597/623/1054 534/624/1055
f 534/624/1055 597/623/1054 596/625/1056 535/626/1057
f 535/626/1057 596/625/1056 595/627/1058 536/628/1059
f 536/628/1059 595/627/1058 594/629/1060 537/630/1061
f 537/630/1061 594/629/1060 593/631/1062 538/632/1063
f 538/632/1063 593/631/1062 592/633/1064 539/634/1065
f 539/634/1065 592/633/1064 591/635/1066 540/636/1067
f 540/636/1067 591/635/1066 590/637/1068 541/638/1069
f 541/638/1069 590/637/1068 589/639/1070 542/640/1071
f 542/640/1071 589/639/1070 588/641/1072 543/642/1073
f 543/642/1073 588/641/1072 587/643/1074 544/644/1075
f 544/644/1075 587/643/1074 586/645/1076 545/646/1077
f 545/646/1077 586/645/1076 585/647/1078 546/648/1079
f 546/648/1079 585/647/1078 584/649/1080 547/650/1081
f 547/650/1081 584/649/1080 583/651/1082 548/652/1083
f 548/652/1083 583/651/1082 582/622/1053 533/621/1052
s 69
f 534/624/1084 565/653/1085 533/621/1086
f 535/626/1087 565/653/1085 534/624/1084
f 536/628/1088 565/653/1085 535/626/1087
f 537/630/1089 565/653/1085 536/628/1088
f 538/632/1090 565/653/1085 537/630/1089
f 539/634/1091 565/653/1085 538/632/1090
f 540/636/1092 565/653/1085 539/634/1091
f 541/638/1093 565/653/1085 540/636/1092
f 542/640/1094 565/653/1085 541/638/1093
f 543/642/1095 565/653/1085 542/640/1094
f 544/644/1096 565/653/1085 543/642/1095
f 545/646/1097 565/653/1085 544/644/1096
f 546/648/1098 565/653/1085 545/646/1097
f 547/650/1099 565/653/1085 546/648/1098
f 548/652/1100 565/653/1085 547/650/1099
f 533/621/1086 565/653/1085 548/652/1100
s 70
f 549/654/1101 598/655/1102 613/656/1103 550/657/1104
f 550/657/1104 613/656/1103 612/658/1105 551/659/1106
f 551/659/1106 612/658/1105 611/660/1107 552/661/1108
f 552/661/1108 611/660/1107 610/662/1109 553/663/1110
f 553/663/1110 610/662/1109 609/664/1111 554/665/1112
f 554/665/1112 609/664/1111 608/666/1113 555/667/1114
f 555/667/1114 608/666/1113 607/668/1115 556/669/1116
f 556/669/1116 607/668/1115 606/670/1117 557/671/1118
f 557/671/1118 606/670/1117 605/672/1119 558/673/1120
f 558/673/1120 605/672/1119 604/674/1121 559/675/1122
f 559/675/1122 604/674/1121 603/676/1123 560/677/1124
f 560/677/1124 603/676/1123 602/678/1125 561/679/1126
f 561/679/1126 602/678/1125 601/680/1127 562/681/1128
f 562/681/1128 601/680/1127 600/682/1129 563/683/1130
f 563/683/1130 600/682/1129 599/684/1131 564/685/1132
f 564/685/1132 599/684/1131 598/655/1102 549/654/1101
s 68
f 567/686/1133 564/685/1134 549/654/1135 566/687/1136
f 568/688/1137 563/683/1138 564/685/1134 567/686/1133
f 569/689/1139 562/681/1140 563/683/1138 568/688/1137
f 570/690/1141 561/679/1142 562/681/1140 569/689/1139
f 571/691/1143 560/677/1144 561/679/1142 570/690/1141
f 572/692/1145 559/675/1146 560/677/1144 571/691/1143
f 573/693/1147 558/673/1148 559/675/1146 572/692/1145
f 574/694/1149 557/671/1150 558/673/1148 573/693/1147
f 575/695/1151 556/669/1152 557/671/1150 574/694/1149
f 576/696/1153 555/667/1154 556/669/1152 575/695/1151
f 577/697/1155 554/665/1156 555/667/1154 576/696/1153
f 578/698/1157 553/663/1158 554/665/1156 577/697/1155
f 579/699/1159 552/661/1160 553/663/1158 578/698/1157
f 580/700/1161 551/659/1162 552/661/1160 579/699/1159
f 581/701/1163 550/657/1164 551/659/1162 580/700/1161
f 566/687/1136 549/654/1135 550/657/1164 581/701/1163
f 583/651/1082 567/686/1133 566/687/1136 582/622/1053
f 584/649/1080 568/688/1137 567/686/1133 583/651/1082
f 585/647/1078 569/689/1139 568/688/1137 584/649/1080
f 586/645/1076 570/690/1141 569/689/1139 585/647/1078
f 587/643/1074 571/691/1143 570/690/1141 586/645/1076
f 588/641/1072 572/692/1145 571/691/1143 587/643/1074
f 589/639/1070 573/693/1147 572/692/1145 588/641/1072
f 590/637/1068 574/694/1149 573/693/1147 589/639/1070
f 591/635/1066 575/695/1151 574/694/1149 590/637/1068
f 592/633/1064 576/696/1153 575/695/1151 591/635/1066
f 593/631/1062 577/697/1155 576/696/1153 592/633/1064
f 594/629/1060 578/698/1157 577/697/1155 593/631/1062
f 595/627/1058 579/699/1159 578/698/1157 594/629/1060
f 596/625/1056 580/700/1161 579/699/1159 595/627/1058
f 597/623/1054 581/701/1163 580/700/1161 596/625/1056
f 582/622/1053 566/687/1136 581/701/1163 597/623/1054
s 72
f 615/702/1165 616/703/1166 614/704/1167
f 617/705/1168 616/703/1166 615/702/1165
f 618/706/1169 616/703/1166 617/705/1168
f 619/707/1170 616/703/1166 618/706/1169
f 620/708/1171 616/703/1166 619/707/1170
f 621/709/1172 616/703/1166 620/708/1171
f 622/710/1173 616/703/1166 621/709/1172
f 623/711/1174 616/703/1166 622/710/1173
f 624/712/1175 616/703/1166 623/711/1174
f 625/713/1176 616/703/1166 624/712/1175
f 626/714/1177 616/703/1166 625/713/1176
f 627/715/1178 616/703/1166 626/714/1177
f 628/716/1179 616/703/1166 627/715/1178
f 629/717/1180 616/703/1166 628/716/1179
f 630/718/1181 616/703/1166 629/717/1180
f 616/703/1166 630/718/1181 614/704/1167
s 73
f 632/719/1182 615/720/1183 614/721/1184 631/722/1185
f 633/723/1186 617/724/1187 615/720/1183 632/719/1182
f 634/725/1188 618/726/1189 617/724/1187 633/723/1186
f 635/727/1190 619/728/1191 618/726/1189 634/725/1188
f 636/729/1192 620/730/1193 619/728/1191 635/727/1190
f 637/731/1194 621/732/1195 620/730/1193 636/729/1192
f 638/733/1196 622/734/1197 621/732/1195 637/731/1194
f 639/735/1198 623/736/1199 622/734/1197 638/733/1196
f 640/737/1200 624/738/1201 623/736/1199 639/735/1198
f 641/739/1202 625/740/1203 624/738/1201 640/737/1200
f 642/741/1204 626/742/1205 625/740/1203 641/739/1202
f 643/743/1206 627/744/1207 626/742/1205 642/741/1204
f 644/745/1208 628/746/1209 627/744/1207 643/743/1206
f 645/747/1210 629/748/1211 628/746/1209 644/745/1208
f 646/749/1212 630/750/1213 629/748/1211 645/747/1210
f 614/721/1184 630/750/1213 646/749/1212 631/722/1185
s 74
f 599/684/1214 632/719/1215 631/722/1216 598/655/1217
f 600/682/1218 633/723/1219 632/719/1215 599/684/1214
f 601/680/1220 634/725/1221 633/723/1219 600/682/1218
f 602/678/1222 635/727/1223 634/725/1221 601/680/1220
f 603/676/1224 636/729/1225 635/727/1223 602/678/1222
f 604/674/1226 637/731/1227 636/729/1225 603/676/1224
f 605/672/1228 638/733/1229 637/731/1227 604/674/1226
f 606/670/1230 639/735/1231 638/733/1229 605/672/1228
f 607/668/1232 640/737/1233 639/735/1231 606/670/1230
f 608/666/1234 641/739/1235 640/737/1233 607/668/1232
f 609/664/1236 642/741/1237 641/739/1235 608/666/1234
f 610/662/1238 643/743/1239 642/741/1237 609/664/1236
f 611/660/1240 644/745/1241 643/743/1239 610/662/1238
f 612/658/1242 645/747/1243 644/745/1241 611/660/1240
f 613/656/1244 646/749/1245 645/747/1243 612/658/1242
f 598/655/1217 631/722/1216 646/749/1245 613/656/1244
s off
f 648/751/1246 657/752/1247 658/753/1248 650/754/1249
f 655/755/1250 656/756/1251 647/757/1252 649/758/1253
f 653/759/1254 656/756/1255 655/755/1256 651/760/1257
f 658/753/1258 657/752/1259 654/761/1260 652/762/1261
s 75
f 659/763/1262 660/764/1263 669/765/1264 670/766/1265
s 76
f 660/764/1266 659/763/1267 662/767/1268 661/768/1269
s off
f 661/768/1270 662/767/1271 664/769/1272 663/770/1273
s 77
f 663/770/1274 664/769/1275 666/771/1276 665/772/1277
s 78
f 665/772/1278 666/771/1279 668/773/1280 667/774/1281
s 79
f 667/774/1282 668/773/1283 670/766/1284 669/765/1285
s 76
f 647/757/1286 660/764/1266 661/768/1269 649/758/1287
s off
f 672/775/1288 671/776/1289 673/777/1290 674/778/1291
s 78
f 651/760/1292 665/772/1278 667/774/1281 653/759/1293
s 75
f 656/756/1294 669/765/1264 660/764/1263 647/757/1295
s 79
f 653/759/1296 667/774/1282 669/765/1285 656/756/1297
s 77
f 655/755/1298 663/770/1274 665/772/1277 651/760/1299
s 76
f 662/767/1268 659/763/1267 648/751/1300 650/754/1301
s off
f 676/779/1302 675/780/1303 677/781/1304 678/782/1305
s 77
f 666/771/1276 664/769/1275 658/753/1306 652/762/1307
s 78
f 668/773/1280 666/771/1279 652/762/1308 654/761/1309
s 79
f 670/766/1284 668/773/1283 654/761/1310 657/752/1311
s 75
f 659/763/1262 670/766/1265 657/752/1312 648/751/1313
s off
f 649/758/1314 661/768/1315 671/776/1316 672/775/1317
f 661/768/1318 663/770/1319 673/777/1320 671/776/1321
f 663/770/1322 655/755/1323 674/778/1324 673/777/1325
f 655/755/1326 649/758/1327 672/775/1328 674/778/1329
f 664/769/1330 662/767/1331 675/780/1332 676/779/1333
f 662/767/1334 650/754/1335 677/781/1336 675/780/1337
f 650/754/1338 658/753/1339 678/782/1340 677/781/1341
f 658/753/1342 664/769/1343 676/779/1344 678/782/1345
s 80
f 679/783/1346 680/784/1347 694/785/1348 691/786/1349
s off
f 681/787/1350 682/788/1351 684/789/1352 683/790/1353
s 81
f 692/791/1354 693/792/1355 686/793/1356 685/794/1357
s off
f 685/794/1358 686/793/1359 680/784/1360 679/783/1361
f 696/795/1362 695/796/1363 697/797/1364 698/798/1365
f 685/794/1366 679/783/1367 691/786/1368 692/791/1369
f 688/799/1370 687/800/1371 681/787/1372 683/790/1373
s 81
f 683/790/1374 684/789/1375 689/801/1376 688/799/1377
s off
f 700/802/1378 699/803/1379 701/804/1380 702/805/1381
s 80
f 687/800/1382 690/806/1383 682/788/1384 681/787/1385
s off
f 692/791/1386 691/786/1387 687/800/1388 688/799/1389
s 81
f 688/799/1377 689/801/1376 693/792/1355 692/791/1354
s off
f 694/785/1390 693/792/1391 689/801/1392 690/806/1393
s 80
f 691/786/1349 694/785/1348 690/806/1383 687/800/1382
s off
f 680/784/1394 686/793/1395 695/796/1396 696/795/1397
f 686/793/1398 693/792/1399 697/797/1400 695/796/1401
f 693/792/1402 694/785/1403 698/798/1404 697/797/1405
f 694/785/1406 680/784/1407 696/795/1408 698/798/1409
f 690/806/1410 689/801/1411 699/803/1412 700/802/1413
f 689/801/1414 684/789/1415 701/804/1416 699/803/1417
f 684/789/1418 682/788/1419 702/805/1420 701/804/1421
f 682/788/1422 690/806/1423 700/802/1424 702/805/1425
s 82
f 703/807/1426 704/808/1427 718/809/1428 715/810/1429
s off
f 705/811/1430 706/812/1431 708/813/1432 707/814/1433
s 83
f 716/815/1434 717/816/1435 710/817/1436 709/818/1437
s off
f 709/818/1438 710/817/1439 704/808/1440 703/807/1441
f 720/819/1442 719/820/1443 721/821/1444 722/822/1445
f 709/818/1446 703/807/1447 715/810/1448 716/815/1449
f 712/823/1450 711/824/1451 705/811/1452 707/814/1453
s 83
f 707/814/1454 708/813/1455 713/825/1456 712/823/1457
s off
f 724/826/1458 723/827/1459 725/828/1460 726/829/1461
s 82
f 711/824/1462 714/830/1463 706/812/1464 705/811/1465
s off
f 716/815/1466 715/810/1467 711/824/1468 712/823/1469
s 83
f 712/823/1457 713/825/1456 717/816/1435 716/815/1434
s off
f 718/809/1470 717/816/1471 713/825/1472 714/830/1473
s 82
f 715/810/1429 718/809/1428 714/830/1463 711/824/1462
s off
f 704/808/1474 710/817/1475 719/820/1476 720/819/1477
f 710/817/1478 717/816/1479 721/821/1480 719/820/1481
f 717/816/1482 718/809/1483 722/822/1484 721/821/1485
f 718/809/1486 704/808/1487 720/819/1488 722/822/1489
f 714/830/1490 713/825/1491 723/827/1492 724/826/1493
f 713/825/1494 708/813/1495 725/828/1496 723/827/1497
f 708/813/1498 706/812/1499 726/829/1500 725/828/1501
f 706/812/1502 714/830/1503 724/826/1504 726/829/1505
f 727/831/1506 728/832/1507 730/833/1508 729/834/1509
f 729/834/1510 730/833/1511 732/835/1512 731/836/1513
f 731/836/1514 732/835/1515 734/837/1516 733/838/1517
f 733/838/1518 734/837/1519 728/832/1520 727/831/1521
f 728/832/1522 734/837/1523 732/835/1524 730/833/1525
f 733/838/1526 727/831/1527 729/834/1528 731/836/1529
f 735/839/1530 736/840/1531 738/841/1532 737/842/1533
f 737/842/1534 738/841/1535 740/843/1536 739/844/1537
f 739/844/1538 740/843/1539 742/845/1540 741/846/1541
f 741/846/1542 742/845/1543 736/840/1544 735/839/1545
f 736/840/1546 742/845/1547 740/843/1548 738/841/1549
f 741/846/1550 735/839/1551 737/842/1552 739/844/1553
f 743/847/1554 744/848/1555 746/849/1556 745/850/1557
f 745/850/1558 746/849/1559 748/851/1560 747/852/1561
f 747/852/1562 748/851/1563 750/853/1564 749/854/1565
f 749/854/1566 750/853/1567 744/848/1568 743/847/1569
f 744/848/1570 750/853/1571 748/851/1572 746/849/1573
f 749/854/1574 743/847/1575 745/850/1576 747/852/1577
s 84
f 787/855/1578 803/856/1579 804/857/1580 790/858/1581
s 85
f 757/859/1582 806/860/1583 807/861/1584 760/862/1585
s 86
f 791/863/1586 809/864/1587 810/865/1588 794/866/1589
s 87
f 751/867/1590 795/868/1591 796/869/1592 761/870/1593
s off
f 794/866/1594 787/855/1595 790/858/1596 791/863/1597
s 88
f 804/857/1598 805/871/1599 753/872/1600 790/858/1601
s off
f 755/873/1602 754/874/1603 789/875/1604 792/876/1605
s 89
f 753/872/1606 805/871/1607 806/860/1608 757/859/1609
s off
f 754/874/1610 755/873/1611 759/877/1612 758/878/1613
s 90
f 807/861/1614 808/879/1615 756/880/1616 760/862/1617
s off
f 756/880/1618 753/872/1619 757/859/1620 760/862/1621
f 788/881/1622 793/882/1623 792/876/1624 789/875/1625
s 91
f 762/883/1626 761/870/1627 796/869/1628 797/884/1629
s 92
f 764/885/1630 763/886/1631 752/887/1632 765/888/1633
s 93
f 766/889/1634 816/890/1635 795/868/1636 751/867/1637
s 94
f 751/867/1638 761/870/1639 762/883/1640 766/889/1641
f 766/889/1641 762/883/1640 768/891/1642 767/892/1643
s 95
f 762/883/1644 797/884/1645 798/893/1646 768/891/1647
s 92
f 764/885/1630 765/888/1633 770/894/1648 769/895/1649
s 93
f 767/892/1650 815/896/1651 816/890/1635 766/889/1634
s off
f 775/897/1652 776/898/1653 777/899/1654 778/900/1655
f 776/898/1656 799/901/1657 800/902/1658 777/899/1659
f 779/903/1660 781/904/1661 782/905/1662 780/906/1663
s 96
f 778/900/1664 813/907/1665 814/908/1666 775/897/1667
s off
f 767/909/1668 768/910/1669 776/898/1670 775/897/1671
f 772/911/1672 771/912/1673 778/900/1674 777/899/1675
s 97
f 768/910/1676 798/913/1677 799/901/1678 776/898/1679
s 98
f 800/902/1680 801/914/1681 772/911/1682 777/899/1683
s off
f 769/915/1684 770/916/1685 781/904/1686 779/903/1687
f 774/917/1688 773/918/1689 780/906/1690 782/905/1691
s 99
f 771/912/1692 812/919/1693 813/907/1694 778/900/1695
s 100
f 814/908/1696 815/920/1697 767/909/1698 775/897/1699
s off
f 771/921/1700 772/922/1701 784/923/1702 783/924/1703
s 101
f 772/922/1704 801/925/1705 802/926/1706 784/923/1707
s off
f 773/927/1708 774/928/1709 786/929/1710 785/930/1711
s 102
f 783/924/1712 811/931/1713 812/932/1714 771/921/1715
s 103
f 784/933/1716 802/934/1717 803/856/1718 787/855/1719
s 104
f 808/879/1720 809/864/1721 791/863/1722 756/880/1723
s 105
f 810/865/1724 811/935/1725 783/936/1726 794/866/1727
s off
f 783/936/1728 784/933/1729 787/855/1730 794/866/1731
f 756/880/1732 791/863/1733 790/858/1734 753/872/1735
f 785/937/1736 786/938/1737 793/882/1738 788/881/1739
s 87
f 817/939/1740 818/940/1741 752/887/1742 763/886/1743
s 91
f 838/941/1744 817/939/1745 763/886/1746 764/885/1747
s 95
f 837/942/1748 838/941/1749 764/885/1750 769/895/1751
s 97
f 836/943/1752 837/944/1753 769/915/1754 779/903/1755
s off
f 835/945/1756 836/943/1757 779/903/1758 780/906/1759
s 98
f 773/918/1760 834/946/1761 835/945/1762 780/906/1763
s 101
f 833/947/1764 834/948/1765 773/927/1766 785/930/1767
s 103
f 832/949/1768 833/950/1769 785/937/1770 788/881/1771
s 84
f 831/951/1772 832/949/1773 788/881/1774 789/875/1775
s 88
f 754/874/1776 830/952/1777 831/951/1778 789/875/1779
s 89
f 829/953/1780 830/952/1781 754/874/1782 758/878/1783
s 85
f 828/954/1784 829/953/1785 758/878/1786 759/877/1787
s 90
f 755/873/1788 827/955/1789 828/954/1790 759/877/1791
s 104
f 755/873/1792 792/876/1793 826/956/1794 827/955/1795
s 86
f 825/957/1796 826/956/1797 792/876/1798 793/882/1799
s 105
f 786/938/1800 824/958/1801 825/957/1802 793/882/1803
s 102
f 823/959/1804 824/960/1805 786/929/1806 774/928/1807
s 99
f 822/961/1808 823/962/1809 774/917/1810 782/905/1811
s 96
f 821/963/1812 822/961/1813 782/905/1814 781/904/1815
s 100
f 770/916/1816 820/964/1817 821/963/1818 781/904/1819
s 93
f 819/965/1820 820/966/1821 770/894/1822 765/888/1823
f 818/940/1824 819/965/1820 765/888/1823 752/887/1825
s 87
f 796/869/1592 795/868/1591 818/940/1741 817/939/1740
s 93
f 795/868/1636 816/890/1635 819/965/1820 818/940/1824
f 816/890/1635 815/896/1651 820/966/1821 819/965/1820
s 100
f 821/963/1818 820/964/1817 815/920/1697 814/908/1696
s 96
f 814/908/1666 813/907/1665 822/961/1813 821/963/1812
s 99
f 813/907/1694 812/919/1693 823/962/1809 822/961/1808
s 102
f 812/932/1714 811/931/1713 824/960/1805 823/959/1804
s 105
f 825/957/1802 824/958/1801 811/935/1725 810/865/1724
s 86
f 810/865/1588 809/864/1587 826/956/1797 825/957/1796
s 104
f 827/955/1795 826/956/1794 809/864/1721 808/879/1720
s 90
f 828/954/1790 827/955/1789 808/879/1615 807/861/1614
s 85
f 807/861/1584 806/860/1583 829/953/1785 828/954/1784
s 89
f 806/860/1608 805/871/1607 830/952/1781 829/953/1780
s 88
f 831/951/1778 830/952/1777 805/871/1599 804/857/1598
s 84
f 804/857/1580 803/856/1579 832/949/1773 831/951/1772
s 103
f 803/856/1718 802/934/1717 833/950/1769 832/949/1768
s 101
f 802/926/1706 801/925/1705 834/948/1765 833/947/1764
s 98
f 835/945/1762 834/946/1761 801/914/1681 800/902/1680
s off
f 840/967/1826 839/968/1827 841/969/1828 842/970/1829
s 97
f 799/901/1678 798/913/1677 837/944/1753 836/943/1752
s 95
f 798/893/1646 797/884/1645 838/941/1749 837/942/1748
s 91
f 797/884/1629 796/869/1628 817/939/1745 838/941/1744
s off
f 800/971/1830 799/972/1831 839/968/1832 840/967/1833
f 799/972/1834 836/973/1835 841/969/1836 839/968/1837
f 836/973/1838 835/974/1839 842/970/1840 841/969/1841
f 835/974/1842 800/971/1843 840/967/1844 842/970/1845
f 843/975/1846 844/976/1847 846/977/1848 845/978/1849
s 106
f 845/978/1850 846/977/1851 854/979/1852 851/980/1853
s off
f 847/981/1854 848/982/1855 850/983/1856 849/984/1857
s 107
f 852/985/1858 853/986/1859 844/976/1860 843/975/1861
s 108
f 844/976/1862 853/986/1863 854/979/1864 846/977/1865
s 109
f 851/980/1866 852/985/1867 843/975/1868 845/978/1869
f 849/984/1870 852/985/1867 851/980/1866 847/981/1871
s 107
f 849/984/1872 850/983/1873 853/986/1859 852/985/1858
s 108
f 854/979/1864 853/986/1863 850/983/1874 848/982/1875
s 106
f 851/980/1853 854/979/1852 848/982/1876 847/981/1877
s off
f 855/987/1878 856/988/1879 858/989/1880 857/990/1881
s 110
f 857/990/1882 858/989/1883 866/991/1884 863/992/1885
s off
f 859/993/1886 860/994/1887 862/995/1888 861/996/1889
s 111
f 864/997/1890 865/998/1891 856/988/1892 855/987/1893
s 112
f 856/988/1894 865/998/1895 866/991/1896 858/989/1897
s 113
f 863/992/1898 864/997/1899 855/987/1900 857/990/1901
f 861/996/1902 864/997/1899 863/992/1898 859/993/1903
s 111
f 861/996/1904 862/995/1905 865/998/1891 864/997/1890
s 112
f 866/991/1896 865/998/1895 862/995/1906 860/994/1907
s 110
f 863/992/1885 866/991/1884 860/994/1908 859/993/1909
s 114
f 868/999/1910 867/1000/1911 903/1001/1912 908/1002/1913
s 115
f 867/1000/1914 872/1003/1915 904/1004/1916 903/1001/1917
s 116
f 870/1005/1918 869/1006/1919 877/1007/1920 876/1008/1921
s 114
f 869/1006/1922 868/999/1910 878/1009/1923 877/1007/1924
s 115
f 872/1003/1915 871/1010/1925 881/1011/1926 880/1012/1927
s 116
f 871/1010/1928 870/1005/1918 882/1013/1929 881/1011/1930
s 117
f 874/1014/1931 873/1015/1932 909/1016/1933 914/1017/1934
s 114
f 873/1015/1935 878/1009/1923 910/1018/1936 909/1016/1937
s 116
f 876/1008/1921 875/1019/1938 889/1020/1939 888/1021/1940
s 117
f 875/1019/1941 874/1014/1931 890/1022/1942 889/1020/1943
s 115
f 880/1012/1927 879/1023/1944 893/1024/1945 892/1025/1946
s 118
f 879/1023/1947 884/1026/1948 894/1027/1949 893/1024/1950
f 884/1026/1948 883/1028/1951 887/1029/1952 886/1030/1953
s 116
f 883/1028/1954 882/1013/1929 888/1021/1940 887/1029/1955
s 118
f 886/1030/1953 885/1031/1956 901/1032/1957 900/1033/1958
s 117
f 885/1031/1959 890/1022/1942 902/1034/1960 901/1032/1961
s 115
f 892/1025/1946 891/1035/1962 905/1036/1963 904/1004/1916
s 119
f 891/1035/1964 896/1037/1965 906/1038/1966 905/1036/1967
f 896/1037/1965 895/1039/1968 899/1040/1969 898/1041/1970
s 118
f 895/1039/1971 894/1027/1949 900/1033/1958 899/1040/1972
s 119
f 898/1041/1970 897/1042/1973 913/1043/1974 912/1044/1975
s 117
f 897/1042/1976 902/1034/1960 914/1017/1934 913/1043/1977
s 114
f 908/1002/1913 907/1045/1978 911/1046/1979 910/1018/1936
s 119
f 907/1045/1980 906/1038/1966 912/1044/1975 911/1046/1981
s 116
f 870/1005/1918 876/1008/1921 888/1021/1940 882/1013/1929
s 118
f 884/1026/1948 886/1030/1953 900/1033/1958 894/1027/1949
s 119
f 896/1037/1965 898/1041/1970 912/1044/1975 906/1038/1966
s 114
f 908/1002/1913 910/1018/1936 878/1009/1923 868/999/1910
s 117
f 874/1014/1931 914/1017/1934 902/1034/1960 890/1022/1942
s 115
f 904/1004/1916 872/1003/1915 880/1012/1927 892/1025/1946
f 871/1010/1925 872/1003/1915 867/1000/1914 915/1047/1982
s 114
f 867/1000/1911 868/999/1910 869/1006/1922 915/1047/1983
s 116
f 869/1006/1919 870/1005/1918 871/1010/1928 915/1047/1984
s 114
f 877/1007/1924 878/1009/1923 873/1015/1935 916/1048/1985
s 117
f 873/1015/1932 874/1014/1931 875/1019/1941 916/1048/1986
s 116
f 875/1019/1938 876/1008/1921 877/1007/1920 916/1048/1987
s 118
f 883/1028/1951 884/1026/1948 879/1023/1947 917/1049/1988
s 115
f 879/1023/1944 880/1012/1927 881/1011/1926 917/1049/1989
s 116
f 881/1011/1930 882/1013/1929 883/1028/1954 917/1049/1990
s 117
f 889/1020/1943 890/1022/1942 885/1031/1959 918/1050/1991
s 118
f 885/1031/1956 886/1030/1953 887/1029/1952 918/1050/1992
s 116
f 887/1029/1955 888/1021/1940 889/1020/1939 918/1050/1993
s 119
f 895/1039/1968 896/1037/1965 891/1035/1964 919/1051/1994
s 115
f 891/1035/1962 892/1025/1946 893/1024/1945 919/1051/1995
s 118
f 893/1024/1950 894/1027/1949 895/1039/1971 919/1051/1996
s 117
f 901/1032/1961 902/1034/1960 897/1042/1976 920/1052/1997
s 119
f 897/1042/1973 898/1041/1970 899/1040/1969 920/1052/1998
s 118
f 899/1040/1972 900/1033/1958 901/1032/1957 920/1052/1999
s 114
f 907/1045/1978 908/1002/1913 903/1001/1912 921/1053/2000
s 115
f 903/1001/1917 904/1004/1916 905/1036/1963 921/1053/2001
s 119
f 905/1036/1967 906/1038/1966 907/1045/1980 921/1053/2002
s 117
f 913/1043/1977 914/1017/1934 909/1016/1933 922/1054/2003
s 114
f 909/1016/1937 910/1018/1936 911/1046/1979 922/1054/2004
s 119
f 911/1046/1981 912/1044/1975 913/1043/1974 922/1054/2005
s 120
f 924/1055/2006 923/1056/2007 959/1057/2008 964/1058/2009
s 121
f 923/1056/2010 928/1059/2011 960/1060/2012 959/1057/2013
s 122
f 926/1061/2014 925/1062/2015 933/1063/2016 932/1064/2017
s 120
f 925/1062/2018 924/1055/2006 934/1065/2019 933/1063/2020
s 121
f 928/1059/2011 927/1066/2021 937/1067/2022 936/1068/2023
s 122
f 927/1066/2024 926/1061/2014 938/1069/2025 937/1067/2026
s 123
f 930/1070/2027 929/1071/2028 965/1072/2029 970/1073/2030
s 120
f 929/1071/2031 934/1065/2019 966/1074/2032 965/1072/2033
s 122
f 932/1064/2017 931/1075/2034 945/1076/2035 944/1077/2036
s 123
f 931/1075/2037 930/1070/2027 946/1078/2038 945/1076/2039
s 121
f 936/1068/2023 935/1079/2040 949/1080/2041 948/1081/2042
s 124
f 935/1079/2043 940/1082/2044 950/1083/2045 949/1080/2046
f 940/1082/2044 939/1084/2047 943/1085/2048 942/1086/2049
s 122
f 939/1084/2050 938/1069/2025 944/1077/2036 943/1085/2051
s 124
f 942/1086/2049 941/1087/2052 957/1088/2053 956/1089/2054
s 123
f 941/1087/2055 946/1078/2038 958/1090/2056 957/1088/2057
s 121
f 948/1081/2042 947/1091/2058 961/1092/2059 960/1060/2012
s 125
f 947/1091/2060 952/1093/2061 962/1094/2062 961/1092/2063
f 952/1093/2061 951/1095/2064 955/1096/2065 954/1097/2066
s 124
f 951/1095/2067 950/1083/2045 956/1089/2054 955/1096/2068
s 125
f 954/1097/2066 953/1098/2069 969/1099/2070 968/1100/2071
s 123
f 953/1098/2072 958/1090/2056 970/1073/2030 969/1099/2073
s 120
f 964/1058/2009 963/1101/2074 967/1102/2075 966/1074/2032
s 125
f 963/1101/2076 962/1094/2062 968/1100/2071 967/1102/2077
s 122
f 926/1061/2014 932/1064/2017 944/1077/2036 938/1069/2025
s 124
f 940/1082/2044 942/1086/2049 956/1089/2054 950/1083/2045
s 125
f 952/1093/2061 954/1097/2066 968/1100/2071 962/1094/2062
s 120
f 964/1058/2009 966/1074/2032 934/1065/2019 924/1055/2006
s 123
f 930/1070/2027 970/1073/2030 958/1090/2056 946/1078/2038
s 121
f 960/1060/2012 928/1059/2011 936/1068/2023 948/1081/2042
f 927/1066/2021 928/1059/2011 923/1056/2010 971/1103/2078
s 120
f 923/1056/2007 924/1055/2006 925/1062/2018 971/1103/2079
s 122
f 925/1062/2015 926/1061/2014 927/1066/2024 971/1103/2080
s 120
f 933/1063/2020 934/1065/2019 929/1071/2031 972/1104/2081
s 123
f 929/1071/2028 930/1070/2027 931/1075/2037 972/1104/2082
s 122
f 931/1075/2034 932/1064/2017 933/1063/2016 972/1104/2083
s 124
f 939/1084/2047 940/1082/2044 935/1079/2043 973/1105/2084
s 121
f 935/1079/2040 936/1068/2023 937/1067/2022 973/1105/2085
s 122
f 937/1067/2026 938/1069/2025 939/1084/2050 973/1105/2086
s 123
f 945/1076/2039 946/1078/2038 941/1087/2055 974/1106/2087
s 124
f 941/1087/2052 942/1086/2049 943/1085/2048 974/1106/2088
s 122
f 943/1085/2051 944/1077/2036 945/1076/2035 974/1106/2089
s 125
f 951/1095/2064 952/1093/2061 947/1091/2060 975/1107/2090
s 121
f 947/1091/2058 948/1081/2042 949/1080/2041 975/1107/2091
s 124
f 949/1080/2046 950/1083/2045 951/1095/2067 975/1107/2092
s 123
f 957/1088/2057 958/1090/2056 953/1098/2072 976/1108/2093
s 125
f 953/1098/2069 954/1097/2066 955/1096/2065 976/1108/2094
s 124
f 955/1096/2068 956/1089/2054 957/1088/2053 976/1108/2095
s 120
f 963/1101/2074 964/1058/2009 959/1057/2008 977/1109/2096
s 121
f 959/1057/2013 960/1060/2012 961/1092/2059 977/1109/2097
s 125
f 961/1092/2063 962/1094/2062 963/1101/2076 977/1109/2098
s 123
f 969/1099/2073 970/1073/2030 965/1072/2029 978/1110/2099
s 120
f 965/1072/2033 966/1074/2032 967/1102/2075 978/1110/2100
s 125
f 967/1102/2077 968/1100/2071 969/1099/2070 978/1110/2101
s 126
f 980/1111/2102 979/1112/2103 1015/1113/2104 1020/1114/2105
s 127
f 979/1112/2106 984/1115/2107 1016/1116/2108 1015/1113/2109
s 128
f 982/1117/2110 981/1118/2111 989/1119/2112 988/1120/2113
s 126
f 981/1118/2114 980/1111/2102 990/1121/2115 989/1119/2116
s 127
f 984/1115/2107 983/1122/2117 993/1123/2118 992/1124/2119
s 128
f 983/1122/2120 982/1117/2110 994/1125/2121 993/1123/2122
s 129
f 986/1126/2123 985/1127/2124 1021/1128/2125 1026/1129/2126
s 126
f 985/1127/2127 990/1121/2115 1022/1130/2128 1021/1128/2129
s 128
f 988/1120/2113 987/1131/2130 1001/1132/2131 1000/1133/2132
s 129
f 987/1131/2133 986/1126/2123 1002/1134/2134 1001/1132/2135
s 127
f 992/1124/2119 991/1135/2136 1005/1136/2137 1004/1137/2138
s 130
f 991/1135/2139 996/1138/2140 1006/1139/2141 1005/1136/2142
f 996/1138/2140 995/1140/2143 999/1141/2144 998/1142/2145
s 128
f 995/1140/2146 994/1125/2121 1000/1133/2132 999/1141/2147
s 130
f 998/1142/2145 997/1143/2148 1013/1144/2149 1012/1145/2150
s 129
f 997/1143/2151 1002/1134/2134 1014/1146/2152 1013/1144/2153
s 127
f 1004/1137/2138 1003/1147/2154 1017/1148/2155 1016/1116/2108
s 131
f 1003/1147/2156 1008/1149/2157 1018/1150/2158 1017/1148/2159
f 1008/1149/2157 1007/1151/2160 1011/1152/2161 1010/1153/2162
s 130
f 1007/1151/2163 1006/1139/2141 1012/1145/2150 1011/1152/2164
s 131
f 1010/1153/2162 1009/1154/2165 1025/1155/2166 1024/1156/2167
s 129
f 1009/1154/2168 1014/1146/2152 1026/1129/2126 1025/1155/2169
s 126
f 1020/1114/2105 1019/1157/2170 1023/1158/2171 1022/1130/2128
s 131
f 1019/1157/2172 1018/1150/2158 1024/1156/2167 1023/1158/2173
s 128
f 982/1117/2110 988/1120/2113 1000/1133/2132 994/1125/2121
s 130
f 996/1138/2140 998/1142/2145 1012/1145/2150 1006/1139/2141
s 131
f 1008/1149/2157 1010/1153/2162 1024/1156/2167 1018/1150/2158
s 126
f 1020/1114/2105 1022/1130/2128 990/1121/2115 980/1111/2102
s 129
f 986/1126/2123 1026/1129/2126 1014/1146/2152 1002/1134/2134
s 127
f 1016/1116/2108 984/1115/2107 992/1124/2119 1004/1137/2138
f 983/1122/2117 984/1115/2107 979/1112/2106 1027/1159/2174
s 126
f 979/1112/2103 980/1111/2102 981/1118/2114 1027/1159/2175
s 128
f 981/1118/2111 982/1117/2110 983/1122/2120 1027/1159/2176
s 126
f 989/1119/2116 990/1121/2115 985/1127/2127 1028/1160/2177
s 129
f 985/1127/2124 986/1126/2123 987/1131/2133 1028/1160/2178
s 128
f 987/1131/2130 988/1120/2113 989/1119/2112 1028/1160/2179
s 130
f 995/1140/2143 996/1138/2140 991/1135/2139 1029/1161/2180
s 127
f 991/1135/2136 992/1124/2119 993/1123/2118 1029/1161/2181
s 128
f 993/1123/2122 994/1125/2121 995/1140/2146 1029/1161/2182
s 129
f 1001/1132/2135 1002/1134/2134 997/1143/2151 1030/1162/2183
s 130
f 997/1143/2148 998/1142/2145 999/1141/2144 1030/1162/2184
s 128
f 999/1141/2147 1000/1133/2132 1001/1132/2131 1030/1162/2185
s 131
f 1007/1151/2160 1008/1149/2157 1003/1147/2156 1031/1163/2186
s 127
f 1003/1147/2154 1004/1137/2138 1005/1136/2137 1031/1163/2187
s 130
f 1005/1136/2142 1006/1139/2141 1007/1151/2163 1031/1163/2188
s 129
f 1013/1144/2153 1014/1146/2152 1009/1154/2168 1032/1164/2189
s 131
f 1009/1154/2165 1010/1153/2162 1011/1152/2161 1032/1164/2190
s 130
f 1011/1152/2164 1012/1145/2150 1013/1144/2149 1032/1164/2191
s 126
f 1019/1157/2170 1020/1114/2105 1015/1113/2104 1033/1165/2192
s 127
f 1015/1113/2109 1016/1116/2108 1017/1148/2155 1033/1165/2193
s 131
f 1017/1148/2159 1018/1150/2158 1019/1157/2172 1033/1165/2194
s 129
f 1025/1155/2169 1026/1129/2126 1021/1128/2125 1034/1166/2195
s 126
f 1021/1128/2129 1022/1130/2128 1023/1158/2171 1034/1166/2196
s 131
f 1023/1158/2173 1024/1156/2167 1025/1155/2166 1034/1166/2197
s 132
f 1036/1167/2198 1035/1168/2199 1071/1169/2200 1076/1170/2201
s 133
f 1035/1168/2202 1040/1171/2203 1072/1172/2204 1071/1169/2205
s 134
f 1038/1173/2206 1037/1174/2207 1045/1175/2208 1044/1176/2209
s 132
f 1037/1174/2210 1036/1167/2198 1046/1177/2211 1045/1175/2212
s 133
f 1040/1171/2203 1039/1178/2213 1049/1179/2214 1048/1180/2215
s 134
f 1039/1178/2216 1038/1173/2206 1050/1181/2217 1049/1179/2218
s 135
f 1042/1182/2219 1041/1183/2220 1077/1184/2221 1082/1185/2222
s 132
f 1041/1183/2223 1046/1177/2211 1078/1186/2224 1077/1184/2225
s 134
f 1044/1176/2209 1043/1187/2226 1057/1188/2227 1056/1189/2228
s 135
f 1043/1187/2229 1042/1182/2219 1058/1190/2230 1057/1188/2231
s 133
f 1048/1180/2215 1047/1191/2232 1061/1192/2233 1060/1193/2234
s 136
f 1047/1191/2235 1052/1194/2236 1062/1195/2237 1061/1192/2238
f 1052/1194/2236 1051/1196/2239 1055/1197/2240 1054/1198/2241
s 134
f 1051/1196/2242 1050/1181/2217 1056/1189/2228 1055/1197/2243
s 136
f 1054/1198/2241 1053/1199/2244 1069/1200/2245 1068/1201/2246
s 135
f 1053/1199/2247 1058/1190/2230 1070/1202/2248 1069/1200/2249
s 133
f 1060/1193/2234 1059/1203/2250 1073/1204/2251 1072/1172/2204
s 137
f 1059/1203/2252 1064/1205/2253 1074/1206/2254 1073/1204/2255
f 1064/1205/2253 1063/1207/2256 1067/1208/2257 1066/1209/2258
s 136
f 1063/1207/2259 1062/1195/2237 1068/1201/2246 1067/1208/2260
s 137
f 1066/1209/2258 1065/1210/2261 1081/1211/2262 1080/1212/2263
s 135
f 1065/1210/2264 1070/1202/2248 1082/1185/2222 1081/1211/2265
s 132
f 1076/1170/2201 1075/1213/2266 1079/1214/2267 1078/1186/2224
s 137
f 1075/1213/2268 1074/1206/2254 1080/1212/2263 1079/1214/2269
s 134
f 1038/1173/2206 1044/1176/2209 1056/1189/2228 1050/1181/2217
s 136
f 1052/1194/2236 1054/1198/2241 1068/1201/2246 1062/1195/2237
s 137
f 1064/1205/2253 1066/1209/2258 1080/1212/2263 1074/1206/2254
s 132
f 1076/1170/2201 1078/1186/2224 1046/1177/2211 1036/1167/2198
s 135
f 1042/1182/2219 1082/1185/2222 1070/1202/2248 1058/1190/2230
s 133
f 1072/1172/2204 1040/1171/2203 1048/1180/2215 1060/1193/2234
f 1039/1178/2213 1040/1171/2203 1035/1168/2202 1083/1215/2270
s 132
f 1035/1168/2199 1036/1167/2198 1037/1174/2210 1083/1215/2271
s 134
f 1037/1174/2207 1038/1173/2206 1039/1178/2216 1083/1215/2272
s 132
f 1045/1175/2212 1046/1177/2211 1041/1183/2223 1084/1216/2273
s 135
f 1041/1183/2220 1042/1182/2219 1043/1187/2229 1084/1216/2274
s 134
f 1043/1187/2226 1044/1176/2209 1045/1175/2208 1084/1216/2275
s 136
f 1051/1196/2239 1052/1194/2236 1047/1191/2235 1085/1217/2276
s 133
f 1047/1191/2232 1048/1180/2215 1049/1179/2214 1085/1217/2277
s 134
f 1049/1179/2218 1050/1181/2217 1051/1196/2242 1085/1217/2278
s 135
f 1057/1188/2231 1058/1190/2230 1053/1199/2247 1086/1218/2279
s 136
f 1053/1199/2244 1054/1198/2241 1055/1197/2240 1086/1218/2280
s 134
f 1055/1197/2243 1056/1189/2228 1057/1188/2227 1086/1218/2281
s 137
f 1063/1207/2256 1064/1205/2253 1059/1203/2252 1087/1219/2282
s 133
f 1059/1203/2250 1060/1193/2234 1061/1192/2233 1087/1219/2283
s 136
f 1061/1192/2238 1062/1195/2237 1063/1207/2259 1087/1219/2284
s 135
f 1069/1200/2249 1070/1202/2248 1065/1210/2264 1088/1220/2285
s 137
f 1065/1210/2261 1066/1209/2258 1067/1208/2257 1088/1220/2286
s 136
f 1067/1208/2260 1068/1201/2246 1069/1200/2245 1088/1220/2287
s 132
f 1075/1213/2266 1076/1170/2201 1071/1169/2200 1089/1221/2288
s 133
f 1071/1169/2205 1072/1172/2204 1073/1204/2251 1089/1221/2289
s 137
f 1073/1204/2255 1074/1206/2254 1075/1213/2268 1089/1221/2290
s 135
f 1081/1211/2265 1082/1185/2222 1077/1184/2221 1090/1222/2291
s 132
f 1077/1184/2225 1078/1186/2224 1079/1214/2267 1090/1222/2292
s 137
f 1079/1214/2269 1080/1212/2263 1081/1211/2262 1090/1222/2293
s 138
f 1092/1223/2294 1091/1224/2295 1127/1225/2296 1132/1226/2297
s 139
f 1091/1224/2298 1096/1227/2299 1128/1228/2300 1127/1225/2301
s 140
f 1094/1229/2302 1093/1230/2303 1101/1231/2304 1100/1232/2305
s 138
f 1093/1230/2306 1092/1223/2294 1102/1233/2307 1101/1231/2308
s 139
f 1096/1227/2299 1095/1234/2309 1105/1235/2310 1104/1236/2311
s 140
f 1095/1234/2312 1094/1229/2302 1106/1237/2313 1105/1235/2314
s 141
f 1098/1238/2315 1097/1239/2316 1133/1240/2317 1138/1241/2318
s 138
f 1097/1239/2319 1102/1233/2307 1134/1242/2320 1133/1240/2321
s 140
f 1100/1232/2305 1099/1243/2322 1113/1244/2323 1112/1245/2324
s 141
f 1099/1243/2325 1098/1238/2315 1114/1246/2326 1113/1244/2327
s 139
f 1104/1236/2311 1103/1247/2328 1117/1248/2329 1116/1249/2330
s 142
f 1103/1247/2331 1108/1250/2332 1118/1251/2333 1117/1248/2334
f 1108/1250/2332 1107/1252/2335 1111/1253/2336 1110/1254/2337
s 140
f 1107/1252/2338 1106/1237/2313 1112/1245/2324 1111/1253/2339
s 142
f 1110/1254/2337 1109/1255/2340 1125/1256/2341 1124/1257/2342
s 141
f 1109/1255/2343 1114/1246/2326 1126/1258/2344 1125/1256/2345
s 139
f 1116/1249/2330 1115/1259/2346 1129/1260/2347 1128/1228/2300
s 143
f 1115/1259/2348 1120/1261/2349 1130/1262/2350 1129/1260/2351
f 1120/1261/2349 1119/1263/2352 1123/1264/2353 1122/1265/2354
s 142
f 1119/1263/2355 1118/1251/2333 1124/1257/2342 1123/1264/2356
s 143
f 1122/1265/2354 1121/1266/2357 1137/1267/2358 1136/1268/2359
s 141
f 1121/1266/2360 1126/1258/2344 1138/1241/2318 1137/1267/2361
s 138
f 1132/1226/2297 1131/1269/2362 1135/1270/2363 1134/1242/2320
s 143
f 1131/1269/2364 1130/1262/2350 1136/1268/2359 1135/1270/2365
s 140
f 1094/1229/2302 1100/1232/2305 1112/1245/2324 1106/1237/2313
s 142
f 1108/1250/2332 1110/1254/2337 1124/1257/2342 1118/1251/2333
s 143
f 1120/1261/2349 1122/1265/2354 1136/1268/2359 1130/1262/2350
s 138
f 1132/1226/2297 1134/1242/2320 1102/1233/2307 1092/1223/2294
s 141
f 1098/1238/2315 1138/1241/2318 1126/1258/2344 1114/1246/2326
s 139
f 1128/1228/2300 1096/1227/2299 1104/1236/2311 1116/1249/2330
f 1095/1234/2309 1096/1227/2299 1091/1224/2298 1139/1271/2366
s 138
f 1091/1224/2295 1092/1223/2294 1093/1230/2306 1139/1271/2367
s 140
f 1093/1230/2303 1094/1229/2302 1095/1234/2312 1139/1271/2368
s 138
f 1101/1231/2308 1102/1233/2307 1097/1239/2319 1140/1272/2369
s 141
f 1097/1239/2316 1098/1238/2315 1099/1243/2325 1140/1272/2370
s 140
f 1099/1243/2322 1100/1232/2305 1101/1231/2304 1140/1272/2371
s 142
f 1107/1252/2335 1108/1250/2332 1103/1247/2331 1141/1273/2372
s 139
f 1103/1247/2328 1104/1236/2311 1105/1235/2310 1141/1273/2373
s 140
f 1105/1235/2314 1106/1237/2313 1107/1252/2338 1141/1273/2374
s 141
f 1113/1244/2327 1114/1246/2326 1109/1255/2343 1142/1274/2375
s 142
f 1109/1255/2340 1110/1254/2337 1111/1253/2336 1142/1274/2376
s 140
f 1111/1253/2339 1112/1245/2324 1113/1244/2323 1142/1274/2377
s 143
f 1119/1263/2352 1120/1261/2349 1115/1259/2348 1143/1275/2378
s 139
f 1115/1259/2346 1116/1249/2330 1117/1248/2329 1143/1275/2379
s 142
f 1117/1248/2334 1118/1251/2333 1119/1263/2355 1143/1275/2380
s 141
f 1125/1256/2345 1126/1258/2344 1121/1266/2360 1144/1276/2381
s 143
f 1121/1266/2357 1122/1265/2354 1123/1264/2353 1144/1276/2382
s 142
f 1123/1264/2356 1124/1257/2342 1125/1256/2341 1144/1276/2383
s 138
f 1131/1269/2362 1132/1226/2297 1127/1225/2296 1145/1277/2384
s 139
f 1127/1225/2301 1128/1228/2300 1129/1260/2347 1145/1277/2385
s 143
f 1129/1260/2351 1130/1262/2350 1131/1269/2364 1145/1277/2386
s 141
f 1137/1267/2361 1138/1241/2318 1133/1240/2317 1146/1278/2387
s 138
f 1133/1240/2321 1134/1242/2320 1135/1270/2363 1146/1278/2388
s 143
f 1135/1270/2365 1136/1268/2359 1137/1267/2358 1146/1278/2389
s 144
f 1148/1279/2390 1147/1280/2391 1183/1281/2392 1188/1282/2393
s 145
f 1147/1280/2394 1152/1283/2395 1184/1284/2396 1183/1281/2397
s 146
f 1150/1285/2398 1149/1286/2399 1157/1287/2400 1156/1288/2401
s 144
f 1149/1286/2402 1148/1279/2390 1158/1289/2403 1157/1287/2404
s 145
f 1152/1283/2395 1151/1290/2405 1161/1291/2406 1160/1292/2407
s 146
f 1151/1290/2408 1150/1285/2398 1162/1293/2409 1161/1291/2410
s 147
f 1154/1294/2411 1153/1295/2412 1189/1296/2413 1194/1297/2414
s 144
f 1153/1295/2415 1158/1289/2403 1190/1298/2416 1189/1296/2417
s 146
f 1156/1288/2401 1155/1299/2418 1169/1300/2419 1168/1301/2420
s 147
f 1155/1299/2421 1154/1294/2411 1170/1302/2422 1169/1300/2423
s 145
f 1160/1292/2407 1159/1303/2424 1173/1304/2425 1172/1305/2426
s 148
f 1159/1303/2427 1164/1306/2428 1174/1307/2429 1173/1304/2430
f 1164/1306/2428 1163/1308/2431 1167/1309/2432 1166/1310/2433
s 146
f 1163/1308/2434 1162/1293/2409 1168/1301/2420 1167/1309/2435
s 148
f 1166/1310/2433 1165/1311/2436 1181/1312/2437 1180/1313/2438
s 147
f 1165/1311/2439 1170/1302/2422 1182/1314/2440 1181/1312/2441
s 145
f 1172/1305/2426 1171/1315/2442 1185/1316/2443 1184/1284/2396
s 149
f 1171/1315/2444 1176/1317/2445 1186/1318/2446 1185/1316/2447
f 1176/1317/2445 1175/1319/2448 1179/1320/2449 1178/1321/2450
s 148
f 1175/1319/2451 1174/1307/2429 1180/1313/2438 1179/1320/2452
s 149
f 1178/1321/2450 1177/1322/2453 1193/1323/2454 1192/1324/2455
s 147
f 1177/1322/2456 1182/1314/2440 1194/1297/2414 1193/1323/2457
s 144
f 1188/1282/2393 1187/1325/2458 1191/1326/2459 1190/1298/2416
s 149
f 1187/1325/2460 1186/1318/2446 1192/1324/2455 1191/1326/2461
s 146
f 1150/1285/2398 1156/1288/2401 1168/1301/2420 1162/1293/2409
s 148
f 1164/1306/2428 1166/1310/2433 1180/1313/2438 1174/1307/2429
s 149
f 1176/1317/2445 1178/1321/2450 1192/1324/2455 1186/1318/2446
s 144
f 1188/1282/2393 1190/1298/2416 1158/1289/2403 1148/1279/2390
s 147
f 1154/1294/2411 1194/1297/2414 1182/1314/2440 1170/1302/2422
s 145
f 1184/1284/2396 1152/1283/2395 1160/1292/2407 1172/1305/2426
f 1151/1290/2405 1152/1283/2395 1147/1280/2394 1195/1327/2462
s 144
f 1147/1280/2391 1148/1279/2390 1149/1286/2402 1195/1327/2463
s 146
f 1149/1286/2399 1150/1285/2398 1151/1290/2408 1195/1327/2464
s 144
f 1157/1287/2404 1158/1289/2403 1153/1295/2415 1196/1328/2465
s 147
f 1153/1295/2412 1154/1294/2411 1155/1299/2421 1196/1328/2466
s 146
f 1155/1299/2418 1156/1288/2401 1157/1287/2400 1196/1328/2467
s 148
f 1163/1308/2431 1164/1306/2428 1159/1303/2427 1197/1329/2468
s 145
f 1159/1303/2424 1160/1292/2407 1161/1291/2406 1197/1329/2469
s 146
f 1161/1291/2410 1162/1293/2409 1163/1308/2434 1197/1329/2470
s 147
f 1169/1300/2423 1170/1302/2422 1165/1311/2439 1198/1330/2471
s 148
f 1165/1311/2436 1166/1310/2433 1167/1309/2432 1198/1330/2472
s 146
f 1167/1309/2435 1168/1301/2420 1169/1300/2419 1198/1330/2473
s 149
f 1175/1319/2448 1176/1317/2445 1171/1315/2444 1199/1331/2474
s 145
f 1171/1315/2442 1172/1305/2426 1173/1304/2425 1199/1331/2475
s 148
f 1173/1304/2430 1174/1307/2429 1175/1319/2451 1199/1331/2476
s 147
f 1181/1312/2441 1182/1314/2440 1177/1322/2456 1200/1332/2477
s 149
f 1177/1322/2453 1178/1321/2450 1179/1320/2449 1200/1332/2478
s 148
f 1179/1320/2452 1180/1313/2438 1181/1312/2437 1200/1332/2479
s 144
f 1187/1325/2458 1188/1282/2393 1183/1281/2392 1201/1333/2480
s 145
f 1183/1281/2397 1184/1284/2396 1185/1316/2443 1201/1333/2481
s 149
f 1185/1316/2447 1186/1318/2446 1187/1325/2460 1201/1333/2482
s 147
f 1193/1323/2457 1194/1297/2414 1189/1296/2413 1202/1334/2483
s 144
f 1189/1296/2417 1190/1298/2416 1191/1326/2459 1202/1334/2484
s 149
f 1191/1326/2461 1192/1324/2455 1193/1323/2454 1202/1334/2485
s 150
f 1204/1335/2486 1203/1336/2487 1239/1337/2488 1244/1338/2489
s 151
f 1203/1336/2490 1208/1339/2491 1240/1340/2492 1239/1337/2493
s 152
f 1206/1341/2494 1205/1342/2495 1213/1343/2496 1212/1344/2497
s 150
f 1205/1342/2498 1204/1335/2486 1214/1345/2499 1213/1343/2500
s 151
f 1208/1339/2491 1207/1346/2501 1217/1347/2502 1216/1348/2503
s 152
f 1207/1346/2504 1206/1341/2494 1218/1349/2505 1217/1347/2506
s 153
f 1210/1350/2507 1209/1351/2508 1245/1352/2509 1250/1353/2510
s 150
f 1209/1351/2511 1214/1345/2499 1246/1354/2512 1245/1352/2513
s 152
f 1212/1344/2497 1211/1355/2514 1225/1356/2515 1224/1357/2516
s 153
f 1211/1355/2517 1210/1350/2507 1226/1358/2518 1225/1356/2519
s 151
f 1216/1348/2503 1215/1359/2520 1229/1360/2521 1228/1361/2522
s 154
f 1215/1359/2523 1220/1362/2524 1230/1363/2525 1229/1360/2526
f 1220/1362/2524 1219/1364/2527 1223/1365/2528 1222/1366/2529
s 152
f 1219/1364/2530 1218/1349/2505 1224/1357/2516 1223/1365/2531
s 154
f 1222/1366/2529 1221/1367/2532 1237/1368/2533 1236/1369/2534
s 153
f 1221/1367/2535 1226/1358/2518 1238/1370/2536 1237/1368/2537
s 151
f 1228/1361/2522 1227/1371/2538 1241/1372/2539 1240/1340/2492
s 155
f 1227/1371/2540 1232/1373/2541 1242/1374/2542 1241/1372/2543
f 1232/1373/2541 1231/1375/2544 1235/1376/2545 1234/1377/2546
s 154
f 1231/1375/2547 1230/1363/2525 1236/1369/2534 1235/1376/2548
s 155
f 1234/1377/2546 1233/1378/2549 1249/1379/2550 1248/1380/2551
s 153
f 1233/1378/2552 1238/1370/2536 1250/1353/2510 1249/1379/2553
s 150
f 1244/1338/2489 1243/1381/2554 1247/1382/2555 1246/1354/2512
s 155
f 1243/1381/2556 1242/1374/2542 1248/1380/2551 1247/1382/2557
s 152
f 1206/1341/2494 1212/1344/2497 1224/1357/2516 1218/1349/2505
s 154
f 1220/1362/2524 1222/1366/2529 1236/1369/2534 1230/1363/2525
s 155
f 1232/1373/2541 1234/1377/2546 1248/1380/2551 1242/1374/2542
s 150
f 1244/1338/2489 1246/1354/2512 1214/1345/2499 1204/1335/2486
s 153
f 1210/1350/2507 1250/1353/2510 1238/1370/2536 1226/1358/2518
s 151
f 1240/1340/2492 1208/1339/2491 1216/1348/2503 1228/1361/2522
f 1207/1346/2501 1208/1339/2491 1203/1336/2490 1251/1383/2558
s 150
f 1203/1336/2487 1204/1335/2486 1205/1342/2498 1251/1383/2559
s 152
f 1205/1342/2495 1206/1341/2494 1207/1346/2504 1251/1383/2560
s 150
f 1213/1343/2500 1214/1345/2499 1209/1351/2511 1252/1384/2561
s 153
f 1209/1351/2508 1210/1350/2507 1211/1355/2517 1252/1384/2562
s 152
f 1211/1355/2514 1212/1344/2497 1213/1343/2496 1252/1384/2563
s 154
f 1219/1364/2527 1220/1362/2524 1215/1359/2523 1253/1385/2564
s 151
f 1215/1359/2520 1216/1348/2503 1217/1347/2502 1253/1385/2565
s 152
f 1217/1347/2506 1218/1349/2505 1219/1364/2530 1253/1385/2566
s 153
f 1225/1356/2519 1226/1358/2518 1221/1367/2535 1254/1386/2567
s 154
f 1221/1367/2532 1222/1366/2529 1223/1365/2528 1254/1386/2568
s 152
f 1223/1365/2531 1224/1357/2516 1225/1356/2515 1254/1386/2569
s 155
f 1231/1375/2544 1232/1373/2541 1227/1371/2540 1255/1387/2570
s 151
f 1227/1371/2538 1228/1361/2522 1229/1360/2521 1255/1387/2571
s 154
f 1229/1360/2526 1230/1363/2525 1231/1375/2547 1255/1387/2572
s 153
f 1237/1368/2537 1238/1370/2536 1233/1378/2552 1256/1388/2573
s 155
f 1233/1378/2549 1234/1377/2546 1235/1376/2545 1256/1388/2574
s 154
f 1235/1376/2548 1236/1369/2534 1237/1368/2533 1256/1388/2575
s 150
f 1243/1381/2554 1244/1338/2489 1239/1337/2488 1257/1389/2576
s 151
f 1239/1337/2493 1240/1340/2492 1241/1372/2539 1257/1389/2577
s 155
f 1241/1372/2543 1242/1374/2542 1243/1381/2556 1257/1389/2578
s 153
f 1249/1379/2553 1250/1353/2510 1245/1352/2509 1258/1390/2579
s 150
f 1245/1352/2513 1246/1354/2512 1247/1382/2555 1258/1390/2580
s 155
f 1247/1382/2557 1248/1380/2551 1249/1379/2550 1258/1390/2581
s 156
f 1260/1391/2582 1259/1392/2583 1295/1393/2584 1300/1394/2585
s 157
f 1259/1392/2586 1264/1395/2587 1296/1396/2588 1295/1393/2589
s 158
f 1262/1397/2590 1261/1398/2591 1269/1399/2592 1268/1400/2593
s 156
f 1261/1398/2594 1260/1391/2582 1270/1401/2595 1269/1399/2596
s 157
f 1264/1395/2587 1263/1402/2597 1273/1403/2598 1272/1404/2599
s 158
f 1263/1402/2600 1262/1397/2590 1274/1405/2601 1273/1403/2602
s 159
f 1266/1406/2603 1265/1407/2604 1301/1408/2605 1306/1409/2606
s 156
f 1265/1407/2607 1270/1401/2595 1302/1410/2608 1301/1408/2609
s 158
f 1268/1400/2593 1267/1411/2610 1281/1412/2611 1280/1413/2612
s 159
f 1267/1411/2613 1266/1406/2603 1282/1414/2614 1281/1412/2615
s 157
f 1272/1404/2599 1271/1415/2616 1285/1416/2617 1284/1417/2618
s 160
f 1271/1415/2619 1276/1418/2620 1286/1419/2621 1285/1416/2622
f 1276/1418/2620 1275/1420/2623 1279/1421/2624 1278/1422/2625
s 158
f 1275/1420/2626 1274/1405/2601 1280/1413/2612 1279/1421/2627
s 160
f 1278/1422/2625 1277/1423/2628 1293/1424/2629 1292/1425/2630
s 159
f 1277/1423/2631 1282/1414/2614 1294/1426/2632 1293/1424/2633
s 157
f 1284/1417/2618 1283/1427/2634 1297/1428/2635 1296/1396/2588
s 161
f 1283/1427/2636 1288/1429/2637 1298/1430/2638 1297/1428/2639
f 1288/1429/2637 1287/1431/2640 1291/1432/2641 1290/1433/2642
s 160
f 1287/1431/2643 1286/1419/2621 1292/1425/2630 1291/1432/2644
s 161
f 1290/1433/2642 1289/1434/2645 1305/1435/2646 1304/1436/2647
s 159
f 1289/1434/2648 1294/1426/2632 1306/1409/2606 1305/1435/2649
s 156
f 1300/1394/2585 1299/1437/2650 1303/1438/2651 1302/1410/2608
s 161
f 1299/1437/2652 1298/1430/2638 1304/1436/2647 1303/1438/2653
s 158
f 1262/1397/2590 1268/1400/2593 1280/1413/2612 1274/1405/2601
s 160
f 1276/1418/2620 1278/1422/2625 1292/1425/2630 1286/1419/2621
s 161
f 1288/1429/2637 1290/1433/2642 1304/1436/2647 1298/1430/2638
s 156
f 1300/1394/2585 1302/1410/2608 1270/1401/2595 1260/1391/2582
s 159
f 1266/1406/2603 1306/1409/2606 1294/1426/2632 1282/1414/2614
s 157
f 1296/1396/2588 1264/1395/2587 1272/1404/2599 1284/1417/2618
f 1263/1402/2597 1264/1395/2587 1259/1392/2586 1307/1439/2654
s 156
f 1259/1392/2583 1260/1391/2582 1261/1398/2594 1307/1439/2655
s 158
f 1261/1398/2591 1262/1397/2590 1263/1402/2600 1307/1439/2656
s 156
f 1269/1399/2596 1270/1401/2595 1265/1407/2607 1308/1440/2657
s 159
f 1265/1407/2604 1266/1406/2603 1267/1411/2613 1308/1440/2658
s 158
f 1267/1411/2610 1268/1400/2593 1269/1399/2592 1308/1440/2659
s 160
f 1275/1420/2623 1276/1418/2620 1271/1415/2619 1309/1441/2660
s 157
f 1271/1415/2616 1272/1404/2599 1273/1403/2598 1309/1441/2661
s 158
f 1273/1403/2602 1274/1405/2601 1275/1420/2626 1309/1441/2662
s 159
f 1281/1412/2615 1282/1414/2614 1277/1423/2631 1310/1442/2663
s 160
f 1277/1423/2628 1278/1422/2625 1279/1421/2624 1310/1442/2664
s 158
f 1279/1421/2627 1280/1413/2612 1281/1412/2611 1310/1442/2665
s 161
f 1287/1431/2640 1288/1429/2637 1283/1427/2636 1311/1443/2666
s 157
f 1283/1427/2634 1284/1417/2618 1285/1416/2617 1311/1443/2667
s 160
f 1285/1416/2622 1286/1419/2621 1287/1431/2643 1311/1443/2668
s 159
f 1293/1424/2633 1294/1426/2632 1289/1434/2648 1312/1444/2669
s 161
f 1289/1434/2645 1290/1433/2642 1291/1432/2641 1312/1444/2670
s 160
f 1291/1432/2644 1292/1425/2630 1293/1424/2629 1312/1444/2671
s 156
f 1299/1437/2650 1300/1394/2585 1295/1393/2584 1313/1445/2672
s 157
f 1295/1393/2589 1296/1396/2588 1297/1428/2635 1313/1445/2673
s 161
f 1297/1428/2639 1298/1430/2638 1299/1437/2652 1313/1445/2674
s 159
f 1305/1435/2649 1306/1409/2606 1301/1408/2605 1314/1446/2675
s 156
f 1301/1408/2609 1302/1410/2608 1303/1438/2651 1314/1446/2676
s 161
f 1303/1438/2653 1304/1436/2647 1305/1435/2646 1314/1446/2677
s 162
f 1316/1447/2678 1315/1448/2679 1351/1449/2680 1356/1450/2681
s 163
f 1315/1448/2682 1320/1451/2683 1352/1452/2684 1351/1449/2685
s 164
f 1318/1453/2686 1317/1454/2687 1325/1455/2688 1324/1456/2689
s 162
f 1317/1454/2690 1316/1447/2678 1326/1457/2691 1325/1455/2692
s 163
f 1320/1451/2683 1319/1458/2693 1329/1459/2694 1328/1460/2695
s 164
f 1319/1458/2696 1318/1453/2686 1330/1461/2697 1329/1459/2698
s 165
f 1322/1462/2699 1321/1463/2700 1357/1464/2701 1362/1465/2702
s 162
f 1321/1463/2703 1326/1457/2691 1358/1466/2704 1357/1464/2705
s 164
f 1324/1456/2689 1323/1467/2706 1337/1468/2707 1336/1469/2708
s 165
f 1323/1467/2709 1322/1462/2699 1338/1470/2710 1337/1468/2711
s 163
f 1328/1460/2695 1327/1471/2712 1341/1472/2713 1340/1473/2714
s 166
f 1327/1471/2715 1332/1474/2716 1342/1475/2717 1341/1472/2718
f 1332/1474/2716 1331/1476/2719 1335/1477/2720 1334/1478/2721
s 164
f 1331/1476/2722 1330/1461/2697 1336/1469/2708 1335/1477/2723
s 166
f 1334/1478/2721 1333/1479/2724 1349/1480/2725 1348/1481/2726
s 165
f 1333/1479/2727 1338/1470/2710 1350/1482/2728 1349/1480/2729
s 163
f 1340/1473/2714 1339/1483/2730 1353/1484/2731 1352/1452/2684
s 167
f 1339/1483/2732 1344/1485/2733 1354/1486/2734 1353/1484/2735
f 1344/1485/2733 1343/1487/2736 1347/1488/2737 1346/1489/2738
s 166
f 1343/1487/2739 1342/1475/2717 1348/1481/2726 1347/1488/2740
s 167
f 1346/1489/2738 1345/1490/2741 1361/1491/2742 1360/1492/2743
s 165
f 1345/1490/2744 1350/1482/2728 1362/1465/2702 1361/1491/2745
s 162
f 1356/1450/2681 1355/1493/2746 1359/1494/2747 1358/1466/2704
s 167
f 1355/1493/2748 1354/1486/2734 1360/1492/2743 1359/1494/2749
s 164
f 1318/1453/2686 1324/1456/2689 1336/1469/2708 1330/1461/2697
s 166
f 1332/1474/2716 1334/1478/2721 1348/1481/2726 1342/1475/2717
s 167
f 1344/1485/2733 1346/1489/2738 1360/1492/2743 1354/1486/2734
s 162
f 1356/1450/2681 1358/1466/2704 1326/1457/2691 1316/1447/2678
s 165
f 1322/1462/2699 1362/1465/2702 1350/1482/2728 1338/1470/2710
s 163
f 1352/1452/2684 1320/1451/2683 1328/1460/2695 1340/1473/2714
f 1319/1458/2693 1320/1451/2683 1315/1448/2682 1363/1495/2750
s 162
f 1315/1448/2679 1316/1447/2678 1317/1454/2690 1363/1495/2751
s 164
f 1317/1454/2687 1318/1453/2686 1319/1458/2696 1363/1495/2752
s 162
f 1325/1455/2692 1326/1457/2691 1321/1463/2703 1364/1496/2753
s 165
f 1321/1463/2700 1322/1462/2699 1323/1467/2709 1364/1496/2754
s 164
f 1323/1467/2706 1324/1456/2689 1325/1455/2688 1364/1496/2755
s 166
f 1331/1476/2719 1332/1474/2716 1327/1471/2715 1365/1497/2756
s 163
f 1327/1471/2712 1328/1460/2695 1329/1459/2694 1365/1497/2757
s 164
f 1329/1459/2698 1330/1461/2697 1331/1476/2722 1365/1497/2758
s 165
f 1337/1468/2711 1338/1470/2710 1333/1479/2727 1366/1498/2759
s 166
f 1333/1479/2724 1334/1478/2721 1335/1477/2720 1366/1498/2760
s 164
f 1335/1477/2723 1336/1469/2708 1337/1468/2707 1366/1498/2761
s 167
f 1343/1487/2736 1344/1485/2733 1339/1483/2732 1367/1499/2762
s 163
f 1339/1483/2730 1340/1473/2714 1341/1472/2713 1367/1499/2763
s 166
f 1341/1472/2718 1342/1475/2717 1343/1487/2739 1367/1499/2764
s 165
f 1349/1480/2729 1350/1482/2728 1345/1490/2744 1368/1500/2765
s 167
f 1345/1490/2741 1346/1489/2738 1347/1488/2737 1368/1500/2766
s 166
f 1347/1488/2740 1348/1481/2726 1349/1480/2725 1368/1500/2767
s 162
f 1355/1493/2746 1356/1450/2681 1351/1449/2680 1369/1501/2768
s 163
f 1351/1449/2685 1352/1452/2684 1353/1484/2731 1369/1501/2769
s 167
f 1353/1484/2735 1354/1486/2734 1355/1493/2748 1369/1501/2770
s 165
f 1361/1491/2745 1362/1465/2702 1357/1464/2701 1370/1502/2771
s 162
f 1357/1464/2705 1358/1466/2704 1359/1494/2747 1370/1502/2772
s 167
f 1359/1494/2749 1360/1492/2743 1361/1491/2742 1370/1502/2773
s 168
f 1372/1503/2774 1371/1504/2775 1407/1505/2776 1412/1506/2777
s 169
f 1371/1504/2778 1376/1507/2779 1408/1508/2780 1407/1505/2781
s 170
f 1374/1509/2782 1373/1510/2783 1381/1511/2784 1380/1512/2785
s 168
f 1373/1510/2786 1372/1503/2774 1382/1513/2787 1381/1511/2788
s 169
f 1376/1507/2779 1375/1514/2789 1385/1515/2790 1384/1516/2791
s 170
f 1375/1514/2792 1374/1509/2782 1386/1517/2793 1385/1515/2794
s 171
f 1378/1518/2795 1377/1519/2796 1413/1520/2797 1418/1521/2798
s 168
f 1377/1519/2799 1382/1513/2787 1414/1522/2800 1413/1520/2801
s 170
f 1380/1512/2785 1379/1523/2802 1393/1524/2803 1392/1525/2804
s 171
f 1379/1523/2805 1378/1518/2795 1394/1526/2806 1393/1524/2807
s 169
f 1384/1516/2791 1383/1527/2808 1397/1528/2809 1396/1529/2810
s 172
f 1383/1527/2811 1388/1530/2812 1398/1531/2813 1397/1528/2814
f 1388/1530/2812 1387/1532/2815 1391/1533/2816 1390/1534/2817
s 170
f 1387/1532/2818 1386/1517/2793 1392/1525/2804 1391/1533/2819
s 172
f 1390/1534/2817 1389/1535/2820 1405/1536/2821 1404/1537/2822
s 171
f 1389/1535/2823 1394/1526/2806 1406/1538/2824 1405/1536/2825
s 169
f 1396/1529/2810 1395/1539/2826 1409/1540/2827 1408/1508/2780
s 173
f 1395/1539/2828 1400/1541/2829 1410/1542/2830 1409/1540/2831
f 1400/1541/2829 1399/1543/2832 1403/1544/2833 1402/1545/2834
s 172
f 1399/1543/2835 1398/1531/2813 1404/1537/2822 1403/1544/2836
s 173
f 1402/1545/2834 1401/1546/2837 1417/1547/2838 1416/1548/2839
s 171
f 1401/1546/2840 1406/1538/2824 1418/1521/2798 1417/1547/2841
s 168
f 1412/1506/2777 1411/1549/2842 1415/1550/2843 1414/1522/2800
s 173
f 1411/1549/2844 1410/1542/2830 1416/1548/2839 1415/1550/2845
s 170
f 1374/1509/2782 1380/1512/2785 1392/1525/2804 1386/1517/2793
s 172
f 1388/1530/2812 1390/1534/2817 1404/1537/2822 1398/1531/2813
s 173
f 1400/1541/2829 1402/1545/2834 1416/1548/2839 1410/1542/2830
s 168
f 1412/1506/2777 1414/1522/2800 1382/1513/2787 1372/1503/2774
s 171
f 1378/1518/2795 1418/1521/2798 1406/1538/2824 1394/1526/2806
s 169
f 1408/1508/2780 1376/1507/2779 1384/1516/2791 1396/1529/2810
f 1375/1514/2789 1376/1507/2779 1371/1504/2778 1419/1551/2846
s 168
f 1371/1504/2775 1372/1503/2774 1373/1510/2786 1419/1551/2847
s 170
f 1373/1510/2783 1374/1509/2782 1375/1514/2792 1419/1551/2848
s 168
f 1381/1511/2788 1382/1513/2787 1377/1519/2799 1420/1552/2849
s 171
f 1377/1519/2796 1378/1518/2795 1379/1523/2805 1420/1552/2850
s 170
f 1379/1523/2802 1380/1512/2785 1381/1511/2784 1420/1552/2851
s 172
f 1387/1532/2815 1388/1530/2812 1383/1527/2811 1421/1553/2852
s 169
f 1383/1527/2808 1384/1516/2791 1385/1515/2790 1421/1553/2853
s 170
f 1385/1515/2794 1386/1517/2793 1387/1532/2818 1421/1553/2854
s 171
f 1393/1524/2807 1394/1526/2806 1389/1535/2823 1422/1554/2855
s 172
f 1389/1535/2820 1390/1534/2817 1391/1533/2816 1422/1554/2856
s 170
f 1391/1533/2819 1392/1525/2804 1393/1524/2803 1422/1554/2857
s 173
f 1399/1543/2832 1400/1541/2829 1395/1539/2828 1423/1555/2858
s 169
f 1395/1539/2826 1396/1529/2810 1397/1528/2809 1423/1555/2859
s 172
f 1397/1528/2814 1398/1531/2813 1399/1543/2835 1423/1555/2860
s 171
f 1405/1536/2825 1406/1538/2824 1401/1546/2840 1424/1556/2861
s 173
f 1401/1546/2837 1402/1545/2834 1403/1544/2833 1424/1556/2862
s 172
f 1403/1544/2836 1404/1537/2822 1405/1536/2821 1424/1556/2863
s 168
f 1411/1549/2842 1412/1506/2777 1407/1505/2776 1425/1557/2864
s 169
f 1407/1505/2781 1408/1508/2780 1409/1540/2827 1425/1557/2865
s 173
f 1409/1540/2831 1410/1542/2830 1411/1549/2844 1425/1557/2866
s 171
f 1417/1547/2841 1418/1521/2798 1413/1520/2797 1426/1558/2867
s 168
f 1413/1520/2801 1414/1522/2800 1415/1550/2843 1426/1558/2868
s 173
f 1415/1550/2845 1416/1548/2839 1417/1547/2838 1426/1558/2869
s 174
f 1428/1559/2870 1427/1560/2871 1463/1561/2872 1468/1562/2873
s 175
f 1427/1560/2874 1432/1563/2875 1464/1564/2876 1463/1561/2877
s 176
f 1430/1565/2878 1429/1566/2879 1437/1567/2880 1436/1568/2881
s 174
f 1429/1566/2882 1428/1559/2870 1438/1569/2883 1437/1567/2884
s 175
f 1432/1563/2875 1431/1570/2885 1441/1571/2886 1440/1572/2887
s 176
f 1431/1570/2888 1430/1565/2878 1442/1573/2889 1441/1571/2890
s 177
f 1434/1574/2891 1433/1575/2892 1469/1576/2893 1474/1577/2894
s 174
f 1433/1575/2895 1438/1569/2883 1470/1578/2896 1469/1576/2897
s 176
f 1436/1568/2881 1435/1579/2898 1449/1580/2899 1448/1581/2900
s 177
f 1435/1579/2901 1434/1574/2891 1450/1582/2902 1449/1580/2903
s 175
f 1440/1572/2887 1439/1583/2904 1453/1584/2905 1452/1585/2906
s 178
f 1439/1583/2907 1444/1586/2908 1454/1587/2909 1453/1584/2910
f 1444/1586/2908 1443/1588/2911 1447/1589/2912 1446/1590/2913
s 176
f 1443/1588/2914 1442/1573/2889 1448/1581/2900 1447/1589/2915
s 178
f 1446/1590/2913 1445/1591/2916 1461/1592/2917 1460/1593/2918
s 177
f 1445/1591/2919 1450/1582/2902 1462/1594/2920 1461/1592/2921
s 175
f 1452/1585/2906 1451/1595/2922 1465/1596/2923 1464/1564/2876
s 179
f 1451/1595/2924 1456/1597/2925 1466/1598/2926 1465/1596/2927
f 1456/1597/2925 1455/1599/2928 1459/1600/2929 1458/1601/2930
s 178
f 1455/1599/2931 1454/1587/2909 1460/1593/2918 1459/1600/2932
s 179
f 1458/1601/2930 1457/1602/2933 1473/1603/2934 1472/1604/2935
s 177
f 1457/1602/2936 1462/1594/2920 1474/1577/2894 1473/1603/2937
s 174
f 1468/1562/2873 1467/1605/2938 1471/1606/2939 1470/1578/2896
s 179
f 1467/1605/2940 1466/1598/2926 1472/1604/2935 1471/1606/2941
s 176
f 1430/1565/2878 1436/1568/2881 1448/1581/2900 1442/1573/2889
s 178
f 1444/1586/2908 1446/1590/2913 1460/1593/2918 1454/1587/2909
s 179
f 1456/1597/2925 1458/1601/2930 1472/1604/2935 1466/1598/2926
s 174
f 1468/1562/2873 1470/1578/2896 1438/1569/2883 1428/1559/2870
s 177
f 1434/1574/2891 1474/1577/2894 1462/1594/2920 1450/1582/2902
s 175
f 1464/1564/2876 1432/1563/2875 1440/1572/2887 1452/1585/2906
f 1431/1570/2885 1432/1563/2875 1427/1560/2874 1475/1607/2942
s 174
f 1427/1560/2871 1428/1559/2870 1429/1566/2882 1475/1607/2943
s 176
f 1429/1566/2879 1430/1565/2878 1431/1570/2888 1475/1607/2944
s 174
f 1437/1567/2884 1438/1569/2883 1433/1575/2895 1476/1608/2945
s 177
f 1433/1575/2892 1434/1574/2891 1435/1579/2901 1476/1608/2946
s 176
f 1435/1579/2898 1436/1568/2881 1437/1567/2880 1476/1608/2947
s 178
f 1443/1588/2911 1444/1586/2908 1439/1583/2907 1477/1609/2948
s 175
f 1439/1583/2904 1440/1572/2887 1441/1571/2886 1477/1609/2949
s 176
f 1441/1571/2890 1442/1573/2889 1443/1588/2914 1477/1609/2950
s 177
f 1449/1580/2903 1450/1582/2902 1445/1591/2919 1478/1610/2951
s 178
f 1445/1591/2916 1446/1590/2913 1447/1589/2912 1478/1610/2952
s 176
f 1447/1589/2915 1448/1581/2900 1449/1580/2899 1478/1610/2953
s 179
f 1455/1599/2928 1456/1597/2925 1451/1595/2924 1479/1611/2954
s 175
f 1451/1595/2922 1452/1585/2906 1453/1584/2905 1479/1611/2955
s 178
f 1453/1584/2910 1454/1587/2909 1455/1599/2931 1479/1611/2956
s 177
f 1461/1592/2921 1462/1594/2920 1457/1602/2936 1480/1612/2957
s 179
f 1457/1602/2933 1458/1601/2930 1459/1600/2929 1480/1612/2958
s 178
f 1459/1600/2932 1460/1593/2918 1461/1592/2917 1480/1612/2959
s 174
f 1467/1605/2938 1468/1562/2873 1463/1561/2872 1481/1613/2960
s 175
f 1463/1561/2877 1464/1564/2876 1465/1596/2923 1481/1613/2961
s 179
f 1465/1596/2927 1466/1598/2926 1467/1605/2940 1481/1613/2962
s 177
f 1473/1603/2937 1474/1577/2894 1469/1576/2893 1482/1614/2963
s 174
f 1469/1576/2897 1470/1578/2896 1471/1606/2939 1482/1614/2964
s 179
f 1471/1606/2941 1472/1604/2935 1473/1603/2934 1482/1614/2965
s 180
f 1483/1615/2966 1495/1616/2967 1496/1617/2968 1491/1618/2969
f 1485/1619/2970 1497/1620/2971 1516/1621/2972 1507/1622/2973
f 1492/1623/2974 1499/1624/2975 1500/1625/2976 1489/1626/2977
f 1509/1627/2978 1510/1628/2979 1495/1616/2967 1483/1615/2966
f 1484/1629/2980 1512/1630/2981 1513/1631/2982 1494/1632/2983
f 1508/1633/2984 1509/1627/2978 1483/1615/2966 1491/1618/2985
f 1507/1622/2973 1508/1633/2984 1491/1618/2985 1485/1619/2970
f 1487/1634/2986 1498/1635/2987 1499/1624/2975 1492/1623/2974
f 1494/1632/2983 1513/1631/2982 1514/1636/2988 1486/1637/2989
f 1491/1618/2969 1496/1617/2968 1497/1620/2971 1485/1619/2970
f 1501/1638/2990 1502/1639/2991 1484/1629/2980 1494/1632/2992
f 1506/1640/2993 1501/1638/2990 1494/1632/2992 1486/1637/2989
f 1514/1636/2988 1515/1641/2994 1506/1640/2993 1486/1637/2989
f 1504/1642/2995 1505/1643/2996 1488/1644/2997 1493/1645/2998
f 1503/1646/2999 1504/1642/2995 1493/1645/2998 1490/1647/3000
f 1502/1639/2991 1511/1648/3001 1512/1630/2981 1484/1629/2980
f 1496/1617/2968 1495/1616/2967 1502/1639/2991 1501/1638/2990
f 1495/1616/2967 1510/1628/2979 1511/1648/3001 1502/1639/2991
f 1500/1625/2976 1499/1624/2975 1504/1642/2995 1503/1646/2999
f 1499/1624/2975 1498/1635/2987 1505/1643/2996 1504/1642/2995
f 1515/1641/2994 1516/1621/2972 1497/1620/2971 1506/1640/2993
f 1497/1620/2971 1496/1617/2968 1501/1638/2990 1506/1640/2993
f 1492/1623/3002 1518/1649/3003 1519/1650/3004 1487/1634/2986
f 1489/1626/2977 1517/1651/3005 1518/1649/3003 1492/1623/3002
f 1489/1626/2977 1500/1625/2976 1526/1652/3006 1517/1651/3005
f 1525/1653/3007 1526/1652/3006 1500/1625/2976 1503/1646/2999
f 1524/1654/3008 1525/1653/3007 1503/1646/2999 1490/1647/3000
f 1523/1655/3009 1524/1654/3008 1490/1647/3000 1493/1645/3010
f 1522/1656/3011 1523/1655/3009 1493/1645/3010 1488/1644/2997
f 1505/1643/2996 1521/1657/3012 1522/1656/3011 1488/1644/2997
f 1498/1635/2987 1520/1658/3013 1521/1657/3012 1505/1643/2996
f 1519/1650/3004 1520/1658/3013 1498/1635/2987 1487/1634/2986
f 1518/1649/3003 1517/1651/3005 1509/1627/2978 1508/1633/2984
f 1519/1650/3004 1518/1649/3003 1508/1633/2984 1507/1622/2973
f 1507/1622/2973 1516/1621/2972 1520/1658/3013 1519/1650/3004
f 1521/1657/3012 1520/1658/3013 1516/1621/2972 1515/1641/2994
f 1522/1656/3011 1521/1657/3012 1515/1641/2994 1514/1636/2988
f 1514/1636/2988 1513/1631/2982 1523/1655/3009 1522/1656/3011
f 1513/1631/2982 1512/1630/2981 1524/1654/3008 1523/1655/3009
f 1512/1630/2981 1511/1648/3001 1525/1653/3007 1524/1654/3008
f 1511/1648/3001 1510/1628/2979 1526/1652/3006 1525/1653/3007
f 1517/1651/3005 1526/1652/3006 1510/1628/2979 1509/1627/2978
s 184
f 1527/1659/3014 1528/1660/3015 1540/1661/3016 1539/1662/3017
f 1528/1660/3015 1529/1663/3018 1541/1664/3019 1540/1661/3016
f 1529/1663/3018 1530/1665/3020 1542/1666/3021 1541/1664/3019
f 1530/1665/3020 1531/1667/3022 1543/1668/3023 1542/1666/3021
f 1531/1667/3022 1532/1669/3024 1544/1670/3025 1543/1668/3023
f 1532/1669/3024 1533/1671/3026 1545/1672/3027 1544/1670/3025
f 1533/1671/3026 1534/1673/3028 1546/1674/3029 1545/1672/3027
f 1534/1673/3028 1535/1675/3030 1547/1676/3031 1546/1674/3029
f 1535/1675/3030 1536/1677/3032 1548/1678/3033 1547/1676/3031
f 1536/1677/3032 1537/1679/3034 1549/1680/3035 1548/1678/3033
f 1537/1679/3034 1538/1681/3036 1550/1682/3037 1549/1680/3035
f 1538/1681/3036 1527/1659/3014 1539/1662/3017 1550/1682/3037
s 185
f 1528/1660/3038 1527/1659/3039 1551/1683/3040
f 1529/1663/3041 1528/1660/3038 1551/1683/3040
f 1530/1665/3042 1529/1663/3041 1551/1683/3040
f 1531/1667/3043 1530/1665/3042 1551/1683/3040
f 1532/1669/3044 1531/1667/3043 1551/1683/3040
f 1533/1671/3045 1532/1669/3044 1551/1683/3040
f 1534/1673/3046 1533/1671/3045 1551/1683/3040
f 1535/1675/3047 1534/1673/3046 1551/1683/3040
f 1536/1677/3048 1535/1675/3047 1551/1683/3040
f 1537/1679/3049 1536/1677/3048 1551/1683/3040
f 1538/1681/3050 1537/1679/3049 1551/1683/3040
f 1527/1659/3039 1538/1681/3050 1551/1683/3040
s 186
f 1539/1662/3051 1540/1661/3052 1552/1684/3053
f 1540/1661/3052 1541/1664/3054 1552/1684/3053
f 1541/1664/3054 1542/1666/3055 1552/1684/3053
f 1542/1666/3055 1543/1668/3056 1552/1684/3053
f 1543/1668/3056 1544/1670/3057 1552/1684/3053
f 1544/1670/3057 1545/1672/3058 1552/1684/3053
f 1545/1672/3058 1546/1674/3059 1552/1684/3053
f 1546/1674/3059 1547/1676/3060 1552/1684/3053
f 1547/1676/3060 1548/1678/3061 1552/1684/3053
f 1548/1678/3061 1549/1680/3062 1552/1684/3053
f 1549/1680/3062 1550/1682/3063 1552/1684/3053
f 1550/1682/3063 1539/1662/3051 1552/1684/3053
s 187
f 1553/1685/3064 1565/1686/3065 1566/1687/3066 1561/1688/3067
f 1555/1689/3068 1567/1690/3069 1586/1691/3070 1577/1692/3071
f 1562/1693/3072 1569/1694/3073 1570/1695/3074 1559/1696/3075
f 1579/1697/3076 1580/1698/3077 1565/1686/3065 1553/1685/3064
f 1554/1699/3078 1582/1700/3079 1583/1701/3080 1564/1702/3081
f 1578/1703/3082 1579/1697/3076 1553/1685/3064 1561/1688/3083
f 1577/1692/3071 1578/1703/3082 1561/1688/3083 1555/1689/3068
f 1557/1704/3084 1568/1705/3085 1569/1694/3073 1562/1693/3072
f 1564/1702/3081 1583/1701/3080 1584/1706/3086 1556/1707/3087
f 1561/1688/3067 1566/1687/3066 1567/1690/3069 1555/1689/3068
f 1571/1708/3088 1572/1709/3089 1554/1699/3078 1564/1702/3090
f 1576/1710/3091 1571/1708/3088 1564/1702/3090 1556/1707/3087
f 1584/1706/3086 1585/1711/3092 1576/1710/3091 1556/1707/3087
f 1574/1712/3093 1575/1713/3094 1558/1714/3095 1563/1715/3096
f 1573/1716/3097 1574/1712/3093 1563/1715/3096 1560/1717/3098
f 1572/1709/3089 1581/1718/3099 1582/1700/3079 1554/1699/3078
f 1566/1687/3066 1565/1686/3065 1572/1709/3089 1571/1708/3088
f 1565/1686/3065 1580/1698/3077 1581/1718/3099 1572/1709/3089
f 1570/1695/3074 1569/1694/3073 1574/1712/3093 1573/1716/3097
f 1569/1694/3073 1568/1705/3085 1575/1713/3094 1574/1712/3093
f 1585/1711/3092 1586/1691/3070 1567/1690/3069 1576/1710/3091
f 1567/1690/3069 1566/1687/3066 1571/1708/3088 1576/1710/3091
f 1562/1693/3100 1588/1719/3101 1589/1720/3102 1557/1704/3084
f 1559/1696/3075 1587/1721/3103 1588/1719/3101 1562/1693/3100
f 1559/1696/3075 1570/1695/3074 1596/1722/3104 1587/1721/3103
f 1595/1723/3105 1596/1722/3104 1570/1695/3074 1573/1716/3097
f 1594/1724/3106 1595/1723/3105 1573/1716/3097 1560/1717/3098
f 1593/1725/3107 1594/1724/3106 1560/1717/3098 1563/1715/3108
f 1592/1726/3109 1593/1725/3107 1563/1715/3108 1558/1714/3095
f 1575/1713/3094 1591/1727/3110 1592/1726/3109 1558/1714/3095
f 1568/1705/3085 1590/1728/3111 1591/1727/3110 1575/1713/3094
f 1589/1720/3102 1590/1728/3111 1568/1705/3085 1557/1704/3084
f 1588/1719/3101 1587/1721/3103 1579/1697/3076 1578/1703/3082
f 1589/1720/3102 1588/1719/3101 1578/1703/3082 1577/1692/3071
f 1577/1692/3071 1586/1691/3070 1590/1728/3111 1589/1720/3102
f 1591/1727/3110 1590/1728/3111 1586/1691/3070 1585/1711/3092
f 1592/1726/3109 1591/1727/3110 1585/1711/3092 1584/1706/3086
f 1584/1706/3086 1583/1701/3080 1593/1725/3107 1592/1726/3109
f 1583/1701/3080 1582/1700/3079 1594/1724/3106 1593/1725/3107
f 1582/1700/3079 1581/1718/3099 1595/1723/3105 1594/1724/3106
f 1581/1718/3099 1580/1698/3077 1596/1722/3104 1595/1723/3105
f 1587/1721/3103 1596/1722/3104 1580/1698/3077 1579/1697/3076
s 191
f 1597/1729/3112 1598/1730/3113 1610/1731/3114 1609/1732/3115
f 1598/1730/3113 1599/1733/3116 1611/1734/3117 1610/1731/3114
f 1599/1733/3116 1600/1735/3118 1612/1736/3119 1611/1734/3117
f 1600/1735/3118 1601/1737/3120 1613/1738/3121 1612/1736/3119
f 1601/1737/3120 1602/1739/3122 1614/1740/3123 1613/1738/3121
f 1602/1739/3122 1603/1741/3124 1615/1742/3125 1614/1740/3123
f 1603/1741/3124 1604/1743/3126 1616/1744/3127 1615/1742/3125
f 1604/1743/3126 1605/1745/3128 1617/1746/3129 1616/1744/3127
f 1605/1745/3128 1606/1747/3130 1618/1748/3131 1617/1746/3129
f 1606/1747/3130 1607/1749/3132 1619/1750/3133 1618/1748/3131
f 1607/1749/3132 1608/1751/3134 1620/1752/3135 1619/1750/3133
f 1608/1751/3134 1597/1729/3112 1609/1732/3115 1620/1752/3135
s 192
f 1598/1730/3136 1597/1729/3137 1621/1753/3138
f 1599/1733/3139 1598/1730/3136 1621/1753/3138
f 1600/1735/3140 1599/1733/3139 1621/1753/3138
f 1601/1737/3141 1600/1735/3140 1621/1753/3138
f 1602/1739/3142 1601/1737/3141 1621/1753/3138
f 1603/1741/3143 1602/1739/3142 1621/1753/3138
f 1604/1743/3144 1603/1741/3143 1621/1753/3138
f 1605/1745/3145 1604/1743/3144 1621/1753/3138
f 1606/1747/3146 1605/1745/3145 1621/1753/3138
f 1607/1749/3147 1606/1747/3146 1621/1753/3138
f 1608/1751/3148 1607/1749/3147 1621/1753/3138
f 1597/1729/3137 1608/1751/3148 1621/1753/3138
s 193
f 1609/1732/3149 1610/1731/3150 1622/1754/3151
f 1610/1731/3150 1611/1734/3152 1622/1754/3151
f 1611/1734/3152 1612/1736/3153 1622/1754/3151
f 1612/1736/3153 1613/1738/3154 1622/1754/3151
f 1613/1738/3154 1614/1740/3155 1622/1754/3151
f 1614/1740/3155 1615/1742/3156 1622/1754/3151
f 1615/1742/3156 1616/1744/3157 1622/1754/3151
f 1616/1744/3157 1617/1746/3158 1622/1754/3151
f 1617/1746/3158 1618/1748/3159 1622/1754/3151
f 1618/1748/3159 1619/1750/3160 1622/1754/3151
f 1619/1750/3160 1620/1752/3161 1622/1754/3151
f 1620/1752/3161 1609/1732/3149 1622/1754/3151
s 194
f 1623/1755/3162 1624/1756/3163 1636/1757/3164 1635/1758/3165
f 1624/1756/3163 1625/1759/3166 1637/1760/3167 1636/1757/3164
f 1625/1759/3166 1626/1761/3168 1638/1762/3169 1637/1760/3167
f 1626/1761/3168 1627/1763/3170 1639/1764/3171 1638/1762/3169
f 1627/1763/3170 1628/1765/3172 1640/1766/3173 1639/1764/3171
f 1628/1765/3172 1629/1767/3174 1641/1768/3175 1640/1766/3173
f 1629/1767/3174 1630/1769/3176 1642/1770/3177 1641/1768/3175
f 1630/1769/3176 1631/1771/3178 1643/1772/3179 1642/1770/3177
f 1631/1771/3178 1632/1773/3180 1644/1774/3181 1643/1772/3179
f 1632/1773/3180 1633/1775/3182 1645/1776/3183 1644/1774/3181
f 1633/1775/3182 1634/1777/3184 1646/1778/3185 1645/1776/3183
f 1634/1777/3184 1623/1755/3162 1635/1758/3165 1646/1778/3185
s 195
f 1624/1756/3186 1623/1755/3187 1647/1779/3188
f 1625/1759/3189 1624/1756/3186 1647/1779/3188
f 1626/1761/3190 1625/1759/3189 1647/1779/3188
f 1627/1763/3191 1626/1761/3190 1647/1779/3188
f 1628/1765/3192 1627/1763/3191 1647/1779/3188
f 1629/1767/3193 1628/1765/3192 1647/1779/3188
f 1630/1769/3194 1629/1767/3193 1647/1779/3188
f 1631/1771/3195 1630/1769/3194 1647/1779/3188
f 1632/1773/3196 1631/1771/3195 1647/1779/3188
f 1633/1775/3197 1632/1773/3196 1647/1779/3188
f 1634/1777/3198 1633/1775/3197 1647/1779/3188
f 1623/1755/3187 1634/1777/3198 1647/1779/3188
s 196
f 1635/1758/3199 1636/1757/3200 1648/1780/3201
f 1636/1757/3200 1637/1760/3202 1648/1780/3201
f 1637/1760/3202 1638/1762/3203 1648/1780/3201
f 1638/1762/3203 1639/1764/3204 1648/1780/3201
f 1639/1764/3204 1640/1766/3205 1648/1780/3201
f 1640/1766/3205 1641/1768/3206 1648/1780/3201
f 1641/1768/3206 1642/1770/3207 1648/1780/3201
f 1642/1770/3207 1643/1772/3208 1648/1780/3201
f 1643/1772/3208 1644/1774/3209 1648/1780/3201
f 1644/1774/3209 1645/1776/3210 1648/1780/3201
f 1645/1776/3210 1646/1778/3211 1648/1780/3201
f 1646/1778/3211 1635/1758/3199 1648/1780/3201
s 197
f 1649/1781/3212 1650/1782/3213 1662/1783/3214 1661/1784/3215
f 1650/1782/3213 1651/1785/3216 1663/1786/3217 1662/1783/3214
f 1651/1785/3216 1652/1787/3218 1664/1788/3219 1663/1786/3217
f 1652/1787/3218 1653/1789/3220 1665/1790/3221 1664/1788/3219
f 1653/1789/3220 1654/1791/3222 1666/1792/3223 1665/1790/3221
f 1654/1791/3222 1655/1793/3224 1667/1794/3225 1666/1792/3223
f 1655/1793/3224 1656/1795/3226 1668/1796/3227 1667/1794/3225
f 1656/1795/3226 1657/1797/3228 1669/1798/3229 1668/1796/3227
f 1657/1797/3228 1658/1799/3230 1670/1800/3231 1669/1798/3229
f 1658/1799/3230 1659/1801/3232 1671/1802/3233 1670/1800/3231
f 1659/1801/3232 1660/1803/3234 1672/1804/3235 1671/1802/3233
f 1660/1803/3234 1649/1781/3212 1661/1784/3215 1672/1804/3235
s 198
f 1650/1782/3236 1649/1781/3237 1673/1805/3238
f 1651/1785/3239 1650/1782/3236 1673/1805/3238
f 1652/1787/3240 1651/1785/3239 1673/1805/3238
f 1653/1789/3241 1652/1787/3240 1673/1805/3238
f 1654/1791/3242 1653/1789/3241 1673/1805/3238
f 1655/1793/3243 1654/1791/3242 1673/1805/3238
f 1656/1795/3244 1655/1793/3243 1673/1805/3238
f 1657/1797/3245 1656/1795/3244 1673/1805/3238
f 1658/1799/3246 1657/1797/3245 1673/1805/3238
f 1659/1801/3247 1658/1799/3246 1673/1805/3238
f 1660/1803/3248 1659/1801/3247 1673/1805/3238
f 1649/1781/3237 1660/1803/3248 1673/1805/3238
s 199
f 1661/1784/3249 1662/1783/3250 1674/1806/3251
f 1662/1783/3250 1663/1786/3252 1674/1806/3251
f 1663/1786/3252 1664/1788/3253 1674/1806/3251
f 1664/1788/3253 1665/1790/3254 1674/1806/3251
f 1665/1790/3254 1666/1792/3255 1674/1806/3251
f 1666/1792/3255 1667/1794/3256 1674/1806/3251
f 1667/1794/3256 1668/1796/3257 1674/1806/3251
f 1668/1796/3257 1669/1798/3258 1674/1806/3251
f 1669/1798/3258 1670/1800/3259 1674/1806/3251
f 1670/1800/3259 1671/1802/3260 1674/1806/3251
f 1671/1802/3260 1672/1804/3261 1674/1806/3251
f 1672/1804/3261 1661/1784/3249 1674/1806/3251
s 200
f 1675/1807/3262 1676/1808/3263 1688/1809/3264 1687/1810/3265
f 1676/1808/3263 1677/1811/3266 1689/1812/3267 1688/1809/3264
f 1677/1811/3266 1678/1813/3268 1690/1814/3269 1689/1812/3267
f 1678/1813/3268 1679/1815/3270 1691/1816/3271 1690/1814/3269
f 1679/1815/3270 1680/1817/3272 1692/1818/3273 1691/1816/3271
f 1680/1817/3272 1681/1819/3274 1693/1820/3275 1692/1818/3273
f 1681/1819/3274 1682/1821/3276 1694/1822/3277 1693/1820/3275
f 1682/1821/3276 1683/1823/3278 1695/1824/3279 1694/1822/3277
f 1683/1823/3278 1684/1825/3280 1696/1826/3281 1695/1824/3279
f 1684/1825/3280 1685/1827/3282 1697/1828/3283 1696/1826/3281
f 1685/1827/3282 1686/1829/3284 1698/1830/3285 1697/1828/3283
f 1686/1829/3284 1675/1807/3262 1687/1810/3265 1698/1830/3285
s 201
f 1676/1808/3286 1675/1807/3287 1699/1831/3288
f 1677/1811/3289 1676/1808/3286 1699/1831/3288
f 1678/1813/3290 1677/1811/3289 1699/1831/3288
f 1679/1815/3291 1678/1813/3290 1699/1831/3288
f 1680/1817/3292 1679/1815/3291 1699/1831/3288
f 1681/1819/3293 1680/1817/3292 1699/1831/3288
f 1682/1821/3294 1681/1819/3293 1699/1831/3288
f 1683/1823/3295 1682/1821/3294 1699/1831/3288
f 1684/1825/3296 1683/1823/3295 1699/1831/3288
f 1685/1827/3297 1684/1825/3296 1699/1831/3288
f 1686/1829/3298 1685/1827/3297 1699/1831/3288
f 1675/1807/3287 1686/1829/3298 1699/1831/3288
s 202
f 1687/1810/3299 1688/1809/3300 1700/1832/3301
f 1688/1809/3300 1689/1812/3302 1700/1832/3301
f 1689/1812/3302 1690/1814/3303 1700/1832/3301
f 1690/1814/3303 1691/1816/3304 1700/1832/3301
f 1691/1816/3304 1692/1818/3305 1700/1832/3301
f 1692/1818/3305 1693/1820/3306 1700/1832/3301
f 1693/1820/3306 1694/1822/3307 1700/1832/3301
f 1694/1822/3307 1695/1824/3308 1700/1832/3301
f 1695/1824/3308 1696/1826/3309 1700/1832/3301
f 1696/1826/3309 1697/1828/3310 1700/1832/3301
f 1697/1828/3310 1698/1830/3311 1700/1832/3301
f 1698/1830/3311 1687/1810/3299 1700/1832/3301
s off
f 1701/1833/3312 1702/1834/3313 1704/1835/3314 1703/1836/3315
f 1703/1836/3316 1704/1835/3317 1706/1837/3318 1705/1838/3319
f 1705/1838/3320 1706/1837/3321 1708/1839/3322 1707/1840/3323
f 1707/1840/3324 1708/1839/3325 1702/1834/3326 1701/1833/3327
f 1702/1834/3328 1708/1839/3329 1706/1837/3330 1704/1835/3331
f 1707/1840/3332 1701/1833/3333 1703/1836/3334 1705/1838/3335
f 1709/1841/3336 1710/1842/3337 1712/1843/3338 1711/1844/3339
f 1711/1844/3340 1712/1843/3341 1714/1845/3342 1713/1846/3343
f 1713/1846/3344 1714/1845/3345 1716/1847/3346 1715/1848/3347
f 1715/1848/3348 1716/1847/3349 1710/1842/3350 1709/1841/3351
f 1710/1842/3352 1716/1847/3353 1714/1845/3354 1712/1843/3355
f 1715/1848/3356 1709/1841/3357 1711/1844/3358 1713/1846/3359
f 1717/1849/3360 1718/1850/3361 1720/1851/3362 1719/1852/3363
f 1719/1852/3364 1720/1851/3365 1722/1853/3366 1721/1854/3367
f 1721/1854/3368 1722/1853/3369 1724/1855/3370 1723/1856/3371
f 1723/1856/3372 1724/1855/3373 1718/1850/3374 1717/1849/3375
f 1718/1850/3376 1724/1855/3377 1722/1853/3378 1720/1851/3379
f 1723/1856/3380 1717/1849/3381 1719/1852/3382 1721/1854/3383
f 1725/1857/3384 1726/1858/3385 1728/1859/3386 1727/1860/3387
f 1727/1860/3388 1728/1859/3389 1730/1861/3390 1729/1862/3391
f 1729/1862/3392 1730/1861/3393 1732/1863/3394 1731/1864/3395
f 1731/1864/3396 1732/1863/3397 1726/1858/3398 1725/1857/3399
f 1726/1858/3400 1732/1863/3401 1730/1861/3402 1728/1859/3403
f 1731/1864/3404 1725/1857/3405 1727/1860/3406 1729/1862/3407
s 203
f 1787/1865/3408 1804/1866/3409 1805/1867/3410 1790/1868/3411
s 204
f 1735/1869/3412 1813/1870/3413 1884/1871/3414 1869/1872/3415
s 205
f 1766/1873/3416 1817/1874/3417 1818/1875/3418 1739/1876/3419
s 206
f 1873/1877/3420 1874/1878/3421 1801/1879/3422 1733/1880/3423
s 207
f 1734/1881/3424 1877/1882/3425 1878/1883/3426 1769/1884/3427
s 208
f 1872/1885/3428 1873/1877/3429 1733/1880/3430 1765/1886/3431
s 209
f 1733/1880/3432 1801/1879/3433 1802/1887/3434 1741/1888/3435
s 210
f 1734/1881/3436 1769/1884/3437 1770/1889/3438 1742/1890/3439
s 211
f 1812/1891/3440 1813/1870/3441 1735/1869/3442 1744/1892/3443
s 212
f 1771/1893/3444 1765/1886/3445 1733/1880/3446 1741/1888/3447
s 209
f 1746/1894/3448 1745/1895/3449 1734/1881/3450 1742/1890/3451
s 214
f 1776/1896/3452 1774/1897/3453 1773/1898/3454 1777/1899/3455
s 211
f 1736/1900/3456 1748/1901/3457 1747/1902/3458 1743/1903/3459
s 204
f 1881/1904/3460 1882/1905/3461 1748/1901/3462 1736/1900/3463
s 205
f 1750/1906/3464 1767/1907/3465 1768/1908/3466 1740/1909/3467
s 206
f 1745/1895/3468 1876/1910/3469 1877/1882/3470 1734/1881/3471
s 208
f 1869/1872/3472 1870/1911/3473 1751/1912/3474 1735/1869/3475
s 205
f 1737/1913/3476 1814/1914/3477 1815/1915/3478 1752/1916/3479
f 1754/1917/3480 1753/1918/3481 1749/1919/3482 1738/1920/3483
s 207
f 1755/1921/3484 1880/1922/3485 1881/1904/3486 1736/1900/3487
s 210
f 1756/1923/3488 1755/1921/3489 1736/1900/3490 1743/1903/3491
s off
usemtl lambert11SG
f 1850/1924/3492 1849/1925/3493 1851/1926/3494 1852/1927/3495
s 224
f 1798/1928/3496 1808/1929/3497 1809/1930/3498 1800/1931/3499
s 212
usemtl lambert10SG
f 1735/1869/3500 1751/1912/3501 1757/1932/3502 1744/1892/3503
s 208
f 1870/1911/3473 1871/1933/3504 1758/1934/3505 1751/1912/3474
s 205
f 1752/1916/3479 1815/1915/3478 1816/1935/3506 1759/1936/3507
f 1761/1937/3508 1760/1938/3509 1753/1918/3481 1754/1917/3480
s 207
f 1762/1939/3510 1879/1940/3511 1880/1922/3485 1755/1921/3484
s 210
f 1763/1941/3512 1762/1939/3513 1755/1921/3489 1756/1923/3488
s 214
f 1780/1942/3514 1778/1943/3515 1784/1944/3516 1785/1945/3517
s 226
f 1796/1946/3518 1806/1947/3519 1807/1948/3520 1792/1949/3521
s 212
f 1757/1932/3502 1751/1912/3501 1758/1934/3522 1764/1950/3523
s 208
f 1871/1933/3504 1872/1885/3428 1765/1886/3431 1758/1934/3505
s 205
f 1759/1936/3507 1816/1935/3506 1817/1874/3417 1766/1873/3416
f 1768/1908/3466 1767/1907/3465 1760/1938/3509 1761/1937/3508
s 207
f 1769/1884/3427 1878/1883/3426 1879/1940/3511 1762/1939/3510
s 210
f 1770/1889/3438 1769/1884/3437 1762/1939/3513 1763/1941/3512
s 214
f 1785/1945/3517 1784/1944/3516 1774/1897/3453 1776/1896/3452
s 212
f 1764/1950/3523 1758/1934/3522 1765/1886/3445 1771/1893/3444
s 227
f 1741/1888/3524 1802/1887/3525 1803/1951/3526 1772/1952/3527
s off
f 1771/1893/3528 1741/1888/3529 1772/1952/3530 1775/1953/3531
f 1746/1894/3532 1742/1890/3533 1777/1899/3534 1773/1898/3535
f 1742/1890/3536 1770/1889/3537 1776/1896/3538 1777/1899/3539
f 1756/1923/3540 1743/1903/3541 1781/1954/3542 1780/1942/3543
f 1743/1903/3544 1747/1902/3545 1779/1955/3546 1781/1954/3547
s 228
f 1811/1956/3548 1812/1891/3549 1744/1892/3550 1783/1957/3551
s off
f 1744/1892/3552 1757/1932/3553 1782/1958/3554 1783/1957/3555
f 1763/1941/3556 1756/1923/3557 1780/1942/3558 1785/1945/3559
f 1757/1932/3560 1764/1950/3561 1786/1959/3562 1782/1958/3563
f 1770/1889/3564 1763/1941/3565 1785/1945/3566 1776/1896/3567
f 1764/1950/3568 1771/1893/3569 1775/1953/3570 1786/1959/3571
s 229
f 1772/1952/3572 1803/1951/3573 1804/1960/3574 1787/1961/3575
s off
f 1773/1898/3576 1774/1897/3577 1789/1962/3578 1788/1963/3579
f 1775/1953/3580 1772/1952/3581 1787/1961/3582 1790/1964/3583
f 1778/1943/3584 1779/1955/3585 1793/1965/3586 1791/1966/3587
s 230
f 1810/1967/3588 1811/1956/3589 1783/1957/3590 1794/1968/3591
s off
f 1783/1957/3592 1782/1958/3593 1792/1969/3594 1794/1968/3595
f 1784/1944/3596 1778/1943/3597 1791/1966/3598 1795/1970/3599
f 1782/1958/3600 1786/1959/3601 1796/1971/3602 1792/1969/3603
s 231
f 1792/1949/3604 1807/1948/3605 1808/1972/3606 1798/1973/3607
s off
f 1791/1966/3608 1793/1965/3609 1799/1974/3610 1797/1975/3611
s 232
f 1809/1976/3612 1810/1967/3613 1794/1968/3614 1800/1977/3615
s off
f 1794/1968/3616 1792/1969/3617 1798/1978/3618 1800/1977/3619
s 209
f 1822/1979/3620 1823/1980/3621 1745/1895/3449 1746/1894/3448
s 227
f 1821/1981/3622 1822/1979/3623 1746/1894/3624 1773/1898/3625
s 229
f 1820/1982/3626 1821/1981/3627 1773/1898/3628 1788/1963/3629
s 203
f 1819/1983/3630 1820/1984/3631 1788/1985/3632 1789/1986/3633
s 226
f 1835/1987/3634 1836/1988/3635 1795/1989/3636 1791/1990/3637
s 231
f 1834/1991/3638 1835/1987/3639 1791/1990/3640 1797/1992/3641
s 224
usemtl lambert11SG
f 1833/1993/3642 1834/1994/3643 1797/1995/3644 1799/1996/3645
s 232
usemtl lambert10SG
f 1793/1965/3646 1832/1997/3647 1833/1998/3648 1799/1974/3649
s 230
f 1779/1955/3650 1831/1999/3651 1832/1997/3652 1793/1965/3653
s 228
f 1747/1902/3654 1830/2000/3655 1831/1999/3656 1779/1955/3657
s 211
f 1747/1902/3458 1748/1901/3457 1829/2001/3658 1830/2000/3659
s 204
f 1882/1905/3461 1883/2002/3660 1829/2001/3661 1748/1901/3462
s 205
f 1827/2003/3662 1828/2004/3663 1749/1919/3482 1753/1918/3481
f 1826/2005/3664 1827/2003/3662 1753/1918/3481 1760/1938/3509
f 1825/2006/3665 1826/2005/3664 1760/1938/3509 1767/1907/3465
f 1824/2007/3666 1825/2006/3665 1767/1907/3465 1750/1906/3464
s 206
f 1823/1980/3667 1875/2008/3668 1876/1910/3469 1745/1895/3468
s 203
f 1805/1867/3410 1804/1866/3409 1820/1984/3631 1819/1983/3630
s 229
f 1804/1960/3574 1803/1951/3573 1821/1981/3627 1820/1982/3626
s 227
f 1803/1951/3526 1802/1887/3525 1822/1979/3623 1821/1981/3622
s 209
f 1802/1887/3434 1801/1879/3433 1823/1980/3621 1822/1979/3620
s 206
f 1801/1879/3422 1874/1878/3421 1875/2008/3668 1823/1980/3667
s 205
f 1818/1875/3418 1817/1874/3417 1825/2006/3665 1824/2007/3666
f 1817/1874/3417 1816/1935/3506 1826/2005/3664 1825/2006/3665
f 1816/1935/3506 1815/1915/3478 1827/2003/3662 1826/2005/3664
f 1815/1915/3478 1814/1914/3477 1828/2004/3663 1827/2003/3662
s 204
f 1883/2002/3660 1884/1871/3414 1813/1870/3413 1829/2001/3661
s 211
f 1830/2000/3659 1829/2001/3658 1813/1870/3441 1812/1891/3440
s 228
f 1831/1999/3656 1830/2000/3655 1812/1891/3549 1811/1956/3548
s 230
f 1832/1997/3652 1831/1999/3651 1811/1956/3589 1810/1967/3588
s 232
f 1833/1998/3648 1832/1997/3647 1810/1967/3613 1809/1976/3612
s 224
usemtl lambert11SG
f 1809/1930/3498 1808/1929/3497 1834/1994/3643 1833/1993/3642
s 231
usemtl lambert10SG
f 1808/1972/3606 1807/1948/3605 1835/1987/3639 1834/1991/3638
s 226
f 1807/1948/3520 1806/1947/3519 1836/1988/3635 1835/1987/3634
s off
f 1841/2009/3669 1842/2010/3670 1843/2011/3671 1844/2012/3672
f 1774/2013/3673 1775/2014/3674 1790/2015/3675 1805/2016/3676 1819/2017/3677 1789/2018/3678
f 1784/2019/3679 1795/2020/3680 1836/2021/3681 1806/2022/3682 1796/2023/3683 1786/2024/3684
f 1784/2019/3685 1786/2024/3686 1838/2025/3687 1837/2026/3688
f 1786/2024/3689 1775/2014/3690 1839/2027/3691 1838/2025/3692
f 1775/2014/3693 1774/2013/3694 1840/2028/3695 1839/2027/3696
f 1774/2013/3697 1784/2019/3698 1837/2026/3699 1840/2028/3700
f 1837/2026/3701 1838/2025/3702 1842/2029/3703 1841/2030/3704
f 1838/2025/3705 1839/2027/3706 1843/2031/3707 1842/2029/3708
f 1839/2027/3709 1840/2028/3710 1844/2032/3711 1843/2031/3712
f 1840/2028/3713 1837/2026/3714 1841/2030/3715 1844/2032/3716
f 1779/1955/3717 1778/1943/3718 1845/2033/3719 1846/2034/3720
f 1778/1943/3721 1780/1942/3722 1847/2035/3723 1845/2033/3724
f 1780/1942/3725 1781/1954/3726 1848/2036/3727 1847/2035/3728
f 1781/1954/3729 1779/1955/3730 1846/2034/3731 1848/2036/3732
f 1846/2034/3733 1845/2033/3734 1849/2037/3735 1850/2038/3736
f 1845/2033/3737 1847/2035/3738 1851/2039/3739 1849/2037/3740
f 1847/2035/3741 1848/2036/3742 1852/2040/3743 1851/2039/3744
f 1848/2036/3745 1846/2034/3746 1850/2038/3747 1852/2040/3748
s 233
f 1752/1916/3749 1854/2041/3750 1853/2042/3751 1737/1913/3752
f 1759/1936/3753 1855/2043/3754 1854/2041/3750 1752/1916/3749
f 1766/1873/3755 1856/2044/3756 1855/2043/3754 1759/1936/3753
f 1739/1876/3757 1857/2045/3758 1856/2044/3756 1766/1873/3755
s 234
f 1739/1876/3759 1818/1875/3760 1858/2046/3761 1857/2045/3762
f 1859/2047/3763 1858/2046/3761 1818/1875/3760 1824/2007/3764
f 1860/2048/3765 1859/2047/3763 1824/2007/3764 1750/1906/3766
f 1861/2049/3767 1860/2048/3765 1750/1906/3766 1740/1909/3768
s 235
f 1862/2050/3769 1861/2049/3770 1740/1909/3771 1768/1908/3772
f 1863/2051/3773 1862/2050/3769 1768/1908/3772 1761/1937/3774
f 1864/2052/3775 1863/2051/3773 1761/1937/3774 1754/1917/3776
f 1865/2053/3777 1864/2052/3775 1754/1917/3776 1738/1920/3778
s 236
f 1749/1919/3779 1866/2054/3780 1865/2053/3781 1738/1920/3782
f 1828/2004/3783 1867/2055/3784 1866/2054/3780 1749/1919/3779
f 1814/1914/3785 1868/2056/3786 1867/2055/3784 1828/2004/3783
f 1853/2042/3787 1868/2056/3786 1814/1914/3785 1737/1913/3788
s 237
f 1885/2057/3789 1886/2058/3790 1887/2059/3791 1888/2060/3792
f 1886/2058/3790 1889/2061/3793 1890/2062/3794 1887/2059/3791
f 1889/2061/3793 1891/2063/3795 1892/2064/3796 1890/2062/3794
f 1891/2063/3795 1893/2065/3797 1894/2066/3798 1892/2064/3796
s 238
f 1893/2065/3799 1895/2067/3800 1896/2068/3801 1894/2066/3802
f 1897/2069/3803 1896/2068/3801 1895/2067/3800 1898/2070/3804
f 1899/2071/3805 1897/2069/3803 1898/2070/3804 1900/2072/3806
f 1901/2073/3807 1899/2071/3805 1900/2072/3806 1902/2074/3808
s 239
f 1903/2075/3809 1901/2073/3810 1902/2074/3811 1904/2076/3812
f 1905/2077/3813 1903/2075/3809 1904/2076/3812 1906/2078/3814
f 1907/2079/3815 1905/2077/3813 1906/2078/3814 1908/2080/3816
f 1909/2081/3817 1907/2079/3815 1908/2080/3816 1910/2082/3818
s 240
f 1910/2082/3819 1911/2083/3820 1912/2084/3821 1909/2081/3822
f 1911/2083/3820 1913/2085/3823 1914/2086/3824 1912/2084/3821
f 1913/2085/3823 1915/2087/3825 1916/2088/3826 1914/2086/3824
f 1888/2060/3827 1916/2088/3826 1915/2087/3825 1885/2057/3828
s off
f 1853/2089/3829 1854/2090/3830 1886/2058/3831 1885/2057/3832
f 1870/2091/3833 1869/2092/3834 1888/2060/3835 1887/2059/3836
f 1854/2090/3837 1855/2093/3838 1889/2061/3839 1886/2058/3840
f 1871/2094/3841 1870/2091/3842 1887/2059/3843 1890/2062/3844
f 1855/2093/3845 1856/2095/3846 1891/2063/3847 1889/2061/3848
f 1872/2096/3849 1871/2094/3850 1890/2062/3851 1892/2064/3852
f 1856/2095/3853 1857/2097/3854 1893/2065/3855 1891/2063/3856
f 1873/2098/3857 1872/2096/3858 1892/2064/3859 1894/2066/3860
f 1857/2097/3861 1858/2099/3862 1895/2067/3863 1893/2065/3864
f 1874/2100/3865 1873/2098/3866 1894/2066/3867 1896/2068/3868
f 1875/2101/3869 1874/2100/3870 1896/2068/3871 1897/2069/3872
f 1858/2099/3873 1859/2102/3874 1898/2070/3875 1895/2067/3876
f 1876/2103/3877 1875/2101/3878 1897/2069/3879 1899/2071/3880
f 1859/2102/3881 1860/2104/3882 1900/2072/3883 1898/2070/3884
f 1877/2105/3885 1876/2103/3886 1899/2071/3887 1901/2073/3888
f 1860/2104/3889 1861/2106/3890 1902/2074/3891 1900/2072/3892
f 1878/2107/3893 1877/2105/3894 1901/2073/3895 1903/2075/3896
f 1861/2106/3897 1862/2108/3898 1904/2076/3899 1902/2074/3900
f 1879/2109/3901 1878/2107/3902 1903/2075/3903 1905/2077/3904
f 1862/2108/3905 1863/2110/3906 1906/2078/3907 1904/2076/3908
f 1880/2111/3909 1879/2109/3910 1905/2077/3911 1907/2079/3912
f 1863/2110/3913 1864/2112/3914 1908/2080/3915 1906/2078/3916
f 1881/2113/3917 1880/2111/3918 1907/2079/3919 1909/2081/3920
f 1864/2112/3921 1865/2114/3922 1910/2082/3923 1908/2080/3924
f 1865/2114/3925 1866/2115/3926 1911/2083/3927 1910/2082/3928
f 1882/2116/3929 1881/2113/3930 1909/2081/3931 1912/2084/3932
f 1866/2115/3933 1867/2117/3934 1913/2085/3935 1911/2083/3936
f 1883/2118/3937 1882/2116/3938 1912/2084/3939 1914/2086/3940
f 1867/2117/3941 1868/2119/3942 1915/2087/3943 1913/2085/3944
f 1884/2120/3945 1883/2118/3946 1914/2086/3947 1916/2088/3948
f 1869/2092/3949 1884/2120/3950 1916/2088/3951 1888/2060/3952
f 1868/2119/3953 1853/2089/3954 1885/2057/3955 1915/2087/3956
f 1917/2121/3957 1918/2122/3958 1920/2123/3959 1919/2124/3960
f 1919/2124/3961 1920/2123/3962 1922/2125/3963 1921/2126/3964
f 1921/2126/3965 1922/2125/3966 1924/2127/3967 1923/2128/3968
f 1923/2128/3969 1924/2127/3970 1918/2122/3971 1917/2121/3972
f 1918/2122/3973 1924/2127/3974 1922/2125/3975 1920/2123/3976
f 1923/2128/3977 1917/2121/3978 1919/2124/3979 1921/2126/3980
f 1925/2129/3981 1926/2130/3982 1928/2131/3983 1927/2132/3984
f 1927/2132/3985 1928/2131/3986 1930/2133/3987 1929/2134/3988
f 1929/2134/3989 1930/2133/3990 1932/2135/3991 1931/2136/3992
f 1931/2136/3993 1932/2135/3994 1926/2130/3995 1925/2129/3996
f 1926/2130/3997 1932/2135/3998 1930/2133/3999 1928/2131/4000
f 1931/2136/4001 1925/2129/4002 1927/2132/4003 1929/2134/4004
s 241
f 1933/2137/4005 1934/2138/4006 1946/2139/4007 1945/2140/4008
f 1934/2138/4006 1935/2141/4009 1947/2142/4010 1946/2139/4007
f 1935/2141/4009 1936/2143/4011 1948/2144/4012 1947/2142/4010
f 1936/2143/4011 1937/2145/4013 1949/2146/4014 1948/2144/4012
f 1937/2145/4013 1938/2147/4015 1950/2148/4016 1949/2146/4014
f 1938/2147/4015 1939/2149/4017 1951/2150/4018 1950/2148/4016
f 1939/2149/4017 1940/2151/4019 1952/2152/4020 1951/2150/4018
f 1940/2151/4019 1941/2153/4021 1953/2154/4022 1952/2152/4020
f 1941/2153/4021 1942/2155/4023 1954/2156/4024 1953/2154/4022
f 1942/2155/4023 1943/2157/4025 1955/2158/4026 1954/2156/4024
f 1943/2157/4025 1944/2159/4027 1956/2160/4028 1955/2158/4026
f 1944/2159/4027 1933/2137/4005 1945/2140/4008 1956/2160/4028
s 242
f 1934/2138/4029 1933/2137/4030 1957/2161/4031
f 1935/2141/4032 1934/2138/4029 1957/2161/4031
f 1936/2143/4033 1935/2141/4032 1957/2161/4031
f 1937/2145/4034 1936/2143/4033 1957/2161/4031
f 1938/2147/4035 1937/2145/4034 1957/2161/4031
f 1939/2149/4036 1938/2147/4035 1957/2161/4031
f 1940/2151/4037 1939/2149/4036 1957/2161/4031
f 1941/2153/4038 1940/2151/4037 1957/2161/4031
f 1942/2155/4039 1941/2153/4038 1957/2161/4031
f 1943/2157/4040 1942/2155/4039 1957/2161/4031
f 1944/2159/4041 1943/2157/4040 1957/2161/4031
f 1933/2137/4030 1944/2159/4041 1957/2161/4031
s 243
f 1945/2140/4042 1946/2139/4043 1958/2162/4044
f 1946/2139/4043 1947/2142/4045 1958/2162/4044
f 1947/2142/4045 1948/2144/4046 1958/2162/4044
f 1948/2144/4046 1949/2146/4047 1958/2162/4044
f 1949/2146/4047 1950/2148/4048 1958/2162/4044
f 1950/2148/4048 1951/2150/4049 1958/2162/4044
f 1951/2150/4049 1952/2152/4050 1958/2162/4044
f 1952/2152/4050 1953/2154/4051 1958/2162/4044
f 1953/2154/4051 1954/2156/4052 1958/2162/4044
f 1954/2156/4052 1955/2158/4053 1958/2162/4044
f 1955/2158/4053 1956/2160/4054 1958/2162/4044
f 1956/2160/4054 1945/2140/4042 1958/2162/4044
s 244
f 1959/2163/4055 1971/2164/4056 1972/2165/4057 1967/2166/4058
f 1961/2167/4059 1973/2168/4060 1992/2169/4061 1983/2170/4062
f 1968/2171/4063 1975/2172/4064 1976/2173/4065 1965/2174/4066
f 1985/2175/4067 1986/2176/4068 1971/2164/4056 1959/2163/4055
f 1960/2177/4069 1988/2178/4070 1989/2179/4071 1970/2180/4072
f 1984/2181/4073 1985/2175/4067 1959/2163/4055 1967/2166/4074
f 1983/2170/4062 1984/2181/4073 1967/2166/4074 1961/2167/4059
f 1963/2182/4075 1974/2183/4076 1975/2172/4064 1968/2171/4063
f 1970/2180/4072 1989/2179/4071 1990/2184/4077 1962/2185/4078
f 1967/2166/4058 1972/2165/4057 1973/2168/4060 1961/2167/4059
f 1977/2186/4079 1978/2187/4080 1960/2177/4069 1970/2180/4081
f 1982/2188/4082 1977/2186/4079 1970/2180/4081 1962/2185/4078
f 1990/2184/4077 1991/2189/4083 1982/2188/4082 1962/2185/4078
f 1980/2190/4084 1981/2191/4085 1964/2192/4086 1969/2193/4087
f 1979/2194/4088 1980/2190/4084 1969/2193/4087 1966/2195/4089
f 1978/2187/4080 1987/2196/4090 1988/2178/4070 1960/2177/4069
f 1972/2165/4057 1971/2164/4056 1978/2187/4080 1977/2186/4079
f 1971/2164/4056 1986/2176/4068 1987/2196/4090 1978/2187/4080
f 1976/2173/4065 1975/2172/4064 1980/2190/4084 1979/2194/4088
f 1975/2172/4064 1974/2183/4076 1981/2191/4085 1980/2190/4084
f 1991/2189/4083 1992/2169/4061 1973/2168/4060 1982/2188/4082
f 1973/2168/4060 1972/2165/4057 1977/2186/4079 1982/2188/4082
f 1968/2171/4091 1994/2197/4092 1995/2198/4093 1963/2182/4075
f 1965/2174/4066 1993/2199/4094 1994/2197/4092 1968/2171/4091
f 1965/2174/4066 1976/2173/4065 2002/2200/4095 1993/2199/4094
f 2001/2201/4096 2002/2200/4095 1976/2173/4065 1979/2194/4088
f 2000/2202/4097 2001/2201/4096 1979/2194/4088 1966/2195/4089
f 1999/2203/4098 2000/2202/4097 1966/2195/4089 1969/2193/4099
f 1998/2204/4100 1999/2203/4098 1969/2193/4099 1964/2192/4086
f 1981/2191/4085 1997/2205/4101 1998/2204/4100 1964/2192/4086
f 1974/2183/4076 1996/2206/4102 1997/2205/4101 1981/2191/4085
f 1995/2198/4093 1996/2206/4102 1974/2183/4076 1963/2182/4075
f 1994/2197/4092 1993/2199/4094 1985/2175/4067 1984/2181/4073
f 1995/2198/4093 1994/2197/4092 1984/2181/4073 1983/2170/4062
f 1983/2170/4062 1992/2169/4061 1996/2206/4102 1995/2198/4093
f 1997/2205/4101 1996/2206/4102 1992/2169/4061 1991/2189/4083
f 1998/2204/4100 1997/2205/4101 1991/2189/4083 1990/2184/4077
f 1990/2184/4077 1989/2179/4071 1999/2203/4098 1998/2204/4100
f 1989/2179/4071 1988/2178/4070 2000/2202/4097 1999/2203/4098
f 1988/2178/4070 1987/2196/4090 2001/2201/4096 2000/2202/4097
f 1987/2196/4090 1986/2176/4068 2002/2200/4095 2001/2201/4096
f 1993/2199/4094 2002/2200/4095 1986/2176/4068 1985/2175/4067
s 248
f 2003/2207/4103 2015/2208/4104 2016/2209/4105 2011/2210/4106
f 2005/2211/4107 2017/2212/4108 2036/2213/4109 2027/2214/4110
f 2012/2215/4111 2019/2216/4112 2020/2217/4113 2009/2218/4114
f 2029/2219/4115 2030/2220/4116 2015/2208/4104 2003/2207/4103
f 2004/2221/4117 2032/2222/4118 2033/2223/4119 2014/2224/4120
f 2028/2225/4121 2029/2219/4115 2003/2207/4103 2011/2210/4122
f 2027/2214/4110 2028/2225/4121 2011/2210/4122 2005/2211/4107
f 2007/2226/4123 2018/2227/4124 2019/2216/4112 2012/2215/4111
f 2014/2224/4120 2033/2223/4119 2034/2228/4125 2006/2229/4126
f 2011/2210/4106 2016/2209/4105 2017/2212/4108 2005/2211/4107
f 2021/2230/4127 2022/2231/4128 2004/2221/4117 2014/2224/4129
f 2026/2232/4130 2021/2230/4127 2014/2224/4129 2006/2229/4126
f 2034/2228/4125 2035/2233/4131 2026/2232/4130 2006/2229/4126
f 2024/2234/4132 2025/2235/4133 2008/2236/4134 2013/2237/4135
f 2023/2238/4136 2024/2234/4132 2013/2237/4135 2010/2239/4137
f 2022/2231/4128 2031/2240/4138 2032/2222/4118 2004/2221/4117
f 2016/2209/4105 2015/2208/4104 2022/2231/4128 2021/2230/4127
f 2015/2208/4104 2030/2220/4116 2031/2240/4138 2022/2231/4128
f 2020/2217/4113 2019/2216/4112 2024/2234/4132 2023/2238/4136
f 2019/2216/4112 2018/2227/4124 2025/2235/4133 2024/2234/4132
f 2035/2233/4131 2036/2213/4109 2017/2212/4108 2026/2232/4130
f 2017/2212/4108 2016/2209/4105 2021/2230/4127 2026/2232/4130
f 2012/2215/4139 2038/2241/4140 2039/2242/4141 2007/2226/4123
f 2009/2218/4114 2037/2243/4142 2038/2241/4140 2012/2215/4139
f 2009/2218/4114 2020/2217/4113 2046/2244/4143 2037/2243/4142
f 2045/2245/4144 2046/2244/4143 2020/2217/4113 2023/2238/4136
f 2044/2246/4145 2045/2245/4144 2023/2238/4136 2010/2239/4137
f 2043/2247/4146 2044/2246/4145 2010/2239/4137 2013/2237/4147
f 2042/2248/4148 2043/2247/4146 2013/2237/4147 2008/2236/4134
f 2025/2235/4133 2041/2249/4149 2042/2248/4148 2008/2236/4134
f 2018/2227/4124 2040/2250/4150 2041/2249/4149 2025/2235/4133
f 2039/2242/4141 2040/2250/4150 2018/2227/4124 2007/2226/4123
f 2038/2241/4140 2037/2243/4142 2029/2219/4115 2028/2225/4121
f 2039/2242/4141 2038/2241/4140 2028/2225/4121 2027/2214/4110
f 2027/2214/4110 2036/2213/4109 2040/2250/4150 2039/2242/4141
f 2041/2249/4149 2040/2250/4150 2036/2213/4109 2035/2233/4131
f 2042/2248/4148 2041/2249/4149 2035/2233/4131 2034/2228/4125
f 2034/2228/4125 2033/2223/4119 2043/2247/4146 2042/2248/4148
f 2033/2223/4119 2032/2222/4118 2044/2246/4145 2043/2247/4146
f 2032/2222/4118 2031/2240/4138 2045/2245/4144 2044/2246/4145
f 2031/2240/4138 2030/2220/4116 2046/2244/4143 2045/2245/4144
f 2037/2243/4142 2046/2244/4143 2030/2220/4116 2029/2219/4115
s 252
f 2047/2251/4151 2048/2252/4152 2060/2253/4153 2059/2254/4154
f 2048/2252/4152 2049/2255/4155 2061/2256/4156 2060/2253/4153
f 2049/2255/4155 2050/2257/4157 2062/2258/4158 2061/2256/4156
f 2050/2257/4157 2051/2259/4159 2063/2260/4160 2062/2258/4158
f 2051/2259/4159 2052/2261/4161 2064/2262/4162 2063/2260/4160
f 2052/2261/4161 2053/2263/4163 2065/2264/4164 2064/2262/4162
f 2053/2263/4163 2054/2265/4165 2066/2266/4166 2065/2264/4164
f 2054/2265/4165 2055/2267/4167 2067/2268/4168 2066/2266/4166
f 2055/2267/4167 2056/2269/4169 2068/2270/4170 2067/2268/4168
f 2056/2269/4169 2057/2271/4171 2069/2272/4172 2068/2270/4170
f 2057/2271/4171 2058/2273/4173 2070/2274/4174 2069/2272/4172
f 2058/2273/4173 2047/2251/4151 2059/2254/4154 2070/2274/4174
s 253
f 2048/2252/4175 2047/2251/4176 2071/2275/4177
f 2049/2255/4178 2048/2252/4175 2071/2275/4177
f 2050/2257/4179 2049/2255/4178 2071/2275/4177
f 2051/2259/4180 2050/2257/4179 2071/2275/4177
f 2052/2261/4181 2051/2259/4180 2071/2275/4177
f 2053/2263/4182 2052/2261/4181 2071/2275/4177
f 2054/2265/4183 2053/2263/4182 2071/2275/4177
f 2055/2267/4184 2054/2265/4183 2071/2275/4177
f 2056/2269/4185 2055/2267/4184 2071/2275/4177
f 2057/2271/4186 2056/2269/4185 2071/2275/4177
f 2058/2273/4187 2057/2271/4186 2071/2275/4177
f 2047/2251/4176 2058/2273/4187 2071/2275/4177
s 254
f 2059/2254/4188 2060/2253/4189 2072/2276/4190
f 2060/2253/4189 2061/2256/4191 2072/2276/4190
f 2061/2256/4191 2062/2258/4192 2072/2276/4190
f 2062/2258/4192 2063/2260/4193 2072/2276/4190
f 2063/2260/4193 2064/2262/4194 2072/2276/4190
f 2064/2262/4194 2065/2264/4195 2072/2276/4190
f 2065/2264/4195 2066/2266/4196 2072/2276/4190
f 2066/2266/4196 2067/2268/4197 2072/2276/4190
f 2067/2268/4197 2068/2270/4198 2072/2276/4190
f 2068/2270/4198 2069/2272/4199 2072/2276/4190
f 2069/2272/4199 2070/2274/4200 2072/2276/4190
f 2070/2274/4200 2059/2254/4188 2072/2276/4190
s 255
f 2073/2277/4201 2074/2278/4202 2086/2279/4203 2085/2280/4204
f 2074/2278/4202 2075/2281/4205 2087/2282/4206 2086/2279/4203
f 2075/2281/4205 2076/2283/4207 2088/2284/4208 2087/2282/4206
f 2076/2283/4207 2077/2285/4209 2089/2286/4210 2088/2284/4208
f 2077/2285/4209 2078/2287/4211 2090/2288/4212 2089/2286/4210
f 2078/2287/4211 2079/2289/4213 2091/2290/4214 2090/2288/4212
f 2079/2289/4213 2080/2291/4215 2092/2292/4216 2091/2290/4214
f 2080/2291/4215 2081/2293/4217 2093/2294/4218 2092/2292/4216
f 2081/2293/4217 2082/2295/4219 2094/2296/4220 2093/2294/4218
f 2082/2295/4219 2083/2297/4221 2095/2298/4222 2094/2296/4220
f 2083/2297/4221 2084/2299/4223 2096/2300/4224 2095/2298/4222
f 2084/2299/4223 2073/2277/4201 2085/2280/4204 2096/2300/4224
s 256
f 2074/2278/4225 2073/2277/4226 2097/2301/4227
f 2075/2281/4228 2074/2278/4225 2097/2301/4227
f 2076/2283/4229 2075/2281/4228 2097/2301/4227
f 2077/2285/4230 2076/2283/4229 2097/2301/4227
f 2078/2287/4231 2077/2285/4230 2097/2301/4227
f 2079/2289/4232 2078/2287/4231 2097/2301/4227
f 2080/2291/4233 2079/2289/4232 2097/2301/4227
f 2081/2293/4234 2080/2291/4233 2097/2301/4227
f 2082/2295/4235 2081/2293/4234 2097/2301/4227
f 2083/2297/4236 2082/2295/4235 2097/2301/4227
f 2084/2299/4237 2083/2297/4236 2097/2301/4227
f 2073/2277/4226 2084/2299/4237 2097/2301/4227
s 257
f 2085/2280/4238 2086/2279/4239 2098/2302/4240
f 2086/2279/4239 2087/2282/4241 2098/2302/4240
f 2087/2282/4241 2088/2284/4242 2098/2302/4240
f 2088/2284/4242 2089/2286/4243 2098/2302/4240
f 2089/2286/4243 2090/2288/4244 2098/2302/4240
f 2090/2288/4244 2091/2290/4245 2098/2302/4240
f 2091/2290/4245 2092/2292/4246 2098/2302/4240
f 2092/2292/4246 2093/2294/4247 2098/2302/4240
f 2093/2294/4247 2094/2296/4248 2098/2302/4240
f 2094/2296/4248 2095/2298/4249 2098/2302/4240
f 2095/2298/4249 2096/2300/4250 2098/2302/4240
f 2096/2300/4250 2085/2280/4238 2098/2302/4240
s 258
f 2099/2303/4251 2100/2304/4252 2112/2305/4253 2111/2306/4254
f 2100/2304/4252 2101/2307/4255 2113/2308/4256 2112/2305/4253
f 2101/2307/4255 2102/2309/4257 2114/2310/4258 2113/2308/4256
f 2102/2309/4257 2103/2311/4259 2115/2312/4260 2114/2310/4258
f 2103/2311/4259 2104/2313/4261 2116/2314/4262 2115/2312/4260
f 2104/2313/4261 2105/2315/4263 2117/2316/4264 2116/2314/4262
f 2105/2315/4263 2106/2317/4265 2118/2318/4266 2117/2316/4264
f 2106/2317/4265 2107/2319/4267 2119/2320/4268 2118/2318/4266
f 2107/2319/4267 2108/2321/4269 2120/2322/4270 2119/2320/4268
f 2108/2321/4269 2109/2323/4271 2121/2324/4272 2120/2322/4270
f 2109/2323/4271 2110/2325/4273 2122/2326/4274 2121/2324/4272
f 2110/2325/4273 2099/2303/4251 2111/2306/4254 2122/2326/4274
s 259
f 2100/2304/4275 2099/2303/4276 2123/2327/4277
f 2101/2307/4278 2100/2304/4275 2123/2327/4277
f 2102/2309/4279 2101/2307/4278 2123/2327/4277
f 2103/2311/4280 2102/2309/4279 2123/2327/4277
f 2104/2313/4281 2103/2311/4280 2123/2327/4277
f 2105/2315/4282 2104/2313/4281 2123/2327/4277
f 2106/2317/4283 2105/2315/4282 2123/2327/4277
f 2107/2319/4284 2106/2317/4283 2123/2327/4277
f 2108/2321/4285 2107/2319/4284 2123/2327/4277
f 2109/2323/4286 2108/2321/4285 2123/2327/4277
f 2110/2325/4287 2109/2323/4286 2123/2327/4277
f 2099/2303/4276 2110/2325/4287 2123/2327/4277
s 260
f 2111/2306/4288 2112/2305/4289 2124/2328/4290
f 2112/2305/4289 2113/2308/4291 2124/2328/4290
f 2113/2308/4291 2114/2310/4292 2124/2328/4290
f 2114/2310/4292 2115/2312/4293 2124/2328/4290
f 2115/2312/4293 2116/2314/4294 2124/2328/4290
f 2116/2314/4294 2117/2316/4295 2124/2328/4290
f 2117/2316/4295 2118/2318/4296 2124/2328/4290
f 2118/2318/4296 2119/2320/4297 2124/2328/4290
f 2119/2320/4297 2120/2322/4298 2124/2328/4290
f 2120/2322/4298 2121/2324/4299 2124/2328/4290
f 2121/2324/4299 2122/2326/4300 2124/2328/4290
f 2122/2326/4300 2111/2306/4288 2124/2328/4290
s 261
f 2125/2329/4301 2126/2330/4302 2138/2331/4303 2137/2332/4304
f 2126/2330/4302 2127/2333/4305 2139/2334/4306 2138/2331/4303
f 2127/2333/4305 2128/2335/4307 2140/2336/4308 2139/2334/4306
f 2128/2335/4307 2129/2337/4309 2141/2338/4310 2140/2336/4308
f 2129/2337/4309 2130/2339/4311 2142/2340/4312 2141/2338/4310
f 2130/2339/4311 2131/2341/4313 2143/2342/4314 2142/2340/4312
f 2131/2341/4313 2132/2343/4315 2144/2344/4316 2143/2342/4314
f 2132/2343/4315 2133/2345/4317 2145/2346/4318 2144/2344/4316
f 2133/2345/4317 2134/2347/4319 2146/2348/4320 2145/2346/4318
f 2134/2347/4319 2135/2349/4321 2147/2350/4322 2146/2348/4320
f 2135/2349/4321 2136/2351/4323 2148/2352/4324 2147/2350/4322
f 2136/2351/4323 2125/2329/4301 2137/2332/4304 2148/2352/4324
s 262
f 2126/2330/4325 2125/2329/4326 2149/2353/4327
f 2127/2333/4328 2126/2330/4325 2149/2353/4327
f 2128/2335/4329 2127/2333/4328 2149/2353/4327
f 2129/2337/4330 2128/2335/4329 2149/2353/4327
f 2130/2339/4331 2129/2337/4330 2149/2353/4327
f 2131/2341/4332 2130/2339/4331 2149/2353/4327
f 2132/2343/4333 2131/2341/4332 2149/2353/4327
f 2133/2345/4334 2132/2343/4333 2149/2353/4327
f 2134/2347/4335 2133/2345/4334 2149/2353/4327
f 2135/2349/4336 2134/2347/4335 2149/2353/4327
f 2136/2351/4337 2135/2349/4336 2149/2353/4327
f 2125/2329/4326 2136/2351/4337 2149/2353/4327
s 263
f 2137/2332/4338 2138/2331/4339 2150/2354/4340
f 2138/2331/4339 2139/2334/4341 2150/2354/4340
f 2139/2334/4341 2140/2336/4342 2150/2354/4340
f 2140/2336/4342 2141/2338/4343 2150/2354/4340
f 2141/2338/4343 2142/2340/4344 2150/2354/4340
f 2142/2340/4344 2143/2342/4345 2150/2354/4340
f 2143/2342/4345 2144/2344/4346 2150/2354/4340
f 2144/2344/4346 2145/2346/4347 2150/2354/4340
f 2145/2346/4347 2146/2348/4348 2150/2354/4340
f 2146/2348/4348 2147/2350/4349 2150/2354/4340
f 2147/2350/4349 2148/2352/4350 2150/2354/4340
f 2148/2352/4350 2137/2332/4338 2150/2354/4340
s 264
f 2151/2355/4351 2163/2356/4352 2164/2357/4353 2153/2358/4354
s off
f 2223/2359/4355 2224/2360/4356 2225/2361/4357 2226/2362/4358
s 265
f 2155/2363/4359 2167/2364/4360 2168/2365/4361 2157/2366/4362
s 266
f 2157/2366/4363 2168/2365/4364 2163/2356/4365 2151/2355/4366
s off
f 2152/2367/4367 2158/2368/4368 2156/2369/4369 2162/2370/4370 2160/2371/4371 2154/2372/4372
f 2157/2366/4373 2151/2355/4374 2153/2358/4375 2159/2373/4376 2161/2374/4377 2155/2363/4378
f 2227/2375/4379 2228/2376/4380 2229/2377/4381 2230/2378/4382
s 267
f 2159/2373/4383 2165/2379/4384 2166/2380/4385 2161/2374/4386
s 264
f 2164/2357/4353 2163/2356/4352 2169/2381/4387 2170/2382/4388
s 267
f 2165/2379/4384 2164/2357/4389 2170/2382/4390 2171/2383/4391
f 2166/2380/4385 2165/2379/4384 2171/2383/4391 2172/2384/4392
f 2167/2364/4393 2166/2380/4385 2172/2384/4392 2173/2385/4394
s 265
f 2168/2365/4361 2167/2364/4360 2173/2385/4395 2174/2386/4396
s 266
f 2163/2356/4365 2168/2365/4364 2174/2386/4397 2169/2381/4398
s 264
f 2170/2382/4388 2169/2381/4387 2152/2367/4399 2154/2372/4400
s off
f 2232/2387/4401 2231/2388/4402 2233/2389/4403 2234/2390/4404
s 267
f 2172/2384/4392 2171/2383/4391 2160/2371/4405 2162/2370/4406
s off
f 2236/2391/4407 2235/2392/4408 2237/2393/4409 2238/2394/4410
s 265
f 2174/2386/4396 2173/2385/4395 2156/2369/4411 2158/2368/4412
s 266
f 2169/2381/4398 2174/2386/4397 2158/2368/4413 2152/2367/4414
s off
f 2161/2374/4415 2166/2380/4416 2176/2395/4417 2175/2396/4418
f 2166/2380/4419 2167/2364/4420 2177/2397/4421 2176/2395/4422
f 2167/2364/4423 2155/2363/4424 2178/2398/4425 2177/2397/4426
f 2155/2363/4427 2161/2374/4428 2175/2396/4429 2178/2398/4430
f 2153/2358/4431 2164/2357/4432 2180/2399/4433 2179/2400/4434
f 2164/2357/4435 2165/2379/4436 2181/2401/4437 2180/2399/4438
f 2165/2379/4439 2159/2373/4440 2182/2402/4441 2181/2401/4442
f 2159/2373/4443 2153/2358/4444 2179/2400/4445 2182/2402/4446
f 2171/2383/4447 2170/2382/4448 2183/2403/4449 2184/2404/4450
f 2170/2382/4451 2154/2372/4452 2185/2405/4453 2183/2403/4454
f 2154/2372/4455 2160/2371/4456 2186/2406/4457 2185/2405/4458
f 2160/2371/4459 2171/2383/4460 2184/2404/4461 2186/2406/4462
f 2173/2385/4463 2172/2384/4464 2187/2407/4465 2188/2408/4466
f 2172/2384/4467 2162/2370/4468 2189/2409/4469 2187/2407/4470
f 2162/2370/4471 2156/2369/4472 2190/2410/4473 2189/2409/4474
f 2156/2369/4475 2173/2385/4476 2188/2408/4477 2190/2410/4478
f 2175/2396/4479 2176/2395/4480 2192/2411/4481 2191/2412/4482
f 2176/2395/4483 2177/2397/4484 2193/2413/4485 2192/2411/4486
f 2177/2397/4487 2178/2398/4488 2194/2414/4489 2193/2413/4490
f 2178/2398/4491 2175/2396/4492 2191/2412/4493 2194/2414/4494
f 2179/2400/4495 2180/2399/4496 2196/2415/4497 2195/2416/4498
f 2180/2399/4499 2181/2401/4500 2197/2417/4501 2196/2415/4502
f 2181/2401/4503 2182/2402/4504 2198/2418/4505 2197/2417/4506
f 2182/2402/4507 2179/2400/4508 2195/2416/4509 2198/2418/4510
f 2184/2404/4511 2183/2403/4512 2199/2419/4513 2200/2420/4514
f 2183/2403/4515 2185/2405/4516 2201/2421/4517 2199/2419/4518
f 2185/2405/4519 2186/2406/4520 2202/2422/4521 2201/2421/4522
f 2186/2406/4523 2184/2404/4524 2200/2420/4525 2202/2422/4526
f 2188/2408/4527 2187/2407/4528 2203/2423/4529 2204/2424/4530
f 2187/2407/4531 2189/2409/4532 2205/2425/4533 2203/2423/4534
f 2189/2409/4535 2190/2410/4536 2206/2426/4537 2205/2425/4538
f 2190/2410/4539 2188/2408/4540 2204/2424/4541 2206/2426/4542
f 2191/2412/4543 2192/2411/4544 2208/2427/4545 2207/2428/4546
f 2192/2411/4547 2193/2413/4548 2209/2429/4549 2208/2427/4550
f 2193/2413/4551 2194/2414/4552 2210/2430/4553 2209/2429/4554
f 2194/2414/4555 2191/2412/4556 2207/2428/4557 2210/2430/4558
f 2195/2416/4559 2196/2415/4560 2212/2431/4561 2211/2432/4562
f 2196/2415/4563 2197/2417/4564 2213/2433/4565 2212/2431/4566
f 2197/2417/4567 2198/2418/4568 2214/2434/4569 2213/2433/4570
f 2198/2418/4571 2195/2416/4572 2211/2432/4573 2214/2434/4574
f 2200/2420/4575 2199/2419/4576 2215/2435/4577 2216/2436/4578
f 2199/2419/4579 2201/2421/4580 2217/2437/4581 2215/2435/4582
f 2201/2421/4583 2202/2422/4584 2218/2438/4585 2217/2437/4586
f 2202/2422/4587 2200/2420/4588 2216/2436/4589 2218/2438/4590
f 2204/2424/4591 2203/2423/4592 2219/2439/4593 2220/2440/4594
f 2203/2423/4595 2205/2425/4596 2221/2441/4597 2219/2439/4598
f 2205/2425/4599 2206/2426/4600 2222/2442/4601 2221/2441/4602
f 2206/2426/4603 2204/2424/4604 2220/2440/4605 2222/2442/4606
f 2209/2429/4607 2210/2430/4608 2226/2362/4609 2225/2361/4610
f 2210/2430/4611 2207/2428/4612 2223/2359/4613 2226/2362/4614
f 2211/2432/4615 2212/2431/4616 2228/2376/4617 2227/2375/4618
f 2214/2434/4619 2211/2432/4620 2227/2375/4621 2230/2378/4622
f 2215/2435/4623 2217/2437/4624 2233/2389/4625 2231/2388/4626
f 2217/2437/4627 2218/2438/4628 2234/2390/4629 2233/2389/4630
f 2221/2441/4631 2222/2442/4632 2238/2394/4633 2237/2393/4634
f 2222/2442/4635 2220/2440/4636 2236/2391/4637 2238/2394/4638
f 2208/2427/4639 2224/2360/4640 2229/2377/4641 2213/2433/4642
f 2224/2360/4643 2223/2359/4644 2230/2378/4645 2229/2377/4646
f 2223/2359/4647 2207/2428/4648 2214/2434/4649 2230/2378/4650
f 2207/2428/4651 2208/2427/4652 2213/2433/4653 2214/2434/4654
f 2218/2438/4655 2216/2436/4656 2219/2439/4657 2221/2441/4658
f 2216/2436/4659 2232/2387/4660 2235/2392/4661 2219/2439/4662
f 2232/2387/4663 2234/2390/4664 2237/2393/4665 2235/2392/4666
f 2234/2390/4667 2218/2438/4668 2221/2441/4669 2237/2393/4670
f 2209/2429/4671 2225/2361/4672 2236/2391/4673 2220/2440/4674
f 2225/2361/4675 2224/2360/4676 2235/2392/4677 2236/2391/4678
f 2224/2360/4679 2208/2427/4680 2219/2439/4681 2235/2392/4682
f 2208/2427/4683 2209/2429/4684 2220/2440/4685 2219/2439/4686
f 2213/2433/4687 2229/2377/4688 2232/2387/4689 2216/2436/4690
f 2229/2377/4691 2228/2376/4692 2231/2388/4693 2232/2387/4694
f 2228/2376/4695 2212/2431/4696 2215/2435/4697 2231/2388/4698
f 2212/2431/4699 2213/2433/4700 2216/2436/4701 2215/2435/4702
f 2239/2443/4703 2240/2444/4704 2242/2445/4705 2241/2446/4706
f 2241/2446/4707 2242/2445/4708 2244/2447/4709 2243/2448/4710
f 2243/2448/4711 2244/2447/4712 2246/2449/4713 2245/2450/4714
f 2245/2450/4715 2246/2449/4716 2240/2444/4717 2239/2443/4718
f 2240/2444/4719 2246/2449/4720 2244/2447/4721 2242/2445/4722
f 2245/2450/4723 2239/2443/4724 2241/2446/4725 2243/2448/4726
f 2247/2451/4727 2248/2452/4728 2250/2453/4729 2249/2454/4730
f 2249/2454/4731 2250/2453/4732 2252/2455/4733 2251/2456/4734
f 2251/2456/4735 2252/2455/4736 2254/2457/4737 2253/2458/4738
f 2253/2458/4739 2254/2457/4740 2248/2452/4741 2247/2451/4742
f 2248/2452/4743 2254/2457/4744 2252/2455/4745 2250/2453/4746
f 2253/2458/4747 2247/2451/4748 2249/2454/4749 2251/2456/4750
f 2255/2459/4751 2256/2460/4752 2258/2461/4753 2257/2462/4754
f 2257/2462/4755 2258/2461/4756 2260/2463/4757 2259/2464/4758
f 2259/2464/4759 2260/2463/4760 2262/2465/4761 2261/2466/4762
f 2261/2466/4763 2262/2465/4764 2256/2460/4765 2255/2459/4766
f 2256/2460/4767 2262/2465/4768 2260/2463/4769 2258/2461/4770
f 2261/2466/4771 2255/2459/4772 2257/2462/4773 2259/2464/4774
f 2263/2467/4775 2264/2468/4776 2266/2469/4777 2265/2470/4778
f 2265/2470/4779 2266/2469/4780 2268/2471/4781 2267/2472/4782
f 2267/2472/4783 2268/2471/4784 2270/2473/4785 2269/2474/4786
f 2269/2474/4787 2270/2473/4788 2264/2468/4789 2263/2467/4790
f 2264/2468/4791 2270/2473/4792 2268/2471/4793 2266/2469/4794
f 2269/2474/4795 2263/2467/4796 2265/2470/4797 2267/2472/4798
s 268
f 2351/2475/4799 2419/2476/4800 2420/2477/4801 2354/2478/4802
s 269
f 2273/2479/4803 2423/2480/4804 2424/2481/4805 2295/2482/4806
s 270
f 2355/2483/4807 2429/2484/4808 2430/2485/4809 2358/2486/4810
s 271
f 2296/2487/4811 2433/2488/4812 2418/2489/4813 2271/2490/4814
s 272
f 2360/2491/4815 2359/2492/4816 2361/2493/4817 2362/2494/4818
s 273
f 2354/2478/4819 2363/2495/4820 2364/2496/4821 2351/2475/4822
s 274
f 2272/2497/4823 2297/2498/4824 2436/2499/4825 2437/2500/4826
s 275
f 2357/2501/4827 2356/2502/4828 2451/2503/4829 2452/2504/4830
s 276
usemtl lambert11SG
f 2444/2505/4831 2445/2506/4832 2411/2507/4833 2412/2508/4834
s 277
usemtl lambert10SG
f 2438/2509/4835 2439/2510/4836 2353/2511/4837 2352/2512/4838
s 278
f 2280/2513/4839 2298/2514/4840 2385/2515/4841 2386/2516/4842
s 279
f 2366/2517/4843 2365/2518/4844 2397/2519/4845 2398/2520/4846
s 280
f 2391/2521/4847 2392/2522/4848 2305/2523/4849 2282/2524/4850
s 281
f 2387/2525/4851 2388/2526/4852 2367/2527/4853 2368/2528/4854
s 282
f 2284/2529/4855 2299/2530/4856 2300/2531/4857 2288/2532/4858
s off
f 2370/2533/4859 2369/2534/4860 2373/2535/4861 2374/2536/4862
s 283
usemtl lambert11SG
f 2402/2537/4863 2403/2538/4864 2404/2539/4865 2405/2540/4866
s off
usemtl lambert10SG
f 2375/2541/4867 2371/2542/4868 2372/2543/4869 2376/2544/4870
s 284
f 2288/2532/4871 2300/2531/4872 2301/2545/4873 2292/2546/4874
s off
f 2374/2536/4875 2373/2535/4876 2377/2547/4877 2378/2548/4878
s 285
f 2302/2549/4879 2303/2550/4880 2290/2551/4881 2294/2552/4882
s off
f 2362/2494/4883 2375/2541/4884 2376/2544/4885 2360/2491/4886
s 273
f 2358/2486/4887 2379/2553/4888 2380/2554/4889 2355/2483/4890
s 271
f 2277/2555/4891 2431/2556/4892 2432/2557/4893 2307/2558/4894
s 274
f 2434/2559/4895 2435/2560/4896 2318/2561/4897 2278/2562/4898
s 278
f 2383/2563/4899 2384/2564/4900 2317/2565/4901 2279/2566/4902
s 282
f 2315/2567/4903 2316/2568/4904 2283/2569/4905 2287/2570/4906
s 284
f 2314/2571/4907 2315/2567/4908 2287/2570/4909 2291/2572/4910
s 272
f 2377/2547/4911 2381/2573/4912 2382/2574/4913 2378/2548/4914
s 285
f 2289/2575/4915 2312/2576/4916 2313/2577/4917 2293/2578/4918
s 283
usemtl lambert11SG
f 2407/2579/4919 2406/2580/4920 2408/2581/4921 2409/2582/4922
s 280
usemtl lambert10SG
f 2281/2583/4923 2310/2584/4924 2393/2585/4925 2394/2586/4926
s 276
usemtl lambert11SG
f 2415/2587/4927 2414/2588/4928 2446/2589/4929 2447/2590/4930
s 269
usemtl lambert10SG
f 2308/2591/4931 2425/2592/4932 2426/2593/4933 2275/2594/4934
s 273
f 2363/2495/4820 2380/2554/4889 2379/2553/4888 2364/2496/4821
s 269
f 2295/2482/4806 2424/2481/4805 2425/2592/4932 2308/2591/4931
s 276
usemtl lambert11SG
f 2445/2506/4832 2446/2589/4929 2414/2588/4928 2411/2507/4833
s 280
usemtl lambert10SG
f 2392/2522/4848 2393/2585/4925 2310/2584/4924 2305/2523/4849
s 283
usemtl lambert11SG
f 2408/2581/4921 2406/2580/4920 2403/2538/4864 2402/2537/4863
s 285
usemtl lambert10SG
f 2313/2577/4917 2312/2576/4916 2303/2550/4880 2302/2549/4879
s 272
f 2381/2573/4912 2361/2493/4817 2359/2492/4816 2382/2574/4913
s 284
f 2301/2545/4873 2300/2531/4872 2315/2567/4908 2314/2571/4907
s 282
f 2300/2531/4857 2299/2530/4856 2316/2568/4904 2315/2567/4903
s 278
f 2384/2564/4900 2385/2515/4841 2298/2514/4840 2317/2565/4901
s 274
f 2435/2560/4896 2436/2499/4825 2297/2498/4824 2318/2561/4897
s 271
f 2307/2558/4894 2432/2557/4893 2433/2488/4812 2296/2487/4811
s 289
f 2295/2482/4935 2320/2595/4936 2319/2596/4937 2273/2479/4938
f 2308/2591/4939 2321/2597/4940 2320/2595/4936 2295/2482/4935
f 2322/2598/4941 2321/2597/4940 2308/2591/4939 2275/2594/4942
s 290
f 2275/2594/4943 2426/2593/4944 2427/2599/4945 2322/2598/4946
s 291
f 2448/2600/4947 2449/2601/4948 2323/2602/4949 2276/2603/4950
f 2394/2586/4951 2395/2604/4952 2324/2605/4953 2281/2583/4954
f 2326/2606/4955 2325/2607/4956 2285/2608/4957 2289/2575/4958
f 2327/2609/4959 2326/2606/4955 2289/2575/4958 2293/2578/4960
s 294
f 2313/2577/4961 2328/2610/4962 2327/2609/4963 2293/2578/4964
f 2302/2549/4965 2329/2611/4966 2328/2610/4962 2313/2577/4961
f 2330/2612/4967 2329/2611/4966 2302/2549/4965 2294/2552/4968
s 295
f 2290/2551/4969 2331/2613/4970 2330/2612/4971 2294/2552/4972
f 2286/2614/4973 2401/2615/4974 2290/2551/4969
f 2282/2524/4975 2399/2616/4976 2400/2617/4977 2391/2521/4978
f 2274/2618/4979 2442/2619/4980 2443/2620/4981
f 2319/2596/4982 2422/2621/4983 2423/2480/4984 2273/2479/4985
s 289
f 2319/2596/4937 2320/2595/4936 2336/2622/4986 2335/2623/4987
f 2320/2595/4936 2321/2597/4940 2337/2624/4988 2336/2622/4986
f 2338/2625/4989 2337/2624/4988 2321/2597/4940 2322/2598/4941
s 290
f 2322/2598/4946 2427/2599/4945 2428/2626/4990 2338/2625/4991
s 291
f 2449/2601/4948 2450/2627/4992 2339/2628/4993 2323/2602/4949
f 2395/2604/4952 2396/2629/4994 2340/2630/4995 2324/2605/4953
f 2342/2631/4996 2341/2632/4997 2325/2607/4956 2326/2606/4955
f 2343/2633/4998 2342/2631/4996 2326/2606/4955 2327/2609/4959
s 294
f 2327/2609/4963 2328/2610/4962 2344/2634/4999 2343/2633/5000
f 2328/2610/4962 2329/2611/4966 2345/2635/5001 2344/2634/4999
f 2346/2636/5002 2345/2635/5001 2329/2611/4966 2330/2612/4967
s 295
f 2330/2612/4971 2331/2613/4970 2347/2637/5003 2346/2636/5004
f 2331/2613/4970 2332/2638/5005 2348/2639/5006 2347/2637/5003
f 2389/2640/5007 2390/2641/5008 2333/2642/5009 2349/2643/5010
f 2440/2644/5011 2441/2645/5012 2334/2646/5013 2350/2647/5014
f 2335/2623/5015 2421/2648/5016 2422/2621/4983 2319/2596/4982
s 300
f 2271/2490/5017 2418/2489/5018 2419/2476/5019 2351/2475/5020
s 301
f 2420/2477/5021 2421/2649/5022 2335/2650/5023 2354/2478/5024
s 302
f 2338/2651/5025 2428/2652/5026 2429/2484/5027 2355/2483/5028
s 303
f 2430/2485/5029 2431/2556/5030 2277/2555/5031 2358/2486/5032
s off
f 2292/2546/5033 2301/2545/5034 2359/2492/5035 2360/2491/5036
f 2345/2653/5037 2346/2654/5038 2362/2494/5039 2361/2493/5040
f 2335/2650/5041 2336/2655/5042 2363/2495/5043 2354/2478/5044
f 2296/2487/5045 2271/2490/5046 2351/2475/5047 2364/2496/5048
s 304
f 2339/2656/5049 2450/2657/5050 2451/2503/5051 2356/2502/5052
s 305
f 2452/2504/5053 2434/2559/5054 2278/2562/5055 2357/2501/5056
s 306
f 2439/2510/5057 2440/2658/5058 2350/2659/5059 2353/2511/5060
s 307
f 2272/2497/5061 2437/2500/5062 2438/2509/5063 2352/2512/5064
s 308
f 2340/2660/5065 2396/2661/5066 2397/2519/5067 2365/2518/5068
s 309
f 2398/2520/5069 2383/2563/5070 2279/2566/5071 2366/2517/5072
s 310
f 2388/2526/5073 2389/2662/5074 2349/2663/5075 2367/2527/5076
s 311
f 2280/2513/5077 2386/2516/5078 2387/2525/5079 2368/2528/5080
s off
f 2341/2664/5081 2342/2665/5082 2373/2535/5083 2369/2534/5084
f 2287/2570/5085 2283/2569/5086 2370/2533/5087 2374/2536/5088
f 2347/2666/5089 2348/2667/5090 2371/2542/5091 2375/2541/5092
f 2284/2529/5093 2288/2532/5094 2376/2544/5095 2372/2543/5096
f 2342/2665/5097 2343/2668/5098 2377/2547/5099 2373/2535/5100
f 2291/2572/5101 2287/2570/5102 2374/2536/5103 2378/2548/5104
f 2346/2654/5105 2347/2666/5106 2375/2541/5107 2362/2494/5108
f 2288/2532/5109 2292/2546/5110 2360/2491/5111 2376/2544/5112
f 2277/2555/5113 2307/2558/5114 2379/2553/5115 2358/2486/5116
f 2337/2669/5117 2338/2651/5118 2355/2483/5119 2380/2554/5120
f 2343/2668/5121 2344/2670/5122 2381/2573/5123 2377/2547/5124
f 2314/2571/5125 2291/2572/5126 2378/2548/5127 2382/2574/5128
f 2336/2655/5129 2337/2669/5130 2380/2554/5131 2363/2495/5132
f 2307/2558/5133 2296/2487/5134 2364/2496/5135 2379/2553/5136
f 2344/2670/5137 2345/2653/5138 2361/2493/5139 2381/2573/5140
f 2301/2545/5141 2314/2571/5142 2382/2574/5143 2359/2492/5144
s 278
f 2316/2568/5145 2384/2564/4900 2383/2563/4899 2283/2569/5146
f 2299/2530/5147 2385/2515/4841 2384/2564/4900 2316/2568/5145
f 2386/2516/4842 2385/2515/4841 2299/2530/5147 2284/2529/5148
s 311
f 2387/2525/5079 2386/2516/5078 2284/2529/5149 2372/2543/5150
s 281
f 2371/2542/5151 2388/2526/4852 2387/2525/4851 2372/2543/5152
s 310
f 2348/2667/5153 2389/2662/5074 2388/2526/5073 2371/2542/5154
s 295
f 2332/2638/5005 2390/2641/5008 2389/2640/5007 2348/2639/5006
f 2391/2521/4978 2400/2617/4977 2401/2615/4974 2286/2614/4973
s 280
f 2304/2671/5155 2392/2522/4848 2391/2521/4847 2286/2614/5156
f 2311/2672/5157 2393/2585/4925 2392/2522/4848 2304/2671/5155
f 2394/2586/4926 2393/2585/4925 2311/2672/5157 2285/2608/5158
s 291
f 2325/2607/4956 2395/2604/4952 2394/2586/4951 2285/2608/4957
f 2341/2632/4997 2396/2629/4994 2395/2604/4952 2325/2607/4956
s 308
f 2397/2519/5067 2396/2661/5066 2341/2664/5159 2369/2534/5160
s 279
f 2398/2520/4846 2397/2519/4845 2369/2534/5161 2370/2533/5162
s 309
f 2283/2569/5163 2383/2563/5070 2398/2520/5069 2370/2533/5164
s 295
f 2274/2618/4979 2334/2646/5013 2441/2645/5012 2442/2619/4980
f 2400/2617/4977 2399/2616/4976 2333/2642/5009 2390/2641/5008
f 2401/2615/4974 2400/2617/4977 2390/2641/5008 2332/2638/5005
f 2290/2551/4969 2401/2615/4974 2332/2638/5005 2331/2613/4970
s 312
f 2304/2671/5165 2286/2614/5166 2404/2673/5167 2403/2674/5168
f 2286/2614/5166 2290/2551/5169 2405/2675/5170 2404/2673/5167
f 2290/2551/5169 2303/2550/5171 2402/2676/5172 2405/2675/5170
f 2285/2608/5173 2311/2672/5174 2406/2677/5175 2407/2678/5176
f 2312/2576/5177 2289/2575/5178 2409/2679/5179 2408/2680/5180
f 2289/2575/5178 2285/2608/5173 2407/2678/5176 2409/2679/5179
f 2311/2672/5174 2304/2671/5165 2403/2674/5168 2406/2677/5175
f 2303/2550/5171 2312/2576/5177 2408/2680/5180 2402/2676/5172
s 313
f 2306/2681/5181 2274/2618/5182 2412/2682/5183 2411/2683/5184
f 2274/2618/5182 2443/2620/5185 2444/2684/5186 2412/2682/5183
f 2282/2524/5187 2305/2523/5188 2410/2685/5189 2413/2686/5190
f 2276/2603/5191 2309/2687/5192 2414/2688/5193 2415/2689/5194
f 2310/2584/5195 2281/2583/5196 2417/2690/5197 2416/2691/5198
f 2447/2692/5199 2448/2600/5200 2276/2603/5191 2415/2689/5194
f 2309/2687/5192 2306/2681/5181 2411/2683/5184 2414/2688/5193
f 2305/2523/5188 2310/2584/5195 2416/2691/5198 2410/2685/5189
s 300
f 2419/2476/5019 2418/2489/5018 2272/2497/5201 2352/2512/5202
s 268
f 2420/2477/4801 2419/2476/4800 2352/2512/5203 2353/2511/5204
s 301
f 2350/2659/5205 2421/2649/5022 2420/2477/5021 2353/2511/5206
s 295
f 2422/2621/4983 2421/2648/5016 2350/2647/5014 2334/2646/5013
f 2423/2480/4984 2422/2621/4983 2334/2646/5013 2274/2618/4979
s 269
f 2424/2481/4805 2423/2480/4804 2274/2618/5207 2306/2681/5208
f 2425/2592/4932 2424/2481/4805 2306/2681/5208 2309/2687/5209
f 2426/2593/4933 2425/2592/4932 2309/2687/5209 2276/2603/5210
s 290
f 2427/2599/4945 2426/2593/4944 2276/2603/5211 2323/2602/5212
f 2428/2626/4990 2427/2599/4945 2323/2602/5212 2339/2628/5213
s 302
f 2429/2484/5027 2428/2652/5026 2339/2656/5214 2356/2502/5215
s 270
f 2430/2485/4809 2429/2484/4808 2356/2502/5216 2357/2501/5217
s 303
f 2278/2562/5218 2431/2556/5030 2430/2485/5029 2357/2501/5219
s 271
f 2432/2557/4893 2431/2556/4892 2278/2562/5220 2318/2561/5221
f 2433/2488/4812 2432/2557/4893 2318/2561/5221 2297/2498/5222
f 2418/2489/4813 2433/2488/4812 2297/2498/5222 2272/2497/5223
s 274
f 2317/2565/5224 2435/2560/4896 2434/2559/4895 2279/2566/5225
f 2298/2514/5226 2436/2499/4825 2435/2560/4896 2317/2565/5224
f 2437/2500/4826 2436/2499/4825 2298/2514/5226 2280/2513/5227
s 307
f 2438/2509/5063 2437/2500/5062 2280/2513/5228 2368/2528/5229
s 277
f 2367/2527/5230 2439/2510/4836 2438/2509/4835 2368/2528/5231
s 306
f 2349/2663/5232 2440/2658/5058 2439/2510/5057 2367/2527/5233
s 295
f 2333/2642/5009 2441/2645/5012 2440/2644/5011 2349/2643/5010
f 2442/2619/4980 2441/2645/5012 2333/2642/5009 2399/2616/4976
f 2443/2620/4981 2442/2619/4980 2399/2616/4976 2282/2524/4975
s 313
f 2444/2684/5186 2443/2620/5185 2282/2524/5187 2413/2686/5190
s 276
usemtl lambert11SG
f 2410/2693/5234 2445/2506/4832 2444/2505/4831 2413/2694/5235
f 2416/2695/5236 2446/2589/4929 2445/2506/4832 2410/2693/5234
f 2447/2590/4930 2446/2589/4929 2416/2695/5236 2417/2696/5237
s 313
usemtl lambert10SG
f 2281/2583/5196 2448/2600/5200 2447/2692/5199 2417/2690/5197
s 291
f 2324/2605/4953 2449/2601/4948 2448/2600/4947 2281/2583/4954
f 2340/2630/4995 2450/2627/4992 2449/2601/4948 2324/2605/4953
s 304
f 2451/2503/5051 2450/2657/5050 2340/2660/5238 2365/2518/5239
s 275
f 2452/2504/4830 2451/2503/4829 2365/2518/5240 2366/2517/5241
s 305
f 2279/2566/5242 2434/2559/5054 2452/2504/5053 2366/2517/5243
s off
usemtl lambert11SG
f 2453/2697/5244 2454/2698/5245 2456/2699/5246 2455/2700/5247
f 2455/2700/5248 2456/2699/5249 2458/2701/5250 2457/2702/5251
f 2457/2702/5252 2458/2701/5253 2460/2703/5254 2459/2704/5255
f 2459/2704/5256 2460/2703/5257 2454/2698/5258 2453/2697/5259
f 2454/2698/5260 2460/2703/5261 2458/2701/5262 2456/2699/5263
f 2459/2704/5264 2453/2697/5265 2455/2700/5266 2457/2702/5267
s 316
usemtl lambert10SG
f 2461/2705/5268 2510/2706/5269 2525/2707/5270 2462/2708/5271
f 2462/2708/5271 2525/2707/5270 2524/2709/5272 2463/2710/5273
f 2463/2710/5273 2524/2709/5272 2523/2711/5274 2464/2712/5275
f 2464/2712/5275 2523/2711/5274 2522/2713/5276 2465/2714/5277
f 2465/2714/5277 2522/2713/5276 2521/2715/5278 2466/2716/5279
f 2466/2716/5279 2521/2715/5278 2520/2717/5280 2467/2718/5281
f 2467/2718/5281 2520/2717/5280 2519/2719/5282 2468/2720/5283
f 2468/2720/5283 2519/2719/5282 2518/2721/5284 2469/2722/5285
f 2469/2722/5285 2518/2721/5284 2517/2723/5286 2470/2724/5287
f 2470/2724/5287 2517/2723/5286 2516/2725/5288 2471/2726/5289
f 2471/2726/5289 2516/2725/5288 2515/2727/5290 2472/2728/5291
f 2472/2728/5291 2515/2727/5290 2514/2729/5292 2473/2730/5293
f 2473/2730/5293 2514/2729/5292 2513/2731/5294 2474/2732/5295
f 2474/2732/5295 2513/2731/5294 2512/2733/5296 2475/2734/5297
f 2475/2734/5297 2512/2733/5296 2511/2735/5298 2476/2736/5299
f 2476/2736/5299 2511/2735/5298 2510/2706/5269 2461/2705/5268
s 317
f 2462/2708/5300 2493/2737/5301 2461/2705/5302
f 2463/2710/5303 2493/2737/5301 2462/2708/5300
f 2464/2712/5304 2493/2737/5301 2463/2710/5303
f 2465/2714/5305 2493/2737/5301 2464/2712/5304
f 2466/2716/5306 2493/2737/5301 2465/2714/5305
f 2467/2718/5307 2493/2737/5301 2466/2716/5306
f 2468/2720/5308 2493/2737/5301 2467/2718/5307
f 2469/2722/5309 2493/2737/5301 2468/2720/5308
f 2470/2724/5310 2493/2737/5301 2469/2722/5309
f 2471/2726/5311 2493/2737/5301 2470/2724/5310
f 2472/2728/5312 2493/2737/5301 2471/2726/5311
f 2473/2730/5313 2493/2737/5301 2472/2728/5312
f 2474/2732/5314 2493/2737/5301 2473/2730/5313
f 2475/2734/5315 2493/2737/5301 2474/2732/5314
f 2476/2736/5316 2493/2737/5301 2475/2734/5315
f 2461/2705/5302 2493/2737/5301 2476/2736/5316
s 318
f 2477/2738/5317 2526/2739/5318 2541/2740/5319 2478/2741/5320
f 2478/2741/5320 2541/2740/5319 2540/2742/5321 2479/2743/5322
f 2479/2743/5322 2540/2742/5321 2539/2744/5323 2480/2745/5324
f 2480/2745/5324 2539/2744/5323 2538/2746/5325 2481/2747/5326
f 2481/2747/5326 2538/2746/5325 2537/2748/5327 2482/2749/5328
f 2482/2749/5328 2537/2748/5327 2536/2750/5329 2483/2751/5330
f 2483/2751/5330 2536/2750/5329 2535/2752/5331 2484/2753/5332
f 2484/2753/5332 2535/2752/5331 2534/2754/5333 2485/2755/5334
f 2485/2755/5334 2534/2754/5333 2533/2756/5335 2486/2757/5336
f 2486/2757/5336 2533/2756/5335 2532/2758/5337 2487/2759/5338
f 2487/2759/5338 2532/2758/5337 2531/2760/5339 2488/2761/5340
f 2488/2761/5340 2531/2760/5339 2530/2762/5341 2489/2763/5342
f 2489/2763/5342 2530/2762/5341 2529/2764/5343 2490/2765/5344
f 2490/2765/5344 2529/2764/5343 2528/2766/5345 2491/2767/5346
f 2491/2767/5346 2528/2766/5345 2527/2768/5347 2492/2769/5348
f 2492/2769/5348 2527/2768/5347 2526/2739/5318 2477/2738/5317
s 316
f 2495/2770/5349 2492/2769/5350 2477/2738/5351 2494/2771/5352
f 2496/2772/5353 2491/2767/5354 2492/2769/5350 2495/2770/5349
f 2497/2773/5355 2490/2765/5356 2491/2767/5354 2496/2772/5353
f 2498/2774/5357 2489/2763/5358 2490/2765/5356 2497/2773/5355
f 2499/2775/5359 2488/2761/5360 2489/2763/5358 2498/2774/5357
f 2500/2776/5361 2487/2759/5362 2488/2761/5360 2499/2775/5359
f 2501/2777/5363 2486/2757/5364 2487/2759/5362 2500/2776/5361
f 2502/2778/5365 2485/2755/5366 2486/2757/5364 2501/2777/5363
f 2503/2779/5367 2484/2753/5368 2485/2755/5366 2502/2778/5365
f 2504/2780/5369 2483/2751/5370 2484/2753/5368 2503/2779/5367
f 2505/2781/5371 2482/2749/5372 2483/2751/5370 2504/2780/5369
f 2506/2782/5373 2481/2747/5374 2482/2749/5372 2505/2781/5371
f 2507/2783/5375 2480/2745/5376 2481/2747/5374 2506/2782/5373
f 2508/2784/5377 2479/2743/5378 2480/2745/5376 2507/2783/5375
f 2509/2785/5379 2478/2741/5380 2479/2743/5378 2508/2784/5377
f 2494/2771/5352 2477/2738/5351 2478/2741/5380 2509/2785/5379
f 2511/2735/5298 2495/2770/5349 2494/2771/5352 2510/2706/5269
f 2512/2733/5296 2496/2772/5353 2495/2770/5349 2511/2735/5298
f 2513/2731/5294 2497/2773/5355 2496/2772/5353 2512/2733/5296
f 2514/2729/5292 2498/2774/5357 2497/2773/5355 2513/2731/5294
f 2515/2727/5290 2499/2775/5359 2498/2774/5357 2514/2729/5292
f 2516/2725/5288 2500/2776/5361 2499/2775/5359 2515/2727/5290
f 2517/2723/5286 2501/2777/5363 2500/2776/5361 2516/2725/5288
f 2518/2721/5284 2502/2778/5365 2501/2777/5363 2517/2723/5286
f 2519/2719/5282 2503/2779/5367 2502/2778/5365 2518/2721/5284
f 2520/2717/5280 2504/2780/5369 2503/2779/5367 2519/2719/5282
f 2521/2715/5278 2505/2781/5371 2504/2780/5369 2520/2717/5280
f 2522/2713/5276 2506/2782/5373 2505/2781/5371 2521/2715/5278
f 2523/2711/5274 2507/2783/5375 2506/2782/5373 2522/2713/5276
f 2524/2709/5272 2508/2784/5377 2507/2783/5375 2523/2711/5274
f 2525/2707/5270 2509/2785/5379 2508/2784/5377 2524/2709/5272
f 2510/2706/5269 2494/2771/5352 2509/2785/5379 2525/2707/5270
s 320
f 2543/2786/5381 2544/2787/5382 2542/2788/5383
f 2545/2789/5384 2544/2787/5382 2543/2786/5381
f 2546/2790/5385 2544/2787/5382 2545/2789/5384
f 2547/2791/5386 2544/2787/5382 2546/2790/5385
f 2548/2792/5387 2544/2787/5382 2547/2791/5386
f 2549/2793/5388 2544/2787/5382 2548/2792/5387
f 2550/2794/5389 2544/2787/5382 2549/2793/5388
f 2551/2795/5390 2544/2787/5382 2550/2794/5389
f 2552/2796/5391 2544/2787/5382 2551/2795/5390
f 2553/2797/5392 2544/2787/5382 2552/2796/5391
f 2554/2798/5393 2544/2787/5382 2553/2797/5392
f 2555/2799/5394 2544/2787/5382 2554/2798/5393
f 2556/2800/5395 2544/2787/5382 2555/2799/5394
f 2557/2801/5396 2544/2787/5382 2556/2800/5395
f 2558/2802/5397 2544/2787/5382 2557/2801/5396
f 2544/2787/5382 2558/2802/5397 2542/2788/5383
s 321
f 2560/2803/5398 2543/2804/5399 2542/2805/5400 2559/2806/5401
f 2561/2807/5402 2545/2808/5403 2543/2804/5399 2560/2803/5398
f 2562/2809/5404 2546/2810/5405 2545/2808/5403 2561/2807/5402
f 2563/2811/5406 2547/2812/5407 2546/2810/5405 2562/2809/5404
f 2564/2813/5408 2548/2814/5409 2547/2812/5407 2563/2811/5406
f 2565/2815/5410 2549/2816/5411 2548/2814/5409 2564/2813/5408
f 2566/2817/5412 2550/2818/5413 2549/2816/5411 2565/2815/5410
f 2567/2819/5414 2551/2820/5415 2550/2818/5413 2566/2817/5412
f 2568/2821/5416 2552/2822/5417 2551/2820/5415 2567/2819/5414
f 2569/2823/5418 2553/2824/5419 2552/2822/5417 2568/2821/5416
f 2570/2825/5420 2554/2826/5421 2553/2824/5419 2569/2823/5418
f 2571/2827/5422 2555/2828/5423 2554/2826/5421 2570/2825/5420
f 2572/2829/5424 2556/2830/5425 2555/2828/5423 2571/2827/5422
f 2573/2831/5426 2557/2832/5427 2556/2830/5425 2572/2829/5424
f 2574/2833/5428 2558/2834/5429 2557/2832/5427 2573/2831/5426
f 2542/2805/5400 2558/2834/5429 2574/2833/5428 2559/2806/5401
s 322
f 2527/2768/5430 2560/2803/5431 2559/2806/5432 2526/2739/5433
f 2528/2766/5434 2561/2807/5435 2560/2803/5431 2527/2768/5430
f 2529/2764/5436 2562/2809/5437 2561/2807/5435 2528/2766/5434
f 2530/2762/5438 2563/2811/5439 2562/2809/5437 2529/2764/5436
f 2531/2760/5440 2564/2813/5441 2563/2811/5439 2530/2762/5438
f 2532/2758/5442 2565/2815/5443 2564/2813/5441 2531/2760/5440
f 2533/2756/5444 2566/2817/5445 2565/2815/5443 2532/2758/5442
f 2534/2754/5446 2567/2819/5447 2566/2817/5445 2533/2756/5444
f 2535/2752/5448 2568/2821/5449 2567/2819/5447 2534/2754/5446
f 2536/2750/5450 2569/2823/5451 2568/2821/5449 2535/2752/5448
f 2537/2748/5452 2570/2825/5453 2569/2823/5451 2536/2750/5450
f 2538/2746/5454 2571/2827/5455 2570/2825/5453 2537/2748/5452
f 2539/2744/5456 2572/2829/5457 2571/2827/5455 2538/2746/5454
f 2540/2742/5458 2573/2831/5459 2572/2829/5457 2539/2744/5456
f 2541/2740/5460 2574/2833/5461 2573/2831/5459 2540/2742/5458
f 2526/2739/5433 2559/2806/5432 2574/2833/5461 2541/2740/5460
s 323
f 2575/2835/5462 2624/2836/5463 2639/2837/5464 2576/2838/5465
f 2576/2838/5465 2639/2837/5464 2638/2839/5466 2577/2840/5467
f 2577/2840/5467 2638/2839/5466 2637/2841/5468 2578/2842/5469
f 2578/2842/5469 2637/2841/5468 2636/2843/5470 2579/2844/5471
f 2579/2844/5471 2636/2843/5470 2635/2845/5472 2580/2846/5473
f 2580/2846/5473 2635/2845/5472 2634/2847/5474 2581/2848/5475
f 2581/2848/5475 2634/2847/5474 2633/2849/5476 2582/2850/5477
f 2582/2850/5477 2633/2849/5476 2632/2851/5478 2583/2852/5479
f 2583/2852/5479 2632/2851/5478 2631/2853/5480 2584/2854/5481
f 2584/2854/5481 2631/2853/5480 2630/2855/5482 2585/2856/5483
f 2585/2856/5483 2630/2855/5482 2629/2857/5484 2586/2858/5485
f 2586/2858/5485 2629/2857/5484 2628/2859/5486 2587/2860/5487
f 2587/2860/5487 2628/2859/5486 2627/2861/5488 2588/2862/5489
f 2588/2862/5489 2627/2861/5488 2626/2863/5490 2589/2864/5491
f 2589/2864/5491 2626/2863/5490 2625/2865/5492 2590/2866/5493
f 2590/2866/5493 2625/2865/5492 2624/2836/5463 2575/2835/5462
s 324
f 2576/2838/5494 2607/2867/5495 2575/2835/5496
f 2577/2840/5497 2607/2867/5495 2576/2838/5494
f 2578/2842/5498 2607/2867/5495 2577/2840/5497
f 2579/2844/5499 2607/2867/5495 2578/2842/5498
f 2580/2846/5500 2607/2867/5495 2579/2844/5499
f 2581/2848/5501 2607/2867/5495 2580/2846/5500
f 2582/2850/5502 2607/2867/5495 2581/2848/5501
f 2583/2852/5503 2607/2867/5495 2582/2850/5502
f 2584/2854/5504 2607/2867/5495 2583/2852/5503
f 2585/2856/5505 2607/2867/5495 2584/2854/5504
f 2586/2858/5506 2607/2867/5495 2585/2856/5505
f 2587/2860/5507 2607/2867/5495 2586/2858/5506
f 2588/2862/5508 2607/2867/5495 2587/2860/5507
f 2589/2864/5509 2607/2867/5495 2588/2862/5508
f 2590/2866/5510 2607/2867/5495 2589/2864/5509
f 2575/2835/5496 2607/2867/5495 2590/2866/5510
s 325
f 2591/2868/5511 2640/2869/5512 2655/2870/5513 2592/2871/5514
f 2592/2871/5514 2655/2870/5513 2654/2872/5515 2593/2873/5516
f 2593/2873/5516 2654/2872/5515 2653/2874/5517 2594/2875/5518
f 2594/2875/5518 2653/2874/5517 2652/2876/5519 2595/2877/5520
f 2595/2877/5520 2652/2876/5519 2651/2878/5521 2596/2879/5522
f 2596/2879/5522 2651/2878/5521 2650/2880/5523 2597/2881/5524
f 2597/2881/5524 2650/2880/5523 2649/2882/5525 2598/2883/5526
f 2598/2883/5526 2649/2882/5525 2648/2884/5527 2599/2885/5528
f 2599/2885/5528 2648/2884/5527 2647/2886/5529 2600/2887/5530
f 2600/2887/5530 2647/2886/5529 2646/2888/5531 2601/2889/5532
f 2601/2889/5532 2646/2888/5531 2645/2890/5533 2602/2891/5534
f 2602/2891/5534 2645/2890/5533 2644/2892/5535 2603/2893/5536
f 2603/2893/5536 2644/2892/5535 2643/2894/5537 2604/2895/5538
f 2604/2895/5538 2643/2894/5537 2642/2896/5539 2605/2897/5540
f 2605/2897/5540 2642/2896/5539 2641/2898/5541 2606/2899/5542
f 2606/2899/5542 2641/2898/5541 2640/2869/5512 2591/2868/5511
s 323
f 2609/2900/5543 2606/2899/5544 2591/2868/5545 2608/2901/5546
f 2610/2902/5547 2605/2897/5548 2606/2899/5544 2609/2900/5543
f 2611/2903/5549 2604/2895/5550 2605/2897/5548 2610/2902/5547
f 2612/2904/5551 2603/2893/5552 2604/2895/5550 2611/2903/5549
f 2613/2905/5553 2602/2891/5554 2603/2893/5552 2612/2904/5551
f 2614/2906/5555 2601/2889/5556 2602/2891/5554 2613/2905/5553
f 2615/2907/5557 2600/2887/5558 2601/2889/5556 2614/2906/5555
f 2616/2908/5559 2599/2885/5560 2600/2887/5558 2615/2907/5557
f 2617/2909/5561 2598/2883/5562 2599/2885/5560 2616/2908/5559
f 2618/2910/5563 2597/2881/5564 2598/2883/5562 2617/2909/5561
f 2619/2911/5565 2596/2879/5566 2597/2881/5564 2618/2910/5563
f 2620/2912/5567 2595/2877/5568 2596/2879/5566 2619/2911/5565
f 2621/2913/5569 2594/2875/5570 2595/2877/5568 2620/2912/5567
f 2622/2914/5571 2593/2873/5572 2594/2875/5570 2621/2913/5569
f 2623/2915/5573 2592/2871/5574 2593/2873/5572 2622/2914/5571
f 2608/2901/5546 2591/2868/5545 2592/2871/5574 2623/2915/5573
f 2625/2865/5492 2609/2900/5543 2608/2901/5546 2624/2836/5463
f 2626/2863/5490 2610/2902/5547 2609/2900/5543 2625/2865/5492
f 2627/2861/5488 2611/2903/5549 2610/2902/5547 2626/2863/5490
f 2628/2859/5486 2612/2904/5551 2611/2903/5549 2627/2861/5488
f 2629/2857/5484 2613/2905/5553 2612/2904/5551 2628/2859/5486
f 2630/2855/5482 2614/2906/5555 2613/2905/5553 2629/2857/5484
f 2631/2853/5480 2615/2907/5557 2614/2906/5555 2630/2855/5482
f 2632/2851/5478 2616/2908/5559 2615/2907/5557 2631/2853/5480
f 2633/2849/5476 2617/2909/5561 2616/2908/5559 2632/2851/5478
f 2634/2847/5474 2618/2910/5563 2617/2909/5561 2633/2849/5476
f 2635/2845/5472 2619/2911/5565 2618/2910/5563 2634/2847/5474
f 2636/2843/5470 2620/2912/5567 2619/2911/5565 2635/2845/5472
f 2637/2841/5468 2621/2913/5569 2620/2912/5567 2636/2843/5470
f 2638/2839/5466 2622/2914/5571 2621/2913/5569 2637/2841/5468
f 2639/2837/5464 2623/2915/5573 2622/2914/5571 2638/2839/5466
f 2624/2836/5463 2608/2901/5546 2623/2915/5573 2639/2837/5464
s 327
f 2657/2916/5575 2658/2917/5576 2656/2918/5577
f 2659/2919/5578 2658/2917/5576 2657/2916/5575
f 2660/2920/5579 2658/2917/5576 2659/2919/5578
f 2661/2921/5580 2658/2917/5576 2660/2920/5579
f 2662/2922/5581 2658/2917/5576 2661/2921/5580
f 2663/2923/5582 2658/2917/5576 2662/2922/5581
f 2664/2924/5583 2658/2917/5576 2663/2923/5582
f 2665/2925/5584 2658/2917/5576 2664/2924/5583
f 2666/2926/5585 2658/2917/5576 2665/2925/5584
f 2667/2927/5586 2658/2917/5576 2666/2926/5585
f 2668/2928/5587 2658/2917/5576 2667/2927/5586
f 2669/2929/5588 2658/2917/5576 2668/2928/5587
f 2670/2930/5589 2658/2917/5576 2669/2929/5588
f 2671/2931/5590 2658/2917/5576 2670/2930/5589
f 2672/2932/5591 2658/2917/5576 2671/2931/5590
f 2658/2917/5576 2672/2932/5591 2656/2918/5577
s 328
f 2674/2933/5592 2657/2934/5593 2656/2935/5594 2673/2936/5595
f 2675/2937/5596 2659/2938/5597 2657/2934/5593 2674/2933/5592
f 2676/2939/5598 2660/2940/5599 2659/2938/5597 2675/2937/5596
f 2677/2941/5600 2661/2942/5601 2660/2940/5599 2676/2939/5598
f 2678/2943/5602 2662/2944/5603 2661/2942/5601 2677/2941/5600
f 2679/2945/5604 2663/2946/5605 2662/2944/5603 2678/2943/5602
f 2680/2947/5606 2664/2948/5607 2663/2946/5605 2679/2945/5604
f 2681/2949/5608 2665/2950/5609 2664/2948/5607 2680/2947/5606
f 2682/2951/5610 2666/2952/5611 2665/2950/5609 2681/2949/5608
f 2683/2953/5612 2667/2954/5613 2666/2952/5611 2682/2951/5610
f 2684/2955/5614 2668/2956/5615 2667/2954/5613 2683/2953/5612
f 2685/2957/5616 2669/2958/5617 2668/2956/5615 2684/2955/5614
f 2686/2959/5618 2670/2960/5619 2669/2958/5617 2685/2957/5616
f 2687/2961/5620 2671/2962/5621 2670/2960/5619 2686/2959/5618
f 2688/2963/5622 2672/2964/5623 2671/2962/5621 2687/2961/5620
f 2656/2935/5594 2672/2964/5623 2688/2963/5622 2673/2936/5595
s 329
f 2641/2898/5624 2674/2933/5625 2673/2936/5626 2640/2869/5627
f 2642/2896/5628 2675/2937/5629 2674/2933/5625 2641/2898/5624
f 2643/2894/5630 2676/2939/5631 2675/2937/5629 2642/2896/5628
f 2644/2892/5632 2677/2941/5633 2676/2939/5631 2643/2894/5630
f 2645/2890/5634 2678/2943/5635 2677/2941/5633 2644/2892/5632
f 2646/2888/5636 2679/2945/5637 2678/2943/5635 2645/2890/5634
f 2647/2886/5638 2680/2947/5639 2679/2945/5637 2646/2888/5636
f 2648/2884/5640 2681/2949/5641 2680/2947/5639 2647/2886/5638
f 2649/2882/5642 2682/2951/5643 2681/2949/5641 2648/2884/5640
f 2650/2880/5644 2683/2953/5645 2682/2951/5643 2649/2882/5642
f 2651/2878/5646 2684/2955/5647 2683/2953/5645 2650/2880/5644
f 2652/2876/5648 2685/2957/5649 2684/2955/5647 2651/2878/5646
f 2653/2874/5650 2686/2959/5651 2685/2957/5649 2652/2876/5648
f 2654/2872/5652 2687/2961/5653 2686/2959/5651 2653/2874/5650
f 2655/2870/5654 2688/2963/5655 2687/2961/5653 2654/2872/5652
f 2640/2869/5627 2673/2936/5626 2688/2963/5655 2655/2870/5654
s 330
f 2689/2965/5656 2690/2966/5657 2753/2967/5658 2738/2968/5659
f 2690/2966/5657 2691/2969/5660 2752/2970/5661 2753/2967/5658
f 2691/2969/5660 2692/2971/5662 2751/2972/5663 2752/2970/5661
f 2692/2971/5662 2693/2973/5664 2750/2974/5665 2751/2972/5663
f 2693/2973/5664 2694/2975/5666 2749/2976/5667 2750/2974/5665
f 2694/2975/5666 2695/2977/5668 2748/2978/5669 2749/2976/5667
f 2695/2977/5668 2696/2979/5670 2747/2980/5671 2748/2978/5669
f 2696/2979/5670 2697/2981/5672 2746/2982/5673 2747/2980/5671
f 2697/2981/5672 2698/2983/5674 2745/2984/5675 2746/2982/5673
f 2698/2983/5674 2699/2985/5676 2744/2986/5677 2745/2984/5675
f 2699/2985/5676 2700/2987/5678 2743/2988/5679 2744/2986/5677
f 2700/2987/5678 2701/2989/5680 2742/2990/5681 2743/2988/5679
f 2701/2989/5680 2702/2991/5682 2741/2992/5683 2742/2990/5681
f 2702/2991/5682 2703/2993/5684 2740/2994/5685 2741/2992/5683
f 2703/2993/5684 2704/2995/5686 2739/2996/5687 2740/2994/5685
f 2704/2995/5686 2689/2965/5656 2738/2968/5659 2739/2996/5687
s 331
f 2690/2966/5688 2689/2965/5689 2721/2997/5690
f 2691/2969/5691 2690/2966/5688 2721/2997/5690
f 2692/2971/5692 2691/2969/5691 2721/2997/5690
f 2693/2973/5693 2692/2971/5692 2721/2997/5690
f 2694/2975/5694 2693/2973/5693 2721/2997/5690
f 2695/2977/5695 2694/2975/5694 2721/2997/5690
f 2696/2979/5696 2695/2977/5695 2721/2997/5690
f 2697/2981/5697 2696/2979/5696 2721/2997/5690
f 2698/2983/5698 2697/2981/5697 2721/2997/5690
f 2699/2985/5699 2698/2983/5698 2721/2997/5690
f 2700/2987/5700 2699/2985/5699 2721/2997/5690
f 2701/2989/5701 2700/2987/5700 2721/2997/5690
f 2702/2991/5702 2701/2989/5701 2721/2997/5690
f 2703/2993/5703 2702/2991/5702 2721/2997/5690
f 2704/2995/5704 2703/2993/5703 2721/2997/5690
f 2689/2965/5689 2704/2995/5704 2721/2997/5690
s 332
f 2705/2998/5705 2706/2999/5706 2769/3000/5707 2754/3001/5708
f 2706/2999/5706 2707/3002/5709 2768/3003/5710 2769/3000/5707
f 2707/3002/5709 2708/3004/5711 2767/3005/5712 2768/3003/5710
f 2708/3004/5711 2709/3006/5713 2766/3007/5714 2767/3005/5712
f 2709/3006/5713 2710/3008/5715 2765/3009/5716 2766/3007/5714
f 2710/3008/5715 2711/3010/5717 2764/3011/5718 2765/3009/5716
f 2711/3010/5717 2712/3012/5719 2763/3013/5720 2764/3011/5718
f 2712/3012/5719 2713/3014/5721 2762/3015/5722 2763/3013/5720
f 2713/3014/5721 2714/3016/5723 2761/3017/5724 2762/3015/5722
f 2714/3016/5723 2715/3018/5725 2760/3019/5726 2761/3017/5724
f 2715/3018/5725 2716/3020/5727 2759/3021/5728 2760/3019/5726
f 2716/3020/5727 2717/3022/5729 2758/3023/5730 2759/3021/5728
f 2717/3022/5729 2718/3024/5731 2757/3025/5732 2758/3023/5730
f 2718/3024/5731 2719/3026/5733 2756/3027/5734 2757/3025/5732
f 2719/3026/5733 2720/3028/5735 2755/3029/5736 2756/3027/5734
f 2720/3028/5735 2705/2998/5705 2754/3001/5708 2755/3029/5736
s 330
f 2723/3030/5737 2722/3031/5738 2705/2998/5739 2720/3028/5740
f 2724/3032/5741 2723/3030/5737 2720/3028/5740 2719/3026/5742
f 2725/3033/5743 2724/3032/5741 2719/3026/5742 2718/3024/5744
f 2726/3034/5745 2725/3033/5743 2718/3024/5744 2717/3022/5746
f 2727/3035/5747 2726/3034/5745 2717/3022/5746 2716/3020/5748
f 2728/3036/5749 2727/3035/5747 2716/3020/5748 2715/3018/5750
f 2729/3037/5751 2728/3036/5749 2715/3018/5750 2714/3016/5752
f 2730/3038/5753 2729/3037/5751 2714/3016/5752 2713/3014/5754
f 2731/3039/5755 2730/3038/5753 2713/3014/5754 2712/3012/5756
f 2732/3040/5757 2731/3039/5755 2712/3012/5756 2711/3010/5758
f 2733/3041/5759 2732/3040/5757 2711/3010/5758 2710/3008/5760
f 2734/3042/5761 2733/3041/5759 2710/3008/5760 2709/3006/5762
f 2735/3043/5763 2734/3042/5761 2709/3006/5762 2708/3004/5764
f 2736/3044/5765 2735/3043/5763 2708/3004/5764 2707/3002/5766
f 2737/3045/5767 2736/3044/5765 2707/3002/5766 2706/2999/5768
f 2722/3031/5738 2737/3045/5767 2706/2999/5768 2705/2998/5739
f 2739/2996/5687 2738/2968/5659 2722/3031/5738 2723/3030/5737
f 2740/2994/5685 2739/2996/5687 2723/3030/5737 2724/3032/5741
f 2741/2992/5683 2740/2994/5685 2724/3032/5741 2725/3033/5743
f 2742/2990/5681 2741/2992/5683 2725/3033/5743 2726/3034/5745
f 2743/2988/5679 2742/2990/5681 2726/3034/5745 2727/3035/5747
f 2744/2986/5677 2743/2988/5679 2727/3035/5747 2728/3036/5749
f 2745/2984/5675 2744/2986/5677 2728/3036/5749 2729/3037/5751
f 2746/2982/5673 2745/2984/5675 2729/3037/5751 2730/3038/5753
f 2747/2980/5671 2746/2982/5673 2730/3038/5753 2731/3039/5755
f 2748/2978/5669 2747/2980/5671 2731/3039/5755 2732/3040/5757
f 2749/2976/5667 2748/2978/5669 2732/3040/5757 2733/3041/5759
f 2750/2974/5665 2749/2976/5667 2733/3041/5759 2734/3042/5761
f 2751/2972/5663 2750/2974/5665 2734/3042/5761 2735/3043/5763
f 2752/2970/5661 2751/2972/5663 2735/3043/5763 2736/3044/5765
f 2753/2967/5658 2752/2970/5661 2736/3044/5765 2737/3045/5767
f 2738/2968/5659 2753/2967/5658 2737/3045/5767 2722/3031/5738
s 333
f 2771/3046/5769 2770/3047/5770 2772/3048/5771
f 2773/3049/5772 2771/3046/5769 2772/3048/5771
f 2774/3050/5773 2773/3049/5772 2772/3048/5771
f 2775/3051/5774 2774/3050/5773 2772/3048/5771
f 2776/3052/5775 2775/3051/5774 2772/3048/5771
f 2777/3053/5776 2776/3052/5775 2772/3048/5771
f 2778/3054/5777 2777/3053/5776 2772/3048/5771
f 2779/3055/5778 2778/3054/5777 2772/3048/5771
f 2780/3056/5779 2779/3055/5778 2772/3048/5771
f 2781/3057/5780 2780/3056/5779 2772/3048/5771
f 2782/3058/5781 2781/3057/5780 2772/3048/5771
f 2783/3059/5782 2782/3058/5781 2772/3048/5771
f 2784/3060/5783 2783/3059/5782 2772/3048/5771
f 2785/3061/5784 2784/3060/5783 2772/3048/5771
f 2786/3062/5785 2785/3061/5784 2772/3048/5771
f 2772/3048/5771 2770/3047/5770 2786/3062/5785
s 334
f 2788/3063/5786 2787/3064/5787 2770/3065/5788 2771/3066/5789
f 2789/3067/5790 2788/3063/5786 2771/3066/5789 2773/3068/5791
f 2790/3069/5792 2789/3067/5790 2773/3068/5791 2774/3070/5793
f 2791/3071/5794 2790/3069/5792 2774/3070/5793 2775/3072/5795
f 2792/3073/5796 2791/3071/5794 2775/3072/5795 2776/3074/5797
f 2793/3075/5798 2792/3073/5796 2776/3074/5797 2777/3076/5799
f 2794/3077/5800 2793/3075/5798 2777/3076/5799 2778/3078/5801
f 2795/3079/5802 2794/3077/5800 2778/3078/5801 2779/3080/5803
f 2796/3081/5804 2795/3079/5802 2779/3080/5803 2780/3082/5805
f 2797/3083/5806 2796/3081/5804 2780/3082/5805 2781/3084/5807
f 2798/3085/5808 2797/3083/5806 2781/3084/5807 2782/3086/5809
f 2799/3087/5810 2798/3085/5808 2782/3086/5809 2783/3088/5811
f 2800/3089/5812 2799/3087/5810 2783/3088/5811 2784/3090/5813
f 2801/3091/5814 2800/3089/5812 2784/3090/5813 2785/3092/5815
f 2802/3093/5816 2801/3091/5814 2785/3092/5815 2786/3094/5817
f 2770/3065/5788 2787/3064/5787 2802/3093/5816 2786/3094/5817
s 335
f 2755/3029/5818 2754/3001/5819 2787/3064/5820 2788/3063/5821
f 2756/3027/5822 2755/3029/5818 2788/3063/5821 2789/3067/5823
f 2757/3025/5824 2756/3027/5822 2789/3067/5823 2790/3069/5825
f 2758/3023/5826 2757/3025/5824 2790/3069/5825 2791/3071/5827
f 2759/3021/5828 2758/3023/5826 2791/3071/5827 2792/3073/5829
f 2760/3019/5830 2759/3021/5828 2792/3073/5829 2793/3075/5831
f 2761/3017/5832 2760/3019/5830 2793/3075/5831 2794/3077/5833
f 2762/3015/5834 2761/3017/5832 2794/3077/5833 2795/3079/5835
f 2763/3013/5836 2762/3015/5834 2795/3079/5835 2796/3081/5837
f 2764/3011/5838 2763/3013/5836 2796/3081/5837 2797/3083/5839
f 2765/3009/5840 2764/3011/5838 2797/3083/5839 2798/3085/5841
f 2766/3007/5842 2765/3009/5840 2798/3085/5841 2799/3087/5843
f 2767/3005/5844 2766/3007/5842 2799/3087/5843 2800/3089/5845
f 2768/3003/5846 2767/3005/5844 2800/3089/5845 2801/3091/5847
f 2769/3000/5848 2768/3003/5846 2801/3091/5847 2802/3093/5849
f 2754/3001/5819 2769/3000/5848 2802/3093/5849 2787/3064/5820
s 336
f 2803/3095/5850 2804/3096/5851 2867/3097/5852 2852/3098/5853
f 2804/3096/5851 2805/3099/5854 2866/3100/5855 2867/3097/5852
f 2805/3099/5854 2806/3101/5856 2865/3102/5857 2866/3100/5855
f 2806/3101/5856 2807/3103/5858 2864/3104/5859 2865/3102/5857
f 2807/3103/5858 2808/3105/5860 2863/3106/5861 2864/3104/5859
f 2808/3105/5860 2809/3107/5862 2862/3108/5863 2863/3106/5861
f 2809/3107/5862 2810/3109/5864 2861/3110/5865 2862/3108/5863
f 2810/3109/5864 2811/3111/5866 2860/3112/5867 2861/3110/5865
f 2811/3111/5866 2812/3113/5868 2859/3114/5869 2860/3112/5867
f 2812/3113/5868 2813/3115/5870 2858/3116/5871 2859/3114/5869
f 2813/3115/5870 2814/3117/5872 2857/3118/5873 2858/3116/5871
f 2814/3117/5872 2815/3119/5874 2856/3120/5875 2857/3118/5873
f 2815/3119/5874 2816/3121/5876 2855/3122/5877 2856/3120/5875
f 2816/3121/5876 2817/3123/5878 2854/3124/5879 2855/3122/5877
f 2817/3123/5878 2818/3125/5880 2853/3126/5881 2854/3124/5879
f 2818/3125/5880 2803/3095/5850 2852/3098/5853 2853/3126/5881
s 337
f 2804/3096/5882 2803/3095/5883 2835/3127/5884
f 2805/3099/5885 2804/3096/5882 2835/3127/5884
f 2806/3101/5886 2805/3099/5885 2835/3127/5884
f 2807/3103/5887 2806/3101/5886 2835/3127/5884
f 2808/3105/5888 2807/3103/5887 2835/3127/5884
f 2809/3107/5889 2808/3105/5888 2835/3127/5884
f 2810/3109/5890 2809/3107/5889 2835/3127/5884
f 2811/3111/5891 2810/3109/5890 2835/3127/5884
f 2812/3113/5892 2811/3111/5891 2835/3127/5884
f 2813/3115/5893 2812/3113/5892 2835/3127/5884
f 2814/3117/5894 2813/3115/5893 2835/3127/5884
f 2815/3119/5895 2814/3117/5894 2835/3127/5884
f 2816/3121/5896 2815/3119/5895 2835/3127/5884
f 2817/3123/5897 2816/3121/5896 2835/3127/5884
f 2818/3125/5898 2817/3123/5897 2835/3127/5884
f 2803/3095/5883 2818/3125/5898 2835/3127/5884
s 338
f 2819/3128/5899 2820/3129/5900 2883/3130/5901 2868/3131/5902
f 2820/3129/5900 2821/3132/5903 2882/3133/5904 2883/3130/5901
f 2821/3132/5903 2822/3134/5905 2881/3135/5906 2882/3133/5904
f 2822/3134/5905 2823/3136/5907 2880/3137/5908 2881/3135/5906
f 2823/3136/5907 2824/3138/5909 2879/3139/5910 2880/3137/5908
f 2824/3138/5909 2825/3140/5911 2878/3141/5912 2879/3139/5910
f 2825/3140/5911 2826/3142/5913 2877/3143/5914 2878/3141/5912
f 2826/3142/5913 2827/3144/5915 2876/3145/5916 2877/3143/5914
f 2827/3144/5915 2828/3146/5917 2875/3147/5918 2876/3145/5916
f 2828/3146/5917 2829/3148/5919 2874/3149/5920 2875/3147/5918
f 2829/3148/5919 2830/3150/5921 2873/3151/5922 2874/3149/5920
f 2830/3150/5921 2831/3152/5923 2872/3153/5924 2873/3151/5922
f 2831/3152/5923 2832/3154/5925 2871/3155/5926 2872/3153/5924
f 2832/3154/5925 2833/3156/5927 2870/3157/5928 2871/3155/5926
f 2833/3156/5927 2834/3158/5929 2869/3159/5930 2870/3157/5928
f 2834/3158/5929 2819/3128/5899 2868/3131/5902 2869/3159/5930
s 336
f 2837/3160/5931 2836/3161/5932 2819/3128/5933 2834/3158/5934
f 2838/3162/5935 2837/3160/5931 2834/3158/5934 2833/3156/5936
f 2839/3163/5937 2838/3162/5935 2833/3156/5936 2832/3154/5938
f 2840/3164/5939 2839/3163/5937 2832/3154/5938 2831/3152/5940
f 2841/3165/5941 2840/3164/5939 2831/3152/5940 2830/3150/5942
f 2842/3166/5943 2841/3165/5941 2830/3150/5942 2829/3148/5944
f 2843/3167/5945 2842/3166/5943 2829/3148/5944 2828/3146/5946
f 2844/3168/5947 2843/3167/5945 2828/3146/5946 2827/3144/5948
f 2845/3169/5949 2844/3168/5947 2827/3144/5948 2826/3142/5950
f 2846/3170/5951 2845/3169/5949 2826/3142/5950 2825/3140/5952
f 2847/3171/5953 2846/3170/5951 2825/3140/5952 2824/3138/5954
f 2848/3172/5955 2847/3171/5953 2824/3138/5954 2823/3136/5956
f 2849/3173/5957 2848/3172/5955 2823/3136/5956 2822/3134/5958
f 2850/3174/5959 2849/3173/5957 2822/3134/5958 2821/3132/5960
f 2851/3175/5961 2850/3174/5959 2821/3132/5960 2820/3129/5962
f 2836/3161/5932 2851/3175/5961 2820/3129/5962 2819/3128/5933
f 2853/3126/5881 2852/3098/5853 2836/3161/5932 2837/3160/5931
f 2854/3124/5879 2853/3126/5881 2837/3160/5931 2838/3162/5935
f 2855/3122/5877 2854/3124/5879 2838/3162/5935 2839/3163/5937
f 2856/3120/5875 2855/3122/5877 2839/3163/5937 2840/3164/5939
f 2857/3118/5873 2856/3120/5875 2840/3164/5939 2841/3165/5941
f 2858/3116/5871 2857/3118/5873 2841/3165/5941 2842/3166/5943
f 2859/3114/5869 2858/3116/5871 2842/3166/5943 2843/3167/5945
f 2860/3112/5867 2859/3114/5869 2843/3167/5945 2844/3168/5947
f 2861/3110/5865 2860/3112/5867 2844/3168/5947 2845/3169/5949
f 2862/3108/5863 2861/3110/5865 2845/3169/5949 2846/3170/5951
f 2863/3106/5861 2862/3108/5863 2846/3170/5951 2847/3171/5953
f 2864/3104/5859 2863/3106/5861 2847/3171/5953 2848/3172/5955
f 2865/3102/5857 2864/3104/5859 2848/3172/5955 2849/3173/5957
f 2866/3100/5855 2865/3102/5857 2849/3173/5957 2850/3174/5959
f 2867/3097/5852 2866/3100/5855 2850/3174/5959 2851/3175/5961
f 2852/3098/5853 2867/3097/5852 2851/3175/5961 2836/3161/5932
s 339
f 2885/3176/5963 2884/3177/5964 2886/3178/5965
f 2887/3179/5966 2885/3176/5963 2886/3178/5965
f 2888/3180/5967 2887/3179/5966 2886/3178/5965
f 2889/3181/5968 2888/3180/5967 2886/3178/5965
f 2890/3182/5969 2889/3181/5968 2886/3178/5965
f 2891/3183/5970 2890/3182/5969 2886/3178/5965
f 2892/3184/5971 2891/3183/5970 2886/3178/5965
f 2893/3185/5972 2892/3184/5971 2886/3178/5965
f 2894/3186/5973 2893/3185/5972 2886/3178/5965
f 2895/3187/5974 2894/3186/5973 2886/3178/5965
f 2896/3188/5975 2895/3187/5974 2886/3178/5965
f 2897/3189/5976 2896/3188/5975 2886/3178/5965
f 2898/3190/5977 2897/3189/5976 2886/3178/5965
f 2899/3191/5978 2898/3190/5977 2886/3178/5965
f 2900/3192/5979 2899/3191/5978 2886/3178/5965
f 2886/3178/5965 2884/3177/5964 2900/3192/5979
s 340
f 2902/3193/5980 2901/3194/5981 2884/3195/5982 2885/3196/5983
f 2903/3197/5984 2902/3193/5980 2885/3196/5983 2887/3198/5985
f 2904/3199/5986 2903/3197/5984 2887/3198/5985 2888/3200/5987
f 2905/3201/5988 2904/3199/5986 2888/3200/5987 2889/3202/5989
f 2906/3203/5990 2905/3201/5988 2889/3202/5989 2890/3204/5991
f 2907/3205/5992 2906/3203/5990 2890/3204/5991 2891/3206/5993
f 2908/3207/5994 2907/3205/5992 2891/3206/5993 2892/3208/5995
f 2909/3209/5996 2908/3207/5994 2892/3208/5995 2893/3210/5997
f 2910/3211/5998 2909/3209/5996 2893/3210/5997 2894/3212/5999
f 2911/3213/6000 2910/3211/5998 2894/3212/5999 2895/3214/6001
f 2912/3215/6002 2911/3213/6000 2895/3214/6001 2896/3216/6003
f 2913/3217/6004 2912/3215/6002 2896/3216/6003 2897/3218/6005
f 2914/3219/6006 2913/3217/6004 2897/3218/6005 2898/3220/6007
f 2915/3221/6008 2914/3219/6006 2898/3220/6007 2899/3222/6009
f 2916/3223/6010 2915/3221/6008 2899/3222/6009 2900/3224/6011
f 2884/3195/5982 2901/3194/5981 2916/3223/6010 2900/3224/6011
s 341
f 2869/3159/6012 2868/3131/6013 2901/3194/6014 2902/3193/6015
f 2870/3157/6016 2869/3159/6012 2902/3193/6015 2903/3197/6017
f 2871/3155/6018 2870/3157/6016 2903/3197/6017 2904/3199/6019
f 2872/3153/6020 2871/3155/6018 2904/3199/6019 2905/3201/6021
f 2873/3151/6022 2872/3153/6020 2905/3201/6021 2906/3203/6023
f 2874/3149/6024 2873/3151/6022 2906/3203/6023 2907/3205/6025
f 2875/3147/6026 2874/3149/6024 2907/3205/6025 2908/3207/6027
f 2876/3145/6028 2875/3147/6026 2908/3207/6027 2909/3209/6029
f 2877/3143/6030 2876/3145/6028 2909/3209/6029 2910/3211/6031
f 2878/3141/6032 2877/3143/6030 2910/3211/6031 2911/3213/6033
f 2879/3139/6034 2878/3141/6032 2911/3213/6033 2912/3215/6035
f 2880/3137/6036 2879/3139/6034 2912/3215/6035 2913/3217/6037
f 2881/3135/6038 2880/3137/6036 2913/3217/6037 2914/3219/6039
f 2882/3133/6040 2881/3135/6038 2914/3219/6039 2915/3221/6041
f 2883/3130/6042 2882/3133/6040 2915/3221/6041 2916/3223/6043
f 2868/3131/6013 2883/3130/6042 2916/3223/6043 2901/3194/6014
s 342
f 2918/3225/6044 2917/3226/6045 2953/3227/6046 2958/3228/6047
s 343
f 2917/3226/6048 2922/3229/6049 2954/3230/6050 2953/3227/6051
s 344
f 2920/3231/6052 2919/3232/6053 2927/3233/6054 2926/3234/6055
s 342
f 2919/3232/6056 2918/3225/6044 2928/3235/6057 2927/3233/6058
s 343
f 2922/3229/6049 2921/3236/6059 2931/3237/6060 2930/3238/6061
s 344
f 2921/3236/6062 2920/3231/6052 2932/3239/6063 2931/3237/6064
s 345
f 2924/3240/6065 2923/3241/6066 2959/3242/6067 2964/3243/6068
s 342
f 2923/3241/6069 2928/3235/6057 2960/3244/6070 2959/3242/6071
s 344
f 2926/3234/6055 2925/3245/6072 2939/3246/6073 2938/3247/6074
s 345
f 2925/3245/6075 2924/3240/6065 2940/3248/6076 2939/3246/6077
s 343
f 2930/3238/6061 2929/3249/6078 2943/3250/6079 2942/3251/6080
s 346
f 2929/3249/6081 2934/3252/6082 2944/3253/6083 2943/3250/6084
f 2934/3252/6082 2933/3254/6085 2937/3255/6086 2936/3256/6087
s 344
f 2933/3254/6088 2932/3239/6063 2938/3247/6074 2937/3255/6089
s 346
f 2936/3256/6087 2935/3257/6090 2951/3258/6091 2950/3259/6092
s 345
f 2935/3257/6093 2940/3248/6076 2952/3260/6094 2951/3258/6095
s 343
f 2942/3251/6080 2941/3261/6096 2955/3262/6097 2954/3230/6050
s 347
f 2941/3261/6098 2946/3263/6099 2956/3264/6100 2955/3262/6101
f 2946/3263/6099 2945/3265/6102 2949/3266/6103 2948/3267/6104
s 346
f 2945/3265/6105 2944/3253/6083 2950/3259/6092 2949/3266/6106
s 347
f 2948/3267/6104 2947/3268/6107 2963/3269/6108 2962/3270/6109
s 345
f 2947/3268/6110 2952/3260/6094 2964/3243/6068 2963/3269/6111
s 342
f 2958/3228/6047 2957/3271/6112 2961/3272/6113 2960/3244/6070
s 347
f 2957/3271/6114 2956/3264/6100 2962/3270/6109 2961/3272/6115
s 344
f 2920/3231/6052 2926/3234/6055 2938/3247/6074 2932/3239/6063
s 346
f 2934/3252/6082 2936/3256/6087 2950/3259/6092 2944/3253/6083
s 347
f 2946/3263/6099 2948/3267/6104 2962/3270/6109 2956/3264/6100
s 342
f 2958/3228/6047 2960/3244/6070 2928/3235/6057 2918/3225/6044
s 345
f 2924/3240/6065 2964/3243/6068 2952/3260/6094 2940/3248/6076
s 343
f 2954/3230/6050 2922/3229/6049 2930/3238/6061 2942/3251/6080
f 2921/3236/6059 2922/3229/6049 2917/3226/6048 2965/3273/6116
s 342
f 2917/3226/6045 2918/3225/6044 2919/3232/6056 2965/3273/6117
s 344
f 2919/3232/6053 2920/3231/6052 2921/3236/6062 2965/3273/6118
s 342
f 2927/3233/6058 2928/3235/6057 2923/3241/6069 2966/3274/6119
s 345
f 2923/3241/6066 2924/3240/6065 2925/3245/6075 2966/3274/6120
s 344
f 2925/3245/6072 2926/3234/6055 2927/3233/6054 2966/3274/6121
s 346
f 2933/3254/6085 2934/3252/6082 2929/3249/6081 2967/3275/6122
s 343
f 2929/3249/6078 2930/3238/6061 2931/3237/6060 2967/3275/6123
s 344
f 2931/3237/6064 2932/3239/6063 2933/3254/6088 2967/3275/6124
s 345
f 2939/3246/6077 2940/3248/6076 2935/3257/6093 2968/3276/6125
s 346
f 2935/3257/6090 2936/3256/6087 2937/3255/6086 2968/3276/6126
s 344
f 2937/3255/6089 2938/3247/6074 2939/3246/6073 2968/3276/6127
s 347
f 2945/3265/6102 2946/3263/6099 2941/3261/6098 2969/3277/6128
s 343
f 2941/3261/6096 2942/3251/6080 2943/3250/6079 2969/3277/6129
s 346
f 2943/3250/6084 2944/3253/6083 2945/3265/6105 2969/3277/6130
s 345
f 2951/3258/6095 2952/3260/6094 2947/3268/6110 2970/3278/6131
s 347
f 2947/3268/6107 2948/3267/6104 2949/3266/6103 2970/3278/6132
s 346
f 2949/3266/6106 2950/3259/6092 2951/3258/6091 2970/3278/6133
s 342
f 2957/3271/6112 2958/3228/6047 2953/3227/6046 2971/3279/6134
s 343
f 2953/3227/6051 2954/3230/6050 2955/3262/6097 2971/3279/6135
s 347
f 2955/3262/6101 2956/3264/6100 2957/3271/6114 2971/3279/6136
s 345
f 2963/3269/6111 2964/3243/6068 2959/3242/6067 2972/3280/6137
s 342
f 2959/3242/6071 2960/3244/6070 2961/3272/6113 2972/3280/6138
s 347
f 2961/3272/6115 2962/3270/6109 2963/3269/6108 2972/3280/6139
s off
f 2973/3281/6140 2974/3282/6141 2976/3283/6142 2975/3284/6143
f 2975/3284/6144 2976/3283/6145 2978/3285/6146 2977/3286/6147
f 2977/3286/6148 2978/3285/6149 2980/3287/6150 2979/3288/6151
f 2979/3288/6152 2980/3287/6153 2974/3282/6154 2973/3281/6155
f 2974/3282/6156 2980/3287/6157 2978/3285/6158 2976/3283/6159
f 2979/3288/6160 2973/3281/6161 2975/3284/6162 2977/3286/6163
f 2981/3289/6164 2982/3290/6165 2984/3291/6166 2983/3292/6167
f 2983/3292/6168 2984/3291/6169 2986/3293/6170 2985/3294/6171
f 2985/3294/6172 2986/3293/6173 2988/3295/6174 2987/3296/6175
f 2987/3296/6176 2988/3295/6177 2982/3290/6178 2981/3289/6179
f 2982/3290/6180 2988/3295/6181 2986/3293/6182 2984/3291/6183
f 2987/3296/6184 2981/3289/6185 2983/3292/6186 2985/3294/6187
f 2989/3297/6188 2990/3298/6189 2992/3299/6190 2991/3300/6191
f 2991/3300/6192 2992/3299/6193 2994/3301/6194 2993/3302/6195
f 2993/3302/6196 2994/3301/6197 2996/3303/6198 2995/3304/6199
f 2995/3304/6200 2996/3303/6201 2990/3298/6202 2989/3297/6203
f 2990/3298/6204 2996/3303/6205 2994/3301/6206 2992/3299/6207
f 2995/3304/6208 2989/3297/6209 2991/3300/6210 2993/3302/6211
f 2997/3305/6212 2998/3306/6213 3000/3307/6214 2999/3308/6215
f 2999/3308/6216 3000/3307/6217 3002/3309/6218 3001/3310/6219
f 3001/3310/6220 3002/3309/6221 3004/3311/6222 3003/3312/6223
f 3003/3312/6224 3004/3311/6225 2998/3306/6226 2997/3305/6227
f 2998/3306/6228 3004/3311/6229 3002/3309/6230 3000/3307/6231
f 3003/3312/6232 2997/3305/6233 2999/3308/6234 3001/3310/6235
f 3005/3313/6236 3006/3314/6237 3008/3315/6238 3007/3316/6239
f 3007/3316/6240 3008/3315/6241 3010/3317/6242 3009/3318/6243
f 3009/3318/6244 3010/3317/6245 3012/3319/6246 3011/3320/6247
f 3011/3320/6248 3012/3319/6249 3006/3314/6250 3005/3313/6251
f 3006/3314/6252 3012/3319/6253 3010/3317/6254 3008/3315/6255
f 3011/3320/6256 3005/3313/6257 3007/3316/6258 3009/3318/6259
f 3013/3321/6260 3014/3322/6261 3016/3323/6262 3015/3324/6263
f 3015/3324/6264 3016/3323/6265 3018/3325/6266 3017/3326/6267
f 3017/3326/6268 3018/3325/6269 3020/3327/6270 3019/3328/6271
f 3019/3328/6272 3020/3327/6273 3014/3322/6274 3013/3321/6275
f 3014/3322/6276 3020/3327/6277 3018/3325/6278 3016/3323/6279
f 3019/3328/6280 3013/3321/6281 3015/3324/6282 3017/3326/6283
f 3021/3329/6284 3022/3330/6285 3024/3331/6286 3023/3332/6287
f 3023/3332/6288 3024/3331/6289 3026/3333/6290 3025/3334/6291
f 3025/3334/6292 3026/3333/6293 3028/3335/6294 3027/3336/6295
f 3027/3336/6296 3028/3335/6297 3022/3330/6298 3021/3329/6299
f 3022/3330/6300 3028/3335/6301 3026/3333/6302 3024/3331/6303
f 3027/3336/6304 3021/3329/6305 3023/3332/6306 3025/3334/6307
s 348
f 3029/3337/6308 3041/3338/6309 3042/3339/6310 3031/3340/6311
s off
f 3101/3341/6312 3102/3342/6313 3103/3343/6314 3104/3344/6315
s 349
f 3033/3345/6316 3045/3346/6317 3046/3347/6318 3035/3348/6319
s 350
f 3035/3348/6320 3046/3347/6321 3041/3338/6322 3029/3337/6323
s off
f 3030/3349/6324 3036/3350/6325 3034/3351/6326 3040/3352/6327 3038/3353/6328 3032/3354/6329
f 3035/3348/6330 3029/3337/6331 3031/3340/6332 3037/3355/6333 3039/3356/6334 3033/3345/6335
f 3105/3357/6336 3106/3358/6337 3107/3359/6338 3108/3360/6339
s 351
f 3037/3355/6340 3043/3361/6341 3044/3362/6342 3039/3356/6343
s 348
f 3042/3339/6310 3041/3338/6309 3047/3363/6344 3048/3364/6345
s 351
f 3043/3361/6341 3042/3339/6346 3048/3364/6347 3049/3365/6348
f 3044/3362/6342 3043/3361/6341 3049/3365/6348 3050/3366/6349
f 3045/3346/6350 3044/3362/6342 3050/3366/6349 3051/3367/6351
s 349
f 3046/3347/6318 3045/3346/6317 3051/3367/6352 3052/3368/6353
s 350
f 3041/3338/6322 3046/3347/6321 3052/3368/6354 3047/3363/6355
s 348
f 3048/3364/6345 3047/3363/6344 3030/3349/6356 3032/3354/6357
s off
f 3110/3369/6358 3109/3370/6359 3111/3371/6360 3112/3372/6361
s 351
f 3050/3366/6349 3049/3365/6348 3038/3353/6362 3040/3352/6363
s off
f 3114/3373/6364 3113/3374/6365 3115/3375/6366 3116/3376/6367
s 349
f 3052/3368/6353 3051/3367/6352 3034/3351/6368 3036/3350/6369
s 350
f 3047/3363/6355 3052/3368/6354 3036/3350/6370 3030/3349/6371
s off
f 3039/3356/6372 3044/3362/6373 3054/3377/6374 3053/3378/6375
f 3044/3362/6376 3045/3346/6377 3055/3379/6378 3054/3377/6379
f 3045/3346/6380 3033/3345/6381 3056/3380/6382 3055/3379/6383
f 3033/3345/6384 3039/3356/6385 3053/3378/6386 3056/3380/6387
f 3031/3340/6388 3042/3339/6389 3058/3381/6390 3057/3382/6391
f 3042/3339/6392 3043/3361/6393 3059/3383/6394 3058/3381/6395
f 3043/3361/6396 3037/3355/6397 3060/3384/6398 3059/3383/6399
f 3037/3355/6400 3031/3340/6401 3057/3382/6402 3060/3384/6403
f 3049/3365/6404 3048/3364/6405 3061/3385/6406 3062/3386/6407
f 3048/3364/6408 3032/3354/6409 3063/3387/6410 3061/3385/6411
f 3032/3354/6412 3038/3353/6413 3064/3388/6414 3063/3387/6415
f 3038/3353/6416 3049/3365/6417 3062/3386/6418 3064/3388/6419
f 3051/3367/6420 3050/3366/6421 3065/3389/6422 3066/3390/6423
f 3050/3366/6424 3040/3352/6425 3067/3391/6426 3065/3389/6427
f 3040/3352/6428 3034/3351/6429 3068/3392/6430 3067/3391/6431
f 3034/3351/6432 3051/3367/6433 3066/3390/6434 3068/3392/6435
f 3053/3378/6436 3054/3377/6437 3070/3393/6438 3069/3394/6439
f 3054/3377/6440 3055/3379/6441 3071/3395/6442 3070/3393/6443
f 3055/3379/6444 3056/3380/6445 3072/3396/6446 3071/3395/6447
f 3056/3380/6448 3053/3378/6449 3069/3394/6450 3072/3396/6451
f 3057/3382/6452 3058/3381/6453 3074/3397/6454 3073/3398/6455
f 3058/3381/6456 3059/3383/6457 3075/3399/6458 3074/3397/6459
f 3059/3383/6460 3060/3384/6461 3076/3400/6462 3075/3399/6463
f 3060/3384/6464 3057/3382/6465 3073/3398/6466 3076/3400/6467
f 3062/3386/6468 3061/3385/6469 3077/3401/6470 3078/3402/6471
f 3061/3385/6472 3063/3387/6473 3079/3403/6474 3077/3401/6475
f 3063/3387/6476 3064/3388/6477 3080/3404/6478 3079/3403/6479
f 3064/3388/6480 3062/3386/6481 3078/3402/6482 3080/3404/6483
f 3066/3390/6484 3065/3389/6485 3081/3405/6486 3082/3406/6487
f 3065/3389/6488 3067/3391/6489 3083/3407/6490 3081/3405/6491
f 3067/3391/6492 3068/3392/6493 3084/3408/6494 3083/3407/6495
f 3068/3392/6496 3066/3390/6497 3082/3406/6498 3084/3408/6499
f 3069/3394/6500 3070/3393/6501 3086/3409/6502 3085/3410/6503
f 3070/3393/6504 3071/3395/6505 3087/3411/6506 3086/3409/6507
f 3071/3395/6508 3072/3396/6509 3088/3412/6510 3087/3411/6511
f 3072/3396/6512 3069/3394/6513 3085/3410/6514 3088/3412/6515
f 3073/3398/6516 3074/3397/6517 3090/3413/6518 3089/3414/6519
f 3074/3397/6520 3075/3399/6521 3091/3415/6522 3090/3413/6523
f 3075/3399/6524 3076/3400/6525 3092/3416/6526 3091/3415/6527
f 3076/3400/6528 3073/3398/6529 3089/3414/6530 3092/3416/6531
f 3078/3402/6532 3077/3401/6533 3093/3417/6534 3094/3418/6535
f 3077/3401/6536 3079/3403/6537 3095/3419/6538 3093/3417/6539
f 3079/3403/6540 3080/3404/6541 3096/3420/6542 3095/3419/6543
f 3080/3404/6544 3078/3402/6545 3094/3418/6546 3096/3420/6547
f 3082/3406/6548 3081/3405/6549 3097/3421/6550 3098/3422/6551
f 3081/3405/6552 3083/3407/6553 3099/3423/6554 3097/3421/6555
f 3083/3407/6556 3084/3408/6557 3100/3424/6558 3099/3423/6559
f 3084/3408/6560 3082/3406/6561 3098/3422/6562 3100/3424/6563
f 3087/3411/6564 3088/3412/6565 3104/3344/6566 3103/3343/6567
f 3088/3412/6568 3085/3410/6569 3101/3341/6570 3104/3344/6571
f 3089/3414/6572 3090/3413/6573 3106/3358/6574 3105/3357/6575
f 3092/3416/6576 3089/3414/6577 3105/3357/6578 3108/3360/6579
f 3093/3417/6580 3095/3419/6581 3111/3371/6582 3109/3370/6583
f 3095/3419/6584 3096/3420/6585 3112/3372/6586 3111/3371/6587
f 3099/3423/6588 3100/3424/6589 3116/3376/6590 3115/3375/6591
f 3100/3424/6592 3098/3422/6593 3114/3373/6594 3116/3376/6595
f 3086/3409/6596 3102/3342/6597 3107/3359/6598 3091/3415/6599
f 3102/3342/6600 3101/3341/6601 3108/3360/6602 3107/3359/6603
f 3101/3341/6604 3085/3410/6605 3092/3416/6606 3108/3360/6607
f 3085/3410/6608 3086/3409/6609 3091/3415/6610 3092/3416/6611
f 3096/3420/6612 3094/3418/6613 3097/3421/6614 3099/3423/6615
f 3094/3418/6616 3110/3369/6617 3113/3374/6618 3097/3421/6619
f 3110/3369/6620 3112/3372/6621 3115/3375/6622 3113/3374/6623
f 3112/3372/6624 3096/3420/6625 3099/3423/6626 3115/3375/6627
f 3087/3411/6628 3103/3343/6629 3114/3373/6630 3098/3422/6631
f 3103/3343/6632 3102/3342/6633 3113/3374/6634 3114/3373/6635
f 3102/3342/6636 3086/3409/6637 3097/3421/6638 3113/3374/6639
f 3086/3409/6640 3087/3411/6641 3098/3422/6642 3097/3421/6643
f 3091/3415/6644 3107/3359/6645 3110/3369/6646 3094/3418/6647
f 3107/3359/6648 3106/3358/6649 3109/3370/6650 3110/3369/6651
f 3106/3358/6652 3090/3413/6653 3093/3417/6654 3109/3370/6655
f 3090/3413/6656 3091/3415/6657 3094/3418/6658 3093/3417/6659
f 3117/3425/6660 3118/3426/6661 3120/3427/6662 3119/3428/6663
f 3119/3428/6664 3120/3427/6665 3122/3429/6666 3121/3430/6667
f 3121/3430/6668 3122/3429/6669 3124/3431/6670 3123/3432/6671
f 3123/3432/6672 3124/3431/6673 3118/3426/6674 3117/3425/6675
f 3118/3426/6676 3124/3431/6677 3122/3429/6678 3120/3427/6679
f 3123/3432/6680 3117/3425/6681 3119/3428/6682 3121/3430/6683
s 352
f 3126/3433/6684 3125/3434/6685 3161/3435/6686 3166/3436/6687
s 353
f 3125/3434/6688 3130/3437/6689 3162/3438/6690 3161/3435/6691
s 354
f 3128/3439/6692 3127/3440/6693 3135/3441/6694 3134/3442/6695
s 352
f 3127/3440/6696 3126/3433/6684 3136/3443/6697 3135/3441/6698
s 353
f 3130/3437/6689 3129/3444/6699 3139/3445/6700 3138/3446/6701
s 354
f 3129/3444/6702 3128/3439/6692 3140/3447/6703 3139/3445/6704
s 355
f 3132/3448/6705 3131/3449/6706 3167/3450/6707 3172/3451/6708
s 352
f 3131/3449/6709 3136/3443/6697 3168/3452/6710 3167/3450/6711
s 354
f 3134/3442/6695 3133/3453/6712 3147/3454/6713 3146/3455/6714
s 355
f 3133/3453/6715 3132/3448/6705 3148/3456/6716 3147/3454/6717
s 353
f 3138/3446/6701 3137/3457/6718 3151/3458/6719 3150/3459/6720
s 356
f 3137/3457/6721 3142/3460/6722 3152/3461/6723 3151/3458/6724
f 3142/3460/6722 3141/3462/6725 3145/3463/6726 3144/3464/6727
s 354
f 3141/3462/6728 3140/3447/6703 3146/3455/6714 3145/3463/6729
s 356
f 3144/3464/6727 3143/3465/6730 3159/3466/6731 3158/3467/6732
s 355
f 3143/3465/6733 3148/3456/6716 3160/3468/6734 3159/3466/6735
s 353
f 3150/3459/6720 3149/3469/6736 3163/3470/6737 3162/3438/6690
s 357
f 3149/3469/6738 3154/3471/6739 3164/3472/6740 3163/3470/6741
f 3154/3471/6739 3153/3473/6742 3157/3474/6743 3156/3475/6744
s 356
f 3153/3473/6745 3152/3461/6723 3158/3467/6732 3157/3474/6746
s 357
f 3156/3475/6744 3155/3476/6747 3171/3477/6748 3170/3478/6749
s 355
f 3155/3476/6750 3160/3468/6734 3172/3451/6708 3171/3477/6751
s 352
f 3166/3436/6687 3165/3479/6752 3169/3480/6753 3168/3452/6710
s 357
f 3165/3479/6754 3164/3472/6740 3170/3478/6749 3169/3480/6755
s 354
f 3128/3439/6692 3134/3442/6695 3146/3455/6714 3140/3447/6703
s 356
f 3142/3460/6722 3144/3464/6727 3158/3467/6732 3152/3461/6723
s 357
f 3154/3471/6739 3156/3475/6744 3170/3478/6749 3164/3472/6740
s 352
f 3166/3436/6687 3168/3452/6710 3136/3443/6697 3126/3433/6684
s 355
f 3132/3448/6705 3172/3451/6708 3160/3468/6734 3148/3456/6716
s 353
f 3162/3438/6690 3130/3437/6689 3138/3446/6701 3150/3459/6720
f 3129/3444/6699 3130/3437/6689 3125/3434/6688 3173/3481/6756
s 352
f 3125/3434/6685 3126/3433/6684 3127/3440/6696 3173/3481/6757
s 354
f 3127/3440/6693 3128/3439/6692 3129/3444/6702 3173/3481/6758
s 352
f 3135/3441/6698 3136/3443/6697 3131/3449/6709 3174/3482/6759
s 355
f 3131/3449/6706 3132/3448/6705 3133/3453/6715 3174/3482/6760
s 354
f 3133/3453/6712 3134/3442/6695 3135/3441/6694 3174/3482/6761
s 356
f 3141/3462/6725 3142/3460/6722 3137/3457/6721 3175/3483/6762
s 353
f 3137/3457/6718 3138/3446/6701 3139/3445/6700 3175/3483/6763
s 354
f 3139/3445/6704 3140/3447/6703 3141/3462/6728 3175/3483/6764
s 355
f 3147/3454/6717 3148/3456/6716 3143/3465/6733 3176/3484/6765
s 356
f 3143/3465/6730 3144/3464/6727 3145/3463/6726 3176/3484/6766
s 354
f 3145/3463/6729 3146/3455/6714 3147/3454/6713 3176/3484/6767
s 357
f 3153/3473/6742 3154/3471/6739 3149/3469/6738 3177/3485/6768
s 353
f 3149/3469/6736 3150/3459/6720 3151/3458/6719 3177/3485/6769
s 356
f 3151/3458/6724 3152/3461/6723 3153/3473/6745 3177/3485/6770
s 355
f 3159/3466/6735 3160/3468/6734 3155/3476/6750 3178/3486/6771
s 357
f 3155/3476/6747 3156/3475/6744 3157/3474/6743 3178/3486/6772
s 356
f 3157/3474/6746 3158/3467/6732 3159/3466/6731 3178/3486/6773
s 352
f 3165/3479/6752 3166/3436/6687 3161/3435/6686 3179/3487/6774
s 353
f 3161/3435/6691 3162/3438/6690 3163/3470/6737 3179/3487/6775
s 357
f 3163/3470/6741 3164/3472/6740 3165/3479/6754 3179/3487/6776
s 355
f 3171/3477/6751 3172/3451/6708 3167/3450/6707 3180/3488/6777
s 352
f 3167/3450/6711 3168/3452/6710 3169/3480/6753 3180/3488/6778
s 357
f 3169/3480/6755 3170/3478/6749 3171/3477/6748 3180/3488/6779
s 358
f 3182/3489/6780 3181/3490/6781 3217/3491/6782 3222/3492/6783
s 359
f 3181/3490/6784 3186/3493/6785 3218/3494/6786 3217/3491/6787
s 360
f 3184/3495/6788 3183/3496/6789 3191/3497/6790 3190/3498/6791
s 358
f 3183/3496/6792 3182/3489/6780 3192/3499/6793 3191/3497/6794
s 359
f 3186/3493/6785 3185/3500/6795 3195/3501/6796 3194/3502/6797
s 360
f 3185/3500/6798 3184/3495/6788 3196/3503/6799 3195/3501/6800
s 361
f 3188/3504/6801 3187/3505/6802 3223/3506/6803 3228/3507/6804
s 358
f 3187/3505/6805 3192/3499/6793 3224/3508/6806 3223/3506/6807
s 360
f 3190/3498/6791 3189/3509/6808 3203/3510/6809 3202/3511/6810
s 361
f 3189/3509/6811 3188/3504/6801 3204/3512/6812 3203/3510/6813
s 359
f 3194/3502/6797 3193/3513/6814 3207/3514/6815 3206/3515/6816
s 362
f 3193/3513/6817 3198/3516/6818 3208/3517/6819 3207/3514/6820
f 3198/3516/6818 3197/3518/6821 3201/3519/6822 3200/3520/6823
s 360
f 3197/3518/6824 3196/3503/6799 3202/3511/6810 3201/3519/6825
s 362
f 3200/3520/6823 3199/3521/6826 3215/3522/6827 3214/3523/6828
s 361
f 3199/3521/6829 3204/3512/6812 3216/3524/6830 3215/3522/6831
s 359
f 3206/3515/6816 3205/3525/6832 3219/3526/6833 3218/3494/6786
s 363
f 3205/3525/6834 3210/3527/6835 3220/3528/6836 3219/3526/6837
f 3210/3527/6835 3209/3529/6838 3213/3530/6839 3212/3531/6840
s 362
f 3209/3529/6841 3208/3517/6819 3214/3523/6828 3213/3530/6842
s 363
f 3212/3531/6840 3211/3532/6843 3227/3533/6844 3226/3534/6845
s 361
f 3211/3532/6846 3216/3524/6830 3228/3507/6804 3227/3533/6847
s 358
f 3222/3492/6783 3221/3535/6848 3225/3536/6849 3224/3508/6806
s 363
f 3221/3535/6850 3220/3528/6836 3226/3534/6845 3225/3536/6851
s 360
f 3184/3495/6788 3190/3498/6791 3202/3511/6810 3196/3503/6799
s 362
f 3198/3516/6818 3200/3520/6823 3214/3523/6828 3208/3517/6819
s 363
f 3210/3527/6835 3212/3531/6840 3226/3534/6845 3220/3528/6836
s 358
f 3222/3492/6783 3224/3508/6806 3192/3499/6793 3182/3489/6780
s 361
f 3188/3504/6801 3228/3507/6804 3216/3524/6830 3204/3512/6812
s 359
f 3218/3494/6786 3186/3493/6785 3194/3502/6797 3206/3515/6816
f 3185/3500/6795 3186/3493/6785 3181/3490/6784 3229/3537/6852
s 358
f 3181/3490/6781 3182/3489/6780 3183/3496/6792 3229/3537/6853
s 360
f 3183/3496/6789 3184/3495/6788 3185/3500/6798 3229/3537/6854
s 358
f 3191/3497/6794 3192/3499/6793 3187/3505/6805 3230/3538/6855
s 361
f 3187/3505/6802 3188/3504/6801 3189/3509/6811 3230/3538/6856
s 360
f 3189/3509/6808 3190/3498/6791 3191/3497/6790 3230/3538/6857
s 362
f 3197/3518/6821 3198/3516/6818 3193/3513/6817 3231/3539/6858
s 359
f 3193/3513/6814 3194/3502/6797 3195/3501/6796 3231/3539/6859
s 360
f 3195/3501/6800 3196/3503/6799 3197/3518/6824 3231/3539/6860
s 361
f 3203/3510/6813 3204/3512/6812 3199/3521/6829 3232/3540/6861
s 362
f 3199/3521/6826 3200/3520/6823 3201/3519/6822 3232/3540/6862
s 360
f 3201/3519/6825 3202/3511/6810 3203/3510/6809 3232/3540/6863
s 363
f 3209/3529/6838 3210/3527/6835 3205/3525/6834 3233/3541/6864
s 359
f 3205/3525/6832 3206/3515/6816 3207/3514/6815 3233/3541/6865
s 362
f 3207/3514/6820 3208/3517/6819 3209/3529/6841 3233/3541/6866
s 361
f 3215/3522/6831 3216/3524/6830 3211/3532/6846 3234/3542/6867
s 363
f 3211/3532/6843 3212/3531/6840 3213/3530/6839 3234/3542/6868
s 362
f 3213/3530/6842 3214/3523/6828 3215/3522/6827 3234/3542/6869
s 358
f 3221/3535/6848 3222/3492/6783 3217/3491/6782 3235/3543/6870
s 359
f 3217/3491/6787 3218/3494/6786 3219/3526/6833 3235/3543/6871
s 363
f 3219/3526/6837 3220/3528/6836 3221/3535/6850 3235/3543/6872
s 361
f 3227/3533/6847 3228/3507/6804 3223/3506/6803 3236/3544/6873
s 358
f 3223/3506/6807 3224/3508/6806 3225/3536/6849 3236/3544/6874
s 363
f 3225/3536/6851 3226/3534/6845 3227/3533/6844 3236/3544/6875
s 364
f 3238/3545/6876 3237/3546/6877 3273/3547/6878 3278/3548/6879
s 365
f 3237/3546/6880 3242/3549/6881 3274/3550/6882 3273/3547/6883
s 366
f 3240/3551/6884 3239/3552/6885 3247/3553/6886 3246/3554/6887
s 364
f 3239/3552/6888 3238/3545/6876 3248/3555/6889 3247/3553/6890
s 365
f 3242/3549/6881 3241/3556/6891 3251/3557/6892 3250/3558/6893
s 366
f 3241/3556/6894 3240/3551/6884 3252/3559/6895 3251/3557/6896
s 367
f 3244/3560/6897 3243/3561/6898 3279/3562/6899 3284/3563/6900
s 364
f 3243/3561/6901 3248/3555/6889 3280/3564/6902 3279/3562/6903
s 366
f 3246/3554/6887 3245/3565/6904 3259/3566/6905 3258/3567/6906
s 367
f 3245/3565/6907 3244/3560/6897 3260/3568/6908 3259/3566/6909
s 365
f 3250/3558/6893 3249/3569/6910 3263/3570/6911 3262/3571/6912
s 368
f 3249/3569/6913 3254/3572/6914 3264/3573/6915 3263/3570/6916
f 3254/3572/6914 3253/3574/6917 3257/3575/6918 3256/3576/6919
s 366
f 3253/3574/6920 3252/3559/6895 3258/3567/6906 3257/3575/6921
s 368
f 3256/3576/6919 3255/3577/6922 3271/3578/6923 3270/3579/6924
s 367
f 3255/3577/6925 3260/3568/6908 3272/3580/6926 3271/3578/6927
s 365
f 3262/3571/6912 3261/3581/6928 3275/3582/6929 3274/3550/6882
s 369
f 3261/3581/6930 3266/3583/6931 3276/3584/6932 3275/3582/6933
f 3266/3583/6931 3265/3585/6934 3269/3586/6935 3268/3587/6936
s 368
f 3265/3585/6937 3264/3573/6915 3270/3579/6924 3269/3586/6938
s 369
f 3268/3587/6936 3267/3588/6939 3283/3589/6940 3282/3590/6941
s 367
f 3267/3588/6942 3272/3580/6926 3284/3563/6900 3283/3589/6943
s 364
f 3278/3548/6879 3277/3591/6944 3281/3592/6945 3280/3564/6902
s 369
f 3277/3591/6946 3276/3584/6932 3282/3590/6941 3281/3592/6947
s 366
f 3240/3551/6884 3246/3554/6887 3258/3567/6906 3252/3559/6895
s 368
f 3254/3572/6914 3256/3576/6919 3270/3579/6924 3264/3573/6915
s 369
f 3266/3583/6931 3268/3587/6936 3282/3590/6941 3276/3584/6932
s 364
f 3278/3548/6879 3280/3564/6902 3248/3555/6889 3238/3545/6876
s 367
f 3244/3560/6897 3284/3563/6900 3272/3580/6926 3260/3568/6908
s 365
f 3274/3550/6882 3242/3549/6881 3250/3558/6893 3262/3571/6912
f 3241/3556/6891 3242/3549/6881 3237/3546/6880 3285/3593/6948
s 364
f 3237/3546/6877 3238/3545/6876 3239/3552/6888 3285/3593/6949
s 366
f 3239/3552/6885 3240/3551/6884 3241/3556/6894 3285/3593/6950
s 364
f 3247/3553/6890 3248/3555/6889 3243/3561/6901 3286/3594/6951
s 367
f 3243/3561/6898 3244/3560/6897 3245/3565/6907 3286/3594/6952
s 366
f 3245/3565/6904 3246/3554/6887 3247/3553/6886 3286/3594/6953
s 368
f 3253/3574/6917 3254/3572/6914 3249/3569/6913 3287/3595/6954
s 365
f 3249/3569/6910 3250/3558/6893 3251/3557/6892 3287/3595/6955
s 366
f 3251/3557/6896 3252/3559/6895 3253/3574/6920 3287/3595/6956
s 367
f 3259/3566/6909 3260/3568/6908 3255/3577/6925 3288/3596/6957
s 368
f 3255/3577/6922 3256/3576/6919 3257/3575/6918 3288/3596/6958
s 366
f 3257/3575/6921 3258/3567/6906 3259/3566/6905 3288/3596/6959
s 369
f 3265/3585/6934 3266/3583/6931 3261/3581/6930 3289/3597/6960
s 365
f 3261/3581/6928 3262/3571/6912 3263/3570/6911 3289/3597/6961
s 368
f 3263/3570/6916 3264/3573/6915 3265/3585/6937 3289/3597/6962
s 367
f 3271/3578/6927 3272/3580/6926 3267/3588/6942 3290/3598/6963
s 369
f 3267/3588/6939 3268/3587/6936 3269/3586/6935 3290/3598/6964
s 368
f 3269/3586/6938 3270/3579/6924 3271/3578/6923 3290/3598/6965
s 364
f 3277/3591/6944 3278/3548/6879 3273/3547/6878 3291/3599/6966
s 365
f 3273/3547/6883 3274/3550/6882 3275/3582/6929 3291/3599/6967
s 369
f 3275/3582/6933 3276/3584/6932 3277/3591/6946 3291/3599/6968
s 367
f 3283/3589/6943 3284/3563/6900 3279/3562/6899 3292/3600/6969
s 364
f 3279/3562/6903 3280/3564/6902 3281/3592/6945 3292/3600/6970
s 369
f 3281/3592/6947 3282/3590/6941 3283/3589/6940 3292/3600/6971
s 370
f 3294/3601/6972 3293/3602/6973 3329/3603/6974 3334/3604/6975
s 371
f 3293/3602/6976 3298/3605/6977 3330/3606/6978 3329/3603/6979
s 372
f 3296/3607/6980 3295/3608/6981 3303/3609/6982 3302/3610/6983
s 370
f 3295/3608/6984 3294/3601/6972 3304/3611/6985 3303/3609/6986
s 371
f 3298/3605/6977 3297/3612/6987 3307/3613/6988 3306/3614/6989
s 372
f 3297/3612/6990 3296/3607/6980 3308/3615/6991 3307/3613/6992
s 373
f 3300/3616/6993 3299/3617/6994 3335/3618/6995 3340/3619/6996
s 370
f 3299/3617/6997 3304/3611/6985 3336/3620/6998 3335/3618/6999
s 372
f 3302/3610/6983 3301/3621/7000 3315/3622/7001 3314/3623/7002
s 373
f 3301/3621/7003 3300/3616/6993 3316/3624/7004 3315/3622/7005
s 371
f 3306/3614/6989 3305/3625/7006 3319/3626/7007 3318/3627/7008
s 374
f 3305/3625/7009 3310/3628/7010 3320/3629/7011 3319/3626/7012
f 3310/3628/7010 3309/3630/7013 3313/3631/7014 3312/3632/7015
s 372
f 3309/3630/7016 3308/3615/6991 3314/3623/7002 3313/3631/7017
s 374
f 3312/3632/7015 3311/3633/7018 3327/3634/7019 3326/3635/7020
s 373
f 3311/3633/7021 3316/3624/7004 3328/3636/7022 3327/3634/7023
s 371
f 3318/3627/7008 3317/3637/7024 3331/3638/7025 3330/3606/6978
s 375
f 3317/3637/7026 3322/3639/7027 3332/3640/7028 3331/3638/7029
f 3322/3639/7027 3321/3641/7030 3325/3642/7031 3324/3643/7032
s 374
f 3321/3641/7033 3320/3629/7011 3326/3635/7020 3325/3642/7034
s 375
f 3324/3643/7032 3323/3644/7035 3339/3645/7036 3338/3646/7037
s 373
f 3323/3644/7038 3328/3636/7022 3340/3619/6996 3339/3645/7039
s 370
f 3334/3604/6975 3333/3647/7040 3337/3648/7041 3336/3620/6998
s 375
f 3333/3647/7042 3332/3640/7028 3338/3646/7037 3337/3648/7043
s 372
f 3296/3607/6980 3302/3610/6983 3314/3623/7002 3308/3615/6991
s 374
f 3310/3628/7010 3312/3632/7015 3326/3635/7020 3320/3629/7011
s 375
f 3322/3639/7027 3324/3643/7032 3338/3646/7037 3332/3640/7028
s 370
f 3334/3604/6975 3336/3620/6998 3304/3611/6985 3294/3601/6972
s 373
f 3300/3616/6993 3340/3619/6996 3328/3636/7022 3316/3624/7004
s 371
f 3330/3606/6978 3298/3605/6977 3306/3614/6989 3318/3627/7008
f 3297/3612/6987 3298/3605/6977 3293/3602/6976 3341/3649/7044
s 370
f 3293/3602/6973 3294/3601/6972 3295/3608/6984 3341/3649/7045
s 372
f 3295/3608/6981 3296/3607/6980 3297/3612/6990 3341/3649/7046
s 370
f 3303/3609/6986 3304/3611/6985 3299/3617/6997 3342/3650/7047
s 373
f 3299/3617/6994 3300/3616/6993 3301/3621/7003 3342/3650/7048
s 372
f 3301/3621/7000 3302/3610/6983 3303/3609/6982 3342/3650/7049
s 374
f 3309/3630/7013 3310/3628/7010 3305/3625/7009 3343/3651/7050
s 371
f 3305/3625/7006 3306/3614/6989 3307/3613/6988 3343/3651/7051
s 372
f 3307/3613/6992 3308/3615/6991 3309/3630/7016 3343/3651/7052
s 373
f 3315/3622/7005 3316/3624/7004 3311/3633/7021 3344/3652/7053
s 374
f 3311/3633/7018 3312/3632/7015 3313/3631/7014 3344/3652/7054
s 372
f 3313/3631/7017 3314/3623/7002 3315/3622/7001 3344/3652/7055
s 375
f 3321/3641/7030 3322/3639/7027 3317/3637/7026 3345/3653/7056
s 371
f 3317/3637/7024 3318/3627/7008 3319/3626/7007 3345/3653/7057
s 374
f 3319/3626/7012 3320/3629/7011 3321/3641/7033 3345/3653/7058
s 373
f 3327/3634/7023 3328/3636/7022 3323/3644/7038 3346/3654/7059
s 375
f 3323/3644/7035 3324/3643/7032 3325/3642/7031 3346/3654/7060
s 374
f 3325/3642/7034 3326/3635/7020 3327/3634/7019 3346/3654/7061
s 370
f 3333/3647/7040 3334/3604/6975 3329/3603/6974 3347/3655/7062
s 371
f 3329/3603/6979 3330/3606/6978 3331/3638/7025 3347/3655/7063
s 375
f 3331/3638/7029 3332/3640/7028 3333/3647/7042 3347/3655/7064
s 373
f 3339/3645/7039 3340/3619/6996 3335/3618/6995 3348/3656/7065
s 370
f 3335/3618/6999 3336/3620/6998 3337/3648/7041 3348/3656/7066
s 375
f 3337/3648/7043 3338/3646/7037 3339/3645/7036 3348/3656/7067
s 376
f 3349/3657/7068 3361/3658/7069 3362/3659/7070 3351/3660/7071
s off
f 3421/3661/7072 3422/3662/7073 3423/3663/7074 3424/3664/7075
s 377
f 3353/3665/7076 3365/3666/7077 3366/3667/7078 3355/3668/7079
s 378
f 3355/3668/7080 3366/3667/7081 3361/3658/7082 3349/3657/7083
s off
f 3350/3669/7084 3356/3670/7085 3354/3671/7086 3360/3672/7087 3358/3673/7088 3352/3674/7089
f 3355/3668/7090 3349/3657/7091 3351/3660/7092 3357/3675/7093 3359/3676/7094 3353/3665/7095
f 3425/3677/7096 3426/3678/7097 3427/3679/7098 3428/3680/7099
s 379
f 3357/3675/7100 3363/3681/7101 3364/3682/7102 3359/3676/7103
s 376
f 3362/3659/7070 3361/3658/7069 3367/3683/7104 3368/3684/7105
s 379
f 3363/3681/7101 3362/3659/7106 3368/3684/7107 3369/3685/7108
f 3364/3682/7102 3363/3681/7101 3369/3685/7108 3370/3686/7109
f 3365/3666/7110 3364/3682/7102 3370/3686/7109 3371/3687/7111
s 377
f 3366/3667/7078 3365/3666/7077 3371/3687/7112 3372/3688/7113
s 378
f 3361/3658/7082 3366/3667/7081 3372/3688/7114 3367/3683/7115
s 376
f 3368/3684/7105 3367/3683/7104 3350/3669/7116 3352/3674/7117
s off
f 3430/3689/7118 3429/3690/7119 3431/3691/7120 3432/3692/7121
s 379
f 3370/3686/7109 3369/3685/7108 3358/3673/7122 3360/3672/7123
s off
f 3434/3693/7124 3433/3694/7125 3435/3695/7126 3436/3696/7127
s 377
f 3372/3688/7113 3371/3687/7112 3354/3671/7128 3356/3670/7129
s 378
f 3367/3683/7115 3372/3688/7114 3356/3670/7130 3350/3669/7131
s off
f 3359/3676/7132 3364/3682/7133 3374/3697/7134 3373/3698/7135
f 3364/3682/7136 3365/3666/7137 3375/3699/7138 3374/3697/7139
f 3365/3666/7140 3353/3665/7141 3376/3700/7142 3375/3699/7143
f 3353/3665/7144 3359/3676/7145 3373/3698/7146 3376/3700/7147
f 3351/3660/7148 3362/3659/7149 3378/3701/7150 3377/3702/7151
f 3362/3659/7152 3363/3681/7153 3379/3703/7154 3378/3701/7155
f 3363/3681/7156 3357/3675/7157 3380/3704/7158 3379/3703/7159
f 3357/3675/7160 3351/3660/7161 3377/3702/7162 3380/3704/7163
f 3369/3685/7164 3368/3684/7165 3381/3705/7166 3382/3706/7167
f 3368/3684/7168 3352/3674/7169 3383/3707/7170 3381/3705/7171
f 3352/3674/7172 3358/3673/7173 3384/3708/7174 3383/3707/7175
f 3358/3673/7176 3369/3685/7177 3382/3706/7178 3384/3708/7179
f 3371/3687/7180 3370/3686/7181 3385/3709/7182 3386/3710/7183
f 3370/3686/7184 3360/3672/7185 3387/3711/7186 3385/3709/7187
f 3360/3672/7188 3354/3671/7189 3388/3712/7190 3387/3711/7191
f 3354/3671/7192 3371/3687/7193 3386/3710/7194 3388/3712/7195
f 3373/3698/7196 3374/3697/7197 3390/3713/7198 3389/3714/7199
f 3374/3697/7200 3375/3699/7201 3391/3715/7202 3390/3713/7203
f 3375/3699/7204 3376/3700/7205 3392/3716/7206 3391/3715/7207
f 3376/3700/7208 3373/3698/7209 3389/3714/7210 3392/3716/7211
f 3377/3702/7212 3378/3701/7213 3394/3717/7214 3393/3718/7215
f 3378/3701/7216 3379/3703/7217 3395/3719/7218 3394/3717/7219
f 3379/3703/7220 3380/3704/7221 3396/3720/7222 3395/3719/7223
f 3380/3704/7224 3377/3702/7225 3393/3718/7226 3396/3720/7227
f 3382/3706/7228 3381/3705/7229 3397/3721/7230 3398/3722/7231
f 3381/3705/7232 3383/3707/7233 3399/3723/7234 3397/3721/7235
f 3383/3707/7236 3384/3708/7237 3400/3724/7238 3399/3723/7239
f 3384/3708/7240 3382/3706/7241 3398/3722/7242 3400/3724/7243
f 3386/3710/7244 3385/3709/7245 3401/3725/7246 3402/3726/7247
f 3385/3709/7248 3387/3711/7249 3403/3727/7250 3401/3725/7251
f 3387/3711/7252 3388/3712/7253 3404/3728/7254 3403/3727/7255
f 3388/3712/7256 3386/3710/7257 3402/3726/7258 3404/3728/7259
f 3389/3714/7260 3390/3713/7261 3406/3729/7262 3405/3730/7263
f 3390/3713/7264 3391/3715/7265 3407/3731/7266 3406/3729/7267
f 3391/3715/7268 3392/3716/7269 3408/3732/7270 3407/3731/7271
f 3392/3716/7272 3389/3714/7273 3405/3730/7274 3408/3732/7275
f 3393/3718/7276 3394/3717/7277 3410/3733/7278 3409/3734/7279
f 3394/3717/7280 3395/3719/7281 3411/3735/7282 3410/3733/7283
f 3395/3719/7284 3396/3720/7285 3412/3736/7286 3411/3735/7287
f 3396/3720/7288 3393/3718/7289 3409/3734/7290 3412/3736/7291
f 3398/3722/7292 3397/3721/7293 3413/3737/7294 3414/3738/7295
f 3397/3721/7296 3399/3723/7297 3415/3739/7298 3413/3737/7299
f 3399/3723/7300 3400/3724/7301 3416/3740/7302 3415/3739/7303
f 3400/3724/7304 3398/3722/7305 3414/3738/7306 3416/3740/7307
f 3402/3726/7308 3401/3725/7309 3417/3741/7310 3418/3742/7311
f 3401/3725/7312 3403/3727/7313 3419/3743/7314 3417/3741/7315
f 3403/3727/7316 3404/3728/7317 3420/3744/7318 3419/3743/7319
f 3404/3728/7320 3402/3726/7321 3418/3742/7322 3420/3744/7323
f 3407/3731/7324 3408/3732/7325 3424/3664/7326 3423/3663/7327
f 3408/3732/7328 3405/3730/7329 3421/3661/7330 3424/3664/7331
f 3409/3734/7332 3410/3733/7333 3426/3678/7334 3425/3677/7335
f 3412/3736/7336 3409/3734/7337 3425/3677/7338 3428/3680/7339
f 3413/3737/7340 3415/3739/7341 3431/3691/7342 3429/3690/7343
f 3415/3739/7344 3416/3740/7345 3432/3692/7346 3431/3691/7347
f 3419/3743/7348 3420/3744/7349 3436/3696/7350 3435/3695/7351
f 3420/3744/7352 3418/3742/7353 3434/3693/7354 3436/3696/7355
f 3406/3729/7356 3422/3662/7357 3427/3679/7358 3411/3735/7359
f 3422/3662/7360 3421/3661/7361 3428/3680/7362 3427/3679/7363
f 3421/3661/7364 3405/3730/7365 3412/3736/7366 3428/3680/7367
f 3405/3730/7368 3406/3729/7369 3411/3735/7370 3412/3736/7371
f 3416/3740/7372 3414/3738/7373 3417/3741/7374 3419/3743/7375
f 3414/3738/7376 3430/3689/7377 3433/3694/7378 3417/3741/7379
f 3430/3689/7380 3432/3692/7381 3435/3695/7382 3433/3694/7383
f 3432/3692/7384 3416/3740/7385 3419/3743/7386 3435/3695/7387
f 3407/3731/7388 3423/3663/7389 3434/3693/7390 3418/3742/7391
f 3423/3663/7392 3422/3662/7393 3433/3694/7394 3434/3693/7395
f 3422/3662/7396 3406/3729/7397 3417/3741/7398 3433/3694/7399
f 3406/3729/7400 3407/3731/7401 3418/3742/7402 3417/3741/7403
f 3411/3735/7404 3427/3679/7405 3430/3689/7406 3414/3738/7407
f 3427/3679/7408 3426/3678/7409 3429/3690/7410 3430/3689/7411
f 3426/3678/7412 3410/3733/7413 3413/3737/7414 3429/3690/7415
f 3410/3733/7416 3411/3735/7417 3414/3738/7418 3413/3737/7419
s 380
f 3438/3745/7420 3437/3746/7421 3473/3747/7422 3478/3748/7423
s 381
f 3437/3746/7424 3442/3749/7425 3474/3750/7426 3473/3747/7427
s 382
f 3440/3751/7428 3439/3752/7429 3447/3753/7430 3446/3754/7431
s 380
f 3439/3752/7432 3438/3745/7420 3448/3755/7433 3447/3753/7434
s 381
f 3442/3749/7425 3441/3756/7435 3451/3757/7436 3450/3758/7437
s 382
f 3441/3756/7438 3440/3751/7428 3452/3759/7439 3451/3757/7440
s 383
f 3444/3760/7441 3443/3761/7442 3479/3762/7443 3484/3763/7444
s 380
f 3443/3761/7445 3448/3755/7433 3480/3764/7446 3479/3762/7447
s 382
f 3446/3754/7431 3445/3765/7448 3459/3766/7449 3458/3767/7450
s 383
f 3445/3765/7451 3444/3760/7441 3460/3768/7452 3459/3766/7453
s 381
f 3450/3758/7437 3449/3769/7454 3463/3770/7455 3462/3771/7456
s 384
f 3449/3769/7457 3454/3772/7458 3464/3773/7459 3463/3770/7460
f 3454/3772/7458 3453/3774/7461 3457/3775/7462 3456/3776/7463
s 382
f 3453/3774/7464 3452/3759/7439 3458/3767/7450 3457/3775/7465
s 384
f 3456/3776/7463 3455/3777/7466 3471/3778/7467 3470/3779/7468
s 383
f 3455/3777/7469 3460/3768/7452 3472/3780/7470 3471/3778/7471
s 381
f 3462/3771/7456 3461/3781/7472 3475/3782/7473 3474/3750/7426
s 385
f 3461/3781/7474 3466/3783/7475 3476/3784/7476 3475/3782/7477
f 3466/3783/7475 3465/3785/7478 3469/3786/7479 3468/3787/7480
s 384
f 3465/3785/7481 3464/3773/7459 3470/3779/7468 3469/3786/7482
s 385
f 3468/3787/7480 3467/3788/7483 3483/3789/7484 3482/3790/7485
s 383
f 3467/3788/7486 3472/3780/7470 3484/3763/7444 3483/3789/7487
s 380
f 3478/3748/7423 3477/3791/7488 3481/3792/7489 3480/3764/7446
s 385
f 3477/3791/7490 3476/3784/7476 3482/3790/7485 3481/3792/7491
s 382
f 3440/3751/7428 3446/3754/7431 3458/3767/7450 3452/3759/7439
s 384
f 3454/3772/7458 3456/3776/7463 3470/3779/7468 3464/3773/7459
s 385
f 3466/3783/7475 3468/3787/7480 3482/3790/7485 3476/3784/7476
s 380
f 3478/3748/7423 3480/3764/7446 3448/3755/7433 3438/3745/7420
s 383
f 3444/3760/7441 3484/3763/7444 3472/3780/7470 3460/3768/7452
s 381
f 3474/3750/7426 3442/3749/7425 3450/3758/7437 3462/3771/7456
f 3441/3756/7435 3442/3749/7425 3437/3746/7424 3485/3793/7492
s 380
f 3437/3746/7421 3438/3745/7420 3439/3752/7432 3485/3793/7493
s 382
f 3439/3752/7429 3440/3751/7428 3441/3756/7438 3485/3793/7494
s 380
f 3447/3753/7434 3448/3755/7433 3443/3761/7445 3486/3794/7495
s 383
f 3443/3761/7442 3444/3760/7441 3445/3765/7451 3486/3794/7496
s 382
f 3445/3765/7448 3446/3754/7431 3447/3753/7430 3486/3794/7497
s 384
f 3453/3774/7461 3454/3772/7458 3449/3769/7457 3487/3795/7498
s 381
f 3449/3769/7454 3450/3758/7437 3451/3757/7436 3487/3795/7499
s 382
f 3451/3757/7440 3452/3759/7439 3453/3774/7464 3487/3795/7500
s 383
f 3459/3766/7453 3460/3768/7452 3455/3777/7469 3488/3796/7501
s 384
f 3455/3777/7466 3456/3776/7463 3457/3775/7462 3488/3796/7502
s 382
f 3457/3775/7465 3458/3767/7450 3459/3766/7449 3488/3796/7503
s 385
f 3465/3785/7478 3466/3783/7475 3461/3781/7474 3489/3797/7504
s 381
f 3461/3781/7472 3462/3771/7456 3463/3770/7455 3489/3797/7505
s 384
f 3463/3770/7460 3464/3773/7459 3465/3785/7481 3489/3797/7506
s 383
f 3471/3778/7471 3472/3780/7470 3467/3788/7486 3490/3798/7507
s 385
f 3467/3788/7483 3468/3787/7480 3469/3786/7479 3490/3798/7508
s 384
f 3469/3786/7482 3470/3779/7468 3471/3778/7467 3490/3798/7509
s 380
f 3477/3791/7488 3478/3748/7423 3473/3747/7422 3491/3799/7510
s 381
f 3473/3747/7427 3474/3750/7426 3475/3782/7473 3491/3799/7511
s 385
f 3475/3782/7477 3476/3784/7476 3477/3791/7490 3491/3799/7512
s 383
f 3483/3789/7487 3484/3763/7444 3479/3762/7443 3492/3800/7513
s 380
f 3479/3762/7447 3480/3764/7446 3481/3792/7489 3492/3800/7514
s 385
f 3481/3792/7491 3482/3790/7485 3483/3789/7484 3492/3800/7515
s 386
f 3494/3801/7516 3493/3802/7517 3529/3803/7518 3534/3804/7519
s 387
f 3493/3802/7520 3498/3805/7521 3530/3806/7522 3529/3803/7523
s 388
f 3496/3807/7524 3495/3808/7525 3503/3809/7526 3502/3810/7527
s 386
f 3495/3808/7528 3494/3801/7516 3504/3811/7529 3503/3809/7530
s 387
f 3498/3805/7521 3497/3812/7531 3507/3813/7532 3506/3814/7533
s 388
f 3497/3812/7534 3496/3807/7524 3508/3815/7535 3507/3813/7536
s 389
f 3500/3816/7537 3499/3817/7538 3535/3818/7539 3540/3819/7540
s 386
f 3499/3817/7541 3504/3811/7529 3536/3820/7542 3535/3818/7543
s 388
f 3502/3810/7527 3501/3821/7544 3515/3822/7545 3514/3823/7546
s 389
f 3501/3821/7547 3500/3816/7537 3516/3824/7548 3515/3822/7549
s 387
f 3506/3814/7533 3505/3825/7550 3519/3826/7551 3518/3827/7552
s 390
f 3505/3825/7553 3510/3828/7554 3520/3829/7555 3519/3826/7556
f 3510/3828/7554 3509/3830/7557 3513/3831/7558 3512/3832/7559
s 388
f 3509/3830/7560 3508/3815/7535 3514/3823/7546 3513/3831/7561
s 390
f 3512/3832/7559 3511/3833/7562 3527/3834/7563 3526/3835/7564
s 389
f 3511/3833/7565 3516/3824/7548 3528/3836/7566 3527/3834/7567
s 387
f 3518/3827/7552 3517/3837/7568 3531/3838/7569 3530/3806/7522
s 391
f 3517/3837/7570 3522/3839/7571 3532/3840/7572 3531/3838/7573
f 3522/3839/7571 3521/3841/7574 3525/3842/7575 3524/3843/7576
s 390
f 3521/3841/7577 3520/3829/7555 3526/3835/7564 3525/3842/7578
s 391
f 3524/3843/7576 3523/3844/7579 3539/3845/7580 3538/3846/7581
s 389
f 3523/3844/7582 3528/3836/7566 3540/3819/7540 3539/3845/7583
s 386
f 3534/3804/7519 3533/3847/7584 3537/3848/7585 3536/3820/7542
s 391
f 3533/3847/7586 3532/3840/7572 3538/3846/7581 3537/3848/7587
s 388
f 3496/3807/7524 3502/3810/7527 3514/3823/7546 3508/3815/7535
s 390
f 3510/3828/7554 3512/3832/7559 3526/3835/7564 3520/3829/7555
s 391
f 3522/3839/7571 3524/3843/7576 3538/3846/7581 3532/3840/7572
s 386
f 3534/3804/7519 3536/3820/7542 3504/3811/7529 3494/3801/7516
s 389
f 3500/3816/7537 3540/3819/7540 3528/3836/7566 3516/3824/7548
s 387
f 3530/3806/7522 3498/3805/7521 3506/3814/7533 3518/3827/7552
f 3497/3812/7531 3498/3805/7521 3493/3802/7520 3541/3849/7588
s 386
f 3493/3802/7517 3494/3801/7516 3495/3808/7528 3541/3849/7589
s 388
f 3495/3808/7525 3496/3807/7524 3497/3812/7534 3541/3849/7590
s 386
f 3503/3809/7530 3504/3811/7529 3499/3817/7541 3542/3850/7591
s 389
f 3499/3817/7538 3500/3816/7537 3501/3821/7547 3542/3850/7592
s 388
f 3501/3821/7544 3502/3810/7527 3503/3809/7526 3542/3850/7593
s 390
f 3509/3830/7557 3510/3828/7554 3505/3825/7553 3543/3851/7594
s 387
f 3505/3825/7550 3506/3814/7533 3507/3813/7532 3543/3851/7595
s 388
f 3507/3813/7536 3508/3815/7535 3509/3830/7560 3543/3851/7596
s 389
f 3515/3822/7549 3516/3824/7548 3511/3833/7565 3544/3852/7597
s 390
f 3511/3833/7562 3512/3832/7559 3513/3831/7558 3544/3852/7598
s 388
f 3513/3831/7561 3514/3823/7546 3515/3822/7545 3544/3852/7599
s 391
f 3521/3841/7574 3522/3839/7571 3517/3837/7570 3545/3853/7600
s 387
f 3517/3837/7568 3518/3827/7552 3519/3826/7551 3545/3853/7601
s 390
f 3519/3826/7556 3520/3829/7555 3521/3841/7577 3545/3853/7602
s 389
f 3527/3834/7567 3528/3836/7566 3523/3844/7582 3546/3854/7603
s 391
f 3523/3844/7579 3524/3843/7576 3525/3842/7575 3546/3854/7604
s 390
f 3525/3842/7578 3526/3835/7564 3527/3834/7563 3546/3854/7605
s 386
f 3533/3847/7584 3534/3804/7519 3529/3803/7518 3547/3855/7606
s 387
f 3529/3803/7523 3530/3806/7522 3531/3838/7569 3547/3855/7607
s 391
f 3531/3838/7573 3532/3840/7572 3533/3847/7586 3547/3855/7608
s 389
f 3539/3845/7583 3540/3819/7540 3535/3818/7539 3548/3856/7609
s 386
f 3535/3818/7543 3536/3820/7542 3537/3848/7585 3548/3856/7610
s 391
f 3537/3848/7587 3538/3846/7581 3539/3845/7580 3548/3856/7611
s 392
f 3550/3857/7612 3549/3858/7613 3585/3859/7614 3590/3860/7615
s 393
f 3549/3858/7616 3554/3861/7617 3586/3862/7618 3585/3859/7619
s 394
f 3552/3863/7620 3551/3864/7621 3559/3865/7622 3558/3866/7623
s 392
f 3551/3864/7624 3550/3857/7612 3560/3867/7625 3559/3865/7626
s 393
f 3554/3861/7617 3553/3868/7627 3563/3869/7628 3562/3870/7629
s 394
f 3553/3868/7630 3552/3863/7620 3564/3871/7631 3563/3869/7632
s 395
f 3556/3872/7633 3555/3873/7634 3591/3874/7635 3596/3875/7636
s 392
f 3555/3873/7637 3560/3867/7625 3592/3876/7638 3591/3874/7639
s 394
f 3558/3866/7623 3557/3877/7640 3571/3878/7641 3570/3879/7642
s 395
f 3557/3877/7643 3556/3872/7633 3572/3880/7644 3571/3878/7645
s 393
f 3562/3870/7629 3561/3881/7646 3575/3882/7647 3574/3883/7648
s 396
f 3561/3881/7649 3566/3884/7650 3576/3885/7651 3575/3882/7652
f 3566/3884/7650 3565/3886/7653 3569/3887/7654 3568/3888/7655
s 394
f 3565/3886/7656 3564/3871/7631 3570/3879/7642 3569/3887/7657
s 396
f 3568/3888/7655 3567/3889/7658 3583/3890/7659 3582/3891/7660
s 395
f 3567/3889/7661 3572/3880/7644 3584/3892/7662 3583/3890/7663
s 393
f 3574/3883/7648 3573/3893/7664 3587/3894/7665 3586/3862/7618
s 397
f 3573/3893/7666 3578/3895/7667 3588/3896/7668 3587/3894/7669
f 3578/3895/7667 3577/3897/7670 3581/3898/7671 3580/3899/7672
s 396
f 3577/3897/7673 3576/3885/7651 3582/3891/7660 3581/3898/7674
s 397
f 3580/3899/7672 3579/3900/7675 3595/3901/7676 3594/3902/7677
s 395
f 3579/3900/7678 3584/3892/7662 3596/3875/7636 3595/3901/7679
s 392
f 3590/3860/7615 3589/3903/7680 3593/3904/7681 3592/3876/7638
s 397
f 3589/3903/7682 3588/3896/7668 3594/3902/7677 3593/3904/7683
s 394
f 3552/3863/7620 3558/3866/7623 3570/3879/7642 3564/3871/7631
s 396
f 3566/3884/7650 3568/3888/7655 3582/3891/7660 3576/3885/7651
s 397
f 3578/3895/7667 3580/3899/7672 3594/3902/7677 3588/3896/7668
s 392
f 3590/3860/7615 3592/3876/7638 3560/3867/7625 3550/3857/7612
s 395
f 3556/3872/7633 3596/3875/7636 3584/3892/7662 3572/3880/7644
s 393
f 3586/3862/7618 3554/3861/7617 3562/3870/7629 3574/3883/7648
f 3553/3868/7627 3554/3861/7617 3549/3858/7616 3597/3905/7684
s 392
f 3549/3858/7613 3550/3857/7612 3551/3864/7624 3597/3905/7685
s 394
f 3551/3864/7621 3552/3863/7620 3553/3868/7630 3597/3905/7686
s 392
f 3559/3865/7626 3560/3867/7625 3555/3873/7637 3598/3906/7687
s 395
f 3555/3873/7634 3556/3872/7633 3557/3877/7643 3598/3906/7688
s 394
f 3557/3877/7640 3558/3866/7623 3559/3865/7622 3598/3906/7689
s 396
f 3565/3886/7653 3566/3884/7650 3561/3881/7649 3599/3907/7690
s 393
f 3561/3881/7646 3562/3870/7629 3563/3869/7628 3599/3907/7691
s 394
f 3563/3869/7632 3564/3871/7631 3565/3886/7656 3599/3907/7692
s 395
f 3571/3878/7645 3572/3880/7644 3567/3889/7661 3600/3908/7693
s 396
f 3567/3889/7658 3568/3888/7655 3569/3887/7654 3600/3908/7694
s 394
f 3569/3887/7657 3570/3879/7642 3571/3878/7641 3600/3908/7695
s 397
f 3577/3897/7670 3578/3895/7667 3573/3893/7666 3601/3909/7696
s 393
f 3573/3893/7664 3574/3883/7648 3575/3882/7647 3601/3909/7697
s 396
f 3575/3882/7652 3576/3885/7651 3577/3897/7673 3601/3909/7698
s 395
f 3583/3890/7663 3584/3892/7662 3579/3900/7678 3602/3910/7699
s 397
f 3579/3900/7675 3580/3899/7672 3581/3898/7671 3602/3910/7700
s 396
f 3581/3898/7674 3582/3891/7660 3583/3890/7659 3602/3910/7701
s 392
f 3589/3903/7680 3590/3860/7615 3585/3859/7614 3603/3911/7702
s 393
f 3585/3859/7619 3586/3862/7618 3587/3894/7665 3603/3911/7703
s 397
f 3587/3894/7669 3588/3896/7668 3589/3903/7682 3603/3911/7704
s 395
f 3595/3901/7679 3596/3875/7636 3591/3874/7635 3604/3912/7705
s 392
f 3591/3874/7639 3592/3876/7638 3593/3904/7681 3604/3912/7706
s 397
f 3593/3904/7683 3594/3902/7677 3595/3901/7676 3604/3912/7707
s 398
f 3606/3913/7708 3605/3914/7709 3641/3915/7710 3646/3916/7711
s 399
f 3605/3914/7712 3610/3917/7713 3642/3918/7714 3641/3915/7715
s 400
f 3608/3919/7716 3607/3920/7717 3615/3921/7718 3614/3922/7719
s 398
f 3607/3920/7720 3606/3913/7708 3616/3923/7721 3615/3921/7722
s 399
f 3610/3917/7713 3609/3924/7723 3619/3925/7724 3618/3926/7725
s 400
f 3609/3924/7726 3608/3919/7716 3620/3927/7727 3619/3925/7728
s 401
f 3612/3928/7729 3611/3929/7730 3647/3930/7731 3652/3931/7732
s 398
f 3611/3929/7733 3616/3923/7721 3648/3932/7734 3647/3930/7735
s 400
f 3614/3922/7719 3613/3933/7736 3627/3934/7737 3626/3935/7738
s 401
f 3613/3933/7739 3612/3928/7729 3628/3936/7740 3627/3934/7741
s 399
f 3618/3926/7725 3617/3937/7742 3631/3938/7743 3630/3939/7744
s 402
f 3617/3937/7745 3622/3940/7746 3632/3941/7747 3631/3938/7748
f 3622/3940/7746 3621/3942/7749 3625/3943/7750 3624/3944/7751
s 400
f 3621/3942/7752 3620/3927/7727 3626/3935/7738 3625/3943/7753
s 402
f 3624/3944/7751 3623/3945/7754 3639/3946/7755 3638/3947/7756
s 401
f 3623/3945/7757 3628/3936/7740 3640/3948/7758 3639/3946/7759
s 399
f 3630/3939/7744 3629/3949/7760 3643/3950/7761 3642/3918/7714
s 403
f 3629/3949/7762 3634/3951/7763 3644/3952/7764 3643/3950/7765
f 3634/3951/7763 3633/3953/7766 3637/3954/7767 3636/3955/7768
s 402
f 3633/3953/7769 3632/3941/7747 3638/3947/7756 3637/3954/7770
s 403
f 3636/3955/7768 3635/3956/7771 3651/3957/7772 3650/3958/7773
s 401
f 3635/3956/7774 3640/3948/7758 3652/3931/7732 3651/3957/7775
s 398
f 3646/3916/7711 3645/3959/7776 3649/3960/7777 3648/3932/7734
s 403
f 3645/3959/7778 3644/3952/7764 3650/3958/7773 3649/3960/7779
s 400
f 3608/3919/7716 3614/3922/7719 3626/3935/7738 3620/3927/7727
s 402
f 3622/3940/7746 3624/3944/7751 3638/3947/7756 3632/3941/7747
s 403
f 3634/3951/7763 3636/3955/7768 3650/3958/7773 3644/3952/7764
s 398
f 3646/3916/7711 3648/3932/7734 3616/3923/7721 3606/3913/7708
s 401
f 3612/3928/7729 3652/3931/7732 3640/3948/7758 3628/3936/7740
s 399
f 3642/3918/7714 3610/3917/7713 3618/3926/7725 3630/3939/7744
f 3609/3924/7723 3610/3917/7713 3605/3914/7712 3653/3961/7780
s 398
f 3605/3914/7709 3606/3913/7708 3607/3920/7720 3653/3961/7781
s 400
f 3607/3920/7717 3608/3919/7716 3609/3924/7726 3653/3961/7782
s 398
f 3615/3921/7722 3616/3923/7721 3611/3929/7733 3654/3962/7783
s 401
f 3611/3929/7730 3612/3928/7729 3613/3933/7739 3654/3962/7784
s 400
f 3613/3933/7736 3614/3922/7719 3615/3921/7718 3654/3962/7785
s 402
f 3621/3942/7749 3622/3940/7746 3617/3937/7745 3655/3963/7786
s 399
f 3617/3937/7742 3618/3926/7725 3619/3925/7724 3655/3963/7787
s 400
f 3619/3925/7728 3620/3927/7727 3621/3942/7752 3655/3963/7788
s 401
f 3627/3934/7741 3628/3936/7740 3623/3945/7757 3656/3964/7789
s 402
f 3623/3945/7754 3624/3944/7751 3625/3943/7750 3656/3964/7790
s 400
f 3625/3943/7753 3626/3935/7738 3627/3934/7737 3656/3964/7791
s 403
f 3633/3953/7766 3634/3951/7763 3629/3949/7762 3657/3965/7792
s 399
f 3629/3949/7760 3630/3939/7744 3631/3938/7743 3657/3965/7793
s 402
f 3631/3938/7748 3632/3941/7747 3633/3953/7769 3657/3965/7794
s 401
f 3639/3946/7759 3640/3948/7758 3635/3956/7774 3658/3966/7795
s 403
f 3635/3956/7771 3636/3955/7768 3637/3954/7767 3658/3966/7796
s 402
f 3637/3954/7770 3638/3947/7756 3639/3946/7755 3658/3966/7797
s 398
f 3645/3959/7776 3646/3916/7711 3641/3915/7710 3659/3967/7798
s 399
f 3641/3915/7715 3642/3918/7714 3643/3950/7761 3659/3967/7799
s 403
f 3643/3950/7765 3644/3952/7764 3645/3959/7778 3659/3967/7800
s 401
f 3651/3957/7775 3652/3931/7732 3647/3930/7731 3660/3968/7801
s 398
f 3647/3930/7735 3648/3932/7734 3649/3960/7777 3660/3968/7802
s 403
f 3649/3960/7779 3650/3958/7773 3651/3957/7772 3660/3968/7803
s 404
f 3662/3969/7804 3661/3970/7805 3697/3971/7806 3702/3972/7807
s 405
f 3661/3970/7808 3666/3973/7809 3698/3974/7810 3697/3971/7811
s 406
f 3664/3975/7812 3663/3976/7813 3671/3977/7814 3670/3978/7815
s 404
f 3663/3976/7816 3662/3969/7804 3672/3979/7817 3671/3977/7818
s 405
f 3666/3973/7809 3665/3980/7819 3675/3981/7820 3674/3982/7821
s 406
f 3665/3980/7822 3664/3975/7812 3676/3983/7823 3675/3981/7824
s 407
f 3668/3984/7825 3667/3985/7826 3703/3986/7827 3708/3987/7828
s 404
f 3667/3985/7829 3672/3979/7817 3704/3988/7830 3703/3986/7831
s 406
f 3670/3978/7815 3669/3989/7832 3683/3990/7833 3682/3991/7834
s 407
f 3669/3989/7835 3668/3984/7825 3684/3992/7836 3683/3990/7837
s 405
f 3674/3982/7821 3673/3993/7838 3687/3994/7839 3686/3995/7840
s 408
f 3673/3993/7841 3678/3996/7842 3688/3997/7843 3687/3994/7844
f 3678/3996/7842 3677/3998/7845 3681/3999/7846 3680/4000/7847
s 406
f 3677/3998/7848 3676/3983/7823 3682/3991/7834 3681/3999/7849
s 408
f 3680/4000/7847 3679/4001/7850 3695/4002/7851 3694/4003/7852
s 407
f 3679/4001/7853 3684/3992/7836 3696/4004/7854 3695/4002/7855
s 405
f 3686/3995/7840 3685/4005/7856 3699/4006/7857 3698/3974/7810
s 409
f 3685/4005/7858 3690/4007/7859 3700/4008/7860 3699/4006/7861
f 3690/4007/7859 3689/4009/7862 3693/4010/7863 3692/4011/7864
s 408
f 3689/4009/7865 3688/3997/7843 3694/4003/7852 3693/4010/7866
s 409
f 3692/4011/7864 3691/4012/7867 3707/4013/7868 3706/4014/7869
s 407
f 3691/4012/7870 3696/4004/7854 3708/3987/7828 3707/4013/7871
s 404
f 3702/3972/7807 3701/4015/7872 3705/4016/7873 3704/3988/7830
s 409
f 3701/4015/7874 3700/4008/7860 3706/4014/7869 3705/4016/7875
s 406
f 3664/3975/7812 3670/3978/7815 3682/3991/7834 3676/3983/7823
s 408
f 3678/3996/7842 3680/4000/7847 3694/4003/7852 3688/3997/7843
s 409
f 3690/4007/7859 3692/4011/7864 3706/4014/7869 3700/4008/7860
s 404
f 3702/3972/7807 3704/3988/7830 3672/3979/7817 3662/3969/7804
s 407
f 3668/3984/7825 3708/3987/7828 3696/4004/7854 3684/3992/7836
s 405
f 3698/3974/7810 3666/3973/7809 3674/3982/7821 3686/3995/7840
f 3665/3980/7819 3666/3973/7809 3661/3970/7808 3709/4017/7876
s 404
f 3661/3970/7805 3662/3969/7804 3663/3976/7816 3709/4017/7877
s 406
f 3663/3976/7813 3664/3975/7812 3665/3980/7822 3709/4017/7878
s 404
f 3671/3977/7818 3672/3979/7817 3667/3985/7829 3710/4018/7879
s 407
f 3667/3985/7826 3668/3984/7825 3669/3989/7835 3710/4018/7880
s 406
f 3669/3989/7832 3670/3978/7815 3671/3977/7814 3710/4018/7881
s 408
f 3677/3998/7845 3678/3996/7842 3673/3993/7841 3711/4019/7882
s 405
f 3673/3993/7838 3674/3982/7821 3675/3981/7820 3711/4019/7883
s 406
f 3675/3981/7824 3676/3983/7823 3677/3998/7848 3711/4019/7884
s 407
f 3683/3990/7837 3684/3992/7836 3679/4001/7853 3712/4020/7885
s 408
f 3679/4001/7850 3680/4000/7847 3681/3999/7846 3712/4020/7886
s 406
f 3681/3999/7849 3682/3991/7834 3683/3990/7833 3712/4020/7887
s 409
f 3689/4009/7862 3690/4007/7859 3685/4005/7858 3713/4021/7888
s 405
f 3685/4005/7856 3686/3995/7840 3687/3994/7839 3713/4021/7889
s 408
f 3687/3994/7844 3688/3997/7843 3689/4009/7865 3713/4021/7890
s 407
f 3695/4002/7855 3696/4004/7854 3691/4012/7870 3714/4022/7891
s 409
f 3691/4012/7867 3692/4011/7864 3693/4010/7863 3714/4022/7892
s 408
f 3693/4010/7866 3694/4003/7852 3695/4002/7851 3714/4022/7893
s 404
f 3701/4015/7872 3702/3972/7807 3697/3971/7806 3715/4023/7894
s 405
f 3697/3971/7811 3698/3974/7810 3699/4006/7857 3715/4023/7895
s 409
f 3699/4006/7861 3700/4008/7860 3701/4015/7874 3715/4023/7896
s 407
f 3707/4013/7871 3708/3987/7828 3703/3986/7827 3716/4024/7897
s 404
f 3703/3986/7831 3704/3988/7830 3705/4016/7873 3716/4024/7898
s 409
f 3705/4016/7875 3706/4014/7869 3707/4013/7868 3716/4024/7899
s 410
f 3718/4025/7900 3717/4026/7901 3753/4027/7902 3758/4028/7903
s 411
f 3717/4026/7904 3722/4029/7905 3754/4030/7906 3753/4027/7907
s 412
f 3720/4031/7908 3719/4032/7909 3727/4033/7910 3726/4034/7911
s 410
f 3719/4032/7912 3718/4025/7900 3728/4035/7913 3727/4033/7914
s 411
f 3722/4029/7905 3721/4036/7915 3731/4037/7916 3730/4038/7917
s 412
f 3721/4036/7918 3720/4031/7908 3732/4039/7919 3731/4037/7920
s 413
f 3724/4040/7921 3723/4041/7922 3759/4042/7923 3764/4043/7924
s 410
f 3723/4041/7925 3728/4035/7913 3760/4044/7926 3759/4042/7927
s 412
f 3726/4034/7911 3725/4045/7928 3739/4046/7929 3738/4047/7930
s 413
f 3725/4045/7931 3724/4040/7921 3740/4048/7932 3739/4046/7933
s 411
f 3730/4038/7917 3729/4049/7934 3743/4050/7935 3742/4051/7936
s 414
f 3729/4049/7937 3734/4052/7938 3744/4053/7939 3743/4050/7940
f 3734/4052/7938 3733/4054/7941 3737/4055/7942 3736/4056/7943
s 412
f 3733/4054/7944 3732/4039/7919 3738/4047/7930 3737/4055/7945
s 414
f 3736/4056/7943 3735/4057/7946 3751/4058/7947 3750/4059/7948
s 413
f 3735/4057/7949 3740/4048/7932 3752/4060/7950 3751/4058/7951
s 411
f 3742/4051/7936 3741/4061/7952 3755/4062/7953 3754/4030/7906
s 415
f 3741/4061/7954 3746/4063/7955 3756/4064/7956 3755/4062/7957
f 3746/4063/7955 3745/4065/7958 3749/4066/7959 3748/4067/7960
s 414
f 3745/4065/7961 3744/4053/7939 3750/4059/7948 3749/4066/7962
s 415
f 3748/4067/7960 3747/4068/7963 3763/4069/7964 3762/4070/7965
s 413
f 3747/4068/7966 3752/4060/7950 3764/4043/7924 3763/4069/7967
s 410
f 3758/4028/7903 3757/4071/7968 3761/4072/7969 3760/4044/7926
s 415
f 3757/4071/7970 3756/4064/7956 3762/4070/7965 3761/4072/7971
s 412
f 3720/4031/7908 3726/4034/7911 3738/4047/7930 3732/4039/7919
s 414
f 3734/4052/7938 3736/4056/7943 3750/4059/7948 3744/4053/7939
s 415
f 3746/4063/7955 3748/4067/7960 3762/4070/7965 3756/4064/7956
s 410
f 3758/4028/7903 3760/4044/7926 3728/4035/7913 3718/4025/7900
s 413
f 3724/4040/7921 3764/4043/7924 3752/4060/7950 3740/4048/7932
s 411
f 3754/4030/7906 3722/4029/7905 3730/4038/7917 3742/4051/7936
f 3721/4036/7915 3722/4029/7905 3717/4026/7904 3765/4073/7972
s 410
f 3717/4026/7901 3718/4025/7900 3719/4032/7912 3765/4073/7973
s 412
f 3719/4032/7909 3720/4031/7908 3721/4036/7918 3765/4073/7974
s 410
f 3727/4033/7914 3728/4035/7913 3723/4041/7925 3766/4074/7975
s 413
f 3723/4041/7922 3724/4040/7921 3725/4045/7931 3766/4074/7976
s 412
f 3725/4045/7928 3726/4034/7911 3727/4033/7910 3766/4074/7977
s 414
f 3733/4054/7941 3734/4052/7938 3729/4049/7937 3767/4075/7978
s 411
f 3729/4049/7934 3730/4038/7917 3731/4037/7916 3767/4075/7979
s 412
f 3731/4037/7920 3732/4039/7919 3733/4054/7944 3767/4075/7980
s 413
f 3739/4046/7933 3740/4048/7932 3735/4057/7949 3768/4076/7981
s 414
f 3735/4057/7946 3736/4056/7943 3737/4055/7942 3768/4076/7982
s 412
f 3737/4055/7945 3738/4047/7930 3739/4046/7929 3768/4076/7983
s 415
f 3745/4065/7958 3746/4063/7955 3741/4061/7954 3769/4077/7984
s 411
f 3741/4061/7952 3742/4051/7936 3743/4050/7935 3769/4077/7985
s 414
f 3743/4050/7940 3744/4053/7939 3745/4065/7961 3769/4077/7986
s 413
f 3751/4058/7951 3752/4060/7950 3747/4068/7966 3770/4078/7987
s 415
f 3747/4068/7963 3748/4067/7960 3749/4066/7959 3770/4078/7988
s 414
f 3749/4066/7962 3750/4059/7948 3751/4058/7947 3770/4078/7989
s 410
f 3757/4071/7968 3758/4028/7903 3753/4027/7902 3771/4079/7990
s 411
f 3753/4027/7907 3754/4030/7906 3755/4062/7953 3771/4079/7991
s 415
f 3755/4062/7957 3756/4064/7956 3757/4071/7970 3771/4079/7992
s 413
f 3763/4069/7967 3764/4043/7924 3759/4042/7923 3772/4080/7993
s 410
f 3759/4042/7927 3760/4044/7926 3761/4072/7969 3772/4080/7994
s 415
f 3761/4072/7971 3762/4070/7965 3763/4069/7964 3772/4080/7995
s 416
f 3773/4081/7996 3774/4082/7997 3786/4083/7998 3785/4084/7999
f 3774/4082/7997 3775/4085/8000 3787/4086/8001 3786/4083/7998
f 3775/4085/8000 3776/4087/8002 3788/4088/8003 3787/4086/8001
f 3776/4087/8002 3777/4089/8004 3789/4090/8005 3788/4088/8003
f 3777/4089/8004 3778/4091/8006 3790/4092/8007 3789/4090/8005
f 3778/4091/8006 3779/4093/8008 3791/4094/8009 3790/4092/8007
f 3779/4093/8008 3780/4095/8010 3792/4096/8011 3791/4094/8009
f 3780/4095/8010 3781/4097/8012 3793/4098/8013 3792/4096/8011
f 3781/4097/8012 3782/4099/8014 3794/4100/8015 3793/4098/8013
f 3782/4099/8014 3783/4101/8016 3795/4102/8017 3794/4100/8015
f 3783/4101/8016 3784/4103/8018 3796/4104/8019 3795/4102/8017
f 3784/4103/8018 3773/4081/7996 3785/4084/7999 3796/4104/8019
s 417
f 3774/4082/8020 3773/4081/8021 3797/4105/8022
f 3775/4085/8023 3774/4082/8020 3797/4105/8022
f 3776/4087/8024 3775/4085/8023 3797/4105/8022
f 3777/4089/8025 3776/4087/8024 3797/4105/8022
f 3778/4091/8026 3777/4089/8025 3797/4105/8022
f 3779/4093/8027 3778/4091/8026 3797/4105/8022
f 3780/4095/8028 3779/4093/8027 3797/4105/8022
f 3781/4097/8029 3780/4095/8028 3797/4105/8022
f 3782/4099/8030 3781/4097/8029 3797/4105/8022
f 3783/4101/8031 3782/4099/8030 3797/4105/8022
f 3784/4103/8032 3783/4101/8031 3797/4105/8022
f 3773/4081/8021 3784/4103/8032 3797/4105/8022
s 418
f 3785/4084/8033 3786/4083/8034 3798/4106/8035
f 3786/4083/8034 3787/4086/8036 3798/4106/8035
f 3787/4086/8036 3788/4088/8037 3798/4106/8035
f 3788/4088/8037 3789/4090/8038 3798/4106/8035
f 3789/4090/8038 3790/4092/8039 3798/4106/8035
f 3790/4092/8039 3791/4094/8040 3798/4106/8035
f 3791/4094/8040 3792/4096/8041 3798/4106/8035
f 3792/4096/8041 3793/4098/8042 3798/4106/8035
f 3793/4098/8042 3794/4100/8043 3798/4106/8035
f 3794/4100/8043 3795/4102/8044 3798/4106/8035
f 3795/4102/8044 3796/4104/8045 3798/4106/8035
f 3796/4104/8045 3785/4084/8033 3798/4106/8035
s 419
f 3799/4107/8046 3800/4108/8047 3812/4109/8048 3811/4110/8049
f 3800/4108/8047 3801/4111/8050 3813/4112/8051 3812/4109/8048
f 3801/4111/8050 3802/4113/8052 3814/4114/8053 3813/4112/8051
f 3802/4113/8052 3803/4115/8054 3815/4116/8055 3814/4114/8053
f 3803/4115/8054 3804/4117/8056 3816/4118/8057 3815/4116/8055
f 3804/4117/8056 3805/4119/8058 3817/4120/8059 3816/4118/8057
f 3805/4119/8058 3806/4121/8060 3818/4122/8061 3817/4120/8059
f 3806/4121/8060 3807/4123/8062 3819/4124/8063 3818/4122/8061
f 3807/4123/8062 3808/4125/8064 3820/4126/8065 3819/4124/8063
f 3808/4125/8064 3809/4127/8066 3821/4128/8067 3820/4126/8065
f 3809/4127/8066 3810/4129/8068 3822/4130/8069 3821/4128/8067
f 3810/4129/8068 3799/4107/8046 3811/4110/8049 3822/4130/8069
s 420
f 3800/4108/8070 3799/4107/8071 3823/4131/8072
f 3801/4111/8073 3800/4108/8070 3823/4131/8072
f 3802/4113/8074 3801/4111/8073 3823/4131/8072
f 3803/4115/8075 3802/4113/8074 3823/4131/8072
f 3804/4117/8076 3803/4115/8075 3823/4131/8072
f 3805/4119/8077 3804/4117/8076 3823/4131/8072
f 3806/4121/8078 3805/4119/8077 3823/4131/8072
f 3807/4123/8079 3806/4121/8078 3823/4131/8072
f 3808/4125/8080 3807/4123/8079 3823/4131/8072
f 3809/4127/8081 3808/4125/8080 3823/4131/8072
f 3810/4129/8082 3809/4127/8081 3823/4131/8072
f 3799/4107/8071 3810/4129/8082 3823/4131/8072
s 421
f 3811/4110/8083 3812/4109/8084 3824/4132/8085
f 3812/4109/8084 3813/4112/8086 3824/4132/8085
f 3813/4112/8086 3814/4114/8087 3824/4132/8085
f 3814/4114/8087 3815/4116/8088 3824/4132/8085
f 3815/4116/8088 3816/4118/8089 3824/4132/8085
f 3816/4118/8089 3817/4120/8090 3824/4132/8085
f 3817/4120/8090 3818/4122/8091 3824/4132/8085
f 3818/4122/8091 3819/4124/8092 3824/4132/8085
f 3819/4124/8092 3820/4126/8093 3824/4132/8085
f 3820/4126/8093 3821/4128/8094 3824/4132/8085
f 3821/4128/8094 3822/4130/8095 3824/4132/8085
f 3822/4130/8095 3811/4110/8083 3824/4132/8085
s 422
f 3825/4133/8096 3826/4134/8097 3838/4135/8098 3837/4136/8099
f 3826/4134/8097 3827/4137/8100 3839/4138/8101 3838/4135/8098
f 3827/4137/8100 3828/4139/8102 3840/4140/8103 3839/4138/8101
f 3828/4139/8102 3829/4141/8104 3841/4142/8105 3840/4140/8103
f 3829/4141/8104 3830/4143/8106 3842/4144/8107 3841/4142/8105
f 3830/4143/8106 3831/4145/8108 3843/4146/8109 3842/4144/8107
f 3831/4145/8108 3832/4147/8110 3844/4148/8111 3843/4146/8109
f 3832/4147/8110 3833/4149/8112 3845/4150/8113 3844/4148/8111
f 3833/4149/8112 3834/4151/8114 3846/4152/8115 3845/4150/8113
f 3834/4151/8114 3835/4153/8116 3847/4154/8117 3846/4152/8115
f 3835/4153/8116 3836/4155/8118 3848/4156/8119 3847/4154/8117
f 3836/4155/8118 3825/4133/8096 3837/4136/8099 3848/4156/8119
s 423
f 3837/4136/8120 3838/4135/8121 3849/4157/8122
f 3838/4135/8121 3839/4138/8123 3849/4157/8122
f 3839/4138/8123 3840/4140/8124 3849/4157/8122
f 3840/4140/8124 3841/4142/8125 3849/4157/8122
f 3841/4142/8125 3842/4144/8126 3849/4157/8122
f 3842/4144/8126 3843/4146/8127 3849/4157/8122
f 3843/4146/8127 3844/4148/8128 3849/4157/8122
f 3844/4148/8128 3845/4150/8129 3849/4157/8122
f 3845/4150/8129 3846/4152/8130 3849/4157/8122
f 3846/4152/8130 3847/4154/8131 3849/4157/8122
f 3847/4154/8131 3848/4156/8132 3849/4157/8122
f 3848/4156/8132 3837/4136/8120 3849/4157/8122
s 424
f 3904/4158/8133 3921/4159/8134 3922/4160/8135 3907/4161/8136
s 425
f 3852/4162/8137 3930/4163/8138 4001/4164/8139 3986/4165/8140
s 426
f 3883/4166/8141 3934/4167/8142 3935/4168/8143 3856/4169/8144
s 427
f 3990/4170/8145 3991/4171/8146 3918/4172/8147 3850/4173/8148
s 428
f 3851/4174/8149 3994/4175/8150 3995/4176/8151 3886/4177/8152
s 429
f 3989/4178/8153 3990/4170/8154 3850/4173/8155 3882/4179/8156
s 430
f 3850/4173/8157 3918/4172/8158 3919/4180/8159 3858/4181/8160
s 431
f 3851/4174/8161 3886/4177/8162 3887/4182/8163 3859/4183/8164
s 432
f 3929/4184/8165 3930/4163/8166 3852/4162/8167 3861/4185/8168
s 433
f 3888/4186/8169 3882/4179/8170 3850/4173/8171 3858/4181/8172
s 430
f 3863/4187/8173 3862/4188/8174 3851/4174/8175 3859/4183/8176
s 435
f 3893/4189/8177 3891/4190/8178 3890/4191/8179 3894/4192/8180
s 432
f 3853/4193/8181 3865/4194/8182 3864/4195/8183 3860/4196/8184
s 425
f 3998/4197/8185 3999/4198/8186 3865/4194/8187 3853/4193/8188
s 426
f 3867/4199/8189 3884/4200/8190 3885/4201/8191 3857/4202/8192
s 427
f 3862/4188/8193 3993/4203/8194 3994/4175/8195 3851/4174/8196
s 429
f 3986/4165/8197 3987/4204/8198 3868/4205/8199 3852/4162/8200
s 426
f 3854/4206/8201 3931/4207/8202 3932/4208/8203 3869/4209/8204
f 3871/4210/8205 3870/4211/8206 3866/4212/8207 3855/4213/8208
s 428
f 3872/4214/8209 3997/4215/8210 3998/4197/8211 3853/4193/8212
s 431
f 3873/4216/8213 3872/4214/8214 3853/4193/8215 3860/4196/8216
s off
usemtl lambert11SG
f 3967/4217/8217 3966/4218/8218 3968/4219/8219 3969/4220/8220
s 445
f 3915/4221/8221 3925/4222/8222 3926/4223/8223 3917/4224/8224
s 433
usemtl lambert10SG
f 3852/4162/8225 3868/4205/8226 3874/4225/8227 3861/4185/8228
s 429
f 3987/4204/8198 3988/4226/8229 3875/4227/8230 3868/4205/8199
s 426
f 3869/4209/8204 3932/4208/8203 3933/4228/8231 3876/4229/8232
f 3878/4230/8233 3877/4231/8234 3870/4211/8206 3871/4210/8205
s 428
f 3879/4232/8235 3996/4233/8236 3997/4215/8210 3872/4214/8209
s 431
f 3880/4234/8237 3879/4232/8238 3872/4214/8214 3873/4216/8213
s 435
f 3897/4235/8239 3895/4236/8240 3901/4237/8241 3902/4238/8242
s 447
f 3913/4239/8243 3923/4240/8244 3924/4241/8245 3909/4242/8246
s 433
f 3874/4225/8227 3868/4205/8226 3875/4227/8247 3881/4243/8248
s 429
f 3988/4226/8229 3989/4178/8153 3882/4179/8156 3875/4227/8230
s 426
f 3876/4229/8232 3933/4228/8231 3934/4167/8142 3883/4166/8141
f 3885/4201/8191 3884/4200/8190 3877/4231/8234 3878/4230/8233
s 428
f 3886/4177/8152 3995/4176/8151 3996/4233/8236 3879/4232/8235
s 431
f 3887/4182/8163 3886/4177/8162 3879/4232/8238 3880/4234/8237
s 435
f 3902/4238/8242 3901/4237/8241 3891/4190/8178 3893/4189/8177
s 433
f 3881/4243/8248 3875/4227/8247 3882/4179/8170 3888/4186/8169
s 448
f 3858/4181/8249 3919/4180/8250 3920/4244/8251 3889/4245/8252
s off
f 3888/4186/8253 3858/4181/8254 3889/4245/8255 3892/4246/8256
f 3863/4187/8257 3859/4183/8258 3894/4192/8259 3890/4191/8260
f 3859/4183/8261 3887/4182/8262 3893/4189/8263 3894/4192/8264
f 3873/4216/8265 3860/4196/8266 3898/4247/8267 3897/4235/8268
f 3860/4196/8269 3864/4195/8270 3896/4248/8271 3898/4247/8272
s 449
f 3928/4249/8273 3929/4184/8274 3861/4185/8275 3900/4250/8276
s off
f 3861/4185/8277 3874/4225/8278 3899/4251/8279 3900/4250/8280
f 3880/4234/8281 3873/4216/8282 3897/4235/8283 3902/4238/8284
f 3874/4225/8285 3881/4243/8286 3903/4252/8287 3899/4251/8288
f 3887/4182/8289 3880/4234/8290 3902/4238/8291 3893/4189/8292
f 3881/4243/8293 3888/4186/8294 3892/4246/8295 3903/4252/8296
s 450
f 3889/4245/8297 3920/4244/8298 3921/4253/8299 3904/4254/8300
s off
f 3890/4191/8301 3891/4190/8302 3906/4255/8303 3905/4256/8304
f 3892/4246/8305 3889/4245/8306 3904/4254/8307 3907/4257/8308
f 3895/4236/8309 3896/4248/8310 3910/4258/8311 3908/4259/8312
s 451
f 3927/4260/8313 3928/4249/8314 3900/4250/8315 3911/4261/8316
s off
f 3900/4250/8317 3899/4251/8318 3909/4262/8319 3911/4261/8320
f 3901/4237/8321 3895/4236/8322 3908/4259/8323 3912/4263/8324
f 3899/4251/8325 3903/4252/8326 3913/4264/8327 3909/4262/8328
s 452
f 3909/4242/8329 3924/4241/8330 3925/4265/8331 3915/4266/8332
s off
f 3908/4259/8333 3910/4258/8334 3916/4267/8335 3914/4268/8336
s 453
f 3926/4269/8337 3927/4260/8338 3911/4261/8339 3917/4270/8340
s off
f 3911/4261/8341 3909/4262/8342 3915/4271/8343 3917/4270/8344
s 430
f 3939/4272/8345 3940/4273/8346 3862/4188/8174 3863/4187/8173
s 448
f 3938/4274/8347 3939/4272/8348 3863/4187/8349 3890/4191/8350
s 450
f 3937/4275/8351 3938/4274/8352 3890/4191/8353 3905/4256/8354
s 424
f 3936/4276/8355 3937/4277/8356 3905/4278/8357 3906/4279/8358
s 447
f 3952/4280/8359 3953/4281/8360 3912/4282/8361 3908/4283/8362
s 452
f 3951/4284/8363 3952/4280/8364 3908/4283/8365 3914/4285/8366
s 445
usemtl lambert11SG
f 3950/4286/8367 3951/4287/8368 3914/4288/8369 3916/4289/8370
s 453
usemtl lambert10SG
f 3910/4258/8371 3949/4290/8372 3950/4291/8373 3916/4267/8374
s 451
f 3896/4248/8375 3948/4292/8376 3949/4290/8377 3910/4258/8378
s 449
f 3864/4195/8379 3947/4293/8380 3948/4292/8381 3896/4248/8382
s 432
f 3864/4195/8183 3865/4194/8182 3946/4294/8383 3947/4293/8384
s 425
f 3999/4198/8186 4000/4295/8385 3946/4294/8386 3865/4194/8187
s 426
f 3944/4296/8387 3945/4297/8388 3866/4212/8207 3870/4211/8206
f 3943/4298/8389 3944/4296/8387 3870/4211/8206 3877/4231/8234
f 3942/4299/8390 3943/4298/8389 3877/4231/8234 3884/4200/8190
f 3941/4300/8391 3942/4299/8390 3884/4200/8190 3867/4199/8189
s 427
f 3940/4273/8392 3992/4301/8393 3993/4203/8194 3862/4188/8193
s 424
f 3922/4160/8135 3921/4159/8134 3937/4277/8356 3936/4276/8355
s 450
f 3921/4253/8299 3920/4244/8298 3938/4274/8352 3937/4275/8351
s 448
f 3920/4244/8251 3919/4180/8250 3939/4272/8348 3938/4274/8347
s 430
f 3919/4180/8159 3918/4172/8158 3940/4273/8346 3939/4272/8345
s 427
f 3918/4172/8147 3991/4171/8146 3992/4301/8393 3940/4273/8392
s 426
f 3935/4168/8143 3934/4167/8142 3942/4299/8390 3941/4300/8391
f 3934/4167/8142 3933/4228/8231 3943/4298/8389 3942/4299/8390
f 3933/4228/8231 3932/4208/8203 3944/4296/8387 3943/4298/8389
f 3932/4208/8203 3931/4207/8202 3945/4297/8388 3944/4296/8387
s 425
f 4000/4295/8385 4001/4164/8139 3930/4163/8138 3946/4294/8386
s 432
f 3947/4293/8384 3946/4294/8383 3930/4163/8166 3929/4184/8165
s 449
f 3948/4292/8381 3947/4293/8380 3929/4184/8274 3928/4249/8273
s 451
f 3949/4290/8377 3948/4292/8376 3928/4249/8314 3927/4260/8313
s 453
f 3950/4291/8373 3949/4290/8372 3927/4260/8338 3926/4269/8337
s 445
usemtl lambert11SG
f 3926/4223/8223 3925/4222/8222 3951/4287/8368 3950/4286/8367
s 452
usemtl lambert10SG
f 3925/4265/8331 3924/4241/8330 3952/4280/8364 3951/4284/8363
s 447
f 3924/4241/8245 3923/4240/8244 3953/4281/8360 3952/4280/8359
s off
f 3958/4302/8394 3959/4303/8395 3960/4304/8396 3961/4305/8397
f 3891/4306/8398 3892/4307/8399 3907/4308/8400 3922/4309/8401 3936/4310/8402 3906/4311/8403
f 3901/4312/8404 3912/4313/8405 3953/4314/8406 3923/4315/8407 3913/4316/8408 3903/4317/8409
f 3901/4312/8410 3903/4317/8411 3955/4318/8412 3954/4319/8413
f 3903/4317/8414 3892/4307/8415 3956/4320/8416 3955/4318/8417
f 3892/4307/8418 3891/4306/8419 3957/4321/8420 3956/4320/8421
f 3891/4306/8422 3901/4312/8423 3954/4319/8424 3957/4321/8425
f 3954/4319/8426 3955/4318/8427 3959/4322/8428 3958/4323/8429
f 3955/4318/8430 3956/4320/8431 3960/4324/8432 3959/4322/8433
f 3956/4320/8434 3957/4321/8435 3961/4325/8436 3960/4324/8437
f 3957/4321/8438 3954/4319/8439 3958/4323/8440 3961/4325/8441
f 3896/4248/8442 3895/4236/8443 3962/4326/8444 3963/4327/8445
f 3895/4236/8446 3897/4235/8447 3964/4328/8448 3962/4326/8449
f 3897/4235/8450 3898/4247/8451 3965/4329/8452 3964/4328/8453
f 3898/4247/8454 3896/4248/8455 3963/4327/8456 3965/4329/8457
f 3963/4327/8458 3962/4326/8459 3966/4330/8460 3967/4331/8461
f 3962/4326/8462 3964/4328/8463 3968/4332/8464 3966/4330/8465
f 3964/4328/8466 3965/4329/8467 3969/4333/8468 3968/4332/8469
f 3965/4329/8470 3963/4327/8471 3967/4331/8472 3969/4333/8473
s 454
f 3869/4209/8474 3971/4334/8475 3970/4335/8476 3854/4206/8477
f 3876/4229/8478 3972/4336/8479 3971/4334/8475 3869/4209/8474
f 3883/4166/8480 3973/4337/8481 3972/4336/8479 3876/4229/8478
f 3856/4169/8482 3974/4338/8483 3973/4337/8481 3883/4166/8480
s 455
f 3856/4169/8484 3935/4168/8485 3975/4339/8486 3974/4338/8487
f 3976/4340/8488 3975/4339/8486 3935/4168/8485 3941/4300/8489
f 3977/4341/8490 3976/4340/8488 3941/4300/8489 3867/4199/8491
f 3978/4342/8492 3977/4341/8490 3867/4199/8491 3857/4202/8493
s 456
f 3979/4343/8494 3978/4342/8495 3857/4202/8496 3885/4201/8497
f 3980/4344/8498 3979/4343/8494 3885/4201/8497 3878/4230/8499
f 3981/4345/8500 3980/4344/8498 3878/4230/8499 3871/4210/8501
f 3982/4346/8502 3981/4345/8500 3871/4210/8501 3855/4213/8503
s 457
f 3866/4212/8504 3983/4347/8505 3982/4346/8506 3855/4213/8507
f 3945/4297/8508 3984/4348/8509 3983/4347/8505 3866/4212/8504
f 3931/4207/8510 3985/4349/8511 3984/4348/8509 3945/4297/8508
f 3970/4335/8512 3985/4349/8511 3931/4207/8510 3854/4206/8513
s 458
f 4002/4350/8514 4003/4351/8515 4004/4352/8516 4005/4353/8517
f 4003/4351/8515 4006/4354/8518 4007/4355/8519 4004/4352/8516
f 4006/4354/8518 4008/4356/8520 4009/4357/8521 4007/4355/8519
f 4008/4356/8520 4010/4358/8522 4011/4359/8523 4009/4357/8521
s 459
f 4010/4358/8524 4012/4360/8525 4013/4361/8526 4011/4359/8527
f 4014/4362/8528 4013/4361/8526 4012/4360/8525 4015/4363/8529
f 4016/4364/8530 4014/4362/8528 4015/4363/8529 4017/4365/8531
f 4018/4366/8532 4016/4364/8530 4017/4365/8531 4019/4367/8533
s 460
f 4020/4368/8534 4018/4366/8535 4019/4367/8536 4021/4369/8537
f 4022/4370/8538 4020/4368/8534 4021/4369/8537 4023/4371/8539
f 4024/4372/8540 4022/4370/8538 4023/4371/8539 4025/4373/8541
f 4026/4374/8542 4024/4372/8540 4025/4373/8541 4027/4375/8543
s 461
f 4027/4375/8544 4028/4376/8545 4029/4377/8546 4026/4374/8547
f 4028/4376/8545 4030/4378/8548 4031/4379/8549 4029/4377/8546
f 4030/4378/8548 4032/4380/8550 4033/4381/8551 4031/4379/8549
f 4005/4353/8552 4033/4381/8551 4032/4380/8550 4002/4350/8553
s off
f 3970/4382/8554 3971/4383/8555 4003/4351/8556 4002/4350/8557
f 3987/4384/8558 3986/4385/8559 4005/4353/8560 4004/4352/8561
f 3971/4383/8562 3972/4386/8563 4006/4354/8564 4003/4351/8565
f 3988/4387/8566 3987/4384/8567 4004/4352/8568 4007/4355/8569
f 3972/4386/8570 3973/4388/8571 4008/4356/8572 4006/4354/8573
f 3989/4389/8574 3988/4387/8575 4007/4355/8576 4009/4357/8577
f 3973/4388/8578 3974/4390/8579 4010/4358/8580 4008/4356/8581
f 3990/4391/8582 3989/4389/8583 4009/4357/8584 4011/4359/8585
f 3974/4390/8586 3975/4392/8587 4012/4360/8588 4010/4358/8589
f 3991/4393/8590 3990/4391/8591 4011/4359/8592 4013/4361/8593
f 3992/4394/8594 3991/4393/8595 4013/4361/8596 4014/4362/8597
f 3975/4392/8598 3976/4395/8599 4015/4363/8600 4012/4360/8601
f 3993/4396/8602 3992/4394/8603 4014/4362/8604 4016/4364/8605
f 3976/4395/8606 3977/4397/8607 4017/4365/8608 4015/4363/8609
f 3994/4398/8610 3993/4396/8611 4016/4364/8612 4018/4366/8613
f 3977/4397/8614 3978/4399/8615 4019/4367/8616 4017/4365/8617
f 3995/4400/8618 3994/4398/8619 4018/4366/8620 4020/4368/8621
f 3978/4399/8622 3979/4401/8623 4021/4369/8624 4019/4367/8625
f 3996/4402/8626 3995/4400/8627 4020/4368/8628 4022/4370/8629
f 3979/4401/8630 3980/4403/8631 4023/4371/8632 4021/4369/8633
f 3997/4404/8634 3996/4402/8635 4022/4370/8636 4024/4372/8637
f 3980/4403/8638 3981/4405/8639 4025/4373/8640 4023/4371/8641
f 3998/4406/8642 3997/4404/8643 4024/4372/8644 4026/4374/8645
f 3981/4405/8646 3982/4407/8647 4027/4375/8648 4025/4373/8649
f 3982/4407/8650 3983/4408/8651 4028/4376/8652 4027/4375/8653
f 3999/4409/8654 3998/4406/8655 4026/4374/8656 4029/4377/8657
f 3983/4408/8658 3984/4410/8659 4030/4378/8660 4028/4376/8661
f 4000/4411/8662 3999/4409/8663 4029/4377/8664 4031/4379/8665
f 3984/4410/8666 3985/4412/8667 4032/4380/8668 4030/4378/8669
f 4001/4413/8670 4000/4411/8671 4031/4379/8672 4033/4381/8673
f 3986/4385/8674 4001/4413/8675 4033/4381/8676 4005/4353/8677
f 3985/4412/8678 3970/4382/8679 4002/4350/8680 4032/4380/8681
f 4034/4414/8682 4035/4415/8683 4037/4416/8684 4036/4417/8685
f 4036/4417/8686 4037/4416/8687 4039/4418/8688 4038/4419/8689
f 4038/4419/8690 4039/4418/8691 4041/4420/8692 4040/4421/8693
f 4040/4421/8694 4041/4420/8695 4035/4415/8696 4034/4414/8697
f 4035/4415/8698 4041/4420/8699 4039/4418/8700 4037/4416/8701
f 4040/4421/8702 4034/4414/8703 4036/4417/8704 4038/4419/8705
f 4042/4422/8706 4043/4423/8707 4045/4424/8708 4044/4425/8709
f 4044/4425/8710 4045/4424/8711 4047/4426/8712 4046/4427/8713
f 4046/4427/8714 4047/4426/8715 4049/4428/8716 4048/4429/8717
f 4048/4429/8718 4049/4428/8719 4043/4423/8720 4042/4422/8721
f 4043/4423/8722 4049/4428/8723 4047/4426/8724 4045/4424/8725
f 4048/4429/8726 4042/4422/8727 4044/4425/8728 4046/4427/8729
f 4050/4430/8730 4051/4431/8731 4053/4432/8732 4052/4433/8733
f 4052/4433/8734 4053/4432/8735 4055/4434/8736 4054/4435/8737
f 4054/4435/8738 4055/4434/8739 4057/4436/8740 4056/4437/8741
f 4056/4437/8742 4057/4436/8743 4051/4431/8744 4050/4430/8745
f 4051/4431/8746 4057/4436/8747 4055/4434/8748 4053/4432/8749
f 4056/4437/8750 4050/4430/8751 4052/4433/8752 4054/4435/8753
f 4058/4438/8754 4059/4439/8755 4061/4440/8756 4060/4441/8757
f 4060/4441/8758 4061/4440/8759 4063/4442/8760 4062/4443/8761
f 4062/4443/8762 4063/4442/8763 4065/4444/8764 4064/4445/8765
f 4064/4445/8766 4065/4444/8767 4059/4439/8768 4058/4438/8769
f 4059/4439/8770 4065/4444/8771 4063/4442/8772 4061/4440/8773
f 4064/4445/8774 4058/4438/8775 4060/4441/8776 4062/4443/8777
f 4066/4446/8778 4067/4447/8779 4069/4448/8780 4068/4449/8781
f 4068/4449/8782 4069/4448/8783 4071/4450/8784 4070/4451/8785
f 4070/4451/8786 4071/4450/8787 4073/4452/8788 4072/4453/8789
f 4072/4453/8790 4073/4452/8791 4067/4447/8792 4066/4446/8793
f 4067/4447/8794 4073/4452/8795 4071/4450/8796 4069/4448/8797
f 4072/4453/8798 4066/4446/8799 4068/4449/8800 4070/4451/8801
f 4074/4454/8802 4075/4455/8803 4077/4456/8804 4076/4457/8805
f 4076/4457/8806 4077/4456/8807 4079/4458/8808 4078/4459/8809
f 4078/4459/8810 4079/4458/8811 4081/4460/8812 4080/4461/8813
f 4080/4461/8814 4081/4460/8815 4075/4455/8816 4074/4454/8817
f 4075/4455/8818 4081/4460/8819 4079/4458/8820 4077/4456/8821
f 4080/4461/8822 4074/4454/8823 4076/4457/8824 4078/4459/8825
f 4082/4462/8826 4083/4463/8827 4085/4464/8828 4084/4465/8829
f 4084/4465/8830 4085/4464/8831 4087/4466/8832 4086/4467/8833
f 4086/4467/8834 4087/4466/8835 4089/4468/8836 4088/4469/8837
f 4088/4469/8838 4089/4468/8839 4083/4463/8840 4082/4462/8841
f 4083/4463/8842 4089/4468/8843 4087/4466/8844 4085/4464/8845
f 4088/4469/8846 4082/4462/8847 4084/4465/8848 4086/4467/8849
f 4090/4470/8850 4091/4471/8851 4093/4472/8852 4092/4473/8853
f 4092/4473/8854 4093/4472/8855 4095/4474/8856 4094/4475/8857
f 4094/4475/8858 4095/4474/8859 4097/4476/8860 4096/4477/8861
f 4096/4477/8862 4097/4476/8863 4091/4471/8864 4090/4470/8865
f 4091/4471/8866 4097/4476/8867 4095/4474/8868 4093/4472/8869
f 4096/4477/8870 4090/4470/8871 4092/4473/8872 4094/4475/8873
f 4098/4478/8874 4099/4479/8875 4101/4480/8876 4100/4481/8877
f 4100/4481/8878 4101/4480/8879 4103/4482/8880 4102/4483/8881
f 4102/4483/8882 4103/4482/8883 4105/4484/8884 4104/4485/8885
f 4104/4485/8886 4105/4484/8887 4099/4479/8888 4098/4478/8889
f 4099/4479/8890 4105/4484/8891 4103/4482/8892 4101/4480/8893
f 4104/4485/8894 4098/4478/8895 4100/4481/8896 4102/4483/8897
f 4106/4486/8898 4107/4487/8899 4109/4488/8900 4108/4489/8901
f 4108/4489/8902 4109/4488/8903 4111/4490/8904 4110/4491/8905
f 4110/4491/8906 4111/4490/8907 4113/4492/8908 4112/4493/8909
f 4112/4493/8910 4113/4492/8911 4107/4487/8912 4106/4486/8913
f 4107/4487/8914 4113/4492/8915 4111/4490/8916 4109/4488/8917
f 4112/4493/8918 4106/4486/8919 4108/4489/8920 4110/4491/8921
s 462
f 4114/4494/8922 4126/4495/8923 4127/4496/8924 4116/4497/8925
s off
f 4186/4498/8926 4187/4499/8927 4188/4500/8928 4189/4501/8929
s 463
f 4118/4502/8930 4130/4503/8931 4131/4504/8932 4120/4505/8933
s 464
f 4120/4505/8934 4131/4504/8935 4126/4495/8936 4114/4494/8937
s off
f 4115/4506/8938 4121/4507/8939 4119/4508/8940 4125/4509/8941 4123/4510/8942 4117/4511/8943
f 4120/4505/8944 4114/4494/8945 4116/4497/8946 4122/4512/8947 4124/4513/8948 4118/4502/8949
f 4190/4514/8950 4191/4515/8951 4192/4516/8952 4193/4517/8953
s 465
f 4122/4512/8954 4128/4518/8955 4129/4519/8956 4124/4513/8957
s 462
f 4127/4496/8924 4126/4495/8923 4132/4520/8958 4133/4521/8959
s 465
f 4128/4518/8955 4127/4496/8960 4133/4521/8961 4134/4522/8962
f 4129/4519/8956 4128/4518/8955 4134/4522/8962 4135/4523/8963
f 4130/4503/8964 4129/4519/8956 4135/4523/8963 4136/4524/8965
s 463
f 4131/4504/8932 4130/4503/8931 4136/4524/8966 4137/4525/8967
s 464
f 4126/4495/8936 4131/4504/8935 4137/4525/8968 4132/4520/8969
s 462
f 4133/4521/8959 4132/4520/8958 4115/4506/8970 4117/4511/8971
s off
f 4195/4526/8972 4194/4527/8973 4196/4528/8974 4197/4529/8975
s 465
f 4135/4523/8963 4134/4522/8962 4123/4510/8976 4125/4509/8977
s off
f 4199/4530/8978 4198/4531/8979 4200/4532/8980 4201/4533/8981
s 463
f 4137/4525/8967 4136/4524/8966 4119/4508/8982 4121/4507/8983
s 464
f 4132/4520/8969 4137/4525/8968 4121/4507/8984 4115/4506/8985
s off
f 4124/4513/8986 4129/4519/8987 4139/4534/8988 4138/4535/8989
f 4129/4519/8990 4130/4503/8991 4140/4536/8992 4139/4534/8993
f 4130/4503/8994 4118/4502/8995 4141/4537/8996 4140/4536/8997
f 4118/4502/8998 4124/4513/8999 4138/4535/9000 4141/4537/9001
f 4116/4497/9002 4127/4496/9003 4143/4538/9004 4142/4539/9005
f 4127/4496/9006 4128/4518/9007 4144/4540/9008 4143/4538/9009
f 4128/4518/9010 4122/4512/9011 4145/4541/9012 4144/4540/9013
f 4122/4512/9014 4116/4497/9015 4142/4539/9016 4145/4541/9017
f 4134/4522/9018 4133/4521/9019 4146/4542/9020 4147/4543/9021
f 4133/4521/9022 4117/4511/9023 4148/4544/9024 4146/4542/9025
f 4117/4511/9026 4123/4510/9027 4149/4545/9028 4148/4544/9029
f 4123/4510/9030 4134/4522/9031 4147/4543/9032 4149/4545/9033
f 4136/4524/9034 4135/4523/9035 4150/4546/9036 4151/4547/9037
f 4135/4523/9038 4125/4509/9039 4152/4548/9040 4150/4546/9041
f 4125/4509/9042 4119/4508/9043 4153/4549/9044 4152/4548/9045
f 4119/4508/9046 4136/4524/9047 4151/4547/9048 4153/4549/9049
f 4138/4535/9050 4139/4534/9051 4155/4550/9052 4154/4551/9053
f 4139/4534/9054 4140/4536/9055 4156/4552/9056 4155/4550/9057
f 4140/4536/9058 4141/4537/9059 4157/4553/9060 4156/4552/9061
f 4141/4537/9062 4138/4535/9063 4154/4551/9064 4157/4553/9065
f 4142/4539/9066 4143/4538/9067 4159/4554/9068 4158/4555/9069
f 4143/4538/9070 4144/4540/9071 4160/4556/9072 4159/4554/9073
f 4144/4540/9074 4145/4541/9075 4161/4557/9076 4160/4556/9077
f 4145/4541/9078 4142/4539/9079 4158/4555/9080 4161/4557/9081
f 4147/4543/9082 4146/4542/9083 4162/4558/9084 4163/4559/9085
f 4146/4542/9086 4148/4544/9087 4164/4560/9088 4162/4558/9089
f 4148/4544/9090 4149/4545/9091 4165/4561/9092 4164/4560/9093
f 4149/4545/9094 4147/4543/9095 4163/4559/9096 4165/4561/9097
f 4151/4547/9098 4150/4546/9099 4166/4562/9100 4167/4563/9101
f 4150/4546/9102 4152/4548/9103 4168/4564/9104 4166/4562/9105
f 4152/4548/9106 4153/4549/9107 4169/4565/9108 4168/4564/9109
f 4153/4549/9110 4151/4547/9111 4167/4563/9112 4169/4565/9113
f 4154/4551/9114 4155/4550/9115 4171/4566/9116 4170/4567/9117
f 4155/4550/9118 4156/4552/9119 4172/4568/9120 4171/4566/9121
f 4156/4552/9122 4157/4553/9123 4173/4569/9124 4172/4568/9125
f 4157/4553/9126 4154/4551/9127 4170/4567/9128 4173/4569/9129
f 4158/4555/9130 4159/4554/9131 4175/4570/9132 4174/4571/9133
f 4159/4554/9134 4160/4556/9135 4176/4572/9136 4175/4570/9137
f 4160/4556/9138 4161/4557/9139 4177/4573/9140 4176/4572/9141
f 4161/4557/9142 4158/4555/9143 4174/4571/9144 4177/4573/9145
f 4163/4559/9146 4162/4558/9147 4178/4574/9148 4179/4575/9149
f 4162/4558/9150 4164/4560/9151 4180/4576/9152 4178/4574/9153
f 4164/4560/9154 4165/4561/9155 4181/4577/9156 4180/4576/9157
f 4165/4561/9158 4163/4559/9159 4179/4575/9160 4181/4577/9161
f 4167/4563/9162 4166/4562/9163 4182/4578/9164 4183/4579/9165
f 4166/4562/9166 4168/4564/9167 4184/4580/9168 4182/4578/9169
f 4168/4564/9170 4169/4565/9171 4185/4581/9172 4184/4580/9173
f 4169/4565/9174 4167/4563/9175 4183/4579/9176 4185/4581/9177
f 4172/4568/9178 4173/4569/9179 4189/4501/9180 4188/4500/9181
f 4173/4569/9182 4170/4567/9183 4186/4498/9184 4189/4501/9185
f 4174/4571/9186 4175/4570/9187 4191/4515/9188 4190/4514/9189
f 4177/4573/9190 4174/4571/9191 4190/4514/9192 4193/4517/9193
f 4178/4574/9194 4180/4576/9195 4196/4528/9196 4194/4527/9197
f 4180/4576/9198 4181/4577/9199 4197/4529/9200 4196/4528/9201
f 4184/4580/9202 4185/4581/9203 4201/4533/9204 4200/4532/9205
f 4185/4581/9206 4183/4579/9207 4199/4530/9208 4201/4533/9209
f 4171/4566/9210 4187/4499/9211 4192/4516/9212 4176/4572/9213
f 4187/4499/9214 4186/4498/9215 4193/4517/9216 4192/4516/9217
f 4186/4498/9218 4170/4567/9219 4177/4573/9220 4193/4517/9221
f 4170/4567/9222 4171/4566/9223 4176/4572/9224 4177/4573/9225
f 4181/4577/9226 4179/4575/9227 4182/4578/9228 4184/4580/9229
f 4179/4575/9230 4195/4526/9231 4198/4531/9232 4182/4578/9233
f 4195/4526/9234 4197/4529/9235 4200/4532/9236 4198/4531/9237
f 4197/4529/9238 4181/4577/9239 4184/4580/9240 4200/4532/9241
f 4172/4568/9242 4188/4500/9243 4199/4530/9244 4183/4579/9245
f 4188/4500/9246 4187/4499/9247 4198/4531/9248 4199/4530/9249
f 4187/4499/9250 4171/4566/9251 4182/4578/9252 4198/4531/9253
f 4171/4566/9254 4172/4568/9255 4183/4579/9256 4182/4578/9257
f 4176/4572/9258 4192/4516/9259 4195/4526/9260 4179/4575/9261
f 4192/4516/9262 4191/4515/9263 4194/4527/9264 4195/4526/9265
f 4191/4515/9266 4175/4570/9267 4178/4574/9268 4194/4527/9269
f 4175/4570/9270 4176/4572/9271 4179/4575/9272 4178/4574/9273
f 4203/4582/9274 4212/4583/9275 4213/4584/9276 4205/4585/9277
f 4210/4586/9278 4211/4587/9279 4202/4588/9280 4204/4589/9281
f 4208/4590/9282 4211/4587/9283 4210/4586/9284 4206/4591/9285
f 4213/4584/9286 4212/4583/9287 4209/4592/9288 4207/4593/9289
s 466
f 4214/4594/9290 4215/4595/9291 4224/4596/9292 4225/4597/9293
s 467
f 4215/4595/9294 4214/4594/9295 4217/4598/9296 4216/4599/9297
s off
f 4216/4599/9298 4217/4598/9299 4219/4600/9300 4218/4601/9301
s 468
f 4218/4601/9302 4219/4600/9303 4221/4602/9304 4220/4603/9305
s 469
f 4220/4603/9306 4221/4602/9307 4223/4604/9308 4222/4605/9309
s 470
f 4222/4605/9310 4223/4604/9311 4225/4597/9312 4224/4596/9313
s 467
f 4202/4588/9314 4215/4595/9294 4216/4599/9297 4204/4589/9315
s off
f 4227/4606/9316 4226/4607/9317 4228/4608/9318 4229/4609/9319
s 469
f 4206/4591/9320 4220/4603/9306 4222/4605/9309 4208/4590/9321
s 466
f 4211/4587/9322 4224/4596/9292 4215/4595/9291 4202/4588/9323
s 470
f 4208/4590/9324 4222/4605/9310 4224/4596/9313 4211/4587/9325
s 468
f 4210/4586/9326 4218/4601/9302 4220/4603/9305 4206/4591/9327
s 467
f 4217/4598/9296 4214/4594/9295 4203/4582/9328 4205/4585/9329
s off
f 4231/4610/9330 4230/4611/9331 4232/4612/9332 4233/4613/9333
s 468
f 4221/4602/9304 4219/4600/9303 4213/4584/9334 4207/4593/9335
s 469
f 4223/4604/9308 4221/4602/9307 4207/4593/9336 4209/4592/9337
s 470
f 4225/4597/9312 4223/4604/9311 4209/4592/9338 4212/4583/9339
s 466
f 4214/4594/9290 4225/4597/9293 4212/4583/9340 4203/4582/9341
s off
f 4204/4589/9342 4216/4599/9343 4226/4607/9344 4227/4606/9345
f 4216/4599/9346 4218/4601/9347 4228/4608/9348 4226/4607/9349
f 4218/4601/9350 4210/4586/9351 4229/4609/9352 4228/4608/9353
f 4210/4586/9354 4204/4589/9355 4227/4606/9356 4229/4609/9357
f 4219/4600/9358 4217/4598/9359 4230/4611/9360 4231/4610/9361
f 4217/4598/9362 4205/4585/9363 4232/4612/9364 4230/4611/9365
f 4205/4585/9366 4213/4584/9367 4233/4613/9368 4232/4612/9369
f 4213/4584/9370 4219/4600/9371 4231/4610/9372 4233/4613/9373
s 471
f 4270/4614/9374 4286/4615/9375 4287/4616/9376 4273/4617/9377
s 472
f 4240/4618/9378 4289/4619/9379 4290/4620/9380 4243/4621/9381
s 473
f 4274/4622/9382 4292/4623/9383 4293/4624/9384 4277/4625/9385
s 474
f 4234/4626/9386 4278/4627/9387 4279/4628/9388 4244/4629/9389
s off
f 4277/4625/9390 4270/4614/9391 4273/4617/9392 4274/4622/9393
s 475
f 4287/4616/9394 4288/4630/9395 4236/4631/9396 4273/4617/9397
s off
f 4238/4632/9398 4237/4633/9399 4272/4634/9400 4275/4635/9401
s 476
f 4236/4631/9402 4288/4630/9403 4289/4619/9404 4240/4618/9405
s off
f 4237/4633/9406 4238/4632/9407 4242/4636/9408 4241/4637/9409
s 477
f 4290/4620/9410 4291/4638/9411 4239/4639/9412 4243/4621/9413
s off
f 4239/4639/9414 4236/4631/9415 4240/4618/9416 4243/4621/9417
f 4271/4640/9418 4276/4641/9419 4275/4635/9420 4272/4634/9421
s 478
f 4245/4642/9422 4244/4629/9423 4279/4628/9424 4280/4643/9425
s 479
f 4247/4644/9426 4246/4645/9427 4235/4646/9428 4248/4647/9429
s 480
f 4249/4648/9430 4299/4649/9431 4278/4627/9432 4234/4626/9433
s 481
f 4234/4626/9434 4244/4629/9435 4245/4642/9436 4249/4648/9437
f 4249/4648/9437 4245/4642/9436 4251/4650/9438 4250/4651/9439
s 482
f 4245/4642/9440 4280/4643/9441 4281/4652/9442 4251/4650/9443
s 479
f 4247/4644/9426 4248/4647/9429 4253/4653/9444 4252/4654/9445
s 480
f 4250/4651/9446 4298/4655/9447 4299/4649/9431 4249/4648/9430
s off
f 4258/4656/9448 4259/4657/9449 4260/4658/9450 4261/4659/9451
f 4259/4657/9452 4282/4660/9453 4283/4661/9454 4260/4658/9455
f 4262/4662/9456 4264/4663/9457 4265/4664/9458 4263/4665/9459
s 483
f 4261/4659/9460 4296/4666/9461 4297/4667/9462 4258/4656/9463
s off
f 4250/4668/9464 4251/4669/9465 4259/4657/9466 4258/4656/9467
f 4255/4670/9468 4254/4671/9469 4261/4659/9470 4260/4658/9471
s 484
f 4251/4669/9472 4281/4672/9473 4282/4660/9474 4259/4657/9475
s 485
f 4283/4661/9476 4284/4673/9477 4255/4670/9478 4260/4658/9479
s off
f 4252/4674/9480 4253/4675/9481 4264/4663/9482 4262/4662/9483
f 4257/4676/9484 4256/4677/9485 4263/4665/9486 4265/4664/9487
s 486
f 4254/4671/9488 4295/4678/9489 4296/4666/9490 4261/4659/9491
s 487
f 4297/4667/9492 4298/4679/9493 4250/4668/9494 4258/4656/9495
s off
f 4254/4680/9496 4255/4681/9497 4267/4682/9498 4266/4683/9499
s 488
f 4255/4681/9500 4284/4684/9501 4285/4685/9502 4267/4682/9503
s off
f 4256/4686/9504 4257/4687/9505 4269/4688/9506 4268/4689/9507
s 489
f 4266/4683/9508 4294/4690/9509 4295/4691/9510 4254/4680/9511
s 490
f 4267/4692/9512 4285/4693/9513 4286/4615/9514 4270/4614/9515
s 491
f 4291/4638/9516 4292/4623/9517 4274/4622/9518 4239/4639/9519
s 492
f 4293/4624/9520 4294/4694/9521 4266/4695/9522 4277/4625/9523
s off
f 4266/4695/9524 4267/4692/9525 4270/4614/9526 4277/4625/9527
f 4239/4639/9528 4274/4622/9529 4273/4617/9530 4236/4631/9531
f 4268/4696/9532 4269/4697/9533 4276/4641/9534 4271/4640/9535
s 474
f 4300/4698/9536 4301/4699/9537 4235/4646/9538 4246/4645/9539
s 478
f 4321/4700/9540 4300/4698/9541 4246/4645/9542 4247/4644/9543
s 482
f 4320/4701/9544 4321/4700/9545 4247/4644/9546 4252/4654/9547
s 484
f 4319/4702/9548 4320/4703/9549 4252/4674/9550 4262/4662/9551
s off
f 4318/4704/9552 4319/4702/9553 4262/4662/9554 4263/4665/9555
s 485
f 4256/4677/9556 4317/4705/9557 4318/4704/9558 4263/4665/9559
s 488
f 4316/4706/9560 4317/4707/9561 4256/4686/9562 4268/4689/9563
s 490
f 4315/4708/9564 4316/4709/9565 4268/4696/9566 4271/4640/9567
s 471
f 4314/4710/9568 4315/4708/9569 4271/4640/9570 4272/4634/9571
s 475
f 4237/4633/9572 4313/4711/9573 4314/4710/9574 4272/4634/9575
s 476
f 4312/4712/9576 4313/4711/9577 4237/4633/9578 4241/4637/9579
s 472
f 4311/4713/9580 4312/4712/9581 4241/4637/9582 4242/4636/9583
s 477
f 4238/4632/9584 4310/4714/9585 4311/4713/9586 4242/4636/9587
s 491
f 4238/4632/9588 4275/4635/9589 4309/4715/9590 4310/4714/9591
s 473
f 4308/4716/9592 4309/4715/9593 4275/4635/9594 4276/4641/9595
s 492
f 4269/4697/9596 4307/4717/9597 4308/4716/9598 4276/4641/9599
s 489
f 4306/4718/9600 4307/4719/9601 4269/4688/9602 4257/4687/9603
s 486
f 4305/4720/9604 4306/4721/9605 4257/4676/9606 4265/4664/9607
s 483
f 4304/4722/9608 4305/4720/9609 4265/4664/9610 4264/4663/9611
s 487
f 4253/4675/9612 4303/4723/9613 4304/4722/9614 4264/4663/9615
s 480
f 4302/4724/9616 4303/4725/9617 4253/4653/9618 4248/4647/9619
f 4301/4699/9620 4302/4724/9616 4248/4647/9619 4235/4646/9621
s 474
f 4279/4628/9388 4278/4627/9387 4301/4699/9537 4300/4698/9536
s 480
f 4278/4627/9432 4299/4649/9431 4302/4724/9616 4301/4699/9620
f 4299/4649/9431 4298/4655/9447 4303/4725/9617 4302/4724/9616
s 487
f 4304/4722/9614 4303/4723/9613 4298/4679/9493 4297/4667/9492
s 483
f 4297/4667/9462 4296/4666/9461 4305/4720/9609 4304/4722/9608
s 486
f 4296/4666/9490 4295/4678/9489 4306/4721/9605 4305/4720/9604
s 489
f 4295/4691/9510 4294/4690/9509 4307/4719/9601 4306/4718/9600
s 492
f 4308/4716/9598 4307/4717/9597 4294/4694/9521 4293/4624/9520
s 473
f 4293/4624/9384 4292/4623/9383 4309/4715/9593 4308/4716/9592
s 491
f 4310/4714/9591 4309/4715/9590 4292/4623/9517 4291/4638/9516
s 477
f 4311/4713/9586 4310/4714/9585 4291/4638/9411 4290/4620/9410
s 472
f 4290/4620/9380 4289/4619/9379 4312/4712/9581 4311/4713/9580
s 476
f 4289/4619/9404 4288/4630/9403 4313/4711/9577 4312/4712/9576
s 475
f 4314/4710/9574 4313/4711/9573 4288/4630/9395 4287/4616/9394
s 471
f 4287/4616/9376 4286/4615/9375 4315/4708/9569 4314/4710/9568
s 490
f 4286/4615/9514 4285/4693/9513 4316/4709/9565 4315/4708/9564
s 488
f 4285/4685/9502 4284/4684/9501 4317/4707/9561 4316/4706/9560
s 485
f 4318/4704/9558 4317/4705/9557 4284/4673/9477 4283/4661/9476
s off
f 4323/4726/9622 4322/4727/9623 4324/4728/9624 4325/4729/9625
s 484
f 4282/4660/9474 4281/4672/9473 4320/4703/9549 4319/4702/9548
s 482
f 4281/4652/9442 4280/4643/9441 4321/4700/9545 4320/4701/9544
s 478
f 4280/4643/9425 4279/4628/9424 4300/4698/9541 4321/4700/9540
s off
f 4283/4730/9626 4282/4731/9627 4322/4727/9628 4323/4726/9629
f 4282/4731/9630 4319/4732/9631 4324/4728/9632 4322/4727/9633
f 4319/4732/9634 4318/4733/9635 4325/4729/9636 4324/4728/9637
f 4318/4733/9638 4283/4730/9639 4323/4726/9640 4325/4729/9641
s 493
f 4326/4734/9642 4327/4735/9643 4341/4736/9644 4338/4737/9645
s off
f 4328/4738/9646 4329/4739/9647 4331/4740/9648 4330/4741/9649
s 494
f 4339/4742/9650 4340/4743/9651 4333/4744/9652 4332/4745/9653
s off
f 4332/4745/9654 4333/4744/9655 4327/4735/9656 4326/4734/9657
f 4343/4746/9658 4342/4747/9659 4344/4748/9660 4345/4749/9661
f 4332/4745/9662 4326/4734/9663 4338/4737/9664 4339/4742/9665
f 4335/4750/9666 4334/4751/9667 4328/4738/9668 4330/4741/9669
s 494
f 4330/4741/9670 4331/4740/9671 4336/4752/9672 4335/4750/9673
s off
f 4347/4753/9674 4346/4754/9675 4348/4755/9676 4349/4756/9677
s 493
f 4334/4751/9678 4337/4757/9679 4329/4739/9680 4328/4738/9681
s off
f 4339/4742/9682 4338/4737/9683 4334/4751/9684 4335/4750/9685
s 494
f 4335/4750/9673 4336/4752/9672 4340/4743/9651 4339/4742/9650
s off
f 4341/4736/9686 4340/4743/9687 4336/4752/9688 4337/4757/9689
s 493
f 4338/4737/9645 4341/4736/9644 4337/4757/9679 4334/4751/9678
s off
f 4327/4735/9690 4333/4744/9691 4342/4747/9692 4343/4746/9693
f 4333/4744/9694 4340/4743/9695 4344/4748/9696 4342/4747/9697
f 4340/4743/9698 4341/4736/9699 4345/4749/9700 4344/4748/9701
f 4341/4736/9702 4327/4735/9703 4343/4746/9704 4345/4749/9705
f 4337/4757/9706 4336/4752/9707 4346/4754/9708 4347/4753/9709
f 4336/4752/9710 4331/4740/9711 4348/4755/9712 4346/4754/9713
f 4331/4740/9714 4329/4739/9715 4349/4756/9716 4348/4755/9717
f 4329/4739/9718 4337/4757/9719 4347/4753/9720 4349/4756/9721
s 495
f 4350/4758/9722 4351/4759/9723 4365/4760/9724 4362/4761/9725
s off
f 4352/4762/9726 4353/4763/9727 4355/4764/9728 4354/4765/9729
s 496
f 4363/4766/9730 4364/4767/9731 4357/4768/9732 4356/4769/9733
s off
f 4356/4769/9734 4357/4768/9735 4351/4759/9736 4350/4758/9737
f 4367/4770/9738 4366/4771/9739 4368/4772/9740 4369/4773/9741
f 4356/4769/9742 4350/4758/9743 4362/4761/9744 4363/4766/9745
f 4359/4774/9746 4358/4775/9747 4352/4762/9748 4354/4765/9749
s 496
f 4354/4765/9750 4355/4764/9751 4360/4776/9752 4359/4774/9753
s off
f 4371/4777/9754 4370/4778/9755 4372/4779/9756 4373/4780/9757
s 495
f 4358/4775/9758 4361/4781/9759 4353/4763/9760 4352/4762/9761
s off
f 4363/4766/9762 4362/4761/9763 4358/4775/9764 4359/4774/9765
s 496
f 4359/4774/9753 4360/4776/9752 4364/4767/9731 4363/4766/9730
s off
f 4365/4760/9766 4364/4767/9767 4360/4776/9768 4361/4781/9769
s 495
f 4362/4761/9725 4365/4760/9724 4361/4781/9759 4358/4775/9758
s off
f 4351/4759/9770 4357/4768/9771 4366/4771/9772 4367/4770/9773
f 4357/4768/9774 4364/4767/9775 4368/4772/9776 4366/4771/9777
f 4364/4767/9778 4365/4760/9779 4369/4773/9780 4368/4772/9781
f 4365/4760/9782 4351/4759/9783 4367/4770/9784 4369/4773/9785
f 4361/4781/9786 4360/4776/9787 4370/4778/9788 4371/4777/9789
f 4360/4776/9790 4355/4764/9791 4372/4779/9792 4370/4778/9793
f 4355/4764/9794 4353/4763/9795 4373/4780/9796 4372/4779/9797
f 4353/4763/9798 4361/4781/9799 4371/4777/9800 4373/4780/9801
f 4374/4782/9802 4375/4783/9803 4377/4784/9804 4376/4785/9805
s 497
f 4376/4785/9806 4377/4784/9807 4385/4786/9808 4382/4787/9809
s off
f 4378/4788/9810 4379/4789/9811 4381/4790/9812 4380/4791/9813
s 498
f 4383/4792/9814 4384/4793/9815 4375/4783/9816 4374/4782/9817
s 499
f 4375/4783/9818 4384/4793/9819 4385/4786/9820 4377/4784/9821
s 500
f 4382/4787/9822 4383/4792/9823 4374/4782/9824 4376/4785/9825
f 4380/4791/9826 4383/4792/9823 4382/4787/9822 4378/4788/9827
s 498
f 4380/4791/9828 4381/4790/9829 4384/4793/9815 4383/4792/9814
s 499
f 4385/4786/9820 4384/4793/9819 4381/4790/9830 4379/4789/9831
s 497
f 4382/4787/9809 4385/4786/9808 4379/4789/9832 4378/4788/9833
s off
f 4386/4794/9834 4387/4795/9835 4389/4796/9836 4388/4797/9837
s 501
f 4388/4797/9838 4389/4796/9839 4397/4798/9840 4394/4799/9841
s off
f 4390/4800/9842 4391/4801/9843 4393/4802/9844 4392/4803/9845
s 502
f 4395/4804/9846 4396/4805/9847 4387/4795/9848 4386/4794/9849
s 503
f 4387/4795/9850 4396/4805/9851 4397/4798/9852 4389/4796/9853
s 504
f 4394/4799/9854 4395/4804/9855 4386/4794/9856 4388/4797/9857
f 4392/4803/9858 4395/4804/9855 4394/4799/9854 4390/4800/9859
s 502
f 4392/4803/9860 4393/4802/9861 4396/4805/9847 4395/4804/9846
s 503
f 4397/4798/9852 4396/4805/9851 4393/4802/9862 4391/4801/9863
s 501
f 4394/4799/9841 4397/4798/9840 4391/4801/9864 4390/4800/9865
s off
f 4398/4806/9866 4399/4807/9867 4401/4808/9868 4400/4809/9869
f 4400/4809/9870 4401/4808/9871 4403/4810/9872 4402/4811/9873
f 4402/4811/9874 4403/4810/9875 4405/4812/9876 4404/4813/9877
f 4404/4813/9878 4405/4812/9879 4399/4807/9880 4398/4806/9881
f 4399/4807/9882 4405/4812/9883 4403/4810/9884 4401/4808/9885
f 4404/4813/9886 4398/4806/9887 4400/4809/9888 4402/4811/9889
f 4406/4814/9890 4407/4815/9891 4409/4816/9892 4408/4817/9893
f 4408/4817/9894 4409/4816/9895 4411/4818/9896 4410/4819/9897
f 4410/4819/9898 4411/4818/9899 4413/4820/9900 4412/4821/9901
f 4412/4821/9902 4413/4820/9903 4407/4815/9904 4406/4814/9905
f 4407/4815/9906 4413/4820/9907 4411/4818/9908 4409/4816/9909
f 4412/4821/9910 4406/4814/9911 4408/4817/9912 4410/4819/9913
f 4414/4822/9914 4415/4823/9915 4417/4824/9916 4416/4825/9917
f 4416/4825/9918 4417/4824/9919 4419/4826/9920 4418/4827/9921
f 4418/4827/9922 4419/4826/9923 4421/4828/9924 4420/4829/9925
f 4420/4829/9926 4421/4828/9927 4415/4823/9928 4414/4822/9929
f 4415/4823/9930 4421/4828/9931 4419/4826/9932 4417/4824/9933
f 4420/4829/9934 4414/4822/9935 4416/4825/9936 4418/4827/9937
