# This file uses centimeters as units for non-parametric coordinates.

mtllib scene_building_left_2.mtl
g default
v -1838.115234 247.618225 176.912842
v -1250.201172 338.473602 176.912842
v -1840.878906 265.501068 176.912842
v -1252.964844 356.356445 176.912842
v -1840.878906 265.501068 -557.190125
v -1252.964844 356.356445 -557.190125
v -1838.115234 247.618225 -557.190125
v -1250.201172 338.473602 -557.190125
v -1545.540527 301.987335 176.912720
v -1544.158203 293.045898 176.912842
v -1251.583008 347.415039 176.912842
v -1546.921875 310.928772 176.912842
v -1839.497070 256.559662 176.912842
v -1546.922852 310.928711 -190.138794
v -1252.964844 356.356445 -190.138672
v -1546.921875 310.928772 -557.190125
v -1840.878906 265.501068 -190.138672
v -1545.540527 301.987335 -557.190125
v -1251.583008 347.415039 -557.190125
v -1544.158203 293.045898 -557.190125
v -1839.497070 256.559662 -557.190125
v -1544.159180 293.045868 -190.138794
v -1250.201172 338.473602 -190.138672
v -1838.115234 247.618225 -190.138672
v -1251.583008 347.415009 -190.138794
v -1839.497070 256.559662 -190.138794
v -1454.576172 312.179840 -435.910522
v -1442.990723 312.179840 -442.599609
v -1434.391602 312.179840 -452.846802
v -1429.816406 312.179840 -465.416748
v -1429.816406 312.179840 -478.793823
v -1434.391602 312.179840 -491.364014
v -1442.990723 312.179840 -501.611816
v -1454.576172 312.179840 -508.300293
v -1467.748047 312.179840 -510.622925
v -1480.922852 312.179840 -508.300293
v -1492.507812 312.179840 -501.611816
v -1501.104980 312.179840 -491.364014
v -1505.680176 312.179840 -478.793823
v -1505.680176 312.179840 -465.416748
v -1501.104980 312.179840 -452.846802
v -1492.507812 312.179840 -442.599609
v -1480.922852 312.179840 -435.910522
v -1467.748047 312.179840 -433.587891
v -1454.576172 382.203369 -435.910522
v -1442.990723 382.203369 -442.599609
v -1434.391602 382.203369 -452.846802
v -1429.816406 382.203369 -465.416748
v -1429.816406 382.203369 -478.793823
v -1434.391602 382.203369 -491.364014
v -1442.990723 382.203369 -501.611816
v -1454.576172 382.203369 -508.300293
v -1467.748047 382.203369 -510.622925
v -1480.922852 382.203369 -508.300293
v -1492.507812 382.203369 -501.611816
v -1501.104980 382.203369 -491.364014
v -1505.680176 382.203369 -478.793823
v -1505.680176 382.203369 -465.416748
v -1501.104980 382.203369 -452.846802
v -1492.507812 382.203369 -442.599609
v -1480.922852 382.203369 -435.910522
v -1467.748047 382.203369 -433.587891
v -1467.748047 312.179840 -472.105225
v -1451.692871 382.203369 -427.993408
v -1437.574219 382.203369 -436.145142
v -1427.094238 382.203369 -448.633667
v -1421.519043 382.203369 -463.953979
v -1421.519043 382.203369 -480.256592
v -1427.094238 382.203369 -495.576782
v -1437.574219 382.203369 -508.066284
v -1451.692871 382.203369 -516.217407
v -1467.748047 382.203369 -519.048462
v -1483.803223 382.203369 -516.217407
v -1497.924316 382.203369 -508.066284
v -1508.402344 382.203369 -495.576782
v -1513.979492 382.203369 -480.256592
v -1513.979492 382.203369 -463.953979
v -1508.402344 382.203369 -448.633667
v -1497.924316 382.203369 -436.145142
v -1483.803223 382.203369 -427.993408
v -1467.748047 382.203369 -425.162109
v -1451.692871 411.563171 -427.993408
v -1437.574219 411.563171 -436.145142
v -1427.094238 411.563171 -448.633667
v -1421.519043 411.563171 -463.953979
v -1421.519043 411.563171 -480.256592
v -1427.094238 411.563171 -495.576782
v -1437.574219 411.563171 -508.066284
v -1451.692871 411.563171 -516.217407
v -1467.748047 411.563171 -519.048462
v -1483.803223 411.563171 -516.217407
v -1497.924316 411.563171 -508.066284
v -1508.402344 411.563171 -495.576782
v -1513.979492 411.563171 -480.256592
v -1513.979492 411.563171 -463.953979
v -1508.402344 411.563171 -448.633667
v -1497.924316 411.563171 -436.145142
v -1483.803223 411.563171 -427.993408
v -1467.748047 411.563171 -425.162109
v -1455.437500 411.563171 -438.279907
v -1444.610840 411.563171 -444.530151
v -1436.574219 411.563171 -454.107300
v -1432.298340 411.563171 -465.854858
v -1432.298340 411.563171 -478.355957
v -1436.574219 411.563171 -490.104126
v -1444.610840 411.563171 -499.680664
v -1455.437500 411.563171 -505.930908
v -1467.748047 411.563171 -508.102173
v -1480.061035 411.563171 -505.930908
v -1490.886719 411.563171 -499.680664
v -1498.923340 411.563171 -490.104126
v -1503.198242 411.563171 -478.355957
v -1503.198242 411.563171 -465.854858
v -1498.923340 411.563171 -454.107300
v -1490.886719 411.563171 -444.530151
v -1480.061035 411.563171 -438.279907
v -1467.748047 411.563171 -436.108398
v -1455.437500 468.643250 -438.279907
v -1444.610840 468.643250 -444.530151
v -1436.574219 468.643250 -454.107300
v -1432.298340 468.643250 -465.854858
v -1432.298340 468.643250 -478.355957
v -1436.574219 468.643250 -490.104126
v -1444.610840 468.643250 -499.680664
v -1455.437500 468.643250 -505.930908
v -1467.748047 468.643250 -508.102173
v -1480.061035 468.643250 -505.930908
v -1490.886719 468.643250 -499.680664
v -1498.923340 468.643250 -490.104126
v -1503.198242 468.643250 -478.355957
v -1503.198242 468.643250 -465.854858
v -1498.923340 468.643250 -454.107300
v -1490.886719 468.643250 -444.530151
v -1480.061035 468.643250 -438.279907
v -1467.748047 468.643250 -436.108398
v -1454.126465 482.265320 -438.279907
v -1443.545898 479.967834 -444.530151
v -1435.692871 478.262451 -454.107300
v -1431.514160 477.355225 -465.854858
v -1431.514160 477.355225 -478.355957
v -1435.692871 478.262451 -490.104126
v -1443.545898 479.967834 -499.680664
v -1454.126465 482.265320 -505.930908
v -1466.156738 484.877869 -508.102173
v -1478.187988 487.490540 -505.930908
v -1488.768066 489.788025 -499.680664
v -1496.621094 491.493286 -490.104126
v -1500.799316 492.400635 -478.355957
v -1500.799316 492.400635 -465.854858
v -1496.621094 491.493286 -454.107300
v -1488.768066 489.788025 -444.530151
v -1478.187988 487.490540 -438.279907
v -1466.156738 484.877869 -436.108398
v -1450.062012 500.492004 -438.279907
v -1440.215332 495.989502 -444.530151
v -1432.907227 492.647522 -454.107300
v -1429.019043 490.869446 -465.854858
v -1429.019043 490.869446 -478.355957
v -1432.907227 492.647522 -490.104126
v -1440.215332 495.989502 -499.680664
v -1450.062012 500.492004 -505.930908
v -1461.258301 505.611755 -508.102173
v -1472.454590 510.731934 -505.930908
v -1482.300293 515.234314 -499.680664
v -1489.608398 518.576172 -490.104126
v -1493.496582 520.354248 -478.355957
v -1493.496582 520.354248 -465.854858
v -1489.608398 518.576172 -454.107300
v -1482.300293 515.234314 -444.530151
v -1472.454590 510.731934 -438.279907
v -1461.258301 505.611755 -436.108398
v -1438.405762 516.362732 -438.279907
v -1431.136719 508.338867 -444.530151
v -1425.741211 502.383179 -454.107300
v -1422.871094 499.214539 -465.854858
v -1422.871094 499.214539 -478.355957
v -1425.741211 502.383179 -490.104126
v -1431.136719 508.338867 -499.680664
v -1438.405762 516.362732 -505.930908
v -1446.671387 525.486694 -508.102173
v -1454.937500 534.611206 -505.930908
v -1462.206055 542.634949 -499.680664
v -1467.600586 548.590393 -490.104126
v -1470.471680 551.758972 -478.355957
v -1470.471680 551.758972 -465.854858
v -1467.600586 548.590393 -454.107300
v -1462.206055 542.634949 -444.530151
v -1454.937500 534.611206 -438.279907
v -1446.671387 525.486694 -436.108398
v -1423.568848 524.569458 -438.254639
v -1420.307129 514.231934 -444.482910
v -1417.864258 506.555359 -454.043579
v -1416.533691 502.466461 -465.782104
v -1416.476074 502.457581 -478.282959
v -1417.698242 506.529785 -490.039551
v -1420.053711 514.192749 -499.632690
v -1423.257324 524.521301 -505.905518
v -1426.922852 536.269470 -508.101562
v -1430.607910 548.021484 -505.955933
v -1433.868652 558.358704 -499.727661
v -1436.311523 566.034912 -490.167847
v -1437.642578 570.123901 -478.428711
v -1437.700195 570.132751 -465.927856
v -1436.477539 566.060486 -454.171631
v -1434.122559 558.397888 -444.578125
v -1430.919434 548.069580 -438.305298
v -1427.253906 536.320679 -436.109009
v -1408.712891 526.355164 -438.279907
v -1408.753418 515.528442 -444.530151
v -1408.782715 507.492218 -454.107300
v -1408.798340 503.216675 -465.854858
v -1408.798340 503.216675 -478.355957
v -1408.782715 507.492218 -490.104126
v -1408.753418 515.528442 -499.680664
v -1408.712891 526.355164 -505.930908
v -1408.666992 538.666199 -508.102173
v -1408.621582 550.977966 -505.930908
v -1408.581055 561.804443 -499.680664
v -1408.550781 569.840210 -490.104126
v -1408.535156 574.115784 -478.355957
v -1408.535156 574.115784 -465.854858
v -1408.550781 569.840210 -454.107300
v -1408.581055 561.804443 -444.530151
v -1408.621582 550.977966 -438.279907
v -1408.666992 538.666199 -436.108398
v -1396.408691 525.598145 -438.279907
v -1396.371094 514.771423 -444.530151
v -1396.342285 506.735229 -454.107300
v -1396.327637 502.459656 -465.854858
v -1396.327637 502.459656 -478.355957
v -1396.342285 506.735229 -490.104126
v -1396.371094 514.771423 -499.680664
v -1396.408691 525.598145 -505.930908
v -1396.451172 537.909241 -508.102173
v -1396.494629 550.221008 -505.930908
v -1396.532227 561.047485 -499.680664
v -1396.561035 569.083313 -490.104126
v -1396.575684 573.358826 -478.355957
v -1396.575684 573.358826 -465.854858
v -1396.561035 569.083313 -454.107300
v -1396.532227 561.047485 -444.530151
v -1396.494629 550.221008 -438.279907
v -1396.451172 537.909241 -436.108398
v -1396.397461 523.555847 -432.656616
v -1396.350586 510.933105 -439.945801
v -1396.315918 501.563660 -451.115234
v -1396.296875 496.578857 -464.815430
v -1396.296875 496.578857 -479.395020
v -1396.315918 501.563660 -493.096436
v -1396.350586 510.933105 -504.265015
v -1396.397461 523.555847 -511.553955
v -1396.451172 537.909241 -514.086426
v -1396.505371 552.263428 -511.553955
v -1396.552246 564.885925 -504.265015
v -1396.587402 574.254761 -493.096436
v -1396.606934 579.239685 -479.395020
v -1396.606934 579.239685 -464.815430
v -1396.587402 574.254761 -451.115234
v -1396.552246 564.885925 -439.945801
v -1396.505371 552.263428 -432.656616
v -1396.451172 537.909241 -430.124146
v -1360.686523 523.556458 -432.656616
v -1360.810059 510.934174 -439.945801
v -1360.901367 501.565186 -451.115234
v -1360.949707 496.580505 -464.815430
v -1360.949707 496.580505 -479.395020
v -1360.901367 501.565186 -493.096436
v -1360.810059 510.934174 -504.265015
v -1360.686523 523.556458 -511.553955
v -1360.546387 537.909241 -514.086426
v -1360.406250 552.262878 -511.553955
v -1360.282715 564.884827 -504.265015
v -1360.190918 574.253296 -493.096436
v -1360.142578 579.237976 -479.395020
v -1360.142578 579.237976 -464.815430
v -1360.190918 574.253296 -451.115234
v -1360.282715 564.884827 -439.945801
v -1360.406250 552.262878 -432.656616
v -1360.546387 537.909241 -430.124146
v -1360.678223 514.174805 -443.809326
v -1360.616699 525.280701 -437.395752
v -1360.546387 537.909241 -435.167480
v -1360.476074 550.538452 -437.395752
v -1360.414551 561.644104 -443.809326
v -1360.368652 569.887024 -453.636719
v -1360.344238 574.272888 -465.691406
v -1360.344238 574.272888 -478.519165
v -1360.368652 569.887024 -490.574585
v -1360.414551 561.644104 -500.401245
v -1360.476074 550.538452 -506.814819
v -1360.546387 537.909241 -509.043091
v -1360.616699 525.280701 -506.814819
v -1360.678223 514.174805 -500.401245
v -1360.723633 505.931366 -490.574585
v -1360.748047 501.545593 -478.519165
v -1360.748047 501.545593 -465.691406
v -1360.723633 505.931366 -453.636719
v -1280.791992 514.174805 -443.809326
v -1280.730957 525.280701 -437.395752
v -1280.660156 537.909241 -472.105225
v -1280.660156 537.909241 -435.167480
v -1280.590332 550.538452 -437.395752
v -1280.528320 561.644104 -443.809326
v -1280.482910 569.887024 -453.636719
v -1280.458496 574.272888 -465.691406
v -1280.458496 574.272888 -478.519165
v -1280.482910 569.887024 -490.574585
v -1280.528320 561.644104 -500.401245
v -1280.590332 550.538452 -506.814819
v -1280.660156 537.909241 -509.043091
v -1280.730957 525.280701 -506.814819
v -1280.791992 514.174805 -500.401245
v -1280.837891 505.931366 -490.574585
v -1280.862305 501.545593 -478.519165
v -1280.862305 501.545593 -465.691406
v -1280.837891 505.931366 -453.636719
v -1373.119629 314.114014 -392.239014
v -1369.928223 314.114014 -395.434814
v -1368.761230 314.114014 -399.789062
v -1369.928223 314.114014 -404.151611
v -1373.119629 314.114014 -407.339355
v -1377.479004 314.114014 -408.513184
v -1381.838867 314.114014 -407.339355
v -1385.029785 314.114014 -404.151611
v -1386.198242 314.114014 -399.789062
v -1385.029785 314.114014 -395.434814
v -1381.838867 314.114014 -392.239014
v -1377.479004 314.114014 -391.073486
v -1373.119629 451.491455 -392.239014
v -1369.928223 451.491455 -395.434814
v -1368.761230 451.491455 -399.789062
v -1369.928223 451.491455 -404.151611
v -1373.119629 451.491455 -407.339355
v -1377.479004 451.491455 -408.513184
v -1381.838867 451.491455 -407.339355
v -1385.029785 451.491455 -404.151611
v -1386.198242 451.491455 -399.789062
v -1385.029785 451.491455 -395.434814
v -1381.838867 451.491455 -392.239014
v -1377.479004 451.491455 -391.073486
v -1371.743652 451.491455 -389.850586
v -1367.544434 451.491455 -394.057617
v -1366.006348 451.491455 -399.789062
v -1367.544434 451.491455 -405.529053
v -1371.743652 451.491455 -409.727539
v -1377.479004 451.491455 -411.266235
v -1383.215820 451.491455 -409.727539
v -1387.414062 451.491455 -405.529053
v -1388.952148 451.491455 -399.789062
v -1387.414062 451.491455 -394.057617
v -1383.215820 451.491455 -389.850586
v -1377.479004 451.491455 -388.320190
v -1371.743652 459.269836 -389.850586
v -1367.544434 459.269836 -394.057617
v -1366.006348 459.269836 -399.789062
v -1367.544434 459.269836 -405.529053
v -1371.743652 459.269836 -409.727539
v -1377.479004 459.269836 -411.266235
v -1383.215820 459.269836 -409.727539
v -1387.414062 459.269836 -405.529053
v -1388.952148 459.269836 -399.789062
v -1387.414062 459.269836 -394.057617
v -1383.215820 459.269836 -389.850586
v -1377.479004 459.269836 -388.320190
v -1373.025879 459.269836 -392.074951
v -1369.765137 459.269836 -395.339111
v -1368.570801 459.269836 -399.789062
v -1369.765137 459.269836 -404.246094
v -1373.025879 459.269836 -407.503174
v -1377.479004 459.269836 -408.697388
v -1381.934570 459.269836 -407.503174
v -1385.194336 459.269836 -404.246094
v -1386.388672 459.269836 -399.789062
v -1385.194336 459.269836 -395.339111
v -1381.934570 459.269836 -392.074951
v -1377.479004 459.269836 -390.880737
v -1373.025879 464.895782 -392.074951
v -1369.765137 464.895782 -395.339111
v -1368.570801 464.895782 -399.789062
v -1369.765137 464.895782 -404.246094
v -1373.025879 464.895782 -407.503174
v -1377.479004 464.895782 -408.697388
v -1381.934570 464.895782 -407.503174
v -1385.194336 464.895782 -404.246094
v -1386.388672 464.895782 -399.789062
v -1385.194336 464.895782 -395.339111
v -1381.934570 464.895782 -392.074951
v -1377.479004 464.895782 -390.880737
v -1371.432129 464.895782 -389.312012
v -1367.006348 464.895782 -393.741699
v -1365.384277 464.895782 -399.789062
v -1367.006348 464.895782 -405.836426
v -1371.432129 464.895782 -410.256470
v -1377.481445 464.895782 -411.884888
v -1383.528320 464.895782 -410.256470
v -1387.955078 464.895782 -405.836426
v -1389.576172 464.895782 -399.789062
v -1387.955078 464.895782 -393.741699
v -1383.528320 464.895782 -389.312012
v -1377.481445 464.895782 -387.693237
v -1371.432129 471.602417 -389.312012
v -1367.006348 471.602417 -393.741699
v -1365.384277 471.602417 -399.789062
v -1367.006348 471.602417 -405.836426
v -1371.432129 471.602417 -410.256470
v -1377.481445 471.602417 -411.884888
v -1383.528320 471.602417 -410.256470
v -1387.955078 471.602417 -405.836426
v -1389.576172 471.602417 -399.789062
v -1387.955078 471.602417 -393.741699
v -1383.528320 471.602417 -389.312012
v -1377.481445 471.602417 -387.693237
v -1373.015625 471.602417 -392.055786
v -1369.748047 471.602417 -395.321167
v -1368.552734 471.602417 -399.789062
v -1369.748047 471.602417 -404.247437
v -1373.015625 471.602417 -407.512695
v -1377.481445 471.602417 -408.716553
v -1381.945801 471.602417 -407.512695
v -1385.212402 471.602417 -404.247437
v -1386.409180 471.602417 -399.789062
v -1385.212402 471.602417 -395.321167
v -1381.945801 471.602417 -392.055786
v -1377.481445 471.602417 -390.860596
v -1373.015625 543.029907 -392.055786
v -1369.748047 543.029907 -395.321167
v -1368.552734 543.029907 -399.789062
v -1369.748047 543.029907 -404.247437
v -1373.015625 543.029907 -407.512695
v -1377.481445 543.029907 -408.716553
v -1381.945801 543.029907 -407.512695
v -1385.212402 543.029907 -404.247437
v -1386.409180 543.029907 -399.789062
v -1385.212402 543.029907 -395.321167
v -1381.945801 543.029907 -392.055786
v -1377.481445 543.029907 -390.860596
v -1371.450684 543.029907 -389.340820
v -1367.034668 543.029907 -393.751221
v -1365.419434 543.029907 -399.789062
v -1367.034668 543.029907 -405.817261
v -1371.450684 543.029907 -410.227783
v -1377.481445 543.029907 -411.845581
v -1383.513184 543.029907 -410.227783
v -1387.926758 543.029907 -405.817261
v -1389.543945 543.029907 -399.789062
v -1387.926758 543.029907 -393.751221
v -1383.513184 543.029907 -389.340820
v -1377.481445 543.029907 -387.723267
v -1371.450684 550.256775 -389.340820
v -1367.034668 550.256775 -393.751221
v -1365.419434 550.256775 -399.789062
v -1367.034668 550.256775 -405.817261
v -1371.450684 550.256775 -410.227783
v -1377.481445 550.256775 -411.845581
v -1383.513184 550.256775 -410.227783
v -1387.926758 550.256775 -405.817261
v -1389.543945 550.256775 -399.789062
v -1387.926758 550.256775 -393.751221
v -1383.513184 550.256775 -389.340820
v -1377.481445 550.256775 -387.723267
v -1372.915039 550.256775 -391.872803
v -1369.573730 550.256775 -395.214844
v -1368.351074 550.256775 -399.787842
v -1369.573730 550.256775 -404.344360
v -1372.915039 550.256775 -407.686157
v -1377.481445 550.256775 -408.916382
v -1382.047363 550.256775 -407.686157
v -1385.388672 550.256775 -404.344360
v -1386.612793 550.256775 -399.787842
v -1385.388672 550.256775 -395.214844
v -1382.047363 550.256775 -391.872803
v -1377.481445 550.256775 -390.649902
v -1372.915039 556.213196 -391.872803
v -1369.573730 556.213196 -395.214844
v -1368.351074 556.213196 -399.787842
v -1369.573730 556.213196 -404.344360
v -1372.915039 556.213196 -407.686157
v -1377.481445 556.213196 -408.916382
v -1382.047363 556.213196 -407.686157
v -1385.388672 556.213196 -404.344360
v -1386.612793 556.213196 -399.787842
v -1385.388672 556.213196 -395.214844
v -1382.047363 556.213196 -391.872803
v -1377.481445 556.213196 -390.649902
v -1371.390137 556.213196 -389.233154
v -1366.931641 556.213196 -393.692749
v -1365.298828 556.213196 -399.787842
v -1366.931641 556.213196 -405.874756
v -1371.390137 556.213196 -410.324463
v -1377.481445 556.213196 -411.961548
v -1383.573242 556.213196 -410.324463
v -1388.031738 556.213196 -405.874756
v -1389.665527 556.213196 -399.787842
v -1388.031738 556.213196 -393.692749
v -1383.573242 556.213196 -389.233154
v -1377.481445 556.213196 -387.597534
v -1371.390137 563.040710 -389.233154
v -1366.931641 563.040710 -393.692749
v -1365.298828 563.040710 -399.787842
v -1366.931641 563.040710 -405.874756
v -1371.390137 563.040710 -410.324463
v -1377.481445 563.040710 -411.961548
v -1383.573242 563.040710 -410.324463
v -1388.031738 563.040710 -405.874756
v -1389.665527 563.040710 -399.787842
v -1388.031738 563.040710 -393.692749
v -1383.573242 563.040710 -389.233154
v -1377.481445 563.040710 -387.597534
v -1373.198242 563.040710 -392.364502
v -1370.062500 563.040710 -395.493530
v -1368.915527 563.040710 -399.779541
v -1370.062500 563.040710 -404.064453
v -1373.198242 563.040710 -407.194458
v -1377.482422 563.040710 -408.350342
v -1381.766113 563.040710 -407.194458
v -1384.900879 563.040710 -404.064453
v -1386.049316 563.040710 -399.779541
v -1384.900879 563.040710 -395.493530
v -1381.766113 563.040710 -392.364502
v -1377.482422 563.040710 -391.208618
v -1373.198242 583.655823 -392.364502
v -1370.062500 583.655823 -395.493530
v -1368.915527 583.655823 -399.779541
v -1370.062500 583.655823 -404.064453
v -1373.198242 583.655823 -407.194458
v -1377.482422 583.655823 -408.350342
v -1381.766113 583.655823 -407.194458
v -1384.900879 583.655823 -404.064453
v -1386.049316 583.655823 -399.779541
v -1384.900879 583.655823 -395.493530
v -1381.766113 583.655823 -392.364502
v -1377.482422 583.655823 -391.208618
v -1372.035156 590.899597 -392.364502
v -1369.005859 590.087891 -395.493530
v -1367.897461 589.791138 -399.779541
v -1369.005859 590.087891 -404.064453
v -1372.035156 590.899597 -407.194458
v -1376.172852 592.008240 -408.350342
v -1380.310547 593.116882 -407.194458
v -1383.339844 593.928467 -404.064453
v -1384.448242 594.225586 -399.779541
v -1383.339844 593.928467 -395.493530
v -1380.310547 593.116882 -392.364502
v -1376.172852 592.008240 -391.208618
v -1368.117188 596.489075 -392.364502
v -1365.653320 594.547485 -395.493530
v -1364.753418 593.837341 -399.779541
v -1365.653320 594.547485 -404.064453
v -1368.117188 596.489075 -407.194458
v -1371.480469 599.140808 -408.350342
v -1374.844238 601.792908 -407.194458
v -1377.306641 603.734009 -404.064453
v -1378.208984 604.445007 -399.779541
v -1377.306641 603.734009 -395.493530
v -1374.844238 601.792908 -392.364502
v -1371.480469 599.140808 -391.208618
v -1362.155762 601.124512 -392.364502
v -1360.633789 598.382446 -395.493530
v -1360.078125 597.378967 -399.779541
v -1360.633789 598.382446 -404.064453
v -1362.155762 601.124512 -407.194458
v -1364.233398 604.870056 -408.350342
v -1366.311523 608.616333 -407.194458
v -1367.833008 611.357971 -404.064453
v -1368.390137 612.362122 -399.779541
v -1367.833008 611.357971 -395.493530
v -1366.311523 608.616333 -392.364502
v -1364.233398 604.870056 -391.208618
v -1354.600098 602.707031 -392.364502
v -1354.434570 599.575439 -395.493530
v -1354.375000 598.429688 -399.779541
v -1354.434570 599.575439 -404.064453
v -1354.600098 602.707031 -407.194458
v -1354.824707 606.984497 -408.350342
v -1355.049316 611.262451 -407.194458
v -1355.213867 614.393433 -404.064453
v -1355.274414 615.540222 -399.779541
v -1355.213867 614.393433 -395.493530
v -1355.049316 611.262451 -392.364502
v -1354.824707 606.984497 -391.208618
v -1296.067383 602.701965 -392.364502
v -1296.129883 599.566589 -395.493530
v -1295.983398 606.984497 -399.779541
v -1296.151855 598.419556 -399.779541
v -1296.129883 599.566589 -404.064453
v -1296.067383 602.701965 -407.194458
v -1295.983398 606.984497 -408.350342
v -1295.897949 611.267456 -407.194458
v -1295.836426 614.402222 -404.064453
v -1295.813477 615.550354 -399.779541
v -1295.836426 614.402222 -395.493530
v -1295.897949 611.267456 -392.364502
v -1295.983398 606.984497 -391.208618
v -1791.007812 31.170507 41.620483
v -1290.586914 31.170507 41.620483
v -1791.007812 259.049866 41.620483
v -1290.586914 337.630310 41.620483
v -1791.007812 259.049866 -502.440308
v -1290.586914 337.630310 -502.440308
v -1791.007812 31.170507 -502.440308
v -1290.586914 31.170507 -502.440308
v -1767.104492 263.988281 14.969238
v -1266.618164 332.691895 14.969238
v -1266.618164 332.691895 -475.788940
v -1767.104492 263.988281 -475.788940
v -1767.641602 28.448889 14.969238
v -1266.080078 31.088049 14.969238
v -1266.080078 31.088049 -475.788940
v -1767.641602 28.448874 -475.788940
v -1290.586914 115.647171 41.620483
v -1791.007812 115.646858 41.620483
v -1791.007812 115.646858 -502.440308
v -1290.586914 115.647171 -502.440308
v -1290.586914 218.189484 -502.440308
v -1791.007812 218.188950 -502.440308
v -1791.007812 218.188950 41.620483
v -1290.586914 218.189484 41.620483
v -1740.965820 31.170507 41.620483
v -1740.965820 115.646889 41.620483
v -1740.965820 218.188995 41.620483
v -1740.965820 266.907928 41.620483
v -1717.055664 270.858643 14.969238
v -1717.485352 28.712820 14.969238
v -1717.486328 28.712774 -475.788940
v -1717.055664 270.858643 -475.788940
v -1740.965820 266.907928 -502.440308
v -1740.965820 218.188995 -502.440308
v -1740.965820 115.646889 -502.440308
v -1740.965820 31.170507 -502.440308
v -1380.663086 31.170507 -502.440308
v -1380.663086 115.647110 -502.440308
v -1380.663086 218.189377 -502.440308
v -1380.663086 323.485840 -502.440308
v -1356.705078 320.325256 -475.788940
v -1356.361328 30.612997 -475.788940
v -1356.361328 30.612997 14.969238
v -1356.705078 320.325256 14.969238
v -1380.663086 323.485840 41.620483
v -1380.663086 218.189377 41.620483
v -1380.663086 115.647110 41.620483
v -1380.663086 31.170507 41.620483
v -1266.270508 115.494759 14.969238
v -1381.095703 115.494698 14.969238
v -1738.213867 115.494400 14.969238
v -1767.393555 115.494286 14.969238
v -1767.393555 115.494286 -475.788940
v -1717.292969 115.494400 -475.788940
v -1356.488281 115.494690 -475.788940
v -1266.270508 115.494743 -475.788940
v -1266.413086 216.493439 14.969238
v -1381.191406 216.493347 14.969238
v -1738.071289 216.492844 14.969238
v -1767.209961 216.492676 14.969238
v -1767.209961 216.492676 -475.788940
v -1717.150391 216.492859 -475.788940
v -1356.583984 216.493347 -475.788940
v -1266.413086 216.493439 -475.788940
v -1765.986816 73.408691 41.620361
v -1765.986816 31.170507 41.620483
v -1740.965820 73.408699 41.620483
v -1765.986816 115.646873 41.620483
v -1791.007812 73.408684 41.620483
v -1742.563965 28.580839 -230.409668
v -1742.563477 28.580854 14.969238
v -1717.485840 28.712797 -230.409851
v -1742.563965 28.580824 -475.788940
v -1767.641602 28.448881 -230.409851
v -1765.986816 73.408691 -502.440308
v -1765.986816 115.646873 -502.440308
v -1740.965820 73.408699 -502.440308
v -1765.986816 31.170507 -502.440308
v -1791.007812 73.408684 -502.440308
v -1791.007812 73.408676 -230.409851
v -1791.007812 31.170507 -230.409851
v -1791.007812 115.646858 -230.409851
v -1754.060059 265.196960 28.305420
v -1765.986816 262.978882 41.620483
v -1729.010742 268.883270 28.294800
v -1742.080078 267.423462 14.969238
v -1779.056152 261.519073 28.294800
v -1754.060059 265.196930 -489.125183
v -1729.010742 268.883270 -489.114624
v -1765.986816 262.978882 -502.440308
v -1779.056152 261.519073 -489.114624
v -1742.080078 267.423462 -475.788940
v -1779.631348 261.400208 -230.409729
v -1791.007812 259.049866 -230.409851
v -1767.104492 263.988281 -230.409851
v -1745.600098 244.993973 14.969116
v -1727.563477 243.675735 14.969238
v -1752.640625 216.492767 14.969238
v -1767.157227 240.240479 14.969238
v -1741.280762 242.074066 -475.788940
v -1742.180176 216.492767 -475.788940
v -1717.103027 243.675751 -475.788940
v -1767.157227 240.240479 -475.788940
v -1767.156738 240.240463 -230.409851
v -1767.209961 216.492676 -230.409851
v -1764.954102 240.737228 41.620483
v -1765.986816 218.188965 41.620483
v -1740.965820 242.548462 41.620483
v -1791.007812 238.619415 41.620483
v -1791.007812 238.619415 -230.409851
v -1791.007812 218.188950 -230.409851
v -1791.007812 238.619415 -502.440308
v -1764.954102 240.737228 -502.440308
v -1740.965820 242.548462 -502.440308
v -1765.986816 218.188965 -502.440308
v -1765.987305 166.917923 -502.440369
v -1740.965820 166.917938 -502.440308
v -1791.007812 166.917908 -502.440308
v -1791.007812 166.917892 -230.409790
v -1791.007812 166.917908 41.620483
v -1765.987305 166.917923 41.620483
v -1740.965820 166.917938 41.620483
v -1335.625000 73.408821 41.620483
v -1380.663086 73.408806 41.620483
v -1335.625000 31.170507 41.620483
v -1290.586914 73.408836 41.620483
v -1335.625000 115.647141 41.620483
v -1335.625000 166.918274 41.620483
v -1380.663086 166.918243 41.620483
v -1290.586914 166.918320 41.620483
v -1335.625000 218.189423 41.620483
v -1334.055664 274.649719 41.620483
v -1380.663086 270.837616 41.620483
v -1290.586914 277.909912 41.620483
v -1335.625000 330.558075 41.620483
v -1323.618164 328.540680 28.307739
v -1368.684082 321.905548 28.294800
v -1278.602539 335.161102 28.294800
v -1311.661621 326.508575 14.969238
v -1316.932617 268.509033 14.969238
v -1323.802246 216.493393 14.969238
v -1368.948242 268.409302 14.969238
v -1266.515625 274.592651 14.969238
v -1311.221191 30.850521 -230.409851
v -1356.361328 30.612997 -230.409851
v -1311.220703 30.850523 14.969238
v -1266.080078 31.088049 -230.409851
v -1311.220703 30.850523 -475.788940
v -1310.190918 271.700623 -475.788940
v -1311.661621 326.508575 -475.788940
v -1356.644531 268.409302 -475.788940
v -1311.498535 216.493393 -475.788940
v -1266.515625 274.592651 -475.788940
v -1323.618652 328.540680 -489.127625
v -1335.625000 330.558075 -502.440308
v -1368.684082 321.905548 -489.114624
v -1278.602539 335.161102 -489.114624
v -1334.055664 274.649689 -502.440369
v -1380.663086 270.837616 -502.440308
v -1290.586914 277.909912 -502.440308
v -1335.625000 218.189423 -502.440308
v -1335.625000 166.918274 -502.440369
v -1380.663086 166.918243 -502.440308
v -1290.586914 166.918320 -502.440308
v -1335.625000 115.647141 -502.440308
v -1335.625000 73.408821 -502.440308
v -1380.663086 73.408806 -502.440308
v -1290.586914 73.408836 -502.440308
v -1335.625000 31.170507 -502.440308
v -1560.813965 73.408752 -502.440308
v -1560.814453 115.646996 -502.440308
v -1560.814453 31.170507 -502.440308
v -1560.813477 166.918091 -502.440247
v -1560.814453 218.189178 -502.440308
v -1549.218750 257.796844 -502.440186
v -1560.814453 295.196869 -502.440308
v -1548.872559 295.392639 -489.131104
v -1536.880371 295.591949 -475.788940
v -1526.770996 256.877502 -475.788940
v -1536.867188 216.493103 -475.788940
v -1536.923828 29.662897 -230.409973
v -1536.923340 29.662909 14.969238
v -1536.923828 29.662886 -475.788940
v -1538.369629 257.024231 14.969238
v -1559.631348 216.493103 14.969238
v -1536.880371 295.591949 14.969238
v -1548.872559 295.392639 28.311401
v -1560.814453 295.196869 41.620483
v -1549.219727 257.796814 41.620483
v -1560.814453 218.189178 41.620483
v -1560.813965 73.408752 41.620483
v -1560.814453 31.170507 41.620483
v -1560.814453 115.646996 41.620483
v -1318.399902 75.919777 14.969238
v -1368.728516 73.053848 14.969238
v -1323.683105 115.494728 14.969238
v -1266.175293 73.291405 14.969238
v -1548.401367 72.386162 14.969116
v -1727.849609 72.103607 14.969238
v -1559.654785 115.494545 14.969238
v -1747.094727 68.471710 14.969116
v -1752.803711 115.494347 14.969238
v -1767.517578 71.971588 14.969238
v -1767.517090 71.971588 -230.409790
v -1767.393555 115.494286 -230.409851
v -1767.517578 71.971581 -475.788940
v -1742.477539 72.028740 -475.788940
v -1717.389648 72.103584 -475.788940
v -1742.343262 115.494347 -475.788940
v -1537.291016 72.562080 -475.788940
v -1356.424805 73.053841 -475.788940
v -1536.890625 115.494545 -475.788940
v -1311.362305 73.164627 -475.789001
v -1311.379395 115.494713 -475.788940
v -1266.175293 73.291397 -475.788940
v -1323.743164 165.988586 14.969360
v -1381.143555 165.994019 14.969238
v -1266.341797 165.994095 14.969238
v -1752.722168 165.985596 14.969238
v -1738.142578 165.993622 14.969238
v -1767.301758 165.993469 14.969238
v -1767.301758 165.993469 -230.409851
v -1767.301758 165.993469 -475.788940
v -1742.261719 165.986694 -475.788940
v -1717.221680 165.993622 -475.788940
v -1536.878906 165.980789 -475.788940
v -1356.536133 165.994019 -475.788940
v -1311.439453 165.987839 -475.789001
v -1266.341797 165.994080 -475.788940
v -1560.260254 217.344910 28.354126
v -1739.518555 217.340912 28.294800
v -1380.927246 217.341370 28.294800
v -1739.562012 166.472046 28.374878
v -1739.589844 115.570641 28.294800
v -1560.269531 115.571075 28.349854
v -1380.879395 115.570900 28.294800
v -1380.901855 166.469849 28.374878
v -1775.281250 214.966248 69.614868
v -1345.379883 214.966248 69.754028
v -1775.281250 230.621613 69.614868
v -1345.379883 230.621613 69.754028
v -1775.263672 230.621613 49.800415
v -1345.362305 230.621613 49.939575
v -1775.263672 214.966248 49.800415
v -1345.362305 214.966248 49.939575
v -1560.330566 222.793915 69.684448
v -1560.330566 214.966248 69.684448
v -1345.379883 222.793930 69.754028
v -1560.330566 230.621613 69.684448
v -1775.281250 222.793930 69.614868
v -1560.321777 230.621613 59.777222
v -1345.371094 230.621613 59.846802
v -1560.312988 230.621613 49.869995
v -1775.272461 230.621613 59.707642
v -1560.313477 222.793915 49.869873
v -1345.362305 222.793930 49.939575
v -1560.312988 214.966248 49.869995
v -1775.263672 222.793930 49.800415
v -1560.321777 214.966248 59.777222
v -1345.371094 214.966248 59.846802
v -1775.272461 214.966248 59.707642
v -1345.371094 222.793945 59.846924
v -1775.272461 222.793945 59.707642
v -1774.256348 98.253471 84.960083
v -1349.905273 98.253471 85.112183
v -1774.256348 123.046440 84.960083
v -1349.905273 123.046440 85.112183
v -1774.228516 123.046440 48.022583
v -1349.877930 123.046440 48.174683
v -1774.228516 98.253471 48.022583
v -1349.877930 98.253471 48.174683
v -1562.080566 110.649956 85.036011
v -1562.081055 98.253471 85.036133
v -1349.905273 110.649956 85.112183
v -1562.081055 123.046440 85.036133
v -1774.256348 110.649956 84.960083
v -1562.066895 123.046440 66.567383
v -1349.891602 123.046440 66.643433
v -1562.053223 123.046440 48.098633
v -1774.242188 123.046440 66.491333
v -1562.053223 110.649956 48.098755
v -1349.877930 110.649956 48.174683
v -1562.053223 98.253471 48.098633
v -1774.228516 110.649956 48.022583
v -1562.066895 98.253471 66.567383
v -1349.891602 98.253471 66.643433
v -1774.242188 98.253471 66.491333
v -1349.892578 110.649948 66.643311
v -1774.243164 110.649948 66.491211
v -1570.297852 111.695030 37.473389
v -1555.188477 111.695030 37.473389
v -1570.297852 221.517426 37.473389
v -1555.188477 221.517426 37.473389
v -1570.297852 221.517426 22.364258
v -1555.188477 221.517426 22.364258
v -1570.297852 111.695030 22.364258
v -1555.188477 111.695030 22.364258
v -1562.743164 166.606232 37.473389
v -1562.743164 111.695030 37.473389
v -1555.188477 166.606232 37.473389
v -1562.743164 221.517426 37.473389
v -1570.297852 166.606232 37.473389
v -1562.742676 221.517426 29.918823
v -1555.188477 221.517426 29.918823
v -1562.743164 221.517426 22.364258
v -1570.297852 221.517426 29.918823
v -1562.743164 166.606216 22.364136
v -1555.188477 166.606232 22.364258
v -1562.743164 111.695030 22.364258
v -1570.297852 166.606232 22.364258
v -1562.742676 111.695023 29.918823
v -1555.188477 111.695030 29.918823
v -1570.297852 111.695030 29.918823
v -1555.188965 166.606216 29.918823
v -1570.297852 166.606216 29.918823
v -1746.831543 227.184448 57.944336
v -1746.831543 97.865471 57.944336
v -1734.441895 227.184448 57.950073
v -1734.441895 97.865471 57.950073
v -1734.437500 227.184448 49.122803
v -1734.437500 97.865471 49.122803
v -1746.826172 227.184448 49.117065
v -1746.826172 97.865471 49.117065
v -1740.636719 162.524963 57.947144
v -1746.831543 162.524963 57.944336
v -1740.636719 97.865471 57.947144
v -1734.441895 162.524963 57.950073
v -1740.636719 227.184448 57.947144
v -1734.439453 162.524963 53.536499
v -1734.439453 97.865471 53.536499
v -1734.437500 162.524963 49.122803
v -1734.439453 227.184448 53.536499
v -1740.631836 162.524963 49.119873
v -1740.631836 97.865471 49.119995
v -1746.826172 162.524963 49.117065
v -1740.631836 227.184448 49.119995
v -1746.828613 162.524963 53.530640
v -1746.829102 97.865471 53.530640
v -1746.829102 227.184448 53.530640
v -1740.634766 97.865471 53.533691
v -1740.634277 227.184448 53.533691
v -1385.117676 227.184448 57.944336
v -1385.117676 97.865471 57.944336
v -1372.727539 227.184448 57.950073
v -1372.727539 97.865471 57.950073
v -1372.722168 227.184448 49.122803
v -1372.722168 97.865471 49.122803
v -1385.111816 227.184448 49.117065
v -1385.111816 97.865471 49.117065
v -1378.922363 162.524963 57.947266
v -1385.117676 162.524963 57.944336
v -1378.922852 97.865471 57.947144
v -1372.727539 162.524963 57.950073
v -1378.922852 227.184448 57.947144
v -1372.725098 162.524963 53.536499
v -1372.724609 97.865471 53.536499
v -1372.722168 162.524963 49.122803
v -1372.724609 227.184448 53.536499
v -1378.916992 162.524963 49.119873
v -1378.916992 97.865471 49.119995
v -1385.111816 162.524963 49.117065
v -1378.916992 227.184448 49.119995
v -1385.114258 162.524963 53.530640
v -1385.114746 97.865471 53.530640
v -1385.114746 227.184448 53.530640
v -1378.919922 97.865471 53.533569
v -1378.919922 227.184433 53.533569
vt -1.763114 0.515915
vt -1.763332 0.515915
vt -1.809639 0.515915
vt -1.809421 0.515915
vt -1.762897 0.352416
vt -1.762897 0.515915
vt -1.809204 0.515915
vt -1.809203 0.352416
vt -1.763114 0.188917
vt -1.762897 0.188917
vt -1.809204 0.188917
vt -1.809421 0.188917
vt -1.763332 0.352416
vt -1.763332 0.188917
vt -1.809639 0.188917
vt -1.809639 0.352416
vt -1.855728 0.515915
vt -1.855946 0.515915
vt -1.855946 0.352416
vt -1.855728 0.352416
vt -1.763114 0.352416
vt -1.855510 0.515915
vt -1.855510 0.352416
vt -1.855510 0.188917
vt -1.855728 0.188917
vt -1.855946 0.188917
vt 0.803771 0.236875
vt 0.805980 0.236875
vt 0.805980 0.283508
vt 0.803771 0.283508
vt 0.807620 0.236875
vt 0.807620 0.283508
vt 0.808492 0.236875
vt 0.808492 0.283508
vt 0.808492 0.236875
vt 0.808492 0.283508
vt 0.807620 0.236875
vt 0.807620 0.283508
vt 0.805980 0.236875
vt 0.805980 0.283508
vt 0.803771 0.236875
vt 0.803771 0.283508
vt 0.801259 0.236875
vt 0.801259 0.283508
vt 0.798747 0.236875
vt 0.798747 0.283508
vt 0.796538 0.236875
vt 0.796538 0.283508
vt 0.794899 0.236875
vt 0.794899 0.283508
vt 0.794026 0.236875
vt 0.794026 0.283508
vt 0.794026 0.236875
vt 0.794026 0.283508
vt 0.794899 0.236875
vt 0.794899 0.283508
vt 0.796538 0.236875
vt 0.796538 0.283508
vt 0.798747 0.236875
vt 0.798747 0.283508
vt 0.801259 0.236875
vt 0.801259 0.283508
vt 0.801259 0.236875
vt 0.821674 0.235307
vt 0.821650 0.226901
vt 0.821676 0.229059
vt 0.821687 0.236455
vt 0.821633 0.220661
vt 0.821667 0.223569
vt 0.821624 0.217342
vt 0.821662 0.220648
vt 0.821624 0.217342
vt 0.821662 0.220648
vt 0.821633 0.220661
vt 0.821667 0.223569
vt 0.821650 0.226901
vt 0.821676 0.229059
vt 0.821674 0.235307
vt 0.821687 0.236455
vt 0.821701 0.244865
vt 0.821701 0.244865
vt 0.821727 0.254424
vt 0.821714 0.253275
vt 0.821751 0.262829
vt 0.821726 0.260671
vt 0.821768 0.269068
vt 0.821735 0.266161
vt 0.821778 0.272388
vt 0.821739 0.269082
vt 0.821778 0.272388
vt 0.821739 0.269082
vt 0.821768 0.269068
vt 0.821735 0.266161
vt 0.821751 0.262829
vt 0.821726 0.260671
vt 0.821727 0.254424
vt 0.821714 0.253275
vt 0.821701 0.244865
vt 0.821701 0.244865
vt 0.803771 0.191920
vt 0.805980 0.191920
vt 0.807013 0.191920
vt 0.804321 0.191920
vt 0.807620 0.191920
vt 0.809011 0.191920
vt 0.808492 0.191920
vt 0.810074 0.191920
vt 0.808492 0.191920
vt 0.810074 0.191920
vt 0.807620 0.191920
vt 0.809011 0.191920
vt 0.805980 0.191920
vt 0.807013 0.191920
vt 0.803771 0.191920
vt 0.804321 0.191920
vt 0.801259 0.191920
vt 0.801259 0.191920
vt 0.798747 0.191920
vt 0.798198 0.191920
vt 0.796538 0.191920
vt 0.795505 0.191920
vt 0.794899 0.191920
vt 0.793507 0.191920
vt 0.794026 0.191920
vt 0.792444 0.191920
vt 0.794026 0.191920
vt 0.792444 0.191920
vt 0.794899 0.191920
vt 0.793507 0.191920
vt 0.796538 0.191920
vt 0.795505 0.191920
vt 0.798747 0.191920
vt 0.798198 0.191920
vt 0.801259 0.191920
vt 0.801259 0.191920
vt 0.807013 0.211472
vt 0.804321 0.211472
vt 0.809011 0.211472
vt 0.810074 0.211472
vt 0.810074 0.211472
vt 0.809011 0.211472
vt 0.807013 0.211472
vt 0.804321 0.211472
vt 0.801259 0.211472
vt 0.798198 0.211472
vt 0.795505 0.211472
vt 0.793507 0.211472
vt 0.792444 0.211472
vt 0.792444 0.211472
vt 0.793507 0.211472
vt 0.795505 0.211472
vt 0.798198 0.211472
vt 0.801259 0.211472
vt 0.805671 0.211472
vt 0.803607 0.211472
vt 0.807203 0.211472
vt 0.808019 0.211472
vt 0.808019 0.211472
vt 0.807203 0.211472
vt 0.805671 0.211472
vt 0.803607 0.211472
vt 0.801259 0.211472
vt 0.798911 0.211472
vt 0.796847 0.211472
vt 0.795315 0.211472
vt 0.794499 0.211472
vt 0.794499 0.211472
vt 0.795315 0.211472
vt 0.796847 0.211472
vt 0.798911 0.211472
vt 0.801259 0.211472
vt 0.803607 0.285156
vt 0.805671 0.285156
vt 0.805671 0.323169
vt 0.803607 0.323169
vt 0.807203 0.285156
vt 0.807203 0.323169
vt 0.808019 0.285156
vt 0.808019 0.323169
vt 0.808019 0.285156
vt 0.808019 0.323169
vt 0.807203 0.285156
vt 0.807203 0.323169
vt 0.805671 0.285156
vt 0.805671 0.323169
vt 0.803607 0.285156
vt 0.803607 0.323169
vt 0.801259 0.285156
vt 0.801259 0.323169
vt 0.798911 0.285156
vt 0.798911 0.323169
vt 0.796847 0.285156
vt 0.796847 0.323169
vt 0.795315 0.285156
vt 0.795315 0.323169
vt 0.794499 0.285156
vt 0.794499 0.323169
vt 0.794499 0.285156
vt 0.794499 0.323169
vt 0.795315 0.285156
vt 0.795315 0.323169
vt 0.796847 0.285156
vt 0.796847 0.323169
vt 0.798911 0.285156
vt 0.798911 0.323169
vt 0.801259 0.285156
vt 0.801259 0.323169
vt 0.805874 0.330711
vt 0.803856 0.332240
vt 0.807371 0.329575
vt 0.808168 0.328971
vt 0.808168 0.328971
vt 0.807371 0.329575
vt 0.805874 0.330711
vt 0.803856 0.332240
vt 0.801563 0.333980
vt 0.799268 0.335720
vt 0.797251 0.337250
vt 0.795753 0.338386
vt 0.794957 0.338990
vt 0.794957 0.338990
vt 0.795753 0.338386
vt 0.797251 0.337250
vt 0.799268 0.335720
vt 0.801563 0.333980
vt 0.806509 0.341380
vt 0.804632 0.344379
vt 0.807903 0.339155
vt 0.808644 0.337970
vt 0.808644 0.337970
vt 0.807903 0.339155
vt 0.806509 0.341380
vt 0.804632 0.344379
vt 0.802497 0.347788
vt 0.800362 0.351198
vt 0.798484 0.354196
vt 0.797091 0.356422
vt 0.796349 0.357606
vt 0.796349 0.357606
vt 0.797091 0.356422
vt 0.798484 0.354196
vt 0.800362 0.351198
vt 0.802497 0.347788
vt 0.808240 0.349604
vt 0.806854 0.354948
vt 0.809269 0.345638
vt 0.809816 0.343528
vt 0.809816 0.343528
vt 0.809269 0.345638
vt 0.808240 0.349604
vt 0.806854 0.354948
vt 0.805278 0.361024
vt 0.803702 0.367101
vt 0.802316 0.372444
vt 0.801287 0.376410
vt 0.800740 0.378520
vt 0.800740 0.378520
vt 0.801287 0.376410
vt 0.802316 0.372444
vt 0.803702 0.367101
vt 0.805278 0.361024
vt 0.810305 0.353529
vt 0.809683 0.360413
vt 0.810771 0.348416
vt 0.811025 0.345694
vt 0.811036 0.345688
vt 0.810803 0.348400
vt 0.810354 0.353503
vt 0.809743 0.360381
vt 0.809044 0.368205
vt 0.808341 0.376031
vt 0.807719 0.382915
vt 0.807253 0.388027
vt 0.807000 0.390750
vt 0.806989 0.390756
vt 0.807222 0.388044
vt 0.807671 0.382942
vt 0.808282 0.376063
vt 0.808981 0.368239
vt 0.812508 0.354392
vt 0.812516 0.361602
vt 0.812503 0.349041
vt 0.812500 0.346193
vt 0.812500 0.346193
vt 0.812503 0.349041
vt 0.812508 0.354392
vt 0.812516 0.361602
vt 0.812525 0.369801
vt 0.812533 0.378000
vt 0.812541 0.385210
vt 0.812547 0.390561
vt 0.812550 0.393409
vt 0.812550 0.393409
vt 0.812547 0.390561
vt 0.812541 0.385210
vt 0.812533 0.378000
vt 0.812525 0.369801
vt 0.814870 0.353888
vt 0.814862 0.361098
vt 0.814875 0.348536
vt 0.814878 0.345689
vt 0.814878 0.345689
vt 0.814875 0.348536
vt 0.814870 0.353888
vt 0.814862 0.361098
vt 0.814854 0.369297
vt 0.814846 0.377496
vt 0.814839 0.384706
vt 0.814833 0.390058
vt 0.814831 0.392905
vt 0.814831 0.392905
vt 0.814833 0.390058
vt 0.814839 0.384706
vt 0.814846 0.377496
vt 0.814854 0.369297
vt 0.814862 0.236666
vt 0.814870 0.229456
vt 0.814873 0.226900
vt 0.814865 0.235306
vt 0.814875 0.224104
vt 0.814880 0.220660
vt 0.814878 0.221257
vt 0.814884 0.217341
vt 0.814878 0.221257
vt 0.814884 0.217341
vt 0.814875 0.224104
vt 0.814880 0.220660
vt 0.814870 0.229456
vt 0.814873 0.226900
vt 0.814862 0.236666
vt 0.814865 0.235306
vt 0.814854 0.244865
vt 0.814854 0.244865
vt 0.814846 0.253064
vt 0.814844 0.254424
vt 0.814839 0.260274
vt 0.814835 0.262830
vt 0.814833 0.265626
vt 0.814828 0.269069
vt 0.814831 0.268473
vt 0.814825 0.272389
vt 0.814831 0.268473
vt 0.814825 0.272389
vt 0.814833 0.265626
vt 0.814828 0.269069
vt 0.814839 0.260274
vt 0.814835 0.262830
vt 0.814846 0.253064
vt 0.814844 0.254424
vt 0.814854 0.244865
vt 0.814854 0.244865
vt 0.839989 0.419373
vt 0.839977 0.411977
vt 0.840002 0.427783
vt 0.840002 0.427783
vt 0.840016 0.436193
vt 0.840028 0.443589
vt 0.840036 0.449079
vt 0.840041 0.452000
vt 0.840041 0.452000
vt 0.840036 0.449079
vt 0.840028 0.443589
vt 0.840016 0.436193
vt 0.840002 0.427783
vt 0.839989 0.419373
vt 0.839977 0.411977
vt 0.839969 0.406487
vt 0.839964 0.403566
vt 0.839964 0.403566
vt 0.839969 0.406487
vt 0.821687 0.419373
vt 0.821676 0.411977
vt 0.821701 0.427783
vt 0.821714 0.436193
vt 0.821726 0.443589
vt 0.821735 0.449079
vt 0.821739 0.452000
vt 0.821739 0.452000
vt 0.821735 0.449079
vt 0.821726 0.443589
vt 0.821714 0.436193
vt 0.821701 0.427783
vt 0.821687 0.419373
vt 0.821676 0.411977
vt 0.821667 0.406487
vt 0.821662 0.403566
vt 0.821662 0.403566
vt 0.821667 0.406487
vt 0.812517 0.372285
vt 0.813126 0.372285
vt 0.813126 0.456792
vt 0.812517 0.456792
vt 0.813348 0.372285
vt 0.813348 0.456792
vt 0.813126 0.372285
vt 0.813126 0.456792
vt 0.812517 0.372285
vt 0.812517 0.456792
vt 0.811686 0.372285
vt 0.811686 0.456792
vt 0.810854 0.372285
vt 0.810854 0.456792
vt 0.810246 0.372285
vt 0.810246 0.456792
vt 0.810023 0.372285
vt 0.810023 0.456792
vt 0.810246 0.372285
vt 0.810246 0.456792
vt 0.810854 0.372285
vt 0.810854 0.456792
vt 0.811686 0.372285
vt 0.811686 0.456792
vt 0.827210 0.549809
vt 0.827198 0.547880
vt 0.827226 0.552444
vt 0.827193 0.547175
vt 0.827198 0.547880
vt 0.827210 0.549809
vt 0.827226 0.552444
vt 0.827242 0.555078
vt 0.827254 0.557006
vt 0.827258 0.557713
vt 0.827254 0.557006
vt 0.827242 0.555078
vt 0.827226 0.552444
vt 0.073519 0.672942
vt 0.074128 0.672942
vt 0.074582 0.672942
vt 0.073782 0.672942
vt 0.074350 0.672942
vt 0.074876 0.672942
vt 0.074128 0.672942
vt 0.074582 0.672942
vt 0.073519 0.672942
vt 0.073782 0.672942
vt 0.072688 0.672942
vt 0.072688 0.672942
vt 0.071857 0.672942
vt 0.071594 0.672942
vt 0.071248 0.672942
vt 0.070794 0.672942
vt 0.071026 0.672942
vt 0.070500 0.672942
vt 0.071248 0.672942
vt 0.070794 0.672942
vt 0.071857 0.672942
vt 0.071594 0.672942
vt 0.072688 0.672942
vt 0.072688 0.672942
vt 0.074582 0.677727
vt 0.073782 0.677727
vt 0.074876 0.677727
vt 0.074582 0.677727
vt 0.073782 0.677727
vt 0.072688 0.677727
vt 0.071594 0.677727
vt 0.070794 0.677727
vt 0.070500 0.677727
vt 0.070794 0.677727
vt 0.071594 0.677727
vt 0.072688 0.677727
vt 0.074159 0.677727
vt 0.073537 0.677727
vt 0.074387 0.677727
vt 0.074159 0.677727
vt 0.073537 0.677727
vt 0.072688 0.677727
vt 0.071839 0.677727
vt 0.071217 0.677727
vt 0.070989 0.677727
vt 0.071217 0.677727
vt 0.071839 0.677727
vt 0.072688 0.677727
vt 0.812535 0.461577
vt 0.813157 0.461577
vt 0.813157 0.465038
vt 0.812535 0.465038
vt 0.813384 0.461577
vt 0.813384 0.465038
vt 0.813157 0.461577
vt 0.813157 0.465038
vt 0.812535 0.461577
vt 0.812535 0.465038
vt 0.811686 0.461577
vt 0.811686 0.465038
vt 0.810836 0.461577
vt 0.810836 0.465038
vt 0.810215 0.461577
vt 0.810215 0.465038
vt 0.809987 0.461577
vt 0.809987 0.465038
vt 0.810215 0.461577
vt 0.810215 0.465038
vt 0.810836 0.461577
vt 0.810836 0.465038
vt 0.811686 0.461577
vt 0.811686 0.465038
vt 0.073537 0.681187
vt 0.074159 0.681187
vt 0.074685 0.681187
vt 0.073841 0.681187
vt 0.074387 0.681187
vt 0.074994 0.681187
vt 0.074159 0.681187
vt 0.074685 0.681187
vt 0.073537 0.681187
vt 0.073841 0.681187
vt 0.072688 0.681187
vt 0.072688 0.681187
vt 0.071839 0.681187
vt 0.071535 0.681187
vt 0.071217 0.681187
vt 0.070691 0.681187
vt 0.070989 0.681187
vt 0.070381 0.681187
vt 0.071217 0.681187
vt 0.070691 0.681187
vt 0.071839 0.681187
vt 0.071535 0.681187
vt 0.072688 0.681187
vt 0.072688 0.681187
vt 0.074685 0.685313
vt 0.073841 0.685313
vt 0.074994 0.685313
vt 0.074685 0.685313
vt 0.073841 0.685313
vt 0.072688 0.685313
vt 0.071535 0.685313
vt 0.070691 0.685313
vt 0.070381 0.685313
vt 0.070691 0.685313
vt 0.071535 0.685313
vt 0.072688 0.685313
vt 0.074162 0.685313
vt 0.073539 0.685313
vt 0.074390 0.685313
vt 0.074162 0.685313
vt 0.073539 0.685313
vt 0.072688 0.685313
vt 0.071836 0.685313
vt 0.071213 0.685313
vt 0.070985 0.685313
vt 0.071213 0.685313
vt 0.071836 0.685313
vt 0.072688 0.685313
vt 0.812537 0.469163
vt 0.813160 0.469163
vt 0.813160 0.513102
vt 0.812537 0.513102
vt 0.813388 0.469163
vt 0.813388 0.513102
vt 0.813160 0.469163
vt 0.813160 0.513102
vt 0.812537 0.469163
vt 0.812537 0.513102
vt 0.811685 0.469163
vt 0.811685 0.513102
vt 0.810834 0.469163
vt 0.810834 0.513102
vt 0.810211 0.469163
vt 0.810211 0.513102
vt 0.809983 0.469163
vt 0.809983 0.513102
vt 0.810211 0.469163
vt 0.810211 0.513102
vt 0.810834 0.469163
vt 0.810834 0.513102
vt 0.811685 0.469163
vt 0.811685 0.513102
vt 0.073539 0.729252
vt 0.074162 0.729252
vt 0.074680 0.729252
vt 0.073838 0.729252
vt 0.074390 0.729252
vt 0.074988 0.729252
vt 0.074162 0.729252
vt 0.074680 0.729252
vt 0.073539 0.729252
vt 0.073838 0.729252
vt 0.072688 0.729252
vt 0.072688 0.729252
vt 0.071836 0.729252
vt 0.071538 0.729252
vt 0.071213 0.729252
vt 0.070696 0.729252
vt 0.070985 0.729252
vt 0.070387 0.729252
vt 0.071213 0.729252
vt 0.070696 0.729252
vt 0.071836 0.729252
vt 0.071538 0.729252
vt 0.072688 0.729252
vt 0.072688 0.729252
vt 0.074680 0.733697
vt 0.073838 0.733697
vt 0.074988 0.733697
vt 0.074680 0.733697
vt 0.073838 0.733697
vt 0.072688 0.733697
vt 0.071538 0.733697
vt 0.070696 0.733697
vt 0.070387 0.733697
vt 0.070696 0.733697
vt 0.071538 0.733697
vt 0.072688 0.733697
vt 0.074196 0.733697
vt 0.073558 0.733697
vt 0.074429 0.733697
vt 0.074196 0.733697
vt 0.073558 0.733697
vt 0.072688 0.733697
vt 0.071817 0.733697
vt 0.071180 0.733697
vt 0.070946 0.733697
vt 0.071180 0.733697
vt 0.071817 0.733697
vt 0.072688 0.733697
vt 0.812556 0.517548
vt 0.813193 0.517548
vt 0.813193 0.521212
vt 0.812556 0.521212
vt 0.813426 0.517548
vt 0.813426 0.521212
vt 0.813193 0.517548
vt 0.813193 0.521212
vt 0.812556 0.517548
vt 0.812556 0.521212
vt 0.811685 0.517548
vt 0.811685 0.521212
vt 0.810815 0.517548
vt 0.810815 0.521212
vt 0.810178 0.517548
vt 0.810178 0.521212
vt 0.809944 0.517548
vt 0.809944 0.521212
vt 0.810178 0.517548
vt 0.810178 0.521212
vt 0.810815 0.517548
vt 0.810815 0.521212
vt 0.811685 0.517548
vt 0.811685 0.521212
vt 0.073558 0.737361
vt 0.074196 0.737361
vt 0.074699 0.737361
vt 0.073849 0.737361
vt 0.074429 0.737361
vt 0.075011 0.737361
vt 0.074196 0.737361
vt 0.074699 0.737361
vt 0.073558 0.737361
vt 0.073849 0.737361
vt 0.072688 0.737361
vt 0.072688 0.737361
vt 0.071817 0.737361
vt 0.071526 0.737361
vt 0.071180 0.737361
vt 0.070676 0.737361
vt 0.070946 0.737361
vt 0.070364 0.737361
vt 0.071180 0.737361
vt 0.070676 0.737361
vt 0.071817 0.737361
vt 0.071526 0.737361
vt 0.072688 0.737361
vt 0.072688 0.737361
vt 0.074699 0.741561
vt 0.073849 0.741561
vt 0.075011 0.741561
vt 0.074699 0.741561
vt 0.073849 0.741561
vt 0.072688 0.741561
vt 0.071526 0.741561
vt 0.070676 0.741561
vt 0.070364 0.741561
vt 0.070676 0.741561
vt 0.071526 0.741561
vt 0.072688 0.741561
vt 0.074102 0.741561
vt 0.073504 0.741561
vt 0.074321 0.741561
vt 0.074102 0.741561
vt 0.073504 0.741561
vt 0.072688 0.741561
vt 0.071871 0.741561
vt 0.071273 0.741561
vt 0.071054 0.741561
vt 0.071273 0.741561
vt 0.071871 0.741561
vt 0.072688 0.741561
vt 0.812502 0.525412
vt 0.813100 0.525412
vt 0.813100 0.538093
vt 0.812502 0.538093
vt 0.813319 0.525412
vt 0.813319 0.538093
vt 0.813100 0.525412
vt 0.813100 0.538093
vt 0.812502 0.525412
vt 0.812502 0.538093
vt 0.811685 0.525412
vt 0.811685 0.538093
vt 0.810868 0.525412
vt 0.810868 0.538093
vt 0.810270 0.525412
vt 0.810270 0.538093
vt 0.810052 0.525412
vt 0.810052 0.538093
vt 0.810270 0.525412
vt 0.810270 0.538093
vt 0.810868 0.525412
vt 0.810868 0.538093
vt 0.811685 0.525412
vt 0.811685 0.538093
vt 0.813301 0.542050
vt 0.812724 0.542549
vt 0.813513 0.541867
vt 0.813301 0.542050
vt 0.812724 0.542549
vt 0.811935 0.543231
vt 0.811146 0.543913
vt 0.810568 0.544412
vt 0.810357 0.544595
vt 0.810568 0.544412
vt 0.811146 0.543913
vt 0.811935 0.543231
vt 0.813941 0.544793
vt 0.813471 0.545987
vt 0.814112 0.544356
vt 0.813941 0.544793
vt 0.813471 0.545987
vt 0.812830 0.547619
vt 0.812188 0.549250
vt 0.811719 0.550444
vt 0.811547 0.550882
vt 0.811719 0.550444
vt 0.812188 0.549250
vt 0.812830 0.547619
vt 0.814898 0.547152
vt 0.814608 0.548839
vt 0.815004 0.546535
vt 0.814898 0.547152
vt 0.814608 0.548839
vt 0.814211 0.551143
vt 0.813815 0.553447
vt 0.813525 0.555134
vt 0.813419 0.555752
vt 0.813525 0.555134
vt 0.813815 0.553447
vt 0.814211 0.551143
vt 0.816080 0.547886
vt 0.816048 0.549812
vt 0.816091 0.547181
vt 0.816080 0.547886
vt 0.816048 0.549812
vt 0.816006 0.552444
vt 0.815963 0.555075
vt 0.815931 0.557001
vt 0.815920 0.557707
vt 0.815931 0.557001
vt 0.815963 0.555075
vt 0.816006 0.552444
vt -1.576285 0.647799
vt -1.576285 0.615018
vt -1.575645 0.615018
vt -1.575645 0.647799
vt -0.951035 0.126696
vt -0.951035 0.126696
vt -0.950394 0.126721
vt -0.950394 0.126721
vt -1.576285 0.647799
vt -1.576285 0.680580
vt -1.575645 0.680580
vt -1.575645 0.647799
vt -1.576285 0.615018
vt -1.576285 0.615018
vt -1.576285 0.647799
vt -1.575979 0.793792
vt -1.576285 0.791876
vt -1.575645 0.794925
vt -1.575341 0.796647
vt -1.575034 0.798375
vt -1.574394 0.801041
vt -1.574700 0.799508
vt -1.575340 0.796647
vt -1.575979 0.793792
vt -1.576285 0.791876
vt -1.576285 0.791876
vt -1.575994 0.793700
vt -0.951023 0.167081
vt -0.951022 0.171609
vt -0.950382 0.172264
vt -0.950472 0.167987
vt -0.951023 0.167081
vt -0.951024 0.162553
vt -0.950385 0.162553
vt -0.950361 0.167431
vt -0.951022 0.171609
vt -0.951022 0.171609
vt -0.951023 0.167081
vt -1.576285 0.776020
vt -1.576285 0.760164
vt -1.575645 0.760164
vt -1.575619 0.777664
vt -1.576285 0.776020
vt -1.576285 0.760164
vt -1.576285 0.760164
vt -1.576285 0.776020
vt -1.575645 0.794925
vt -1.575619 0.777664
vt -1.576285 0.720372
vt -1.575645 0.760164
vt -1.575645 0.720372
vt -1.576285 0.680580
vt -1.576285 0.720372
vt -1.576285 0.720372
vt -1.576285 0.680580
vt -1.575645 0.680580
vt -1.575645 0.720372
vt -1.564645 0.680581
vt -1.565796 0.680581
vt -1.565796 0.647800
vt -1.564645 0.647800
vt -1.564645 0.760164
vt -1.565796 0.760164
vt -1.565796 0.720372
vt -1.564645 0.720372
vt -1.564645 0.847374
vt -1.565796 0.841885
vt -1.565796 0.801024
vt -1.564605 0.803983
vt -1.564033 0.844231
vt -1.565184 0.839432
vt -1.565490 0.840658
vt -1.564338 0.845808
vt -0.938227 0.173631
vt -0.938224 0.162553
vt -0.939691 0.162553
vt -0.939515 0.172471
vt -0.939370 0.127154
vt -0.940524 0.127109
vt -0.940524 0.127109
vt -0.939370 0.127154
vt -0.938227 0.173631
vt -0.938230 0.184710
vt -0.939381 0.183531
vt -0.939343 0.173080
vt -1.563188 0.850946
vt -1.563494 0.852862
vt -1.564645 0.847374
vt -1.564338 0.845808
vt -1.564645 0.760164
vt -1.565796 0.760164
vt -1.565796 0.801024
vt -1.564605 0.803983
vt -1.564645 0.680581
vt -1.565796 0.680581
vt -1.565796 0.720372
vt -1.564645 0.720372
vt -1.564645 0.656701
vt -1.565796 0.615018
vt -1.565796 0.647800
vt -1.564645 0.647800
vt -1.570401 0.615018
vt -1.575006 0.615018
vt -1.575006 0.647799
vt -1.570401 0.647800
vt -1.570401 0.680581
vt -1.575006 0.680580
vt -1.575006 0.720372
vt -1.570401 0.720372
vt -1.570401 0.760164
vt -1.575006 0.760164
vt -1.575006 0.779069
vt -1.570105 0.790904
vt -1.569789 0.820236
vt -1.565184 0.839432
vt -1.565490 0.840658
vt -1.570096 0.820082
vt -0.949744 0.167736
vt -0.949745 0.162553
vt -0.945137 0.162553
vt -0.944879 0.170253
vt -0.945139 0.126927
vt -0.949754 0.126746
vt -0.949753 0.126746
vt -0.945138 0.126927
vt -0.940845 0.172452
vt -0.941158 0.162553
vt -0.945719 0.162553
vt -0.945175 0.170281
vt -1.569789 0.820236
vt -1.574394 0.801041
vt -1.574700 0.799508
vt -1.570096 0.820082
vt -1.570401 0.819930
vt -1.575006 0.797975
vt -1.575006 0.779069
vt -1.570105 0.790904
vt -1.570401 0.680581
vt -1.575006 0.680580
vt -1.575006 0.647799
vt -1.570401 0.647800
vt -0.939370 0.127154
vt -0.940524 0.127109
vt -0.940840 0.135201
vt -0.939553 0.135748
vt -0.945138 0.126927
vt -0.949753 0.126746
vt -0.950018 0.135020
vt -0.945432 0.135074
vt -0.951032 0.134995
vt -0.951029 0.143294
vt -0.950656 0.143294
vt -0.950510 0.134328
vt -0.951032 0.134995
vt -0.951029 0.143294
vt -0.951029 0.143294
vt -0.951032 0.134995
vt -0.950394 0.126721
vt -0.949751 0.135020
vt -0.950392 0.135006
vt -0.940525 0.176884
vt -0.945148 0.135108
vt -0.938218 0.135247
vt -0.938220 0.143294
vt -0.939373 0.143294
vt -0.939373 0.176905
vt -0.938222 0.152923
vt -0.938220 0.143294
vt -0.939688 0.143294
vt -0.939689 0.152922
vt -0.951027 0.152923
vt -0.951024 0.162553
vt -0.950652 0.162553
vt -0.950654 0.152922
vt -0.951027 0.152923
vt -0.951024 0.162553
vt -0.951027 0.152923
vt -0.950389 0.143294
vt -0.950387 0.152922
vt -0.949747 0.152923
vt -0.949749 0.143294
vt -0.945137 0.143294
vt -0.945137 0.152921
vt -0.938222 0.152923
vt -0.938224 0.162553
vt -0.939377 0.162553
vt -0.939375 0.152922
vt -1.565803 0.759506
vt -1.570401 0.760164
vt -1.570387 0.759509
vt -1.574969 0.759506
vt -1.575006 0.760164
vt -1.575006 0.720372
vt -1.574970 0.720026
vt -1.574971 0.680521
vt -1.570387 0.680522
vt -1.565802 0.680522
vt -1.565803 0.720024
vt -1.575006 0.615018
vt -0.951035 0.126696
vt -1.575645 0.615018
vt -1.575034 0.798375
vt -1.575674 0.795709
vt -1.575006 0.797975
vt -1.575674 0.795709
vt -1.575674 0.795709
vt -0.949742 0.172919
vt -0.950011 0.167736
vt -0.950280 0.162553
vt -0.949742 0.172919
vt -0.950382 0.172264
vt -1.565796 0.615018
vt -1.564645 0.615018
vt -1.563494 0.615018
vt -1.563494 0.647800
vt -1.563494 0.680581
vt -1.563494 0.720372
vt -1.563494 0.760164
vt -1.563494 0.806513
vt -1.563494 0.852862
vt -1.563188 0.850946
vt -1.562882 0.849030
vt -0.940532 0.182352
vt -0.939381 0.183531
vt -0.938230 0.184710
vt -0.938216 0.127199
vt -0.938216 0.127199
vt -0.938216 0.127199
vt -0.940532 0.182352
vt -0.940530 0.172452
vt -0.940529 0.162553
vt -1.565796 0.841885
vt -1.564033 0.844231
vt -1.562882 0.849030
vt -1.563494 0.806513
vt -1.563494 0.760164
vt -1.563494 0.720372
vt -1.563494 0.680581
vt -1.563494 0.689482
vt -1.563494 0.656701
vt -1.570401 0.819930
vt -0.945137 0.177636
vt -0.945137 0.177636
vt -1.570401 0.615018
vt -0.941156 0.143294
vt -0.938218 0.135247
vt -0.950283 0.143294
vt -0.945720 0.143294
vt -0.940526 0.143294
vt -0.941157 0.152923
vt -0.950282 0.152923
vt -0.940527 0.152923
vt -1.574932 0.758847
vt -1.570371 0.758848
vt -1.565810 0.758848
vt -1.574935 0.680463
vt -1.574934 0.719655
vt -1.565808 0.680463
vt -1.570372 0.680463
vt -1.565809 0.719655
vt -0.592969 0.421416
vt -0.592969 0.415050
vt -0.551982 0.415050
vt -0.551982 0.421416
vt -0.592968 0.427781
vt -0.592969 0.427781
vt -0.551982 0.427781
vt -0.551980 0.427781
vt -0.592966 0.421416
vt -0.592966 0.427781
vt -0.551978 0.427781
vt -0.551978 0.421416
vt -0.592968 0.415050
vt -0.592966 0.415050
vt -0.551978 0.415050
vt -0.551980 0.415050
vt -0.510994 0.421416
vt -0.510994 0.415050
vt -0.510993 0.415050
vt -0.510993 0.421416
vt -0.592968 0.421416
vt -0.510994 0.427781
vt -0.510993 0.427781
vt -0.510991 0.427781
vt -0.510991 0.421416
vt -0.510991 0.415050
vt -0.592441 0.421416
vt -0.592441 0.409549
vt -0.551983 0.409549
vt -0.551983 0.421416
vt -0.592439 0.433282
vt -0.592441 0.433282
vt -0.551983 0.433282
vt -0.551980 0.433282
vt -0.592436 0.421416
vt -0.592436 0.433282
vt -0.551978 0.433282
vt -0.551978 0.421416
vt -0.592439 0.409549
vt -0.592436 0.409549
vt -0.551978 0.409549
vt -0.551980 0.409549
vt -0.511524 0.421416
vt -0.511524 0.409549
vt -0.511522 0.409549
vt -0.511522 0.421416
vt -0.592438 0.421416
vt -0.511524 0.433282
vt -0.511522 0.433282
vt -0.511519 0.433282
vt -0.511519 0.421416
vt -0.511519 0.409549
vt -0.553421 0.421416
vt -0.553421 0.368852
vt -0.551980 0.368852
vt -0.551980 0.421416
vt -0.553421 0.473979
vt -0.553421 0.473979
vt -0.551980 0.473979
vt -0.551980 0.473979
vt -0.553421 0.421416
vt -0.553421 0.473979
vt -0.551980 0.473979
vt -0.551980 0.421416
vt -0.553421 0.368852
vt -0.553421 0.368852
vt -0.551980 0.368852
vt -0.551980 0.368852
vt -0.550540 0.421416
vt -0.550540 0.368852
vt -0.550540 0.368852
vt -0.550540 0.421416
vt -0.553421 0.421416
vt -0.550540 0.473979
vt -0.550540 0.473979
vt -0.550540 0.473979
vt -0.550540 0.421416
vt -0.550540 0.368852
vt -0.551980 0.483311
vt -0.552912 0.483311
vt -0.552912 0.421416
vt -0.551980 0.421416
vt -0.551048 0.483311
vt -0.551049 0.483311
vt -0.551049 0.421416
vt -0.551048 0.421416
vt -0.551980 0.483311
vt -0.551048 0.483311
vt -0.551048 0.421416
vt -0.551980 0.421416
vt -0.552912 0.483311
vt -0.552912 0.483311
vt -0.552912 0.421416
vt -0.552912 0.421416
vt -0.551980 0.359521
vt -0.552912 0.359521
vt -0.552912 0.359521
vt -0.551980 0.359521
vt -0.551980 0.483311
vt -0.551049 0.359521
vt -0.551048 0.359521
vt -0.551048 0.359521
vt -0.551980 0.359521
vt -0.552912 0.359521
vt -0.551981 0.483311
vt -0.552913 0.483311
vt -0.552913 0.421416
vt -0.551981 0.421416
vt -0.551048 0.483311
vt -0.551049 0.483311
vt -0.551049 0.421416
vt -0.551048 0.421416
vt -0.551980 0.483311
vt -0.551048 0.483311
vt -0.551048 0.421416
vt -0.551980 0.421416
vt -0.552912 0.483311
vt -0.552912 0.483311
vt -0.552912 0.421416
vt -0.552912 0.421416
vt -0.551981 0.359521
vt -0.552913 0.359521
vt -0.552912 0.359521
vt -0.551980 0.359521
vt -0.551980 0.483311
vt -0.551049 0.359521
vt -0.551048 0.359521
vt -0.551048 0.359521
vt -0.551980 0.359521
vt -0.552912 0.359521
vn -0.000001 0.000007 1.000000
vn -0.000001 0.000007 1.000000
vn -0.000001 0.000007 1.000000
vn -0.000001 0.000007 1.000000
vn -0.152726 0.988269 0.000000
vn -0.152726 0.988269 0.000000
vn -0.152726 0.988269 0.000000
vn -0.152726 0.988269 0.000000
vn -0.000001 0.000000 -1.000000
vn -0.000001 0.000000 -1.000000
vn -0.000001 0.000000 -1.000000
vn -0.000001 0.000000 -1.000000
vn 0.152726 -0.988269 0.000000
vn 0.152726 -0.988269 0.000000
vn 0.152726 -0.988269 0.000000
vn 0.152726 -0.988269 0.000000
vn 0.988267 0.152734 -0.000000
vn 0.988267 0.152734 -0.000000
vn 0.988267 0.152734 -0.000000
vn 0.988267 0.152734 -0.000000
vn -0.988266 -0.152743 0.000000
vn -0.988266 -0.152743 0.000000
vn -0.988266 -0.152743 0.000000
vn -0.988266 -0.152743 0.000000
vn -0.000001 0.000007 1.000000
vn -0.000001 0.000007 1.000000
vn -0.000001 0.000007 1.000000
vn -0.000001 0.000007 1.000000
vn 0.000001 -0.000007 1.000000
vn 0.000001 -0.000007 1.000000
vn 0.000001 -0.000007 1.000000
vn 0.000001 -0.000007 1.000000
vn 0.000001 -0.000007 1.000000
vn 0.000001 -0.000007 1.000000
vn 0.000001 -0.000007 1.000000
vn 0.000001 -0.000007 1.000000
vn -0.152725 0.988269 0.000000
vn -0.152725 0.988269 0.000000
vn -0.152725 0.988269 0.000000
vn -0.152725 0.988269 0.000000
vn -0.152725 0.988269 -0.000000
vn -0.152725 0.988269 -0.000000
vn -0.152725 0.988269 -0.000000
vn -0.152725 0.988269 -0.000000
vn -0.152726 0.988269 -0.000000
vn -0.152726 0.988269 -0.000000
vn -0.152726 0.988269 -0.000000
vn -0.152726 0.988269 -0.000000
vn 0.000001 0.000000 -1.000000
vn 0.000001 0.000000 -1.000000
vn 0.000001 0.000000 -1.000000
vn 0.000001 0.000000 -1.000000
vn 0.000000 0.000000 -1.000000
vn 0.000000 0.000000 -1.000000
vn 0.000000 0.000000 -1.000000
vn 0.000000 0.000000 -1.000000
vn 0.000000 0.000000 -1.000000
vn 0.000000 0.000000 -1.000000
vn 0.000000 0.000000 -1.000000
vn 0.000000 0.000000 -1.000000
vn 0.152725 -0.988269 0.000000
vn 0.152725 -0.988269 0.000000
vn 0.152725 -0.988269 0.000000
vn 0.152725 -0.988269 0.000000
vn 0.152725 -0.988269 -0.000000
vn 0.152725 -0.988269 -0.000000
vn 0.152725 -0.988269 -0.000000
vn 0.152725 -0.988269 -0.000000
vn 0.152726 -0.988269 -0.000000
vn 0.152726 -0.988269 -0.000000
vn 0.152726 -0.988269 -0.000000
vn 0.152726 -0.988269 -0.000000
vn 0.988267 0.152733 0.000000
vn 0.988267 0.152733 0.000000
vn 0.988267 0.152733 0.000000
vn 0.988267 0.152733 0.000000
vn 0.988269 0.152725 0.000000
vn 0.988269 0.152725 0.000000
vn 0.988269 0.152725 0.000000
vn 0.988269 0.152725 0.000000
vn 0.988268 0.152733 0.000000
vn 0.988267 0.152733 0.000000
vn 0.988267 0.152733 0.000000
vn 0.988267 0.152733 0.000000
vn -0.988268 -0.152732 0.000000
vn -0.988268 -0.152732 0.000000
vn -0.988268 -0.152732 0.000000
vn -0.988268 -0.152732 0.000000
vn -0.988269 -0.152725 0.000000
vn -0.988269 -0.152725 0.000000
vn -0.988269 -0.152725 0.000000
vn -0.988269 -0.152725 0.000000
vn -0.988270 -0.152714 0.000000
vn -0.988270 -0.152714 0.000000
vn -0.988270 -0.152714 0.000000
vn -0.988270 -0.152714 0.000000
vn 0.342047 0.000000 0.939683
vn 0.642775 0.000000 0.766055
vn 0.642775 0.000000 0.766055
vn 0.342047 0.000000 0.939683
vn 0.866012 0.000000 0.500024
vn 0.866012 0.000000 0.500024
vn 0.984808 0.000000 0.173650
vn 0.984808 0.000000 0.173650
vn 0.984808 0.000000 -0.173648
vn 0.984808 0.000000 -0.173648
vn 0.866020 0.000000 -0.500010
vn 0.866020 0.000000 -0.500010
vn 0.642774 0.000000 -0.766056
vn 0.642774 0.000000 -0.766056
vn 0.342027 0.000000 -0.939690
vn 0.342027 0.000000 -0.939690
vn 0.000000 0.000000 -1.000000
vn 0.000000 0.000000 -1.000000
vn -0.341998 0.000000 -0.939701
vn -0.341998 0.000000 -0.939701
vn -0.642820 0.000000 -0.766017
vn -0.642820 0.000000 -0.766017
vn -0.866052 0.000000 -0.499954
vn -0.866052 0.000000 -0.499954
vn -0.984808 0.000000 -0.173648
vn -0.984808 0.000000 -0.173648
vn -0.984808 0.000000 0.173650
vn -0.984808 0.000000 0.173650
vn -0.866044 0.000000 0.499968
vn -0.866044 0.000000 0.499968
vn -0.642821 0.000000 0.766017
vn -0.642821 0.000000 0.766017
vn -0.342017 0.000000 0.939694
vn -0.342017 0.000000 0.939694
vn -0.000000 0.000000 1.000000
vn -0.000000 0.000000 1.000000
vn 0.000000 -1.000000 -0.000002
vn 0.000000 -1.000000 0.000000
vn 0.000000 -1.000000 -0.000000
vn 0.000000 -1.000000 0.000000
vn 0.000000 -1.000000 0.000002
vn 0.000000 -1.000000 -0.000002
vn 0.000000 -1.000000 -0.000001
vn 0.000000 -1.000000 0.000001
vn 0.000000 -1.000000 0.000000
vn 0.000000 -1.000000 0.000000
vn 0.000000 -1.000000 0.000000
vn 0.000000 -1.000000 0.000000
vn 0.000000 -1.000000 -0.000002
vn 0.000000 -1.000000 -0.000002
vn 0.000000 -1.000000 0.000002
vn 0.000000 -1.000000 0.000001
vn 0.000000 -1.000000 -0.000001
vn 0.000000 -1.000000 0.000000
vn 0.000000 -1.000000 0.000000
vn 0.999874 -0.012388 0.009896
vn 0.999653 -0.021528 0.015203
vn 0.999653 -0.021529 0.015203
vn 0.999874 -0.012389 0.009897
vn 0.999401 -0.031914 0.013382
vn 0.999401 -0.031915 0.013381
vn 0.999238 -0.038669 0.005280
vn 0.999238 -0.038669 0.005280
vn 0.999238 -0.038677 -0.005280
vn 0.999238 -0.038678 -0.005279
vn 0.999401 -0.031932 -0.013381
vn 0.999400 -0.031933 -0.013381
vn 0.999652 -0.021537 -0.015203
vn 0.999652 -0.021538 -0.015203
vn 0.999874 -0.012392 -0.009896
vn 0.999874 -0.012393 -0.009897
vn 0.999961 -0.008784 0.000000
vn 0.999961 -0.008784 0.000000
vn 0.999874 -0.012399 0.009896
vn 0.999874 -0.012399 0.009896
vn 0.999652 -0.021560 0.015189
vn 0.999652 -0.021561 0.015189
vn 0.999400 -0.031942 0.013367
vn 0.999400 -0.031943 0.013367
vn 0.999238 -0.038683 0.005280
vn 0.999238 -0.038684 0.005280
vn 0.999238 -0.038679 -0.005280
vn 0.999238 -0.038679 -0.005280
vn 0.999401 -0.031930 -0.013368
vn 0.999401 -0.031931 -0.013367
vn 0.999652 -0.021549 -0.015189
vn 0.999652 -0.021551 -0.015189
vn 0.999874 -0.012395 -0.009896
vn 0.999874 -0.012396 -0.009896
vn 0.999961 -0.008780 -0.000000
vn 0.999961 -0.008780 -0.000000
vn 0.000000 -1.000000 0.000000
vn 0.000000 -1.000000 0.000000
vn 0.000000 -1.000000 0.000000
vn 0.000000 -1.000000 0.000000
vn 0.000000 -1.000000 0.000000
vn 0.000000 -1.000000 0.000000
vn 0.000000 -1.000000 0.000000
vn 0.000000 -1.000000 0.000000
vn 0.000000 -1.000000 -0.000002
vn 0.000000 -1.000000 -0.000002
vn 0.000000 -1.000000 -0.000002
vn 0.000000 -1.000000 -0.000002
vn 0.000000 -1.000000 0.000000
vn 0.000000 -1.000000 0.000000
vn 0.000000 -1.000000 0.000000
vn 0.000000 -1.000000 0.000000
vn 0.000000 -1.000000 0.000000
vn 0.000000 -1.000000 0.000000
vn 0.000000 -1.000000 0.000000
vn 0.000000 -1.000000 0.000000
vn 0.000000 -1.000000 0.000000
vn 0.000000 -1.000000 0.000000
vn 0.000000 -1.000000 0.000000
vn 0.000000 -1.000000 0.000000
vn 0.000000 -1.000000 0.000000
vn 0.000000 -1.000000 0.000000
vn 0.000000 -1.000000 0.000000
vn 0.000000 -1.000000 0.000000
vn 0.000000 -1.000000 0.000000
vn 0.000000 -1.000000 0.000000
vn 0.000000 -1.000000 0.000000
vn 0.000000 -1.000000 0.000000
vn 0.000000 -1.000000 0.000000
vn 0.000000 -1.000000 0.000000
vn 0.000000 -1.000000 0.000000
vn 0.000000 -1.000000 0.000000
vn 0.000000 -1.000000 0.000001
vn 0.000000 -1.000000 0.000001
vn 0.000000 -1.000000 0.000001
vn 0.000000 -1.000000 0.000001
vn 0.000000 -1.000000 0.000000
vn 0.000000 -1.000000 0.000000
vn 0.000000 -1.000000 0.000000
vn 0.000000 -1.000000 0.000000
vn 0.000000 -1.000000 -0.000002
vn 0.000000 -1.000000 -0.000002
vn 0.000000 -1.000000 -0.000002
vn 0.000000 -1.000000 -0.000002
vn 0.000000 -1.000000 0.000000
vn 0.000000 -1.000000 0.000000
vn 0.000000 -1.000000 0.000000
vn 0.000000 -1.000000 0.000000
vn 0.000000 -1.000000 0.000002
vn 0.000000 -1.000000 0.000002
vn 0.000000 -1.000000 0.000002
vn 0.000000 -1.000000 0.000002
vn 0.000000 -1.000000 0.000000
vn 0.000000 -1.000000 0.000000
vn 0.000000 -1.000000 0.000000
vn 0.000000 -1.000000 0.000000
vn 0.000000 -1.000000 0.000000
vn 0.000000 -1.000000 0.000000
vn 0.000000 -1.000000 0.000000
vn 0.000000 -1.000000 0.000000
vn 0.000000 -1.000000 0.000001
vn 0.000000 -1.000000 0.000001
vn 0.000000 -1.000000 0.000001
vn 0.000000 -1.000000 0.000001
vn 0.000000 -1.000000 0.000000
vn 0.000000 -1.000000 0.000000
vn 0.000000 -1.000000 0.000000
vn 0.000000 -1.000000 0.000000
vn 0.342037 0.000000 0.939686
vn 0.642780 0.000000 0.766051
vn 0.642780 0.000000 0.766051
vn 0.342037 0.000000 0.939686
vn 0.866029 0.000000 0.499994
vn 0.866029 0.000000 0.499994
vn 0.984812 0.000000 0.173625
vn 0.984812 0.000000 0.173625
vn 0.984812 0.000000 -0.173625
vn 0.984812 0.000000 -0.173625
vn 0.866036 0.000000 -0.499982
vn 0.866036 0.000000 -0.499982
vn 0.642786 0.000000 -0.766046
vn 0.642786 0.000000 -0.766046
vn 0.342015 0.000000 -0.939695
vn 0.342015 0.000000 -0.939695
vn 0.000000 0.000000 -1.000000
vn 0.000000 0.000000 -1.000000
vn -0.341990 0.000000 -0.939704
vn -0.341990 0.000000 -0.939704
vn -0.642779 0.000000 -0.766052
vn -0.642779 0.000000 -0.766052
vn -0.866036 0.000000 -0.499982
vn -0.866036 0.000000 -0.499982
vn -0.984801 0.000000 -0.173684
vn -0.984801 0.000000 -0.173684
vn -0.984802 0.000000 0.173684
vn -0.984802 0.000000 0.173684
vn -0.866029 0.000000 0.499994
vn -0.866029 0.000000 0.499994
vn -0.642772 0.000000 0.766058
vn -0.642772 0.000000 0.766058
vn -0.342013 0.000000 0.939695
vn -0.342013 0.000000 0.939695
vn 0.000000 0.000000 1.000000
vn 0.000000 0.000000 1.000000
vn 0.000000 1.000000 0.000000
vn 0.000000 1.000000 0.000000
vn 0.000000 1.000000 0.000000
vn 0.000000 1.000000 0.000000
vn 0.000000 1.000000 0.000000
vn 0.000000 1.000000 0.000000
vn 0.000000 1.000000 0.000000
vn 0.000000 1.000000 0.000000
vn 0.000000 1.000000 0.000000
vn 0.000000 1.000000 0.000000
vn 0.000000 1.000000 0.000000
vn 0.000000 1.000000 0.000000
vn 0.000000 1.000000 0.000000
vn 0.000000 1.000000 0.000000
vn 0.000000 1.000000 0.000000
vn 0.000000 1.000000 0.000000
vn 0.000000 1.000000 0.000000
vn 0.000000 1.000000 0.000000
vn 0.000000 1.000000 0.000000
vn 0.000000 1.000000 0.000000
vn 0.000000 1.000000 0.000000
vn 0.000000 1.000000 0.000000
vn 0.000000 1.000000 0.000000
vn 0.000000 1.000000 0.000000
vn 0.000000 1.000000 0.000000
vn 0.000000 1.000000 0.000000
vn 0.000000 1.000000 0.000000
vn 0.000000 1.000000 0.000000
vn 0.000000 1.000000 0.000000
vn 0.000000 1.000000 0.000000
vn 0.000000 1.000000 0.000000
vn 0.000000 1.000000 0.000000
vn 0.000000 1.000000 0.000003
vn 0.000000 1.000000 0.000003
vn 0.000000 1.000000 0.000003
vn 0.000000 1.000000 0.000003
vn 0.000000 1.000000 0.000001
vn 0.000000 1.000000 0.000001
vn 0.000000 1.000000 0.000001
vn 0.000000 1.000000 0.000001
vn 0.000000 1.000000 0.000000
vn 0.000000 1.000000 0.000000
vn 0.000000 1.000000 0.000000
vn 0.000000 1.000000 0.000000
vn 0.000000 1.000000 0.000000
vn 0.000000 1.000000 0.000000
vn 0.000000 1.000000 0.000000
vn 0.000000 1.000000 0.000000
vn 0.000000 1.000000 0.000000
vn 0.000000 1.000000 0.000000
vn 0.000000 1.000000 0.000000
vn 0.000000 1.000000 0.000000
vn 0.000000 1.000000 0.000003
vn 0.000000 1.000000 0.000003
vn 0.000000 1.000000 0.000003
vn 0.000000 1.000000 0.000003
vn 0.000000 1.000000 0.000000
vn 0.000000 1.000000 0.000000
vn 0.000000 1.000000 0.000000
vn 0.000000 1.000000 0.000000
vn 0.000000 1.000000 0.000000
vn 0.000000 1.000000 0.000000
vn 0.000000 1.000000 0.000000
vn 0.000000 1.000000 0.000000
vn 0.000000 1.000000 -0.000002
vn 0.000000 1.000000 -0.000002
vn 0.000000 1.000000 -0.000002
vn 0.000000 1.000000 -0.000002
vn 0.000000 1.000000 0.000000
vn 0.000000 1.000000 0.000000
vn 0.000000 1.000000 0.000000
vn 0.000000 1.000000 0.000000
vn 0.342038 0.000000 0.939686
vn 0.642769 0.000000 0.766060
vn 0.639824 -0.009919 0.768457
vn 0.337408 -0.005943 0.941340
vn 0.866013 0.000000 0.500021
vn 0.864768 -0.011672 0.502035
vn 0.984807 0.000000 0.173656
vn 0.984594 -0.012149 0.174432
vn 0.984807 0.000000 -0.173651
vn 0.984595 -0.012149 -0.174428
vn 0.866013 0.000000 -0.500021
vn 0.864768 -0.011671 -0.502036
vn 0.642755 0.000000 -0.766072
vn 0.639810 -0.009918 -0.768469
vn 0.342030 0.000000 -0.939689
vn 0.337399 -0.005943 -0.941343
vn -0.000000 0.000000 -1.000000
vn -0.005529 0.000572 -0.999985
vn -0.342011 0.000000 -0.939696
vn -0.347119 0.008934 -0.937779
vn -0.642774 0.000000 -0.766056
vn -0.646207 0.017614 -0.762959
vn -0.866031 0.000000 -0.499991
vn -0.867310 0.024766 -0.497152
vn -0.984814 0.000000 -0.173613
vn -0.984594 0.028795 -0.172472
vn -0.984813 0.000000 0.173617
vn -0.984593 0.028796 0.172476
vn -0.866030 0.000000 0.499991
vn -0.867309 0.024767 0.497153
vn -0.642789 0.000000 0.766043
vn -0.646222 0.017615 0.762946
vn -0.342019 0.000000 0.939693
vn -0.347128 0.008934 0.937775
vn -0.000000 0.000000 1.000000
vn -0.005530 0.000572 0.999985
vn 0.625245 -0.100315 0.773954
vn 0.321780 -0.054033 0.945271
vn 0.852451 -0.130559 0.506243
vn 0.973728 -0.144592 0.175920
vn 0.973728 -0.144592 -0.175916
vn 0.852450 -0.130557 -0.506245
vn 0.625232 -0.100312 -0.773966
vn 0.321772 -0.054031 -0.945274
vn -0.018741 0.003437 -0.999818
vn -0.353826 0.063954 -0.933122
vn -0.643893 0.118644 -0.755860
vn -0.856425 0.159766 -0.490928
vn -0.968531 0.181756 -0.170036
vn -0.968530 0.181756 0.170041
vn -0.856424 0.159767 0.490930
vn -0.643907 0.118648 0.755848
vn -0.353834 0.063956 0.933119
vn -0.018745 0.003437 0.999818
vn 0.562616 -0.246330 0.789167
vn 0.277550 -0.127035 0.952275
vn 0.786868 -0.326715 0.523541
vn 0.912836 -0.364629 0.183784
vn 0.912838 -0.364627 -0.183779
vn 0.786867 -0.326714 -0.523545
vn 0.562606 -0.246326 -0.789176
vn 0.277543 -0.127030 -0.952278
vn -0.032225 0.016787 -0.999340
vn -0.332197 0.164983 -0.928669
vn -0.590164 0.297023 -0.750655
vn -0.778719 0.395419 -0.487074
vn -0.878097 0.447775 -0.168649
vn -0.878097 0.447775 0.168653
vn -0.778718 0.395418 0.487076
vn -0.590178 0.297030 0.750642
vn -0.332202 0.164986 0.928667
vn -0.032230 0.016788 0.999340
vn 0.410408 -0.449872 0.793209
vn 0.201114 -0.221466 0.954204
vn 0.574240 -0.624822 0.529005
vn 0.666651 -0.721604 0.186719
vn 0.665737 -0.722397 -0.186914
vn 0.572394 -0.626503 -0.529018
vn 0.408947 -0.451402 -0.793094
vn 0.200589 -0.222440 -0.954088
vn -0.027731 0.031647 -0.999114
vn -0.250078 0.280448 -0.926720
vn -0.441767 0.495372 -0.747963
vn -0.582047 0.652675 -0.485012
vn -0.656167 0.735610 -0.168291
vn -0.656478 0.735628 0.166995
vn -0.582880 0.652725 0.483943
vn -0.442856 0.495479 0.747248
vn -0.251015 0.280666 0.926401
vn -0.028104 0.032143 0.999088
vn 0.186849 -0.580988 0.792175
vn 0.095361 -0.285312 0.953679
vn 0.246804 -0.812434 0.528242
vn 0.272566 -0.943645 0.187729
vn 0.272659 -0.944458 -0.183456
vn 0.247150 -0.814503 -0.524883
vn 0.187485 -0.583659 -0.790058
vn 0.096199 -0.288099 -0.952756
vn -0.013444 0.036116 -0.999257
vn -0.124989 0.351797 -0.927694
vn -0.223124 0.623700 -0.749142
vn -0.295588 0.822423 -0.486055
vn -0.334033 0.927268 -0.169106
vn -0.334247 0.927674 0.166436
vn -0.296182 0.823585 0.483720
vn -0.223980 0.625501 0.747383
vn -0.125957 0.354063 0.926701
vn -0.014398 0.038726 0.999146
vn 0.015496 -0.630008 0.776434
vn 0.011851 -0.322677 0.946435
vn 0.009914 -0.860643 0.509112
vn 0.002709 -0.984163 0.177243
vn 0.001994 -0.984190 -0.177106
vn 0.008255 -0.860833 -0.508821
vn 0.013906 -0.630498 -0.776067
vn 0.011059 -0.323438 -0.946185
vn -0.002520 0.021295 -0.999770
vn -0.023623 0.360947 -0.932287
vn -0.046516 0.654845 -0.754330
vn -0.065468 0.869630 -0.489345
vn -0.076207 0.982589 -0.169443
vn -0.076484 0.982623 0.169119
vn -0.066213 0.869794 0.488952
vn -0.047469 0.655270 0.753902
vn -0.024385 0.361640 0.931999
vn -0.002652 0.022135 0.999752
vn -0.039534 -0.646835 0.761605
vn -0.021428 -0.348847 0.936935
vn -0.052760 -0.866755 0.495936
vn -0.059724 -0.983283 0.172010
vn -0.059723 -0.983284 -0.172006
vn -0.052761 -0.866756 -0.495934
vn -0.039535 -0.646822 -0.761616
vn -0.021429 -0.348838 -0.936938
vn -0.000446 -0.007867 -0.999969
vn 0.020936 0.334954 -0.942002
vn 0.040060 0.637588 -0.769336
vn 0.054443 0.862753 -0.502687
vn 0.062157 0.982665 -0.174660
vn 0.062157 0.982664 0.174665
vn 0.054442 0.862752 0.502688
vn 0.040061 0.637601 0.769324
vn 0.020937 0.334964 0.941998
vn -0.000447 -0.007868 0.999969
vn -0.999992 -0.004047 0.000776
vn -0.999991 -0.004047 0.000776
vn -0.999992 -0.004047 0.000776
vn -0.999992 -0.004047 0.000776
vn -0.999989 -0.004552 0.000765
vn -0.999989 -0.004552 0.000765
vn -0.999989 -0.004552 0.000765
vn -0.999989 -0.004552 0.000765
vn -0.999987 -0.005002 0.000492
vn -0.999987 -0.005002 0.000492
vn -0.999987 -0.005002 0.000492
vn -0.999987 -0.005002 0.000492
vn -0.999986 -0.005223 0.000000
vn -0.999986 -0.005223 0.000000
vn -0.999986 -0.005223 0.000000
vn -0.999986 -0.005223 0.000000
vn -0.999987 -0.004999 -0.000492
vn -0.999987 -0.004999 -0.000492
vn -0.999987 -0.004999 -0.000492
vn -0.999987 -0.004999 -0.000492
vn -0.999989 -0.004546 -0.000765
vn -0.999989 -0.004546 -0.000765
vn -0.999989 -0.004546 -0.000765
vn -0.999989 -0.004546 -0.000765
vn -0.999992 -0.004035 -0.000776
vn -0.999992 -0.004035 -0.000776
vn -0.999992 -0.004035 -0.000776
vn -0.999992 -0.004035 -0.000776
vn -0.999993 -0.003672 -0.000323
vn -0.999993 -0.003672 -0.000323
vn -0.999993 -0.003672 -0.000323
vn -0.999993 -0.003672 -0.000323
vn -0.999993 -0.003709 0.000273
vn -0.999993 -0.003709 0.000273
vn -0.999993 -0.003709 0.000273
vn -0.999993 -0.003709 0.000273
vn -0.999992 -0.004004 0.000704
vn -0.999992 -0.004004 0.000704
vn -0.999992 -0.004004 0.000704
vn -0.999992 -0.004004 0.000704
vn -0.999989 -0.004534 0.000725
vn -0.999989 -0.004534 0.000725
vn -0.999989 -0.004534 0.000725
vn -0.999990 -0.004534 0.000725
vn -0.999987 -0.005039 0.000489
vn -0.999987 -0.005039 0.000489
vn -0.999987 -0.005039 0.000489
vn -0.999987 -0.005039 0.000489
vn -0.999986 -0.005333 0.000000
vn -0.999986 -0.005333 0.000000
vn -0.999986 -0.005333 0.000000
vn -0.999986 -0.005333 0.000000
vn -0.999987 -0.005038 -0.000489
vn -0.999987 -0.005038 -0.000489
vn -0.999987 -0.005038 -0.000489
vn -0.999987 -0.005038 -0.000489
vn -0.999989 -0.004534 -0.000725
vn -0.999989 -0.004534 -0.000725
vn -0.999989 -0.004534 -0.000725
vn -0.999989 -0.004534 -0.000725
vn -0.999992 -0.004004 -0.000704
vn -0.999992 -0.004004 -0.000704
vn -0.999992 -0.004004 -0.000704
vn -0.999992 -0.004004 -0.000704
vn -0.999993 -0.003709 -0.000273
vn -0.999993 -0.003709 -0.000273
vn -0.999993 -0.003709 -0.000273
vn -0.999993 -0.003709 -0.000273
vn -0.999993 -0.003660 0.000323
vn -0.999993 -0.003660 0.000323
vn -0.999993 -0.003660 0.000323
vn -0.999993 -0.003660 0.000323
vn 0.000007 -0.341339 0.939941
vn 0.000020 -0.642378 0.766388
vn 0.000020 -0.641981 0.766721
vn 0.000007 -0.340745 0.940156
vn 0.000036 -0.865871 0.500267
vn 0.000036 -0.865704 0.500557
vn 0.000045 -0.984791 0.173744
vn 0.000045 -0.984771 0.173856
vn 0.000045 -0.984792 -0.173737
vn 0.000045 -0.984772 -0.173849
vn 0.000035 -0.865874 -0.500262
vn 0.000035 -0.865707 -0.500552
vn 0.000020 -0.642355 -0.766407
vn 0.000020 -0.641958 -0.766739
vn 0.000007 -0.341331 -0.939943
vn 0.000007 -0.340738 -0.940158
vn 0.000001 0.000893 -1.000000
vn 0.000001 0.001557 -0.999999
vn 0.000006 0.342895 -0.939374
vn 0.000006 0.343481 -0.939160
vn 0.000020 0.643411 -0.765521
vn 0.000020 0.643800 -0.765194
vn 0.000035 0.866328 -0.499476
vn 0.000035 0.866490 -0.499194
vn 0.000044 0.984846 -0.173429
vn 0.000044 0.984865 -0.173321
vn 0.000045 0.984845 0.173436
vn 0.000045 0.984864 0.173329
vn 0.000034 0.866324 0.499482
vn 0.000034 0.866486 0.499201
vn 0.000019 0.643433 0.765502
vn 0.000019 0.643822 0.765175
vn 0.000006 0.342904 0.939371
vn 0.000006 0.343489 0.939157
vn 0.000001 0.000893 1.000000
vn 0.000001 0.001557 0.999999
vn 0.999985 -0.005569 0.000017
vn 0.999985 -0.005543 0.000014
vn 0.999985 -0.005554 -0.000000
vn 0.999985 -0.005560 0.000000
vn 0.999985 -0.005543 0.000008
vn 0.999985 -0.005560 -0.000001
vn 0.999985 -0.005543 -0.000006
vn 0.999985 -0.005548 0.000004
vn 0.999985 -0.005552 -0.000004
vn 0.999985 -0.005547 0.000006
vn 0.999985 -0.005560 0.000001
vn 0.999985 -0.005543 -0.000008
vn 0.999985 -0.005560 0.000000
vn 0.999985 -0.005569 -0.000017
vn 0.999985 -0.005539 -0.000014
vn 0.999985 -0.005556 0.000004
vn 0.999985 -0.005556 0.000001
vn 0.999985 -0.005556 -0.000001
vn 0.999985 -0.005560 -0.000004
vn 0.000000 -0.342675 0.939454
vn 0.000000 -0.643262 0.765646
vn 0.000000 -0.642545 0.766248
vn 0.000000 -0.341590 0.939849
vn 0.000000 -0.000616 1.000000
vn 0.000000 0.000616 1.000000
vn 0.000000 0.341586 0.939851
vn 0.000000 0.342671 0.939456
vn 0.000000 0.642558 0.766237
vn 0.000000 0.643278 0.765633
vn 0.000000 0.865954 0.500123
vn 0.000000 0.866261 0.499592
vn 0.000000 0.984800 0.173692
vn 0.000000 0.984837 0.173482
vn 0.000000 0.984801 -0.173687
vn 0.000000 0.984838 -0.173477
vn 0.000000 0.865954 -0.500124
vn 0.000000 0.866261 -0.499593
vn 0.000000 0.642540 -0.766252
vn 0.000000 0.643261 -0.765647
vn 0.000000 0.341586 -0.939851
vn 0.000000 0.342671 -0.939456
vn 0.000000 -0.000616 -1.000000
vn 0.000000 0.000616 -1.000000
vn 0.000000 -0.342675 -0.939454
vn 0.000000 -0.341590 -0.939849
vn 0.000000 -0.643245 -0.765661
vn 0.000000 -0.642528 -0.766263
vn 0.000000 -0.866254 -0.499604
vn 0.000000 -0.865948 -0.500135
vn 0.000000 -0.984839 -0.173473
vn 0.000000 -0.984802 -0.173683
vn 0.000000 -0.984838 0.173478
vn 0.000000 -0.984801 0.173688
vn 0.000000 -0.866254 0.499604
vn 0.000000 -0.865948 0.500135
vn 0.500162 0.000000 0.865932
vn 0.866057 0.000000 0.499946
vn 0.866057 0.000000 0.499946
vn 0.500162 0.000000 0.865932
vn 1.000000 0.000000 0.000000
vn 1.000000 0.000000 0.000000
vn 0.866063 0.000000 -0.499935
vn 0.866063 0.000000 -0.499935
vn 0.500184 0.000000 -0.865919
vn 0.500184 0.000000 -0.865919
vn 0.000000 0.000000 -1.000000
vn 0.000000 0.000000 -1.000000
vn -0.500184 0.000000 -0.865919
vn -0.500184 0.000000 -0.865919
vn -0.866015 0.000000 -0.500019
vn -0.866015 0.000000 -0.500019
vn -1.000000 0.000000 0.000000
vn -1.000000 0.000000 0.000000
vn -0.866008 0.000000 0.500030
vn -0.866008 0.000000 0.500030
vn -0.500162 0.000000 0.865932
vn -0.500162 0.000000 0.865932
vn -0.000000 0.000000 1.000000
vn -0.000000 0.000000 1.000000
vn 0.999806 -0.019699 -0.000059
vn 0.999805 -0.019725 0.000009
vn 0.999805 -0.019762 0.000000
vn 0.999807 -0.019671 0.000000
vn 0.999806 -0.019726 -0.000009
vn 0.999806 -0.019712 0.000059
vn 0.999805 -0.019763 0.000000
vn 0.999803 -0.019831 0.000059
vn 0.999804 -0.019793 0.000039
vn 0.999803 -0.019829 0.000000
vn 0.999804 -0.019804 -0.000039
vn 0.999803 -0.019832 -0.000059
vn 0.999805 -0.019763 0.000000
vn 0.000000 -1.000000 -0.000002
vn 0.000000 -1.000000 -0.000004
vn 0.000000 -1.000000 -0.000004
vn 0.000000 -1.000000 -0.000002
vn 0.000000 -1.000000 -0.000009
vn 0.000000 -1.000000 -0.000009
vn 0.000000 -1.000000 -0.000009
vn 0.000000 -1.000000 -0.000009
vn 0.000000 -1.000000 0.000000
vn 0.000000 -1.000000 0.000000
vn 0.000000 -1.000000 0.000000
vn 0.000000 -1.000000 0.000000
vn 0.000000 -1.000000 0.000009
vn 0.000000 -1.000000 0.000009
vn 0.000000 -1.000000 0.000009
vn 0.000000 -1.000000 0.000009
vn 0.000000 -1.000000 0.000004
vn 0.000000 -1.000000 0.000004
vn 0.000000 -1.000000 0.000004
vn 0.000000 -1.000000 0.000004
vn 0.000000 -1.000000 0.000000
vn 0.000000 -1.000000 0.000002
vn 0.000000 -1.000000 0.000002
vn 0.000000 -1.000000 0.000000
vn 0.000000 -1.000000 0.000004
vn 0.000000 -1.000000 0.000004
vn 0.000000 -1.000000 -0.000009
vn 0.000000 -1.000000 -0.000009
vn 0.000000 -1.000000 -0.000009
vn 0.000000 -1.000000 -0.000009
vn 0.000000 -1.000000 0.000009
vn 0.000000 -1.000000 0.000000
vn 0.000000 -1.000000 -0.000000
vn 0.000000 -1.000000 0.000009
vn 0.000000 -1.000000 -0.000007
vn 0.000000 -1.000000 -0.000007
vn 0.000000 -1.000000 -0.000004
vn 0.000000 -1.000000 -0.000004
vn 0.000000 -1.000000 0.000000
vn 0.000000 -1.000000 0.000000
vn 0.500111 0.000000 0.865961
vn 0.707764 0.000000 0.706449
vn 0.707764 0.000000 0.706449
vn 0.500111 0.000000 0.865961
vn 0.965827 0.000000 0.259189
vn 0.965827 0.000000 0.259189
vn 0.965827 0.000000 0.259189
vn 0.965827 0.000000 0.259189
vn 0.965924 0.000000 -0.258828
vn 0.965924 0.000000 -0.258828
vn 0.965924 0.000000 -0.258828
vn 0.965924 0.000000 -0.258828
vn 0.707046 0.000000 -0.707168
vn 0.707046 0.000000 -0.707168
vn 0.707046 0.000000 -0.707168
vn 0.707046 0.000000 -0.707168
vn 0.259118 0.000000 -0.965846
vn 0.259118 0.000000 -0.965846
vn 0.259118 0.000000 -0.965846
vn 0.259118 0.000000 -0.965846
vn -0.259056 0.000000 -0.965862
vn -0.259056 0.000000 -0.965862
vn -0.259056 0.000000 -0.965862
vn -0.259056 0.000000 -0.965862
vn -0.707128 0.000000 -0.707086
vn -0.707128 0.000000 -0.707086
vn -0.707128 0.000000 -0.707086
vn -0.707128 0.000000 -0.707086
vn -0.965924 0.000000 -0.258828
vn -0.965924 0.000000 -0.258828
vn -0.965924 0.000000 -0.258828
vn -0.965924 0.000000 -0.258828
vn -0.965827 0.000000 0.259189
vn -0.965827 0.000000 0.259189
vn -0.965827 0.000000 0.259189
vn -0.965827 0.000000 0.259189
vn -0.707846 0.000000 0.706367
vn -0.707846 0.000000 0.706367
vn -0.707846 0.000000 0.706367
vn -0.707846 0.000000 0.706367
vn -0.257754 0.000000 0.966211
vn -0.257754 0.000000 0.966211
vn -0.257754 0.000000 0.966211
vn -0.257754 0.000000 0.966211
vn 0.257816 0.000000 0.966194
vn 0.257816 0.000000 0.966194
vn 0.000000 1.000000 0.000002
vn 0.000000 1.000000 0.000005
vn 0.000000 1.000000 0.000005
vn 0.000000 1.000000 0.000002
vn 0.000000 1.000000 0.000000
vn 0.000000 1.000000 0.000000
vn 0.000000 1.000000 0.000000
vn 0.000000 1.000000 0.000000
vn 0.000000 1.000000 0.000000
vn 0.000000 1.000000 0.000000
vn 0.000000 1.000000 0.000000
vn 0.000000 1.000000 0.000000
vn 0.000000 1.000000 -0.000009
vn 0.000000 1.000000 -0.000009
vn 0.000000 1.000000 -0.000009
vn 0.000000 1.000000 -0.000009
vn 0.000000 1.000000 -0.000005
vn 0.000000 1.000000 -0.000005
vn 0.000000 1.000000 -0.000005
vn 0.000000 1.000000 -0.000005
vn 0.000000 1.000000 0.000009
vn 0.000000 1.000000 0.000002
vn 0.000000 1.000000 0.000002
vn 0.000000 1.000000 0.000009
vn 0.000000 1.000000 -0.000005
vn 0.000000 1.000000 -0.000005
vn 0.000000 1.000000 -0.000005
vn 0.000000 1.000000 -0.000005
vn 0.000000 1.000000 -0.000005
vn 0.000000 1.000000 -0.000005
vn 0.000000 1.000000 0.000009
vn 0.000000 1.000000 0.000007
vn 0.000000 1.000000 0.000007
vn 0.000000 1.000000 0.000009
vn 0.000000 1.000000 -0.000002
vn 0.000000 1.000000 -0.000002
vn 0.000000 1.000000 -0.000009
vn 0.000000 1.000000 -0.000009
vn 0.000000 1.000000 0.000000
vn 0.000000 1.000000 0.000000
vn 0.500402 0.000000 0.865793
vn 0.865961 0.000000 0.500112
vn 0.865961 0.000000 0.500112
vn 0.500402 0.000000 0.865793
vn 1.000000 0.000000 0.000000
vn 1.000000 0.000000 0.000000
vn 0.865961 0.000000 -0.500112
vn 0.865961 0.000000 -0.500112
vn 0.499810 0.000000 -0.866135
vn 0.499810 0.000000 -0.866135
vn 0.000000 0.000000 -1.000000
vn 0.000000 0.000000 -1.000000
vn -0.499738 0.000000 -0.866177
vn -0.499738 0.000000 -0.866177
vn -0.866008 0.000000 -0.500030
vn -0.866008 0.000000 -0.500030
vn -1.000000 0.000000 0.000000
vn -1.000000 0.000000 0.000000
vn -0.866008 0.000000 0.500030
vn -0.866008 0.000000 0.500030
vn -0.500330 0.000000 0.865835
vn -0.500330 0.000000 0.865835
vn 0.000000 0.000000 1.000000
vn 0.000000 0.000000 1.000000
vn 0.000000 -1.000000 0.000006
vn 0.000000 -1.000000 0.000011
vn 0.000000 -1.000000 0.000011
vn 0.000000 -1.000000 0.000006
vn 0.000000 -1.000000 0.000000
vn 0.000000 -1.000000 0.000000
vn 0.000000 -1.000000 0.000000
vn 0.000000 -1.000000 0.000000
vn 0.000000 -1.000000 0.000000
vn 0.000000 -1.000000 0.000000
vn 0.000000 -1.000000 0.000000
vn 0.000000 -1.000000 0.000000
vn 0.000000 -1.000000 -0.000007
vn 0.000000 -1.000000 -0.000007
vn 0.000000 -1.000000 -0.000007
vn 0.000000 -1.000000 -0.000007
vn 0.000000 -1.000000 -0.000004
vn 0.000000 -1.000000 -0.000004
vn 0.000000 -1.000000 -0.000004
vn 0.000000 -1.000000 -0.000004
vn 0.000000 -1.000000 0.000001
vn 0.000000 -1.000000 0.000002
vn 0.000000 -1.000000 0.000002
vn 0.000000 -1.000000 0.000001
vn 0.000000 -1.000000 0.000004
vn 0.000000 -1.000000 0.000004
vn 0.000000 -1.000000 0.000007
vn 0.000000 -1.000000 0.000007
vn 0.000000 -1.000000 0.000007
vn 0.000000 -1.000000 0.000007
vn 0.000000 -1.000000 -0.000007
vn 0.000000 -1.000000 -0.000007
vn 0.000000 -1.000000 -0.000007
vn 0.000000 -1.000000 -0.000007
vn 0.000000 -1.000000 -0.000002
vn 0.000000 -1.000000 -0.000002
vn 0.000000 -1.000000 0.000004
vn 0.000000 -1.000000 0.000004
vn 0.000000 -1.000000 0.000001
vn 0.000000 -1.000000 0.000001
vn 0.500040 0.000000 0.866003
vn 0.707418 0.000000 0.706796
vn 0.707418 0.000000 0.706796
vn 0.500040 0.000000 0.866003
vn 0.965858 0.000000 0.259071
vn 0.965858 0.000000 0.259071
vn 0.965858 0.000000 0.259071
vn 0.965858 0.000000 0.259071
vn 0.965859 0.000000 -0.259070
vn 0.965859 0.000000 -0.259070
vn 0.965859 0.000000 -0.259070
vn 0.965859 0.000000 -0.259070
vn 0.706647 0.000000 -0.707566
vn 0.706647 0.000000 -0.707566
vn 0.706647 0.000000 -0.707566
vn 0.706647 0.000000 -0.707566
vn 0.259936 0.000000 -0.965626
vn 0.259936 0.000000 -0.965626
vn 0.259936 0.000000 -0.965626
vn 0.259936 0.000000 -0.965626
vn -0.260034 0.000000 -0.965600
vn -0.260034 0.000000 -0.965600
vn -0.260034 0.000000 -0.965600
vn -0.260034 0.000000 -0.965600
vn -0.706568 0.000000 -0.707645
vn -0.706568 0.000000 -0.707645
vn -0.706568 0.000000 -0.707645
vn -0.706568 0.000000 -0.707645
vn -0.965898 0.000000 -0.258923
vn -0.965898 0.000000 -0.258923
vn -0.965898 0.000000 -0.258923
vn -0.965898 0.000000 -0.258923
vn -0.965898 0.000000 0.258925
vn -0.965898 0.000000 0.258925
vn -0.965898 0.000000 0.258925
vn -0.965898 0.000000 0.258925
vn -0.707339 0.000000 0.706874
vn -0.707339 0.000000 0.706874
vn -0.707339 0.000000 0.706874
vn -0.707339 0.000000 0.706874
vn -0.258596 0.000000 0.965986
vn -0.258596 0.000000 0.965986
vn -0.258596 0.000000 0.965986
vn -0.258596 0.000000 0.965986
vn 0.258499 0.000000 0.966012
vn 0.258499 0.000000 0.966012
vn 0.000000 1.000000 -0.000013
vn 0.000000 1.000000 -0.000011
vn 0.000000 1.000000 -0.000011
vn 0.000000 1.000000 -0.000013
vn 0.000000 1.000000 0.000000
vn 0.000000 1.000000 0.000000
vn 0.000000 1.000000 0.000000
vn 0.000000 1.000000 0.000000
vn 0.000000 1.000000 0.000007
vn 0.000000 1.000000 0.000007
vn 0.000000 1.000000 0.000007
vn 0.000000 1.000000 0.000007
vn 0.000000 1.000000 0.000007
vn 0.000000 1.000000 0.000007
vn 0.000000 1.000000 0.000007
vn 0.000000 1.000000 0.000007
vn 0.000000 1.000000 0.000011
vn 0.000000 1.000000 0.000011
vn 0.000000 1.000000 0.000011
vn 0.000000 1.000000 0.000011
vn 0.000000 1.000000 0.000000
vn 0.000000 1.000000 -0.000002
vn 0.000000 1.000000 -0.000002
vn 0.000000 1.000000 0.000000
vn 0.000000 1.000000 -0.000004
vn 0.000000 1.000000 -0.000004
vn 0.000000 1.000000 0.000000
vn 0.000000 1.000000 0.000000
vn 0.000000 1.000000 0.000000
vn 0.000000 1.000000 0.000000
vn 0.000000 1.000000 -0.000007
vn 0.000000 1.000000 -0.000004
vn 0.000000 1.000000 -0.000004
vn 0.000000 1.000000 -0.000007
vn 0.000000 1.000000 -0.000002
vn 0.000000 1.000000 -0.000002
vn 0.000000 1.000000 -0.000004
vn 0.000000 1.000000 -0.000004
vn 0.000000 1.000000 -0.000015
vn 0.000000 1.000000 -0.000015
vn 0.499638 0.000000 0.866234
vn 0.866119 0.000000 0.499839
vn 0.866119 0.000000 0.499839
vn 0.499638 0.000000 0.866234
vn 1.000000 0.000000 0.000000
vn 1.000000 0.000000 0.000000
vn 0.865848 0.000000 -0.500307
vn 0.865848 0.000000 -0.500307
vn 0.500357 0.000000 -0.865819
vn 0.500357 0.000000 -0.865819
vn 0.000000 0.000000 -1.000000
vn 0.000000 0.000000 -1.000000
vn -0.500475 0.000000 -0.865751
vn -0.500475 0.000000 -0.865751
vn -0.865825 0.000000 -0.500348
vn -0.865825 0.000000 -0.500348
vn -1.000000 0.000000 0.000000
vn -1.000000 0.000000 0.000000
vn -0.866095 0.000000 0.499879
vn -0.866095 0.000000 0.499879
vn -0.499757 0.000000 0.866166
vn -0.499757 0.000000 0.866166
vn -0.000000 0.000000 1.000000
vn -0.000000 0.000000 1.000000
vn 0.000000 -1.000000 -0.000002
vn 0.000000 -1.000000 -0.000004
vn 0.000000 -1.000000 -0.000004
vn 0.000000 -1.000000 -0.000002
vn 0.000000 -1.000000 0.000007
vn 0.000000 -1.000000 0.000007
vn 0.000000 -1.000000 0.000007
vn 0.000000 -1.000000 0.000007
vn 0.000000 -1.000000 0.000000
vn 0.000000 -1.000000 0.000000
vn 0.000000 -1.000000 0.000000
vn 0.000000 -1.000000 0.000000
vn 0.000000 -1.000000 0.000007
vn 0.000000 -1.000000 0.000007
vn 0.000000 -1.000000 0.000007
vn 0.000000 -1.000000 0.000007
vn 0.000000 -1.000000 -0.000004
vn 0.000000 -1.000000 -0.000004
vn 0.000000 -1.000000 -0.000004
vn 0.000000 -1.000000 -0.000004
vn 0.000000 -1.000000 0.000000
vn 0.000000 -1.000000 0.000000
vn 0.000000 -1.000000 0.000000
vn 0.000000 -1.000000 0.000000
vn 0.000000 -1.000000 -0.000015
vn 0.000000 -1.000000 -0.000015
vn 0.000000 -1.000000 -0.000015
vn 0.000000 -1.000000 -0.000015
vn 0.000000 -1.000000 -0.000007
vn 0.000000 -1.000000 -0.000007
vn 0.000000 -1.000000 -0.000007
vn 0.000000 -1.000000 -0.000007
vn 0.000000 -1.000000 0.000000
vn 0.000000 -1.000000 0.000000
vn 0.000000 -1.000000 0.000000
vn 0.000000 -1.000000 0.000000
vn 0.000000 -1.000000 0.000007
vn 0.000000 -1.000000 0.000007
vn 0.000000 -1.000000 0.000007
vn 0.000000 -1.000000 0.000007
vn 0.000000 -1.000000 0.000000
vn 0.000000 -1.000000 0.000000
vn 0.000000 -1.000000 0.000000
vn 0.000000 -1.000000 0.000000
vn 0.000000 -1.000000 0.000000
vn 0.000000 -1.000000 0.000000
vn 0.499782 0.000000 0.866151
vn 0.706655 0.000000 0.707559
vn 0.706655 0.000000 0.707559
vn 0.499782 0.000000 0.866151
vn 0.966030 0.000000 0.258431
vn 0.966030 0.000000 0.258431
vn 0.966030 0.000000 0.258431
vn 0.966030 0.000000 0.258431
vn 0.965926 0.000000 -0.258817
vn 0.965926 0.000000 -0.258817
vn 0.965926 0.000000 -0.258817
vn 0.965926 0.000000 -0.258817
vn 0.706666 0.000000 -0.707548
vn 0.706666 0.000000 -0.707548
vn 0.706666 0.000000 -0.707548
vn 0.706666 0.000000 -0.707548
vn 0.259098 0.000000 -0.965851
vn 0.259098 0.000000 -0.965851
vn 0.259098 0.000000 -0.965851
vn 0.259098 0.000000 -0.965851
vn -0.259059 0.000000 -0.965862
vn -0.259059 0.000000 -0.965862
vn -0.259059 0.000000 -0.965862
vn -0.259059 0.000000 -0.965862
vn -0.706863 0.000000 -0.707350
vn -0.706863 0.000000 -0.707350
vn -0.706863 0.000000 -0.707350
vn -0.706863 0.000000 -0.707350
vn -0.965848 0.000000 -0.259110
vn -0.965848 0.000000 -0.259110
vn -0.965848 0.000000 -0.259110
vn -0.965848 0.000000 -0.259110
vn -0.965952 0.000000 0.258723
vn -0.965952 0.000000 0.258723
vn -0.965952 0.000000 0.258723
vn -0.965952 0.000000 0.258723
vn -0.706852 0.000000 0.707361
vn -0.706852 0.000000 0.707361
vn -0.706852 0.000000 0.707361
vn -0.706852 0.000000 0.707361
vn -0.259023 0.000000 0.965871
vn -0.259023 0.000000 0.965871
vn -0.259023 0.000000 0.965871
vn -0.259023 0.000000 0.965871
vn 0.259063 0.000000 0.965861
vn 0.259063 0.000000 0.965861
vn 0.000000 1.000000 -0.000006
vn 0.000000 1.000000 -0.000012
vn 0.000000 1.000000 -0.000012
vn 0.000000 1.000000 -0.000006
vn 0.000000 1.000000 0.000008
vn 0.000000 1.000000 0.000008
vn 0.000000 1.000000 0.000008
vn 0.000000 1.000000 0.000008
vn 0.000000 1.000000 -0.000008
vn 0.000000 1.000000 -0.000008
vn 0.000000 1.000000 -0.000008
vn 0.000000 1.000000 -0.000008
vn 0.000000 1.000000 0.000008
vn 0.000000 1.000000 0.000008
vn 0.000000 1.000000 0.000008
vn 0.000000 1.000000 0.000008
vn 0.000000 1.000000 -0.000004
vn 0.000000 1.000000 -0.000004
vn 0.000000 1.000000 -0.000004
vn 0.000000 1.000000 -0.000004
vn 0.000000 1.000000 0.000000
vn 0.000000 1.000000 0.000000
vn 0.000000 1.000000 0.000000
vn 0.000000 1.000000 0.000000
vn 0.000000 1.000000 0.000004
vn 0.000000 1.000000 0.000004
vn 0.000000 1.000000 0.000004
vn 0.000000 1.000000 0.000004
vn 0.000000 1.000000 0.000000
vn 0.000000 1.000000 0.000000
vn 0.000000 1.000000 0.000000
vn 0.000000 1.000000 0.000000
vn 0.000000 1.000000 0.000008
vn 0.000000 1.000000 0.000008
vn 0.000000 1.000000 0.000008
vn 0.000000 1.000000 0.000008
vn 0.000000 1.000000 -0.000008
vn 0.000000 1.000000 -0.000008
vn 0.000000 1.000000 -0.000008
vn 0.000000 1.000000 -0.000008
vn 0.000000 1.000000 -0.000004
vn 0.000000 1.000000 -0.000004
vn 0.000000 1.000000 -0.000004
vn 0.000000 1.000000 -0.000004
vn 0.000000 1.000000 0.000000
vn 0.000000 1.000000 0.000000
vn 0.499951 0.000000 0.866054
vn 0.866298 0.000000 0.499527
vn 0.866298 0.000000 0.499527
vn 0.499951 0.000000 0.866054
vn 1.000000 0.000000 0.000000
vn 1.000000 0.000000 0.000000
vn 0.865841 0.000000 -0.500320
vn 0.865841 0.000000 -0.500320
vn 0.500530 0.000000 -0.865719
vn 0.500530 0.000000 -0.865719
vn 0.000000 0.000000 -1.000000
vn 0.000000 0.000000 -1.000000
vn -0.500553 0.000000 -0.865706
vn -0.500553 0.000000 -0.865706
vn -0.865771 0.000000 -0.500440
vn -0.865771 0.000000 -0.500440
vn -1.000000 0.000000 0.000000
vn -1.000000 0.000000 0.000000
vn -0.866229 0.000000 0.499647
vn -0.866229 0.000000 0.499647
vn -0.499974 0.000000 0.866040
vn -0.499974 0.000000 0.866040
vn -0.000000 0.000000 1.000000
vn -0.000000 0.000000 1.000000
vn 0.000000 -1.000000 -0.000011
vn 0.000000 -1.000000 -0.000008
vn 0.000000 -1.000000 -0.000008
vn 0.000000 -1.000000 -0.000011
vn 0.000000 -1.000000 0.000000
vn 0.000000 -1.000000 0.000000
vn 0.000000 -1.000000 0.000000
vn 0.000000 -1.000000 0.000000
vn 0.000000 -1.000000 0.000008
vn 0.000000 -1.000000 0.000008
vn 0.000000 -1.000000 0.000008
vn 0.000000 -1.000000 0.000008
vn 0.000000 -1.000000 0.000008
vn 0.000000 -1.000000 0.000008
vn 0.000000 -1.000000 0.000008
vn 0.000000 -1.000000 0.000008
vn 0.000000 -1.000000 0.000008
vn 0.000000 -1.000000 0.000008
vn 0.000000 -1.000000 0.000008
vn 0.000000 -1.000000 0.000008
vn 0.000000 -1.000000 0.000000
vn 0.000000 -1.000000 0.000000
vn 0.000000 -1.000000 0.000000
vn 0.000000 -1.000000 0.000000
vn 0.000000 -1.000000 0.000008
vn 0.000000 -1.000000 0.000008
vn 0.000000 -1.000000 0.000008
vn 0.000000 -1.000000 0.000008
vn 0.000000 -1.000000 0.000000
vn 0.000000 -1.000000 0.000000
vn 0.000000 -1.000000 0.000000
vn 0.000000 -1.000000 0.000000
vn 0.000000 -1.000000 0.000000
vn 0.000000 -1.000000 0.000000
vn 0.000000 -1.000000 0.000000
vn 0.000000 -1.000000 0.000000
vn 0.000000 -1.000000 -0.000008
vn 0.000000 -1.000000 -0.000008
vn 0.000000 -1.000000 -0.000008
vn 0.000000 -1.000000 -0.000008
vn 0.000000 -1.000000 0.000008
vn 0.000000 -1.000000 0.000008
vn 0.000000 -1.000000 0.000008
vn 0.000000 -1.000000 0.000008
vn 0.000000 -1.000000 -0.000015
vn 0.000000 -1.000000 -0.000015
vn 0.500264 0.000000 0.865873
vn 0.707195 0.000000 0.707019
vn 0.707195 0.000000 0.707019
vn 0.500264 0.000000 0.865873
vn 0.965940 0.000000 0.258766
vn 0.965940 0.000000 0.258766
vn 0.965940 0.000000 0.258766
vn 0.965940 0.000000 0.258766
vn 0.965853 0.000000 -0.259091
vn 0.965853 0.000000 -0.259091
vn 0.965853 0.000000 -0.259091
vn 0.965853 0.000000 -0.259091
vn 0.706411 0.000000 -0.707802
vn 0.706411 0.000000 -0.707802
vn 0.706411 0.000000 -0.707802
vn 0.706411 0.000000 -0.707802
vn 0.259547 0.000000 -0.965730
vn 0.259547 0.000000 -0.965730
vn 0.259547 0.000000 -0.965730
vn 0.259547 0.000000 -0.965730
vn -0.259529 0.000000 -0.965735
vn -0.259529 0.000000 -0.965735
vn -0.259529 0.000000 -0.965735
vn -0.259529 0.000000 -0.965735
vn -0.706411 0.000000 -0.707802
vn -0.706411 0.000000 -0.707802
vn -0.706411 0.000000 -0.707802
vn -0.706411 0.000000 -0.707802
vn -0.965814 0.000000 -0.259235
vn -0.965814 0.000000 -0.259235
vn -0.965814 0.000000 -0.259235
vn -0.965814 0.000000 -0.259235
vn -0.965901 0.000000 0.258910
vn -0.965901 0.000000 0.258910
vn -0.965901 0.000000 0.258910
vn -0.965901 0.000000 0.258910
vn -0.707195 0.000000 0.707019
vn -0.707195 0.000000 0.707019
vn -0.707195 0.000000 0.707019
vn -0.707195 0.000000 0.707019
vn -0.259312 0.000000 0.965794
vn -0.259312 0.000000 0.965794
vn -0.259312 0.000000 0.965794
vn -0.259312 0.000000 0.965794
vn 0.259330 0.000000 0.965789
vn 0.259330 0.000000 0.965789
vn 0.000000 1.000000 0.000002
vn 0.000000 1.000000 0.000007
vn 0.000000 1.000000 0.000007
vn 0.000000 1.000000 0.000002
vn 0.000000 1.000000 0.000000
vn 0.000000 1.000000 0.000000
vn 0.000000 1.000000 0.000000
vn 0.000000 1.000000 0.000000
vn 0.000000 1.000000 0.000000
vn 0.000000 1.000000 0.000000
vn 0.000000 1.000000 0.000000
vn 0.000000 1.000000 0.000000
vn 0.000000 1.000000 -0.000013
vn 0.000000 1.000000 -0.000013
vn 0.000000 1.000000 -0.000013
vn 0.000000 1.000000 -0.000013
vn 0.000000 1.000000 0.000007
vn 0.000000 1.000000 0.000007
vn 0.000000 1.000000 0.000007
vn 0.000000 1.000000 0.000007
vn 0.000000 1.000000 0.000011
vn 0.000000 1.000000 0.000011
vn 0.000000 1.000000 0.000011
vn 0.000000 1.000000 0.000011
vn 0.000000 1.000000 -0.000003
vn 0.000000 1.000000 -0.000003
vn 0.000000 1.000000 -0.000003
vn 0.000000 1.000000 -0.000003
vn 0.000000 1.000000 0.000000
vn 0.000000 1.000000 0.000000
vn 0.000000 1.000000 0.000000
vn 0.000000 1.000000 0.000000
vn 0.000000 1.000000 0.000007
vn 0.000000 1.000000 0.000007
vn 0.000000 1.000000 0.000007
vn 0.000000 1.000000 0.000007
vn 0.000000 1.000000 0.000007
vn 0.000000 1.000000 0.000007
vn 0.000000 1.000000 0.000007
vn 0.000000 1.000000 0.000007
vn 0.000000 1.000000 -0.000010
vn 0.000000 1.000000 -0.000010
vn 0.000000 1.000000 -0.000010
vn 0.000000 1.000000 -0.000010
vn 0.000000 1.000000 -0.000002
vn 0.000000 1.000000 -0.000002
vn 0.500089 0.000000 0.865974
vn 0.865942 0.000000 0.500144
vn 0.862181 -0.034370 0.505434
vn 0.490506 -0.019907 0.871210
vn 1.000000 0.000000 0.000000
vn 0.999227 -0.039324 -0.000000
vn 0.865939 0.000000 -0.500150
vn 0.862178 -0.034373 -0.505438
vn 0.500176 0.000000 -0.865924
vn 0.490590 -0.019912 -0.871163
vn -0.000000 0.000000 -1.000000
vn -0.012563 0.001841 -0.999919
vn -0.500250 0.000000 -0.865881
vn -0.509248 0.025303 -0.860248
vn -0.865914 0.000000 -0.500193
vn -0.868150 0.043306 -0.494410
vn -1.000000 0.000000 0.000000
vn -0.998747 0.050038 0.000000
vn -0.865917 0.000000 0.500187
vn -0.868155 0.043305 0.494401
vn -0.500163 0.000000 0.865931
vn -0.509157 0.025298 0.860302
vn 0.000000 0.000000 1.000000
vn -0.012562 0.001841 0.999919
vn 0.784382 -0.319690 0.531548
vn 0.420144 -0.164844 0.892359
vn 0.924134 -0.382068 -0.000001
vn 0.784382 -0.319698 -0.531543
vn 0.420211 -0.164872 -0.892323
vn -0.052216 0.023415 -0.998361
vn -0.502458 0.193289 -0.842719
vn -0.821607 0.309455 -0.478748
vn -0.936539 0.350562 0.000001
vn -0.821617 0.309457 0.478730
vn -0.502367 0.193257 0.842781
vn -0.052214 0.023415 0.998361
vn 0.602192 -0.606468 0.519193
vn 0.332814 -0.322366 0.886180
vn 0.698375 -0.715732 -0.000001
vn 0.602192 -0.606470 -0.519190
vn 0.332866 -0.322416 -0.886142
vn -0.038740 0.035678 -0.998612
vn -0.400765 0.362097 -0.841590
vn -0.657087 0.584368 -0.476183
vn -0.748938 0.662641 0.000001
vn -0.657095 0.584373 0.476167
vn -0.400696 0.362033 0.841650
vn -0.038740 0.035678 0.998612
vn 0.345654 -0.772822 0.532230
vn 0.187993 -0.407525 0.893634
vn 0.403883 -0.914811 0.000001
vn 0.345655 -0.772829 -0.532220
vn 0.188021 -0.407591 -0.893598
vn -0.025314 0.056835 -0.998063
vn -0.233649 0.490088 -0.839775
vn -0.382812 0.791968 -0.475649
vn -0.436659 0.899627 0.000001
vn -0.382817 0.791976 0.475631
vn -0.233609 0.490001 0.839837
vn -0.025312 0.056836 0.998063
vn 0.016530 -0.862527 0.505741
vn 0.011143 -0.489448 0.871962
vn 0.017521 -0.999847 0.000000
vn 0.016530 -0.862525 -0.505744
vn 0.011144 -0.489531 -0.871915
vn -0.001927 0.015622 -0.999876
vn -0.020165 0.512322 -0.858557
vn -0.036050 0.869530 -0.492562
vn -0.042297 0.999105 0.000000
vn -0.036051 0.869536 0.492552
vn -0.020161 0.512234 0.858609
vn -0.001926 0.015623 0.999876
vn -0.000125 -0.865100 0.501599
vn -0.000049 -0.497471 0.867480
vn -0.000163 -1.000000 -0.000000
vn -0.000125 -0.865097 -0.501605
vn -0.000049 -0.497556 -0.867432
vn -0.000011 0.003993 -0.999992
vn -0.000048 0.503478 -0.864008
vn -0.000122 0.867053 -0.498217
vn -0.000159 1.000000 0.000000
vn -0.000122 0.867057 0.498210
vn -0.000049 0.503392 0.864058
vn -0.000012 0.003993 0.999992
vn 0.000002 0.000001 1.000000
vn 0.000002 0.000001 1.000000
vn 0.000002 0.000001 1.000000
vn 0.000002 0.000001 1.000000
vn -0.005262 0.999986 -0.000000
vn -0.005262 0.999986 -0.000000
vn -0.005262 0.999986 -0.000000
vn -0.005262 0.999986 -0.000000
vn 0.000000 0.000000 -1.000000
vn 0.000000 -0.000000 -1.000000
vn 0.000000 -0.000000 -1.000000
vn 0.000000 0.000000 -1.000000
vn -1.000000 0.000000 0.000000
vn -1.000000 0.000000 0.000000
vn -1.000000 0.000000 0.000000
vn -1.000000 0.000000 0.000000
vn -0.150250 0.987873 0.039141
vn -0.150250 0.987873 0.039141
vn -0.150250 0.987873 0.039141
vn -0.150250 0.987873 0.039141
vn -0.140736 0.989604 -0.029618
vn -0.140674 0.989162 0.042065
vn -0.140755 0.989735 0.024751
vn -0.140736 0.989604 -0.029618
vn -0.202325 0.979318 0.000000
vn -0.202325 0.979318 0.000000
vn -0.202325 0.979318 0.000000
vn -0.202325 0.979318 0.000000
vn -0.000003 0.000003 -1.000000
vn -0.000003 0.000003 -1.000000
vn -0.000003 0.000003 -1.000000
vn -0.000003 0.000003 -1.000000
vn -0.000000 0.000000 1.000000
vn -0.000000 0.000000 1.000000
vn -0.000000 0.000000 1.000000
vn -0.000000 0.000000 1.000000
vn 0.999998 -0.002209 -0.000001
vn 0.999998 -0.002209 -0.000001
vn 0.999998 -0.002209 -0.000001
vn 0.999998 -0.002209 -0.000001
vn 0.000000 0.000000 1.000000
vn 0.000000 0.000000 1.000000
vn 0.000000 0.000000 1.000000
vn 0.000000 0.000000 1.000000
vn -1.000000 0.000000 0.000000
vn -1.000000 -0.000001 0.000000
vn -1.000000 -0.000001 0.000000
vn -1.000000 0.000000 0.000000
vn -0.000001 0.000000 -1.000000
vn -0.000001 0.000000 -1.000000
vn -0.000001 0.000000 -1.000000
vn -0.000001 0.000000 -1.000000
vn 0.000000 0.000001 -1.000000
vn 0.000000 0.000000 -1.000000
vn 0.000000 0.000000 -1.000000
vn 0.000000 0.000001 -1.000000
vn -1.000000 0.000000 0.000000
vn -1.000000 0.000000 0.000000
vn -1.000000 0.000000 0.000000
vn -1.000000 0.000000 0.000000
vn -0.000000 0.000000 1.000000
vn 0.000001 -0.000001 1.000000
vn 0.000001 -0.000001 1.000000
vn -0.000000 0.000000 1.000000
vn 0.000000 0.000000 1.000000
vn 0.000000 0.000000 1.000000
vn -0.000000 0.000000 1.000000
vn 0.000000 0.000000 1.000000
vn 0.000000 0.000000 1.000000
vn 0.000000 0.000000 1.000000
vn 0.000000 0.000000 1.000000
vn 0.000000 0.000000 1.000000
vn 0.000000 0.000000 1.000000
vn -0.000000 0.000000 1.000000
vn -0.000000 0.000000 1.000000
vn 0.000000 0.000000 1.000000
vn -0.136252 0.958059 -0.252106
vn -0.137776 0.968784 -0.206096
vn -0.138448 0.973512 -0.181954
vn -0.136252 0.958059 -0.252106
vn -0.000000 0.000000 -1.000000
vn -0.000001 -0.000001 -1.000000
vn -0.000001 -0.000001 -1.000000
vn -0.000000 0.000000 -1.000000
vn -0.005262 0.999986 0.000000
vn -0.005262 0.999986 -0.000000
vn -0.005262 0.999986 -0.000000
vn -0.005262 0.999986 0.000000
vn -0.000000 0.000000 1.000000
vn -0.000000 0.000000 1.000000
vn -0.000000 0.000000 1.000000
vn -0.000000 0.000000 1.000000
vn -0.143946 0.946433 0.289039
vn -0.143946 0.946433 0.289039
vn -0.143946 0.946433 0.289039
vn -0.143946 0.946433 0.289039
vn -0.000001 -0.000000 -1.000000
vn -0.000000 0.000000 -1.000000
vn -0.000000 0.000001 -1.000000
vn -0.000001 -0.000001 -1.000000
vn -0.000000 -0.000000 -1.000000
vn -0.000000 0.000000 -1.000000
vn -0.000000 0.000000 -1.000000
vn -0.000001 -0.000001 -1.000000
vn 0.000000 0.000000 -1.000000
vn -0.000000 0.000000 -1.000000
vn -0.000000 0.000000 -1.000000
vn 0.000000 0.000000 -1.000000
vn 0.000000 0.000000 -1.000000
vn 0.000000 0.000000 -1.000000
vn 0.000000 0.000000 -1.000000
vn 0.000000 0.000000 -1.000000
vn 0.000000 0.000000 -1.000000
vn 0.000000 0.000000 -1.000000
vn 0.000000 0.000000 -1.000000
vn 0.000000 0.000001 -1.000000
vn 0.000000 0.000000 -1.000000
vn 0.000000 0.000000 -1.000000
vn -0.000000 0.000002 -1.000000
vn 0.000000 0.000002 -1.000000
vn -0.138624 0.974746 0.175083
vn -0.137777 0.968784 0.206095
vn -0.138449 0.973512 0.181953
vn -0.138624 0.974746 0.175083
vn 0.000000 0.000000 1.000000
vn 0.000000 0.000000 1.000000
vn 0.000000 0.000000 1.000000
vn 0.000000 0.000000 1.000000
vn -0.005262 0.999986 -0.000000
vn -0.005262 0.999986 -0.000000
vn -0.005262 0.999986 -0.000000
vn -0.005262 0.999986 -0.000000
vn 0.000000 0.000000 -1.000000
vn 0.000000 -0.000000 -1.000000
vn 0.000000 0.000000 -1.000000
vn 0.000000 0.000000 -1.000000
vn -0.140651 0.989006 -0.045652
vn -0.140673 0.989162 -0.042066
vn -0.140755 0.989735 -0.024751
vn -0.140651 0.989006 -0.045652
vn 0.000000 0.000000 1.000000
vn -0.000000 0.000000 1.000000
vn -0.000000 0.000000 1.000000
vn 0.000000 0.000000 1.000000
vn 0.000000 0.000000 1.000000
vn -0.000000 -0.000000 1.000000
vn -0.000000 -0.000000 1.000000
vn 0.000000 0.000000 1.000000
vn 0.000000 0.000000 -1.000000
vn 0.000000 -0.000001 -1.000000
vn 0.000000 -0.000001 -1.000000
vn 0.000000 0.000000 -1.000000
vn -0.000000 -0.000002 -1.000000
vn -0.000000 -0.000001 -1.000000
vn 0.000000 -0.000001 -1.000000
vn -0.000000 -0.000002 -1.000000
vn -0.000003 0.000001 -1.000000
vn -0.000002 0.000001 -1.000000
vn -0.000002 0.000001 -1.000000
vn -0.000003 0.000001 -1.000000
vn 0.999996 -0.002847 -0.000001
vn 0.999997 -0.002293 -0.000000
vn 0.999997 -0.002293 -0.000000
vn 0.999996 -0.002847 -0.000001
vn 0.000002 0.000000 1.000000
vn 0.000000 0.000000 1.000000
vn 0.000000 0.000000 1.000000
vn 0.000002 0.000000 1.000000
vn 0.000000 0.000000 1.000000
vn 0.000000 0.000000 1.000000
vn 0.000000 0.000000 1.000000
vn 0.000000 0.000000 1.000000
vn -0.000000 -0.000001 1.000000
vn -0.000001 -0.000000 1.000000
vn -0.000001 -0.000000 1.000000
vn -0.000000 -0.000001 1.000000
vn -0.000001 0.000001 -1.000000
vn -0.000001 0.000001 -1.000000
vn -0.000001 0.000001 -1.000000
vn -0.000001 0.000001 -1.000000
vn 0.000000 0.000000 -1.000000
vn -0.000001 -0.000001 -1.000000
vn -0.000001 -0.000001 -1.000000
vn 0.000000 0.000000 -1.000000
vn 0.999998 -0.001818 0.000000
vn 0.999998 -0.001950 -0.000000
vn 0.999998 -0.001950 -0.000000
vn 0.999998 -0.001818 0.000000
vn 0.000001 0.000000 1.000000
vn 0.000000 0.000000 1.000000
vn 0.000000 0.000000 1.000000
vn 0.000001 0.000000 1.000000
vn -0.000000 0.000000 1.000000
vn -0.000000 0.000000 1.000000
vn -0.000000 0.000000 1.000000
vn 0.000000 0.000000 1.000000
vn -0.000001 -0.000001 1.000000
vn -0.000001 -0.000000 1.000000
vn -0.000001 -0.000000 1.000000
vn -0.000001 -0.000001 1.000000
vn 0.000001 -0.997981 0.063508
vn 0.000001 -0.997981 0.063508
vn 0.000001 -0.997981 0.063508
vn 0.000001 -0.997981 0.063508
vn 0.994291 -0.000341 0.106703
vn 0.994291 -0.000341 0.106703
vn 0.994291 -0.000341 0.106703
vn 0.994291 -0.000341 0.106703
vn -0.000001 0.999984 -0.005722
vn -0.000001 0.999984 -0.005722
vn -0.000001 0.999984 -0.005722
vn -0.000001 0.999984 -0.005722
vn -0.999853 -0.000235 0.017129
vn -0.999853 -0.000235 0.017129
vn -0.999853 -0.000235 0.017129
vn -0.999853 -0.000235 0.017129
vn -0.000002 0.000001 1.000000
vn -0.000000 0.000000 1.000000
vn -0.000000 0.000000 1.000000
vn -0.000002 0.000001 1.000000
vn -0.000001 -0.000001 1.000000
vn -0.000002 -0.000001 1.000000
vn 0.000002 -0.000001 1.000000
vn 0.000002 -0.000001 1.000000
vn -0.005262 0.999986 -0.000000
vn -0.005262 0.999986 -0.000000
vn -0.005262 0.999986 -0.000000
vn -0.005262 0.999986 -0.000000
vn -0.005262 0.999986 -0.000000
vn -0.005262 0.999986 -0.000000
vn -0.005262 0.999986 -0.000000
vn -0.005262 0.999986 -0.000000
vn -0.005262 0.999986 -0.000000
vn -0.005262 0.999986 -0.000000
vn -0.000000 -0.000000 -1.000000
vn 0.000000 0.000000 -1.000000
vn 0.000000 0.000000 -1.000000
vn -0.000000 0.000000 -1.000000
vn -0.000000 0.000000 -1.000000
vn 0.000000 0.000000 -1.000000
vn 0.000000 0.000000 -1.000000
vn 0.000000 0.000000 -1.000000
vn 0.000000 0.000000 -1.000000
vn -1.000000 0.000000 0.000000
vn -1.000000 0.000000 0.000000
vn -1.000000 0.000000 0.000000
vn -1.000000 0.000000 0.000000
vn -1.000000 0.000000 0.000000
vn -1.000000 0.000001 0.000000
vn -1.000000 0.000001 0.000000
vn -1.000000 0.000000 0.000000
vn -1.000000 0.000000 0.000000
vn -1.000000 0.000000 0.000000
vn -0.150326 0.988417 0.020820
vn -0.150278 0.988079 -0.033404
vn -0.150170 0.987361 -0.050668
vn -0.150326 0.988417 0.020820
vn -0.140735 0.989604 0.029619
vn -0.140735 0.989604 0.029619
vn -0.140635 0.988901 0.047932
vn -0.140635 0.988901 0.047932
vn -0.140635 0.988901 0.047932
vn -0.140635 0.988901 0.047932
vn -0.150170 0.987361 0.050668
vn -0.150279 0.988079 0.033404
vn -0.150328 0.988417 -0.020820
vn -0.150328 0.988417 -0.020820
vn -0.150249 0.987873 -0.039140
vn -0.150249 0.987873 -0.039140
vn -0.150249 0.987873 -0.039140
vn -0.150249 0.987873 -0.039140
vn -0.140634 0.988901 -0.047935
vn -0.140634 0.988901 -0.047935
vn -0.140634 0.988901 -0.047935
vn -0.140634 0.988901 -0.047935
vn -0.202325 0.979318 -0.000000
vn -0.202325 0.979319 -0.000000
vn -0.202325 0.979318 -0.000000
vn -0.202325 0.979318 -0.000000
vn -0.202328 0.979318 0.000000
vn -0.202328 0.979318 0.000000
vn -0.202328 0.979318 0.000000
vn -0.202328 0.979318 0.000000
vn -0.202328 0.979318 0.000000
vn -0.202328 0.979318 0.000000
vn -0.202328 0.979318 0.000000
vn -0.202328 0.979318 0.000000
vn 0.000003 0.000002 -1.000000
vn 0.000000 0.000000 -1.000000
vn 0.000000 0.000000 -1.000000
vn 0.000003 0.000002 -1.000000
vn 0.000000 -0.000000 -1.000000
vn 0.000000 -0.000000 -1.000000
vn 0.000001 -0.000001 -1.000000
vn 0.000004 -0.000003 -1.000000
vn -0.000003 -0.000002 -1.000000
vn -0.000003 -0.000002 -1.000000
vn 0.000001 0.000000 1.000000
vn 0.000002 0.000000 1.000000
vn 0.000000 0.000000 1.000000
vn 0.000000 0.000000 1.000000
vn 0.000000 0.000000 1.000000
vn 0.000000 0.000000 1.000000
vn -0.000002 0.000000 1.000000
vn -0.000002 0.000000 1.000000
vn -0.000002 0.000000 1.000000
vn -0.000002 0.000000 1.000000
vn 0.999998 -0.002209 0.000001
vn 0.999998 -0.002209 0.000001
vn 0.999998 -0.002209 0.000001
vn 0.999998 -0.002209 0.000001
vn 0.999998 -0.002231 0.000001
vn 0.999998 -0.001950 0.000000
vn 0.999998 -0.001950 0.000000
vn 0.999998 -0.002231 0.000001
vn 0.999998 -0.002231 -0.000001
vn 0.999998 -0.002231 -0.000001
vn -0.000000 0.000000 1.000000
vn -0.000000 0.000000 1.000000
vn 0.000000 0.000000 1.000000
vn -0.000000 0.000000 1.000000
vn -0.000000 0.000000 1.000000
vn -0.000000 0.000000 1.000000
vn 0.000000 0.000000 1.000000
vn 0.000000 0.000000 1.000000
vn 0.000000 0.000000 1.000000
vn 0.000000 0.000000 1.000000
vn -1.000000 -0.000002 0.000000
vn -1.000000 -0.000002 0.000000
vn -1.000000 0.000000 0.000000
vn -1.000000 0.000000 0.000000
vn -1.000000 0.000000 0.000000
vn -1.000000 0.000000 0.000000
vn -1.000000 0.000000 0.000000
vn -1.000000 0.000000 0.000000
vn -1.000000 0.000000 0.000000
vn -1.000000 0.000000 0.000000
vn -1.000000 0.000000 0.000000
vn -1.000000 0.000000 0.000000
vn 0.000000 0.000000 -1.000000
vn 0.000001 -0.000002 -1.000000
vn 0.000001 -0.000002 -1.000000
vn 0.000000 0.000000 -1.000000
vn -0.000000 0.000000 -1.000000
vn -0.000001 0.000000 -1.000000
vn 0.000000 0.000000 -1.000000
vn 0.000000 0.000000 -1.000000
vn 0.000000 -0.000000 -1.000000
vn 0.000000 0.000001 -1.000000
vn -0.000000 -0.000001 -1.000000
vn 0.000000 -0.000001 -1.000000
vn 0.000000 -0.000001 -1.000000
vn -1.000000 0.000001 0.000000
vn -1.000000 0.000001 0.000000
vn -1.000000 -0.000002 0.000000
vn -1.000000 -0.000002 0.000000
vn -1.000000 -0.000001 0.000000
vn -1.000000 -0.000001 0.000000
vn 0.000000 0.000000 1.000000
vn 0.000000 0.000000 1.000000
vn -0.000000 0.000000 1.000000
vn -0.000000 0.000000 1.000000
vn 0.000000 0.000000 1.000000
vn 0.000000 0.000000 1.000000
vn -0.000000 0.000000 1.000000
vn -0.000000 0.000000 1.000000
vn -0.000000 0.000000 1.000000
vn -0.000000 0.000000 1.000000
vn 0.000000 0.000000 1.000000
vn 0.000000 0.000000 1.000000
vn 0.000000 0.000000 1.000000
vn 0.000000 0.000000 1.000000
vn -0.000000 0.000000 1.000000
vn 0.000000 0.000000 1.000000
vn 0.000000 0.000000 1.000000
vn -0.000000 0.000000 1.000000
vn 0.000000 0.000000 1.000000
vn 0.000000 0.000000 1.000000
vn 0.000000 0.000000 1.000000
vn 0.000000 0.000000 1.000000
vn -0.000000 0.000000 1.000000
vn -0.000000 0.000000 1.000000
vn -0.000000 0.000000 1.000000
vn -0.000000 0.000000 1.000000
vn -0.000000 0.000000 1.000000
vn -0.000000 0.000000 1.000000
vn 0.000000 0.000000 1.000000
vn 0.000000 0.000000 1.000000
vn 0.000000 0.000000 1.000000
vn 0.000000 0.000000 1.000000
vn 0.000000 0.000000 1.000000
vn 0.000000 0.000000 1.000000
vn -0.146879 0.965729 -0.213994
vn -0.147621 0.970599 -0.190120
vn -0.145202 0.954715 -0.259685
vn -0.145202 0.954715 -0.259685
vn -0.143947 0.946432 -0.289042
vn -0.143947 0.946432 -0.289042
vn -0.143946 0.946432 -0.289042
vn -0.143947 0.946432 -0.289042
vn -0.135096 0.949954 -0.281668
vn -0.135096 0.949954 -0.281668
vn -0.135096 0.949954 -0.281668
vn -0.135096 0.949954 -0.281668
vn 0.000001 -0.000001 -1.000000
vn 0.000000 0.000000 -1.000000
vn 0.000000 0.000000 -1.000000
vn 0.000000 0.000000 -1.000000
vn 0.000000 0.000000 -1.000000
vn 0.000000 0.000000 -1.000000
vn 0.000000 0.000000 -1.000000
vn 0.000000 0.000000 -1.000000
vn 0.000000 0.000000 -1.000000
vn 0.000000 0.000000 -1.000000
vn -0.005262 0.999986 -0.000000
vn -0.005262 0.999986 -0.000000
vn -0.005262 0.999986 -0.000000
vn -0.005262 0.999986 -0.000000
vn -0.005262 0.999986 -0.000000
vn -0.005262 0.999986 -0.000000
vn -0.005262 0.999986 -0.000000
vn -0.005262 0.999986 -0.000000
vn -0.005262 0.999986 0.000000
vn -0.005262 0.999986 0.000000
vn -0.005262 0.999986 0.000000
vn -0.005262 0.999986 0.000000
vn 0.000000 0.000000 1.000000
vn -0.000000 0.000000 1.000000
vn -0.000000 0.000000 1.000000
vn 0.000000 0.000000 1.000000
vn -0.000000 0.000000 1.000000
vn 0.000000 -0.000000 1.000000
vn 0.000001 -0.000000 1.000000
vn 0.000000 0.000000 1.000000
vn -0.000001 0.000000 1.000000
vn -0.000001 0.000000 1.000000
vn -0.145203 0.954715 0.259683
vn -0.147621 0.970599 0.190119
vn -0.146879 0.965730 0.213992
vn -0.145203 0.954715 0.259683
vn -0.136253 0.958059 0.252106
vn -0.136253 0.958059 0.252106
vn -0.135095 0.949954 0.281667
vn -0.135095 0.949954 0.281667
vn -0.135095 0.949954 0.281667
vn -0.135095 0.949954 0.281667
vn -0.000000 -0.000001 -1.000000
vn -0.000001 -0.000001 -1.000000
vn -0.000001 0.000001 -1.000000
vn -0.000001 0.000001 -1.000000
vn 0.000001 0.000001 -1.000000
vn 0.000001 0.000001 -1.000000
vn 0.000001 0.000001 -1.000000
vn 0.000001 0.000001 -1.000000
vn 0.000001 -0.000001 -1.000000
vn 0.000001 -0.000000 -1.000000
vn 0.000001 0.000000 -1.000000
vn 0.000001 -0.000001 -1.000000
vn -0.000000 -0.000000 -1.000000
vn -0.000001 0.000001 -1.000000
vn 0.000001 0.000001 -1.000000
vn 0.000001 0.000001 -1.000000
vn 0.000001 -0.000001 -1.000000
vn 0.000000 -0.000000 -1.000000
vn 0.000000 -0.000000 -1.000000
vn 0.000001 -0.000001 -1.000000
vn -0.000000 0.000000 -1.000000
vn 0.000000 0.000000 -1.000000
vn 0.000000 0.000000 -1.000000
vn 0.000000 0.000000 -1.000000
vn -0.000000 0.000000 -1.000000
vn -0.000000 0.000000 -1.000000
vn -0.000000 0.000000 -1.000000
vn -0.000000 0.000000 -1.000000
vn 0.000000 0.000000 -1.000000
vn -0.000000 0.000000 -1.000000
vn -0.000000 0.000000 -1.000000
vn -0.000000 0.000000 -1.000000
vn -0.000000 0.000000 -1.000000
vn 0.000000 -0.000001 -1.000000
vn -0.000000 0.000000 -1.000000
vn 0.000000 -0.000001 -1.000000
vn 0.000000 0.000001 -1.000000
vn 0.000001 -0.000002 -1.000000
vn 0.000001 -0.000002 -1.000000
vn -0.000000 -0.000001 -1.000000
vn -0.000000 -0.000001 -1.000000
vn -0.000000 0.000001 -1.000000
vn -0.147816 0.971885 0.183275
vn -0.147816 0.971885 0.183275
vn -0.150142 0.987176 0.054240
vn -0.150142 0.987176 0.054240
vn -0.140652 0.989006 0.045651
vn -0.140652 0.989006 0.045651
vn -0.000000 0.000000 1.000000
vn -0.000000 0.000000 1.000000
vn -0.000000 0.000000 1.000000
vn -0.000000 0.000000 1.000000
vn 0.000000 0.000000 1.000000
vn 0.000000 0.000000 1.000000
vn -0.005262 0.999986 -0.000000
vn -0.005262 0.999986 -0.000000
vn -0.005262 0.999986 -0.000000
vn -0.005262 0.999986 -0.000000
vn -0.005262 0.999986 -0.000000
vn -0.005262 0.999986 -0.000000
vn 0.000000 0.000000 -1.000000
vn 0.000000 0.000000 -1.000000
vn -0.000000 0.000000 -1.000000
vn -0.000000 0.000000 -1.000000
vn 0.000000 0.000000 -1.000000
vn 0.000000 0.000000 -1.000000
vn -0.150142 0.987175 -0.054240
vn -0.150142 0.987175 -0.054240
vn -0.147816 0.971885 -0.183276
vn -0.147816 0.971885 -0.183276
vn -0.138624 0.974746 -0.175084
vn -0.138624 0.974746 -0.175084
vn 0.000000 0.000000 1.000000
vn 0.000000 0.000000 1.000000
vn -0.000000 0.000000 1.000000
vn -0.000000 0.000000 1.000000
vn -0.000000 0.000000 1.000000
vn -0.000000 0.000000 1.000000
vn 0.000000 0.000000 1.000000
vn 0.000000 0.000000 1.000000
vn 0.000000 0.000000 1.000000
vn 0.000000 0.000000 1.000000
vn -0.000000 0.000000 1.000000
vn -0.000000 0.000000 1.000000
vn 0.000000 0.000001 -1.000000
vn 0.000000 0.000001 -1.000000
vn 0.000001 0.000001 -1.000000
vn 0.000000 0.000000 -1.000000
vn 0.000000 0.000000 -1.000000
vn 0.000000 0.000000 -1.000000
vn 0.000000 0.000000 -1.000000
vn 0.000000 0.000000 -1.000000
vn 0.000000 0.000000 -1.000000
vn 0.000000 0.000000 -1.000000
vn -0.000000 0.000001 -1.000000
vn 0.000000 0.000001 -1.000000
vn -0.000000 0.000001 -1.000000
vn -0.000000 0.000001 -1.000000
vn 0.000000 0.000002 -1.000000
vn 0.000000 0.000002 -1.000000
vn 0.000000 -0.000001 -1.000000
vn 0.000000 -0.000001 -1.000000
vn 0.000002 0.000001 -1.000000
vn 0.000003 0.000002 -1.000000
vn 0.000003 -0.000001 -1.000000
vn 0.000003 -0.000001 -1.000000
vn -0.000003 -0.000002 -1.000000
vn -0.000003 -0.000002 -1.000000
vn -0.000003 -0.000002 -1.000000
vn -0.000003 -0.000002 -1.000000
vn 0.999997 -0.002292 0.000000
vn 0.999997 -0.002292 0.000000
vn 0.999996 -0.002846 0.000001
vn 0.999996 -0.002846 0.000001
vn 0.999996 -0.002856 0.000001
vn 0.999996 -0.002856 0.000001
vn 0.999996 -0.002856 0.000001
vn 0.999996 -0.002856 0.000001
vn 0.999996 -0.002854 -0.000001
vn 0.999996 -0.002854 -0.000001
vn 0.999996 -0.002854 -0.000001
vn 0.999996 -0.002854 -0.000001
vn -0.000000 0.000000 1.000000
vn -0.000001 0.000000 1.000000
vn 0.000001 0.000000 1.000000
vn 0.000000 0.000000 1.000000
vn 0.000000 0.000000 1.000000
vn 0.000001 0.000000 1.000000
vn 0.000001 0.000000 1.000000
vn 0.000001 0.000000 1.000000
vn 0.000001 0.000000 1.000000
vn 0.000000 -0.000000 1.000000
vn 0.000000 0.000000 1.000000
vn -0.000000 0.000000 1.000000
vn 0.000000 0.000000 1.000000
vn -0.000000 0.000000 1.000000
vn -0.000000 0.000000 1.000000
vn -0.000000 0.000000 1.000000
vn 0.000001 0.000000 1.000000
vn 0.000000 -0.000001 1.000000
vn 0.000001 0.000001 1.000000
vn 0.000001 0.000001 1.000000
vn -0.000002 0.000001 1.000000
vn -0.000002 0.000001 1.000000
vn -0.000002 0.000001 1.000000
vn -0.000002 0.000001 1.000000
vn 0.000001 0.000001 -1.000000
vn 0.000001 0.000001 -1.000000
vn 0.000001 -0.000001 -1.000000
vn 0.000001 -0.000001 -1.000000
vn -0.000001 -0.000001 -1.000000
vn -0.000001 -0.000001 -1.000000
vn -0.000000 0.000000 -1.000000
vn -0.000000 0.000000 -1.000000
vn -0.000000 0.000000 -1.000000
vn -0.000000 0.000000 -1.000000
vn 0.000000 0.000000 -1.000000
vn 0.000000 0.000000 -1.000000
vn 0.999998 -0.001818 0.000000
vn 0.999998 -0.001818 0.000000
vn 0.999998 -0.001816 0.000000
vn 0.999998 -0.001816 0.000000
vn 0.999998 -0.001816 0.000000
vn 0.999998 -0.001816 0.000000
vn -0.000002 0.000000 1.000000
vn 0.000000 0.000000 1.000000
vn 0.000001 0.000000 1.000000
vn 0.000000 0.000000 1.000000
vn 0.000000 0.000000 1.000000
vn 0.000000 0.000000 1.000000
vn -0.000000 0.000000 1.000000
vn 0.000000 -0.000000 1.000000
vn -0.000000 0.000000 1.000000
vn 0.000000 0.000000 1.000000
vn 0.000002 -0.000001 1.000000
vn 0.000001 0.000001 1.000000
vn -0.000001 0.000001 1.000000
vn -0.000001 0.000001 1.000000
vn 0.000001 -0.997981 0.063513
vn 0.000001 -0.997981 0.063513
vn 0.000001 -0.997981 0.063513
vn 0.000001 -0.997981 0.063513
vn 0.000001 -0.997981 0.063510
vn 0.000001 -0.997981 0.063510
vn 0.000001 -0.997981 0.063510
vn 0.000001 -0.997981 0.063510
vn 0.000001 -0.997981 0.063511
vn 0.000001 -0.997981 0.063511
vn 0.000001 -0.997981 0.063511
vn 0.000001 -0.997981 0.063511
vn 0.994572 -0.000352 0.104055
vn 0.994572 -0.000352 0.104055
vn 0.994572 -0.000352 0.104055
vn 0.994572 -0.000352 0.104055
vn 0.994574 -0.001054 0.104029
vn 0.994574 -0.001054 0.104029
vn 0.994574 -0.001054 0.104029
vn 0.994574 -0.001054 0.104029
vn 0.994293 -0.001043 0.106681
vn 0.994293 -0.001043 0.106681
vn 0.994293 -0.001043 0.106681
vn 0.994293 -0.001043 0.106681
vn -0.000001 0.999984 -0.005720
vn -0.000001 0.999984 -0.005720
vn -0.000001 0.999984 -0.005720
vn -0.000001 0.999984 -0.005720
vn -0.000001 0.999984 -0.005719
vn -0.000001 0.999984 -0.005719
vn -0.000001 0.999984 -0.005719
vn -0.000001 0.999984 -0.005719
vn -0.000001 0.999984 -0.005720
vn -0.000001 0.999984 -0.005720
vn -0.000001 0.999984 -0.005720
vn -0.000001 0.999984 -0.005720
vn -0.999821 -0.000233 0.018936
vn -0.999821 -0.000233 0.018936
vn -0.999821 -0.000233 0.018936
vn -0.999821 -0.000233 0.018936
vn -0.999820 -0.000708 0.018956
vn -0.999820 -0.000708 0.018956
vn -0.999820 -0.000708 0.018956
vn -0.999820 -0.000708 0.018956
vn -0.999853 -0.000706 0.017146
vn -0.999853 -0.000706 0.017146
vn -0.999853 -0.000706 0.017146
vn -0.999853 -0.000706 0.017146
vn -0.000324 0.000000 1.000000
vn -0.000324 0.000000 1.000000
vn -0.000324 0.000000 1.000000
vn -0.000324 0.000000 1.000000
vn 0.000000 1.000000 0.000000
vn 0.000000 1.000000 0.000000
vn 0.000000 1.000000 0.000000
vn 0.000000 1.000000 0.000000
vn 0.000323 0.000008 -1.000000
vn 0.000323 0.000008 -1.000000
vn 0.000323 0.000008 -1.000000
vn 0.000323 0.000008 -1.000000
vn 0.000000 -1.000000 0.000000
vn 0.000000 -1.000000 0.000000
vn 0.000000 -1.000000 0.000000
vn 0.000000 -1.000000 0.000000
vn 1.000000 0.000000 0.000887
vn 1.000000 0.000000 0.000887
vn 1.000000 0.000000 0.000887
vn 1.000000 0.000000 0.000887
vn -1.000000 0.000000 -0.000887
vn -1.000000 0.000000 -0.000887
vn -1.000000 0.000000 -0.000887
vn -1.000000 0.000000 -0.000887
vn -0.000324 0.000000 1.000000
vn -0.000324 0.000000 1.000000
vn -0.000324 0.000000 1.000000
vn -0.000324 0.000000 1.000000
vn -0.000324 0.000000 1.000000
vn -0.000324 0.000000 1.000000
vn -0.000324 0.000000 1.000000
vn -0.000324 0.000000 1.000000
vn -0.000324 0.000000 1.000000
vn -0.000324 0.000000 1.000000
vn -0.000324 0.000000 1.000000
vn -0.000324 0.000000 1.000000
vn 0.000000 1.000000 -0.000000
vn 0.000000 1.000000 -0.000000
vn 0.000000 1.000000 -0.000000
vn 0.000000 1.000000 -0.000000
vn 0.000000 1.000000 0.000000
vn 0.000000 1.000000 0.000000
vn 0.000000 1.000000 0.000000
vn 0.000000 1.000000 0.000000
vn 0.000000 1.000000 0.000000
vn 0.000000 1.000000 0.000000
vn 0.000000 1.000000 0.000000
vn 0.000000 1.000000 0.000000
vn 0.000324 0.000008 -1.000000
vn 0.000324 0.000008 -1.000000
vn 0.000324 0.000008 -1.000000
vn 0.000324 0.000008 -1.000000
vn 0.000324 -0.000008 -1.000000
vn 0.000324 -0.000008 -1.000000
vn 0.000324 -0.000008 -1.000000
vn 0.000324 -0.000008 -1.000000
vn 0.000323 -0.000008 -1.000000
vn 0.000323 -0.000008 -1.000000
vn 0.000323 -0.000008 -1.000000
vn 0.000323 -0.000008 -1.000000
vn 0.000000 -1.000000 0.000001
vn 0.000000 -1.000000 0.000001
vn 0.000000 -1.000000 0.000001
vn 0.000000 -1.000000 0.000001
vn 0.000000 -1.000000 0.000000
vn 0.000000 -1.000000 0.000000
vn 0.000000 -1.000000 0.000000
vn 0.000000 -1.000000 0.000000
vn 0.000000 -1.000000 -0.000001
vn 0.000000 -1.000000 -0.000001
vn 0.000000 -1.000000 -0.000001
vn 0.000000 -1.000000 -0.000001
vn 1.000000 -0.000002 0.000887
vn 1.000000 -0.000002 0.000887
vn 1.000000 -0.000002 0.000887
vn 1.000000 -0.000002 0.000887
vn 1.000000 0.000000 0.000887
vn 1.000000 0.000000 0.000887
vn 1.000000 0.000000 0.000887
vn 1.000000 0.000000 0.000887
vn 1.000000 -0.000002 0.000887
vn 1.000000 -0.000002 0.000887
vn 1.000000 -0.000002 0.000887
vn 1.000000 -0.000002 0.000887
vn -1.000000 0.000000 -0.000887
vn -1.000000 0.000000 -0.000887
vn -1.000000 0.000000 -0.000887
vn -1.000000 0.000000 -0.000887
vn -1.000000 0.000000 -0.000887
vn -1.000000 0.000000 -0.000887
vn -1.000000 0.000000 -0.000887
vn -1.000000 0.000000 -0.000887
vn -1.000000 0.000000 -0.000887
vn -1.000000 0.000000 -0.000887
vn -1.000000 0.000000 -0.000887
vn -1.000000 0.000000 -0.000887
vn -0.000358 0.000005 1.000000
vn -0.000358 0.000005 1.000000
vn -0.000358 0.000005 1.000000
vn -0.000358 0.000005 1.000000
vn 0.000000 1.000000 0.000000
vn 0.000000 1.000000 0.000000
vn 0.000000 1.000000 0.000000
vn 0.000000 1.000000 0.000000
vn 0.000359 -0.000005 -1.000000
vn 0.000359 -0.000005 -1.000000
vn 0.000359 -0.000005 -1.000000
vn 0.000359 -0.000005 -1.000000
vn 0.000000 -1.000000 0.000000
vn 0.000000 -1.000000 0.000000
vn 0.000000 -1.000000 0.000000
vn 0.000000 -1.000000 0.000000
vn 1.000000 0.000043 0.000714
vn 1.000000 0.000043 0.000714
vn 1.000000 0.000043 0.000714
vn 1.000000 0.000043 0.000714
vn -1.000000 -0.000043 -0.000767
vn -1.000000 -0.000043 -0.000767
vn -1.000000 -0.000043 -0.000767
vn -1.000000 -0.000043 -0.000767
vn -0.000359 0.000005 1.000000
vn -0.000359 0.000005 1.000000
vn -0.000359 0.000005 1.000000
vn -0.000359 0.000005 1.000000
vn -0.000359 -0.000005 1.000000
vn -0.000359 -0.000005 1.000000
vn -0.000359 -0.000005 1.000000
vn -0.000359 -0.000005 1.000000
vn -0.000358 -0.000005 1.000000
vn -0.000358 -0.000005 1.000000
vn -0.000358 -0.000005 1.000000
vn -0.000358 -0.000005 1.000000
vn 0.000000 1.000000 0.000000
vn 0.000000 1.000000 0.000000
vn 0.000000 1.000000 0.000000
vn 0.000000 1.000000 0.000000
vn 0.000000 1.000000 0.000000
vn 0.000000 1.000000 0.000000
vn 0.000000 1.000000 0.000000
vn 0.000000 1.000000 0.000000
vn 0.000000 1.000000 -0.000000
vn 0.000000 1.000000 -0.000000
vn 0.000000 1.000000 -0.000000
vn 0.000000 1.000000 -0.000000
vn 0.000358 -0.000005 -1.000000
vn 0.000358 -0.000005 -1.000000
vn 0.000358 -0.000005 -1.000000
vn 0.000358 -0.000005 -1.000000
vn 0.000358 0.000005 -1.000000
vn 0.000358 0.000005 -1.000000
vn 0.000358 0.000005 -1.000000
vn 0.000358 0.000005 -1.000000
vn 0.000359 0.000005 -1.000000
vn 0.000359 0.000005 -1.000000
vn 0.000359 0.000005 -1.000000
vn 0.000359 0.000005 -1.000000
vn 0.000000 -1.000000 0.000000
vn 0.000000 -1.000000 0.000000
vn 0.000000 -1.000000 0.000000
vn 0.000000 -1.000000 0.000000
vn 0.000000 -1.000000 0.000000
vn 0.000000 -1.000000 0.000000
vn 0.000000 -1.000000 0.000000
vn 0.000000 -1.000000 0.000000
vn 0.000000 -1.000000 0.000000
vn 0.000000 -1.000000 0.000000
vn 0.000000 -1.000000 0.000000
vn 0.000000 -1.000000 0.000000
vn 1.000000 0.000046 0.000767
vn 1.000000 0.000046 0.000767
vn 1.000000 0.000046 0.000767
vn 1.000000 0.000046 0.000767
vn 1.000000 -0.000043 0.000767
vn 1.000000 -0.000043 0.000767
vn 1.000000 -0.000043 0.000767
vn 1.000000 -0.000043 0.000767
vn 1.000000 -0.000040 0.000714
vn 1.000000 -0.000040 0.000714
vn 1.000000 -0.000040 0.000714
vn 1.000000 -0.000040 0.000714
vn -1.000000 -0.000027 -0.000740
vn -1.000000 -0.000027 -0.000740
vn -1.000000 -0.000027 -0.000740
vn -1.000000 -0.000027 -0.000740
vn -1.000000 0.000034 -0.000740
vn -1.000000 0.000034 -0.000740
vn -1.000000 0.000034 -0.000740
vn -1.000000 0.000034 -0.000740
vn -1.000000 0.000042 -0.000767
vn -1.000000 0.000042 -0.000767
vn -1.000000 0.000042 -0.000767
vn -1.000000 0.000042 -0.000767
vn 0.000000 0.000000 1.000000
vn 0.000000 0.000000 1.000000
vn 0.000000 0.000000 1.000000
vn 0.000000 0.000000 1.000000
vn 0.000000 1.000000 0.000002
vn 0.000000 1.000000 0.000002
vn 0.000000 1.000000 0.000002
vn 0.000000 1.000000 0.000002
vn -0.000008 0.000001 -1.000000
vn -0.000008 0.000001 -1.000000
vn -0.000008 0.000001 -1.000000
vn -0.000008 0.000001 -1.000000
vn -0.000001 -1.000000 -0.000001
vn -0.000001 -1.000000 -0.000001
vn -0.000001 -1.000000 -0.000001
vn -0.000001 -1.000000 -0.000001
vn 1.000000 0.000005 -0.000032
vn 1.000000 0.000005 -0.000032
vn 1.000000 0.000005 -0.000032
vn 1.000000 0.000005 -0.000032
vn -1.000000 0.000000 0.000000
vn -1.000000 0.000000 0.000000
vn -1.000000 0.000000 0.000000
vn -1.000000 0.000000 0.000000
vn 0.000000 0.000000 1.000000
vn 0.000000 0.000000 1.000000
vn 0.000000 0.000000 1.000000
vn 0.000000 0.000000 1.000000
vn 0.000000 0.000000 1.000000
vn 0.000000 0.000000 1.000000
vn 0.000000 0.000000 1.000000
vn 0.000000 0.000000 1.000000
vn 0.000000 0.000000 1.000000
vn 0.000000 0.000000 1.000000
vn 0.000000 0.000000 1.000000
vn 0.000000 0.000000 1.000000
vn 0.000000 1.000000 0.000000
vn 0.000000 1.000000 0.000000
vn 0.000000 1.000000 0.000000
vn 0.000000 1.000000 0.000000
vn 0.000000 1.000000 0.000000
vn 0.000000 1.000000 0.000000
vn 0.000000 1.000000 0.000000
vn 0.000000 1.000000 0.000000
vn 0.000000 1.000000 -0.000002
vn 0.000000 1.000000 -0.000002
vn 0.000000 1.000000 -0.000002
vn 0.000000 1.000000 -0.000002
vn 0.000008 0.000001 -1.000000
vn 0.000008 0.000001 -1.000000
vn 0.000008 0.000001 -1.000000
vn 0.000008 0.000001 -1.000000
vn 0.000008 -0.000001 -1.000000
vn 0.000008 -0.000001 -1.000000
vn 0.000008 -0.000001 -1.000000
vn 0.000008 -0.000001 -1.000000
vn -0.000008 -0.000001 -1.000000
vn -0.000008 -0.000001 -1.000000
vn -0.000008 -0.000001 -1.000000
vn -0.000008 -0.000001 -1.000000
vn 0.000001 -1.000000 -0.000000
vn 0.000001 -1.000000 -0.000000
vn 0.000001 -1.000000 -0.000000
vn 0.000001 -1.000000 -0.000000
vn 0.000001 -1.000000 0.000000
vn 0.000001 -1.000000 0.000000
vn 0.000001 -1.000000 0.000000
vn 0.000001 -1.000000 0.000000
vn -0.000001 -1.000000 0.000001
vn -0.000001 -1.000000 0.000001
vn -0.000001 -1.000000 0.000001
vn -0.000001 -1.000000 0.000001
vn 1.000000 0.000005 0.000032
vn 1.000000 0.000005 0.000032
vn 1.000000 0.000005 0.000032
vn 1.000000 0.000005 0.000032
vn 1.000000 -0.000005 0.000032
vn 1.000000 -0.000005 0.000032
vn 1.000000 -0.000005 0.000032
vn 1.000000 -0.000005 0.000032
vn 1.000000 -0.000005 -0.000032
vn 1.000000 -0.000005 -0.000032
vn 1.000000 -0.000005 -0.000032
vn 1.000000 -0.000005 -0.000032
vn -1.000000 0.000000 0.000000
vn -1.000000 0.000000 0.000000
vn -1.000000 0.000000 0.000000
vn -1.000000 0.000000 0.000000
vn -1.000000 0.000000 0.000000
vn -1.000000 0.000000 0.000000
vn -1.000000 0.000000 0.000000
vn -1.000000 0.000000 0.000000
vn -1.000000 0.000000 0.000000
vn -1.000000 0.000000 0.000000
vn -1.000000 0.000000 0.000000
vn -1.000000 0.000000 0.000000
vn -0.000453 0.000000 1.000000
vn -0.000453 0.000000 1.000000
vn -0.000453 0.000000 1.000000
vn -0.000453 0.000000 1.000000
vn 1.000000 0.000000 0.000553
vn 1.000000 0.000000 0.000553
vn 1.000000 0.000000 0.000553
vn 1.000000 0.000000 0.000553
vn 0.000463 0.000001 -1.000000
vn 0.000463 0.000001 -1.000000
vn 0.000463 0.000001 -1.000000
vn 0.000463 0.000001 -1.000000
vn -1.000000 -0.000003 -0.000608
vn -1.000000 -0.000003 -0.000608
vn -1.000000 -0.000003 -0.000608
vn -1.000000 -0.000003 -0.000608
vn 0.000000 -1.000000 -0.000001
vn 0.000000 -1.000000 -0.000001
vn 0.000000 -1.000000 -0.000001
vn 0.000000 -1.000000 -0.000001
vn 0.000000 1.000000 0.000001
vn 0.000000 1.000000 0.000001
vn 0.000000 1.000000 0.000001
vn 0.000000 1.000000 0.000001
vn -0.000453 0.000000 1.000000
vn -0.000453 0.000000 1.000000
vn -0.000453 0.000000 1.000000
vn -0.000453 0.000000 1.000000
vn -0.000472 0.000000 1.000000
vn -0.000472 0.000000 1.000000
vn -0.000472 0.000000 1.000000
vn -0.000472 0.000000 1.000000
vn -0.000473 0.000000 1.000000
vn -0.000473 0.000000 1.000000
vn -0.000473 0.000000 1.000000
vn -0.000473 0.000000 1.000000
vn 1.000000 0.000000 0.000553
vn 1.000000 0.000000 0.000553
vn 1.000000 0.000000 0.000553
vn 1.000000 0.000000 0.000553
vn 1.000000 0.000000 0.000443
vn 1.000000 0.000000 0.000443
vn 1.000000 0.000000 0.000443
vn 1.000000 0.000000 0.000443
vn 1.000000 0.000000 0.000443
vn 1.000000 0.000000 0.000443
vn 1.000000 0.000000 0.000443
vn 1.000000 0.000000 0.000443
vn 0.000463 -0.000001 -1.000000
vn 0.000463 -0.000001 -1.000000
vn 0.000463 -0.000001 -1.000000
vn 0.000463 -0.000001 -1.000000
vn 0.000463 -0.000001 -1.000000
vn 0.000463 -0.000001 -1.000000
vn 0.000463 -0.000001 -1.000000
vn 0.000463 -0.000001 -1.000000
vn 0.000463 0.000001 -1.000000
vn 0.000463 0.000001 -1.000000
vn 0.000463 0.000001 -1.000000
vn 0.000463 0.000001 -1.000000
vn -1.000000 0.000003 -0.000608
vn -1.000000 0.000003 -0.000608
vn -1.000000 0.000003 -0.000608
vn -1.000000 0.000003 -0.000608
vn -1.000000 0.000003 -0.000608
vn -1.000000 0.000003 -0.000608
vn -1.000000 0.000003 -0.000608
vn -1.000000 0.000003 -0.000608
vn -1.000000 -0.000003 -0.000608
vn -1.000000 -0.000003 -0.000608
vn -1.000000 -0.000003 -0.000608
vn -1.000000 -0.000003 -0.000608
vn 0.000000 -1.000000 0.000000
vn 0.000000 -1.000000 0.000000
vn 0.000000 -1.000000 0.000000
vn 0.000000 -1.000000 0.000000
vn 0.000000 -1.000000 0.000001
vn 0.000000 -1.000000 0.000001
vn 0.000000 -1.000000 0.000001
vn 0.000000 -1.000000 0.000001
vn 0.000000 -1.000000 0.000000
vn 0.000000 -1.000000 0.000000
vn 0.000000 -1.000000 0.000000
vn 0.000000 -1.000000 0.000000
vn 0.000000 1.000000 0.000000
vn 0.000000 1.000000 0.000000
vn 0.000000 1.000000 0.000000
vn 0.000000 1.000000 0.000000
vn 0.000000 1.000000 -0.000001
vn 0.000000 1.000000 -0.000001
vn 0.000000 1.000000 -0.000001
vn 0.000000 1.000000 -0.000001
vn 0.000000 1.000000 0.000004
vn 0.000000 1.000000 0.000004
vn 0.000000 1.000000 0.000004
vn 0.000000 1.000000 0.000004
vn -0.000463 0.000001 1.000000
vn -0.000463 0.000001 1.000000
vn -0.000463 0.000001 1.000000
vn -0.000463 0.000001 1.000000
vn 1.000000 -0.000003 0.000608
vn 1.000000 -0.000003 0.000608
vn 1.000000 -0.000003 0.000608
vn 1.000000 -0.000003 0.000608
vn 0.000463 0.000001 -1.000000
vn 0.000463 0.000001 -1.000000
vn 0.000463 0.000001 -1.000000
vn 0.000463 0.000001 -1.000000
vn -1.000000 -0.000003 -0.000608
vn -1.000000 -0.000003 -0.000608
vn -1.000000 -0.000003 -0.000608
vn -1.000000 -0.000003 -0.000608
vn 0.000000 -1.000000 -0.000001
vn 0.000000 -1.000000 -0.000001
vn 0.000000 -1.000000 -0.000001
vn 0.000000 -1.000000 -0.000001
vn 0.000001 1.000000 -0.000002
vn 0.000001 1.000000 -0.000002
vn 0.000001 1.000000 -0.000002
vn 0.000001 1.000000 -0.000002
vn -0.000463 -0.000001 1.000000
vn -0.000463 -0.000001 1.000000
vn -0.000463 -0.000001 1.000000
vn -0.000463 -0.000001 1.000000
vn -0.000463 -0.000001 1.000000
vn -0.000463 -0.000001 1.000000
vn -0.000463 -0.000001 1.000000
vn -0.000463 -0.000001 1.000000
vn -0.000463 0.000001 1.000000
vn -0.000463 0.000001 1.000000
vn -0.000463 0.000001 1.000000
vn -0.000463 0.000001 1.000000
vn 1.000000 0.000003 0.000608
vn 1.000000 0.000003 0.000608
vn 1.000000 0.000003 0.000608
vn 1.000000 0.000003 0.000608
vn 1.000000 0.000003 0.000608
vn 1.000000 0.000003 0.000608
vn 1.000000 0.000003 0.000608
vn 1.000000 0.000003 0.000608
vn 1.000000 -0.000003 0.000608
vn 1.000000 -0.000003 0.000608
vn 1.000000 -0.000003 0.000608
vn 1.000000 -0.000003 0.000608
vn 0.000463 -0.000001 -1.000000
vn 0.000463 -0.000001 -1.000000
vn 0.000463 -0.000001 -1.000000
vn 0.000463 -0.000001 -1.000000
vn 0.000463 -0.000001 -1.000000
vn 0.000463 -0.000001 -1.000000
vn 0.000463 -0.000001 -1.000000
vn 0.000463 -0.000001 -1.000000
vn 0.000463 0.000001 -1.000000
vn 0.000463 0.000001 -1.000000
vn 0.000463 0.000001 -1.000000
vn 0.000463 0.000001 -1.000000
vn -1.000000 0.000003 -0.000608
vn -1.000000 0.000003 -0.000608
vn -1.000000 0.000003 -0.000608
vn -1.000000 0.000003 -0.000608
vn -1.000000 0.000003 -0.000719
vn -1.000000 0.000003 -0.000719
vn -1.000000 0.000003 -0.000719
vn -1.000000 0.000003 -0.000719
vn -1.000000 -0.000003 -0.000719
vn -1.000000 -0.000003 -0.000719
vn -1.000000 -0.000003 -0.000719
vn -1.000000 -0.000003 -0.000719
vn 0.000000 -1.000000 0.000000
vn 0.000000 -1.000000 0.000000
vn 0.000000 -1.000000 0.000000
vn 0.000000 -1.000000 0.000000
vn 0.000000 -1.000000 0.000001
vn 0.000000 -1.000000 0.000001
vn 0.000000 -1.000000 0.000001
vn 0.000000 -1.000000 0.000001
vn 0.000000 -1.000000 0.000000
vn 0.000000 -1.000000 0.000000
vn 0.000000 -1.000000 0.000000
vn 0.000000 -1.000000 0.000000
vn 0.000001 1.000000 0.000000
vn 0.000001 1.000000 0.000000
vn 0.000001 1.000000 0.000000
vn 0.000001 1.000000 0.000000
vn -0.000001 1.000000 0.000002
vn -0.000001 1.000000 0.000002
vn -0.000001 1.000000 0.000002
vn -0.000001 1.000000 0.000002
vn -0.000001 1.000000 -0.000004
vn -0.000001 1.000000 -0.000004
vn -0.000001 1.000000 -0.000004
vn -0.000001 1.000000 -0.000004
s off
g building_left_2
usemtl lambert10SG
f 13/1/1 1/2/2 10/3/3 9/4/4
f 17/5/5 3/6/6 12/7/7 14/8/8
f 21/9/9 5/10/10 16/11/11 18/12/12
f 24/13/13 7/14/14 20/15/15 22/16/16
f 11/17/17 2/18/18 23/19/19 25/20/20
f 21/9/21 7/14/22 24/13/23 26/21/24
f 10/3/25 2/18/26 11/17/27 9/4/28
f 11/17/29 4/22/30 12/7/31 9/4/32
f 12/7/33 3/6/34 13/1/35 9/4/36
f 12/7/37 4/22/38 15/23/39 14/8/40
f 15/23/41 6/24/42 16/11/43 14/8/44
f 16/11/45 5/10/46 17/5/47 14/8/48
f 16/11/49 6/24/50 19/25/51 18/12/52
f 19/25/53 8/26/54 20/15/55 18/12/56
f 20/15/57 7/14/58 21/9/59 18/12/60
f 20/15/61 8/26/62 23/19/63 22/16/64
f 23/19/65 2/18/66 10/3/67 22/16/68
f 10/3/69 1/2/70 24/13/71 22/16/72
f 23/19/73 8/26/74 19/25/75 25/20/76
f 19/25/77 6/24/78 15/23/79 25/20/80
f 15/23/81 4/22/82 11/17/83 25/20/84
f 24/13/85 1/2/86 13/1/87 26/21/88
f 13/1/89 3/6/90 17/5/91 26/21/92
f 17/5/93 5/10/94 21/9/95 26/21/96
s 1
f 27/27/97 28/28/98 46/29/99 45/30/100
f 28/28/98 29/31/101 47/32/102 46/29/99
f 29/31/101 30/33/103 48/34/104 47/32/102
f 30/33/103 31/35/105 49/36/106 48/34/104
f 31/35/105 32/37/107 50/38/108 49/36/106
f 32/37/107 33/39/109 51/40/110 50/38/108
f 33/39/109 34/41/111 52/42/112 51/40/110
f 34/41/111 35/43/113 53/44/114 52/42/112
f 35/43/113 36/45/115 54/46/116 53/44/114
f 36/45/115 37/47/117 55/48/118 54/46/116
f 37/47/117 38/49/119 56/50/120 55/48/118
f 38/49/119 39/51/121 57/52/122 56/50/120
f 39/51/121 40/53/123 58/54/124 57/52/122
f 40/53/123 41/55/125 59/56/126 58/54/124
f 41/55/125 42/57/127 60/58/128 59/56/126
f 42/57/127 43/59/129 61/60/130 60/58/128
f 43/59/129 44/61/131 62/62/132 61/60/130
f 44/61/131 27/27/97 45/30/100 62/62/132
s 2
f 28/28/133 27/27/134 63/63/135
f 29/31/136 28/28/133 63/63/135
f 30/33/137 29/31/136 63/63/135
f 31/35/138 30/33/137 63/63/135
f 32/37/139 31/35/138 63/63/135
f 33/39/140 32/37/139 63/63/135
f 34/41/141 33/39/140 63/63/135
f 35/43/142 34/41/141 63/63/135
f 36/45/143 35/43/142 63/63/135
f 37/47/144 36/45/143 63/63/135
f 38/49/145 37/47/144 63/63/135
f 39/51/146 38/49/145 63/63/135
f 40/53/147 39/51/146 63/63/135
f 41/55/148 40/53/147 63/63/135
f 42/57/149 41/55/148 63/63/135
f 43/59/150 42/57/149 63/63/135
f 44/61/151 43/59/150 63/63/135
f 27/27/134 44/61/151 63/63/135
s 3
f 262/64/152 263/65/153 280/66/154 281/67/155
f 263/65/153 264/68/156 297/69/157 280/66/154
f 264/68/156 265/70/158 296/71/159 297/69/157
f 265/70/158 266/72/160 295/73/161 296/71/159
f 266/72/160 267/74/162 294/75/163 295/73/161
f 267/74/162 268/76/164 293/77/165 294/75/163
f 268/76/164 269/78/166 292/79/167 293/77/165
f 269/78/166 270/80/168 291/81/169 292/79/167
f 270/80/168 271/82/170 290/83/171 291/81/169
f 271/82/170 272/84/172 289/85/173 290/83/171
f 272/84/172 273/86/174 288/87/175 289/85/173
f 273/86/174 274/88/176 287/89/177 288/87/175
f 274/88/176 275/90/178 286/91/179 287/89/177
f 275/90/178 276/92/180 285/93/181 286/91/179
f 276/92/180 277/94/182 284/95/183 285/93/181
f 277/94/182 278/96/184 283/97/185 284/95/183
f 278/96/184 279/98/186 282/99/187 283/97/185
f 279/98/186 262/64/152 281/67/155 282/99/187
s off
f 45/100/188 46/101/189 65/102/190 64/103/191
f 46/101/192 47/104/193 66/105/194 65/102/195
f 47/104/196 48/106/197 67/107/198 66/105/199
f 48/106/200 49/108/201 68/109/202 67/107/203
f 49/108/204 50/110/205 69/111/206 68/109/207
f 50/110/208 51/112/209 70/113/210 69/111/211
f 51/112/212 52/114/213 71/115/214 70/113/215
f 52/114/216 53/116/217 72/117/218 71/115/219
f 53/116/220 54/118/221 73/119/222 72/117/223
f 54/118/224 55/120/225 74/121/226 73/119/227
f 55/120/228 56/122/229 75/123/230 74/121/231
f 56/122/232 57/124/233 76/125/234 75/123/235
f 57/124/236 58/126/237 77/127/238 76/125/239
f 58/126/240 59/128/241 78/129/242 77/127/243
f 59/128/244 60/130/245 79/131/246 78/129/247
f 60/130/248 61/132/249 80/133/250 79/131/251
f 61/132/252 62/134/253 81/135/254 80/133/255
f 62/134/256 45/100/257 64/103/258 81/135/259
s 4
f 64/103/260 65/102/261 83/136/262 82/137/263
f 65/102/261 66/105/264 84/138/265 83/136/262
f 66/105/264 67/107/266 85/139/267 84/138/265
f 67/107/266 68/109/268 86/140/269 85/139/267
f 68/109/268 69/111/270 87/141/271 86/140/269
f 69/111/270 70/113/272 88/142/273 87/141/271
f 70/113/272 71/115/274 89/143/275 88/142/273
f 71/115/274 72/117/276 90/144/277 89/143/275
f 72/117/276 73/119/278 91/145/279 90/144/277
f 73/119/278 74/121/280 92/146/281 91/145/279
f 74/121/280 75/123/282 93/147/283 92/146/281
f 75/123/282 76/125/284 94/148/285 93/147/283
f 76/125/284 77/127/286 95/149/287 94/148/285
f 77/127/286 78/129/288 96/150/289 95/149/287
f 78/129/288 79/131/290 97/151/291 96/150/289
f 79/131/290 80/133/292 98/152/293 97/151/291
f 80/133/292 81/135/294 99/153/295 98/152/293
f 81/135/294 64/103/260 82/137/263 99/153/295
s off
f 82/137/296 83/136/297 101/154/298 100/155/299
f 83/136/300 84/138/301 102/156/302 101/154/303
f 84/138/304 85/139/305 103/157/306 102/156/307
f 85/139/308 86/140/309 104/158/310 103/157/311
f 86/140/312 87/141/313 105/159/314 104/158/315
f 87/141/316 88/142/317 106/160/318 105/159/319
f 88/142/320 89/143/321 107/161/322 106/160/323
f 89/143/324 90/144/325 108/162/326 107/161/327
f 90/144/328 91/145/329 109/163/330 108/162/331
f 91/145/332 92/146/333 110/164/334 109/163/335
f 92/146/336 93/147/337 111/165/338 110/164/339
f 93/147/340 94/148/341 112/166/342 111/165/343
f 94/148/344 95/149/345 113/167/346 112/166/347
f 95/149/348 96/150/349 114/168/350 113/167/351
f 96/150/352 97/151/353 115/169/354 114/168/355
f 97/151/356 98/152/357 116/170/358 115/169/359
f 98/152/360 99/153/361 117/171/362 116/170/363
f 99/153/364 82/137/365 100/155/366 117/171/367
s 5
f 100/172/368 101/173/369 119/174/370 118/175/371
f 101/173/369 102/176/372 120/177/373 119/174/370
f 102/176/372 103/178/374 121/179/375 120/177/373
f 103/178/374 104/180/376 122/181/377 121/179/375
f 104/180/376 105/182/378 123/183/379 122/181/377
f 105/182/378 106/184/380 124/185/381 123/183/379
f 106/184/380 107/186/382 125/187/383 124/185/381
f 107/186/382 108/188/384 126/189/385 125/187/383
f 108/188/384 109/190/386 127/191/387 126/189/385
f 109/190/386 110/192/388 128/193/389 127/191/387
f 110/192/388 111/194/390 129/195/391 128/193/389
f 111/194/390 112/196/392 130/197/393 129/195/391
f 112/196/392 113/198/394 131/199/395 130/197/393
f 113/198/394 114/200/396 132/201/397 131/199/395
f 114/200/396 115/202/398 133/203/399 132/201/397
f 115/202/398 116/204/400 134/205/401 133/203/399
f 116/204/400 117/206/402 135/207/403 134/205/401
f 117/206/402 100/172/368 118/175/371 135/207/403
f 118/175/371 119/174/370 137/208/404 136/209/405
f 119/174/370 120/177/373 138/210/406 137/208/404
f 120/177/373 121/179/375 139/211/407 138/210/406
f 121/179/375 122/181/377 140/212/408 139/211/407
f 122/181/377 123/183/379 141/213/409 140/212/408
f 123/183/379 124/185/381 142/214/410 141/213/409
f 124/185/381 125/187/383 143/215/411 142/214/410
f 125/187/383 126/189/385 144/216/412 143/215/411
f 126/189/385 127/191/387 145/217/413 144/216/412
f 127/191/387 128/193/389 146/218/414 145/217/413
f 128/193/389 129/195/391 147/219/415 146/218/414
f 129/195/391 130/197/393 148/220/416 147/219/415
f 130/197/393 131/199/395 149/221/417 148/220/416
f 131/199/395 132/201/397 150/222/418 149/221/417
f 132/201/397 133/203/399 151/223/419 150/222/418
f 133/203/399 134/205/401 152/224/420 151/223/419
f 134/205/401 135/207/403 153/225/421 152/224/420
f 135/207/403 118/175/371 136/209/405 153/225/421
f 136/209/405 137/208/404 155/226/422 154/227/423
f 137/208/404 138/210/406 156/228/424 155/226/422
f 138/210/406 139/211/407 157/229/425 156/228/424
f 139/211/407 140/212/408 158/230/426 157/229/425
f 140/212/408 141/213/409 159/231/427 158/230/426
f 141/213/409 142/214/410 160/232/428 159/231/427
f 142/214/410 143/215/411 161/233/429 160/232/428
f 143/215/411 144/216/412 162/234/430 161/233/429
f 144/216/412 145/217/413 163/235/431 162/234/430
f 145/217/413 146/218/414 164/236/432 163/235/431
f 146/218/414 147/219/415 165/237/433 164/236/432
f 147/219/415 148/220/416 166/238/434 165/237/433
f 148/220/416 149/221/417 167/239/435 166/238/434
f 149/221/417 150/222/418 168/240/436 167/239/435
f 150/222/418 151/223/419 169/241/437 168/240/436
f 151/223/419 152/224/420 170/242/438 169/241/437
f 152/224/420 153/225/421 171/243/439 170/242/438
f 153/225/421 136/209/405 154/227/423 171/243/439
f 154/227/423 155/226/422 173/244/440 172/245/441
f 155/226/422 156/228/424 174/246/442 173/244/440
f 156/228/424 157/229/425 175/247/443 174/246/442
f 157/229/425 158/230/426 176/248/444 175/247/443
f 158/230/426 159/231/427 177/249/445 176/248/444
f 159/231/427 160/232/428 178/250/446 177/249/445
f 160/232/428 161/233/429 179/251/447 178/250/446
f 161/233/429 162/234/430 180/252/448 179/251/447
f 162/234/430 163/235/431 181/253/449 180/252/448
f 163/235/431 164/236/432 182/254/450 181/253/449
f 164/236/432 165/237/433 183/255/451 182/254/450
f 165/237/433 166/238/434 184/256/452 183/255/451
f 166/238/434 167/239/435 185/257/453 184/256/452
f 167/239/435 168/240/436 186/258/454 185/257/453
f 168/240/436 169/241/437 187/259/455 186/258/454
f 169/241/437 170/242/438 188/260/456 187/259/455
f 170/242/438 171/243/439 189/261/457 188/260/456
f 171/243/439 154/227/423 172/245/441 189/261/457
f 172/245/441 173/244/440 191/262/458 190/263/459
f 173/244/440 174/246/442 192/264/460 191/262/458
f 174/246/442 175/247/443 193/265/461 192/264/460
f 175/247/443 176/248/444 194/266/462 193/265/461
f 176/248/444 177/249/445 195/267/463 194/266/462
f 177/249/445 178/250/446 196/268/464 195/267/463
f 178/250/446 179/251/447 197/269/465 196/268/464
f 179/251/447 180/252/448 198/270/466 197/269/465
f 180/252/448 181/253/449 199/271/467 198/270/466
f 181/253/449 182/254/450 200/272/468 199/271/467
f 182/254/450 183/255/451 201/273/469 200/272/468
f 183/255/451 184/256/452 202/274/470 201/273/469
f 184/256/452 185/257/453 203/275/471 202/274/470
f 185/257/453 186/258/454 204/276/472 203/275/471
f 186/258/454 187/259/455 205/277/473 204/276/472
f 187/259/455 188/260/456 206/278/474 205/277/473
f 188/260/456 189/261/457 207/279/475 206/278/474
f 189/261/457 172/245/441 190/263/459 207/279/475
f 190/263/459 191/262/458 209/280/476 208/281/477
f 191/262/458 192/264/460 210/282/478 209/280/476
f 192/264/460 193/265/461 211/283/479 210/282/478
f 193/265/461 194/266/462 212/284/480 211/283/479
f 194/266/462 195/267/463 213/285/481 212/284/480
f 195/267/463 196/268/464 214/286/482 213/285/481
f 196/268/464 197/269/465 215/287/483 214/286/482
f 197/269/465 198/270/466 216/288/484 215/287/483
f 198/270/466 199/271/467 217/289/485 216/288/484
f 199/271/467 200/272/468 218/290/486 217/289/485
f 200/272/468 201/273/469 219/291/487 218/290/486
f 201/273/469 202/274/470 220/292/488 219/291/487
f 202/274/470 203/275/471 221/293/489 220/292/488
f 203/275/471 204/276/472 222/294/490 221/293/489
f 204/276/472 205/277/473 223/295/491 222/294/490
f 205/277/473 206/278/474 224/296/492 223/295/491
f 206/278/474 207/279/475 225/297/493 224/296/492
f 207/279/475 190/263/459 208/281/477 225/297/493
f 208/281/477 209/280/476 227/298/494 226/299/495
f 209/280/476 210/282/478 228/300/496 227/298/494
f 210/282/478 211/283/479 229/301/497 228/300/496
f 211/283/479 212/284/480 230/302/498 229/301/497
f 212/284/480 213/285/481 231/303/499 230/302/498
f 213/285/481 214/286/482 232/304/500 231/303/499
f 214/286/482 215/287/483 233/305/501 232/304/500
f 215/287/483 216/288/484 234/306/502 233/305/501
f 216/288/484 217/289/485 235/307/503 234/306/502
f 217/289/485 218/290/486 236/308/504 235/307/503
f 218/290/486 219/291/487 237/309/505 236/308/504
f 219/291/487 220/292/488 238/310/506 237/309/505
f 220/292/488 221/293/489 239/311/507 238/310/506
f 221/293/489 222/294/490 240/312/508 239/311/507
f 222/294/490 223/295/491 241/313/509 240/312/508
f 223/295/491 224/296/492 242/314/510 241/313/509
f 224/296/492 225/297/493 243/315/511 242/314/510
f 225/297/493 208/281/477 226/299/495 243/315/511
s off
f 226/316/512 227/317/513 245/318/514 244/319/515
f 227/317/516 228/320/517 246/321/518 245/318/519
f 228/320/520 229/322/521 247/323/522 246/321/523
f 229/322/524 230/324/525 248/325/526 247/323/527
f 230/324/528 231/326/529 249/327/530 248/325/531
f 231/326/532 232/328/533 250/329/534 249/327/535
f 232/328/536 233/330/537 251/331/538 250/329/539
f 233/330/540 234/332/541 252/333/542 251/331/543
f 234/332/544 235/334/545 253/335/546 252/333/547
f 235/334/548 236/336/549 254/337/550 253/335/551
f 236/336/552 237/338/553 255/339/554 254/337/555
f 237/338/556 238/340/557 256/341/558 255/339/559
f 238/340/560 239/342/561 257/343/562 256/341/563
f 239/342/564 240/344/565 258/345/566 257/343/567
f 240/344/568 241/346/569 259/347/570 258/345/571
f 241/346/572 242/348/573 260/349/574 259/347/575
f 242/348/576 243/350/577 261/351/578 260/349/579
f 243/350/580 226/316/581 244/319/582 261/351/583
s 6
f 244/319/584 245/318/585 263/65/586 262/64/587
f 245/318/585 246/321/588 264/68/589 263/65/586
f 246/321/588 247/323/590 265/70/591 264/68/589
f 247/323/590 248/325/592 266/72/593 265/70/591
f 248/325/592 249/327/594 267/74/595 266/72/593
f 249/327/594 250/329/596 268/76/597 267/74/595
f 250/329/596 251/331/598 269/78/599 268/76/597
f 251/331/598 252/333/600 270/80/601 269/78/599
f 252/333/600 253/335/602 271/82/603 270/80/601
f 253/335/602 254/337/604 272/84/605 271/82/603
f 254/337/604 255/339/606 273/86/607 272/84/605
f 255/339/606 256/341/608 274/88/609 273/86/607
f 256/341/608 257/343/610 275/90/611 274/88/609
f 257/343/610 258/345/612 276/92/613 275/90/611
f 258/345/612 259/347/614 277/94/615 276/92/613
f 259/347/614 260/349/616 278/96/617 277/94/615
f 260/349/616 261/351/618 279/98/619 278/96/617
f 261/351/618 244/319/584 262/64/587 279/98/619
s 7
f 299/352/620 298/353/621 300/354/622
f 301/355/623 299/352/620 300/354/622
f 302/356/624 301/355/623 300/354/622
f 303/357/625 302/356/624 300/354/622
f 304/358/626 303/357/625 300/354/622
f 305/359/627 304/358/626 300/354/622
f 306/360/628 305/359/627 300/354/622
f 307/361/629 306/360/628 300/354/622
f 308/362/630 307/361/629 300/354/622
f 309/363/631 308/362/630 300/354/622
f 310/364/632 309/363/631 300/354/622
f 311/365/633 310/364/632 300/354/622
f 312/366/634 311/365/633 300/354/622
f 313/367/635 312/366/634 300/354/622
f 314/368/636 313/367/635 300/354/622
f 315/369/637 314/368/636 300/354/622
f 316/370/638 315/369/637 300/354/622
f 298/353/621 316/370/638 300/354/622
s 8
f 281/371/639 280/372/640 298/353/641 299/352/642
f 282/373/643 281/371/639 299/352/642 301/355/644
f 283/374/645 282/373/643 301/355/644 302/356/646
f 284/375/647 283/374/645 302/356/646 303/357/648
f 285/376/649 284/375/647 303/357/648 304/358/650
f 286/377/651 285/376/649 304/358/650 305/359/652
f 287/378/653 286/377/651 305/359/652 306/360/654
f 288/379/655 287/378/653 306/360/654 307/361/656
f 289/380/657 288/379/655 307/361/656 308/362/658
f 290/381/659 289/380/657 308/362/658 309/363/660
f 291/382/661 290/381/659 309/363/660 310/364/662
f 292/383/663 291/382/661 310/364/662 311/365/664
f 293/384/665 292/383/663 311/365/664 312/366/666
f 294/385/667 293/384/665 312/366/666 313/367/668
f 295/386/669 294/385/667 313/367/668 314/368/670
f 296/387/671 295/386/669 314/368/670 315/369/672
f 297/388/673 296/387/671 315/369/672 316/370/674
f 280/372/640 297/388/673 316/370/674 298/353/641
s 9
f 317/389/675 318/390/676 330/391/677 329/392/678
f 318/390/676 319/393/679 331/394/680 330/391/677
f 319/393/679 320/395/681 332/396/682 331/394/680
f 320/395/681 321/397/683 333/398/684 332/396/682
f 321/397/683 322/399/685 334/400/686 333/398/684
f 322/399/685 323/401/687 335/402/688 334/400/686
f 323/401/687 324/403/689 336/404/690 335/402/688
f 324/403/689 325/405/691 337/406/692 336/404/690
f 325/405/691 326/407/693 338/408/694 337/406/692
f 326/407/693 327/409/695 339/410/696 338/408/694
f 327/409/695 328/411/697 340/412/698 339/410/696
f 328/411/697 317/389/675 329/392/678 340/412/698
s 10
f 581/413/699 582/414/700 583/415/701
f 582/414/700 584/416/702 583/415/701
f 584/416/702 585/417/703 583/415/701
f 585/417/703 586/418/704 583/415/701
f 586/418/704 587/419/705 583/415/701
f 587/419/705 588/420/706 583/415/701
f 588/420/706 589/421/707 583/415/701
f 589/421/707 590/422/708 583/415/701
f 590/422/708 591/423/709 583/415/701
f 591/423/709 592/424/710 583/415/701
f 592/424/710 593/425/711 583/415/701
f 593/425/711 581/413/699 583/415/701
s 11
f 329/426/712 330/427/713 342/428/714 341/429/715
s off
f 330/427/716 331/430/717 343/431/718 342/428/719
f 331/430/720 332/432/721 344/433/722 343/431/723
f 332/432/724 333/434/725 345/435/726 344/433/727
f 333/434/728 334/436/729 346/437/730 345/435/731
s 12
f 334/436/732 335/438/733 347/439/734 346/437/735
f 335/438/733 336/440/736 348/441/737 347/439/734
s off
f 336/440/738 337/442/739 349/443/740 348/441/741
s 13
f 337/442/742 338/444/743 350/445/744 349/443/745
f 338/444/743 339/446/746 351/447/747 350/445/744
f 339/446/746 340/448/748 352/449/749 351/447/747
s 11
f 340/448/750 329/426/712 341/429/715 352/449/751
s 14
f 341/429/752 342/428/753 354/450/754 353/451/755
s off
f 342/428/756 343/431/757 355/452/758 354/450/759
f 343/431/760 344/433/761 356/453/762 355/452/763
f 344/433/764 345/435/765 357/454/766 356/453/767
f 345/435/768 346/437/769 358/455/770 357/454/771
f 346/437/772 347/439/773 359/456/774 358/455/775
f 347/439/776 348/441/777 360/457/778 359/456/779
f 348/441/780 349/443/781 361/458/782 360/457/783
f 349/443/784 350/445/785 362/459/786 361/458/787
f 350/445/788 351/447/789 363/460/790 362/459/791
f 351/447/792 352/449/793 364/461/794 363/460/795
s 14
f 352/449/796 341/429/752 353/451/755 364/461/797
s 15
f 353/451/798 354/450/799 366/462/800 365/463/801
s off
f 354/450/802 355/452/803 367/464/804 366/462/805
f 355/452/806 356/453/807 368/465/808 367/464/809
f 356/453/810 357/454/811 369/466/812 368/465/813
f 357/454/814 358/455/815 370/467/816 369/466/817
s 16
f 358/455/818 359/456/819 371/468/820 370/467/821
f 359/456/819 360/457/822 372/469/823 371/468/820
s off
f 360/457/824 361/458/825 373/470/826 372/469/827
s 17
f 361/458/828 362/459/829 374/471/830 373/470/831
f 362/459/829 363/460/832 375/472/833 374/471/830
f 363/460/832 364/461/834 376/473/835 375/472/833
s 15
f 364/461/836 353/451/798 365/463/801 376/473/837
s 18
f 365/474/838 366/475/839 378/476/840 377/477/841
f 366/475/839 367/478/842 379/479/843 378/476/840
f 367/478/842 368/480/844 380/481/845 379/479/843
f 368/480/844 369/482/846 381/483/847 380/481/845
f 369/482/846 370/484/848 382/485/849 381/483/847
f 370/484/848 371/486/850 383/487/851 382/485/849
f 371/486/850 372/488/852 384/489/853 383/487/851
f 372/488/852 373/490/854 385/491/855 384/489/853
f 373/490/854 374/492/856 386/493/857 385/491/855
f 374/492/856 375/494/858 387/495/859 386/493/857
f 375/494/858 376/496/860 388/497/861 387/495/859
f 376/496/860 365/474/838 377/477/841 388/497/861
s 19
f 377/498/862 378/499/863 390/500/864 389/501/865
s off
f 378/499/866 379/502/867 391/503/868 390/500/869
f 379/502/870 380/504/871 392/505/872 391/503/873
f 380/504/874 381/506/875 393/507/876 392/505/877
f 381/506/878 382/508/879 394/509/880 393/507/881
s 20
f 382/508/882 383/510/883 395/511/884 394/509/885
f 383/510/883 384/512/886 396/513/887 395/511/884
s off
f 384/512/888 385/514/889 397/515/890 396/513/891
s 21
f 385/514/892 386/516/893 398/517/894 397/515/895
f 386/516/893 387/518/896 399/519/897 398/517/894
f 387/518/896 388/520/898 400/521/899 399/519/897
s 19
f 388/520/900 377/498/862 389/501/865 400/521/901
s 22
f 389/501/902 390/500/903 402/522/904 401/523/905
s off
f 390/500/906 391/503/907 403/524/908 402/522/909
f 391/503/910 392/505/911 404/525/912 403/524/913
f 392/505/914 393/507/915 405/526/916 404/525/917
f 393/507/918 394/509/919 406/527/920 405/526/921
f 394/509/922 395/511/923 407/528/924 406/527/925
f 395/511/926 396/513/927 408/529/928 407/528/929
f 396/513/930 397/515/931 409/530/932 408/529/933
f 397/515/934 398/517/935 410/531/936 409/530/937
f 398/517/938 399/519/939 411/532/940 410/531/941
f 399/519/942 400/521/943 412/533/944 411/532/945
s 22
f 400/521/946 389/501/902 401/523/905 412/533/947
s 23
f 401/523/948 402/522/949 414/534/950 413/535/951
s off
f 402/522/952 403/524/953 415/536/954 414/534/955
f 403/524/956 404/525/957 416/537/958 415/536/959
f 404/525/960 405/526/961 417/538/962 416/537/963
f 405/526/964 406/527/965 418/539/966 417/538/967
s 24
f 406/527/968 407/528/969 419/540/970 418/539/971
f 407/528/969 408/529/972 420/541/973 419/540/970
s off
f 408/529/974 409/530/975 421/542/976 420/541/977
s 25
f 409/530/978 410/531/979 422/543/980 421/542/981
f 410/531/979 411/532/982 423/544/983 422/543/980
f 411/532/982 412/533/984 424/545/985 423/544/983
s 23
f 412/533/986 401/523/948 413/535/951 424/545/987
s 26
f 413/546/988 414/547/989 426/548/990 425/549/991
f 414/547/989 415/550/992 427/551/993 426/548/990
f 415/550/992 416/552/994 428/553/995 427/551/993
f 416/552/994 417/554/996 429/555/997 428/553/995
f 417/554/996 418/556/998 430/557/999 429/555/997
f 418/556/998 419/558/1000 431/559/1001 430/557/999
f 419/558/1000 420/560/1002 432/561/1003 431/559/1001
f 420/560/1002 421/562/1004 433/563/1005 432/561/1003
f 421/562/1004 422/564/1006 434/565/1007 433/563/1005
f 422/564/1006 423/566/1008 435/567/1009 434/565/1007
f 423/566/1008 424/568/1010 436/569/1011 435/567/1009
f 424/568/1010 413/546/988 425/549/991 436/569/1011
s 27
f 425/570/1012 426/571/1013 438/572/1014 437/573/1015
s off
f 426/571/1016 427/574/1017 439/575/1018 438/572/1019
f 427/574/1020 428/576/1021 440/577/1022 439/575/1023
f 428/576/1024 429/578/1025 441/579/1026 440/577/1027
f 429/578/1028 430/580/1029 442/581/1030 441/579/1031
f 430/580/1032 431/582/1033 443/583/1034 442/581/1035
f 431/582/1036 432/584/1037 444/585/1038 443/583/1039
f 432/584/1040 433/586/1041 445/587/1042 444/585/1043
f 433/586/1044 434/588/1045 446/589/1046 445/587/1047
f 434/588/1048 435/590/1049 447/591/1050 446/589/1051
f 435/590/1052 436/592/1053 448/593/1054 447/591/1055
s 27
f 436/592/1056 425/570/1012 437/573/1015 448/593/1057
s 28
f 437/573/1058 438/572/1059 450/594/1060 449/595/1061
s off
f 438/572/1062 439/575/1063 451/596/1064 450/594/1065
f 439/575/1066 440/577/1067 452/597/1068 451/596/1069
f 440/577/1070 441/579/1071 453/598/1072 452/597/1073
f 441/579/1074 442/581/1075 454/599/1076 453/598/1077
f 442/581/1078 443/583/1079 455/600/1080 454/599/1081
f 443/583/1082 444/585/1083 456/601/1084 455/600/1085
f 444/585/1086 445/587/1087 457/602/1088 456/601/1089
f 445/587/1090 446/589/1091 458/603/1092 457/602/1093
f 446/589/1094 447/591/1095 459/604/1096 458/603/1097
f 447/591/1098 448/593/1099 460/605/1100 459/604/1101
s 28
f 448/593/1102 437/573/1058 449/595/1061 460/605/1103
s 29
f 449/595/1104 450/594/1105 462/606/1106 461/607/1107
s off
f 450/594/1108 451/596/1109 463/608/1110 462/606/1111
f 451/596/1112 452/597/1113 464/609/1114 463/608/1115
f 452/597/1116 453/598/1117 465/610/1118 464/609/1119
f 453/598/1120 454/599/1121 466/611/1122 465/610/1123
f 454/599/1124 455/600/1125 467/612/1126 466/611/1127
f 455/600/1128 456/601/1129 468/613/1130 467/612/1131
f 456/601/1132 457/602/1133 469/614/1134 468/613/1135
f 457/602/1136 458/603/1137 470/615/1138 469/614/1139
f 458/603/1140 459/604/1141 471/616/1142 470/615/1143
f 459/604/1144 460/605/1145 472/617/1146 471/616/1147
s 29
f 460/605/1148 449/595/1104 461/607/1107 472/617/1149
s 30
f 461/618/1150 462/619/1151 474/620/1152 473/621/1153
f 462/619/1151 463/622/1154 475/623/1155 474/620/1152
f 463/622/1154 464/624/1156 476/625/1157 475/623/1155
f 464/624/1156 465/626/1158 477/627/1159 476/625/1157
f 465/626/1158 466/628/1160 478/629/1161 477/627/1159
f 466/628/1160 467/630/1162 479/631/1163 478/629/1161
f 467/630/1162 468/632/1164 480/633/1165 479/631/1163
f 468/632/1164 469/634/1166 481/635/1167 480/633/1165
f 469/634/1166 470/636/1168 482/637/1169 481/635/1167
f 470/636/1168 471/638/1170 483/639/1171 482/637/1169
f 471/638/1170 472/640/1172 484/641/1173 483/639/1171
f 472/640/1172 461/618/1150 473/621/1153 484/641/1173
s 31
f 473/642/1174 474/643/1175 486/644/1176 485/645/1177
s off
f 474/643/1178 475/646/1179 487/647/1180 486/644/1181
f 475/646/1182 476/648/1183 488/649/1184 487/647/1185
f 476/648/1186 477/650/1187 489/651/1188 488/649/1189
f 477/650/1190 478/652/1191 490/653/1192 489/651/1193
f 478/652/1194 479/654/1195 491/655/1196 490/653/1197
f 479/654/1198 480/656/1199 492/657/1200 491/655/1201
f 480/656/1202 481/658/1203 493/659/1204 492/657/1205
f 481/658/1206 482/660/1207 494/661/1208 493/659/1209
f 482/660/1210 483/662/1211 495/663/1212 494/661/1213
f 483/662/1214 484/664/1215 496/665/1216 495/663/1217
s 31
f 484/664/1218 473/642/1174 485/645/1177 496/665/1219
s 32
f 485/645/1220 486/644/1221 498/666/1222 497/667/1223
s off
f 486/644/1224 487/647/1225 499/668/1226 498/666/1227
f 487/647/1228 488/649/1229 500/669/1230 499/668/1231
f 488/649/1232 489/651/1233 501/670/1234 500/669/1235
f 489/651/1236 490/653/1237 502/671/1238 501/670/1239
f 490/653/1240 491/655/1241 503/672/1242 502/671/1243
f 491/655/1244 492/657/1245 504/673/1246 503/672/1247
f 492/657/1248 493/659/1249 505/674/1250 504/673/1251
f 493/659/1252 494/661/1253 506/675/1254 505/674/1255
f 494/661/1256 495/663/1257 507/676/1258 506/675/1259
f 495/663/1260 496/665/1261 508/677/1262 507/676/1263
s 32
f 496/665/1264 485/645/1220 497/667/1223 508/677/1265
s 33
f 497/667/1266 498/666/1267 510/678/1268 509/679/1269
s off
f 498/666/1270 499/668/1271 511/680/1272 510/678/1273
f 499/668/1274 500/669/1275 512/681/1276 511/680/1277
f 500/669/1278 501/670/1279 513/682/1280 512/681/1281
f 501/670/1282 502/671/1283 514/683/1284 513/682/1285
f 502/671/1286 503/672/1287 515/684/1288 514/683/1289
f 503/672/1290 504/673/1291 516/685/1292 515/684/1293
f 504/673/1294 505/674/1295 517/686/1296 516/685/1297
f 505/674/1298 506/675/1299 518/687/1300 517/686/1301
f 506/675/1302 507/676/1303 519/688/1304 518/687/1305
f 507/676/1306 508/677/1307 520/689/1308 519/688/1309
s 33
f 508/677/1310 497/667/1266 509/679/1269 520/689/1311
s 34
f 509/690/1312 510/691/1313 522/692/1314 521/693/1315
f 510/691/1313 511/694/1316 523/695/1317 522/692/1314
f 511/694/1316 512/696/1318 524/697/1319 523/695/1317
f 512/696/1318 513/698/1320 525/699/1321 524/697/1319
f 513/698/1320 514/700/1322 526/701/1323 525/699/1321
f 514/700/1322 515/702/1324 527/703/1325 526/701/1323
f 515/702/1324 516/704/1326 528/705/1327 527/703/1325
f 516/704/1326 517/706/1328 529/707/1329 528/705/1327
f 517/706/1328 518/708/1330 530/709/1331 529/707/1329
f 518/708/1330 519/710/1332 531/711/1333 530/709/1331
f 519/710/1332 520/712/1334 532/713/1335 531/711/1333
f 520/712/1334 509/690/1312 521/693/1315 532/713/1335
f 521/693/1315 522/692/1314 534/714/1336 533/715/1337
f 522/692/1314 523/695/1317 535/716/1338 534/714/1336
f 523/695/1317 524/697/1319 536/717/1339 535/716/1338
f 524/697/1319 525/699/1321 537/718/1340 536/717/1339
f 525/699/1321 526/701/1323 538/719/1341 537/718/1340
f 526/701/1323 527/703/1325 539/720/1342 538/719/1341
f 527/703/1325 528/705/1327 540/721/1343 539/720/1342
f 528/705/1327 529/707/1329 541/722/1344 540/721/1343
f 529/707/1329 530/709/1331 542/723/1345 541/722/1344
f 530/709/1331 531/711/1333 543/724/1346 542/723/1345
f 531/711/1333 532/713/1335 544/725/1347 543/724/1346
f 532/713/1335 521/693/1315 533/715/1337 544/725/1347
f 533/715/1337 534/714/1336 546/726/1348 545/727/1349
f 534/714/1336 535/716/1338 547/728/1350 546/726/1348
f 535/716/1338 536/717/1339 548/729/1351 547/728/1350
f 536/717/1339 537/718/1340 549/730/1352 548/729/1351
f 537/718/1340 538/719/1341 550/731/1353 549/730/1352
f 538/719/1341 539/720/1342 551/732/1354 550/731/1353
f 539/720/1342 540/721/1343 552/733/1355 551/732/1354
f 540/721/1343 541/722/1344 553/734/1356 552/733/1355
f 541/722/1344 542/723/1345 554/735/1357 553/734/1356
f 542/723/1345 543/724/1346 555/736/1358 554/735/1357
f 543/724/1346 544/725/1347 556/737/1359 555/736/1358
f 544/725/1347 533/715/1337 545/727/1349 556/737/1359
f 545/727/1349 546/726/1348 558/738/1360 557/739/1361
f 546/726/1348 547/728/1350 559/740/1362 558/738/1360
f 547/728/1350 548/729/1351 560/741/1363 559/740/1362
f 548/729/1351 549/730/1352 561/742/1364 560/741/1363
f 549/730/1352 550/731/1353 562/743/1365 561/742/1364
f 550/731/1353 551/732/1354 563/744/1366 562/743/1365
f 551/732/1354 552/733/1355 564/745/1367 563/744/1366
f 552/733/1355 553/734/1356 565/746/1368 564/745/1367
f 553/734/1356 554/735/1357 566/747/1369 565/746/1368
f 554/735/1357 555/736/1358 567/748/1370 566/747/1369
f 555/736/1358 556/737/1359 568/749/1371 567/748/1370
f 556/737/1359 545/727/1349 557/739/1361 568/749/1371
f 557/739/1361 558/738/1360 570/750/1372 569/751/1373
f 558/738/1360 559/740/1362 571/752/1374 570/750/1372
f 559/740/1362 560/741/1363 572/753/1375 571/752/1374
f 560/741/1363 561/742/1364 573/754/1376 572/753/1375
f 561/742/1364 562/743/1365 574/755/1377 573/754/1376
f 562/743/1365 563/744/1366 575/756/1378 574/755/1377
f 563/744/1366 564/745/1367 576/757/1379 575/756/1378
f 564/745/1367 565/746/1368 577/758/1380 576/757/1379
f 565/746/1368 566/747/1369 578/759/1381 577/758/1380
f 566/747/1369 567/748/1370 579/760/1382 578/759/1381
f 567/748/1370 568/749/1371 580/761/1383 579/760/1382
f 568/749/1371 557/739/1361 569/751/1373 580/761/1383
f 569/751/1373 570/750/1372 582/414/1384 581/413/1385
f 570/750/1372 571/752/1374 584/416/1386 582/414/1384
f 571/752/1374 572/753/1375 585/417/1387 584/416/1386
f 572/753/1375 573/754/1376 586/418/1388 585/417/1387
f 573/754/1376 574/755/1377 587/419/1389 586/418/1388
f 574/755/1377 575/756/1378 588/420/1390 587/419/1389
f 575/756/1378 576/757/1379 589/421/1391 588/420/1390
f 576/757/1379 577/758/1380 590/422/1392 589/421/1391
f 577/758/1380 578/759/1381 591/423/1393 590/422/1392
f 578/759/1381 579/760/1382 592/424/1394 591/423/1393
f 579/760/1382 580/761/1383 593/425/1395 592/424/1394
f 580/761/1383 569/751/1373 581/413/1385 593/425/1395
s off
f 662/762/1396 594/763/1397 659/764/1398 658/765/1399
usemtl lambert11SG
f 667/766/1400 606/767/1401 664/768/1402 663/769/1403
s 35
usemtl lambert10SG
f 672/770/1404 612/771/1405 669/772/1406 668/773/1407
s off
f 672/770/1408 600/774/1409 674/775/1410 673/776/1411
f 680/777/1412 596/778/1413 677/779/1414 676/780/1415
s 36
f 685/781/1416 625/782/1417 682/783/1418 681/784/1419
s off
f 684/785/1420 598/786/1421 687/787/1422 686/788/1423
usemtl lambert11SG
f 692/789/1424 602/790/1425 679/791/1426 689/792/1427
s 37
f 696/793/1428 654/794/1429 694/795/1430 693/796/1431
s off
f 696/793/1432 605/797/1433 688/798/1434 697/799/1435
s 38
usemtl lambert10SG
f 702/800/1436 616/801/1437 700/802/1438 699/803/1439
s 39
f 705/804/1440 615/805/1441 704/806/1442 703/807/1443
s off
f 705/804/1444 598/786/1445 683/808/1446 706/809/1447
s 40
f 711/810/1448 615/805/1449 708/811/1450 709/812/1451
s 41
f 711/810/1452 612/771/1453 675/813/1454 712/814/1455
s 42
f 713/815/1456 611/816/1457 661/817/1458 714/818/1459
s 43
f 720/819/1460 640/820/1461 717/821/1462 716/822/1463
s 44
f 724/823/1464 639/824/1465 722/825/1466 721/826/1467
s 45
f 728/827/1468 638/828/1469 726/829/1470 725/830/1471
s 46
f 732/831/1472 637/832/1473 730/833/1474 729/834/1475
s 47
usemtl lambert11SG
f 736/835/1476 650/836/1477 734/837/1478 733/838/1479
s 48
f 741/839/1480 635/840/1481 738/841/1482 737/842/1483
s off
f 746/843/1484 604/844/1485 743/845/1486 742/846/1487
usemtl lambert10SG
f 750/847/1488 599/848/1489 748/849/1490 747/850/1491
s 49
f 754/851/1492 632/852/1493 752/853/1494 751/854/1495
s 50
f 758/855/1496 631/856/1497 756/857/1498 755/858/1499
s 51
f 762/859/1500 630/860/1501 760/861/1502 759/862/1503
s 52
f 765/863/1504 629/864/1505 670/865/1506 763/866/1507
s 53
f 764/867/1508 628/868/1509 710/869/1510 766/870/1511
s 54
f 767/871/1512 627/872/1513 707/873/1514 768/874/1515
s 55
f 771/875/1516 634/876/1517 749/877/1518 770/878/1519
s 56
usemtl lambert11SG
f 695/879/1520 655/880/1521 773/881/1522 772/882/1523
s 57
f 776/883/1524 624/884/1525 665/885/1526 774/886/1527
s 58
f 735/887/1528 651/888/1529 778/889/1530 777/890/1531
s 59
usemtl lambert10SG
f 779/891/1532 622/892/1533 678/893/1534 780/894/1535
s 60
f 781/895/1536 621/896/1537 701/897/1538 782/898/1539
s 61
f 786/899/1540 619/900/1541 660/901/1542 784/902/1543
s 62
usemtl lambert11SG
f 739/903/1544 636/904/1545 788/905/1546 787/906/1547
s 63
f 775/907/1548 623/908/1549 792/909/1550 791/910/1551
s 64
f 796/911/1552 645/912/1553 795/913/1554 794/914/1555
s 65
f 799/915/1556 646/916/1557 798/917/1558 797/918/1559
s 66
f 666/919/1560 624/884/1561 801/920/1562 800/921/1563
s 67
f 776/883/1564 635/840/1565 804/922/1566 803/923/1567
s 68
f 808/924/1568 649/925/1569 807/926/1570 806/927/1571
s 69
f 811/928/1572 642/929/1573 789/930/1574 809/931/1575
s 70
f 814/932/1576 653/933/1577 691/934/1578 812/935/1579
s 71
f 816/936/1580 654/794/1581 698/937/1582 815/938/1583
s 72
f 816/936/1584 646/916/1585 802/939/1586 817/940/1587
s 73
f 818/941/1588 647/942/1589 805/943/1590 819/944/1591
s 74
f 822/945/1592 657/946/1593 745/947/1594 821/948/1595
s off
usemtl lambert10SG
f 825/949/1596 639/824/1597 783/950/1598 823/951/1599
f 824/952/1600 620/953/1601 715/954/1602 826/955/1603
f 827/956/1604 619/900/1605 786/899/1606 828/957/1607
f 829/958/1608 640/820/1609 722/825/1610 830/959/1611
s 75
f 659/764/1612 618/960/1613 660/901/1614 658/765/1615
s 61
f 660/901/1542 619/900/1541 661/817/1616 658/765/1617
s 42
f 661/817/1458 611/816/1457 662/762/1618 658/765/1619
s 76
usemtl lambert11SG
f 664/768/1620 623/908/1621 665/885/1622 663/769/1623
s 57
f 665/885/1526 624/884/1525 666/919/1624 663/769/1625
s off
f 666/919/1626 609/961/1627 667/766/1628 663/769/1629
s 53
usemtl lambert10SG
f 669/772/1630 628/868/1509 670/865/1631 668/773/1632
s 52
f 670/865/1506 629/864/1505 671/962/1633 668/773/1634
s off
f 671/962/1635 600/774/1636 672/770/1637 668/773/1638
f 674/775/1639 594/763/1640 662/762/1641 673/776/1642
s 77
f 662/762/1643 611/816/1644 675/813/1645 673/776/1646
s 41
f 675/813/1454 612/771/1453 672/770/1647 673/776/1648
s 78
f 677/779/1649 621/896/1650 678/893/1651 676/780/1652
s 59
f 678/893/1534 622/892/1533 679/963/1653 676/780/1654
s off
f 679/963/1655 602/964/1656 680/777/1657 676/780/1658
s 79
f 682/783/1659 626/965/1660 683/808/1661 681/784/1662
s off
f 683/808/1663 598/786/1664 684/785/1665 681/784/1666
f 684/785/1667 605/966/1668 685/781/1669 681/784/1670
f 687/787/1671 596/778/1672 680/777/1673 686/788/1674
f 680/777/1675 602/964/1676 688/967/1677 686/788/1678
f 688/967/1679 605/966/1680 684/785/1681 686/788/1682
s 80
usemtl lambert11SG
f 679/791/1683 622/968/1684 690/969/1685 689/792/1686
s 81
f 690/969/1687 652/970/1688 691/934/1689 689/792/1690
s 70
f 691/934/1578 653/933/1577 692/789/1691 689/792/1692
s 56
f 694/795/1693 655/880/1521 695/879/1520 693/796/1694
s 82
f 695/879/1695 625/971/1696 685/972/1697 693/796/1698
s off
f 685/972/1699 605/797/1700 696/793/1701 693/796/1702
f 688/798/1703 602/790/1704 692/789/1705 697/799/1706
s 83
f 692/789/1707 653/933/1708 698/937/1709 697/799/1710
s 71
f 698/937/1582 654/794/1581 696/793/1711 697/799/1712
s 84
usemtl lambert10SG
f 700/802/1713 620/953/1714 701/897/1715 699/803/1716
s 60
f 701/897/1538 621/896/1537 677/779/1717 699/803/1718
s off
f 677/779/1719 596/778/1720 702/800/1721 699/803/1722
s 85
f 704/806/1723 616/801/1724 702/800/1725 703/807/1726
s off
f 702/800/1727 596/778/1728 687/787/1729 703/807/1730
f 687/787/1731 598/786/1732 705/804/1733 703/807/1734
s 86
f 683/808/1735 626/965/1736 707/873/1737 706/809/1738
s 54
f 707/873/1514 627/872/1513 708/811/1739 706/809/1740
s 40
f 708/811/1450 615/805/1449 705/804/1741 706/809/1742
s 54
f 708/811/1739 627/872/1513 710/869/1743 709/812/1744
s 53
f 710/869/1510 628/868/1509 669/772/1630 709/812/1745
s 35
f 669/772/1406 612/771/1405 711/810/1746 709/812/1747
s 77
f 675/813/1645 611/816/1644 713/815/1748 712/814/1749
s 85
f 713/815/1750 616/801/1724 704/806/1723 712/814/1751
s 39
f 704/806/1442 615/805/1441 711/810/1752 712/814/1753
s 61
f 661/817/1616 619/900/1541 715/954/1754 714/818/1755
s 84
f 715/954/1756 620/953/1714 700/802/1713 714/818/1757
s 38
f 700/802/1438 616/801/1437 713/815/1758 714/818/1759
s 87
f 717/821/1760 641/973/1761 718/974/1762 716/822/1763
s off
f 718/974/1764 595/975/1765 719/976/1766 716/822/1767
s 88
f 719/976/1768 610/977/1769 720/819/1770 716/822/1771
s 43
f 722/825/1772 640/820/1461 720/819/1460 721/826/1773
s 88
f 720/819/1770 610/977/1769 723/978/1774 721/826/1775
s 89
f 723/978/1776 617/979/1777 724/823/1778 721/826/1779
s 44
f 726/829/1780 639/824/1465 724/823/1464 725/830/1781
s 89
f 724/823/1778 617/979/1777 727/980/1782 725/830/1783
s off
f 727/980/1784 597/981/1785 728/827/1786 725/830/1787
s 90
f 730/833/1788 638/828/1789 728/827/1790 729/834/1791
s off
f 728/827/1792 597/981/1793 731/982/1794 729/834/1795
f 731/982/1796 603/983/1797 732/831/1798 729/834/1799
s 58
usemtl lambert11SG
f 734/837/1800 651/888/1529 735/887/1528 733/838/1801
s 91
f 735/887/1802 637/984/1803 732/985/1804 733/838/1805
s off
f 732/985/1806 603/986/1807 736/835/1808 733/838/1809
s 92
f 738/841/1810 636/904/1811 739/903/1812 737/842/1813
s off
f 739/903/1814 607/987/1815 740/988/1816 737/842/1817
f 740/988/1818 608/989/1819 741/839/1820 737/842/1821
s 93
f 743/845/1822 634/990/1823 744/991/1824 742/846/1825
s 94
f 744/991/1826 656/992/1827 745/947/1828 742/846/1829
s 74
f 745/947/1594 657/946/1593 746/843/1830 742/846/1831
s 95
usemtl lambert10SG
f 748/849/1832 633/993/1833 749/877/1834 747/850/1835
s 55
f 749/877/1518 634/876/1517 743/994/1836 747/850/1837
s off
f 743/994/1838 604/995/1839 750/847/1840 747/850/1841
s 96
f 752/853/1842 633/993/1843 748/849/1844 751/854/1845
s off
f 748/849/1846 599/848/1847 753/996/1848 751/854/1849
s 97
f 753/996/1850 614/997/1851 754/851/1852 751/854/1853
s 49
f 756/857/1854 632/852/1493 754/851/1492 755/858/1855
s 97
f 754/851/1852 614/997/1851 757/998/1856 755/858/1857
s 98
f 757/998/1858 613/999/1859 758/855/1860 755/858/1861
s 50
f 760/861/1862 631/856/1497 758/855/1496 759/862/1863
s 98
f 758/855/1860 613/999/1859 761/1000/1864 759/862/1865
s off
f 761/1000/1866 601/1001/1867 762/859/1868 759/862/1869
s 53
f 670/865/1631 628/868/1509 764/867/1508 763/866/1870
s 50
f 764/867/1871 631/856/1497 760/861/1862 763/866/1872
s 51
f 760/861/1502 630/860/1501 765/863/1873 763/866/1874
s 54
f 710/869/1743 627/872/1513 767/871/1512 766/870/1875
s 49
f 767/871/1876 632/852/1493 756/857/1854 766/870/1877
s 50
f 756/857/1498 631/856/1497 764/867/1871 766/870/1878
s 86
f 707/873/1737 626/965/1736 769/1002/1879 768/874/1880
s 96
f 769/1002/1881 633/993/1843 752/853/1842 768/874/1882
s 49
f 752/853/1494 632/852/1493 767/871/1876 768/874/1883
s 95
f 749/877/1834 633/993/1833 769/1002/1884 770/878/1885
s 79
f 769/1002/1886 626/965/1660 682/783/1659 770/878/1887
s 36
f 682/783/1418 625/782/1417 771/875/1888 770/878/1889
s 94
usemtl lambert11SG
f 773/881/1890 656/992/1827 744/991/1826 772/882/1891
s 93
f 744/991/1824 634/990/1823 771/1003/1892 772/882/1893
s 82
f 771/1003/1894 625/971/1696 695/879/1695 772/882/1895
s 76
f 665/885/1622 623/908/1621 775/907/1896 774/886/1897
s 92
f 775/907/1898 636/904/1811 738/841/1810 774/886/1899
s 48
f 738/841/1482 635/840/1481 776/883/1900 774/886/1901
s 81
f 778/889/1902 652/970/1688 690/969/1687 777/890/1903
s 80
f 690/969/1685 622/968/1684 779/1004/1904 777/890/1905
s 91
f 779/1004/1906 637/984/1803 735/887/1802 777/890/1907
s 78
usemtl lambert10SG
f 678/893/1651 621/896/1650 781/895/1908 780/894/1909
s 90
f 781/895/1910 638/828/1789 730/833/1788 780/894/1911
s 46
f 730/833/1474 637/832/1473 779/891/1912 780/894/1913
s 84
f 701/897/1715 620/953/1714 783/950/1914 782/898/1915
s 44
f 783/950/1916 639/824/1465 726/829/1780 782/898/1917
s 45
f 726/829/1470 638/828/1469 781/895/1918 782/898/1919
s 75
f 660/901/1614 618/960/1613 785/1005/1920 784/902/1921
s 87
f 785/1005/1922 641/973/1761 717/821/1760 784/902/1923
s 43
f 717/821/1462 640/820/1461 786/899/1924 784/902/1925
s 99
usemtl lambert11SG
f 788/905/1926 643/1006/1927 789/930/1928 787/906/1929
s 69
f 789/930/1574 642/929/1573 790/1007/1930 787/906/1931
s off
f 790/1007/1932 607/987/1933 739/903/1934 787/906/1935
s 100
f 792/909/1936 644/1008/1937 793/1009/1938 791/910/1939
s 99
f 793/1009/1940 643/1006/1927 788/905/1926 791/910/1941
s 62
f 788/905/1546 636/904/1545 775/907/1942 791/910/1943
s 100
f 795/913/1944 644/1008/1937 792/909/1936 794/914/1945
s 63
f 792/909/1550 623/908/1549 664/768/1946 794/914/1947
s off
f 664/768/1948 606/767/1949 796/911/1950 794/914/1951
s 101
f 798/917/1952 645/912/1953 796/911/1954 797/918/1955
s off
f 796/911/1956 606/767/1957 667/766/1958 797/918/1959
f 667/766/1960 609/961/1961 799/915/1962 797/918/1963
s 73
f 801/920/1964 647/942/1589 802/939/1965 800/921/1966
s 72
f 802/939/1586 646/916/1585 799/915/1967 800/921/1968
s off
f 799/915/1969 609/961/1970 666/919/1971 800/921/1972
s 102
f 804/922/1973 648/1010/1974 805/943/1975 803/923/1976
s 73
f 805/943/1590 647/942/1589 801/920/1964 803/923/1977
s 66
f 801/920/1562 624/884/1561 776/883/1978 803/923/1979
s 102
f 807/926/1980 648/1010/1974 804/922/1973 806/927/1981
s 67
f 804/922/1566 635/840/1565 741/839/1982 806/927/1983
s off
f 741/839/1984 608/989/1985 808/924/1986 806/927/1987
s 99
f 789/930/1928 643/1006/1927 810/1011/1988 809/931/1989
s 58
f 810/1011/1990 651/888/1529 734/837/1800 809/931/1991
s 47
f 734/837/1478 650/836/1477 811/928/1992 809/931/1993
s 81
f 691/934/1689 652/970/1688 813/1012/1994 812/935/1995
s 100
f 813/1012/1996 644/1008/1937 795/913/1944 812/935/1997
s 64
f 795/913/1554 645/912/1553 814/932/1998 812/935/1999
s 83
f 698/937/1709 653/933/1708 814/932/2000 815/938/2001
s 101
f 814/932/2002 645/912/1953 798/917/1952 815/938/2003
s 65
f 798/917/1558 646/916/1557 816/936/2004 815/938/2005
s 73
f 802/939/1965 647/942/1589 818/941/1588 817/940/2006
s 56
f 818/941/2007 655/880/1521 694/795/1693 817/940/2008
s 37
f 694/795/1430 654/794/1429 816/936/2009 817/940/2010
s 102
f 805/943/1975 648/1010/1974 820/1013/2011 819/944/2012
s 94
f 820/1013/2013 656/992/1827 773/881/1890 819/944/2014
s 56
f 773/881/1522 655/880/1521 818/941/2007 819/944/2015
s 94
f 745/947/1828 656/992/1827 820/1013/2013 821/948/2016
s 102
f 820/1013/2011 648/1010/1974 807/926/1980 821/948/2017
s 68
f 807/926/1570 649/925/1569 822/945/2018 821/948/2019
s off
usemtl lambert10SG
f 783/950/2020 620/953/2021 824/952/2022 823/951/2023
f 824/952/2024 652/1014/2025 778/1015/2026 823/951/2027
f 778/1015/2028 651/1016/2029 825/949/2030 823/951/2031
f 715/954/2032 619/900/2033 827/956/2034 826/955/2035
f 827/956/2036 644/1017/2037 813/1018/2038 826/955/2039
f 813/1018/2040 652/1014/2041 824/952/2042 826/955/2043
f 786/899/2044 640/820/2045 829/958/2046 828/957/2047
f 829/958/2048 643/1019/2049 793/1020/2050 828/957/2051
f 793/1020/2052 644/1017/2053 827/956/2054 828/957/2055
f 722/825/2056 639/824/2057 825/949/2058 830/959/2059
f 825/949/2060 651/1016/2061 810/1021/2062 830/959/2063
f 810/1021/2064 643/1019/2065 829/958/2066 830/959/2067
f 843/1022/2068 831/1023/2069 840/1024/2070 839/1025/2071
f 847/1026/2072 833/1027/2073 842/1028/2074 844/1029/2075
f 851/1030/2076 835/1031/2077 846/1032/2078 848/1033/2079
f 854/1034/2080 837/1035/2081 850/1036/2082 852/1037/2083
f 841/1038/2084 832/1039/2085 853/1040/2086 855/1041/2087
f 851/1030/2088 837/1035/2089 854/1034/2090 856/1042/2091
f 840/1024/2092 832/1039/2093 841/1038/2094 839/1025/2095
f 841/1038/2096 834/1043/2097 842/1028/2098 839/1025/2099
f 842/1028/2100 833/1027/2101 843/1022/2102 839/1025/2103
f 842/1028/2104 834/1043/2105 845/1044/2106 844/1029/2107
f 845/1044/2108 836/1045/2109 846/1032/2110 844/1029/2111
f 846/1032/2112 835/1031/2113 847/1026/2114 844/1029/2115
f 846/1032/2116 836/1045/2117 849/1046/2118 848/1033/2119
f 849/1046/2120 838/1047/2121 850/1036/2122 848/1033/2123
f 850/1036/2124 837/1035/2125 851/1030/2126 848/1033/2127
f 850/1036/2128 838/1047/2129 853/1040/2130 852/1037/2131
f 853/1040/2132 832/1039/2133 840/1024/2134 852/1037/2135
f 840/1024/2136 831/1023/2137 854/1034/2138 852/1037/2139
f 853/1040/2140 838/1047/2141 849/1046/2142 855/1041/2143
f 849/1046/2144 836/1045/2145 845/1044/2146 855/1041/2147
f 845/1044/2148 834/1043/2149 841/1038/2150 855/1041/2151
f 854/1034/2152 831/1023/2153 843/1022/2154 856/1042/2155
f 843/1022/2156 833/1027/2157 847/1026/2158 856/1042/2159
f 847/1026/2160 835/1031/2161 851/1030/2162 856/1042/2163
f 869/1048/2164 857/1049/2165 866/1050/2166 865/1051/2167
f 873/1052/2168 859/1053/2169 868/1054/2170 870/1055/2171
f 877/1056/2172 861/1057/2173 872/1058/2174 874/1059/2175
f 880/1060/2176 863/1061/2177 876/1062/2178 878/1063/2179
f 867/1064/2180 858/1065/2181 879/1066/2182 881/1067/2183
f 877/1056/2184 863/1061/2185 880/1060/2186 882/1068/2187
f 866/1050/2188 858/1065/2189 867/1064/2190 865/1051/2191
f 867/1064/2192 860/1069/2193 868/1054/2194 865/1051/2195
f 868/1054/2196 859/1053/2197 869/1048/2198 865/1051/2199
f 868/1054/2200 860/1069/2201 871/1070/2202 870/1055/2203
f 871/1070/2204 862/1071/2205 872/1058/2206 870/1055/2207
f 872/1058/2208 861/1057/2209 873/1052/2210 870/1055/2211
f 872/1058/2212 862/1071/2213 875/1072/2214 874/1059/2215
f 875/1072/2216 864/1073/2217 876/1062/2218 874/1059/2219
f 876/1062/2220 863/1061/2221 877/1056/2222 874/1059/2223
f 876/1062/2224 864/1073/2225 879/1066/2226 878/1063/2227
f 879/1066/2228 858/1065/2229 866/1050/2230 878/1063/2231
f 866/1050/2232 857/1049/2233 880/1060/2234 878/1063/2235
f 879/1066/2236 864/1073/2237 875/1072/2238 881/1067/2239
f 875/1072/2240 862/1071/2241 871/1070/2242 881/1067/2243
f 871/1070/2244 860/1069/2245 867/1064/2246 881/1067/2247
f 880/1060/2248 857/1049/2249 869/1048/2250 882/1068/2251
f 869/1048/2252 859/1053/2253 873/1052/2254 882/1068/2255
f 873/1052/2256 861/1057/2257 877/1056/2258 882/1068/2259
f 895/1074/2260 883/1075/2261 892/1076/2262 891/1077/2263
f 899/1078/2264 885/1079/2265 894/1080/2266 896/1081/2267
f 903/1082/2268 887/1083/2269 898/1084/2270 900/1085/2271
f 906/1086/2272 889/1087/2273 902/1088/2274 904/1089/2275
f 893/1090/2276 884/1091/2277 905/1092/2278 907/1093/2279
f 903/1082/2280 889/1087/2281 906/1086/2282 908/1094/2283
f 892/1076/2284 884/1091/2285 893/1090/2286 891/1077/2287
f 893/1090/2288 886/1095/2289 894/1080/2290 891/1077/2291
f 894/1080/2292 885/1079/2293 895/1074/2294 891/1077/2295
f 894/1080/2296 886/1095/2297 897/1096/2298 896/1081/2299
f 897/1096/2300 888/1097/2301 898/1084/2302 896/1081/2303
f 898/1084/2304 887/1083/2305 899/1078/2306 896/1081/2307
f 898/1084/2308 888/1097/2309 901/1098/2310 900/1085/2311
f 901/1098/2312 890/1099/2313 902/1088/2314 900/1085/2315
f 902/1088/2316 889/1087/2317 903/1082/2318 900/1085/2319
f 902/1088/2320 890/1099/2321 905/1092/2322 904/1089/2323
f 905/1092/2324 884/1091/2325 892/1076/2326 904/1089/2327
f 892/1076/2328 883/1075/2329 906/1086/2330 904/1089/2331
f 905/1092/2332 890/1099/2333 901/1098/2334 907/1093/2335
f 901/1098/2336 888/1097/2337 897/1096/2338 907/1093/2339
f 897/1096/2340 886/1095/2341 893/1090/2342 907/1093/2343
f 906/1086/2344 883/1075/2345 895/1074/2346 908/1094/2347
f 895/1074/2348 885/1079/2349 899/1078/2350 908/1094/2351
f 899/1078/2352 887/1083/2353 903/1082/2354 908/1094/2355
f 921/1100/2356 909/1101/2357 918/1102/2358 917/1103/2359
f 925/1104/2360 911/1105/2361 920/1106/2362 922/1107/2363
f 929/1108/2364 913/1109/2365 924/1110/2366 926/1111/2367
f 932/1112/2368 915/1113/2369 928/1114/2370 930/1115/2371
f 919/1116/2372 910/1117/2373 931/1118/2374 933/1119/2375
f 929/1108/2376 915/1113/2377 932/1112/2378 934/1120/2379
f 918/1102/2380 910/1117/2381 919/1116/2382 917/1103/2383
f 919/1116/2384 912/1121/2385 920/1106/2386 917/1103/2387
f 920/1106/2388 911/1105/2389 921/1100/2390 917/1103/2391
f 920/1106/2392 912/1121/2393 923/1122/2394 922/1107/2395
f 923/1122/2396 914/1123/2397 924/1110/2398 922/1107/2399
f 924/1110/2400 913/1109/2401 925/1104/2402 922/1107/2403
f 924/1110/2404 914/1123/2405 927/1124/2406 926/1111/2407
f 927/1124/2408 916/1125/2409 928/1114/2410 926/1111/2411
f 928/1114/2412 915/1113/2413 929/1108/2414 926/1111/2415
f 928/1114/2416 916/1125/2417 931/1118/2418 930/1115/2419
f 931/1118/2420 910/1117/2421 918/1102/2422 930/1115/2423
f 918/1102/2424 909/1101/2425 932/1112/2426 930/1115/2427
f 931/1118/2428 916/1125/2429 927/1124/2430 933/1119/2431
f 927/1124/2432 914/1123/2433 923/1122/2434 933/1119/2435
f 923/1122/2436 912/1121/2437 919/1116/2438 933/1119/2439
f 932/1112/2440 909/1101/2441 921/1100/2442 934/1120/2443
f 921/1100/2444 911/1105/2445 925/1104/2446 934/1120/2447
f 925/1104/2448 913/1109/2449 929/1108/2450 934/1120/2451
f 947/1126/2452 935/1127/2453 944/1128/2454 943/1129/2455
f 951/1130/2456 937/1131/2457 946/1132/2458 948/1133/2459
f 955/1134/2460 939/1135/2461 950/1136/2462 952/1137/2463
f 958/1138/2464 941/1139/2465 954/1140/2466 956/1141/2467
f 945/1142/2468 936/1143/2469 957/1144/2470 959/1145/2471
f 955/1134/2472 941/1139/2473 958/1138/2474 960/1146/2475
f 944/1128/2476 936/1143/2477 945/1142/2478 943/1129/2479
f 945/1142/2480 938/1147/2481 946/1132/2482 943/1129/2483
f 946/1132/2484 937/1131/2485 947/1126/2486 943/1129/2487
f 946/1132/2488 938/1147/2489 949/1148/2490 948/1133/2491
f 949/1148/2492 940/1149/2493 950/1136/2494 948/1133/2495
f 950/1136/2496 939/1135/2497 951/1130/2498 948/1133/2499
f 950/1136/2500 940/1149/2501 953/1150/2502 952/1137/2503
f 953/1150/2504 942/1151/2505 954/1140/2506 952/1137/2507
f 954/1140/2508 941/1139/2509 955/1134/2510 952/1137/2511
f 954/1140/2512 942/1151/2513 957/1144/2514 956/1141/2515
f 957/1144/2516 936/1143/2517 944/1128/2518 956/1141/2519
f 944/1128/2520 935/1127/2521 958/1138/2522 956/1141/2523
f 957/1144/2524 942/1151/2525 953/1150/2526 959/1145/2527
f 953/1150/2528 940/1149/2529 949/1148/2530 959/1145/2531
f 949/1148/2532 938/1147/2533 945/1142/2534 959/1145/2535
f 958/1138/2536 935/1127/2537 947/1126/2538 960/1146/2539
f 947/1126/2540 937/1131/2541 951/1130/2542 960/1146/2543
f 951/1130/2544 939/1135/2545 955/1134/2546 960/1146/2547
