# This file uses centimeters as units for non-parametric coordinates.

mtllib scene_bridge.mtl
g default
v 1548.414062 520.864868 -219.575562
v 1549.534180 524.498901 -219.529297
v 1549.220703 524.625977 -223.726562
v 1550.421875 524.139404 -207.669067
v 1653.111328 861.556885 -219.454712
v 1653.425781 861.429565 -215.257690
v 1654.546875 865.063354 -215.211548
v 1654.313477 861.069458 -203.397217
v 1663.945312 858.226318 -220.441040
v 1660.322266 859.339844 -220.111328
v 1661.443359 862.974121 -220.065063
v 1661.757812 862.846802 -215.868042
v 1665.378906 861.733398 -216.197632
v 1664.258789 858.099243 -216.243652
v 1665.146484 857.739990 -204.383545
v 1662.645508 862.486938 -204.007935
v 1661.525391 858.853027 -204.053833
v 1555.310547 518.775513 -224.429077
v 1556.431641 522.409546 -224.383057
v 1560.052734 521.296387 -224.712769
v 1560.367188 521.169067 -220.515381
v 1559.246094 517.534912 -220.561401
v 1555.625000 518.648193 -220.231934
v 1556.512695 518.288391 -208.371826
v 1561.255859 520.809082 -208.655518
v 1557.632812 521.922485 -208.325562
v 1548.099609 520.992188 -223.772705
v 1549.300781 520.505127 -207.715210
v 1654.232422 865.190674 -219.408813
v 1655.433594 864.703613 -203.351318
v 1665.065430 861.860718 -220.395020
v 1666.267578 861.373657 -204.337524
v 1558.932617 517.662231 -224.758789
v 1560.134766 517.175171 -208.701416
v 1561.120117 524.861084 -540.277954
v 1598.519531 524.861084 -486.823853
v 1561.120117 590.099854 -540.277954
v 1598.519531 590.099854 -486.823853
v 1565.242188 590.099854 -543.161743
v 1602.641602 590.099854 -489.707642
v 1565.242188 524.861084 -543.161743
v 1602.641602 524.861084 -489.707642
v 1502.211914 524.861084 -499.061157
v 1539.611328 524.861084 -445.607056
v 1502.211914 590.099854 -499.061157
v 1539.611328 590.099854 -445.607056
v 1506.333984 590.099854 -501.945923
v 1543.734375 590.099854 -448.491821
v 1506.333984 524.861084 -501.945923
v 1543.734375 524.861084 -448.491821
v 1548.944336 524.861084 -445.812134
v 1602.398438 524.861084 -483.212524
v 1548.944336 590.099854 -445.812134
v 1602.398438 590.099854 -483.212524
v 1546.060547 590.099854 -449.934204
v 1599.513672 590.099854 -487.334595
v 1546.060547 524.861084 -449.934204
v 1599.513672 524.861084 -487.334595
v 1508.406250 524.861084 -503.750610
v 1561.859375 524.861084 -541.151001
v 1508.406250 590.099854 -503.750610
v 1561.859375 590.099854 -541.151001
v 1505.522461 590.099854 -507.871704
v 1558.976562 590.099854 -545.272095
v 1505.522461 524.861084 -507.871704
v 1558.976562 524.861084 -545.272095
v 1491.574219 522.101685 -505.378540
v 1541.569336 522.101685 -433.924438
v 1491.574219 529.839233 -505.378540
v 1541.569336 529.839233 -433.924438
v 1563.029297 529.839233 -555.373657
v 1613.025391 529.839233 -483.919556
v 1563.029297 522.101685 -555.373657
v 1613.025391 522.101685 -483.919556
v 1504.734375 529.839233 -514.585571
v 1554.728516 529.839233 -443.131470
v 1549.870117 529.839233 -546.166626
v 1599.865234 529.839233 -474.712524
v 1500.781250 522.101685 -492.219360
v 1500.781250 529.839233 -492.219360
v 1513.941406 529.839233 -501.426392
v 1559.077148 529.839233 -533.007446
v 1572.236328 529.839233 -542.214478
v 1572.236328 522.101685 -542.214478
v 1532.361328 522.101685 -447.083618
v 1532.361328 529.839233 -447.083618
v 1545.521484 529.839233 -456.290649
v 1590.658203 529.839233 -487.871704
v 1603.818359 529.839233 -497.078735
v 1603.818359 522.101685 -497.078735
v 1552.162109 529.839233 -545.762329
v 1559.482422 529.839233 -535.300415
v 1569.943359 529.839233 -542.620728
v 1562.624023 529.839233 -553.082642
v 1493.867188 529.839233 -504.974243
v 1501.186523 529.839233 -494.512329
v 1511.648438 529.839233 -501.832642
v 1504.328125 529.839233 -512.294556
v 1534.654297 529.839233 -446.678345
v 1545.116211 529.839233 -453.998657
v 1541.974609 529.839233 -436.216431
v 1552.435547 529.839233 -443.536743
v 1592.951172 529.839233 -487.466431
v 1603.412109 529.839233 -494.786743
v 1600.269531 529.839233 -477.004517
v 1610.731445 529.839233 -484.324829
v 1552.162109 587.026978 -545.762329
v 1559.482422 587.026978 -535.300415
v 1569.943359 587.026978 -542.620728
v 1562.624023 587.026978 -553.082642
v 1493.867188 587.026978 -504.974243
v 1501.186523 587.026978 -494.512329
v 1511.648438 587.026978 -501.832642
v 1504.328125 587.026978 -512.294556
v 1534.654297 587.026978 -446.678345
v 1545.116211 587.026978 -453.998657
v 1541.974609 587.026978 -436.216431
v 1552.435547 587.026978 -443.536743
v 1592.951172 587.026978 -487.466431
v 1603.412109 587.026978 -494.786743
v 1600.269531 587.026978 -477.004517
v 1610.731445 587.026978 -484.324829
v 1550.203125 587.026978 -546.108032
v 1559.136719 587.026978 -533.340454
v 1571.904297 587.026978 -542.274048
v 1562.970703 587.026978 -555.041626
v 1491.907227 587.026978 -505.319946
v 1500.839844 587.026978 -492.552368
v 1513.607422 587.026978 -501.485962
v 1504.674805 587.026978 -514.253540
v 1532.695312 587.026978 -447.024048
v 1545.462891 587.026978 -455.957642
v 1541.627930 587.026978 -434.256470
v 1554.395508 587.026978 -443.190063
v 1590.991211 587.026978 -487.812134
v 1603.758789 587.026978 -496.745728
v 1599.923828 587.026978 -475.044556
v 1612.691406 587.026978 -483.978149
v 1550.203125 595.729126 -546.108032
v 1559.136719 595.729126 -533.340454
v 1571.904297 595.729126 -542.274048
v 1562.970703 595.729126 -555.041626
v 1491.907227 595.729126 -505.319946
v 1500.839844 595.729126 -492.552368
v 1513.607422 595.729126 -501.485962
v 1504.674805 595.729126 -514.253540
v 1532.695312 595.729126 -447.024048
v 1545.462891 595.729126 -455.957642
v 1541.627930 595.729126 -434.256470
v 1554.395508 595.729126 -443.190063
v 1590.991211 595.729126 -487.812134
v 1603.758789 595.729126 -496.745728
v 1599.923828 595.729126 -475.044556
v 1612.691406 595.729126 -483.978149
v 1013.357422 38.520370 -92.745605
v 897.372070 521.982239 -97.452515
v 1013.357422 521.982239 -92.745605
v 921.659180 521.982239 -695.912842
v 1037.644531 521.982239 -691.206116
v 1037.644531 38.520370 -691.206116
v 897.372070 441.915253 -97.452515
v 921.659180 441.915253 -695.912842
v 1096.224609 408.320557 -688.828857
v 1071.937500 408.320557 -90.368286
v 897.372070 309.259064 -97.452515
v 921.659180 309.259064 -695.912842
v 1037.644531 309.259064 -691.206116
v 1013.357422 309.259064 -92.745605
v 1199.658203 465.553436 -684.631348
v 1175.371094 465.553436 -86.171021
v 1175.370117 521.982239 -86.171021
v 1199.657227 521.982239 -684.631348
v 1432.904297 38.520370 -75.719849
v 1548.887695 521.982239 -71.013062
v 1432.904297 521.982239 -75.719849
v 1573.174805 521.982239 -669.473572
v 1457.190430 521.982239 -674.180420
v 1457.190430 38.520370 -674.180420
v 1548.887695 441.915253 -71.013062
v 1573.174805 441.915253 -669.473572
v 1398.609375 408.320557 -676.557617
v 1374.322266 408.320557 -78.097290
v 1548.887695 309.259064 -71.013062
v 1573.174805 309.259064 -669.473572
v 1457.190430 309.259064 -674.180420
v 1432.904297 309.259064 -75.719849
v 1295.176758 465.553436 -680.755066
v 1270.890625 465.553436 -82.294678
v 1270.890625 521.982239 -82.294678
v 1295.176758 521.982239 -680.755066
v 821.507812 441.915253 -100.531128
v 845.794922 441.915253 -698.991577
v 821.507812 521.982239 -100.531128
v 845.794922 521.982239 -698.991577
v 1649.039062 521.982239 -666.394958
v 1649.039062 441.915253 -666.394958
v 1624.751953 521.982239 -67.934448
v 1624.751953 441.915253 -67.934448
v 897.373047 146.815857 -97.452515
v 921.659180 146.815826 -695.912842
v 1037.644531 146.815826 -691.206116
v 1013.357422 146.815857 -92.745483
v 1432.904297 146.815857 -75.719849
v 1457.190430 146.815826 -674.180420
v 1573.174805 146.815826 -669.473572
v 1548.887695 146.815857 -71.013062
v 854.406250 31.635252 -49.395264
v 1014.081055 31.635252 -43.897461
v 1014.081055 153.700974 -43.897339
v 854.407227 153.700974 -49.395264
v 881.781250 153.700943 -748.412598
v 1012.514648 153.700943 -742.915039
v 1012.514648 31.635252 -742.915039
v 881.781250 31.635252 -748.412598
v 1588.764648 31.635252 -18.513306
v 1588.764648 153.700974 -18.513306
v 1429.090820 153.700974 -24.010986
v 1429.090820 31.635252 -24.010986
v 1485.408203 153.700943 -723.028564
v 1616.139648 153.700943 -717.530884
v 1616.139648 31.635252 -717.530884
v 1485.408203 31.635252 -723.028564
v 921.659180 473.942017 -695.912842
v 845.794922 473.942017 -698.991577
v 821.507812 473.942047 -100.531128
v 897.372070 473.942047 -97.452515
v 1069.252930 452.900635 -91.319214
v 1175.371094 502.285980 -86.171021
v 1270.890625 502.285980 -82.294678
v 1379.706055 452.900635 -77.146362
v 1548.887695 473.942047 -71.013062
v 1624.751953 473.942047 -67.934448
v 1649.039062 473.942017 -666.394958
v 1573.174805 473.942017 -669.473572
v 1401.294922 437.066467 -675.606750
v 1295.176758 502.285980 -680.755066
v 1199.658203 502.285980 -684.631348
v 1090.840820 437.066467 -689.779724
v 1434.471680 415.222260 -675.102295
v 1515.182617 309.259064 -671.826965
v 1515.182617 146.815826 -671.826965
v 1057.009766 415.867340 -690.420227
v 979.651367 309.259064 -693.559509
v 979.651367 146.815826 -693.559509
v 975.802734 309.259064 -95.098999
v 971.993164 146.815857 -95.098999
v 1474.267578 146.815857 -73.366455
v 1470.458008 309.259064 -73.366455
v 1069.252930 452.900635 -73.042725
v 975.802734 309.259064 -76.822510
v 1013.357422 309.259064 -74.469116
v 1071.937500 408.320557 -72.091797
v 971.993164 146.815857 -76.822510
v 1013.357422 146.815857 -74.468994
v 1474.267578 146.815857 -55.089966
v 1432.904297 146.815857 -57.443359
v 1470.458008 309.259064 -55.089966
v 1432.904297 309.259064 -57.443359
v 1175.371094 502.285980 -67.894531
v 1175.371094 465.553436 -67.894531
v 1270.890625 502.285980 -64.018188
v 1270.890625 465.553436 -64.018188
v 1379.706055 452.900635 -58.869873
v 1374.322266 408.320557 -59.820801
v 1457.190430 179.304474 -674.180420
v 1432.904297 179.304504 -75.719849
v 1432.904297 179.304504 -57.443359
v 1473.505859 179.304504 -55.089966
v 1473.505859 179.304504 -73.366455
v 1548.887695 179.304504 -71.013062
v 1573.174805 179.304474 -669.473572
v 1515.182617 179.304474 -671.826965
v 1457.190430 270.272705 -674.180420
v 1432.904297 270.272705 -75.719849
v 1432.904297 270.272705 -57.443359
v 1471.372070 270.272705 -55.089966
v 1471.372070 270.272705 -73.366455
v 1548.887695 270.272705 -71.013062
v 1573.174805 270.272705 -669.473572
v 1515.182617 270.272705 -671.826965
v 921.659180 179.304474 -695.912842
v 897.373047 179.304504 -97.452515
v 972.754883 179.304504 -95.098999
v 972.754883 179.304504 -76.822510
v 1013.357422 179.304504 -74.468994
v 1013.357422 179.304504 -92.745483
v 1037.644531 179.304474 -691.206116
v 979.651367 270.272705 -693.559509
v 921.659180 270.272705 -695.912842
v 897.372070 270.272705 -97.452515
v 974.888672 270.272705 -95.098999
v 974.888672 270.272705 -76.822510
v 1013.357422 270.272705 -74.469116
v 1013.357422 270.272705 -92.745605
v 1037.644531 270.272705 -691.206116
v 979.651367 179.304474 -693.559509
v 1484.957031 179.304474 -673.689514
v 1459.049805 179.304504 -75.229004
v 1459.049805 270.272705 -75.229004
v 1484.957031 270.272705 -673.689514
v 983.974609 179.304504 -93.302002
v 1009.881836 179.304474 -691.762634
v 1009.881836 270.272705 -691.762634
v 983.974609 270.272705 -93.302124
v 934.244141 92.668015 -46.646240
v 934.244141 31.635252 -46.646362
v 1014.081055 92.668114 -43.897339
v 934.244141 153.700974 -46.646362
v 854.406250 92.668114 -49.395264
v 967.506836 521.982178 -394.329224
v 955.365234 521.982239 -95.098999
v 1025.500977 521.982239 -391.975830
v 979.652344 521.982239 -693.559509
v 909.515625 521.982239 -396.682678
v 947.148438 92.668098 -745.663879
v 947.148438 153.700943 -745.663818
v 1012.514648 92.668098 -742.915039
v 947.148438 31.635252 -745.663818
v 881.781250 92.668098 -748.412598
v 1025.500977 92.668114 -391.975708
v 1025.500977 38.520370 -391.975830
v 1037.644531 92.668098 -691.206116
v 1025.500977 146.815842 -391.975769
v 1013.357422 92.668114 -92.745483
v 868.093750 92.668106 -398.903870
v 868.093750 31.635252 -398.903870
v 868.093750 153.700958 -398.903870
v 833.651367 497.962097 -399.761353
v 833.651367 473.942017 -399.761292
v 821.507812 497.962128 -100.531128
v 833.651367 521.982239 -399.761292
v 845.794922 497.962097 -698.991577
v 1003.189453 483.300751 -692.833130
v 1064.242188 479.524353 -690.492920
v 1006.250000 455.504242 -692.846252
v 921.659180 497.962097 -695.912842
v 978.108398 488.269379 -94.434814
v 983.312500 463.421326 -94.385864
v 1041.304688 487.441406 -92.032349
v 897.372070 497.962128 -97.452515
v 1135.797852 436.937012 -387.499878
v 1084.081055 408.320557 -389.598572
v 1147.941406 436.937012 -686.730103
v 1187.514648 465.553436 -385.401184
v 1123.654297 436.937012 -88.269653
v 1117.478516 494.868805 -688.169739
v 1145.250000 469.676208 -687.205505
v 1118.650391 521.982239 -687.918762
v 1199.658203 512.134094 -684.631348
v 1106.507812 521.982239 -388.688477
v 1094.363281 521.982239 -89.458374
v 1187.513672 521.982239 -385.401184
v 1094.762695 500.159943 -89.665649
v 1122.312500 477.593323 -88.745117
v 1175.371094 512.134094 -86.171021
v 909.515625 375.587189 -396.682739
v 909.515625 441.915253 -396.682678
v 921.659180 375.587158 -695.912842
v 909.515625 309.259064 -396.682678
v 897.372070 375.587158 -97.452515
v 973.256836 379.469269 -693.818970
v 989.333984 428.891296 -693.166565
v 1018.330078 362.563202 -691.989868
v 950.655273 309.259064 -694.736145
v 1054.791016 358.789795 -390.787231
v 1042.647461 358.789795 -91.557007
v 1025.500977 309.259064 -391.975830
v 1066.934570 358.789795 -690.017517
v 1031.777344 372.794556 -74.203369
v 1022.527344 381.079834 -74.932617
v 994.580078 309.259064 -75.645874
v 1042.647461 358.789795 -73.280396
v 1070.595703 430.610596 -72.567261
v 1235.274414 465.553467 -383.462769
v 1247.417969 465.553436 -682.693176
v 1283.033203 465.553436 -381.524841
v 1223.130859 465.553436 -84.232788
v 1223.130859 512.134094 -84.232910
v 1223.130859 502.285980 -84.232788
v 1270.890625 512.134094 -82.294678
v 1223.130859 521.982239 -84.232788
v 1235.274414 521.982239 -383.462769
v 1283.033203 521.982239 -381.524841
v 1247.416992 521.982239 -682.693176
v 1247.417969 512.134155 -682.693176
v 1247.417969 502.285980 -682.693176
v 1295.176758 512.134094 -680.755066
v 1508.927734 92.668114 -21.262085
v 1588.764648 92.668114 -18.513306
v 1508.927734 153.700974 -21.262085
v 1429.090820 92.668114 -24.010986
v 1508.927734 31.635252 -21.262085
v 1503.039062 521.982239 -372.596924
v 1561.031250 521.982239 -370.243286
v 1515.182617 521.982239 -671.826965
v 1445.046875 521.982239 -374.950134
v 1490.896484 521.982239 -73.366455
v 1550.774414 92.668106 -720.279724
v 1550.773438 153.700943 -720.279724
v 1616.139648 92.668098 -717.530884
v 1550.773438 31.635252 -720.279724
v 1485.408203 92.668098 -723.028564
v 1445.045898 92.668106 -374.950134
v 1432.904297 92.668114 -75.719849
v 1445.046875 146.815842 -374.950134
v 1457.190430 92.668098 -674.180420
v 1445.046875 38.520370 -374.950134
v 1602.452148 92.668106 -368.022034
v 1602.452148 153.700958 -368.022034
v 1602.452148 31.635252 -368.022034
v 1636.895508 497.962067 -367.164734
v 1636.895508 473.942017 -367.164673
v 1649.039062 497.962097 -666.394958
v 1636.895508 521.982239 -367.164673
v 1624.751953 497.962128 -67.934448
v 1490.577148 483.122253 -672.560974
v 1573.174805 497.962097 -669.473572
v 1487.234375 455.504242 -672.540161
v 1429.242188 479.524353 -674.893616
v 1469.260742 488.430084 -74.020752
v 1464.296875 463.421326 -74.079712
v 1548.887695 497.962128 -71.013062
v 1406.304688 487.441406 -76.433105
v 1334.750000 436.937042 -379.426331
v 1322.606445 436.937012 -80.195923
v 1346.892578 436.937012 -678.656311
v 1386.465820 408.320557 -377.327454
v 1376.955078 494.956299 -677.203003
v 1348.236328 469.676208 -678.180908
v 1376.183594 521.982239 -677.467712
v 1364.041016 521.982239 -378.237427
v 1351.897461 521.982239 -79.007202
v 1351.813477 500.072449 -78.815796
v 1325.298828 477.593323 -79.720581
v 1561.031250 375.587158 -370.243286
v 1548.887695 375.587158 -71.013062
v 1561.031250 309.259064 -370.243286
v 1573.174805 375.587158 -669.473572
v 1561.031250 441.915253 -370.243286
v 1415.756836 358.789825 -376.138611
v 1427.900391 358.789795 -675.369019
v 1445.046875 309.259064 -374.950134
v 1403.613281 358.789795 -76.908569
v 1454.788086 357.394501 -674.277893
v 1474.827148 362.240662 -673.464661
v 1486.186523 309.259064 -673.003723
v 1416.541016 411.771423 -675.829956
v 871.583008 441.915222 -398.222046
v 859.439453 441.915253 -98.991821
v 833.651367 441.915253 -399.761292
v 883.726562 441.915253 -697.452209
v 859.439453 497.962128 -98.991943
v 859.439453 473.942047 -98.991821
v 859.439453 521.982239 -98.991821
v 871.583008 521.982178 -398.222046
v 883.726562 521.982239 -697.452209
v 883.727539 497.962158 -697.452148
v 883.726562 473.942017 -697.452209
v 1611.106445 497.962097 -667.934265
v 1611.107422 473.942017 -667.934265
v 1611.107422 521.982239 -667.934265
v 1598.962891 521.982178 -368.703979
v 1586.820312 521.982239 -69.473755
v 1586.820312 497.962128 -69.473633
v 1586.820312 473.942047 -69.473755
v 1598.962891 441.915253 -368.703979
v 1611.107422 441.915253 -667.934265
v 1636.895508 441.915253 -367.164673
v 1586.820312 441.915253 -69.473755
v 909.516602 289.765900 -396.682617
v 909.515625 270.272705 -396.682678
v 897.372070 289.765869 -97.452515
v 921.659180 289.765869 -695.912842
v 950.656250 289.765900 -694.736084
v 979.651367 289.765869 -693.559509
v 950.655273 270.272705 -694.736145
v 1025.500977 289.765900 -391.975891
v 1025.500977 270.272705 -391.975830
v 1037.644531 289.765869 -691.206116
v 1013.357422 289.765869 -92.745605
v 994.348633 289.650513 -75.645874
v 975.345703 289.765869 -76.822510
v 994.123047 270.272705 -75.645874
v 1013.357422 289.765869 -74.469116
v 1445.046875 289.765900 -374.950134
v 1445.046875 270.272705 -374.950134
v 1432.904297 289.765869 -75.719849
v 1457.190430 289.765869 -674.180420
v 1445.975586 224.788605 -75.474609
v 1432.904297 224.788605 -75.719849
v 1445.976562 270.272705 -75.474487
v 1459.049805 224.788605 -75.229004
v 1445.976562 179.304504 -75.474487
v 1561.031250 289.765900 -370.243286
v 1561.031250 270.272705 -370.243286
v 1573.174805 289.765869 -669.473572
v 1548.887695 289.765869 -71.013062
v 1451.912109 289.650513 -56.266602
v 1452.138672 270.272705 -56.266724
v 1470.915039 289.765869 -55.089966
v 1451.681641 309.259064 -56.266724
v 1432.904297 289.765869 -57.443359
v 1013.734375 92.668106 -67.299316
v 1013.718750 150.258423 -68.321411
v 1013.718750 35.077812 -68.321533
v 947.508789 151.054428 -726.129211
v 950.655273 146.815826 -694.736145
v 996.083008 150.258392 -718.237244
v 901.720703 150.258392 -722.162720
v 1024.581055 92.668106 -718.089050
v 1025.080078 35.077812 -717.060608
v 1025.080078 150.258392 -717.060608
v 887.360352 150.500641 -398.201843
v 909.515625 146.815842 -396.682678
v 875.890625 150.258423 -73.423950
v 1430.918945 92.668114 -48.802490
v 1430.998047 35.077812 -49.865356
v 1430.998047 150.258423 -49.865356
v 1471.864258 92.668106 -699.582092
v 1471.298828 150.258392 -698.604492
v 1471.298828 35.077812 -698.604492
v 1583.185547 150.500641 -368.724243
v 1561.031250 146.815842 -370.243286
v 1568.826172 150.258423 -44.763184
v 1594.657227 150.258392 -693.502258
v 883.727539 457.928680 -697.452148
v 921.659180 457.928650 -695.912842
v 845.794922 457.928650 -698.991577
v 833.652344 457.928650 -399.761292
v 821.507812 457.928650 -100.531128
v 859.439453 457.928650 -98.991821
v 897.372070 457.928650 -97.452515
v 1121.671875 456.525055 -70.288574
v 1122.312500 477.593323 -70.468628
v 1123.654297 436.937012 -69.993164
v 1175.371094 483.919708 -67.894531
v 1223.130859 483.919708 -65.956299
v 1223.130859 502.285980 -65.956421
v 1223.130859 465.553436 -65.956421
v 1270.890625 483.919708 -64.018188
v 1325.317383 456.666901 -61.620972
v 1325.298828 477.593323 -61.443970
v 1322.606445 436.937012 -61.919556
v 1377.013672 430.610596 -59.345337
v 1586.819336 457.928650 -69.473755
v 1548.887695 457.928650 -71.013062
v 1624.751953 457.928650 -67.934448
v 1636.895508 457.928711 -367.164673
v 1649.039062 457.928650 -666.394958
v 1611.107422 457.928650 -667.934204
v 1573.174805 457.928650 -669.473572
v 1346.246094 454.423401 -678.473083
v 1295.176758 483.919708 -680.755066
v 1399.952148 422.693512 -676.082214
v 1247.418945 483.919739 -682.693237
v 1199.658203 483.919708 -684.631348
v 1147.832031 454.498169 -686.918335
v 1093.533203 422.693512 -689.304260
v 1000.141602 443.099884 -692.931702
v 1073.925781 426.466919 -690.099976
v 1493.255859 442.917694 -672.483459
v 1503.823242 428.568756 -672.287903
v 1417.882812 426.144348 -675.354553
v 1520.325195 379.587860 -671.618225
v 1544.178711 309.259064 -670.650269
v 1544.178711 289.765900 -670.650208
v 1544.178711 270.272705 -670.650269
v 1515.182617 289.765869 -671.826965
v 1549.025391 151.058289 -701.198242
v 1500.294922 150.258392 -697.427795
v 1544.178711 146.815826 -670.650269
v 1039.677734 358.072754 -691.123596
v 1076.617188 412.093933 -689.624573
v 1008.648438 309.259064 -692.382812
v 994.767578 224.788589 -692.661072
v 1009.881836 224.788589 -691.762634
v 994.766602 179.304474 -692.661072
v 979.651367 224.788589 -693.559509
v 994.766602 270.272705 -692.661072
v 936.362305 289.841980 -96.275757
v 936.130859 270.272705 -96.275757
v 975.345703 289.765869 -95.098999
v 936.587891 309.259064 -96.275757
v 934.702148 151.059204 -65.679199
v 993.037109 150.258423 -69.498169
v 934.683594 146.815857 -96.275757
v 1509.790039 151.054672 -40.841431
v 1511.578125 146.815857 -72.189819
v 1451.679688 150.258423 -48.688721
v 1509.898438 289.842010 -72.189697
v 1470.915039 289.765869 -73.366455
v 1510.129883 270.272705 -72.189819
v 1509.672852 309.259064 -72.189819
v 1415.209961 372.800171 -57.713257
v 1403.613281 358.789795 -58.632080
v 1425.082031 381.079834 -56.979858
v 1022.527344 381.079803 -84.070923
v 1022.527344 381.079834 -93.209106
v 975.802734 309.259064 -85.960815
v 1069.252930 452.900635 -82.181030
v 1042.646484 358.789795 -82.418701
v 1071.937500 408.320557 -81.230103
v 1013.357422 309.259064 -83.607300
v 975.345703 289.765869 -85.960693
v 974.888672 270.272705 -85.960815
v 992.676758 146.815857 -84.783936
v 992.675781 146.815857 -93.922241
v 1013.357422 146.815857 -83.607300
v 992.675781 146.815857 -75.645752
v 971.993164 146.815857 -85.960815
v 1013.357422 289.765869 -83.607422
v 1013.357422 270.272705 -83.607300
v 1453.586914 146.815857 -65.404907
v 1453.585938 146.815857 -74.543091
v 1474.267578 146.815857 -64.228149
v 1453.585938 146.815857 -56.266724
v 1432.904297 146.815857 -66.581665
v 1470.915039 289.765869 -64.228149
v 1471.372070 270.272705 -64.228149
v 1470.458008 309.259064 -64.228149
v 1432.904297 289.765869 -66.581665
v 1432.904297 270.272705 -66.581665
v 1432.904297 309.259064 -66.581665
v 1122.311523 477.593292 -79.606934
v 1175.371094 502.285980 -77.032837
v 1123.654297 436.937012 -79.131348
v 1175.371094 465.553436 -77.032837
v 1223.130859 502.285980 -75.094482
v 1270.890625 502.285980 -73.156372
v 1223.130859 465.553467 -75.094604
v 1270.890625 465.553436 -73.156372
v 1325.298828 477.593353 -70.582275
v 1379.706055 452.900635 -68.008179
v 1322.605469 436.937012 -71.057739
v 1374.322266 408.320557 -68.959106
v 1403.612305 358.789795 -67.770386
v 1425.082031 381.079834 -66.118164
v 1425.082031 381.079834 -75.256470
v 1445.046875 163.060150 -374.950195
v 1432.904297 163.060181 -75.719849
v 1445.046875 179.304489 -374.950134
v 1457.190430 163.060150 -674.180420
v 1432.904297 163.060196 -66.581665
v 1432.904297 179.304504 -66.581665
v 1432.904297 163.060181 -57.443359
v 1453.397461 162.976196 -56.266602
v 1473.886719 163.060181 -55.089966
v 1453.205078 179.304504 -56.266724
v 1473.886719 163.060181 -64.228149
v 1473.886719 163.060181 -73.366455
v 1473.505859 179.304504 -64.228149
v 1511.385742 163.117691 -72.189819
v 1511.197266 179.304504 -72.189819
v 1548.887695 163.060181 -71.013062
v 1561.031250 163.060150 -370.243286
v 1573.174805 163.060150 -669.473572
v 1561.031250 179.304489 -370.243286
v 1544.178711 163.060165 -670.650208
v 1544.178711 179.304474 -670.650269
v 1515.182617 163.060150 -671.826965
v 1458.541992 270.272736 -375.092102
v 1471.074219 270.272705 -673.934998
v 1472.003906 270.272705 -374.459229
v 1472.003906 224.788605 -374.459229
v 1472.003906 179.304489 -374.459229
v 1484.957031 224.788589 -673.689514
v 1432.903320 224.788605 -66.581665
v 1432.904297 224.788605 -57.443359
v 1452.677734 224.417664 -56.266602
v 1472.439453 224.788605 -55.089966
v 1472.439453 224.788605 -64.228149
v 1472.439453 224.788605 -73.366455
v 1510.657227 225.078217 -72.189941
v 1548.887695 224.788605 -71.013062
v 1561.031250 224.788605 -370.243286
v 1573.174805 224.788589 -669.473572
v 1544.178711 224.788605 -670.650269
v 1515.182617 224.788589 -671.826965
v 1500.069336 224.788589 -672.758179
v 1500.070312 270.272705 -672.758240
v 1500.070312 179.304474 -672.758240
v 909.515625 163.060165 -396.682678
v 897.373047 163.060181 -97.452515
v 909.515625 179.304489 -396.682678
v 921.659180 163.060150 -695.912842
v 934.876953 163.117691 -96.275757
v 972.374023 163.060181 -95.098999
v 935.064453 179.304504 -96.275757
v 972.375000 163.060196 -85.960693
v 972.754883 179.304504 -85.960815
v 972.374023 163.060181 -76.822510
v 992.864258 162.976196 -75.645752
v 993.056641 179.304504 -75.645752
v 1013.357422 163.060181 -74.468994
v 1013.357422 163.060181 -83.607300
v 1013.357422 163.060181 -92.745483
v 1013.357422 179.304504 -83.607300
v 1025.500000 163.060165 -391.975769
v 1037.644531 163.060150 -691.206116
v 1025.500977 179.304489 -391.975769
v 1011.197266 270.272705 -391.867981
v 998.666016 270.272705 -93.023804
v 996.927734 270.272705 -392.532349
v 1023.763672 270.272705 -691.484375
v 950.655273 163.060165 -694.736145
v 950.655273 179.304474 -694.736145
v 979.651367 163.060150 -693.559509
v 909.515625 224.788589 -396.682678
v 897.373047 224.788605 -97.452515
v 921.659180 224.788589 -695.912842
v 935.604492 225.078369 -96.275757
v 973.822266 224.788605 -95.098999
v 973.821289 224.788620 -85.960815
v 973.822266 224.788605 -76.822510
v 993.583008 224.417664 -75.645996
v 1013.357422 224.788605 -74.469116
v 1013.357422 224.788589 -83.607300
v 1013.357422 224.788605 -92.745483
v 996.926758 224.788574 -392.532410
v 996.927734 179.304489 -392.532288
v 983.974609 224.788605 -93.302124
v 998.666992 224.788620 -93.023804
v 998.666016 179.304504 -93.023804
v 950.655273 224.788605 -694.736145
v 1458.541992 179.304489 -375.092102
v 1471.074219 179.304474 -673.934998
v 1011.198242 179.304489 -391.867920
v 1023.763672 179.304474 -691.484375
v 999.424805 149.352295 -75.557983
v 1445.451172 149.372528 -55.724365
v 1486.159180 149.113373 -689.687378
v 1486.186523 146.815826 -673.003723
v 1412.490234 420.201050 -675.719604
v 1080.167969 420.192963 -689.712585
v 1009.793945 149.120773 -709.305542
v 1008.648438 146.815826 -692.382812
v 1482.844727 398.459229 -73.302979
v 964.433594 398.711884 -95.154175
v 1481.607422 160.038269 -673.330566
v 1500.070312 163.060150 -672.758240
v 1505.036133 284.790009 -672.452209
v 1500.070312 289.765869 -672.758240
v 990.185547 167.649719 -692.933350
v 994.766602 163.060150 -692.661072
v 1013.613281 293.154144 -692.055054
v 994.766602 289.765869 -692.661072
v 989.798828 284.789948 -692.956299
v 1013.228516 160.037888 -692.070496
v 1504.651367 167.649643 -672.475952
v 1481.221680 293.153717 -673.346008
v 1269.344727 644.965881 -633.357544
v 1273.481445 638.775879 -633.357544
v 1279.670898 634.640015 -633.358276
v 1286.972656 633.186890 -633.357544
v 1294.275391 634.640015 -633.357544
v 1300.464844 638.775879 -633.358276
v 1304.601562 644.965881 -633.358276
v 1306.053711 652.268372 -633.357544
v 1304.601562 659.569885 -633.358276
v 1300.464844 665.760071 -633.358276
v 1294.275391 669.896912 -633.357544
v 1286.972656 671.348877 -633.357544
v 1279.670898 669.896912 -633.358276
v 1273.480469 665.760071 -633.357544
v 1269.343750 659.569885 -633.357544
v 1267.891602 652.268372 -633.357544
v 1269.344727 644.965881 -544.711060
v 1273.481445 638.775879 -544.711060
v 1279.670898 634.640015 -544.711060
v 1286.972656 633.186890 -544.711060
v 1294.275391 634.640015 -544.711060
v 1300.464844 638.775879 -544.711060
v 1304.601562 644.965881 -544.711060
v 1306.053711 652.268372 -544.711060
v 1304.601562 659.569885 -544.711060
v 1300.464844 665.760071 -544.711060
v 1294.275391 669.896912 -544.711060
v 1286.972656 671.348877 -544.711060
v 1279.670898 669.896912 -544.711060
v 1273.480469 665.760071 -544.711060
v 1269.343750 659.569885 -544.711060
v 1267.891602 652.268372 -544.711060
v 1286.972656 652.268372 -633.357544
v 1268.274414 644.965881 -540.029175
v 1272.279297 638.775879 -538.993042
v 1278.271484 634.640015 -537.440063
v 1285.340820 633.186890 -535.608032
v 1292.409180 634.640015 -533.775513
v 1298.400391 638.775879 -532.223022
v 1302.406250 644.965881 -531.186157
v 1303.810547 652.268372 -530.821411
v 1302.406250 659.569885 -531.186157
v 1298.400391 665.760071 -532.223022
v 1292.409180 669.896912 -533.775513
v 1285.340820 671.348877 -535.608032
v 1278.270508 669.896912 -537.440063
v 1272.279297 665.760071 -538.993042
v 1268.273438 659.569885 -540.029175
v 1266.870117 652.268372 -540.394897
v 1265.501953 644.965881 -535.067993
v 1269.027344 638.775879 -532.905396
v 1274.303711 634.640015 -529.668823
v 1280.529297 633.186890 -525.850220
v 1286.752930 634.640015 -522.032349
v 1292.029297 638.775879 -518.795044
v 1295.555664 644.965881 -516.632446
v 1296.792969 652.268372 -515.873901
v 1295.555664 659.569885 -516.632446
v 1292.029297 665.760071 -518.795044
v 1286.752930 669.896912 -522.032349
v 1280.529297 671.348877 -525.850220
v 1274.303711 669.896912 -529.668823
v 1269.027344 665.760071 -532.905396
v 1265.501953 659.569885 -535.067993
v 1264.262695 652.268372 -535.827271
v 1261.662109 644.965881 -532.016479
v 1263.907227 638.775879 -528.542358
v 1267.267578 634.640015 -523.344360
v 1271.230469 633.186890 -517.212524
v 1275.195312 634.640015 -511.079956
v 1278.556641 638.775879 -505.881958
v 1280.801758 644.965881 -502.406616
v 1281.589844 652.268372 -501.188354
v 1280.801758 659.569885 -502.406616
v 1278.556641 665.760071 -505.881958
v 1275.195312 669.896912 -511.079956
v 1271.230469 671.348877 -517.212524
v 1267.267578 669.896912 -523.344360
v 1263.906250 665.760071 -528.542358
v 1261.662109 659.569885 -532.016479
v 1260.873047 652.268372 -533.235962
v 1256.296875 644.965881 -529.814575
v 1256.986328 638.775879 -525.738159
v 1258.020508 634.640015 -519.635132
v 1259.240234 633.186890 -512.434937
v 1260.458984 634.640015 -505.235962
v 1261.493164 638.775879 -499.132202
v 1262.183594 644.965881 -495.053589
v 1262.426758 652.268372 -493.622437
v 1262.183594 659.569885 -495.053589
v 1261.493164 665.760071 -499.132202
v 1260.458984 669.896912 -505.235962
v 1259.240234 671.348877 -512.434937
v 1258.020508 669.896912 -519.635132
v 1256.986328 665.760071 -525.738159
v 1256.296875 659.569885 -529.814575
v 1256.052734 652.268372 -531.247192
v 1247.736328 644.965881 -530.502563
v 1247.675781 638.775879 -526.366577
v 1247.585938 634.640015 -520.177124
v 1247.478516 633.186890 -512.876099
v 1247.372070 634.640015 -505.574341
v 1247.281250 638.775879 -499.385132
v 1247.220703 644.965881 -495.248413
v 1247.199219 652.268372 -493.797729
v 1247.220703 659.569885 -495.248413
v 1247.281250 665.760071 -499.385132
v 1247.372070 669.896912 -505.574341
v 1247.478516 671.348877 -512.876099
v 1247.585938 669.896912 -520.177124
v 1247.675781 665.760071 -526.366577
v 1247.736328 659.569885 -530.502563
v 1247.757812 652.268372 -531.954712
v 1229.511719 644.965881 -530.502563
v 1229.451172 638.775879 -526.366577
v 1229.360352 634.640015 -520.177124
v 1229.253906 633.186890 -512.876099
v 1229.146484 634.640015 -505.574341
v 1229.056641 638.775879 -499.385132
v 1228.995117 644.965881 -495.249878
v 1228.974609 652.268372 -493.798218
v 1228.995117 659.569885 -495.249878
v 1229.056641 665.760071 -499.385132
v 1229.146484 669.896912 -505.574341
v 1229.253906 671.348877 -512.876099
v 1229.360352 669.896912 -520.177124
v 1229.450195 665.760071 -526.366577
v 1229.511719 659.569885 -530.502563
v 1229.532227 652.268372 -531.954712
v 1224.853516 638.036377 -547.228638
v 1224.755859 625.972046 -539.169067
v 1224.611328 617.911377 -527.107056
v 1224.440430 615.079224 -512.876099
v 1224.268555 617.911377 -498.644653
v 1224.124023 625.972046 -486.581909
v 1224.025391 638.036377 -478.520874
v 1223.992188 652.268860 -475.692749
v 1224.025391 666.499451 -478.520874
v 1224.124023 678.564026 -486.581909
v 1224.268555 686.626709 -498.644653
v 1224.440430 689.456543 -512.876099
v 1224.611328 686.626709 -527.107056
v 1224.755859 678.564026 -539.169067
v 1224.853516 666.499451 -547.228638
v 1224.886719 652.268860 -550.058960
v 1212.599609 638.036377 -547.228638
v 1212.501953 625.972046 -539.169067
v 1212.356445 617.911377 -527.107056
v 1212.185547 615.079224 -512.876099
v 1212.013672 617.911377 -498.644653
v 1211.869141 625.972046 -486.581909
v 1211.771484 638.036377 -478.520874
v 1211.737305 652.268860 -475.692749
v 1211.771484 666.499451 -478.520874
v 1211.869141 678.564026 -486.581909
v 1212.013672 686.626709 -498.644653
v 1212.185547 689.456543 -512.876099
v 1212.356445 686.626709 -527.107056
v 1212.500977 678.564026 -539.169067
v 1212.598633 666.499451 -547.228638
v 1212.632812 652.268860 -550.058960
v 1269.343750 644.965881 -568.361938
v 1267.891602 652.268372 -568.361938
v 1269.343750 659.569885 -568.361938
v 1273.480469 665.760071 -568.361938
v 1279.670898 669.896912 -568.361938
v 1286.972656 671.348877 -568.361938
v 1294.275391 669.896912 -568.361938
v 1300.464844 665.760071 -568.361938
v 1304.601562 659.569885 -568.361938
v 1306.053711 652.268372 -568.361938
v 1304.601562 644.965881 -568.361938
v 1300.464844 638.775879 -568.361938
v 1294.275391 634.640015 -568.361938
v 1286.972656 633.186890 -568.361938
v 1279.670898 634.640015 -568.361938
v 1273.481445 638.775879 -568.361938
v 1267.144531 644.054993 -567.576050
v 1265.511719 652.268433 -567.576050
v 1267.145508 644.054993 -545.497681
v 1265.511719 652.268433 -545.497681
v 1267.144531 660.480774 -567.576050
v 1267.144531 660.480774 -545.497681
v 1271.797852 667.443115 -567.576050
v 1271.797852 667.443115 -545.497681
v 1278.759766 672.095947 -567.576050
v 1278.759766 672.095947 -545.497681
v 1286.972656 673.729004 -567.576050
v 1286.972656 673.729004 -545.497681
v 1295.185547 672.095947 -567.576050
v 1295.185547 672.095947 -545.497681
v 1302.148438 667.443115 -567.576050
v 1302.148438 667.443115 -545.497681
v 1308.433594 652.268433 -567.576050
v 1306.800781 644.054993 -567.576050
v 1308.433594 652.268433 -545.497681
v 1306.800781 644.054993 -545.497681
v 1302.148438 637.092834 -567.576050
v 1302.148438 637.092834 -545.497681
v 1295.185547 632.441101 -567.576050
v 1295.185547 632.441101 -545.497681
v 1286.972656 630.806702 -567.576050
v 1286.972656 630.806702 -545.497681
v 1278.759766 632.441101 -567.576050
v 1278.759766 632.441101 -545.497681
v 1271.798828 637.092834 -567.576050
v 1271.798828 637.092834 -545.497681
v 1306.800781 660.480774 -545.497681
v 1306.800781 660.480774 -567.576050
v 1081.208984 714.549011 -430.749390
v 1076.359375 711.656433 -429.288208
v 1073.119141 707.327087 -427.103882
v 1071.982422 702.220520 -424.525757
v 1073.119141 697.113892 -421.947876
v 1076.359375 692.784912 -419.762085
v 1081.208984 689.891968 -418.302124
v 1086.929688 688.876587 -417.789429
v 1092.650391 689.891968 -418.302124
v 1097.500000 692.784912 -419.762085
v 1100.740234 697.113892 -421.947876
v 1101.877930 702.220520 -424.525757
v 1100.740234 707.327087 -427.103882
v 1097.500000 711.656433 -429.288208
v 1092.650391 714.549011 -430.749390
v 1086.929688 715.564758 -431.262329
v 1075.489258 726.877502 -436.973022
v 1065.790039 721.092041 -434.051880
v 1059.308594 712.433716 -429.680542
v 1057.033203 702.220520 -424.525757
v 1059.308594 692.007263 -419.369751
v 1065.790039 683.348938 -414.998413
v 1075.489258 677.563843 -412.078491
v 1086.929688 675.532288 -411.053101
v 1098.370117 677.563843 -412.078491
v 1108.069336 683.348938 -414.998413
v 1114.550781 692.007263 -419.369751
v 1116.826172 702.220520 -424.525757
v 1114.550781 712.433716 -429.680542
v 1108.069336 721.092041 -434.051880
v 1098.370117 726.877502 -436.973022
v 1086.929688 728.909058 -437.997192
v 1075.489258 731.314392 -428.184204
v 1065.790039 725.528931 -425.262817
v 1059.308594 716.870605 -420.891479
v 1057.033203 706.657410 -415.736938
v 1059.308594 696.444153 -410.580933
v 1065.790039 687.785828 -406.209351
v 1075.489258 682.000732 -403.289673
v 1086.929688 679.969177 -402.264038
v 1098.370117 682.000732 -403.289673
v 1108.069336 687.785828 -406.209351
v 1114.550781 696.444153 -410.580933
v 1116.826172 706.657410 -415.736938
v 1114.550781 716.870605 -420.891479
v 1108.069336 725.528931 -425.262817
v 1098.370117 731.314392 -428.184204
v 1086.929688 733.345947 -429.208374
v 1084.633789 711.607056 -418.234985
v 1082.686523 710.445557 -417.647827
v 1081.384766 708.707520 -416.770874
v 1080.928711 706.657410 -415.736938
v 1081.384766 704.607239 -414.701538
v 1082.686523 702.869202 -413.824341
v 1084.633789 701.708069 -413.237427
v 1086.929688 701.300354 -413.031372
v 1089.226562 701.708069 -413.237427
v 1091.173828 702.869202 -413.824341
v 1092.474609 704.607239 -414.701538
v 1092.930664 706.657410 -415.736938
v 1092.474609 708.707520 -416.770874
v 1091.173828 710.445557 -417.647827
v 1089.226562 711.607056 -418.234985
v 1086.929688 712.014771 -418.441040
v 1086.929688 702.220520 -424.525757
v 1084.633789 717.246765 -407.062622
v 1082.686523 716.085266 -406.477173
v 1086.929688 712.297119 -404.564575
v 1081.384766 714.347229 -405.599976
v 1080.928711 712.297119 -404.564575
v 1081.384766 710.246948 -403.529175
v 1082.686523 708.508911 -402.652222
v 1084.633789 707.347778 -402.066528
v 1086.929688 706.940063 -401.860474
v 1089.226562 707.347778 -402.066528
v 1091.173828 708.508911 -402.652222
v 1092.474609 710.246948 -403.529175
v 1092.930664 712.297119 -404.564575
v 1092.474609 714.347229 -405.599976
v 1091.173828 716.085266 -406.477173
v 1089.226562 717.246765 -407.062622
v 1086.929688 717.654480 -407.268677
v 1084.633789 714.991028 -411.532104
v 1086.929688 715.398743 -411.738159
v 1089.226562 714.991028 -411.532104
v 1091.173828 713.829529 -410.945190
v 1092.474609 712.091492 -410.067993
v 1092.930664 710.041382 -409.034058
v 1092.474609 707.991211 -407.998657
v 1091.173828 706.253174 -407.121460
v 1089.226562 705.092041 -406.534546
v 1086.929688 704.684326 -406.328491
v 1084.633789 705.092041 -406.534546
v 1082.686523 706.253174 -407.121460
v 1081.384766 707.991211 -407.998657
v 1080.928711 710.041382 -409.034058
v 1081.384766 712.091492 -410.067993
v 1082.686523 713.829529 -410.945190
v 1077.457031 730.457275 -419.338989
v 1086.928711 732.139282 -420.189575
v 1077.457031 732.713013 -414.870972
v 1086.928711 734.395020 -415.720093
v 1096.402344 730.457275 -419.338989
v 1096.402344 732.713013 -414.870972
v 1109.798828 718.497986 -413.301880
v 1111.682617 710.041382 -409.034058
v 1109.798828 720.753723 -408.833618
v 1111.682617 712.297119 -404.564575
v 1109.798828 701.584778 -404.765015
v 1109.798828 703.840515 -400.295532
v 1096.402344 689.625793 -398.727661
v 1086.928711 687.943420 -397.878540
v 1096.402344 691.881531 -394.258179
v 1086.928711 690.199158 -393.409058
v 1077.457031 689.625793 -398.727661
v 1077.457031 691.881531 -394.258179
v 1064.058594 701.584778 -404.765015
v 1062.175781 710.041382 -409.034058
v 1064.058594 703.840515 -400.295532
v 1062.175781 712.297119 -404.564575
v 1064.058594 718.497986 -413.301880
v 1064.058594 720.753723 -408.833618
v 1184.613281 519.433655 -452.687622
v 1184.613281 519.433655 -469.026489
v 1167.832031 584.421631 -470.260864
v 1168.728516 581.078918 -483.175903
v 1152.816406 580.398193 -470.260864
v 1153.712891 577.055481 -483.175903
v 1169.152344 519.433594 -452.687622
v 1169.152344 519.433594 -469.026489
v 1247.455078 625.690247 -578.376526
v 1321.238281 625.690247 -578.376526
v 1259.372070 680.624146 -578.376526
v 1309.321289 680.624146 -578.376526
v 1259.372070 680.624146 -652.159729
v 1309.321289 680.624146 -652.159729
v 1247.455078 625.690247 -652.159729
v 1321.238281 625.690247 -652.159729
v 911.420898 519.385254 -620.710510
v 1685.041992 519.385254 -589.316101
v 911.420898 631.829468 -620.710510
v 1685.041992 631.829468 -589.316101
v 912.908203 631.829468 -657.373108
v 1686.529297 631.829468 -625.978699
v 912.908203 519.385254 -657.373108
v 1686.529297 519.385254 -625.978699
v 949.066406 519.385254 -619.182800
v 949.066406 631.829468 -619.182800
v 950.553711 631.829468 -655.845459
v 950.553711 519.385254 -655.845459
v 891.979492 519.385254 -141.626831
v 929.625000 519.385254 -140.098999
v 929.625000 631.829468 -140.098999
v 891.979492 631.829468 -141.626831
v 893.516602 519.385254 -179.514893
v 893.516602 631.829468 -179.514893
v 931.161133 631.829468 -177.987305
v 931.161133 519.385254 -177.987305
v 1667.792969 631.829468 -148.093750
v 1667.792969 519.385254 -148.093750
v 1666.255859 631.829468 -110.205811
v 1666.255859 519.385254 -110.205811
v 1299.476562 631.829468 -163.040527
v 1299.476562 519.385254 -163.040527
v 1297.940430 519.385254 -125.152466
v 1297.940430 631.829468 -125.152466
v 1483.634766 519.385254 -155.567139
v 1483.634766 631.829468 -155.567139
v 1482.097656 631.829468 -117.679077
v 1482.097656 519.385254 -117.679077
v 1115.318359 631.829468 -170.513916
v 1115.318359 519.385254 -170.513916
v 1113.783203 519.385254 -132.625732
v 1113.783203 631.829468 -132.625732
v 1207.397461 519.385254 -166.777222
v 1207.397461 631.829468 -166.777222
v 1205.861328 631.829468 -128.889038
v 1205.861328 519.385254 -128.889038
v 1023.240234 631.829468 -174.250610
v 1023.240234 519.385254 -174.250610
v 1021.704102 519.385254 -136.362427
v 1021.704102 631.829468 -136.362427
v 1391.555664 631.829468 -159.303833
v 1391.555664 519.385254 -159.303833
v 1390.019531 519.385254 -121.415771
v 1390.019531 631.829468 -121.415771
v 1575.713867 519.385254 -151.830444
v 1575.713867 631.829468 -151.830444
v 1574.176758 631.829468 -113.942505
v 1574.176758 519.385254 -113.942505
v 1317.054688 519.385254 -604.249451
v 1317.054688 631.829468 -604.249451
v 1318.541016 631.829468 -640.912048
v 1318.541016 519.385254 -640.912048
v 1133.060547 519.385254 -611.716125
v 1133.060547 631.829468 -611.716125
v 1134.546875 631.829468 -648.378723
v 1134.546875 519.385254 -648.378723
v 1501.048828 631.829468 -596.782776
v 1501.048828 519.385254 -596.782776
v 1502.535156 519.385254 -633.445374
v 1502.535156 631.829468 -633.445374
v 1409.051758 519.385254 -600.516113
v 1409.051758 631.829468 -600.516113
v 1410.538086 631.829468 -637.178711
v 1410.538086 519.385254 -637.178711
v 1593.044922 631.829468 -593.049438
v 1593.044922 519.385254 -593.049438
v 1594.532227 519.385254 -629.712036
v 1594.532227 631.829468 -629.712036
v 1225.057617 631.829468 -607.982788
v 1225.057617 519.385254 -607.982788
v 1226.543945 519.385254 -644.645386
v 1226.543945 631.829468 -644.645386
v 1041.063477 519.385254 -615.449463
v 1041.063477 631.829468 -615.449463
v 1042.550781 631.829468 -652.112122
v 1042.550781 519.385254 -652.112122
v 948.534180 631.829468 -605.997253
v 948.534180 519.385254 -605.997253
v 1040.531250 519.385254 -602.263916
v 1040.531250 631.829468 -602.263916
v 929.092773 519.385254 -126.913208
v 929.092773 631.829468 -126.913208
v 1021.171875 519.385254 -123.176636
v 1021.171875 631.829468 -123.176636
v 1297.408203 519.385254 -111.966675
v 1297.408203 631.829468 -111.966675
v 1389.487305 519.385254 -108.229980
v 1389.487305 631.829468 -108.229980
v 1113.250977 519.385254 -119.439941
v 1113.250977 631.829468 -119.439941
v 1205.329102 519.385254 -115.703247
v 1205.329102 631.829468 -115.703247
v 1481.565430 631.829468 -104.493286
v 1481.565430 519.385254 -104.493286
v 1573.644531 519.385254 -100.756714
v 1573.644531 631.829468 -100.756714
v 1316.522461 519.385254 -591.063904
v 1316.522461 631.829468 -591.063904
v 1408.519531 519.385254 -587.330566
v 1408.519531 631.829468 -587.330566
v 1500.516602 631.829468 -583.597229
v 1500.516602 519.385254 -583.597229
v 1592.512695 519.385254 -579.863892
v 1592.512695 631.829468 -579.863892
v 1132.528320 519.385254 -598.530579
v 1132.528320 631.829468 -598.530579
v 1224.525391 519.385254 -594.797241
v 1224.525391 631.829468 -594.797241
v 910.801758 575.607300 -140.863159
v 910.802734 519.385254 -140.862915
v 929.625000 575.607361 -140.098999
v 910.802734 631.829468 -140.862915
v 891.979492 575.607361 -141.626831
v 930.988281 631.829407 -638.277954
v 930.244141 631.829468 -619.946655
v 949.810547 631.829468 -637.514099
v 931.730469 631.829468 -656.609314
v 912.164062 631.829468 -639.041809
v 931.731445 575.607361 -656.609253
v 950.553711 575.607361 -655.845459
v 931.730469 519.385254 -656.609314
v 912.908203 575.607361 -657.373108
v 930.988281 519.385254 -638.277954
v 949.810547 519.385254 -637.514099
v 930.244141 519.385254 -619.946655
v 912.164062 519.385254 -639.041809
v 1685.786133 575.607361 -607.647400
v 1685.785156 519.385254 -607.647400
v 1686.529297 575.607361 -625.978699
v 1685.785156 631.829468 -607.647400
v 1685.041992 575.607361 -589.316101
v 912.165039 575.607361 -639.041809
v 911.420898 575.607361 -620.710510
v 994.533203 575.607361 -604.130554
v 948.534180 575.607361 -605.997253
v 994.533203 519.385254 -604.130554
v 1040.531250 575.607361 -602.263916
v 994.533203 631.829468 -604.130554
v 995.808594 631.829468 -635.647461
v 995.064453 631.829468 -617.316101
v 1041.806641 631.829468 -633.780823
v 996.552734 631.829468 -653.978821
v 996.553711 575.607361 -653.978760
v 1042.550781 575.607361 -652.112122
v 996.552734 519.385254 -653.978821
v 995.808594 519.385254 -635.647461
v 1041.806641 519.385254 -633.780823
v 995.064453 519.385254 -617.316101
v 921.291016 519.385193 -399.349060
v 940.113281 519.385254 -398.585022
v 912.338867 519.385254 -178.751099
v 902.468750 519.385254 -400.112671
v 940.113281 575.607361 -398.584961
v 949.066406 575.607361 -619.182800
v 940.113281 631.829468 -398.585022
v 931.161133 575.607361 -177.987305
v 921.291016 631.829407 -399.349060
v 902.468750 631.829468 -400.112671
v 912.338867 631.829468 -178.751099
v 902.467773 575.607361 -400.112610
v 893.516602 575.607361 -179.514893
v 892.748047 575.607361 -160.570923
v 892.748047 519.385254 -160.570923
v 892.748047 631.829468 -160.570923
v 911.570312 631.829407 -159.806885
v 930.392578 631.829468 -159.043091
v 1667.024414 575.607361 -129.149658
v 1667.792969 575.607361 -148.093750
v 1667.024414 631.829468 -129.149780
v 1666.255859 575.607361 -110.205811
v 1667.024414 519.385254 -129.149780
v 911.570312 519.385254 -159.806885
v 930.392578 519.385254 -159.043091
v 977.201172 575.607300 -176.119019
v 977.201172 631.829468 -176.119019
v 1023.240234 575.607361 -174.250610
v 977.201172 519.385254 -176.119019
v 976.432617 631.829468 -157.174927
v 975.664062 631.829468 -138.230713
v 1022.472656 631.829468 -155.306519
v 975.132812 575.607361 -125.044922
v 929.092773 575.607361 -126.913208
v 975.132812 519.385254 -125.044922
v 1021.171875 575.607361 -123.176636
v 975.132812 631.829468 -125.044922
v 976.433594 519.385315 -157.174805
v 1022.472656 519.385254 -155.306519
v 975.664062 519.385254 -138.230713
v 1621.752930 575.607300 -149.962036
v 1575.713867 575.607361 -151.830444
v 1621.753906 631.829468 -149.962036
v 1621.753906 519.385254 -149.962036
v 1620.984375 519.385193 -131.018066
v 1574.945312 519.385254 -132.886475
v 1620.216797 519.385254 -112.074097
v 1620.216797 575.607300 -112.074219
v 1574.176758 575.607361 -113.942505
v 1620.216797 631.829468 -112.074097
v 1620.984375 631.829407 -131.018066
v 1574.945312 631.829468 -132.886475
v 1345.515625 575.607300 -161.172241
v 1299.476562 575.607361 -163.040527
v 1345.515625 631.829468 -161.172241
v 1391.555664 575.607361 -159.303833
v 1345.515625 519.385254 -161.172241
v 1344.748047 631.829468 -142.228149
v 1298.708984 631.829468 -144.096558
v 1343.980469 631.829468 -123.284058
v 1390.787109 631.829468 -140.359741
v 1343.447266 575.607300 -110.098389
v 1297.408203 575.607361 -111.966675
v 1343.447266 519.385254 -110.098267
v 1389.487305 575.607361 -108.229980
v 1343.447266 631.829468 -110.098267
v 1344.748047 519.385254 -142.228149
v 1298.708984 519.385254 -144.096558
v 1390.787109 519.385254 -140.359741
v 1343.980469 519.385254 -123.284058
v 1253.436523 575.607300 -164.908936
v 1207.397461 575.607361 -166.777222
v 1253.437500 631.829468 -164.908813
v 1253.437500 519.385254 -164.908813
v 1252.669922 519.385315 -145.964722
v 1206.628906 519.385254 -147.833130
v 1251.900391 519.385254 -127.020752
v 1251.900391 575.607361 -127.020752
v 1205.861328 575.607361 -128.889038
v 1297.940430 575.607361 -125.152466
v 1251.900391 631.829468 -127.020752
v 1252.668945 631.829407 -145.964844
v 1206.628906 631.829468 -147.833130
v 1161.357422 575.607300 -168.645630
v 1115.318359 575.607361 -170.513916
v 1161.357422 631.829468 -168.645630
v 1161.357422 519.385254 -168.645630
v 1160.589844 631.829468 -149.701660
v 1114.550781 631.829468 -151.569824
v 1159.822266 631.829468 -130.757446
v 1159.290039 575.607361 -117.571655
v 1113.250977 575.607361 -119.439941
v 1159.290039 519.385254 -117.571655
v 1205.329102 575.607361 -115.703247
v 1159.290039 631.829468 -117.571655
v 1160.589844 519.385193 -149.701660
v 1114.550781 519.385254 -151.569824
v 1159.822266 519.385254 -130.757446
v 1069.279297 575.607300 -172.382202
v 1069.279297 631.829468 -172.382202
v 1069.279297 519.385254 -172.382202
v 1068.511719 519.385193 -153.438110
v 1067.744141 519.385254 -134.494019
v 1067.744141 575.607300 -134.494141
v 1021.704102 575.607361 -136.362427
v 1113.783203 575.607361 -132.625732
v 1067.744141 631.829468 -134.494019
v 1068.510742 631.829407 -153.438110
v 1437.595703 575.607300 -157.435547
v 1437.595703 631.829468 -157.435425
v 1483.634766 575.607361 -155.567139
v 1437.595703 519.385254 -157.435425
v 1436.827148 519.385254 -138.491577
v 1482.866211 519.385254 -136.623169
v 1436.058594 519.385254 -119.547485
v 1436.058594 575.607361 -119.547607
v 1390.019531 575.607361 -121.415771
v 1482.097656 575.607361 -117.679077
v 1436.058594 631.829468 -119.547485
v 1436.827148 631.829529 -138.491577
v 1482.866211 631.829468 -136.623169
v 1529.673828 575.607300 -153.698975
v 1529.673828 631.829468 -153.698853
v 1529.673828 519.385254 -153.698853
v 1528.906250 631.829468 -134.754761
v 1528.136719 631.829468 -115.810791
v 1527.605469 575.607361 -102.625000
v 1481.565430 575.607361 -104.493286
v 1527.605469 519.385254 -102.625000
v 1573.644531 575.607361 -100.756714
v 1527.605469 631.829468 -102.625000
v 1528.906250 519.385254 -134.754761
v 1528.136719 519.385254 -115.810791
v 1639.043945 575.607361 -591.182800
v 1593.044922 575.607361 -593.049438
v 1639.042969 519.385254 -591.182800
v 1639.042969 631.829468 -591.182800
v 1639.787109 631.829468 -609.514099
v 1593.789062 631.829468 -611.380737
v 1640.531250 631.829468 -627.845398
v 1640.531250 575.607361 -627.845337
v 1594.532227 575.607361 -629.712036
v 1640.531250 519.385254 -627.845398
v 1639.787109 519.385254 -609.514099
v 1593.789062 519.385254 -611.380737
v 1271.056641 575.607361 -606.116089
v 1225.057617 575.607361 -607.982788
v 1271.056641 519.385254 -606.116150
v 1317.054688 575.607361 -604.249451
v 1271.056641 631.829468 -606.116150
v 1271.799805 631.829468 -624.447388
v 1225.800781 631.829468 -626.314087
v 1317.797852 631.829468 -622.580750
v 1272.542969 631.829468 -642.778748
v 1272.542969 575.607361 -642.778687
v 1226.543945 575.607361 -644.645386
v 1318.541016 575.607361 -640.912048
v 1272.542969 519.385254 -642.778748
v 1271.799805 519.385254 -624.447388
v 1317.797852 519.385254 -622.580750
v 1225.800781 519.385254 -626.314087
v 1362.521484 575.607361 -589.197205
v 1316.522461 575.607361 -591.063904
v 1362.521484 519.385254 -589.197205
v 1408.519531 575.607361 -587.330566
v 1362.521484 631.829468 -589.197205
v 1363.795898 519.385254 -620.713989
v 1409.794922 519.385254 -618.847412
v 1363.052734 519.385254 -602.382751
v 1364.539062 519.385254 -639.045349
v 1364.540039 575.607361 -639.045410
v 1364.539062 631.829468 -639.045349
v 1410.538086 575.607361 -637.178711
v 1363.795898 631.829468 -620.714050
v 1363.052734 631.829468 -602.382751
v 1409.794922 631.829468 -618.847412
v 1455.050781 575.607361 -598.649414
v 1409.051758 575.607361 -600.516113
v 1455.050781 519.385254 -598.649475
v 1501.048828 575.607361 -596.782776
v 1455.050781 631.829468 -598.649475
v 1455.793945 631.829468 -616.980713
v 1501.791992 631.829468 -615.114075
v 1456.537109 631.829468 -635.312073
v 1456.537109 575.607361 -635.312073
v 1502.535156 575.607361 -633.445374
v 1456.537109 519.385254 -635.312073
v 1455.794922 519.385254 -616.980774
v 1501.791992 519.385254 -615.114075
v 1546.514648 575.607361 -581.730530
v 1500.516602 575.607361 -583.597229
v 1546.514648 519.385254 -581.730530
v 1592.512695 575.607361 -579.863892
v 1546.514648 631.829468 -581.730530
v 1547.790039 519.385315 -613.247437
v 1547.046875 519.385254 -594.916077
v 1548.533203 519.385254 -631.578674
v 1548.534180 575.607361 -631.578674
v 1548.533203 631.829468 -631.578674
v 1547.789062 631.829407 -613.247437
v 1547.046875 631.829468 -594.916077
v 1178.527344 575.607361 -596.663879
v 1132.528320 575.607361 -598.530579
v 1178.527344 519.385254 -596.663879
v 1224.525391 575.607361 -594.797241
v 1178.527344 631.829468 -596.663879
v 1179.801758 519.385254 -628.180725
v 1179.058594 519.385254 -609.849426
v 1133.803711 519.385254 -630.047424
v 1180.544922 519.385254 -646.512024
v 1180.544922 575.607361 -646.512024
v 1134.546875 575.607361 -648.378723
v 1180.544922 631.829468 -646.512024
v 1179.801758 631.829468 -628.180786
v 1133.803711 631.829468 -630.047424
v 1179.058594 631.829468 -609.849426
v 1087.062500 575.607361 -613.582825
v 1041.063477 575.607361 -615.449463
v 1087.062500 519.385254 -613.582825
v 1133.060547 575.607361 -611.716125
v 1087.062500 631.829468 -613.582825
v 1087.806641 631.829529 -631.914001
v 1088.548828 631.829468 -650.245422
v 1088.548828 575.607361 -650.245422
v 1088.548828 519.385254 -650.245422
v 1087.805664 519.385193 -631.914062
v 948.800781 575.607361 -612.590027
v 948.800781 519.385254 -612.590027
v 948.800781 631.829468 -612.590027
v 994.798828 519.385254 -610.723267
v 1040.796875 519.385254 -608.856689
v 1040.796875 575.607361 -608.856689
v 1040.796875 631.829468 -608.856689
v 994.799805 631.829468 -610.723267
v 929.359375 575.607361 -133.506104
v 929.359375 519.385254 -133.506104
v 929.359375 631.829468 -133.506104
v 975.398438 519.385254 -131.637817
v 1021.437500 519.385254 -129.769531
v 1021.438477 575.607422 -129.769409
v 1021.437500 631.829468 -129.769531
v 975.398438 631.829407 -131.637817
v 1297.674805 575.607361 -118.559448
v 1297.673828 519.385254 -118.559570
v 1297.673828 631.829468 -118.559570
v 1343.713867 519.385254 -116.691162
v 1389.753906 519.385254 -114.822876
v 1389.754883 575.607422 -114.822876
v 1389.753906 631.829468 -114.822876
v 1343.713867 631.829468 -116.691162
v 1113.516602 575.607361 -126.032715
v 1113.517578 519.385254 -126.032837
v 1113.517578 631.829468 -126.032837
v 1159.556641 519.385254 -124.164551
v 1205.595703 519.385254 -122.296143
v 1205.595703 575.607422 -122.296021
v 1205.595703 631.829468 -122.296143
v 1159.555664 631.829468 -124.164551
v 1481.833008 575.607361 -111.086060
v 1481.832031 519.385254 -111.086182
v 1481.832031 631.829468 -111.086182
v 1527.870117 519.385254 -109.218018
v 1573.910156 519.385254 -107.349609
v 1573.911133 575.607422 -107.349609
v 1573.910156 631.829468 -107.349609
v 1527.871094 631.829407 -109.218018
v 1316.789062 575.607361 -597.656677
v 1316.789062 519.385254 -597.656677
v 1316.789062 631.829468 -597.656677
v 1362.787109 519.385254 -595.789978
v 1408.785156 519.385254 -593.923340
v 1408.785156 575.607361 -593.923401
v 1408.785156 631.829468 -593.923340
v 1362.787109 631.829468 -595.789978
v 1500.783203 575.607361 -590.190002
v 1500.783203 519.385254 -590.190002
v 1500.783203 631.829468 -590.190002
v 1546.781250 519.385315 -588.323303
v 1592.779297 519.385254 -586.456665
v 1592.778320 575.607361 -586.456726
v 1592.779297 631.829468 -586.456665
v 1546.781250 631.829529 -588.323303
v 1132.794922 575.607361 -605.123352
v 1132.794922 519.385254 -605.123352
v 1132.794922 631.829468 -605.123352
v 1178.792969 519.385254 -603.256592
v 1224.791016 519.385254 -601.390015
v 1224.791016 575.607361 -601.390015
v 1224.791016 631.829468 -601.390015
v 1178.792969 631.829468 -603.256592
v 893.333984 494.238434 -605.583984
v 962.387695 494.238434 -601.594788
v 893.333984 672.949707 -605.583984
v 962.387695 672.949707 -601.594788
v 897.323242 672.949707 -674.637695
v 966.376953 672.949707 -670.648438
v 897.323242 494.238434 -674.637695
v 966.376953 494.238434 -670.648438
v 927.861328 583.594116 -603.589294
v 927.861328 494.238434 -603.589417
v 962.387695 583.594055 -601.594788
v 927.861328 672.949707 -603.589417
v 893.333984 583.594055 -605.583984
v 929.856445 672.949707 -638.116150
v 964.382812 672.949707 -636.121643
v 931.849609 672.949707 -672.643066
v 895.328125 672.949707 -640.110840
v 931.849609 583.594055 -672.643066
v 966.376953 583.594055 -670.648438
v 931.849609 494.238434 -672.643066
v 897.323242 583.594055 -674.637695
v 929.855469 494.238434 -638.116272
v 964.382812 494.238434 -636.121643
v 895.328125 494.238434 -640.110840
v 964.381836 583.594055 -636.121582
v 895.328125 583.594055 -640.110840
v 1174.416016 539.661560 -470.517944
v 1174.416016 539.661560 -555.293335
v 1171.433594 550.790161 -470.517944
v 1171.433594 550.790161 -555.293335
v 1163.620117 548.696533 -470.517944
v 1163.620117 548.696533 -555.293335
v 1166.601562 537.567932 -470.517944
v 1166.601562 537.567932 -555.293335
v 1184.613281 519.433655 -575.201294
v 1184.613281 519.433655 -558.862671
v 1167.832031 584.421631 -557.628296
v 1168.728516 581.078918 -544.713013
v 1152.816406 580.398193 -557.628296
v 1153.712891 577.055481 -544.713013
v 1169.152344 519.433594 -575.201294
v 1169.152344 519.433594 -558.862671
v 1005.174805 519.433594 -452.687622
v 1005.174805 519.433594 -469.026489
v 1021.509766 580.398193 -470.260864
v 1020.614258 577.055481 -483.175903
v 1006.494141 584.421631 -470.260864
v 1005.598633 581.078918 -483.175903
v 989.132812 519.433594 -452.687622
v 989.132812 519.433594 -469.026489
v 959.078125 646.240845 -582.432251
v 959.078125 668.167480 -582.349731
v 959.078125 688.994629 -575.495483
v 959.078125 706.685730 -562.541138
v 959.078125 719.506714 -544.754272
v 959.078125 726.203918 -523.876831
v 959.078125 726.121948 -501.949829
v 959.078125 719.267822 -481.124146
v 959.078125 706.313782 -463.432495
v 959.078125 688.527344 -450.611206
v 959.078125 667.648743 -443.914185
v 959.078125 645.722107 -443.996704
v 959.078125 624.894958 -450.849487
v 959.078125 607.204163 -463.803833
v 959.078125 594.383545 -481.590698
v 959.078125 587.685974 -502.468140
v 959.078125 587.767578 -524.395142
v 959.078125 594.621704 -545.222290
v 959.078125 607.575806 -562.913940
v 959.078125 625.362549 -575.733765
v 975.428711 641.922668 -610.374146
v 975.428711 672.694702 -610.257935
v 975.428711 701.924866 -600.639526
v 975.428711 726.752441 -582.459106
v 975.428711 744.746216 -557.495972
v 975.428711 754.145447 -528.194946
v 975.428711 754.030151 -497.422974
v 975.428711 744.411377 -468.193481
v 975.428711 726.230896 -443.366333
v 975.428711 701.268127 -425.372192
v 975.429688 671.966858 -415.972290
v 975.429688 641.194824 -416.088501
v 975.429688 611.965027 -425.705688
v 975.429688 587.137451 -443.886108
v 975.428711 569.144043 -468.849243
v 975.429688 559.744507 -498.150024
v 975.429688 559.859741 -528.922241
v 975.429688 569.478149 -558.152954
v 975.429688 587.658997 -582.978882
v 975.428711 612.621460 -600.974243
v 1196.439453 641.922668 -610.374146
v 1196.439453 672.694702 -610.257935
v 1196.439453 701.924866 -600.639526
v 1196.439453 726.752441 -582.459106
v 1196.439453 744.746216 -557.495972
v 1196.439453 754.145447 -528.194946
v 1196.439453 754.030151 -497.422974
v 1196.439453 744.411377 -468.193481
v 1196.439453 726.230896 -443.366333
v 1196.439453 701.268127 -425.372192
v 1196.439453 671.966858 -415.972290
v 1196.439453 641.194824 -416.088501
v 1196.439453 611.965027 -425.705688
v 1196.439453 587.137451 -443.886108
v 1196.439453 569.144043 -468.849243
v 1196.439453 559.744507 -498.150024
v 1196.439453 559.859741 -528.922241
v 1196.439453 569.478149 -558.152954
v 1196.439453 587.658997 -582.978882
v 1196.439453 612.621460 -600.974243
v 1212.790039 646.240845 -582.432251
v 1212.790039 668.167480 -582.349731
v 1212.790039 688.994629 -575.495483
v 1212.790039 706.685730 -562.541138
v 1212.790039 719.506714 -544.754272
v 1212.790039 726.203918 -523.876831
v 1212.790039 726.121948 -501.949829
v 1212.790039 719.267822 -481.124146
v 1212.790039 706.313782 -463.432495
v 1212.790039 688.527344 -450.611206
v 1212.790039 667.648743 -443.914185
v 1212.790039 645.722107 -443.996704
v 1212.790039 624.894958 -450.849487
v 1212.790039 607.204163 -463.803833
v 1212.790039 594.383545 -481.590698
v 1212.790039 587.685974 -502.468140
v 1212.790039 587.767578 -524.395142
v 1212.790039 594.621704 -545.222290
v 1212.790039 607.575806 -562.913940
v 1212.790039 625.362549 -575.733765
v 959.078125 656.945129 -513.172485
v 1212.790039 656.945129 -513.172485
v 1046.229492 641.922668 -610.374146
v 1046.229492 612.621094 -600.974243
v 1046.229492 587.658630 -582.980103
v 1046.229492 569.477844 -558.152954
v 1046.229492 559.859375 -528.923462
v 1046.229492 559.744507 -498.150024
v 1046.229492 569.143677 -468.849243
v 1046.229492 587.137451 -443.886108
v 1046.229492 611.964661 -425.705688
v 1046.229492 641.194824 -416.088501
v 1046.229492 671.966858 -415.972290
v 1046.229492 701.268127 -425.372192
v 1046.229492 726.230896 -443.366333
v 1046.229492 744.411377 -468.193481
v 1046.229492 754.029846 -497.422974
v 1046.229492 754.145447 -528.194946
v 1046.229492 744.745911 -557.495972
v 1046.229492 726.752441 -582.459106
v 1046.229492 701.924500 -600.640991
v 1046.229492 672.694397 -610.257935
v 1126.318359 641.922668 -610.374146
v 1126.318359 612.621094 -600.974243
v 1126.318359 587.658630 -582.980103
v 1126.318359 569.477844 -558.152954
v 1126.318359 559.859375 -528.923462
v 1126.318359 559.744507 -498.150024
v 1126.318359 569.143677 -468.849243
v 1126.318359 587.137451 -443.886108
v 1126.318359 611.964661 -425.705688
v 1126.318359 641.194824 -416.088501
v 1126.318359 671.966858 -415.972290
v 1126.318359 701.268127 -425.372192
v 1126.318359 726.230896 -443.366333
v 1126.318359 744.411377 -468.193481
v 1126.318359 754.029846 -497.422974
v 1126.318359 754.145447 -528.194946
v 1126.318359 744.745911 -557.495972
v 1126.318359 726.752441 -582.459106
v 1126.318359 701.924500 -600.640991
v 1126.318359 672.694397 -610.257935
v 1046.229492 640.718079 -618.167114
v 1046.229492 609.067261 -608.014771
v 1126.318359 640.718079 -618.167114
v 1126.318359 609.067261 -608.014771
v 1046.229492 582.103027 -588.577515
v 1126.318359 582.103027 -588.577515
v 1046.229492 562.465027 -561.759399
v 1126.318359 562.465027 -561.759399
v 1046.229492 552.074951 -530.185913
v 1126.318359 552.074951 -530.185913
v 1046.229492 551.950928 -496.946655
v 1126.318359 551.950928 -496.946655
v 1046.229492 562.103577 -465.296021
v 1126.318359 562.103577 -465.296021
v 1046.229492 581.540833 -438.330688
v 1126.318359 581.540833 -438.330688
v 1046.229492 608.358276 -418.693237
v 1126.318359 608.358276 -418.693237
v 1046.229492 639.932068 -408.304077
v 1126.318359 639.932068 -408.304077
v 1046.229492 673.171082 -408.179321
v 1126.318359 673.171082 -408.179321
v 1046.229492 704.821960 -418.331665
v 1126.318359 704.821960 -418.331665
v 1046.229492 731.786194 -437.768921
v 1126.318359 731.786194 -437.768921
v 1046.229492 751.424133 -464.587036
v 1126.318359 751.424133 -464.587036
v 1046.229492 761.814270 -496.160522
v 1126.318359 761.814270 -496.160522
v 1046.229492 761.939331 -529.398560
v 1126.318359 761.939331 -529.398560
v 1046.229492 751.786011 -561.050415
v 1126.318359 751.786011 -561.050415
v 1046.229492 732.349426 -588.014282
v 1126.318359 732.349426 -588.014282
v 1046.229492 705.530884 -607.653198
v 1126.318359 705.530884 -607.653198
v 1046.229492 673.957458 -618.042358
v 1126.318359 673.957458 -618.042358
v 1005.174805 519.433594 -575.201294
v 1005.174805 519.433594 -558.862671
v 1021.509766 580.398193 -557.628296
v 1020.614258 577.055481 -544.713013
v 1006.494141 584.421631 -557.628296
v 1005.598633 581.078918 -544.713013
v 989.132812 519.433594 -575.201294
v 989.132812 519.433594 -558.862671
v 1004.831055 538.343140 -470.517944
v 1004.831055 538.343140 -555.293335
v 1007.813477 549.471802 -470.517944
v 1007.813477 549.471802 -555.293335
v 1000.000000 551.565369 -470.517944
v 1000.000000 551.565369 -555.293335
v 997.017578 540.436707 -470.517944
v 997.017578 540.436707 -555.293335
v 993.075195 586.420593 -360.081909
v 1013.340820 585.189026 -396.921753
v 999.656250 590.989502 -356.614624
v 1019.921875 589.757874 -393.454468
v 978.588867 633.127441 -371.837280
v 996.766602 631.870667 -405.317261
v 972.034180 628.558594 -375.348511
v 990.211914 627.301758 -408.828979
v 996.495117 586.915588 -356.236206
v 973.556641 632.525208 -372.446411
v 993.545898 631.143127 -409.263062
v 1018.432617 585.582397 -396.115601
v 999.265625 586.709961 -369.595581
v 1003.969727 587.023193 -366.150269
v 1005.845703 591.278992 -366.127319
v 980.518555 637.576294 -381.675415
v 974.777344 639.322632 -384.071167
v 973.936523 633.007446 -385.142944
v 1014.477539 586.384644 -385.252319
v 1009.046875 586.115540 -387.376831
v 983.717773 632.412964 -402.924194
v 985.286133 638.684021 -403.173706
v 990.298828 636.981812 -399.456909
v 1015.626953 590.684509 -383.909058
v 992.364258 602.949463 -358.535034
v 987.658203 600.002991 -356.708862
v 985.783203 598.380615 -362.002319
v 992.309570 597.984009 -373.865112
v 1002.090820 597.389587 -391.646362
v 1008.151367 597.021301 -402.662231
v 1013.667969 598.422302 -403.991577
v 1014.731445 601.590210 -399.194214
v 1008.671875 601.958496 -388.179077
v 998.890625 602.552917 -370.397827
v 975.214844 618.528198 -368.490845
v 976.304688 621.646423 -363.679077
v 981.795898 623.097046 -365.023560
v 988.321289 622.700439 -376.886108
v 998.103516 622.106018 -394.667603
v 1004.163086 621.737793 -405.683472
v 1002.315430 620.065674 -410.961304
v 997.583008 617.168884 -409.150757
v 991.522461 617.537109 -398.135132
v 981.741211 618.131592 -380.353882
v 1055.401367 517.514404 -380.957397
v 1054.262695 517.028015 -380.578491
v 1053.370117 516.850037 -379.657593
v 1052.962891 517.028015 -378.441284
v 1053.149414 517.514404 -377.254517
v 1053.880859 518.178711 -376.417114
v 1054.960938 518.843079 -376.152710
v 1056.099609 519.329407 -376.532349
v 1056.993164 519.507385 -377.453491
v 1057.400391 519.329407 -378.669800
v 1057.212891 518.843079 -379.855347
v 1056.481445 518.178711 -380.693237
v 1004.243164 613.072449 -412.078247
v 1003.104492 612.586060 -411.699097
v 1002.210938 612.408081 -410.777710
v 1001.803711 612.586060 -409.561890
v 1001.990234 613.072449 -408.374878
v 1002.721680 613.736755 -407.537964
v 1003.802734 614.401123 -407.273560
v 1004.942383 614.887390 -407.653198
v 1005.834961 615.065430 -408.573853
v 1006.242188 614.887390 -409.790161
v 1006.054688 614.401123 -410.976440
v 1005.323242 613.736755 -411.813843
v 1055.181641 518.178711 -378.555054
v 1004.022461 613.736755 -409.675903
v 1027.459961 517.514404 -335.023804
v 1026.320312 517.028015 -334.644409
v 1025.427734 516.850037 -333.723022
v 1025.020508 517.028015 -332.507446
v 1025.207031 517.514404 -331.321167
v 1025.938477 518.178711 -330.483765
v 1027.018555 518.843079 -330.218628
v 1028.158203 519.329407 -330.598511
v 1029.050781 519.507385 -331.519409
v 1029.458008 519.329407 -332.735718
v 1029.271484 518.843079 -333.922241
v 1028.539062 518.178711 -334.759155
v 976.300781 613.072449 -366.144897
v 975.162109 612.586060 -365.765015
v 974.268555 612.408081 -364.843628
v 973.862305 612.586060 -363.627808
v 974.048828 613.072449 -362.441284
v 974.780273 613.736755 -361.604126
v 975.860352 614.401123 -361.339478
v 976.999023 614.887390 -361.719116
v 977.891602 615.065430 -362.640015
v 978.299805 614.887390 -363.856567
v 978.113281 614.401123 -365.042847
v 977.380859 613.736755 -365.880005
v 1027.239258 518.178711 -332.621460
v 976.080078 613.736755 -363.741577
v 1038.705078 543.662048 -388.532593
v 1039.322266 542.587097 -388.155640
v 1040.317383 542.017822 -387.551636
v 1041.421875 542.106689 -386.881226
v 1042.341797 542.829651 -386.325073
v 1042.828125 543.993164 -386.031128
v 1042.753906 545.285339 -386.079468
v 1042.135742 546.360168 -386.455933
v 1041.142578 546.929321 -387.060425
v 1040.037109 546.840637 -387.729614
v 1039.117188 546.117737 -388.286011
v 1038.629883 544.954163 -388.579956
v 1010.557617 544.009338 -341.666626
v 1011.174805 542.934448 -341.290161
v 1012.169922 542.365173 -340.685669
v 1013.274414 542.453979 -340.016479
v 1014.194336 543.176941 -339.459351
v 1014.680664 544.340454 -339.165405
v 1014.607422 545.632690 -339.213257
v 1013.989258 546.707520 -339.590210
v 1012.995117 547.276672 -340.193726
v 1011.889648 547.187988 -340.863403
v 1010.969727 546.465088 -341.420288
v 1010.483398 545.301453 -341.714233
v 1040.729492 544.473633 -387.306274
v 1012.582031 544.820862 -340.439331
v 1024.630859 520.257507 -398.938110
v 1023.540039 520.824707 -398.529419
v 1022.666016 521.032288 -397.597046
v 1022.240234 520.824707 -396.391968
v 1022.377930 520.257507 -395.235229
v 1023.043945 519.482849 -394.437866
v 1024.056641 518.707947 -394.213745
v 1025.147461 518.140808 -394.623169
v 1026.023438 517.933228 -395.555054
v 1026.448242 518.140808 -396.760620
v 1026.309570 518.707947 -397.917358
v 1025.644531 519.482849 -398.713745
v 1060.819336 573.967102 -376.924194
v 1059.728516 574.534363 -376.515503
v 1058.853516 574.741943 -375.583374
v 1058.428711 574.534363 -374.377808
v 1058.566406 573.967102 -373.221069
v 1059.231445 573.192383 -372.424194
v 1060.245117 572.417664 -372.200073
v 1061.335938 571.850464 -372.608765
v 1062.210938 571.642944 -373.541382
v 1062.635742 571.850464 -374.746704
v 1062.498047 572.417664 -375.903198
v 1061.833008 573.192383 -376.700317
v 1024.344727 519.482849 -396.575562
v 1060.532227 573.192383 -374.562134
v 1039.430664 568.980530 -326.143921
v 1066.653320 568.980530 -370.894409
v 1039.430664 577.710327 -326.143921
v 1066.653320 577.710327 -370.894409
v 994.679688 577.710327 -353.366089
v 1021.902344 577.710327 -398.116821
v 994.679688 568.980530 -353.366089
v 1021.902344 568.980530 -398.116821
v 1040.154297 573.345398 -323.175171
v 991.710938 573.345398 -352.643677
v 1021.179688 573.345398 -401.086304
v 1069.623047 573.345398 -371.617554
v 1049.105469 568.980530 -336.822876
v 1052.663086 573.345398 -333.612183
v 1049.105469 577.710327 -336.822876
v 999.714844 577.710327 -366.867554
v 995.227539 573.345398 -368.550659
v 999.714844 568.980530 -366.867554
v 1066.778320 573.345398 -356.815308
v 1062.244141 568.980530 -358.421753
v 1012.854492 568.980530 -388.466675
v 1009.342773 573.345398 -391.754028
v 1012.854492 577.710327 -388.466675
v 1062.244141 577.710327 -358.421753
v 1026.085938 577.710327 -331.083862
v 1024.414062 573.345398 -326.590210
v 1026.085938 568.980530 -331.083862
v 1034.850586 568.980530 -345.493530
v 1047.990234 568.980530 -367.092651
v 1056.130859 568.980530 -380.474243
v 1059.352539 573.345398 -384.024780
v 1056.130859 577.710327 -380.474243
v 1047.990234 577.710327 -367.092651
v 1034.850586 577.710327 -345.493530
v 1005.872070 568.980530 -343.379272
v 1002.701172 573.345398 -339.798462
v 1005.872070 577.710327 -343.379272
v 1014.638672 577.710327 -357.789429
v 1027.777344 577.710327 -379.388062
v 1035.917969 577.710327 -392.769409
v 1037.639648 573.345398 -397.233521
v 1035.917969 568.980530 -392.769409
v 1027.777344 568.980530 -379.388062
v 1014.638672 568.980530 -357.789429
v 997.337891 520.257507 -354.070679
v 996.247070 520.824707 -353.662476
v 995.372070 521.032288 -352.729858
v 994.947266 520.824707 -351.524780
v 995.084961 520.257507 -350.368042
v 995.750000 519.482849 -349.570435
v 996.763672 518.707947 -349.346802
v 997.854492 518.140808 -349.756226
v 998.728516 517.933228 -350.687622
v 999.154297 518.140808 -351.893921
v 999.016602 518.707947 -353.049927
v 998.351562 519.482849 -353.847046
v 1033.525391 573.967102 -332.056519
v 1032.435547 574.534363 -331.648315
v 1031.559570 574.741943 -330.715698
v 1031.134766 574.534363 -329.510864
v 1031.273438 573.967102 -328.354370
v 1031.938477 573.192383 -327.557007
v 1032.952148 572.417664 -327.332886
v 1034.042969 571.850464 -327.742065
v 1034.917969 571.642944 -328.673950
v 1035.342773 571.850464 -329.879272
v 1035.204102 572.417664 -331.035767
v 1034.539062 573.192383 -331.833130
v 997.050781 519.482849 -351.708374
v 1033.239258 573.192383 -329.695435
v 879.250000 494.238434 -128.634521
v 948.284180 494.238434 -124.318115
v 879.250000 672.949707 -128.634521
v 948.284180 672.949707 -124.318115
v 883.566406 672.949707 -197.668457
v 952.599609 672.949707 -193.352173
v 883.566406 494.238434 -197.668457
v 952.599609 494.238434 -193.352173
v 913.766602 583.593994 -126.476562
v 913.767578 494.238434 -126.476318
v 948.284180 583.594055 -124.318115
v 913.767578 672.949707 -126.476318
v 879.250000 583.594055 -128.634521
v 915.924805 672.949707 -160.993164
v 950.441406 672.949707 -158.835083
v 918.083008 672.949707 -195.510376
v 881.408203 672.949707 -163.151489
v 918.083984 583.594055 -195.510254
v 952.599609 583.594055 -193.352173
v 918.083008 494.238434 -195.510376
v 883.566406 583.594055 -197.668457
v 915.924805 494.238403 -160.993286
v 950.441406 494.238434 -158.835083
v 881.408203 494.238434 -163.151489
v 950.440430 583.594055 -158.835083
v 881.407227 583.593994 -163.151489
v 1290.382812 527.062439 -63.186768
v 1292.069336 527.062439 -93.961426
v 1290.382812 577.559814 -63.186768
v 1292.069336 577.559814 -93.961426
v 1290.382812 562.410645 -63.186768
v 1292.602539 562.410645 -103.697754
v 1290.382812 541.201660 -63.186768
v 1292.602539 541.201660 -103.697754
v 1277.819336 532.989258 -63.875122
v 1277.819336 543.809448 -63.875122
v 1277.819336 560.039917 -63.875122
v 1277.819336 571.632935 -63.875122
v 1278.364258 532.989258 -73.818237
v 1278.189453 543.809448 -70.638916
v 1278.189453 560.039917 -70.638916
v 1278.364258 571.632935 -73.818237
v 1263.880859 577.559814 -64.638916
v 1263.880859 571.632935 -64.638916
v 1264.425781 571.632935 -74.582031
v 1264.251953 560.039917 -71.402588
v 1264.251953 543.809448 -71.402588
v 1264.425781 532.989258 -74.582031
v 1263.880859 532.989258 -64.638916
v 1263.880859 527.062439 -64.638916
v 1265.567383 527.062439 -95.413574
v 1266.101562 541.201660 -105.149902
v 1266.101562 562.410645 -105.149902
v 1265.567383 577.559814 -95.413574
v 1241.194336 527.062439 -65.881958
v 1241.194336 532.989258 -65.881958
v 1241.739258 532.989258 -75.825073
v 1241.565430 543.809448 -72.645752
v 1241.565430 560.039917 -72.645752
v 1241.739258 571.632935 -75.825073
v 1241.194336 571.632935 -65.881958
v 1241.194336 577.559814 -65.881958
v 1242.880859 577.559814 -96.656616
v 1243.415039 562.410645 -106.392944
v 1243.415039 541.201660 -106.392944
v 1242.880859 527.062439 -96.656616
v 1265.305664 583.389771 -95.427856
v 1263.619141 583.389771 -64.653198
v 1243.142578 583.389771 -96.642334
v 1241.456055 583.389771 -65.867676
v 1266.056641 565.318481 -109.138672
v 1243.894531 565.318481 -110.353027
v 1266.056641 538.003052 -109.138672
v 1243.894531 538.003052 -110.353027
v 1265.305664 521.232483 -95.427856
v 1243.142578 521.232483 -96.642334
v 1241.456055 521.232483 -65.867676
v 1263.619141 521.232483 -64.653198
v 1241.015625 527.062439 -62.608521
v 1241.015625 532.989258 -62.608521
v 1263.702148 527.062439 -61.365479
v 1263.702148 532.989258 -61.365479
v 1241.277344 521.232483 -62.594238
v 1263.439453 521.232483 -61.379761
v 1263.702148 577.559814 -61.365479
v 1263.702148 571.632935 -61.365479
v 1241.015625 577.559814 -62.608521
v 1241.015625 571.632935 -62.608521
v 1263.439453 583.389771 -61.379761
v 1241.277344 583.389771 -62.594238
v 1210.143555 560.039917 -74.367554
v 1210.318359 571.632935 -77.546875
v 1209.773438 571.632935 -67.603760
v 1209.773438 577.559814 -67.603760
v 1211.459961 577.559814 -98.378418
v 1209.773438 527.062439 -67.603760
v 1209.773438 532.989258 -67.603760
v 1210.318359 532.989258 -77.546875
v 1210.143555 543.809448 -74.367554
v 1211.993164 562.410645 -108.114258
v 1211.993164 541.201660 -108.114258
v 1211.459961 527.062439 -98.377930
v 1129.163086 527.062439 -72.020752
v 1130.849609 527.062439 -102.795410
v 1129.163086 577.559814 -72.020752
v 1130.849609 577.559814 -102.795410
v 1129.163086 562.410645 -72.020752
v 1131.383789 562.410645 -112.531738
v 1129.163086 541.201660 -72.020752
v 1131.383789 541.201660 -112.531738
v 1141.727539 532.989258 -71.332275
v 1141.727539 543.809448 -71.332275
v 1141.727539 560.039917 -71.332275
v 1141.727539 571.632935 -71.332275
v 1142.272461 532.989258 -81.275391
v 1142.097656 543.809448 -78.096069
v 1142.097656 560.039917 -78.096069
v 1142.272461 571.632935 -81.275391
v 1155.665039 577.559814 -70.568604
v 1155.665039 571.632935 -70.568604
v 1156.209961 571.632935 -80.511719
v 1156.035156 560.039917 -77.332397
v 1156.035156 543.809448 -77.332397
v 1156.209961 532.989258 -80.511719
v 1155.665039 532.989258 -70.568604
v 1155.665039 527.062439 -70.568604
v 1157.351562 527.062439 -101.343262
v 1157.884766 541.201660 -111.079590
v 1157.884766 562.410645 -111.079590
v 1157.351562 577.559814 -101.343262
v 1178.351562 527.062439 -69.325439
v 1178.351562 532.989258 -69.325439
v 1178.896484 532.989258 -79.268555
v 1178.721680 543.809448 -76.089233
v 1178.721680 560.039917 -76.089233
v 1178.896484 571.632935 -79.268555
v 1178.351562 571.632935 -69.325439
v 1178.351562 577.559814 -69.325439
v 1180.038086 577.559814 -100.100098
v 1180.571289 562.410645 -109.836426
v 1180.571289 541.201660 -109.836426
v 1180.038086 527.062439 -100.100098
v 1157.613281 583.389771 -101.328857
v 1155.926758 583.389771 -70.554199
v 1179.776367 583.389771 -100.114502
v 1178.089844 583.389771 -69.339844
v 1158.365234 565.318481 -115.039673
v 1180.527344 565.318481 -113.825317
v 1158.365234 538.003052 -115.039673
v 1180.527344 538.003052 -113.825317
v 1157.613281 521.232483 -101.328857
v 1179.776367 521.232483 -100.114502
v 1178.089844 521.232483 -69.339844
v 1155.926758 521.232483 -70.554199
v 1178.171875 527.062439 -66.052002
v 1178.171875 532.989258 -66.052002
v 1155.485352 527.062439 -67.295166
v 1155.485352 532.989258 -67.295166
v 1177.910156 521.232483 -66.066406
v 1155.748047 521.232483 -67.280762
v 1155.485352 577.559814 -67.295166
v 1155.485352 571.632935 -67.295166
v 1178.171875 577.559814 -66.052002
v 1178.171875 571.632935 -66.052002
v 1155.748047 583.389771 -67.280762
v 1177.910156 583.389771 -66.066406
v 1265.680664 529.617798 -102.283325
v 1243.518555 529.617798 -103.497803
v 1180.151367 529.617798 -106.969971
v 1157.989258 529.617798 -108.184326
v 1266.208008 529.617798 -111.895874
v 1244.044922 529.617798 -113.110352
v 1263.052734 521.232483 -111.370850
v 1247.125000 521.232483 -112.243652
v 1180.677734 529.617798 -116.582031
v 1158.515625 529.617798 -117.796387
v 1177.523438 521.232483 -116.057495
v 1161.594727 521.232483 -116.930298
v 841.275391 -71.159752 -146.422363
v 844.466797 -71.159752 -149.618164
v 845.633789 -71.159752 -153.972412
v 844.466797 -71.159752 -158.334961
v 841.275391 -71.159752 -161.522705
v 836.916016 -71.159752 -162.696533
v 832.556641 -71.159752 -161.522705
v 829.365234 -71.159752 -158.334961
v 828.197266 -71.159752 -153.972412
v 829.365234 -71.159752 -149.618164
v 832.556641 -71.159752 -146.422363
v 836.916016 -71.159752 -145.256836
v 841.275391 218.656403 -146.422363
v 844.466797 218.656403 -149.618164
v 845.633789 218.656403 -153.972412
v 844.466797 218.656403 -158.334961
v 841.275391 218.656403 -161.522705
v 836.916016 218.656403 -162.696533
v 832.556641 218.656403 -161.522705
v 829.365234 218.656403 -158.334961
v 828.197266 218.656403 -153.972412
v 829.365234 218.656403 -149.618164
v 832.556641 218.656403 -146.422363
v 836.916016 218.656403 -145.256836
v 842.651367 218.656403 -144.033936
v 846.850586 218.656403 -148.240967
v 848.388672 218.656403 -153.972412
v 846.850586 218.656403 -159.712402
v 842.651367 218.656403 -163.910889
v 836.916016 218.656403 -165.449585
v 831.179688 218.656403 -163.910889
v 826.980469 218.656403 -159.712402
v 825.443359 218.656403 -153.972412
v 826.980469 218.656403 -148.240967
v 831.179688 218.656403 -144.033936
v 836.916016 218.656403 -142.503540
v 842.651367 226.434784 -144.033936
v 846.850586 226.434784 -148.240967
v 848.388672 226.434784 -153.972412
v 846.850586 226.434784 -159.712402
v 842.651367 226.434784 -163.910889
v 836.916016 226.434784 -165.449585
v 831.179688 226.434784 -163.910889
v 826.980469 226.434784 -159.712402
v 825.443359 226.434784 -153.972412
v 826.980469 226.434784 -148.240967
v 831.179688 226.434784 -144.033936
v 836.916016 226.434784 -142.503540
v 841.369141 226.434784 -146.258301
v 844.629883 226.434784 -149.522461
v 845.824219 226.434784 -153.972412
v 844.629883 226.434784 -158.429443
v 841.369141 226.434784 -161.686523
v 836.916016 226.434784 -162.880737
v 832.460938 226.434784 -161.686523
v 829.201172 226.434784 -158.429443
v 828.005859 226.434784 -153.972412
v 829.201172 226.434784 -149.522461
v 832.460938 226.434784 -146.258301
v 836.916016 226.434784 -145.064087
v 841.369141 232.060730 -146.258301
v 844.629883 232.060730 -149.522461
v 845.824219 232.060730 -153.972412
v 844.629883 232.060730 -158.429443
v 841.369141 232.060730 -161.686523
v 836.916016 232.060730 -162.880737
v 832.460938 232.060730 -161.686523
v 829.201172 232.060730 -158.429443
v 828.005859 232.060730 -153.972412
v 829.201172 232.060730 -149.522461
v 832.460938 232.060730 -146.258301
v 836.916016 232.060730 -145.064087
v 842.962891 232.060730 -143.495361
v 847.388672 232.060730 -147.925049
v 849.010742 232.060730 -153.972412
v 847.388672 232.060730 -160.019775
v 842.962891 232.060730 -164.439819
v 836.914062 232.060730 -166.068237
v 830.867188 232.060730 -164.439819
v 826.439453 232.060730 -160.019775
v 824.818359 232.060730 -153.972412
v 826.439453 232.060730 -147.925049
v 830.867188 232.060730 -143.495361
v 836.914062 232.060730 -141.876587
v 842.962891 238.767365 -143.495361
v 847.388672 238.767365 -147.925049
v 849.010742 238.767365 -153.972412
v 847.388672 238.767365 -160.019775
v 842.962891 238.767365 -164.439819
v 836.914062 238.767365 -166.068237
v 830.867188 238.767365 -164.439819
v 826.439453 238.767365 -160.019775
v 824.818359 238.767365 -153.972412
v 826.439453 238.767365 -147.925049
v 830.867188 238.767365 -143.495361
v 836.914062 238.767365 -141.876587
v 841.378906 238.767365 -146.239136
v 844.646484 238.767365 -149.504517
v 845.841797 238.767365 -153.972412
v 844.646484 238.767365 -158.430786
v 841.378906 238.767365 -161.696045
v 836.914062 238.767365 -162.899902
v 832.449219 238.767365 -161.696045
v 829.182617 238.767365 -158.430786
v 827.986328 238.767365 -153.972412
v 829.182617 238.767365 -149.504517
v 832.449219 238.767365 -146.239136
v 836.914062 238.767365 -145.043945
v 841.378906 310.194855 -146.239136
v 844.646484 310.194855 -149.504517
v 845.841797 310.194855 -153.972412
v 844.646484 310.194855 -158.430786
v 841.378906 310.194855 -161.696045
v 836.914062 310.194855 -162.899902
v 832.449219 310.194855 -161.696045
v 829.182617 310.194855 -158.430786
v 827.986328 310.194855 -153.972412
v 829.182617 310.194855 -149.504517
v 832.449219 310.194855 -146.239136
v 836.914062 310.194855 -145.043945
v 842.944336 310.194855 -143.524170
v 847.360352 310.194855 -147.934570
v 848.975586 310.194855 -153.972412
v 847.360352 310.194855 -160.000610
v 842.944336 310.194855 -164.411133
v 836.914062 310.194855 -166.028931
v 830.881836 310.194855 -164.411133
v 826.468750 310.194855 -160.000610
v 824.851562 310.194855 -153.972412
v 826.468750 310.194855 -147.934570
v 830.881836 310.194855 -143.524170
v 836.914062 310.194855 -141.906616
v 842.944336 317.421722 -143.524170
v 847.360352 317.421722 -147.934570
v 848.975586 317.421722 -153.972412
v 847.360352 317.421722 -160.000610
v 842.944336 317.421722 -164.411133
v 836.914062 317.421722 -166.028931
v 830.881836 317.421722 -164.411133
v 826.468750 317.421722 -160.000610
v 824.851562 317.421722 -153.972412
v 826.468750 317.421722 -147.934570
v 830.881836 317.421722 -143.524170
v 836.914062 317.421722 -141.906616
v 841.480469 317.421722 -146.056152
v 844.821289 317.421722 -149.398193
v 846.043945 317.421722 -153.971191
v 844.821289 317.421722 -158.527710
v 841.480469 317.421722 -161.869507
v 836.914062 317.421722 -163.099731
v 832.347656 317.421722 -161.869507
v 829.005859 317.421722 -158.527710
v 827.782227 317.421722 -153.971191
v 829.005859 317.421722 -149.398193
v 832.347656 317.421722 -146.056152
v 836.914062 317.421722 -144.833252
v 841.480469 323.378143 -146.056152
v 844.821289 323.378143 -149.398193
v 846.043945 323.378143 -153.971191
v 844.821289 323.378143 -158.527710
v 841.480469 323.378143 -161.869507
v 836.914062 323.378143 -163.099731
v 832.347656 323.378143 -161.869507
v 829.005859 323.378143 -158.527710
v 827.782227 323.378143 -153.971191
v 829.005859 323.378143 -149.398193
v 832.347656 323.378143 -146.056152
v 836.914062 323.378143 -144.833252
v 843.004883 323.378143 -143.416504
v 847.462891 323.378143 -147.876099
v 849.095703 323.378143 -153.971191
v 847.462891 323.378143 -160.058105
v 843.004883 323.378143 -164.507812
v 836.914062 323.378143 -166.144897
v 830.822266 323.378143 -164.507812
v 826.363281 323.378143 -160.058105
v 824.729492 323.378143 -153.971191
v 826.363281 323.378143 -147.876099
v 830.822266 323.378143 -143.416504
v 836.914062 323.378143 -141.780884
v 843.004883 330.205658 -143.416504
v 847.462891 330.205658 -147.876099
v 849.095703 330.205658 -153.971191
v 847.462891 330.205658 -160.058105
v 843.004883 330.205658 -164.507812
v 836.914062 330.205658 -166.144897
v 830.822266 330.205658 -164.507812
v 826.363281 330.205658 -160.058105
v 824.729492 330.205658 -153.971191
v 826.363281 330.205658 -147.876099
v 830.822266 330.205658 -143.416504
v 836.914062 330.205658 -141.780884
v 841.197266 330.205658 -146.547852
v 844.332031 330.205658 -149.676880
v 845.479492 330.205658 -153.962891
v 844.332031 330.205658 -158.247803
v 841.197266 330.205658 -161.377808
v 836.912109 330.205658 -162.533691
v 832.628906 330.205658 -161.377808
v 829.494141 330.205658 -158.247803
v 828.345703 330.205658 -153.962891
v 829.494141 330.205658 -149.676880
v 832.628906 330.205658 -146.547852
v 836.912109 330.205658 -145.391968
v 841.197266 350.820770 -146.547852
v 844.332031 350.820770 -149.676880
v 845.479492 350.820770 -153.962891
v 844.332031 350.820770 -158.247803
v 841.197266 350.820770 -161.377808
v 836.912109 350.820770 -162.533691
v 832.628906 350.820770 -161.377808
v 829.494141 350.820770 -158.247803
v 828.345703 350.820770 -153.962891
v 829.494141 350.820770 -149.676880
v 832.628906 350.820770 -146.547852
v 836.912109 350.820770 -145.391968
v 842.359375 358.064545 -146.547852
v 845.388672 357.252838 -149.676880
v 846.498047 356.956085 -153.962891
v 845.388672 357.252838 -158.247803
v 842.359375 358.064545 -161.377808
v 838.222656 359.173187 -162.533691
v 834.083984 360.281830 -161.377808
v 831.054688 361.093414 -158.247803
v 829.947266 361.390533 -153.962891
v 831.054688 361.093414 -149.676880
v 834.083984 360.281830 -146.547852
v 838.222656 359.173187 -145.391968
v 846.277344 363.654022 -146.547852
v 848.742188 361.712433 -149.676880
v 849.641602 361.002289 -153.962891
v 848.742188 361.712433 -158.247803
v 846.277344 363.654022 -161.377808
v 842.914062 366.305756 -162.533691
v 839.550781 368.957855 -161.377808
v 837.087891 370.898956 -158.247803
v 836.185547 371.609955 -153.962891
v 837.087891 370.898956 -149.676880
v 839.550781 368.957855 -146.547852
v 842.914062 366.305756 -145.391968
v 852.239258 368.289459 -146.547852
v 853.761719 365.547394 -149.676880
v 854.316406 364.543915 -153.962891
v 853.761719 365.547394 -158.247803
v 852.239258 368.289459 -161.377808
v 850.162109 372.035004 -162.533691
v 848.083984 375.781281 -161.377808
v 846.562500 378.522919 -158.247803
v 846.004883 379.527069 -153.962891
v 846.562500 378.522919 -149.676880
v 848.083984 375.781281 -146.547852
v 850.162109 372.035004 -145.391968
v 859.794922 369.871979 -146.547852
v 859.960938 366.740387 -149.676880
v 860.019531 365.594635 -153.962891
v 859.960938 366.740387 -158.247803
v 859.794922 369.871979 -161.377808
v 859.570312 374.149445 -162.533691
v 859.345703 378.427399 -161.377808
v 859.181641 381.558380 -158.247803
v 859.121094 382.705170 -153.962891
v 859.181641 381.558380 -149.676880
v 859.345703 378.427399 -146.547852
v 859.570312 374.149445 -145.391968
v 918.328125 369.866913 -146.547852
v 918.265625 366.731537 -149.676880
v 918.412109 374.149445 -153.962891
v 918.243164 365.584503 -153.962891
v 918.265625 366.731537 -158.247803
v 918.328125 369.866913 -161.377808
v 918.412109 374.149445 -162.533691
v 918.497070 378.432404 -161.377808
v 918.558594 381.567169 -158.247803
v 918.582031 382.715302 -153.962891
v 918.558594 381.567169 -149.676880
v 918.497070 378.432404 -146.547852
v 918.412109 374.149445 -145.391968
v 1592.399414 656.949829 -217.284302
v 1592.117188 657.180969 -221.480225
v 1590.992188 653.548767 -221.587402
v 1594.570312 665.154785 -221.445312
v 1586.119141 655.522705 -286.656250
v 1587.243164 659.154846 -286.549194
v 1586.896484 659.178406 -290.747681
v 1589.696289 667.128662 -286.514404
v 1593.371094 653.292114 -287.193726
v 1594.205078 657.158997 -291.404419
v 1594.487305 656.927917 -287.208618
v 1596.951172 664.897705 -287.041138
v 1598.246094 651.318115 -222.124634
v 1599.361328 654.953979 -222.139404
v 1599.708008 654.930420 -217.941040
v 1601.825195 662.923828 -221.972290
v 1591.310547 653.419556 -217.329102
v 1594.889648 665.025452 -217.181885
v 1585.808594 655.648132 -290.792358
v 1589.386719 667.254028 -290.645386
v 1593.052734 653.421265 -291.451782
v 1596.630859 665.027100 -291.304688
v 1598.554688 651.192688 -217.988403
v 1602.134766 662.798462 -217.841187
v 1576.877930 606.611877 -217.922363
v 1576.578125 606.788391 -222.119019
v 1575.453125 603.156372 -222.231323
v 1579.032227 614.762085 -222.079102
v 1570.578125 605.130310 -287.302002
v 1571.705078 608.762329 -287.188110
v 1571.345703 608.749023 -291.387085
v 1574.157227 616.736145 -287.153320
v 1577.833984 602.899292 -287.825806
v 1578.677734 606.803345 -292.043091
v 1578.949219 606.535400 -287.847534
v 1581.412109 614.505249 -287.680298
v 1582.707031 600.925415 -222.758301
v 1583.823242 604.561523 -222.778442
v 1584.152344 604.483398 -218.580566
v 1586.285156 612.531372 -222.616333
v 1575.772461 603.027039 -217.967896
v 1579.351562 614.632874 -217.820801
v 1570.269531 605.255615 -291.431396
v 1573.847656 616.861450 -291.284302
v 1577.514648 603.028687 -292.090820
v 1581.092773 614.634521 -291.943726
v 1583.017578 600.800049 -218.627319
v 1586.595703 612.405945 -218.480103
v 1562.555664 560.164001 -218.511353
v 1562.255859 560.340515 -222.707886
v 1561.130859 556.708496 -222.820190
v 1564.710938 568.314209 -222.668091
v 1556.255859 558.682495 -287.890747
v 1557.382812 562.314453 -287.776978
v 1557.024414 562.301147 -291.975952
v 1559.835938 570.288269 -287.742310
v 1563.511719 556.451416 -288.414673
v 1564.355469 560.355469 -292.631836
v 1564.626953 560.087524 -288.436401
v 1567.089844 568.057373 -288.269165
v 1568.385742 554.477539 -223.347046
v 1569.500977 558.113647 -223.367310
v 1569.830078 558.035461 -219.169556
v 1571.963867 566.083557 -223.205200
v 1561.450195 556.579163 -218.556763
v 1565.029297 568.184998 -218.409790
v 1555.947266 558.807739 -292.020264
v 1559.525391 570.413574 -291.873169
v 1563.191406 556.580811 -292.679688
v 1566.771484 568.186646 -292.532593
v 1568.695312 554.352234 -219.216187
v 1572.273438 565.958130 -219.069092
v 1542.931641 527.172668 -307.667847
v 1544.134766 526.685608 -291.609619
v 1543.819336 526.812927 -295.806885
v 1542.699219 523.178833 -295.852905
v 1646.822266 864.103149 -303.396118
v 1648.832031 867.377319 -291.488770
v 1647.711914 863.743286 -291.534912
v 1648.025391 863.615967 -287.337769
v 1657.656250 860.773071 -304.382324
v 1654.034180 861.886475 -304.052612
v 1655.154297 865.520386 -304.006714
v 1658.859375 860.286255 -288.324097
v 1658.544922 860.413452 -292.521362
v 1659.665039 864.047363 -292.475342
v 1656.042969 865.160645 -292.145508
v 1656.358398 865.033447 -287.948120
v 1655.238281 861.399414 -287.994507
v 1549.022461 521.321899 -308.370605
v 1550.142578 524.955994 -308.324341
v 1553.763672 523.842773 -308.654297
v 1550.224609 520.834839 -292.312134
v 1549.910156 520.962158 -296.509277
v 1553.532227 519.848877 -296.839111
v 1554.652344 523.482910 -296.793091
v 1554.967773 523.355591 -292.595947
v 1551.345703 524.468872 -292.266113
v 1541.810547 523.538696 -307.713989
v 1543.013672 523.051514 -291.655640
v 1647.943359 867.737183 -303.350098
v 1649.146484 867.250000 -287.291748
v 1658.777344 864.407227 -304.336304
v 1659.979492 863.920044 -288.277954
v 1552.643555 520.208740 -308.700317
v 1553.847656 519.721558 -292.641968
v 1606.531250 702.781677 -216.703125
v 1606.249023 703.012817 -220.899048
v 1605.124023 699.380737 -221.011353
v 1608.703125 710.986450 -220.860962
v 1600.250000 701.354492 -286.075928
v 1601.375000 704.986633 -285.968140
v 1601.029297 705.010132 -290.166626
v 1603.828125 712.960571 -285.934937
v 1607.503906 699.123779 -286.611938
v 1608.337891 702.990784 -290.823486
v 1608.619141 702.759705 -286.627563
v 1611.083008 710.729492 -286.458740
v 1612.378906 697.149780 -221.538330
v 1613.494141 700.785828 -221.558472
v 1613.839844 700.762268 -217.359985
v 1615.957031 708.755737 -221.394531
v 1605.443359 699.251343 -216.747925
v 1609.021484 710.857239 -216.600830
v 1599.939453 701.479980 -290.211304
v 1603.518555 713.085815 -290.064331
v 1607.185547 699.252991 -290.870728
v 1610.763672 710.858887 -290.723633
v 1612.687500 697.024414 -217.407349
v 1616.266602 708.630310 -217.260254
v 1620.724609 748.813110 -216.119507
v 1620.443359 749.044189 -220.315430
v 1619.317383 745.412048 -220.427612
v 1622.896484 757.017822 -220.277466
v 1614.443359 747.385864 -285.492310
v 1615.568359 751.018066 -285.384399
v 1615.222656 751.041565 -289.583130
v 1618.021484 758.991943 -285.351196
v 1621.697266 745.155212 -286.028320
v 1622.531250 749.022217 -290.239868
v 1622.814453 748.791138 -286.043823
v 1625.276367 756.760864 -285.875122
v 1626.572266 743.181152 -220.954712
v 1627.687500 746.817261 -220.974854
v 1628.033203 746.793701 -216.776367
v 1630.150391 754.787109 -220.810791
v 1619.636719 745.282776 -216.164185
v 1623.214844 756.888672 -216.017212
v 1614.134766 747.511353 -289.627808
v 1617.712891 759.117188 -289.480713
v 1621.378906 745.284424 -290.287231
v 1624.957031 756.890259 -290.140137
v 1626.880859 743.055786 -216.823608
v 1630.459961 754.661743 -216.676514
v 1633.602539 790.575806 -215.590088
v 1633.302734 790.752319 -219.786621
v 1632.177734 787.120361 -219.900513
v 1635.755859 798.726196 -219.754517
v 1627.323242 789.086548 -284.714233
v 1628.429688 792.726318 -284.855591
v 1628.118164 792.863647 -289.052856
v 1630.882812 800.699951 -284.815674
v 1634.539062 786.870972 -285.748535
v 1635.355469 790.616577 -289.712402
v 1635.673828 790.499390 -285.515015
v 1638.136719 798.469238 -285.352905
v 1639.431641 784.889282 -220.424438
v 1640.547852 788.525391 -220.446045
v 1640.876953 788.447327 -216.248169
v 1643.010742 796.495178 -220.275635
v 1632.497070 786.990967 -215.635498
v 1636.076172 798.596802 -215.488403
v 1626.994141 789.219604 -289.099121
v 1630.574219 800.825439 -288.951782
v 1634.239258 786.992615 -289.758301
v 1637.817383 798.598511 -289.611206
v 1639.742188 784.764038 -216.294922
v 1643.320312 796.369873 -216.147705
v 1646.949219 833.862122 -215.041138
v 1646.678711 834.130127 -219.236694
v 1645.553711 830.497925 -219.347046
v 1649.131836 842.103882 -219.201782
v 1640.679688 832.471924 -284.418335
v 1641.804688 836.103943 -284.305908
v 1641.447266 836.090637 -288.504761
v 1644.257812 844.077759 -284.270874
v 1647.933594 830.240967 -284.945068
v 1648.779297 834.144958 -289.160522
v 1649.049805 833.877075 -284.965210
v 1651.511719 841.846802 -284.797607
v 1652.807617 828.267090 -219.878052
v 1653.923828 831.903137 -219.896118
v 1654.281250 831.916382 -215.697021
v 1656.386719 839.872925 -219.728638
v 1645.873047 830.368652 -215.085571
v 1649.451172 841.974487 -214.938232
v 1640.370117 832.597229 -288.549072
v 1643.949219 844.203125 -288.401855
v 1647.615234 830.370361 -289.208496
v 1651.193359 841.976196 -289.061279
v 1653.117188 828.141724 -215.744873
v 1656.696289 839.747559 -215.597656
v 728.552734 662.029968 -583.549561
v 728.205078 664.031494 -585.520508
v 728.078125 666.765564 -586.242065
v 728.205078 669.499695 -585.520508
v 728.552734 671.501160 -583.549561
v 729.026367 672.233765 -580.856262
v 729.500977 671.501160 -578.163879
v 729.847656 669.499695 -576.192993
v 729.974609 666.765564 -575.471497
v 729.847656 664.031494 -576.192993
v 729.500977 662.029968 -578.163879
v 729.026367 661.297363 -580.856262
v 922.125977 662.029968 -617.636719
v 921.777344 664.031494 -619.607422
v 921.650391 666.765564 -620.328979
v 921.777344 669.499695 -619.607422
v 922.125977 671.501160 -617.636719
v 922.598633 672.233765 -614.943176
v 923.074219 671.501160 -612.251038
v 923.419922 669.499695 -610.279907
v 923.546875 666.765564 -609.558411
v 923.419922 664.031494 -610.279907
v 923.074219 662.029968 -612.251038
v 922.598633 661.297363 -614.943176
v 922.598633 666.765564 -614.943176
v 725.880859 657.124329 -585.955017
v 725.173828 661.199219 -589.967346
v 724.915039 666.765564 -591.436279
v 725.173828 672.331970 -589.967346
v 725.880859 676.406799 -585.955017
v 726.846680 677.898254 -580.472351
v 727.811523 676.406799 -574.990112
v 728.517578 672.331970 -570.977295
v 728.776367 666.765564 -569.508545
v 728.517578 661.199219 -570.977295
v 727.811523 657.124329 -574.990112
v 726.845703 655.632935 -580.472107
v 719.889648 657.124329 -584.900085
v 719.183594 661.199219 -588.912659
v 720.855469 666.765564 -579.417419
v 718.924805 666.765564 -590.381592
v 719.183594 672.331909 -588.912659
v 719.890625 676.406799 -584.900330
v 720.855469 677.898254 -579.417419
v 721.821289 676.406799 -573.935425
v 722.527344 672.331909 -569.922607
v 722.786133 666.765564 -568.453857
v 722.527344 661.199219 -569.922607
v 721.820312 657.124329 -573.935181
v 720.854492 655.632874 -579.417175
vt 0.818938 0.146261
vt 0.818978 0.146044
vt 0.819908 0.146511
vt 0.820203 0.146362
vt 0.818842 0.146677
vt 0.819744 0.146888
vt 0.820038 0.146949
vt 0.820145 0.298787
vt 0.819702 0.299330
vt 0.805816 0.203210
vt 0.804914 0.202996
vt 0.806108 0.203274
vt 0.818890 0.146196
vt 0.818785 0.146594
vt 0.805772 0.355655
vt 0.804856 0.202919
vt 0.804809 0.203395
vt 0.805974 0.203902
vt 0.804749 0.203584
vt 0.805789 0.203602
vt 0.805915 0.356327
vt 0.804761 0.203331
vt 0.804600 0.202909
vt 0.818528 0.146589
vt 0.804292 0.202824
vt 0.818221 0.146502
vt 0.804421 0.203264
vt 0.804098 0.203377
vt 0.804556 0.202852
vt 0.818485 0.146528
vt 0.818540 0.146174
vt 0.818328 0.145837
vt 0.804156 0.203454
vt 0.818386 0.145914
vt 0.682152 0.534983
vt 0.696084 0.534983
vt 0.696084 0.548914
vt 0.682152 0.548914
vt 0.696084 0.548914
vt 0.682152 0.548914
vt 0.696084 0.534983
vt 0.682152 0.534983
vt 0.682152 0.534983
vt 0.696084 0.534983
vt 0.696084 0.548914
vt 0.682152 0.548914
vt 0.696084 0.548914
vt 0.682152 0.548914
vt 0.696084 0.534983
vt 0.682152 0.534983
vt 0.697190 0.534983
vt 0.697190 0.534983
vt 0.697190 0.548914
vt 0.697190 0.548914
vt 0.696116 0.548914
vt 0.696116 0.548914
vt 0.696116 0.534983
vt 0.696116 0.534983
vt 0.682090 0.534983
vt 0.682090 0.534983
vt 0.682090 0.548914
vt 0.682090 0.548914
vt 0.681016 0.548914
vt 0.681016 0.548914
vt 0.681016 0.534983
vt 0.681016 0.534983
vt 0.571108 0.256676
vt 0.574538 0.256676
vt 0.574538 0.267990
vt 0.571108 0.267990
vt 0.571159 0.364334
vt 0.574487 0.364334
vt 0.574487 0.364334
vt 0.571159 0.364334
vt 0.571108 0.267990
vt 0.574538 0.267990
vt 0.574538 0.256676
vt 0.571108 0.256676
vt 0.589731 0.256676
vt 0.589731 0.256676
vt 0.589731 0.267990
vt 0.589731 0.267990
vt 0.589731 0.267990
vt 0.589731 0.267990
vt 0.571108 0.267990
vt 0.571108 0.267990
vt 0.571159 0.364334
vt 0.574487 0.364334
vt 0.574487 0.364334
vt 0.571159 0.364334
vt 0.574538 0.267990
vt 0.574538 0.267990
vt 0.586302 0.256676
vt 0.586302 0.267990
vt 0.586302 0.267990
vt 0.586302 0.267990
vt 0.586302 0.267990
vt 0.586302 0.256676
vt 0.586353 0.364334
vt 0.586353 0.364334
vt 0.589680 0.364334
vt 0.589680 0.364334
vt 0.586353 0.364334
vt 0.586353 0.364334
vt 0.589680 0.364334
vt 0.589680 0.364334
vt 0.574186 0.267990
vt 0.571460 0.267990
vt 0.574186 0.267990
vt 0.571460 0.267990
vt 0.574186 0.267990
vt 0.571460 0.267990
vt 0.574186 0.267990
vt 0.571460 0.267990
vt 0.586653 0.267990
vt 0.586653 0.267990
vt 0.589379 0.267990
vt 0.589379 0.267990
vt 0.586653 0.267990
vt 0.586653 0.267990
vt 0.589379 0.267990
vt 0.589379 0.267990
vt 0.574186 0.351611
vt 0.571460 0.351611
vt 0.574186 0.351611
vt 0.571460 0.351611
vt 0.574186 0.351611
vt 0.571460 0.351611
vt 0.574186 0.351611
vt 0.571460 0.351611
vt 0.586653 0.351611
vt 0.586653 0.351611
vt 0.589379 0.351611
vt 0.589379 0.351611
vt 0.586653 0.351611
vt 0.586653 0.351611
vt 0.589379 0.351611
vt 0.589379 0.351611
vt 0.574487 0.351611
vt 0.571159 0.351611
vt 0.574487 0.351611
vt 0.571159 0.351611
vt 0.574487 0.351611
vt 0.571159 0.351611
vt 0.574487 0.351611
vt 0.571159 0.351611
vt 0.586353 0.351611
vt 0.586353 0.351611
vt 0.589680 0.351611
vt 0.589680 0.351611
vt 0.586353 0.351611
vt 0.586353 0.351611
vt 0.589680 0.351611
vt 0.589680 0.351611
vt -0.723559 0.444109
vt -0.723559 0.417397
vt -0.688617 0.417397
vt -0.688617 0.444109
vt -1.850718 0.749685
vt -1.852368 0.749685
vt -1.844486 0.749685
vt -1.842835 0.749685
vt -0.711578 0.444109
vt -0.711578 0.470821
vt -0.682970 0.470821
vt -0.682970 0.444109
vt -0.653992 0.444109
vt -0.653992 0.420410
vt -0.648677 0.420410
vt -0.648677 0.444109
vt -0.711578 0.417397
vt -0.717569 0.417397
vt -0.717569 0.444109
vt -0.699472 0.450637
vt -0.699472 0.434063
vt -0.707851 0.434063
vt -0.707851 0.450637
vt -1.849067 0.744498
vt -1.849067 0.749685
vt -1.841185 0.749685
vt -1.837986 0.741331
vt -1.852368 0.744498
vt -1.852368 0.739310
vt -1.840687 0.737038
vt -1.841395 0.742404
vt -1.821612 0.731318
vt -1.828642 0.725138
vt -1.826991 0.725138
vt -1.819962 0.731318
vt -1.811282 0.747558
vt -1.811282 0.745431
vt -1.818677 0.738389
vt -1.822452 0.743830
vt -1.822292 0.749685
vt -1.833303 0.749685
vt -1.834953 0.749685
vt -1.823943 0.749685
vt -1.825593 0.749685
vt -1.836604 0.749685
vt -1.832805 0.742226
vt -1.825540 0.744972
vt -1.852368 0.718069
vt -1.852368 0.732393
vt -1.850718 0.732393
vt -1.850718 0.718069
vt -1.845126 0.703744
vt -1.849067 0.703744
vt -1.849067 0.718069
vt -1.842054 0.718907
vt -1.829322 0.714441
vt -1.825341 0.725138
vt -1.830972 0.714441
vt -0.706652 0.512601
vt -0.706847 0.478639
vt -0.713664 0.458929
vt -0.712314 0.490617
vt -1.808092 0.737498
vt -1.814583 0.737498
vt -1.812932 0.737498
vt -1.806441 0.737498
vt -1.808092 0.749685
vt -1.814583 0.749685
vt -1.814583 0.747558
vt -1.808092 0.747558
vt -1.804791 0.749685
vt -1.811282 0.749685
vt -1.812933 0.749685
vt -1.806441 0.749685
vt -1.798299 0.747558
vt -1.798299 0.745431
vt -1.804791 0.745431
vt -1.804791 0.747558
vt -0.689451 0.417397
vt -0.654509 0.417397
vt -0.654509 0.444109
vt -0.689451 0.444109
vt -1.771697 0.749685
vt -1.763815 0.749685
vt -1.762165 0.749685
vt -1.770047 0.749685
vt -0.699745 0.444109
vt -0.699745 0.470821
vt -0.671137 0.470821
vt -0.671137 0.444109
vt -0.717410 0.420410
vt -0.722724 0.420410
vt -0.722724 0.444109
vt -0.717410 0.444109
vt -0.648519 0.417397
vt -0.642528 0.417397
vt -0.642528 0.444109
vt -0.648519 0.444109
vt -0.663884 0.450637
vt -0.663884 0.434063
vt -0.655506 0.434063
vt -0.655506 0.450637
vt -1.768396 0.749685
vt -1.760514 0.749685
vt -1.760514 0.744498
vt -1.771741 0.741293
vt -1.783195 0.742226
vt -1.786810 0.734766
vt -1.775313 0.737038
vt -1.774638 0.742439
vt -1.785891 0.725138
vt -1.787542 0.725138
vt -1.794571 0.731318
vt -1.792921 0.731318
vt -1.780077 0.740516
vt -1.783876 0.731346
vt -1.791088 0.738389
vt -1.787184 0.743849
vt -1.777929 0.749685
vt -1.776278 0.749685
vt -1.787289 0.749685
vt -1.788939 0.749685
vt -1.779579 0.749685
vt -1.790590 0.749685
vt -1.790601 0.744953
vt -1.762165 0.732393
vt -1.763815 0.732393
vt -1.763815 0.718069
vt -1.762164 0.718069
vt -1.784241 0.725138
vt -1.780260 0.714441
vt -1.781910 0.714441
vt -1.781804 0.725883
vt -1.779366 0.726628
vt -1.773881 0.715186
vt -1.776605 0.714140
vt -0.673299 0.411965
vt -0.647127 0.411965
vt -0.655506 0.411965
vt -0.681678 0.411965
vt -0.716229 0.450637
vt -0.716229 0.434063
vt -0.690057 0.434063
vt -0.690057 0.450637
vt -0.690057 0.467210
vt -0.663885 0.467210
vt -0.655506 0.467210
vt -0.681678 0.467210
vt -0.673299 0.467210
vt -0.647127 0.467210
vt -0.647127 0.450637
vt -0.673299 0.450637
vt -0.647127 0.450637
vt -0.647127 0.434063
vt -0.673299 0.434063
vt -0.673299 0.450637
vt -0.673299 0.467210
vt -0.699472 0.467210
vt -0.707850 0.467210
vt -0.681678 0.467210
vt -0.690057 0.467210
vt -0.716229 0.467210
vt -0.716229 0.450637
vt -0.690057 0.450637
vt -0.690057 0.411965
vt -0.716229 0.411965
vt -0.707850 0.411965
vt -0.681678 0.411965
vt -1.849067 0.699534
vt -1.849067 0.695324
vt -1.850718 0.695324
vt -1.850718 0.699534
vt -1.845126 0.699534
vt -1.836604 0.699534
vt -1.836604 0.695324
vt -1.834953 0.695324
vt -1.834953 0.699534
vt -0.717741 0.479298
vt -0.720480 0.439219
vt -0.720547 0.433869
vt -0.717775 0.473914
vt -1.776278 0.699534
vt -1.776278 0.695324
vt -1.777929 0.695324
vt -1.777929 0.699534
vt -1.777803 0.675678
vt -1.779579 0.675678
vt -1.779579 0.685501
vt -1.777803 0.685501
vt -1.763815 0.699534
vt -1.763815 0.695324
vt -1.762165 0.695324
vt -1.762165 0.699534
vt -0.653797 0.514028
vt -0.653797 0.508678
vt -0.650991 0.468599
vt -0.651024 0.473914
vt -0.653833 0.418903
vt -0.653827 0.444109
vt -0.702852 0.469314
vt -0.694125 0.467808
vt -0.681434 0.467808
vt -0.682812 0.469663
vt -0.648861 0.469314
vt -0.643362 0.467808
vt -0.643362 0.444109
vt -0.649080 0.444109
vt -0.714157 0.469314
vt -0.704754 0.467808
vt -0.699440 0.467808
vt -0.709136 0.469420
vt -0.723559 0.469314
vt -0.722724 0.467808
vt -0.723593 0.444109
vt -0.705920 0.418903
vt -0.712095 0.420410
vt -0.712095 0.444109
vt -0.705673 0.444109
vt -0.651930 0.469314
vt -0.661332 0.467808
vt -0.666647 0.467808
vt -0.656951 0.469420
vt -0.699472 0.423014
vt -0.673299 0.434063
vt -0.673299 0.423014
vt -0.699472 0.411965
vt -0.707851 0.411965
vt -0.707851 0.423015
vt -0.690057 0.411965
vt -0.663885 0.411965
vt -0.663885 0.423014
vt -0.690057 0.423014
vt -0.691367 0.527231
vt -0.691367 0.492192
vt -0.699107 0.485415
vt -0.699200 0.519856
vt -0.677432 0.527231
vt -0.677432 0.492192
vt -0.684399 0.492192
vt -0.684399 0.527231
vt -0.661950 0.512601
vt -0.661558 0.478639
vt -0.669495 0.485415
vt -0.669492 0.519586
vt -0.663884 0.423014
vt -0.690057 0.434063
vt -0.690057 0.423014
vt -0.655506 0.411965
vt -0.647127 0.411965
vt -0.647127 0.423014
vt -0.655506 0.423015
vt -0.673299 0.411965
vt -0.699472 0.411965
vt -0.699472 0.423014
vt -0.673299 0.423014
vt -1.784058 0.728242
vt -1.791270 0.731318
vt -1.791358 0.735095
vt -1.804791 0.737498
vt -1.811282 0.737498
vt -1.811282 0.741465
vt -1.804791 0.741465
vt -1.818311 0.731318
vt -1.825706 0.728242
vt -1.818326 0.735111
vt -1.849067 0.735852
vt -1.849067 0.739310
vt -1.837570 0.735328
vt -1.838400 0.732649
vt -1.781621 0.728987
vt -1.772195 0.735328
vt -1.771376 0.732610
vt -1.769940 0.729511
vt -1.760514 0.732393
vt -1.760514 0.718069
vt -1.767697 0.718933
vt -1.764455 0.703744
vt -1.760514 0.703744
vt -1.760514 0.699534
vt -1.764455 0.699534
vt -0.693229 0.469314
vt -0.671902 0.469664
vt -1.837244 0.703744
vt -1.841185 0.703744
vt -1.835928 0.715256
vt -1.833026 0.714286
vt -1.839131 0.695324
vt -1.837076 0.695324
vt -1.837076 0.685501
vt -1.839131 0.685501
vt -1.852368 0.699534
vt -1.852368 0.695324
vt -1.847100 0.695324
vt -1.847069 0.699550
vt -0.688617 0.470821
vt -0.653675 0.470821
vt -0.662885 0.469314
vt -0.688417 0.469665
vt -0.663236 0.469314
vt -0.671962 0.467808
vt -0.688292 0.467808
vt -0.689074 0.469663
vt -1.769145 0.703744
vt -1.774475 0.703744
vt -1.774413 0.699534
vt -1.769115 0.699550
vt -0.654938 0.458929
vt -0.656378 0.490757
vt -0.706847 0.478639
vt -0.706847 0.478639
vt -0.713664 0.458929
vt -0.713664 0.458929
vt -0.715002 0.479298
vt -0.715002 0.439219
vt -0.710729 0.452811
vt -0.710729 0.492891
vt -0.720480 0.439219
vt -0.720480 0.439219
vt -0.720547 0.433869
vt -0.720547 0.433869
vt -0.672095 0.467808
vt -0.672095 0.467808
vt -0.663043 0.467808
vt -0.663043 0.467808
vt -0.715002 0.514028
vt -0.715002 0.508678
vt -0.715002 0.468599
vt -0.715002 0.473949
vt -0.722724 0.467808
vt -0.713673 0.467808
vt -0.713673 0.467808
vt -0.648252 0.433869
vt -0.648185 0.428519
vt -0.648185 0.428519
vt -0.648252 0.433869
vt -0.653797 0.479298
vt -0.653797 0.439219
vt -0.653797 0.433869
vt -0.653797 0.473949
vt -0.691367 0.492192
vt -0.691367 0.492192
vt -0.699107 0.485415
vt -0.699107 0.485415
vt -0.706456 0.506484
vt -0.706456 0.466404
vt -0.698911 0.474258
vt -0.698911 0.514337
vt -0.677432 0.492192
vt -0.677432 0.492192
vt -0.684399 0.492192
vt -0.684399 0.492192
vt -0.691367 0.522191
vt -0.691367 0.482111
vt -0.684399 0.482111
vt -0.684399 0.522191
vt -0.661558 0.478639
vt -0.661558 0.478639
vt -0.669495 0.485415
vt -0.669495 0.485415
vt -0.677432 0.522191
vt -0.677432 0.482111
vt -0.669887 0.474258
vt -0.669887 0.514337
vt -0.662343 0.506484
vt -0.662343 0.466404
vt -0.658070 0.452811
vt -0.658070 0.492891
vt -0.648318 0.439219
vt -0.648318 0.439219
vt -0.654938 0.458929
vt -0.654938 0.458929
vt -0.712095 0.474917
vt -0.712095 0.467808
vt -0.717410 0.467808
vt -0.717410 0.474917
vt -0.653797 0.479256
vt -0.653797 0.483714
vt -0.653797 0.443634
vt -0.653797 0.439176
vt -0.653797 0.474798
vt -0.650780 0.434718
vt -0.650807 0.439151
vt -0.647763 0.394638
vt -0.647763 0.394638
vt -0.647818 0.399096
vt -0.647818 0.399096
vt -1.763815 0.672170
vt -1.763815 0.675678
vt -1.768938 0.675678
vt -1.768913 0.672182
vt -1.763815 0.668661
vt -1.762165 0.668661
vt -1.762165 0.672170
vt -1.768396 0.672170
vt -1.768396 0.675678
vt -1.764455 0.675678
vt -1.764455 0.672170
vt -1.777803 0.695324
vt -1.779579 0.695324
vt -1.776095 0.695324
vt -1.825606 0.933828
vt -1.825606 0.883961
vt -1.834544 0.883961
vt -1.834544 0.933828
vt -0.653797 0.496196
vt -0.653797 0.468599
vt -0.653797 0.456117
vt -0.650835 0.443634
vt -0.650912 0.456011
vt -0.648029 0.416037
vt -0.647874 0.403554
vt -0.647874 0.403554
vt -0.648029 0.416037
vt -1.763815 0.685501
vt -1.769083 0.695324
vt -1.769011 0.685564
vt -1.762165 0.675678
vt -1.762165 0.685501
vt -1.768396 0.685501
vt -1.768396 0.695324
vt -1.764455 0.695324
vt -1.764455 0.685501
vt -1.770450 0.675678
vt -1.772505 0.675678
vt -1.772505 0.685501
vt -1.770450 0.685501
vt -1.849067 0.672170
vt -1.849067 0.668661
vt -1.850718 0.668661
vt -1.850718 0.672170
vt -1.852368 0.672170
vt -1.852368 0.668661
vt -1.847297 0.668661
vt -1.847271 0.672182
vt -0.720980 0.399096
vt -0.720925 0.403554
vt -0.720925 0.403554
vt -0.720980 0.399096
vt -0.715002 0.479256
vt -0.715002 0.483714
vt -0.717963 0.443634
vt -0.717991 0.439151
vt -0.715002 0.434718
vt -0.715002 0.394638
vt -0.715002 0.399096
vt -0.715002 0.439176
vt -0.653992 0.474917
vt -0.653992 0.467808
vt -0.648677 0.467808
vt -0.648677 0.532910
vt -1.835189 0.695324
vt -1.833303 0.695324
vt -1.836897 0.695324
vt -1.849067 0.675678
vt -1.845126 0.675678
vt -1.845126 0.672170
vt -1.849067 0.685501
vt -1.850718 0.675678
vt -1.850718 0.685501
vt -1.852368 0.685501
vt -1.852368 0.675678
vt -1.847245 0.675678
vt -1.847172 0.685564
vt -0.720769 0.416037
vt -0.720614 0.428519
vt -0.720614 0.428519
vt -0.720769 0.416037
vt -0.715002 0.496196
vt -0.717808 0.468599
vt -0.717886 0.456011
vt -0.715002 0.443634
vt -0.715002 0.456116
vt -1.843482 0.933828
vt -1.843482 0.883961
vt -1.834544 0.883961
vt -1.834544 0.933828
vt -1.838601 0.695324
vt -1.836604 0.685501
vt -1.838601 0.685501
vt -1.845126 0.695324
vt -1.845126 0.685501
vt -0.706019 0.482027
vt -0.712095 0.482027
vt -0.717410 0.482027
vt -0.711503 0.482027
vt -0.660422 0.482027
vt -0.653992 0.482027
vt -0.648677 0.482027
vt -0.654937 0.482027
vt -0.653833 0.469314
vt -0.660090 0.468918
vt -0.724393 0.470821
vt -0.714507 0.469314
vt -0.717233 0.468927
vt -0.705920 0.469314
vt -0.699404 0.467808
vt -0.699416 0.468813
vt -1.782354 0.727704
vt -1.828006 0.725953
vt -1.830671 0.726768
vt -1.828372 0.729057
vt -1.827523 0.727702
vt -0.654361 0.470821
vt -0.661552 0.469314
vt -0.655551 0.468816
vt -1.763815 0.735852
vt -1.772792 0.723008
vt -1.852368 0.735852
vt -1.843253 0.723063
vt -0.701409 0.473595
vt -1.770450 0.699534
vt -1.768396 0.703744
vt -1.768396 0.699534
vt -1.769775 0.698459
vt -1.839131 0.672170
vt -1.841185 0.668661
vt -1.841185 0.672170
vt -1.839753 0.673161
vt -1.833303 0.699534
vt -1.836569 0.700266
vt -1.841185 0.699534
vt -1.839131 0.699534
vt -1.839806 0.698459
vt -0.656053 0.467808
vt -0.668744 0.467808
vt -0.662128 0.474917
vt -0.654048 0.473595
vt -1.768396 0.668661
vt -1.770450 0.672170
vt -1.769828 0.673161
vt -1.772337 0.703744
vt -1.773012 0.700266
vt -0.653675 0.417397
vt -0.653675 0.444109
vt -0.723559 0.470821
vt -0.654361 0.444109
vt -0.654361 0.417397
vt -0.682970 0.417397
vt -0.643362 0.420410
vt -0.717569 0.470821
vt -0.716229 0.467210
vt -0.707851 0.467210
vt -0.699472 0.467210
vt -1.829688 0.740516
vt -1.826072 0.731346
vt -1.829006 0.734766
vt -1.821795 0.740099
vt -1.814583 0.745431
vt -1.849067 0.732393
vt -1.850718 0.703744
vt -1.852368 0.703744
vt -1.839869 0.729581
vt -1.832623 0.714441
vt -1.836604 0.703744
vt -1.834953 0.703744
vt -1.833303 0.703744
vt -0.715002 0.519378
vt -0.710729 0.532971
vt -0.706456 0.546564
vt -1.798299 0.737498
vt -1.799950 0.737498
vt -1.801600 0.737498
vt -1.808092 0.745431
vt -1.801600 0.745431
vt -1.801600 0.747558
vt -1.801600 0.749685
vt -1.799950 0.749685
vt -1.798299 0.749685
vt -0.654509 0.470821
vt -0.689451 0.470821
vt -0.724393 0.444109
vt -0.724393 0.417397
vt -0.642528 0.470821
vt -0.671137 0.417397
vt -0.699745 0.417397
vt -0.648519 0.470821
vt -0.647127 0.467210
vt -0.655506 0.467210
vt -0.663884 0.467210
vt -1.760514 0.739310
vt -1.763815 0.739310
vt -1.763815 0.744498
vt -1.794205 0.740099
vt -1.763815 0.703744
vt -1.762165 0.703744
vt -1.776278 0.703744
vt -1.777929 0.703744
vt -1.779579 0.703744
vt -1.783561 0.714441
vt -0.716229 0.411965
vt -0.663885 0.434063
vt -0.663885 0.450637
vt -0.647127 0.434063
vt -0.699472 0.434063
vt -0.699472 0.450637
vt -0.716229 0.434063
vt -0.663884 0.411965
vt -1.841185 0.695324
vt -1.779579 0.699534
vt -1.776026 0.695324
vt -1.776026 0.685501
vt -1.776026 0.675678
vt -1.760514 0.695324
vt -0.648318 0.439219
vt -0.651058 0.479298
vt -0.653797 0.519378
vt -0.648861 0.418903
vt -0.723559 0.418903
vt -0.647127 0.423014
vt -0.716229 0.423014
vt -0.698911 0.554417
vt -0.691367 0.562270
vt -0.684399 0.562270
vt -0.677432 0.562270
vt -0.669887 0.554417
vt -0.662343 0.546564
vt -0.716229 0.423014
vt -1.798299 0.741465
vt -1.760514 0.735852
vt -0.686714 0.467808
vt -0.674023 0.467808
vt -1.837076 0.675678
vt -1.839131 0.675678
vt -1.841185 0.675678
vt -1.841185 0.685501
vt -1.841832 0.695324
vt -1.841770 0.699534
vt -1.841708 0.703744
vt -1.847038 0.703744
vt -0.688425 0.467808
vt -0.704621 0.467808
vt -1.774351 0.695324
vt -0.658070 0.532971
vt -0.720614 0.428519
vt -0.653992 0.467808
vt -0.653992 0.467808
vt -0.663043 0.467808
vt -0.672095 0.467808
vt -0.715002 0.428519
vt -0.715002 0.433869
vt -0.704621 0.467808
vt -0.704621 0.467808
vt -0.713673 0.467808
vt -0.722724 0.467808
vt -0.648185 0.428519
vt -0.648252 0.433869
vt -0.653797 0.428519
vt -0.722724 0.474917
vt -0.722724 0.482027
vt -0.653797 0.403554
vt -0.653797 0.399096
vt -0.653797 0.394638
vt -0.653797 0.434718
vt -0.647763 0.394638
vt -0.647818 0.399096
vt -0.647874 0.403554
vt -1.774061 0.675678
vt -1.774009 0.672170
vt -1.773957 0.668661
vt -1.768886 0.668661
vt -1.760514 0.668661
vt -1.760514 0.672170
vt -1.760514 0.675678
vt -1.764455 0.668661
vt -1.774392 0.695324
vt -1.772505 0.695324
vt -1.774265 0.695324
vt -1.843482 0.883961
vt -1.843482 0.933828
vt -1.843482 0.983694
vt -1.834544 0.983694
vt -1.825606 0.983694
vt -0.653797 0.416037
vt -0.648029 0.416037
vt -1.774206 0.685501
vt -1.760514 0.685501
vt -1.770450 0.695324
vt -1.842226 0.668661
vt -1.842174 0.672170
vt -1.842122 0.675678
vt -0.720925 0.403554
vt -0.720980 0.399096
vt -0.721036 0.394638
vt -0.721036 0.394638
vt -0.721036 0.394638
vt -0.718019 0.434718
vt -0.715002 0.474798
vt -0.715002 0.403554
vt -0.643362 0.532910
vt -0.643362 0.482027
vt -1.840597 0.695324
vt -1.838837 0.695324
vt -1.845126 0.668661
vt -1.841977 0.685501
vt -0.720769 0.416037
vt -0.715002 0.416037
vt -1.825606 0.883961
vt -1.825606 0.933828
vt -1.825606 0.983694
vt -1.834544 0.983694
vt -1.843482 0.983694
vt -1.836604 0.675678
vt -1.838601 0.675678
vt -1.840597 0.675678
vt -1.840597 0.685501
vt -0.717003 0.482027
vt -0.711281 0.482027
vt -0.705612 0.482027
vt -0.699943 0.482027
vt -0.649437 0.482027
vt -0.655513 0.482027
vt -0.661182 0.482027
vt -0.666852 0.482027
vt -1.780643 0.719255
vt -1.835357 0.719255
vt -0.693328 0.474917
vt 0.802569 0.378953
vt 0.803358 0.377773
vt 0.803358 0.377773
vt 0.802569 0.378953
vt 0.804538 0.376984
vt 0.804538 0.376984
vt 0.805930 0.376707
vt 0.805930 0.376707
vt 0.807323 0.376984
vt 0.807323 0.376984
vt 0.808503 0.377773
vt 0.808503 0.377773
vt 0.809292 0.378953
vt 0.809292 0.378953
vt 0.809569 0.380345
vt 0.809569 0.380345
vt 0.809292 0.381738
vt 0.809292 0.381738
vt 0.808503 0.382918
vt 0.808503 0.382918
vt 0.807323 0.383707
vt 0.807323 0.383707
vt 0.805930 0.383984
vt 0.805930 0.383984
vt 0.804538 0.383707
vt 0.804538 0.383707
vt 0.803358 0.382918
vt 0.803358 0.382918
vt 0.802569 0.381738
vt 0.802569 0.381738
vt 0.802292 0.380345
vt 0.802292 0.380345
vt 0.805930 0.380345
vt 0.802569 0.378953
vt 0.803358 0.377773
vt 0.803129 0.377773
vt 0.802365 0.378953
vt 0.804538 0.376984
vt 0.804271 0.376984
vt 0.805930 0.376707
vt 0.805619 0.376707
vt 0.807323 0.376984
vt 0.806967 0.376984
vt 0.808503 0.377773
vt 0.808109 0.377773
vt 0.809292 0.378953
vt 0.808873 0.378953
vt 0.809569 0.380345
vt 0.809141 0.380345
vt 0.809292 0.381738
vt 0.808873 0.381738
vt 0.808503 0.382918
vt 0.808109 0.382918
vt 0.807323 0.383707
vt 0.806967 0.383707
vt 0.805930 0.383984
vt 0.805619 0.383984
vt 0.804538 0.383707
vt 0.804271 0.383707
vt 0.803358 0.382918
vt 0.803129 0.382918
vt 0.802569 0.381738
vt 0.802365 0.381738
vt 0.802292 0.380345
vt 0.802097 0.380345
vt 0.802508 0.377773
vt 0.801836 0.378953
vt 0.803515 0.376984
vt 0.804702 0.376707
vt 0.805888 0.376984
vt 0.806895 0.377773
vt 0.807567 0.378953
vt 0.807803 0.380345
vt 0.807567 0.381738
vt 0.806895 0.382918
vt 0.805888 0.383707
vt 0.804702 0.383984
vt 0.803515 0.383707
vt 0.802508 0.382918
vt 0.801836 0.381738
vt 0.801600 0.380345
vt 0.801532 0.377773
vt 0.801104 0.378953
vt 0.802173 0.376984
vt 0.802929 0.376707
vt 0.803685 0.376984
vt 0.804326 0.377773
vt 0.804754 0.378953
vt 0.804904 0.380345
vt 0.804754 0.381738
vt 0.804326 0.382918
vt 0.803685 0.383707
vt 0.802929 0.383984
vt 0.802173 0.383707
vt 0.801532 0.382918
vt 0.801104 0.381738
vt 0.800954 0.380345
vt 0.800212 0.377773
vt 0.800081 0.378953
vt 0.800410 0.376984
vt 0.800642 0.376707
vt 0.800875 0.376984
vt 0.801072 0.377773
vt 0.801203 0.378953
vt 0.801250 0.380345
vt 0.801203 0.381738
vt 0.801072 0.382918
vt 0.800875 0.383707
vt 0.800642 0.383984
vt 0.800410 0.383707
vt 0.800212 0.382918
vt 0.800081 0.381738
vt 0.800034 0.380345
vt 0.798437 0.377773
vt 0.798449 0.378953
vt 0.798420 0.376984
vt 0.798399 0.376707
vt 0.798379 0.376984
vt 0.798362 0.377773
vt 0.798350 0.378953
vt 0.798346 0.380345
vt 0.798350 0.381738
vt 0.798362 0.382918
vt 0.798379 0.383707
vt 0.798399 0.383984
vt 0.798420 0.383707
vt 0.798437 0.382918
vt 0.798449 0.381738
vt 0.798453 0.380345
vt 0.794962 0.377773
vt 0.794973 0.378953
vt 0.794945 0.376984
vt 0.794924 0.376707
vt 0.794904 0.376984
vt 0.794887 0.377773
vt 0.794875 0.378953
vt 0.794871 0.380345
vt 0.794875 0.381738
vt 0.794887 0.382918
vt 0.794904 0.383707
vt 0.794924 0.383984
vt 0.794945 0.383707
vt 0.794962 0.382918
vt 0.794973 0.381738
vt 0.794977 0.380345
vt 0.102094 0.610482
vt 0.102083 0.609301
vt 0.101188 0.606860
vt 0.101206 0.609160
vt 0.102066 0.608513
vt 0.101160 0.605323
vt 0.102045 0.608236
vt 0.101127 0.604783
vt 0.102025 0.608513
vt 0.101095 0.605323
vt 0.102008 0.609301
vt 0.101067 0.606860
vt 0.101996 0.610482
vt 0.101048 0.609160
vt 0.101992 0.611874
vt 0.101042 0.611874
vt 0.101996 0.613266
vt 0.101048 0.614588
vt 0.102008 0.614447
vt 0.101067 0.616888
vt 0.102025 0.615236
vt 0.101095 0.618426
vt 0.102045 0.615512
vt 0.101127 0.618965
vt 0.102066 0.615236
vt 0.101160 0.618426
vt 0.102083 0.614447
vt 0.101188 0.616888
vt 0.102094 0.613266
vt 0.101206 0.614588
vt 0.102098 0.611874
vt 0.101212 0.611874
vt 0.098851 0.606860
vt 0.098870 0.609160
vt 0.098823 0.605323
vt 0.098791 0.604783
vt 0.098758 0.605323
vt 0.098730 0.606860
vt 0.098712 0.609160
vt 0.098705 0.611874
vt 0.098712 0.614588
vt 0.098730 0.616888
vt 0.098758 0.618426
vt 0.098791 0.618965
vt 0.098823 0.618426
vt 0.098851 0.616888
vt 0.098869 0.614588
vt 0.098876 0.611874
vt 0.801838 0.380345
vt 0.802149 0.378779
vt 0.802150 0.378779
vt 0.801838 0.380345
vt 0.802149 0.381911
vt 0.802149 0.381911
vt 0.803037 0.383239
vt 0.803037 0.383239
vt 0.804364 0.384126
vt 0.804364 0.384126
vt 0.805930 0.384438
vt 0.805930 0.384438
vt 0.807496 0.384126
vt 0.807496 0.384126
vt 0.808824 0.383239
vt 0.808824 0.383239
vt 0.809711 0.378779
vt 0.810023 0.380345
vt 0.810023 0.380345
vt 0.809711 0.378779
vt 0.808824 0.377452
vt 0.808824 0.377452
vt 0.807496 0.376565
vt 0.807496 0.376565
vt 0.805930 0.376253
vt 0.805930 0.376253
vt 0.804364 0.376565
vt 0.804364 0.376565
vt 0.803037 0.377452
vt 0.803037 0.377452
vt 0.809711 0.381911
vt 0.809711 0.381911
vt 0.086294 0.618064
vt 0.085369 0.617513
vt 0.083354 0.619312
vt 0.085203 0.620415
vt 0.084751 0.616687
vt 0.082118 0.617661
vt 0.084534 0.615713
vt 0.081684 0.615713
vt 0.084751 0.614740
vt 0.082118 0.613766
vt 0.085369 0.613914
vt 0.083354 0.612115
vt 0.086294 0.613362
vt 0.085203 0.611012
vt 0.087385 0.613169
vt 0.087385 0.610624
vt 0.088476 0.613362
vt 0.089566 0.611012
vt 0.089400 0.613914
vt 0.091416 0.612115
vt 0.090018 0.614740
vt 0.092652 0.613766
vt 0.090235 0.615713
vt 0.093085 0.615713
vt 0.090018 0.616687
vt 0.092652 0.617661
vt 0.089400 0.617513
vt 0.091416 0.619312
vt 0.088476 0.618064
vt 0.089566 0.620415
vt 0.087385 0.618258
vt 0.087385 0.620802
vt 0.083354 0.620158
vt 0.085203 0.621261
vt 0.082118 0.618507
vt 0.081684 0.616559
vt 0.082118 0.614612
vt 0.083354 0.612961
vt 0.085203 0.611858
vt 0.087385 0.611470
vt 0.089566 0.611858
vt 0.091416 0.612961
vt 0.092652 0.614612
vt 0.093085 0.616559
vt 0.092652 0.618507
vt 0.091416 0.620158
vt 0.089566 0.621261
vt 0.087385 0.621648
vt 0.086576 0.617282
vt 0.086947 0.617503
vt 0.086327 0.616950
vt 0.086240 0.616559
vt 0.086327 0.616168
vt 0.086576 0.615837
vt 0.086947 0.615615
vt 0.087385 0.615538
vt 0.087823 0.615615
vt 0.088194 0.615837
vt 0.088442 0.616168
vt 0.088529 0.616559
vt 0.088442 0.616950
vt 0.088194 0.617282
vt 0.087823 0.617503
vt 0.087385 0.617581
vt 0.087385 0.615713
vt 0.086947 0.357440
vt 0.086576 0.357218
vt 0.087385 0.356496
vt 0.086327 0.356887
vt 0.086240 0.356496
vt 0.086327 0.356105
vt 0.086576 0.355773
vt 0.086947 0.355552
vt 0.087385 0.355474
vt 0.087823 0.355552
vt 0.088194 0.355773
vt 0.088442 0.356105
vt 0.088529 0.356496
vt 0.088442 0.356887
vt 0.088194 0.357218
vt 0.087823 0.357440
vt 0.087385 0.357517
vt 0.086947 0.356364
vt 0.086576 0.356143
vt 0.086576 0.356788
vt 0.086947 0.357009
vt 0.086327 0.355811
vt 0.086327 0.356456
vt 0.086240 0.355420
vt 0.086240 0.356066
vt 0.086327 0.355029
vt 0.086327 0.355675
vt 0.086576 0.354698
vt 0.086576 0.355343
vt 0.086947 0.354477
vt 0.086947 0.355122
vt 0.087385 0.354399
vt 0.087385 0.355044
vt 0.087823 0.354477
vt 0.087823 0.355122
vt 0.088194 0.354698
vt 0.088194 0.355343
vt 0.088442 0.355029
vt 0.088442 0.355675
vt 0.088529 0.355420
vt 0.088529 0.356066
vt 0.088442 0.355811
vt 0.088442 0.356456
vt 0.088194 0.356143
vt 0.088194 0.356788
vt 0.087823 0.356364
vt 0.087823 0.357009
vt 0.087385 0.356442
vt 0.087385 0.357087
vt 0.087385 0.360279
vt 0.085578 0.359959
vt 0.085578 0.360389
vt 0.087385 0.360709
vt 0.089191 0.359959
vt 0.089191 0.360389
vt 0.092105 0.356066
vt 0.091745 0.357678
vt 0.091745 0.358108
vt 0.092105 0.356496
vt 0.091745 0.354453
vt 0.091745 0.354883
vt 0.087385 0.351852
vt 0.089191 0.352173
vt 0.089191 0.352603
vt 0.087385 0.352282
vt 0.085578 0.352173
vt 0.085578 0.352603
vt 0.082665 0.356066
vt 0.083024 0.354453
vt 0.083024 0.354883
vt 0.082665 0.356496
vt 0.083024 0.357678
vt 0.083024 0.358108
vt 0.839349 0.130587
vt 0.839349 0.130587
vt 0.836320 0.228662
vt 0.836149 0.233979
vt 0.833456 0.222260
vt 0.833285 0.227578
vt 0.836400 0.130587
vt 0.836400 0.130587
vt 0.077638 0.593076
vt 0.091707 0.593076
vt 0.089435 0.603551
vt 0.079910 0.603551
vt 0.089435 0.603551
vt 0.079910 0.603551
vt 0.091707 0.593076
vt 0.077638 0.593076
vt -0.862775 0.680200
vt -0.862775 0.672548
vt -0.860214 0.672548
vt -0.860214 0.680200
vt -0.860028 0.745845
vt -0.860129 0.745845
vt -0.857568 0.687852
vt -0.857466 0.687852
vt -0.859927 0.680200
vt -0.859927 0.745845
vt -0.857365 0.745845
vt -0.857365 0.680200
vt -0.860028 0.672548
vt -0.859927 0.672548
vt -0.857365 0.672548
vt -0.857466 0.672548
vt -0.754839 0.680200
vt -0.754839 0.672548
vt -0.754738 0.672548
vt -0.754738 0.680200
vt -0.860028 0.680200
vt -0.848818 0.738805
vt -0.855078 0.738805
vt -0.855078 0.731153
vt -0.848818 0.731153
vt -0.848543 0.745845
vt -0.854803 0.745845
vt -0.854905 0.687852
vt -0.848644 0.687852
vt -0.848543 0.672548
vt -0.854803 0.672548
vt -0.854803 0.680200
vt -0.848543 0.680200
vt -0.842283 0.672548
vt -0.842384 0.672548
vt -0.848644 0.672549
vt -0.861348 0.672548
vt -0.860129 0.672548
vt -0.857568 0.672548
vt -0.858786 0.672548
vt -0.856224 0.672548
vt -0.855006 0.672548
vt -0.855006 0.680200
vt -0.856224 0.680200
vt -0.856224 0.687852
vt -0.855006 0.687852
vt -0.858786 0.687852
vt -0.861348 0.745845
vt -0.860129 0.680200
vt -0.861348 0.680200
vt -0.862671 0.745845
vt -0.862566 0.745845
vt -0.862566 0.680200
vt -0.862671 0.680200
vt -0.857547 0.687852
vt -0.857443 0.687852
vt -0.860004 0.687852
vt -0.860109 0.687852
vt -0.757291 0.672548
vt -0.757187 0.672548
vt -0.757187 0.680200
vt -0.757291 0.680200
vt -0.862671 0.672548
vt -0.862566 0.672548
vt -0.860004 0.672548
vt -0.860109 0.672548
vt -0.851177 0.672548
vt -0.857443 0.672548
vt -0.857443 0.680200
vt -0.851177 0.680200
vt -0.851177 0.687852
vt -0.851281 0.687852
vt -0.851458 0.796798
vt -0.857724 0.796798
vt -0.857724 0.731153
vt -0.851458 0.731153
vt -0.851386 0.672548
vt -0.857652 0.672548
vt -0.857547 0.672548
vt -0.851281 0.672549
vt -0.763453 0.672548
vt -0.769719 0.672548
vt -0.769719 0.680200
vt -0.763453 0.680200
vt -0.763662 0.672548
vt -0.769928 0.672548
vt -0.769823 0.672548
vt -0.763557 0.672548
vt -0.763662 0.745845
vt -0.769928 0.745845
vt -0.769928 0.680200
vt -0.763662 0.680200
vt -0.763453 0.687852
vt -0.769719 0.687852
vt -0.769823 0.687852
vt -0.763557 0.687852
vt -0.801049 0.672548
vt -0.807315 0.672548
vt -0.807315 0.680200
vt -0.801049 0.680200
vt -0.801049 0.687852
vt -0.807315 0.687852
vt -0.807419 0.687852
vt -0.801153 0.687852
vt -0.801330 0.796798
vt -0.807596 0.796798
vt -0.807596 0.731153
vt -0.801330 0.731153
vt -0.801258 0.672548
vt -0.807524 0.672548
vt -0.807419 0.672548
vt -0.801153 0.672548
vt -0.813581 0.672548
vt -0.819847 0.672548
vt -0.819847 0.680200
vt -0.813581 0.680200
vt -0.813790 0.672548
vt -0.820056 0.672548
vt -0.819951 0.672548
vt -0.813685 0.672549
vt -0.813790 0.745845
vt -0.820056 0.745845
vt -0.820056 0.680200
vt -0.813790 0.680200
vt -0.813581 0.687852
vt -0.819847 0.687852
vt -0.819951 0.687852
vt -0.813685 0.687852
vt -0.826113 0.672548
vt -0.832379 0.672548
vt -0.832379 0.680200
vt -0.826113 0.680200
vt -0.826113 0.687852
vt -0.832379 0.687852
vt -0.832483 0.687852
vt -0.826217 0.687852
vt -0.826394 0.796798
vt -0.832660 0.796798
vt -0.832660 0.731153
vt -0.826394 0.731153
vt -0.826322 0.672548
vt -0.832588 0.672548
vt -0.832483 0.672548
vt -0.826217 0.672548
vt -0.838645 0.672548
vt -0.844911 0.672548
vt -0.844911 0.680200
vt -0.838645 0.680200
vt -0.838854 0.672548
vt -0.845120 0.672548
vt -0.845015 0.672548
vt -0.838749 0.672548
vt -0.838854 0.745845
vt -0.845120 0.745845
vt -0.845120 0.680200
vt -0.838854 0.680200
vt -0.838645 0.687852
vt -0.844911 0.687852
vt -0.845015 0.687852
vt -0.838749 0.687852
vt -0.788517 0.672548
vt -0.794783 0.672548
vt -0.794783 0.680200
vt -0.788517 0.680200
vt -0.788726 0.672548
vt -0.794992 0.672548
vt -0.794887 0.672548
vt -0.788621 0.672548
vt -0.788726 0.745845
vt -0.794992 0.745845
vt -0.794992 0.680200
vt -0.788726 0.680200
vt -0.788517 0.687852
vt -0.794783 0.687852
vt -0.794887 0.687852
vt -0.788621 0.687852
vt -0.775985 0.672548
vt -0.782251 0.672548
vt -0.782251 0.680200
vt -0.775985 0.680200
vt -0.775985 0.687852
vt -0.782251 0.687852
vt -0.782356 0.687852
vt -0.776090 0.687852
vt -0.776267 0.796798
vt -0.782533 0.796798
vt -0.782533 0.731153
vt -0.776267 0.731153
vt -0.776194 0.672548
vt -0.782460 0.672548
vt -0.782356 0.672548
vt -0.776090 0.672548
vt -0.761100 0.687852
vt -0.767360 0.687852
vt -0.767360 0.680200
vt -0.761100 0.680200
vt -0.760897 0.745845
vt -0.767158 0.745845
vt -0.767259 0.687852
vt -0.760999 0.687852
vt -0.760897 0.672548
vt -0.767158 0.672548
vt -0.767158 0.680200
vt -0.760897 0.680200
vt -0.761100 0.672548
vt -0.760999 0.672548
vt -0.811183 0.687852
vt -0.817443 0.687852
vt -0.817443 0.680200
vt -0.811183 0.680200
vt -0.810981 0.745845
vt -0.817241 0.745845
vt -0.817342 0.687852
vt -0.811082 0.687852
vt -0.810981 0.672548
vt -0.817241 0.672548
vt -0.817241 0.680200
vt -0.810981 0.680200
vt -0.804720 0.672548
vt -0.804821 0.672548
vt -0.811082 0.672548
vt -0.798734 0.738805
vt -0.804995 0.738805
vt -0.804995 0.731153
vt -0.798735 0.731153
vt -0.798460 0.672548
vt -0.792199 0.672548
vt -0.792301 0.672548
vt -0.798561 0.672548
vt -0.804720 0.680200
vt -0.798460 0.680200
vt -0.798460 0.745845
vt -0.804720 0.745845
vt -0.804821 0.687852
vt -0.798561 0.687852
vt -0.786141 0.687852
vt -0.792402 0.687852
vt -0.792402 0.680200
vt -0.786141 0.680200
vt -0.785939 0.745845
vt -0.792199 0.745845
vt -0.792301 0.687852
vt -0.786040 0.687852
vt -0.785939 0.672548
vt -0.792199 0.680200
vt -0.785939 0.680200
vt -0.779679 0.672548
vt -0.779780 0.672548
vt -0.786040 0.672548
vt -0.773693 0.738805
vt -0.779953 0.738805
vt -0.779953 0.731153
vt -0.773693 0.731153
vt -0.773418 0.672548
vt -0.767259 0.672548
vt -0.773519 0.672549
vt -0.779679 0.680200
vt -0.773418 0.680200
vt -0.773418 0.745845
vt -0.779679 0.745845
vt -0.779780 0.687852
vt -0.773519 0.687852
vt -0.823776 0.738805
vt -0.830037 0.738805
vt -0.830037 0.731153
vt -0.823776 0.731153
vt -0.823501 0.672548
vt -0.817342 0.672548
vt -0.823603 0.672548
vt -0.829762 0.672548
vt -0.829762 0.680200
vt -0.823501 0.680200
vt -0.823501 0.745845
vt -0.829762 0.745845
vt -0.829863 0.687852
vt -0.823603 0.687852
vt -0.836225 0.687852
vt -0.842485 0.687852
vt -0.842485 0.680200
vt -0.836225 0.680200
vt -0.836022 0.745845
vt -0.842283 0.745845
vt -0.842384 0.687852
vt -0.836123 0.687852
vt -0.836022 0.672548
vt -0.842283 0.680200
vt -0.836022 0.680200
vt -0.829863 0.672548
vt -0.836123 0.672548
vt -0.855042 0.713329
vt -0.855042 0.705677
vt -0.855042 0.698025
vt -0.848745 0.672548
vt -0.848782 0.698025
vt -0.842521 0.698025
vt -0.842485 0.672548
vt -0.842521 0.705677
vt -0.842521 0.713329
vt -0.848745 0.687852
vt -0.848782 0.713329
vt -0.857688 0.713329
vt -0.857652 0.687852
vt -0.857652 0.680200
vt -0.857688 0.705677
vt -0.857688 0.698025
vt -0.851422 0.698025
vt -0.845156 0.698025
vt -0.845156 0.705677
vt -0.845156 0.771321
vt -0.851386 0.687852
vt -0.851422 0.713329
vt -0.807560 0.771321
vt -0.807524 0.745845
vt -0.807524 0.680200
vt -0.807560 0.705677
vt -0.807560 0.698025
vt -0.801294 0.698025
vt -0.795028 0.698025
vt -0.795028 0.705677
vt -0.795028 0.771321
vt -0.801258 0.687852
vt -0.801294 0.713329
vt -0.832624 0.771321
vt -0.832588 0.745845
vt -0.832588 0.680200
vt -0.832624 0.705677
vt -0.832624 0.698025
vt -0.826358 0.698025
vt -0.820092 0.698025
vt -0.820092 0.705677
vt -0.820092 0.771321
vt -0.826322 0.687852
vt -0.826358 0.713329
vt -0.782496 0.771321
vt -0.782460 0.745845
vt -0.782460 0.680200
vt -0.782496 0.705677
vt -0.782496 0.698025
vt -0.776230 0.698025
vt -0.769964 0.698025
vt -0.769964 0.705677
vt -0.769964 0.771321
vt -0.776194 0.687852
vt -0.776230 0.713329
vt -0.804959 0.713329
vt -0.804923 0.687852
vt -0.804923 0.680200
vt -0.804959 0.705677
vt -0.804959 0.698025
vt -0.804923 0.672548
vt -0.798662 0.672548
vt -0.798698 0.698025
vt -0.792438 0.698025
vt -0.792402 0.672548
vt -0.792438 0.705677
vt -0.792438 0.713329
vt -0.798662 0.687852
vt -0.798698 0.713329
vt -0.779917 0.713329
vt -0.779881 0.687852
vt -0.779881 0.680200
vt -0.779917 0.705677
vt -0.779917 0.698025
vt -0.779881 0.672548
vt -0.773620 0.672548
vt -0.773657 0.698025
vt -0.767396 0.698025
vt -0.767360 0.672548
vt -0.767396 0.705677
vt -0.767396 0.713329
vt -0.773620 0.687852
vt -0.773657 0.713329
vt -0.830000 0.713329
vt -0.829964 0.687852
vt -0.829964 0.680200
vt -0.830000 0.705677
vt -0.830000 0.698025
vt -0.829964 0.672548
vt -0.823704 0.672548
vt -0.823740 0.698025
vt -0.817480 0.698025
vt -0.817443 0.672548
vt -0.817480 0.705677
vt -0.817480 0.713329
vt -0.823704 0.687852
vt -0.823740 0.713329
vt -0.860214 0.687852
vt -0.862775 0.745845
vt -0.854905 0.672548
vt -0.754637 0.672548
vt -0.754637 0.680200
vt -0.754637 0.745845
vt -0.754738 0.687852
vt -0.754839 0.687852
vt -0.855078 0.723501
vt -0.848818 0.723501
vt -0.842557 0.723501
vt -0.842557 0.731153
vt -0.842557 0.738805
vt -0.757187 0.687852
vt -0.757291 0.687852
vt -0.757396 0.745845
vt -0.757396 0.680200
vt -0.757396 0.672548
vt -0.857724 0.723501
vt -0.851458 0.723501
vt -0.845192 0.723501
vt -0.845192 0.731153
vt -0.845192 0.796798
vt -0.807596 0.723501
vt -0.801330 0.723501
vt -0.795064 0.723501
vt -0.795064 0.731153
vt -0.795064 0.796798
vt -0.832660 0.723501
vt -0.826394 0.723501
vt -0.820128 0.723501
vt -0.820128 0.731153
vt -0.820128 0.796798
vt -0.782533 0.723501
vt -0.776267 0.723501
vt -0.770000 0.723501
vt -0.770000 0.731153
vt -0.770000 0.796798
vt -0.811183 0.672548
vt -0.804995 0.723501
vt -0.798734 0.723501
vt -0.792474 0.723501
vt -0.792474 0.731153
vt -0.792474 0.738805
vt -0.786141 0.672548
vt -0.779953 0.723501
vt -0.773693 0.723501
vt -0.767433 0.723501
vt -0.767433 0.731153
vt -0.767433 0.738805
vt -0.830037 0.723501
vt -0.823776 0.723501
vt -0.817516 0.723501
vt -0.817516 0.731153
vt -0.817516 0.738805
vt -0.836225 0.672548
vt -0.692503 0.423090
vt -0.692503 0.406051
vt -0.685920 0.406051
vt -0.685920 0.423090
vt -0.692123 0.440129
vt -0.692503 0.440129
vt -0.685920 0.440129
vt -0.685539 0.440129
vt -0.691743 0.423090
vt -0.691743 0.440129
vt -0.685159 0.440129
vt -0.685159 0.423090
vt -0.692123 0.406051
vt -0.691743 0.406051
vt -0.685159 0.406051
vt -0.685539 0.406051
vt -0.679336 0.423090
vt -0.679336 0.406051
vt -0.678956 0.406051
vt -0.678956 0.423090
vt -0.692123 0.423090
vt -0.679336 0.440129
vt -0.678956 0.440129
vt -0.678575 0.440129
vt -0.678575 0.423090
vt -0.678575 0.406051
vt 0.837404 0.162769
vt 0.837404 0.162769
vt 0.836835 0.180474
vt 0.836835 0.180474
vt 0.835346 0.177143
vt 0.835346 0.177143
vt 0.835914 0.159438
vt 0.835914 0.159438
vt 0.839349 0.130587
vt 0.836149 0.233979
vt 0.836320 0.228662
vt 0.839349 0.130587
vt 0.833285 0.227578
vt 0.833456 0.222260
vt 0.836400 0.130587
vt 0.836400 0.130587
vt 0.805133 0.130587
vt 0.805133 0.130587
vt 0.808077 0.222260
vt 0.808247 0.227578
vt 0.805213 0.228662
vt 0.805384 0.233979
vt 0.802074 0.130587
vt 0.802074 0.130587
vt 0.801315 0.389532
vt 0.801315 0.403325
vt 0.804433 0.406173
vt 0.804433 0.386815
vt 0.801315 0.416427
vt 0.804433 0.424561
vt 0.801315 0.427556
vt 0.804433 0.440180
vt 0.801315 0.435622
vt 0.804433 0.451499
vt 0.801315 0.439835
vt 0.804433 0.457412
vt 0.801315 0.439783
vt 0.804433 0.457340
vt 0.801315 0.435471
vt 0.804433 0.451289
vt 0.801315 0.427322
vt 0.804433 0.439852
vt 0.801315 0.416133
vt 0.804433 0.424148
vt 0.801315 0.402999
vt 0.804433 0.405715
vt 0.801315 0.389205
vt 0.804433 0.386357
vt 0.801315 0.376103
vt 0.804433 0.367969
vt 0.801315 0.364974
vt 0.804433 0.352351
vt 0.801315 0.356909
vt 0.804433 0.341031
vt 0.801315 0.352696
vt 0.804433 0.335119
vt 0.801315 0.352747
vt 0.804433 0.335191
vt 0.801315 0.357059
vt 0.804433 0.341242
vt 0.801315 0.365208
vt 0.804433 0.352679
vt 0.801315 0.376397
vt 0.804433 0.368382
vt 0.817933 0.406173
vt 0.817933 0.386815
vt 0.817933 0.424561
vt 0.817933 0.440180
vt 0.817933 0.451499
vt 0.817933 0.457412
vt 0.817933 0.457340
vt 0.817933 0.451289
vt 0.817933 0.439852
vt 0.817933 0.424148
vt 0.817933 0.405715
vt 0.817933 0.386357
vt 0.817933 0.367969
vt 0.817933 0.352351
vt 0.817933 0.341031
vt 0.817933 0.335119
vt 0.817933 0.335191
vt 0.817933 0.341242
vt 0.817933 0.352679
vt 0.817933 0.368382
vt 0.846576 0.386815
vt 0.846576 0.406173
vt 0.849694 0.403325
vt 0.849694 0.389532
vt 0.846576 0.424561
vt 0.849694 0.416427
vt 0.846576 0.440180
vt 0.849694 0.427556
vt 0.846576 0.451499
vt 0.849694 0.435622
vt 0.846576 0.457412
vt 0.849694 0.439835
vt 0.846576 0.457340
vt 0.849694 0.439783
vt 0.846576 0.451289
vt 0.849694 0.435471
vt 0.846576 0.439852
vt 0.849694 0.427322
vt 0.846576 0.424148
vt 0.849694 0.416133
vt 0.846576 0.405715
vt 0.849694 0.402999
vt 0.846576 0.386357
vt 0.849694 0.389205
vt 0.846576 0.367969
vt 0.849694 0.376103
vt 0.846576 0.352351
vt 0.849694 0.364974
vt 0.846576 0.341031
vt 0.849694 0.356909
vt 0.846576 0.335119
vt 0.849694 0.352696
vt 0.846576 0.335191
vt 0.849694 0.352747
vt 0.846576 0.341242
vt 0.849694 0.357059
vt 0.846576 0.352679
vt 0.849694 0.365208
vt 0.846576 0.368382
vt 0.849694 0.376397
vt 0.801315 0.396265
vt 0.849694 0.396265
vt 0.817933 0.190135
vt 0.817933 0.210046
vt 0.833205 0.210046
vt 0.833205 0.190135
vt 0.817933 0.173173
vt 0.833205 0.173173
vt 0.817933 0.160819
vt 0.833205 0.160819
vt 0.817933 0.154283
vt 0.833205 0.154283
vt 0.817933 0.154205
vt 0.833205 0.154205
vt 0.817933 0.160591
vt 0.833205 0.160591
vt 0.817933 0.172819
vt 0.833205 0.172819
vt 0.817933 0.189689
vt 0.833205 0.189689
vt 0.817933 0.209552
vt 0.833205 0.209552
vt 0.817933 0.230462
vt 0.833205 0.230462
vt 0.817933 0.250373
vt 0.833205 0.250373
vt 0.817933 0.267335
vt 0.833205 0.267335
vt 0.817933 0.279689
vt 0.833205 0.279689
vt 0.817933 0.286225
vt 0.833205 0.286225
vt 0.817933 0.286304
vt 0.833205 0.286304
vt 0.817933 0.279917
vt 0.833205 0.279917
vt 0.817933 0.267690
vt 0.833205 0.267690
vt 0.817933 0.250819
vt 0.833205 0.250819
vt 0.817933 0.230956
vt 0.833205 0.230956
vt 0.833205 0.368382
vt 0.833205 0.386815
vt 0.833205 0.352679
vt 0.833205 0.341242
vt 0.833205 0.335191
vt 0.833205 0.335119
vt 0.833205 0.341031
vt 0.833205 0.352351
vt 0.833205 0.367969
vt 0.833205 0.386357
vt 0.833205 0.405715
vt 0.833205 0.424148
vt 0.833205 0.439852
vt 0.833205 0.451289
vt 0.833205 0.457340
vt 0.833205 0.457412
vt 0.833205 0.451499
vt 0.833205 0.440180
vt 0.833205 0.424561
vt 0.833205 0.406173
vt 0.817933 0.192371
vt 0.817933 0.210804
vt 0.833205 0.210804
vt 0.833205 0.192371
vt 0.817933 0.176668
vt 0.833205 0.176668
vt 0.817933 0.165230
vt 0.833205 0.165230
vt 0.817933 0.159180
vt 0.833205 0.159180
vt 0.817933 0.159107
vt 0.833205 0.159107
vt 0.817933 0.165020
vt 0.833205 0.165020
vt 0.817933 0.176340
vt 0.833205 0.176340
vt 0.817933 0.191958
vt 0.833205 0.191958
vt 0.817933 0.210346
vt 0.833205 0.210346
vt 0.817933 0.229704
vt 0.833205 0.229704
vt 0.817933 0.248137
vt 0.833205 0.248137
vt 0.817933 0.263841
vt 0.833205 0.263841
vt 0.817933 0.275278
vt 0.833205 0.275278
vt 0.817933 0.281329
vt 0.833205 0.281329
vt 0.817933 0.281401
vt 0.833205 0.281401
vt 0.817933 0.275488
vt 0.833205 0.275488
vt 0.817933 0.264169
vt 0.833205 0.264169
vt 0.817933 0.248550
vt 0.833205 0.248550
vt 0.817933 0.230162
vt 0.833205 0.230162
vt 0.805133 0.130587
vt 0.808247 0.227578
vt 0.808077 0.222260
vt 0.805133 0.130587
vt 0.805384 0.233979
vt 0.805213 0.228662
vt 0.802074 0.130587
vt 0.802074 0.130587
vt 0.805067 0.160671
vt 0.805067 0.160671
vt 0.805636 0.178376
vt 0.805636 0.178376
vt 0.804146 0.181707
vt 0.804146 0.181707
vt 0.803577 0.164002
vt 0.803577 0.164002
vt 0.680791 0.523171
vt 0.682867 0.523293
vt 0.683121 0.523424
vt 0.680809 0.523379
vt 0.681314 0.525091
vt 0.683390 0.525212
vt 0.682913 0.529948
vt 0.680496 0.530115
vt 0.679498 0.542539
vt 0.681117 0.545394
vt 0.681128 0.542741
vt 0.679637 0.540872
vt 0.679973 0.528195
vt 0.682390 0.528029
vt 0.688295 0.522654
vt 0.688256 0.527624
vt 0.689220 0.528213
vt 0.688933 0.522819
vt 0.679588 0.528877
vt 0.680151 0.542792
vt 0.681651 0.544661
vt 0.688779 0.529543
vt 0.688818 0.524573
vt 0.687013 0.523156
vt 0.686490 0.523043
vt 0.687012 0.524962
vt 0.686535 0.529698
vt 0.685008 0.545126
vt 0.685273 0.544411
vt 0.686937 0.542264
vt 0.686960 0.541958
vt 0.684750 0.542492
vt 0.686423 0.540344
vt 0.686012 0.527779
vt 0.678808 0.537969
vt 0.679770 0.538578
vt 0.679247 0.536659
vt 0.681664 0.536492
vt 0.685286 0.536243
vt 0.687530 0.536088
vt 0.688440 0.537305
vt 0.688053 0.538007
vt 0.685809 0.538162
vt 0.682187 0.538412
vt 0.795776 0.172044
vt 0.795551 0.171501
vt 0.795554 0.371584
vt 0.795780 0.372128
vt 0.795305 0.171644
vt 0.795308 0.371726
vt 0.795106 0.172436
vt 0.795109 0.372518
vt 0.795005 0.173664
vt 0.795009 0.373747
vt 0.795032 0.175001
vt 0.795035 0.375084
vt 0.795177 0.176086
vt 0.795181 0.376168
vt 0.795403 0.176630
vt 0.795407 0.376712
vt 0.795649 0.176486
vt 0.795652 0.376570
vt 0.795848 0.175694
vt 0.795851 0.375777
vt 0.795948 0.174466
vt 0.795951 0.374549
vt 0.795922 0.173130
vt 0.795925 0.373213
vt 0.795477 0.174065
vt 0.795480 0.374148
vt 0.786032 0.182284
vt 0.785806 0.181741
vt 0.785809 0.381823
vt 0.786035 0.382367
vt 0.785560 0.181884
vt 0.785564 0.381966
vt 0.785361 0.182675
vt 0.785364 0.382759
vt 0.785261 0.183903
vt 0.785264 0.383987
vt 0.785287 0.185239
vt 0.785290 0.385323
vt 0.785433 0.186326
vt 0.785436 0.386408
vt 0.785659 0.186869
vt 0.785662 0.386952
vt 0.785904 0.186725
vt 0.785907 0.386809
vt 0.786104 0.185934
vt 0.786107 0.386016
vt 0.786204 0.184706
vt 0.786207 0.384788
vt 0.786177 0.183369
vt 0.786181 0.383453
vt 0.785732 0.184305
vt 0.785735 0.384388
vt 0.791457 0.292338
vt 0.791661 0.292811
vt 0.791660 0.186215
vt 0.791455 0.185741
vt 0.791770 0.293565
vt 0.791768 0.186968
vt 0.791752 0.294390
vt 0.791750 0.187796
vt 0.791614 0.295073
vt 0.791612 0.188477
vt 0.791392 0.295425
vt 0.791390 0.188829
vt 0.791145 0.295356
vt 0.791144 0.188759
vt 0.790941 0.294880
vt 0.790939 0.188286
vt 0.790833 0.294131
vt 0.790831 0.187533
vt 0.790850 0.293301
vt 0.790848 0.186704
vt 0.790988 0.292618
vt 0.790987 0.186023
vt 0.791210 0.292266
vt 0.791209 0.185671
vt 0.791301 0.293847
vt 0.791299 0.187250
vt 0.796567 0.179362
vt 0.796339 0.179960
vt 0.796338 0.293612
vt 0.796566 0.293015
vt 0.796094 0.179752
vt 0.796093 0.293404
vt 0.795899 0.178796
vt 0.795898 0.292449
vt 0.795804 0.177346
vt 0.795803 0.290998
vt 0.795837 0.175793
vt 0.795836 0.289445
vt 0.795988 0.174552
vt 0.795987 0.288205
vt 0.796216 0.173956
vt 0.796215 0.287608
vt 0.796461 0.174163
vt 0.796460 0.287816
vt 0.796657 0.175120
vt 0.796656 0.288772
vt 0.796751 0.176569
vt 0.796750 0.290221
vt 0.796718 0.178121
vt 0.796717 0.291774
vt 0.796278 0.176957
vt 0.796277 0.290610
vt 0.683294 0.515845
vt 0.686020 0.515845
vt 0.686137 0.517679
vt 0.683031 0.517679
vt 0.683294 0.519512
vt 0.686020 0.519512
vt 0.685031 0.519512
vt 0.681974 0.519512
vt 0.679670 0.517679
vt 0.682153 0.517679
vt 0.682594 0.515845
vt 0.680190 0.515845
vt 0.681974 0.515845
vt 0.685031 0.515845
vt 0.692788 0.515845
vt 0.692452 0.515845
vt 0.693359 0.517679
vt 0.693307 0.517679
vt 0.681175 0.517679
vt 0.680190 0.519512
vt 0.682594 0.519512
vt 0.692452 0.519512
vt 0.692788 0.519512
vt 0.691059 0.517679
vt 0.690602 0.515845
vt 0.690602 0.519512
vt 0.689613 0.519512
vt 0.687075 0.517679
vt 0.687176 0.519512
vt 0.689684 0.519512
vt 0.689947 0.517679
vt 0.687176 0.515845
vt 0.689684 0.515845
vt 0.689613 0.515845
vt 0.679669 0.517679
vt 0.680572 0.519512
vt 0.680572 0.515845
vt 0.683629 0.515845
vt 0.688211 0.515845
vt 0.691050 0.515845
vt 0.691853 0.517679
vt 0.691050 0.519512
vt 0.688211 0.519512
vt 0.683629 0.519512
vt 0.787049 0.189601
vt 0.786821 0.190198
vt 0.786820 0.303851
vt 0.787048 0.303253
vt 0.786576 0.189991
vt 0.786575 0.303643
vt 0.786380 0.189034
vt 0.786379 0.302687
vt 0.786286 0.187585
vt 0.786285 0.301237
vt 0.786319 0.186032
vt 0.786318 0.299684
vt 0.786470 0.184791
vt 0.786469 0.298443
vt 0.786698 0.184195
vt 0.786697 0.297847
vt 0.786943 0.184401
vt 0.786942 0.298055
vt 0.787139 0.185359
vt 0.787138 0.299011
vt 0.787233 0.186807
vt 0.787232 0.300460
vt 0.787200 0.188360
vt 0.787199 0.302012
vt 0.786759 0.187196
vt 0.786758 0.300848
vt -0.695189 0.423090
vt -0.695189 0.406051
vt -0.688607 0.406051
vt -0.688607 0.423090
vt -0.694777 0.440129
vt -0.695189 0.440129
vt -0.688607 0.440129
vt -0.688196 0.440129
vt -0.694366 0.423090
vt -0.694366 0.440129
vt -0.687784 0.440129
vt -0.687784 0.423090
vt -0.694777 0.406051
vt -0.694366 0.406051
vt -0.687784 0.406051
vt -0.688196 0.406051
vt -0.682025 0.423090
vt -0.682025 0.406051
vt -0.681614 0.406051
vt -0.681614 0.423090
vt -0.694777 0.423090
vt -0.682025 0.440129
vt -0.681614 0.440129
vt -0.681203 0.440129
vt -0.681203 0.423090
vt -0.681203 0.406051
vt 0.834643 0.541100
vt 0.834643 0.541100
vt 0.834643 0.551436
vt 0.834643 0.551436
vt 0.834643 0.578015
vt 0.834643 0.578015
vt 0.829582 0.578015
vt 0.829582 0.578015
vt 0.829582 0.541100
vt 0.829582 0.541100
vt 0.829582 0.551436
vt 0.700767 0.732559
vt 0.700767 0.680054
vt 0.703428 0.610493
vt 0.703428 0.662998
vt 0.834643 0.566941
vt 0.829582 0.566941
vt 0.834643 0.566941
vt 0.829582 0.545433
vt 0.832244 0.545433
vt 0.832244 0.553343
vt 0.832244 0.565208
vt 0.832244 0.573683
vt 0.829582 0.573683
vt 0.829582 0.410947
vt 0.832244 0.410947
vt 0.832244 0.553343
vt 0.832244 0.565208
vt 0.832244 0.439197
vt 0.829582 0.439197
vt 0.700767 0.441002
vt 0.703428 0.441002
vt 0.700767 0.566016
vt 0.703428 0.566016
vt 0.824737 0.359925
vt 0.824737 0.347651
vt 0.829069 0.347651
vt 0.829069 0.359925
vt 0.825250 0.410947
vt 0.825250 0.545433
vt 0.696434 0.680054
vt 0.696434 0.441002
vt 0.696434 0.732559
vt 0.696434 0.566016
vt 0.825250 0.573683
vt 0.825250 0.439197
vt 0.829069 0.439954
vt 0.829069 0.452228
vt 0.824737 0.452228
vt 0.824737 0.439954
vt 0.829019 0.464301
vt 0.829019 0.464301
vt 0.824787 0.464301
vt 0.824787 0.464301
vt 0.829019 0.426877
vt 0.824787 0.426877
vt 0.829019 0.370308
vt 0.824787 0.370308
vt 0.829019 0.352942
vt 0.824787 0.352942
vt 0.824787 0.335577
vt 0.824787 0.335577
vt 0.829019 0.335577
vt 0.829019 0.335577
vt 0.819249 0.573683
vt 0.819249 0.439197
vt 0.825250 0.578015
vt 0.819249 0.578015
vt 0.825250 0.578015
vt 0.819249 0.578015
vt 0.825250 0.566941
vt 0.819249 0.566941
vt 0.825250 0.551436
vt 0.819249 0.551436
vt 0.825250 0.541100
vt 0.819249 0.541100
vt 0.829069 0.452228
vt 0.829069 0.452228
vt 0.824737 0.452228
vt 0.824737 0.452228
vt 0.829019 0.464301
vt 0.824787 0.464301
vt 0.829069 0.420855
vt 0.824737 0.420855
vt 0.829069 0.376932
vt 0.824737 0.376932
vt 0.829069 0.347651
vt 0.824737 0.347651
vt 0.824737 0.347651
vt 0.829069 0.347651
vt 0.824787 0.335577
vt 0.829019 0.335577
vt 0.824737 0.359925
vt 0.829069 0.359925
vt 0.829069 0.439954
vt 0.824737 0.439954
vt 0.819249 0.545433
vt 0.819249 0.541100
vt 0.825250 0.541100
vt 0.819249 0.410947
vt 0.690434 0.680054
vt 0.690434 0.441002
vt 0.690434 0.732559
vt 0.690434 0.566016
vt 0.803855 0.541100
vt 0.803855 0.551436
vt 0.803855 0.551436
vt 0.803855 0.541100
vt 0.803855 0.578015
vt 0.808916 0.578015
vt 0.808916 0.578015
vt 0.803855 0.578015
vt 0.808916 0.541100
vt 0.808916 0.541100
vt 0.808916 0.551436
vt 0.680101 0.732559
vt 0.677439 0.662998
vt 0.677439 0.610493
vt 0.680101 0.680054
vt 0.803855 0.566941
vt 0.808916 0.566941
vt 0.803855 0.566941
vt 0.808916 0.545433
vt 0.806254 0.545433
vt 0.806254 0.553343
vt 0.806254 0.565208
vt 0.806254 0.573683
vt 0.808916 0.573683
vt 0.808916 0.410947
vt 0.806254 0.410947
vt 0.806254 0.553343
vt 0.806254 0.565208
vt 0.806254 0.439197
vt 0.808916 0.439197
vt 0.677439 0.441002
vt 0.680101 0.441002
vt 0.680101 0.566016
vt 0.677439 0.566016
vt 0.812736 0.359925
vt 0.808403 0.359925
vt 0.808403 0.347651
vt 0.812736 0.347651
vt 0.813249 0.410947
vt 0.813249 0.545433
vt 0.684433 0.680054
vt 0.684433 0.441002
vt 0.684433 0.732559
vt 0.684433 0.566016
vt 0.813249 0.439197
vt 0.813249 0.573683
vt 0.808403 0.439954
vt 0.812736 0.439954
vt 0.812736 0.452228
vt 0.808403 0.452228
vt 0.808453 0.464301
vt 0.812686 0.464301
vt 0.812686 0.464301
vt 0.808453 0.464301
vt 0.812686 0.426877
vt 0.808453 0.426877
vt 0.812686 0.370308
vt 0.808453 0.370308
vt 0.812686 0.352942
vt 0.808453 0.352942
vt 0.812686 0.335577
vt 0.808453 0.335577
vt 0.808453 0.335577
vt 0.812686 0.335577
vt 0.813249 0.578015
vt 0.813249 0.578015
vt 0.813249 0.566941
vt 0.813249 0.551436
vt 0.813249 0.541100
vt 0.808403 0.452228
vt 0.808403 0.452228
vt 0.812736 0.452228
vt 0.812736 0.452228
vt 0.812686 0.464301
vt 0.808453 0.464301
vt 0.808403 0.420855
vt 0.812736 0.420855
vt 0.808403 0.376932
vt 0.812736 0.376932
vt 0.808403 0.347651
vt 0.812736 0.347651
vt 0.812736 0.347651
vt 0.808403 0.347651
vt 0.808453 0.335577
vt 0.812686 0.335577
vt 0.812736 0.359925
vt 0.808403 0.359925
vt 0.808403 0.439954
vt 0.812736 0.439954
vt 0.813249 0.541100
vt 0.824787 0.352942
vt 0.829019 0.352942
vt 0.828424 0.335577
vt 0.825382 0.335577
vt 0.808453 0.352942
vt 0.812686 0.352942
vt 0.812091 0.335577
vt 0.809049 0.335577
vt 0.812517 0.372285
vt 0.813126 0.372285
vt 0.813126 0.456792
vt 0.812517 0.456792
vt 0.813348 0.372285
vt 0.813348 0.456792
vt 0.813126 0.372285
vt 0.813126 0.456792
vt 0.812517 0.372285
vt 0.812517 0.456792
vt 0.811686 0.372285
vt 0.811686 0.456792
vt 0.810854 0.372285
vt 0.810854 0.456792
vt 0.810246 0.372285
vt 0.810246 0.456792
vt 0.810023 0.372285
vt 0.810023 0.456792
vt 0.810246 0.372285
vt 0.810246 0.456792
vt 0.810854 0.372285
vt 0.810854 0.456792
vt 0.811686 0.372285
vt 0.811686 0.456792
vt 0.827210 0.549809
vt 0.827198 0.547880
vt 0.827226 0.552444
vt 0.827193 0.547175
vt 0.827198 0.547880
vt 0.827210 0.549809
vt 0.827226 0.552444
vt 0.827242 0.555078
vt 0.827254 0.557006
vt 0.827258 0.557713
vt 0.827254 0.557006
vt 0.827242 0.555078
vt 0.827226 0.552444
vt 0.073519 0.672942
vt 0.074128 0.672942
vt 0.074582 0.672942
vt 0.073782 0.672942
vt 0.074350 0.672942
vt 0.074876 0.672942
vt 0.074128 0.672942
vt 0.074582 0.672942
vt 0.073519 0.672942
vt 0.073782 0.672942
vt 0.072688 0.672942
vt 0.072688 0.672942
vt 0.071857 0.672942
vt 0.071594 0.672942
vt 0.071248 0.672942
vt 0.070794 0.672942
vt 0.071026 0.672942
vt 0.070500 0.672942
vt 0.071248 0.672942
vt 0.070794 0.672942
vt 0.071857 0.672942
vt 0.071594 0.672942
vt 0.072688 0.672942
vt 0.072688 0.672942
vt 0.074582 0.677727
vt 0.073782 0.677727
vt 0.074876 0.677727
vt 0.074582 0.677727
vt 0.073782 0.677727
vt 0.072688 0.677727
vt 0.071594 0.677727
vt 0.070794 0.677727
vt 0.070500 0.677727
vt 0.070794 0.677727
vt 0.071594 0.677727
vt 0.072688 0.677727
vt 0.074159 0.677727
vt 0.073537 0.677727
vt 0.074387 0.677727
vt 0.074159 0.677727
vt 0.073537 0.677727
vt 0.072688 0.677727
vt 0.071839 0.677727
vt 0.071217 0.677727
vt 0.070989 0.677727
vt 0.071217 0.677727
vt 0.071839 0.677727
vt 0.072688 0.677727
vt 0.812535 0.461577
vt 0.813157 0.461577
vt 0.813157 0.465038
vt 0.812535 0.465038
vt 0.813384 0.461577
vt 0.813384 0.465038
vt 0.813157 0.461577
vt 0.813157 0.465038
vt 0.812535 0.461577
vt 0.812535 0.465038
vt 0.811686 0.461577
vt 0.811686 0.465038
vt 0.810836 0.461577
vt 0.810836 0.465038
vt 0.810215 0.461577
vt 0.810215 0.465038
vt 0.809987 0.461577
vt 0.809987 0.465038
vt 0.810215 0.461577
vt 0.810215 0.465038
vt 0.810836 0.461577
vt 0.810836 0.465038
vt 0.811686 0.461577
vt 0.811686 0.465038
vt 0.073537 0.681187
vt 0.074159 0.681187
vt 0.074685 0.681187
vt 0.073841 0.681187
vt 0.074387 0.681187
vt 0.074994 0.681187
vt 0.074159 0.681187
vt 0.074685 0.681187
vt 0.073537 0.681187
vt 0.073841 0.681187
vt 0.072688 0.681187
vt 0.072688 0.681187
vt 0.071839 0.681187
vt 0.071535 0.681187
vt 0.071217 0.681187
vt 0.070691 0.681187
vt 0.070989 0.681187
vt 0.070381 0.681187
vt 0.071217 0.681187
vt 0.070691 0.681187
vt 0.071839 0.681187
vt 0.071535 0.681187
vt 0.072688 0.681187
vt 0.072688 0.681187
vt 0.074685 0.685313
vt 0.073841 0.685313
vt 0.074994 0.685313
vt 0.074685 0.685313
vt 0.073841 0.685313
vt 0.072688 0.685313
vt 0.071535 0.685313
vt 0.070691 0.685313
vt 0.070381 0.685313
vt 0.070691 0.685313
vt 0.071535 0.685313
vt 0.072688 0.685313
vt 0.074162 0.685313
vt 0.073539 0.685313
vt 0.074390 0.685313
vt 0.074162 0.685313
vt 0.073539 0.685313
vt 0.072688 0.685313
vt 0.071836 0.685313
vt 0.071213 0.685313
vt 0.070985 0.685313
vt 0.071213 0.685313
vt 0.071836 0.685313
vt 0.072688 0.685313
vt 0.812537 0.469163
vt 0.813160 0.469163
vt 0.813160 0.513102
vt 0.812537 0.513102
vt 0.813388 0.469163
vt 0.813388 0.513102
vt 0.813160 0.469163
vt 0.813160 0.513102
vt 0.812537 0.469163
vt 0.812537 0.513102
vt 0.811685 0.469163
vt 0.811685 0.513102
vt 0.810834 0.469163
vt 0.810834 0.513102
vt 0.810211 0.469163
vt 0.810211 0.513102
vt 0.809983 0.469163
vt 0.809983 0.513102
vt 0.810211 0.469163
vt 0.810211 0.513102
vt 0.810834 0.469163
vt 0.810834 0.513102
vt 0.811685 0.469163
vt 0.811685 0.513102
vt 0.073539 0.729252
vt 0.074162 0.729252
vt 0.074680 0.729252
vt 0.073838 0.729252
vt 0.074390 0.729252
vt 0.074988 0.729252
vt 0.074162 0.729252
vt 0.074680 0.729252
vt 0.073539 0.729252
vt 0.073838 0.729252
vt 0.072688 0.729252
vt 0.072688 0.729252
vt 0.071836 0.729252
vt 0.071538 0.729252
vt 0.071213 0.729252
vt 0.070696 0.729252
vt 0.070985 0.729252
vt 0.070387 0.729252
vt 0.071213 0.729252
vt 0.070696 0.729252
vt 0.071836 0.729252
vt 0.071538 0.729252
vt 0.072688 0.729252
vt 0.072688 0.729252
vt 0.074680 0.733697
vt 0.073838 0.733697
vt 0.074988 0.733697
vt 0.074680 0.733697
vt 0.073838 0.733697
vt 0.072688 0.733697
vt 0.071538 0.733697
vt 0.070696 0.733697
vt 0.070387 0.733697
vt 0.070696 0.733697
vt 0.071538 0.733697
vt 0.072688 0.733697
vt 0.074196 0.733697
vt 0.073558 0.733697
vt 0.074429 0.733697
vt 0.074196 0.733697
vt 0.073558 0.733697
vt 0.072688 0.733697
vt 0.071817 0.733697
vt 0.071180 0.733697
vt 0.070946 0.733697
vt 0.071180 0.733697
vt 0.071817 0.733697
vt 0.072688 0.733697
vt 0.812556 0.517548
vt 0.813193 0.517548
vt 0.813193 0.521212
vt 0.812556 0.521212
vt 0.813426 0.517548
vt 0.813426 0.521212
vt 0.813193 0.517548
vt 0.813193 0.521212
vt 0.812556 0.517548
vt 0.812556 0.521212
vt 0.811685 0.517548
vt 0.811685 0.521212
vt 0.810815 0.517548
vt 0.810815 0.521212
vt 0.810178 0.517548
vt 0.810178 0.521212
vt 0.809944 0.517548
vt 0.809944 0.521212
vt 0.810178 0.517548
vt 0.810178 0.521212
vt 0.810815 0.517548
vt 0.810815 0.521212
vt 0.811685 0.517548
vt 0.811685 0.521212
vt 0.073558 0.737361
vt 0.074196 0.737361
vt 0.074699 0.737361
vt 0.073849 0.737361
vt 0.074429 0.737361
vt 0.075011 0.737361
vt 0.074196 0.737361
vt 0.074699 0.737361
vt 0.073558 0.737361
vt 0.073849 0.737361
vt 0.072688 0.737361
vt 0.072688 0.737361
vt 0.071817 0.737361
vt 0.071526 0.737361
vt 0.071180 0.737361
vt 0.070676 0.737361
vt 0.070946 0.737361
vt 0.070364 0.737361
vt 0.071180 0.737361
vt 0.070676 0.737361
vt 0.071817 0.737361
vt 0.071526 0.737361
vt 0.072688 0.737361
vt 0.072688 0.737361
vt 0.074699 0.741561
vt 0.073849 0.741561
vt 0.075011 0.741561
vt 0.074699 0.741561
vt 0.073849 0.741561
vt 0.072688 0.741561
vt 0.071526 0.741561
vt 0.070676 0.741561
vt 0.070364 0.741561
vt 0.070676 0.741561
vt 0.071526 0.741561
vt 0.072688 0.741561
vt 0.074102 0.741561
vt 0.073504 0.741561
vt 0.074321 0.741561
vt 0.074102 0.741561
vt 0.073504 0.741561
vt 0.072688 0.741561
vt 0.071871 0.741561
vt 0.071273 0.741561
vt 0.071054 0.741561
vt 0.071273 0.741561
vt 0.071871 0.741561
vt 0.072688 0.741561
vt 0.812502 0.525412
vt 0.813100 0.525412
vt 0.813100 0.538093
vt 0.812502 0.538093
vt 0.813319 0.525412
vt 0.813319 0.538093
vt 0.813100 0.525412
vt 0.813100 0.538093
vt 0.812502 0.525412
vt 0.812502 0.538093
vt 0.811685 0.525412
vt 0.811685 0.538093
vt 0.810868 0.525412
vt 0.810868 0.538093
vt 0.810270 0.525412
vt 0.810270 0.538093
vt 0.810052 0.525412
vt 0.810052 0.538093
vt 0.810270 0.525412
vt 0.810270 0.538093
vt 0.810868 0.525412
vt 0.810868 0.538093
vt 0.811685 0.525412
vt 0.811685 0.538093
vt 0.813301 0.542050
vt 0.812724 0.542549
vt 0.813513 0.541867
vt 0.813301 0.542050
vt 0.812724 0.542549
vt 0.811935 0.543231
vt 0.811146 0.543913
vt 0.810568 0.544412
vt 0.810357 0.544595
vt 0.810568 0.544412
vt 0.811146 0.543913
vt 0.811935 0.543231
vt 0.813941 0.544793
vt 0.813471 0.545987
vt 0.814112 0.544356
vt 0.813941 0.544793
vt 0.813471 0.545987
vt 0.812830 0.547619
vt 0.812188 0.549250
vt 0.811719 0.550444
vt 0.811547 0.550882
vt 0.811719 0.550444
vt 0.812188 0.549250
vt 0.812830 0.547619
vt 0.814898 0.547152
vt 0.814608 0.548839
vt 0.815004 0.546535
vt 0.814898 0.547152
vt 0.814608 0.548839
vt 0.814211 0.551143
vt 0.813815 0.553447
vt 0.813525 0.555134
vt 0.813419 0.555752
vt 0.813525 0.555134
vt 0.813815 0.553447
vt 0.814211 0.551143
vt 0.816080 0.547886
vt 0.816048 0.549812
vt 0.816091 0.547181
vt 0.816080 0.547886
vt 0.816048 0.549812
vt 0.816006 0.552444
vt 0.815963 0.555075
vt 0.815931 0.557001
vt 0.815920 0.557707
vt 0.815931 0.557001
vt 0.815963 0.555075
vt 0.816006 0.552444
vt 0.814034 0.169066
vt 0.814381 0.168519
vt 0.813166 0.168220
vt 0.813228 0.168904
vt 0.814039 0.168756
vt 0.813396 0.168596
vt 0.814246 0.169147
vt 0.813901 0.322962
vt 0.813701 0.322625
vt 0.814483 0.169459
vt 0.814277 0.169068
vt 0.812686 0.170160
vt 0.813057 0.169965
vt 0.813939 0.322938
vt 0.814649 0.168872
vt 0.813434 0.168572
vt 0.813634 0.168910
vt 0.814292 0.169405
vt 0.813486 0.169242
vt 0.814169 0.323314
vt 0.812954 0.170513
vt 0.813296 0.170276
vt 0.813268 0.169160
vt 0.813031 0.168848
vt 0.816114 0.160650
vt 0.816464 0.160095
vt 0.815249 0.159796
vt 0.815312 0.160470
vt 0.816122 0.160332
vt 0.815479 0.160172
vt 0.816329 0.160723
vt 0.815984 0.314538
vt 0.815784 0.314201
vt 0.816567 0.161035
vt 0.816361 0.160643
vt 0.814769 0.161736
vt 0.815141 0.161540
vt 0.816022 0.314514
vt 0.816732 0.160448
vt 0.815517 0.160148
vt 0.815718 0.160485
vt 0.816378 0.160975
vt 0.815568 0.160825
vt 0.816253 0.314890
vt 0.815380 0.161852
vt 0.815037 0.162088
vt 0.815352 0.160736
vt 0.815114 0.160423
vt 0.818034 0.152886
vt 0.818384 0.152331
vt 0.817169 0.152031
vt 0.817232 0.152706
vt 0.818042 0.152567
vt 0.817399 0.152407
vt 0.818249 0.152958
vt 0.817905 0.306773
vt 0.817704 0.306436
vt 0.818487 0.153270
vt 0.818281 0.152879
vt 0.816689 0.153971
vt 0.817061 0.153776
vt 0.817943 0.306749
vt 0.818653 0.152683
vt 0.817437 0.152384
vt 0.817638 0.152721
vt 0.818299 0.153210
vt 0.817488 0.153060
vt 0.818173 0.307126
vt 0.816958 0.154324
vt 0.817300 0.154087
vt 0.817272 0.152971
vt 0.817034 0.152659
vt 0.819149 0.147080
vt 0.819245 0.146664
vt 0.820510 0.299267
vt 0.820051 0.299793
vt 0.820187 0.146877
vt 0.820317 0.147315
vt 0.819257 0.146410
vt 0.806122 0.356115
vt 0.805221 0.203399
vt 0.806387 0.203640
vt 0.819197 0.146597
vt 0.819093 0.146990
vt 0.820008 0.147230
vt 0.820451 0.146688
vt 0.806079 0.203556
vt 0.805162 0.203322
vt 0.805116 0.203798
vt 0.806280 0.356807
vt 0.806068 0.203968
vt 0.805027 0.203950
vt 0.805067 0.203734
vt 0.806222 0.204228
vt 0.804907 0.203312
vt 0.818835 0.146991
vt 0.804571 0.203190
vt 0.818499 0.146868
vt 0.804700 0.203630
vt 0.804463 0.203857
vt 0.804863 0.203255
vt 0.818793 0.146928
vt 0.818818 0.146540
vt 0.818693 0.146317
vt 0.804404 0.203780
vt 0.818634 0.146240
vt 0.812140 0.176727
vt 0.812486 0.176181
vt 0.811271 0.175882
vt 0.811333 0.176566
vt 0.812144 0.176418
vt 0.811501 0.176258
vt 0.812351 0.176809
vt 0.812006 0.330624
vt 0.811806 0.330286
vt 0.812589 0.177121
vt 0.812383 0.176729
vt 0.810791 0.177822
vt 0.811163 0.177626
vt 0.812044 0.330600
vt 0.812754 0.176534
vt 0.811539 0.176234
vt 0.811739 0.176571
vt 0.812398 0.177066
vt 0.811591 0.176904
vt 0.812275 0.330976
vt 0.811059 0.178174
vt 0.811402 0.177938
vt 0.811374 0.176822
vt 0.811136 0.176509
vt 0.810237 0.184423
vt 0.810583 0.183876
vt 0.809368 0.183577
vt 0.809430 0.184261
vt 0.810241 0.184113
vt 0.809598 0.183953
vt 0.810448 0.184504
vt 0.810103 0.338319
vt 0.809903 0.337982
vt 0.810686 0.184816
vt 0.810480 0.184424
vt 0.808888 0.185517
vt 0.809260 0.185321
vt 0.810141 0.338295
vt 0.810851 0.184229
vt 0.809636 0.183929
vt 0.809836 0.184266
vt 0.810495 0.184761
vt 0.809688 0.184599
vt 0.810371 0.338671
vt 0.809156 0.185869
vt 0.809499 0.185633
vt 0.809470 0.184517
vt 0.809233 0.184204
vt 0.808509 0.191404
vt 0.808859 0.190849
vt 0.807644 0.190549
vt 0.807707 0.191224
vt 0.808517 0.191085
vt 0.807874 0.190925
vt 0.808724 0.191476
vt 0.808379 0.345291
vt 0.808178 0.344954
vt 0.808961 0.191788
vt 0.808752 0.191397
vt 0.807164 0.192489
vt 0.807535 0.192294
vt 0.808417 0.345267
vt 0.809127 0.191201
vt 0.807912 0.190902
vt 0.808112 0.191237
vt 0.808762 0.191752
vt 0.807965 0.191552
vt 0.808647 0.345644
vt 0.807774 0.192605
vt 0.807432 0.192842
vt 0.807746 0.191489
vt 0.807509 0.191177
vt 0.806722 0.198640
vt 0.807065 0.198100
vt 0.805850 0.197801
vt 0.805912 0.198491
vt 0.806723 0.198337
vt 0.806080 0.198177
vt 0.806930 0.198728
vt 0.806586 0.352542
vt 0.806385 0.352205
vt 0.807168 0.199040
vt 0.806962 0.198648
vt 0.805370 0.199741
vt 0.805742 0.199545
vt 0.806624 0.352519
vt 0.807334 0.198453
vt 0.806118 0.198153
vt 0.806319 0.198490
vt 0.806980 0.198979
vt 0.806170 0.198829
vt 0.806854 0.352895
vt 0.805639 0.200093
vt 0.805981 0.199857
vt 0.805953 0.198740
vt 0.805715 0.198428
vt 0.784917 0.192506
vt 0.784917 0.192887
vt 0.822396 0.192887
vt 0.822396 0.192506
vt 0.784917 0.193409
vt 0.822396 0.193409
vt 0.784917 0.193930
vt 0.822396 0.193930
vt 0.784917 0.194312
vt 0.822396 0.194312
vt 0.784917 0.194451
vt 0.822396 0.194451
vt 0.784917 0.194312
vt 0.822396 0.194312
vt 0.784917 0.193930
vt 0.822396 0.193930
vt 0.784917 0.193409
vt 0.822396 0.193409
vt 0.784917 0.192887
vt 0.822396 0.192887
vt 0.784917 0.192506
vt 0.822396 0.192506
vt 0.784917 0.192366
vt 0.822396 0.192366
vt 0.783335 0.192347
vt 0.783334 0.191570
vt 0.783335 0.193409
vt 0.783335 0.193409
vt 0.783335 0.194470
vt 0.783335 0.195247
vt 0.783335 0.195532
vt 0.783335 0.195247
vt 0.783335 0.194470
vt 0.783335 0.193409
vt 0.783335 0.192347
vt 0.783334 0.191570
vt 0.783334 0.191286
vt 0.822396 0.193409
vt 0.784494 0.191570
vt 0.784494 0.192347
vt 0.784494 0.193409
vt 0.784494 0.194470
vt 0.784494 0.195247
vt 0.784495 0.195532
vt 0.784494 0.195247
vt 0.784494 0.194470
vt 0.784494 0.193409
vt 0.784494 0.192347
vt 0.784494 0.191570
vt 0.784494 0.191286
vn -0.294403 -0.955656 -0.006940
vn -0.294397 -0.955658 -0.006957
vn -0.294397 -0.955658 -0.006962
vn -0.294407 -0.955655 -0.006929
vn -0.079293 0.037080 -0.996162
vn -0.079288 0.037082 -0.996162
vn -0.079282 0.037092 -0.996162
vn -0.079300 0.037082 -0.996161
vn -0.952812 0.292780 0.080182
vn -0.952812 0.292787 0.080152
vn -0.952811 0.292790 0.080154
vn -0.952811 0.292780 0.080194
vn -0.079300 0.037082 -0.996161
vn -0.079293 0.037080 -0.996162
vn -0.952815 0.292779 0.080148
vn -0.952812 0.292780 0.080183
vn -0.952815 0.292780 0.080149
vn 0.079284 -0.037103 0.996161
vn 0.079305 -0.037083 0.996160
vn 0.079300 -0.037081 0.996161
vn 0.079284 -0.037114 0.996161
vn -0.294395 -0.955658 -0.006963
vn -0.294394 -0.955659 -0.006973
vn -0.952811 0.292780 0.080195
vn 0.079300 -0.037080 0.996161
vn 0.079305 -0.037082 0.996161
vn -0.079287 0.037089 -0.996162
vn -0.079282 0.037086 -0.996162
vn 0.294396 0.955658 0.006955
vn 0.294403 0.955656 0.006932
vn 0.294387 0.955661 0.006922
vn 0.294381 0.955663 0.006960
vn -0.952805 0.292800 0.080188
vn -0.952819 0.292763 0.080160
vn 0.294393 0.955659 0.006964
vn 0.294379 0.955664 0.006974
vn 0.079306 -0.037035 0.996162
vn 0.079317 -0.037029 0.996162
vn -0.079278 0.037076 -0.996163
vn -0.079279 0.037076 -0.996163
vn 0.952815 -0.292781 -0.080142
vn 0.952810 -0.292778 -0.080208
vn 0.952810 -0.292780 -0.080208
vn 0.952815 -0.292782 -0.080144
vn 0.952822 -0.292749 -0.080179
vn 0.952811 -0.292772 -0.080230
vn 0.952809 -0.292777 -0.080231
vn 0.294426 0.955649 0.006945
vn 0.294423 0.955650 0.006942
vn 0.952808 -0.292779 -0.080231
vn 0.079314 -0.037086 0.996160
vn 0.079314 -0.037086 0.996160
vn -0.294397 -0.955658 -0.006948
vn -0.294397 -0.955658 -0.006944
vn 0.952774 -0.292886 -0.080246
vn 0.952760 -0.292923 -0.080279
vn -0.952815 0.292778 0.080148
vn -0.952767 0.292904 0.080268
vn 0.952853 -0.292686 -0.080033
vn -0.079297 0.037096 -0.996161
vn 0.294433 0.955647 0.006952
vn 0.079285 -0.037048 0.996163
vn -0.294396 -0.955658 -0.006960
vn -0.079300 0.037062 -0.996162
vn 0.952814 -0.292782 -0.080153
vn 0.079284 -0.037083 0.996162
vn -0.819365 0.000000 0.573272
vn -0.819365 0.000000 0.573272
vn -0.819365 0.000000 0.573272
vn -0.819365 0.000000 0.573272
vn 0.000000 1.000000 -0.000001
vn 0.000000 1.000000 -0.000001
vn 0.000000 1.000000 -0.000001
vn 0.000000 1.000000 -0.000001
vn 0.819365 0.000000 -0.573273
vn 0.819365 0.000000 -0.573273
vn 0.819365 0.000000 -0.573273
vn 0.819365 0.000000 -0.573273
vn 0.000000 -1.000000 -0.000002
vn 0.000000 -1.000000 -0.000002
vn 0.000000 -1.000000 -0.000002
vn 0.000000 -1.000000 -0.000002
vn 0.573241 0.000000 0.819387
vn 0.573241 0.000000 0.819387
vn 0.573241 0.000000 0.819387
vn 0.573241 0.000000 0.819387
vn -0.573237 0.000000 -0.819390
vn -0.573237 0.000000 -0.819390
vn -0.573237 0.000000 -0.819390
vn -0.573237 0.000000 -0.819390
vn -0.819365 0.000000 0.573272
vn -0.819365 0.000000 0.573272
vn -0.819365 0.000000 0.573272
vn -0.819365 0.000000 0.573272
vn 0.000000 1.000000 -0.000001
vn 0.000000 1.000000 -0.000001
vn 0.000000 1.000000 -0.000001
vn 0.000000 1.000000 -0.000001
vn 0.819358 0.000000 -0.573282
vn 0.819358 0.000000 -0.573282
vn 0.819358 0.000000 -0.573282
vn 0.819358 0.000000 -0.573282
vn 0.000000 -1.000000 -0.000002
vn 0.000000 -1.000000 -0.000002
vn 0.000000 -1.000000 -0.000002
vn 0.000000 -1.000000 -0.000002
vn 0.573281 0.000000 0.819359
vn 0.573281 0.000000 0.819359
vn 0.573281 0.000000 0.819359
vn 0.573281 0.000000 0.819359
vn -0.573369 0.000000 -0.819298
vn -0.573369 0.000000 -0.819298
vn -0.573369 0.000000 -0.819298
vn -0.573369 0.000000 -0.819298
vn 0.573283 0.000000 0.819358
vn 0.573283 0.000000 0.819358
vn 0.573283 0.000000 0.819358
vn 0.573283 0.000000 0.819358
vn 0.000000 1.000000 0.000003
vn 0.000000 1.000000 0.000003
vn 0.000000 1.000000 0.000003
vn 0.000000 1.000000 0.000003
vn -0.573289 0.000000 -0.819353
vn -0.573289 0.000000 -0.819353
vn -0.573289 0.000000 -0.819353
vn -0.573289 0.000000 -0.819353
vn 0.000000 -1.000000 0.000002
vn 0.000000 -1.000000 0.000002
vn 0.000000 -1.000000 0.000002
vn 0.000000 -1.000000 0.000002
vn 0.819295 0.000000 -0.573372
vn 0.819295 0.000000 -0.573372
vn 0.819295 0.000000 -0.573372
vn 0.819295 0.000000 -0.573372
vn -0.819388 0.000000 0.573239
vn -0.819388 0.000000 0.573239
vn -0.819388 0.000000 0.573239
vn -0.819388 0.000000 0.573239
vn 0.573290 0.000000 0.819353
vn 0.573290 0.000000 0.819353
vn 0.573290 0.000000 0.819353
vn 0.573290 0.000000 0.819353
vn 0.000000 1.000000 -0.000003
vn 0.000000 1.000000 -0.000003
vn 0.000000 1.000000 -0.000003
vn 0.000000 1.000000 -0.000003
vn -0.573282 0.000000 -0.819358
vn -0.573282 0.000000 -0.819358
vn -0.573282 0.000000 -0.819358
vn -0.573282 0.000000 -0.819358
vn 0.000000 -1.000000 -0.000004
vn 0.000000 -1.000000 -0.000004
vn 0.000000 -1.000000 -0.000004
vn 0.000000 -1.000000 -0.000004
vn 0.819411 0.000000 -0.573207
vn 0.819411 0.000000 -0.573207
vn 0.819411 0.000000 -0.573207
vn 0.819411 0.000000 -0.573207
vn -0.819323 0.000000 0.573332
vn -0.819323 0.000000 0.573332
vn -0.819323 0.000000 0.573332
vn -0.819323 0.000000 0.573332
vn -0.819359 0.000000 0.573281
vn -0.819358 0.000000 0.573282
vn -0.819358 0.000000 0.573282
vn -0.819359 0.000000 0.573281
vn 0.000000 1.000000 0.000002
vn 0.000000 1.000000 0.000002
vn 0.000000 1.000000 0.000002
vn 0.000000 1.000000 0.000002
vn 0.819359 0.000000 -0.573281
vn 0.819347 0.000000 -0.573298
vn 0.819347 0.000000 -0.573298
vn 0.819359 0.000000 -0.573281
vn 0.000000 -1.000000 0.000000
vn 0.000000 -1.000000 0.000000
vn 0.000000 -1.000000 0.000000
vn 0.000000 -1.000000 0.000000
vn 0.573277 0.000023 0.819362
vn 0.573277 0.000023 0.819362
vn 0.573277 0.000023 0.819362
vn 0.573277 0.000023 0.819362
vn 0.573277 0.000023 0.819362
vn 0.573277 0.000023 0.819362
vn -0.573281 0.000029 -0.819359
vn -0.573281 0.000029 -0.819359
vn -0.573281 0.000029 -0.819359
vn -0.573281 0.000029 -0.819359
vn -0.573281 0.000029 -0.819359
vn -0.573281 0.000029 -0.819359
vn 0.000000 1.000000 0.000000
vn 0.000000 1.000000 0.000000
vn 0.000000 1.000000 0.000000
vn 0.000000 1.000000 0.000000
vn 0.000000 1.000000 0.000000
vn 0.000000 1.000000 -0.000000
vn 0.000000 1.000000 -0.000000
vn 0.000000 1.000000 0.000000
vn -0.819353 0.000000 0.573290
vn -0.819353 0.000000 0.573290
vn 0.000000 1.000000 0.000000
vn 0.000000 1.000000 0.000000
vn 0.000000 1.000000 -0.000000
vn 0.000000 1.000000 -0.000000
vn 0.000000 1.000000 0.000000
vn 0.000000 1.000000 0.000000
vn 0.819347 0.000000 -0.573298
vn 0.819347 0.000000 -0.573298
vn 0.000000 -1.000000 0.000000
vn 0.000000 -1.000000 0.000000
vn -0.819333 0.000000 0.573318
vn -0.819333 0.000000 0.573318
vn 0.000000 1.000000 0.000000
vn 0.000000 1.000000 0.000000
vn 0.000000 1.000000 0.000000
vn 0.000000 1.000000 0.000000
vn 0.000000 1.000000 0.000001
vn 0.000000 1.000000 0.000001
vn 0.000000 1.000000 0.000000
vn 0.000000 1.000000 0.000000
vn 0.000000 1.000000 0.000000
vn 0.000000 1.000000 0.000000
vn 0.819359 0.000000 -0.573281
vn 0.819359 0.000000 -0.573281
vn 0.000000 -1.000000 0.000001
vn 0.000000 -1.000000 0.000001
vn 0.000000 1.000000 -0.000015
vn 0.000000 1.000000 -0.000015
vn 0.000000 1.000000 -0.000015
vn 0.000000 1.000000 -0.000015
vn 0.000000 1.000000 0.000012
vn 0.000000 1.000000 0.000012
vn 0.000000 1.000000 0.000012
vn 0.000000 1.000000 0.000012
vn 0.000000 1.000000 0.000021
vn 0.000000 1.000000 0.000021
vn 0.000000 1.000000 0.000021
vn 0.000000 1.000000 0.000021
vn 0.000000 1.000000 0.000009
vn 0.000000 1.000000 0.000009
vn 0.000000 1.000000 0.000009
vn 0.000000 1.000000 0.000009
vn 0.000000 1.000000 -0.000021
vn 0.000000 1.000000 -0.000021
vn 0.000000 1.000000 -0.000021
vn 0.000000 1.000000 -0.000021
vn 0.000000 1.000000 -0.000009
vn 0.000000 1.000000 -0.000009
vn 0.000000 1.000000 -0.000009
vn 0.000000 1.000000 -0.000009
vn 0.000000 1.000000 0.000000
vn 0.000000 1.000000 0.000000
vn 0.000000 1.000000 0.000000
vn 0.000000 1.000000 0.000000
vn 0.000000 1.000000 -0.000005
vn 0.000000 1.000000 -0.000005
vn 0.000000 1.000000 -0.000005
vn 0.000000 1.000000 -0.000005
vn 0.000000 1.000000 0.000009
vn 0.000000 1.000000 0.000009
vn 0.000000 1.000000 0.000009
vn 0.000000 1.000000 0.000009
vn 0.000000 1.000000 0.000000
vn 0.000000 1.000000 0.000000
vn 0.000000 1.000000 0.000000
vn 0.000000 1.000000 0.000000
vn 0.000000 1.000000 0.000012
vn 0.000000 1.000000 0.000012
vn 0.000000 1.000000 0.000012
vn 0.000000 1.000000 0.000012
vn 0.000000 1.000000 0.000021
vn 0.000000 1.000000 0.000021
vn 0.000000 1.000000 0.000021
vn 0.000000 1.000000 0.000021
vn 0.000000 1.000000 -0.000005
vn 0.000000 1.000000 -0.000005
vn 0.000000 1.000000 -0.000005
vn 0.000000 1.000000 -0.000005
vn 0.000000 1.000000 -0.000010
vn 0.000000 1.000000 -0.000010
vn 0.000000 1.000000 -0.000010
vn 0.000000 1.000000 -0.000010
vn 0.000000 1.000000 -0.000003
vn 0.000000 1.000000 -0.000003
vn 0.000000 1.000000 -0.000003
vn 0.000000 1.000000 -0.000003
vn 0.000000 1.000000 0.000005
vn 0.000000 1.000000 0.000005
vn 0.000000 1.000000 0.000005
vn 0.000000 1.000000 0.000005
vn -0.819343 0.000000 0.573303
vn -0.819343 0.000000 0.573303
vn -0.819343 0.000000 0.573303
vn -0.819343 0.000000 0.573303
vn 0.573340 0.000000 0.819318
vn 0.573340 0.000000 0.819318
vn 0.573340 0.000000 0.819318
vn 0.573340 0.000000 0.819318
vn 0.819379 0.000000 -0.573252
vn 0.819379 0.000000 -0.573252
vn 0.819379 0.000000 -0.573252
vn 0.819379 0.000000 -0.573252
vn -0.573304 0.000000 -0.819343
vn -0.573304 0.000000 -0.819343
vn -0.573304 0.000000 -0.819343
vn -0.573304 0.000000 -0.819343
vn -0.819379 0.000000 0.573252
vn -0.819379 0.000000 0.573252
vn -0.819379 0.000000 0.573252
vn -0.819379 0.000000 0.573252
vn 0.573302 0.000000 0.819344
vn 0.573302 0.000000 0.819344
vn 0.573302 0.000000 0.819344
vn 0.573302 0.000000 0.819344
vn 0.819344 0.000000 -0.573302
vn 0.819344 0.000000 -0.573302
vn 0.819344 0.000000 -0.573302
vn 0.819344 0.000000 -0.573302
vn -0.573340 0.000000 -0.819318
vn -0.573340 0.000000 -0.819318
vn -0.573340 0.000000 -0.819318
vn -0.573340 0.000000 -0.819318
vn -0.573302 0.000000 -0.819344
vn -0.573302 0.000000 -0.819344
vn -0.573302 0.000000 -0.819344
vn -0.573302 0.000000 -0.819344
vn -0.819343 0.000000 0.573303
vn -0.819343 0.000000 0.573303
vn -0.819343 0.000000 0.573303
vn -0.819343 0.000000 0.573303
vn 0.573338 0.000000 0.819319
vn 0.573338 0.000000 0.819319
vn 0.573338 0.000000 0.819319
vn 0.573338 0.000000 0.819319
vn 0.819379 0.000000 -0.573252
vn 0.819379 0.000000 -0.573252
vn 0.819379 0.000000 -0.573252
vn 0.819379 0.000000 -0.573252
vn -0.573340 0.000000 -0.819318
vn -0.573340 0.000000 -0.819318
vn -0.573340 0.000000 -0.819318
vn -0.573340 0.000000 -0.819318
vn -0.819415 0.000000 0.573201
vn -0.819415 0.000000 0.573201
vn -0.819415 0.000000 0.573201
vn -0.819415 0.000000 0.573201
vn 0.573304 0.000000 0.819343
vn 0.573304 0.000000 0.819343
vn 0.573304 0.000000 0.819343
vn 0.573304 0.000000 0.819343
vn 0.819379 0.000000 -0.573252
vn 0.819379 0.000000 -0.573252
vn 0.819379 0.000000 -0.573252
vn 0.819379 0.000000 -0.573252
vn 0.000000 -1.000000 0.000018
vn 0.000000 -1.000000 0.000018
vn 0.000000 -1.000000 0.000018
vn 0.000000 -1.000000 0.000018
vn 0.000000 -1.000000 -0.000002
vn 0.000000 -1.000000 -0.000002
vn 0.000000 -1.000000 -0.000002
vn 0.000000 -1.000000 -0.000002
vn 0.000000 -1.000000 -0.000018
vn 0.000000 -1.000000 -0.000018
vn 0.000000 -1.000000 -0.000018
vn 0.000000 -1.000000 -0.000018
vn 0.000000 -1.000000 0.000004
vn 0.000000 -1.000000 0.000004
vn 0.000000 -1.000000 0.000004
vn 0.000000 -1.000000 0.000004
vn 0.000000 -1.000000 0.000018
vn 0.000000 -1.000000 0.000018
vn 0.000000 -1.000000 0.000018
vn 0.000000 -1.000000 0.000018
vn 0.000000 -1.000000 -0.000004
vn 0.000000 -1.000000 -0.000004
vn 0.000000 -1.000000 -0.000004
vn 0.000000 -1.000000 -0.000004
vn 0.000000 -1.000000 -0.000018
vn 0.000000 -1.000000 -0.000018
vn 0.000000 -1.000000 -0.000018
vn 0.000000 -1.000000 -0.000018
vn 0.000000 -1.000000 0.000004
vn 0.000000 -1.000000 0.000004
vn 0.000000 -1.000000 0.000004
vn 0.000000 -1.000000 0.000004
vn 0.000000 -1.000000 0.000004
vn 0.000000 -1.000000 0.000004
vn 0.000000 -1.000000 0.000004
vn 0.000000 -1.000000 0.000004
vn 0.000000 -1.000000 0.000018
vn 0.000000 -1.000000 0.000018
vn 0.000000 -1.000000 0.000018
vn 0.000000 -1.000000 0.000018
vn 0.000000 -1.000000 -0.000004
vn 0.000000 -1.000000 -0.000004
vn 0.000000 -1.000000 -0.000004
vn 0.000000 -1.000000 -0.000004
vn 0.000000 -1.000000 -0.000018
vn 0.000000 -1.000000 -0.000018
vn 0.000000 -1.000000 -0.000018
vn 0.000000 -1.000000 -0.000018
vn 0.000000 -1.000000 0.000004
vn 0.000000 -1.000000 0.000004
vn 0.000000 -1.000000 0.000004
vn 0.000000 -1.000000 0.000004
vn 0.000000 -1.000000 0.000018
vn 0.000000 -1.000000 0.000018
vn 0.000000 -1.000000 0.000018
vn 0.000000 -1.000000 0.000018
vn 0.000000 -1.000000 -0.000002
vn 0.000000 -1.000000 -0.000002
vn 0.000000 -1.000000 -0.000002
vn 0.000000 -1.000000 -0.000002
vn 0.000000 -1.000000 -0.000018
vn 0.000000 -1.000000 -0.000018
vn 0.000000 -1.000000 -0.000018
vn 0.000000 -1.000000 -0.000018
vn 0.819345 0.000000 -0.573301
vn 0.819345 0.000000 -0.573301
vn 0.819345 0.000000 -0.573301
vn 0.819345 0.000000 -0.573301
vn -0.573303 0.000000 -0.819343
vn -0.573303 0.000000 -0.819343
vn -0.573303 0.000000 -0.819343
vn -0.573303 0.000000 -0.819343
vn -0.819374 0.000000 0.573260
vn -0.819374 0.000000 0.573260
vn -0.819374 0.000000 0.573260
vn -0.819374 0.000000 0.573260
vn -0.573303 0.000000 -0.819343
vn -0.573303 0.000000 -0.819343
vn -0.573303 0.000000 -0.819343
vn -0.573303 0.000000 -0.819343
vn -0.819373 0.000000 0.573261
vn -0.819373 0.000000 0.573261
vn -0.819373 0.000000 0.573261
vn -0.819373 0.000000 0.573261
vn 0.573302 0.000000 0.819344
vn 0.573302 0.000000 0.819344
vn 0.573302 0.000000 0.819344
vn 0.573302 0.000000 0.819344
vn 0.573303 0.000000 0.819343
vn 0.573303 0.000000 0.819343
vn 0.573303 0.000000 0.819343
vn 0.573303 0.000000 0.819343
vn 0.819372 0.000000 -0.573261
vn 0.819372 0.000000 -0.573261
vn 0.819372 0.000000 -0.573261
vn 0.819372 0.000000 -0.573261
vn 0.573269 0.000000 0.819368
vn 0.573269 0.000000 0.819368
vn 0.573269 0.000000 0.819368
vn 0.573269 0.000000 0.819368
vn 0.000000 1.000000 0.000000
vn 0.000000 1.000000 0.000000
vn 0.000000 1.000000 0.000000
vn 0.000000 1.000000 0.000000
vn -0.573276 0.000000 -0.819363
vn -0.573276 0.000000 -0.819363
vn -0.573276 0.000000 -0.819363
vn -0.573276 0.000000 -0.819363
vn 0.000000 -1.000000 0.000000
vn 0.000000 -1.000000 0.000000
vn 0.000000 -1.000000 0.000000
vn 0.000000 -1.000000 0.000000
vn 0.000000 -1.000000 0.000000
vn 0.000000 -1.000000 0.000000
vn 0.000000 -1.000000 0.000000
vn 0.000000 -1.000000 0.000000
vn -0.573276 0.000000 -0.819362
vn -0.573276 0.000000 -0.819362
vn -0.573276 0.000000 -0.819362
vn -0.573276 0.000000 -0.819362
vn 0.000000 1.000000 0.000000
vn 0.000000 1.000000 0.000000
vn 0.000000 1.000000 0.000000
vn 0.000000 1.000000 0.000000
vn 0.573276 0.000000 0.819362
vn 0.573276 0.000000 0.819362
vn 0.573276 0.000000 0.819362
vn 0.573276 0.000000 0.819362
vn 0.819361 0.000000 -0.573278
vn 0.819361 0.000000 -0.573278
vn 0.819361 0.000000 -0.573278
vn 0.819361 0.000000 -0.573278
vn 0.000000 1.000000 0.000000
vn 0.000000 1.000000 0.000000
vn 0.000000 1.000000 0.000000
vn 0.000000 1.000000 0.000000
vn -0.819361 0.000000 0.573278
vn -0.819361 0.000000 0.573278
vn -0.819361 0.000000 0.573278
vn -0.819361 0.000000 0.573278
vn 0.000000 -1.000000 0.000000
vn 0.000000 -1.000000 0.000000
vn 0.000000 -1.000000 0.000000
vn 0.000000 -1.000000 0.000000
vn 0.819354 0.000000 -0.573289
vn 0.819354 0.000000 -0.573289
vn 0.819354 0.000000 -0.573289
vn 0.819354 0.000000 -0.573289
vn 0.000000 1.000000 0.000000
vn 0.000000 1.000000 0.000000
vn 0.000000 1.000000 0.000000
vn 0.000000 1.000000 0.000000
vn -0.819353 0.000000 0.573289
vn -0.819353 0.000000 0.573289
vn -0.819353 0.000000 0.573289
vn -0.819353 0.000000 0.573289
vn 0.000000 -1.000000 0.000000
vn 0.000000 -1.000000 0.000000
vn 0.000000 -1.000000 0.000000
vn 0.000000 -1.000000 0.000000
vn -0.034411 -0.000001 0.999408
vn -0.034411 -0.000001 0.999408
vn -0.034411 -0.000001 0.999408
vn -0.034411 -0.000001 0.999408
vn 0.000001 1.000000 -0.000000
vn 0.000001 1.000000 -0.000000
vn 0.000001 1.000000 -0.000000
vn 0.000001 1.000000 -0.000000
vn 0.042014 0.000000 -0.999117
vn 0.042014 0.000000 -0.999117
vn 0.042014 0.000000 -0.999117
vn 0.042014 0.000000 -0.999117
vn 0.999178 0.000000 0.040549
vn 0.999178 0.000000 0.040549
vn 0.999178 0.000000 0.040549
vn 0.999178 0.000000 0.040549
vn -0.999234 0.000000 -0.039132
vn -0.999234 0.000000 -0.039132
vn -0.999234 0.000000 -0.039132
vn -0.999234 0.000000 -0.039132
vn -0.999178 0.000000 -0.040549
vn -0.999178 -0.000013 -0.040549
vn -0.999178 -0.000013 -0.040549
vn -0.999178 0.000000 -0.040549
vn 0.039243 0.003155 -0.999225
vn 0.039243 0.003155 -0.999225
vn 0.039243 0.003155 -0.999225
vn 0.039243 0.003155 -0.999225
vn -0.036833 -0.002922 0.999317
vn -0.036093 -0.001895 0.999347
vn -0.036011 -0.001781 0.999350
vn -0.036833 -0.002922 0.999317
vn 0.483451 -0.875151 0.019620
vn 0.483451 -0.875151 0.019620
vn 0.483451 -0.875151 0.019620
vn 0.483451 -0.875151 0.019620
vn 0.041963 0.004560 -0.999109
vn 0.042740 0.002437 -0.999083
vn 0.044797 0.001926 -0.998994
vn 0.042459 0.006160 -0.999079
vn 0.000000 1.000000 0.000000
vn 0.000000 1.000000 0.000000
vn 0.000000 1.000000 0.000000
vn 0.000000 1.000000 0.000000
vn -0.040912 -0.011607 0.999095
vn -0.040912 -0.011607 0.999095
vn -0.040912 -0.011607 0.999095
vn -0.040912 -0.011607 0.999095
vn -0.999178 0.000000 -0.040549
vn -0.999178 0.000000 -0.040549
vn -0.999178 0.000000 -0.040549
vn -0.999178 0.000000 -0.040549
vn 0.040548 -0.000000 -0.999178
vn 0.040548 -0.000000 -0.999178
vn 0.040548 -0.000000 -0.999178
vn 0.040548 -0.000000 -0.999178
vn 0.859869 -0.509321 0.034896
vn 0.859869 -0.509321 0.034896
vn 0.859869 -0.509321 0.034896
vn 0.859869 -0.509321 0.034896
vn -0.066029 0.016435 0.997682
vn -0.066029 0.016435 0.997682
vn -0.066029 0.016435 0.997682
vn -0.066029 0.016435 0.997682
vn 0.000000 -1.000000 -0.000000
vn 0.000000 -1.000000 -0.000000
vn 0.000000 -1.000000 -0.000000
vn 0.000000 -1.000000 -0.000000
vn -0.040548 -0.000008 0.999178
vn -0.041174 -0.005168 0.999139
vn -0.041189 -0.005289 0.999137
vn -0.040548 -0.000008 0.999178
vn 0.000000 1.000000 -0.000000
vn 0.000000 1.000000 -0.000000
vn 0.000000 1.000000 -0.000000
vn 0.000000 1.000000 -0.000000
vn 0.042181 -0.005285 -0.999096
vn 0.043075 -0.002862 -0.999068
vn 0.040549 0.000002 -0.999178
vn 0.040548 0.000000 -0.999178
vn -0.034410 0.000000 0.999408
vn -0.034410 0.000000 0.999408
vn -0.034410 0.000000 0.999408
vn -0.034410 0.000000 0.999408
vn 0.000000 1.000000 0.000000
vn 0.000000 1.000000 0.000000
vn 0.000000 1.000000 0.000000
vn 0.000000 1.000000 0.000000
vn 0.042016 0.000000 -0.999117
vn 0.042016 0.000000 -0.999117
vn 0.042016 0.000000 -0.999117
vn 0.042016 0.000000 -0.999117
vn -0.999178 -0.000008 -0.040544
vn -0.999178 -0.000008 -0.040544
vn -0.999178 -0.000008 -0.040544
vn -0.999178 -0.000008 -0.040544
vn 0.999234 0.000000 0.039132
vn 0.999234 0.000000 0.039132
vn 0.999234 0.000000 0.039132
vn 0.999234 0.000000 0.039132
vn 0.999178 0.000000 0.040549
vn 0.999178 0.000000 0.040549
vn 0.999178 0.000000 0.040549
vn 0.999178 0.000000 0.040549
vn 0.039052 -0.003617 -0.999231
vn 0.039052 -0.003617 -0.999231
vn 0.039052 -0.003617 -0.999231
vn 0.039052 -0.003617 -0.999231
vn -0.037653 0.006999 0.999266
vn -0.036189 0.003680 0.999338
vn -0.036349 0.004043 0.999331
vn -0.037653 0.006999 0.999266
vn -0.483459 -0.875147 -0.019620
vn -0.483459 -0.875147 -0.019620
vn -0.483459 -0.875147 -0.019620
vn -0.483459 -0.875147 -0.019620
vn 0.041758 -0.009991 -0.999078
vn 0.046697 -0.001122 -0.998908
vn 0.045624 -0.003049 -0.998954
vn 0.041758 -0.009991 -0.999078
vn 0.000000 1.000000 0.000000
vn 0.000000 1.000000 0.000000
vn 0.000000 1.000000 0.000000
vn 0.000000 1.000000 0.000000
vn -0.040869 0.010082 0.999114
vn -0.040869 0.010082 0.999114
vn -0.040869 0.010082 0.999114
vn -0.040869 0.010082 0.999114
vn 0.999178 0.000000 0.040549
vn 0.999178 0.000000 0.040549
vn 0.999178 0.000000 0.040549
vn 0.999178 0.000000 0.040549
vn -0.859862 -0.509333 -0.034895
vn -0.859862 -0.509333 -0.034895
vn -0.859862 -0.509333 -0.034895
vn -0.859862 -0.509333 -0.034895
vn 0.039528 0.005322 -0.999204
vn 0.038847 0.006368 -0.999225
vn 0.040548 0.000001 -0.999178
vn 0.040551 0.000001 -0.999178
vn 0.000000 -1.000000 -0.000000
vn 0.000000 -1.000000 -0.000000
vn 0.000000 -1.000000 -0.000000
vn 0.000000 -1.000000 -0.000000
vn -0.040546 0.000002 0.999178
vn -0.040547 0.000001 0.999178
vn -0.040547 0.000001 0.999178
vn -0.040546 0.000002 0.999178
vn -0.000001 1.000000 -0.000000
vn -0.000001 1.000000 -0.000000
vn -0.000001 1.000000 -0.000000
vn -0.000001 1.000000 -0.000000
vn 0.040547 -0.000000 -0.999178
vn 0.040547 -0.000000 -0.999178
vn 0.040547 -0.000000 -0.999178
vn 0.040547 -0.000000 -0.999178
vn 0.040548 0.000001 -0.999178
vn 0.040547 -0.000000 -0.999178
vn 0.040547 -0.000000 -0.999178
vn 0.040548 0.000001 -0.999178
vn 0.000001 1.000000 0.000000
vn 0.000001 1.000000 0.000000
vn 0.000001 1.000000 0.000000
vn 0.000001 1.000000 0.000000
vn -0.040548 0.000003 0.999178
vn -0.040548 0.000003 0.999178
vn -0.040548 0.000003 0.999178
vn -0.040548 0.000003 0.999178
vn 0.000000 -1.000000 0.000000
vn 0.000000 -1.000000 0.000000
vn 0.000000 -1.000000 0.000000
vn 0.000000 -1.000000 0.000000
vn -0.999178 0.000021 -0.040548
vn -0.999178 0.000006 -0.040549
vn -0.999178 0.000006 -0.040549
vn -0.999178 0.000021 -0.040548
vn 0.040549 -0.000001 -0.999178
vn 0.040549 -0.000001 -0.999178
vn 0.999178 0.000000 0.040549
vn 0.999178 0.000000 0.040549
vn 0.999178 0.000000 0.040549
vn 0.999178 0.000000 0.040549
vn -0.063225 0.012104 0.997926
vn -0.063029 0.010061 0.997961
vn -0.062164 0.001095 0.998065
vn -0.062164 0.001095 0.998065
vn -0.999178 0.000000 -0.040549
vn -0.999178 0.000000 -0.040549
vn -0.999178 0.000000 -0.040549
vn -0.999178 0.000000 -0.040549
vn 0.018762 -0.000001 -0.999824
vn 0.018762 -0.000001 -0.999824
vn 0.018762 -0.000001 -0.999824
vn 0.018762 -0.000001 -0.999824
vn 0.999178 0.000000 0.040549
vn 0.999178 0.000000 0.040549
vn 0.999178 0.000000 0.040549
vn 0.999178 0.000000 0.040549
vn -0.061424 -0.000361 0.998112
vn -0.060578 -0.000356 0.998163
vn -0.060574 -0.000356 0.998164
vn -0.061424 -0.000361 0.998112
vn 0.999891 -0.000004 -0.014803
vn 0.999890 -0.000004 -0.014803
vn 0.999891 -0.000004 -0.014803
vn 0.999891 -0.000004 -0.014803
vn -0.005539 0.990930 0.134263
vn -0.005539 0.990930 0.134263
vn -0.005539 0.990930 0.134263
vn -0.005539 0.990930 0.134263
vn 0.899423 0.000006 -0.437079
vn 0.899423 0.000006 -0.437079
vn 0.899423 0.000006 -0.437079
vn 0.899423 0.000006 -0.437079
vn 0.164510 0.986353 0.006608
vn 0.164510 0.986353 0.006608
vn 0.164510 0.986353 0.006608
vn 0.164510 0.986353 0.006608
vn -0.997292 0.000008 -0.073545
vn -0.997292 0.000008 -0.073545
vn -0.997292 0.000008 -0.073545
vn -0.997292 0.000008 -0.073545
vn -0.865910 0.000007 -0.500200
vn -0.865910 0.000007 -0.500200
vn -0.865910 0.000007 -0.500200
vn -0.865910 0.000007 -0.500200
vn -0.164515 0.986353 -0.006609
vn -0.164515 0.986353 -0.006609
vn -0.164515 0.986353 -0.006609
vn -0.164515 0.986353 -0.006609
vn 0.040549 -0.000001 -0.999178
vn 0.040551 -0.000000 -0.999178
vn 0.040551 -0.000000 -0.999178
vn 0.040549 -0.000001 -0.999178
vn -0.999178 0.000033 -0.040548
vn -0.999178 0.000033 -0.040548
vn -0.999178 0.000033 -0.040548
vn -0.999178 0.000033 -0.040548
vn -0.040547 0.000000 0.999178
vn -0.040547 0.000000 0.999178
vn -0.040547 0.000000 0.999178
vn -0.040547 0.000000 0.999178
vn -0.045741 0.003256 0.998948
vn -0.044503 0.002480 0.999006
vn -0.049094 0.005358 0.998780
vn -0.049094 0.005358 0.998780
vn -0.044979 -0.002767 0.998984
vn -0.043953 -0.002126 0.999031
vn -0.040548 0.000003 0.999178
vn -0.040548 0.000003 0.999178
vn -0.051336 -0.011901 0.998611
vn -0.051336 -0.011901 0.998611
vn -0.051336 -0.011901 0.998611
vn -0.051336 -0.011901 0.998611
vn -0.040547 0.000002 0.999178
vn -0.040547 -0.000001 0.999178
vn -0.040547 -0.000001 0.999178
vn -0.040547 0.000002 0.999178
vn 0.999178 0.000000 0.040549
vn 0.999178 0.000000 0.040549
vn 0.999178 0.000000 0.040549
vn 0.999178 0.000000 0.040549
vn 0.040548 0.000002 -0.999178
vn 0.040548 0.000002 -0.999178
vn 0.040548 0.000002 -0.999178
vn 0.040548 0.000002 -0.999178
vn 0.053658 0.019467 -0.998370
vn 0.053658 0.019467 -0.998370
vn 0.053658 0.019467 -0.998370
vn 0.053658 0.019467 -0.998370
vn 0.040546 -0.000003 -0.999178
vn 0.043246 -0.002977 -0.999060
vn 0.042471 -0.002123 -0.999095
vn 0.040546 -0.000003 -0.999178
vn 0.051494 -0.016235 -0.998541
vn 0.051494 -0.016235 -0.998541
vn 0.051494 -0.016235 -0.998541
vn 0.051494 -0.016235 -0.998541
vn 0.036091 -0.004753 -0.999337
vn 0.037050 0.000288 -0.999313
vn 0.036946 -0.000257 -0.999317
vn 0.036091 -0.004753 -0.999337
vn 0.032938 0.019327 -0.999271
vn 0.035994 0.003112 -0.999347
vn 0.036150 0.000939 -0.999346
vn 0.032770 0.018385 -0.999294
vn 0.039635 0.002158 -0.999212
vn 0.039694 0.002020 -0.999210
vn 0.040547 -0.000000 -0.999178
vn 0.040547 -0.000000 -0.999178
vn 0.040548 -0.000000 -0.999178
vn 0.040548 -0.000000 -0.999178
vn 0.040548 -0.000002 -0.999178
vn 0.040548 -0.000002 -0.999178
vn -0.005722 0.990611 0.136593
vn -0.005670 0.990617 0.136547
vn -0.005680 0.990616 0.136556
vn -0.005722 0.990611 0.136593
vn 0.040018 -0.002854 -0.999195
vn 0.040708 -0.000626 -0.999171
vn 0.040548 0.000001 -0.999178
vn 0.040549 0.000001 -0.999178
vn 0.059337 0.000001 -0.998238
vn 0.059337 0.000001 -0.998238
vn 0.059337 0.000001 -0.998238
vn 0.059337 0.000001 -0.998238
vn -0.030257 0.000179 0.999542
vn -0.030465 0.000178 0.999536
vn -0.030464 0.000178 0.999536
vn -0.030257 0.000179 0.999542
vn 0.004678 0.990534 -0.137184
vn 0.005133 0.990484 -0.137532
vn 0.005119 0.990486 -0.137521
vn 0.004678 0.990535 -0.137184
vn 0.004385 0.991033 -0.133548
vn 0.004385 0.991033 -0.133548
vn 0.004385 0.991033 -0.133548
vn 0.004385 0.991033 -0.133548
vn -0.032428 0.003064 0.999469
vn -0.032620 0.003357 0.999462
vn -0.030081 -0.000525 0.999547
vn -0.030081 -0.000525 0.999547
vn -0.063063 -0.013543 0.997918
vn -0.063063 -0.013543 0.997918
vn -0.063063 -0.013543 0.997918
vn -0.063063 -0.013543 0.997918
vn -0.838220 0.545333 0.000000
vn -0.838220 0.545333 0.000000
vn -0.838220 0.545333 0.000000
vn -0.838220 0.545333 0.000000
vn 0.860764 -0.509005 0.000046
vn 0.860764 -0.509005 0.000046
vn 0.860764 -0.509005 0.000046
vn 0.860764 -0.509005 0.000046
vn -0.999725 0.023441 0.000000
vn -0.999725 0.023441 0.000000
vn -0.999725 0.023441 0.000000
vn -0.999725 0.023441 0.000000
vn 0.000000 -1.000000 0.000000
vn 0.000000 -1.000000 0.000000
vn 0.000000 -1.000000 0.000000
vn 0.000000 -1.000000 0.000000
vn 1.000000 0.000000 0.000000
vn 1.000000 0.000000 0.000000
vn 1.000000 0.000000 0.000000
vn 1.000000 0.000000 0.000000
vn 0.000000 -1.000000 0.000000
vn 0.000000 -1.000000 0.000000
vn 0.000000 -1.000000 0.000000
vn 0.000000 -1.000000 0.000000
vn 0.999725 0.023441 0.000000
vn 0.999725 0.023455 0.000000
vn 0.999725 0.023455 0.000000
vn 0.999725 0.023441 0.000000
vn -1.000000 0.000000 0.000000
vn -1.000000 0.000000 0.000000
vn -1.000000 0.000000 0.000000
vn -1.000000 0.000000 0.000000
vn -0.421927 0.906630 -0.000022
vn -0.421928 0.906630 -0.000022
vn -0.421928 0.906630 -0.000022
vn -0.421927 0.906630 -0.000022
vn 0.484154 -0.874983 0.000000
vn 0.484154 -0.874983 0.000000
vn 0.484153 -0.874983 0.000000
vn 0.484154 -0.874983 0.000000
vn 0.000000 1.000000 0.000000
vn 0.000000 1.000000 0.000000
vn 0.000000 1.000000 0.000000
vn 0.000000 1.000000 0.000000
vn 0.000000 -1.000000 0.000004
vn 0.000000 -1.000000 0.000004
vn 0.000000 -1.000000 0.000004
vn 0.000000 -1.000000 0.000004
vn 0.413277 0.910605 -0.000004
vn 0.413278 0.910605 -0.000004
vn 0.413278 0.910605 -0.000004
vn 0.413278 0.910605 -0.000004
vn -0.484164 -0.874978 -0.000029
vn -0.484164 -0.874978 -0.000029
vn -0.484164 -0.874978 -0.000029
vn -0.484164 -0.874978 -0.000029
vn -0.860756 -0.509018 -0.000046
vn -0.860756 -0.509018 -0.000046
vn -0.860756 -0.509018 -0.000046
vn -0.860756 -0.509018 -0.000046
vn 0.845406 0.534124 0.000000
vn 0.845406 0.534124 0.000000
vn 0.845406 0.534124 0.000000
vn 0.845406 0.534124 0.000000
vn -0.999178 0.000000 -0.040549
vn -0.999178 0.000007 -0.040551
vn -0.999178 0.000007 -0.040551
vn -0.999178 0.000000 -0.040549
vn -1.000000 0.000000 0.000000
vn -1.000000 -0.000007 0.000039
vn -1.000000 -0.000007 0.000039
vn -1.000000 0.000000 0.000000
vn -0.057064 -0.000336 0.998370
vn -0.057064 -0.000336 0.998371
vn -0.057064 -0.000336 0.998371
vn -0.057064 -0.000336 0.998371
vn 0.999725 0.023440 0.000000
vn 0.999725 0.023440 0.000000
vn 0.999725 0.023440 0.000000
vn 0.999725 0.023440 0.000000
vn -0.031285 -0.000182 0.999511
vn -0.031064 -0.000182 0.999517
vn -0.031064 -0.000182 0.999517
vn -0.031285 -0.000182 0.999511
vn 0.999178 0.000000 0.040549
vn 0.999178 0.000000 0.040549
vn 0.999178 0.000000 0.040549
vn 0.999178 0.000000 0.040549
vn 0.045039 -0.000001 -0.998985
vn 0.047360 0.000000 -0.998878
vn 0.040547 -0.000000 -0.999178
vn 0.040548 -0.000002 -0.999178
vn 0.000001 -1.000000 0.000000
vn 0.000001 -1.000000 0.000000
vn 0.000001 -1.000000 0.000000
vn 0.000001 -1.000000 0.000000
vn -0.999064 0.000000 -0.043248
vn -0.999064 0.000000 -0.043248
vn -0.999064 0.000000 -0.043248
vn -0.999064 0.000000 -0.043248
vn -1.000000 0.000009 0.000053
vn -1.000000 0.000007 0.000037
vn -1.000000 0.000007 0.000037
vn -1.000000 0.000009 0.000053
vn -0.058628 -0.000343 0.998280
vn -0.058351 -0.000341 0.998296
vn -0.058348 -0.000341 0.998296
vn -0.058628 -0.000343 0.998280
vn 0.999725 0.023439 0.000000
vn 0.999725 0.023440 0.000000
vn 0.999725 0.023440 0.000000
vn 0.999725 0.023439 0.000000
vn -0.030558 -0.000179 0.999533
vn -0.030466 -0.000180 0.999536
vn -0.030465 -0.000180 0.999536
vn -0.030558 -0.000179 0.999533
vn 0.999178 0.000000 0.040549
vn 0.999178 0.000000 0.040549
vn 0.999178 0.000000 0.040549
vn 0.999178 0.000000 0.040549
vn 0.047734 -0.000000 -0.998860
vn 0.047308 0.000000 -0.998880
vn 0.040548 0.000000 -0.999178
vn 0.040548 0.000000 -0.999178
vn 0.061509 0.000001 -0.998107
vn 0.061509 0.000001 -0.998107
vn 0.061509 0.000001 -0.998107
vn 0.061509 0.000001 -0.998107
vn -0.999178 0.000000 -0.040549
vn -0.999178 0.000000 -0.040549
vn -0.999178 0.000000 -0.040549
vn -0.999178 0.000000 -0.040549
vn -0.031443 0.000187 0.999506
vn -0.031443 0.000187 0.999506
vn -0.031443 0.000187 0.999506
vn -0.031443 0.000187 0.999506
vn -0.999726 0.023407 -0.000053
vn -0.999725 0.023439 0.000025
vn -0.999725 0.023439 0.000025
vn -0.999726 0.023407 -0.000053
vn -0.057597 0.000340 0.998340
vn -0.058355 0.000343 0.998296
vn -0.058352 0.000343 0.998296
vn -0.057597 0.000340 0.998340
vn 1.000000 0.000000 0.000000
vn 1.000000 0.000000 0.000000
vn 1.000000 0.000000 0.000000
vn 1.000000 0.000000 0.000000
vn 0.999178 0.000032 0.040548
vn 0.999178 0.000007 0.040549
vn 0.999178 0.000007 0.040549
vn 0.999178 0.000032 0.040548
vn 0.000000 -1.000000 -0.000000
vn 0.000000 -1.000000 -0.000000
vn 0.000000 -1.000000 -0.000000
vn 0.000000 -1.000000 -0.000000
vn 0.040549 0.000000 -0.999178
vn 0.040547 0.000000 -0.999178
vn 0.040547 0.000000 -0.999178
vn 0.040549 0.000000 -0.999178
vn -0.999178 0.000000 -0.040549
vn -0.999178 0.000000 -0.040549
vn -0.999178 0.000000 -0.040549
vn -0.999178 0.000000 -0.040549
vn -0.030985 0.000183 0.999520
vn -0.031062 0.000183 0.999517
vn -0.031062 0.000183 0.999518
vn -0.030985 0.000183 0.999520
vn -0.999725 0.023451 0.000053
vn -0.999725 0.023446 0.000037
vn -0.999725 0.023446 0.000037
vn -0.999725 0.023451 0.000053
vn -0.060230 0.000355 0.998185
vn -0.060582 0.000355 0.998163
vn -0.060578 0.000355 0.998163
vn -0.060230 0.000355 0.998185
vn 1.000000 0.000000 0.000000
vn 1.000000 0.000000 0.000000
vn 1.000000 0.000000 0.000000
vn 1.000000 0.000000 0.000000
vn 0.999064 0.000011 0.043246
vn 0.999064 0.000011 0.043246
vn 0.999064 0.000011 0.043246
vn 0.999064 0.000011 0.043246
vn 0.018937 -0.000001 -0.999821
vn 0.018937 -0.000001 -0.999821
vn 0.018937 -0.000001 -0.999821
vn 0.018937 -0.000001 -0.999821
vn 0.040548 0.000000 -0.999178
vn 0.040548 0.000000 -0.999178
vn 0.040548 0.000000 -0.999178
vn 0.040548 0.000000 -0.999178
vn 0.000000 1.000000 0.000000
vn 0.000000 1.000000 0.000000
vn 0.000000 1.000000 0.000000
vn 0.000000 1.000000 0.000000
vn 0.000000 1.000000 -0.000000
vn 0.000000 1.000000 -0.000000
vn 0.000000 1.000000 -0.000000
vn 0.000000 1.000000 -0.000000
vn 0.007947 0.990165 -0.139681
vn 0.007947 0.990165 -0.139681
vn 0.007947 0.990165 -0.139681
vn 0.007947 0.990165 -0.139680
vn 0.007478 0.991296 -0.131441
vn 0.004973 0.991027 -0.133573
vn 0.004978 0.991027 -0.133569
vn 0.007478 0.991296 -0.131441
vn -0.005536 0.990634 0.136431
vn -0.005536 0.990634 0.136431
vn -0.005536 0.990634 0.136431
vn -0.005536 0.990634 0.136431
vn 0.034805 0.029789 -0.998950
vn 0.034805 0.029789 -0.998950
vn 0.039661 -0.004619 -0.999203
vn 0.039084 -0.005441 -0.999221
vn 0.035650 -0.019926 -0.999166
vn 0.035462 -0.026404 -0.999022
vn -0.005461 0.990886 0.134593
vn -0.005584 0.990902 0.134470
vn -0.005592 0.990903 0.134463
vn -0.005461 0.990886 0.134593
vn -0.034652 0.000000 0.999399
vn -0.034652 0.000000 0.999399
vn -0.034652 0.000000 0.999399
vn -0.034652 0.000000 0.999399
vn -0.034252 0.000000 0.999413
vn -0.034252 0.000000 0.999413
vn -0.034252 0.000000 0.999413
vn -0.034252 0.000000 0.999413
vn 0.027895 -0.008740 -0.999573
vn 0.027895 -0.008740 -0.999573
vn 0.027895 -0.008740 -0.999573
vn 0.027895 -0.008740 -0.999573
vn 0.043939 0.010696 -0.998977
vn 0.040726 0.000695 -0.999170
vn 0.046774 -0.000001 -0.998906
vn 0.061509 -0.000001 -0.998107
vn 0.043344 0.011747 -0.998991
vn 0.041860 0.004013 -0.999115
vn 0.046122 0.000000 -0.998936
vn 0.059332 0.000001 -0.998238
vn 0.029139 -0.006481 -0.999554
vn 0.029139 -0.006481 -0.999554
vn 0.029139 -0.006481 -0.999554
vn 0.029139 -0.006481 -0.999554
vn 0.046127 -0.000001 -0.998936
vn 0.043586 -0.009591 -0.999004
vn 0.059336 -0.000002 -0.998238
vn 0.038198 0.015525 -0.999150
vn 0.038198 0.015525 -0.999150
vn 0.046767 0.000001 -0.998906
vn 0.042012 -0.004475 -0.999107
vn 0.043665 -0.013102 -0.998960
vn 0.061502 -0.000001 -0.998107
vn 0.039946 0.003240 -0.999197
vn 0.037869 0.014389 -0.999179
vn -0.034411 -0.000002 0.999408
vn -0.034411 -0.000002 0.999408
vn -0.034411 -0.000002 0.999408
vn -0.034411 -0.000002 0.999408
vn -0.034412 0.000001 0.999408
vn -0.034412 0.000001 0.999408
vn -0.034412 0.000001 0.999408
vn -0.034412 0.000001 0.999408
vn -0.034412 0.000001 0.999408
vn -0.034412 0.000001 0.999408
vn -0.034412 0.000001 0.999408
vn -0.034412 0.000001 0.999408
vn -0.000001 1.000000 -0.000000
vn -0.000001 1.000000 -0.000000
vn -0.000001 1.000000 -0.000000
vn -0.000001 1.000000 -0.000000
vn -0.000001 1.000000 0.000000
vn -0.000001 1.000000 0.000000
vn -0.000001 1.000000 0.000000
vn -0.000001 1.000000 0.000000
vn 0.000001 1.000000 0.000000
vn 0.000001 1.000000 0.000000
vn 0.000001 1.000000 0.000000
vn 0.000001 1.000000 0.000000
vn 0.042015 0.000001 -0.999117
vn 0.042015 0.000001 -0.999117
vn 0.042015 0.000001 -0.999117
vn 0.042015 0.000001 -0.999117
vn 0.042015 -0.000000 -0.999117
vn 0.042015 -0.000000 -0.999117
vn 0.042015 -0.000000 -0.999117
vn 0.042015 -0.000000 -0.999117
vn 0.042014 -0.000000 -0.999117
vn 0.042014 -0.000000 -0.999117
vn 0.042014 -0.000000 -0.999117
vn 0.042014 -0.000000 -0.999117
vn 0.999178 0.000000 0.040549
vn 0.999178 0.000000 0.040549
vn 0.999178 0.000000 0.040549
vn 0.999178 0.000000 0.040549
vn 0.999178 0.000000 0.040549
vn 0.999178 0.000007 0.040550
vn 0.999178 0.000007 0.040550
vn 0.999178 0.000000 0.040549
vn 0.999178 0.000000 0.040549
vn 0.999178 0.000000 0.040549
vn -0.999234 0.000000 -0.039132
vn -0.999234 0.000000 -0.039132
vn -0.999234 0.000000 -0.039132
vn -0.999234 0.000000 -0.039132
vn -0.999234 0.000009 -0.039131
vn -0.999234 0.000009 -0.039131
vn -0.999234 0.000009 -0.039131
vn -0.999234 0.000009 -0.039131
vn -0.999234 0.000000 -0.039132
vn -0.999234 0.000000 -0.039132
vn -0.999234 0.000000 -0.039132
vn -0.999234 0.000000 -0.039132
vn -0.999178 -0.000012 -0.040550
vn -0.999178 -0.000012 -0.040550
vn -0.999178 -0.000001 -0.040549
vn -0.999178 -0.000001 -0.040549
vn -0.999178 0.000000 -0.040549
vn -0.999178 0.000000 -0.040549
vn -0.999178 0.000000 -0.040549
vn -0.999178 0.000000 -0.040549
vn -0.999178 -0.000001 -0.040549
vn -0.999178 -0.000001 -0.040549
vn -0.999178 -0.000001 -0.040549
vn -0.999178 -0.000001 -0.040549
vn 0.039609 0.006746 -0.999192
vn 0.039609 0.006746 -0.999193
vn 0.039609 0.006746 -0.999192
vn 0.039609 0.006746 -0.999193
vn 0.038025 0.006096 -0.999258
vn 0.036579 -0.002704 -0.999327
vn 0.036683 -0.000729 -0.999327
vn 0.038025 0.006096 -0.999258
vn 0.037463 0.002466 -0.999295
vn 0.037463 0.002466 -0.999295
vn -0.035864 -0.004159 0.999348
vn -0.035689 -0.003679 0.999356
vn -0.037252 -0.007972 0.999274
vn -0.037252 -0.007972 0.999274
vn -0.039273 -0.009002 0.999188
vn -0.039273 -0.009002 0.999188
vn -0.039273 -0.009002 0.999188
vn -0.039273 -0.009002 0.999188
vn -0.038957 -0.003851 0.999234
vn -0.038957 -0.003851 0.999233
vn -0.038957 -0.003851 0.999233
vn -0.038957 -0.003851 0.999234
vn 0.483452 -0.875151 0.019620
vn 0.483452 -0.875151 0.019620
vn 0.483452 -0.875151 0.019620
vn 0.483452 -0.875151 0.019620
vn 0.483451 -0.875152 0.019620
vn 0.483451 -0.875152 0.019620
vn 0.483451 -0.875152 0.019620
vn 0.483451 -0.875152 0.019620
vn 0.483451 -0.875152 0.019620
vn 0.483451 -0.875152 0.019620
vn 0.483451 -0.875152 0.019620
vn 0.483451 -0.875152 0.019620
vn 0.044989 0.002440 -0.998985
vn 0.045662 0.001204 -0.998956
vn 0.041597 0.008658 -0.999097
vn 0.041597 0.008658 -0.999097
vn 0.040811 0.008277 -0.999133
vn 0.040811 0.008277 -0.999133
vn 0.040811 0.008277 -0.999133
vn 0.040811 0.008277 -0.999133
vn 0.041213 0.005479 -0.999135
vn 0.041055 0.004174 -0.999148
vn 0.041069 0.004293 -0.999147
vn 0.041213 0.005479 -0.999135
vn 0.000000 1.000000 -0.000000
vn 0.000000 1.000000 -0.000000
vn 0.000000 1.000000 -0.000000
vn 0.000000 1.000000 -0.000000
vn 0.000000 1.000000 0.000000
vn 0.000000 1.000000 0.000000
vn 0.000000 1.000000 0.000000
vn 0.000000 1.000000 0.000000
vn 0.000000 1.000000 0.000000
vn 0.000000 1.000000 0.000000
vn 0.000000 1.000000 0.000000
vn 0.000000 1.000000 0.000000
vn -0.042032 -0.012268 0.999041
vn -0.042032 -0.012268 0.999041
vn -0.042032 -0.012268 0.999041
vn -0.042032 -0.012268 0.999041
vn -0.043094 -0.008255 0.999037
vn -0.042544 -0.006469 0.999074
vn -0.042382 -0.005943 0.999084
vn -0.043094 -0.008255 0.999037
vn -0.041404 -0.007063 0.999118
vn -0.041404 -0.007063 0.999118
vn -0.999178 0.000000 -0.040549
vn -0.999178 0.000000 -0.040549
vn -0.999178 0.000000 -0.040549
vn -0.999178 0.000000 -0.040549
vn -0.999178 0.000000 -0.040549
vn -0.999178 0.000000 -0.040549
vn -0.999178 0.000000 -0.040549
vn -0.999178 0.000000 -0.040549
vn -0.999178 0.000000 -0.040549
vn -0.999178 0.000000 -0.040549
vn -0.999178 0.000000 -0.040549
vn -0.999178 0.000000 -0.040549
vn 0.040548 -0.000000 -0.999178
vn 0.039794 -0.001759 -0.999206
vn 0.039742 -0.001880 -0.999208
vn 0.040548 -0.000000 -0.999178
vn 0.039696 -0.003102 -0.999207
vn 0.040548 0.000000 -0.999178
vn 0.040548 -0.000000 -0.999178
vn 0.040547 0.000000 -0.999178
vn 0.040547 0.000000 -0.999178
vn 0.859868 -0.509322 0.034896
vn 0.859868 -0.509322 0.034896
vn 0.859868 -0.509322 0.034896
vn 0.859868 -0.509322 0.034896
vn 0.859868 -0.509322 0.034896
vn 0.859868 -0.509322 0.034896
vn 0.859868 -0.509322 0.034896
vn 0.859868 -0.509322 0.034896
vn 0.859869 -0.509322 0.034896
vn 0.859869 -0.509322 0.034896
vn 0.859869 -0.509322 0.034896
vn 0.859869 -0.509322 0.034896
vn -0.063483 0.014793 0.997873
vn -0.063483 0.014793 0.997873
vn -0.063300 0.009541 0.997949
vn -0.063540 0.011488 0.997913
vn -0.063893 0.014350 0.997854
vn -0.063893 0.014350 0.997854
vn -0.066628 0.016021 0.997649
vn -0.066628 0.016021 0.997649
vn -0.066628 0.016021 0.997649
vn -0.066628 0.016021 0.997649
vn 0.000000 -1.000000 0.000000
vn 0.000000 -1.000000 0.000000
vn 0.000000 -1.000000 0.000000
vn 0.000000 -1.000000 0.000000
vn -0.000000 -1.000000 0.000000
vn -0.000000 -1.000000 0.000000
vn -0.000000 -1.000000 0.000000
vn -0.000000 -1.000000 0.000000
vn -0.000000 -1.000000 -0.000000
vn -0.000000 -1.000000 -0.000000
vn -0.000000 -1.000000 -0.000000
vn -0.000000 -1.000000 -0.000000
vn -0.040548 0.000006 0.999178
vn -0.040548 0.000006 0.999178
vn -0.040548 0.000006 0.999178
vn -0.042277 0.005567 0.999090
vn -0.042138 0.005120 0.999099
vn -0.040548 0.000006 0.999178
vn -0.041106 0.004593 0.999144
vn -0.041094 0.004487 0.999145
vn -0.040548 -0.000006 0.999178
vn -0.040548 -0.000006 0.999178
vn 0.000000 1.000000 0.000000
vn 0.000000 1.000000 0.000000
vn 0.000000 1.000000 0.000000
vn 0.000000 1.000000 0.000000
vn 0.000000 1.000000 -0.000000
vn 0.000000 1.000000 -0.000000
vn 0.000000 1.000000 -0.000000
vn 0.000000 1.000000 -0.000000
vn 0.000000 1.000000 0.000000
vn 0.000000 1.000000 0.000000
vn 0.000000 1.000000 0.000000
vn 0.000000 1.000000 0.000000
vn 0.040548 0.000002 -0.999178
vn 0.040548 0.000000 -0.999178
vn 0.040549 0.000004 -0.999178
vn 0.040549 0.000004 -0.999178
vn 0.040547 0.000002 -0.999178
vn 0.041130 -0.004800 -0.999142
vn 0.041147 -0.004937 -0.999141
vn 0.040547 0.000002 -0.999178
vn -0.034410 0.000000 0.999408
vn -0.034410 0.000000 0.999408
vn -0.034410 0.000000 0.999408
vn -0.034410 0.000000 0.999408
vn -0.034411 0.000000 0.999408
vn -0.034411 0.000000 0.999408
vn -0.034411 0.000000 0.999408
vn -0.034411 0.000000 0.999408
vn -0.034411 0.000000 0.999408
vn -0.034411 0.000000 0.999408
vn -0.034411 0.000000 0.999408
vn -0.034411 0.000000 0.999408
vn 0.000000 1.000000 -0.000000
vn 0.000000 1.000000 -0.000000
vn 0.000000 1.000000 -0.000000
vn 0.000000 1.000000 -0.000000
vn 0.000000 1.000000 0.000000
vn 0.000000 1.000000 0.000000
vn 0.000000 1.000000 0.000000
vn 0.000000 1.000000 0.000000
vn 0.000000 1.000000 -0.000000
vn 0.000000 1.000000 -0.000000
vn 0.000000 1.000000 -0.000000
vn 0.000000 1.000000 -0.000000
vn 0.042016 0.000000 -0.999117
vn 0.042016 0.000000 -0.999117
vn 0.042016 0.000000 -0.999117
vn 0.042016 0.000000 -0.999117
vn 0.042017 -0.000000 -0.999117
vn 0.042017 -0.000000 -0.999117
vn 0.042017 -0.000000 -0.999117
vn 0.042017 -0.000000 -0.999117
vn 0.042015 -0.000000 -0.999117
vn 0.042015 -0.000000 -0.999117
vn 0.042015 -0.000000 -0.999117
vn 0.042015 -0.000000 -0.999117
vn -0.999178 0.000008 -0.040544
vn -0.999178 0.000006 -0.040545
vn -0.999178 0.000006 -0.040545
vn -0.999178 0.000008 -0.040544
vn -0.999178 0.000010 -0.040551
vn -0.999178 0.000010 -0.040551
vn -0.999178 -0.000010 -0.040551
vn -0.999178 -0.000010 -0.040551
vn -0.999178 -0.000010 -0.040551
vn -0.999178 -0.000010 -0.040551
vn 0.999234 0.000000 0.039132
vn 0.999234 0.000000 0.039132
vn 0.999234 0.000000 0.039132
vn 0.999234 0.000000 0.039132
vn 0.999234 0.000000 0.039132
vn 0.999234 0.000000 0.039132
vn 0.999234 0.000000 0.039132
vn 0.999234 0.000000 0.039132
vn 0.999234 0.000000 0.039132
vn 0.999234 0.000000 0.039132
vn 0.999234 0.000000 0.039132
vn 0.999234 0.000000 0.039132
vn 0.999178 -0.000001 0.040549
vn 0.999178 -0.000001 0.040549
vn 0.999178 -0.000001 0.040549
vn 0.999178 -0.000001 0.040549
vn 0.999178 0.000000 0.040549
vn 0.999178 0.000000 0.040549
vn 0.999178 0.000000 0.040549
vn 0.999178 0.000000 0.040549
vn 0.999178 -0.000001 0.040549
vn 0.999178 -0.000001 0.040549
vn 0.999178 -0.000001 0.040549
vn 0.999178 -0.000001 0.040549
vn 0.037040 -0.002801 -0.999310
vn 0.036572 -0.000270 -0.999331
vn 0.036453 0.000375 -0.999335
vn 0.037040 -0.002801 -0.999310
vn 0.037674 -0.006950 -0.999266
vn 0.037674 -0.006950 -0.999266
vn 0.039472 -0.007727 -0.999191
vn 0.039472 -0.007727 -0.999191
vn 0.039472 -0.007727 -0.999191
vn 0.039472 -0.007727 -0.999191
vn -0.036532 0.001740 0.999331
vn -0.036607 0.001824 0.999328
vn -0.037278 0.002572 0.999302
vn -0.037278 0.002572 0.999302
vn -0.039159 0.003360 0.999227
vn -0.039159 0.003360 0.999227
vn -0.039159 0.003360 0.999227
vn -0.039159 0.003360 0.999227
vn -0.039436 0.007868 0.999191
vn -0.039436 0.007868 0.999191
vn -0.039436 0.007868 0.999191
vn -0.039436 0.007868 0.999191
vn -0.483454 -0.875150 -0.019619
vn -0.483454 -0.875150 -0.019619
vn -0.483454 -0.875150 -0.019619
vn -0.483454 -0.875150 -0.019619
vn -0.483454 -0.875150 -0.019619
vn -0.483454 -0.875150 -0.019619
vn -0.483454 -0.875150 -0.019619
vn -0.483454 -0.875150 -0.019619
vn -0.483456 -0.875149 -0.019619
vn -0.483456 -0.875149 -0.019619
vn -0.483456 -0.875149 -0.019619
vn -0.483456 -0.875149 -0.019619
vn 0.045540 -0.002189 -0.998960
vn 0.042754 -0.007142 -0.999060
vn 0.041313 -0.006308 -0.999126
vn 0.041313 -0.006308 -0.999126
vn 0.040848 -0.009527 -0.999120
vn 0.040848 -0.009527 -0.999120
vn 0.040848 -0.009527 -0.999120
vn 0.040848 -0.009527 -0.999120
vn 0.000000 1.000000 -0.000000
vn 0.000000 1.000000 -0.000000
vn 0.000000 1.000000 -0.000000
vn 0.000000 1.000000 -0.000000
vn 0.000000 1.000000 0.000000
vn 0.000000 1.000000 0.000000
vn 0.000000 1.000000 0.000000
vn 0.000000 1.000000 0.000000
vn 0.000000 1.000000 0.000000
vn 0.000000 1.000000 0.000000
vn 0.000000 1.000000 0.000000
vn 0.000000 1.000000 0.000000
vn -0.041293 0.006131 0.999128
vn -0.041293 0.006131 0.999128
vn -0.042755 0.007106 0.999060
vn -0.042755 0.007106 0.999060
vn -0.041836 0.010620 0.999068
vn -0.041836 0.010620 0.999068
vn -0.041836 0.010620 0.999068
vn -0.041836 0.010620 0.999068
vn 0.999178 0.000000 0.040549
vn 0.999178 0.000000 0.040549
vn 0.999178 0.000000 0.040549
vn 0.999178 0.000000 0.040549
vn 0.999178 0.000000 0.040549
vn 0.999178 0.000000 0.040549
vn 0.999178 0.000000 0.040549
vn 0.999178 0.000000 0.040549
vn 0.999178 0.000000 0.040549
vn 0.999178 0.000000 0.040549
vn 0.999178 0.000000 0.040549
vn 0.999178 0.000000 0.040549
vn -0.859869 -0.509321 -0.034896
vn -0.859869 -0.509322 -0.034896
vn -0.859869 -0.509321 -0.034896
vn -0.859869 -0.509321 -0.034896
vn -0.859865 -0.509327 -0.034894
vn -0.859865 -0.509327 -0.034894
vn -0.859865 -0.509327 -0.034894
vn -0.859865 -0.509327 -0.034894
vn -0.859861 -0.509334 -0.034895
vn -0.859861 -0.509334 -0.034895
vn -0.859861 -0.509334 -0.034895
vn -0.859861 -0.509334 -0.034895
vn 0.040548 0.000001 -0.999178
vn 0.040548 0.000001 -0.999178
vn 0.039645 0.001345 -0.999213
vn 0.039944 0.000900 -0.999202
vn 0.040548 0.000000 -0.999178
vn 0.040548 0.000000 -0.999178
vn 0.040544 0.000001 -0.999178
vn 0.039788 0.003945 -0.999200
vn 0.040045 0.002606 -0.999195
vn 0.040544 0.000001 -0.999178
vn 0.000000 -1.000000 0.000000
vn 0.000000 -1.000000 0.000000
vn 0.000000 -1.000000 0.000000
vn 0.000000 -1.000000 0.000000
vn -0.000000 -1.000000 0.000000
vn -0.000000 -1.000000 0.000000
vn -0.000000 -1.000000 0.000000
vn -0.000000 -1.000000 0.000000
vn -0.000000 -1.000000 0.000000
vn -0.000000 -1.000000 0.000000
vn -0.000000 -1.000000 0.000000
vn -0.000000 -1.000000 0.000000
vn -0.040548 0.000001 0.999178
vn -0.040548 0.000001 0.999178
vn -0.040548 0.000002 0.999178
vn -0.040548 0.000002 0.999178
vn -0.040548 -0.000003 0.999178
vn -0.040548 -0.000003 0.999178
vn -0.040548 -0.000003 0.999178
vn -0.040548 -0.000003 0.999178
vn -0.040546 -0.000002 0.999178
vn -0.040546 -0.000002 0.999178
vn -0.040546 -0.000002 0.999178
vn -0.040546 -0.000002 0.999178
vn -0.000001 1.000000 0.000000
vn -0.000001 1.000000 0.000000
vn -0.000001 1.000000 0.000000
vn -0.000001 1.000000 0.000000
vn 0.000001 1.000000 0.000000
vn 0.000001 1.000000 0.000000
vn 0.000001 1.000000 0.000000
vn 0.000001 1.000000 0.000000
vn 0.000001 1.000000 -0.000000
vn 0.000001 1.000000 -0.000000
vn 0.000001 1.000000 -0.000000
vn 0.000001 1.000000 -0.000000
vn 0.040546 0.000000 -0.999178
vn 0.040547 -0.000000 -0.999178
vn 0.040547 -0.000000 -0.999178
vn 0.040546 0.000000 -0.999178
vn 0.040552 0.000000 -0.999177
vn 0.040552 0.000000 -0.999178
vn 0.040550 -0.000000 -0.999178
vn 0.040550 -0.000000 -0.999178
vn 0.040550 -0.000000 -0.999178
vn 0.040550 -0.000000 -0.999178
vn 0.040548 -0.000000 -0.999178
vn 0.040548 -0.000000 -0.999178
vn 0.040548 0.000001 -0.999178
vn 0.040548 0.000001 -0.999178
vn 0.040546 -0.000001 -0.999178
vn 0.040546 -0.000001 -0.999178
vn 0.040546 -0.000001 -0.999178
vn 0.040546 -0.000001 -0.999178
vn 0.040547 -0.000001 -0.999178
vn 0.040547 -0.000001 -0.999178
vn 0.040547 -0.000001 -0.999178
vn 0.040547 -0.000001 -0.999178
vn 0.000001 1.000000 -0.000000
vn 0.000001 1.000000 -0.000000
vn 0.000001 1.000000 -0.000000
vn 0.000001 1.000000 -0.000000
vn -0.000001 1.000000 -0.000000
vn -0.000001 1.000000 -0.000000
vn -0.000001 1.000000 -0.000000
vn -0.000001 1.000000 -0.000000
vn -0.000001 1.000000 0.000000
vn -0.000001 1.000000 0.000000
vn -0.000001 1.000000 0.000000
vn -0.000001 1.000000 0.000000
vn -0.040548 -0.000002 0.999178
vn -0.040548 -0.000001 0.999178
vn -0.040548 -0.000001 0.999178
vn -0.040548 -0.000002 0.999178
vn -0.040546 -0.000003 0.999178
vn -0.040546 -0.000003 0.999178
vn -0.040546 0.000003 0.999178
vn -0.040546 0.000003 0.999178
vn -0.040546 0.000003 0.999178
vn -0.040546 0.000003 0.999178
vn 0.000000 -1.000000 0.000000
vn 0.000000 -1.000000 0.000000
vn 0.000000 -1.000000 0.000000
vn 0.000000 -1.000000 0.000000
vn 0.000000 -1.000000 0.000000
vn 0.000000 -1.000000 0.000000
vn 0.000000 -1.000000 0.000000
vn 0.000000 -1.000000 0.000000
vn 0.000000 -1.000000 0.000000
vn 0.000000 -1.000000 0.000000
vn 0.000000 -1.000000 0.000000
vn 0.000000 -1.000000 0.000000
vn -0.999178 0.000001 -0.040549
vn -0.999178 0.000001 -0.040549
vn -0.999178 0.000026 -0.040551
vn -0.999178 0.000026 -0.040551
vn -0.999178 -0.000027 -0.040551
vn -0.999178 -0.000027 -0.040551
vn -0.999178 -0.000027 -0.040551
vn -0.999178 -0.000027 -0.040551
vn -0.999178 -0.000023 -0.040548
vn -0.999178 -0.000023 -0.040548
vn -0.999178 -0.000023 -0.040548
vn -0.999178 -0.000023 -0.040548
vn 0.040545 -0.000001 -0.999178
vn 0.044452 0.000001 -0.999012
vn 0.046607 0.000000 -0.998913
vn 0.040545 0.000000 -0.999178
vn 0.040546 0.000001 -0.999178
vn 0.040549 0.000001 -0.999178
vn 0.040549 0.000001 -0.999178
vn 0.999178 -0.000000 0.040549
vn 0.999178 -0.000000 0.040549
vn 0.999178 -0.000000 0.040549
vn 0.999178 -0.000000 0.040549
vn 0.999178 0.000000 0.040549
vn 0.999178 0.000000 0.040549
vn 0.999178 0.000000 0.040549
vn 0.999178 0.000000 0.040549
vn 0.999178 -0.000000 0.040549
vn 0.999178 -0.000000 0.040549
vn 0.999178 -0.000000 0.040549
vn 0.999178 -0.000000 0.040549
vn -0.061424 0.001079 0.998111
vn -0.060571 0.001064 0.998163
vn -0.060582 0.001064 0.998163
vn -0.061424 0.001079 0.998111
vn -0.061426 0.000356 0.998112
vn -0.061426 0.000356 0.998112
vn -0.062166 0.000368 0.998066
vn -0.062166 0.000368 0.998066
vn -0.999178 0.000000 -0.040546
vn -0.999178 0.000000 -0.040546
vn -0.999178 0.000000 -0.040546
vn -0.999178 0.000000 -0.040546
vn -0.999178 0.000000 -0.040546
vn -0.999178 0.000000 -0.040546
vn -0.999178 0.000000 -0.040546
vn -0.999178 0.000000 -0.040546
vn -0.999178 0.000000 -0.040549
vn -0.999178 0.000000 -0.040549
vn -0.999178 0.000000 -0.040549
vn -0.999178 0.000000 -0.040549
vn 0.018762 0.000001 -0.999824
vn 0.018762 0.000001 -0.999824
vn 0.018762 0.000001 -0.999824
vn 0.018762 0.000001 -0.999824
vn 0.018778 0.000001 -0.999824
vn 0.018778 0.000001 -0.999824
vn 0.018778 0.000001 -0.999824
vn 0.018778 0.000001 -0.999824
vn 0.018778 -0.000001 -0.999824
vn 0.018778 -0.000001 -0.999824
vn 0.018778 -0.000001 -0.999824
vn 0.018778 -0.000001 -0.999824
vn 0.999178 0.000000 0.040549
vn 0.999178 0.000000 0.040549
vn 0.999178 0.000000 0.040549
vn 0.999178 0.000000 0.040549
vn 0.999178 0.000000 0.040549
vn 0.999178 0.000000 0.040549
vn 0.999178 0.000000 0.040549
vn 0.999178 0.000000 0.040549
vn 0.999178 0.000000 0.040549
vn 0.999178 0.000000 0.040549
vn 0.999178 0.000000 0.040549
vn 0.999178 0.000000 0.040549
vn -0.060588 -0.001066 0.998162
vn -0.060577 -0.001065 0.998163
vn -0.061429 -0.001084 0.998111
vn -0.061429 -0.001084 0.998111
vn -0.062169 -0.001090 0.998065
vn -0.062516 -0.009165 0.998002
vn -0.062591 -0.010932 0.997979
vn -0.062169 -0.001090 0.998065
vn -0.062548 -0.008879 0.998003
vn -0.062627 -0.010634 0.997980
vn -0.062164 -0.000363 0.998066
vn -0.062164 -0.000363 0.998066
vn 0.999891 0.000004 -0.014803
vn 0.999890 0.000004 -0.014803
vn 0.999891 0.000004 -0.014803
vn 0.999891 0.000004 -0.014803
vn 0.999890 0.000004 -0.014823
vn 0.999890 0.000004 -0.014823
vn 0.999890 0.000004 -0.014823
vn 0.999890 0.000004 -0.014823
vn 0.999890 -0.000004 -0.014823
vn 0.999890 -0.000004 -0.014823
vn 0.999890 -0.000004 -0.014823
vn 0.999890 -0.000004 -0.014823
vn -0.005547 0.990908 0.134431
vn -0.005532 0.990904 0.134459
vn -0.005515 0.990900 0.134491
vn -0.005547 0.990908 0.134430
vn -0.005631 0.990908 0.134424
vn -0.005631 0.990908 0.134424
vn -0.005625 0.990927 0.134282
vn -0.005625 0.990927 0.134282
vn -0.005625 0.990927 0.134282
vn -0.005625 0.990927 0.134282
vn 0.899424 -0.000006 -0.437078
vn 0.899424 -0.000006 -0.437078
vn 0.899424 -0.000006 -0.437078
vn 0.899424 -0.000006 -0.437078
vn 0.899399 -0.000006 -0.437128
vn 0.899399 -0.000006 -0.437128
vn 0.899399 -0.000006 -0.437128
vn 0.899399 -0.000006 -0.437128
vn 0.899399 0.000006 -0.437128
vn 0.899399 0.000006 -0.437128
vn 0.899399 0.000006 -0.437128
vn 0.899399 0.000006 -0.437128
vn 0.162747 0.986646 0.006538
vn 0.162747 0.986646 0.006538
vn 0.162747 0.986646 0.006538
vn 0.162747 0.986646 0.006538
vn 0.162756 0.986645 0.006423
vn 0.162756 0.986645 0.006423
vn 0.162757 0.986645 0.006423
vn 0.162757 0.986645 0.006423
vn 0.164507 0.986355 0.006492
vn 0.164507 0.986355 0.006492
vn 0.164507 0.986355 0.006492
vn 0.164507 0.986355 0.006492
vn -0.997292 -0.000008 -0.073545
vn -0.997292 -0.000008 -0.073545
vn -0.997292 -0.000008 -0.073545
vn -0.997292 -0.000008 -0.073545
vn -0.997291 -0.000006 -0.073555
vn -0.997291 -0.000006 -0.073555
vn -0.997291 -0.000006 -0.073555
vn -0.997291 -0.000006 -0.073555
vn -0.997291 0.000005 -0.073555
vn -0.997291 0.000005 -0.073555
vn -0.997291 0.000005 -0.073555
vn -0.997291 0.000005 -0.073555
vn -0.865910 -0.000007 -0.500200
vn -0.865910 -0.000007 -0.500201
vn -0.865910 -0.000007 -0.500201
vn -0.865910 -0.000007 -0.500200
vn -0.865906 -0.000005 -0.500207
vn -0.865906 -0.000005 -0.500207
vn -0.865906 -0.000005 -0.500207
vn -0.865906 -0.000005 -0.500207
vn -0.865905 0.000005 -0.500208
vn -0.865905 0.000005 -0.500208
vn -0.865905 0.000005 -0.500208
vn -0.865906 0.000005 -0.500208
vn -0.162751 0.986646 -0.006538
vn -0.162751 0.986646 -0.006538
vn -0.162751 0.986646 -0.006538
vn -0.162751 0.986646 -0.006538
vn -0.162760 0.986645 -0.006423
vn -0.162760 0.986645 -0.006423
vn -0.162760 0.986645 -0.006423
vn -0.162760 0.986645 -0.006423
vn -0.164510 0.986354 -0.006493
vn -0.164510 0.986354 -0.006493
vn -0.164510 0.986354 -0.006493
vn -0.164510 0.986354 -0.006493
vn 0.040549 -0.000001 -0.999178
vn 0.040549 -0.000001 -0.999178
vn 0.040547 0.000001 -0.999178
vn 0.040547 0.000001 -0.999178
vn 0.040547 0.000001 -0.999178
vn 0.040547 0.000001 -0.999178
vn 0.040550 0.000001 -0.999178
vn 0.040550 0.000001 -0.999178
vn 0.040550 0.000001 -0.999178
vn 0.040550 0.000001 -0.999178
vn -0.999178 0.000029 -0.040551
vn -0.999178 0.000029 -0.040551
vn -0.999178 0.000029 -0.040551
vn -0.999178 0.000029 -0.040551
vn -0.999178 -0.000029 -0.040551
vn -0.999178 -0.000029 -0.040551
vn -0.999178 -0.000033 -0.040548
vn -0.999178 -0.000033 -0.040548
vn -0.040547 0.000000 0.999178
vn -0.040547 0.000000 0.999178
vn -0.040548 0.000000 0.999178
vn -0.040548 0.000000 0.999178
vn -0.040548 0.000000 0.999178
vn -0.040548 0.000000 0.999178
vn -0.040548 0.000000 0.999178
vn -0.040548 0.000000 0.999178
vn -0.053445 0.014230 0.998469
vn -0.053445 0.014230 0.998469
vn -0.053445 0.014230 0.998469
vn -0.053445 0.014230 0.998470
vn -0.050165 0.014400 0.998637
vn -0.050165 0.014400 0.998637
vn -0.050165 0.014400 0.998637
vn -0.050165 0.014400 0.998637
vn -0.045444 0.005402 0.998952
vn -0.043524 0.003281 0.999047
vn -0.042755 0.002433 0.999083
vn -0.045444 0.005402 0.998952
vn -0.040548 0.000003 0.999178
vn -0.040548 0.000003 0.999178
vn -0.040548 -0.000003 0.999178
vn -0.040548 -0.000003 0.999178
vn -0.040548 -0.000003 0.999178
vn -0.043127 -0.002846 0.999066
vn -0.042474 -0.002126 0.999095
vn -0.040548 -0.000003 0.999178
vn -0.047784 -0.004522 0.998848
vn -0.047784 -0.004522 0.998848
vn -0.044759 -0.004645 0.998987
vn -0.044759 -0.004645 0.998987
vn -0.048666 -0.012141 0.998741
vn -0.048666 -0.012141 0.998741
vn -0.048666 -0.012141 0.998741
vn -0.048666 -0.012141 0.998741
vn -0.040547 0.000001 0.999178
vn -0.040547 0.000001 0.999178
vn -0.040547 -0.000001 0.999178
vn -0.040547 -0.000001 0.999178
vn -0.040547 -0.000001 0.999178
vn -0.040547 -0.000001 0.999178
vn -0.040547 -0.000002 0.999178
vn -0.040547 -0.000002 0.999178
vn -0.040547 -0.000002 0.999178
vn -0.040547 -0.000002 0.999178
vn 0.999178 0.000000 0.040549
vn 0.999178 0.000000 0.040549
vn 0.999178 0.000000 0.040549
vn 0.999178 0.000000 0.040549
vn 0.999178 0.000000 0.040549
vn 0.999178 0.000000 0.040549
vn 0.999178 0.000000 0.040549
vn 0.999178 0.000000 0.040549
vn 0.040548 -0.000002 -0.999178
vn 0.040548 -0.000002 -0.999178
vn 0.040546 -0.000002 -0.999178
vn 0.040546 -0.000002 -0.999178
vn 0.040546 0.000002 -0.999178
vn 0.040546 0.000002 -0.999178
vn 0.040546 0.000002 -0.999178
vn 0.040546 0.000002 -0.999178
vn 0.045930 0.005933 -0.998927
vn 0.043664 0.003433 -0.999040
vn 0.042753 0.002428 -0.999083
vn 0.045930 0.005933 -0.998927
vn 0.046019 0.003316 -0.998935
vn 0.049987 0.005721 -0.998734
vn 0.058068 0.019330 -0.998125
vn 0.058068 0.019330 -0.998126
vn 0.045212 -0.002817 -0.998974
vn 0.040547 0.000003 -0.999178
vn 0.040549 0.000003 -0.999178
vn 0.040550 -0.000003 -0.999178
vn 0.040550 -0.000003 -0.999178
vn 0.055004 -0.015948 -0.998359
vn 0.055004 -0.015948 -0.998359
vn 0.048518 -0.004816 -0.998811
vn 0.045169 -0.005096 -0.998966
vn 0.045169 -0.005096 -0.998966
vn 0.033816 -0.016963 -0.999284
vn 0.033659 -0.016064 -0.999304
vn 0.035719 -0.017559 -0.999208
vn 0.038044 -0.005840 -0.999259
vn 0.038044 -0.005840 -0.999259
vn 0.035505 0.005494 -0.999354
vn 0.035505 0.005494 -0.999354
vn 0.037719 0.006691 -0.999266
vn 0.037719 0.006691 -0.999266
vn 0.039566 0.003601 -0.999211
vn 0.035023 0.022322 -0.999137
vn 0.035091 0.020002 -0.999184
vn 0.040548 0.000000 -0.999178
vn 0.040548 0.000000 -0.999178
vn 0.040548 0.000000 -0.999178
vn 0.040549 0.000001 -0.999178
vn 0.040547 0.000001 -0.999178
vn 0.040548 0.000002 -0.999178
vn 0.040547 0.000001 -0.999178
vn 0.040547 0.000001 -0.999178
vn 0.040548 0.000002 -0.999178
vn 0.044905 0.000001 -0.998991
vn 0.040548 0.000002 -0.999178
vn 0.040548 -0.000002 -0.999178
vn -0.005598 0.990620 0.136530
vn -0.005619 0.990615 0.136564
vn -0.005636 0.990611 0.136591
vn -0.005636 0.990611 0.136591
vn -0.005643 0.990588 0.136764
vn -0.005643 0.990588 0.136764
vn -0.005643 0.990588 0.136764
vn -0.005643 0.990588 0.136764
vn -0.005728 0.990590 0.136740
vn -0.005728 0.990590 0.136740
vn -0.005728 0.990590 0.136740
vn -0.005728 0.990591 0.136740
vn 0.040549 0.000001 -0.999178
vn 0.040085 -0.002399 -0.999193
vn 0.039911 -0.003304 -0.999198
vn 0.040546 0.000000 -0.999178
vn 0.040546 0.000000 -0.999178
vn 0.040545 0.000000 -0.999178
vn 0.040013 -0.000793 -0.999199
vn 0.039754 -0.001179 -0.999209
vn 0.040545 0.000000 -0.999178
vn 0.059337 -0.000001 -0.998238
vn 0.059337 -0.000001 -0.998238
vn 0.059337 -0.000001 -0.998238
vn 0.059337 -0.000001 -0.998238
vn 0.059333 -0.000001 -0.998238
vn 0.046654 -0.000000 -0.998911
vn 0.046990 -0.000000 -0.998895
vn 0.059333 -0.000001 -0.998238
vn 0.046989 0.000000 -0.998895
vn 0.059333 0.000001 -0.998238
vn 0.059333 0.000001 -0.998238
vn -0.030469 0.000536 0.999536
vn -0.030466 0.000536 0.999536
vn -0.030259 0.000533 0.999542
vn -0.030259 0.000533 0.999542
vn -0.030083 0.000528 0.999547
vn -0.032406 -0.003076 0.999470
vn -0.032227 -0.002798 0.999477
vn -0.030083 0.000528 0.999547
vn -0.032059 -0.001192 0.999485
vn -0.032006 -0.001155 0.999487
vn -0.030080 0.000174 0.999548
vn -0.030080 0.000174 0.999547
vn 0.005455 0.990437 -0.137857
vn 0.004785 0.990509 -0.137366
vn 0.004504 0.990539 -0.137160
vn 0.004504 0.990539 -0.137160
vn 0.004519 0.990479 -0.137588
vn 0.004519 0.990479 -0.137588
vn 0.004519 0.990479 -0.137588
vn 0.004519 0.990479 -0.137588
vn 0.004691 0.990483 -0.137558
vn 0.004691 0.990483 -0.137558
vn 0.004691 0.990483 -0.137558
vn 0.004691 0.990483 -0.137558
vn 0.004399 0.990978 -0.133954
vn 0.004679 0.991007 -0.133726
vn 0.005254 0.991068 -0.133257
vn 0.004399 0.990978 -0.133954
vn 0.004567 0.990982 -0.133919
vn 0.004567 0.990982 -0.133919
vn 0.004554 0.991030 -0.133563
vn 0.004554 0.991030 -0.133563
vn 0.004554 0.991030 -0.133563
vn 0.004554 0.991030 -0.133563
vn -0.030258 -0.000536 0.999542
vn -0.030462 -0.000538 0.999536
vn -0.030465 -0.000538 0.999536
vn -0.030258 -0.000536 0.999542
vn -0.030256 -0.000182 0.999542
vn -0.030256 -0.000182 0.999542
vn -0.030079 -0.000171 0.999548
vn -0.032179 0.001257 0.999481
vn -0.032236 0.001296 0.999480
vn -0.030079 -0.000171 0.999548
vn -0.063144 -0.013476 0.997913
vn -0.063144 -0.013476 0.997913
vn -0.063144 -0.013476 0.997913
vn -0.063144 -0.013476 0.997913
vn -0.062743 -0.013233 0.997942
vn -0.062743 -0.013233 0.997942
vn -0.062692 -0.013310 0.997944
vn -0.062692 -0.013310 0.997944
vn -0.838224 0.545326 0.000000
vn -0.838224 0.545326 0.000000
vn -0.838224 0.545326 0.000000
vn -0.838224 0.545326 0.000000
vn -0.838225 0.545325 0.000000
vn -0.838225 0.545325 0.000000
vn -0.838225 0.545325 0.000000
vn -0.838225 0.545325 0.000000
vn -0.838219 0.545334 0.000000
vn -0.838219 0.545334 0.000000
vn -0.838219 0.545334 0.000000
vn -0.838219 0.545334 0.000000
vn 0.860756 -0.509019 0.000047
vn 0.860756 -0.509019 0.000047
vn 0.860756 -0.509019 0.000047
vn 0.860756 -0.509019 0.000047
vn 0.860757 -0.509017 -0.000046
vn 0.860757 -0.509017 -0.000046
vn 0.860757 -0.509017 -0.000046
vn 0.860757 -0.509017 -0.000046
vn 0.860765 -0.509003 -0.000046
vn 0.860765 -0.509003 -0.000046
vn 0.860765 -0.509003 -0.000046
vn 0.860765 -0.509003 -0.000046
vn -0.999725 0.023435 0.000000
vn -0.999725 0.023447 -0.000037
vn -0.999725 0.023447 -0.000037
vn -0.999725 0.023435 0.000000
vn -0.999725 0.023435 0.000000
vn -0.999725 0.023435 0.000000
vn -0.999725 0.023441 0.000000
vn -0.999725 0.023441 0.000000
vn -0.999725 0.023441 0.000000
vn -0.999725 0.023441 0.000000
vn 0.000000 -1.000000 0.000000
vn 0.000000 -1.000000 0.000000
vn 0.000000 -1.000000 0.000000
vn 0.000000 -1.000000 0.000000
vn 0.000000 -1.000000 0.000000
vn 0.000000 -1.000000 0.000000
vn 0.000000 -1.000000 0.000000
vn 0.000000 -1.000000 0.000000
vn 0.000000 -1.000000 0.000000
vn 0.000000 -1.000000 0.000000
vn 0.000000 -1.000000 0.000000
vn 0.000000 -1.000000 0.000000
vn 1.000000 0.000001 0.000000
vn 1.000000 0.000001 0.000000
vn 1.000000 0.000002 0.000000
vn 1.000000 0.000002 0.000000
vn 1.000000 0.000000 0.000000
vn 1.000000 0.000000 0.000000
vn 1.000000 0.000000 0.000000
vn 1.000000 0.000000 0.000000
vn 1.000000 0.000002 0.000000
vn 1.000000 0.000002 0.000000
vn 1.000000 0.000002 0.000000
vn 1.000000 0.000002 0.000000
vn 0.000000 -1.000000 0.000000
vn 0.000000 -1.000000 0.000000
vn 0.000000 -1.000000 0.000000
vn 0.000000 -1.000000 0.000000
vn 0.000000 -1.000000 0.000000
vn 0.000000 -1.000000 0.000000
vn 0.000000 -1.000000 0.000000
vn 0.000000 -1.000000 0.000000
vn 0.000000 -1.000000 0.000000
vn 0.000000 -1.000000 0.000000
vn 0.000000 -1.000000 0.000000
vn 0.000000 -1.000000 0.000000
vn 0.999725 0.023454 0.000000
vn 0.999725 0.023454 0.000000
vn 0.999725 0.023441 0.000000
vn 0.999725 0.023441 0.000000
vn 0.999725 0.023435 0.000000
vn 0.999725 0.023435 0.000000
vn 0.999725 0.023435 0.000000
vn 0.999725 0.023435 0.000000
vn 0.999725 0.023436 0.000000
vn 0.999725 0.023436 0.000000
vn 0.999725 0.023436 0.000000
vn 0.999725 0.023436 0.000000
vn -1.000000 0.000000 0.000000
vn -1.000000 0.000008 -0.000037
vn -1.000000 0.000008 -0.000037
vn -1.000000 0.000000 0.000000
vn -1.000000 0.000000 0.000000
vn -1.000000 0.000000 0.000000
vn -1.000000 0.000000 0.000000
vn -1.000000 0.000000 0.000000
vn -1.000000 0.000000 0.000000
vn -1.000000 0.000000 0.000000
vn -0.421927 0.906630 -0.000021
vn -0.421927 0.906630 -0.000021
vn -0.421927 0.906630 -0.000021
vn -0.421927 0.906630 -0.000021
vn -0.421929 0.906629 0.000022
vn -0.421929 0.906629 0.000022
vn -0.421929 0.906629 0.000022
vn -0.421929 0.906629 0.000022
vn -0.421928 0.906629 0.000023
vn -0.421928 0.906629 0.000023
vn -0.421928 0.906629 0.000023
vn -0.421928 0.906629 0.000023
vn 0.484154 -0.874983 0.000000
vn 0.484154 -0.874983 0.000000
vn 0.484154 -0.874983 0.000000
vn 0.484154 -0.874983 0.000000
vn 0.484154 -0.874983 0.000000
vn 0.484154 -0.874983 0.000000
vn 0.484154 -0.874983 0.000000
vn 0.484154 -0.874983 0.000000
vn 0.484154 -0.874983 0.000000
vn 0.484154 -0.874983 0.000000
vn 0.484154 -0.874983 0.000000
vn 0.484154 -0.874983 0.000000
vn 0.000000 1.000000 0.000000
vn 0.000000 1.000000 0.000000
vn 0.000000 1.000000 0.000000
vn 0.000000 1.000000 0.000000
vn 0.000000 1.000000 0.000000
vn 0.000000 1.000000 0.000000
vn 0.000000 1.000000 0.000000
vn 0.000000 1.000000 0.000000
vn 0.000000 1.000000 0.000000
vn 0.000000 1.000000 0.000000
vn 0.000000 1.000000 0.000000
vn 0.000000 1.000000 0.000000
vn -0.000000 -1.000000 0.000004
vn -0.000000 -1.000000 0.000004
vn -0.000000 -1.000000 0.000004
vn -0.000000 -1.000000 0.000004
vn -0.000000 -1.000000 -0.000004
vn -0.000000 -1.000000 -0.000004
vn -0.000000 -1.000000 -0.000004
vn -0.000000 -1.000000 -0.000004
vn 0.000000 -1.000000 -0.000004
vn 0.000000 -1.000000 -0.000004
vn 0.000000 -1.000000 -0.000004
vn 0.000000 -1.000000 -0.000004
vn 0.413271 0.910608 -0.000004
vn 0.413271 0.910608 -0.000004
vn 0.413271 0.910608 -0.000004
vn 0.413271 0.910608 -0.000004
vn 0.413271 0.910608 0.000004
vn 0.413271 0.910608 0.000004
vn 0.413271 0.910608 0.000004
vn 0.413271 0.910608 0.000004
vn 0.413277 0.910605 0.000004
vn 0.413277 0.910605 0.000004
vn 0.413277 0.910605 0.000004
vn 0.413277 0.910605 0.000004
vn -0.484156 -0.874982 -0.000023
vn -0.484156 -0.874982 -0.000023
vn -0.484156 -0.874982 -0.000023
vn -0.484156 -0.874982 -0.000023
vn -0.484159 -0.874980 0.000022
vn -0.484159 -0.874980 0.000022
vn -0.484159 -0.874980 0.000022
vn -0.484158 -0.874980 0.000022
vn -0.484165 -0.874977 0.000027
vn -0.484165 -0.874977 0.000027
vn -0.484165 -0.874977 0.000027
vn -0.484165 -0.874977 0.000027
vn -0.860748 -0.509031 -0.000046
vn -0.860748 -0.509031 -0.000046
vn -0.860748 -0.509031 -0.000046
vn -0.860748 -0.509031 -0.000046
vn -0.860749 -0.509030 0.000046
vn -0.860749 -0.509030 0.000046
vn -0.860749 -0.509030 0.000046
vn -0.860749 -0.509030 0.000046
vn -0.860757 -0.509016 0.000047
vn -0.860757 -0.509016 0.000047
vn -0.860757 -0.509016 0.000047
vn -0.860757 -0.509016 0.000047
vn 0.845406 0.534124 0.000000
vn 0.845406 0.534124 0.000000
vn 0.845406 0.534124 0.000000
vn 0.845406 0.534124 0.000000
vn 0.845407 0.534123 0.000000
vn 0.845407 0.534123 0.000000
vn 0.845407 0.534123 0.000000
vn 0.845407 0.534123 0.000000
vn 0.845406 0.534124 0.000000
vn 0.845406 0.534124 0.000000
vn 0.845406 0.534124 0.000000
vn 0.845406 0.534124 0.000000
vn -0.999178 0.000001 -0.040546
vn -0.999178 0.000001 -0.040546
vn -0.999178 0.000000 -0.040546
vn -0.999178 0.000000 -0.040546
vn -0.999178 0.000000 -0.040546
vn -0.999178 0.000000 -0.040546
vn -0.999178 0.000001 -0.040549
vn -0.999178 0.000001 -0.040549
vn -0.999178 0.000001 -0.040549
vn -0.999178 0.000001 -0.040549
vn -1.000000 -0.000009 -0.000039
vn -1.000000 -0.000009 -0.000039
vn -1.000000 0.000000 0.000000
vn -1.000000 0.000000 0.000000
vn -1.000000 0.000000 0.000000
vn -1.000000 0.000000 0.000000
vn -1.000000 0.000000 0.000000
vn -1.000000 0.000000 0.000000
vn -1.000000 0.000000 0.000000
vn -1.000000 0.000000 0.000000
vn -1.000000 0.000000 0.000000
vn -1.000000 0.000000 0.000000
vn -0.057066 -0.001006 0.998370
vn -0.057066 -0.001006 0.998370
vn -0.057066 -0.001006 0.998370
vn -0.057066 -0.001006 0.998370
vn -0.057597 -0.001010 0.998339
vn -0.058349 -0.001027 0.998296
vn -0.058358 -0.001027 0.998295
vn -0.057597 -0.001010 0.998339
vn -0.057595 -0.000336 0.998340
vn -0.057595 -0.000336 0.998340
vn 0.999725 0.023440 0.000000
vn 0.999725 0.023439 0.000000
vn 0.999725 0.023439 0.000000
vn 0.999725 0.023440 0.000000
vn 0.999725 0.023440 0.000000
vn 0.999725 0.023440 0.000000
vn 0.999725 0.023440 0.000000
vn 0.999725 0.023440 0.000000
vn 0.999725 0.023440 0.000000
vn 0.999725 0.023440 0.000000
vn -0.031061 -0.000545 0.999517
vn -0.031059 -0.000545 0.999517
vn -0.031282 -0.000549 0.999511
vn -0.031282 -0.000549 0.999510
vn -0.031441 -0.000554 0.999506
vn -0.031441 -0.000554 0.999505
vn -0.031441 -0.000554 0.999505
vn -0.031441 -0.000554 0.999506
vn -0.031444 -0.000186 0.999506
vn -0.031444 -0.000186 0.999506
vn -0.031444 -0.000186 0.999506
vn -0.031444 -0.000186 0.999506
vn 0.999178 0.000000 0.040549
vn 0.999178 0.000000 0.040549
vn 0.999178 0.000000 0.040549
vn 0.999178 0.000000 0.040549
vn 0.999178 0.000000 0.040549
vn 0.999178 0.000000 0.040549
vn 0.999178 0.000000 0.040549
vn 0.999178 0.000000 0.040549
vn 0.999178 0.000000 0.040549
vn 0.999178 0.000000 0.040549
vn 0.040548 -0.000001 -0.999178
vn 0.040548 -0.000001 -0.999178
vn 0.040547 -0.000002 -0.999178
vn 0.040547 -0.000002 -0.999178
vn 0.040548 0.000002 -0.999178
vn 0.040548 0.000002 -0.999178
vn 0.040548 0.000002 -0.999178
vn 0.040548 0.000002 -0.999178
vn 0.040547 0.000002 -0.999178
vn 0.040547 0.000002 -0.999178
vn 0.000001 -1.000000 0.000000
vn 0.000001 -1.000000 0.000000
vn 0.000001 -1.000000 0.000000
vn 0.000001 -1.000000 0.000000
vn -0.000001 -1.000000 0.000000
vn -0.000001 -1.000000 0.000000
vn -0.000001 -1.000000 0.000000
vn -0.000001 -1.000000 0.000000
vn -0.000001 -1.000000 -0.000000
vn -0.000001 -1.000000 -0.000000
vn -0.000001 -1.000000 -0.000000
vn -0.000001 -1.000000 -0.000000
vn -0.999064 0.000000 -0.043251
vn -0.999064 0.000000 -0.043251
vn -0.999064 0.000000 -0.043251
vn -0.999064 0.000000 -0.043251
vn -0.999064 0.000000 -0.043251
vn -0.999064 0.000000 -0.043251
vn -0.999064 0.000000 -0.043251
vn -0.999064 0.000000 -0.043251
vn -0.999064 0.000000 -0.043248
vn -0.999064 0.000000 -0.043248
vn -0.999064 0.000000 -0.043248
vn -0.999064 0.000000 -0.043248
vn -1.000000 0.000012 -0.000053
vn -1.000000 0.000012 -0.000053
vn -1.000000 -0.000012 -0.000053
vn -1.000000 -0.000012 -0.000053
vn -1.000000 -0.000009 0.000053
vn -1.000000 -0.000009 0.000053
vn -0.058632 -0.001033 0.998279
vn -0.058632 -0.001033 0.998279
vn -0.060231 -0.001058 0.998184
vn -0.060231 -0.001058 0.998184
vn -0.060225 -0.000354 0.998185
vn -0.060225 -0.000354 0.998185
vn 0.999725 0.023439 0.000000
vn 0.999725 0.023439 0.000000
vn 0.999725 0.023460 0.000000
vn 0.999725 0.023460 0.000000
vn 0.999725 0.023461 0.000000
vn 0.999725 0.023461 0.000000
vn -0.030554 -0.000539 0.999533
vn -0.030554 -0.000539 0.999533
vn -0.030983 -0.000544 0.999520
vn -0.030983 -0.000544 0.999520
vn -0.030987 -0.000182 0.999520
vn -0.030987 -0.000182 0.999520
vn 0.999178 0.000000 0.040549
vn 0.999178 0.000000 0.040549
vn 0.999178 0.000000 0.040549
vn 0.999178 0.000000 0.040549
vn 0.999178 0.000000 0.040549
vn 0.999178 0.000000 0.040549
vn 0.040547 0.000000 -0.999178
vn 0.040547 0.000000 -0.999178
vn 0.040548 0.000000 -0.999178
vn 0.040548 0.000000 -0.999178
vn 0.047734 0.000000 -0.998860
vn 0.040547 0.000000 -0.999178
vn 0.061509 -0.000001 -0.998107
vn 0.061509 -0.000001 -0.998107
vn 0.061509 -0.000001 -0.998107
vn 0.061509 -0.000001 -0.998107
vn 0.061501 -0.000001 -0.998107
vn 0.061501 -0.000001 -0.998107
vn 0.061501 0.000001 -0.998107
vn 0.061501 0.000001 -0.998107
vn -0.999178 0.000000 -0.040546
vn -0.999178 0.000000 -0.040546
vn -0.999178 0.000000 -0.040546
vn -0.999178 0.000000 -0.040546
vn -0.999178 0.000000 -0.040546
vn -0.999178 0.000000 -0.040546
vn -0.999178 0.000000 -0.040546
vn -0.999178 0.000000 -0.040546
vn -0.999178 0.000000 -0.040549
vn -0.999178 0.000000 -0.040549
vn -0.031445 0.000555 0.999505
vn -0.031445 0.000555 0.999505
vn -0.031445 0.000555 0.999505
vn -0.031445 0.000555 0.999505
vn -0.031286 0.000548 0.999510
vn -0.031064 0.000546 0.999517
vn -0.031067 0.000546 0.999517
vn -0.031286 0.000548 0.999510
vn -0.031283 0.000181 0.999511
vn -0.031283 0.000181 0.999511
vn -0.999725 0.023439 -0.000025
vn -0.999725 0.023439 -0.000025
vn -0.999726 0.023411 0.000053
vn -0.999726 0.023411 0.000053
vn -0.999725 0.023466 0.000053
vn -0.999725 0.023466 0.000053
vn -0.999725 0.023466 0.000053
vn -0.999725 0.023466 0.000053
vn -0.999725 0.023463 -0.000053
vn -0.999725 0.023463 -0.000053
vn -0.999725 0.023463 -0.000053
vn -0.999725 0.023463 -0.000053
vn -0.058356 0.001029 0.998295
vn -0.058347 0.001028 0.998296
vn -0.057598 0.001014 0.998339
vn -0.057598 0.001014 0.998339
vn -0.057066 0.001003 0.998370
vn -0.057066 0.001003 0.998370
vn -0.057066 0.001003 0.998370
vn -0.057066 0.001003 0.998370
vn -0.057066 0.000332 0.998370
vn -0.057066 0.000332 0.998370
vn -0.057066 0.000332 0.998370
vn -0.057066 0.000332 0.998370
vn 1.000000 0.000000 0.000000
vn 1.000000 0.000000 0.000000
vn 1.000000 0.000000 0.000000
vn 1.000000 0.000000 0.000000
vn 1.000000 0.000000 0.000000
vn 1.000000 0.000000 0.000000
vn 1.000000 0.000000 0.000000
vn 1.000000 0.000000 0.000000
vn 1.000000 0.000000 0.000000
vn 1.000000 0.000000 0.000000
vn 0.999178 0.000032 0.040551
vn 0.999178 0.000032 0.040551
vn 0.999178 -0.000032 0.040551
vn 0.999178 -0.000032 0.040551
vn 0.999178 -0.000032 0.040551
vn 0.999178 -0.000032 0.040551
vn 0.999178 -0.000032 0.040548
vn 0.999178 -0.000032 0.040548
vn 0.999178 -0.000032 0.040548
vn 0.999178 -0.000032 0.040548
vn 0.000000 -1.000000 0.000000
vn 0.000000 -1.000000 0.000000
vn 0.000000 -1.000000 0.000000
vn 0.000000 -1.000000 0.000000
vn 0.000000 -1.000000 -0.000000
vn 0.000000 -1.000000 -0.000000
vn 0.000000 -1.000000 -0.000000
vn 0.000000 -1.000000 -0.000000
vn 0.000000 -1.000000 0.000000
vn 0.000000 -1.000000 0.000000
vn 0.000000 -1.000000 0.000000
vn 0.000000 -1.000000 0.000000
vn 0.040546 0.000000 -0.999178
vn 0.044571 -0.000000 -0.999006
vn 0.040545 0.000000 -0.999178
vn 0.040545 0.000000 -0.999178
vn 0.040545 0.000000 -0.999178
vn 0.040549 0.000000 -0.999178
vn 0.040549 0.000000 -0.999178
vn 0.040549 0.000000 -0.999178
vn 0.040549 0.000000 -0.999178
vn -0.999178 0.000000 -0.040546
vn -0.999178 0.000000 -0.040546
vn -0.999178 -0.000009 -0.040548
vn -0.999178 -0.000009 -0.040548
vn -0.999178 0.000000 -0.040549
vn -0.999178 0.000000 -0.040549
vn -0.030988 0.000546 0.999520
vn -0.030988 0.000546 0.999520
vn -0.030559 0.000537 0.999533
vn -0.030559 0.000537 0.999533
vn -0.030555 0.000177 0.999533
vn -0.030555 0.000177 0.999533
vn -0.999725 0.023451 -0.000054
vn -0.999725 0.023451 -0.000054
vn -0.999725 0.023449 -0.000053
vn -0.999725 0.023449 -0.000053
vn -0.999725 0.023451 0.000053
vn -0.999725 0.023451 0.000053
vn -0.060225 0.001058 0.998184
vn -0.060225 0.001058 0.998184
vn -0.058629 0.001034 0.998279
vn -0.058629 0.001034 0.998279
vn -0.058633 0.000345 0.998280
vn -0.058633 0.000345 0.998280
vn 1.000000 0.000000 0.000000
vn 1.000000 0.000000 0.000000
vn 1.000000 0.000000 0.000000
vn 1.000000 0.000000 0.000000
vn 1.000000 0.000000 0.000000
vn 1.000000 0.000000 0.000000
vn 0.999064 0.000009 0.043253
vn 0.999064 0.000009 0.043253
vn 0.999064 0.000009 0.043253
vn 0.999064 0.000009 0.043253
vn 0.999064 -0.000009 0.043253
vn 0.999064 -0.000009 0.043253
vn 0.999064 -0.000009 0.043253
vn 0.999064 -0.000009 0.043253
vn 0.999064 -0.000011 0.043246
vn 0.999064 -0.000011 0.043246
vn 0.999064 -0.000011 0.043246
vn 0.999064 -0.000011 0.043246
vn 0.018942 -0.000000 -0.999821
vn 0.018942 -0.000000 -0.999821
vn 0.018942 -0.000000 -0.999821
vn 0.018942 -0.000000 -0.999821
vn 0.018936 -0.000002 -0.999821
vn 0.018936 -0.000002 -0.999821
vn 0.018936 -0.000002 -0.999821
vn 0.018936 -0.000002 -0.999821
vn 0.018941 0.000000 -0.999821
vn 0.018941 0.000000 -0.999821
vn 0.018941 0.000000 -0.999821
vn 0.018941 0.000000 -0.999821
vn 0.040545 0.000000 -0.999178
vn 0.040546 0.000000 -0.999178
vn 0.040547 0.000000 -0.999178
vn 0.040547 0.000000 -0.999178
vn 0.000000 1.000000 0.000000
vn 0.000000 1.000000 0.000000
vn 0.000000 1.000000 0.000000
vn 0.000000 1.000000 0.000000
vn 0.000000 1.000000 -0.000000
vn 0.000000 1.000000 -0.000000
vn 0.000000 1.000000 -0.000000
vn 0.000000 1.000000 -0.000000
vn 0.000000 1.000000 -0.000000
vn 0.000000 1.000000 -0.000000
vn 0.000000 1.000000 -0.000000
vn 0.000000 1.000000 -0.000000
vn 0.000000 1.000000 -0.000000
vn 0.000000 1.000000 -0.000000
vn 0.000000 1.000000 -0.000000
vn 0.000000 1.000000 -0.000000
vn 0.000000 1.000000 -0.000000
vn 0.000000 1.000000 -0.000000
vn 0.000000 1.000000 -0.000000
vn 0.000000 1.000000 -0.000000
vn 0.000000 1.000000 -0.000000
vn 0.000000 1.000000 -0.000000
vn 0.000000 1.000000 -0.000000
vn 0.000000 1.000000 -0.000000
vn 0.007948 0.990165 -0.139681
vn 0.007948 0.990165 -0.139681
vn 0.007948 0.990165 -0.139682
vn 0.007948 0.990165 -0.139682
vn 0.007479 0.991296 -0.131442
vn 0.007479 0.991296 -0.131442
vn 0.007478 0.991296 -0.131442
vn 0.007478 0.991296 -0.131442
vn 0.007478 0.991296 -0.131442
vn 0.007478 0.991296 -0.131442
vn -0.005537 0.990634 0.136432
vn -0.005537 0.990634 0.136432
vn -0.005537 0.990634 0.136431
vn -0.005537 0.990634 0.136431
vn 0.034806 0.029792 -0.998950
vn 0.034815 0.029795 -0.998950
vn 0.034815 0.029795 -0.998950
vn 0.035460 -0.026405 -0.999022
vn 0.035460 -0.026405 -0.999022
vn 0.035460 -0.026404 -0.999022
vn 0.035460 -0.026404 -0.999022
vn -0.005462 0.990886 0.134593
vn -0.005462 0.990886 0.134593
vn -0.005461 0.990886 0.134592
vn -0.005461 0.990886 0.134592
vn -0.005461 0.990886 0.134592
vn -0.005461 0.990886 0.134592
vn -0.036144 0.001307 0.999346
vn -0.036144 0.001307 0.999346
vn -0.035783 0.002760 0.999356
vn -0.035783 0.002760 0.999356
vn -0.032952 0.003865 0.999450
vn -0.032952 0.003865 0.999450
vn -0.032584 0.001533 0.999468
vn -0.032584 0.001533 0.999468
vn -0.032375 -0.001409 0.999475
vn -0.032375 -0.001409 0.999475
vn -0.032706 -0.003540 0.999459
vn -0.032706 -0.003540 0.999459
vn -0.035265 -0.002512 0.999375
vn -0.035265 -0.002512 0.999375
vn -0.035585 -0.001190 0.999366
vn -0.035585 -0.001190 0.999366
vn 0.027454 -0.023392 -0.999349
vn 0.032768 -0.019746 -0.999268
vn 0.042766 -0.012882 -0.999002
vn 0.027454 -0.023392 -0.999349
vn 0.037924 -0.017315 -0.999131
vn 0.037924 -0.017315 -0.999131
vn 0.037621 -0.005238 -0.999278
vn 0.037621 -0.005238 -0.999278
vn 0.037621 -0.005238 -0.999278
vn 0.037621 -0.005238 -0.999278
vn 0.061506 0.000001 -0.998107
vn 0.061506 0.000001 -0.998107
vn 0.061505 0.000000 -0.998107
vn 0.033539 0.016011 -0.999309
vn 0.041568 0.011418 -0.999071
vn 0.061505 0.000000 -0.998107
vn 0.059332 -0.000001 -0.998238
vn 0.059332 -0.000001 -0.998238
vn 0.059334 0.000000 -0.998238
vn 0.033568 0.017703 -0.999280
vn 0.042532 0.011549 -0.999028
vn 0.059334 0.000000 -0.998238
vn 0.028812 -0.017471 -0.999432
vn 0.034263 -0.014354 -0.999310
vn 0.041462 -0.010235 -0.999088
vn 0.028812 -0.017471 -0.999432
vn 0.038145 -0.012901 -0.999189
vn 0.037921 -0.003912 -0.999273
vn 0.037921 -0.003912 -0.999273
vn 0.059333 0.000000 -0.998238
vn 0.059333 0.000000 -0.998238
vn 0.059336 0.000002 -0.998238
vn 0.059336 0.000002 -0.998238
vn 0.028804 0.020972 -0.999365
vn 0.028804 0.020972 -0.999365
vn 0.029207 0.007834 -0.999543
vn 0.029207 0.007834 -0.999543
vn 0.029207 0.007834 -0.999543
vn 0.029207 0.007834 -0.999543
vn 0.037920 0.004697 -0.999270
vn 0.037920 0.004697 -0.999270
vn 0.037920 0.004697 -0.999270
vn 0.037920 0.004697 -0.999270
vn 0.061504 0.000000 -0.998107
vn 0.061504 0.000000 -0.998107
vn 0.061506 0.000001 -0.998107
vn 0.061506 0.000001 -0.998107
vn 0.027459 0.019487 -0.999433
vn 0.027459 0.019487 -0.999433
vn 0.027823 0.007231 -0.999587
vn 0.027823 0.007231 -0.999587
vn 0.027823 0.007231 -0.999587
vn 0.027823 0.007231 -0.999587
vn 0.037619 0.004361 -0.999283
vn 0.037619 0.004361 -0.999283
vn -0.923854 -0.382744 -0.000007
vn -0.707076 -0.707137 -0.000003
vn -0.707081 -0.707133 -0.000003
vn -0.923855 -0.382743 -0.000007
vn -0.382727 -0.923862 0.000000
vn -0.382727 -0.923862 0.000000
vn -0.000007 -1.000000 0.000000
vn -0.000001 -1.000000 0.000000
vn 0.382712 -0.923868 0.000000
vn 0.382706 -0.923870 0.000000
vn 0.707104 -0.707110 0.000000
vn 0.707099 -0.707114 0.000000
vn 0.923877 -0.382690 0.000000
vn 0.923879 -0.382685 0.000000
vn 1.000000 0.000000 0.000000
vn 1.000000 0.000000 0.000000
vn 0.923869 0.382709 0.000000
vn 0.923871 0.382704 0.000000
vn 0.707143 0.707070 0.000000
vn 0.707139 0.707075 0.000000
vn 0.382701 0.923872 0.000000
vn 0.382695 0.923875 0.000000
vn -0.000007 1.000000 0.000000
vn -0.000001 1.000000 0.000000
vn -0.382693 0.923876 0.000000
vn -0.382693 0.923876 0.000000
vn -0.707099 0.707114 0.000000
vn -0.707104 0.707110 0.000000
vn -0.923870 0.382706 0.000000
vn -0.923870 0.382706 0.000000
vn -1.000000 -0.000033 -0.000004
vn -1.000000 -0.000033 -0.000004
vn -0.000035 0.000035 -1.000000
vn 0.000000 0.000000 -1.000000
vn -0.000012 -0.000000 -1.000000
vn 0.000021 0.000035 -1.000000
vn 0.000056 0.000000 -1.000000
vn -0.000049 -0.000019 -1.000000
vn -0.000063 -0.000008 -1.000000
vn -0.000014 0.000061 -1.000000
vn 0.000000 0.000000 -1.000000
vn -0.000021 -0.000061 -1.000000
vn -0.000063 0.000008 -1.000000
vn -0.000042 0.000019 -1.000000
vn 0.000042 0.000000 -1.000000
vn 0.000007 -0.000035 -1.000000
vn -0.000035 -0.000035 -1.000000
vn 0.000000 0.000000 -1.000000
vn 0.000000 0.000000 -1.000000
vn -0.893723 -0.400937 -0.201267
vn -0.668436 -0.730479 -0.139978
vn -0.639591 -0.729861 -0.241300
vn -0.851665 -0.400508 -0.338024
vn -0.338645 -0.938596 -0.066006
vn -0.326784 -0.937848 -0.116850
vn 0.041296 -0.999127 0.006381
vn 0.035523 -0.999295 0.012184
vn 0.411720 -0.908646 0.069639
vn 0.391203 -0.911086 0.129930
vn 0.717694 -0.686199 0.118520
vn 0.687870 -0.690430 0.223923
vn 0.917785 -0.367933 0.149317
vn 0.883855 -0.371292 0.284506
vn 0.987146 -0.000000 0.159822
vn 0.952211 -0.000004 0.305441
vn 0.917778 0.367953 0.149315
vn 0.883849 0.371308 0.284503
vn 0.717727 0.686163 0.118526
vn 0.687903 0.690393 0.223936
vn 0.411730 0.908641 0.069643
vn 0.391211 0.911082 0.129936
vn 0.041261 0.999128 0.006372
vn 0.035494 0.999296 0.012173
vn -0.338580 0.938620 -0.065999
vn -0.326755 0.937860 -0.116831
vn -0.668487 0.730438 -0.139948
vn -0.639643 0.729826 -0.241270
vn -0.893734 0.400936 -0.201222
vn -0.851683 0.400514 -0.337973
vn -0.974027 -0.000067 -0.226433
vn -0.926653 -0.000051 -0.375918
vn -0.528849 -0.735030 -0.424322
vn -0.704597 -0.405679 -0.582209
vn -0.268048 -0.940567 -0.208530
vn 0.035439 -0.998954 0.028906
vn 0.333423 -0.907829 0.254314
vn 0.581193 -0.685810 0.438040
vn 0.744179 -0.367927 0.557519
vn 0.800858 -0.000004 0.598854
vn 0.744174 0.367944 0.557514
vn 0.581221 0.685775 0.438059
vn 0.333434 0.907822 0.254323
vn 0.035412 0.998955 0.028885
vn -0.268007 0.940586 -0.208496
vn -0.528878 0.734993 -0.424350
vn -0.704600 0.405699 -0.582192
vn -0.766531 -0.000018 -0.642207
vn -0.348051 -0.733007 -0.584433
vn -0.455712 -0.402665 -0.793844
vn -0.178163 -0.940245 -0.290169
vn 0.025197 -0.998921 0.039003
vn 0.226731 -0.907212 0.354345
vn 0.394594 -0.684796 0.612659
vn 0.504926 -0.367162 0.781180
vn 0.543293 -0.000000 0.839543
vn 0.504921 0.367183 0.781174
vn 0.394613 0.684764 0.612682
vn 0.226739 0.907206 0.354354
vn 0.025177 0.998923 0.038975
vn -0.178140 0.940261 -0.290129
vn -0.348069 0.732957 -0.584485
vn -0.455716 0.402663 -0.793842
vn -0.490938 0.000001 -0.871195
vn -0.090840 -0.735336 -0.671587
vn -0.102472 -0.405598 -0.908289
vn -0.052903 -0.940317 -0.336163
vn 0.009379 -0.999095 0.041486
vn 0.081791 -0.909882 0.406724
vn 0.147586 -0.689257 0.709326
vn 0.192881 -0.370574 0.908555
vn 0.208974 -0.000000 0.977921
vn 0.192879 0.370596 0.908546
vn 0.147592 0.689223 0.709357
vn 0.081793 0.909877 0.406736
vn 0.009371 0.999097 0.041451
vn -0.052896 0.940332 -0.336121
vn -0.090851 0.735292 -0.671633
vn -0.102474 0.405605 -0.908286
vn -0.102399 -0.000000 -0.994743
vn 0.016194 -0.706213 -0.707814
vn 0.023295 -0.381537 -0.924060
vn 0.007589 -0.923910 -0.382535
vn 0.000381 -0.999998 0.002190
vn -0.003923 -0.922422 0.386163
vn -0.005539 -0.704347 0.709835
vn -0.005689 -0.380328 0.924834
vn -0.005577 -0.000000 0.999984
vn -0.005690 0.380347 0.924826
vn -0.005540 0.704306 0.709875
vn -0.003922 0.922425 0.386156
vn 0.000381 0.999998 0.002187
vn 0.007589 0.923914 -0.382526
vn 0.016195 0.706173 -0.707854
vn 0.023295 0.381560 -0.924050
vn 0.026047 -0.000000 -0.999661
vn 0.000000 -0.708003 -0.706209
vn 0.000000 -0.383278 -0.923633
vn 0.000000 -0.924494 -0.381196
vn 0.000000 -0.999998 0.001820
vn 0.000000 -0.923214 0.384285
vn -0.000017 -0.706173 0.708040
vn -0.000043 -0.381947 0.924184
vn -0.000054 -0.000000 1.000000
vn -0.000044 0.381965 0.924177
vn -0.000017 0.706132 0.708080
vn 0.000000 0.923218 0.384277
vn 0.000000 0.999998 0.001818
vn 0.000000 0.924494 -0.381196
vn 0.000000 0.707964 -0.706249
vn 0.000000 0.383311 -0.923620
vn 0.000000 -0.000000 -1.000000
vn 0.968478 -0.099614 -0.228316
vn 0.967973 -0.183537 -0.171295
vn 0.967972 -0.183651 -0.171179
vn 0.968477 -0.099698 -0.228280
vn 0.967233 -0.238648 -0.086651
vn 0.967231 -0.238724 -0.086458
vn 0.966366 -0.256878 0.012247
vn 0.966364 -0.256874 0.012471
vn 0.965498 -0.236035 0.110007
vn 0.965496 -0.235954 0.110195
vn 0.964783 -0.179762 0.192041
vn 0.964782 -0.179650 0.192150
vn 0.964294 -0.096960 0.246448
vn 0.964293 -0.096886 0.246479
vn 0.964129 -0.000000 0.265435
vn 0.964129 0.000000 0.265435
vn 0.964294 0.096966 0.246446
vn 0.964293 0.096891 0.246477
vn 0.964784 0.179746 0.192051
vn 0.964783 0.179638 0.192157
vn 0.965503 0.236019 0.109998
vn 0.965501 0.235938 0.110185
vn 0.966368 0.256873 0.012247
vn 0.966366 0.256870 0.012471
vn 0.967241 0.238613 -0.086653
vn 0.967239 0.238689 -0.086461
vn 0.967978 0.183510 -0.171294
vn 0.967978 0.183627 -0.171175
vn 0.968482 0.099626 -0.228292
vn 0.968482 0.099711 -0.228256
vn 0.968650 -0.000000 -0.248431
vn 0.968650 0.000001 -0.248431
vn 0.000000 -0.555493 -0.831521
vn 0.000000 -0.555493 -0.831521
vn 0.000000 -0.555493 -0.831521
vn 0.000000 -0.555493 -0.831521
vn 0.000000 -0.831435 -0.555621
vn 0.000000 -0.831435 -0.555621
vn 0.000000 -0.831436 -0.555621
vn 0.000000 -0.831435 -0.555621
vn 0.000000 -0.980766 -0.195188
vn 0.000000 -0.980766 -0.195188
vn 0.000000 -0.980766 -0.195188
vn 0.000000 -0.980766 -0.195188
vn 0.000000 -0.980767 0.195181
vn 0.000000 -0.980767 0.195181
vn 0.000000 -0.980767 0.195181
vn 0.000000 -0.980767 0.195181
vn 0.000000 -0.831452 0.555596
vn 0.000000 -0.831452 0.555596
vn 0.000000 -0.831452 0.555596
vn 0.000000 -0.831452 0.555596
vn 0.000000 -0.555566 0.831473
vn 0.000000 -0.555566 0.831473
vn 0.000000 -0.555566 0.831473
vn 0.000000 -0.555566 0.831473
vn 0.000000 -0.194899 0.980823
vn 0.000000 -0.194899 0.980823
vn 0.000000 -0.194899 0.980823
vn 0.000000 -0.194899 0.980823
vn 0.000000 0.194924 0.980818
vn 0.000000 0.194924 0.980818
vn 0.000000 0.194924 0.980818
vn 0.000000 0.194924 0.980818
vn 0.000000 0.555559 0.831477
vn 0.000000 0.555559 0.831477
vn 0.000000 0.555559 0.831477
vn 0.000000 0.555559 0.831477
vn 0.000000 0.831386 0.555695
vn 0.000000 0.831386 0.555695
vn 0.000000 0.831386 0.555695
vn 0.000000 0.831386 0.555695
vn 0.000000 0.980799 0.195023
vn 0.000000 0.980799 0.195023
vn 0.000000 0.980799 0.195023
vn 0.000000 0.980799 0.195023
vn 0.000000 0.980797 -0.195029
vn 0.000000 0.980797 -0.195029
vn 0.000000 0.980797 -0.195029
vn 0.000000 0.980797 -0.195029
vn 0.000000 0.831369 -0.555720
vn 0.000000 0.831370 -0.555720
vn 0.000000 0.831369 -0.555720
vn 0.000000 0.831370 -0.555720
vn 0.000000 0.555486 -0.831526
vn 0.000000 0.555486 -0.831526
vn 0.000000 0.555486 -0.831526
vn 0.000000 0.555486 -0.831526
vn 0.000000 0.195069 -0.980790
vn 0.000000 0.195069 -0.980790
vn 0.000000 0.195069 -0.980790
vn 0.000000 0.195069 -0.980790
vn 0.000000 -0.195044 -0.980795
vn 0.000000 -0.195044 -0.980795
vn 0.000000 -0.195044 -0.980795
vn 0.000000 -0.195044 -0.980795
vn -1.000000 -0.000032 0.000011
vn -0.923856 -0.382741 0.000021
vn -0.923854 -0.382745 0.000021
vn -1.000000 -0.000032 0.000011
vn -0.923868 0.382712 0.000000
vn -0.923868 0.382712 0.000000
vn -0.707105 0.707108 0.000000
vn -0.707105 0.707108 0.000000
vn -0.382697 0.923874 0.000000
vn -0.382697 0.923874 0.000000
vn 0.000000 1.000000 0.000000
vn 0.000000 1.000000 0.000000
vn 0.382676 0.923882 0.000000
vn 0.382676 0.923882 0.000000
vn 0.707105 0.707108 0.000000
vn 0.707105 0.707108 0.000000
vn 0.923897 -0.382642 0.000000
vn 1.000000 0.000000 0.000000
vn 1.000000 0.000000 0.000000
vn 0.923897 -0.382642 0.000000
vn 0.707066 -0.707148 0.000000
vn 0.707066 -0.707148 0.000000
vn 0.382689 -0.923877 0.000000
vn 0.382689 -0.923877 0.000000
vn 0.000000 -1.000000 0.000000
vn 0.000000 -1.000000 0.000000
vn -0.382731 -0.923860 0.000000
vn -0.382731 -0.923860 0.000000
vn -0.707082 -0.707131 0.000010
vn -0.707082 -0.707131 0.000010
vn 0.923889 0.382661 0.000000
vn 0.923889 0.382661 0.000000
vn -0.312924 -0.062220 -0.947738
vn -0.312924 -0.062220 -0.947738
vn -0.312924 -0.062220 -0.947738
vn -0.312924 -0.062220 -0.947738
vn -0.313193 -0.062309 0.947643
vn -0.313193 -0.062309 0.947643
vn -0.313193 -0.062309 0.947643
vn -0.313193 -0.062309 0.947643
vn -0.312919 0.062228 -0.947739
vn -0.312919 0.062228 -0.947739
vn -0.312919 0.062228 -0.947739
vn -0.312919 0.062228 -0.947739
vn -0.313187 0.062278 0.947647
vn -0.313187 0.062278 0.947647
vn -0.313187 0.062278 0.947647
vn -0.313187 0.062278 0.947647
vn -0.265282 0.177289 -0.947731
vn -0.265282 0.177289 -0.947731
vn -0.265282 0.177289 -0.947731
vn -0.265282 0.177289 -0.947731
vn -0.265494 0.177437 0.947644
vn -0.265494 0.177437 0.947644
vn -0.265494 0.177437 0.947644
vn -0.265494 0.177437 0.947644
vn -0.177288 0.265274 -0.947733
vn -0.177288 0.265274 -0.947734
vn -0.177288 0.265274 -0.947734
vn -0.177288 0.265274 -0.947734
vn -0.177430 0.265496 0.947645
vn -0.177430 0.265496 0.947645
vn -0.177430 0.265496 0.947645
vn -0.177430 0.265496 0.947645
vn -0.062226 0.312923 -0.947738
vn -0.062226 0.312923 -0.947738
vn -0.062226 0.312923 -0.947738
vn -0.062226 0.312923 -0.947738
vn -0.062283 0.313190 0.947646
vn -0.062283 0.313190 0.947646
vn -0.062283 0.313190 0.947646
vn -0.062283 0.313190 0.947646
vn 0.062224 0.312938 -0.947733
vn 0.062224 0.312938 -0.947733
vn 0.062224 0.312938 -0.947733
vn 0.062224 0.312938 -0.947733
vn 0.062280 0.313194 0.947645
vn 0.062280 0.313194 0.947645
vn 0.062280 0.313194 0.947645
vn 0.062280 0.313194 0.947645
vn 0.177287 0.265265 -0.947736
vn 0.177287 0.265265 -0.947736
vn 0.177287 0.265265 -0.947736
vn 0.177287 0.265265 -0.947736
vn 0.177418 0.265491 0.947649
vn 0.177418 0.265491 0.947649
vn 0.177418 0.265491 0.947649
vn 0.177418 0.265491 0.947649
vn 0.312927 -0.062223 -0.947737
vn 0.312927 -0.062223 -0.947737
vn 0.312927 -0.062223 -0.947737
vn 0.312927 -0.062223 -0.947737
vn 0.313191 -0.062273 0.947646
vn 0.313191 -0.062273 0.947646
vn 0.313191 -0.062273 0.947646
vn 0.313191 -0.062273 0.947646
vn 0.265248 -0.177248 -0.947748
vn 0.265248 -0.177248 -0.947748
vn 0.265248 -0.177248 -0.947748
vn 0.265248 -0.177248 -0.947748
vn 0.265452 -0.177395 0.947664
vn 0.265452 -0.177395 0.947664
vn 0.265452 -0.177395 0.947664
vn 0.265452 -0.177395 0.947664
vn 0.177252 -0.265292 -0.947735
vn 0.177252 -0.265291 -0.947735
vn 0.177252 -0.265291 -0.947735
vn 0.177252 -0.265291 -0.947735
vn 0.177397 -0.265520 0.947644
vn 0.177397 -0.265520 0.947644
vn 0.177397 -0.265520 0.947644
vn 0.177397 -0.265520 0.947644
vn 0.062272 -0.312927 -0.947734
vn 0.062272 -0.312927 -0.947734
vn 0.062272 -0.312927 -0.947734
vn 0.062272 -0.312927 -0.947734
vn 0.062323 -0.313189 0.947644
vn 0.062323 -0.313189 0.947644
vn 0.062323 -0.313189 0.947644
vn 0.062323 -0.313189 0.947644
vn -0.062275 -0.312917 -0.947737
vn -0.062275 -0.312917 -0.947737
vn -0.062275 -0.312917 -0.947737
vn -0.062275 -0.312917 -0.947737
vn -0.062324 -0.313179 0.947647
vn -0.062324 -0.313179 0.947647
vn -0.062324 -0.313179 0.947647
vn -0.062324 -0.313179 0.947647
vn -0.177274 -0.265286 -0.947733
vn -0.177274 -0.265286 -0.947733
vn -0.177274 -0.265286 -0.947733
vn -0.177274 -0.265286 -0.947733
vn -0.177411 -0.265505 0.947646
vn -0.177411 -0.265505 0.947646
vn -0.177411 -0.265505 0.947646
vn -0.177411 -0.265505 0.947646
vn -0.265272 -0.177316 -0.947729
vn -0.265272 -0.177316 -0.947729
vn -0.265272 -0.177316 -0.947729
vn -0.265272 -0.177316 -0.947729
vn -0.265491 -0.177440 0.947644
vn -0.265491 -0.177440 0.947644
vn -0.265491 -0.177440 0.947644
vn -0.265491 -0.177440 0.947644
vn 0.265253 0.177246 -0.947747
vn 0.265253 0.177246 -0.947747
vn 0.265253 0.177246 -0.947747
vn 0.265253 0.177246 -0.947747
vn 0.265458 0.177396 0.947662
vn 0.265458 0.177396 0.947662
vn 0.265458 0.177396 0.947662
vn 0.265458 0.177396 0.947662
vn 0.313182 0.062281 0.947649
vn 0.313182 0.062281 0.947649
vn 0.313182 0.062281 0.947649
vn 0.313182 0.062281 0.947649
vn 0.312914 0.062231 -0.947740
vn 0.312914 0.062231 -0.947741
vn 0.312914 0.062231 -0.947740
vn 0.312914 0.062231 -0.947741
vn -0.000020 -0.450654 -0.892699
vn -0.000028 -0.450643 -0.892704
vn -0.000029 -0.450654 -0.892699
vn -0.000004 -0.450649 -0.892701
vn -0.000003 -0.450607 -0.892723
vn -0.000016 -0.450611 -0.892721
vn -0.000014 -0.450640 -0.892706
vn -0.000018 -0.450633 -0.892709
vn 0.000007 -0.450674 -0.892689
vn 0.000006 -0.450674 -0.892689
vn -0.000018 -0.450665 -0.892693
vn -0.000017 -0.450666 -0.892693
vn -0.000027 -0.450644 -0.892704
vn -0.000027 -0.450645 -0.892703
vn 0.000000 -0.450654 -0.892699
vn 0.000000 -0.450654 -0.892699
vn 0.000026 -0.450645 -0.892704
vn 0.000027 -0.450645 -0.892704
vn 0.000017 -0.450664 -0.892694
vn 0.000017 -0.450664 -0.892694
vn -0.000007 -0.450674 -0.892689
vn -0.000006 -0.450674 -0.892689
vn 0.000014 -0.450640 -0.892706
vn 0.000017 -0.450632 -0.892710
vn 0.000003 -0.450605 -0.892723
vn 0.000015 -0.450608 -0.892722
vn 0.000027 -0.450642 -0.892705
vn 0.000028 -0.450653 -0.892699
vn 0.000019 -0.450655 -0.892698
vn 0.000003 -0.450649 -0.892701
vn 0.000000 -0.450610 -0.892721
vn 0.000000 -0.450598 -0.892727
vn -0.382685 0.824744 -0.416354
vn -0.707099 0.631239 -0.318667
vn -0.707107 0.631232 -0.318663
vn -0.382677 0.824746 -0.416355
vn -0.923874 0.341630 -0.172469
vn -0.923872 0.341635 -0.172471
vn -1.000000 -0.000009 0.000002
vn -1.000000 0.000002 -0.000003
vn -0.923877 -0.341624 0.172464
vn -0.923876 -0.341628 0.172465
vn -0.707084 -0.631250 0.318677
vn -0.707085 -0.631250 0.318677
vn -0.382664 -0.824751 0.416357
vn -0.382672 -0.824749 0.416356
vn -0.000001 -0.892699 0.450654
vn -0.000001 -0.892699 0.450654
vn 0.382663 -0.824753 0.416356
vn 0.382670 -0.824750 0.416355
vn 0.707081 -0.631255 0.318675
vn 0.707081 -0.631255 0.318675
vn 0.923876 -0.341627 0.172463
vn 0.923875 -0.341631 0.172465
vn 1.000000 -0.000006 0.000003
vn 1.000000 0.000006 -0.000003
vn 0.923871 0.341638 -0.172468
vn 0.923869 0.341644 -0.172471
vn 0.707096 0.631243 -0.318666
vn 0.707103 0.631236 -0.318663
vn 0.382685 0.824744 -0.416353
vn 0.382677 0.824747 -0.416355
vn 0.000000 0.892695 -0.450661
vn 0.000000 0.892695 -0.450661
vn 0.000000 0.450677 0.892687
vn 0.000033 0.450690 0.892681
vn 0.000033 0.450690 0.892681
vn 0.000000 0.450677 0.892687
vn -0.000014 0.450590 0.892731
vn -0.000014 0.450590 0.892731
vn -0.000017 0.450605 0.892723
vn -0.000017 0.450605 0.892723
vn -0.000012 0.450682 0.892685
vn -0.000012 0.450682 0.892684
vn -0.000008 0.450665 0.892693
vn -0.000008 0.450665 0.892693
vn -0.000016 0.450638 0.892707
vn -0.000016 0.450638 0.892707
vn -0.000001 0.450624 0.892714
vn -0.000001 0.450624 0.892714
vn 0.000015 0.450637 0.892708
vn 0.000015 0.450637 0.892708
vn 0.000007 0.450665 0.892693
vn 0.000007 0.450665 0.892693
vn 0.000010 0.450683 0.892684
vn 0.000010 0.450683 0.892684
vn 0.000017 0.450602 0.892725
vn 0.000017 0.450602 0.892725
vn 0.000014 0.450590 0.892731
vn 0.000014 0.450590 0.892731
vn -0.000033 0.450690 0.892681
vn -0.000033 0.450690 0.892681
vn 0.000000 0.450676 0.892688
vn -0.000000 0.450676 0.892688
vn -0.000000 0.450632 0.892710
vn -0.000000 0.450632 0.892710
vn -0.000000 -0.450647 -0.892702
vn -0.000080 0.450517 0.892768
vn -0.000177 0.450544 0.892754
vn 0.000001 0.450627 0.892712
vn -0.000044 0.450738 0.892656
vn 0.000000 0.450816 0.892617
vn 0.000053 0.450668 0.892692
vn 0.000115 0.450541 0.892756
vn 0.000018 0.450570 0.892741
vn 0.000009 0.450608 0.892722
vn -0.000009 0.450572 0.892740
vn -0.000115 0.450555 0.892749
vn -0.000053 0.450682 0.892685
vn 0.000000 0.450809 0.892620
vn 0.000040 0.450746 0.892652
vn 0.000173 0.450555 0.892749
vn 0.000080 0.450526 0.892763
vn -0.000000 0.450591 0.892731
vn -0.382788 0.824695 -0.416355
vn -0.707007 0.631314 -0.318721
vn -0.706998 0.631327 -0.318717
vn -0.428196 0.806713 -0.407262
vn -0.923858 0.341667 -0.172480
vn -0.903654 0.382309 -0.193001
vn -1.000000 -0.000000 0.000009
vn -1.000000 0.000030 -0.000006
vn -0.923879 -0.341617 0.172469
vn -0.903687 -0.382252 0.192961
vn -0.706993 -0.631327 0.318726
vn -0.706975 -0.631352 0.318718
vn -0.382760 -0.824707 0.416357
vn -0.428110 -0.806747 0.407284
vn -0.000000 -0.892689 0.450674
vn -0.000000 -0.892689 0.450674
vn 0.382683 -0.824737 0.416368
vn 0.428046 -0.806776 0.407295
vn 0.707103 -0.631227 0.318680
vn 0.707089 -0.631248 0.318672
vn 0.923954 -0.341457 0.172386
vn 0.903793 -0.382049 0.192863
vn 1.000000 -0.000016 0.000010
vn 1.000000 0.000014 -0.000005
vn 0.923941 0.341484 -0.172398
vn 0.903763 0.382100 -0.192904
vn 0.707125 0.631205 -0.318676
vn 0.707108 0.631228 -0.318670
vn 0.382707 0.824726 -0.416369
vn 0.428127 0.806745 -0.407272
vn 0.000000 0.892690 -0.450671
vn 0.000000 0.892690 -0.450671
vn -0.000000 0.892712 -0.450627
vn -0.195140 0.875549 -0.441966
vn -0.195140 0.875549 -0.441966
vn -0.000000 0.892712 -0.450627
vn 0.195100 0.875559 -0.441965
vn 0.195100 0.875559 -0.441965
vn 0.555537 0.742292 -0.374676
vn 0.707054 0.631286 -0.318672
vn 0.831481 0.495934 -0.250378
vn 1.000000 -0.000006 -0.000003
vn 0.980794 0.174120 -0.087891
vn 0.980794 0.174120 -0.087891
vn 1.000000 -0.000021 0.000004
vn 0.980796 -0.174117 0.087877
vn 0.980796 -0.174117 0.087877
vn 0.831483 -0.495958 0.250322
vn 0.707087 -0.631261 0.318651
vn 0.555479 -0.742305 0.374735
vn 0.000000 -0.892743 0.450567
vn 0.195098 -0.875588 0.441908
vn 0.195098 -0.875588 0.441908
vn 0.000000 -0.892743 0.450567
vn -0.195137 -0.875580 0.441906
vn -0.195137 -0.875580 0.441906
vn -0.555479 -0.742305 0.374735
vn -0.706968 -0.631371 0.318695
vn -0.831271 -0.496251 0.250447
vn -1.000000 -0.000006 -0.000002
vn -0.980815 -0.174029 0.087835
vn -0.980816 -0.174029 0.087835
vn -1.000000 -0.000021 0.000005
vn -0.980814 0.174032 -0.087847
vn -0.980814 0.174032 -0.087847
vn -0.831288 0.496194 -0.250503
vn -0.706955 0.631372 -0.318723
vn -0.555551 0.742275 -0.374688
vn -0.000124 -0.450668 -0.892692
vn -0.000124 -0.450668 -0.892692
vn -0.000124 -0.450668 -0.892692
vn -0.000124 -0.450668 -0.892692
vn -0.923874 -0.341636 0.172457
vn -0.923874 -0.341636 0.172457
vn -0.923874 -0.341636 0.172457
vn -0.923874 -0.341636 0.172457
vn 0.000013 0.450676 0.892688
vn 0.000013 0.450676 0.892688
vn 0.000013 0.450676 0.892688
vn 0.000013 0.450676 0.892688
vn 0.000124 -0.450674 -0.892689
vn 0.000124 -0.450674 -0.892689
vn 0.000124 -0.450674 -0.892689
vn 0.000124 -0.450674 -0.892689
vn -0.000013 0.450681 0.892685
vn -0.000013 0.450681 0.892685
vn -0.000013 0.450681 0.892685
vn -0.000013 0.450681 0.892685
vn 0.923892 -0.341599 0.172433
vn 0.923892 -0.341599 0.172433
vn 0.923892 -0.341599 0.172433
vn 0.923892 -0.341599 0.172433
vn -0.000029 -0.450506 -0.892773
vn -0.000029 -0.450507 -0.892773
vn -0.000029 -0.450507 -0.892773
vn -0.000029 -0.450507 -0.892773
vn -0.382704 0.824733 -0.416358
vn -0.382704 0.824733 -0.416358
vn -0.382704 0.824733 -0.416358
vn -0.382704 0.824733 -0.416358
vn -0.000018 0.450676 0.892688
vn -0.000018 0.450676 0.892688
vn -0.000018 0.450676 0.892688
vn -0.000018 0.450676 0.892688
vn -0.000018 -0.450672 -0.892690
vn -0.000018 -0.450672 -0.892690
vn -0.000018 -0.450672 -0.892690
vn -0.000018 -0.450672 -0.892690
vn 0.000015 0.450676 0.892688
vn 0.000015 0.450676 0.892688
vn 0.000015 0.450676 0.892688
vn 0.000015 0.450676 0.892688
vn -0.382698 -0.824782 0.416266
vn -0.382698 -0.824782 0.416266
vn -0.382698 -0.824782 0.416266
vn -0.382698 -0.824782 0.416266
vn -0.000013 -0.450612 -0.892720
vn -0.000013 -0.450612 -0.892720
vn -0.000013 -0.450613 -0.892720
vn -0.000013 -0.450612 -0.892720
vn 0.923891 0.341601 -0.172439
vn 0.923891 0.341601 -0.172439
vn 0.923891 0.341601 -0.172439
vn 0.923891 0.341601 -0.172439
vn 0.000000 0.450675 0.892688
vn 0.000000 0.450675 0.892688
vn 0.000000 0.450675 0.892688
vn 0.000000 0.450675 0.892688
vn 0.000013 -0.450614 -0.892719
vn 0.000013 -0.450614 -0.892719
vn 0.000013 -0.450614 -0.892719
vn 0.000013 -0.450614 -0.892719
vn 0.000000 0.450671 0.892690
vn 0.000000 0.450671 0.892690
vn 0.000000 0.450671 0.892690
vn 0.000000 0.450671 0.892690
vn -0.923871 0.341645 -0.172456
vn -0.923871 0.341645 -0.172456
vn -0.923871 0.341645 -0.172456
vn -0.923871 0.341645 -0.172456
vn 0.000018 -0.450672 -0.892690
vn 0.000018 -0.450672 -0.892690
vn 0.000018 -0.450672 -0.892690
vn 0.000018 -0.450672 -0.892690
vn 0.382664 -0.824795 0.416271
vn 0.382664 -0.824795 0.416271
vn 0.382664 -0.824795 0.416271
vn 0.382664 -0.824795 0.416271
vn -0.000015 0.450674 0.892689
vn -0.000015 0.450674 0.892689
vn -0.000015 0.450674 0.892689
vn -0.000015 0.450674 0.892689
vn 0.000029 -0.450506 -0.892773
vn 0.000029 -0.450506 -0.892773
vn 0.000029 -0.450506 -0.892773
vn 0.000029 -0.450506 -0.892773
vn 0.000018 0.450676 0.892688
vn 0.000018 0.450676 0.892688
vn 0.000018 0.450676 0.892688
vn 0.000018 0.450676 0.892688
vn 0.382666 0.824740 -0.416379
vn 0.382666 0.824740 -0.416379
vn 0.382666 0.824740 -0.416379
vn 0.382666 0.824740 -0.416379
vn 0.968235 0.250038 0.001102
vn 0.968235 0.250037 0.001102
vn 0.968236 0.250038 0.001102
vn 0.968236 0.250037 0.001102
vn -0.249999 0.933007 -0.258841
vn -0.249999 0.933007 -0.258841
vn -0.249999 0.933007 -0.258841
vn -0.249999 0.933007 -0.258841
vn -0.965924 -0.258827 -0.000025
vn -0.965924 -0.258827 -0.000025
vn -0.965924 -0.258827 -0.000025
vn -0.965924 -0.258827 -0.000025
vn 0.000004 -1.000000 0.000000
vn 0.000004 -1.000000 0.000000
vn 0.000004 -1.000000 0.000000
vn 0.000004 -1.000000 0.000000
vn 0.029496 -0.223420 -0.974276
vn 0.029496 -0.223420 -0.974276
vn 0.029496 -0.223420 -0.974276
vn 0.029496 -0.223420 -0.974276
vn -0.034354 0.260227 0.964936
vn -0.034354 0.260227 0.964936
vn -0.034354 0.260227 0.964936
vn -0.034354 0.260227 0.964936
vn 0.000000 0.000000 1.000000
vn 0.000000 0.000000 1.000000
vn 0.000000 0.000000 1.000000
vn 0.000000 0.000000 1.000000
vn 0.000000 1.000000 0.000000
vn 0.000000 1.000000 0.000000
vn 0.000000 1.000000 0.000000
vn 0.000000 1.000000 0.000000
vn 0.000000 0.000000 -1.000000
vn 0.000000 0.000000 -1.000000
vn 0.000000 0.000000 -1.000000
vn 0.000000 0.000000 -1.000000
vn 0.000000 -1.000000 0.000000
vn 0.000000 -1.000000 0.000000
vn 0.000000 -1.000000 0.000000
vn 0.000000 -1.000000 0.000000
vn 0.977269 0.212002 0.000000
vn 0.977269 0.212002 0.000000
vn 0.977269 0.212002 0.000000
vn 0.977269 0.212002 0.000000
vn -0.977269 0.212002 0.000000
vn -0.977269 0.212002 0.000000
vn -0.977269 0.212002 0.000000
vn -0.977269 0.212002 0.000000
vn -0.040545 0.000002 0.999178
vn -0.040545 0.000002 0.999178
vn -0.040545 0.000002 0.999178
vn -0.040545 0.000002 0.999178
vn 0.000002 1.000000 0.000000
vn 0.000002 1.000000 0.000000
vn 0.000002 1.000000 0.000000
vn 0.000002 1.000000 0.000000
vn 0.040548 -0.000000 -0.999178
vn 0.040548 -0.000000 -0.999178
vn 0.040548 -0.000000 -0.999178
vn 0.040548 -0.000000 -0.999178
vn 0.000000 -1.000000 0.000000
vn 0.000000 -1.000000 0.000000
vn 0.000000 -1.000000 0.000000
vn 0.000000 -1.000000 0.000000
vn 0.999178 -0.000008 0.040534
vn 0.999178 -0.000008 0.040534
vn 0.999178 -0.000008 0.040534
vn 0.999178 -0.000008 0.040534
vn -0.999178 0.000009 -0.040534
vn -0.999178 0.000009 -0.040534
vn -0.999178 0.000009 -0.040534
vn -0.999178 0.000009 -0.040534
vn -0.040548 0.000000 0.999178
vn -0.040548 0.000000 0.999178
vn -0.040548 0.000000 0.999178
vn -0.040548 0.000000 0.999178
vn 0.000000 1.000000 -0.000000
vn -0.000000 1.000000 -0.000000
vn -0.000000 1.000000 -0.000000
vn 0.000000 1.000000 -0.000000
vn 0.040547 0.000000 -0.999178
vn 0.040547 0.000000 -0.999178
vn 0.040547 0.000000 -0.999178
vn 0.040547 0.000000 -0.999178
vn 0.000000 -1.000000 0.000001
vn -0.000000 -1.000000 0.000000
vn -0.000000 -1.000000 0.000000
vn 0.000000 -1.000000 0.000001
vn -0.000002 -1.000000 -0.000000
vn -0.000002 -1.000000 -0.000000
vn -0.000002 -1.000000 -0.000000
vn -0.000002 -1.000000 -0.000000
vn 0.999178 -0.000000 0.040552
vn 0.999177 -0.000000 0.040552
vn 0.999177 -0.000000 0.040552
vn 0.999177 -0.000000 0.040552
vn -0.000002 1.000000 0.000000
vn -0.000002 1.000000 0.000000
vn -0.000002 1.000000 0.000000
vn -0.000002 1.000000 0.000000
vn -0.999178 0.000008 -0.040550
vn -0.999178 0.000008 -0.040550
vn -0.999178 0.000008 -0.040550
vn -0.999178 0.000008 -0.040550
vn -0.999178 0.000000 -0.040537
vn -0.999178 0.000007 -0.040545
vn -0.999178 0.000007 -0.040545
vn -0.999178 0.000000 -0.040537
vn -0.000002 1.000000 0.000000
vn -0.000002 1.000000 -0.000000
vn -0.000002 1.000000 -0.000000
vn -0.000002 1.000000 0.000000
vn 0.999178 0.000000 0.040536
vn 0.999178 0.000000 0.040536
vn 0.999178 0.000000 0.040536
vn 0.999178 0.000000 0.040536
vn 0.000000 -1.000000 0.000000
vn -0.000001 -1.000000 0.000000
vn -0.000001 -1.000000 0.000000
vn 0.000000 -1.000000 0.000000
vn 0.040546 0.000000 -0.999178
vn 0.040546 0.000000 -0.999178
vn 0.040546 0.000000 -0.999178
vn 0.040546 0.000000 -0.999178
vn 0.000000 1.000000 0.000000
vn 0.000000 1.000000 0.000000
vn 0.000000 1.000000 0.000000
vn 0.000000 1.000000 0.000000
vn -0.040546 0.000000 0.999178
vn -0.040546 0.000000 0.999178
vn -0.040546 0.000000 0.999178
vn -0.040546 0.000000 0.999178
vn 0.000001 -1.000000 -0.000000
vn 0.000001 -1.000000 -0.000000
vn 0.000001 -1.000000 -0.000000
vn 0.000001 -1.000000 -0.000000
vn 0.040549 0.000000 -0.999178
vn 0.040550 -0.000000 -0.999178
vn 0.040550 -0.000000 -0.999178
vn 0.040549 0.000000 -0.999178
vn -0.000001 -1.000000 0.000001
vn -0.000000 -1.000000 0.000000
vn -0.000000 -1.000000 0.000000
vn -0.000001 -1.000000 0.000001
vn -0.040548 -0.000001 0.999178
vn -0.040548 -0.000001 0.999178
vn -0.040548 -0.000001 0.999178
vn -0.040548 -0.000001 0.999178
vn 0.000001 1.000000 0.000000
vn 0.000000 1.000000 0.000000
vn 0.000000 1.000000 0.000000
vn 0.000001 1.000000 0.000000
vn 0.040547 0.000000 -0.999178
vn 0.040548 -0.000000 -0.999178
vn 0.040548 -0.000000 -0.999178
vn 0.040547 0.000000 -0.999178
vn 0.000000 1.000000 0.000000
vn -0.000000 1.000000 0.000000
vn -0.000000 1.000000 0.000000
vn 0.000000 1.000000 0.000000
vn -0.040548 -0.000001 0.999178
vn -0.040548 -0.000001 0.999178
vn -0.040548 -0.000001 0.999178
vn -0.040548 -0.000001 0.999178
vn 0.000000 -1.000000 0.000001
vn -0.000000 -1.000000 0.000000
vn -0.000000 -1.000000 0.000000
vn 0.000000 -1.000000 0.000001
vn 0.040548 -0.000001 -0.999178
vn 0.040548 -0.000000 -0.999178
vn 0.040548 -0.000000 -0.999178
vn 0.040548 -0.000001 -0.999178
vn 0.000001 -1.000000 -0.000000
vn 0.000001 -1.000000 -0.000000
vn 0.000001 -1.000000 -0.000000
vn 0.000001 -1.000000 -0.000000
vn -0.040547 0.000000 0.999178
vn -0.040547 0.000000 0.999178
vn -0.040547 0.000000 0.999178
vn -0.040547 0.000000 0.999178
vn 0.000001 1.000000 0.000000
vn 0.000000 1.000000 0.000000
vn 0.000000 1.000000 0.000000
vn 0.000001 1.000000 0.000000
vn 0.040547 0.000000 -0.999178
vn 0.040547 0.000000 -0.999178
vn 0.040547 0.000000 -0.999178
vn 0.040547 0.000000 -0.999178
vn 0.000000 1.000000 0.000000
vn -0.000000 1.000000 0.000000
vn -0.000000 1.000000 0.000000
vn 0.000000 1.000000 0.000000
vn -0.040547 0.000000 0.999178
vn -0.040547 0.000000 0.999178
vn -0.040547 0.000000 0.999178
vn -0.040547 0.000000 0.999178
vn -0.000001 -1.000000 0.000001
vn -0.000000 -1.000000 0.000000
vn -0.000000 -1.000000 0.000000
vn -0.000001 -1.000000 0.000001
vn 0.040550 0.000000 -0.999178
vn 0.040550 0.000000 -0.999178
vn 0.040550 0.000000 -0.999178
vn 0.040550 0.000000 -0.999178
vn -0.000001 -1.000000 0.000001
vn -0.000001 -1.000000 0.000000
vn -0.000001 -1.000000 0.000000
vn -0.000001 -1.000000 0.000001
vn -0.040548 -0.000001 0.999178
vn -0.040548 -0.000001 0.999178
vn -0.040548 -0.000001 0.999178
vn -0.040548 -0.000001 0.999178
vn 0.000001 1.000000 0.000000
vn 0.000000 1.000000 0.000000
vn 0.000000 1.000000 0.000000
vn 0.000001 1.000000 0.000000
vn 0.040548 -0.000001 -0.999178
vn 0.040548 -0.000001 -0.999178
vn 0.040548 -0.000001 -0.999178
vn 0.040548 -0.000001 -0.999178
vn 0.000000 -1.000000 0.000000
vn 0.000000 -1.000000 0.000000
vn 0.000000 -1.000000 0.000000
vn 0.000000 -1.000000 0.000000
vn -0.040546 -0.000001 0.999178
vn -0.040546 -0.000001 0.999178
vn -0.040546 -0.000001 0.999178
vn -0.040546 -0.000001 0.999178
vn -0.000001 1.000000 0.000000
vn -0.000000 1.000000 0.000000
vn -0.000000 1.000000 0.000000
vn -0.000001 1.000000 0.000000
vn 0.040546 -0.000001 -0.999178
vn 0.040547 -0.000001 -0.999178
vn 0.040547 -0.000001 -0.999178
vn 0.040546 -0.000001 -0.999178
vn 0.000000 1.000000 0.000000
vn 0.000000 1.000000 0.000000
vn 0.000000 1.000000 0.000000
vn 0.000000 1.000000 0.000000
vn -0.040546 0.000000 0.999178
vn -0.040546 0.000000 0.999178
vn -0.040546 0.000000 0.999178
vn -0.040546 0.000000 0.999178
vn 0.000000 -1.000000 -0.000000
vn 0.000000 -1.000000 -0.000000
vn 0.000000 -1.000000 -0.000000
vn 0.000000 -1.000000 -0.000000
vn -0.040547 -0.000000 0.999178
vn -0.040547 -0.000000 0.999178
vn -0.040547 -0.000000 0.999178
vn -0.040547 -0.000000 0.999178
vn 0.000000 1.000000 -0.000000
vn -0.000000 1.000000 -0.000000
vn -0.000000 1.000000 -0.000000
vn 0.000000 1.000000 -0.000000
vn 0.040548 0.000000 -0.999178
vn 0.040547 0.000000 -0.999178
vn 0.040547 0.000000 -0.999178
vn 0.040548 0.000000 -0.999178
vn 0.000000 -1.000000 0.000000
vn 0.000000 -1.000000 0.000000
vn 0.000000 -1.000000 0.000000
vn 0.000000 -1.000000 0.000000
vn -0.040548 0.000001 0.999178
vn -0.040548 0.000001 0.999178
vn -0.040548 0.000001 0.999178
vn -0.040548 0.000001 0.999178
vn 0.000000 1.000000 -0.000000
vn 0.000000 1.000000 -0.000000
vn 0.000000 1.000000 -0.000000
vn 0.000000 1.000000 -0.000000
vn 0.040548 0.000001 -0.999178
vn 0.040548 0.000000 -0.999178
vn 0.040548 0.000000 -0.999178
vn 0.040548 0.000001 -0.999178
vn 0.000000 -1.000000 -0.000000
vn 0.000000 -1.000000 -0.000000
vn 0.000000 -1.000000 -0.000000
vn 0.000000 -1.000000 -0.000000
vn -0.040548 0.000000 0.999178
vn -0.040548 0.000000 0.999178
vn -0.040548 0.000000 0.999178
vn -0.040548 0.000000 0.999178
vn 0.000000 -1.000000 -0.000000
vn 0.000000 -1.000000 -0.000000
vn 0.000000 -1.000000 -0.000000
vn 0.000000 -1.000000 -0.000000
vn 0.040547 -0.000001 -0.999178
vn 0.040547 -0.000000 -0.999178
vn 0.040547 -0.000000 -0.999178
vn 0.040547 -0.000001 -0.999178
vn 0.000000 1.000000 -0.000000
vn 0.000000 1.000000 -0.000000
vn 0.000000 1.000000 -0.000000
vn 0.000000 1.000000 -0.000000
vn -0.040548 0.000001 0.999178
vn -0.040548 0.000001 0.999178
vn -0.040548 0.000001 0.999178
vn -0.040548 0.000001 0.999178
vn 0.000000 1.000000 -0.000000
vn 0.000000 1.000000 -0.000000
vn 0.000000 1.000000 -0.000000
vn 0.000000 1.000000 -0.000000
vn 0.040548 0.000000 -0.999178
vn 0.040548 -0.000000 -0.999178
vn 0.040548 -0.000000 -0.999178
vn 0.040548 0.000000 -0.999178
vn 0.000000 -1.000000 -0.000001
vn 0.000000 -1.000000 -0.000000
vn 0.000000 -1.000000 -0.000000
vn 0.000000 -1.000000 -0.000001
vn -0.040549 0.000000 0.999178
vn -0.040549 0.000000 0.999178
vn -0.040549 0.000000 0.999178
vn -0.040549 0.000000 0.999178
vn -0.000001 -1.000000 -0.000000
vn -0.000000 -1.000000 -0.000000
vn -0.000000 -1.000000 -0.000000
vn -0.000001 -1.000000 -0.000000
vn 0.040548 -0.000000 -0.999178
vn 0.040548 -0.000000 -0.999178
vn 0.040548 -0.000000 -0.999178
vn 0.040548 -0.000000 -0.999178
vn 0.000001 1.000000 -0.000000
vn 0.000000 1.000000 -0.000000
vn 0.000000 1.000000 -0.000000
vn 0.000001 1.000000 -0.000000
vn -0.040548 0.000000 0.999178
vn -0.040548 0.000000 0.999178
vn -0.040548 0.000000 0.999178
vn -0.040548 0.000000 0.999178
vn 0.000000 -1.000000 -0.000000
vn 0.000000 -1.000000 -0.000000
vn 0.000000 -1.000000 -0.000000
vn 0.000000 -1.000000 -0.000000
vn 0.040549 0.000000 -0.999178
vn 0.040549 0.000000 -0.999178
vn 0.040549 0.000000 -0.999178
vn 0.040549 0.000000 -0.999178
vn 0.000000 1.000000 -0.000000
vn 0.000000 1.000000 -0.000000
vn 0.000000 1.000000 -0.000000
vn 0.000000 1.000000 -0.000000
vn -0.040548 0.000000 0.999178
vn -0.040548 0.000000 0.999178
vn -0.040548 0.000000 0.999178
vn -0.040548 0.000000 0.999178
vn -0.000001 1.000000 -0.000000
vn -0.000000 1.000000 -0.000000
vn -0.000000 1.000000 -0.000000
vn -0.000001 1.000000 -0.000000
vn 0.040549 0.000000 -0.999178
vn 0.040548 0.000000 -0.999178
vn 0.040548 0.000000 -0.999178
vn 0.040549 0.000000 -0.999178
vn 0.000001 -1.000000 -0.000000
vn 0.000000 -1.000000 -0.000000
vn 0.000000 -1.000000 -0.000000
vn 0.000001 -1.000000 -0.000000
vn -0.999189 0.000000 -0.040258
vn -0.999189 0.000000 -0.040258
vn -0.999189 0.000000 -0.040258
vn -0.999189 0.000000 -0.040258
vn 0.000000 -1.000000 0.000000
vn 0.000000 -1.000000 0.000000
vn 0.000000 -1.000000 0.000000
vn 0.000000 -1.000000 0.000000
vn 0.999183 0.000000 0.040405
vn 0.999183 0.000000 0.040405
vn 0.999183 0.000000 0.040405
vn 0.999183 0.000000 0.040405
vn 0.000000 1.000000 0.000000
vn 0.000000 1.000000 0.000000
vn 0.000000 1.000000 0.000000
vn 0.000000 1.000000 0.000000
vn -0.999189 0.000000 -0.040257
vn -0.999189 0.000000 -0.040257
vn -0.999189 0.000000 -0.040257
vn -0.999189 0.000000 -0.040257
vn 0.000000 -1.000000 0.000000
vn 0.000000 -1.000000 0.000000
vn 0.000000 -1.000000 0.000000
vn 0.000000 -1.000000 0.000000
vn 0.999186 -0.000009 0.040330
vn 0.999186 -0.000009 0.040330
vn 0.999186 -0.000009 0.040330
vn 0.999186 -0.000009 0.040330
vn -0.000001 1.000000 0.000000
vn -0.000001 1.000000 0.000000
vn -0.000001 1.000000 0.000000
vn -0.000001 1.000000 0.000000
vn -0.999186 -0.000010 -0.040330
vn -0.999186 -0.000010 -0.040330
vn -0.999186 -0.000010 -0.040330
vn -0.999186 -0.000010 -0.040330
vn 0.000000 -1.000000 0.000000
vn 0.000000 -1.000000 0.000000
vn 0.000000 -1.000000 0.000000
vn 0.000000 -1.000000 0.000000
vn 0.999192 -0.000008 0.040183
vn 0.999192 -0.000008 0.040183
vn 0.999192 -0.000008 0.040183
vn 0.999192 -0.000008 0.040183
vn 0.000000 1.000000 0.000000
vn 0.000000 1.000000 0.000000
vn 0.000000 1.000000 0.000000
vn 0.000000 1.000000 0.000000
vn -0.999186 0.000008 -0.040330
vn -0.999186 0.000008 -0.040330
vn -0.999186 0.000008 -0.040330
vn -0.999186 0.000008 -0.040330
vn 0.000000 -1.000000 0.000000
vn 0.000000 -1.000000 0.000000
vn 0.000000 -1.000000 0.000000
vn 0.000000 -1.000000 0.000000
vn 0.999189 0.000001 0.040257
vn 0.999189 0.000001 0.040257
vn 0.999189 0.000001 0.040257
vn 0.999189 0.000001 0.040257
vn 0.000000 1.000000 0.000000
vn 0.000000 1.000000 0.000000
vn 0.000000 1.000000 0.000000
vn 0.000000 1.000000 0.000000
vn -0.999192 -0.000007 -0.040183
vn -0.999192 -0.000007 -0.040183
vn -0.999192 -0.000007 -0.040183
vn -0.999192 -0.000007 -0.040183
vn 0.000000 -1.000000 0.000006
vn 0.000000 -1.000000 0.000006
vn 0.000000 -1.000000 0.000006
vn 0.000000 -1.000000 0.000006
vn 0.999186 -0.000008 0.040331
vn 0.999186 -0.000008 0.040331
vn 0.999186 -0.000008 0.040331
vn 0.999186 -0.000008 0.040331
vn -0.000001 1.000000 0.000000
vn -0.000001 1.000000 0.000000
vn -0.000001 1.000000 0.000000
vn -0.000001 1.000000 0.000000
vn -0.999189 0.000000 -0.040258
vn -0.999189 0.000000 -0.040258
vn -0.999189 0.000000 -0.040258
vn -0.999189 0.000000 -0.040258
vn 0.000000 -1.000000 0.000000
vn 0.000000 -1.000000 0.000000
vn 0.000000 -1.000000 0.000000
vn 0.000000 -1.000000 0.000000
vn 0.999183 0.000003 0.040405
vn 0.999183 0.000003 0.040405
vn 0.999183 0.000003 0.040405
vn 0.999183 0.000003 0.040405
vn 0.000000 1.000000 0.000000
vn 0.000000 1.000000 0.000000
vn 0.000000 1.000000 0.000000
vn 0.000000 1.000000 0.000000
vn -0.999189 0.000000 -0.040258
vn -0.999189 0.000000 -0.040258
vn -0.999189 0.000000 -0.040258
vn -0.999189 0.000000 -0.040258
vn 0.000000 -1.000000 0.000000
vn 0.000000 -1.000000 0.000000
vn 0.000000 -1.000000 0.000000
vn 0.000000 -1.000000 0.000000
vn 0.999186 0.000009 0.040332
vn 0.999186 0.000009 0.040332
vn 0.999186 0.000009 0.040332
vn 0.999186 0.000009 0.040332
vn 0.000001 1.000000 0.000000
vn 0.000001 1.000000 0.000000
vn 0.000001 1.000000 0.000000
vn 0.000001 1.000000 0.000000
vn -0.999189 0.000000 -0.040258
vn -0.999189 0.000000 -0.040258
vn -0.999189 0.000000 -0.040258
vn -0.999189 0.000000 -0.040258
vn 0.000000 -1.000000 0.000000
vn 0.000000 -1.000000 0.000000
vn 0.000000 -1.000000 0.000000
vn 0.000000 -1.000000 0.000000
vn 0.999183 0.000000 0.040405
vn 0.999183 0.000000 0.040405
vn 0.999183 0.000000 0.040405
vn 0.999183 0.000000 0.040405
vn 0.000000 1.000000 0.000000
vn 0.000000 1.000000 0.000000
vn 0.000000 1.000000 0.000000
vn 0.000000 1.000000 0.000000
vn -0.040558 0.000002 0.999177
vn -0.040558 0.000002 0.999177
vn -0.040558 0.000002 0.999177
vn -0.040558 0.000002 0.999177
vn -0.040558 -0.000002 0.999177
vn -0.040558 -0.000002 0.999177
vn -0.040558 -0.000002 0.999177
vn -0.040558 -0.000002 0.999177
vn -0.040545 -0.000002 0.999178
vn -0.040545 -0.000002 0.999178
vn -0.040545 -0.000002 0.999178
vn -0.040545 -0.000002 0.999178
vn -0.000002 1.000000 0.000000
vn -0.000000 1.000000 0.000000
vn -0.000000 1.000000 0.000000
vn -0.000002 1.000000 0.000000
vn -0.000002 1.000000 0.000000
vn -0.000002 1.000000 0.000000
vn 0.000002 1.000000 -0.000001
vn 0.000002 1.000000 -0.000001
vn 0.000002 1.000000 -0.000001
vn 0.000002 1.000000 -0.000001
vn 0.040548 -0.000000 -0.999178
vn 0.040547 -0.000000 -0.999178
vn 0.040547 -0.000000 -0.999178
vn 0.040548 -0.000000 -0.999178
vn 0.040548 0.000000 -0.999178
vn 0.040548 0.000000 -0.999178
vn 0.040548 0.000000 -0.999178
vn 0.040548 0.000000 -0.999178
vn 0.040548 0.000000 -0.999178
vn 0.040548 0.000000 -0.999178
vn 0.000000 -1.000000 -0.000002
vn 0.000000 -1.000000 -0.000001
vn 0.000000 -1.000000 -0.000001
vn 0.000000 -1.000000 -0.000002
vn 0.000000 -1.000000 -0.000000
vn 0.000000 -1.000000 -0.000000
vn 0.000000 -1.000000 0.000000
vn 0.000000 -1.000000 0.000000
vn 0.000000 -1.000000 0.000002
vn 0.000000 -1.000000 0.000002
vn 0.000000 -1.000000 0.000002
vn 0.000000 -1.000000 0.000002
vn 0.999178 -0.000009 0.040534
vn 0.999178 -0.000009 0.040534
vn 0.999178 -0.000009 0.040534
vn 0.999178 -0.000009 0.040534
vn 0.999178 0.000009 0.040534
vn 0.999178 0.000009 0.040534
vn 0.999178 0.000009 0.040534
vn 0.999178 0.000009 0.040534
vn 0.999178 0.000008 0.040534
vn 0.999178 0.000008 0.040534
vn 0.999178 0.000008 0.040534
vn 0.999178 0.000008 0.040534
vn -0.999178 0.000009 -0.040534
vn -0.999178 0.000009 -0.040534
vn -0.999178 0.000009 -0.040534
vn -0.999178 0.000009 -0.040534
vn -0.999178 -0.000009 -0.040534
vn -0.999178 -0.000009 -0.040534
vn -0.999178 -0.000009 -0.040534
vn -0.999178 -0.000009 -0.040534
vn -0.999178 -0.000009 -0.040534
vn -0.999178 -0.000009 -0.040534
vn -0.999178 -0.000009 -0.040534
vn -0.999178 -0.000009 -0.040534
vn -0.040548 0.000000 0.999178
vn -0.040548 0.000000 0.999178
vn -0.040548 0.000000 0.999178
vn -0.040548 0.000000 0.999178
vn -0.040547 0.000000 0.999178
vn -0.040547 0.000000 0.999178
vn -0.040547 0.000000 0.999178
vn -0.040547 0.000000 0.999178
vn -0.040547 0.000000 0.999178
vn -0.040547 0.000000 0.999178
vn -0.040547 0.000000 0.999178
vn -0.040547 0.000000 0.999178
vn 0.000000 1.000000 0.000000
vn 0.000000 1.000000 0.000000
vn 0.000000 1.000000 0.000000
vn -0.000000 1.000000 0.000000
vn -0.000000 1.000000 0.000000
vn 0.000000 1.000000 0.000000
vn 0.000000 1.000000 0.000000
vn 0.000000 1.000000 0.000000
vn 0.040547 -0.000000 -0.999178
vn 0.040547 -0.000000 -0.999178
vn 0.040547 -0.000000 -0.999178
vn 0.040548 -0.000000 -0.999178
vn 0.040548 -0.000000 -0.999178
vn 0.040547 -0.000000 -0.999178
vn 0.040547 0.000000 -0.999178
vn 0.040547 0.000000 -0.999178
vn -0.000000 -1.000000 0.000000
vn -0.000000 -1.000000 0.000000
vn 0.000000 -1.000000 0.000000
vn 0.000000 -1.000000 0.000000
vn 0.000000 -1.000000 -0.000001
vn 0.000000 -1.000000 -0.000001
vn 0.000000 -1.000000 0.000000
vn 0.000000 -1.000000 0.000000
vn 0.000002 -1.000000 0.000000
vn 0.000002 -1.000000 0.000000
vn 0.000002 -1.000000 0.000000
vn 0.000002 -1.000000 0.000000
vn 0.000002 -1.000000 0.000000
vn 0.000001 -1.000000 0.000000
vn 0.000001 -1.000000 0.000000
vn 0.000002 -1.000000 0.000000
vn -0.000002 -1.000000 0.000000
vn -0.000002 -1.000000 0.000000
vn 0.999177 0.000000 0.040552
vn 0.999177 0.000000 0.040552
vn 0.999178 0.000000 0.040552
vn 0.999177 0.000000 0.040552
vn 0.999178 -0.000000 0.040548
vn 0.999178 -0.000000 0.040548
vn 0.999178 -0.000000 0.040548
vn 0.999178 -0.000000 0.040548
vn 0.999178 0.000000 0.040548
vn 0.999178 0.000000 0.040548
vn 0.999178 0.000000 0.040548
vn 0.999178 0.000000 0.040548
vn 0.000002 1.000000 0.000000
vn 0.000002 1.000000 0.000000
vn 0.000002 1.000000 0.000000
vn 0.000002 1.000000 0.000000
vn 0.000002 1.000000 0.000000
vn 0.000002 1.000000 0.000000
vn 0.000002 1.000000 0.000000
vn 0.000002 1.000000 0.000000
vn -0.000002 1.000000 -0.000000
vn -0.000002 1.000000 -0.000000
vn -0.999178 -0.000009 -0.040550
vn -0.999178 -0.000009 -0.040550
vn -0.999178 -0.000009 -0.040550
vn -0.999178 -0.000009 -0.040550
vn -0.999178 -0.000008 -0.040546
vn -0.999178 -0.000008 -0.040545
vn -0.999178 -0.000008 -0.040545
vn -0.999178 -0.000008 -0.040546
vn -0.999178 0.000008 -0.040546
vn -0.999178 0.000008 -0.040546
vn -0.999178 0.000000 -0.040537
vn -0.999178 0.000000 -0.040537
vn -0.999178 0.000000 -0.040536
vn -0.999178 0.000000 -0.040536
vn -0.999178 0.000000 -0.040536
vn -0.999178 0.000000 -0.040536
vn -0.999178 0.000000 -0.040536
vn -0.999178 0.000000 -0.040536
vn -0.999178 0.000000 -0.040536
vn -0.999178 0.000000 -0.040536
vn 0.000002 1.000000 0.000001
vn 0.000002 1.000000 0.000001
vn 0.000002 1.000000 0.000000
vn 0.000002 1.000000 0.000000
vn 0.000002 1.000000 0.000000
vn 0.000002 1.000000 0.000000
vn -0.000002 1.000000 -0.000000
vn -0.000002 1.000000 -0.000000
vn -0.000002 1.000000 -0.000000
vn -0.000002 1.000000 -0.000000
vn 0.999178 0.000000 0.040536
vn 0.999178 0.000000 0.040536
vn 0.999178 0.000000 0.040536
vn 0.999178 0.000000 0.040536
vn 0.999178 -0.000001 0.040537
vn 0.999178 -0.000001 0.040537
vn 0.999178 -0.000001 0.040537
vn 0.999178 -0.000001 0.040537
vn 0.999178 0.000002 0.040537
vn 0.999178 0.000002 0.040537
vn 0.999178 0.000002 0.040537
vn 0.999178 0.000002 0.040537
vn 0.000000 -1.000000 -0.000001
vn 0.000000 -1.000000 -0.000001
vn 0.000000 -1.000000 0.000000
vn 0.000000 -1.000000 0.000000
vn 0.000000 -1.000000 0.000000
vn 0.000000 -1.000000 0.000000
vn 0.000000 -1.000000 0.000002
vn 0.000000 -1.000000 0.000002
vn 0.000000 -1.000000 0.000002
vn 0.000000 -1.000000 0.000002
vn 0.040546 0.000000 -0.999178
vn 0.040546 0.000000 -0.999178
vn 0.040546 0.000000 -0.999178
vn 0.040546 0.000000 -0.999178
vn 0.040550 0.000000 -0.999178
vn 0.040550 0.000000 -0.999178
vn 0.040550 0.000000 -0.999178
vn 0.040550 0.000000 -0.999178
vn 0.040550 0.000000 -0.999178
vn 0.040550 0.000000 -0.999178
vn 0.000000 1.000000 0.000000
vn 0.000000 1.000000 0.000000
vn 0.000000 1.000000 0.000000
vn 0.000000 1.000000 0.000000
vn 0.000000 1.000000 -0.000000
vn 0.000000 1.000000 -0.000000
vn 0.000000 1.000000 -0.000000
vn 0.000000 1.000000 -0.000000
vn 0.000000 1.000000 0.000000
vn 0.000000 1.000000 0.000000
vn -0.040546 0.000000 0.999178
vn -0.040546 0.000000 0.999178
vn -0.040546 0.000000 0.999178
vn -0.040546 0.000000 0.999178
vn -0.040547 0.000000 0.999178
vn -0.040547 0.000000 0.999178
vn -0.040547 0.000000 0.999178
vn -0.040547 0.000000 0.999178
vn -0.040547 0.000000 0.999178
vn -0.040547 0.000000 0.999178
vn -0.040547 0.000000 0.999178
vn -0.040547 0.000000 0.999178
vn 0.000001 -1.000000 0.000000
vn 0.000001 -1.000000 0.000000
vn 0.000001 -1.000000 0.000000
vn 0.000001 -1.000000 0.000000
vn -0.000001 -1.000000 -0.000001
vn -0.000001 -1.000000 -0.000000
vn -0.000001 -1.000000 -0.000000
vn -0.000001 -1.000000 -0.000001
vn -0.000001 -1.000000 0.000000
vn -0.000001 -1.000000 0.000000
vn 0.040550 0.000000 -0.999178
vn 0.040550 0.000000 -0.999178
vn 0.040549 -0.000000 -0.999178
vn 0.040549 -0.000000 -0.999178
vn 0.040547 -0.000000 -0.999178
vn 0.040547 -0.000000 -0.999178
vn 0.040547 -0.000000 -0.999178
vn 0.040547 -0.000000 -0.999178
vn 0.040547 0.000000 -0.999178
vn 0.040547 0.000000 -0.999178
vn 0.040547 0.000000 -0.999178
vn 0.040547 0.000000 -0.999178
vn -0.000000 -1.000000 -0.000000
vn -0.000000 -1.000000 -0.000000
vn -0.000001 -1.000000 0.000000
vn -0.000001 -1.000000 0.000000
vn 0.000001 -1.000000 0.000000
vn 0.000001 -1.000000 0.000000
vn 0.000001 -1.000000 0.000000
vn 0.000001 -1.000000 0.000000
vn 0.000001 -1.000000 0.000000
vn 0.000001 -1.000000 0.000000
vn 0.000001 -1.000000 0.000000
vn 0.000001 -1.000000 0.000000
vn -0.040548 0.000001 0.999178
vn -0.040548 0.000001 0.999178
vn -0.040548 0.000001 0.999178
vn -0.040548 0.000001 0.999178
vn -0.040548 0.000001 0.999178
vn -0.040548 0.000001 0.999178
vn -0.040548 0.000001 0.999178
vn -0.040548 0.000001 0.999178
vn -0.040548 -0.000001 0.999178
vn -0.040548 -0.000001 0.999178
vn -0.040548 -0.000001 0.999178
vn -0.040548 -0.000001 0.999178
vn 0.000000 1.000000 -0.000000
vn 0.000000 1.000000 -0.000000
vn 0.000001 1.000000 0.000000
vn 0.000001 1.000000 0.000000
vn -0.000001 1.000000 -0.000000
vn -0.000001 1.000000 -0.000000
vn -0.000001 1.000000 -0.000000
vn -0.000001 1.000000 -0.000000
vn -0.000001 1.000000 0.000000
vn -0.000001 1.000000 0.000000
vn -0.000001 1.000000 0.000000
vn -0.000001 1.000000 0.000000
vn 0.040547 0.000000 -0.999178
vn 0.040547 0.000000 -0.999178
vn 0.040547 0.000000 -0.999178
vn 0.040547 0.000000 -0.999178
vn 0.040549 0.000000 -0.999178
vn 0.040548 0.000001 -0.999178
vn 0.040548 0.000001 -0.999178
vn 0.040549 0.000000 -0.999178
vn 0.040549 0.000000 -0.999178
vn 0.040549 0.000000 -0.999178
vn -0.000000 1.000000 -0.000000
vn -0.000000 1.000000 -0.000000
vn 0.000000 1.000000 0.000000
vn 0.000000 1.000000 0.000000
vn 0.000000 1.000000 -0.000000
vn -0.000000 1.000000 -0.000000
vn -0.000000 1.000000 -0.000000
vn 0.000000 1.000000 -0.000000
vn 0.000000 1.000000 0.000000
vn 0.000000 1.000000 0.000000
vn -0.040548 0.000001 0.999178
vn -0.040548 0.000001 0.999178
vn -0.040549 0.000001 0.999178
vn -0.040548 0.000001 0.999178
vn -0.040548 0.000001 0.999178
vn -0.040548 0.000001 0.999178
vn -0.040548 0.000001 0.999178
vn -0.040548 0.000001 0.999178
vn -0.040548 -0.000001 0.999178
vn -0.040548 -0.000001 0.999178
vn -0.040548 -0.000001 0.999178
vn -0.040548 -0.000001 0.999178
vn -0.000000 -1.000000 -0.000000
vn -0.000000 -1.000000 -0.000000
vn 0.000000 -1.000000 0.000000
vn 0.000000 -1.000000 0.000000
vn 0.000000 -1.000000 -0.000001
vn 0.000000 -1.000000 -0.000000
vn 0.000000 -1.000000 -0.000000
vn 0.000000 -1.000000 -0.000001
vn 0.000000 -1.000000 0.000000
vn 0.000000 -1.000000 0.000000
vn 0.040549 0.000000 -0.999178
vn 0.040549 0.000000 -0.999178
vn 0.040548 0.000001 -0.999178
vn 0.040548 0.000001 -0.999178
vn 0.040548 0.000001 -0.999178
vn 0.040548 0.000001 -0.999178
vn 0.040548 -0.000001 -0.999178
vn 0.040548 -0.000001 -0.999178
vn 0.000001 -1.000000 -0.000000
vn 0.000001 -1.000000 -0.000000
vn 0.000001 -1.000000 0.000000
vn 0.000001 -1.000000 0.000000
vn -0.000001 -1.000000 -0.000001
vn -0.000001 -1.000000 -0.000001
vn -0.000001 -1.000000 0.000000
vn -0.000001 -1.000000 0.000000
vn -0.040547 0.000000 0.999178
vn -0.040547 0.000000 0.999178
vn -0.040547 0.000000 0.999178
vn -0.040547 0.000000 0.999178
vn -0.040546 0.000000 0.999178
vn -0.040546 0.000000 0.999178
vn -0.040546 0.000000 0.999178
vn -0.040546 0.000000 0.999178
vn -0.040546 0.000000 0.999178
vn -0.040546 0.000000 0.999178
vn -0.040546 0.000000 0.999178
vn -0.040546 0.000000 0.999178
vn 0.000000 1.000000 -0.000000
vn 0.000000 1.000000 -0.000000
vn 0.000001 1.000000 0.000000
vn 0.000001 1.000000 0.000000
vn -0.000001 1.000000 -0.000000
vn -0.000001 1.000000 -0.000000
vn -0.000001 1.000000 0.000000
vn -0.000001 1.000000 0.000000
vn 0.040547 0.000000 -0.999178
vn 0.040547 0.000000 -0.999178
vn 0.040547 0.000000 -0.999178
vn 0.040547 0.000000 -0.999178
vn 0.040549 0.000000 -0.999178
vn 0.040549 0.000000 -0.999178
vn 0.040549 0.000000 -0.999178
vn 0.040549 0.000000 -0.999178
vn -0.000000 1.000000 0.000000
vn -0.000000 1.000000 0.000000
vn 0.000000 1.000000 0.000000
vn 0.000000 1.000000 0.000000
vn 0.000000 1.000000 -0.000000
vn 0.000000 1.000000 -0.000000
vn 0.000000 1.000000 0.000000
vn 0.000000 1.000000 0.000000
vn -0.040547 0.000000 0.999178
vn -0.040547 0.000000 0.999178
vn -0.040547 0.000000 0.999178
vn -0.040547 0.000000 0.999178
vn -0.040550 0.000000 0.999178
vn -0.040550 0.000000 0.999178
vn -0.040550 0.000000 0.999178
vn -0.040550 0.000000 0.999178
vn -0.040550 0.000000 0.999178
vn -0.040550 0.000000 0.999178
vn -0.040550 0.000000 0.999178
vn -0.040550 0.000000 0.999178
vn 0.000000 -1.000000 -0.000000
vn 0.000000 -1.000000 -0.000000
vn -0.000001 -1.000000 0.000000
vn -0.000001 -1.000000 0.000000
vn 0.000001 -1.000000 -0.000001
vn 0.000001 -1.000000 -0.000001
vn 0.000001 -1.000000 0.000000
vn 0.000001 -1.000000 0.000000
vn 0.040550 0.000000 -0.999178
vn 0.040550 0.000000 -0.999178
vn 0.040547 0.000000 -0.999178
vn 0.040547 0.000000 -0.999178
vn 0.040547 0.000000 -0.999178
vn 0.040547 0.000000 -0.999178
vn -0.000001 -1.000000 0.000000
vn -0.000001 -1.000000 0.000000
vn 0.000001 -1.000000 -0.000001
vn 0.000001 -1.000000 -0.000001
vn 0.000001 -1.000000 0.000000
vn 0.000001 -1.000000 0.000000
vn -0.040548 0.000001 0.999178
vn -0.040548 0.000001 0.999178
vn -0.040548 0.000001 0.999178
vn -0.040548 0.000001 0.999178
vn -0.040548 0.000001 0.999178
vn -0.040548 0.000001 0.999178
vn -0.040548 0.000001 0.999178
vn -0.040548 0.000001 0.999178
vn -0.040548 -0.000001 0.999178
vn -0.040548 -0.000001 0.999178
vn -0.040548 -0.000001 0.999178
vn -0.040548 -0.000001 0.999178
vn 0.000001 1.000000 0.000000
vn 0.000001 1.000000 0.000000
vn -0.000001 1.000000 0.000000
vn -0.000001 1.000000 0.000000
vn -0.000001 1.000000 0.000000
vn -0.000001 1.000000 0.000000
vn 0.040548 0.000001 -0.999178
vn 0.040548 0.000001 -0.999178
vn 0.040548 0.000001 -0.999178
vn 0.040547 0.000001 -0.999178
vn 0.040547 0.000001 -0.999178
vn 0.040548 0.000001 -0.999178
vn 0.040548 -0.000001 -0.999178
vn 0.040548 -0.000001 -0.999178
vn 0.000000 -1.000000 0.000000
vn 0.000000 -1.000000 0.000000
vn 0.000000 -1.000000 -0.000000
vn 0.000000 -1.000000 -0.000000
vn 0.000000 -1.000000 -0.000000
vn 0.000000 -1.000000 -0.000000
vn 0.000000 -1.000000 0.000000
vn 0.000000 -1.000000 0.000000
vn -0.040546 0.000001 0.999178
vn -0.040546 0.000001 0.999178
vn -0.040546 0.000001 0.999178
vn -0.040546 0.000001 0.999178
vn -0.040551 0.000001 0.999178
vn -0.040551 0.000001 0.999178
vn -0.040551 0.000001 0.999178
vn -0.040551 0.000001 0.999178
vn -0.040551 -0.000001 0.999178
vn -0.040551 -0.000001 0.999178
vn -0.040551 -0.000001 0.999178
vn -0.040551 -0.000001 0.999178
vn -0.000001 1.000000 0.000000
vn -0.000001 1.000000 0.000000
vn 0.000001 1.000000 -0.000000
vn 0.000000 1.000000 -0.000000
vn 0.000000 1.000000 -0.000000
vn 0.000001 1.000000 -0.000000
vn 0.000001 1.000000 0.000000
vn 0.000001 1.000000 0.000000
vn 0.040546 0.000001 -0.999178
vn 0.040546 0.000001 -0.999178
vn 0.040550 0.000001 -0.999178
vn 0.040550 0.000001 -0.999178
vn 0.040550 -0.000001 -0.999178
vn 0.040550 -0.000001 -0.999178
vn 0.000000 1.000000 0.000000
vn 0.000000 1.000000 0.000000
vn 0.000000 1.000000 -0.000000
vn 0.000000 1.000000 -0.000000
vn 0.000000 1.000000 0.000000
vn 0.000000 1.000000 0.000000
vn -0.040546 0.000000 0.999178
vn -0.040546 0.000000 0.999178
vn -0.040546 0.000000 0.999178
vn -0.040546 0.000000 0.999178
vn -0.040547 0.000000 0.999178
vn -0.040547 0.000000 0.999178
vn -0.040547 0.000000 0.999178
vn -0.040547 0.000000 0.999178
vn -0.040547 0.000000 0.999178
vn -0.040547 0.000000 0.999178
vn -0.040547 0.000000 0.999178
vn -0.040547 0.000000 0.999178
vn 0.000000 -1.000000 0.000000
vn 0.000000 -1.000000 0.000000
vn 0.000000 -1.000000 -0.000001
vn 0.000000 -1.000000 -0.000001
vn 0.000000 -1.000000 0.000000
vn 0.000000 -1.000000 0.000000
vn -0.040547 0.000000 0.999178
vn -0.040547 0.000000 0.999178
vn -0.040547 0.000000 0.999178
vn -0.040547 0.000000 0.999178
vn -0.040548 0.000000 0.999178
vn -0.040548 0.000000 0.999178
vn -0.040548 0.000000 0.999178
vn -0.040548 0.000000 0.999178
vn -0.040548 -0.000000 0.999178
vn -0.040548 -0.000000 0.999178
vn -0.040548 -0.000000 0.999178
vn -0.040548 -0.000000 0.999178
vn -0.000000 1.000000 0.000000
vn -0.000000 1.000000 0.000000
vn 0.000000 1.000000 0.000000
vn 0.000000 1.000000 0.000000
vn 0.000000 1.000000 0.000000
vn 0.000000 1.000000 0.000000
vn 0.000000 1.000000 0.000000
vn 0.000000 1.000000 0.000000
vn 0.000000 1.000000 0.000000
vn 0.000000 1.000000 0.000000
vn 0.000000 1.000000 0.000000
vn 0.000000 1.000000 0.000000
vn 0.040547 -0.000000 -0.999178
vn 0.040547 -0.000000 -0.999178
vn 0.040548 -0.000000 -0.999178
vn 0.040548 -0.000000 -0.999178
vn 0.040549 -0.000000 -0.999178
vn 0.040549 -0.000000 -0.999178
vn 0.040549 -0.000000 -0.999178
vn 0.040549 -0.000000 -0.999178
vn 0.040549 0.000000 -0.999178
vn 0.040549 0.000000 -0.999178
vn 0.040549 0.000000 -0.999178
vn 0.040549 0.000000 -0.999178
vn 0.000000 -1.000000 -0.000001
vn -0.000000 -1.000000 -0.000000
vn -0.000000 -1.000000 -0.000000
vn 0.000000 -1.000000 -0.000001
vn 0.000000 -1.000000 0.000000
vn 0.000000 -1.000000 0.000000
vn 0.000000 -1.000000 0.000001
vn 0.000000 -1.000000 0.000001
vn 0.000000 -1.000000 0.000001
vn 0.000000 -1.000000 0.000001
vn -0.040548 -0.000001 0.999178
vn -0.040548 -0.000001 0.999178
vn -0.040548 -0.000001 0.999178
vn -0.040548 -0.000001 0.999178
vn -0.040549 -0.000001 0.999178
vn -0.040549 -0.000001 0.999178
vn -0.040549 -0.000001 0.999178
vn -0.040549 -0.000001 0.999178
vn -0.040549 0.000001 0.999178
vn -0.040549 0.000001 0.999178
vn -0.040549 0.000001 0.999178
vn -0.040549 0.000001 0.999178
vn 0.000000 1.000000 0.000000
vn 0.000000 1.000000 0.000000
vn 0.000000 1.000000 0.000000
vn 0.000000 1.000000 0.000000
vn 0.000000 1.000000 0.000000
vn 0.000000 1.000000 0.000000
vn 0.000000 1.000000 0.000000
vn 0.000000 1.000000 0.000000
vn 0.000000 1.000000 0.000000
vn 0.000000 1.000000 0.000000
vn 0.040548 -0.000000 -0.999178
vn 0.040548 -0.000000 -0.999178
vn 0.040548 -0.000001 -0.999178
vn 0.040548 -0.000001 -0.999178
vn 0.040547 -0.000001 -0.999178
vn 0.040547 0.000000 -0.999178
vn 0.040547 0.000000 -0.999178
vn 0.040547 -0.000001 -0.999178
vn 0.040547 0.000001 -0.999178
vn 0.040547 0.000001 -0.999178
vn 0.000000 -1.000000 0.000000
vn 0.000000 -1.000000 0.000000
vn 0.000000 -1.000000 0.000000
vn 0.000000 -1.000000 0.000000
vn 0.000000 -1.000000 0.000000
vn 0.000000 -1.000000 0.000000
vn 0.000000 -1.000000 0.000000
vn 0.000000 -1.000000 0.000000
vn 0.000000 -1.000000 0.000000
vn 0.000000 -1.000000 0.000000
vn -0.040548 0.000000 0.999178
vn -0.040548 0.000000 0.999178
vn -0.040548 0.000000 0.999178
vn -0.040548 0.000000 0.999178
vn -0.040549 0.000000 0.999178
vn -0.040549 0.000000 0.999178
vn -0.040549 0.000000 0.999178
vn -0.040549 0.000000 0.999178
vn -0.040549 0.000000 0.999178
vn -0.040549 0.000000 0.999178
vn -0.040549 0.000000 0.999178
vn -0.040549 0.000000 0.999178
vn 0.000000 -1.000000 -0.000000
vn 0.000000 -1.000000 -0.000000
vn 0.000000 -1.000000 0.000000
vn 0.000000 -1.000000 0.000000
vn 0.000000 -1.000000 0.000000
vn 0.000000 -1.000000 0.000000
vn 0.000000 -1.000000 0.000000
vn 0.000000 -1.000000 0.000000
vn 0.040547 0.000001 -0.999178
vn 0.040547 0.000001 -0.999178
vn 0.040548 0.000001 -0.999178
vn 0.040548 0.000000 -0.999178
vn 0.040548 0.000000 -0.999178
vn 0.040548 0.000001 -0.999178
vn 0.040548 -0.000001 -0.999178
vn 0.040548 -0.000001 -0.999178
vn 0.000000 1.000000 0.000000
vn 0.000000 1.000000 0.000000
vn 0.000000 1.000000 0.000000
vn 0.000000 1.000000 0.000000
vn 0.000000 1.000000 0.000000
vn 0.000000 1.000000 0.000000
vn 0.000000 1.000000 0.000000
vn 0.000000 1.000000 0.000000
vn -0.040548 -0.000001 0.999178
vn -0.040548 -0.000001 0.999178
vn -0.040548 -0.000001 0.999178
vn -0.040548 -0.000001 0.999178
vn -0.040547 -0.000001 0.999178
vn -0.040547 -0.000001 0.999178
vn -0.040547 -0.000001 0.999178
vn -0.040547 -0.000001 0.999178
vn -0.040547 0.000001 0.999178
vn -0.040547 0.000001 0.999178
vn -0.040547 0.000001 0.999178
vn -0.040547 0.000001 0.999178
vn 0.000000 1.000000 0.000000
vn 0.000000 1.000000 0.000000
vn 0.000000 1.000000 0.000000
vn 0.000000 1.000000 0.000000
vn 0.000000 1.000000 0.000000
vn 0.000000 1.000000 0.000000
vn 0.000000 1.000000 0.000000
vn 0.000000 1.000000 0.000000
vn 0.040548 0.000000 -0.999178
vn 0.040548 0.000000 -0.999178
vn 0.040549 0.000000 -0.999178
vn 0.040548 0.000000 -0.999178
vn 0.040548 0.000000 -0.999178
vn 0.040549 0.000000 -0.999178
vn 0.040549 0.000000 -0.999178
vn 0.040549 0.000000 -0.999178
vn 0.000000 -1.000000 0.000000
vn 0.000000 -1.000000 0.000000
vn 0.000000 -1.000000 0.000000
vn 0.000000 -1.000000 0.000000
vn 0.000000 -1.000000 -0.000001
vn 0.000000 -1.000000 -0.000001
vn 0.000000 -1.000000 0.000000
vn 0.000000 -1.000000 0.000000
vn -0.040549 0.000000 0.999178
vn -0.040549 0.000000 0.999178
vn -0.040549 0.000000 0.999178
vn -0.040549 0.000000 0.999178
vn -0.040547 0.000000 0.999178
vn -0.040547 0.000000 0.999178
vn -0.040547 0.000000 0.999178
vn -0.040547 0.000000 0.999178
vn -0.040547 0.000000 0.999178
vn -0.040547 0.000000 0.999178
vn -0.040547 0.000000 0.999178
vn -0.040547 0.000000 0.999178
vn -0.000001 -1.000000 0.000000
vn -0.000001 -1.000000 0.000000
vn 0.000001 -1.000000 0.000000
vn 0.000001 -1.000000 0.000000
vn 0.000001 -1.000000 0.000000
vn 0.000001 -1.000000 0.000000
vn 0.040548 0.000000 -0.999178
vn 0.040548 0.000000 -0.999178
vn 0.040547 0.000000 -0.999178
vn 0.040547 0.000000 -0.999178
vn 0.040547 -0.000000 -0.999178
vn 0.040547 -0.000000 -0.999178
vn 0.000001 1.000000 0.000000
vn 0.000001 1.000000 0.000000
vn -0.000001 1.000000 0.000000
vn -0.000001 1.000000 0.000000
vn -0.000001 1.000000 0.000000
vn -0.000001 1.000000 0.000000
vn -0.040548 0.000000 0.999178
vn -0.040548 0.000000 0.999178
vn -0.040548 0.000000 0.999178
vn -0.040548 0.000000 0.999178
vn -0.040547 0.000000 0.999178
vn -0.040547 0.000000 0.999178
vn -0.040547 0.000000 0.999178
vn -0.040547 0.000000 0.999178
vn -0.040547 0.000000 0.999178
vn -0.040547 0.000000 0.999178
vn -0.040547 0.000000 0.999178
vn -0.040547 0.000000 0.999178
vn 0.000000 -1.000000 0.000000
vn 0.000000 -1.000000 0.000000
vn 0.000000 -1.000000 0.000000
vn 0.000000 -1.000000 0.000000
vn 0.000000 -1.000000 0.000000
vn 0.000000 -1.000000 0.000000
vn 0.000000 -1.000000 0.000000
vn 0.000000 -1.000000 0.000000
vn 0.040549 0.000000 -0.999178
vn 0.040549 0.000000 -0.999178
vn 0.040549 0.000000 -0.999178
vn 0.040549 0.000000 -0.999178
vn 0.040548 0.000000 -0.999178
vn 0.040548 0.000000 -0.999178
vn 0.040548 0.000000 -0.999178
vn 0.040548 0.000000 -0.999178
vn 0.000000 1.000000 0.000000
vn 0.000000 1.000000 0.000000
vn 0.000000 1.000000 0.000000
vn 0.000000 1.000000 0.000000
vn 0.000000 1.000000 0.000000
vn 0.000000 1.000000 0.000000
vn 0.000000 1.000000 0.000000
vn 0.000000 1.000000 0.000000
vn -0.040548 0.000000 0.999178
vn -0.040548 0.000000 0.999178
vn -0.040548 0.000000 0.999178
vn -0.040548 0.000000 0.999178
vn -0.040549 0.000000 0.999178
vn -0.040549 0.000000 0.999178
vn -0.040549 0.000000 0.999178
vn -0.040549 0.000000 0.999178
vn -0.040549 0.000000 0.999178
vn -0.040549 0.000000 0.999178
vn -0.040549 0.000000 0.999178
vn -0.040549 0.000000 0.999178
vn -0.000001 1.000000 0.000000
vn -0.000001 1.000000 0.000000
vn 0.000001 1.000000 0.000000
vn 0.000001 1.000000 0.000000
vn 0.000001 1.000000 0.000000
vn 0.000001 1.000000 0.000000
vn 0.040549 0.000000 -0.999178
vn 0.040549 0.000000 -0.999178
vn 0.040549 0.000000 -0.999178
vn 0.040549 0.000000 -0.999178
vn 0.040549 0.000000 -0.999178
vn 0.040549 0.000000 -0.999178
vn 0.000001 -1.000000 0.000000
vn 0.000001 -1.000000 0.000000
vn -0.000001 -1.000000 0.000000
vn -0.000001 -1.000000 0.000000
vn -0.000001 -1.000000 0.000000
vn -0.000001 -1.000000 0.000000
vn -0.999189 0.000000 -0.040258
vn -0.999189 0.000000 -0.040258
vn -0.999189 0.000000 -0.040258
vn -0.999189 0.000000 -0.040258
vn -0.999183 0.000000 -0.040405
vn -0.999183 0.000000 -0.040405
vn -0.999183 0.000000 -0.040405
vn -0.999183 0.000000 -0.040405
vn -0.999183 0.000000 -0.040405
vn -0.999183 0.000000 -0.040405
vn -0.999183 0.000000 -0.040405
vn -0.999183 0.000000 -0.040405
vn 0.000000 -1.000000 -0.000003
vn 0.000000 -1.000000 -0.000003
vn 0.000000 -1.000000 -0.000003
vn 0.000000 -1.000000 -0.000003
vn 0.000000 -1.000000 0.000000
vn 0.000000 -1.000000 0.000000
vn 0.000000 -1.000000 0.000000
vn 0.000000 -1.000000 0.000000
vn 0.000000 -1.000000 0.000003
vn 0.000000 -1.000000 0.000003
vn 0.000000 -1.000000 0.000003
vn 0.000000 -1.000000 0.000003
vn 0.999183 0.000000 0.040405
vn 0.999183 0.000000 0.040405
vn 0.999183 0.000000 0.040405
vn 0.999183 0.000000 0.040405
vn 0.999189 0.000000 0.040258
vn 0.999189 0.000000 0.040258
vn 0.999189 0.000000 0.040258
vn 0.999189 0.000000 0.040258
vn 0.999189 0.000000 0.040258
vn 0.999189 0.000000 0.040258
vn 0.999189 0.000000 0.040258
vn 0.999189 0.000000 0.040258
vn 0.000000 1.000000 0.000001
vn 0.000000 1.000000 0.000001
vn 0.000000 1.000000 0.000001
vn 0.000000 1.000000 0.000001
vn 0.000000 1.000000 0.000000
vn 0.000000 1.000000 0.000000
vn 0.000000 1.000000 0.000000
vn 0.000000 1.000000 0.000000
vn 0.000000 1.000000 -0.000002
vn 0.000000 1.000000 -0.000002
vn 0.000000 1.000000 -0.000002
vn 0.000000 1.000000 -0.000002
vn -0.999189 0.000000 -0.040257
vn -0.999189 0.000000 -0.040257
vn -0.999189 0.000000 -0.040257
vn -0.999189 0.000000 -0.040257
vn -0.999183 0.000000 -0.040405
vn -0.999183 0.000000 -0.040405
vn -0.999183 0.000000 -0.040405
vn -0.999183 0.000000 -0.040405
vn -0.999183 0.000000 -0.040405
vn -0.999183 0.000000 -0.040405
vn -0.999183 0.000000 -0.040405
vn -0.999183 0.000000 -0.040405
vn 0.000000 -1.000000 -0.000003
vn 0.000000 -1.000000 -0.000003
vn 0.000000 -1.000000 -0.000003
vn 0.000000 -1.000000 -0.000003
vn 0.000000 -1.000000 0.000000
vn 0.000000 -1.000000 0.000000
vn 0.000000 -1.000000 0.000000
vn 0.000000 -1.000000 0.000000
vn 0.000000 -1.000000 0.000003
vn 0.000000 -1.000000 0.000003
vn 0.000000 -1.000000 0.000003
vn 0.000000 -1.000000 0.000003
vn 0.999186 0.000009 0.040330
vn 0.999186 0.000009 0.040330
vn 0.999186 0.000009 0.040330
vn 0.999186 0.000009 0.040330
vn 0.999186 0.000008 0.040331
vn 0.999186 0.000008 0.040331
vn 0.999186 0.000008 0.040331
vn 0.999186 0.000008 0.040331
vn 0.999186 -0.000008 0.040331
vn 0.999186 -0.000008 0.040331
vn 0.999186 -0.000008 0.040331
vn 0.999186 -0.000008 0.040331
vn 0.000000 1.000000 0.000001
vn 0.000000 1.000000 0.000001
vn 0.000000 1.000000 0.000001
vn 0.000000 1.000000 0.000001
vn 0.000001 1.000000 0.000000
vn 0.000001 1.000000 0.000000
vn 0.000001 1.000000 0.000000
vn 0.000001 1.000000 0.000000
vn -0.000000 1.000000 -0.000001
vn -0.000000 1.000000 -0.000001
vn -0.000000 1.000000 -0.000001
vn -0.000000 1.000000 -0.000001
vn -0.999186 0.000011 -0.040330
vn -0.999186 0.000011 -0.040330
vn -0.999186 0.000011 -0.040330
vn -0.999186 0.000011 -0.040330
vn -0.999186 0.000008 -0.040331
vn -0.999186 0.000008 -0.040331
vn -0.999186 0.000008 -0.040331
vn -0.999186 0.000008 -0.040331
vn -0.999186 -0.000008 -0.040331
vn -0.999186 -0.000008 -0.040331
vn -0.999186 -0.000008 -0.040331
vn -0.999186 -0.000008 -0.040331
vn 0.000000 -1.000000 -0.000001
vn 0.000000 -1.000000 -0.000001
vn 0.000000 -1.000000 -0.000001
vn 0.000000 -1.000000 -0.000001
vn 0.000000 -1.000000 0.000000
vn 0.000000 -1.000000 0.000000
vn 0.000000 -1.000000 0.000000
vn 0.000000 -1.000000 0.000000
vn 0.000000 -1.000000 0.000001
vn 0.000000 -1.000000 0.000001
vn 0.000000 -1.000000 0.000001
vn 0.000000 -1.000000 0.000001
vn 0.999192 0.000008 0.040183
vn 0.999192 0.000008 0.040183
vn 0.999192 0.000008 0.040183
vn 0.999192 0.000008 0.040183
vn 0.999180 0.000011 0.040478
vn 0.999180 0.000011 0.040478
vn 0.999180 0.000011 0.040478
vn 0.999180 0.000011 0.040478
vn 0.999180 -0.000011 0.040479
vn 0.999180 -0.000011 0.040479
vn 0.999180 -0.000011 0.040479
vn 0.999180 -0.000011 0.040479
vn 0.000000 1.000000 0.000002
vn 0.000000 1.000000 0.000002
vn 0.000000 1.000000 0.000002
vn 0.000000 1.000000 0.000002
vn 0.000000 1.000000 0.000000
vn 0.000000 1.000000 0.000000
vn 0.000000 1.000000 0.000000
vn 0.000000 1.000000 0.000000
vn 0.000000 1.000000 -0.000002
vn 0.000000 1.000000 -0.000002
vn 0.000000 1.000000 -0.000002
vn 0.000000 1.000000 -0.000002
vn -0.999186 -0.000008 -0.040330
vn -0.999186 -0.000008 -0.040330
vn -0.999186 -0.000008 -0.040330
vn -0.999186 -0.000008 -0.040330
vn -0.999186 -0.000009 -0.040331
vn -0.999186 -0.000009 -0.040331
vn -0.999186 -0.000009 -0.040331
vn -0.999186 -0.000009 -0.040331
vn -0.999186 0.000009 -0.040331
vn -0.999186 0.000009 -0.040331
vn -0.999186 0.000009 -0.040331
vn -0.999186 0.000009 -0.040331
vn 0.000000 -1.000000 -0.000003
vn 0.000000 -1.000000 -0.000003
vn 0.000000 -1.000000 -0.000003
vn 0.000000 -1.000000 -0.000003
vn 0.000000 -1.000000 0.000000
vn 0.000000 -1.000000 0.000000
vn 0.000000 -1.000000 0.000000
vn 0.000000 -1.000000 0.000000
vn 0.000000 -1.000000 0.000001
vn 0.000000 -1.000000 0.000001
vn 0.000000 -1.000000 0.000001
vn 0.000000 -1.000000 0.000001
vn 0.999189 0.000000 0.040257
vn 0.999189 0.000000 0.040257
vn 0.999189 0.000000 0.040257
vn 0.999189 0.000000 0.040257
vn 0.999183 -0.000001 0.040405
vn 0.999183 -0.000001 0.040405
vn 0.999183 -0.000001 0.040405
vn 0.999183 -0.000001 0.040405
vn 0.999183 0.000001 0.040405
vn 0.999183 0.000001 0.040405
vn 0.999183 0.000001 0.040405
vn 0.999183 0.000001 0.040405
vn 0.000000 1.000000 0.000002
vn 0.000000 1.000000 0.000002
vn 0.000000 1.000000 0.000002
vn 0.000000 1.000000 0.000002
vn 0.000000 1.000000 0.000000
vn 0.000000 1.000000 0.000000
vn 0.000000 1.000000 0.000000
vn 0.000000 1.000000 0.000000
vn 0.000000 1.000000 -0.000001
vn 0.000000 1.000000 -0.000001
vn 0.000000 1.000000 -0.000001
vn 0.000000 1.000000 -0.000001
vn -0.999192 0.000008 -0.040183
vn -0.999192 0.000008 -0.040183
vn -0.999192 0.000008 -0.040183
vn -0.999192 0.000008 -0.040183
vn -0.999180 0.000009 -0.040479
vn -0.999180 0.000009 -0.040479
vn -0.999180 0.000009 -0.040479
vn -0.999180 0.000009 -0.040479
vn -0.999180 -0.000008 -0.040479
vn -0.999180 -0.000008 -0.040479
vn -0.999180 -0.000008 -0.040479
vn -0.999180 -0.000008 -0.040479
vn 0.000000 -1.000000 -0.000001
vn 0.000000 -1.000000 -0.000001
vn 0.000000 -1.000000 -0.000001
vn 0.000000 -1.000000 -0.000001
vn 0.000000 -1.000000 -0.000006
vn 0.000000 -1.000000 -0.000006
vn 0.000000 -1.000000 -0.000006
vn 0.000000 -1.000000 -0.000006
vn 0.000000 -1.000000 -0.000002
vn 0.000000 -1.000000 -0.000002
vn 0.000000 -1.000000 -0.000002
vn 0.000000 -1.000000 -0.000002
vn 0.999186 0.000008 0.040331
vn 0.999186 0.000008 0.040331
vn 0.999186 0.000008 0.040331
vn 0.999186 0.000008 0.040331
vn 0.999186 0.000008 0.040331
vn 0.999186 0.000008 0.040331
vn 0.999186 0.000008 0.040331
vn 0.999186 0.000008 0.040331
vn 0.999186 -0.000008 0.040331
vn 0.999186 -0.000008 0.040331
vn 0.999186 -0.000008 0.040331
vn 0.999186 -0.000008 0.040331
vn 0.000000 1.000000 0.000001
vn 0.000000 1.000000 0.000001
vn 0.000000 1.000000 0.000001
vn 0.000000 1.000000 0.000001
vn 0.000001 1.000000 0.000000
vn 0.000001 1.000000 0.000000
vn 0.000001 1.000000 0.000000
vn 0.000001 1.000000 0.000000
vn -0.000000 1.000000 -0.000001
vn -0.000000 1.000000 -0.000001
vn -0.000000 1.000000 -0.000001
vn -0.000000 1.000000 -0.000001
vn -0.999189 0.000000 -0.040258
vn -0.999189 0.000000 -0.040258
vn -0.999189 0.000000 -0.040258
vn -0.999189 0.000000 -0.040258
vn -0.999183 0.000000 -0.040405
vn -0.999183 0.000000 -0.040405
vn -0.999183 0.000000 -0.040405
vn -0.999183 0.000000 -0.040405
vn -0.999183 0.000000 -0.040405
vn -0.999183 0.000000 -0.040405
vn -0.999183 0.000000 -0.040405
vn -0.999183 0.000000 -0.040405
vn 0.000000 -1.000000 -0.000003
vn 0.000000 -1.000000 -0.000003
vn 0.000000 -1.000000 -0.000003
vn 0.000000 -1.000000 -0.000003
vn 0.000000 -1.000000 0.000000
vn 0.000000 -1.000000 0.000000
vn 0.000000 -1.000000 0.000000
vn 0.000000 -1.000000 0.000000
vn 0.000000 -1.000000 0.000003
vn 0.000000 -1.000000 0.000003
vn 0.000000 -1.000000 0.000003
vn 0.000000 -1.000000 0.000003
vn 0.999183 -0.000003 0.040405
vn 0.999183 -0.000003 0.040405
vn 0.999183 -0.000003 0.040405
vn 0.999183 -0.000003 0.040405
vn 0.999189 -0.000000 0.040258
vn 0.999189 -0.000000 0.040258
vn 0.999189 -0.000000 0.040258
vn 0.999189 -0.000000 0.040258
vn 0.999189 0.000000 0.040258
vn 0.999189 0.000000 0.040258
vn 0.999189 0.000000 0.040258
vn 0.999189 0.000000 0.040258
vn 0.000000 1.000000 0.000001
vn 0.000000 1.000000 0.000001
vn 0.000000 1.000000 0.000001
vn 0.000000 1.000000 0.000001
vn 0.000000 1.000000 0.000000
vn 0.000000 1.000000 0.000000
vn 0.000000 1.000000 0.000000
vn 0.000000 1.000000 0.000000
vn 0.000000 1.000000 -0.000001
vn 0.000000 1.000000 -0.000001
vn 0.000000 1.000000 -0.000001
vn 0.000000 1.000000 -0.000001
vn -0.999189 0.000000 -0.040258
vn -0.999189 0.000000 -0.040258
vn -0.999189 0.000000 -0.040258
vn -0.999189 0.000000 -0.040258
vn -0.999183 0.000000 -0.040405
vn -0.999183 0.000000 -0.040405
vn -0.999183 0.000000 -0.040405
vn -0.999183 0.000000 -0.040405
vn -0.999183 0.000000 -0.040405
vn -0.999183 0.000000 -0.040405
vn -0.999183 0.000000 -0.040405
vn -0.999183 0.000000 -0.040405
vn -0.000001 -1.000000 -0.000003
vn -0.000001 -1.000000 -0.000003
vn -0.000001 -1.000000 -0.000003
vn -0.000001 -1.000000 -0.000003
vn -0.000000 -1.000000 0.000000
vn -0.000000 -1.000000 0.000000
vn -0.000000 -1.000000 0.000000
vn -0.000000 -1.000000 0.000000
vn 0.000001 -1.000000 0.000001
vn 0.000001 -1.000000 0.000001
vn 0.000001 -1.000000 0.000001
vn 0.000001 -1.000000 0.000001
vn 0.999186 -0.000008 0.040331
vn 0.999186 -0.000008 0.040331
vn 0.999186 -0.000008 0.040331
vn 0.999186 -0.000008 0.040331
vn 0.999186 -0.000009 0.040332
vn 0.999186 -0.000009 0.040332
vn 0.999186 -0.000009 0.040332
vn 0.999186 -0.000009 0.040332
vn 0.999186 0.000011 0.040332
vn 0.999186 0.000011 0.040332
vn 0.999186 0.000011 0.040332
vn 0.999186 0.000011 0.040332
vn -0.000000 1.000000 0.000001
vn -0.000000 1.000000 0.000001
vn -0.000000 1.000000 0.000001
vn -0.000000 1.000000 0.000001
vn -0.000001 1.000000 0.000000
vn -0.000001 1.000000 0.000000
vn -0.000001 1.000000 0.000000
vn -0.000001 1.000000 0.000000
vn 0.000000 1.000000 -0.000002
vn 0.000000 1.000000 -0.000002
vn 0.000000 1.000000 -0.000002
vn 0.000000 1.000000 -0.000002
vn -0.999189 0.000000 -0.040258
vn -0.999189 0.000000 -0.040258
vn -0.999189 0.000000 -0.040258
vn -0.999189 0.000000 -0.040258
vn -0.999183 0.000000 -0.040405
vn -0.999183 0.000000 -0.040405
vn -0.999183 0.000000 -0.040405
vn -0.999183 0.000000 -0.040405
vn -0.999183 0.000000 -0.040405
vn -0.999183 0.000000 -0.040405
vn -0.999183 0.000000 -0.040405
vn -0.999183 0.000000 -0.040405
vn 0.000000 -1.000000 -0.000003
vn 0.000000 -1.000000 -0.000003
vn 0.000000 -1.000000 -0.000003
vn 0.000000 -1.000000 -0.000003
vn 0.000000 -1.000000 0.000000
vn 0.000000 -1.000000 0.000000
vn 0.000000 -1.000000 0.000000
vn 0.000000 -1.000000 0.000000
vn 0.000000 -1.000000 0.000003
vn 0.000000 -1.000000 0.000003
vn 0.000000 -1.000000 0.000003
vn 0.000000 -1.000000 0.000003
vn 0.999183 0.000000 0.040405
vn 0.999183 0.000000 0.040405
vn 0.999183 0.000000 0.040405
vn 0.999183 0.000000 0.040405
vn 0.999189 0.000000 0.040258
vn 0.999189 0.000000 0.040258
vn 0.999189 0.000000 0.040258
vn 0.999189 0.000000 0.040258
vn 0.999189 0.000000 0.040258
vn 0.999189 0.000000 0.040258
vn 0.999189 0.000000 0.040258
vn 0.999189 0.000000 0.040258
vn 0.000000 1.000000 0.000001
vn 0.000000 1.000000 0.000001
vn 0.000000 1.000000 0.000001
vn 0.000000 1.000000 0.000001
vn 0.000000 1.000000 0.000000
vn 0.000000 1.000000 0.000000
vn 0.000000 1.000000 0.000000
vn 0.000000 1.000000 0.000000
vn 0.000000 1.000000 -0.000001
vn 0.000000 1.000000 -0.000001
vn 0.000000 1.000000 -0.000001
vn 0.000000 1.000000 -0.000001
vn -0.057672 -0.000001 0.998336
vn -0.057672 -0.000001 0.998336
vn -0.057672 -0.000001 0.998336
vn -0.057672 -0.000001 0.998336
vn 0.000000 1.000000 0.000000
vn 0.000000 1.000000 0.000000
vn 0.000000 1.000000 0.000000
vn 0.000000 1.000000 0.000000
vn 0.057675 0.000000 -0.998336
vn 0.057675 0.000000 -0.998336
vn 0.057675 0.000000 -0.998336
vn 0.057675 0.000000 -0.998336
vn 0.000000 -1.000000 -0.000002
vn 0.000000 -1.000000 -0.000002
vn 0.000000 -1.000000 -0.000002
vn 0.000000 -1.000000 -0.000002
vn 0.998335 0.000006 0.057674
vn 0.998335 0.000006 0.057674
vn 0.998335 0.000006 0.057674
vn 0.998335 0.000006 0.057674
vn -0.998335 0.000000 -0.057688
vn -0.998335 0.000000 -0.057688
vn -0.998335 0.000000 -0.057688
vn -0.998335 0.000000 -0.057688
vn -0.057675 -0.000001 0.998335
vn -0.057675 -0.000001 0.998336
vn -0.057675 -0.000001 0.998336
vn -0.057675 -0.000001 0.998336
vn -0.057673 0.000001 0.998336
vn -0.057673 0.000001 0.998336
vn -0.057673 0.000001 0.998336
vn -0.057673 0.000001 0.998336
vn -0.057674 0.000001 0.998335
vn -0.057674 0.000001 0.998335
vn -0.057674 0.000001 0.998335
vn -0.057674 0.000001 0.998335
vn 0.000000 1.000000 0.000000
vn 0.000000 1.000000 0.000000
vn 0.000000 1.000000 0.000000
vn 0.000000 1.000000 0.000000
vn 0.000000 1.000000 0.000000
vn 0.000000 1.000000 0.000000
vn 0.000000 1.000000 0.000000
vn 0.000000 1.000000 0.000000
vn 0.000000 1.000000 -0.000000
vn 0.000000 1.000000 -0.000000
vn 0.000000 1.000000 -0.000000
vn 0.000000 1.000000 -0.000000
vn 0.057674 0.000000 -0.998336
vn 0.057674 0.000000 -0.998336
vn 0.057674 0.000000 -0.998336
vn 0.057674 0.000000 -0.998336
vn 0.057673 0.000000 -0.998336
vn 0.057673 0.000000 -0.998336
vn 0.057673 0.000000 -0.998336
vn 0.057673 0.000000 -0.998336
vn 0.057676 0.000000 -0.998335
vn 0.057676 0.000000 -0.998335
vn 0.057676 0.000000 -0.998335
vn 0.057676 0.000000 -0.998335
vn 0.000000 -1.000000 0.000000
vn 0.000000 -1.000000 0.000000
vn 0.000000 -1.000000 0.000000
vn 0.000000 -1.000000 0.000000
vn 0.000000 -1.000000 0.000002
vn 0.000000 -1.000000 0.000002
vn 0.000000 -1.000000 0.000002
vn 0.000000 -1.000000 0.000002
vn 0.000000 -1.000000 -0.000000
vn 0.000000 -1.000000 -0.000000
vn 0.000000 -1.000000 -0.000000
vn 0.000000 -1.000000 -0.000000
vn 0.998335 0.000005 0.057674
vn 0.998336 0.000005 0.057674
vn 0.998336 0.000005 0.057674
vn 0.998335 0.000005 0.057674
vn 0.998336 -0.000005 0.057674
vn 0.998336 -0.000005 0.057674
vn 0.998335 -0.000005 0.057674
vn 0.998335 -0.000005 0.057674
vn 0.998335 -0.000006 0.057674
vn 0.998335 -0.000006 0.057674
vn 0.998335 -0.000006 0.057674
vn 0.998335 -0.000006 0.057674
vn -0.998336 0.000000 -0.057660
vn -0.998336 0.000000 -0.057660
vn -0.998336 0.000000 -0.057660
vn -0.998336 0.000000 -0.057660
vn -0.998336 0.000000 -0.057660
vn -0.998336 0.000000 -0.057660
vn -0.998336 0.000000 -0.057660
vn -0.998336 0.000000 -0.057660
vn -0.998335 0.000000 -0.057688
vn -0.998335 0.000000 -0.057688
vn -0.998335 0.000000 -0.057688
vn -0.998335 0.000000 -0.057688
vn 0.965915 0.258861 0.000000
vn 0.965915 0.258861 0.000000
vn 0.965915 0.258861 0.000000
vn 0.965915 0.258861 0.000000
vn -0.258821 0.965925 0.000000
vn -0.258821 0.965925 0.000000
vn -0.258821 0.965925 0.000000
vn -0.258821 0.965925 0.000000
vn -0.965937 -0.258779 0.000000
vn -0.965937 -0.258779 0.000000
vn -0.965937 -0.258779 0.000000
vn -0.965937 -0.258779 0.000000
vn 0.258789 -0.965934 0.000000
vn 0.258789 -0.965934 0.000000
vn 0.258789 -0.965934 0.000000
vn 0.258789 -0.965934 0.000000
vn 0.000000 0.000000 -1.000000
vn 0.000000 0.000000 -1.000000
vn 0.000000 0.000000 -1.000000
vn 0.000000 0.000000 -1.000000
vn 0.000000 0.000000 1.000000
vn 0.000000 0.000000 1.000000
vn 0.000000 0.000000 1.000000
vn 0.000000 0.000000 1.000000
vn 0.968236 0.250037 -0.001102
vn 0.968236 0.250037 -0.001102
vn 0.968236 0.250037 -0.001102
vn 0.968236 0.250037 -0.001102
vn -0.249999 0.933008 0.258835
vn -0.249999 0.933008 0.258835
vn -0.249999 0.933008 0.258835
vn -0.249999 0.933008 0.258835
vn -0.965923 -0.258828 0.000026
vn -0.965923 -0.258828 0.000026
vn -0.965923 -0.258828 0.000026
vn -0.965923 -0.258828 0.000026
vn 0.000004 -1.000000 0.000000
vn 0.000004 -1.000000 0.000000
vn 0.000004 -1.000000 0.000000
vn 0.000004 -1.000000 0.000000
vn 0.029495 -0.223424 0.974275
vn 0.029495 -0.223424 0.974275
vn 0.029495 -0.223424 0.974275
vn 0.029495 -0.223424 0.974275
vn -0.034358 0.260223 -0.964937
vn -0.034358 0.260223 -0.964937
vn -0.034358 0.260223 -0.964937
vn -0.034358 0.260223 -0.964937
vn 0.965928 -0.258811 0.000005
vn 0.965928 -0.258811 0.000005
vn 0.965928 -0.258811 0.000005
vn 0.965928 -0.258811 0.000005
vn 0.250000 0.933013 -0.258819
vn 0.250000 0.933012 -0.258819
vn 0.250000 0.933013 -0.258819
vn 0.250000 0.933012 -0.258819
vn -0.966119 0.258097 0.000082
vn -0.966119 0.258097 0.000082
vn -0.966119 0.258097 0.000082
vn -0.966119 0.258097 0.000082
vn 0.000000 -1.000000 0.000000
vn 0.000000 -1.000000 0.000000
vn 0.000000 -1.000000 0.000000
vn 0.000000 -1.000000 0.000000
vn -0.028945 -0.223430 -0.974290
vn -0.028945 -0.223430 -0.974290
vn -0.028945 -0.223430 -0.974290
vn -0.028945 -0.223430 -0.974290
vn 0.033713 0.260246 0.964954
vn 0.033713 0.260246 0.964954
vn 0.033713 0.260246 0.964954
vn 0.033713 0.260246 0.964954
vn -0.954651 -0.045476 -0.294235
vn -0.954651 0.047681 -0.293885
vn -0.255782 0.154808 -0.954259
vn -0.255776 -0.147647 -0.955395
vn -0.954653 0.136155 -0.264764
vn -0.255784 0.442106 -0.859719
vn -0.954651 0.211311 -0.209735
vn -0.255777 0.686146 -0.681015
vn -0.954651 0.265783 -0.134169
vn -0.255772 0.863010 -0.435655
vn -0.954651 0.294234 -0.045473
vn -0.255772 0.955395 -0.147651
vn -0.954650 0.293889 0.047680
vn -0.255771 0.954261 0.154810
vn -0.954652 0.264764 0.136158
vn -0.255773 0.859716 0.442118
vn -0.954649 0.209741 0.211313
vn -0.255772 0.681023 0.686141
vn -0.954648 0.134169 0.265793
vn -0.255774 0.435666 0.863004
vn -0.954647 0.045467 0.294248
vn -0.255770 0.147644 0.955397
vn -0.954646 -0.047674 0.293900
vn -0.255779 -0.154798 0.954261
vn -0.954646 -0.136161 0.264787
vn -0.255776 -0.442093 0.859728
vn -0.954646 -0.211320 0.209748
vn -0.255772 -0.686145 0.681018
vn -0.954649 -0.265788 0.134172
vn -0.255782 -0.863006 0.435655
vn -0.954647 -0.294248 0.045472
vn -0.255770 -0.955395 0.147654
vn -0.954644 -0.293907 -0.047678
vn -0.255777 -0.954262 -0.154798
vn -0.954647 -0.264779 -0.136163
vn -0.255778 -0.859715 -0.442118
vn -0.954644 -0.209753 -0.211325
vn -0.255778 -0.681021 -0.686140
vn -0.954651 -0.134180 -0.265775
vn -0.255778 -0.435676 -0.862997
vn -0.000004 0.160132 -0.987096
vn -0.000000 -0.152727 -0.988268
vn -0.000008 0.457316 -0.889304
vn -0.000003 0.709758 -0.704446
vn 0.000002 0.892704 -0.450644
vn 0.000002 0.988268 -0.152731
vn 0.000002 0.987095 0.160137
vn 0.000001 0.889297 0.457329
vn 0.000000 0.704454 0.709750
vn 0.000000 0.450659 0.892696
vn 0.000000 0.152727 0.988268
vn -0.000000 -0.160125 0.987097
vn -0.000001 -0.457305 0.889310
vn -0.000002 -0.709755 0.704449
vn -0.000002 -0.892703 0.450646
vn -0.000003 -0.988267 0.152735
vn -0.000005 -0.987097 -0.160126
vn -0.000008 -0.889297 -0.457331
vn -0.000010 -0.704452 -0.709751
vn -0.000005 -0.450668 -0.892692
vn 0.257734 -0.147568 -0.954880
vn 0.257740 0.154725 -0.953745
vn 0.954651 0.047683 -0.293884
vn 0.954651 -0.045474 -0.294235
vn 0.257741 0.441869 -0.859256
vn 0.954652 0.136157 -0.264764
vn 0.257735 0.685778 -0.680648
vn 0.954651 0.211312 -0.209736
vn 0.257730 0.862545 -0.435421
vn 0.954651 0.265782 -0.134169
vn 0.257730 0.954881 -0.147571
vn 0.954651 0.294235 -0.045473
vn 0.257729 0.953748 0.154727
vn 0.954649 0.293891 0.047680
vn 0.257731 0.859254 0.441880
vn 0.954652 0.264765 0.136158
vn 0.257730 0.680656 0.685771
vn 0.954649 0.209741 0.211313
vn 0.257728 0.435433 0.862539
vn 0.954649 0.134175 0.265787
vn 0.257730 0.147566 0.954882
vn 0.954651 0.045470 0.294235
vn 0.257736 -0.154715 0.953748
vn 0.954651 -0.047672 0.293885
vn 0.257733 -0.441855 0.859266
vn 0.954651 -0.136153 0.264773
vn 0.257733 -0.685777 0.680650
vn 0.954650 -0.211316 0.209735
vn 0.257733 -0.862544 0.435420
vn 0.954651 -0.265782 0.134169
vn 0.257730 -0.954880 0.147576
vn 0.954651 -0.294235 0.045476
vn 0.257735 -0.953749 -0.154714
vn 0.954649 -0.293891 -0.047676
vn 0.257735 -0.859252 -0.441880
vn 0.954652 -0.264764 -0.136156
vn 0.257738 -0.680654 -0.685770
vn 0.954648 -0.209742 -0.211320
vn 0.257732 -0.435441 -0.862534
vn 0.954652 -0.134174 -0.265774
vn -1.000000 -0.000000 0.000000
vn 1.000000 0.000000 0.000000
vn 0.000000 -0.450647 -0.892702
vn 0.000000 -0.152719 -0.988270
vn 0.000000 -0.152719 -0.988270
vn 0.000000 -0.450647 -0.892702
vn 0.000000 -0.704461 -0.709743
vn 0.000000 -0.704461 -0.709743
vn 0.000000 -0.889300 -0.457325
vn 0.000000 -0.889300 -0.457325
vn 0.000000 -0.987096 -0.160130
vn 0.000000 -0.987096 -0.160130
vn 0.000000 -0.988267 0.152735
vn 0.000000 -0.988267 0.152735
vn 0.000000 -0.892703 0.450645
vn 0.000000 -0.892703 0.450645
vn 0.000000 -0.709752 0.704451
vn 0.000000 -0.709752 0.704451
vn 0.000000 -0.457310 0.889307
vn 0.000000 -0.457310 0.889307
vn 0.000000 -0.160127 0.987096
vn 0.000000 -0.160127 0.987096
vn 0.000000 0.152720 0.988270
vn 0.000000 0.152720 0.988270
vn 0.000000 0.450647 0.892702
vn 0.000000 0.450647 0.892702
vn 0.000000 0.704461 0.709743
vn 0.000000 0.704461 0.709743
vn 0.000000 0.889299 0.457326
vn 0.000000 0.889299 0.457326
vn 0.000000 0.987093 0.160149
vn 0.000000 0.987093 0.160149
vn 0.000000 0.988268 -0.152730
vn 0.000000 0.988268 -0.152730
vn 0.000000 0.892702 -0.450647
vn 0.000000 0.892702 -0.450647
vn 0.000000 0.709749 -0.704455
vn 0.000000 0.709749 -0.704455
vn 0.000000 0.457323 -0.889301
vn 0.000000 0.457323 -0.889301
vn 0.000000 0.160127 -0.987097
vn 0.000000 0.160127 -0.987097
vn 0.000005 -0.450668 -0.892692
vn 0.000000 -0.152727 -0.988269
vn 0.000010 -0.704453 -0.709751
vn 0.000008 -0.889297 -0.457331
vn 0.000005 -0.987097 -0.160126
vn 0.000003 -0.988267 0.152735
vn 0.000002 -0.892703 0.450645
vn 0.000002 -0.709755 0.704449
vn 0.000001 -0.457305 0.889310
vn 0.000000 -0.160125 0.987097
vn 0.000000 0.152727 0.988269
vn 0.000000 0.450659 0.892696
vn 0.000000 0.704453 0.709750
vn -0.000001 0.889297 0.457330
vn -0.000002 0.987095 0.160137
vn -0.000002 0.988268 -0.152731
vn -0.000002 0.892703 -0.450645
vn 0.000003 0.709758 -0.704446
vn 0.000008 0.457316 -0.889304
vn 0.000004 0.160132 -0.987096
vn -1.000000 0.000002 0.000000
vn -1.000000 0.000002 0.000000
vn -1.000000 0.000002 0.000000
vn -1.000000 0.000002 0.000000
vn 1.000000 0.000000 0.000000
vn 1.000000 0.000000 0.000000
vn 1.000000 0.000000 0.000000
vn 1.000000 0.000000 0.000000
vn -1.000000 0.000000 0.000000
vn -1.000000 0.000000 0.000000
vn -1.000000 0.000000 0.000000
vn -1.000000 0.000000 0.000000
vn 1.000000 0.000008 0.000000
vn 1.000000 0.000008 0.000000
vn 1.000000 0.000008 0.000000
vn 1.000000 0.000008 0.000000
vn -1.000000 0.000002 0.000000
vn -1.000000 0.000002 0.000000
vn -1.000000 0.000002 0.000000
vn -1.000000 0.000002 0.000000
vn 1.000000 0.000002 0.000000
vn 1.000000 0.000002 0.000000
vn 1.000000 0.000002 0.000000
vn 1.000000 0.000002 0.000000
vn -1.000000 -0.000004 0.000000
vn -1.000000 -0.000004 0.000000
vn -1.000000 -0.000004 0.000000
vn -1.000000 -0.000004 0.000000
vn 1.000000 -0.000007 0.000000
vn 1.000000 -0.000007 0.000000
vn 1.000000 -0.000007 0.000000
vn 1.000000 -0.000007 0.000000
vn -1.000000 0.000001 0.000000
vn -1.000000 0.000001 0.000000
vn -1.000000 0.000001 0.000000
vn -1.000000 0.000001 0.000000
vn 1.000000 0.000000 0.000000
vn 1.000000 0.000000 0.000000
vn 1.000000 0.000000 0.000000
vn 1.000000 0.000000 0.000000
vn -1.000000 0.000000 0.000000
vn -1.000000 0.000000 0.000000
vn -1.000000 0.000000 0.000000
vn -1.000000 0.000000 0.000000
vn 1.000000 0.000007 0.000000
vn 1.000000 0.000007 0.000000
vn 1.000000 0.000007 0.000000
vn 1.000000 0.000007 0.000000
vn -1.000000 0.000000 0.000000
vn -1.000000 0.000000 0.000000
vn -1.000000 0.000000 0.000000
vn -1.000000 0.000000 0.000000
vn 1.000000 -0.000003 0.000000
vn 1.000000 -0.000003 0.000000
vn 1.000000 -0.000003 0.000000
vn 1.000000 -0.000003 0.000000
vn -1.000000 -0.000006 0.000000
vn -1.000000 -0.000006 0.000000
vn -1.000000 -0.000006 0.000000
vn -1.000000 -0.000006 0.000000
vn 1.000000 -0.000002 0.000000
vn 1.000000 -0.000002 0.000000
vn 1.000000 -0.000002 0.000000
vn 1.000000 -0.000002 0.000000
vn -1.000000 0.000002 0.000000
vn -1.000000 0.000002 0.000000
vn -1.000000 0.000002 0.000000
vn -1.000000 0.000002 0.000000
vn 1.000000 0.000002 0.000000
vn 1.000000 0.000002 0.000000
vn 1.000000 0.000002 0.000000
vn 1.000000 0.000002 0.000000
vn -1.000000 0.000000 0.000000
vn -1.000000 0.000000 0.000000
vn -1.000000 0.000000 0.000000
vn -1.000000 0.000000 0.000000
vn 1.000000 -0.000004 0.000000
vn 1.000000 -0.000004 0.000000
vn 1.000000 -0.000004 0.000000
vn 1.000000 -0.000004 0.000000
vn -1.000000 -0.000002 0.000000
vn -1.000000 -0.000002 0.000000
vn -1.000000 -0.000002 0.000000
vn -1.000000 -0.000002 0.000000
vn 1.000000 0.000000 0.000000
vn 1.000000 0.000000 0.000000
vn 1.000000 0.000000 0.000000
vn 1.000000 0.000000 0.000000
vn -1.000000 0.000000 0.000000
vn -1.000000 0.000000 0.000000
vn -1.000000 0.000000 0.000000
vn -1.000000 0.000000 0.000000
vn 1.000000 -0.000008 0.000000
vn 1.000000 -0.000008 0.000000
vn 1.000000 -0.000008 0.000000
vn 1.000000 -0.000008 0.000000
vn -1.000000 -0.000002 0.000000
vn -1.000000 -0.000002 0.000000
vn -1.000000 -0.000002 0.000000
vn -1.000000 -0.000002 0.000000
vn 1.000000 -0.000002 0.000000
vn 1.000000 -0.000002 0.000000
vn 1.000000 -0.000002 0.000000
vn 1.000000 -0.000002 0.000000
vn -1.000000 0.000004 0.000000
vn -1.000000 0.000004 0.000000
vn -1.000000 0.000004 0.000000
vn -1.000000 0.000004 0.000000
vn 1.000000 0.000007 0.000000
vn 1.000000 0.000007 0.000000
vn 1.000000 0.000007 0.000000
vn 1.000000 0.000007 0.000000
vn -1.000000 -0.000007 0.000000
vn -1.000000 -0.000007 0.000000
vn -1.000000 -0.000007 0.000000
vn -1.000000 -0.000007 0.000000
vn 1.000000 0.000000 0.000000
vn 1.000000 0.000000 0.000000
vn 1.000000 0.000000 0.000000
vn 1.000000 0.000000 0.000000
vn -1.000000 0.000001 0.000000
vn -1.000000 0.000001 0.000000
vn -1.000000 0.000001 0.000000
vn -1.000000 0.000001 0.000000
vn 1.000000 -0.000013 0.000000
vn 1.000000 -0.000013 0.000000
vn 1.000000 -0.000013 0.000000
vn 1.000000 -0.000013 0.000000
vn -1.000000 -0.000002 0.000000
vn -1.000000 -0.000002 0.000000
vn -1.000000 -0.000002 0.000000
vn -1.000000 -0.000002 0.000000
vn 1.000000 0.000011 0.000000
vn 1.000000 0.000011 0.000000
vn 1.000000 0.000011 0.000000
vn 1.000000 0.000011 0.000000
vn -1.000000 -0.000004 0.000000
vn -1.000000 -0.000004 0.000000
vn -1.000000 -0.000004 0.000000
vn -1.000000 -0.000004 0.000000
vn 1.000000 -0.000008 0.000000
vn 1.000000 -0.000008 0.000000
vn 1.000000 -0.000008 0.000000
vn 1.000000 -0.000008 0.000000
vn -1.000000 0.000000 0.000000
vn -1.000000 0.000000 0.000000
vn -1.000000 0.000000 0.000000
vn -1.000000 0.000000 0.000000
vn 1.000000 0.000004 0.000000
vn 1.000000 0.000004 0.000000
vn 1.000000 0.000004 0.000000
vn 1.000000 0.000004 0.000000
vn -1.000000 0.000000 0.000000
vn -1.000000 0.000000 0.000000
vn -1.000000 0.000000 0.000000
vn -1.000000 0.000000 0.000000
vn 1.000000 0.000004 0.000000
vn 1.000000 0.000004 0.000000
vn 1.000000 0.000004 0.000000
vn 1.000000 0.000004 0.000000
vn 0.965927 -0.258813 -0.000004
vn 0.965927 -0.258813 -0.000004
vn 0.965927 -0.258813 -0.000004
vn 0.965927 -0.258813 -0.000004
vn 0.250001 0.933013 0.258818
vn 0.250001 0.933013 0.258818
vn 0.250001 0.933013 0.258818
vn 0.250001 0.933013 0.258818
vn -0.966119 0.258097 -0.000082
vn -0.966119 0.258097 -0.000082
vn -0.966119 0.258097 -0.000082
vn -0.966119 0.258097 -0.000082
vn 0.000000 -1.000000 0.000000
vn 0.000000 -1.000000 0.000000
vn 0.000000 -1.000000 0.000000
vn 0.000000 -1.000000 0.000000
vn -0.028945 -0.223433 0.974289
vn -0.028945 -0.223433 0.974289
vn -0.028945 -0.223433 0.974289
vn -0.028945 -0.223433 0.974289
vn 0.033717 0.260244 -0.964954
vn 0.033717 0.260244 -0.964954
vn 0.033717 0.260244 -0.964954
vn 0.033717 0.260244 -0.964954
vn 0.965915 -0.258860 0.000000
vn 0.965915 -0.258860 0.000000
vn 0.965915 -0.258860 0.000000
vn 0.965915 -0.258860 0.000000
vn 0.258813 0.965927 0.000000
vn 0.258813 0.965927 0.000000
vn 0.258813 0.965927 0.000000
vn 0.258813 0.965927 0.000000
vn -0.965915 0.258860 0.000000
vn -0.965915 0.258860 0.000000
vn -0.965915 0.258860 0.000000
vn -0.965915 0.258860 0.000000
vn -0.258813 -0.965927 0.000000
vn -0.258813 -0.965927 0.000000
vn -0.258813 -0.965927 0.000000
vn -0.258813 -0.965927 0.000000
vn 0.000000 0.000000 -1.000000
vn 0.000000 0.000000 -1.000000
vn 0.000000 0.000000 -1.000000
vn 0.000000 0.000000 -1.000000
vn 0.000000 0.000000 1.000000
vn 0.000000 0.000000 1.000000
vn 0.000000 0.000000 1.000000
vn 0.000000 0.000000 1.000000
vn -0.672548 -0.734796 -0.088058
vn -0.548265 -0.782807 -0.294313
vn 0.452200 -0.844206 0.287806
vn 0.397394 -0.879591 0.261531
vn 0.653346 0.301614 0.694383
vn 0.810562 0.367223 0.456220
vn 0.741282 0.541741 0.396254
vn 0.590016 0.499089 0.634658
vn -0.638341 0.716119 0.282302
vn -0.532836 0.840208 -0.100677
vn -0.864949 -0.305031 -0.398521
vn -0.928893 -0.312953 -0.198037
vn -0.841892 -0.521071 -0.140363
vn -0.741282 -0.541740 -0.396255
vn -0.447292 -0.745756 -0.493739
vn -0.573815 -0.535698 -0.619487
vn 0.518531 -0.102553 -0.848887
vn 0.566382 -0.211125 -0.796642
vn -0.441474 -0.044204 0.896185
vn -0.374772 -0.153981 0.914241
vn 0.506211 0.667929 0.545546
vn 0.599948 0.709768 0.369177
vn 0.870193 0.478222 0.118613
vn 0.948408 0.280308 0.148154
vn 0.461660 -0.844675 0.270912
vn -0.563330 -0.782781 -0.264412
vn 0.405953 -0.882135 0.238830
vn 0.829740 0.366349 0.421094
vn 0.746861 0.541527 0.385937
vn -0.341639 0.830255 -0.440408
vn 0.655214 0.706693 0.266983
vn 0.753636 0.653202 0.073205
vn -0.058601 0.649224 -0.758336
vn -0.808848 -0.309014 -0.500275
vn -0.667958 -0.340615 -0.661675
vn -0.746857 -0.541527 -0.385944
vn -0.615688 0.351390 0.705303
vn -0.540244 0.144396 0.829027
vn 0.572402 0.540942 0.616229
vn -0.876057 -0.459902 -0.144964
vn -0.754563 -0.522788 -0.396646
vn -0.753994 -0.523873 -0.396296
vn -0.594412 -0.475865 -0.648249
vn 0.417930 0.088940 -0.904115
vn 0.275197 0.297625 -0.914159
vn 0.843751 0.525930 0.107155
vn 0.754006 0.523874 0.396273
vn 0.754555 0.522789 0.396659
vn 0.088050 -0.265533 -0.960073
vn -0.367076 -0.459842 -0.808580
vn -0.367068 -0.459839 -0.808584
vn 0.088073 -0.265521 -0.960074
vn -0.723931 -0.530985 -0.440430
vn -0.723938 -0.530985 -0.440418
vn -0.886805 -0.459878 0.045716
vn -0.886804 -0.459879 0.045710
vn -0.812182 -0.265671 0.519403
vn -0.812179 -0.265668 0.519409
vn -0.519542 0.000137 0.854445
vn -0.519556 0.000127 0.854436
vn -0.087872 0.265629 0.960063
vn -0.087888 0.265620 0.960063
vn 0.367125 0.459857 0.808549
vn 0.367116 0.459854 0.808554
vn 0.723936 0.530987 0.440420
vn 0.723930 0.530987 0.440430
vn 0.886834 0.459792 -0.046019
vn 0.886837 0.459780 -0.046061
vn 0.812048 0.265488 -0.519705
vn 0.812035 0.265471 -0.519735
vn 0.519718 -0.000012 -0.854338
vn 0.519717 -0.000012 -0.854338
vn 0.453693 -0.847382 0.275876
vn 0.453691 -0.847410 0.275790
vn 0.453681 -0.847374 0.275918
vn 0.453648 -0.847405 0.275879
vn 0.453622 -0.847426 0.275856
vn 0.453628 -0.847383 0.275977
vn 0.453668 -0.847348 0.276021
vn 0.453746 -0.847317 0.275987
vn 0.453672 -0.847314 0.276118
vn 0.453634 -0.847347 0.276080
vn 0.453727 -0.847376 0.275835
vn 0.453740 -0.847384 0.275793
vn 0.453707 -0.847399 0.275800
vn -0.453728 0.847322 -0.276000
vn -0.453678 0.847329 -0.276061
vn -0.453592 0.847412 -0.275946
vn -0.453604 0.847365 -0.276072
vn -0.453635 0.847373 -0.275996
vn -0.453670 0.847341 -0.276039
vn -0.453551 0.847424 -0.275978
vn -0.453445 0.847518 -0.275863
vn -0.453522 0.847488 -0.275830
vn -0.453532 0.847478 -0.275844
vn -0.453517 0.847505 -0.275786
vn -0.453576 0.847450 -0.275858
vn -0.453651 0.847355 -0.276025
vn 0.088010 -0.265553 -0.960071
vn -0.367233 -0.459899 -0.808475
vn -0.367224 -0.459896 -0.808481
vn 0.088035 -0.265540 -0.960072
vn -0.723985 -0.530997 -0.440327
vn -0.723979 -0.530997 -0.440337
vn -0.886815 -0.459840 0.045887
vn -0.886815 -0.459841 0.045884
vn -0.812157 -0.265643 0.519457
vn -0.812149 -0.265633 0.519475
vn -0.519750 -0.000029 0.854318
vn -0.519758 -0.000034 0.854314
vn -0.087967 0.265569 0.960070
vn -0.087969 0.265568 0.960070
vn 0.367213 0.459893 0.808489
vn 0.367227 0.459897 0.808479
vn 0.723922 0.531006 0.440419
vn 0.723918 0.531006 0.440426
vn 0.886783 0.459939 -0.045524
vn 0.886781 0.459944 -0.045505
vn 0.812043 0.265472 -0.519722
vn 0.812032 0.265458 -0.519747
vn 0.519607 -0.000093 -0.854405
vn 0.519588 -0.000107 -0.854417
vn 0.453630 -0.847397 0.275932
vn 0.453733 -0.847323 0.275988
vn 0.453654 -0.847377 0.275954
vn 0.453700 -0.847353 0.275951
vn 0.453663 -0.847357 0.276000
vn 0.453626 -0.847366 0.276035
vn 0.453565 -0.847412 0.275991
vn 0.453574 -0.847416 0.275965
vn 0.453657 -0.847367 0.275980
vn 0.453678 -0.847374 0.275922
vn 0.453672 -0.847376 0.275926
vn 0.453616 -0.847427 0.275862
vn 0.453740 -0.847350 0.275895
vn -0.453770 0.847332 -0.275901
vn -0.453754 0.847307 -0.276003
vn -0.453677 0.847369 -0.275940
vn -0.453689 0.847367 -0.275929
vn -0.453776 0.847335 -0.275880
vn -0.453766 0.847302 -0.276001
vn -0.453705 0.847366 -0.275903
vn -0.453717 0.847375 -0.275856
vn -0.453754 0.847350 -0.275872
vn -0.453613 0.847368 -0.276048
vn -0.453557 0.847383 -0.276096
vn -0.453510 0.847470 -0.275906
vn -0.453518 0.847472 -0.275885
vn -0.811845 -0.324803 -0.485192
vn -0.565609 -0.753959 -0.334114
vn -0.565578 -0.753990 -0.334096
vn -0.812121 -0.323853 -0.485365
vn -0.168280 -0.981267 -0.093789
vn -0.167380 -0.981473 -0.093248
vn 0.274240 -0.946206 0.171719
vn 0.275757 -0.945600 0.172626
vn 0.643590 -0.657714 0.391414
vn 0.644868 -0.656010 0.392169
vn 0.840551 -0.192820 0.506255
vn 0.840858 -0.191025 0.506426
vn 0.812090 0.323993 0.485323
vn 0.811833 0.324878 0.485161
vn 0.565623 0.753943 0.334127
vn 0.565660 0.753905 0.334150
vn 0.167415 0.981464 0.093274
vn 0.168286 0.981265 0.093799
vn -0.275559 0.945674 -0.172532
vn -0.274125 0.946247 -0.171675
vn -0.644760 0.656155 -0.392103
vn -0.643501 0.657833 -0.391360
vn -0.840875 0.190938 -0.506430
vn -0.840551 0.192836 -0.506249
vn 0.518464 -0.001769 -0.855098
vn 0.518593 -0.001599 -0.855020
vn 0.518620 -0.001535 -0.855003
vn 0.518607 -0.001594 -0.855012
vn 0.518733 -0.001793 -0.854935
vn 0.518789 -0.001462 -0.854901
vn 0.518987 -0.001599 -0.854781
vn 0.518777 -0.001696 -0.854908
vn 0.518914 -0.001487 -0.854825
vn 0.518539 -0.001633 -0.855053
vn 0.518124 -0.001433 -0.855304
vn 0.518417 -0.001228 -0.855127
vn 0.518499 -0.001131 -0.855078
vn -0.518889 0.001599 0.854840
vn -0.518738 0.001384 0.854932
vn -0.518595 0.001437 0.855019
vn -0.518429 0.001228 0.855120
vn -0.518421 0.001121 0.855125
vn -0.518681 0.000965 0.854967
vn -0.518646 0.001521 0.854988
vn -0.518481 0.001988 0.855087
vn -0.518340 0.001715 0.855173
vn -0.518237 0.001643 0.855235
vn -0.518457 0.001535 0.855102
vn -0.518850 0.001199 0.854865
vn -0.518965 0.001345 0.854794
vn 0.114612 0.309641 -0.943921
vn -0.321111 0.536285 -0.780568
vn -0.321129 0.536292 -0.780556
vn 0.114646 0.309619 -0.943924
vn -0.670887 0.619238 -0.407988
vn -0.670907 0.619238 -0.407957
vn -0.840801 0.536317 0.073601
vn -0.840796 0.536331 0.073558
vn -0.785582 0.309746 0.535647
vn -0.785579 0.309740 0.535656
vn -0.519737 0.000016 0.854326
vn -0.519728 0.000008 0.854332
vn -0.114529 -0.309694 0.943913
vn -0.114542 -0.309686 0.943915
vn 0.321125 -0.536291 0.780558
vn 0.321155 -0.536303 0.780538
vn 0.670832 -0.619248 0.408065
vn 0.670828 -0.619248 0.408072
vn 0.840831 -0.536233 -0.073877
vn 0.840827 -0.536243 -0.073848
vn 0.785532 -0.309674 -0.535763
vn 0.785527 -0.309666 -0.535775
vn 0.519644 0.000054 -0.854383
vn 0.519644 0.000054 -0.854383
vn -0.529089 -0.785320 -0.321463
vn -0.528928 -0.785388 -0.321561
vn -0.529035 -0.785212 -0.321814
vn -0.529023 -0.785281 -0.321665
vn -0.528804 -0.785263 -0.322068
vn -0.528706 -0.785387 -0.321925
vn -0.528985 -0.785212 -0.321897
vn -0.529208 -0.784979 -0.322098
vn -0.528964 -0.785114 -0.322170
vn -0.529055 -0.785135 -0.321968
vn -0.529228 -0.785162 -0.321619
vn -0.529288 -0.785101 -0.321667
vn -0.529138 -0.785203 -0.321667
vn 0.529013 0.785216 0.321842
vn 0.529004 0.785231 0.321819
vn 0.529042 0.785199 0.321835
vn 0.529074 0.785227 0.321712
vn 0.529094 0.785160 0.321843
vn 0.529053 0.785134 0.321975
vn 0.529021 0.785197 0.321873
vn 0.528933 0.785262 0.321859
vn 0.529013 0.785237 0.321790
vn 0.529152 0.785183 0.321693
vn 0.529100 0.785139 0.321886
vn 0.529028 0.785170 0.321927
vn 0.529021 0.785228 0.321798
vn 0.074519 -0.951279 0.299192
vn 0.181106 -0.974238 0.134392
vn 0.799132 -0.000000 0.601156
vn 0.689462 0.000001 0.724322
vn 0.074520 0.951276 0.299200
vn 0.181109 0.974237 0.134395
vn 0.000000 1.000000 -0.000000
vn -0.097534 0.974560 0.201793
vn -0.960225 0.000001 -0.279227
vn -0.901274 0.000001 -0.433250
vn -0.195704 -0.975986 -0.095658
vn -0.294085 -0.952679 0.076923
vn -0.097532 -0.974561 0.201790
vn 0.000000 -1.000000 0.000000
vn 0.304319 -0.948860 -0.083994
vn 0.141980 -0.971544 -0.189588
vn 0.604900 0.000000 -0.796301
vn 0.726561 0.000000 -0.687102
vn -0.428997 0.000000 0.903306
vn -0.276097 -0.000001 0.961130
vn -0.294088 0.952678 0.076925
vn -0.195706 0.975986 -0.095658
vn 0.141982 0.971543 -0.189590
vn 0.304322 0.948859 -0.083997
vn 0.902759 -0.000000 0.430146
vn 0.203391 -0.974093 0.098868
vn 0.966406 0.000001 0.257021
vn 0.203394 0.974093 0.098868
vn 0.000000 1.000000 -0.000001
vn -0.797071 0.000000 -0.603886
vn -0.175162 0.975843 -0.130573
vn -0.057755 0.950192 -0.306266
vn -0.672601 0.000000 -0.740005
vn -0.175160 -0.975843 -0.130573
vn -0.057753 -0.950193 -0.306263
vn 0.000000 -1.000000 0.000000
vn -0.717235 0.000001 0.696831
vn -0.603001 0.000001 0.797740
vn -0.133881 0.974637 0.179327
vn -0.133879 -0.974638 0.179326
vn 0.000000 -1.000000 0.000001
vn 0.000000 -1.000000 -0.000001
vn 0.103246 -0.971624 -0.212808
vn 0.431125 -0.000001 -0.902292
vn 0.289006 -0.000004 -0.957327
vn 0.103248 0.971624 -0.212808
vn 0.000000 1.000000 -0.000001
vn 0.000000 1.000000 -0.000000
vn 0.114625 0.309663 -0.943912
vn -0.321062 0.536272 -0.780597
vn -0.321050 0.536267 -0.780605
vn 0.114623 0.309664 -0.943912
vn -0.670830 0.619234 -0.408089
vn -0.670833 0.619234 -0.408084
vn -0.840829 0.536234 0.073891
vn -0.840829 0.536234 0.073892
vn -0.785585 0.309764 0.535634
vn -0.785578 0.309753 0.535649
vn -0.519757 0.000051 0.854314
vn -0.519743 0.000038 0.854323
vn -0.114377 -0.309796 0.943898
vn -0.114379 -0.309795 0.943898
vn 0.321163 -0.536324 0.780519
vn 0.321152 -0.536320 0.780527
vn 0.670892 -0.619258 0.407951
vn 0.670878 -0.619258 0.407974
vn 0.840801 -0.536306 -0.073683
vn 0.840801 -0.536306 -0.073683
vn 0.785547 -0.309691 -0.535730
vn 0.785544 -0.309685 -0.535740
vn 0.519617 0.000097 -0.854399
vn 0.519613 0.000102 -0.854402
vn -0.528954 -0.785304 -0.321724
vn -0.528933 -0.785282 -0.321810
vn -0.529079 -0.785165 -0.321856
vn -0.529039 -0.785267 -0.321672
vn -0.529002 -0.785206 -0.321883
vn -0.528958 -0.785211 -0.321944
vn -0.529000 -0.785211 -0.321874
vn -0.529071 -0.785138 -0.321935
vn -0.529199 -0.785079 -0.321869
vn -0.529291 -0.785033 -0.321829
vn -0.529222 -0.785012 -0.321995
vn -0.529184 -0.785058 -0.321945
vn -0.529100 -0.785178 -0.321790
vn 0.529177 0.785146 0.321743
vn 0.529045 0.785177 0.321882
vn 0.529023 0.785238 0.321771
vn 0.528920 0.785256 0.321894
vn 0.528981 0.785258 0.321789
vn 0.528968 0.785267 0.321789
vn 0.528992 0.785253 0.321784
vn 0.529027 0.785219 0.321809
vn 0.528987 0.785246 0.321809
vn 0.529012 0.785264 0.321726
vn 0.529049 0.785257 0.321681
vn 0.529034 0.785275 0.321663
vn 0.529083 0.785235 0.321679
vn -0.062400 0.000001 0.998051
vn -0.062400 0.000001 0.998051
vn -0.062400 0.000001 0.998051
vn -0.062400 0.000001 0.998051
vn 0.000000 1.000000 0.000000
vn 0.000000 1.000000 0.000000
vn 0.000000 1.000000 0.000000
vn 0.000000 1.000000 0.000000
vn 0.062402 -0.000000 -0.998051
vn 0.062402 -0.000000 -0.998051
vn 0.062402 -0.000000 -0.998051
vn 0.062402 -0.000000 -0.998051
vn -0.000000 -1.000000 -0.000002
vn -0.000000 -1.000000 -0.000002
vn -0.000000 -1.000000 -0.000002
vn -0.000000 -1.000000 -0.000002
vn 0.998054 0.000005 0.062362
vn 0.998054 0.000005 0.062362
vn 0.998054 0.000005 0.062362
vn 0.998054 0.000005 0.062362
vn -0.998050 -0.000005 -0.062418
vn -0.998050 -0.000005 -0.062418
vn -0.998050 -0.000005 -0.062418
vn -0.998050 -0.000005 -0.062418
vn -0.062407 0.000001 0.998051
vn -0.062407 0.000001 0.998051
vn -0.062407 0.000001 0.998051
vn -0.062407 0.000001 0.998051
vn -0.062407 -0.000001 0.998051
vn -0.062407 -0.000001 0.998051
vn -0.062407 -0.000001 0.998051
vn -0.062407 -0.000001 0.998051
vn -0.062400 -0.000001 0.998051
vn -0.062400 -0.000001 0.998051
vn -0.062400 -0.000001 0.998051
vn -0.062400 -0.000001 0.998051
vn 0.000000 1.000000 -0.000000
vn 0.000000 1.000000 -0.000000
vn 0.000000 1.000000 -0.000000
vn 0.000000 1.000000 -0.000000
vn 0.000000 1.000000 0.000000
vn 0.000000 1.000000 0.000000
vn 0.000000 1.000000 0.000000
vn 0.000000 1.000000 0.000000
vn 0.000000 1.000000 -0.000001
vn 0.000000 1.000000 -0.000001
vn 0.000000 1.000000 -0.000001
vn 0.000000 1.000000 -0.000001
vn 0.062404 -0.000000 -0.998051
vn 0.062404 -0.000000 -0.998051
vn 0.062404 -0.000000 -0.998051
vn 0.062404 -0.000000 -0.998051
vn 0.062404 0.000000 -0.998051
vn 0.062404 0.000000 -0.998051
vn 0.062404 0.000000 -0.998051
vn 0.062404 0.000000 -0.998051
vn 0.062402 0.000000 -0.998051
vn 0.062402 0.000000 -0.998051
vn 0.062402 0.000000 -0.998051
vn 0.062402 0.000000 -0.998051
vn 0.000000 -1.000000 -0.000002
vn 0.000000 -1.000000 -0.000002
vn 0.000000 -1.000000 -0.000002
vn 0.000000 -1.000000 -0.000002
vn 0.000000 -1.000000 0.000002
vn 0.000000 -1.000000 0.000002
vn 0.000000 -1.000000 0.000002
vn 0.000000 -1.000000 0.000002
vn -0.000000 -1.000000 0.000001
vn -0.000000 -1.000000 0.000001
vn -0.000000 -1.000000 0.000001
vn -0.000000 -1.000000 0.000001
vn 0.998050 0.000005 0.062418
vn 0.998050 0.000005 0.062418
vn 0.998050 0.000005 0.062418
vn 0.998050 0.000005 0.062418
vn 0.998050 -0.000005 0.062418
vn 0.998050 -0.000005 0.062418
vn 0.998050 -0.000005 0.062418
vn 0.998050 -0.000005 0.062418
vn 0.998054 -0.000005 0.062362
vn 0.998054 -0.000005 0.062362
vn 0.998054 -0.000005 0.062362
vn 0.998054 -0.000005 0.062362
vn -0.998052 -0.000006 -0.062390
vn -0.998052 -0.000006 -0.062390
vn -0.998052 -0.000006 -0.062390
vn -0.998052 -0.000006 -0.062390
vn -0.998052 0.000006 -0.062390
vn -0.998052 0.000006 -0.062390
vn -0.998052 0.000006 -0.062390
vn -0.998052 0.000006 -0.062390
vn -0.998050 0.000005 -0.062418
vn -0.998050 0.000005 -0.062418
vn -0.998050 0.000005 -0.062418
vn -0.998050 0.000005 -0.062418
vn 0.998502 0.000015 0.054715
vn 0.998502 0.000015 0.054715
vn 0.998502 0.000004 0.054712
vn 0.998502 0.000006 0.054713
vn 0.000000 1.000000 0.000000
vn 0.000000 1.000000 0.000000
vn 0.000000 1.000000 0.000000
vn 0.000000 1.000000 0.000000
vn 0.000000 -1.000000 0.000000
vn 0.000000 -1.000000 0.000000
vn 0.000000 -1.000000 0.000000
vn 0.000000 -1.000000 0.000000
vn 0.045041 -0.567723 -0.821986
vn 0.045041 -0.567723 -0.821986
vn 0.052743 -0.265928 -0.962549
vn 0.052743 -0.265926 -0.962550
vn -0.054358 0.113699 0.992027
vn -0.054338 -0.116904 0.991656
vn -0.054336 -0.116908 0.991655
vn -0.054357 0.113703 0.992027
vn 0.052846 0.259041 -0.964420
vn 0.052846 0.259042 -0.964419
vn 0.046006 0.541235 -0.839612
vn 0.046006 0.541235 -0.839612
vn 0.998502 -0.000006 0.054713
vn 0.998502 -0.000004 0.054712
vn 0.998502 -0.000014 0.054715
vn 0.998502 -0.000014 0.054715
vn -0.054713 -0.000005 0.998502
vn -0.054713 -0.000005 0.998502
vn -0.054713 -0.000005 0.998502
vn -0.054713 -0.000005 0.998502
vn -0.054708 0.000000 0.998502
vn -0.054708 0.000000 0.998502
vn -0.054708 0.000000 0.998502
vn -0.054708 0.000000 0.998502
vn -0.054708 0.000000 0.998502
vn -0.054708 0.000000 0.998502
vn -0.054708 0.000000 0.998502
vn -0.054708 0.000000 0.998502
vn -0.054708 0.000000 0.998502
vn -0.054708 0.000000 0.998502
vn -0.054708 0.000000 0.998502
vn -0.054708 0.000000 0.998502
vn -0.054713 0.000005 0.998502
vn -0.054713 0.000005 0.998502
vn -0.054713 0.000005 0.998502
vn -0.054713 0.000005 0.998502
vn 0.000000 1.000000 0.000000
vn 0.000000 1.000000 0.000000
vn 0.000000 1.000000 0.000000
vn 0.000000 1.000000 0.000000
vn -0.998504 -0.000032 -0.054688
vn -0.998504 -0.000032 -0.054688
vn -0.998504 -0.000032 -0.054688
vn -0.998504 -0.000032 -0.054688
vn -0.998506 0.000000 -0.054639
vn -0.998506 0.000000 -0.054639
vn -0.998506 0.000000 -0.054639
vn -0.998506 0.000000 -0.054639
vn -0.998504 0.000030 -0.054688
vn -0.998504 0.000030 -0.054688
vn -0.998504 0.000030 -0.054688
vn -0.998504 0.000030 -0.054688
vn 0.000000 -1.000000 0.000001
vn 0.000000 -1.000000 0.000001
vn 0.000000 -1.000000 0.000001
vn 0.000000 -1.000000 0.000001
vn -0.052487 -0.282307 0.957887
vn -0.052487 -0.282308 0.957887
vn -0.052759 0.264851 0.962845
vn -0.052759 0.264851 0.962845
vn -0.054710 0.000000 0.998502
vn -0.054710 0.000000 0.998502
vn -0.054710 0.000000 0.998502
vn -0.054710 0.000000 0.998502
vn 0.000000 1.000000 0.000000
vn 0.000000 1.000000 0.000000
vn -0.054339 -0.116901 0.991656
vn -0.052489 -0.282305 0.957888
vn -0.054360 0.113697 0.992027
vn -0.052760 0.264849 0.962846
vn 0.000000 -1.000000 0.000000
vn 0.000000 -1.000000 0.000000
vn -0.054710 0.000000 0.998502
vn -0.054710 0.000000 0.998502
vn -0.054710 0.000000 0.998502
vn -0.054710 0.000000 0.998502
vn 0.000000 1.000000 0.000000
vn 0.000000 1.000000 0.000000
vn 0.000000 1.000000 0.000000
vn 0.000000 1.000000 0.000000
vn 0.043565 0.605005 -0.795029
vn 0.052369 0.289584 -0.955719
vn 0.052369 0.289585 -0.955719
vn 0.043565 0.605005 -0.795029
vn 0.053728 -0.188846 -0.980536
vn 0.053728 -0.188852 -0.980535
vn 0.042335 -0.633510 -0.772575
vn 0.042335 -0.633511 -0.772575
vn 0.000000 -1.000000 -0.000001
vn 0.000000 -1.000000 -0.000001
vn 0.000000 -1.000000 -0.000001
vn 0.000000 -1.000000 -0.000001
vn 0.000000 -1.000000 0.000001
vn 0.000000 -1.000000 0.000001
vn -0.054716 0.000000 0.998502
vn -0.054716 0.000000 0.998502
vn -0.054713 0.000000 0.998502
vn -0.054713 0.000000 0.998502
vn 0.000000 1.000000 0.000000
vn 0.000000 1.000000 0.000000
vn 0.000000 1.000000 -0.000000
vn 0.000000 1.000000 -0.000000
vn 0.046002 0.541225 -0.839618
vn 0.052835 0.259025 -0.964425
vn 0.052845 0.259030 -0.964423
vn 0.046007 0.541225 -0.839618
vn 0.052730 -0.265915 -0.962553
vn 0.052743 -0.265921 -0.962551
vn 0.045030 -0.567724 -0.821987
vn 0.045041 -0.567724 -0.821986
vn 0.997494 0.044921 0.054665
vn 0.997494 0.044921 0.054665
vn 0.997494 0.044921 0.054665
vn 0.997494 0.044921 0.054665
vn -0.997495 0.044907 -0.054665
vn -0.997495 0.044907 -0.054665
vn -0.997495 0.044907 -0.054665
vn -0.997495 0.044907 -0.054665
vn -0.054714 -0.000005 0.998502
vn -0.054714 -0.000005 0.998502
vn -0.054714 -0.000005 0.998502
vn -0.054714 -0.000005 0.998502
vn 0.999330 0.036476 0.003084
vn 0.999330 0.036476 0.003084
vn 0.999330 0.036476 0.003084
vn 0.999330 0.036476 0.003084
vn -0.993692 0.036401 -0.106071
vn -0.993692 0.036401 -0.106071
vn -0.993692 0.036401 -0.106071
vn -0.993692 0.036401 -0.106071
vn 0.999937 0.000000 -0.011261
vn 0.999937 0.000000 -0.011261
vn 0.999937 0.000000 -0.011261
vn 0.999937 0.000000 -0.011261
vn -0.992749 0.000000 -0.120203
vn -0.992749 0.000000 -0.120203
vn -0.992749 0.000000 -0.120203
vn -0.992749 0.000000 -0.120203
vn 0.999378 -0.034258 0.008321
vn 0.999211 -0.039514 0.004080
vn 0.999361 -0.034891 0.007810
vn 0.999378 -0.034258 0.008321
vn -0.993685 -0.039452 -0.105041
vn -0.994321 -0.034090 -0.100815
vn -0.994321 -0.034090 -0.100815
vn -0.994247 -0.034736 -0.101324
vn -0.997494 -0.044921 -0.054665
vn -0.997494 -0.044921 -0.054665
vn -0.997494 -0.044921 -0.054665
vn -0.997494 -0.044921 -0.054665
vn 0.997494 -0.044907 0.054665
vn 0.997495 -0.044907 0.054665
vn 0.997494 -0.044907 0.054665
vn 0.997495 -0.044907 0.054665
vn -0.054714 0.000005 0.998502
vn -0.054714 0.000005 0.998502
vn -0.054714 0.000005 0.998502
vn -0.054714 0.000005 0.998502
vn -0.998513 0.000000 -0.054513
vn -0.998513 0.000000 -0.054513
vn -0.998513 0.000000 -0.054513
vn -0.998513 0.000000 -0.054513
vn 0.998513 0.000000 0.054513
vn 0.998513 0.000000 0.054513
vn 0.998513 0.000000 0.054513
vn 0.998513 0.000000 0.054513
vn 0.000000 1.000000 -0.000000
vn 0.000000 1.000000 -0.000000
vn 0.000000 1.000000 -0.000000
vn 0.000000 1.000000 -0.000000
vn -0.997505 -0.044919 -0.054458
vn -0.997505 -0.044919 -0.054458
vn -0.997505 -0.044919 -0.054458
vn -0.997505 -0.044919 -0.054458
vn 0.000000 -1.000000 0.000006
vn 0.000000 -1.000000 0.000006
vn 0.000000 -1.000000 0.000006
vn 0.000000 -1.000000 0.000006
vn 0.997493 -0.045020 0.054607
vn 0.997492 -0.045020 0.054607
vn 0.997493 -0.045020 0.054607
vn 0.997492 -0.045020 0.054607
vn 0.998513 0.000000 0.054513
vn 0.998513 0.000000 0.054513
vn 0.998513 0.000000 0.054513
vn 0.998513 0.000000 0.054513
vn -0.998513 0.000000 -0.054513
vn -0.998513 0.000000 -0.054513
vn -0.998513 0.000000 -0.054513
vn -0.998513 0.000000 -0.054513
vn 0.000000 -1.000000 0.000002
vn 0.000000 -1.000000 0.000002
vn 0.000000 -1.000000 0.000002
vn 0.000000 -1.000000 0.000002
vn 0.997493 0.045020 0.054607
vn 0.997492 0.045020 0.054607
vn 0.997493 0.045020 0.054607
vn 0.997493 0.045020 0.054607
vn 0.000000 1.000000 0.000004
vn 0.000000 1.000000 0.000004
vn 0.000000 1.000000 0.000004
vn 0.000000 1.000000 0.000004
vn -0.997505 0.044919 -0.054458
vn -0.997505 0.044919 -0.054458
vn -0.997505 0.044919 -0.054458
vn -0.997505 0.044919 -0.054458
vn -0.054713 0.000000 0.998502
vn -0.054713 0.000000 0.998502
vn -0.054716 0.000000 0.998502
vn -0.054716 0.000000 0.998502
vn 0.000000 1.000000 0.000000
vn 0.000000 1.000000 0.000000
vn -0.054337 -0.116902 0.991656
vn -0.052487 -0.282306 0.957887
vn -0.054358 0.113697 0.992027
vn -0.052759 0.264849 0.962846
vn 0.000000 -1.000000 -0.000000
vn 0.000000 -1.000000 -0.000000
vn 0.000000 -1.000000 0.000000
vn 0.000000 -1.000000 0.000000
vn -0.998501 0.000023 -0.054729
vn -0.998501 0.000009 -0.054733
vn -0.998501 0.000006 -0.054733
vn -0.998501 0.000023 -0.054729
vn 0.000000 1.000000 -0.000000
vn 0.000000 1.000000 -0.000000
vn 0.000000 1.000000 -0.000000
vn 0.000000 1.000000 -0.000000
vn 0.000000 -1.000000 -0.000000
vn 0.000000 -1.000000 -0.000000
vn 0.000000 -1.000000 -0.000000
vn 0.000000 -1.000000 -0.000000
vn 0.045041 -0.567724 -0.821986
vn 0.052743 -0.265928 -0.962549
vn 0.052743 -0.265926 -0.962549
vn 0.045041 -0.567724 -0.821986
vn -0.054359 0.113697 0.992027
vn -0.054356 0.113696 0.992028
vn -0.054335 -0.116900 0.991656
vn -0.054338 -0.116902 0.991656
vn 0.052846 0.259043 -0.964419
vn 0.046007 0.541237 -0.839611
vn 0.046007 0.541237 -0.839611
vn 0.052846 0.259041 -0.964420
vn -0.998501 -0.000008 -0.054733
vn -0.998501 -0.000022 -0.054729
vn -0.998501 -0.000022 -0.054729
vn -0.998501 -0.000006 -0.054733
vn -0.054711 -0.000002 0.998502
vn -0.054711 -0.000002 0.998502
vn -0.054711 -0.000002 0.998502
vn -0.054711 -0.000002 0.998502
vn -0.054713 0.000000 0.998502
vn -0.054713 0.000000 0.998502
vn -0.054713 0.000000 0.998502
vn -0.054713 0.000000 0.998502
vn -0.054714 0.000000 0.998502
vn -0.054714 0.000000 0.998502
vn -0.054714 0.000000 0.998502
vn -0.054714 0.000000 0.998502
vn -0.054714 0.000000 0.998502
vn -0.054714 0.000000 0.998502
vn -0.054714 0.000000 0.998502
vn -0.054714 0.000000 0.998502
vn -0.054711 0.000002 0.998502
vn -0.054711 0.000002 0.998502
vn -0.054711 0.000002 0.998502
vn -0.054711 0.000002 0.998502
vn 0.000000 1.000000 0.000000
vn 0.000000 1.000000 0.000000
vn 0.000000 1.000000 0.000000
vn 0.000000 1.000000 0.000000
vn 0.998504 0.000027 0.054688
vn 0.998504 0.000027 0.054688
vn 0.998504 0.000027 0.054688
vn 0.998504 0.000027 0.054688
vn 0.998506 0.000000 0.054639
vn 0.998506 0.000000 0.054639
vn 0.998506 0.000000 0.054639
vn 0.998506 0.000000 0.054639
vn 0.998504 -0.000020 0.054688
vn 0.998503 -0.000020 0.054688
vn 0.998504 -0.000020 0.054688
vn 0.998504 -0.000020 0.054688
vn 0.000000 -1.000000 0.000000
vn 0.000000 -1.000000 0.000000
vn 0.000000 -1.000000 -0.000001
vn 0.000000 -1.000000 -0.000001
vn -0.052485 -0.282306 0.957888
vn -0.052488 -0.282306 0.957887
vn -0.052760 0.264850 0.962845
vn -0.052757 0.264851 0.962845
vn -0.054716 0.000000 0.998502
vn -0.054716 0.000000 0.998502
vn -0.054716 0.000000 0.998502
vn -0.054716 0.000000 0.998502
vn 0.000000 1.000000 0.000000
vn 0.000000 1.000000 0.000000
vn -0.054337 -0.116902 0.991656
vn -0.052487 -0.282307 0.957887
vn -0.054358 0.113698 0.992027
vn -0.052759 0.264850 0.962845
vn 0.000000 -1.000000 0.000001
vn 0.000000 -1.000000 0.000001
vn -0.054716 0.000000 0.998502
vn -0.054716 0.000000 0.998502
vn -0.054716 0.000000 0.998502
vn -0.054716 0.000000 0.998502
vn 0.000000 1.000000 0.000000
vn 0.000000 1.000000 0.000000
vn 0.000000 1.000000 0.000000
vn 0.000000 1.000000 0.000000
vn 0.043562 0.605008 -0.795027
vn 0.043562 0.605008 -0.795027
vn 0.052367 0.289585 -0.955719
vn 0.052367 0.289587 -0.955718
vn 0.053728 -0.188848 -0.980536
vn 0.053728 -0.188853 -0.980534
vn 0.042333 -0.633513 -0.772573
vn 0.042333 -0.633513 -0.772573
vn 0.000000 -1.000000 -0.000001
vn 0.000000 -1.000000 -0.000001
vn 0.000000 -1.000000 -0.000001
vn 0.000000 -1.000000 -0.000001
vn -0.054711 0.000000 0.998502
vn -0.054711 0.000000 0.998502
vn 0.000000 1.000000 -0.000000
vn 0.000000 1.000000 -0.000000
vn 0.046011 0.541225 -0.839618
vn 0.052855 0.259028 -0.964423
vn 0.052755 -0.265919 -0.962551
vn 0.045051 -0.567723 -0.821986
vn -0.997494 0.044912 -0.054665
vn -0.997494 0.044912 -0.054665
vn -0.997494 0.044912 -0.054665
vn -0.997494 0.044912 -0.054665
vn 0.997494 0.044912 0.054665
vn 0.997494 0.044912 0.054665
vn 0.997494 0.044912 0.054665
vn 0.997494 0.044912 0.054665
vn -0.054714 0.000005 0.998502
vn -0.054714 0.000005 0.998502
vn -0.054714 0.000005 0.998502
vn -0.054714 0.000005 0.998502
vn -0.993682 0.036476 -0.106141
vn -0.993682 0.036476 -0.106141
vn -0.993682 0.036476 -0.106141
vn -0.993682 0.036476 -0.106141
vn 0.999333 0.036394 0.003155
vn 0.999333 0.036394 0.003155
vn 0.999333 0.036394 0.003155
vn 0.999333 0.036394 0.003155
vn -0.992720 0.000000 -0.120445
vn -0.992720 0.000000 -0.120445
vn -0.992720 0.000000 -0.120445
vn -0.992720 0.000000 -0.120445
vn 0.999939 0.000000 -0.011016
vn 0.999939 0.000000 -0.011016
vn 0.999939 0.000000 -0.011016
vn 0.999939 0.000000 -0.011016
vn -0.994309 -0.034181 -0.100898
vn -0.994309 -0.034181 -0.100898
vn -0.994236 -0.034821 -0.101402
vn -0.993679 -0.039491 -0.105084
vn 0.999212 -0.039479 0.004122
vn 0.999363 -0.034806 0.007889
vn 0.999381 -0.034166 0.008405
vn 0.999381 -0.034166 0.008405
vn 0.997494 -0.044912 0.054665
vn 0.997494 -0.044912 0.054665
vn 0.997494 -0.044912 0.054665
vn 0.997494 -0.044912 0.054665
vn -0.997494 -0.044912 -0.054665
vn -0.997494 -0.044912 -0.054665
vn -0.997494 -0.044912 -0.054665
vn -0.997494 -0.044912 -0.054665
vn -0.054714 -0.000005 0.998502
vn -0.054714 -0.000005 0.998502
vn -0.054714 -0.000005 0.998502
vn -0.054714 -0.000005 0.998502
vn 0.998497 0.000000 0.054810
vn 0.998497 0.000000 0.054810
vn 0.998497 0.000000 0.054810
vn 0.998497 0.000000 0.054810
vn -0.998497 0.000000 -0.054810
vn -0.998497 0.000000 -0.054810
vn -0.998497 0.000000 -0.054810
vn -0.998497 0.000000 -0.054810
vn 0.000000 1.000000 0.000000
vn 0.000000 1.000000 0.000000
vn 0.000000 1.000000 0.000000
vn 0.000000 1.000000 0.000000
vn 0.997489 -0.044918 0.054754
vn 0.997489 -0.044918 0.054754
vn 0.997489 -0.044918 0.054754
vn 0.997489 -0.044918 0.054754
vn 0.000000 -1.000000 0.000000
vn 0.000000 -1.000000 0.000000
vn 0.000000 -1.000000 0.000000
vn 0.000000 -1.000000 0.000000
vn -0.997493 -0.045007 -0.054606
vn -0.997493 -0.045007 -0.054606
vn -0.997493 -0.045007 -0.054606
vn -0.997493 -0.045007 -0.054606
vn -0.998497 0.000000 -0.054810
vn -0.998497 0.000000 -0.054810
vn -0.998497 0.000000 -0.054810
vn -0.998497 0.000000 -0.054810
vn 0.998497 0.000000 0.054810
vn 0.998497 0.000000 0.054810
vn 0.998497 0.000000 0.054810
vn 0.998497 0.000000 0.054810
vn 0.000000 -1.000000 0.000000
vn 0.000000 -1.000000 0.000000
vn 0.000000 -1.000000 0.000000
vn 0.000000 -1.000000 0.000000
vn -0.997493 0.045007 -0.054605
vn -0.997493 0.045007 -0.054605
vn -0.997493 0.045007 -0.054605
vn -0.997493 0.045007 -0.054605
vn 0.000000 1.000000 0.000000
vn 0.000000 1.000000 0.000000
vn 0.000000 1.000000 0.000000
vn 0.000000 1.000000 0.000000
vn 0.997489 0.044918 0.054755
vn 0.997489 0.044918 0.054755
vn 0.997489 0.044918 0.054755
vn 0.997489 0.044918 0.054755
vn -0.054711 0.000000 0.998502
vn -0.054711 0.000000 0.998502
vn 0.000000 -1.000000 -0.000000
vn 0.000000 -1.000000 -0.000000
vn 0.998995 -0.044828 -0.000209
vn 0.054528 -0.082822 -0.995071
vn 0.054528 -0.082822 -0.995071
vn 0.054528 -0.082822 -0.995072
vn 0.054528 -0.082822 -0.995071
vn -0.992994 -0.044873 -0.109310
vn 0.998994 -0.044851 -0.000209
vn 0.054525 -0.082757 -0.995077
vn 0.054525 -0.082757 -0.995077
vn 0.054525 -0.082757 -0.995077
vn 0.054525 -0.082757 -0.995077
vn -0.992995 -0.044859 -0.109313
vn 0.000000 1.000000 0.000000
vn 0.000000 1.000000 0.000000
vn 0.000000 1.000000 0.000000
vn 0.000000 1.000000 0.000000
vn 0.970250 -0.233071 -0.065515
vn 0.970250 -0.233071 -0.065515
vn 0.970250 -0.233071 -0.065515
vn 0.970250 -0.233071 -0.065515
vn 0.000000 -1.000000 -0.000001
vn 0.000000 -1.000000 -0.000001
vn 0.000000 -1.000000 -0.000001
vn 0.000000 -1.000000 -0.000001
vn -0.957255 -0.233154 -0.171180
vn -0.957255 -0.233154 -0.171180
vn -0.957255 -0.233154 -0.171180
vn -0.957255 -0.233154 -0.171180
vn 0.000000 1.000000 0.000000
vn 0.000000 1.000000 0.000000
vn 0.000000 1.000000 0.000000
vn 0.000000 1.000000 0.000000
vn 0.970257 -0.233033 -0.065553
vn 0.970257 -0.233033 -0.065553
vn 0.970257 -0.233033 -0.065553
vn 0.970257 -0.233033 -0.065553
vn 0.000000 -1.000000 -0.000001
vn 0.000000 -1.000000 -0.000001
vn 0.000000 -1.000000 -0.000001
vn 0.000000 -1.000000 -0.000001
vn -0.957276 -0.233092 -0.171149
vn -0.957276 -0.233092 -0.171149
vn -0.957276 -0.233092 -0.171149
vn -0.957276 -0.233092 -0.171149
vn 0.500162 0.000000 0.865932
vn 0.866057 0.000000 0.499946
vn 0.866057 0.000000 0.499946
vn 0.500162 0.000000 0.865932
vn 1.000000 0.000000 0.000000
vn 1.000000 0.000000 0.000000
vn 0.866063 0.000000 -0.499934
vn 0.866063 0.000000 -0.499934
vn 0.500183 0.000000 -0.865920
vn 0.500183 0.000000 -0.865920
vn 0.000000 0.000000 -1.000000
vn 0.000000 0.000000 -1.000000
vn -0.500183 0.000000 -0.865920
vn -0.500183 0.000000 -0.865920
vn -0.866015 0.000000 -0.500019
vn -0.866015 0.000000 -0.500019
vn -1.000000 0.000000 0.000000
vn -1.000000 0.000000 0.000000
vn -0.866008 0.000000 0.500030
vn -0.866008 0.000000 0.500030
vn -0.500162 0.000000 0.865932
vn -0.500162 0.000000 0.865932
vn 0.000000 0.000000 1.000000
vn 0.000000 0.000000 1.000000
vn 0.999806 -0.019699 -0.000059
vn 0.999805 -0.019771 -0.000040
vn 0.999805 -0.019751 -0.000000
vn 0.999806 -0.019718 0.000000
vn 0.999805 -0.019766 0.000040
vn 0.999806 -0.019712 0.000059
vn 0.999806 -0.019723 0.000000
vn 0.999805 -0.019765 0.000039
vn 0.999805 -0.019766 -0.000039
vn 0.999803 -0.019835 -0.000000
vn 0.999805 -0.019771 0.000039
vn 0.999804 -0.019779 -0.000039
vn 0.999806 -0.019710 0.000000
vn 0.000000 -1.000000 0.000000
vn 0.000000 -1.000000 0.000000
vn 0.000000 -1.000000 0.000000
vn 0.000000 -1.000000 0.000000
vn 0.000000 -1.000000 0.000000
vn 0.000000 -1.000000 0.000000
vn 0.000000 -1.000000 0.000000
vn 0.000000 -1.000000 0.000000
vn 0.000000 -1.000000 0.000000
vn 0.000000 -1.000000 0.000000
vn 0.000000 -1.000000 0.000000
vn 0.000000 -1.000000 0.000000
vn 0.000000 -1.000000 0.000000
vn 0.000000 -1.000000 0.000000
vn 0.000000 -1.000000 0.000000
vn 0.000000 -1.000000 0.000000
vn 0.000000 -1.000000 0.000004
vn 0.000000 -1.000000 0.000004
vn 0.000000 -1.000000 0.000004
vn 0.000000 -1.000000 0.000004
vn 0.000000 -1.000000 0.000000
vn 0.000000 -1.000000 -0.000001
vn 0.000000 -1.000000 -0.000001
vn 0.000000 -1.000000 0.000000
vn 0.000000 -1.000000 -0.000002
vn 0.000000 -1.000000 -0.000002
vn 0.000000 -1.000000 0.000000
vn 0.000000 -1.000000 0.000000
vn 0.000000 -1.000000 0.000000
vn 0.000000 -1.000000 0.000000
vn 0.000000 -1.000000 0.000000
vn 0.000000 -1.000000 -0.000002
vn 0.000000 -1.000000 -0.000002
vn 0.000000 -1.000000 0.000000
vn 0.000000 -1.000000 -0.000001
vn 0.000000 -1.000000 -0.000001
vn 0.000000 -1.000000 0.000002
vn 0.000000 -1.000000 0.000002
vn 0.000000 -1.000000 0.000000
vn 0.000000 -1.000000 0.000000
vn 0.500111 0.000000 0.865961
vn 0.707765 0.000000 0.706448
vn 0.707765 0.000000 0.706448
vn 0.500111 0.000000 0.865961
vn 0.965827 0.000000 0.259189
vn 0.965827 0.000000 0.259189
vn 0.965827 0.000000 0.259189
vn 0.965827 0.000000 0.259189
vn 0.965923 0.000000 -0.258828
vn 0.965923 0.000000 -0.258828
vn 0.965923 0.000000 -0.258828
vn 0.965923 0.000000 -0.258828
vn 0.707045 0.000000 -0.707168
vn 0.707045 0.000000 -0.707168
vn 0.707045 0.000000 -0.707168
vn 0.707045 0.000000 -0.707168
vn 0.259118 0.000000 -0.965846
vn 0.259118 0.000000 -0.965846
vn 0.259118 0.000000 -0.965846
vn 0.259118 0.000000 -0.965846
vn -0.259078 0.000000 -0.965856
vn -0.259078 0.000000 -0.965856
vn -0.259078 0.000000 -0.965856
vn -0.259078 0.000000 -0.965856
vn -0.707045 0.000000 -0.707168
vn -0.707045 0.000000 -0.707168
vn -0.707045 0.000000 -0.707168
vn -0.707045 0.000000 -0.707168
vn -0.965964 0.000000 -0.258675
vn -0.965964 0.000000 -0.258675
vn -0.965964 0.000000 -0.258675
vn -0.965964 0.000000 -0.258675
vn -0.965868 0.000000 0.259035
vn -0.965868 0.000000 0.259035
vn -0.965868 0.000000 0.259035
vn -0.965868 0.000000 0.259035
vn -0.707765 0.000000 0.706448
vn -0.707765 0.000000 0.706448
vn -0.707765 0.000000 0.706448
vn -0.707765 0.000000 0.706448
vn -0.257773 0.000000 0.966206
vn -0.257773 0.000000 0.966206
vn -0.257773 0.000000 0.966206
vn -0.257773 0.000000 0.966206
vn 0.257813 0.000000 0.966195
vn 0.257813 0.000000 0.966195
vn 0.000000 1.000000 0.000000
vn 0.000000 1.000000 0.000000
vn 0.000000 1.000000 0.000000
vn 0.000000 1.000000 0.000000
vn 0.000000 1.000000 0.000002
vn 0.000000 1.000000 0.000002
vn 0.000000 1.000000 0.000002
vn 0.000000 1.000000 0.000002
vn 0.000000 1.000000 0.000000
vn 0.000000 1.000000 0.000000
vn 0.000000 1.000000 0.000000
vn 0.000000 1.000000 0.000000
vn 0.000000 1.000000 0.000005
vn 0.000000 1.000000 0.000005
vn 0.000000 1.000000 0.000005
vn 0.000000 1.000000 0.000005
vn 0.000000 1.000000 0.000000
vn 0.000000 1.000000 0.000000
vn 0.000000 1.000000 0.000000
vn 0.000000 1.000000 0.000000
vn 0.000000 1.000000 -0.000005
vn 0.000000 1.000000 -0.000002
vn 0.000000 1.000000 -0.000002
vn 0.000000 1.000000 -0.000005
vn 0.000000 1.000000 0.000000
vn 0.000000 1.000000 0.000000
vn 0.000000 1.000000 -0.000002
vn 0.000000 1.000000 -0.000002
vn 0.000000 1.000000 -0.000002
vn 0.000000 1.000000 -0.000002
vn 0.000000 1.000000 0.000005
vn 0.000000 1.000000 0.000002
vn 0.000000 1.000000 0.000002
vn 0.000000 1.000000 0.000005
vn 0.000000 1.000000 0.000002
vn 0.000000 1.000000 0.000002
vn 0.000000 1.000000 0.000005
vn 0.000000 1.000000 0.000005
vn 0.000000 1.000000 0.000000
vn 0.000000 1.000000 0.000000
vn 0.500403 0.000000 0.865793
vn 0.865961 0.000000 0.500112
vn 0.865961 0.000000 0.500112
vn 0.500403 0.000000 0.865793
vn 1.000000 0.000000 0.000000
vn 1.000000 0.000000 0.000000
vn 0.865961 0.000000 -0.500112
vn 0.865961 0.000000 -0.500112
vn 0.499806 0.000000 -0.866137
vn 0.499806 0.000000 -0.866137
vn -0.000000 0.000000 -1.000000
vn -0.000000 0.000000 -1.000000
vn -0.499759 0.000000 -0.866165
vn -0.499759 0.000000 -0.866165
vn -0.865961 0.000000 -0.500112
vn -0.865961 0.000000 -0.500112
vn -1.000000 0.000000 0.000000
vn -1.000000 0.000000 0.000000
vn -0.865961 0.000000 0.500112
vn -0.865961 0.000000 0.500112
vn -0.500355 0.000000 0.865820
vn -0.500355 0.000000 0.865820
vn -0.000000 0.000000 1.000000
vn -0.000000 0.000000 1.000000
vn 0.000000 -1.000000 0.000004
vn 0.000000 -1.000000 0.000007
vn 0.000000 -1.000000 0.000007
vn 0.000000 -1.000000 0.000004
vn 0.000000 -1.000000 -0.000004
vn 0.000000 -1.000000 -0.000004
vn 0.000000 -1.000000 -0.000004
vn 0.000000 -1.000000 -0.000004
vn 0.000000 -1.000000 0.000004
vn 0.000000 -1.000000 0.000004
vn 0.000000 -1.000000 0.000004
vn 0.000000 -1.000000 0.000004
vn 0.000000 -1.000000 -0.000004
vn 0.000000 -1.000000 -0.000004
vn 0.000000 -1.000000 -0.000004
vn 0.000000 -1.000000 -0.000004
vn 0.000000 -1.000000 0.000000
vn 0.000000 -1.000000 0.000000
vn 0.000000 -1.000000 0.000000
vn 0.000000 -1.000000 0.000000
vn 0.000000 -1.000000 0.000000
vn 0.000000 -1.000000 0.000000
vn 0.000000 -1.000000 0.000000
vn 0.000000 -1.000000 0.000000
vn 0.000000 -1.000000 0.000000
vn 0.000000 -1.000000 0.000000
vn 0.000000 -1.000000 0.000004
vn 0.000000 -1.000000 0.000004
vn 0.000000 -1.000000 0.000004
vn 0.000000 -1.000000 0.000004
vn 0.000000 -1.000000 0.000000
vn 0.000000 -1.000000 0.000002
vn 0.000000 -1.000000 0.000002
vn 0.000000 -1.000000 0.000000
vn 0.000000 -1.000000 0.000002
vn 0.000000 -1.000000 0.000002
vn 0.000000 -1.000000 0.000000
vn 0.000000 -1.000000 0.000000
vn 0.000000 -1.000000 0.000000
vn 0.000000 -1.000000 0.000000
vn 0.500058 0.000000 0.865992
vn 0.707418 0.000000 0.706796
vn 0.707418 0.000000 0.706796
vn 0.500058 0.000000 0.865992
vn 0.965859 0.000000 0.259070
vn 0.965859 0.000000 0.259070
vn 0.965859 0.000000 0.259070
vn 0.965859 0.000000 0.259070
vn 0.965859 0.000000 -0.259070
vn 0.965859 0.000000 -0.259070
vn 0.965859 0.000000 -0.259070
vn 0.965859 0.000000 -0.259070
vn 0.706648 0.000000 -0.707565
vn 0.706648 0.000000 -0.707565
vn 0.706648 0.000000 -0.707565
vn 0.706648 0.000000 -0.707565
vn 0.259958 0.000000 -0.965620
vn 0.259958 0.000000 -0.965620
vn 0.259958 0.000000 -0.965620
vn 0.259958 0.000000 -0.965620
vn -0.260036 0.000000 -0.965599
vn -0.260036 0.000000 -0.965599
vn -0.260036 0.000000 -0.965599
vn -0.260036 0.000000 -0.965599
vn -0.706493 0.000000 -0.707720
vn -0.706493 0.000000 -0.707720
vn -0.706493 0.000000 -0.707720
vn -0.706493 0.000000 -0.707720
vn -0.965898 0.000000 -0.258925
vn -0.965898 0.000000 -0.258925
vn -0.965898 0.000000 -0.258925
vn -0.965898 0.000000 -0.258925
vn -0.965898 0.000000 0.258924
vn -0.965898 0.000000 0.258924
vn -0.965898 0.000000 0.258924
vn -0.965898 0.000000 0.258924
vn -0.707262 0.000000 0.706951
vn -0.707262 0.000000 0.706951
vn -0.707262 0.000000 0.706951
vn -0.707262 0.000000 0.706951
vn -0.258599 0.000000 0.965985
vn -0.258599 0.000000 0.965985
vn -0.258599 0.000000 0.965985
vn -0.258599 0.000000 0.965985
vn 0.258521 0.000000 0.966006
vn 0.258521 0.000000 0.966006
vn 0.000000 1.000000 -0.000001
vn 0.000000 1.000000 -0.000002
vn 0.000000 1.000000 -0.000002
vn 0.000000 1.000000 -0.000001
vn 0.000000 1.000000 0.000000
vn 0.000000 1.000000 0.000000
vn 0.000000 1.000000 0.000000
vn 0.000000 1.000000 0.000000
vn 0.000000 1.000000 0.000000
vn 0.000000 1.000000 0.000000
vn 0.000000 1.000000 0.000000
vn 0.000000 1.000000 0.000000
vn 0.000000 1.000000 0.000000
vn 0.000000 1.000000 0.000000
vn 0.000000 1.000000 0.000000
vn 0.000000 1.000000 0.000000
vn 0.000000 1.000000 -0.000002
vn 0.000000 1.000000 -0.000002
vn 0.000000 1.000000 -0.000002
vn 0.000000 1.000000 -0.000002
vn 0.000000 1.000000 0.000000
vn 0.000000 1.000000 0.000002
vn 0.000000 1.000000 0.000002
vn 0.000000 1.000000 0.000000
vn 0.000000 1.000000 0.000004
vn 0.000000 1.000000 0.000004
vn 0.000000 1.000000 0.000000
vn 0.000000 1.000000 0.000000
vn 0.000000 1.000000 0.000000
vn 0.000000 1.000000 0.000000
vn 0.000000 1.000000 0.000004
vn 0.000000 1.000000 0.000000
vn 0.000000 1.000000 -0.000000
vn 0.000000 1.000000 0.000004
vn 0.000000 1.000000 -0.000002
vn 0.000000 1.000000 -0.000002
vn 0.000000 1.000000 0.000000
vn 0.000000 1.000000 0.000000
vn 0.000000 1.000000 0.000000
vn 0.000000 1.000000 0.000000
vn 0.499685 0.000000 0.866207
vn 0.866119 0.000000 0.499838
vn 0.866119 0.000000 0.499838
vn 0.499685 0.000000 0.866207
vn 1.000000 0.000000 0.000000
vn 1.000000 0.000000 0.000000
vn 0.865848 0.000000 -0.500307
vn 0.865848 0.000000 -0.500307
vn 0.500403 0.000000 -0.865793
vn 0.500403 0.000000 -0.865793
vn 0.000000 0.000000 -1.000000
vn 0.000000 0.000000 -1.000000
vn -0.500450 0.000000 -0.865765
vn -0.500450 0.000000 -0.865765
vn -0.865848 0.000000 -0.500307
vn -0.865848 0.000000 -0.500307
vn -1.000000 0.000000 0.000000
vn -1.000000 0.000000 0.000000
vn -0.866119 0.000000 0.499838
vn -0.866119 0.000000 0.499838
vn -0.499733 0.000000 0.866180
vn -0.499733 0.000000 0.866180
vn 0.000000 0.000000 1.000000
vn 0.000000 0.000000 1.000000
vn 0.000000 -1.000000 -0.000001
vn 0.000000 -1.000000 -0.000002
vn 0.000000 -1.000000 -0.000002
vn 0.000000 -1.000000 -0.000001
vn 0.000000 -1.000000 0.000000
vn 0.000000 -1.000000 0.000000
vn 0.000000 -1.000000 0.000000
vn 0.000000 -1.000000 0.000000
vn 0.000000 -1.000000 0.000004
vn 0.000000 -1.000000 0.000004
vn 0.000000 -1.000000 0.000004
vn 0.000000 -1.000000 0.000004
vn 0.000000 -1.000000 0.000000
vn 0.000000 -1.000000 0.000000
vn 0.000000 -1.000000 0.000000
vn 0.000000 -1.000000 0.000000
vn 0.000000 -1.000000 -0.000002
vn 0.000000 -1.000000 -0.000002
vn 0.000000 -1.000000 -0.000002
vn 0.000000 -1.000000 -0.000002
vn 0.000000 -1.000000 0.000000
vn 0.000000 -1.000000 0.000000
vn 0.000000 -1.000000 0.000000
vn 0.000000 -1.000000 0.000000
vn 0.000000 -1.000000 0.000000
vn 0.000000 -1.000000 0.000000
vn 0.000000 -1.000000 0.000000
vn 0.000000 -1.000000 0.000000
vn 0.000000 -1.000000 0.000004
vn 0.000000 -1.000000 0.000004
vn 0.000000 -1.000000 0.000004
vn 0.000000 -1.000000 0.000004
vn 0.000000 -1.000000 0.000000
vn 0.000000 -1.000000 0.000000
vn 0.000000 -1.000000 0.000000
vn 0.000000 -1.000000 0.000000
vn 0.000000 -1.000000 -0.000004
vn 0.000000 -1.000000 -0.000004
vn 0.000000 -1.000000 -0.000004
vn 0.000000 -1.000000 -0.000004
vn 0.000000 -1.000000 0.000000
vn 0.000000 -1.000000 0.000000
vn 0.000000 -1.000000 0.000000
vn 0.000000 -1.000000 0.000000
vn 0.000000 -1.000000 0.000000
vn 0.000000 -1.000000 0.000000
vn 0.499800 0.000000 0.866141
vn 0.706656 0.000000 0.707557
vn 0.706656 0.000000 0.707557
vn 0.499800 0.000000 0.866141
vn 0.966030 0.000000 0.258430
vn 0.966030 0.000000 0.258430
vn 0.966030 0.000000 0.258430
vn 0.966030 0.000000 0.258430
vn 0.965927 0.000000 -0.258816
vn 0.965927 0.000000 -0.258816
vn 0.965927 0.000000 -0.258816
vn 0.965927 0.000000 -0.258816
vn 0.706667 0.000000 -0.707546
vn 0.706667 0.000000 -0.707546
vn 0.706667 0.000000 -0.707546
vn 0.706667 0.000000 -0.707546
vn 0.259118 0.000000 -0.965846
vn 0.259118 0.000000 -0.965846
vn 0.259118 0.000000 -0.965846
vn 0.259118 0.000000 -0.965846
vn -0.259039 0.000000 -0.965867
vn -0.259039 0.000000 -0.965867
vn -0.259039 0.000000 -0.965867
vn -0.259039 0.000000 -0.965867
vn -0.706901 0.000000 -0.707313
vn -0.706901 0.000000 -0.707313
vn -0.706901 0.000000 -0.707313
vn -0.706901 0.000000 -0.707313
vn -0.965848 0.000000 -0.259109
vn -0.965848 0.000000 -0.259109
vn -0.965848 0.000000 -0.259109
vn -0.965848 0.000000 -0.259109
vn -0.965952 0.000000 0.258722
vn -0.965952 0.000000 0.258722
vn -0.965952 0.000000 0.258722
vn -0.965952 0.000000 0.258722
vn -0.706890 0.000000 0.707323
vn -0.706890 0.000000 0.707323
vn -0.706890 0.000000 0.707323
vn -0.706890 0.000000 0.707323
vn -0.259004 0.000000 0.965876
vn -0.259004 0.000000 0.965876
vn -0.259004 0.000000 0.965876
vn -0.259004 0.000000 0.965876
vn 0.259082 0.000000 0.965855
vn 0.259082 0.000000 0.965855
vn 0.000000 1.000000 0.000003
vn 0.000000 1.000000 0.000006
vn 0.000000 1.000000 0.000006
vn 0.000000 1.000000 0.000003
vn 0.000000 1.000000 0.000000
vn 0.000000 1.000000 0.000000
vn 0.000000 1.000000 0.000000
vn 0.000000 1.000000 0.000000
vn 0.000000 1.000000 0.000000
vn 0.000000 1.000000 0.000000
vn 0.000000 1.000000 0.000000
vn 0.000000 1.000000 0.000000
vn 0.000000 1.000000 -0.000008
vn 0.000000 1.000000 -0.000008
vn 0.000000 1.000000 -0.000008
vn 0.000000 1.000000 -0.000008
vn 0.000000 1.000000 -0.000002
vn 0.000000 1.000000 -0.000002
vn 0.000000 1.000000 -0.000002
vn 0.000000 1.000000 -0.000002
vn 0.000000 1.000000 0.000000
vn 0.000000 1.000000 0.000000
vn 0.000000 1.000000 0.000000
vn 0.000000 1.000000 0.000000
vn 0.000000 1.000000 0.000000
vn 0.000000 1.000000 0.000000
vn 0.000000 1.000000 0.000000
vn 0.000000 1.000000 0.000000
vn 0.000000 1.000000 0.000000
vn 0.000000 1.000000 0.000000
vn 0.000000 1.000000 0.000000
vn 0.000000 1.000000 0.000000
vn 0.000000 1.000000 -0.000004
vn 0.000000 1.000000 -0.000004
vn 0.000000 1.000000 -0.000004
vn 0.000000 1.000000 -0.000004
vn 0.000000 1.000000 0.000000
vn 0.000000 1.000000 0.000000
vn 0.000000 1.000000 0.000000
vn 0.000000 1.000000 0.000000
vn 0.000000 1.000000 0.000000
vn 0.000000 1.000000 0.000000
vn 0.000000 1.000000 0.000000
vn 0.000000 1.000000 0.000000
vn 0.000000 1.000000 0.000000
vn 0.000000 1.000000 0.000000
vn 0.499976 0.000000 0.866039
vn 0.866323 0.000000 0.499484
vn 0.866323 0.000000 0.499484
vn 0.499976 0.000000 0.866039
vn 1.000000 0.000000 0.000000
vn 1.000000 0.000000 0.000000
vn 0.865865 0.000000 -0.500278
vn 0.865865 0.000000 -0.500278
vn 0.500557 0.000000 -0.865703
vn 0.500557 0.000000 -0.865703
vn 0.000000 0.000000 -1.000000
vn 0.000000 0.000000 -1.000000
vn -0.500511 0.000000 -0.865730
vn -0.500511 0.000000 -0.865730
vn -0.865772 0.000000 -0.500439
vn -0.865772 0.000000 -0.500439
vn -1.000000 0.000000 0.000000
vn -1.000000 0.000000 0.000000
vn -0.866230 0.000000 0.499645
vn -0.866230 0.000000 0.499645
vn -0.499929 0.000000 0.866066
vn -0.499929 0.000000 0.866066
vn 0.000000 0.000000 1.000000
vn 0.000000 0.000000 1.000000
vn 0.000000 -1.000000 0.000001
vn 0.000000 -1.000000 0.000002
vn 0.000000 -1.000000 0.000002
vn 0.000000 -1.000000 0.000001
vn 0.000000 -1.000000 0.000000
vn 0.000000 -1.000000 0.000000
vn 0.000000 -1.000000 0.000000
vn 0.000000 -1.000000 0.000000
vn 0.000000 -1.000000 0.000000
vn 0.000000 -1.000000 0.000000
vn 0.000000 -1.000000 0.000000
vn 0.000000 -1.000000 0.000000
vn 0.000000 -1.000000 0.000000
vn 0.000000 -1.000000 0.000000
vn 0.000000 -1.000000 0.000000
vn 0.000000 -1.000000 0.000000
vn 0.000000 -1.000000 0.000002
vn 0.000000 -1.000000 0.000002
vn 0.000000 -1.000000 0.000002
vn 0.000000 -1.000000 0.000002
vn 0.000000 -1.000000 0.000000
vn 0.000000 -1.000000 0.000000
vn 0.000000 -1.000000 0.000000
vn 0.000000 -1.000000 0.000000
vn 0.000000 -1.000000 -0.000002
vn 0.000000 -1.000000 -0.000002
vn 0.000000 -1.000000 -0.000002
vn 0.000000 -1.000000 -0.000002
vn 0.000000 -1.000000 0.000000
vn 0.000000 -1.000000 0.000000
vn 0.000000 -1.000000 0.000000
vn 0.000000 -1.000000 0.000000
vn 0.000000 -1.000000 0.000000
vn 0.000000 -1.000000 0.000000
vn 0.000000 -1.000000 0.000000
vn 0.000000 -1.000000 0.000000
vn 0.000000 -1.000000 0.000000
vn 0.000000 -1.000000 0.000000
vn 0.000000 -1.000000 0.000000
vn 0.000000 -1.000000 0.000000
vn 0.000000 -1.000000 -0.000002
vn 0.000000 -1.000000 -0.000002
vn 0.000000 -1.000000 -0.000002
vn 0.000000 -1.000000 -0.000002
vn 0.000000 -1.000000 0.000000
vn 0.000000 -1.000000 0.000000
vn 0.500298 0.000000 0.865853
vn 0.707232 0.000000 0.706981
vn 0.707232 0.000000 0.706981
vn 0.500298 0.000000 0.865853
vn 0.965940 0.000000 0.258766
vn 0.965940 0.000000 0.258766
vn 0.965940 0.000000 0.258766
vn 0.965940 0.000000 0.258766
vn 0.965853 0.000000 -0.259090
vn 0.965853 0.000000 -0.259090
vn 0.965853 0.000000 -0.259090
vn 0.965853 0.000000 -0.259090
vn 0.706447 0.000000 -0.707766
vn 0.706447 0.000000 -0.707766
vn 0.706447 0.000000 -0.707766
vn 0.706447 0.000000 -0.707766
vn 0.259567 0.000000 -0.965725
vn 0.259567 0.000000 -0.965725
vn 0.259567 0.000000 -0.965725
vn 0.259567 0.000000 -0.965725
vn -0.259529 0.000000 -0.965735
vn -0.259529 0.000000 -0.965735
vn -0.259529 0.000000 -0.965735
vn -0.259529 0.000000 -0.965735
vn -0.706370 0.000000 -0.707843
vn -0.706370 0.000000 -0.707843
vn -0.706370 0.000000 -0.707843
vn -0.706370 0.000000 -0.707843
vn -0.965814 0.000000 -0.259235
vn -0.965814 0.000000 -0.259235
vn -0.965814 0.000000 -0.259235
vn -0.965814 0.000000 -0.259235
vn -0.965902 0.000000 0.258910
vn -0.965902 0.000000 0.258910
vn -0.965902 0.000000 0.258910
vn -0.965902 0.000000 0.258910
vn -0.707156 0.000000 0.707058
vn -0.707156 0.000000 0.707058
vn -0.707156 0.000000 0.707058
vn -0.707156 0.000000 0.707058
vn -0.259312 0.000000 0.965794
vn -0.259312 0.000000 0.965794
vn -0.259312 0.000000 0.965794
vn -0.259312 0.000000 0.965794
vn 0.259350 0.000000 0.965783
vn 0.259350 0.000000 0.965783
vn 0.000000 1.000000 -0.000003
vn 0.000000 1.000000 -0.000003
vn 0.000000 1.000000 -0.000003
vn 0.000000 1.000000 -0.000003
vn 0.000000 1.000000 -0.000007
vn 0.000000 1.000000 -0.000007
vn 0.000000 1.000000 -0.000007
vn 0.000000 1.000000 -0.000007
vn 0.000000 1.000000 0.000007
vn 0.000000 1.000000 0.000007
vn 0.000000 1.000000 0.000007
vn 0.000000 1.000000 0.000007
vn 0.000000 1.000000 0.000000
vn 0.000000 1.000000 0.000000
vn 0.000000 1.000000 0.000000
vn 0.000000 1.000000 0.000000
vn 0.000000 1.000000 0.000003
vn 0.000000 1.000000 0.000003
vn 0.000000 1.000000 0.000003
vn 0.000000 1.000000 0.000003
vn 0.000000 1.000000 0.000005
vn 0.000000 1.000000 0.000005
vn 0.000000 1.000000 0.000005
vn 0.000000 1.000000 0.000005
vn 0.000000 1.000000 -0.000003
vn 0.000000 1.000000 -0.000003
vn 0.000000 1.000000 -0.000003
vn 0.000000 1.000000 -0.000003
vn 0.000000 1.000000 0.000007
vn 0.000000 1.000000 0.000007
vn 0.000000 1.000000 0.000007
vn 0.000000 1.000000 0.000007
vn 0.000000 1.000000 -0.000007
vn 0.000000 1.000000 -0.000007
vn 0.000000 1.000000 -0.000007
vn 0.000000 1.000000 -0.000007
vn 0.000000 1.000000 0.000000
vn 0.000000 1.000000 0.000000
vn 0.000000 1.000000 0.000000
vn 0.000000 1.000000 0.000000
vn 0.000000 1.000000 -0.000003
vn 0.000000 1.000000 -0.000003
vn 0.000000 1.000000 -0.000003
vn 0.000000 1.000000 -0.000003
vn 0.000000 1.000000 -0.000002
vn 0.000000 1.000000 -0.000002
vn 0.500089 0.000000 0.865974
vn 0.865968 0.000000 0.500100
vn 0.862198 -0.034370 0.505404
vn 0.490516 -0.019902 0.871205
vn 1.000000 0.000000 0.000000
vn 0.999226 -0.039337 -0.000000
vn 0.865963 0.000000 -0.500108
vn 0.862196 -0.034370 -0.505408
vn 0.500175 0.000000 -0.865924
vn 0.490600 -0.019906 -0.871158
vn -0.000000 0.000000 -1.000000
vn -0.012567 0.001844 -0.999919
vn -0.500274 0.000000 -0.865867
vn -0.509258 0.025297 -0.860242
vn -0.865914 0.000000 -0.500193
vn -0.868158 0.043299 -0.494396
vn -1.000000 0.000000 0.000000
vn -0.998747 0.050037 0.000000
vn -0.865918 0.000000 0.500186
vn -0.868163 0.043300 0.494386
vn -0.500188 0.000000 0.865917
vn -0.509170 0.025293 0.860294
vn 0.000000 0.000000 1.000000
vn -0.012567 0.001844 0.999919
vn 0.784351 -0.319695 0.531591
vn 0.420153 -0.164839 0.892356
vn 0.924114 -0.382117 -0.000001
vn 0.784355 -0.319698 -0.531583
vn 0.420222 -0.164866 -0.892318
vn -0.052198 0.023413 -0.998362
vn -0.502446 0.193279 -0.842728
vn -0.821632 0.309440 -0.478714
vn -0.936543 0.350552 0.000000
vn -0.821641 0.309445 0.478696
vn -0.502359 0.193246 0.842788
vn -0.052198 0.023413 0.998362
vn 0.602159 -0.606474 0.519224
vn 0.332804 -0.322369 0.886183
vn 0.698380 -0.715727 0.000001
vn 0.602162 -0.606477 -0.519217
vn 0.332859 -0.322422 -0.886143
vn -0.038751 0.035689 -0.998611
vn -0.400743 0.362105 -0.841597
vn -0.657078 0.584376 -0.476186
vn -0.748933 0.662645 -0.000000
vn -0.657085 0.584382 0.476169
vn -0.400673 0.362042 0.841657
vn -0.038750 0.035689 0.998611
vn 0.345636 -0.772831 0.532229
vn 0.187995 -0.407523 0.893635
vn 0.403916 -0.914796 0.000000
vn 0.345638 -0.772837 -0.532219
vn 0.188025 -0.407590 -0.893598
vn -0.025310 0.056830 -0.998063
vn -0.233645 0.490091 -0.839774
vn -0.382791 0.791971 -0.475660
vn -0.436657 0.899628 0.000001
vn -0.382795 0.791980 0.475643
vn -0.233604 0.490006 0.839835
vn -0.025310 0.056829 0.998063
vn 0.016527 -0.862534 0.505729
vn 0.011143 -0.489442 0.871965
vn 0.017525 -0.999847 -0.000000
vn 0.016527 -0.862532 -0.505732
vn 0.011145 -0.489525 -0.871918
vn -0.001926 0.015621 -0.999876
vn -0.020166 0.512316 -0.858560
vn -0.036048 0.869530 -0.492563
vn -0.042297 0.999105 0.000000
vn -0.036049 0.869535 0.492554
vn -0.020163 0.512228 0.858613
vn -0.001926 0.015621 0.999876
vn -0.000125 -0.865098 0.501603
vn -0.000049 -0.497472 0.867480
vn -0.000163 -1.000000 -0.000000
vn -0.000125 -0.865095 -0.501609
vn -0.000049 -0.497557 -0.867432
vn -0.000012 0.003983 -0.999992
vn -0.000049 0.503468 -0.864014
vn -0.000123 0.867060 -0.498204
vn -0.000159 1.000000 0.000000
vn -0.000122 0.867064 0.498197
vn -0.000049 0.503382 0.864064
vn -0.000011 0.003983 0.999992
vn 0.079262 -0.037082 0.996164
vn 0.079264 -0.037085 0.996164
vn 0.079264 -0.037085 0.996164
vn 0.079262 -0.037082 0.996164
vn -0.294401 -0.955656 -0.006996
vn -0.294423 -0.955650 -0.006941
vn -0.294423 -0.955650 -0.006941
vn -0.294401 -0.955656 -0.006996
vn -0.952820 0.292737 0.080247
vn -0.952806 0.292792 0.080212
vn -0.952807 0.292783 0.080232
vn -0.952807 0.292779 0.080250
vn -0.952849 0.292643 0.080239
vn -0.952821 0.292732 0.080253
vn -0.952853 0.292629 0.080251
vn 0.294382 0.955663 0.006940
vn 0.294380 0.955663 0.006935
vn 0.294380 0.955663 0.006935
vn 0.294382 0.955662 0.006940
vn -0.952806 0.292780 0.080255
vn -0.294425 -0.955649 -0.006936
vn -0.294428 -0.955649 -0.006921
vn -0.294428 -0.955649 -0.006921
vn -0.294425 -0.955649 -0.006936
vn -0.079282 0.037053 -0.996163
vn -0.079276 0.037061 -0.996164
vn -0.079276 0.037061 -0.996164
vn -0.079282 0.037053 -0.996163
vn -0.952818 0.292722 0.080324
vn -0.952798 0.292794 0.080302
vn -0.079273 0.037064 -0.996164
vn -0.079273 0.037064 -0.996164
vn 0.294396 0.955659 0.006905
vn 0.294383 0.955662 0.006938
vn 0.294383 0.955662 0.006938
vn 0.294396 0.955659 0.006905
vn 0.952814 -0.292753 -0.080252
vn 0.952793 -0.292822 -0.080256
vn 0.952792 -0.292824 -0.080255
vn 0.952815 -0.292751 -0.080250
vn 0.952797 -0.292802 -0.080285
vn 0.952794 -0.292797 -0.080336
vn 0.952783 -0.292853 -0.080259
vn 0.952782 -0.292857 -0.080257
vn 0.079262 -0.037081 0.996164
vn 0.079262 -0.037081 0.996164
vn 0.952790 -0.292833 -0.080255
vn 0.952777 -0.292861 -0.080303
vn -0.952804 0.292810 0.080170
vn -0.952862 0.292567 0.080371
vn 0.952803 -0.292812 -0.080173
vn 0.952818 -0.292769 -0.080148
vn 0.079278 -0.037076 0.996163
vn 0.079279 -0.037086 0.996162
vn 0.079279 -0.037086 0.996162
vn 0.079278 -0.037076 0.996163
vn -0.294395 -0.955659 -0.006905
vn -0.294386 -0.955661 -0.006936
vn -0.294386 -0.955661 -0.006936
vn -0.294395 -0.955659 -0.006905
vn -0.952804 0.292787 0.080256
vn -0.952791 0.292803 0.080346
vn -0.952780 0.292835 0.080360
vn -0.952812 0.292759 0.080256
vn -0.952784 0.292849 0.080257
vn -0.952804 0.292786 0.080261
vn -0.952782 0.292855 0.080259
vn 0.294407 0.955655 0.006937
vn 0.294420 0.955651 0.006905
vn 0.294420 0.955651 0.006905
vn 0.294407 0.955655 0.006937
vn 0.079278 -0.037071 0.996163
vn 0.079278 -0.037071 0.996163
vn -0.952813 0.292754 0.080261
vn -0.294384 -0.955662 -0.006941
vn -0.294362 -0.955668 -0.006980
vn -0.294362 -0.955669 -0.006980
vn -0.294384 -0.955662 -0.006941
vn -0.079289 0.037047 -0.996163
vn -0.079281 0.037069 -0.996163
vn -0.079281 0.037070 -0.996163
vn -0.079289 0.037047 -0.996163
vn -0.952794 0.292773 0.080421
vn -0.952800 0.292745 0.080450
vn 0.294372 0.955666 0.006935
vn 0.294404 0.955656 0.006938
vn 0.294404 0.955656 0.006938
vn 0.294372 0.955666 0.006935
vn 0.952794 -0.292821 -0.080247
vn 0.952813 -0.292757 -0.080250
vn 0.952813 -0.292758 -0.080250
vn 0.952792 -0.292826 -0.080250
vn 0.952814 -0.292742 -0.080291
vn 0.952800 -0.292788 -0.080295
vn 0.952822 -0.292728 -0.080251
vn -0.079277 0.037080 -0.996163
vn -0.079277 0.037080 -0.996163
vn 0.952823 -0.292727 -0.080249
vn 0.952811 -0.292752 -0.080292
vn 0.952809 -0.292765 -0.080276
vn -0.952815 0.292733 0.080316
vn -0.952781 0.292832 0.080359
vn 0.952846 -0.292642 -0.080284
vn 0.952817 -0.292723 -0.080329
vn 0.079280 -0.037065 0.996163
vn 0.079284 -0.037052 0.996163
vn 0.079284 -0.037052 0.996163
vn 0.079280 -0.037066 0.996163
vn -0.294374 -0.955665 -0.006935
vn -0.294372 -0.955666 -0.006939
vn -0.294372 -0.955666 -0.006939
vn -0.294374 -0.955665 -0.006935
vn -0.952780 0.292866 0.080252
vn -0.952789 0.292829 0.080274
vn -0.952774 0.292883 0.080254
vn -0.952781 0.292861 0.080250
vn -0.952776 0.292878 0.080256
vn -0.952780 0.292864 0.080259
vn -0.952772 0.292890 0.080251
vn 0.294419 0.955651 0.006937
vn 0.294414 0.955653 0.006966
vn 0.294414 0.955653 0.006966
vn 0.294419 0.955651 0.006937
vn -0.952783 0.292853 0.080262
vn -0.294372 -0.955666 -0.006939
vn -0.294382 -0.955663 -0.006935
vn -0.294382 -0.955663 -0.006935
vn -0.294372 -0.955666 -0.006939
vn -0.079281 0.037078 -0.996163
vn -0.079275 0.037074 -0.996163
vn -0.079275 0.037074 -0.996163
vn -0.079281 0.037078 -0.996163
vn -0.952787 0.292805 0.080384
vn -0.952798 0.292752 0.080451
vn -0.079272 0.037072 -0.996164
vn -0.079272 0.037072 -0.996163
vn 0.294373 0.955665 0.006935
vn 0.294417 0.955652 0.006935
vn 0.294417 0.955652 0.006935
vn 0.294373 0.955665 0.006935
vn 0.952832 -0.292694 -0.080261
vn 0.952814 -0.292753 -0.080254
vn 0.952816 -0.292749 -0.080250
vn 0.952835 -0.292685 -0.080251
vn 0.952794 -0.292819 -0.080251
vn 0.952793 -0.292839 -0.080188
vn 0.952806 -0.292780 -0.080250
vn 0.952807 -0.292778 -0.080249
vn 0.079278 -0.037071 0.996163
vn 0.079278 -0.037071 0.996163
vn 0.952820 -0.292752 -0.080188
vn 0.952804 -0.292809 -0.080175
vn -0.952822 0.292710 0.080318
vn -0.952765 0.292917 0.080240
vn 0.952796 -0.292774 -0.080391
vn 0.952857 -0.292625 -0.080217
vn -0.079301 0.037082 -0.996161
vn -0.079298 0.037109 -0.996160
vn -0.079282 0.037113 -0.996161
vn -0.079290 0.037078 -0.996162
vn -0.952795 0.292812 0.080269
vn -0.952806 0.292778 0.080267
vn -0.952806 0.292778 0.080268
vn -0.952795 0.292820 0.080232
vn -0.294397 -0.955658 -0.006939
vn -0.294394 -0.955659 -0.006944
vn -0.294391 -0.955660 -0.006943
vn -0.294389 -0.955661 -0.006937
vn -0.079290 0.037078 -0.996162
vn -0.079301 0.037081 -0.996161
vn -0.952806 0.292777 0.080269
vn -0.952806 0.292777 0.080267
vn 0.079295 -0.037075 0.996162
vn 0.079298 -0.037081 0.996161
vn 0.079300 -0.037081 0.996161
vn 0.079291 -0.037078 0.996162
vn -0.294382 -0.955663 -0.006919
vn -0.294405 -0.955656 -0.006927
vn -0.952806 0.292777 0.080263
vn -0.952806 0.292778 0.080261
vn 0.079300 -0.037082 0.996161
vn 0.079298 -0.037081 0.996161
vn -0.079295 0.037048 -0.996163
vn -0.079307 0.037052 -0.996161
vn 0.294401 0.955657 0.006923
vn 0.294382 0.955663 0.006927
vn 0.294379 0.955664 0.006940
vn 0.294409 0.955654 0.006935
vn -0.952800 0.292795 0.080269
vn -0.952798 0.292792 0.080309
vn 0.294388 0.955661 0.006890
vn 0.294377 0.955664 0.006891
vn 0.079284 -0.037116 0.996161
vn 0.079282 -0.037114 0.996161
vn -0.079322 0.037089 -0.996159
vn -0.079323 0.037089 -0.996159
vn 0.952805 -0.292779 -0.080266
vn 0.952805 -0.292780 -0.080266
vn 0.952803 -0.292778 -0.080293
vn 0.952803 -0.292777 -0.080294
vn 0.952814 -0.292758 -0.080238
vn 0.952807 -0.292782 -0.080230
vn 0.294343 0.955675 0.006936
vn 0.294319 0.955682 0.006952
vn 0.952798 -0.292774 -0.080371
vn 0.952798 -0.292774 -0.080373
vn 0.079295 -0.037080 0.996161
vn 0.079295 -0.037080 0.996161
vn -0.294372 -0.955666 -0.006932
vn -0.294384 -0.955662 -0.006942
vn 0.952832 -0.292674 -0.080326
vn 0.952838 -0.292672 -0.080270
vn -0.952794 0.292786 0.080376
vn -0.952807 0.292803 0.080157
vn -0.079272 0.037039 -0.996165
vn 0.079288 -0.037120 0.996160
vn 0.952834 -0.292688 -0.080259
vn 0.294411 0.955654 0.006890
vn -0.079329 0.037102 -0.996158
vn 0.079304 -0.037070 0.996161
vn -0.294337 -0.955677 -0.006905
vn 0.952817 -0.292681 -0.080484
vn 0.079281 -0.037072 0.996163
vn 0.079284 -0.037070 0.996163
vn 0.079285 -0.037070 0.996163
vn 0.079281 -0.037072 0.996163
vn -0.294401 -0.955657 -0.006966
vn -0.294390 -0.955660 -0.006938
vn -0.294390 -0.955660 -0.006938
vn -0.294401 -0.955657 -0.006966
vn -0.952806 0.292782 0.080251
vn -0.952817 0.292764 0.080178
vn -0.952799 0.292829 0.080153
vn -0.952794 0.292822 0.080250
vn -0.952833 0.292693 0.080253
vn -0.952805 0.292782 0.080254
vn -0.952827 0.292712 0.080255
vn 0.294391 0.955660 0.006938
vn 0.294382 0.955662 0.006965
vn 0.294382 0.955662 0.006965
vn 0.294391 0.955660 0.006939
vn -0.952795 0.292815 0.080253
vn -0.294388 -0.955661 -0.006937
vn -0.294368 -0.955667 -0.006935
vn -0.294368 -0.955667 -0.006935
vn -0.294388 -0.955661 -0.006937
vn -0.079275 0.037055 -0.996164
vn -0.079275 0.037064 -0.996164
vn -0.079275 0.037064 -0.996164
vn -0.079275 0.037055 -0.996164
vn -0.952804 0.292796 0.080219
vn -0.952826 0.292730 0.080197
vn -0.079275 0.037068 -0.996163
vn -0.079275 0.037068 -0.996163
vn 0.294381 0.955663 0.006935
vn 0.294391 0.955660 0.006937
vn 0.294391 0.955660 0.006937
vn 0.294381 0.955663 0.006935
vn 0.952846 -0.292651 -0.080249
vn 0.952809 -0.292771 -0.080251
vn 0.952808 -0.292772 -0.080254
vn 0.952845 -0.292653 -0.080251
vn 0.952826 -0.292761 -0.080088
vn 0.952812 -0.292800 -0.080108
vn 0.952792 -0.292825 -0.080252
vn 0.952792 -0.292827 -0.080255
vn 0.079280 -0.037073 0.996163
vn 0.079280 -0.037073 0.996163
vn 0.952815 -0.292785 -0.080135
vn 0.952801 -0.292820 -0.080160
vn -0.952856 0.292622 0.080231
vn -0.952756 0.292939 0.080266
vn 0.952856 -0.292673 -0.080045
vn 0.952844 -0.292705 -0.080079
vn 0.079280 -0.037066 0.996163
vn 0.079298 -0.037040 0.996163
vn 0.079298 -0.037040 0.996163
vn 0.079280 -0.037066 0.996163
vn -0.294399 -0.955657 -0.006966
vn -0.294380 -0.955663 -0.006940
vn -0.294380 -0.955663 -0.006940
vn -0.294399 -0.955657 -0.006966
vn -0.952803 0.292789 0.080251
vn -0.952826 0.292768 0.080060
vn -0.952823 0.292786 0.080034
vn -0.952809 0.292771 0.080250
vn -0.952791 0.292830 0.080254
vn -0.952803 0.292790 0.080252
vn -0.952792 0.292828 0.080249
vn 0.294391 0.955660 0.006937
vn 0.294387 0.955661 0.006935
vn 0.294387 0.955661 0.006935
vn 0.294390 0.955660 0.006937
vn -0.952809 0.292772 0.080253
vn -0.294380 -0.955663 -0.006942
vn -0.294403 -0.955656 -0.006996
vn -0.294403 -0.955656 -0.006996
vn -0.294380 -0.955663 -0.006942
vn -0.079283 0.037054 -0.996163
vn -0.079276 0.037068 -0.996163
vn -0.079276 0.037068 -0.996163
vn -0.079283 0.037054 -0.996163
vn -0.952827 0.292764 0.080068
vn -0.952816 0.292794 0.080082
vn -0.079273 0.037074 -0.996163
vn -0.079273 0.037074 -0.996163
vn 0.294403 0.955656 0.006966
vn 0.294391 0.955660 0.006939
vn 0.294391 0.955660 0.006939
vn 0.294403 0.955656 0.006966
vn 0.952776 -0.292879 -0.080251
vn 0.952809 -0.292772 -0.080251
vn 0.952809 -0.292774 -0.080241
vn 0.952780 -0.292868 -0.080239
vn 0.952808 -0.292758 -0.080308
vn 0.952826 -0.292696 -0.080323
vn 0.952824 -0.292723 -0.080251
vn 0.952822 -0.292731 -0.080241
vn 0.079271 -0.037078 0.996163
vn 0.079271 -0.037078 0.996163
vn 0.952810 -0.292798 -0.080136
vn 0.952798 -0.292831 -0.080161
vn -0.952834 0.292728 0.080117
vn -0.952849 0.292699 0.080038
vn 0.952769 -0.292896 -0.080273
vn 0.952837 -0.292725 -0.080081
vn 0.079267 -0.037074 0.996164
vn 0.079273 -0.037068 0.996164
vn 0.079273 -0.037068 0.996163
vn 0.079267 -0.037074 0.996164
vn -0.294399 -0.955658 -0.006920
vn -0.294428 -0.955649 -0.006937
vn -0.294428 -0.955649 -0.006937
vn -0.294399 -0.955658 -0.006920
vn -0.952813 0.292758 0.080250
vn -0.952796 0.292782 0.080369
vn -0.952786 0.292803 0.080402
vn -0.952805 0.292784 0.080252
vn -0.952832 0.292698 0.080245
vn -0.952813 0.292760 0.080239
vn -0.952830 0.292703 0.080248
vn 0.294390 0.955660 0.006939
vn 0.294397 0.955658 0.006905
vn 0.294397 0.955658 0.006905
vn 0.294390 0.955660 0.006939
vn 0.079264 -0.037077 0.996164
vn 0.079264 -0.037077 0.996164
vn -0.952806 0.292786 0.080235
vn -0.294428 -0.955649 -0.006937
vn -0.294398 -0.955658 -0.006935
vn -0.294398 -0.955658 -0.006935
vn -0.294427 -0.955649 -0.006937
vn -0.079259 0.037062 -0.996165
vn -0.079270 0.037082 -0.996163
vn -0.079270 0.037082 -0.996163
vn -0.079259 0.037062 -0.996165
vn -0.952797 0.292822 0.080204
vn -0.952802 0.292825 0.080135
vn 0.294428 0.955648 0.006966
vn 0.294392 0.955660 0.006942
vn 0.294392 0.955660 0.006942
vn 0.294428 0.955648 0.006966
vn 0.952772 -0.292892 -0.080250
vn 0.952795 -0.292816 -0.080254
vn 0.952796 -0.292814 -0.080249
vn 0.952770 -0.292899 -0.080253
vn 0.952800 -0.292771 -0.080358
vn 0.952779 -0.292830 -0.080391
vn 0.952806 -0.292779 -0.080256
vn -0.079276 0.037091 -0.996162
vn -0.079276 0.037091 -0.996163
vn 0.952808 -0.292775 -0.080247
vn 0.952810 -0.292763 -0.080271
vn 0.952810 -0.292772 -0.080243
vn -0.952816 0.292736 0.080299
vn -0.952787 0.292816 0.080350
vn 0.952847 -0.292639 -0.080285
vn 0.952810 -0.292745 -0.080334
vn 0.079269 -0.037083 0.996163
vn 0.079269 -0.037081 0.996163
vn 0.079269 -0.037081 0.996163
vn 0.079269 -0.037083 0.996163
vn -0.294411 -0.955654 -0.006951
vn -0.294406 -0.955655 -0.006937
vn -0.294406 -0.955655 -0.006937
vn -0.294411 -0.955654 -0.006951
vn -0.952814 0.292756 0.080248
vn -0.952824 0.292739 0.080194
vn -0.952802 0.292810 0.080191
vn -0.952806 0.292781 0.080248
vn -0.952831 0.292702 0.080247
vn -0.952813 0.292758 0.080245
vn -0.952829 0.292707 0.080249
vn 0.294395 0.955659 0.006936
vn 0.294379 0.955663 0.006950
vn 0.294379 0.955663 0.006950
vn 0.294395 0.955659 0.006936
vn -0.952806 0.292782 0.080244
vn -0.294405 -0.955656 -0.006938
vn -0.294396 -0.955658 -0.006966
vn -0.294396 -0.955658 -0.006966
vn -0.294405 -0.955656 -0.006938
vn -0.079259 0.037090 -0.996164
vn -0.079266 0.037077 -0.996164
vn -0.079266 0.037076 -0.996164
vn -0.079259 0.037090 -0.996164
vn -0.952816 0.292775 0.080155
vn -0.952805 0.292819 0.080118
vn -0.079269 0.037071 -0.996164
vn -0.079269 0.037071 -0.996164
vn 0.294419 0.955651 0.006997
vn 0.294397 0.955658 0.006939
vn 0.294397 0.955658 0.006939
vn 0.294419 0.955651 0.006997
vn 0.952773 -0.292889 -0.080245
vn 0.952810 -0.292768 -0.080246
vn 0.952809 -0.292771 -0.080256
vn 0.952774 -0.292886 -0.080252
vn 0.952832 -0.292743 -0.080080
vn 0.952851 -0.292683 -0.080074
vn 0.952827 -0.292712 -0.080247
vn 0.952825 -0.292718 -0.080257
vn 0.079268 -0.037084 0.996163
vn 0.079268 -0.037084 0.996163
vn 0.952803 -0.292798 -0.080228
vn 0.952806 -0.292784 -0.080235
vn -0.952871 0.292584 0.080203
vn -0.952838 0.292679 0.080235
vn 0.952790 -0.292878 -0.080092
vn 0.952794 -0.292829 -0.080210
vn -0.086708 -0.866041 -0.492398
vn -0.150194 -0.499973 -0.852918
vn -0.150189 -0.500024 -0.852889
vn -0.086708 -0.866039 -0.492401
vn -0.173426 0.000000 -0.984847
vn -0.173426 0.000000 -0.984847
vn -0.150194 0.499973 -0.852918
vn -0.150189 0.500024 -0.852889
vn -0.086706 0.866047 -0.492387
vn -0.086707 0.866045 -0.492390
vn 0.000001 1.000000 0.000004
vn -0.000001 1.000000 -0.000004
vn 0.086719 0.866000 0.492467
vn 0.086720 0.865997 0.492472
vn 0.150196 0.499938 0.852938
vn 0.150191 0.499989 0.852909
vn 0.173426 -0.000000 0.984847
vn 0.173426 -0.000000 0.984847
vn 0.150197 -0.499941 0.852936
vn 0.150192 -0.499992 0.852907
vn 0.086721 -0.866000 0.492467
vn 0.086722 -0.865997 0.492473
vn 0.000001 -1.000000 -0.000003
vn -0.000001 -1.000000 -0.000011
vn -0.984853 0.000016 0.173393
vn -0.984860 0.000079 0.173351
vn -0.984849 0.000042 0.173415
vn -0.984848 0.000000 0.173419
vn -0.984845 0.000059 0.173438
vn -0.984854 0.000043 0.173383
vn -0.984850 0.000000 0.173409
vn -0.984845 0.000039 0.173439
vn -0.984852 0.000032 0.173398
vn -0.984847 0.000008 0.173426
vn -0.984844 0.000051 0.173444
vn -0.984839 0.000083 0.173471
vn -0.984850 0.000095 0.173408
vn 0.984874 0.000278 -0.173271
vn 0.984826 0.000245 -0.173547
vn 0.984848 0.000000 -0.173420
vn 0.984853 0.000000 -0.173393
vn 0.984825 -0.000261 -0.173552
vn 0.984874 -0.000294 -0.173274
vn 0.984852 0.000000 -0.173397
vn 0.984821 -0.000212 -0.173576
vn 0.984867 -0.000245 -0.173313
vn 0.984847 -0.000000 -0.173428
vn 0.984867 0.000261 -0.173311
vn 0.984820 0.000229 -0.173579
vn 0.984851 0.000000 -0.173402
vn 0.862553 -0.181988 -0.472104
vn 0.885710 -0.315267 -0.340772
vn 0.885709 -0.315267 -0.340772
vn 0.862554 -0.181993 -0.472102
vn 0.854105 -0.000005 -0.520100
vn 0.854105 -0.000005 -0.520100
vn 0.862558 0.181985 -0.472096
vn 0.862559 0.181989 -0.472094
vn 0.885709 0.315223 -0.340813
vn 0.885709 0.315222 -0.340816
vn 0.917287 0.364003 -0.161511
vn 0.917287 0.364003 -0.161511
vn 0.948854 0.315213 0.017787
vn 0.948855 0.315210 0.017792
vn 0.971942 0.181985 0.149033
vn 0.971942 0.181983 0.149034
vn 0.980399 -0.000005 0.197024
vn 0.980399 -0.000005 0.197024
vn 0.971940 -0.181993 0.149033
vn 0.971940 -0.181992 0.149033
vn 0.948839 -0.315262 0.017749
vn 0.948839 -0.315261 0.017751
vn 0.917255 -0.364089 -0.161502
vn 0.917255 -0.364089 -0.161500
vn -0.150174 -0.499976 -0.852920
vn -0.086697 -0.866038 -0.492405
vn -0.086694 -0.866046 -0.492391
vn -0.150174 -0.499970 -0.852923
vn -0.173405 -0.000001 -0.984851
vn -0.173405 -0.000001 -0.984851
vn -0.150175 0.499965 -0.852926
vn -0.150177 0.499944 -0.852938
vn -0.086695 0.866040 -0.492401
vn -0.086698 0.866031 -0.492416
vn -0.000000 1.000000 -0.000004
vn 0.000000 1.000000 -0.000003
vn 0.086700 0.866032 0.492414
vn 0.086701 0.866027 0.492423
vn 0.150174 0.499967 0.852925
vn 0.150175 0.499957 0.852930
vn 0.173403 0.000001 0.984851
vn 0.173403 0.000001 0.984851
vn 0.150177 -0.499977 0.852918
vn 0.150176 -0.499983 0.852915
vn 0.086709 -0.866026 0.492424
vn 0.086707 -0.866034 0.492410
vn 0.000005 -1.000000 0.000000
vn 0.000006 -1.000000 0.000001
s 1
g bridge
usemtl lambert10SG
f 18/1/1 23/2/2 1/3/3 27/4/4
s 2
f 19/5/5 18/1/6 27/4/7 3/6/8
s 3
f 2/7/9 1/3/10 28/8/11 4/9/12
s 2
f 19/5/5 3/6/8 5/10/13 10/11/14
s 3
f 3/6/15 2/7/9 6/12/16 5/10/17
s 4
f 24/13/18 26/14/19 4/9/20 28/8/21
s 1
f 24/13/22 28/8/23 1/3/3 23/2/2
s 3
f 2/7/9 4/9/12 8/15/24 6/12/16
s 4
f 8/15/25 4/9/20 26/14/19 17/16/26
s 2
f 11/17/27 10/11/14 5/10/13 29/18/28
s 5
f 12/19/29 11/17/30 29/18/31 7/20/32
s 3
f 7/20/33 6/12/16 8/15/24 30/21/34
s 5
f 16/22/35 12/19/29 7/20/32 30/21/36
s 4
f 8/15/25 17/16/26 16/22/37 30/21/38
s 2
f 10/11/14 9/23/39 20/24/40 19/5/5
s 6
f 9/23/41 14/25/42 21/26/43 20/24/44
f 14/25/42 13/27/45 32/28/46 15/29/47
s 5
f 13/27/48 12/19/29 16/22/35 32/28/49
s 6
f 14/25/42 15/29/47 25/30/50 21/26/43
s 4
f 15/29/51 17/16/26 26/14/19 25/30/52
s 1
f 24/13/22 23/2/2 22/31/53 34/32/54
s 6
f 22/31/55 21/26/43 25/30/50 34/32/56
s 3
f 1/3/10 2/7/9 3/6/15 27/4/57
f 5/10/17 6/12/16 7/20/33 29/18/58
s 6
f 13/27/45 14/25/42 9/23/41 31/33/59
s 2
f 9/23/39 10/11/14 11/17/27 31/33/60
s 5
f 11/17/30 12/19/29 13/27/48 31/33/61
s 4
f 16/22/37 17/16/26 15/29/51 32/28/62
s 1
f 22/31/53 23/2/2 18/1/1 33/34/63
s 2
f 18/1/6 19/5/5 20/24/40 33/34/64
s 6
f 20/24/44 21/26/43 22/31/55 33/34/65
s 4
f 25/30/52 26/14/19 24/13/18 34/32/66
s off
f 35/35/67 36/36/68 38/37/69 37/38/70
f 37/38/71 38/37/72 40/39/73 39/40/74
f 39/40/75 40/39/76 42/41/77 41/42/78
f 41/42/79 42/41/80 36/36/81 35/35/82
f 36/36/83 42/41/84 40/39/85 38/37/86
f 41/42/87 35/35/88 37/38/89 39/40/90
f 43/43/91 44/44/92 46/45/93 45/46/94
f 45/46/95 46/45/96 48/47/97 47/48/98
f 47/48/99 48/47/100 50/49/101 49/50/102
f 49/50/103 50/49/104 44/44/105 43/43/106
f 44/44/107 50/49/108 48/47/109 46/45/110
f 49/50/111 43/43/112 45/46/113 47/48/114
f 51/51/115 52/52/116 54/53/117 53/54/118
f 53/54/119 54/53/120 56/55/121 55/56/122
f 55/56/123 56/55/124 58/57/125 57/58/126
f 57/58/127 58/57/128 52/52/129 51/51/130
f 52/52/131 58/57/132 56/55/133 54/53/134
f 57/58/135 51/51/136 53/54/137 55/56/138
f 59/59/139 60/60/140 62/61/141 61/62/142
f 61/62/143 62/61/144 64/63/145 63/64/146
f 63/64/147 64/63/148 66/65/149 65/66/150
f 65/66/151 66/65/152 60/60/153 59/59/154
f 60/60/155 66/65/156 64/63/157 62/61/158
f 65/66/159 59/59/160 61/62/161 63/64/162
s 7
f 67/67/163 79/68/164 80/69/165 69/70/166
s off
f 139/71/167 140/72/168 141/73/169 142/74/170
s 8
f 71/75/171 83/76/172 84/77/173 73/78/174
s 9
f 73/78/175 84/77/176 79/68/177 67/67/178
s off
f 68/79/179 74/80/180 72/81/181 78/82/182 76/83/183 70/84/184
f 73/78/185 67/67/186 69/70/187 75/85/188 77/86/189 71/75/190
f 143/87/191 144/88/192 145/89/193 146/90/194
s 10
f 75/85/195 81/91/196 82/92/197 77/86/198
s 7
f 80/69/165 79/68/164 85/93/199 86/94/200
s 10
f 81/91/196 80/69/201 86/94/202 87/95/203
f 82/92/197 81/91/196 87/95/203 88/96/204
f 83/76/205 82/92/197 88/96/204 89/97/206
s 8
f 84/77/173 83/76/172 89/97/207 90/98/208
s 9
f 79/68/177 84/77/176 90/98/209 85/93/210
s 7
f 86/94/200 85/93/199 68/79/211 70/84/212
s off
f 148/99/213 147/100/214 149/101/215 150/102/216
s 10
f 88/96/204 87/95/203 76/83/217 78/82/218
s off
f 152/103/219 151/104/220 153/105/221 154/106/222
s 8
f 90/98/208 89/97/207 72/81/223 74/80/224
s 9
f 85/93/210 90/98/209 74/80/225 68/79/226
s off
f 77/86/227 82/92/228 92/107/229 91/108/230
f 82/92/231 83/76/232 93/109/233 92/107/234
f 83/76/235 71/75/236 94/110/237 93/109/238
f 71/75/239 77/86/240 91/108/241 94/110/242
f 69/70/243 80/69/244 96/111/245 95/112/246
f 80/69/247 81/91/248 97/113/249 96/111/250
f 81/91/251 75/85/252 98/114/253 97/113/254
f 75/85/255 69/70/256 95/112/257 98/114/258
f 87/95/259 86/94/260 99/115/261 100/116/262
f 86/94/263 70/84/264 101/117/265 99/115/266
f 70/84/267 76/83/268 102/118/269 101/117/270
f 76/83/271 87/95/272 100/116/273 102/118/274
f 89/97/275 88/96/276 103/119/277 104/120/278
f 88/96/279 78/82/280 105/121/281 103/119/282
f 78/82/283 72/81/284 106/122/285 105/121/286
f 72/81/287 89/97/288 104/120/289 106/122/290
f 91/108/291 92/107/292 108/123/293 107/124/294
f 92/107/295 93/109/296 109/125/297 108/123/298
f 93/109/299 94/110/300 110/126/301 109/125/302
f 94/110/303 91/108/304 107/124/305 110/126/306
f 95/112/307 96/111/308 112/127/309 111/128/310
f 96/111/311 97/113/312 113/129/313 112/127/314
f 97/113/315 98/114/316 114/130/317 113/129/318
f 98/114/319 95/112/320 111/128/321 114/130/322
f 100/116/323 99/115/324 115/131/325 116/132/326
f 99/115/327 101/117/328 117/133/329 115/131/330
f 101/117/331 102/118/332 118/134/333 117/133/334
f 102/118/335 100/116/336 116/132/337 118/134/338
f 104/120/339 103/119/340 119/135/341 120/136/342
f 103/119/343 105/121/344 121/137/345 119/135/346
f 105/121/347 106/122/348 122/138/349 121/137/350
f 106/122/351 104/120/352 120/136/353 122/138/354
f 107/124/355 108/123/356 124/139/357 123/140/358
f 108/123/359 109/125/360 125/141/361 124/139/362
f 109/125/363 110/126/364 126/142/365 125/141/366
f 110/126/367 107/124/368 123/140/369 126/142/370
f 111/128/371 112/127/372 128/143/373 127/144/374
f 112/127/375 113/129/376 129/145/377 128/143/378
f 113/129/379 114/130/380 130/146/381 129/145/382
f 114/130/383 111/128/384 127/144/385 130/146/386
f 116/132/387 115/131/388 131/147/389 132/148/390
f 115/131/391 117/133/392 133/149/393 131/147/394
f 117/133/395 118/134/396 134/150/397 133/149/398
f 118/134/399 116/132/400 132/148/401 134/150/402
f 120/136/403 119/135/404 135/151/405 136/152/406
f 119/135/407 121/137/408 137/153/409 135/151/410
f 121/137/411 122/138/412 138/154/413 137/153/414
f 122/138/415 120/136/416 136/152/417 138/154/418
f 125/141/419 126/142/420 142/74/421 141/73/422
f 126/142/423 123/140/424 139/71/425 142/74/426
f 127/144/427 128/143/428 144/88/429 143/87/430
f 130/146/431 127/144/432 143/87/433 146/90/434
f 131/147/435 133/149/436 149/101/437 147/100/438
f 133/149/439 134/150/440 150/102/441 149/101/442
f 137/153/443 138/154/444 154/106/445 153/105/446
f 138/154/447 136/152/448 152/103/449 154/106/450
f 124/139/451 140/72/452 145/89/453 129/145/454
f 140/72/455 139/71/456 146/90/457 145/89/458
f 139/71/459 123/140/460 130/146/461 146/90/462
f 123/140/463 124/139/464 129/145/465 130/146/466
f 134/150/467 132/148/468 135/151/469 137/153/470
f 132/148/471 148/99/472 151/104/473 135/151/474
f 148/99/475 150/102/476 153/105/477 151/104/478
f 150/102/479 134/150/480 137/153/481 153/105/482
f 125/141/483 141/73/484 152/103/485 136/152/486
f 141/73/487 140/72/488 151/104/489 152/103/490
f 140/72/491 124/139/492 135/151/493 151/104/494
f 124/139/495 125/141/496 136/152/497 135/151/498
f 129/145/499 145/89/500 148/99/501 132/148/502
f 145/89/503 144/88/504 147/100/505 148/99/506
f 144/88/507 128/143/508 131/147/509 147/100/510
f 128/143/511 129/145/512 132/148/513 131/147/514
f 309/155/515 207/156/516 306/157/517 305/158/518
f 314/159/519 156/160/520 311/161/521 310/162/522
f 319/163/523 211/164/524 316/165/525 315/166/526
f 324/167/527 155/168/528 321/169/529 320/170/530
f 319/163/531 214/171/532 326/172/533 325/173/534
s 11
f 332/174/535 224/175/536 329/176/537 328/177/538
s off
f 336/178/539 158/179/540 313/180/541 333/181/542
s 12
f 340/182/543 226/183/544 338/184/545 337/185/546
s off
f 345/186/547 164/187/548 342/188/549 341/189/550
s 13
f 349/190/551 237/191/552 347/192/553 346/193/554
s off
f 348/194/555 159/195/556 312/196/557 350/197/558
f 351/198/559 157/199/560 339/200/561 353/201/562
f 360/202/563 161/203/564 357/204/565 356/205/566
s 14
f 364/206/567 166/207/568 358/208/569 361/209/570
s off
f 368/210/571 163/211/572 342/188/573 365/212/574
f 373/213/575 249/214/576 370/215/577 369/216/578
f 377/217/579 170/218/580 344/219/581 374/220/582
s 15
f 381/221/583 171/222/584 355/223/585 378/224/586
s off
f 384/225/587 172/226/588 352/227/589 382/228/590
s 16
f 387/229/591 236/230/592 386/231/593 385/232/594
s off
f 392/233/595 215/234/596 389/235/597 388/236/598
f 397/237/599 174/238/600 394/239/601 393/240/602
f 402/241/603 219/242/604 399/243/605 398/244/606
f 407/245/607 173/246/608 404/247/609 403/248/610
f 410/249/611 221/250/612 400/251/613 408/252/614
s 17
f 415/253/615 232/254/616 412/255/617 411/256/618
s off
f 395/257/619 176/258/620 417/259/621 416/260/622
s 18
f 423/261/623 230/262/624 421/263/625 420/264/626
s off
f 427/265/627 182/266/628 425/267/629 424/268/630
s 19
f 419/269/631 235/270/632 429/271/633 428/272/634
s off
f 396/273/635 177/274/636 430/275/637 431/276/638
f 423/261/639 175/277/640 432/278/641 433/279/642
f 439/280/643 179/281/644 436/282/645 435/283/646
f 427/265/647 181/284/648 441/285/649 440/286/650
s 20
f 447/287/651 239/288/652 445/289/653 444/290/654
s off
f 451/291/655 162/292/656 357/293/657 448/294/658
s 21
f 330/295/659 225/296/660 453/297/661 452/298/662
s off
f 454/299/663 156/300/664 314/301/665 455/302/666
f 456/303/667 158/304/668 336/305/669 457/306/670
s 22
f 413/307/671 233/308/672 460/309/673 459/310/674
s off
f 461/311/675 176/312/676 394/313/677 462/314/678
f 463/315/679 174/316/680 422/317/681 464/318/682
f 469/319/683 179/320/684 439/321/685 466/322/686
s 23
f 473/323/687 289/324/688 471/325/689 470/326/690
s 14
f 473/323/691 166/207/568 364/206/567 474/327/692
s off
f 480/328/693 294/329/694 478/330/695 477/331/696
s 24
f 371/332/697 250/333/698 482/334/699 481/335/700
s off
f 488/336/701 273/337/702 486/338/703 485/339/704
f 493/340/705 266/341/706 490/342/707 489/343/708
s 25
f 497/344/709 278/345/710 495/346/711 494/347/712
s 26
f 502/348/713 275/349/714 499/350/715 498/351/716
s off
f 505/352/717 155/168/718 324/167/719 503/353/720
f 509/354/721 200/355/722 507/356/723 506/357/724
f 512/358/725 201/359/726 322/360/727 510/361/728
f 515/362/729 199/363/730 514/364/731 513/365/732
f 518/366/733 203/367/734 404/247/735 516/368/736
f 521/369/737 178/370/738 406/371/739 519/372/740
f 525/373/741 205/374/742 523/375/743 522/376/744
s 27
f 528/377/745 224/175/746 458/378/747 526/379/748
s off
f 528/377/749 192/380/750 450/381/751 529/382/752
f 449/383/753 161/384/754 532/385/755 531/386/756
s 28
f 536/387/757 259/388/758 534/389/759 533/390/760
s 29
f 540/391/761 261/392/762 538/393/763 537/394/764
s off
f 544/395/765 263/396/766 542/397/767 541/398/768
s 30
f 547/399/769 232/254/770 465/400/771 545/401/772
s off
f 468/402/773 196/403/774 549/404/775 548/405/776
f 467/406/777 180/407/778 551/408/779 550/409/780
f 554/410/781 181/284/782 426/411/783 552/412/784
s 31
f 375/413/785 169/414/786 556/415/787 555/416/788
s off
f 343/417/789 163/211/790 558/418/791 557/419/792
s 32
f 527/420/793 223/421/794 335/422/795 559/423/796
s 33
f 563/424/797 235/270/798 418/425/799 561/426/800
s 34
f 562/427/801 180/428/802 438/429/803 564/430/804
s 35
f 565/431/805 184/432/806 496/433/807 566/434/808
s 36
f 399/243/809 219/242/810 570/435/811 569/436/812
s 37
f 574/437/813 243/438/814 363/439/815 572/440/816
s off
f 579/441/817 303/442/818 576/443/819 575/444/820
s 38
f 472/445/821 290/446/822 581/447/823 580/448/824
s 39
f 308/449/825 209/450/826 585/451/827 584/452/828
s off
f 524/453/829 206/454/830 588/455/831 587/456/832
s 40
f 593/457/833 248/458/834 591/459/835 590/460/836
s off
f 596/461/837 263/396/838 544/395/839 594/462/840
f 600/463/841 227/464/842 598/465/843 597/466/844
f 603/467/845 168/468/846 366/469/847 601/470/848
f 599/471/849 245/472/850 582/473/851 604/474/852
f 610/475/853 246/476/854 607/477/855 606/478/856
s 41
f 484/479/857 293/480/858 612/481/859 611/482/860
s off
f 617/483/861 203/367/862 614/484/863 613/485/864
s 42
f 500/486/865 276/487/866 619/488/867 618/489/868
s off
f 623/490/869 186/491/870 487/492/871 621/493/872
f 625/494/873 228/495/874 354/496/875 624/497/876
f 602/498/877 164/499/878 345/500/879 626/501/880
f 629/502/881 229/503/882 379/504/883 628/505/884
f 627/506/885 170/507/886 377/508/887 630/509/888
f 633/510/889 230/511/890 434/512/891 632/513/892
f 631/514/893 188/515/894 425/516/895 634/517/896
f 635/518/897 182/519/898 443/520/899 636/521/900
f 620/522/901 248/523/902 638/524/903 637/525/904
s 43
f 642/526/905 204/527/906 405/528/907 639/529/908
s 44
f 645/530/909 267/531/910 644/532/911 643/533/912
s off
f 645/530/913 256/534/914 616/535/915 646/536/916
f 615/537/917 247/538/918 650/539/919 649/540/920
s 45
f 654/541/921 270/542/922 653/543/923 652/544/924
s off
f 654/541/925 206/545/926 523/546/927 655/547/928
s 46
f 660/548/929 272/549/930 659/550/931 658/551/932
s off
f 491/552/933 274/553/934 486/338/935 661/554/936
f 666/555/937 297/556/938 665/557/939 664/558/940
s 47
f 668/559/941 275/349/942 622/560/943 667/561/944
s 48
f 668/559/945 267/531/946 648/562/947 669/563/948
s 49
f 670/564/949 268/565/950 651/566/951 671/567/952
s 50
f 674/568/953 278/345/954 592/569/955 673/570/956
s 51
f 674/568/957 270/542/958 657/571/959 675/572/960
s 52
f 678/573/961 280/574/962 567/575/963 677/576/964
s off
f 681/577/965 297/578/966 666/579/967 679/580/968
f 685/581/969 200/582/970 514/583/971 682/584/972
f 683/585/973 199/586/974 586/587/975 686/588/976
s 53
f 691/589/977 284/590/978 690/591/979 689/592/980
s 54
f 694/593/981 285/594/982 693/595/983 692/596/984
s off
f 608/597/985 202/598/986 696/599/987 695/600/988
s 55
f 696/601/989 202/602/990 323/603/991 698/604/992
s off
f 704/605/993 295/606/994 478/330/995 701/607/996
s 56
f 685/581/997 281/608/998 706/609/999 705/610/1000
s 57
f 710/611/1001 281/608/1002 684/612/1003 708/613/1004
s 58
f 709/614/1005 282/615/1006 688/616/1007 711/617/1008
s 59
f 714/618/1009 292/619/1010 605/620/1011 713/621/1012
s 60
f 716/622/1013 293/480/1014 483/623/1015 715/624/1016
s 61
f 716/622/1017 285/594/1018 697/625/1019 717/626/1020
s off
f 721/627/1021 301/628/1022 720/629/1023 719/630/1024
f 702/631/1025 294/329/1026 718/632/1027 722/633/1028
s 62
f 710/611/1029 289/324/1030 476/634/1031 724/635/1032
s off
f 726/636/1033 265/637/1034 641/638/1035 725/639/1036
f 723/640/1037 286/641/1038 700/642/1039 727/643/1040
f 504/644/1041 202/602/1042 607/477/1043 729/645/1044
s 63
f 518/366/1045 217/646/1046 589/647/1047 730/648/1048
s off
f 520/649/1049 204/527/1050 732/650/1051 731/651/1052
s 33
f 554/410/1053 235/270/798 563/424/797 733/652/1054
s 64
f 573/653/1055 242/654/1056 560/655/1057 734/656/1058
s 65
f 512/358/1059 212/657/1060 508/658/1061 735/659/1062
s off
f 436/282/1063 179/281/1064 546/660/1065 737/661/1066
f 532/662/1067 161/203/1068 360/202/1069 738/663/1070
f 642/526/1071 265/637/1072 726/636/1073 739/664/1074
s 66
f 742/665/1075 240/666/1076 568/667/1077 741/668/1078
s 67
f 744/669/1079 244/670/1080 707/671/1081 743/672/1082
s off
f 479/673/1083 295/606/1084 704/605/1085 745/674/1086
s 37
f 475/675/1087 243/438/814 746/676/1088 747/677/1089
s 67
f 736/678/1090 244/679/1080 744/680/1079 748/681/1091
s 69
f 660/548/1092 241/682/1093 740/683/1094 749/684/1095
s 66
f 446/685/1096 240/666/1076 742/665/1075 750/686/1097
s off
f 306/157/1098 208/687/1099 307/688/1100 305/158/1101
f 307/688/1102 209/450/1103 308/449/1104 305/158/1105
f 308/449/1106 210/689/1107 309/155/1108 305/158/1109
f 311/161/1110 157/199/1111 312/196/1112 310/162/1113
f 312/196/1114 159/195/1115 313/180/1116 310/162/1117
f 313/180/1118 158/179/1119 314/159/1120 310/162/1121
f 316/165/1122 212/657/1123 317/690/1124 315/166/1125
f 317/690/1126 213/691/1127 318/692/1128 315/166/1129
f 318/692/1130 214/171/1131 319/163/1132 315/166/1133
f 321/169/1134 160/693/1135 322/360/1136 320/170/1137
s 70
f 322/360/1138 201/359/1139 323/603/1140 320/170/1141
s 55
f 323/603/991 202/602/990 324/167/1142 320/170/1143
s off
f 326/172/1144 207/156/1145 309/155/1146 325/173/1147
f 309/155/1148 210/689/1149 327/694/1150 325/173/1151
f 327/694/1152 211/164/1153 319/163/1154 325/173/1155
s 71
f 329/176/1156 225/296/1157 330/295/1158 328/177/1159
s off
f 330/295/1160 193/695/1161 331/696/1162 328/177/1163
f 331/696/1164 194/697/1165 332/174/1166 328/177/1167
f 313/180/1168 159/195/1169 334/698/1170 333/181/1171
s 72
f 334/698/1172 238/699/1173 335/422/1174 333/181/1175
s 32
f 335/422/795 223/421/794 336/178/1176 333/181/1177
s 73
f 338/184/1178 227/700/1179 339/200/1180 337/185/1181
s off
f 339/200/1182 157/199/1183 311/161/1184 337/185/1185
f 311/161/1186 156/160/1187 340/182/1188 337/185/1189
f 342/188/1190 163/211/1191 343/417/1192 341/189/1193
f 343/417/1194 169/414/1195 344/219/1196 341/189/1197
f 344/219/1198 170/218/1199 345/186/1200 341/189/1201
s 74
f 347/192/1202 238/699/1203 334/698/1204 346/193/1205
s off
f 334/698/1206 159/195/1207 348/194/1208 346/193/1209
s 75
f 348/194/1210 172/226/1211 349/190/1212 346/193/1213
s off
f 312/196/1214 157/199/1215 351/198/1216 350/197/1217
f 351/198/1218 171/222/1219 352/227/1220 350/197/1221
f 352/227/1222 172/226/1223 348/194/1224 350/197/1225
f 339/200/1226 227/700/1227 354/701/1228 353/201/1229
s 76
f 354/701/1230 228/702/1231 355/223/1232 353/201/1233
s 15
f 355/223/585 171/222/584 351/198/1234 353/201/1235
s off
f 357/204/1236 162/703/1237 358/208/1238 356/205/1239
f 358/208/1240 166/207/1241 359/704/1242 356/205/1243
f 359/704/1244 165/705/1245 360/202/1246 356/205/1247
s 77
f 358/208/1248 162/703/1249 362/706/1250 361/209/1251
s 64
f 362/706/1252 242/654/1056 363/439/1253 361/209/1254
s 37
f 363/439/815 243/438/814 364/206/1255 361/209/1256
s off
f 342/188/1257 164/187/1258 366/707/1259 365/212/1260
f 366/707/1261 168/708/1262 367/709/1263 365/212/1264
f 367/709/1265 167/710/1266 368/210/1267 365/212/1268
s 24
f 370/215/1269 250/333/698 371/332/697 369/216/1270
s 78
f 371/332/1271 251/711/1272 372/712/1273 369/216/1274
s off
f 372/712/1275 252/713/1276 373/213/1277 369/216/1278
f 344/219/1279 169/414/1280 375/413/1281 374/220/1282
f 375/413/1283 187/714/1284 376/715/1285 374/220/1286
f 376/715/1287 188/716/1288 377/217/1289 374/220/1290
s 76
f 355/223/1232 228/702/1231 379/717/1291 378/224/1292
s 79
f 379/717/1293 229/718/1294 380/719/1295 378/224/1296
s 80
f 380/719/1297 189/720/1298 381/221/1299 378/224/1300
s off
f 352/227/1301 171/222/1302 381/221/1303 382/228/1304
f 381/221/1305 189/720/1306 383/721/1307 382/228/1308
f 383/721/1309 190/722/1310 384/225/1311 382/228/1312
s 13
f 386/231/1313 237/191/552 349/190/551 385/232/1314
s 75
f 349/190/1212 172/226/1211 384/225/1315 385/232/1316
s 81
f 384/225/1317 190/722/1318 387/229/1319 385/232/1320
s off
f 389/235/1321 216/723/1322 390/724/1323 388/236/1324
f 390/724/1325 217/646/1326 391/725/1327 388/236/1328
f 391/725/1329 218/726/1330 392/233/1331 388/236/1332
f 394/239/1333 176/258/1334 395/257/1335 393/240/1336
f 395/257/1337 177/274/1338 396/273/1339 393/240/1340
f 396/273/1341 175/277/1342 397/237/1343 393/240/1344
f 399/243/1345 220/727/1346 400/251/1347 398/244/1348
f 400/251/1349 221/250/1350 401/728/1351 398/244/1352
f 401/728/1353 222/729/1354 402/241/1355 398/244/1356
s 82
f 404/247/1357 203/367/1358 405/528/1359 403/248/1360
s 43
f 405/528/907 204/527/906 406/371/1361 403/248/1362
s off
f 406/371/1363 178/370/1364 407/245/1365 403/248/1366
f 400/251/1367 220/727/1368 409/730/1369 408/252/1370
f 409/730/1371 216/723/1372 389/235/1373 408/252/1374
f 389/235/1375 215/234/1376 410/249/1377 408/252/1378
s 83
f 412/255/1379 233/308/1380 413/307/1381 411/256/1382
s off
f 413/307/1383 195/731/1384 414/732/1385 411/256/1386
f 414/732/1387 197/733/1388 415/253/1389 411/256/1390
s 84
f 417/259/1391 234/734/1392 418/425/1393 416/260/1394
s 33
f 418/425/799 235/270/798 419/269/1395 416/260/1396
s off
f 419/269/1397 177/274/1398 395/257/1399 416/260/1400
s 85
f 421/263/1401 231/735/1402 422/736/1403 420/264/1404
s off
f 422/736/1405 174/238/1406 397/237/1407 420/264/1408
f 397/237/1409 175/277/1410 423/261/1411 420/264/1412
f 425/267/1413 188/716/1414 376/715/1415 424/268/1416
f 376/715/1417 187/714/1418 426/411/1419 424/268/1420
f 426/411/1421 181/284/1422 427/265/1423 424/268/1424
s 16
f 429/271/1425 236/230/592 387/229/591 428/272/1426
s 81
f 387/229/1319 190/722/1318 430/275/1427 428/272/1428
s off
f 430/275/1429 177/274/1430 419/269/1431 428/272/1432
f 430/275/1433 190/722/1434 383/721/1435 431/276/1436
f 383/721/1437 189/720/1438 432/278/1439 431/276/1440
f 432/278/1441 175/277/1442 396/273/1443 431/276/1444
s 80
f 432/278/1445 189/720/1298 380/719/1297 433/279/1446
s 79
f 380/719/1295 229/718/1294 434/737/1447 433/279/1448
s off
f 434/737/1449 230/262/1450 423/261/1451 433/279/1452
f 436/282/1453 183/738/1454 437/739/1455 435/283/1456
f 437/739/1457 184/432/1458 438/429/1459 435/283/1460
f 438/429/1461 180/428/1462 439/280/1463 435/283/1464
f 441/285/1465 185/740/1466 442/741/1467 440/286/1468
f 442/741/1469 186/742/1470 443/743/1471 440/286/1472
f 443/743/1473 182/266/1474 427/265/1475 440/286/1476
s 66
f 445/289/1477 240/666/1076 446/685/1096 444/290/1478
s 86
f 446/685/1479 185/740/1480 441/285/1481 444/290/1482
s 87
f 441/285/1483 181/284/1484 447/287/1485 444/290/1486
s off
f 357/293/1487 161/384/1488 449/383/1489 448/294/1490
f 449/383/1491 191/744/1492 450/381/1493 448/294/1494
f 450/381/1495 192/380/1496 451/291/1497 448/294/1498
s 88
f 453/297/1499 226/745/1500 340/746/1501 452/298/1502
s off
f 340/746/1503 156/300/1504 454/299/1505 452/298/1506
f 454/299/1507 193/695/1508 330/295/1509 452/298/1510
f 314/301/1511 158/304/1512 456/303/1513 455/302/1514
f 456/303/1515 194/697/1516 331/696/1517 455/302/1518
f 331/696/1519 193/695/1520 454/299/1521 455/302/1522
s 89
f 336/305/1523 223/747/1524 458/378/1525 457/306/1526
s 27
f 458/378/747 224/175/746 332/174/1527 457/306/1528
s off
f 332/174/1529 194/697/1530 456/303/1531 457/306/1532
s 90
f 460/309/1533 234/748/1534 417/749/1535 459/310/1536
s off
f 417/749/1537 176/312/1538 461/311/1539 459/310/1540
f 461/311/1541 195/731/1542 413/307/1543 459/310/1544
f 394/313/1545 174/316/1546 463/315/1547 462/314/1548
f 463/315/1549 197/733/1550 414/732/1551 462/314/1552
f 414/732/1553 195/731/1554 461/311/1555 462/314/1556
s 91
f 422/317/1557 231/750/1558 465/400/1559 464/318/1560
s 30
f 465/400/771 232/254/770 415/253/1561 464/318/1562
s off
f 415/253/1563 197/733/1564 463/315/1565 464/318/1566
f 439/321/1567 180/407/1568 467/406/1569 466/322/1570
f 467/406/1571 196/403/1572 468/402/1573 466/322/1574
f 468/402/1575 198/751/1576 469/319/1577 466/322/1578
s 92
f 471/325/1579 290/446/1580 472/445/1581 470/326/1582
s off
f 472/445/1583 165/705/1584 359/704/1585 470/326/1586
f 359/704/1587 166/207/1588 473/323/1589 470/326/1590
s 37
f 364/206/1255 243/438/814 475/675/1087 474/327/1591
s 93
f 475/675/1592 288/752/1593 476/634/1594 474/327/1595
s 62
f 476/634/1031 289/324/1030 473/323/1596 474/327/1597
s off
f 478/330/1598 295/606/1599 479/673/1600 477/331/1601
f 479/673/1602 167/710/1603 367/709/1604 477/331/1605
f 367/709/1606 168/708/1607 480/328/1608 477/331/1609
s 94
f 482/334/1610 292/619/1611 483/623/1612 481/335/1613
s 60
f 483/623/1015 293/480/1014 484/479/1614 481/335/1615
s 78
f 484/479/1616 251/711/1272 371/332/1271 481/335/1617
s off
f 486/338/1618 274/553/1619 487/753/1620 485/339/1621
f 487/753/1622 186/742/1623 442/741/1624 485/339/1625
f 442/741/1626 185/740/1627 488/336/1628 485/339/1629
f 490/342/1630 274/553/1631 491/552/1632 489/343/1633
f 491/552/1634 299/754/1635 492/755/1636 489/343/1637
f 492/755/1638 298/756/1639 493/340/1640 489/343/1641
s 95
f 495/346/1642 279/757/1643 496/433/1644 494/347/1645
s off
f 496/433/1646 184/432/1647 437/739/1648 494/347/1649
f 437/739/1650 183/738/1651 497/344/1652 494/347/1653
s 96
f 499/350/1654 276/487/1655 500/486/1656 498/351/1657
s 97
f 500/486/1658 257/758/1659 501/759/1660 498/351/1661
s 98
f 501/759/1662 258/760/1663 502/348/1664 498/351/1665
s off
f 324/167/1666 202/602/1667 504/644/1668 503/353/1669
f 504/644/1670 209/450/1671 307/688/1672 503/353/1673
f 307/688/1674 208/687/1675 505/352/1676 503/353/1677
s 99
f 507/356/1678 244/679/1679 508/658/1680 506/357/1681
s 65
f 508/658/1061 212/657/1060 316/165/1682 506/357/1683
s off
f 316/165/1684 211/164/1685 509/354/1686 506/357/1687
f 322/360/1688 160/693/1689 511/761/1690 510/361/1691
f 511/761/1692 213/691/1693 317/690/1694 510/361/1695
f 317/690/1696 212/657/1697 512/358/1698 510/361/1699
f 514/364/1700 200/355/1701 509/354/1702 513/365/1703
f 509/354/1704 211/164/1705 327/694/1706 513/365/1707
f 327/694/1708 210/689/1709 515/362/1710 513/365/1711
f 404/247/1712 173/246/1713 517/762/1714 516/368/1715
f 517/762/1716 218/726/1717 391/725/1718 516/368/1719
f 391/725/1720 217/646/1721 518/366/1722 516/368/1723
f 406/371/1724 204/527/1725 520/649/1726 519/372/1727
f 520/649/1728 219/242/1729 402/241/1730 519/372/1731
f 402/241/1732 222/729/1733 521/369/1734 519/372/1735
f 523/375/1736 206/454/1737 524/453/1738 522/376/1739
f 524/453/1740 216/723/1741 409/730/1742 522/376/1743
f 409/730/1744 220/727/1745 525/373/1746 522/376/1747
s 89
f 458/378/1525 223/747/1524 527/763/1748 526/379/1749
s off
f 527/763/1750 162/292/1751 451/291/1752 526/379/1753
f 451/291/1754 192/380/1755 528/377/1756 526/379/1757
f 450/381/1758 191/744/1759 530/764/1760 529/382/1761
s 71
f 530/764/1762 225/296/1157 329/176/1156 529/382/1763
s 11
f 329/176/537 224/175/536 528/377/1764 529/382/1765
s 88
f 532/385/1766 226/745/1500 453/297/1499 531/386/1767
s 21
f 453/297/661 225/296/660 530/764/1768 531/386/1769
s off
f 530/764/1770 191/744/1771 449/383/1772 531/386/1773
f 534/389/1774 249/214/1775 373/213/1776 533/390/1777
f 373/213/1778 252/713/1779 535/765/1780 533/390/1781
s 100
f 535/765/1782 260/766/1783 536/387/1784 533/390/1785
s 28
f 538/393/1786 259/388/758 536/387/757 537/394/1787
s 100
f 536/387/1784 260/766/1783 539/767/1788 537/394/1789
s 101
f 539/767/1790 262/768/1791 540/391/1792 537/394/1793
s 29
f 542/397/1794 261/392/762 540/391/761 541/398/1795
s 101
f 540/391/1792 262/768/1791 543/769/1796 541/398/1797
s off
f 543/769/1798 264/770/1799 544/395/1800 541/398/1801
s 91
f 465/400/1559 231/750/1558 546/771/1802 545/401/1803
s off
f 546/771/1804 179/320/1805 469/319/1806 545/401/1807
f 469/319/1808 198/751/1809 547/399/1810 545/401/1811
s 83
f 549/404/1812 233/308/1380 412/255/1379 548/405/1813
s 17
f 412/255/617 232/254/616 547/399/1814 548/405/1815
s off
f 547/399/1816 198/751/1817 468/402/1818 548/405/1819
s 90
f 551/408/1820 234/748/1534 460/309/1533 550/409/1821
s 22
f 460/309/673 233/308/672 549/404/1822 550/409/1823
s off
f 549/404/1824 196/403/1825 467/406/1826 550/409/1827
s 102
f 426/411/1828 187/714/1829 553/772/1830 552/412/1831
s 16
f 553/772/1832 236/230/592 429/271/1425 552/412/1833
s 19
f 429/271/633 235/270/632 554/410/1834 552/412/1835
s 13
f 556/415/1836 237/191/552 386/231/1313 555/416/1837
s 16
f 386/231/593 236/230/592 553/772/1832 555/416/1838
s 102
f 553/772/1830 187/714/1829 375/413/1839 555/416/1840
s 74
f 558/418/1841 238/699/1203 347/192/1202 557/419/1842
s 13
f 347/192/553 237/191/552 556/415/1836 557/419/1843
s 31
f 556/415/787 169/414/786 343/417/1844 557/419/1845
s 72
f 335/422/1174 238/699/1173 560/655/1846 559/423/1847
s 64
f 560/655/1057 242/654/1056 362/706/1252 559/423/1848
s 77
f 362/706/1250 162/703/1249 527/420/1849 559/423/1850
s 84
f 418/425/1393 234/734/1392 551/773/1851 561/426/1852
s 34
f 551/773/1853 180/428/802 562/427/801 561/426/1854
s 20
f 562/427/1855 239/288/652 563/424/1856 561/426/1857
s 35
f 438/429/1858 184/432/806 565/431/805 564/430/1859
s 66
f 565/431/1860 240/666/1076 445/289/1477 564/430/1861
s 20
f 445/289/653 239/288/652 562/427/1855 564/430/1862
s 103
f 496/433/1863 279/757/1864 567/575/1865 566/434/1866
s 52
f 567/575/963 280/574/962 568/667/1867 566/434/1868
s 66
f 568/667/1077 240/666/1076 565/431/1860 566/434/1869
s 104
f 570/435/1870 241/774/1871 571/775/1872 569/436/1873
s off
f 571/775/1874 205/374/1875 525/373/1876 569/436/1877
f 525/373/1878 220/727/1879 399/243/1880 569/436/1881
s 64
f 363/439/1253 242/654/1056 573/653/1055 572/440/1882
s 105
f 573/653/1883 163/211/1884 368/210/1885 572/440/1886
s 106
f 368/210/1887 167/710/1888 574/437/1889 572/440/1890
s off
f 576/443/1891 302/776/1892 577/777/1893 575/444/1894
s 107
f 577/777/1895 296/778/1896 578/779/1897 575/444/1898
s 93
f 578/779/1899 288/752/1593 579/441/1900 575/444/1901
s 108
f 581/447/1902 291/780/1903 582/781/1904 580/448/1905
s 109
f 582/781/1906 245/782/1907 583/783/1908 580/448/1909
s 110
f 583/783/1910 165/705/1911 472/445/1912 580/448/1913
s 111
f 585/451/1914 246/476/1915 586/784/1916 584/452/1917
s off
f 586/784/1918 199/363/1919 515/362/1920 584/452/1921
f 515/362/1922 210/689/1923 308/449/1924 584/452/1925
s 112
f 588/455/1926 247/785/1927 589/647/1928 587/456/1929
s 63
f 589/647/1047 217/646/1046 390/724/1930 587/456/1931
s off
f 390/724/1932 216/723/1933 524/453/1934 587/456/1935
s 113
f 591/459/1936 277/786/1937 592/569/1938 590/460/1939
s 50
f 592/569/955 278/345/954 497/344/1940 590/460/1941
s 114
f 497/344/1942 183/738/1943 593/457/1944 590/460/1945
s off
f 544/395/1946 264/770/1947 595/787/1948 594/462/1949
s 98
f 595/787/1950 258/760/1663 501/759/1662 594/462/1951
s 97
f 501/759/1660 257/758/1659 596/461/1952 594/462/1953
s off
f 598/465/1954 245/472/1955 599/471/1956 597/466/1957
f 599/471/1958 250/333/1959 370/215/1960 597/466/1961
f 370/215/1962 249/214/1963 600/463/1964 597/466/1965
f 366/469/1966 164/499/1967 602/498/1968 601/470/1969
f 602/498/1970 252/713/1971 372/712/1972 601/470/1973
f 372/712/1974 251/711/1975 603/467/1976 601/470/1977
s 115
f 582/473/1978 291/788/1979 605/620/1980 604/474/1981
s 59
f 605/620/1011 292/619/1010 482/334/1982 604/474/1983
s off
f 482/334/1984 250/333/1985 599/471/1986 604/474/1987
f 607/477/1988 202/602/1989 608/789/1990 606/478/1991
f 608/789/1992 254/790/1993 609/791/1994 606/478/1995
f 609/791/1996 253/792/1997 610/475/1998 606/478/1999
s 116
f 612/481/2000 294/793/2001 480/794/2002 611/482/2003
s off
f 480/794/2004 168/468/2005 603/467/2006 611/482/2007
f 603/467/2008 251/711/2009 484/479/2010 611/482/2011
f 614/484/2012 247/785/2013 615/795/2014 613/485/2015
f 615/795/2016 255/796/2017 616/797/2018 613/485/2019
f 616/797/2020 256/798/2021 617/483/2022 613/485/2023
s 117
f 619/488/2024 277/799/2025 591/800/2026 618/489/2027
s off
f 591/800/2028 248/523/2029 620/522/2030 618/489/2031
f 620/522/2032 257/758/2033 500/486/2034 618/489/2035
s 118
f 487/492/2036 274/801/2037 622/560/2038 621/493/2039
s 47
f 622/560/943 275/349/942 502/348/2040 621/493/2041
s off
f 502/348/2042 258/760/2043 623/490/2044 621/493/2045
f 354/496/2046 227/464/2047 600/463/2048 624/497/2049
f 600/463/2050 249/214/2051 534/389/2052 624/497/2053
f 534/389/2054 259/388/2055 625/494/2056 624/497/2057
f 345/500/2058 170/507/2059 627/506/2060 626/501/2061
f 627/506/2062 260/766/2063 535/765/2064 626/501/2065
f 535/765/2066 252/713/2067 602/498/2068 626/501/2069
f 379/504/2070 228/495/2071 625/494/2072 628/505/2073
f 625/494/2074 259/388/2075 538/393/2076 628/505/2077
f 538/393/2078 261/392/2079 629/502/2080 628/505/2081
f 377/508/2082 188/515/2083 631/514/2084 630/509/2085
f 631/514/2086 262/768/2087 539/767/2088 630/509/2089
f 539/767/2090 260/766/2091 627/506/2092 630/509/2093
f 434/512/2094 229/503/2095 629/502/2096 632/513/2097
f 629/502/2098 261/392/2099 542/397/2100 632/513/2101
f 542/397/2102 263/396/2103 633/510/2104 632/513/2105
f 425/516/2106 182/519/2107 635/518/2108 634/517/2109
f 635/518/2110 264/770/2111 543/769/2112 634/517/2113
f 543/769/2114 262/768/2115 631/514/2116 634/517/2117
f 443/520/2118 186/491/2119 623/490/2120 636/521/2121
f 623/490/2122 258/760/2123 595/787/2124 636/521/2125
f 595/787/2126 264/770/2127 635/518/2128 636/521/2129
f 638/524/2130 230/511/2131 633/510/2132 637/525/2133
f 633/510/2134 263/396/2135 596/461/2136 637/525/2137
f 596/461/2138 257/758/2139 620/522/2140 637/525/2141
s 82
f 405/528/1359 203/367/1358 640/802/2142 639/529/2143
s off
f 640/802/2144 266/803/2145 641/638/2146 639/529/2147
f 641/638/2148 265/637/2149 642/526/2150 639/529/2151
s 119
f 644/532/2152 266/804/2153 640/805/2154 643/533/2155
s off
f 640/805/2156 203/806/2157 617/807/2158 643/533/2159
f 617/807/2160 256/534/2161 645/530/2162 643/533/2163
f 616/535/2164 255/808/2165 647/809/2166 646/536/2167
s 120
f 647/809/2168 268/565/2169 648/562/2170 646/536/2171
s 48
f 648/562/947 267/531/946 645/530/2172 646/536/2173
s 121
f 650/539/2174 269/810/2175 651/566/2176 649/540/2177
s 49
f 651/566/951 268/565/950 647/809/2178 649/540/2179
s off
f 647/809/2180 255/808/2181 615/537/2182 649/540/2183
s 122
f 653/543/2184 269/811/2185 650/812/2186 652/544/2187
s off
f 650/812/2188 247/813/2189 588/814/2190 652/544/2191
f 588/814/2192 206/545/2193 654/541/2194 652/544/2195
f 523/546/2196 205/815/2197 656/816/2198 655/547/2199
s 123
f 656/816/2200 271/817/2201 657/571/2202 655/547/2203
s 51
f 657/571/959 270/542/958 654/541/2204 655/547/2205
s 124
f 659/550/2206 271/817/2207 656/816/2208 658/551/2209
s off
f 656/816/2210 205/815/2211 571/818/2212 658/551/2213
s 69
f 571/818/2214 241/682/1093 660/548/1092 658/551/2215
s off
f 486/338/2216 273/337/2217 662/819/2218 661/554/2219
f 662/819/2220 300/820/2221 663/821/2222 661/554/2223
f 663/821/2224 299/754/2225 491/552/2226 661/554/2227
f 665/557/2228 298/822/2229 492/823/2230 664/558/2231
f 492/823/2232 299/824/2233 663/825/2234 664/558/2235
f 663/825/2236 300/826/2237 666/555/2238 664/558/2239
s 118
f 622/560/2038 274/801/2037 490/827/2240 667/561/2241
s 119
f 490/827/2242 266/804/2153 644/532/2152 667/561/2243
s 44
f 644/532/911 267/531/910 668/559/2244 667/561/2245
s 120
f 648/562/2170 268/565/2169 670/564/2246 669/563/2247
s 96
f 670/564/2248 276/487/1655 499/350/1654 669/563/2249
s 26
f 499/350/715 275/349/714 668/559/2250 669/563/2251
s 121
f 651/566/2176 269/810/2175 672/828/2252 671/567/2253
s 117
f 672/828/2254 277/799/2025 619/488/2024 671/567/2255
s 42
f 619/488/867 276/487/866 670/564/2256 671/567/2257
s 113
f 592/569/1938 277/786/1937 672/829/2258 673/570/2259
s 122
f 672/829/2260 269/811/2185 653/543/2184 673/570/2261
s 45
f 653/543/923 270/542/922 674/568/2262 673/570/2263
s 123
f 657/571/2202 271/817/2201 676/830/2264 675/572/2265
s 95
f 676/830/2266 279/757/1643 495/346/1642 675/572/2267
s 25
f 495/346/711 278/345/710 674/568/2268 675/572/2269
s 103
f 567/575/1865 279/757/1864 676/830/2270 677/576/2271
s 124
f 676/830/2272 271/817/2207 659/550/2206 677/576/2273
s 46
f 659/550/931 272/549/930 678/573/2274 677/576/2275
s off
f 666/579/2276 300/820/2277 680/831/2278 679/580/2279
s 52
f 680/831/2280 280/574/962 678/573/961 679/580/2281
s 46
f 678/573/2274 272/549/930 681/577/2282 679/580/2283
s off
f 514/583/2284 199/586/2285 683/585/2286 682/584/2287
s 125
f 683/585/2288 282/615/2289 684/612/2290 682/584/2291
s 57
f 684/612/1003 281/608/1002 685/581/2292 682/584/2293
s off
f 586/587/2294 246/832/2295 687/833/2296 686/588/2297
s 126
f 687/833/2298 283/834/2299 688/616/2300 686/588/2301
s 58
f 688/616/1007 282/615/1006 683/585/2302 686/588/2303
s 127
f 690/591/2304 283/835/2305 687/836/2306 689/592/2307
s off
f 687/836/2308 246/837/2309 610/838/2310 689/592/2311
f 610/838/2312 253/839/2313 691/589/2314 689/592/2315
s 128
f 693/595/2316 284/590/2317 691/589/2318 692/596/2319
s off
f 691/589/2320 253/839/2321 609/840/2322 692/596/2323
f 609/840/2324 254/841/2325 694/593/2326 692/596/2327
s 129
f 696/599/2328 286/842/2329 697/625/2330 695/600/2331
s 61
f 697/625/1019 285/594/1018 694/593/2332 695/600/2333
s off
f 694/593/2334 254/841/2335 608/597/2336 695/600/2337
s 70
f 323/603/1140 201/359/1139 699/843/2338 698/604/2339
s off
f 699/843/2340 287/844/2341 700/642/2342 698/604/2343
f 700/642/2344 286/641/2345 696/601/2346 698/604/2347
f 478/330/2348 294/329/2349 702/631/2350 701/607/2351
f 702/631/2352 304/845/2353 703/846/2354 701/607/2355
f 703/846/2356 303/442/2357 704/605/2358 701/607/2359
s 107
f 706/609/2360 296/778/1896 707/671/2361 705/610/2362
s 67
f 707/671/1081 244/670/1080 507/847/2363 705/610/2364
s off
f 507/847/2365 200/582/2366 685/581/2367 705/610/2368
s 125
f 684/612/2290 282/615/2289 709/614/2369 708/613/2370
s 92
f 709/614/2371 290/446/1580 471/325/1579 708/613/2372
s 23
f 471/325/689 289/324/688 710/611/2373 708/613/2374
s 126
f 688/616/2300 283/834/2299 712/848/2375 711/617/2376
s 108
f 712/848/2377 291/780/1903 581/447/1902 711/617/2378
s 38
f 581/447/823 290/446/822 709/614/2379 711/617/2380
s 115
f 605/620/1980 291/788/1979 712/849/2381 713/621/2382
s 127
f 712/849/2383 283/835/2305 690/591/2304 713/621/2384
s 53
f 690/591/979 284/590/978 714/618/2385 713/621/2386
s 94
f 483/623/1612 292/619/1611 714/618/2387 715/624/2388
s 128
f 714/618/2389 284/590/2317 693/595/2316 715/624/2390
s 54
f 693/595/983 285/594/982 716/622/2391 715/624/2392
s 129
f 697/625/2330 286/842/2329 718/850/2393 717/626/2394
s 116
f 718/850/2395 294/793/2001 612/481/2000 717/626/2396
s 41
f 612/481/859 293/480/858 716/622/2397 717/626/2398
s off
f 720/629/2399 302/851/2400 576/852/2401 719/630/2402
f 576/852/2403 303/853/2404 703/854/2405 719/630/2406
f 703/854/2407 304/855/2408 721/627/2409 719/630/2410
f 718/632/2411 286/856/2412 723/857/2413 722/633/2414
f 723/857/2415 301/858/2416 721/859/2417 722/633/2418
f 721/859/2419 304/845/2420 702/631/2421 722/633/2422
s 93
f 476/634/1594 288/752/1593 578/779/1899 724/635/2423
s 107
f 578/779/1897 296/778/1896 706/609/2360 724/635/2424
s 56
f 706/609/999 281/608/998 710/611/2425 724/635/2426
s off
f 641/638/2427 266/803/2428 493/860/2429 725/639/2430
f 493/860/2431 298/861/2432 665/862/2433 725/639/2434
f 665/862/2435 297/863/2436 726/636/2437 725/639/2438
f 700/642/2439 287/844/2440 728/864/2441 727/643/2442
f 728/864/2443 302/865/2444 720/866/2445 727/643/2446
f 720/866/2447 301/867/2448 723/640/2449 727/643/2450
s 111
f 607/477/2451 246/476/1915 585/451/1914 729/645/2452
s 39
f 585/451/827 209/450/826 504/644/2453 729/645/2454
s 112
f 589/647/1928 247/785/1927 614/484/2455 730/648/2456
s off
f 614/484/2457 203/367/2458 518/366/2459 730/648/2460
s 104
f 732/650/2461 241/774/1871 570/435/1870 731/651/2462
s 36
f 570/435/811 219/242/810 520/649/2463 731/651/2464
s 20
f 563/424/1856 239/288/652 447/287/651 733/652/2465
s 87
f 447/287/1485 181/284/1484 554/410/2466 733/652/2467
s 72
f 560/655/1846 238/699/1173 558/418/2468 734/656/2469
s 105
f 558/418/2470 163/211/1884 573/653/1883 734/656/2471
s 99
f 508/658/1680 244/679/1679 736/678/2472 735/659/2473
s off
f 736/678/2474 201/359/2475 512/358/2476 735/659/2477
s 85
f 546/660/2478 231/735/1402 421/263/1401 737/661/2479
s 18
f 421/263/625 230/262/624 638/868/2480 737/661/2481
s 40
f 638/868/2482 248/458/834 593/457/833 737/661/2483
s 114
f 593/457/1944 183/738/1943 436/282/2484 737/661/2485
s 110
f 360/202/2486 165/705/1911 583/783/1910 738/663/2487
s 109
f 583/783/1908 245/782/1907 598/869/2488 738/663/2489
s 73
f 598/869/2490 227/700/1179 338/184/1178 738/663/2491
s 12
f 338/184/545 226/183/544 532/662/2492 738/663/2493
s 130
f 726/636/2494 297/863/2495 740/870/2496 739/664/2497
s 69
f 740/870/1094 241/774/1093 732/650/2498 739/664/2499
s off
f 732/650/2500 204/527/2501 642/526/2502 739/664/2503
s 52
f 568/667/1867 280/574/962 680/831/2504 741/668/2505
s 131
f 680/831/2506 300/820/2507 742/665/2508 741/668/2509
s 107
f 707/671/2361 296/778/1896 577/777/2510 743/672/2511
s 132
f 577/777/2512 302/776/2513 744/669/2514 743/672/2515
s 133
f 704/605/2516 303/442/2517 746/676/2518 745/674/2519
s 37
f 746/676/1088 243/438/814 574/437/813 745/674/2520
s 106
f 574/437/1889 167/710/1888 479/673/2521 745/674/2522
s 133
f 746/676/2518 303/442/2517 579/441/2523 747/677/2524
s 93
f 579/441/2525 288/752/1593 475/675/1592 747/677/2526
s 132
f 744/680/2514 302/865/2513 728/864/2527 748/681/2528
s off
f 728/864/2529 287/844/2530 699/843/2531 748/681/2532
f 699/843/2533 201/359/2534 736/678/2535 748/681/2536
s 130
f 740/683/2496 297/578/2495 681/577/2537 749/684/2538
s 46
f 681/577/2539 272/549/930 660/548/929 749/684/2540
s 131
f 742/665/2508 300/820/2507 662/819/2541 750/686/2542
s off
f 662/819/2543 273/337/2544 488/336/2545 750/686/2546
s 86
f 488/336/2547 185/740/1480 446/685/1479 750/686/2548
s 134
f 751/871/2549 752/872/2550 927/873/2551 912/874/2552
f 752/872/2550 753/875/2553 926/876/2554 927/873/2551
f 753/875/2553 754/877/2555 925/878/2556 926/876/2554
f 754/877/2555 755/879/2557 924/880/2558 925/878/2556
f 755/879/2557 756/881/2559 923/882/2560 924/880/2558
f 756/881/2559 757/883/2561 922/884/2562 923/882/2560
f 757/883/2561 758/885/2563 921/886/2564 922/884/2562
f 758/885/2563 759/887/2565 920/888/2566 921/886/2564
f 759/887/2565 760/889/2567 919/890/2568 920/888/2566
f 760/889/2567 761/891/2569 918/892/2570 919/890/2568
f 761/891/2569 762/893/2571 917/894/2572 918/892/2570
f 762/893/2571 763/895/2573 916/896/2574 917/894/2572
f 763/895/2573 764/897/2575 915/898/2576 916/896/2574
f 764/897/2575 765/899/2577 914/900/2578 915/898/2576
f 765/899/2577 766/901/2579 913/902/2580 914/900/2578
f 766/901/2579 751/871/2549 912/874/2552 913/902/2580
s 135
f 752/872/2581 751/871/2582 783/903/2583
f 753/875/2584 752/872/2581 783/903/2583
f 754/877/2585 753/875/2584 783/903/2583
f 755/879/2586 754/877/2585 783/903/2583
f 756/881/2587 755/879/2586 783/903/2583
f 757/883/2588 756/881/2587 783/903/2583
f 758/885/2589 757/883/2588 783/903/2583
f 759/887/2590 758/885/2589 783/903/2583
f 760/889/2591 759/887/2590 783/903/2583
f 761/891/2592 760/889/2591 783/903/2583
f 762/893/2593 761/891/2592 783/903/2583
f 763/895/2594 762/893/2593 783/903/2583
f 764/897/2595 763/895/2594 783/903/2583
f 765/899/2596 764/897/2595 783/903/2583
f 766/901/2597 765/899/2596 783/903/2583
f 751/871/2582 766/901/2597 783/903/2583
s 136
f 767/904/2598 768/905/2599 785/906/2600 784/907/2601
f 768/905/2599 769/908/2602 786/909/2603 785/906/2600
f 769/908/2602 770/910/2604 787/911/2605 786/909/2603
f 770/910/2604 771/912/2606 788/913/2607 787/911/2605
f 771/912/2606 772/914/2608 789/915/2609 788/913/2607
f 772/914/2608 773/916/2610 790/917/2611 789/915/2609
f 773/916/2610 774/918/2612 791/919/2613 790/917/2611
f 774/918/2612 775/920/2614 792/921/2615 791/919/2613
f 775/920/2614 776/922/2616 793/923/2617 792/921/2615
f 776/922/2616 777/924/2618 794/925/2619 793/923/2617
f 777/924/2618 778/926/2620 795/927/2621 794/925/2619
f 778/926/2620 779/928/2622 796/929/2623 795/927/2621
f 779/928/2622 780/930/2624 797/931/2625 796/929/2623
f 780/930/2624 781/932/2626 798/933/2627 797/931/2625
f 781/932/2626 782/934/2628 799/935/2629 798/933/2627
f 782/934/2628 767/904/2598 784/907/2601 799/935/2629
f 784/907/2601 785/906/2600 801/936/2630 800/937/2631
f 785/906/2600 786/909/2603 802/938/2632 801/936/2630
f 786/909/2603 787/911/2605 803/939/2633 802/938/2632
f 787/911/2605 788/913/2607 804/940/2634 803/939/2633
f 788/913/2607 789/915/2609 805/941/2635 804/940/2634
f 789/915/2609 790/917/2611 806/942/2636 805/941/2635
f 790/917/2611 791/919/2613 807/943/2637 806/942/2636
f 791/919/2613 792/921/2615 808/944/2638 807/943/2637
f 792/921/2615 793/923/2617 809/945/2639 808/944/2638
f 793/923/2617 794/925/2619 810/946/2640 809/945/2639
f 794/925/2619 795/927/2621 811/947/2641 810/946/2640
f 795/927/2621 796/929/2623 812/948/2642 811/947/2641
f 796/929/2623 797/931/2625 813/949/2643 812/948/2642
f 797/931/2625 798/933/2627 814/950/2644 813/949/2643
f 798/933/2627 799/935/2629 815/951/2645 814/950/2644
f 799/935/2629 784/907/2601 800/937/2631 815/951/2645
f 800/937/2631 801/936/2630 817/952/2646 816/953/2647
f 801/936/2630 802/938/2632 818/954/2648 817/952/2646
f 802/938/2632 803/939/2633 819/955/2649 818/954/2648
f 803/939/2633 804/940/2634 820/956/2650 819/955/2649
f 804/940/2634 805/941/2635 821/957/2651 820/956/2650
f 805/941/2635 806/942/2636 822/958/2652 821/957/2651
f 806/942/2636 807/943/2637 823/959/2653 822/958/2652
f 807/943/2637 808/944/2638 824/960/2654 823/959/2653
f 808/944/2638 809/945/2639 825/961/2655 824/960/2654
f 809/945/2639 810/946/2640 826/962/2656 825/961/2655
f 810/946/2640 811/947/2641 827/963/2657 826/962/2656
f 811/947/2641 812/948/2642 828/964/2658 827/963/2657
f 812/948/2642 813/949/2643 829/965/2659 828/964/2658
f 813/949/2643 814/950/2644 830/966/2660 829/965/2659
f 814/950/2644 815/951/2645 831/967/2661 830/966/2660
f 815/951/2645 800/937/2631 816/953/2647 831/967/2661
f 816/953/2647 817/952/2646 833/968/2662 832/969/2663
f 817/952/2646 818/954/2648 834/970/2664 833/968/2662
f 818/954/2648 819/955/2649 835/971/2665 834/970/2664
f 819/955/2649 820/956/2650 836/972/2666 835/971/2665
f 820/956/2650 821/957/2651 837/973/2667 836/972/2666
f 821/957/2651 822/958/2652 838/974/2668 837/973/2667
f 822/958/2652 823/959/2653 839/975/2669 838/974/2668
f 823/959/2653 824/960/2654 840/976/2670 839/975/2669
f 824/960/2654 825/961/2655 841/977/2671 840/976/2670
f 825/961/2655 826/962/2656 842/978/2672 841/977/2671
f 826/962/2656 827/963/2657 843/979/2673 842/978/2672
f 827/963/2657 828/964/2658 844/980/2674 843/979/2673
f 828/964/2658 829/965/2659 845/981/2675 844/980/2674
f 829/965/2659 830/966/2660 846/982/2676 845/981/2675
f 830/966/2660 831/967/2661 847/983/2677 846/982/2676
f 831/967/2661 816/953/2647 832/969/2663 847/983/2677
f 832/969/2663 833/968/2662 849/984/2678 848/985/2679
f 833/968/2662 834/970/2664 850/986/2680 849/984/2678
f 834/970/2664 835/971/2665 851/987/2681 850/986/2680
f 835/971/2665 836/972/2666 852/988/2682 851/987/2681
f 836/972/2666 837/973/2667 853/989/2683 852/988/2682
f 837/973/2667 838/974/2668 854/990/2684 853/989/2683
f 838/974/2668 839/975/2669 855/991/2685 854/990/2684
f 839/975/2669 840/976/2670 856/992/2686 855/991/2685
f 840/976/2670 841/977/2671 857/993/2687 856/992/2686
f 841/977/2671 842/978/2672 858/994/2688 857/993/2687
f 842/978/2672 843/979/2673 859/995/2689 858/994/2688
f 843/979/2673 844/980/2674 860/996/2690 859/995/2689
f 844/980/2674 845/981/2675 861/997/2691 860/996/2690
f 845/981/2675 846/982/2676 862/998/2692 861/997/2691
f 846/982/2676 847/983/2677 863/999/2693 862/998/2692
f 847/983/2677 832/969/2663 848/985/2679 863/999/2693
f 848/985/2679 849/984/2678 865/1000/2694 864/1001/2695
f 849/984/2678 850/986/2680 866/1002/2696 865/1000/2694
f 850/986/2680 851/987/2681 867/1003/2697 866/1002/2696
f 851/987/2681 852/988/2682 868/1004/2698 867/1003/2697
f 852/988/2682 853/989/2683 869/1005/2699 868/1004/2698
f 853/989/2683 854/990/2684 870/1006/2700 869/1005/2699
f 854/990/2684 855/991/2685 871/1007/2701 870/1006/2700
f 855/991/2685 856/992/2686 872/1008/2702 871/1007/2701
f 856/992/2686 857/993/2687 873/1009/2703 872/1008/2702
f 857/993/2687 858/994/2688 874/1010/2704 873/1009/2703
f 858/994/2688 859/995/2689 875/1011/2705 874/1010/2704
f 859/995/2689 860/996/2690 876/1012/2706 875/1011/2705
f 860/996/2690 861/997/2691 877/1013/2707 876/1012/2706
f 861/997/2691 862/998/2692 878/1014/2708 877/1013/2707
f 862/998/2692 863/999/2693 879/1015/2709 878/1014/2708
f 863/999/2693 848/985/2679 864/1001/2695 879/1015/2709
s 137
f 864/1016/2710 865/1017/2711 881/1018/2712 880/1019/2713
f 865/1017/2711 866/1020/2714 882/1021/2715 881/1018/2712
f 866/1020/2714 867/1022/2716 883/1023/2717 882/1021/2715
f 867/1022/2716 868/1024/2718 884/1025/2719 883/1023/2717
f 868/1024/2718 869/1026/2720 885/1027/2721 884/1025/2719
f 869/1026/2720 870/1028/2722 886/1029/2723 885/1027/2721
f 870/1028/2722 871/1030/2724 887/1031/2725 886/1029/2723
f 871/1030/2724 872/1032/2726 888/1033/2727 887/1031/2725
f 872/1032/2726 873/1034/2728 889/1035/2729 888/1033/2727
f 873/1034/2728 874/1036/2730 890/1037/2731 889/1035/2729
f 874/1036/2730 875/1038/2732 891/1039/2733 890/1037/2731
f 875/1038/2732 876/1040/2734 892/1041/2735 891/1039/2733
f 876/1040/2734 877/1042/2736 893/1043/2737 892/1041/2735
f 877/1042/2736 878/1044/2738 894/1045/2739 893/1043/2737
f 878/1044/2738 879/1046/2740 895/1047/2741 894/1045/2739
f 879/1046/2740 864/1016/2710 880/1019/2713 895/1047/2741
s off
f 880/1019/2742 881/1018/2743 897/1048/2744 896/1049/2745
f 881/1018/2746 882/1021/2747 898/1050/2748 897/1048/2749
f 882/1021/2750 883/1023/2751 899/1051/2752 898/1050/2753
f 883/1023/2754 884/1025/2755 900/1052/2756 899/1051/2757
f 884/1025/2758 885/1027/2759 901/1053/2760 900/1052/2761
f 885/1027/2762 886/1029/2763 902/1054/2764 901/1053/2765
f 886/1029/2766 887/1031/2767 903/1055/2768 902/1054/2769
f 887/1031/2770 888/1033/2771 904/1056/2772 903/1055/2773
f 888/1033/2774 889/1035/2775 905/1057/2776 904/1056/2777
f 889/1035/2778 890/1037/2779 906/1058/2780 905/1057/2781
f 890/1037/2782 891/1039/2783 907/1059/2784 906/1058/2785
f 891/1039/2786 892/1041/2787 908/1060/2788 907/1059/2789
f 892/1041/2790 893/1043/2791 909/1061/2792 908/1060/2793
f 893/1043/2794 894/1045/2795 910/1062/2796 909/1061/2797
f 894/1045/2798 895/1047/2799 911/1063/2800 910/1062/2801
f 895/1047/2802 880/1019/2803 896/1049/2804 911/1063/2805
s 138
f 929/1064/2806 928/1065/2807 930/1066/2808 931/1067/2809
f 932/1068/2810 929/1064/2806 931/1067/2809 933/1069/2811
f 934/1070/2812 932/1068/2810 933/1069/2811 935/1071/2813
f 936/1072/2814 934/1070/2812 935/1071/2813 937/1073/2815
f 938/1074/2816 936/1072/2814 937/1073/2815 939/1075/2817
f 940/1076/2818 938/1074/2816 939/1075/2817 941/1077/2819
f 942/1078/2820 940/1076/2818 941/1077/2819 943/1079/2821
f 945/1080/2822 944/1081/2823 946/1082/2824 947/1083/2825
f 948/1084/2826 945/1080/2822 947/1083/2825 949/1085/2827
f 950/1086/2828 948/1084/2826 949/1085/2827 951/1087/2829
f 952/1088/2830 950/1086/2828 951/1087/2829 953/1089/2831
f 954/1090/2832 952/1088/2830 953/1089/2831 955/1091/2833
f 956/1092/2834 954/1090/2832 955/1091/2833 957/1093/2835
f 928/1065/2807 956/1092/2834 957/1093/2835 930/1066/2808
f 958/1094/2836 959/1095/2837 942/1078/2820 943/1079/2821
f 958/1094/2836 946/1082/2824 944/1081/2823 959/1095/2837
s off
f 913/902/2838 912/874/2839 928/1065/2840 929/1064/2841
f 767/904/2842 782/934/2843 931/1067/2844 930/1066/2845
f 914/900/2846 913/902/2847 929/1064/2848 932/1068/2849
f 782/934/2850 781/932/2851 933/1069/2852 931/1067/2853
f 915/898/2854 914/900/2855 932/1068/2856 934/1070/2857
f 781/932/2858 780/930/2859 935/1071/2860 933/1069/2861
f 916/896/2862 915/898/2863 934/1070/2864 936/1072/2865
f 780/930/2866 779/928/2867 937/1073/2868 935/1071/2869
f 917/894/2870 916/896/2871 936/1072/2872 938/1074/2873
f 779/928/2874 778/926/2875 939/1075/2876 937/1073/2877
f 918/892/2878 917/894/2879 938/1074/2880 940/1076/2881
f 778/926/2882 777/924/2883 941/1077/2884 939/1075/2885
f 919/890/2886 918/892/2887 940/1076/2888 942/1078/2889
f 777/924/2890 776/922/2891 943/1079/2892 941/1077/2893
f 922/884/2894 921/886/2895 944/1081/2896 945/1080/2897
f 774/918/2898 773/916/2899 947/1083/2900 946/1082/2901
f 923/882/2902 922/884/2903 945/1080/2904 948/1084/2905
f 773/916/2906 772/914/2907 949/1085/2908 947/1083/2909
f 924/880/2910 923/882/2911 948/1084/2912 950/1086/2913
f 772/914/2914 771/912/2915 951/1087/2916 949/1085/2917
f 925/878/2918 924/880/2919 950/1086/2920 952/1088/2921
f 771/912/2922 770/910/2923 953/1089/2924 951/1087/2925
f 926/876/2926 925/878/2927 952/1088/2928 954/1090/2929
f 770/910/2930 769/908/2931 955/1091/2932 953/1089/2933
f 927/873/2934 926/876/2935 954/1090/2936 956/1092/2937
f 769/908/2938 768/905/2939 957/1093/2940 955/1091/2941
f 912/874/2942 927/873/2943 956/1092/2944 928/1065/2945
f 768/905/2946 767/904/2947 930/1066/2948 957/1093/2949
f 920/888/2950 919/890/2951 942/1078/2952 959/1095/2953
f 776/922/2954 775/920/2955 958/1094/2956 943/1079/2957
f 775/920/2958 774/918/2959 946/1082/2960 958/1094/2961
f 921/886/2962 920/888/2963 959/1095/2964 944/1081/2965
s 140
f 960/1096/2966 961/1097/2967 977/1098/2968 976/1099/2969
f 961/1097/2967 962/1100/2970 978/1101/2971 977/1098/2968
f 962/1100/2970 963/1102/2972 979/1103/2973 978/1101/2971
f 963/1102/2972 964/1104/2974 980/1105/2975 979/1103/2973
f 964/1104/2974 965/1106/2976 981/1107/2977 980/1105/2975
f 965/1106/2976 966/1108/2978 982/1109/2979 981/1107/2977
f 966/1108/2978 967/1110/2980 983/1111/2981 982/1109/2979
f 967/1110/2980 968/1112/2982 984/1113/2983 983/1111/2981
f 968/1112/2982 969/1114/2984 985/1115/2985 984/1113/2983
f 969/1114/2984 970/1116/2986 986/1117/2987 985/1115/2985
f 970/1116/2986 971/1118/2988 987/1119/2989 986/1117/2987
f 971/1118/2988 972/1120/2990 988/1121/2991 987/1119/2989
f 972/1120/2990 973/1122/2992 989/1123/2993 988/1121/2991
f 973/1122/2992 974/1124/2994 990/1125/2995 989/1123/2993
f 974/1124/2994 975/1126/2996 991/1127/2997 990/1125/2995
f 975/1126/2996 960/1096/2966 976/1099/2969 991/1127/2997
s 141
f 976/1099/2998 977/1098/2999 993/1128/3000 992/1129/3001
f 977/1098/2999 978/1101/3002 994/1130/3003 993/1128/3000
f 978/1101/3002 979/1103/3004 995/1131/3005 994/1130/3003
f 979/1103/3004 980/1105/3006 996/1132/3007 995/1131/3005
f 980/1105/3006 981/1107/3008 997/1133/3009 996/1132/3007
f 981/1107/3008 982/1109/3010 998/1134/3011 997/1133/3009
f 982/1109/3010 983/1111/3012 999/1135/3013 998/1134/3011
f 983/1111/3012 984/1113/3014 1000/1136/3015 999/1135/3013
f 984/1113/3014 985/1115/3016 1001/1137/3017 1000/1136/3015
f 985/1115/3016 986/1117/3018 1002/1138/3019 1001/1137/3017
f 986/1117/3018 987/1119/3020 1003/1139/3021 1002/1138/3019
f 987/1119/3020 988/1121/3022 1004/1140/3023 1003/1139/3021
f 988/1121/3022 989/1123/3024 1005/1141/3025 1004/1140/3023
f 989/1123/3024 990/1125/3026 1006/1142/3027 1005/1141/3025
f 990/1125/3026 991/1127/3028 1007/1143/3029 1006/1142/3027
f 991/1127/3028 976/1099/2998 992/1129/3001 1007/1143/3029
s 142
f 992/1129/3030 993/1128/3031 1009/1144/3032 1008/1145/3033
f 993/1128/3031 994/1130/3034 1010/1146/3035 1009/1144/3032
f 994/1130/3034 995/1131/3036 1011/1147/3037 1010/1146/3035
f 995/1131/3036 996/1132/3038 1012/1148/3039 1011/1147/3037
f 996/1132/3038 997/1133/3040 1013/1149/3041 1012/1148/3039
f 997/1133/3040 998/1134/3042 1014/1150/3043 1013/1149/3041
f 998/1134/3042 999/1135/3044 1015/1151/3045 1014/1150/3043
f 999/1135/3044 1000/1136/3046 1016/1152/3047 1015/1151/3045
f 1000/1136/3046 1001/1137/3048 1017/1153/3049 1016/1152/3047
f 1001/1137/3048 1002/1138/3050 1018/1154/3051 1017/1153/3049
f 1002/1138/3050 1003/1139/3052 1019/1155/3053 1018/1154/3051
f 1003/1139/3052 1004/1140/3054 1020/1156/3055 1019/1155/3053
f 1004/1140/3054 1005/1141/3056 1021/1157/3057 1020/1156/3055
f 1005/1141/3056 1006/1142/3058 1022/1158/3059 1021/1157/3057
f 1006/1142/3058 1007/1143/3060 1023/1159/3061 1022/1158/3059
f 1007/1143/3060 992/1129/3030 1008/1145/3033 1023/1159/3061
s 140
f 961/1097/2967 960/1096/2966 1024/1160/3062
f 962/1100/2970 961/1097/2967 1024/1160/3062
f 963/1102/2972 962/1100/2970 1024/1160/3062
f 964/1104/2974 963/1102/2972 1024/1160/3062
f 965/1106/2976 964/1104/2974 1024/1160/3062
f 966/1108/2978 965/1106/2976 1024/1160/3062
f 967/1110/2980 966/1108/2978 1024/1160/3062
f 968/1112/2982 967/1110/2980 1024/1160/3062
f 969/1114/2984 968/1112/2982 1024/1160/3062
f 970/1116/2986 969/1114/2984 1024/1160/3062
f 971/1118/2988 970/1116/2986 1024/1160/3062
f 972/1120/2990 971/1118/2988 1024/1160/3062
f 973/1122/2992 972/1120/2990 1024/1160/3062
f 974/1124/2994 973/1122/2992 1024/1160/3062
f 975/1126/2996 974/1124/2994 1024/1160/3062
f 960/1096/2966 975/1126/2996 1024/1160/3062
s 143
f 1025/1161/3063 1026/1162/3064 1027/1163/3065
f 1026/1162/3064 1028/1164/3066 1027/1163/3065
f 1028/1164/3066 1029/1165/3067 1027/1163/3065
f 1029/1165/3067 1030/1166/3068 1027/1163/3065
f 1030/1166/3068 1031/1167/3069 1027/1163/3065
f 1031/1167/3069 1032/1168/3070 1027/1163/3065
f 1032/1168/3070 1033/1169/3071 1027/1163/3065
f 1033/1169/3071 1034/1170/3072 1027/1163/3065
f 1034/1170/3072 1035/1171/3073 1027/1163/3065
f 1035/1171/3073 1036/1172/3074 1027/1163/3065
f 1036/1172/3074 1037/1173/3075 1027/1163/3065
f 1037/1173/3075 1038/1174/3076 1027/1163/3065
f 1038/1174/3076 1039/1175/3077 1027/1163/3065
f 1039/1175/3077 1040/1176/3078 1027/1163/3065
f 1040/1176/3078 1041/1177/3079 1027/1163/3065
f 1041/1177/3079 1025/1161/3063 1027/1163/3065
s 144
f 1008/1178/3080 1009/1179/3081 1057/1180/3082 1042/1181/3083
f 1009/1179/3081 1010/1182/3084 1056/1183/3085 1057/1180/3082
f 1010/1182/3084 1011/1184/3086 1055/1185/3087 1056/1183/3085
f 1011/1184/3086 1012/1186/3088 1054/1187/3089 1055/1185/3087
f 1012/1186/3088 1013/1188/3090 1053/1189/3091 1054/1187/3089
f 1013/1188/3090 1014/1190/3092 1052/1191/3093 1053/1189/3091
f 1014/1190/3092 1015/1192/3094 1051/1193/3095 1052/1191/3093
f 1015/1192/3094 1016/1194/3096 1050/1195/3097 1051/1193/3095
f 1016/1194/3096 1017/1196/3098 1049/1197/3099 1050/1195/3097
f 1017/1196/3098 1018/1198/3100 1048/1199/3101 1049/1197/3099
f 1018/1198/3100 1019/1200/3102 1047/1201/3103 1048/1199/3101
f 1019/1200/3102 1020/1202/3104 1046/1203/3105 1047/1201/3103
f 1020/1202/3104 1021/1204/3106 1045/1205/3107 1046/1203/3105
f 1021/1204/3106 1022/1206/3108 1044/1207/3109 1045/1205/3107
f 1022/1206/3108 1023/1208/3110 1043/1209/3111 1044/1207/3109
f 1023/1208/3110 1008/1178/3080 1042/1181/3083 1043/1209/3111
s 145
f 1059/1210/3112 1058/1211/3113 1060/1212/3114 1061/1213/3115
f 1062/1214/3116 1059/1210/3112 1061/1213/3115 1063/1215/3117
s 144
f 1045/1205/3107 1044/1207/3109 1040/1176/3118 1039/1175/3119
f 1046/1203/3105 1045/1205/3107 1039/1175/3119 1038/1174/3120
s 146
f 1065/1216/3121 1064/1217/3122 1066/1218/3123 1067/1219/3124
f 1068/1220/3125 1065/1216/3121 1067/1219/3124 1069/1221/3126
s 144
f 1049/1197/3099 1048/1199/3101 1036/1172/3127 1035/1171/3128
f 1050/1195/3097 1049/1197/3099 1035/1171/3128 1034/1170/3129
s 147
f 1071/1222/3130 1070/1223/3131 1072/1224/3132 1073/1225/3133
f 1074/1226/3134 1071/1222/3130 1073/1225/3133 1075/1227/3135
s 144
f 1053/1189/3091 1052/1191/3093 1032/1168/3136 1031/1167/3137
f 1054/1187/3089 1053/1189/3091 1031/1167/3137 1030/1166/3138
s 148
f 1077/1228/3139 1076/1229/3140 1078/1230/3141 1079/1231/3142
f 1080/1232/3143 1077/1228/3139 1079/1231/3142 1081/1233/3144
s 144
f 1057/1180/3082 1056/1183/3085 1028/1164/3145 1026/1162/3146
f 1042/1181/3083 1057/1180/3082 1026/1162/3146 1025/1161/3147
s off
f 1043/1209/3148 1042/1181/3149 1058/1211/3150 1059/1210/3151
f 1042/1181/3152 1025/1161/3153 1060/1212/3154 1058/1211/3155
f 1025/1161/3156 1041/1177/3157 1061/1213/3158 1060/1212/3159
f 1044/1207/3160 1043/1209/3161 1059/1210/3162 1062/1214/3163
f 1041/1177/3164 1040/1176/3165 1063/1215/3166 1061/1213/3167
f 1040/1176/3168 1044/1207/3169 1062/1214/3170 1063/1215/3171
f 1047/1201/3172 1046/1203/3173 1064/1217/3174 1065/1216/3175
f 1046/1203/3176 1038/1174/3177 1066/1218/3178 1064/1217/3179
f 1038/1174/3180 1037/1173/3181 1067/1219/3182 1066/1218/3183
f 1048/1199/3184 1047/1201/3185 1065/1216/3186 1068/1220/3187
f 1037/1173/3188 1036/1172/3189 1069/1221/3190 1067/1219/3191
f 1036/1172/3192 1048/1199/3193 1068/1220/3194 1069/1221/3195
f 1051/1193/3196 1050/1195/3197 1070/1223/3198 1071/1222/3199
f 1050/1195/3200 1034/1170/3201 1072/1224/3202 1070/1223/3203
f 1034/1170/3204 1033/1169/3205 1073/1225/3206 1072/1224/3207
f 1052/1191/3208 1051/1193/3209 1071/1222/3210 1074/1226/3211
f 1033/1169/3212 1032/1168/3213 1075/1227/3214 1073/1225/3215
f 1032/1168/3216 1052/1191/3217 1074/1226/3218 1075/1227/3219
f 1055/1185/3220 1054/1187/3221 1076/1229/3222 1077/1228/3223
f 1054/1187/3224 1030/1166/3225 1078/1230/3226 1076/1229/3227
f 1030/1166/3228 1029/1165/3229 1079/1231/3230 1078/1230/3231
f 1056/1183/3232 1055/1185/3233 1077/1228/3234 1080/1232/3235
f 1029/1165/3236 1028/1164/3237 1081/1233/3238 1079/1231/3239
f 1028/1164/3240 1056/1183/3241 1080/1232/3242 1081/1233/3243
f 1082/1234/3244 1083/1235/3245 1085/1236/3246 1084/1237/3247
f 1084/1237/3248 1085/1236/3249 1087/1238/3250 1086/1239/3251
f 1086/1239/3252 1087/1238/3253 1089/1240/3254 1088/1241/3255
f 1088/1241/3256 1089/1240/3257 1083/1235/3258 1082/1234/3259
f 1083/1235/3260 1089/1240/3261 1087/1238/3262 1085/1236/3263
f 1088/1241/3264 1082/1234/3265 1084/1237/3266 1086/1239/3267
f 1090/1242/3268 1091/1243/3269 1093/1244/3270 1092/1245/3271
f 1092/1245/3272 1093/1244/3273 1095/1246/3274 1094/1247/3275
f 1094/1247/3276 1095/1246/3277 1097/1248/3278 1096/1249/3279
f 1096/1249/3280 1097/1248/3281 1091/1243/3282 1090/1242/3283
f 1091/1243/3284 1097/1248/3285 1095/1246/3286 1093/1244/3287
f 1096/1249/3288 1090/1242/3289 1092/1245/3290 1094/1247/3291
f 1214/1250/3292 1110/1251/3293 1211/1252/3294 1210/1253/3295
f 1219/1254/3296 1100/1255/3297 1216/1256/3298 1215/1257/3299
f 1223/1258/3300 1102/1259/3301 1218/1260/3302 1220/1261/3303
f 1227/1262/3304 1104/1263/3305 1222/1264/3306 1224/1265/3307
f 1232/1266/3308 1099/1267/3309 1229/1268/3310 1228/1269/3311
f 1223/1258/3312 1104/1263/3313 1227/1262/3314 1233/1270/3315
f 1239/1271/3316 1178/1272/3317 1236/1273/3318 1235/1274/3319
s 149
f 1243/1275/3320 1108/1276/3321 1217/1277/3322 1240/1278/3323
s 150
f 1246/1279/3324 1109/1280/3325 1221/1281/3326 1244/1282/3327
s 151
f 1246/1279/3328 1177/1283/3329 1248/1284/3330 1247/1285/3331
s off
f 1253/1286/3332 1098/1287/3333 1226/1288/3334 1250/1289/3335
f 1251/1290/3336 1106/1291/3337 1255/1292/3338 1254/1293/3339
f 1256/1294/3340 1107/1295/3341 1216/1256/3342 1258/1296/3343
f 1259/1297/3344 1100/1255/3345 1234/1298/3346 1261/1299/3347
s 152
f 1265/1300/3348 1115/1301/3349 1262/1302/3350 1263/1303/3351
s 153
f 1267/1304/3352 1116/1305/3353 1260/1306/3354 1266/1307/3355
s off
f 1272/1308/3356 1119/1309/3357 1269/1310/3358 1268/1311/3359
s 154
f 1264/1312/3360 1114/1313/3361 1252/1314/3362 1273/1315/3363
s off
f 1278/1316/3364 1117/1317/3365 1257/1318/3366 1275/1319/3367
f 1276/1320/3368 1116/1305/3369 1267/1304/3370 1279/1321/3371
f 1286/1322/3372 1183/1323/3373 1283/1324/3374 1282/1325/3375
f 1289/1326/3376 1111/1327/3377 1274/1328/3378 1287/1329/3379
s 155
f 1293/1330/3380 1146/1331/3381 1291/1332/3382 1290/1333/3383
s 156
f 1296/1334/3384 1149/1335/3385 1295/1336/3386 1294/1337/3387
s off
f 1299/1338/3388 1148/1339/3389 1298/1340/3390 1297/1341/3391
s 157
f 1292/1342/3392 1147/1343/3393 1301/1344/3394 1300/1345/3395
s 158
f 1306/1346/3396 1123/1347/3397 1303/1348/3398 1302/1349/3399
s 159
f 1304/1350/3400 1122/1351/3401 1308/1352/3402 1307/1353/3403
s off
f 1315/1354/3404 1187/1355/3405 1312/1356/3406 1311/1357/3407
s 160
f 1319/1358/3408 1124/1359/3409 1317/1360/3410 1316/1361/3411
s 161
f 1323/1362/3412 1134/1363/3413 1321/1364/3414 1320/1365/3415
s 162
f 1326/1366/3416 1137/1367/3417 1325/1368/3418 1324/1369/3419
s off
f 1330/1370/3420 1136/1371/3421 1328/1372/3422 1327/1373/3423
s 163
f 1322/1374/3424 1135/1375/3425 1332/1376/3426 1331/1377/3427
s 164
f 1336/1378/3428 1131/1379/3429 1334/1380/3430 1333/1381/3431
s 165
f 1335/1382/3432 1130/1383/3433 1338/1384/3434 1337/1385/3435
s off
f 1344/1386/3436 1191/1387/3437 1341/1388/3438 1340/1389/3439
s 166
f 1347/1390/3440 1132/1391/3441 1346/1392/3442 1345/1393/3443
s 167
f 1350/1394/3444 1139/1395/3445 1277/1396/3446 1348/1397/3447
s 168
f 1352/1398/3448 1140/1399/3449 1288/1400/3450 1351/1401/3451
s off
f 1356/1402/3452 1141/1403/3453 1354/1404/3454 1353/1405/3455
s 169
f 1349/1406/3456 1138/1407/3457 1281/1408/3458 1357/1409/3459
s 170
f 1361/1410/3460 1143/1411/3461 1305/1412/3462 1358/1413/3463
s 171
f 1364/1414/3464 1144/1415/3465 1318/1416/3466 1362/1417/3467
s off
f 1368/1418/3468 1145/1419/3469 1366/1420/3470 1365/1421/3471
s 172
f 1359/1422/3472 1142/1423/3473 1310/1424/3474 1369/1425/3475
s 173
f 1373/1426/3476 1126/1427/3477 1360/1428/3478 1371/1429/3479
s 174
f 1372/1430/3480 1127/1431/3481 1370/1432/3482 1374/1433/3483
s off
f 1380/1434/3484 1194/1435/3485 1377/1436/3486 1376/1437/3487
s 175
f 1382/1438/3488 1129/1439/3489 1363/1440/3490 1381/1441/3491
s off
f 1386/1442/3492 1166/1443/3493 1384/1444/3494 1383/1445/3495
s 176
f 1389/1446/3496 1169/1447/3497 1388/1448/3498 1387/1449/3499
s 177
f 1392/1450/3500 1168/1451/3501 1391/1452/3502 1390/1453/3503
s off
f 1229/1268/3504 1099/1267/3505 1385/1454/3506 1393/1455/3507
f 1399/1456/3508 1170/1457/3509 1396/1458/3510 1395/1459/3511
s 178
f 1403/1460/3512 1173/1461/3513 1401/1462/3514 1400/1463/3515
s 179
f 1407/1464/3516 1172/1465/3517 1405/1466/3518 1404/1467/3519
s 180
f 1407/1464/3520 1153/1468/3521 1409/1469/3522 1408/1470/3523
s off
f 1415/1471/3524 1199/1472/3525 1412/1473/3526 1411/1474/3527
s 181
f 1419/1475/3528 1165/1476/3529 1417/1477/3530 1416/1478/3531
s 182
f 1419/1475/3532 1153/1468/3533 1406/1479/3534 1420/1480/3535
s 183
f 1421/1481/3536 1152/1482/3537 1402/1483/3538 1423/1484/3539
s off
f 1430/1485/3540 1163/1486/3541 1427/1487/3542 1426/1488/3543
s 184
f 1433/1489/3544 1164/1490/3545 1425/1491/3546 1431/1492/3547
s 185
f 1436/1493/3548 1165/1476/3549 1422/1494/3550 1434/1495/3551
s 186
f 1436/1493/3552 1160/1496/3553 1438/1497/3554 1437/1498/3555
s off
f 1443/1499/3556 1202/1500/3557 1440/1501/3558 1439/1502/3559
s 187
f 1446/1503/3560 1168/1451/3561 1394/1504/3562 1444/1505/3563
s 188
f 1446/1503/3564 1160/1496/3565 1435/1506/3566 1447/1507/3567
s 189
f 1448/1508/3568 1161/1509/3569 1432/1510/3570 1449/1511/3571
s off
f 1455/1512/3572 1207/1513/3573 1452/1514/3574 1451/1515/3575
s 190
f 1459/1516/3576 1172/1465/3577 1410/1517/3578 1456/1518/3579
s 191
f 1459/1516/3580 1157/1519/3581 1461/1520/3582 1460/1521/3583
s 192
f 1462/1522/3584 1156/1523/3585 1464/1524/3586 1463/1525/3587
s off
f 1470/1526/3588 1175/1527/3589 1467/1528/3590 1466/1529/3591
s 193
f 1472/1530/3592 1176/1531/3593 1242/1532/3594 1471/1533/3595
s 194
f 1474/1534/3596 1177/1283/3597 1245/1535/3598 1473/1536/3599
s 195
f 1474/1534/3600 1157/1519/3601 1458/1537/3602 1475/1538/3603
s off
f 1478/1539/3604 1107/1295/3605 1255/1292/3606 1476/1540/3607
f 1477/1541/3608 1106/1291/3609 1249/1542/3610 1479/1543/3611
f 1480/1544/3612 1174/1545/3613 1467/1528/3614 1481/1546/3615
f 1482/1547/3616 1175/1527/3617 1241/1548/3618 1483/1549/3619
f 1486/1550/3620 1112/1551/3621 1212/1552/3622 1484/1553/3623
f 1485/1554/3624 1111/1327/3625 1289/1326/3626 1487/1555/3627
f 1488/1556/3628 1140/1399/3629 1354/1404/3630 1489/1557/3631
f 1490/1558/3632 1141/1403/3633 1280/1559/3634 1491/1560/3635
f 1494/1561/3636 1125/1562/3637 1329/1563/3638 1492/1564/3639
f 1493/1565/3640 1124/1359/3641 1319/1358/3642 1495/1566/3643
f 1496/1567/3644 1144/1415/3645 1366/1420/3646 1497/1568/3647
f 1498/1569/3648 1145/1419/3649 1309/1570/3650 1499/1571/3651
f 1502/1572/3652 1133/1573/3653 1355/1574/3654 1500/1575/3655
f 1501/1576/3656 1132/1391/3657 1347/1390/3658 1503/1577/3659
f 1504/1578/3660 1137/1367/3661 1328/1372/3662 1505/1579/3663
f 1506/1580/3664 1136/1371/3665 1339/1581/3666 1507/1582/3667
f 1510/1583/3668 1128/1584/3669 1367/1585/3670 1508/1586/3671
f 1509/1587/3672 1129/1439/3673 1382/1438/3674 1511/1588/3675
f 1512/1589/3676 1149/1335/3677 1298/1340/3678 1513/1590/3679
f 1514/1591/3680 1148/1339/3681 1375/1592/3682 1515/1593/3683
f 1518/1594/3684 1151/1595/3685 1398/1596/3686 1516/1597/3687
f 1517/1598/3688 1150/1599/3689 1418/1600/3690 1519/1601/3691
f 1520/1602/3692 1162/1603/3693 1427/1487/3694 1521/1604/3695
f 1522/1605/3696 1163/1486/3697 1424/1606/3698 1523/1607/3699
f 1526/1608/3700 1158/1609/3701 1429/1610/3702 1524/1611/3703
f 1525/1612/3704 1159/1613/3705 1445/1614/3706 1527/1615/3707
f 1528/1616/3708 1167/1617/3709 1384/1444/3710 1529/1618/3711
f 1530/1619/3712 1166/1443/3713 1450/1620/3714 1531/1621/3715
f 1534/1622/3716 1155/1623/3717 1469/1624/3718 1532/1625/3719
f 1533/1626/3720 1154/1627/3721 1457/1628/3722 1535/1629/3723
f 1536/1630/3724 1171/1631/3725 1396/1458/3726 1537/1632/3727
f 1538/1633/3728 1170/1457/3729 1465/1634/3730 1539/1635/3731
f 1211/1252/3732 1111/1327/3733 1212/1552/3734 1210/1253/3735
f 1212/1552/3736 1112/1551/3737 1213/1636/3738 1210/1253/3739
f 1213/1636/3740 1113/1637/3741 1214/1250/3742 1210/1253/3743
s 196
f 1216/1256/3744 1107/1295/3745 1217/1277/3746 1215/1257/3747
s 149
f 1217/1277/3322 1108/1276/3321 1218/1260/3748 1215/1257/3749
s off
f 1218/1260/3750 1102/1259/3751 1219/1254/3752 1215/1257/3753
s 197
f 1218/1260/3754 1108/1276/3755 1221/1281/3756 1220/1261/3757
s 150
f 1221/1281/3326 1109/1280/3325 1222/1264/3758 1220/1261/3759
s off
f 1222/1264/3760 1104/1263/3761 1223/1258/3762 1220/1261/3763
s 198
f 1222/1264/3764 1109/1280/3765 1225/1638/3766 1224/1265/3767
s 199
f 1225/1638/3768 1106/1291/3769 1226/1288/3770 1224/1265/3771
s off
f 1226/1288/3772 1098/1287/3773 1227/1262/3774 1224/1265/3775
f 1229/1268/3776 1105/1639/3777 1230/1640/3778 1228/1269/3779
f 1230/1640/3780 1103/1641/3781 1231/1642/3782 1228/1269/3783
f 1231/1642/3784 1101/1643/3785 1232/1266/3786 1228/1269/3787
f 1227/1262/3788 1098/1287/3789 1234/1298/3790 1233/1270/3791
f 1234/1298/3792 1100/1255/3793 1219/1254/3794 1233/1270/3795
f 1219/1254/3796 1102/1259/3797 1223/1258/3798 1233/1270/3799
f 1236/1273/3800 1179/1644/3801 1237/1645/3802 1235/1274/3803
f 1237/1645/3804 1180/1646/3805 1238/1647/3806 1235/1274/3807
f 1238/1647/3808 1181/1648/3809 1239/1271/3810 1235/1274/3811
s 196
f 1217/1277/3746 1107/1295/3745 1241/1548/3812 1240/1278/3813
s 200
f 1241/1548/3814 1175/1527/3815 1242/1532/3816 1240/1278/3817
s 193
f 1242/1532/3594 1176/1531/3593 1243/1275/3818 1240/1278/3819
s 197
f 1221/1281/3756 1108/1276/3755 1243/1275/3820 1244/1282/3821
s 201
f 1243/1275/3822 1176/1531/3823 1245/1535/3824 1244/1282/3825
s 194
f 1245/1535/3598 1177/1283/3597 1246/1279/3826 1244/1282/3827
s 202
f 1248/1284/3828 1174/1545/3829 1249/1542/3830 1247/1285/3831
s 199
f 1249/1542/3832 1106/1291/3769 1225/1638/3768 1247/1285/3833
s 198
f 1225/1638/3766 1109/1280/3765 1246/1279/3834 1247/1285/3835
s off
f 1226/1288/3836 1106/1291/3837 1251/1290/3838 1250/1289/3839
s 203
f 1251/1290/3840 1117/1317/3841 1252/1314/3842 1250/1289/3843
s 154
f 1252/1314/3362 1114/1313/3361 1253/1286/3844 1250/1289/3845
s off
f 1255/1292/3846 1107/1295/3847 1256/1294/3848 1254/1293/3849
f 1256/1294/3850 1116/1305/3851 1257/1318/3852 1254/1293/3853
f 1257/1318/3854 1117/1317/3855 1251/1290/3856 1254/1293/3857
f 1216/1256/3858 1100/1255/3859 1259/1297/3860 1258/1296/3861
s 204
f 1259/1297/3862 1115/1301/3863 1260/1306/3864 1258/1296/3865
s 153
f 1260/1306/3354 1116/1305/3353 1256/1294/3866 1258/1296/3867
s off
f 1234/1298/3868 1098/1287/3869 1253/1286/3870 1261/1299/3871
s 205
f 1253/1286/3872 1114/1313/3873 1262/1302/3874 1261/1299/3875
s 152
f 1262/1302/3350 1115/1301/3349 1259/1297/3876 1261/1299/3877
s 205
f 1262/1302/3874 1114/1313/3873 1264/1312/3878 1263/1303/3879
s off
f 1264/1312/3880 1110/1251/3881 1214/1250/3882 1263/1303/3883
f 1214/1250/3884 1113/1637/3885 1265/1300/3886 1263/1303/3887
s 204
f 1260/1306/3864 1115/1301/3863 1265/1300/3888 1266/1307/3889
s off
f 1265/1300/3890 1113/1637/3891 1213/1636/3892 1266/1307/3893
f 1213/1636/3894 1112/1551/3895 1267/1304/3896 1266/1307/3897
f 1269/1310/3898 1118/1649/3899 1270/1650/3900 1268/1311/3901
f 1270/1650/3902 1120/1651/3903 1271/1652/3904 1268/1311/3905
f 1271/1652/3906 1121/1653/3907 1272/1308/3908 1268/1311/3909
s 203
f 1252/1314/3842 1117/1317/3841 1274/1328/3910 1273/1315/3911
s off
f 1274/1328/3912 1111/1327/3913 1211/1252/3914 1273/1315/3915
f 1211/1252/3916 1110/1251/3917 1264/1312/3918 1273/1315/3919
f 1257/1318/3920 1116/1305/3921 1276/1320/3922 1275/1319/3923
s 206
f 1276/1320/3924 1138/1407/3925 1277/1396/3926 1275/1319/3927
s 167
f 1277/1396/3446 1139/1395/3445 1278/1316/3928 1275/1319/3929
s off
f 1267/1304/3930 1112/1551/3931 1280/1559/3932 1279/1321/3933
s 207
f 1280/1559/3934 1141/1403/3935 1281/1408/3936 1279/1321/3937
s 169
f 1281/1408/3458 1138/1407/3457 1276/1320/3938 1279/1321/3939
s off
f 1283/1324/3940 1182/1654/3941 1284/1655/3942 1282/1325/3943
f 1284/1655/3944 1184/1656/3945 1285/1657/3946 1282/1325/3947
f 1285/1657/3948 1185/1658/3949 1286/1322/3950 1282/1325/3951
f 1274/1328/3952 1117/1317/3953 1278/1316/3954 1287/1329/3955
s 208
f 1278/1316/3956 1139/1395/3957 1288/1400/3958 1287/1329/3959
s 168
f 1288/1400/3450 1140/1399/3449 1289/1326/3960 1287/1329/3961
s 209
f 1291/1332/3962 1147/1343/3963 1292/1342/3964 1290/1333/3965
s off
f 1292/1342/3966 1118/1649/3967 1269/1310/3968 1290/1333/3969
f 1269/1310/3970 1119/1309/3971 1293/1330/3972 1290/1333/3973
s 210
f 1295/1336/3974 1146/1331/3975 1293/1330/3976 1294/1337/3977
s off
f 1293/1330/3978 1119/1309/3979 1272/1308/3980 1294/1337/3981
f 1272/1308/3982 1121/1653/3983 1296/1334/3984 1294/1337/3985
f 1298/1340/3986 1149/1335/3987 1296/1334/3988 1297/1341/3989
f 1296/1334/3990 1121/1653/3991 1271/1652/3992 1297/1341/3993
f 1271/1652/3994 1120/1651/3995 1299/1338/3996 1297/1341/3997
s 211
f 1301/1344/3998 1148/1339/3999 1299/1338/4000 1300/1345/4001
s off
f 1299/1338/4002 1120/1651/4003 1270/1650/4004 1300/1345/4005
f 1270/1650/4006 1118/1649/4007 1292/1342/4008 1300/1345/4009
s 212
f 1303/1348/4010 1122/1351/4011 1304/1350/4012 1302/1349/4013
s 213
f 1304/1350/4014 1142/1423/4015 1305/1412/4016 1302/1349/4017
s 170
f 1305/1412/3462 1143/1411/3461 1306/1346/4018 1302/1349/4019
s 214
f 1308/1352/4020 1125/1562/4021 1309/1570/4022 1307/1353/4023
s 215
f 1309/1570/4024 1145/1419/4025 1310/1424/4026 1307/1353/4027
s 172
f 1310/1424/3474 1142/1423/3473 1304/1350/4028 1307/1353/4029
s off
f 1312/1356/4030 1186/1659/4031 1313/1660/4032 1311/1357/4033
f 1313/1660/4034 1188/1661/4035 1314/1662/4036 1311/1357/4037
f 1314/1662/4038 1189/1663/4039 1315/1354/4040 1311/1357/4041
s 216
f 1317/1360/4042 1123/1347/4043 1306/1346/4044 1316/1361/4045
s 217
f 1306/1346/4046 1143/1411/4047 1318/1416/4048 1316/1361/4049
s 171
f 1318/1416/3466 1144/1415/3465 1319/1358/4050 1316/1361/4051
s 218
f 1321/1364/4052 1135/1375/4053 1322/1374/4054 1320/1365/4055
s 212
f 1322/1374/4056 1122/1351/4011 1303/1348/4010 1320/1365/4057
s 158
f 1303/1348/3398 1123/1347/3397 1323/1362/4058 1320/1365/4059
s 219
f 1325/1368/4060 1134/1363/4061 1323/1362/4062 1324/1369/4063
s 216
f 1323/1362/4064 1123/1347/4043 1317/1360/4042 1324/1369/4065
s 160
f 1317/1360/3410 1124/1359/3409 1326/1366/4066 1324/1369/4067
s off
f 1328/1372/4068 1137/1367/4069 1326/1366/4070 1327/1373/4071
f 1326/1366/4072 1124/1359/4073 1329/1563/4074 1327/1373/4075
f 1329/1563/4076 1125/1562/4077 1330/1370/4078 1327/1373/4079
s 220
f 1332/1376/4080 1136/1371/4081 1330/1370/4082 1331/1377/4083
s 214
f 1330/1370/4084 1125/1562/4021 1308/1352/4020 1331/1377/4085
s 159
f 1308/1352/3402 1122/1351/3401 1322/1374/4086 1331/1377/4087
s 221
f 1334/1380/4088 1130/1383/4089 1335/1382/4090 1333/1381/4091
s 218
f 1335/1382/4092 1135/1375/4053 1321/1364/4052 1333/1381/4093
s 161
f 1321/1364/3414 1134/1363/3413 1336/1378/4094 1333/1381/4095
s 222
f 1338/1384/4096 1133/1573/4097 1339/1581/4098 1337/1385/4099
s 220
f 1339/1581/4100 1136/1371/4081 1332/1376/4080 1337/1385/4101
s 163
f 1332/1376/3426 1135/1375/3425 1335/1382/4102 1337/1385/4103
s off
f 1341/1388/4104 1190/1664/4105 1342/1665/4106 1340/1389/4107
f 1342/1665/4108 1192/1666/4109 1343/1667/4110 1340/1389/4111
f 1343/1667/4112 1193/1668/4113 1344/1386/4114 1340/1389/4115
s 223
f 1346/1392/4116 1131/1379/4117 1336/1378/4118 1345/1393/4119
s 219
f 1336/1378/4120 1134/1363/4061 1325/1368/4060 1345/1393/4121
s 162
f 1325/1368/3418 1137/1367/3417 1347/1390/4122 1345/1393/4123
s 206
f 1277/1396/3926 1138/1407/3925 1349/1406/4124 1348/1397/4125
s 221
f 1349/1406/4126 1130/1383/4089 1334/1380/4088 1348/1397/4127
s 164
f 1334/1380/3430 1131/1379/3429 1350/1394/4128 1348/1397/4129
s 208
f 1288/1400/3958 1139/1395/3957 1350/1394/4130 1351/1401/4131
s 223
f 1350/1394/4132 1131/1379/4117 1346/1392/4116 1351/1401/4133
s 166
f 1346/1392/3442 1132/1391/3441 1352/1398/4134 1351/1401/4135
s off
f 1354/1404/4136 1140/1399/4137 1352/1398/4138 1353/1405/4139
f 1352/1398/4140 1132/1391/4141 1355/1574/4142 1353/1405/4143
f 1355/1574/4144 1133/1573/4145 1356/1402/4146 1353/1405/4147
s 207
f 1281/1408/3936 1141/1403/3935 1356/1402/4148 1357/1409/4149
s 222
f 1356/1402/4150 1133/1573/4097 1338/1384/4096 1357/1409/4151
s 165
f 1338/1384/3434 1130/1383/3433 1349/1406/4152 1357/1409/4153
s 213
f 1305/1412/4016 1142/1423/4015 1359/1422/4154 1358/1413/4155
s 224
f 1359/1422/4156 1127/1431/4157 1360/1428/4158 1358/1413/4159
s 173
f 1360/1428/3478 1126/1427/3477 1361/1410/4160 1358/1413/4161
s 217
f 1318/1416/4048 1143/1411/4047 1361/1410/4162 1362/1417/4163
s 225
f 1361/1410/4164 1126/1427/4165 1363/1440/4166 1362/1417/4167
s 175
f 1363/1440/3490 1129/1439/3489 1364/1414/4168 1362/1417/4169
s off
f 1366/1420/4170 1144/1415/4171 1364/1414/4172 1365/1421/4173
f 1364/1414/4174 1129/1439/4175 1367/1585/4176 1365/1421/4177
f 1367/1585/4178 1128/1584/4179 1368/1418/4180 1365/1421/4181
s 215
f 1310/1424/4026 1145/1419/4025 1368/1418/4182 1369/1425/4183
s 226
f 1368/1418/4184 1128/1584/4185 1370/1432/4186 1369/1425/4187
s 174
f 1370/1432/3482 1127/1431/3481 1359/1422/4188 1369/1425/4189
s 224
f 1360/1428/4158 1127/1431/4157 1372/1430/4190 1371/1429/4191
s 209
f 1372/1430/4192 1147/1343/3963 1291/1332/3962 1371/1429/4193
s 155
f 1291/1332/3382 1146/1331/3381 1373/1426/4194 1371/1429/4195
s 226
f 1370/1432/4186 1128/1584/4185 1375/1592/4196 1374/1433/4197
s 211
f 1375/1592/4198 1148/1339/3999 1301/1344/3998 1374/1433/4199
s 157
f 1301/1344/3394 1147/1343/3393 1372/1430/4200 1374/1433/4201
s off
f 1377/1436/4202 1195/1669/4203 1378/1670/4204 1376/1437/4205
f 1378/1670/4206 1196/1671/4207 1379/1672/4208 1376/1437/4209
f 1379/1672/4210 1197/1673/4211 1380/1434/4212 1376/1437/4213
s 225
f 1363/1440/4166 1126/1427/4165 1373/1426/4214 1381/1441/4215
s 210
f 1373/1426/4216 1146/1331/3975 1295/1336/3974 1381/1441/4217
s 156
f 1295/1336/3386 1149/1335/3385 1382/1438/4218 1381/1441/4219
s off
f 1384/1444/4220 1167/1617/4221 1385/1454/4222 1383/1445/4223
f 1385/1454/4224 1099/1267/4225 1232/1266/4226 1383/1445/4227
f 1232/1266/4228 1101/1643/4229 1386/1442/4230 1383/1445/4231
s 227
f 1388/1448/4232 1166/1443/4233 1386/1442/4234 1387/1449/4235
s off
f 1386/1442/4236 1101/1643/4237 1231/1642/4238 1387/1449/4239
f 1231/1642/4240 1103/1641/4241 1389/1446/4242 1387/1449/4243
s 228
f 1391/1452/4244 1169/1447/4245 1389/1446/4246 1390/1453/4247
s off
f 1389/1446/4248 1103/1641/4249 1230/1640/4250 1390/1453/4251
f 1230/1640/4252 1105/1639/4253 1392/1450/4254 1390/1453/4255
s 229
f 1385/1454/4256 1167/1617/4257 1394/1504/4258 1393/1455/4259
s 187
f 1394/1504/3562 1168/1451/3561 1392/1450/4260 1393/1455/4261
s off
f 1392/1450/4262 1105/1639/4263 1229/1268/4264 1393/1455/4265
f 1396/1458/4266 1171/1631/4267 1397/1674/4268 1395/1459/4269
f 1397/1674/4270 1150/1599/4271 1398/1596/4272 1395/1459/4273
f 1398/1596/4274 1151/1595/4275 1399/1456/4276 1395/1459/4277
s 230
f 1401/1462/4278 1170/1457/4279 1399/1456/4280 1400/1463/4281
s 231
f 1399/1456/4282 1151/1595/4283 1402/1483/4284 1400/1463/4285
s 183
f 1402/1483/3538 1152/1482/3537 1403/1460/4286 1400/1463/4287
s 232
f 1405/1466/4288 1173/1461/4289 1403/1460/4290 1404/1467/4291
s 233
f 1403/1460/4292 1152/1482/4293 1406/1479/4294 1404/1467/4295
s 182
f 1406/1479/3534 1153/1468/3533 1407/1464/4296 1404/1467/4297
s 234
f 1409/1469/4298 1150/1599/4299 1397/1674/4300 1408/1470/4301
s 235
f 1397/1674/4302 1171/1631/4303 1410/1517/4304 1408/1470/4305
s 190
f 1410/1517/3578 1172/1465/3577 1407/1464/4306 1408/1470/4307
s off
f 1412/1473/4308 1198/1675/4309 1413/1676/4310 1411/1474/4311
f 1413/1676/4312 1200/1677/4313 1414/1678/4314 1411/1474/4315
f 1414/1678/4316 1201/1679/4317 1415/1471/4318 1411/1474/4319
s 236
f 1417/1477/4320 1162/1603/4321 1418/1600/4322 1416/1478/4323
s 234
f 1418/1600/4324 1150/1599/4299 1409/1469/4298 1416/1478/4325
s 180
f 1409/1469/3522 1153/1468/3521 1419/1475/4326 1416/1478/4327
s 233
f 1406/1479/4294 1152/1482/4293 1421/1481/4328 1420/1480/4329
s 237
f 1421/1481/4330 1164/1490/4331 1422/1494/4332 1420/1480/4333
s 185
f 1422/1494/3550 1165/1476/3549 1419/1475/4334 1420/1480/4335
s 231
f 1402/1483/4284 1151/1595/4283 1424/1606/4336 1423/1484/4337
s 238
f 1424/1606/4338 1163/1486/4339 1425/1491/4340 1423/1484/4341
s 184
f 1425/1491/3546 1164/1490/3545 1421/1481/4342 1423/1484/4343
s off
f 1427/1487/4344 1162/1603/4345 1428/1680/4346 1426/1488/4347
f 1428/1680/4348 1159/1613/4349 1429/1610/4350 1426/1488/4351
f 1429/1610/4352 1158/1609/4353 1430/1485/4354 1426/1488/4355
s 238
f 1425/1491/4340 1163/1486/4339 1430/1485/4356 1431/1492/4357
s 239
f 1430/1485/4358 1158/1609/4359 1432/1510/4360 1431/1492/4361
s 189
f 1432/1510/3570 1161/1509/3569 1433/1489/4362 1431/1492/4363
s 237
f 1422/1494/4332 1164/1490/4331 1433/1489/4364 1434/1495/4365
s 240
f 1433/1489/4366 1161/1509/4367 1435/1506/4368 1434/1495/4369
s 188
f 1435/1506/3566 1160/1496/3565 1436/1493/4370 1434/1495/4371
s 241
f 1438/1497/4372 1159/1613/4373 1428/1680/4374 1437/1498/4375
s 236
f 1428/1680/4376 1162/1603/4321 1417/1477/4320 1437/1498/4377
s 181
f 1417/1477/3530 1165/1476/3529 1436/1493/4378 1437/1498/4379
s off
f 1440/1501/4380 1203/1681/4381 1441/1682/4382 1439/1502/4383
f 1441/1682/4384 1204/1683/4385 1442/1684/4386 1439/1502/4387
f 1442/1684/4388 1205/1685/4389 1443/1499/4390 1439/1502/4391
s 229
f 1394/1504/4258 1167/1617/4257 1445/1614/4392 1444/1505/4393
s 241
f 1445/1614/4394 1159/1613/4373 1438/1497/4372 1444/1505/4395
s 186
f 1438/1497/3554 1160/1496/3553 1446/1503/4396 1444/1505/4397
s 240
f 1435/1506/4368 1161/1509/4367 1448/1508/4398 1447/1507/4399
s 228
f 1448/1508/4400 1169/1447/4245 1391/1452/4244 1447/1507/4401
s 177
f 1391/1452/3502 1168/1451/3501 1446/1503/4402 1447/1507/4403
s 239
f 1432/1510/4360 1158/1609/4359 1450/1620/4404 1449/1511/4405
s 227
f 1450/1620/4406 1166/1443/4233 1388/1448/4232 1449/1511/4407
s 176
f 1388/1448/3498 1169/1447/3497 1448/1508/4408 1449/1511/4409
s off
f 1452/1514/4410 1206/1686/4411 1453/1687/4412 1451/1515/4413
f 1453/1687/4414 1208/1688/4415 1454/1689/4416 1451/1515/4417
f 1454/1689/4418 1209/1690/4419 1455/1512/4420 1451/1515/4421
s 235
f 1410/1517/4304 1171/1631/4303 1457/1628/4422 1456/1518/4423
s 242
f 1457/1628/4424 1154/1627/4425 1458/1537/4426 1456/1518/4427
s 195
f 1458/1537/3602 1157/1519/3601 1459/1516/4428 1456/1518/4429
s 243
f 1461/1520/4430 1156/1523/4431 1462/1522/4432 1460/1521/4433
s 232
f 1462/1522/4434 1173/1461/4289 1405/1466/4288 1460/1521/4435
s 179
f 1405/1466/3518 1172/1465/3517 1459/1516/4436 1460/1521/4437
s 244
f 1464/1524/4438 1155/1623/4439 1465/1634/4440 1463/1525/4441
s 230
f 1465/1634/4442 1170/1457/4279 1401/1462/4278 1463/1525/4443
s 178
f 1401/1462/3514 1173/1461/3513 1462/1522/4444 1463/1525/4445
s off
f 1467/1528/4446 1174/1545/4447 1468/1691/4448 1466/1529/4449
f 1468/1691/4450 1154/1627/4451 1469/1624/4452 1466/1529/4453
f 1469/1624/4454 1155/1623/4455 1470/1526/4456 1466/1529/4457
s 200
f 1242/1532/3816 1175/1527/3815 1470/1526/4458 1471/1533/4459
s 244
f 1470/1526/4460 1155/1623/4439 1464/1524/4438 1471/1533/4461
s 192
f 1464/1524/3586 1156/1523/3585 1472/1530/4462 1471/1533/4463
s 201
f 1245/1535/3824 1176/1531/3823 1472/1530/4464 1473/1536/4465
s 243
f 1472/1530/4466 1156/1523/4431 1461/1520/4430 1473/1536/4467
s 191
f 1461/1520/3582 1157/1519/3581 1474/1534/4468 1473/1536/4469
s 242
f 1458/1537/4426 1154/1627/4425 1468/1691/4470 1475/1538/4471
s 202
f 1468/1691/4472 1174/1545/3829 1248/1284/3828 1475/1538/4473
s 151
f 1248/1284/3330 1177/1283/3329 1474/1534/4474 1475/1538/4475
s off
f 1255/1292/4476 1106/1291/4477 1477/1541/4478 1476/1540/4479
f 1477/1541/4480 1179/1644/4481 1236/1273/4482 1476/1540/4483
f 1236/1273/4484 1178/1272/4485 1478/1539/4486 1476/1540/4487
f 1249/1542/4488 1174/1545/4489 1480/1544/4490 1479/1543/4491
f 1480/1544/4492 1180/1646/4493 1237/1645/4494 1479/1543/4495
f 1237/1645/4496 1179/1644/4497 1477/1541/4498 1479/1543/4499
f 1467/1528/4500 1175/1527/4501 1482/1547/4502 1481/1546/4503
f 1482/1547/4504 1181/1648/4505 1238/1647/4506 1481/1546/4507
f 1238/1647/4508 1180/1646/4509 1480/1544/4510 1481/1546/4511
f 1241/1548/4512 1107/1295/4513 1478/1539/4514 1483/1549/4515
f 1478/1539/4516 1178/1272/4517 1239/1271/4518 1483/1549/4519
f 1239/1271/4520 1181/1648/4521 1482/1547/4522 1483/1549/4523
f 1212/1552/4524 1111/1327/4525 1485/1554/4526 1484/1553/4527
f 1485/1554/4528 1182/1654/4529 1283/1324/4530 1484/1553/4531
f 1283/1324/4532 1183/1323/4533 1486/1550/4534 1484/1553/4535
f 1289/1326/4536 1140/1399/4537 1488/1556/4538 1487/1555/4539
f 1488/1556/4540 1184/1656/4541 1284/1655/4542 1487/1555/4543
f 1284/1655/4544 1182/1654/4545 1485/1554/4546 1487/1555/4547
f 1354/1404/4548 1141/1403/4549 1490/1558/4550 1489/1557/4551
f 1490/1558/4552 1185/1658/4553 1285/1657/4554 1489/1557/4555
f 1285/1657/4556 1184/1656/4557 1488/1556/4558 1489/1557/4559
f 1280/1559/4560 1112/1551/4561 1486/1550/4562 1491/1560/4563
f 1486/1550/4564 1183/1323/4565 1286/1322/4566 1491/1560/4567
f 1286/1322/4568 1185/1658/4569 1490/1558/4570 1491/1560/4571
f 1329/1563/4572 1124/1359/4573 1493/1565/4574 1492/1564/4575
f 1493/1565/4576 1186/1659/4577 1312/1356/4578 1492/1564/4579
f 1312/1356/4580 1187/1355/4581 1494/1561/4582 1492/1564/4583
f 1319/1358/4584 1144/1415/4585 1496/1567/4586 1495/1566/4587
f 1496/1567/4588 1188/1661/4589 1313/1660/4590 1495/1566/4591
f 1313/1660/4592 1186/1659/4593 1493/1565/4594 1495/1566/4595
f 1366/1420/4596 1145/1419/4597 1498/1569/4598 1497/1568/4599
f 1498/1569/4600 1189/1663/4601 1314/1662/4602 1497/1568/4603
f 1314/1662/4604 1188/1661/4605 1496/1567/4606 1497/1568/4607
f 1309/1570/4608 1125/1562/4609 1494/1561/4610 1499/1571/4611
f 1494/1561/4612 1187/1355/4613 1315/1354/4614 1499/1571/4615
f 1315/1354/4616 1189/1663/4617 1498/1569/4618 1499/1571/4619
f 1355/1574/4620 1132/1391/4621 1501/1576/4622 1500/1575/4623
f 1501/1576/4624 1190/1664/4625 1341/1388/4626 1500/1575/4627
f 1341/1388/4628 1191/1387/4629 1502/1572/4630 1500/1575/4631
f 1347/1390/4632 1137/1367/4633 1504/1578/4634 1503/1577/4635
f 1504/1578/4636 1192/1666/4637 1342/1665/4638 1503/1577/4639
f 1342/1665/4640 1190/1664/4641 1501/1576/4642 1503/1577/4643
f 1328/1372/4644 1136/1371/4645 1506/1580/4646 1505/1579/4647
f 1506/1580/4648 1193/1668/4649 1343/1667/4650 1505/1579/4651
f 1343/1667/4652 1192/1666/4653 1504/1578/4654 1505/1579/4655
f 1339/1581/4656 1133/1573/4657 1502/1572/4658 1507/1582/4659
f 1502/1572/4660 1191/1387/4661 1344/1386/4662 1507/1582/4663
f 1344/1386/4664 1193/1668/4665 1506/1580/4666 1507/1582/4667
f 1367/1585/4668 1129/1439/4669 1509/1587/4670 1508/1586/4671
f 1509/1587/4672 1195/1669/4673 1377/1436/4674 1508/1586/4675
f 1377/1436/4676 1194/1435/4677 1510/1583/4678 1508/1586/4679
f 1382/1438/4680 1149/1335/4681 1512/1589/4682 1511/1588/4683
f 1512/1589/4684 1196/1671/4685 1378/1670/4686 1511/1588/4687
f 1378/1670/4688 1195/1669/4689 1509/1587/4690 1511/1588/4691
f 1298/1340/4692 1148/1339/4693 1514/1591/4694 1513/1590/4695
f 1514/1591/4696 1197/1673/4697 1379/1672/4698 1513/1590/4699
f 1379/1672/4700 1196/1671/4701 1512/1589/4702 1513/1590/4703
f 1375/1592/4704 1128/1584/4705 1510/1583/4706 1515/1593/4707
f 1510/1583/4708 1194/1435/4709 1380/1434/4710 1515/1593/4711
f 1380/1434/4712 1197/1673/4713 1514/1591/4714 1515/1593/4715
f 1398/1596/4716 1150/1599/4717 1517/1598/4718 1516/1597/4719
f 1517/1598/4720 1198/1675/4721 1412/1473/4722 1516/1597/4723
f 1412/1473/4724 1199/1472/4725 1518/1594/4726 1516/1597/4727
f 1418/1600/4728 1162/1603/4729 1520/1602/4730 1519/1601/4731
f 1520/1602/4732 1200/1677/4733 1413/1676/4734 1519/1601/4735
f 1413/1676/4736 1198/1675/4737 1517/1598/4738 1519/1601/4739
f 1427/1487/4740 1163/1486/4741 1522/1605/4742 1521/1604/4743
f 1522/1605/4744 1201/1679/4745 1414/1678/4746 1521/1604/4747
f 1414/1678/4748 1200/1677/4749 1520/1602/4750 1521/1604/4751
f 1424/1606/4752 1151/1595/4753 1518/1594/4754 1523/1607/4755
f 1518/1594/4756 1199/1472/4757 1415/1471/4758 1523/1607/4759
f 1415/1471/4760 1201/1679/4761 1522/1605/4762 1523/1607/4763
f 1429/1610/4764 1159/1613/4765 1525/1612/4766 1524/1611/4767
f 1525/1612/4768 1203/1681/4769 1440/1501/4770 1524/1611/4771
f 1440/1501/4772 1202/1500/4773 1526/1608/4774 1524/1611/4775
f 1445/1614/4776 1167/1617/4777 1528/1616/4778 1527/1615/4779
f 1528/1616/4780 1204/1683/4781 1441/1682/4782 1527/1615/4783
f 1441/1682/4784 1203/1681/4785 1525/1612/4786 1527/1615/4787
f 1384/1444/4788 1166/1443/4789 1530/1619/4790 1529/1618/4791
f 1530/1619/4792 1205/1685/4793 1442/1684/4794 1529/1618/4795
f 1442/1684/4796 1204/1683/4797 1528/1616/4798 1529/1618/4799
f 1450/1620/4800 1158/1609/4801 1526/1608/4802 1531/1621/4803
f 1526/1608/4804 1202/1500/4805 1443/1499/4806 1531/1621/4807
f 1443/1499/4808 1205/1685/4809 1530/1619/4810 1531/1621/4811
f 1469/1624/4812 1154/1627/4813 1533/1626/4814 1532/1625/4815
f 1533/1626/4816 1206/1686/4817 1452/1514/4818 1532/1625/4819
f 1452/1514/4820 1207/1513/4821 1534/1622/4822 1532/1625/4823
f 1457/1628/4824 1171/1631/4825 1536/1630/4826 1535/1629/4827
f 1536/1630/4828 1208/1688/4829 1453/1687/4830 1535/1629/4831
f 1453/1687/4832 1206/1686/4833 1533/1626/4834 1535/1629/4835
f 1396/1458/4836 1170/1457/4837 1538/1633/4838 1537/1632/4839
f 1538/1633/4840 1209/1690/4841 1454/1689/4842 1537/1632/4843
f 1454/1689/4844 1208/1688/4845 1536/1630/4846 1537/1632/4847
f 1465/1634/4848 1155/1623/4849 1534/1622/4850 1539/1635/4851
f 1534/1622/4852 1207/1513/4853 1455/1512/4854 1539/1635/4855
f 1455/1512/4856 1209/1690/4857 1538/1633/4858 1539/1635/4859
f 1552/1692/4860 1540/1693/4861 1549/1694/4862 1548/1695/4863
f 1556/1696/4864 1542/1697/4865 1551/1698/4866 1553/1699/4867
f 1560/1700/4868 1544/1701/4869 1555/1702/4870 1557/1703/4871
f 1563/1704/4872 1546/1705/4873 1559/1706/4874 1561/1707/4875
f 1550/1708/4876 1541/1709/4877 1562/1710/4878 1564/1711/4879
f 1560/1700/4880 1546/1705/4881 1563/1704/4882 1565/1712/4883
f 1549/1694/4884 1541/1709/4885 1550/1708/4886 1548/1695/4887
f 1550/1708/4888 1543/1713/4889 1551/1698/4890 1548/1695/4891
f 1551/1698/4892 1542/1697/4893 1552/1692/4894 1548/1695/4895
f 1551/1698/4896 1543/1713/4897 1554/1714/4898 1553/1699/4899
f 1554/1714/4900 1545/1715/4901 1555/1702/4902 1553/1699/4903
f 1555/1702/4904 1544/1701/4905 1556/1696/4906 1553/1699/4907
f 1555/1702/4908 1545/1715/4909 1558/1716/4910 1557/1703/4911
f 1558/1716/4912 1547/1717/4913 1559/1706/4914 1557/1703/4915
f 1559/1706/4916 1546/1705/4917 1560/1700/4918 1557/1703/4919
f 1559/1706/4920 1547/1717/4921 1562/1710/4922 1561/1707/4923
f 1562/1710/4924 1541/1709/4925 1549/1694/4926 1561/1707/4927
f 1549/1694/4928 1540/1693/4929 1563/1704/4930 1561/1707/4931
f 1562/1710/4932 1547/1717/4933 1558/1716/4934 1564/1711/4935
f 1558/1716/4936 1545/1715/4937 1554/1714/4938 1564/1711/4939
f 1554/1714/4940 1543/1713/4941 1550/1708/4942 1564/1711/4943
f 1563/1704/4944 1540/1693/4945 1552/1692/4946 1565/1712/4947
f 1552/1692/4948 1542/1697/4949 1556/1696/4950 1565/1712/4951
f 1556/1696/4952 1544/1701/4953 1560/1700/4954 1565/1712/4955
f 1566/1718/4956 1567/1719/4957 1569/1720/4958 1568/1721/4959
f 1568/1721/4960 1569/1720/4961 1571/1722/4962 1570/1723/4963
f 1570/1723/4964 1571/1722/4965 1573/1724/4966 1572/1725/4967
f 1572/1725/4968 1573/1724/4969 1567/1719/4970 1566/1718/4971
f 1567/1719/4972 1573/1724/4973 1571/1722/4974 1569/1720/4975
f 1572/1725/4976 1566/1718/4977 1568/1721/4978 1570/1723/4979
f 1574/1726/4980 1576/1727/4981 1577/1728/4982 1575/1729/4983
f 1576/1727/4984 1578/1730/4985 1579/1731/4986 1577/1728/4987
f 1578/1730/4988 1580/1732/4989 1581/1733/4990 1579/1731/4991
f 1580/1732/4992 1574/1726/4993 1575/1729/4994 1581/1733/4995
f 1575/1729/4996 1577/1728/4997 1579/1731/4998 1581/1733/4999
f 1580/1732/5000 1578/1730/5001 1576/1727/5002 1574/1726/5003
f 1582/1734/5004 1583/1735/5005 1585/1736/5006 1584/1737/5007
f 1584/1737/5008 1585/1736/5009 1587/1738/5010 1586/1739/5011
f 1586/1739/5012 1587/1738/5013 1589/1740/5014 1588/1741/5015
f 1588/1741/5016 1589/1740/5017 1583/1735/5018 1582/1734/5019
f 1583/1735/5020 1589/1740/5021 1587/1738/5022 1585/1736/5023
f 1588/1741/5024 1582/1734/5025 1584/1737/5026 1586/1739/5027
s 245
f 1590/1742/5028 1591/1743/5029 1611/1744/5030 1610/1745/5031
f 1591/1743/5029 1592/1746/5032 1612/1747/5033 1611/1744/5030
f 1592/1746/5032 1593/1748/5034 1613/1749/5035 1612/1747/5033
f 1593/1748/5034 1594/1750/5036 1614/1751/5037 1613/1749/5035
f 1594/1750/5036 1595/1752/5038 1615/1753/5039 1614/1751/5037
f 1595/1752/5038 1596/1754/5040 1616/1755/5041 1615/1753/5039
f 1596/1754/5040 1597/1756/5042 1617/1757/5043 1616/1755/5041
f 1597/1756/5042 1598/1758/5044 1618/1759/5045 1617/1757/5043
f 1598/1758/5044 1599/1760/5046 1619/1761/5047 1618/1759/5045
f 1599/1760/5046 1600/1762/5048 1620/1763/5049 1619/1761/5047
f 1600/1762/5048 1601/1764/5050 1621/1765/5051 1620/1763/5049
f 1601/1764/5050 1602/1766/5052 1622/1767/5053 1621/1765/5051
f 1602/1766/5052 1603/1768/5054 1623/1769/5055 1622/1767/5053
f 1603/1768/5054 1604/1770/5056 1624/1771/5057 1623/1769/5055
f 1604/1770/5056 1605/1772/5058 1625/1773/5059 1624/1771/5057
f 1605/1772/5058 1606/1774/5060 1626/1775/5061 1625/1773/5059
f 1606/1774/5060 1607/1776/5062 1627/1777/5063 1626/1775/5061
f 1607/1776/5062 1608/1778/5064 1628/1779/5065 1627/1777/5063
f 1608/1778/5064 1609/1780/5066 1629/1781/5067 1628/1779/5065
f 1609/1780/5066 1590/1742/5028 1610/1745/5031 1629/1781/5067
f 1610/1745/5031 1611/1744/5030 1691/1782/5068 1672/1783/5069
f 1611/1744/5030 1612/1747/5033 1690/1784/5070 1691/1782/5068
f 1612/1747/5033 1613/1749/5035 1689/1785/5071 1690/1784/5070
f 1613/1749/5035 1614/1751/5037 1688/1786/5072 1689/1785/5071
f 1614/1751/5037 1615/1753/5039 1687/1787/5073 1688/1786/5072
f 1615/1753/5039 1616/1755/5041 1686/1788/5074 1687/1787/5073
f 1616/1755/5041 1617/1757/5043 1685/1789/5075 1686/1788/5074
f 1617/1757/5043 1618/1759/5045 1684/1790/5076 1685/1789/5075
f 1618/1759/5045 1619/1761/5047 1683/1791/5077 1684/1790/5076
f 1619/1761/5047 1620/1763/5049 1682/1792/5078 1683/1791/5077
f 1620/1763/5049 1621/1765/5051 1681/1793/5079 1682/1792/5078
f 1621/1765/5051 1622/1767/5053 1680/1794/5080 1681/1793/5079
f 1622/1767/5053 1623/1769/5055 1679/1795/5081 1680/1794/5080
f 1623/1769/5055 1624/1771/5057 1678/1796/5082 1679/1795/5081
f 1624/1771/5057 1625/1773/5059 1677/1797/5083 1678/1796/5082
f 1625/1773/5059 1626/1775/5061 1676/1798/5084 1677/1797/5083
f 1626/1775/5061 1627/1777/5063 1675/1799/5085 1676/1798/5084
f 1627/1777/5063 1628/1779/5065 1674/1800/5086 1675/1799/5085
f 1628/1779/5065 1629/1781/5067 1673/1801/5087 1674/1800/5086
f 1629/1781/5067 1610/1745/5031 1672/1783/5069 1673/1801/5087
s 246
f 1630/1802/5088 1631/1803/5089 1651/1804/5090 1650/1805/5091
f 1631/1803/5089 1632/1806/5092 1652/1807/5093 1651/1804/5090
f 1632/1806/5092 1633/1808/5094 1653/1809/5095 1652/1807/5093
f 1633/1808/5094 1634/1810/5096 1654/1811/5097 1653/1809/5095
f 1634/1810/5096 1635/1812/5098 1655/1813/5099 1654/1811/5097
f 1635/1812/5098 1636/1814/5100 1656/1815/5101 1655/1813/5099
f 1636/1814/5100 1637/1816/5102 1657/1817/5103 1656/1815/5101
f 1637/1816/5102 1638/1818/5104 1658/1819/5105 1657/1817/5103
f 1638/1818/5104 1639/1820/5106 1659/1821/5107 1658/1819/5105
f 1639/1820/5106 1640/1822/5108 1660/1823/5109 1659/1821/5107
f 1640/1822/5108 1641/1824/5110 1661/1825/5111 1660/1823/5109
f 1641/1824/5110 1642/1826/5112 1662/1827/5113 1661/1825/5111
f 1642/1826/5112 1643/1828/5114 1663/1829/5115 1662/1827/5113
f 1643/1828/5114 1644/1830/5116 1664/1831/5117 1663/1829/5115
f 1644/1830/5116 1645/1832/5118 1665/1833/5119 1664/1831/5117
f 1645/1832/5118 1646/1834/5120 1666/1835/5121 1665/1833/5119
f 1646/1834/5120 1647/1836/5122 1667/1837/5123 1666/1835/5121
f 1647/1836/5122 1648/1838/5124 1668/1839/5125 1667/1837/5123
f 1648/1838/5124 1649/1840/5126 1669/1841/5127 1668/1839/5125
f 1649/1840/5126 1630/1802/5088 1650/1805/5091 1669/1841/5127
s 245
f 1591/1743/5029 1590/1742/5028 1670/1842/5128
f 1592/1746/5032 1591/1743/5029 1670/1842/5128
f 1593/1748/5034 1592/1746/5032 1670/1842/5128
f 1594/1750/5036 1593/1748/5034 1670/1842/5128
f 1595/1752/5038 1594/1750/5036 1670/1842/5128
f 1596/1754/5040 1595/1752/5038 1670/1842/5128
f 1597/1756/5042 1596/1754/5040 1670/1842/5128
f 1598/1758/5044 1597/1756/5042 1670/1842/5128
f 1599/1760/5046 1598/1758/5044 1670/1842/5128
f 1600/1762/5048 1599/1760/5046 1670/1842/5128
f 1601/1764/5050 1600/1762/5048 1670/1842/5128
f 1602/1766/5052 1601/1764/5050 1670/1842/5128
f 1603/1768/5054 1602/1766/5052 1670/1842/5128
f 1604/1770/5056 1603/1768/5054 1670/1842/5128
f 1605/1772/5058 1604/1770/5056 1670/1842/5128
f 1606/1774/5060 1605/1772/5058 1670/1842/5128
f 1607/1776/5062 1606/1774/5060 1670/1842/5128
f 1608/1778/5064 1607/1776/5062 1670/1842/5128
f 1609/1780/5066 1608/1778/5064 1670/1842/5128
f 1590/1742/5028 1609/1780/5066 1670/1842/5128
s 246
f 1650/1805/5091 1651/1804/5090 1671/1843/5129
f 1651/1804/5090 1652/1807/5093 1671/1843/5129
f 1652/1807/5093 1653/1809/5095 1671/1843/5129
f 1653/1809/5095 1654/1811/5097 1671/1843/5129
f 1654/1811/5097 1655/1813/5099 1671/1843/5129
f 1655/1813/5099 1656/1815/5101 1671/1843/5129
f 1656/1815/5101 1657/1817/5103 1671/1843/5129
f 1657/1817/5103 1658/1819/5105 1671/1843/5129
f 1658/1819/5105 1659/1821/5107 1671/1843/5129
f 1659/1821/5107 1660/1823/5109 1671/1843/5129
f 1660/1823/5109 1661/1825/5111 1671/1843/5129
f 1661/1825/5111 1662/1827/5113 1671/1843/5129
f 1662/1827/5113 1663/1829/5115 1671/1843/5129
f 1663/1829/5115 1664/1831/5117 1671/1843/5129
f 1664/1831/5117 1665/1833/5119 1671/1843/5129
f 1665/1833/5119 1666/1835/5121 1671/1843/5129
f 1666/1835/5121 1667/1837/5123 1671/1843/5129
f 1667/1837/5123 1668/1839/5125 1671/1843/5129
f 1668/1839/5125 1669/1841/5127 1671/1843/5129
f 1669/1841/5127 1650/1805/5091 1671/1843/5129
s 247
f 1713/1844/5130 1712/1845/5131 1714/1846/5132 1715/1847/5133
f 1716/1848/5134 1713/1844/5130 1715/1847/5133 1717/1849/5135
f 1718/1850/5136 1716/1848/5134 1717/1849/5135 1719/1851/5137
f 1720/1852/5138 1718/1850/5136 1719/1851/5137 1721/1853/5139
f 1722/1854/5140 1720/1852/5138 1721/1853/5139 1723/1855/5141
f 1724/1856/5142 1722/1854/5140 1723/1855/5141 1725/1857/5143
f 1726/1858/5144 1724/1856/5142 1725/1857/5143 1727/1859/5145
f 1728/1860/5146 1726/1858/5144 1727/1859/5145 1729/1861/5147
f 1730/1862/5148 1728/1860/5146 1729/1861/5147 1731/1863/5149
f 1732/1864/5150 1730/1862/5148 1731/1863/5149 1733/1865/5151
f 1734/1866/5152 1732/1864/5150 1733/1865/5151 1735/1867/5153
f 1736/1868/5154 1734/1866/5152 1735/1867/5153 1737/1869/5155
f 1738/1870/5156 1736/1868/5154 1737/1869/5155 1739/1871/5157
f 1740/1872/5158 1738/1870/5156 1739/1871/5157 1741/1873/5159
f 1742/1874/5160 1740/1872/5158 1741/1873/5159 1743/1875/5161
f 1744/1876/5162 1742/1874/5160 1743/1875/5161 1745/1877/5163
f 1746/1878/5164 1744/1876/5162 1745/1877/5163 1747/1879/5165
f 1748/1880/5166 1746/1878/5164 1747/1879/5165 1749/1881/5167
f 1750/1882/5168 1748/1880/5166 1749/1881/5167 1751/1883/5169
f 1712/1845/5131 1750/1882/5168 1751/1883/5169 1714/1846/5132
s 246
f 1693/1884/5170 1692/1885/5171 1630/1802/5088 1649/1840/5126
f 1694/1886/5172 1693/1884/5170 1649/1840/5126 1648/1838/5124
f 1695/1887/5173 1694/1886/5172 1648/1838/5124 1647/1836/5122
f 1696/1888/5174 1695/1887/5173 1647/1836/5122 1646/1834/5120
f 1697/1889/5175 1696/1888/5174 1646/1834/5120 1645/1832/5118
f 1698/1890/5176 1697/1889/5175 1645/1832/5118 1644/1830/5116
f 1699/1891/5177 1698/1890/5176 1644/1830/5116 1643/1828/5114
f 1700/1892/5178 1699/1891/5177 1643/1828/5114 1642/1826/5112
f 1701/1893/5179 1700/1892/5178 1642/1826/5112 1641/1824/5110
f 1702/1894/5180 1701/1893/5179 1641/1824/5110 1640/1822/5108
f 1703/1895/5181 1702/1894/5180 1640/1822/5108 1639/1820/5106
f 1704/1896/5182 1703/1895/5181 1639/1820/5106 1638/1818/5104
f 1705/1897/5183 1704/1896/5182 1638/1818/5104 1637/1816/5102
f 1706/1898/5184 1705/1897/5183 1637/1816/5102 1636/1814/5100
f 1707/1899/5185 1706/1898/5184 1636/1814/5100 1635/1812/5098
f 1708/1900/5186 1707/1899/5185 1635/1812/5098 1634/1810/5096
f 1709/1901/5187 1708/1900/5186 1634/1810/5096 1633/1808/5094
f 1710/1902/5188 1709/1901/5187 1633/1808/5094 1632/1806/5092
f 1711/1903/5189 1710/1902/5188 1632/1806/5092 1631/1803/5089
f 1692/1885/5171 1711/1903/5189 1631/1803/5089 1630/1802/5088
s off
f 1673/1904/5190 1672/1905/5191 1712/1845/5192 1713/1844/5193
f 1692/1906/5194 1693/1907/5195 1715/1847/5196 1714/1846/5197
f 1674/1908/5198 1673/1904/5199 1713/1844/5200 1716/1848/5201
f 1693/1907/5202 1694/1909/5203 1717/1849/5204 1715/1847/5205
f 1675/1910/5206 1674/1908/5207 1716/1848/5208 1718/1850/5209
f 1694/1909/5210 1695/1911/5211 1719/1851/5212 1717/1849/5213
f 1676/1912/5214 1675/1910/5215 1718/1850/5216 1720/1852/5217
f 1695/1911/5218 1696/1913/5219 1721/1853/5220 1719/1851/5221
f 1677/1914/5222 1676/1912/5223 1720/1852/5224 1722/1854/5225
f 1696/1913/5226 1697/1915/5227 1723/1855/5228 1721/1853/5229
f 1678/1916/5230 1677/1914/5231 1722/1854/5232 1724/1856/5233
f 1697/1915/5234 1698/1917/5235 1725/1857/5236 1723/1855/5237
f 1679/1918/5238 1678/1916/5239 1724/1856/5240 1726/1858/5241
f 1698/1917/5242 1699/1919/5243 1727/1859/5244 1725/1857/5245
f 1680/1920/5246 1679/1918/5247 1726/1858/5248 1728/1860/5249
f 1699/1919/5250 1700/1921/5251 1729/1861/5252 1727/1859/5253
f 1681/1922/5254 1680/1920/5255 1728/1860/5256 1730/1862/5257
f 1700/1921/5258 1701/1923/5259 1731/1863/5260 1729/1861/5261
f 1682/1924/5262 1681/1922/5263 1730/1862/5264 1732/1864/5265
f 1701/1923/5266 1702/1925/5267 1733/1865/5268 1731/1863/5269
f 1683/1926/5270 1682/1924/5271 1732/1864/5272 1734/1866/5273
f 1702/1925/5274 1703/1927/5275 1735/1867/5276 1733/1865/5277
f 1684/1928/5278 1683/1926/5279 1734/1866/5280 1736/1868/5281
f 1703/1927/5282 1704/1929/5283 1737/1869/5284 1735/1867/5285
f 1685/1930/5286 1684/1928/5287 1736/1868/5288 1738/1870/5289
f 1704/1929/5290 1705/1931/5291 1739/1871/5292 1737/1869/5293
f 1686/1932/5294 1685/1930/5295 1738/1870/5296 1740/1872/5297
f 1705/1931/5298 1706/1933/5299 1741/1873/5300 1739/1871/5301
f 1687/1934/5302 1686/1932/5303 1740/1872/5304 1742/1874/5305
f 1706/1933/5306 1707/1935/5307 1743/1875/5308 1741/1873/5309
f 1688/1936/5310 1687/1934/5311 1742/1874/5312 1744/1876/5313
f 1707/1935/5314 1708/1937/5315 1745/1877/5316 1743/1875/5317
f 1689/1938/5318 1688/1936/5319 1744/1876/5320 1746/1878/5321
f 1708/1937/5322 1709/1939/5323 1747/1879/5324 1745/1877/5325
f 1690/1940/5326 1689/1938/5327 1746/1878/5328 1748/1880/5329
f 1709/1939/5330 1710/1941/5331 1749/1881/5332 1747/1879/5333
f 1691/1942/5334 1690/1940/5335 1748/1880/5336 1750/1882/5337
f 1710/1941/5338 1711/1943/5339 1751/1883/5340 1749/1881/5341
f 1672/1905/5342 1691/1942/5343 1750/1882/5344 1712/1845/5345
f 1711/1943/5346 1692/1906/5347 1714/1846/5348 1751/1883/5349
f 1752/1944/5350 1754/1945/5351 1755/1946/5352 1753/1947/5353
f 1754/1945/5354 1756/1948/5355 1757/1949/5356 1755/1946/5357
f 1756/1948/5358 1758/1950/5359 1759/1951/5360 1757/1949/5361
f 1758/1950/5362 1752/1944/5363 1753/1947/5364 1759/1951/5365
f 1753/1947/5366 1755/1946/5367 1757/1949/5368 1759/1951/5369
f 1758/1950/5370 1756/1948/5371 1754/1945/5372 1752/1944/5373
f 1760/1952/5374 1761/1953/5375 1763/1954/5376 1762/1955/5377
f 1762/1955/5378 1763/1954/5379 1765/1956/5380 1764/1957/5381
f 1764/1957/5382 1765/1956/5383 1767/1958/5384 1766/1959/5385
f 1766/1959/5386 1767/1958/5387 1761/1953/5388 1760/1952/5389
f 1761/1953/5390 1767/1958/5391 1765/1956/5392 1763/1954/5393
f 1766/1959/5394 1760/1952/5395 1762/1955/5396 1764/1957/5397
s 248
f 1768/1960/5398 1780/1961/5399 1781/1962/5400 1776/1963/5401
f 1770/1964/5402 1782/1965/5403 1801/1966/5404 1792/1967/5405
f 1777/1968/5406 1784/1969/5407 1785/1970/5408 1774/1971/5409
f 1794/1972/5410 1795/1973/5411 1780/1961/5399 1768/1960/5398
f 1769/1974/5412 1797/1975/5413 1798/1976/5414 1779/1977/5415
f 1793/1978/5416 1794/1972/5410 1768/1960/5398 1776/1963/5417
f 1792/1967/5405 1793/1978/5416 1776/1963/5417 1770/1964/5402
f 1772/1979/5418 1783/1980/5419 1784/1969/5407 1777/1968/5406
f 1779/1977/5415 1798/1976/5414 1799/1981/5420 1771/1982/5421
f 1776/1963/5401 1781/1962/5400 1782/1965/5403 1770/1964/5402
f 1786/1983/5422 1787/1984/5423 1769/1974/5412 1779/1977/5424
f 1791/1985/5425 1786/1983/5422 1779/1977/5424 1771/1982/5421
f 1799/1981/5420 1800/1986/5426 1791/1985/5425 1771/1982/5421
f 1789/1987/5427 1790/1988/5428 1773/1989/5429 1778/1990/5430
f 1788/1991/5431 1789/1987/5427 1778/1990/5430 1775/1992/5432
f 1787/1984/5423 1796/1993/5433 1797/1975/5413 1769/1974/5412
f 1781/1962/5400 1780/1961/5399 1787/1984/5423 1786/1983/5422
f 1780/1961/5399 1795/1973/5411 1796/1993/5433 1787/1984/5423
f 1785/1970/5408 1784/1969/5407 1789/1987/5427 1788/1991/5431
f 1784/1969/5407 1783/1980/5419 1790/1988/5428 1789/1987/5427
f 1800/1986/5426 1801/1966/5404 1782/1965/5403 1791/1985/5425
f 1782/1965/5403 1781/1962/5400 1786/1983/5422 1791/1985/5425
f 1777/1968/5434 1803/1994/5435 1804/1995/5436 1772/1979/5418
f 1774/1971/5409 1802/1996/5437 1803/1994/5435 1777/1968/5434
f 1774/1971/5409 1785/1970/5408 1811/1997/5438 1802/1996/5437
f 1810/1998/5439 1811/1997/5438 1785/1970/5408 1788/1991/5431
f 1809/1999/5440 1810/1998/5439 1788/1991/5431 1775/1992/5432
f 1808/2000/5441 1809/1999/5440 1775/1992/5432 1778/1990/5442
f 1807/2001/5443 1808/2000/5441 1778/1990/5442 1773/1989/5429
f 1790/1988/5428 1806/2002/5444 1807/2001/5443 1773/1989/5429
f 1783/1980/5419 1805/2003/5445 1806/2002/5444 1790/1988/5428
f 1804/1995/5436 1805/2003/5445 1783/1980/5419 1772/1979/5418
f 1803/1994/5435 1802/1996/5437 1794/1972/5410 1793/1978/5416
f 1804/1995/5436 1803/1994/5435 1793/1978/5416 1792/1967/5405
f 1792/1967/5405 1801/1966/5404 1805/2003/5445 1804/1995/5436
f 1806/2002/5444 1805/2003/5445 1801/1966/5404 1800/1986/5426
f 1807/2001/5443 1806/2002/5444 1800/1986/5426 1799/1981/5420
f 1799/1981/5420 1798/1976/5414 1808/2000/5441 1807/2001/5443
f 1798/1976/5414 1797/1975/5413 1809/1999/5440 1808/2000/5441
f 1797/1975/5413 1796/1993/5433 1810/1998/5439 1809/1999/5440
f 1796/1993/5433 1795/1973/5411 1811/1997/5438 1810/1998/5439
f 1802/1996/5437 1811/1997/5438 1795/1973/5411 1794/1972/5410
s 252
f 1812/2004/5446 1813/2005/5447 1825/2006/5448 1824/2007/5449
f 1813/2005/5447 1814/2008/5450 1826/2009/5451 1825/2006/5448
f 1814/2008/5450 1815/2010/5452 1827/2011/5453 1826/2009/5451
f 1815/2010/5452 1816/2012/5454 1828/2013/5455 1827/2011/5453
f 1816/2012/5454 1817/2014/5456 1829/2015/5457 1828/2013/5455
f 1817/2014/5456 1818/2016/5458 1830/2017/5459 1829/2015/5457
f 1818/2016/5458 1819/2018/5460 1831/2019/5461 1830/2017/5459
f 1819/2018/5460 1820/2020/5462 1832/2021/5463 1831/2019/5461
f 1820/2020/5462 1821/2022/5464 1833/2023/5465 1832/2021/5463
f 1821/2022/5464 1822/2024/5466 1834/2025/5467 1833/2023/5465
f 1822/2024/5466 1823/2026/5468 1835/2027/5469 1834/2025/5467
f 1823/2026/5468 1812/2004/5446 1824/2007/5449 1835/2027/5469
s 253
f 1813/2005/5470 1812/2004/5471 1836/2028/5472
f 1814/2008/5473 1813/2005/5470 1836/2028/5472
f 1815/2010/5474 1814/2008/5473 1836/2028/5472
f 1816/2012/5475 1815/2010/5474 1836/2028/5472
f 1817/2014/5476 1816/2012/5475 1836/2028/5472
f 1818/2016/5477 1817/2014/5476 1836/2028/5472
f 1819/2018/5478 1818/2016/5477 1836/2028/5472
f 1820/2020/5479 1819/2018/5478 1836/2028/5472
f 1821/2022/5480 1820/2020/5479 1836/2028/5472
f 1822/2024/5481 1821/2022/5480 1836/2028/5472
f 1823/2026/5482 1822/2024/5481 1836/2028/5472
f 1812/2004/5471 1823/2026/5482 1836/2028/5472
s 254
f 1824/2007/5483 1825/2006/5484 1837/2029/5485
f 1825/2006/5484 1826/2009/5486 1837/2029/5485
f 1826/2009/5486 1827/2011/5487 1837/2029/5485
f 1827/2011/5487 1828/2013/5488 1837/2029/5485
f 1828/2013/5488 1829/2015/5489 1837/2029/5485
f 1829/2015/5489 1830/2017/5490 1837/2029/5485
f 1830/2017/5490 1831/2019/5491 1837/2029/5485
f 1831/2019/5491 1832/2021/5492 1837/2029/5485
f 1832/2021/5492 1833/2023/5493 1837/2029/5485
f 1833/2023/5493 1834/2025/5494 1837/2029/5485
f 1834/2025/5494 1835/2027/5495 1837/2029/5485
f 1835/2027/5495 1824/2007/5483 1837/2029/5485
s 255
f 1838/2030/5496 1839/2031/5497 1851/2032/5498 1850/2033/5499
f 1839/2031/5497 1840/2034/5500 1852/2035/5501 1851/2032/5498
f 1840/2034/5500 1841/2036/5502 1853/2037/5503 1852/2035/5501
f 1841/2036/5502 1842/2038/5504 1854/2039/5505 1853/2037/5503
f 1842/2038/5504 1843/2040/5506 1855/2041/5507 1854/2039/5505
f 1843/2040/5506 1844/2042/5508 1856/2043/5509 1855/2041/5507
f 1844/2042/5508 1845/2044/5510 1857/2045/5511 1856/2043/5509
f 1845/2044/5510 1846/2046/5512 1858/2047/5513 1857/2045/5511
f 1846/2046/5512 1847/2048/5514 1859/2049/5515 1858/2047/5513
f 1847/2048/5514 1848/2050/5516 1860/2051/5517 1859/2049/5515
f 1848/2050/5516 1849/2052/5518 1861/2053/5519 1860/2051/5517
f 1849/2052/5518 1838/2030/5496 1850/2033/5499 1861/2053/5519
s 256
f 1839/2031/5520 1838/2030/5521 1862/2054/5522
f 1840/2034/5523 1839/2031/5520 1862/2054/5522
f 1841/2036/5524 1840/2034/5523 1862/2054/5522
f 1842/2038/5525 1841/2036/5524 1862/2054/5522
f 1843/2040/5526 1842/2038/5525 1862/2054/5522
f 1844/2042/5527 1843/2040/5526 1862/2054/5522
f 1845/2044/5528 1844/2042/5527 1862/2054/5522
f 1846/2046/5529 1845/2044/5528 1862/2054/5522
f 1847/2048/5530 1846/2046/5529 1862/2054/5522
f 1848/2050/5531 1847/2048/5530 1862/2054/5522
f 1849/2052/5532 1848/2050/5531 1862/2054/5522
f 1838/2030/5521 1849/2052/5532 1862/2054/5522
s 257
f 1850/2033/5533 1851/2032/5534 1863/2055/5535
f 1851/2032/5534 1852/2035/5536 1863/2055/5535
f 1852/2035/5536 1853/2037/5537 1863/2055/5535
f 1853/2037/5537 1854/2039/5538 1863/2055/5535
f 1854/2039/5538 1855/2041/5539 1863/2055/5535
f 1855/2041/5539 1856/2043/5540 1863/2055/5535
f 1856/2043/5540 1857/2045/5541 1863/2055/5535
f 1857/2045/5541 1858/2047/5542 1863/2055/5535
f 1858/2047/5542 1859/2049/5543 1863/2055/5535
f 1859/2049/5543 1860/2051/5544 1863/2055/5535
f 1860/2051/5544 1861/2053/5545 1863/2055/5535
f 1861/2053/5545 1850/2033/5533 1863/2055/5535
s 258
f 1864/2056/5546 1865/2057/5547 1877/2058/5548 1876/2059/5549
f 1865/2057/5547 1866/2060/5550 1878/2061/5551 1877/2058/5548
f 1866/2060/5550 1867/2062/5552 1879/2063/5553 1878/2061/5551
f 1867/2062/5552 1868/2064/5554 1880/2065/5555 1879/2063/5553
f 1868/2064/5554 1869/2066/5556 1881/2067/5557 1880/2065/5555
f 1869/2066/5556 1870/2068/5558 1882/2069/5559 1881/2067/5557
f 1870/2068/5558 1871/2070/5560 1883/2071/5561 1882/2069/5559
f 1871/2070/5560 1872/2072/5562 1884/2073/5563 1883/2071/5561
f 1872/2072/5562 1873/2074/5564 1885/2075/5565 1884/2073/5563
f 1873/2074/5564 1874/2076/5566 1886/2077/5567 1885/2075/5565
f 1874/2076/5566 1875/2078/5568 1887/2079/5569 1886/2077/5567
f 1875/2078/5568 1864/2056/5546 1876/2059/5549 1887/2079/5569
s 259
f 1865/2057/5570 1864/2056/5571 1888/2080/5572
f 1866/2060/5573 1865/2057/5570 1888/2080/5572
f 1867/2062/5574 1866/2060/5573 1888/2080/5572
f 1868/2064/5575 1867/2062/5574 1888/2080/5572
f 1869/2066/5576 1868/2064/5575 1888/2080/5572
f 1870/2068/5577 1869/2066/5576 1888/2080/5572
f 1871/2070/5578 1870/2068/5577 1888/2080/5572
f 1872/2072/5579 1871/2070/5578 1888/2080/5572
f 1873/2074/5580 1872/2072/5579 1888/2080/5572
f 1874/2076/5581 1873/2074/5580 1888/2080/5572
f 1875/2078/5582 1874/2076/5581 1888/2080/5572
f 1864/2056/5571 1875/2078/5582 1888/2080/5572
s 260
f 1876/2059/5583 1877/2058/5584 1889/2081/5585
f 1877/2058/5584 1878/2061/5586 1889/2081/5585
f 1878/2061/5586 1879/2063/5587 1889/2081/5585
f 1879/2063/5587 1880/2065/5588 1889/2081/5585
f 1880/2065/5588 1881/2067/5589 1889/2081/5585
f 1881/2067/5589 1882/2069/5590 1889/2081/5585
f 1882/2069/5590 1883/2071/5591 1889/2081/5585
f 1883/2071/5591 1884/2073/5592 1889/2081/5585
f 1884/2073/5592 1885/2075/5593 1889/2081/5585
f 1885/2075/5593 1886/2077/5594 1889/2081/5585
f 1886/2077/5594 1887/2079/5595 1889/2081/5585
f 1887/2079/5595 1876/2059/5583 1889/2081/5585
s 261
f 1890/2082/5596 1891/2083/5597 1903/2084/5598 1902/2085/5599
f 1891/2083/5597 1892/2086/5600 1904/2087/5601 1903/2084/5598
f 1892/2086/5600 1893/2088/5602 1905/2089/5603 1904/2087/5601
f 1893/2088/5602 1894/2090/5604 1906/2091/5605 1905/2089/5603
f 1894/2090/5604 1895/2092/5606 1907/2093/5607 1906/2091/5605
f 1895/2092/5606 1896/2094/5608 1908/2095/5609 1907/2093/5607
f 1896/2094/5608 1897/2096/5610 1909/2097/5611 1908/2095/5609
f 1897/2096/5610 1898/2098/5612 1910/2099/5613 1909/2097/5611
f 1898/2098/5612 1899/2100/5614 1911/2101/5615 1910/2099/5613
f 1899/2100/5614 1900/2102/5616 1912/2103/5617 1911/2101/5615
f 1900/2102/5616 1901/2104/5618 1913/2105/5619 1912/2103/5617
f 1901/2104/5618 1890/2082/5596 1902/2085/5599 1913/2105/5619
s 262
f 1891/2083/5620 1890/2082/5621 1914/2106/5622
f 1892/2086/5623 1891/2083/5620 1914/2106/5622
f 1893/2088/5624 1892/2086/5623 1914/2106/5622
f 1894/2090/5625 1893/2088/5624 1914/2106/5622
f 1895/2092/5626 1894/2090/5625 1914/2106/5622
f 1896/2094/5627 1895/2092/5626 1914/2106/5622
f 1897/2096/5628 1896/2094/5627 1914/2106/5622
f 1898/2098/5629 1897/2096/5628 1914/2106/5622
f 1899/2100/5630 1898/2098/5629 1914/2106/5622
f 1900/2102/5631 1899/2100/5630 1914/2106/5622
f 1901/2104/5632 1900/2102/5631 1914/2106/5622
f 1890/2082/5621 1901/2104/5632 1914/2106/5622
s 263
f 1902/2085/5633 1903/2084/5634 1915/2107/5635
f 1903/2084/5634 1904/2087/5636 1915/2107/5635
f 1904/2087/5636 1905/2089/5637 1915/2107/5635
f 1905/2089/5637 1906/2091/5638 1915/2107/5635
f 1906/2091/5638 1907/2093/5639 1915/2107/5635
f 1907/2093/5639 1908/2095/5640 1915/2107/5635
f 1908/2095/5640 1909/2097/5641 1915/2107/5635
f 1909/2097/5641 1910/2099/5642 1915/2107/5635
f 1910/2099/5642 1911/2101/5643 1915/2107/5635
f 1911/2101/5643 1912/2103/5644 1915/2107/5635
f 1912/2103/5644 1913/2105/5645 1915/2107/5635
f 1913/2105/5645 1902/2085/5633 1915/2107/5635
s 264
f 1916/2108/5646 1928/2109/5647 1929/2110/5648 1924/2111/5649
f 1918/2112/5650 1930/2113/5651 1949/2114/5652 1940/2115/5653
f 1925/2116/5654 1932/2117/5655 1933/2118/5656 1922/2119/5657
f 1942/2120/5658 1943/2121/5659 1928/2109/5647 1916/2108/5646
f 1917/2122/5660 1945/2123/5661 1946/2124/5662 1927/2125/5663
f 1941/2126/5664 1942/2120/5658 1916/2108/5646 1924/2111/5665
f 1940/2115/5653 1941/2126/5664 1924/2111/5665 1918/2112/5650
f 1920/2127/5666 1931/2128/5667 1932/2117/5655 1925/2116/5654
f 1927/2125/5663 1946/2124/5662 1947/2129/5668 1919/2130/5669
f 1924/2111/5649 1929/2110/5648 1930/2113/5651 1918/2112/5650
f 1934/2131/5670 1935/2132/5671 1917/2122/5660 1927/2125/5672
f 1939/2133/5673 1934/2131/5670 1927/2125/5672 1919/2130/5669
f 1947/2129/5668 1948/2134/5674 1939/2133/5673 1919/2130/5669
f 1937/2135/5675 1938/2136/5676 1921/2137/5677 1926/2138/5678
f 1936/2139/5679 1937/2135/5675 1926/2138/5678 1923/2140/5680
f 1935/2132/5671 1944/2141/5681 1945/2123/5661 1917/2122/5660
f 1929/2110/5648 1928/2109/5647 1935/2132/5671 1934/2131/5670
f 1928/2109/5647 1943/2121/5659 1944/2141/5681 1935/2132/5671
f 1933/2118/5656 1932/2117/5655 1937/2135/5675 1936/2139/5679
f 1932/2117/5655 1931/2128/5667 1938/2136/5676 1937/2135/5675
f 1948/2134/5674 1949/2114/5652 1930/2113/5651 1939/2133/5673
f 1930/2113/5651 1929/2110/5648 1934/2131/5670 1939/2133/5673
f 1925/2116/5682 1951/2142/5683 1952/2143/5684 1920/2127/5666
f 1922/2119/5657 1950/2144/5685 1951/2142/5683 1925/2116/5682
f 1922/2119/5657 1933/2118/5656 1959/2145/5686 1950/2144/5685
f 1958/2146/5687 1959/2145/5686 1933/2118/5656 1936/2139/5679
f 1957/2147/5688 1958/2146/5687 1936/2139/5679 1923/2140/5680
f 1956/2148/5689 1957/2147/5688 1923/2140/5680 1926/2138/5690
f 1955/2149/5691 1956/2148/5689 1926/2138/5690 1921/2137/5677
f 1938/2136/5676 1954/2150/5692 1955/2149/5691 1921/2137/5677
f 1931/2128/5667 1953/2151/5693 1954/2150/5692 1938/2136/5676
f 1952/2143/5684 1953/2151/5693 1931/2128/5667 1920/2127/5666
f 1951/2142/5683 1950/2144/5685 1942/2120/5658 1941/2126/5664
f 1952/2143/5684 1951/2142/5683 1941/2126/5664 1940/2115/5653
f 1940/2115/5653 1949/2114/5652 1953/2151/5693 1952/2143/5684
f 1954/2150/5692 1953/2151/5693 1949/2114/5652 1948/2134/5674
f 1955/2149/5691 1954/2150/5692 1948/2134/5674 1947/2129/5668
f 1947/2129/5668 1946/2124/5662 1956/2148/5689 1955/2149/5691
f 1946/2124/5662 1945/2123/5661 1957/2147/5688 1956/2148/5689
f 1945/2123/5661 1944/2141/5681 1958/2146/5687 1957/2147/5688
f 1944/2141/5681 1943/2121/5659 1959/2145/5686 1958/2146/5687
f 1950/2144/5685 1959/2145/5686 1943/2121/5659 1942/2120/5658
s 268
f 1960/2152/5694 1961/2153/5695 1973/2154/5696 1972/2155/5697
f 1961/2153/5695 1962/2156/5698 1974/2157/5699 1973/2154/5696
f 1962/2156/5698 1963/2158/5700 1975/2159/5701 1974/2157/5699
f 1963/2158/5700 1964/2160/5702 1976/2161/5703 1975/2159/5701
f 1964/2160/5702 1965/2162/5704 1977/2163/5705 1976/2161/5703
f 1965/2162/5704 1966/2164/5706 1978/2165/5707 1977/2163/5705
f 1966/2164/5706 1967/2166/5708 1979/2167/5709 1978/2165/5707
f 1967/2166/5708 1968/2168/5710 1980/2169/5711 1979/2167/5709
f 1968/2168/5710 1969/2170/5712 1981/2171/5713 1980/2169/5711
f 1969/2170/5712 1970/2172/5714 1982/2173/5715 1981/2171/5713
f 1970/2172/5714 1971/2174/5716 1983/2175/5717 1982/2173/5715
f 1971/2174/5716 1960/2152/5694 1972/2155/5697 1983/2175/5717
s 269
f 1961/2153/5718 1960/2152/5719 1984/2176/5720
f 1962/2156/5721 1961/2153/5718 1984/2176/5720
f 1963/2158/5722 1962/2156/5721 1984/2176/5720
f 1964/2160/5723 1963/2158/5722 1984/2176/5720
f 1965/2162/5724 1964/2160/5723 1984/2176/5720
f 1966/2164/5725 1965/2162/5724 1984/2176/5720
f 1967/2166/5726 1966/2164/5725 1984/2176/5720
f 1968/2168/5727 1967/2166/5726 1984/2176/5720
f 1969/2170/5728 1968/2168/5727 1984/2176/5720
f 1970/2172/5729 1969/2170/5728 1984/2176/5720
f 1971/2174/5730 1970/2172/5729 1984/2176/5720
f 1960/2152/5719 1971/2174/5730 1984/2176/5720
s 270
f 1972/2155/5731 1973/2154/5732 1985/2177/5733
f 1973/2154/5732 1974/2157/5734 1985/2177/5733
f 1974/2157/5734 1975/2159/5735 1985/2177/5733
f 1975/2159/5735 1976/2161/5736 1985/2177/5733
f 1976/2161/5736 1977/2163/5737 1985/2177/5733
f 1977/2163/5737 1978/2165/5738 1985/2177/5733
f 1978/2165/5738 1979/2167/5739 1985/2177/5733
f 1979/2167/5739 1980/2169/5740 1985/2177/5733
f 1980/2169/5740 1981/2171/5741 1985/2177/5733
f 1981/2171/5741 1982/2173/5742 1985/2177/5733
f 1982/2173/5742 1983/2175/5743 1985/2177/5733
f 1983/2175/5743 1972/2155/5731 1985/2177/5733
s off
f 1998/2178/5744 1986/2179/5745 1995/2180/5746 1994/2181/5747
f 2002/2182/5748 1988/2183/5749 1997/2184/5750 1999/2185/5751
f 2006/2186/5752 1990/2187/5753 2001/2188/5754 2003/2189/5755
f 2009/2190/5756 1992/2191/5757 2005/2192/5758 2007/2193/5759
f 1996/2194/5760 1987/2195/5761 2008/2196/5762 2010/2197/5763
f 2006/2186/5764 1992/2191/5765 2009/2190/5766 2011/2198/5767
f 1995/2180/5768 1987/2195/5769 1996/2194/5770 1994/2181/5771
f 1996/2194/5772 1989/2199/5773 1997/2184/5774 1994/2181/5775
f 1997/2184/5776 1988/2183/5777 1998/2178/5778 1994/2181/5779
f 1997/2184/5780 1989/2199/5781 2000/2200/5782 1999/2185/5783
f 2000/2200/5784 1991/2201/5785 2001/2188/5786 1999/2185/5787
f 2001/2188/5788 1990/2187/5789 2002/2182/5790 1999/2185/5791
f 2001/2188/5792 1991/2201/5793 2004/2202/5794 2003/2189/5795
f 2004/2202/5796 1993/2203/5797 2005/2192/5798 2003/2189/5799
f 2005/2192/5800 1992/2191/5801 2006/2186/5802 2003/2189/5803
f 2005/2192/5804 1993/2203/5805 2008/2196/5806 2007/2193/5807
f 2008/2196/5808 1987/2195/5809 1995/2180/5810 2007/2193/5811
f 1995/2180/5812 1986/2179/5813 2009/2190/5814 2007/2193/5815
f 2008/2196/5816 1993/2203/5817 2004/2202/5818 2010/2197/5819
f 2004/2202/5820 1991/2201/5821 2000/2200/5822 2010/2197/5823
f 2000/2200/5824 1989/2199/5825 1996/2194/5826 2010/2197/5827
f 2009/2190/5828 1986/2179/5829 1998/2178/5830 2011/2198/5831
f 1998/2178/5832 1988/2183/5833 2002/2182/5834 2011/2198/5835
f 2002/2182/5836 1990/2187/5837 2006/2186/5838 2011/2198/5839
s 271
f 2012/2204/5840 2013/2205/5841 2019/2206/5842 2018/2207/5843
s off
f 2014/2208/5844 2015/2209/5845 2039/2210/5846 2028/2211/5847
f 2035/2212/5848 2036/2213/5849 2013/2205/5850 2012/2204/5851
s 272
f 2013/2205/5852 2036/2213/5853 2037/2214/5854 2019/2206/5855
s 273
usemtl lambert11SG
f 2031/2215/5856 2032/2216/5857 2025/2217/5858 2026/2218/5859
s 272
usemtl lambert10SG
f 2017/2219/5860 2038/2220/5861 2039/2210/5862 2015/2209/5863
s 271
f 2016/2221/5864 2017/2219/5865 2015/2209/5866 2014/2208/5867
s 272
f 2019/2206/5855 2037/2214/5854 2038/2220/5861 2017/2219/5860
s 271
f 2018/2207/5843 2019/2206/5842 2017/2219/5865 2016/2221/5864
s off
f 2034/2222/5868 2035/2212/5869 2012/2204/5870 2020/2223/5871
f 2012/2204/5872 2018/2207/5873 2021/2224/5874 2020/2223/5875
f 2018/2207/5876 2016/2221/5877 2022/2225/5878 2021/2224/5879
f 2016/2221/5880 2014/2208/5881 2023/2226/5882 2022/2225/5883
f 2014/2208/5884 2028/2211/5885 2029/2227/5886 2023/2226/5887
s 274
f 2033/2228/5888 2034/2222/5889 2020/2223/5890 2024/2229/5891
s off
f 2020/2223/5892 2021/2224/5893 2025/2230/5894 2024/2229/5895
f 2021/2224/5896 2022/2225/5897 2026/2231/5898 2025/2230/5899
f 2022/2225/5900 2023/2226/5901 2027/2232/5902 2026/2231/5903
s 275
f 2023/2226/5904 2029/2227/5905 2030/2233/5906 2027/2232/5907
s 273
usemtl lambert11SG
f 2032/2216/5857 2033/2234/5908 2024/2235/5909 2025/2217/5858
f 2030/2236/5910 2031/2215/5856 2026/2218/5859 2027/2237/5911
s off
usemtl lambert10SG
f 2065/2238/5912 2064/2239/5913 2066/2240/5914 2067/2241/5915
s 274
f 2042/2242/5916 2041/2243/5917 2034/2222/5889 2033/2228/5888
s 273
usemtl lambert11SG
f 2043/2244/5918 2042/2245/5919 2033/2234/5908 2032/2216/5857
f 2044/2246/5920 2043/2244/5918 2032/2216/5857 2031/2215/5856
f 2045/2247/5921 2044/2246/5920 2031/2215/5856 2030/2236/5910
s 275
usemtl lambert10SG
f 2030/2233/5906 2029/2227/5905 2046/2248/5922 2045/2249/5923
s off
f 2071/2250/5924 2070/2251/5925 2072/2252/5926 2073/2253/5927
f 2053/2254/5928 2052/2255/5929 2054/2256/5930 2055/2257/5931
s 276
f 2052/2255/5932 2056/2258/5933 2057/2259/5934 2054/2256/5935
f 2056/2258/5933 2058/2260/5936 2059/2261/5937 2057/2259/5934
f 2058/2260/5936 2152/2262/5938 2153/2263/5939 2059/2261/5937
s off
f 2062/2264/5940 2061/2265/5941 2060/2266/5942 2063/2267/5943
s 275
f 2045/2249/5923 2046/2248/5922 2078/2268/5944 2077/2269/5945
s 277
f 2046/2248/5946 2047/2270/5947 2079/2271/5948 2078/2268/5949
s 278
f 2047/2270/5950 2048/2272/5951 2080/2273/5952 2079/2271/5953
s 279
f 2048/2272/5954 2049/2274/5955 2085/2275/5956 2080/2273/5957
f 2049/2274/5955 2050/2276/5958 2086/2277/5959 2085/2275/5956
f 2050/2276/5958 2051/2278/5960 2087/2279/5961 2086/2277/5959
s off
f 2028/2280/5962 2039/2281/5963 2052/2255/5964 2053/2254/5965
f 2048/2282/5966 2047/2283/5967 2055/2257/5968 2054/2256/5969
f 2072/2252/5970 2070/2251/5971 2074/2284/5972 2075/2285/5973
f 2039/2281/5974 2038/2286/5975 2056/2258/5976 2052/2255/5977
f 2049/2287/5978 2048/2282/5979 2054/2256/5980 2057/2259/5981
f 2038/2286/5982 2037/2288/5983 2058/2260/5984 2056/2258/5985
f 2050/2289/5986 2049/2287/5987 2057/2259/5988 2059/2261/5989
s 280
f 2037/2288/5990 2036/2290/5991 2152/2262/5992 2058/2260/5993
s 281
f 2051/2291/5994 2050/2289/5995 2059/2261/5996 2153/2263/5997
s off
f 2040/2292/5998 2051/2291/5999 2061/2265/6000 2062/2264/6001
f 2036/2290/6002 2035/2293/6003 2063/2267/6004 2060/2266/6005
f 2066/2240/6006 2064/2239/6007 2068/2294/6008 2069/2295/6009
f 2041/2296/6010 2040/2292/6011 2064/2239/6012 2065/2238/6013
f 2035/2293/6014 2034/2297/6015 2067/2241/6016 2066/2240/6017
f 2034/2297/6018 2041/2296/6019 2065/2238/6020 2067/2241/6021
f 2040/2292/6022 2062/2264/6023 2068/2294/6024 2064/2239/6025
f 2062/2264/6026 2063/2267/6027 2069/2295/6028 2068/2294/6029
f 2063/2267/6030 2035/2293/6031 2066/2240/6032 2069/2295/6033
f 2029/2298/6034 2028/2280/6035 2070/2251/6036 2071/2250/6037
f 2047/2283/6038 2046/2299/6039 2073/2253/6040 2072/2252/6041
f 2046/2299/6042 2029/2298/6043 2071/2250/6044 2073/2253/6045
f 2028/2280/6046 2053/2254/6047 2074/2284/6048 2070/2251/6049
f 2053/2254/6050 2055/2257/6051 2075/2285/6052 2074/2284/6053
f 2055/2257/6054 2047/2283/6055 2072/2252/6056 2075/2285/6057
s 282
f 2082/2300/6058 2081/2301/6059 2040/2302/6060 2041/2243/6061
s 274
f 2083/2303/6062 2082/2300/6063 2041/2243/5917 2042/2242/5916
s 273
usemtl lambert11SG
f 2084/2304/6064 2083/2305/6065 2042/2245/5919 2043/2244/5918
f 2076/2306/6066 2084/2304/6064 2043/2244/5918 2044/2246/5920
f 2077/2307/6067 2076/2306/6066 2044/2246/5920 2045/2247/5921
s 283
usemtl lambert10SG
f 2081/2301/6068 2087/2279/6069 2051/2278/6070 2040/2302/6071
s 284
f 2088/2308/6072 2094/2309/6073 2095/2310/6074 2089/2311/6075
s off
f 2090/2312/6076 2104/2313/6077 2115/2314/6078 2091/2315/6079
f 2111/2316/6080 2088/2308/6081 2089/2311/6082 2112/2317/6083
s 285
f 2089/2311/6084 2095/2310/6085 2113/2318/6086 2112/2317/6087
s 273
usemtl lambert11SG
f 2107/2319/6088 2102/2320/6089 2101/2321/6090 2108/2322/6091
s 285
usemtl lambert10SG
f 2093/2323/6092 2091/2315/6093 2115/2314/6094 2114/2324/6095
s 284
f 2092/2325/6096 2090/2312/6097 2091/2315/6098 2093/2323/6099
s 285
f 2095/2310/6085 2093/2323/6092 2114/2324/6095 2113/2318/6086
s 284
f 2094/2309/6073 2092/2325/6096 2093/2323/6099 2095/2310/6074
s off
f 2110/2326/6100 2096/2327/6101 2088/2308/6102 2111/2316/6103
f 2088/2308/6104 2096/2327/6105 2097/2328/6106 2094/2309/6107
f 2094/2309/6108 2097/2328/6109 2098/2329/6110 2092/2325/6111
f 2092/2325/6112 2098/2329/6113 2099/2330/6114 2090/2312/6115
f 2090/2312/6116 2099/2330/6117 2105/2331/6118 2104/2313/6119
s 274
f 2109/2332/6120 2100/2333/6121 2096/2327/6122 2110/2326/6123
s off
f 2096/2327/6124 2100/2333/6125 2101/2334/6126 2097/2328/6127
f 2097/2328/6128 2101/2334/6129 2102/2335/6130 2098/2329/6131
f 2098/2329/6132 2102/2335/6133 2103/2336/6134 2099/2330/6135
s 275
f 2099/2330/6136 2103/2336/6137 2106/2337/6138 2105/2331/6139
s 273
usemtl lambert11SG
f 2108/2322/6091 2101/2321/6090 2100/2338/6140 2109/2339/6141
f 2106/2340/6142 2103/2341/6143 2102/2320/6089 2107/2319/6088
s off
usemtl lambert10SG
f 2141/2342/6144 2143/2343/6145 2142/2344/6146 2140/2345/6147
s 274
f 2118/2346/6148 2109/2332/6120 2110/2326/6123 2117/2347/6149
s 273
usemtl lambert11SG
f 2119/2348/6150 2108/2322/6091 2109/2339/6141 2118/2349/6151
f 2120/2350/6152 2107/2319/6088 2108/2322/6091 2119/2348/6150
f 2121/2351/6153 2106/2340/6142 2107/2319/6088 2120/2350/6152
s 275
usemtl lambert10SG
f 2106/2337/6138 2121/2352/6154 2122/2353/6155 2105/2331/6139
s off
f 2147/2354/6156 2149/2355/6157 2148/2356/6158 2146/2357/6159
f 2129/2358/6160 2131/2359/6161 2130/2360/6162 2128/2361/6163
s 289
f 2128/2361/6164 2130/2360/6165 2133/2362/6166 2132/2363/6167
f 2132/2363/6167 2133/2362/6166 2135/2364/6168 2134/2365/6169
f 2134/2365/6169 2135/2364/6168 2154/2366/6170 2155/2367/6171
s off
f 2138/2368/6172 2139/2369/6173 2136/2370/6174 2137/2371/6175
s 275
f 2121/2352/6154 2077/2269/5945 2078/2268/5944 2122/2353/6155
s 277
f 2122/2353/6176 2078/2268/5949 2079/2271/5948 2123/2372/6177
s 278
f 2123/2372/6178 2079/2271/5953 2080/2273/5952 2124/2373/6179
s 279
f 2124/2373/6180 2080/2273/5957 2085/2275/5956 2125/2374/6181
f 2125/2374/6181 2085/2275/5956 2086/2277/5959 2126/2375/6182
f 2126/2375/6182 2086/2277/5959 2087/2279/5961 2127/2376/6183
s off
f 2104/2377/6184 2129/2358/6185 2128/2361/6186 2115/2378/6187
f 2124/2379/6188 2130/2360/6189 2131/2359/6190 2123/2380/6191
f 2148/2356/6192 2151/2381/6193 2150/2382/6194 2146/2357/6195
f 2115/2378/6196 2128/2361/6197 2132/2363/6198 2114/2383/6199
f 2125/2384/6200 2133/2362/6201 2130/2360/6202 2124/2379/6203
f 2114/2383/6204 2132/2363/6205 2134/2365/6206 2113/2385/6207
f 2126/2386/6208 2135/2364/6209 2133/2362/6210 2125/2384/6211
s 290
f 2113/2385/6212 2134/2365/6213 2155/2367/6214 2112/2387/6215
s 291
f 2127/2388/6216 2154/2366/6217 2135/2364/6218 2126/2386/6219
s off
f 2116/2389/6220 2138/2368/6221 2137/2371/6222 2127/2388/6223
f 2112/2387/6224 2136/2370/6225 2139/2369/6226 2111/2390/6227
f 2142/2344/6228 2145/2391/6229 2144/2392/6230 2140/2345/6231
f 2117/2393/6232 2141/2342/6233 2140/2345/6234 2116/2389/6235
f 2111/2390/6236 2142/2344/6237 2143/2343/6238 2110/2394/6239
f 2110/2394/6240 2143/2343/6241 2141/2342/6242 2117/2393/6243
f 2116/2389/6244 2140/2345/6245 2144/2392/6246 2138/2368/6247
f 2138/2368/6248 2144/2392/6249 2145/2391/6250 2139/2369/6251
f 2139/2369/6252 2145/2391/6253 2142/2344/6254 2111/2390/6255
f 2105/2395/6256 2147/2354/6257 2146/2357/6258 2104/2377/6259
f 2123/2380/6260 2148/2356/6261 2149/2355/6262 2122/2396/6263
f 2122/2396/6264 2149/2355/6265 2147/2354/6266 2105/2395/6267
f 2104/2377/6268 2146/2357/6269 2150/2382/6270 2129/2358/6271
f 2129/2358/6272 2150/2382/6273 2151/2381/6274 2131/2359/6275
f 2131/2359/6276 2151/2381/6277 2148/2356/6278 2123/2380/6279
s 282
f 2082/2300/6058 2117/2347/6280 2116/2397/6281 2081/2301/6059
s 274
f 2083/2303/6062 2118/2346/6148 2117/2347/6149 2082/2300/6063
s 273
usemtl lambert11SG
f 2084/2304/6064 2119/2348/6150 2118/2349/6151 2083/2305/6065
f 2076/2306/6066 2120/2350/6152 2119/2348/6150 2084/2304/6064
f 2077/2307/6067 2121/2351/6153 2120/2350/6152 2076/2306/6066
s 283
usemtl lambert10SG
f 2081/2301/6068 2116/2397/6282 2127/2376/6283 2087/2279/6069
s 280
f 2152/2262/5992 2036/2290/5991 2060/2266/6284
s off
f 2157/2398/6285 2156/2399/6286 2158/2400/6287 2159/2401/6288
s 281
f 2051/2291/5994 2153/2263/5997 2061/2265/6289
s 291
f 2127/2388/6216 2137/2371/6290 2154/2366/6217
s off
f 2161/2402/6291 2160/2403/6292 2162/2404/6293 2163/2405/6294
s 290
f 2112/2387/6215 2155/2367/6214 2136/2370/6295
s off
f 2153/2263/6296 2152/2262/6297 2156/2399/6298 2157/2398/6299
f 2152/2262/6300 2060/2266/6301 2158/2400/6302 2156/2399/6303
f 2060/2266/6304 2061/2265/6305 2159/2401/6306 2158/2400/6307
f 2061/2265/6308 2153/2263/6309 2157/2398/6310 2159/2401/6311
f 2155/2367/6312 2154/2366/6313 2160/2403/6314 2161/2402/6315
f 2154/2366/6316 2137/2371/6317 2162/2404/6318 2160/2403/6319
f 2137/2371/6320 2136/2370/6321 2163/2405/6322 2162/2404/6323
f 2136/2370/6324 2155/2367/6325 2161/2402/6326 2163/2405/6327
s 292
f 2164/2406/6328 2165/2407/6329 2177/2408/6330 2176/2409/6331
f 2165/2407/6329 2166/2410/6332 2178/2411/6333 2177/2408/6330
f 2166/2410/6332 2167/2412/6334 2179/2413/6335 2178/2411/6333
f 2167/2412/6334 2168/2414/6336 2180/2415/6337 2179/2413/6335
f 2168/2414/6336 2169/2416/6338 2181/2417/6339 2180/2415/6337
f 2169/2416/6338 2170/2418/6340 2182/2419/6341 2181/2417/6339
f 2170/2418/6340 2171/2420/6342 2183/2421/6343 2182/2419/6341
f 2171/2420/6342 2172/2422/6344 2184/2423/6345 2183/2421/6343
f 2172/2422/6344 2173/2424/6346 2185/2425/6347 2184/2423/6345
f 2173/2424/6346 2174/2426/6348 2186/2427/6349 2185/2425/6347
f 2174/2426/6348 2175/2428/6350 2187/2429/6351 2186/2427/6349
f 2175/2428/6350 2164/2406/6328 2176/2409/6331 2187/2429/6351
s 293
f 2428/2430/6352 2429/2431/6353 2430/2432/6354
f 2429/2431/6353 2431/2433/6355 2430/2432/6354
f 2431/2433/6355 2432/2434/6356 2430/2432/6354
f 2432/2434/6356 2433/2435/6357 2430/2432/6354
f 2433/2435/6357 2434/2436/6358 2430/2432/6354
f 2434/2436/6358 2435/2437/6359 2430/2432/6354
f 2435/2437/6359 2436/2438/6360 2430/2432/6354
f 2436/2438/6360 2437/2439/6361 2430/2432/6354
f 2437/2439/6361 2438/2440/6362 2430/2432/6354
f 2438/2440/6362 2439/2441/6363 2430/2432/6354
f 2439/2441/6363 2440/2442/6364 2430/2432/6354
f 2440/2442/6364 2428/2430/6352 2430/2432/6354
s 294
f 2176/2443/6365 2177/2444/6366 2189/2445/6367 2188/2446/6368
s off
f 2177/2444/6369 2178/2447/6370 2190/2448/6371 2189/2445/6372
f 2178/2447/6373 2179/2449/6374 2191/2450/6375 2190/2448/6376
f 2179/2449/6377 2180/2451/6378 2192/2452/6379 2191/2450/6380
f 2180/2451/6381 2181/2453/6382 2193/2454/6383 2192/2452/6384
s 295
f 2181/2453/6385 2182/2455/6386 2194/2456/6387 2193/2454/6388
f 2182/2455/6386 2183/2457/6389 2195/2458/6390 2194/2456/6387
s off
f 2183/2457/6391 2184/2459/6392 2196/2460/6393 2195/2458/6394
s 296
f 2184/2459/6395 2185/2461/6396 2197/2462/6397 2196/2460/6398
f 2185/2461/6396 2186/2463/6399 2198/2464/6400 2197/2462/6397
f 2186/2463/6399 2187/2465/6401 2199/2466/6402 2198/2464/6400
s 294
f 2187/2465/6403 2176/2443/6365 2188/2446/6368 2199/2466/6404
s 297
f 2188/2446/6405 2189/2445/6406 2201/2467/6407 2200/2468/6408
s off
f 2189/2445/6409 2190/2448/6410 2202/2469/6411 2201/2467/6412
f 2190/2448/6413 2191/2450/6414 2203/2470/6415 2202/2469/6416
f 2191/2450/6417 2192/2452/6418 2204/2471/6419 2203/2470/6420
f 2192/2452/6421 2193/2454/6422 2205/2472/6423 2204/2471/6424
f 2193/2454/6425 2194/2456/6426 2206/2473/6427 2205/2472/6428
f 2194/2456/6429 2195/2458/6430 2207/2474/6431 2206/2473/6432
f 2195/2458/6433 2196/2460/6434 2208/2475/6435 2207/2474/6436
f 2196/2460/6437 2197/2462/6438 2209/2476/6439 2208/2475/6440
f 2197/2462/6441 2198/2464/6442 2210/2477/6443 2209/2476/6444
f 2198/2464/6445 2199/2466/6446 2211/2478/6447 2210/2477/6448
s 297
f 2199/2466/6449 2188/2446/6405 2200/2468/6408 2211/2478/6450
s 298
f 2200/2468/6451 2201/2467/6452 2213/2479/6453 2212/2480/6454
s off
f 2201/2467/6455 2202/2469/6456 2214/2481/6457 2213/2479/6458
f 2202/2469/6459 2203/2470/6460 2215/2482/6461 2214/2481/6462
f 2203/2470/6463 2204/2471/6464 2216/2483/6465 2215/2482/6466
f 2204/2471/6467 2205/2472/6468 2217/2484/6469 2216/2483/6470
s 299
f 2205/2472/6471 2206/2473/6472 2218/2485/6473 2217/2484/6474
f 2206/2473/6472 2207/2474/6475 2219/2486/6476 2218/2485/6473
s off
f 2207/2474/6477 2208/2475/6478 2220/2487/6479 2219/2486/6480
s 300
f 2208/2475/6481 2209/2476/6482 2221/2488/6483 2220/2487/6484
f 2209/2476/6482 2210/2477/6485 2222/2489/6486 2221/2488/6483
f 2210/2477/6485 2211/2478/6487 2223/2490/6488 2222/2489/6486
s 298
f 2211/2478/6489 2200/2468/6451 2212/2480/6454 2223/2490/6490
s 301
f 2212/2491/6491 2213/2492/6492 2225/2493/6493 2224/2494/6494
f 2213/2492/6492 2214/2495/6495 2226/2496/6496 2225/2493/6493
f 2214/2495/6495 2215/2497/6497 2227/2498/6498 2226/2496/6496
f 2215/2497/6497 2216/2499/6499 2228/2500/6500 2227/2498/6498
f 2216/2499/6499 2217/2501/6501 2229/2502/6502 2228/2500/6500
f 2217/2501/6501 2218/2503/6503 2230/2504/6504 2229/2502/6502
f 2218/2503/6503 2219/2505/6505 2231/2506/6506 2230/2504/6504
f 2219/2505/6505 2220/2507/6507 2232/2508/6508 2231/2506/6506
f 2220/2507/6507 2221/2509/6509 2233/2510/6510 2232/2508/6508
f 2221/2509/6509 2222/2511/6511 2234/2512/6512 2233/2510/6510
f 2222/2511/6511 2223/2513/6513 2235/2514/6514 2234/2512/6512
f 2223/2513/6513 2212/2491/6491 2224/2494/6494 2235/2514/6514
s 302
f 2224/2515/6515 2225/2516/6516 2237/2517/6517 2236/2518/6518
s off
f 2225/2516/6519 2226/2519/6520 2238/2520/6521 2237/2517/6522
f 2226/2519/6523 2227/2521/6524 2239/2522/6525 2238/2520/6526
f 2227/2521/6527 2228/2523/6528 2240/2524/6529 2239/2522/6530
f 2228/2523/6531 2229/2525/6532 2241/2526/6533 2240/2524/6534
s 303
f 2229/2525/6535 2230/2527/6536 2242/2528/6537 2241/2526/6538
f 2230/2527/6536 2231/2529/6539 2243/2530/6540 2242/2528/6537
s off
f 2231/2529/6541 2232/2531/6542 2244/2532/6543 2243/2530/6544
s 304
f 2232/2531/6545 2233/2533/6546 2245/2534/6547 2244/2532/6548
f 2233/2533/6546 2234/2535/6549 2246/2536/6550 2245/2534/6547
f 2234/2535/6549 2235/2537/6551 2247/2538/6552 2246/2536/6550
s 302
f 2235/2537/6553 2224/2515/6515 2236/2518/6518 2247/2538/6554
s 305
f 2236/2518/6555 2237/2517/6556 2249/2539/6557 2248/2540/6558
s off
f 2237/2517/6559 2238/2520/6560 2250/2541/6561 2249/2539/6562
f 2238/2520/6563 2239/2522/6564 2251/2542/6565 2250/2541/6566
f 2239/2522/6567 2240/2524/6568 2252/2543/6569 2251/2542/6570
f 2240/2524/6571 2241/2526/6572 2253/2544/6573 2252/2543/6574
f 2241/2526/6575 2242/2528/6576 2254/2545/6577 2253/2544/6578
f 2242/2528/6579 2243/2530/6580 2255/2546/6581 2254/2545/6582
f 2243/2530/6583 2244/2532/6584 2256/2547/6585 2255/2546/6586
f 2244/2532/6587 2245/2534/6588 2257/2548/6589 2256/2547/6590
f 2245/2534/6591 2246/2536/6592 2258/2549/6593 2257/2548/6594
f 2246/2536/6595 2247/2538/6596 2259/2550/6597 2258/2549/6598
s 305
f 2247/2538/6599 2236/2518/6555 2248/2540/6558 2259/2550/6600
s 306
f 2248/2540/6601 2249/2539/6602 2261/2551/6603 2260/2552/6604
s off
f 2249/2539/6605 2250/2541/6606 2262/2553/6607 2261/2551/6608
f 2250/2541/6609 2251/2542/6610 2263/2554/6611 2262/2553/6612
f 2251/2542/6613 2252/2543/6614 2264/2555/6615 2263/2554/6616
f 2252/2543/6617 2253/2544/6618 2265/2556/6619 2264/2555/6620
s 307
f 2253/2544/6621 2254/2545/6622 2266/2557/6623 2265/2556/6624
f 2254/2545/6622 2255/2546/6625 2267/2558/6626 2266/2557/6623
s off
f 2255/2546/6627 2256/2547/6628 2268/2559/6629 2267/2558/6630
s 308
f 2256/2547/6631 2257/2548/6632 2269/2560/6633 2268/2559/6634
f 2257/2548/6632 2258/2549/6635 2270/2561/6636 2269/2560/6633
f 2258/2549/6635 2259/2550/6637 2271/2562/6638 2270/2561/6636
s 306
f 2259/2550/6639 2248/2540/6601 2260/2552/6604 2271/2562/6640
s 309
f 2260/2563/6641 2261/2564/6642 2273/2565/6643 2272/2566/6644
f 2261/2564/6642 2262/2567/6645 2274/2568/6646 2273/2565/6643
f 2262/2567/6645 2263/2569/6647 2275/2570/6648 2274/2568/6646
f 2263/2569/6647 2264/2571/6649 2276/2572/6650 2275/2570/6648
f 2264/2571/6649 2265/2573/6651 2277/2574/6652 2276/2572/6650
f 2265/2573/6651 2266/2575/6653 2278/2576/6654 2277/2574/6652
f 2266/2575/6653 2267/2577/6655 2279/2578/6656 2278/2576/6654
f 2267/2577/6655 2268/2579/6657 2280/2580/6658 2279/2578/6656
f 2268/2579/6657 2269/2581/6659 2281/2582/6660 2280/2580/6658
f 2269/2581/6659 2270/2583/6661 2282/2584/6662 2281/2582/6660
f 2270/2583/6661 2271/2585/6663 2283/2586/6664 2282/2584/6662
f 2271/2585/6663 2260/2563/6641 2272/2566/6644 2283/2586/6664
s 310
f 2272/2587/6665 2273/2588/6666 2285/2589/6667 2284/2590/6668
s off
f 2273/2588/6669 2274/2591/6670 2286/2592/6671 2285/2589/6672
f 2274/2591/6673 2275/2593/6674 2287/2594/6675 2286/2592/6676
f 2275/2593/6677 2276/2595/6678 2288/2596/6679 2287/2594/6680
f 2276/2595/6681 2277/2597/6682 2289/2598/6683 2288/2596/6684
f 2277/2597/6685 2278/2599/6686 2290/2600/6687 2289/2598/6688
f 2278/2599/6689 2279/2601/6690 2291/2602/6691 2290/2600/6692
f 2279/2601/6693 2280/2603/6694 2292/2604/6695 2291/2602/6696
f 2280/2603/6697 2281/2605/6698 2293/2606/6699 2292/2604/6700
f 2281/2605/6701 2282/2607/6702 2294/2608/6703 2293/2606/6704
f 2282/2607/6705 2283/2609/6706 2295/2610/6707 2294/2608/6708
s 310
f 2283/2609/6709 2272/2587/6665 2284/2590/6668 2295/2610/6710
s 311
f 2284/2590/6711 2285/2589/6712 2297/2611/6713 2296/2612/6714
s off
f 2285/2589/6715 2286/2592/6716 2298/2613/6717 2297/2611/6718
f 2286/2592/6719 2287/2594/6720 2299/2614/6721 2298/2613/6722
f 2287/2594/6723 2288/2596/6724 2300/2615/6725 2299/2614/6726
f 2288/2596/6727 2289/2598/6728 2301/2616/6729 2300/2615/6730
f 2289/2598/6731 2290/2600/6732 2302/2617/6733 2301/2616/6734
f 2290/2600/6735 2291/2602/6736 2303/2618/6737 2302/2617/6738
f 2291/2602/6739 2292/2604/6740 2304/2619/6741 2303/2618/6742
f 2292/2604/6743 2293/2606/6744 2305/2620/6745 2304/2619/6746
f 2293/2606/6747 2294/2608/6748 2306/2621/6749 2305/2620/6750
f 2294/2608/6751 2295/2610/6752 2307/2622/6753 2306/2621/6754
s 311
f 2295/2610/6755 2284/2590/6711 2296/2612/6714 2307/2622/6756
s 312
f 2296/2612/6757 2297/2611/6758 2309/2623/6759 2308/2624/6760
s off
f 2297/2611/6761 2298/2613/6762 2310/2625/6763 2309/2623/6764
f 2298/2613/6765 2299/2614/6766 2311/2626/6767 2310/2625/6768
f 2299/2614/6769 2300/2615/6770 2312/2627/6771 2311/2626/6772
f 2300/2615/6773 2301/2616/6774 2313/2628/6775 2312/2627/6776
f 2301/2616/6777 2302/2617/6778 2314/2629/6779 2313/2628/6780
f 2302/2617/6781 2303/2618/6782 2315/2630/6783 2314/2629/6784
f 2303/2618/6785 2304/2619/6786 2316/2631/6787 2315/2630/6788
f 2304/2619/6789 2305/2620/6790 2317/2632/6791 2316/2631/6792
f 2305/2620/6793 2306/2621/6794 2318/2633/6795 2317/2632/6796
f 2306/2621/6797 2307/2622/6798 2319/2634/6799 2318/2633/6800
s 312
f 2307/2622/6801 2296/2612/6757 2308/2624/6760 2319/2634/6802
s 313
f 2308/2635/6803 2309/2636/6804 2321/2637/6805 2320/2638/6806
f 2309/2636/6804 2310/2639/6807 2322/2640/6808 2321/2637/6805
f 2310/2639/6807 2311/2641/6809 2323/2642/6810 2322/2640/6808
f 2311/2641/6809 2312/2643/6811 2324/2644/6812 2323/2642/6810
f 2312/2643/6811 2313/2645/6813 2325/2646/6814 2324/2644/6812
f 2313/2645/6813 2314/2647/6815 2326/2648/6816 2325/2646/6814
f 2314/2647/6815 2315/2649/6817 2327/2650/6818 2326/2648/6816
f 2315/2649/6817 2316/2651/6819 2328/2652/6820 2327/2650/6818
f 2316/2651/6819 2317/2653/6821 2329/2654/6822 2328/2652/6820
f 2317/2653/6821 2318/2655/6823 2330/2656/6824 2329/2654/6822
f 2318/2655/6823 2319/2657/6825 2331/2658/6826 2330/2656/6824
f 2319/2657/6825 2308/2635/6803 2320/2638/6806 2331/2658/6826
s 314
f 2320/2659/6827 2321/2660/6828 2333/2661/6829 2332/2662/6830
s off
f 2321/2660/6831 2322/2663/6832 2334/2664/6833 2333/2661/6834
f 2322/2663/6835 2323/2665/6836 2335/2666/6837 2334/2664/6838
f 2323/2665/6839 2324/2667/6840 2336/2668/6841 2335/2666/6842
f 2324/2667/6843 2325/2669/6844 2337/2670/6845 2336/2668/6846
f 2325/2669/6847 2326/2671/6848 2338/2672/6849 2337/2670/6850
f 2326/2671/6851 2327/2673/6852 2339/2674/6853 2338/2672/6854
f 2327/2673/6855 2328/2675/6856 2340/2676/6857 2339/2674/6858
f 2328/2675/6859 2329/2677/6860 2341/2678/6861 2340/2676/6862
f 2329/2677/6863 2330/2679/6864 2342/2680/6865 2341/2678/6866
f 2330/2679/6867 2331/2681/6868 2343/2682/6869 2342/2680/6870
s 314
f 2331/2681/6871 2320/2659/6827 2332/2662/6830 2343/2682/6872
s 315
f 2332/2662/6873 2333/2661/6874 2345/2683/6875 2344/2684/6876
s off
f 2333/2661/6877 2334/2664/6878 2346/2685/6879 2345/2683/6880
f 2334/2664/6881 2335/2666/6882 2347/2686/6883 2346/2685/6884
f 2335/2666/6885 2336/2668/6886 2348/2687/6887 2347/2686/6888
f 2336/2668/6889 2337/2670/6890 2349/2688/6891 2348/2687/6892
f 2337/2670/6893 2338/2672/6894 2350/2689/6895 2349/2688/6896
f 2338/2672/6897 2339/2674/6898 2351/2690/6899 2350/2689/6900
f 2339/2674/6901 2340/2676/6902 2352/2691/6903 2351/2690/6904
f 2340/2676/6905 2341/2678/6906 2353/2692/6907 2352/2691/6908
f 2341/2678/6909 2342/2680/6910 2354/2693/6911 2353/2692/6912
f 2342/2680/6913 2343/2682/6914 2355/2694/6915 2354/2693/6916
s 315
f 2343/2682/6917 2332/2662/6873 2344/2684/6876 2355/2694/6918
s 316
f 2344/2684/6919 2345/2683/6920 2357/2695/6921 2356/2696/6922
s off
f 2345/2683/6923 2346/2685/6924 2358/2697/6925 2357/2695/6926
f 2346/2685/6927 2347/2686/6928 2359/2698/6929 2358/2697/6930
f 2347/2686/6931 2348/2687/6932 2360/2699/6933 2359/2698/6934
f 2348/2687/6935 2349/2688/6936 2361/2700/6937 2360/2699/6938
f 2349/2688/6939 2350/2689/6940 2362/2701/6941 2361/2700/6942
f 2350/2689/6943 2351/2690/6944 2363/2702/6945 2362/2701/6946
f 2351/2690/6947 2352/2691/6948 2364/2703/6949 2363/2702/6950
f 2352/2691/6951 2353/2692/6952 2365/2704/6953 2364/2703/6954
f 2353/2692/6955 2354/2693/6956 2366/2705/6957 2365/2704/6958
f 2354/2693/6959 2355/2694/6960 2367/2706/6961 2366/2705/6962
s 316
f 2355/2694/6963 2344/2684/6919 2356/2696/6922 2367/2706/6964
s 317
f 2356/2707/6965 2357/2708/6966 2369/2709/6967 2368/2710/6968
f 2357/2708/6966 2358/2711/6969 2370/2712/6970 2369/2709/6967
f 2358/2711/6969 2359/2713/6971 2371/2714/6972 2370/2712/6970
f 2359/2713/6971 2360/2715/6973 2372/2716/6974 2371/2714/6972
f 2360/2715/6973 2361/2717/6975 2373/2718/6976 2372/2716/6974
f 2361/2717/6975 2362/2719/6977 2374/2720/6978 2373/2718/6976
f 2362/2719/6977 2363/2721/6979 2375/2722/6980 2374/2720/6978
f 2363/2721/6979 2364/2723/6981 2376/2724/6982 2375/2722/6980
f 2364/2723/6981 2365/2725/6983 2377/2726/6984 2376/2724/6982
f 2365/2725/6983 2366/2727/6985 2378/2728/6986 2377/2726/6984
f 2366/2727/6985 2367/2729/6987 2379/2730/6988 2378/2728/6986
f 2367/2729/6987 2356/2707/6965 2368/2710/6968 2379/2730/6988
f 2368/2710/6968 2369/2709/6967 2381/2731/6989 2380/2732/6990
f 2369/2709/6967 2370/2712/6970 2382/2733/6991 2381/2731/6989
f 2370/2712/6970 2371/2714/6972 2383/2734/6992 2382/2733/6991
f 2371/2714/6972 2372/2716/6974 2384/2735/6993 2383/2734/6992
f 2372/2716/6974 2373/2718/6976 2385/2736/6994 2384/2735/6993
f 2373/2718/6976 2374/2720/6978 2386/2737/6995 2385/2736/6994
f 2374/2720/6978 2375/2722/6980 2387/2738/6996 2386/2737/6995
f 2375/2722/6980 2376/2724/6982 2388/2739/6997 2387/2738/6996
f 2376/2724/6982 2377/2726/6984 2389/2740/6998 2388/2739/6997
f 2377/2726/6984 2378/2728/6986 2390/2741/6999 2389/2740/6998
f 2378/2728/6986 2379/2730/6988 2391/2742/7000 2390/2741/6999
f 2379/2730/6988 2368/2710/6968 2380/2732/6990 2391/2742/7000
f 2380/2732/6990 2381/2731/6989 2393/2743/7001 2392/2744/7002
f 2381/2731/6989 2382/2733/6991 2394/2745/7003 2393/2743/7001
f 2382/2733/6991 2383/2734/6992 2395/2746/7004 2394/2745/7003
f 2383/2734/6992 2384/2735/6993 2396/2747/7005 2395/2746/7004
f 2384/2735/6993 2385/2736/6994 2397/2748/7006 2396/2747/7005
f 2385/2736/6994 2386/2737/6995 2398/2749/7007 2397/2748/7006
f 2386/2737/6995 2387/2738/6996 2399/2750/7008 2398/2749/7007
f 2387/2738/6996 2388/2739/6997 2400/2751/7009 2399/2750/7008
f 2388/2739/6997 2389/2740/6998 2401/2752/7010 2400/2751/7009
f 2389/2740/6998 2390/2741/6999 2402/2753/7011 2401/2752/7010
f 2390/2741/6999 2391/2742/7000 2403/2754/7012 2402/2753/7011
f 2391/2742/7000 2380/2732/6990 2392/2744/7002 2403/2754/7012
f 2392/2744/7002 2393/2743/7001 2405/2755/7013 2404/2756/7014
f 2393/2743/7001 2394/2745/7003 2406/2757/7015 2405/2755/7013
f 2394/2745/7003 2395/2746/7004 2407/2758/7016 2406/2757/7015
f 2395/2746/7004 2396/2747/7005 2408/2759/7017 2407/2758/7016
f 2396/2747/7005 2397/2748/7006 2409/2760/7018 2408/2759/7017
f 2397/2748/7006 2398/2749/7007 2410/2761/7019 2409/2760/7018
f 2398/2749/7007 2399/2750/7008 2411/2762/7020 2410/2761/7019
f 2399/2750/7008 2400/2751/7009 2412/2763/7021 2411/2762/7020
f 2400/2751/7009 2401/2752/7010 2413/2764/7022 2412/2763/7021
f 2401/2752/7010 2402/2753/7011 2414/2765/7023 2413/2764/7022
f 2402/2753/7011 2403/2754/7012 2415/2766/7024 2414/2765/7023
f 2403/2754/7012 2392/2744/7002 2404/2756/7014 2415/2766/7024
f 2404/2756/7014 2405/2755/7013 2417/2767/7025 2416/2768/7026
f 2405/2755/7013 2406/2757/7015 2418/2769/7027 2417/2767/7025
f 2406/2757/7015 2407/2758/7016 2419/2770/7028 2418/2769/7027
f 2407/2758/7016 2408/2759/7017 2420/2771/7029 2419/2770/7028
f 2408/2759/7017 2409/2760/7018 2421/2772/7030 2420/2771/7029
f 2409/2760/7018 2410/2761/7019 2422/2773/7031 2421/2772/7030
f 2410/2761/7019 2411/2762/7020 2423/2774/7032 2422/2773/7031
f 2411/2762/7020 2412/2763/7021 2424/2775/7033 2423/2774/7032
f 2412/2763/7021 2413/2764/7022 2425/2776/7034 2424/2775/7033
f 2413/2764/7022 2414/2765/7023 2426/2777/7035 2425/2776/7034
f 2414/2765/7023 2415/2766/7024 2427/2778/7036 2426/2777/7035
f 2415/2766/7024 2404/2756/7014 2416/2768/7026 2427/2778/7036
f 2416/2768/7026 2417/2767/7025 2429/2431/7037 2428/2430/7038
f 2417/2767/7025 2418/2769/7027 2431/2433/7039 2429/2431/7037
f 2418/2769/7027 2419/2770/7028 2432/2434/7040 2431/2433/7039
f 2419/2770/7028 2420/2771/7029 2433/2435/7041 2432/2434/7040
f 2420/2771/7029 2421/2772/7030 2434/2436/7042 2433/2435/7041
f 2421/2772/7030 2422/2773/7031 2435/2437/7043 2434/2436/7042
f 2422/2773/7031 2423/2774/7032 2436/2438/7044 2435/2437/7043
f 2423/2774/7032 2424/2775/7033 2437/2439/7045 2436/2438/7044
f 2424/2775/7033 2425/2776/7034 2438/2440/7046 2437/2439/7045
f 2425/2776/7034 2426/2777/7035 2439/2441/7047 2438/2440/7046
f 2426/2777/7035 2427/2778/7036 2440/2442/7048 2439/2441/7047
f 2427/2778/7036 2416/2768/7026 2428/2430/7038 2440/2442/7048
s 318
f 2441/2779/7049 2457/2780/7050 2463/2781/7051 2455/2782/7052
s 319
f 2457/2780/7053 2443/2783/7054 2453/2784/7055 2463/2781/7056
s 320
f 2442/2785/7057 2441/2779/7058 2458/2786/7059 2444/2787/7060
f 2443/2783/7061 2442/2785/7057 2446/2788/7062 2445/2789/7063
s 321
f 2444/2787/7064 2458/2786/7065 2464/2790/7066 2456/2791/7067
s 320
f 2442/2785/7057 2444/2787/7060 2448/2792/7068 2446/2788/7062
s 319
f 2445/2789/7069 2459/2793/7070 2461/2794/7071 2449/2795/7072
s 322
f 2459/2793/7073 2447/2796/7074 2450/2797/7075 2461/2794/7076
s 320
f 2447/2796/7077 2446/2788/7062 2448/2792/7068 2460/2798/7078
s 322
f 2447/2796/7074 2460/2798/7079 2462/2799/7080 2450/2797/7075
s 321
f 2460/2798/7081 2448/2792/7082 2452/2800/7083 2462/2799/7084
s 319
f 2445/2789/7069 2449/2795/7072 2453/2784/7055 2443/2783/7054
s 323
f 2449/2795/7085 2451/2801/7086 2454/2802/7087 2453/2784/7088
f 2451/2801/7086 2450/2797/7089 2462/2799/7090 2452/2800/7091
f 2451/2801/7086 2452/2800/7091 2456/2791/7092 2454/2802/7087
s 321
f 2444/2787/7064 2456/2791/7067 2452/2800/7083 2448/2792/7082
s 318
f 2441/2779/7049 2455/2782/7052 2464/2790/7093 2458/2786/7094
s 323
f 2455/2782/7095 2454/2802/7087 2456/2791/7092 2464/2790/7096
s 320
f 2441/2779/7058 2442/2785/7057 2443/2783/7061 2457/2780/7097
f 2445/2789/7063 2446/2788/7062 2447/2796/7077 2459/2793/7098
s 323
f 2450/2797/7089 2451/2801/7086 2449/2795/7085 2461/2794/7099
f 2453/2784/7088 2454/2802/7087 2455/2782/7095 2463/2781/7100
s 324
f 2465/2803/7101 2481/2804/7102 2487/2805/7103 2479/2806/7104
s 325
f 2481/2804/7105 2467/2807/7106 2477/2808/7107 2487/2805/7108
s 326
f 2466/2809/7109 2465/2803/7110 2482/2810/7111 2468/2811/7112
f 2467/2807/7113 2466/2809/7109 2470/2812/7114 2469/2813/7115
s 327
f 2468/2811/7116 2482/2810/7117 2488/2814/7118 2480/2815/7119
s 324
f 2479/2806/7104 2488/2814/7120 2482/2810/7121 2465/2803/7101
s 326
f 2466/2809/7109 2468/2811/7112 2472/2816/7122 2470/2812/7114
s 325
f 2469/2813/7123 2483/2817/7124 2485/2818/7125 2473/2819/7126
s 328
f 2483/2817/7127 2471/2820/7128 2474/2821/7129 2485/2818/7130
s 326
f 2471/2820/7131 2470/2812/7114 2472/2816/7122 2484/2822/7132
s 327
f 2484/2822/7133 2472/2816/7134 2476/2823/7135 2486/2824/7136
s 325
f 2469/2813/7123 2473/2819/7126 2477/2808/7107 2467/2807/7106
s 329
f 2473/2819/7137 2475/2825/7138 2478/2826/7139 2477/2808/7140
f 2475/2825/7138 2474/2821/7141 2486/2824/7142 2476/2823/7143
s 328
f 2474/2821/7129 2471/2820/7128 2484/2822/7144 2486/2824/7145
s 329
f 2475/2825/7138 2476/2823/7143 2480/2815/7146 2478/2826/7139
s 327
f 2468/2811/7116 2480/2815/7119 2476/2823/7135 2472/2816/7134
s 329
f 2479/2806/7147 2478/2826/7139 2480/2815/7146 2488/2814/7148
s 326
f 2465/2803/7110 2466/2809/7109 2467/2807/7113 2481/2804/7149
f 2469/2813/7115 2470/2812/7114 2471/2820/7131 2483/2817/7150
s 329
f 2474/2821/7141 2475/2825/7138 2473/2819/7137 2485/2818/7151
f 2477/2808/7140 2478/2826/7139 2479/2806/7147 2487/2805/7152
s 330
f 2489/2827/7153 2505/2828/7154 2511/2829/7155 2503/2830/7156
s 331
f 2505/2828/7157 2491/2831/7158 2501/2832/7159 2511/2829/7160
s 332
f 2490/2833/7161 2489/2827/7162 2506/2834/7163 2492/2835/7164
f 2491/2831/7165 2490/2833/7161 2494/2836/7166 2493/2837/7167
s 333
f 2492/2835/7168 2506/2834/7169 2512/2838/7170 2504/2839/7171
s 332
f 2490/2833/7161 2492/2835/7164 2496/2840/7172 2494/2836/7166
s 331
f 2493/2837/7173 2507/2841/7174 2509/2842/7175 2497/2843/7176
s 334
f 2507/2841/7177 2495/2844/7178 2498/2845/7179 2509/2842/7180
s 332
f 2495/2844/7181 2494/2836/7166 2496/2840/7172 2508/2846/7182
s 334
f 2495/2844/7178 2508/2846/7183 2510/2847/7184 2498/2845/7179
s 333
f 2508/2846/7185 2496/2840/7186 2500/2848/7187 2510/2847/7188
s 331
f 2493/2837/7173 2497/2843/7176 2501/2832/7159 2491/2831/7158
s 335
f 2497/2843/7189 2499/2849/7190 2502/2850/7191 2501/2832/7192
f 2499/2849/7190 2498/2845/7193 2510/2847/7194 2500/2848/7195
f 2499/2849/7190 2500/2848/7195 2504/2839/7196 2502/2850/7191
s 333
f 2492/2835/7168 2504/2839/7171 2500/2848/7187 2496/2840/7186
s 330
f 2489/2827/7153 2503/2830/7156 2512/2838/7197 2506/2834/7198
s 335
f 2503/2830/7199 2502/2850/7191 2504/2839/7196 2512/2838/7200
s 332
f 2489/2827/7162 2490/2833/7161 2491/2831/7165 2505/2828/7201
f 2493/2837/7167 2494/2836/7166 2495/2844/7181 2507/2841/7202
s 335
f 2498/2845/7193 2499/2849/7190 2497/2843/7189 2509/2842/7203
f 2501/2832/7192 2502/2850/7191 2503/2830/7199 2511/2829/7204
s 336
f 2531/2851/7205 2530/2852/7206 2539/2853/7207 2513/2854/7208
s 337
f 2516/2855/7209 2515/2856/7210 2513/2854/7211 2539/2853/7212
s 338
f 2516/2855/7213 2539/2853/7214 2530/2852/7215 2534/2857/7216
s 336
f 2531/2851/7205 2513/2854/7208 2517/2858/7217 2522/2859/7218
s 337
f 2517/2858/7219 2513/2854/7211 2515/2856/7210 2519/2860/7220
s 339
f 2533/2861/7221 2538/2862/7222 2514/2863/7223 2540/2864/7224
s 338
f 2516/2855/7213 2534/2857/7216 2533/2861/7225 2540/2864/7226
s 337
f 2515/2856/7210 2514/2863/7227 2520/2865/7228 2519/2860/7220
s 339
f 2520/2865/7229 2514/2863/7223 2538/2862/7222 2529/2866/7230
s 336
f 2523/2867/7231 2522/2859/7218 2517/2858/7217 2541/2868/7232
s 340
f 2518/2869/7233 2527/2870/7234 2523/2867/7235 2541/2868/7236
s 337
f 2517/2858/7219 2519/2860/7220 2518/2869/7237 2541/2868/7238
s 340
f 2528/2871/7239 2527/2870/7234 2518/2869/7233 2542/2872/7240
s 339
f 2520/2865/7229 2529/2866/7230 2528/2871/7241 2542/2872/7242
s 336
f 2522/2859/7218 2521/2873/7243 2532/2874/7244 2531/2851/7205
s 341
f 2532/2874/7245 2521/2873/7246 2525/2875/7247 2536/2876/7248
f 2526/2877/7249 2525/2875/7247 2521/2873/7246 2543/2878/7250
s 340
f 2523/2867/7235 2527/2870/7234 2526/2877/7251 2543/2878/7252
s 341
f 2525/2875/7247 2524/2879/7253 2537/2880/7254 2536/2876/7248
s 339
f 2524/2879/7255 2529/2866/7230 2538/2862/7222 2537/2880/7256
s 338
f 2535/2881/7257 2534/2857/7216 2530/2852/7215 2545/2882/7258
s 341
f 2532/2874/7245 2536/2876/7248 2535/2881/7259 2545/2882/7260
s 337
f 2514/2863/7227 2515/2856/7210 2516/2855/7209 2540/2864/7261
f 2518/2869/7237 2519/2860/7220 2520/2865/7228 2542/2872/7262
s 336
f 2521/2873/7243 2522/2859/7218 2523/2867/7231 2543/2878/7263
s 339
f 2528/2871/7241 2529/2866/7230 2524/2879/7255 2544/2883/7264
s 341
f 2524/2879/7253 2525/2875/7247 2526/2877/7249 2544/2883/7265
s 340
f 2526/2877/7251 2527/2870/7234 2528/2871/7239 2544/2883/7266
s 336
f 2530/2852/7206 2531/2851/7205 2532/2874/7244 2545/2882/7267
s 339
f 2537/2880/7256 2538/2862/7222 2533/2861/7221 2546/2884/7268
s 338
f 2533/2861/7225 2534/2857/7216 2535/2881/7257 2546/2884/7269
s 341
f 2535/2881/7259 2536/2876/7248 2537/2880/7254 2546/2884/7270
s 342
f 2547/2885/7271 2563/2886/7272 2569/2887/7273 2561/2888/7274
s 343
f 2563/2886/7275 2549/2889/7276 2559/2890/7277 2569/2887/7278
s 344
f 2548/2891/7279 2547/2885/7280 2564/2892/7281 2550/2893/7282
f 2549/2889/7283 2548/2891/7279 2552/2894/7284 2551/2895/7285
s 345
f 2550/2893/7286 2564/2892/7287 2570/2896/7288 2562/2897/7289
s 344
f 2548/2891/7279 2550/2893/7282 2554/2898/7290 2552/2894/7284
s 343
f 2551/2895/7291 2565/2899/7292 2567/2900/7293 2555/2901/7294
s 346
f 2565/2899/7295 2553/2902/7296 2556/2903/7297 2567/2900/7298
s 344
f 2553/2902/7299 2552/2894/7284 2554/2898/7290 2566/2904/7300
s 346
f 2553/2902/7296 2566/2904/7301 2568/2905/7302 2556/2903/7297
s 345
f 2566/2904/7303 2554/2898/7304 2558/2906/7305 2568/2905/7306
s 343
f 2551/2895/7291 2555/2901/7294 2559/2890/7277 2549/2889/7276
s 347
f 2555/2901/7307 2557/2907/7308 2560/2908/7309 2559/2890/7310
f 2557/2907/7308 2556/2903/7311 2568/2905/7312 2558/2906/7313
f 2557/2907/7308 2558/2906/7313 2562/2897/7314 2560/2908/7309
s 345
f 2550/2893/7286 2562/2897/7289 2558/2906/7305 2554/2898/7304
s 342
f 2547/2885/7271 2561/2888/7274 2570/2896/7315 2564/2892/7316
s 347
f 2561/2888/7317 2560/2908/7309 2562/2897/7314 2570/2896/7318
s 344
f 2547/2885/7280 2548/2891/7279 2549/2889/7283 2563/2886/7319
f 2551/2895/7285 2552/2894/7284 2553/2902/7299 2565/2899/7320
s 347
f 2556/2903/7311 2557/2907/7308 2555/2901/7307 2567/2900/7321
f 2559/2890/7310 2560/2908/7309 2561/2888/7317 2569/2887/7322
s 348
f 2571/2909/7323 2587/2910/7324 2593/2911/7325 2585/2912/7326
s 349
f 2587/2910/7327 2573/2913/7328 2583/2914/7329 2593/2911/7330
s 350
f 2572/2915/7331 2571/2909/7332 2588/2916/7333 2574/2917/7334
f 2573/2913/7335 2572/2915/7331 2576/2918/7336 2575/2919/7337
s 351
f 2574/2917/7338 2588/2916/7339 2594/2920/7340 2586/2921/7341
s 350
f 2572/2915/7331 2574/2917/7334 2578/2922/7342 2576/2918/7336
s 349
f 2575/2919/7343 2589/2923/7344 2591/2924/7345 2579/2925/7346
s 352
f 2589/2923/7347 2577/2926/7348 2580/2927/7349 2591/2924/7350
s 350
f 2577/2926/7351 2576/2918/7336 2578/2922/7342 2590/2928/7352
s 352
f 2577/2926/7348 2590/2928/7353 2592/2929/7354 2580/2927/7349
s 351
f 2590/2928/7355 2578/2922/7356 2582/2930/7357 2592/2929/7358
s 349
f 2575/2919/7343 2579/2925/7346 2583/2914/7329 2573/2913/7328
s 353
f 2579/2925/7359 2581/2931/7360 2584/2932/7361 2583/2914/7362
f 2581/2931/7360 2580/2927/7363 2592/2929/7364 2582/2930/7365
f 2581/2931/7360 2582/2930/7365 2586/2921/7366 2584/2932/7361
s 351
f 2574/2917/7338 2586/2921/7341 2582/2930/7357 2578/2922/7356
s 348
f 2571/2909/7323 2585/2912/7326 2594/2920/7367 2588/2916/7368
s 353
f 2585/2912/7369 2584/2932/7361 2586/2921/7366 2594/2920/7370
s 350
f 2571/2909/7332 2572/2915/7331 2573/2913/7335 2587/2910/7371
f 2575/2919/7337 2576/2918/7336 2577/2926/7351 2589/2923/7372
s 353
f 2580/2927/7363 2581/2931/7360 2579/2925/7359 2591/2924/7373
f 2583/2914/7362 2584/2932/7361 2585/2912/7369 2593/2911/7374
s 354
f 2595/2933/7375 2611/2934/7376 2617/2935/7377 2609/2936/7378
s 355
f 2611/2934/7379 2597/2937/7380 2607/2938/7381 2617/2935/7382
s 356
f 2596/2939/7383 2595/2933/7384 2612/2940/7385 2598/2941/7386
f 2597/2937/7387 2596/2939/7383 2600/2942/7388 2599/2943/7389
s 357
f 2598/2941/7390 2612/2940/7391 2618/2944/7392 2610/2945/7393
s 354
f 2609/2936/7378 2618/2944/7394 2612/2940/7395 2595/2933/7375
s 356
f 2596/2939/7383 2598/2941/7386 2602/2946/7396 2600/2942/7388
s 355
f 2599/2943/7397 2613/2947/7398 2615/2948/7399 2603/2949/7400
s 358
f 2613/2947/7401 2601/2950/7402 2604/2951/7403 2615/2948/7404
s 356
f 2601/2950/7405 2600/2942/7388 2602/2946/7396 2614/2952/7406
s 357
f 2614/2952/7407 2602/2946/7408 2606/2953/7409 2616/2954/7410
s 355
f 2599/2943/7397 2603/2949/7400 2607/2938/7381 2597/2937/7380
s 359
f 2603/2949/7411 2605/2955/7412 2608/2956/7413 2607/2938/7414
f 2605/2955/7412 2604/2951/7415 2616/2954/7416 2606/2953/7417
s 358
f 2604/2951/7403 2601/2950/7402 2614/2952/7418 2616/2954/7419
s 359
f 2605/2955/7412 2606/2953/7417 2610/2945/7420 2608/2956/7413
s 357
f 2598/2941/7390 2610/2945/7393 2606/2953/7409 2602/2946/7408
s 359
f 2609/2936/7421 2608/2956/7413 2610/2945/7420 2618/2944/7422
s 356
f 2595/2933/7384 2596/2939/7383 2597/2937/7387 2611/2934/7423
f 2599/2943/7389 2600/2942/7388 2601/2950/7405 2613/2947/7424
s 359
f 2604/2951/7415 2605/2955/7412 2603/2949/7411 2615/2948/7425
f 2607/2938/7414 2608/2956/7413 2609/2936/7421 2617/2935/7426
s 360
f 2619/2957/7427 2635/2958/7428 2641/2959/7429 2633/2960/7430
s 361
f 2635/2958/7431 2621/2961/7432 2631/2962/7433 2641/2959/7434
s 362
f 2620/2963/7435 2619/2957/7436 2636/2964/7437 2622/2965/7438
f 2621/2961/7439 2620/2963/7435 2624/2966/7440 2623/2967/7441
s 363
f 2622/2965/7442 2636/2964/7443 2642/2968/7444 2634/2969/7445
s 362
f 2620/2963/7435 2622/2965/7438 2626/2970/7446 2624/2966/7440
s 361
f 2623/2967/7447 2637/2971/7448 2639/2972/7449 2627/2973/7450
s 364
f 2637/2971/7451 2625/2974/7452 2628/2975/7453 2639/2972/7454
s 362
f 2625/2974/7455 2624/2966/7440 2626/2970/7446 2638/2976/7456
s 364
f 2625/2974/7452 2638/2976/7457 2640/2977/7458 2628/2975/7453
s 363
f 2638/2976/7459 2626/2970/7460 2630/2978/7461 2640/2977/7462
s 361
f 2623/2967/7447 2627/2973/7450 2631/2962/7433 2621/2961/7432
s 365
f 2627/2973/7463 2629/2979/7464 2632/2980/7465 2631/2962/7466
f 2629/2979/7464 2628/2975/7467 2640/2977/7468 2630/2978/7469
f 2629/2979/7464 2630/2978/7469 2634/2969/7470 2632/2980/7465
s 363
f 2622/2965/7442 2634/2969/7445 2630/2978/7461 2626/2970/7460
s 360
f 2619/2957/7427 2633/2960/7430 2642/2968/7471 2636/2964/7472
s 365
f 2633/2960/7473 2632/2980/7465 2634/2969/7470 2642/2968/7474
s 362
f 2619/2957/7436 2620/2963/7435 2621/2961/7439 2635/2958/7475
f 2623/2967/7441 2624/2966/7440 2625/2974/7455 2637/2971/7476
s 365
f 2628/2975/7467 2629/2979/7464 2627/2973/7463 2639/2972/7477
f 2631/2962/7466 2632/2980/7465 2633/2960/7473 2641/2959/7478
s 366
f 2643/2981/7479 2644/2982/7480 2656/2983/7481 2655/2984/7482
f 2644/2982/7480 2645/2985/7483 2657/2986/7484 2656/2983/7481
f 2645/2985/7483 2646/2987/7485 2658/2988/7486 2657/2986/7484
f 2646/2987/7485 2647/2989/7487 2659/2990/7488 2658/2988/7486
f 2647/2989/7487 2648/2991/7489 2660/2992/7490 2659/2990/7488
f 2648/2991/7489 2649/2993/7491 2661/2994/7492 2660/2992/7490
f 2649/2993/7491 2650/2995/7493 2662/2996/7494 2661/2994/7492
f 2650/2995/7493 2651/2997/7495 2663/2998/7496 2662/2996/7494
f 2651/2997/7495 2652/2999/7497 2664/3000/7498 2663/2998/7496
f 2652/2999/7497 2653/3001/7499 2665/3002/7500 2664/3000/7498
f 2653/3001/7499 2654/3003/7501 2666/3004/7502 2665/3002/7500
f 2654/3003/7501 2643/2981/7479 2655/2984/7482 2666/3004/7502
s 367
f 2681/3005/7503 2680/3006/7504 2682/3007/7505
f 2683/3008/7506 2681/3005/7503 2682/3007/7505
f 2684/3009/7507 2683/3008/7506 2682/3007/7505
f 2685/3010/7508 2684/3009/7507 2682/3007/7505
f 2686/3011/7509 2685/3010/7508 2682/3007/7505
f 2687/3012/7510 2686/3011/7509 2682/3007/7505
f 2688/3013/7511 2687/3012/7510 2682/3007/7505
f 2689/3014/7512 2688/3013/7511 2682/3007/7505
f 2690/3015/7513 2689/3014/7512 2682/3007/7505
f 2691/3016/7514 2690/3015/7513 2682/3007/7505
f 2692/3017/7515 2691/3016/7514 2682/3007/7505
f 2680/3006/7504 2692/3017/7515 2682/3007/7505
s 368
f 2655/2984/7516 2656/2983/7517 2667/3018/7518
f 2656/2983/7517 2657/2986/7519 2667/3018/7518
f 2657/2986/7519 2658/2988/7520 2667/3018/7518
f 2658/2988/7520 2659/2990/7521 2667/3018/7518
f 2659/2990/7521 2660/2992/7522 2667/3018/7518
f 2660/2992/7522 2661/2994/7523 2667/3018/7518
f 2661/2994/7523 2662/2996/7524 2667/3018/7518
f 2662/2996/7524 2663/2998/7525 2667/3018/7518
f 2663/2998/7525 2664/3000/7526 2667/3018/7518
f 2664/3000/7526 2665/3002/7527 2667/3018/7518
f 2665/3002/7527 2666/3004/7528 2667/3018/7518
f 2666/3004/7528 2655/2984/7516 2667/3018/7518
s 369
f 2644/2982/7529 2643/2981/7530 2668/3019/7531 2669/3020/7532
f 2645/2985/7533 2644/2982/7529 2669/3020/7532 2670/3021/7534
f 2646/2987/7535 2645/2985/7533 2670/3021/7534 2671/3022/7536
f 2647/2989/7537 2646/2987/7535 2671/3022/7536 2672/3023/7538
f 2648/2991/7539 2647/2989/7537 2672/3023/7538 2673/3024/7540
f 2649/2993/7541 2648/2991/7539 2673/3024/7540 2674/3025/7542
f 2650/2995/7543 2649/2993/7541 2674/3025/7542 2675/3026/7544
f 2651/2997/7545 2650/2995/7543 2675/3026/7544 2676/3027/7546
f 2652/2999/7547 2651/2997/7545 2676/3027/7546 2677/3028/7548
f 2653/3001/7549 2652/2999/7547 2677/3028/7548 2678/3029/7550
f 2654/3003/7551 2653/3001/7549 2678/3029/7550 2679/3030/7552
f 2643/2981/7530 2654/3003/7551 2679/3030/7552 2668/3019/7531
s 370
f 2669/3020/7553 2668/3019/7554 2680/3006/7555 2681/3005/7556
f 2670/3021/7557 2669/3020/7553 2681/3005/7556 2683/3008/7558
f 2671/3022/7559 2670/3021/7557 2683/3008/7558 2684/3009/7560
f 2672/3023/7561 2671/3022/7559 2684/3009/7560 2685/3010/7562
f 2673/3024/7563 2672/3023/7561 2685/3010/7562 2686/3011/7564
f 2674/3025/7565 2673/3024/7563 2686/3011/7564 2687/3012/7566
f 2675/3026/7567 2674/3025/7565 2687/3012/7566 2688/3013/7568
f 2676/3027/7569 2675/3026/7567 2688/3013/7568 2689/3014/7570
f 2677/3028/7571 2676/3027/7569 2689/3014/7570 2690/3015/7572
f 2678/3029/7573 2677/3028/7571 2690/3015/7572 2691/3016/7574
f 2679/3030/7575 2678/3029/7573 2691/3016/7574 2692/3017/7576
f 2668/3019/7554 2679/3030/7575 2692/3017/7576 2680/3006/7555
