# This file uses centimeters as units for non-parametric coordinates.

mtllib scene_base.mtl
g default
v 2364.105469 550.118591 449.523315
v 2370.766602 550.118591 459.148315
v 2364.105469 633.768982 449.523315
v 2370.766602 633.768982 459.148315
v 2520.851562 633.768982 341.047241
v 2527.512695 633.768982 350.673218
v 2520.851562 550.118591 341.047241
v 2527.512695 550.118591 350.673218
v -2217.166504 41.105148 323.060181
v -2226.020020 41.105148 305.684570
v -2239.809082 41.105148 291.895386
v -2257.184570 41.105148 283.042114
v -2276.445801 41.105148 279.991455
v -2295.706543 41.105148 283.042114
v -2313.082031 41.105148 291.895386
v -2326.871582 41.105148 305.684570
v -2335.724609 41.105148 323.060181
v -2338.775391 41.105148 342.321045
v -2335.724609 41.105148 361.581787
v -2326.871582 41.105148 378.957397
v -2313.082031 41.105148 392.746582
v -2295.706543 41.105148 401.599976
v -2276.445801 41.105148 404.650513
v -2257.184570 41.105148 401.599854
v -2239.809082 41.105148 392.746582
v -2226.020020 41.105148 378.957397
v -2217.166504 41.105148 361.581787
v -2214.116211 41.105148 342.321045
v -2217.166504 52.519882 323.060181
v -2226.020020 52.519882 305.684570
v -2239.809082 52.519882 291.895386
v -2257.184570 52.519882 283.042114
v -2276.445801 52.519882 279.991455
v -2295.706543 52.519882 283.042114
v -2313.082031 52.519882 291.895386
v -2326.871582 52.519882 305.684570
v -2335.724609 52.519882 323.060181
v -2338.775391 52.519882 342.321045
v -2335.724609 52.519882 361.581787
v -2326.871582 52.519882 378.957397
v -2313.082031 52.519882 392.746582
v -2295.706543 52.519882 401.599976
v -2276.445801 52.519882 404.650513
v -2257.184570 52.519882 401.599854
v -2239.809082 52.519882 392.746582
v -2226.020020 52.519882 378.957397
v -2217.166504 52.519882 361.581787
v -2214.116211 52.519882 342.321045
v -2276.445801 41.105148 342.321045
v -2276.445801 52.519882 342.321045
v -2619.445312 -12.430454 1344.049438
v 1081.411133 -136.963379 1344.049438
v -2619.445312 46.464825 1344.049438
v 1098.878906 -78.068092 1344.049438
v -2619.445312 46.464825 -1342.145996
v 1098.878906 -78.068092 -1342.145874
v -2619.445312 -12.430454 -1342.145996
v -2619.445312 46.464825 628.081665
v -2619.445312 -12.430454 628.081665
v -2619.445312 46.464825 983.307983
v -2619.445312 -12.430454 983.307983
v 1376.699219 -136.963379 1344.049438
v 1359.230469 -78.068092 1344.049438
v 1359.230469 -78.068092 -1342.145874
v 2620.064453 -12.430456 983.307983
v 2620.064453 -12.430456 1344.049438
v 2620.064453 46.464821 983.307983
v 2620.064453 46.464821 1344.049438
v 2620.064453 -12.430456 628.081665
v 2620.064453 46.464821 628.081665
v 2620.064453 -12.430456 -1342.145874
v 2620.064453 46.464821 -1342.145874
v 1034.218750 -12.430456 1344.049438
v 1043.507812 46.464821 1344.049438
v 1043.507812 46.464821 983.307983
v 1043.507812 46.464821 628.081665
v 1043.507812 46.464821 -1342.145874
v 1424.874023 -12.430460 1344.049438
v 1415.590820 46.464813 1344.049438
v 1415.590820 46.464813 983.306274
v 1415.590820 46.464813 628.079956
v 1415.590820 46.464813 -1342.147583
v 1043.507812 35.491508 952.061401
v -2619.445312 35.491512 952.061401
v 1043.507812 35.491508 659.328491
v -2619.445312 35.491512 659.328491
v 1415.590820 35.491501 952.059448
v 1415.590820 35.491501 659.326660
v 2620.064453 35.491508 952.061401
v 2620.064453 35.491508 659.328491
v 1098.878906 -78.068092 983.306274
v 1359.230469 -78.068092 983.306274
v 1098.878906 -78.068092 628.079956
v 1359.233398 -78.068092 628.079956
v 1098.878906 -78.068092 952.061401
v 1359.230469 -78.068092 952.063110
v 1359.233398 -78.068092 659.324829
v 1098.878906 -78.068092 659.326660
v 2620.064453 -12.430456 659.328491
v 2620.064453 -12.430456 952.061401
v -2619.445312 -12.430454 659.328491
v -2619.445312 -12.430454 952.061401
v 837.991211 -12.430456 1344.049194
v 846.351562 46.464821 1344.049194
v 846.351562 46.464821 983.307983
v 846.351562 35.491508 952.061401
v 846.351562 35.491508 659.328369
v 846.351562 46.464821 628.081665
v 846.351562 46.464821 -1342.145996
v 842.170898 17.017183 1344.049194
v -2619.445312 17.017185 1344.049438
v 846.351562 46.464821 1163.678589
v -2619.445312 46.464825 1163.678589
v 2620.064453 17.017183 1163.678589
v 2620.064453 -12.430456 1163.678589
v 2620.064453 17.017183 983.307983
v 2620.064453 46.464821 1163.678589
v 2620.064453 17.017183 1344.049438
v -2619.444824 17.017185 1163.678345
v -2619.445312 17.017185 983.307983
v -2619.445312 -12.430454 1163.678589
v -2619.445801 17.017185 -357.032166
v -2619.445312 -12.430454 -357.032166
v -2619.445312 17.017185 628.081665
v -2619.445312 46.464825 -357.032166
v -2619.445312 17.017185 -1342.145996
v 2620.063477 17.017183 -357.032043
v 2620.064453 17.017183 628.081665
v 2620.064453 -12.430456 -357.032043
v 2620.064453 17.017183 -1342.145874
v 2620.064453 46.464821 -357.032043
v 846.351562 46.464821 -357.032104
v -2619.445312 14.741563 968.686157
v -2619.445312 11.530529 952.061401
v -2619.445312 -12.430454 967.684692
v -2619.445312 40.978168 967.684692
v 2620.064453 14.741557 642.703735
v 2620.064453 11.530527 659.328491
v 2620.064453 -12.430456 643.705078
v 2620.064453 40.978165 643.705078
v 1229.054688 -109.032005 1344.049683
v 1090.144531 -107.515732 1344.049438
v 1229.054688 -136.963379 1344.049438
v 1367.964844 -107.515732 1344.049438
v 1229.054688 -78.068092 1344.049438
v 1229.054688 -78.068092 -357.032227
v 1229.056641 -78.068092 628.079956
v 1359.232422 -78.068092 -357.032898
v 1229.054688 -78.068092 -1342.145874
v 1098.878906 -78.068092 -357.032898
v 1393.923828 -45.298836 1344.049683
v 1400.787109 -74.696915 1344.049438
v 1420.232422 17.017178 1344.049438
v 1387.410156 -15.801638 1344.049438
v 1387.410156 -15.801611 -357.033630
v 1387.412109 -15.801638 628.079956
v 1415.590820 46.464813 -357.033752
v 1387.410156 -15.801638 -1342.146729
v 1064.675781 -45.302780 1344.049438
v 1038.863281 17.017183 1344.049438
v 1057.814453 -74.696915 1344.049438
v 1071.193359 -15.801638 1344.049438
v 1071.193359 -15.801607 -357.032532
v 1071.193359 -15.801638 -1342.145874
v 1043.507812 46.464821 -357.032043
v 1071.193359 -15.801638 628.080811
v 2051.134766 17.125736 1344.049438
v 2053.635742 -12.430458 1344.049438
v 2048.995117 46.464821 1344.049438
v 2048.995117 46.464821 1163.678345
v 1415.590820 46.464813 1163.677856
v 2048.995117 46.464821 983.307007
v 2048.995117 35.491508 952.060425
v 2048.995117 35.491508 659.327515
v 2048.994141 46.464821 -357.032959
v 2048.995117 46.464821 628.080811
v 2048.995117 46.464821 -1342.146729
v 846.351562 40.978165 967.684692
v 846.351562 40.978165 643.704956
v -2619.445312 40.978168 643.705078
v 2048.995117 40.978165 967.683716
v 2620.064453 40.978165 967.684692
v 1415.590820 40.978157 967.682983
v 2048.995117 40.978157 643.704102
v 1415.590820 40.978157 643.703247
v 1071.193359 -15.801748 1163.678101
v 1071.193359 -15.801638 983.307007
v 1043.507812 46.464821 1163.678589
v 1098.878906 -78.068092 1163.677856
v 1229.054688 -78.068092 1163.677856
v 1359.230469 -78.068092 1163.677856
v 1229.054688 -78.068092 983.306274
v 1387.410156 -15.801641 1163.677612
v 1387.410156 -15.801638 983.306274
v 1071.193359 -21.288294 659.327515
v 1071.193359 -21.288294 952.061401
v 1229.054688 -78.068092 952.062378
v 1229.056641 -78.068092 659.325806
v 1387.412109 -21.288294 659.325806
v 1387.410156 -21.288294 952.061401
v 1071.035156 -18.120646 968.159790
v 1043.507812 40.978165 967.684692
v 1098.878906 -78.068092 967.683960
v 1229.053711 -78.068092 967.684204
v 1359.230469 -78.068092 967.684692
v 1387.571289 -18.121641 968.156372
v 1387.574219 -18.121973 643.230225
v 1359.233398 -78.068092 643.702393
v 1229.055664 -78.068100 643.702881
v 1098.878906 -78.068092 643.703247
v 1071.035156 -18.120935 643.228882
v 1043.507812 40.978165 643.705078
v 2620.064453 11.530527 952.061401
v 2620.063477 14.741560 968.686157
v 2620.064453 -12.430456 967.684692
v -2619.444824 14.741559 642.703735
v -2619.445312 -12.430454 643.705078
v -2619.445312 11.530529 659.328491
v 978.310547 17.052683 1344.049438
v 973.863281 -12.430456 1344.049194
v 982.688477 46.464821 1344.049194
v 982.688477 46.464821 1163.678589
v 982.688477 46.464821 983.307983
v 982.687500 40.978165 967.684448
v 982.688477 35.491508 952.061401
v 982.688477 35.491508 659.328491
v 982.688477 40.978165 643.704956
v 982.688477 46.464821 628.081665
v 982.688477 46.464825 -357.031982
v 982.688477 46.464821 -1342.145874
v 846.351562 35.491508 793.986816
v 846.351562 35.491508 817.402954
v -2619.445312 35.491512 817.402954
v -2619.445312 35.491512 793.986816
v 2048.994141 35.491505 817.402222
v 2048.994141 35.491505 793.985962
v 1415.590820 35.491501 817.401001
v 1415.590820 35.491501 793.984863
v 2620.064453 35.491508 793.986816
v 2620.064453 35.491508 817.402954
v 1071.193359 -21.288404 793.986328
v 1071.193359 -21.288404 817.402466
v 1043.507812 35.491508 817.402954
v 1043.507812 35.491508 793.986816
v 1098.878906 -78.068092 793.985840
v 1098.878906 -78.068092 817.401978
v 1229.056641 -78.068092 817.401733
v 1229.056641 -78.068092 793.985474
v 1359.232422 -78.068092 793.985840
v 1359.232422 -78.068092 817.401978
v 1387.411133 -21.288637 793.985596
v 1387.411133 -21.288637 817.401733
v 2620.063477 11.530527 817.402954
v 2620.063477 11.530527 793.986694
v 2620.064453 -12.430456 793.986816
v 2620.064453 -12.430456 817.402954
v -2619.446289 11.530531 793.986694
v -2619.446289 11.530531 817.402954
v -2619.445312 -12.430454 817.402954
v -2619.445312 -12.430454 793.986816
v 982.689453 35.491512 817.403198
v 982.689453 35.491512 793.987061
v -2286.595215 -12.430454 1344.049683
v -2286.147949 17.024443 1344.049683
v -2285.759277 46.464825 1344.049683
v -2285.759277 46.464825 1163.678589
v -2285.759277 46.464821 983.307983
v -2285.759277 40.978168 967.684692
v -2285.759277 35.491512 952.061401
v -2285.759277 35.491512 817.402954
v -2285.759766 35.491512 793.986938
v -2285.759277 35.491512 659.328491
v -2285.759277 40.978168 643.705078
v -2285.759277 46.464821 628.081665
v -2285.759277 46.464825 -357.032166
v -2285.759277 46.464825 -1342.145996
v -2152.285156 46.464825 -1342.145996
v -2152.285156 46.464825 -357.032166
v -2152.285156 46.464821 628.081665
v -2152.285156 40.978168 643.704956
v -2152.285156 35.491512 659.328491
v -2152.285645 35.491512 793.986938
v -2152.285156 35.491512 817.402954
v -2152.285156 35.491512 952.061401
v -2152.285156 40.978168 967.684692
v -2152.285156 46.464821 983.307983
v -2152.285156 46.464825 1163.678345
v -2152.285156 46.464825 1344.049438
v -2152.829102 17.027346 1344.049438
v -2153.455566 -12.430454 1344.049438
v -1791.904297 46.464821 -1342.145996
v -1791.904297 46.464825 -357.032104
v -1791.904297 46.464821 628.081665
v -1791.904297 40.978165 643.704956
v -1791.904297 35.491512 659.328491
v -1791.905273 35.491512 793.986938
v -1791.904297 35.491512 817.402954
v -1791.904297 35.491512 952.061401
v -1791.904297 40.978168 967.684692
v -1791.904297 46.464821 983.307983
v -1791.904297 46.464825 1163.678345
v -1791.904297 46.464821 1344.049438
v -1792.868164 17.035185 1344.049438
v -1793.977539 -12.430454 1344.049438
v -1658.047363 46.464821 -1342.145996
v -1658.047363 46.464825 -357.032104
v -1658.047363 46.464821 628.081665
v -1658.047363 40.978165 643.704834
v -1658.047363 35.491512 659.328491
v -1658.048340 35.491512 793.986938
v -1658.047363 35.491512 817.402954
v -1658.047363 35.491512 952.061401
v -1658.047363 40.978168 967.684692
v -1658.047363 46.464821 983.307983
v -1658.047363 46.464825 1163.678101
v -1658.047363 46.464821 1344.049194
v -1659.109375 17.037014 1344.049194
v -1660.331543 -12.430454 1344.049194
v -1285.616699 46.464821 -1342.145996
v -1285.616699 46.464825 -357.032043
v -1285.616699 46.464821 628.081665
v -1285.616699 40.978165 643.704956
v -1285.616699 35.491508 659.328491
v -1285.617188 35.491508 793.986938
v -1285.616699 35.491508 817.402954
v -1285.616699 35.491508 952.061401
v -1285.616699 40.978165 967.684448
v -1285.616699 46.464821 983.307983
v -1285.616699 46.464825 1163.678345
v -1285.616699 46.464821 1344.049194
v -1287.118652 17.045244 1344.049194
v -1288.848633 -12.430456 1344.049194
v -1146.933105 46.464821 -1342.145996
v -1146.933105 46.464825 -357.032043
v -1146.933105 46.464821 628.081665
v -1146.933594 40.978165 643.704956
v -1146.933105 35.491508 659.328491
v -1146.933594 35.491508 793.986938
v -1146.933594 35.491508 817.402954
v -1146.933105 35.491508 952.061401
v -1146.933594 40.978165 967.684448
v -1146.933105 46.464821 983.307983
v -1146.933105 46.464825 1163.678345
v -1146.933105 46.464821 1344.049194
v -1148.567383 17.047714 1344.049194
v -1150.449219 -12.430456 1344.049194
v -779.156738 46.464821 -1342.145996
v -779.156250 46.464825 -357.032043
v -779.156250 46.464821 628.081665
v -779.156738 40.978165 643.704956
v -779.156250 35.491508 659.328491
v -779.156738 35.491508 793.986816
v -779.157227 35.491508 817.402954
v -779.156250 35.491508 952.061401
v -779.156738 40.978165 967.684448
v -779.156250 46.464821 983.307983
v -779.156250 46.464825 1163.678589
v -779.156738 46.464821 1344.049194
v -781.322754 17.049845 1344.049194
v -783.754883 -12.430456 1344.049194
v -625.594238 46.464821 -1342.145996
v -625.593262 46.464825 -357.032043
v -625.593262 46.464821 628.081665
v -625.593750 40.978165 643.704956
v -625.593262 35.491508 659.328491
v -625.593750 35.491508 793.986816
v -625.594727 35.491508 817.402954
v -625.593262 35.491508 952.061401
v -625.593750 40.978165 967.684448
v -625.593262 46.464821 983.307983
v -625.593262 46.464825 1163.678589
v -625.594238 46.464821 1344.049194
v -627.961426 17.046579 1344.049194
v -630.568359 -12.430456 1344.049194
v -251.624023 46.464821 -1342.145996
v -251.623535 46.464821 -357.032043
v -251.623535 46.464821 628.081665
v -251.624023 40.978165 643.704956
v -251.623535 35.491508 659.328491
v -251.624023 35.491508 793.986816
v -251.624512 35.491508 817.402954
v -251.623535 35.491508 952.061401
v -251.624023 40.978165 967.684448
v -251.623535 46.464821 983.307983
v -251.623535 46.464821 1163.678589
v -251.624023 46.464821 1344.049194
v -254.535645 17.037760 1344.049194
v -257.614258 -12.430456 1344.049194
v -101.698730 46.464825 -1342.145996
v -101.698242 46.464821 -357.032043
v -101.698242 46.464821 628.081665
v -101.698730 40.978165 643.704956
v -101.698242 35.491508 659.328491
v -101.698730 35.491508 793.986938
v -101.698730 35.491508 817.402954
v -101.698242 35.491508 952.061401
v -101.698730 40.978165 967.684448
v -101.698242 46.464821 983.307983
v -101.698242 46.464821 1163.678589
v -101.698730 46.464825 1344.049194
v -104.863770 17.033646 1344.049194
v -108.162598 -12.430456 1344.049194
v 319.862305 46.464821 -1342.145996
v 319.862305 46.464821 -357.032043
v 319.862305 46.464821 628.081665
v 319.862305 40.978165 643.704956
v 319.862305 35.491508 659.328491
v 319.862305 35.491508 793.986938
v 319.862305 35.491508 817.402954
v 319.862305 35.491508 952.061401
v 319.862305 40.978165 967.684448
v 319.862305 46.464821 983.307983
v 319.862305 46.464821 1163.678589
v 319.862305 46.464821 1344.049194
v 316.188477 17.025414 1344.049194
v 312.450195 -12.430456 1344.049194
v 476.221680 46.464821 -1342.145996
v 476.221680 46.464821 -357.032043
v 476.221680 46.464821 628.081665
v 476.221680 40.978165 643.704956
v 476.221680 35.491508 659.328491
v 476.221680 35.491508 793.986938
v 476.221680 35.491508 817.402954
v 476.221680 35.491508 952.061401
v 476.221680 40.978165 967.684448
v 476.221680 46.464821 983.307983
v 476.221680 46.464821 1163.678589
v 476.221680 46.464821 1344.049194
v 472.345703 17.022121 1344.049194
v 468.430664 -12.430456 1344.049194
v 1585.659180 -12.430460 1344.049683
v 1581.874023 17.060602 1344.049683
v 1578.233398 46.464821 1344.049683
v 1578.233398 46.464821 1163.678101
v 1578.233398 46.464821 983.306519
v 1578.233398 40.978165 967.683472
v 1578.233398 35.491505 952.059937
v 1578.232422 35.491505 817.401733
v 1578.232422 35.491501 793.985352
v 1578.233398 35.491505 659.327026
v 1578.233398 40.978157 643.703613
v 1578.233398 46.464821 628.080444
v 1578.232422 46.464821 -357.033386
v 1578.233398 46.464821 -1342.147217
v 1741.952148 46.464821 -1342.147095
v 1741.951172 46.464821 -357.033264
v 1741.952148 46.464821 628.080444
v 1741.952148 40.978157 643.703735
v 1741.952148 35.491505 659.327271
v 1741.951172 35.491501 793.985596
v 1741.951172 35.491505 817.401733
v 1741.952148 35.491505 952.059937
v 1741.952148 40.978165 967.683472
v 1741.952148 46.464821 983.306763
v 1741.952148 46.464821 1163.678101
v 1741.952148 46.464821 1344.049683
v 1745.142578 17.080143 1344.049683
v 1748.541992 -12.430460 1344.049683
v 2205.239258 -12.430458 1344.049683
v 2203.237305 17.104027 1344.049683
v 2201.526367 46.464821 1344.049683
v 2201.526367 46.464821 1163.678345
v 2201.526367 46.464821 983.307251
v 2201.526367 40.978165 967.683960
v 2201.526367 35.491508 952.060669
v 2201.525391 35.491508 817.402466
v 2201.525391 35.491508 793.986206
v 2201.526367 35.491508 659.327759
v 2201.526367 40.978161 643.704346
v 2201.526367 46.464821 628.081055
v 2201.525391 46.464821 -357.032776
v 2201.526367 46.464821 -1342.146484
v 2509.049805 46.464821 -1342.145996
v 2509.049805 46.464821 -357.032288
v 2509.049805 46.464821 628.081421
v 2509.049805 40.978165 643.704834
v 2509.049805 35.491508 659.328247
v 2509.049805 35.491508 793.986694
v 2509.049805 35.491508 817.402710
v 2509.049805 35.491508 952.061157
v 2509.049805 40.978165 967.684448
v 2509.049805 46.464821 983.307739
v 2509.049805 46.464821 1163.678589
v 2509.049805 46.464821 1344.049438
v 2509.563477 17.043236 1344.049438
v 2510.164062 -12.430456 1344.049438
v 2342.780273 -12.430456 1344.049683
v 2341.619141 17.067553 1344.049683
v 2340.626953 46.464821 1344.049683
v 2340.626953 46.464821 1163.678589
v 2340.626953 46.464821 983.307495
v 2340.626953 40.978165 967.684448
v 2340.626953 35.491508 952.060913
v 2340.626953 35.491508 817.402710
v 2340.626953 35.491508 793.986694
v 2340.626953 35.491508 659.328003
v 2340.626953 40.978165 643.704712
v 2340.626953 46.464821 628.081299
v 2340.626953 46.464821 -357.032471
v 2340.626953 46.464821 -1342.146240
v 2201.525391 46.464821 166.671387
v 2048.994141 46.464821 166.671143
v 1741.951172 46.464821 166.670776
v 1578.232422 46.464821 166.670776
v 1415.590820 46.464813 166.670288
v 1387.411133 -15.801622 166.670410
v 1359.232422 -78.068092 166.670776
v 1229.055664 -78.068092 166.671021
v 1098.878906 -78.068092 166.670776
v 1071.193359 -15.801622 166.671387
v 1043.507812 46.464821 166.671997
v 982.688477 46.464821 166.671997
v 846.351562 46.464821 166.671997
v 476.221680 46.464821 166.671997
v 319.862305 46.464821 166.671997
v -101.698242 46.464821 166.671997
v -251.623535 46.464821 166.671997
v -625.593262 46.464821 166.671997
v -779.156250 46.464821 166.671997
v -1146.933105 46.464821 166.671997
v -1285.616699 46.464821 166.671997
v -1658.047363 46.464821 166.671997
v -1791.904297 46.464821 166.671997
v -2152.285156 46.464821 166.671997
v -2285.759277 46.464821 166.671997
v -2619.445312 46.464825 166.671997
v -2619.445312 17.017185 166.671997
v -2619.445312 -12.430454 166.671997
v -2619.445312 -12.430454 -738.288330
v -2619.445312 17.017185 -738.288330
v -2619.445312 46.464825 -738.288330
v -2285.759277 46.464825 -738.288330
v -2152.285156 46.464825 -738.288330
v -1791.904297 46.464821 -738.288330
v -1658.047363 46.464821 -738.288330
v -1285.616699 46.464821 -738.288269
v -1146.932617 46.464821 -738.288269
v -779.156250 46.464821 -738.288269
v -625.593750 46.464821 -738.288269
v -251.624023 46.464821 -738.288269
v -101.698242 46.464821 -738.288269
v 319.862305 46.464821 -738.288269
v 476.221680 46.464821 -738.288269
v 846.351562 46.464821 -738.288330
v 982.688477 46.464821 -738.288208
v 1043.507812 46.464821 -738.288208
v 1071.193359 -15.801619 -738.288513
v 1098.878906 -78.068092 -738.288696
v 1229.054688 -78.068092 -738.288330
v 1359.231445 -78.068092 -738.288696
v 1387.410156 -15.801622 -738.289551
v 1415.590820 46.464813 -738.289978
v 1578.232422 46.464821 -738.289551
v 1741.951172 46.464821 -738.289429
v 2048.994141 46.464821 -738.289185
v 2201.525391 46.464821 -738.288940
v 2201.525391 46.464821 -527.740173
v 2048.994141 46.464821 -527.740356
v 1741.951172 46.464821 -527.740662
v 1578.232422 46.464821 -527.740784
v 1415.590820 46.464813 -527.741150
v 1387.410156 -15.801615 -527.740906
v 1359.232422 -78.068092 -527.740173
v 1229.054688 -78.068092 -527.739624
v 1098.878906 -78.068092 -527.740173
v 1071.193359 -15.801611 -527.739868
v 1043.507812 46.464825 -527.739441
v 982.688477 46.464821 -527.739441
v 846.351562 46.464825 -527.739502
v 476.221680 46.464821 -527.739441
v 319.862305 46.464821 -527.739441
v -101.698242 46.464821 -527.739441
v -251.624023 46.464821 -527.739441
v -625.593750 46.464821 -527.739441
v -779.156250 46.464821 -527.739441
v -1146.933105 46.464821 -527.739441
v -1285.616699 46.464821 -527.739441
v -1658.047363 46.464821 -527.739502
v -1791.904297 46.464821 -527.739502
v -2152.285156 46.464821 -527.739563
v -2285.759277 46.464825 -527.739563
v -2619.445312 46.464825 -527.739563
v -2619.445801 17.017185 -527.739563
v -2619.445312 -12.430452 -527.739563
v -2619.445312 -12.430456 -26.837036
v -2619.445312 17.017185 -26.837036
v -2619.445312 46.464825 -26.837036
v -2285.759277 46.464825 -26.837036
v -2152.285156 46.464825 -26.837036
v -1791.904297 46.464825 -26.836914
v -1658.047363 46.464825 -26.836914
v -1285.616211 46.464825 -26.836914
v -1146.932617 46.464825 -26.836914
v -779.156250 46.464825 -26.836914
v -625.593262 46.464825 -26.836914
v -251.623535 46.464821 -26.836914
v -101.697754 46.464821 -26.836914
v 319.862305 46.464821 -26.836914
v 476.222656 46.464821 -26.836914
v 846.351562 46.464821 -26.837036
v 982.688477 46.464825 -26.836914
v 1043.507812 46.464821 -26.837036
v 1071.193359 -15.801619 -26.837524
v 1098.878906 -78.068092 -26.838135
v 1229.054688 -78.068092 -26.837769
v 1359.232422 -78.068092 -26.838135
v 1387.410156 -15.801619 -26.838501
v 1415.590820 46.464813 -26.838745
v 1578.232422 46.464821 -26.838257
v 1741.951172 46.464821 -26.838135
v 2048.994141 46.464821 -26.837891
v 2201.525391 46.464821 -26.837646
v 193.393555 46.464821 -1342.145996
v 193.394531 46.464821 -738.288269
v 193.394531 46.464821 -527.739441
v 193.394531 46.464821 -357.032043
v 193.394531 46.464821 -26.836914
v 193.394531 46.464821 166.671997
v 193.394531 46.464821 628.081665
v 193.393555 40.978165 643.704956
v 193.394531 35.491508 659.328491
v 193.393555 35.491508 793.986938
v 193.393555 35.491508 817.402954
v 193.394531 35.491508 952.061401
v 193.393555 40.978165 967.684448
v 193.394531 46.464821 983.307983
v 193.394531 46.464821 1163.678589
v 193.393555 46.464821 1344.049194
v 189.873047 17.027884 1344.049194
v 186.265625 -12.430456 1344.049194
v 698.299805 46.464821 -1342.145996
v 698.299805 46.464821 -738.288330
v 698.299805 46.464828 -527.739441
v 698.299805 46.464821 -357.031982
v 698.299805 46.464821 -26.837036
v 698.299805 46.464821 166.671997
v 698.299805 46.464821 628.081665
v 698.299805 40.978165 643.704956
v 698.299805 35.491508 659.328491
v 698.299805 35.491508 793.986938
v 698.299805 35.491508 817.402954
v 698.299805 35.491508 952.061401
v 698.299805 40.978165 967.684692
v 698.299805 46.464821 983.307983
v 698.299805 46.464821 1163.678589
v 698.299805 46.464821 1344.049194
v 694.241211 17.019159 1344.049194
v 690.166992 -12.430456 1344.049194
v 2574.101562 45.669003 564.843506
v 2567.125977 45.669003 557.867920
v 2557.596680 45.669003 555.314575
v 2548.068359 45.669003 557.867920
v 2541.091797 45.669003 564.843506
v 2538.539062 45.669003 574.372681
v 2541.091797 45.669003 583.901367
v 2548.068359 45.669003 590.877563
v 2557.596680 45.669003 593.430786
v 2567.125977 45.669003 590.877563
v 2574.101562 45.669003 583.901367
v 2576.654297 45.669003 574.372681
v 2574.101562 54.001503 564.843506
v 2567.125977 54.001503 557.867920
v 2557.596680 54.001503 555.314575
v 2548.068359 54.001503 557.867920
v 2541.091797 54.001503 564.843506
v 2538.539062 54.001503 574.372681
v 2541.091797 54.001503 583.901367
v 2548.068359 54.001503 590.877563
v 2557.596680 54.001503 593.430786
v 2567.125977 54.001503 590.877563
v 2574.101562 54.001503 583.901367
v 2576.654297 54.001503 574.372681
v 2557.596680 45.669003 574.372681
v 2568.695312 54.001503 567.964722
v 2570.413086 54.001503 574.372681
v 2568.695312 54.001503 580.780762
v 2564.004883 54.001503 585.471680
v 2557.596680 54.001503 587.188721
v 2551.189453 54.001503 585.471680
v 2546.498047 54.001503 580.780762
v 2544.781250 54.001503 574.372681
v 2546.498047 54.001503 567.964722
v 2551.189453 54.001503 563.273682
v 2557.596680 54.001503 561.556641
v 2564.004883 54.001503 563.273682
v 2568.695312 140.569366 567.964722
v 2570.413086 140.569366 574.372681
v 2568.695312 140.569366 580.780762
v 2564.004883 140.569366 585.471680
v 2557.596680 140.569366 587.188721
v 2551.189453 140.569366 585.471680
v 2546.498047 140.569366 580.780762
v 2544.781250 140.569366 574.372681
v 2546.498047 140.569366 567.964722
v 2551.189453 140.569366 563.273682
v 2557.596680 140.569366 561.556641
v 2564.004883 140.569366 563.273682
v 2565.989258 144.726532 569.527344
v 2567.288086 144.726532 574.372681
v 2557.596680 144.726532 574.372681
v 2565.989258 144.726532 579.218018
v 2562.441406 144.726532 582.765015
v 2557.596680 144.726532 584.063354
v 2552.751953 144.726532 582.765015
v 2549.205078 144.726532 579.218018
v 2547.906250 144.726532 574.372681
v 2549.205078 144.726532 569.527344
v 2552.751953 144.726532 565.980347
v 2557.596680 144.726532 564.682007
v 2562.441406 144.726532 565.980347
v 2322.846680 45.669003 564.843506
v 2315.871094 45.669003 557.867920
v 2306.341797 45.669003 555.314575
v 2296.812500 45.669003 557.867920
v 2289.836914 45.669003 564.843506
v 2287.283203 45.669003 574.372681
v 2289.836914 45.669003 583.901367
v 2296.812500 45.669003 590.877563
v 2306.341797 45.669003 593.430786
v 2315.871094 45.669003 590.877563
v 2322.846680 45.669003 583.901367
v 2325.399414 45.669003 574.372681
v 2322.846680 54.001503 564.843506
v 2315.871094 54.001503 557.867920
v 2306.341797 54.001503 555.314575
v 2296.812500 54.001503 557.867920
v 2289.836914 54.001503 564.843506
v 2287.283203 54.001503 574.372681
v 2289.836914 54.001503 583.901367
v 2296.812500 54.001503 590.877563
v 2306.341797 54.001503 593.430786
v 2315.871094 54.001503 590.877563
v 2322.846680 54.001503 583.901367
v 2325.399414 54.001503 574.372681
v 2306.341797 45.669003 574.372681
v 2317.440430 54.001503 567.964722
v 2319.158203 54.001503 574.372681
v 2317.440430 54.001503 580.780762
v 2312.750000 54.001503 585.471680
v 2306.341797 54.001503 587.188721
v 2299.933594 54.001503 585.471680
v 2295.242188 54.001503 580.780762
v 2293.525391 54.001503 574.372681
v 2295.242188 54.001503 567.964722
v 2299.933594 54.001503 563.273682
v 2306.341797 54.001503 561.556641
v 2312.750000 54.001503 563.273682
v 2317.440430 140.569366 567.964722
v 2319.158203 140.569366 574.372681
v 2317.440430 140.569366 580.780762
v 2312.750000 140.569366 585.471680
v 2306.341797 140.569366 587.188721
v 2299.933594 140.569366 585.471680
v 2295.242188 140.569366 580.780762
v 2293.525391 140.569366 574.372681
v 2295.242188 140.569366 567.964722
v 2299.933594 140.569366 563.273682
v 2306.341797 140.569366 561.556641
v 2312.750000 140.569366 563.273682
v 2314.734375 144.726532 569.527344
v 2316.033203 144.726532 574.372681
v 2306.341797 144.726532 574.372681
v 2314.734375 144.726532 579.218018
v 2311.186523 144.726532 582.765015
v 2306.341797 144.726532 584.063354
v 2301.496094 144.726532 582.765015
v 2297.949219 144.726532 579.218018
v 2296.650391 144.726532 574.372681
v 2297.949219 144.726532 569.527344
v 2301.496094 144.726532 565.980347
v 2306.341797 144.726532 564.682007
v 2311.186523 144.726532 565.980347
v 2072.714844 45.669003 564.843506
v 2065.738281 45.669003 557.867920
v 2056.208984 45.669003 555.314575
v 2046.680664 45.669003 557.867920
v 2039.705078 45.669003 564.843506
v 2037.151367 45.669003 574.372681
v 2039.705078 45.669003 583.901367
v 2046.680664 45.669003 590.877563
v 2056.208984 45.669003 593.430786
v 2065.738281 45.669003 590.877563
v 2072.714844 45.669003 583.901367
v 2075.267578 45.669003 574.372681
v 2072.714844 54.001503 564.843506
v 2065.738281 54.001503 557.867920
v 2056.208984 54.001503 555.314575
v 2046.680664 54.001503 557.867920
v 2039.705078 54.001503 564.843506
v 2037.151367 54.001503 574.372681
v 2039.705078 54.001503 583.901367
v 2046.680664 54.001503 590.877563
v 2056.208984 54.001503 593.430786
v 2065.738281 54.001503 590.877563
v 2072.714844 54.001503 583.901367
v 2075.267578 54.001503 574.372681
v 2056.208984 45.669003 574.372681
v 2067.308594 54.001503 567.964722
v 2069.025391 54.001503 574.372681
v 2067.308594 54.001503 580.780762
v 2062.617188 54.001503 585.471680
v 2056.208984 54.001503 587.188721
v 2049.802734 54.001503 585.471680
v 2045.111328 54.001503 580.780762
v 2043.393555 54.001503 574.372681
v 2045.111328 54.001503 567.964722
v 2049.802734 54.001503 563.273682
v 2056.208984 54.001503 561.556641
v 2062.617188 54.001503 563.273682
v 2067.308594 140.569366 567.964722
v 2069.025391 140.569366 574.372681
v 2067.308594 140.569366 580.780762
v 2062.617188 140.569366 585.471680
v 2056.208984 140.569366 587.188721
v 2049.802734 140.569366 585.471680
v 2045.111328 140.569366 580.780762
v 2043.393555 140.569366 574.372681
v 2045.111328 140.569366 567.964722
v 2049.802734 140.569366 563.273682
v 2056.208984 140.569366 561.556641
v 2062.617188 140.569366 563.273682
v 2064.601562 144.726532 569.527344
v 2065.900391 144.726532 574.372681
v 2056.208984 144.726532 574.372681
v 2064.601562 144.726532 579.218018
v 2061.054688 144.726532 582.765015
v 2056.208984 144.726532 584.063354
v 2051.364258 144.726532 582.765015
v 2047.817383 144.726532 579.218018
v 2046.519531 144.726532 574.372681
v 2047.817383 144.726532 569.527344
v 2051.364258 144.726532 565.980347
v 2056.208984 144.726532 564.682007
v 2061.054688 144.726532 565.980347
v 1451.229492 9.988226 152.456421
v 1453.947266 9.988226 149.738647
v 1454.941406 9.988226 146.026733
v 1453.947266 9.988226 142.314331
v 1451.229492 9.988226 139.596558
v 1447.517578 9.988226 138.602417
v 1443.804688 9.988226 139.596558
v 1441.086914 9.988226 142.314331
v 1440.092773 9.988226 146.026733
v 1441.086914 9.988226 149.738647
v 1443.804688 9.988226 152.456421
v 1447.517578 9.988226 153.450562
v 1451.229492 129.350769 152.456421
v 1453.947266 129.350769 149.738647
v 1454.941406 129.350769 146.026733
v 1453.947266 129.350769 142.314331
v 1451.229492 129.350769 139.596558
v 1447.517578 129.350769 138.602417
v 1443.804688 129.350769 139.596558
v 1441.086914 129.350769 142.314331
v 1440.092773 129.350769 146.026733
v 1441.086914 129.350769 149.738647
v 1443.804688 129.350769 152.456421
v 1447.517578 129.350769 153.450562
v 1451.229492 133.584778 153.475464
v 1453.947266 134.952515 151.126343
v 1454.941406 136.820435 147.918823
v 1453.947266 138.688904 144.710815
v 1451.229492 140.056580 142.362183
v 1447.517578 140.556641 141.503296
v 1443.804688 140.056580 142.362183
v 1441.086914 138.688904 144.710815
v 1440.092773 136.820435 147.918823
v 1441.086914 134.952515 151.126343
v 1443.804688 133.584778 153.475464
v 1447.517578 133.084595 154.334351
v 1451.229492 138.066040 156.927612
v 1453.947266 140.345276 155.447144
v 1454.941406 143.457825 153.424194
v 1453.947266 146.570984 151.401733
v 1451.229492 148.850098 149.920776
v 1447.517578 149.683411 149.379761
v 1443.804688 148.850098 149.920776
v 1441.086914 146.570984 151.401733
v 1440.092773 143.457825 153.424194
v 1441.086914 140.345276 155.447144
v 1443.804688 138.066040 156.927612
v 1447.517578 137.232483 157.469116
v 1451.229492 139.559937 160.782104
v 1453.947266 142.277893 160.765503
v 1454.941406 145.989929 160.741577
v 1453.947266 149.702515 160.719604
v 1451.229492 152.420288 160.702026
v 1447.517578 153.413818 160.696655
v 1443.804688 152.420288 160.702026
v 1441.086914 149.702515 160.719604
v 1440.092773 145.989929 160.741577
v 1441.086914 142.277893 160.765503
v 1443.804688 139.559937 160.782104
v 1447.517578 138.566284 160.787964
v 1451.229492 9.988226 536.008179
v 1453.947266 9.988226 538.725952
v 1454.941406 9.988226 542.437866
v 1453.947266 9.988226 546.149780
v 1451.229492 9.988226 548.868530
v 1447.517578 9.988226 549.862671
v 1443.804688 9.988226 548.868530
v 1441.086914 9.988226 546.149780
v 1440.092773 9.988226 542.437866
v 1441.086914 9.988226 538.725952
v 1443.804688 9.988226 536.008179
v 1447.517578 9.988226 535.014038
v 1451.229492 129.350769 536.008179
v 1453.947266 129.350769 538.725952
v 1454.941406 129.350769 542.437866
v 1453.947266 129.350769 546.149780
v 1451.229492 129.350769 548.868530
v 1447.517578 129.350769 549.862671
v 1443.804688 129.350769 548.868530
v 1441.086914 129.350769 546.149780
v 1440.092773 129.350769 542.437866
v 1441.086914 129.350769 538.725952
v 1443.804688 129.350769 536.008179
v 1447.517578 129.350769 535.014038
v 1451.229492 133.584778 534.989624
v 1453.947266 134.952515 537.338257
v 1454.941406 136.820435 540.546265
v 1453.947266 138.688904 543.753296
v 1451.229492 140.056580 546.102905
v 1447.517578 140.556641 546.961304
v 1443.804688 140.056580 546.102905
v 1441.086914 138.688904 543.753296
v 1440.092773 136.820435 540.546265
v 1441.086914 134.952515 537.338257
v 1443.804688 133.584778 534.989624
v 1447.517578 133.084595 534.130249
v 1451.229492 138.066040 531.536499
v 1453.947266 140.345276 533.016968
v 1454.941406 143.457825 535.040405
v 1453.947266 146.570984 537.062866
v 1451.229492 148.850098 538.544312
v 1447.517578 149.683411 539.085327
v 1443.804688 148.850098 538.544312
v 1441.086914 146.570984 537.062866
v 1440.092773 143.457825 535.040405
v 1441.086914 140.345276 533.016968
v 1443.804688 138.066040 531.536499
v 1447.517578 137.232483 530.995483
v 1451.229492 139.559937 527.682983
v 1453.947266 142.277893 527.698608
v 1454.941406 145.989929 527.723022
v 1453.947266 149.702515 527.745483
v 1451.229492 152.420288 527.763062
v 1447.517578 153.413818 527.767944
v 1443.804688 152.420288 527.763062
v 1441.086914 149.702515 527.745483
v 1440.092773 145.989929 527.723022
v 1441.086914 142.277893 527.698608
v 1443.804688 139.559937 527.682983
v 1447.517578 138.566284 527.677124
v 325.522461 78.784447 570.586670
v 325.522461 80.565811 568.805298
v 325.522461 82.999191 568.153198
v 325.522461 85.432571 568.805298
v 325.522461 87.213936 570.586670
v 325.522461 87.865959 573.020020
v 325.522461 87.213936 575.453369
v 325.522461 85.432571 577.234741
v 325.522461 82.999191 577.886841
v 325.522461 80.565811 577.234741
v 325.522461 78.784447 575.453369
v 325.522461 78.132423 573.020020
v 716.036133 78.784447 570.586670
v 716.036133 80.565811 568.805298
v 716.036133 82.999191 568.153198
v 716.036133 85.432571 568.805298
v 716.036133 87.213936 570.586670
v 716.036133 87.865959 573.020020
v 716.036133 87.213936 575.453369
v 716.036133 85.432571 577.234741
v 716.036133 82.999191 577.886841
v 716.036133 80.565811 577.234741
v 716.036133 78.784447 575.453369
v 716.036133 78.132423 573.020020
v 325.522461 82.999191 573.020020
v 716.036133 82.999191 573.020020
v 1449.956055 111.801598 144.289917
v 1451.737305 113.582962 144.289917
v 1452.389648 116.016342 144.289917
v 1451.737305 118.449730 144.289917
v 1449.956055 120.231087 144.289917
v 1447.522461 120.883110 144.289917
v 1445.089844 120.231087 144.289917
v 1443.307617 118.449730 144.289917
v 1442.656250 116.016342 144.289917
v 1443.307617 113.582962 144.289917
v 1445.089844 111.801598 144.289917
v 1447.522461 111.149574 144.289917
v 1449.956055 111.801598 534.804077
v 1451.737305 113.582962 534.804077
v 1452.389648 116.016342 534.804077
v 1451.737305 118.449730 534.804077
v 1449.956055 120.231087 534.804077
v 1447.522461 120.883110 534.804077
v 1445.089844 120.231087 534.804077
v 1443.307617 118.449730 534.804077
v 1442.656250 116.016342 534.804077
v 1443.307617 113.582962 534.804077
v 1445.089844 111.801598 534.804077
v 1447.522461 111.149574 534.804077
v 1447.522461 116.016342 144.289917
v 1447.522461 116.016342 534.804077
v 1449.956055 78.784447 144.289917
v 1451.737305 80.565811 144.289917
v 1452.389648 82.999191 144.289917
v 1451.737305 85.432571 144.289917
v 1449.956055 87.213936 144.289917
v 1447.522461 87.865959 144.289917
v 1445.089844 87.213936 144.289917
v 1443.307617 85.432571 144.289917
v 1442.656250 82.999191 144.289917
v 1443.307617 80.565811 144.289917
v 1445.089844 78.784447 144.289917
v 1447.522461 78.132423 144.289917
v 1449.956055 78.784447 534.804077
v 1451.737305 80.565811 534.804077
v 1452.389648 82.999191 534.804077
v 1451.737305 85.432571 534.804077
v 1449.956055 87.213936 534.804077
v 1447.522461 87.865959 534.804077
v 1445.089844 87.213936 534.804077
v 1443.307617 85.432571 534.804077
v 1442.656250 82.999191 534.804077
v 1443.307617 80.565811 534.804077
v 1445.089844 78.784447 534.804077
v 1447.522461 78.132423 534.804077
v 1447.522461 82.999191 144.289917
v 1447.522461 82.999191 534.804077
v 325.522461 111.801598 570.586670
v 325.522461 113.582962 568.805298
v 325.522461 116.016342 568.153198
v 325.522461 118.449730 568.805298
v 325.522461 120.231087 570.586670
v 325.522461 120.883110 573.020020
v 325.522461 120.231087 575.453369
v 325.522461 118.449730 577.234741
v 325.522461 116.016342 577.886841
v 325.522461 113.582962 577.234741
v 325.522461 111.801598 575.453369
v 325.522461 111.149574 573.020020
v 716.036133 111.801598 570.586670
v 716.036133 113.582962 568.805298
v 716.036133 116.016342 568.153198
v 716.036133 118.449730 568.805298
v 716.036133 120.231087 570.586670
v 716.036133 120.883110 573.020020
v 716.036133 120.231087 575.453369
v 716.036133 118.449730 577.234741
v 716.036133 116.016342 577.886841
v 716.036133 113.582962 577.234741
v 716.036133 111.801598 575.453369
v 716.036133 111.149574 573.020020
v 325.522461 116.016342 573.020020
v 716.036133 116.016342 573.020020
v 333.688477 9.988226 569.313477
v 330.970703 9.988226 566.595947
v 327.258789 9.988226 565.601318
v 323.546875 9.988226 566.595947
v 320.829102 9.988226 569.313477
v 319.834961 9.988226 573.025635
v 320.829102 9.988226 576.737549
v 323.546875 9.988226 579.455444
v 327.258789 9.988226 580.449707
v 330.970703 9.988226 579.455444
v 333.688477 9.988226 576.737549
v 334.682617 9.988226 573.025635
v 333.688477 129.350769 569.313477
v 330.970703 129.350769 566.595947
v 327.258789 129.350769 565.601318
v 323.546875 129.350769 566.595947
v 320.829102 129.350769 569.313477
v 319.834961 129.350769 573.025635
v 320.829102 129.350769 576.737549
v 323.546875 129.350769 579.455444
v 327.258789 129.350769 580.449707
v 330.970703 129.350769 579.455444
v 333.688477 129.350769 576.737549
v 334.682617 129.350769 573.025635
v 334.708008 133.584778 569.313477
v 332.358398 134.952515 566.595947
v 329.151367 136.820435 565.601318
v 325.943359 138.688904 566.595947
v 323.594727 140.056580 569.313477
v 322.735352 140.556641 573.025635
v 323.594727 140.056580 576.737549
v 325.943359 138.688904 579.455444
v 329.151367 136.820435 580.449707
v 332.358398 134.952515 579.455444
v 334.708008 133.584778 576.737549
v 335.566406 133.084595 573.025635
v 338.160156 138.066040 569.313477
v 336.679688 140.345276 566.595947
v 334.656250 143.457825 565.601318
v 332.633789 146.570984 566.595947
v 331.153320 148.850098 569.313477
v 330.612305 149.683411 573.025635
v 331.153320 148.850098 576.737549
v 332.633789 146.570984 579.455444
v 334.656250 143.457825 580.449707
v 336.679688 140.345276 579.455444
v 338.160156 138.066040 576.737549
v 338.701172 137.232483 573.025635
v 342.014648 139.559937 569.313477
v 341.998047 142.277893 566.595947
v 341.973633 145.989929 565.601318
v 341.952148 149.702515 566.595947
v 341.934570 152.420288 569.313477
v 341.928711 153.413818 573.025635
v 341.934570 152.420288 576.737549
v 341.952148 149.702515 579.455444
v 341.973633 145.989929 580.449707
v 341.998047 142.277893 579.455444
v 342.014648 139.559937 576.737549
v 342.020508 138.566284 573.025635
v 717.240234 9.988226 569.313477
v 719.958008 9.988226 566.595947
v 723.669922 9.988226 565.601318
v 727.381836 9.988226 566.595947
v 730.100586 9.988226 569.313477
v 731.094727 9.988226 573.025635
v 730.100586 9.988226 576.737549
v 727.381836 9.988226 579.455444
v 723.669922 9.988226 580.449707
v 719.958008 9.988226 579.455444
v 717.240234 9.988226 576.737549
v 716.246094 9.988226 573.025635
v 717.240234 129.350769 569.313477
v 719.958008 129.350769 566.595947
v 723.669922 129.350769 565.601318
v 727.381836 129.350769 566.595947
v 730.100586 129.350769 569.313477
v 731.094727 129.350769 573.025635
v 730.100586 129.350769 576.737549
v 727.381836 129.350769 579.455444
v 723.669922 129.350769 580.449707
v 719.958008 129.350769 579.455444
v 717.240234 129.350769 576.737549
v 716.246094 129.350769 573.025635
v 716.221680 133.584778 569.313477
v 718.570312 134.952515 566.595947
v 721.778320 136.820435 565.601318
v 724.985352 138.688904 566.595947
v 727.334961 140.056580 569.313477
v 728.193359 140.556641 573.025635
v 727.334961 140.056580 576.737549
v 724.985352 138.688904 579.455444
v 721.778320 136.820435 580.449707
v 718.570312 134.952515 579.455444
v 716.221680 133.584778 576.737549
v 715.362305 133.084595 573.025635
v 712.768555 138.066040 569.313477
v 714.249023 140.345276 566.595947
v 716.272461 143.457825 565.601318
v 718.294922 146.570984 566.595947
v 719.776367 148.850098 569.313477
v 720.317383 149.683411 573.025635
v 719.776367 148.850098 576.737549
v 718.294922 146.570984 579.455444
v 716.272461 143.457825 580.449707
v 714.249023 140.345276 579.455444
v 712.768555 138.066040 576.737549
v 712.227539 137.232483 573.025635
v 708.915039 139.559937 569.313477
v 708.930664 142.277893 566.595947
v 708.955078 145.989929 565.601318
v 708.977539 149.702515 566.595947
v 708.995117 152.420288 569.313477
v 709.000000 153.413818 573.025635
v 708.995117 152.420288 576.737549
v 708.977539 149.702515 579.455444
v 708.955078 145.989929 580.449707
v 708.930664 142.277893 579.455444
v 708.915039 139.559937 576.737549
v 708.909180 138.566284 573.025635
v -98.891602 9.988226 569.313477
v -101.609375 9.988226 566.595947
v -105.321289 9.988226 565.601318
v -109.033691 9.988226 566.595947
v -111.751465 9.988226 569.313477
v -112.745605 9.988226 573.025635
v -111.751465 9.988226 576.737549
v -109.033691 9.988226 579.455444
v -105.321289 9.988226 580.449707
v -101.609375 9.988226 579.455444
v -98.891602 9.988226 576.737549
v -97.897461 9.988226 573.025635
v -98.891602 129.350769 569.313477
v -101.609375 129.350769 566.595947
v -105.321289 129.350769 565.601318
v -109.033691 129.350769 566.595947
v -111.751465 129.350769 569.313477
v -112.745605 129.350769 573.025635
v -111.751465 129.350769 576.737549
v -109.033691 129.350769 579.455444
v -105.321289 129.350769 580.449707
v -101.609375 129.350769 579.455444
v -98.891602 129.350769 576.737549
v -97.897461 129.350769 573.025635
v -97.872559 133.584778 569.313477
v -100.221680 134.952515 566.595947
v -103.429199 136.820435 565.601318
v -106.637207 138.688904 566.595947
v -108.985840 140.056580 569.313477
v -109.844727 140.556641 573.025635
v -108.985840 140.056580 576.737549
v -106.637207 138.688904 579.455444
v -103.429199 136.820435 580.449707
v -100.221680 134.952515 579.455444
v -97.872559 133.584778 576.737549
v -97.013672 133.084595 573.025635
v -94.420410 138.066040 569.313477
v -95.900879 140.345276 566.595947
v -97.923828 143.457825 565.601318
v -99.946289 146.570984 566.595947
v -101.427246 148.850098 569.313477
v -101.968262 149.683411 573.025635
v -101.427246 148.850098 576.737549
v -99.946289 146.570984 579.455444
v -97.923828 143.457825 580.449707
v -95.900879 140.345276 579.455444
v -94.420410 138.066040 576.737549
v -93.878906 137.232483 573.025635
v -90.565918 139.559937 569.313477
v -90.582520 142.277893 566.595947
v -90.606445 145.989929 565.601318
v -90.628418 149.702515 566.595947
v -90.645996 152.420288 569.313477
v -90.651367 153.413818 573.025635
v -90.645996 152.420288 576.737549
v -90.628418 149.702515 579.455444
v -90.606445 145.989929 580.449707
v -90.582520 142.277893 579.455444
v -90.565918 139.559937 576.737549
v -90.560059 138.566284 573.025635
v 284.660156 9.988226 569.313477
v 287.377930 9.988226 566.595947
v 291.089844 9.988226 565.601318
v 294.801758 9.988226 566.595947
v 297.520508 9.988226 569.313477
v 298.514648 9.988226 573.025635
v 297.520508 9.988226 576.737549
v 294.801758 9.988226 579.455444
v 291.089844 9.988226 580.449707
v 287.377930 9.988226 579.455444
v 284.660156 9.988226 576.737549
v 283.666016 9.988226 573.025635
v 284.660156 129.350769 569.313477
v 287.377930 129.350769 566.595947
v 291.089844 129.350769 565.601318
v 294.801758 129.350769 566.595947
v 297.520508 129.350769 569.313477
v 298.514648 129.350769 573.025635
v 297.520508 129.350769 576.737549
v 294.801758 129.350769 579.455444
v 291.089844 129.350769 580.449707
v 287.377930 129.350769 579.455444
v 284.660156 129.350769 576.737549
v 283.666016 129.350769 573.025635
v 283.641602 133.584778 569.313477
v 285.990234 134.952515 566.595947
v 289.198242 136.820435 565.601318
v 292.405273 138.688904 566.595947
v 294.754883 140.056580 569.313477
v 295.613281 140.556641 573.025635
v 294.754883 140.056580 576.737549
v 292.405273 138.688904 579.455444
v 289.198242 136.820435 580.449707
v 285.990234 134.952515 579.455444
v 283.641602 133.584778 576.737549
v 282.782227 133.084595 573.025635
v 280.188477 138.066040 569.313477
v 281.668945 140.345276 566.595947
v 283.692383 143.457825 565.601318
v 285.714844 146.570984 566.595947
v 287.196289 148.850098 569.313477
v 287.737305 149.683411 573.025635
v 287.196289 148.850098 576.737549
v 285.714844 146.570984 579.455444
v 283.692383 143.457825 580.449707
v 281.668945 140.345276 579.455444
v 280.188477 138.066040 576.737549
v 279.647461 137.232483 573.025635
v 276.334961 139.559937 569.313477
v 276.350586 142.277893 566.595947
v 276.375000 145.989929 565.601318
v 276.397461 149.702515 566.595947
v 276.415039 152.420288 569.313477
v 276.419922 153.413818 573.025635
v 276.415039 152.420288 576.737549
v 276.397461 149.702515 579.455444
v 276.375000 145.989929 580.449707
v 276.350586 142.277893 579.455444
v 276.334961 139.559937 576.737549
v 276.329102 138.566284 573.025635
v -107.058105 111.801598 570.586670
v -107.058105 113.582962 568.805298
v -107.058105 116.016342 568.153198
v -107.058105 118.449730 568.805298
v -107.058105 120.231087 570.586670
v -107.058105 120.883110 573.020020
v -107.058105 120.231087 575.453369
v -107.058105 118.449730 577.234741
v -107.058105 116.016342 577.886841
v -107.058105 113.582962 577.234741
v -107.058105 111.801598 575.453369
v -107.058105 111.149574 573.020020
v 283.456055 111.801598 570.586670
v 283.456055 113.582962 568.805298
v 283.456055 116.016342 568.153198
v 283.456055 118.449730 568.805298
v 283.456055 120.231087 570.586670
v 283.456055 120.883110 573.020020
v 283.456055 120.231087 575.453369
v 283.456055 118.449730 577.234741
v 283.456055 116.016342 577.886841
v 283.456055 113.582962 577.234741
v 283.456055 111.801598 575.453369
v 283.456055 111.149574 573.020020
v -107.058105 116.016342 573.020020
v 283.456055 116.016342 573.020020
v -107.058105 78.784447 570.586670
v -107.058105 80.565811 568.805298
v -107.058105 82.999191 568.153198
v -107.058105 85.432571 568.805298
v -107.058105 87.213936 570.586670
v -107.058105 87.865959 573.020020
v -107.058105 87.213936 575.453369
v -107.058105 85.432571 577.234741
v -107.058105 82.999191 577.886841
v -107.058105 80.565811 577.234741
v -107.058105 78.784447 575.453369
v -107.058105 78.132423 573.020020
v 283.456055 78.784447 570.586670
v 283.456055 80.565811 568.805298
v 283.456055 82.999191 568.153198
v 283.456055 85.432571 568.805298
v 283.456055 87.213936 570.586670
v 283.456055 87.865959 573.020020
v 283.456055 87.213936 575.453369
v 283.456055 85.432571 577.234741
v 283.456055 82.999191 577.886841
v 283.456055 80.565811 577.234741
v 283.456055 78.784447 575.453369
v 283.456055 78.132423 573.020020
v -107.058105 82.999191 573.020020
v 283.456055 82.999191 573.020020
v -813.615234 45.669003 564.843506
v -820.591309 45.669003 557.867920
v -830.120605 45.669003 555.314575
v -839.649414 45.669003 557.867920
v -846.625000 45.669003 564.843506
v -849.178711 45.669003 574.372681
v -846.625000 45.669003 583.901367
v -839.649414 45.669003 590.877563
v -830.120605 45.669003 593.430786
v -820.591309 45.669003 590.877563
v -813.615234 45.669003 583.901367
v -811.062500 45.669003 574.372681
v -813.615234 54.001503 564.843506
v -820.591309 54.001503 557.867920
v -830.120605 54.001503 555.314575
v -839.649414 54.001503 557.867920
v -846.625000 54.001503 564.843506
v -849.178711 54.001503 574.372681
v -846.625000 54.001503 583.901367
v -839.649414 54.001503 590.877563
v -830.120605 54.001503 593.430786
v -820.591309 54.001503 590.877563
v -813.615234 54.001503 583.901367
v -811.062500 54.001503 574.372681
v -830.120605 45.669003 574.372681
v -819.021484 54.001503 567.964722
v -817.304199 54.001503 574.372681
v -819.021484 54.001503 580.780762
v -823.712402 54.001503 585.471680
v -830.120605 54.001503 587.188721
v -836.527832 54.001503 585.471680
v -841.219238 54.001503 580.780762
v -842.936523 54.001503 574.372681
v -841.219238 54.001503 567.964722
v -836.527832 54.001503 563.273682
v -830.120605 54.001503 561.556641
v -823.712402 54.001503 563.273682
v -819.021484 140.569366 567.964722
v -817.304199 140.569366 574.372681
v -819.021484 140.569366 580.780762
v -823.712402 140.569366 585.471680
v -830.120605 140.569366 587.188721
v -836.527832 140.569366 585.471680
v -841.219238 140.569366 580.780762
v -842.936523 140.569366 574.372681
v -841.219238 140.569366 567.964722
v -836.527832 140.569366 563.273682
v -830.120605 140.569366 561.556641
v -823.712402 140.569366 563.273682
v -821.728027 144.726532 569.527344
v -820.429199 144.726532 574.372681
v -830.120605 144.726532 574.372681
v -821.728027 144.726532 579.218018
v -825.275391 144.726532 582.765015
v -830.120605 144.726532 584.063354
v -834.965820 144.726532 582.765015
v -838.512695 144.726532 579.218018
v -839.811035 144.726532 574.372681
v -838.512695 144.726532 569.527344
v -834.965820 144.726532 565.980347
v -830.120605 144.726532 564.682007
v -825.275391 144.726532 565.980347
v -1103.545898 45.669003 564.843506
v -1110.521973 45.669003 557.867920
v -1120.051270 45.669003 555.314575
v -1129.580078 45.669003 557.867920
v -1136.555664 45.669003 564.843506
v -1139.109375 45.669003 574.372681
v -1136.555664 45.669003 583.901367
v -1129.580078 45.669003 590.877563
v -1120.051270 45.669003 593.430786
v -1110.521973 45.669003 590.877563
v -1103.545898 45.669003 583.901367
v -1100.993164 45.669003 574.372681
v -1103.545898 54.001503 564.843506
v -1110.521973 54.001503 557.867920
v -1120.051270 54.001503 555.314575
v -1129.580078 54.001503 557.867920
v -1136.555664 54.001503 564.843506
v -1139.109375 54.001503 574.372681
v -1136.555664 54.001503 583.901367
v -1129.580078 54.001503 590.877563
v -1120.051270 54.001503 593.430786
v -1110.521973 54.001503 590.877563
v -1103.545898 54.001503 583.901367
v -1100.993164 54.001503 574.372681
v -1120.051270 45.669003 574.372681
v -1108.952148 54.001503 567.964722
v -1107.234863 54.001503 574.372681
v -1108.952148 54.001503 580.780762
v -1113.643066 54.001503 585.471680
v -1120.051270 54.001503 587.188721
v -1126.458496 54.001503 585.471680
v -1131.149902 54.001503 580.780762
v -1132.867188 54.001503 574.372681
v -1131.149902 54.001503 567.964722
v -1126.458496 54.001503 563.273682
v -1120.051270 54.001503 561.556641
v -1113.643066 54.001503 563.273682
v -1108.952148 140.569366 567.964722
v -1107.234863 140.569366 574.372681
v -1108.952148 140.569366 580.780762
v -1113.643066 140.569366 585.471680
v -1120.051270 140.569366 587.188721
v -1126.458496 140.569366 585.471680
v -1131.149902 140.569366 580.780762
v -1132.867188 140.569366 574.372681
v -1131.149902 140.569366 567.964722
v -1126.458496 140.569366 563.273682
v -1120.051270 140.569366 561.556641
v -1113.643066 140.569366 563.273682
v -1111.658691 144.726532 569.527344
v -1110.359863 144.726532 574.372681
v -1120.051270 144.726532 574.372681
v -1111.658691 144.726532 579.218018
v -1115.206055 144.726532 582.765015
v -1120.051270 144.726532 584.063354
v -1124.896484 144.726532 582.765015
v -1128.443359 144.726532 579.218018
v -1129.741699 144.726532 574.372681
v -1128.443359 144.726532 569.527344
v -1124.896484 144.726532 565.980347
v -1120.051270 144.726532 564.682007
v -1115.206055 144.726532 565.980347
v -1411.136230 45.669003 564.843506
v -1418.112305 45.669003 557.867920
v -1427.641602 45.669003 555.314575
v -1437.170410 45.669003 557.867920
v -1444.145996 45.669003 564.843506
v -1446.699707 45.669003 574.372681
v -1444.145996 45.669003 583.901367
v -1437.170410 45.669003 590.877563
v -1427.641602 45.669003 593.430786
v -1418.112305 45.669003 590.877563
v -1411.136230 45.669003 583.901367
v -1408.583496 45.669003 574.372681
v -1411.136230 54.001503 564.843506
v -1418.112305 54.001503 557.867920
v -1427.641602 54.001503 555.314575
v -1437.170410 54.001503 557.867920
v -1444.145996 54.001503 564.843506
v -1446.699707 54.001503 574.372681
v -1444.145996 54.001503 583.901367
v -1437.170410 54.001503 590.877563
v -1427.641602 54.001503 593.430786
v -1418.112305 54.001503 590.877563
v -1411.136230 54.001503 583.901367
v -1408.583496 54.001503 574.372681
v -1427.641602 45.669003 574.372681
v -1416.542480 54.001503 567.964722
v -1414.825195 54.001503 574.372681
v -1416.542480 54.001503 580.780762
v -1421.233398 54.001503 585.471680
v -1427.641602 54.001503 587.188721
v -1434.048828 54.001503 585.471680
v -1438.740234 54.001503 580.780762
v -1440.457520 54.001503 574.372681
v -1438.740234 54.001503 567.964722
v -1434.048828 54.001503 563.273682
v -1427.641602 54.001503 561.556641
v -1421.233398 54.001503 563.273682
v -1416.542480 140.569366 567.964722
v -1414.825195 140.569366 574.372681
v -1416.542480 140.569366 580.780762
v -1421.233398 140.569366 585.471680
v -1427.641602 140.569366 587.188721
v -1434.048828 140.569366 585.471680
v -1438.740234 140.569366 580.780762
v -1440.457520 140.569366 574.372681
v -1438.740234 140.569366 567.964722
v -1434.048828 140.569366 563.273682
v -1427.641602 140.569366 561.556641
v -1421.233398 140.569366 563.273682
v -1419.249023 144.726532 569.527344
v -1417.950195 144.726532 574.372681
v -1427.641602 144.726532 574.372681
v -1419.249023 144.726532 579.218018
v -1422.796387 144.726532 582.765015
v -1427.641602 144.726532 584.063354
v -1432.486816 144.726532 582.765015
v -1436.033691 144.726532 579.218018
v -1437.332031 144.726532 574.372681
v -1436.033691 144.726532 569.527344
v -1432.486816 144.726532 565.980347
v -1427.641602 144.726532 564.682007
v -1422.796387 144.726532 565.980347
v -1708.316406 45.669003 564.843506
v -1715.292480 45.669003 557.867920
v -1724.821777 45.669003 555.314575
v -1734.350586 45.669003 557.867920
v -1741.326172 45.669003 564.843506
v -1743.879883 45.669003 574.372681
v -1741.326172 45.669003 583.901367
v -1734.350586 45.669003 590.877563
v -1724.821777 45.669003 593.430786
v -1715.292480 45.669003 590.877563
v -1708.316406 45.669003 583.901367
v -1705.763672 45.669003 574.372681
v -1708.316406 54.001503 564.843506
v -1715.292480 54.001503 557.867920
v -1724.821777 54.001503 555.314575
v -1734.350586 54.001503 557.867920
v -1741.326172 54.001503 564.843506
v -1743.879883 54.001503 574.372681
v -1741.326172 54.001503 583.901367
v -1734.350586 54.001503 590.877563
v -1724.821777 54.001503 593.430786
v -1715.292480 54.001503 590.877563
v -1708.316406 54.001503 583.901367
v -1705.763672 54.001503 574.372681
v -1724.821777 45.669003 574.372681
v -1713.722656 54.001503 567.964722
v -1712.005371 54.001503 574.372681
v -1713.722656 54.001503 580.780762
v -1718.413574 54.001503 585.471680
v -1724.821777 54.001503 587.188721
v -1731.229004 54.001503 585.471680
v -1735.920410 54.001503 580.780762
v -1737.637695 54.001503 574.372681
v -1735.920410 54.001503 567.964722
v -1731.229004 54.001503 563.273682
v -1724.821777 54.001503 561.556641
v -1718.413574 54.001503 563.273682
v -1713.722656 140.569366 567.964722
v -1712.005371 140.569366 574.372681
v -1713.722656 140.569366 580.780762
v -1718.413574 140.569366 585.471680
v -1724.821777 140.569366 587.188721
v -1731.229004 140.569366 585.471680
v -1735.920410 140.569366 580.780762
v -1737.637695 140.569366 574.372681
v -1735.920410 140.569366 567.964722
v -1731.229004 140.569366 563.273682
v -1724.821777 140.569366 561.556641
v -1718.413574 140.569366 563.273682
v -1716.429199 144.726532 569.527344
v -1715.130371 144.726532 574.372681
v -1724.821777 144.726532 574.372681
v -1716.429199 144.726532 579.218018
v -1719.976562 144.726532 582.765015
v -1724.821777 144.726532 584.063354
v -1729.666992 144.726532 582.765015
v -1733.213867 144.726532 579.218018
v -1734.512207 144.726532 574.372681
v -1733.213867 144.726532 569.527344
v -1729.666992 144.726532 565.980347
v -1724.821777 144.726532 564.682007
v -1719.976562 144.726532 565.980347
v -2004.254883 45.669003 564.843506
v -2011.230957 45.669003 557.867920
v -2020.760254 45.669003 555.314575
v -2030.289062 45.669003 557.867920
v -2037.264648 45.669003 564.843506
v -2039.818359 45.669003 574.372681
v -2037.264648 45.669003 583.901367
v -2030.289062 45.669003 590.877563
v -2020.760254 45.669003 593.430786
v -2011.230957 45.669003 590.877563
v -2004.254883 45.669003 583.901367
v -2001.702148 45.669003 574.372681
v -2004.254883 54.001503 564.843506
v -2011.230957 54.001503 557.867920
v -2020.760254 54.001503 555.314575
v -2030.289062 54.001503 557.867920
v -2037.264648 54.001503 564.843506
v -2039.818359 54.001503 574.372681
v -2037.264648 54.001503 583.901367
v -2030.289062 54.001503 590.877563
v -2020.760254 54.001503 593.430786
v -2011.230957 54.001503 590.877563
v -2004.254883 54.001503 583.901367
v -2001.702148 54.001503 574.372681
v -2020.760254 45.669003 574.372681
v -2009.661133 54.001503 567.964722
v -2007.943848 54.001503 574.372681
v -2009.661133 54.001503 580.780762
v -2014.352051 54.001503 585.471680
v -2020.760254 54.001503 587.188721
v -2027.167480 54.001503 585.471680
v -2031.858887 54.001503 580.780762
v -2033.576172 54.001503 574.372681
v -2031.858887 54.001503 567.964722
v -2027.167480 54.001503 563.273682
v -2020.760254 54.001503 561.556641
v -2014.352051 54.001503 563.273682
v -2009.661133 140.569366 567.964722
v -2007.943848 140.569366 574.372681
v -2009.661133 140.569366 580.780762
v -2014.352051 140.569366 585.471680
v -2020.760254 140.569366 587.188721
v -2027.167480 140.569366 585.471680
v -2031.858887 140.569366 580.780762
v -2033.576172 140.569366 574.372681
v -2031.858887 140.569366 567.964722
v -2027.167480 140.569366 563.273682
v -2020.760254 140.569366 561.556641
v -2014.352051 140.569366 563.273682
v -2012.367676 144.726532 569.527344
v -2011.068848 144.726532 574.372681
v -2020.760254 144.726532 574.372681
v -2012.367676 144.726532 579.218018
v -2015.915039 144.726532 582.765015
v -2020.760254 144.726532 584.063354
v -2025.605469 144.726532 582.765015
v -2029.152344 144.726532 579.218018
v -2030.450684 144.726532 574.372681
v -2029.152344 144.726532 569.527344
v -2025.605469 144.726532 565.980347
v -2020.760254 144.726532 564.682007
v -2015.915039 144.726532 565.980347
v -2563.225586 9.988226 569.313477
v -2565.943359 9.988226 566.595947
v -2569.655273 9.988226 565.601318
v -2573.367676 9.988226 566.595947
v -2576.085449 9.988226 569.313477
v -2577.079590 9.988226 573.025635
v -2576.085449 9.988226 576.737549
v -2573.367676 9.988226 579.455444
v -2569.655273 9.988226 580.449707
v -2565.943359 9.988226 579.455444
v -2563.225586 9.988226 576.737549
v -2562.231445 9.988226 573.025635
v -2563.225586 129.350769 569.313477
v -2565.943359 129.350769 566.595947
v -2569.655273 129.350769 565.601318
v -2573.367676 129.350769 566.595947
v -2576.085449 129.350769 569.313477
v -2577.079590 129.350769 573.025635
v -2576.085449 129.350769 576.737549
v -2573.367676 129.350769 579.455444
v -2569.655273 129.350769 580.449707
v -2565.943359 129.350769 579.455444
v -2563.225586 129.350769 576.737549
v -2562.231445 129.350769 573.025635
v -2562.206543 133.584778 569.313477
v -2564.555664 134.952515 566.595947
v -2567.763184 136.820435 565.601318
v -2570.971191 138.688904 566.595947
v -2573.319824 140.056580 569.313477
v -2574.178711 140.556641 573.025635
v -2573.319824 140.056580 576.737549
v -2570.971191 138.688904 579.455444
v -2567.763184 136.820435 580.449707
v -2564.555664 134.952515 579.455444
v -2562.206543 133.584778 576.737549
v -2561.347656 133.084595 573.025635
v -2558.754395 138.066040 569.313477
v -2560.234863 140.345276 566.595947
v -2562.257812 143.457825 565.601318
v -2564.280273 146.570984 566.595947
v -2565.761230 148.850098 569.313477
v -2566.302246 149.683411 573.025635
v -2565.761230 148.850098 576.737549
v -2564.280273 146.570984 579.455444
v -2562.257812 143.457825 580.449707
v -2560.234863 140.345276 579.455444
v -2558.754395 138.066040 576.737549
v -2558.212891 137.232483 573.025635
v -2554.899902 139.559937 569.313477
v -2554.916504 142.277893 566.595947
v -2554.940430 145.989929 565.601318
v -2554.962402 149.702515 566.595947
v -2554.979980 152.420288 569.313477
v -2554.985352 153.413818 573.025635
v -2554.979980 152.420288 576.737549
v -2554.962402 149.702515 579.455444
v -2554.940430 145.989929 580.449707
v -2554.916504 142.277893 579.455444
v -2554.899902 139.559937 576.737549
v -2554.894043 138.566284 573.025635
v -2179.673828 9.988226 569.313477
v -2176.956055 9.988226 566.595947
v -2173.244141 9.988226 565.601318
v -2169.532227 9.988226 566.595947
v -2166.813477 9.988226 569.313477
v -2165.819336 9.988226 573.025635
v -2166.813477 9.988226 576.737549
v -2169.532227 9.988226 579.455444
v -2173.244141 9.988226 580.449707
v -2176.956055 9.988226 579.455444
v -2179.673828 9.988226 576.737549
v -2180.667969 9.988226 573.025635
v -2179.673828 129.350769 569.313477
v -2176.956055 129.350769 566.595947
v -2173.244141 129.350769 565.601318
v -2169.532227 129.350769 566.595947
v -2166.813477 129.350769 569.313477
v -2165.819336 129.350769 573.025635
v -2166.813477 129.350769 576.737549
v -2169.532227 129.350769 579.455444
v -2173.244141 129.350769 580.449707
v -2176.956055 129.350769 579.455444
v -2179.673828 129.350769 576.737549
v -2180.667969 129.350769 573.025635
v -2180.692383 133.584778 569.313477
v -2178.343750 134.952515 566.595947
v -2175.135742 136.820435 565.601318
v -2171.928711 138.688904 566.595947
v -2169.579102 140.056580 569.313477
v -2168.720703 140.556641 573.025635
v -2169.579102 140.056580 576.737549
v -2171.928711 138.688904 579.455444
v -2175.135742 136.820435 580.449707
v -2178.343750 134.952515 579.455444
v -2180.692383 133.584778 576.737549
v -2181.551758 133.084595 573.025635
v -2184.145508 138.066040 569.313477
v -2182.665039 140.345276 566.595947
v -2180.641602 143.457825 565.601318
v -2178.619141 146.570984 566.595947
v -2177.137695 148.850098 569.313477
v -2176.596680 149.683411 573.025635
v -2177.137695 148.850098 576.737549
v -2178.619141 146.570984 579.455444
v -2180.641602 143.457825 580.449707
v -2182.665039 140.345276 579.455444
v -2184.145508 138.066040 576.737549
v -2184.686523 137.232483 573.025635
v -2187.999023 139.559937 569.313477
v -2187.983398 142.277893 566.595947
v -2187.958984 145.989929 565.601318
v -2187.936523 149.702515 566.595947
v -2187.918945 152.420288 569.313477
v -2187.914062 153.413818 573.025635
v -2187.918945 152.420288 576.737549
v -2187.936523 149.702515 579.455444
v -2187.958984 145.989929 580.449707
v -2187.983398 142.277893 579.455444
v -2187.999023 139.559937 576.737549
v -2188.004883 138.566284 573.025635
v -2571.392090 111.801598 570.586670
v -2571.392090 113.582962 568.805298
v -2571.392090 116.016342 568.153198
v -2571.392090 118.449730 568.805298
v -2571.392090 120.231087 570.586670
v -2571.392090 120.883110 573.020020
v -2571.392090 120.231087 575.453369
v -2571.392090 118.449730 577.234741
v -2571.392090 116.016342 577.886841
v -2571.392090 113.582962 577.234741
v -2571.392090 111.801598 575.453369
v -2571.392090 111.149574 573.020020
v -2180.877930 111.801598 570.586670
v -2180.877930 113.582962 568.805298
v -2180.877930 116.016342 568.153198
v -2180.877930 118.449730 568.805298
v -2180.877930 120.231087 570.586670
v -2180.877930 120.883110 573.020020
v -2180.877930 120.231087 575.453369
v -2180.877930 118.449730 577.234741
v -2180.877930 116.016342 577.886841
v -2180.877930 113.582962 577.234741
v -2180.877930 111.801598 575.453369
v -2180.877930 111.149574 573.020020
v -2571.392090 116.016342 573.020020
v -2180.877930 116.016342 573.020020
v -2571.392090 78.784447 570.586670
v -2571.392090 80.565811 568.805298
v -2571.392090 82.999191 568.153198
v -2571.392090 85.432571 568.805298
v -2571.392090 87.213936 570.586670
v -2571.392090 87.865959 573.020020
v -2571.392090 87.213936 575.453369
v -2571.392090 85.432571 577.234741
v -2571.392090 82.999191 577.886841
v -2571.392090 80.565811 577.234741
v -2571.392090 78.784447 575.453369
v -2571.392090 78.132423 573.020020
v -2180.877930 78.784447 570.586670
v -2180.877930 80.565811 568.805298
v -2180.877930 82.999191 568.153198
v -2180.877930 85.432571 568.805298
v -2180.877930 87.213936 570.586670
v -2180.877930 87.865959 573.020020
v -2180.877930 87.213936 575.453369
v -2180.877930 85.432571 577.234741
v -2180.877930 82.999191 577.886841
v -2180.877930 80.565811 577.234741
v -2180.877930 78.784447 575.453369
v -2180.877930 78.132423 573.020020
v -2571.392090 82.999191 573.020020
v -2180.877930 82.999191 573.020020
v -2447.546387 44.818340 276.986694
v -2460.315430 44.818340 285.807495
v -2466.965332 44.818340 299.828979
v -2465.711426 44.818340 315.300171
v -2456.891602 44.818340 328.068726
v -2442.870117 44.818340 334.717163
v -2427.401367 44.818340 333.464233
v -2414.633301 44.818340 324.644897
v -2407.983398 44.818340 310.619507
v -2409.237305 44.818340 295.152222
v -2418.056152 44.818340 282.381714
v -2432.079590 44.818340 275.736694
v -2447.546387 52.411301 276.986694
v -2460.315430 52.411301 285.807495
v -2466.965332 52.411301 299.828979
v -2465.711426 52.411301 315.300171
v -2456.891602 52.411301 328.068726
v -2442.870117 52.411301 334.717163
v -2427.401367 52.411301 333.464233
v -2414.633301 52.411301 324.644897
v -2407.983398 52.411301 310.619507
v -2409.237305 52.411301 295.152222
v -2418.056152 52.411301 282.381714
v -2432.079590 52.411301 275.736694
v -2445.170410 59.575455 283.654175
v -2454.924316 59.575455 290.391968
v -2460.003906 59.575455 301.101929
v -2459.045898 59.575455 312.921753
v -2452.309570 59.575455 322.678101
v -2441.596191 59.575455 327.755737
v -2429.779785 59.575455 326.799194
v -2420.024414 59.575455 320.060425
v -2414.943848 59.575455 309.345581
v -2415.902832 59.575455 297.530640
v -2422.640137 59.575455 287.775269
v -2433.353516 59.575455 282.697632
v -2445.170410 132.467010 283.654175
v -2454.924316 132.467010 290.391968
v -2460.003906 132.467010 301.101929
v -2459.045898 132.467010 312.921753
v -2452.309570 132.467010 322.678101
v -2441.596191 132.467010 327.755737
v -2429.779785 132.467010 326.799194
v -2420.024414 132.467010 320.060425
v -2414.943848 132.467010 309.345581
v -2415.902832 132.467010 297.530640
v -2422.640137 132.467010 287.775269
v -2433.353516 132.467010 282.697632
v -2443.611328 138.414490 288.026245
v -2451.388184 138.414490 293.397827
v -2455.438965 138.414490 301.936890
v -2454.674805 138.414490 311.360718
v -2449.303223 138.414490 319.140503
v -2440.761719 138.414490 323.192261
v -2431.338379 138.414490 322.426636
v -2423.561035 138.414490 317.053589
v -2419.508789 138.414490 308.510132
v -2420.274902 138.414490 299.090698
v -2425.646484 138.414490 291.312378
v -2434.187988 138.414490 287.261108
v -2443.611328 150.913437 288.026245
v -2451.388184 150.913437 293.397827
v -2455.438965 150.913437 301.936890
v -2454.674805 150.913437 311.360718
v -2449.303223 150.913437 319.140503
v -2440.761719 150.913437 323.192261
v -2431.338379 150.913437 322.426636
v -2423.561035 150.913437 317.053589
v -2419.508789 150.913437 308.510132
v -2420.274902 150.913437 299.090698
v -2425.646484 150.913437 291.312378
v -2434.187988 150.913437 287.261108
v -2441.680176 150.913437 293.435913
v -2447.011719 150.913437 297.120483
v -2449.787109 150.913437 302.971069
v -2449.263672 150.913437 309.431030
v -2445.581543 150.913437 314.763550
v -2439.727051 150.913437 317.537476
v -2433.269531 150.913437 317.016479
v -2427.937988 150.913437 313.332397
v -2425.161621 150.913437 307.476440
v -2425.686035 150.913437 301.021362
v -2429.368164 150.913437 295.689331
v -2435.222656 150.913437 292.913452
v -2441.680176 262.185303 293.435913
v -2447.011719 262.185303 297.120483
v -2449.787109 262.185303 302.971069
v -2449.263672 262.185303 309.431030
v -2445.581543 262.185303 314.763550
v -2439.727051 262.185303 317.537476
v -2433.269531 262.185303 317.016479
v -2427.937988 262.185303 313.332397
v -2425.161621 262.185303 307.476440
v -2425.686035 262.185303 301.021362
v -2429.368164 262.185303 295.689331
v -2435.222656 262.185303 292.913452
v -2443.353027 271.715454 288.749878
v -2450.803711 271.715454 293.897339
v -2454.683105 271.715454 302.075073
v -2453.951172 271.715454 311.102417
v -2448.805664 271.715454 318.555054
v -2440.623047 271.715454 322.432983
v -2431.596680 271.715454 321.703003
v -2424.146973 271.715454 316.555542
v -2420.266602 271.715454 308.371948
v -2420.999512 271.715454 299.350464
v -2426.144043 271.715454 291.898315
v -2434.327148 271.715454 288.020386
v -2440.596680 271.715454 296.474487
v -2444.554199 271.715454 299.208374
v -2446.613770 271.715454 303.552124
v -2446.226074 271.715454 308.346069
v -2443.492676 271.715454 312.305542
v -2439.146973 271.715454 314.365112
v -2434.353027 271.715454 313.976929
v -2430.396484 271.715454 311.242065
v -2428.334961 271.715454 306.895874
v -2428.725098 271.715454 302.104370
v -2431.456543 271.715454 298.145874
v -2435.803223 271.715454 296.088257
v -2440.596680 535.920349 296.474487
v -2444.554199 535.920349 299.208374
v -2446.613770 535.920349 303.552124
v -2446.226074 535.920349 308.346069
v -2443.492676 535.920349 312.305542
v -2439.146973 535.920349 314.365112
v -2434.353027 535.920349 313.976929
v -2430.396484 535.920349 311.242065
v -2428.334961 535.920349 306.895874
v -2428.725098 535.920349 302.104370
v -2431.456543 535.920349 298.145874
v -2435.803223 535.920349 296.088257
v -2441.926758 535.925171 292.746460
v -2447.571777 535.925171 296.645874
v -2450.510254 535.925171 302.838745
v -2449.955566 535.925171 309.676636
v -2446.057129 535.925171 315.322632
v -2439.859863 535.925171 318.261597
v -2433.021973 535.925171 317.706421
v -2427.379883 535.925171 313.807007
v -2424.440430 535.925171 307.608765
v -2424.996094 535.925171 300.776245
v -2428.891602 535.925171 295.130737
v -2435.090332 535.925171 292.191284
v -2441.926758 648.126221 292.746460
v -2447.571777 648.126221 296.645874
v -2450.510254 648.126221 302.838745
v -2449.955566 648.126221 309.676636
v -2446.057129 648.126221 315.322632
v -2439.859863 648.126221 318.261597
v -2433.021973 648.126221 317.706421
v -2427.379883 648.126221 313.807007
v -2424.440430 648.126221 307.608765
v -2424.996094 648.126221 300.776245
v -2428.891602 648.126221 295.130737
v -2435.090332 648.126221 292.191284
v -2437.475586 648.126221 305.223999
v -2289.848145 550.118591 338.508179
v -2287.741699 550.118591 326.994507
v -2289.848145 633.768982 338.508179
v -2287.741699 633.768982 326.994507
v -2477.356934 633.768982 304.204468
v -2475.250000 633.768982 292.690308
v -2477.356934 550.118591 304.204468
v -2475.250000 550.118591 292.690308
v 2519.055664 44.818340 381.374390
v 2521.833008 44.818340 366.104858
v 2516.607422 44.818340 351.493530
v 2504.771484 44.818340 341.451050
v 2489.503906 44.818340 338.672241
v 2474.892578 44.818340 343.899780
v 2464.851562 44.818340 355.732788
v 2462.073242 44.818340 371.000366
v 2467.301758 44.818340 385.615112
v 2479.134766 44.818340 395.654175
v 2494.404297 44.818340 398.434937
v 2509.013672 44.818340 393.203979
v 2519.055664 52.411301 381.374390
v 2521.833008 52.411301 366.104858
v 2516.607422 52.411301 351.493530
v 2504.771484 52.411301 341.451050
v 2489.503906 52.411301 338.672241
v 2474.892578 52.411301 343.899780
v 2464.851562 52.411301 355.732788
v 2462.073242 52.411301 371.000366
v 2467.301758 52.411301 385.615112
v 2479.134766 52.411301 395.654175
v 2494.404297 52.411301 398.434937
v 2509.013672 52.411301 393.203979
v 2512.658203 59.575455 378.345581
v 2514.780273 59.575455 366.682007
v 2510.788086 59.575455 355.520874
v 2501.746094 59.575455 347.848511
v 2490.082031 59.575455 345.723999
v 2478.919922 59.575455 349.719116
v 2471.249023 59.575455 358.758179
v 2469.126953 59.575455 370.423218
v 2473.121094 59.575455 381.588745
v 2482.160156 59.575455 389.256714
v 2493.825195 59.575455 391.380249
v 2504.986328 59.575455 387.384644
v 2512.658203 132.467010 378.345581
v 2514.780273 132.467010 366.682007
v 2510.788086 132.467010 355.520874
v 2501.746094 132.467010 347.848511
v 2490.082031 132.467010 345.723999
v 2478.919922 132.467010 349.719116
v 2471.249023 132.467010 358.758179
v 2469.126953 132.467010 370.423218
v 2473.121094 132.467010 381.588745
v 2482.160156 132.467010 389.256714
v 2493.825195 132.467010 391.380249
v 2504.986328 132.467010 387.384644
v 2508.461914 138.414490 376.360718
v 2510.154297 138.414490 367.060913
v 2506.972656 138.414490 358.161987
v 2499.762695 138.414490 352.045288
v 2490.461914 138.414490 350.350952
v 2481.560547 138.414490 353.534058
v 2475.445312 138.414490 360.744019
v 2473.753906 138.414490 370.044312
v 2476.937500 138.414490 378.948120
v 2484.145508 138.414490 385.059937
v 2493.445312 138.414490 386.753296
v 2502.346680 138.414490 383.569702
v 2508.461914 150.913437 376.360718
v 2510.154297 150.913437 367.060913
v 2506.972656 150.913437 358.161987
v 2499.762695 150.913437 352.045288
v 2490.461914 150.913437 350.350952
v 2481.560547 150.913437 353.534058
v 2475.445312 150.913437 360.744019
v 2473.753906 150.913437 370.044312
v 2476.937500 150.913437 378.948120
v 2484.145508 150.913437 385.059937
v 2493.445312 150.913437 386.753296
v 2502.346680 150.913437 383.569702
v 2503.268555 150.913437 373.905151
v 2504.427734 150.913437 367.529663
v 2502.248047 150.913437 361.431519
v 2497.306641 150.913437 357.238647
v 2490.930664 150.913437 356.077026
v 2484.831055 150.913437 358.260620
v 2480.638672 150.913437 363.199097
v 2479.479492 150.913437 369.575562
v 2481.662109 150.913437 375.677124
v 2486.601562 150.913437 379.866577
v 2492.976562 150.913437 381.027710
v 2499.076172 150.913437 378.844604
v 2503.268555 262.185303 373.905151
v 2504.427734 262.185303 367.529663
v 2502.248047 262.185303 361.431519
v 2497.306641 262.185303 357.238647
v 2490.930664 262.185303 356.077026
v 2484.831055 262.185303 358.260620
v 2480.638672 262.185303 363.199097
v 2479.479492 262.185303 369.575562
v 2481.662109 262.185303 375.677124
v 2486.601562 262.185303 379.866577
v 2492.976562 262.185303 381.027710
v 2499.076172 262.185303 378.844604
v 2507.767578 271.715454 376.031616
v 2509.387695 271.715454 367.122437
v 2506.340820 271.715454 358.598999
v 2499.434570 271.715454 352.740112
v 2490.525391 271.715454 351.116577
v 2481.999023 271.715454 354.168335
v 2476.139648 271.715454 361.072632
v 2474.519531 271.715454 369.981323
v 2477.570312 271.715454 378.509155
v 2484.473633 271.715454 384.364136
v 2493.381836 271.715454 385.987671
v 2501.907227 271.715454 382.935425
v 2500.353516 271.715454 372.525757
v 2501.213867 271.715454 367.792847
v 2499.594727 271.715454 363.267456
v 2495.927734 271.715454 360.154175
v 2491.194336 271.715454 359.292358
v 2486.666992 271.715454 360.912964
v 2483.554688 271.715454 364.579956
v 2482.695312 271.715454 369.311890
v 2484.315430 271.715454 373.841675
v 2487.981445 271.715454 376.950562
v 2492.713867 271.715454 377.813354
v 2497.240234 271.715454 376.190796
v 2500.353516 535.920349 372.525757
v 2501.213867 535.920349 367.792847
v 2499.594727 535.920349 363.267456
v 2495.927734 535.920349 360.154175
v 2491.194336 535.920349 359.292358
v 2486.666992 535.920349 360.912964
v 2483.554688 535.920349 364.579956
v 2482.695312 535.920349 369.311890
v 2484.315430 535.920349 373.841675
v 2487.981445 535.920349 376.950562
v 2492.713867 535.920349 377.813354
v 2497.240234 535.920349 376.190796
v 2503.931641 535.925171 374.218140
v 2505.159180 535.925171 367.467651
v 2502.851562 535.925171 361.013062
v 2497.621094 535.925171 356.575073
v 2490.871094 535.925171 355.345581
v 2484.413086 535.925171 357.655151
v 2479.974609 535.925171 362.887085
v 2478.749023 535.925171 369.635132
v 2481.059570 535.925171 376.094116
v 2486.287109 535.925171 380.528198
v 2493.035156 535.925171 381.759155
v 2499.494141 535.925171 379.448608
v 2503.931641 648.126221 374.218140
v 2505.159180 648.126221 367.467651
v 2502.851562 648.126221 361.013062
v 2497.621094 648.126221 356.575073
v 2490.871094 648.126221 355.345581
v 2484.413086 648.126221 357.655151
v 2479.974609 648.126221 362.887085
v 2478.749023 648.126221 369.635132
v 2481.059570 648.126221 376.094116
v 2486.287109 648.126221 380.528198
v 2493.035156 648.126221 381.759155
v 2499.494141 648.126221 379.448608
v 2491.956055 648.126221 368.554077
v 1664.982422 45.076820 246.091919
v 1656.128906 45.076820 228.716431
v 1642.339844 45.076820 214.927124
v 1624.963867 45.076820 206.073853
v 1605.704102 45.076820 203.023193
v 1586.443359 45.076820 206.073853
v 1569.067383 45.076820 214.927124
v 1555.278320 45.076820 228.716431
v 1546.424805 45.076820 246.091919
v 1543.374023 45.076820 265.352783
v 1546.424805 45.076820 284.613647
v 1555.278320 45.076820 301.989136
v 1569.067383 45.076820 315.778442
v 1586.443359 45.076820 324.631714
v 1605.704102 45.076820 327.682373
v 1624.963867 45.076820 324.631714
v 1642.339844 45.076820 315.778442
v 1656.128906 45.076820 301.989136
v 1664.982422 45.076820 284.613647
v 1668.033203 45.076820 265.352783
v 1664.982422 56.491554 246.091919
v 1656.128906 56.491554 228.716431
v 1642.339844 56.491554 214.927124
v 1624.963867 56.491554 206.073853
v 1605.704102 56.491554 203.023193
v 1586.443359 56.491554 206.073853
v 1569.067383 56.491554 214.927124
v 1555.278320 56.491554 228.716431
v 1546.424805 56.491554 246.091919
v 1543.374023 56.491554 265.352783
v 1546.424805 56.491554 284.613647
v 1555.278320 56.491554 301.989136
v 1569.067383 56.491554 315.778442
v 1586.443359 56.491554 324.631714
v 1605.704102 56.491554 327.682373
v 1624.963867 56.491554 324.631714
v 1642.339844 56.491554 315.778442
v 1656.128906 56.491554 301.989136
v 1664.982422 56.491554 284.613647
v 1668.033203 56.491554 265.352783
v 1605.704102 45.076820 265.352783
v 1605.704102 56.491554 265.352783
v -20.202637 41.367722 344.608032
v -29.056152 41.367722 327.232544
v -42.845215 41.367722 313.443237
v -60.220703 41.367722 304.589966
v -79.481934 41.367722 301.539185
v -98.742676 41.367722 304.589966
v -116.118164 41.367722 313.443237
v -129.907715 41.367722 327.232544
v -138.760742 41.367722 344.608032
v -141.811523 41.367722 363.868774
v -138.760742 41.367722 383.129761
v -129.907715 41.367722 400.505249
v -116.118164 41.367722 414.294556
v -98.742676 41.367722 423.147827
v -79.481934 41.367722 426.198364
v -60.220703 41.367722 423.147827
v -42.845215 41.367722 414.294556
v -29.056152 41.367722 400.505249
v -20.202637 41.367722 383.129761
v -17.151855 41.367722 363.868774
v -20.202637 52.782455 344.608032
v -29.056152 52.782455 327.232544
v -42.845215 52.782455 313.443237
v -60.220703 52.782455 304.589966
v -79.481934 52.782455 301.539185
v -98.742676 52.782455 304.589966
v -116.118164 52.782455 313.443237
v -129.907715 52.782455 327.232544
v -138.760742 52.782455 344.608032
v -141.811523 52.782455 363.868774
v -138.760742 52.782455 383.129761
v -129.907715 52.782455 400.505249
v -116.118164 52.782455 414.294556
v -98.742676 52.782455 423.147827
v -79.481934 52.782455 426.198364
v -60.220703 52.782455 423.147827
v -42.845215 52.782455 414.294556
v -29.056152 52.782455 400.505249
v -20.202637 52.782455 383.129761
v -17.151855 52.782455 363.868774
v -79.481934 41.367722 363.868774
v -79.481934 52.782455 363.868774
vt 0.828077 0.123653
vt 0.830243 0.123653
vt 0.830243 0.168423
vt 0.828077 0.168423
vt 0.821441 0.168423
vt 0.819275 0.168423
vt 0.821441 0.123653
vt 0.819275 0.123653
vt 0.817928 0.124223
vt 0.816240 0.124223
vt 0.816240 0.126400
vt 0.817928 0.126400
vt 0.813611 0.124223
vt 0.813611 0.126400
vt 0.810297 0.124223
vt 0.810297 0.126400
vt 0.806625 0.124223
vt 0.806625 0.126400
vt 0.802952 0.124223
vt 0.802952 0.126400
vt 0.799639 0.124223
vt 0.799639 0.126400
vt 0.797009 0.124223
vt 0.797009 0.126400
vt 0.795321 0.124223
vt 0.795321 0.126400
vt 0.794739 0.124223
vt 0.794739 0.126400
vt 0.795321 0.124223
vt 0.795321 0.126400
vt 0.797009 0.124223
vt 0.797009 0.126400
vt 0.799639 0.124223
vt 0.799639 0.126400
vt 0.802952 0.124223
vt 0.802952 0.126400
vt 0.806625 0.124223
vt 0.806625 0.126400
vt 0.810297 0.124223
vt 0.810297 0.126400
vt 0.813611 0.124223
vt 0.813611 0.126400
vt 0.816240 0.124223
vt 0.816240 0.126400
vt 0.817928 0.124223
vt 0.817928 0.126400
vt 0.818510 0.124223
vt 0.818510 0.126400
vt 0.806625 0.124223
vt 0.806625 0.126400
vt -1.796005 0.190835
vt -1.796005 0.190835
vt -1.796006 0.208003
vt -1.796006 0.208027
vt -1.800321 0.190835
vt -1.796005 0.190835
vt -1.796006 0.208047
vt -1.800321 0.208047
vt -1.796006 0.461088
vt -1.796006 0.461088
vt -1.800321 0.461088
vt -1.800322 0.461089
vt -1.804637 0.190835
vt -1.804637 0.190835
vt -1.800321 0.190835
vt -1.860278 0.190835
vt -1.860278 0.190835
vt -1.843778 0.190835
vt -1.843778 0.190835
vt -1.836707 0.461088
vt -1.813137 0.461088
vt -1.813137 0.461088
vt -1.836707 0.461088
vt -1.824922 0.208047
vt -1.824922 0.190835
vt -1.813137 0.190835
vt -1.813137 0.208047
vt -0.649971 0.381138
vt -0.649971 0.380764
vt -0.649971 0.380764
vt -0.649971 0.381162
vt -0.731660 0.373386
vt -0.731660 0.373760
vt -0.731660 0.373760
vt -0.731660 0.373362
vt 0.359403 0.648994
vt 0.359403 0.645270
vt 0.359403 0.645020
vt 0.359403 0.648994
vt 0.330487 0.648994
vt 0.330487 0.645270
vt 0.342272 0.645270
vt 0.342272 0.648994
vt 0.359403 0.790259
vt 0.359403 0.652718
vt 0.359403 0.652968
vt 0.359403 0.789813
vt 0.330487 0.790259
vt 0.330487 0.652718
vt 0.342272 0.652718
vt 0.342272 0.790259
vt 0.359403 0.781213
vt 0.359403 0.917155
vt 0.359403 0.917022
vt 0.359403 0.780393
vt 0.311630 0.781213
vt 0.311630 0.645270
vt 0.295131 0.645270
vt 0.295131 0.781213
vt -1.796006 0.411575
vt -1.796006 0.411387
vt -1.796006 0.398962
vt -1.796006 0.399201
vt -1.800322 0.411387
vt -1.804637 0.411387
vt -1.804637 0.398962
vt -1.800321 0.398962
vt -1.843778 0.398962
vt -1.843778 0.411387
vt -1.860278 0.411387
vt -1.860278 0.398962
vt -0.649971 0.381511
vt -0.655173 0.381511
vt -0.655173 0.381138
vt -0.700580 0.373386
vt -0.700580 0.373760
vt -0.701996 0.373760
vt -0.701996 0.373386
vt -0.712881 0.381138
vt -0.712881 0.381511
vt -0.716637 0.381511
vt -0.716637 0.381138
vt -0.724148 0.373386
vt -0.724148 0.373012
vt -0.722270 0.373012
vt -0.722270 0.373386
vt 0.355087 0.645270
vt 0.350772 0.645270
vt 0.350772 0.781213
vt 0.355087 0.781212
vt 0.355087 0.652718
vt 0.355087 0.648994
vt 0.355087 0.927799
vt 0.350772 0.927799
vt 0.350772 0.790259
vt 0.355087 0.790259
vt 0.350398 0.645270
vt 0.350024 0.645270
vt 0.350024 0.781213
vt 0.350409 0.781991
vt 0.350772 0.648994
vt 0.350398 0.648994
vt 0.350398 0.927799
vt 0.350024 0.927799
vt 0.350024 0.790259
vt 0.350409 0.791045
vt 0.343020 0.790259
vt 0.343020 0.927799
vt 0.342646 0.927800
vt 0.342635 0.791045
vt 0.342646 0.645270
vt 0.343020 0.645270
vt 0.343020 0.648994
vt 0.342646 0.648994
vt 0.342272 0.781213
vt 0.342635 0.781990
vt -0.731660 0.381138
vt -0.731660 0.381511
vt -0.731660 0.381511
vt -0.731660 0.381162
vt -0.649971 0.373386
vt -0.649971 0.373012
vt -0.649971 0.373012
vt -0.649971 0.373362
vt -1.796006 0.371360
vt -1.796006 0.362950
vt -1.796006 0.362734
vt -1.796006 0.371134
vt -1.804637 0.371360
vt -1.804637 0.362950
vt -1.800321 0.362950
vt -1.800321 0.371360
vt -0.704538 0.380764
vt -0.701996 0.380764
vt -0.701996 0.381138
vt -0.704538 0.381138
vt -0.707080 0.373386
vt -0.707080 0.373012
vt -0.704538 0.373012
vt -0.704538 0.373386
vt -1.860278 0.371360
vt -1.860278 0.362950
vt -1.843778 0.362950
vt -1.843778 0.371360
vt -1.796006 0.358056
vt -1.796006 0.357846
vt -1.796006 0.362519
vt -1.796006 0.358266
vt -1.800321 0.358266
vt -1.804637 0.358266
vt -1.804637 0.208047
vt -1.804637 0.461088
vt -1.804637 0.461088
vt -1.804637 0.461088
vt -1.800321 0.461088
vt -1.796006 0.461088
vt -1.804637 0.190835
vt -1.800321 0.190835
vt -1.824922 0.190835
vt -1.824922 0.190835
vt -1.813137 0.190835
vt -1.813137 0.190835
vt -1.843778 0.190835
vt -1.860278 0.190835
vt -1.813137 0.461088
vt -1.836707 0.461088
vt -1.860278 0.461088
vt -1.860278 0.461088
vt -1.860278 0.461088
vt -1.824922 0.362950
vt -1.824922 0.358266
vt -1.813137 0.358266
vt -1.813137 0.362950
vt -1.860278 0.358266
vt -1.843778 0.358266
vt -1.843778 0.208047
vt -1.860278 0.208047
vt -0.649971 0.380764
vt -0.649971 0.381138
vt -0.649971 0.381511
vt -0.649971 0.381511
vt -0.731660 0.373760
vt -0.731660 0.373386
vt -0.731660 0.373012
vt -0.731660 0.373012
vt -0.731660 0.373012
vt 0.359403 0.644770
vt 0.359403 0.648994
vt 0.359403 0.653218
vt 0.311631 0.648994
vt 0.311630 0.652718
vt 0.295131 0.652718
vt 0.295131 0.648994
vt 0.359403 0.790641
vt 0.359403 0.928065
vt 0.359403 0.927932
vt 0.359403 0.927799
vt 0.342272 0.927800
vt 0.330487 0.927800
vt 0.311630 0.790259
vt 0.311630 0.927800
vt 0.295131 0.927799
vt 0.295131 0.790259
vt 0.359403 0.916889
vt 0.359403 0.780830
vt 0.295131 0.917155
vt 0.311630 0.917155
vt 0.330487 0.781213
vt 0.330487 0.917155
vt 0.342272 0.917155
vt -1.796006 0.399441
vt -1.796006 0.411770
vt -1.796006 0.430265
vt -1.796006 0.436429
vt -1.796006 0.436326
vt -1.796006 0.430136
vt -1.796006 0.436238
vt -1.796006 0.430025
vt -1.800321 0.436238
vt -1.800321 0.430025
vt -1.804637 0.436238
vt -1.804637 0.430025
vt -1.824922 0.411387
vt -1.824922 0.398962
vt -1.813137 0.398962
vt -1.813137 0.411387
vt -1.813137 0.430025
vt -1.813137 0.436238
vt -1.824922 0.436238
vt -1.824922 0.430025
vt -1.843778 0.430025
vt -1.843778 0.436238
vt -1.860278 0.436238
vt -1.860278 0.430025
vt -0.700580 0.381138
vt -0.700580 0.381512
vt -0.701996 0.381512
vt -0.700580 0.380764
vt -0.655173 0.380764
vt -0.701996 0.373012
vt -0.700580 0.373012
vt -0.655173 0.373386
vt -0.655173 0.373012
vt -0.649971 0.373760
vt -0.655173 0.373760
vt -0.722270 0.381511
vt -0.724148 0.381511
vt -0.724148 0.381138
vt -0.722270 0.381138
vt -0.724148 0.380764
vt -0.722270 0.380764
vt -0.716637 0.380764
vt -0.712881 0.380764
vt -0.716637 0.373386
vt -0.716637 0.373012
vt -0.712881 0.373012
vt -0.712881 0.373386
vt -0.712881 0.373760
vt -0.716637 0.373760
vt -0.722270 0.373760
vt -0.724148 0.373760
vt 0.350772 0.917155
vt 0.355087 0.917155
vt 0.350772 0.652718
vt 0.350024 0.917155
vt 0.350398 0.917155
vt 0.350398 0.652718
vt 0.350024 0.652718
vt 0.350024 0.648994
vt 0.342646 0.652718
vt 0.343020 0.652718
vt 0.342646 0.917155
vt 0.343020 0.917155
vt 0.343020 0.781213
vt -0.731660 0.381511
vt -0.731660 0.381138
vt -0.731660 0.380764
vt -0.731660 0.380764
vt -0.731660 0.380764
vt -0.649971 0.373012
vt -0.649971 0.373386
vt -0.649971 0.373760
vt -0.649971 0.373760
vt -1.796006 0.370905
vt -1.796006 0.379291
vt -1.796006 0.379530
vt -1.796006 0.379770
vt -1.800321 0.379770
vt -1.804637 0.379770
vt -0.704538 0.381512
vt -0.707080 0.381511
vt -0.707080 0.381138
vt -0.707080 0.380764
vt -0.704538 0.373760
vt -0.707080 0.373760
vt -1.824922 0.371360
vt -1.813137 0.371360
vt -1.813137 0.379770
vt -1.824922 0.379770
vt -1.843778 0.379770
vt -1.860278 0.379770
vt -0.655173 0.580893
vt -0.655173 0.580332
vt -0.649971 0.580332
vt -0.649971 0.580893
vt -0.700580 0.580332
vt -0.700580 0.580893
vt -0.701996 0.580893
vt -0.701996 0.580332
vt -0.701996 0.708665
vt -0.701996 0.709225
vt -0.704538 0.709225
vt -0.704538 0.708665
vt -0.649971 0.580332
vt -0.649971 0.580893
vt -0.716637 0.580893
vt -0.716637 0.580332
vt -0.712881 0.580332
vt -0.712881 0.580893
vt -0.722270 0.708665
vt -0.722270 0.709225
vt -0.724148 0.709225
vt -0.724148 0.708665
vt 0.346802 0.927799
vt 0.346242 0.927799
vt 0.346242 0.790258
vt 0.346802 0.790258
vt -0.731660 0.580332
vt -0.731660 0.580893
vt -0.731660 0.580893
vt -0.731660 0.580332
vt 0.346242 0.781212
vt 0.346802 0.781212
vt 0.346802 0.645270
vt 0.346242 0.645270
vt 0.346242 0.917155
vt 0.346802 0.917155
vt -0.707080 0.580893
vt -0.707080 0.580332
vt -0.704538 0.580332
vt -0.704538 0.580893
vt 0.346802 0.648994
vt 0.346242 0.648994
vt 0.346802 0.652718
vt 0.346242 0.652718
vt -0.731660 0.580893
vt -0.731660 0.580332
vt -0.649971 0.580332
vt -0.649971 0.580893
vt -0.649971 0.584115
vt -0.655173 0.584115
vt -0.716637 0.577110
vt -0.712881 0.577110
vt 0.343020 0.645270
vt 0.343020 0.781213
vt 0.350024 0.645270
vt 0.350024 0.648994
vt 0.343020 0.927799
vt 0.343020 0.790259
vt -0.731660 0.584115
vt -0.731660 0.584115
vt -0.649971 0.577110
vt -0.649971 0.577110
vt -0.704538 0.577111
vt -0.701996 0.577111
vt -0.700580 0.584115
vt -0.701996 0.584115
vt -0.700580 0.577111
vt -0.655173 0.577110
vt -0.712881 0.584115
vt -0.716637 0.584115
vt -0.722270 0.584115
vt -0.724148 0.584115
vt -0.724148 0.580893
vt -0.722270 0.580893
vt -0.724148 0.580332
vt -0.724148 0.577110
vt -0.722270 0.577110
vt -0.722270 0.580332
vt 0.343020 0.917155
vt 0.350024 0.917155
vt 0.350024 0.781213
vt 0.350024 0.652718
vt 0.343020 0.652718
vt 0.343020 0.648994
vt 0.350024 0.790259
vt 0.350024 0.927799
vt -0.731660 0.584115
vt -0.731660 0.577111
vt -0.731660 0.577111
vt -0.731660 0.577111
vt -0.649971 0.577110
vt -0.649971 0.584115
vt -0.649971 0.584115
vt -0.704538 0.584115
vt -0.707080 0.584115
vt -0.707080 0.577111
vt -1.796005 0.263146
vt -1.796005 0.263049
vt -1.796005 0.285261
vt -1.796006 0.285387
vt -1.800321 0.263230
vt -1.796005 0.263230
vt -1.796005 0.285498
vt -1.800321 0.285498
vt -0.671853 0.381138
vt -0.671853 0.381511
vt -0.678584 0.381512
vt -0.678584 0.381138
vt -0.678584 0.580893
vt -0.671853 0.580893
vt -0.671853 0.584115
vt -0.678584 0.584115
vt -0.671853 0.580332
vt -0.678584 0.580332
vt -0.671853 0.373386
vt -0.671853 0.373760
vt -0.678584 0.373760
vt -0.678584 0.373386
vt -1.824922 0.285498
vt -1.824922 0.263230
vt -1.813137 0.263230
vt -1.813137 0.285498
vt -1.843778 0.214931
vt -1.860278 0.214931
vt -1.824922 0.214931
vt -1.813137 0.214931
vt -0.657254 0.373386
vt -0.657254 0.373012
vt -0.657254 0.373760
vt -0.657254 0.580332
vt -0.657254 0.577110
vt -0.657254 0.709225
vt -0.657254 0.708665
vt -0.655173 0.708665
vt -0.655173 0.709225
vt -0.657254 0.584115
vt -0.657254 0.580893
vt -0.657254 0.381138
vt -0.657254 0.380764
vt -0.657254 0.381511
vt -1.800321 0.214931
vt -1.804637 0.214931
vt -1.796005 0.214931
vt -1.796005 0.214903
vt -1.796005 0.214871
vt -1.843778 0.233520
vt -1.860278 0.233519
vt -1.824922 0.233520
vt -1.813137 0.233520
vt -0.662873 0.373386
vt -0.662873 0.373012
vt -0.662873 0.373760
vt -0.662873 0.580332
vt -0.662873 0.577111
vt -0.662873 0.580893
vt -0.662873 0.584115
vt -0.662873 0.381138
vt -0.662873 0.380764
vt -0.662873 0.381511
vt -1.800321 0.233520
vt -1.804637 0.233520
vt -1.796005 0.233520
vt -1.796005 0.233470
vt -1.796005 0.233413
vt -1.843778 0.237857
vt -1.860278 0.237857
vt -1.824922 0.237857
vt -1.813137 0.237857
vt -0.664184 0.373386
vt -0.664184 0.373012
vt -0.664184 0.373760
vt -0.664184 0.580332
vt -0.664184 0.577111
vt -0.664184 0.709225
vt -0.664184 0.708665
vt -0.662873 0.708665
vt -0.662873 0.709225
vt -0.664184 0.584115
vt -0.664184 0.580893
vt -0.664184 0.381138
vt -0.664184 0.380764
vt -0.664184 0.381511
vt -1.800321 0.237857
vt -1.804637 0.237857
vt -1.796005 0.237857
vt -1.796005 0.237802
vt -1.796005 0.237739
vt -1.843778 0.257375
vt -1.860278 0.257375
vt -1.824922 0.257375
vt -1.813137 0.257375
vt -0.670084 0.373386
vt -0.670084 0.373012
vt -0.670084 0.373760
vt -0.670084 0.580332
vt -0.670084 0.577111
vt -0.670084 0.580893
vt -0.670084 0.584115
vt -0.670084 0.381138
vt -0.670084 0.380764
vt -0.670084 0.381511
vt -1.800321 0.257375
vt -1.804637 0.257375
vt -1.796005 0.257375
vt -1.796005 0.257297
vt -1.796005 0.257208
vt -1.843778 0.263230
vt -1.860278 0.263230
vt -0.671853 0.373012
vt -0.671853 0.577111
vt -0.671853 0.709225
vt -0.671853 0.708665
vt -0.670084 0.708665
vt -0.670084 0.709225
vt -0.671853 0.380764
vt -1.804637 0.263230
vt -1.843778 0.285498
vt -1.860278 0.285498
vt -0.678584 0.373012
vt -0.678584 0.577111
vt -0.678584 0.380764
vt -1.804637 0.285498
vt -1.843778 0.293243
vt -1.860278 0.293243
vt -1.824922 0.293243
vt -1.813137 0.293243
vt -0.680926 0.373386
vt -0.680926 0.373012
vt -0.680926 0.373760
vt -0.680926 0.580332
vt -0.680926 0.577111
vt -0.678584 0.708665
vt -0.678584 0.709225
vt -0.680925 0.709225
vt -0.680926 0.708665
vt -0.680926 0.584115
vt -0.680925 0.580893
vt -0.680925 0.381138
vt -0.680926 0.380764
vt -0.680926 0.381512
vt -1.800321 0.293243
vt -1.804637 0.293243
vt -1.796005 0.293243
vt -1.796006 0.293121
vt -1.796005 0.292987
vt -1.843778 0.314155
vt -1.860278 0.314155
vt -1.824922 0.314155
vt -1.813137 0.314155
vt -0.687247 0.373386
vt -0.687247 0.373012
vt -0.687247 0.373760
vt -0.687247 0.580332
vt -0.687247 0.577111
vt -0.687247 0.580893
vt -0.687247 0.584115
vt -0.687247 0.381138
vt -0.687247 0.380764
vt -0.687247 0.381512
vt -1.800321 0.314155
vt -1.804637 0.314155
vt -1.796005 0.314155
vt -1.796006 0.314005
vt -1.796005 0.313846
vt -1.843778 0.323914
vt -1.860278 0.323914
vt -1.824922 0.323914
vt -1.813137 0.323914
vt -0.690196 0.373386
vt -0.690196 0.373012
vt -0.690196 0.373760
vt -0.690196 0.580332
vt -0.690196 0.577111
vt -0.687247 0.708665
vt -0.687247 0.709225
vt -0.690196 0.709225
vt -0.690196 0.708665
vt -0.690196 0.584115
vt -0.690196 0.580893
vt -0.690196 0.381138
vt -0.690196 0.380764
vt -0.690196 0.381512
vt -1.800321 0.323914
vt -1.804637 0.323914
vt -1.796006 0.323914
vt -1.796006 0.323751
vt -1.796006 0.323581
vt -1.860278 0.337577
vt -1.843778 0.337577
vt -1.843778 0.343432
vt -1.860278 0.343432
vt -1.824922 0.343432
vt -1.824922 0.337577
vt -1.813137 0.337577
vt -1.813137 0.343432
vt -0.696096 0.373386
vt -0.696096 0.373012
vt -0.694326 0.373012
vt -0.694326 0.373386
vt -0.694326 0.373760
vt -0.696096 0.373760
vt -0.696096 0.580332
vt -0.696096 0.577111
vt -0.694326 0.577111
vt -0.694326 0.580332
vt -0.694326 0.580893
vt -0.696096 0.580893
vt -0.694326 0.584115
vt -0.696096 0.584115
vt -0.696096 0.381138
vt -0.696096 0.380764
vt -0.694326 0.380764
vt -0.694326 0.381138
vt -0.694326 0.381512
vt -0.696096 0.381512
vt -1.800321 0.343432
vt -1.804637 0.343432
vt -1.804637 0.337577
vt -1.800321 0.337577
vt -1.796006 0.337577
vt -1.796006 0.343432
vt -1.796006 0.343243
vt -1.796006 0.337395
vt -1.796006 0.337209
vt -1.796006 0.343050
vt -1.843778 0.351239
vt -1.860278 0.351239
vt -1.824922 0.351239
vt -1.813137 0.351239
vt -0.698456 0.373386
vt -0.698456 0.373012
vt -0.698456 0.373760
vt -0.698456 0.580332
vt -0.698456 0.577111
vt -0.696096 0.708665
vt -0.696096 0.709225
vt -0.698456 0.709225
vt -0.698456 0.708665
vt -0.698456 0.584115
vt -0.698456 0.580893
vt -0.698456 0.381138
vt -0.698456 0.380764
vt -0.698456 0.381512
vt -1.800321 0.351239
vt -1.804637 0.351239
vt -1.796006 0.351239
vt -1.796006 0.351039
vt -1.796006 0.350837
vt -1.796006 0.417143
vt -1.796006 0.417319
vt -1.796006 0.416979
vt -1.800321 0.416979
vt -1.804637 0.416979
vt -0.718327 0.381138
vt -0.718327 0.381511
vt -0.718327 0.380764
vt -0.718327 0.580893
vt -0.718327 0.584115
vt -0.718327 0.580332
vt -0.718327 0.577110
vt -0.718327 0.373386
vt -0.718327 0.373760
vt -0.718327 0.373012
vt -1.824922 0.416979
vt -1.813137 0.416979
vt -1.860278 0.416979
vt -1.843778 0.416979
vt -0.718327 0.709225
vt -0.718327 0.708665
vt -0.716637 0.708665
vt -0.716637 0.709225
vt -1.796006 0.453660
vt -1.796006 0.453691
vt -1.796006 0.453633
vt -1.800321 0.453633
vt -1.804637 0.453633
vt -0.729406 0.381138
vt -0.729406 0.381511
vt -0.729406 0.380764
vt -0.729406 0.580893
vt -0.729406 0.584115
vt -0.729406 0.708665
vt -0.729406 0.709225
vt -0.731660 0.709225
vt -0.731660 0.708665
vt -0.729406 0.577111
vt -0.729406 0.580332
vt -0.729406 0.373386
vt -0.729406 0.373760
vt -0.729406 0.373012
vt -1.836707 0.453633
vt -1.813137 0.453633
vt -1.860278 0.453633
vt -1.860278 0.446675
vt -1.838121 0.436238
vt -1.836707 0.436238
vt -1.836707 0.446675
vt -1.831993 0.436238
vt -1.813137 0.446675
vt -0.727303 0.373012
vt -0.727303 0.373386
vt -0.727303 0.373760
vt -0.727303 0.577111
vt -0.727303 0.580332
vt -0.727303 0.580893
vt -0.727303 0.584115
vt -0.727303 0.380764
vt -0.727303 0.381138
vt -0.727303 0.381511
vt -1.804637 0.446675
vt -1.800322 0.446675
vt -1.796006 0.446675
vt -1.796006 0.446726
vt -1.796006 0.446786
vt -1.831993 0.430025
vt -1.836707 0.430025
vt -1.836707 0.416979
vt -1.831993 0.416979
vt -1.836707 0.411387
vt -1.831993 0.411387
vt -1.836707 0.398962
vt -1.831993 0.398962
vt 0.323416 0.790259
vt 0.323416 0.927800
vt 0.318702 0.927800
vt 0.318702 0.790259
vt 0.318702 0.652718
vt 0.323416 0.652718
vt 0.323416 0.648994
vt 0.318702 0.648994
vt 0.318702 0.645270
vt 0.323416 0.645270
vt 0.323416 0.781213
vt 0.318702 0.781213
vt 0.318702 0.917155
vt 0.323416 0.917155
vt -1.831993 0.371360
vt -1.831993 0.379770
vt -1.836707 0.379770
vt -1.836707 0.371360
vt -1.836707 0.362950
vt -1.831993 0.362950
vt -1.836707 0.358266
vt -1.831993 0.358266
vt -1.836707 0.343432
vt -1.831993 0.343432
vt -1.831993 0.351239
vt -1.836707 0.351239
vt -1.836707 0.337577
vt -1.831993 0.337577
vt -1.836707 0.314155
vt -1.831993 0.314155
vt -1.831993 0.323914
vt -1.836707 0.323914
vt -1.836707 0.293243
vt -1.831993 0.293243
vt -1.836707 0.285498
vt -1.831993 0.285498
vt -1.836707 0.263230
vt -1.831993 0.263230
vt -1.836707 0.257375
vt -1.831993 0.257375
vt -1.836707 0.237857
vt -1.831993 0.237857
vt -1.836707 0.233520
vt -1.831993 0.233520
vt -1.836707 0.214931
vt -1.831993 0.214931
vt -1.836707 0.208047
vt -1.831993 0.208047
vt -1.836707 0.190835
vt -1.831993 0.190835
vt -1.831993 0.190835
vt -1.836707 0.190835
vt -1.836707 0.190835
vt -1.831993 0.190835
vt -1.838121 0.190835
vt -1.838121 0.190835
vt -1.838121 0.190835
vt -1.838122 0.208047
vt -1.838121 0.214931
vt -1.838121 0.233520
vt -1.838121 0.237857
vt -1.838121 0.257375
vt -1.838121 0.263230
vt -1.838121 0.285498
vt -1.838121 0.293243
vt -1.838121 0.314155
vt -1.838121 0.323914
vt -1.838121 0.343432
vt -1.838121 0.337577
vt -1.838121 0.351239
vt -1.838121 0.362950
vt -1.838121 0.358266
vt -1.838121 0.371360
vt -1.838121 0.379770
vt 0.317287 0.781213
vt 0.317287 0.917155
vt 0.317287 0.645270
vt 0.317288 0.648994
vt 0.317287 0.652718
vt 0.317287 0.790259
vt 0.317287 0.927800
vt -1.838122 0.411387
vt -1.838121 0.398962
vt -1.838122 0.416979
vt -1.838121 0.430025
vt 0.831354 0.187170
vt 0.830023 0.187170
vt 0.830023 0.188758
vt 0.831354 0.188758
vt 0.828206 0.187170
vt 0.828206 0.188758
vt 0.826389 0.187170
vt 0.826389 0.188758
vt 0.825059 0.187170
vt 0.825059 0.188758
vt 0.824572 0.187170
vt 0.824572 0.188758
vt 0.825059 0.187170
vt 0.825059 0.188758
vt 0.826389 0.187170
vt 0.826389 0.188758
vt 0.828206 0.187170
vt 0.828206 0.188758
vt 0.830023 0.187170
vt 0.830023 0.188758
vt 0.831354 0.187170
vt 0.831354 0.188758
vt 0.831840 0.187170
vt 0.831840 0.188758
vt 0.828206 0.187170
vt 0.829428 0.188758
vt 0.830323 0.188758
vt 0.828206 0.188758
vt 0.826984 0.188758
vt 0.826090 0.188758
vt 0.825762 0.188758
vt 0.826090 0.188758
vt 0.826984 0.188758
vt 0.828206 0.188758
vt 0.829428 0.188758
vt 0.830323 0.188758
vt 0.830650 0.188758
vt 0.795392 0.324854
vt 0.795144 0.324854
vt 0.793544 0.324854
vt 0.795144 0.324854
vt 0.794468 0.324854
vt 0.793544 0.324854
vt 0.792620 0.324854
vt 0.791943 0.324854
vt 0.791696 0.324854
vt 0.791943 0.324854
vt 0.792620 0.324854
vt 0.793544 0.324854
vt 0.794468 0.324854
vt 0.795988 0.250207
vt 0.795660 0.250207
vt 0.795660 0.321434
vt 0.795988 0.321434
vt 0.795660 0.250207
vt 0.795660 0.321434
vt 0.794766 0.250207
vt 0.794766 0.321434
vt 0.793544 0.250207
vt 0.793544 0.321434
vt 0.792322 0.250207
vt 0.792322 0.321434
vt 0.791427 0.250207
vt 0.791427 0.321434
vt 0.791100 0.250207
vt 0.791100 0.321434
vt 0.791427 0.250207
vt 0.791427 0.321434
vt 0.792322 0.250207
vt 0.792322 0.321434
vt 0.793544 0.250207
vt 0.793544 0.321434
vt 0.794766 0.250207
vt 0.794766 0.321434
vt 0.831354 0.187170
vt 0.830023 0.187170
vt 0.830023 0.188758
vt 0.831354 0.188758
vt 0.828206 0.187170
vt 0.828206 0.188758
vt 0.826389 0.187170
vt 0.826389 0.188758
vt 0.825059 0.187170
vt 0.825059 0.188758
vt 0.824572 0.187170
vt 0.824572 0.188758
vt 0.825059 0.187170
vt 0.825059 0.188758
vt 0.826389 0.187170
vt 0.826389 0.188758
vt 0.828206 0.187170
vt 0.828206 0.188758
vt 0.830023 0.187170
vt 0.830023 0.188758
vt 0.831354 0.187170
vt 0.831354 0.188758
vt 0.831840 0.187170
vt 0.831840 0.188758
vt 0.828206 0.187170
vt 0.829428 0.188758
vt 0.830323 0.188758
vt 0.828206 0.188758
vt 0.826984 0.188758
vt 0.826090 0.188758
vt 0.825762 0.188758
vt 0.826090 0.188758
vt 0.826984 0.188758
vt 0.828206 0.188758
vt 0.829428 0.188758
vt 0.830323 0.188758
vt 0.830650 0.188758
vt 0.795392 0.324854
vt 0.795144 0.324854
vt 0.793544 0.324854
vt 0.795144 0.324854
vt 0.794468 0.324854
vt 0.793544 0.324854
vt 0.792620 0.324854
vt 0.791943 0.324854
vt 0.791696 0.324854
vt 0.791943 0.324854
vt 0.792620 0.324854
vt 0.793544 0.324854
vt 0.794468 0.324854
vt 0.795988 0.250207
vt 0.795660 0.250207
vt 0.795660 0.321434
vt 0.795988 0.321434
vt 0.795660 0.250207
vt 0.795660 0.321434
vt 0.794766 0.250207
vt 0.794766 0.321434
vt 0.793544 0.250207
vt 0.793544 0.321434
vt 0.792322 0.250207
vt 0.792322 0.321434
vt 0.791427 0.250207
vt 0.791427 0.321434
vt 0.791100 0.250207
vt 0.791100 0.321434
vt 0.791427 0.250207
vt 0.791427 0.321434
vt 0.792322 0.250207
vt 0.792322 0.321434
vt 0.793544 0.250207
vt 0.793544 0.321434
vt 0.794766 0.250207
vt 0.794766 0.321434
vt 0.831354 0.187170
vt 0.830023 0.187170
vt 0.830023 0.188758
vt 0.831354 0.188758
vt 0.828206 0.187170
vt 0.828206 0.188758
vt 0.826389 0.187170
vt 0.826389 0.188758
vt 0.825059 0.187170
vt 0.825059 0.188758
vt 0.824572 0.187170
vt 0.824572 0.188758
vt 0.825059 0.187170
vt 0.825059 0.188758
vt 0.826389 0.187170
vt 0.826389 0.188758
vt 0.828206 0.187170
vt 0.828206 0.188758
vt 0.830023 0.187170
vt 0.830023 0.188758
vt 0.831354 0.187170
vt 0.831354 0.188758
vt 0.831840 0.187170
vt 0.831840 0.188758
vt 0.828206 0.187170
vt 0.829428 0.188758
vt 0.830323 0.188758
vt 0.828206 0.188758
vt 0.826984 0.188758
vt 0.826090 0.188758
vt 0.825762 0.188758
vt 0.826090 0.188758
vt 0.826984 0.188758
vt 0.828206 0.188758
vt 0.829428 0.188758
vt 0.830323 0.188758
vt 0.830650 0.188758
vt 0.795392 0.324854
vt 0.795144 0.324854
vt 0.793544 0.324854
vt 0.795144 0.324854
vt 0.794468 0.324854
vt 0.793544 0.324854
vt 0.792620 0.324854
vt 0.791943 0.324854
vt 0.791696 0.324854
vt 0.791943 0.324854
vt 0.792620 0.324854
vt 0.793544 0.324854
vt 0.794468 0.324854
vt 0.795988 0.250207
vt 0.795660 0.250207
vt 0.795660 0.321434
vt 0.795988 0.321434
vt 0.795660 0.250207
vt 0.795660 0.321434
vt 0.794766 0.250207
vt 0.794766 0.321434
vt 0.793544 0.250207
vt 0.793544 0.321434
vt 0.792322 0.250207
vt 0.792322 0.321434
vt 0.791427 0.250207
vt 0.791427 0.321434
vt 0.791100 0.250207
vt 0.791100 0.321434
vt 0.791427 0.250207
vt 0.791427 0.321434
vt 0.792322 0.250207
vt 0.792322 0.321434
vt 0.793544 0.250207
vt 0.793544 0.321434
vt 0.794766 0.250207
vt 0.794766 0.321434
vt 0.776210 0.353678
vt 0.776728 0.353678
vt 0.776728 0.376439
vt 0.776210 0.376439
vt 0.776918 0.353678
vt 0.776918 0.376439
vt 0.776728 0.353678
vt 0.776728 0.376439
vt 0.776210 0.353678
vt 0.776210 0.376439
vt 0.775502 0.353678
vt 0.775502 0.376439
vt 0.774794 0.353678
vt 0.774794 0.376439
vt 0.774276 0.353678
vt 0.774276 0.376439
vt 0.774086 0.353678
vt 0.774086 0.376439
vt 0.774276 0.353678
vt 0.774276 0.376439
vt 0.774794 0.353678
vt 0.774794 0.376439
vt 0.775502 0.353678
vt 0.775502 0.376439
vt 0.776728 0.377507
vt 0.776210 0.377246
vt 0.776918 0.377863
vt 0.776728 0.378219
vt 0.776210 0.378480
vt 0.775502 0.378575
vt 0.774794 0.378480
vt 0.774276 0.378219
vt 0.774086 0.377863
vt 0.774276 0.377507
vt 0.774794 0.377246
vt 0.775502 0.377151
vt 0.776728 0.378535
vt 0.776210 0.378100
vt 0.776918 0.379129
vt 0.776728 0.379722
vt 0.776210 0.380157
vt 0.775502 0.380316
vt 0.774794 0.380157
vt 0.774276 0.379722
vt 0.774086 0.379129
vt 0.774276 0.378535
vt 0.774794 0.378100
vt 0.775502 0.377942
vt 0.776728 0.378904
vt 0.776210 0.378385
vt 0.776918 0.379611
vt 0.776728 0.380319
vt 0.776210 0.380838
vt 0.775502 0.381027
vt 0.774794 0.380838
vt 0.774276 0.380319
vt 0.774086 0.379611
vt 0.774276 0.378904
vt 0.774794 0.378385
vt 0.775502 0.378196
vt 0.776728 0.378904
vt 0.776210 0.378385
vt 0.776918 0.379611
vt 0.776728 0.380319
vt 0.776210 0.380838
vt 0.775502 0.381027
vt 0.774794 0.380838
vt 0.774276 0.380319
vt 0.774086 0.379611
vt 0.774276 0.378904
vt 0.774794 0.378385
vt 0.775502 0.378196
vt 0.776210 0.353678
vt 0.776210 0.376439
vt 0.776728 0.376439
vt 0.776728 0.353678
vt 0.776918 0.376439
vt 0.776918 0.353678
vt 0.776728 0.376439
vt 0.776728 0.353678
vt 0.776210 0.376439
vt 0.776210 0.353678
vt 0.775502 0.376439
vt 0.775502 0.353678
vt 0.774794 0.376439
vt 0.774794 0.353678
vt 0.774276 0.376439
vt 0.774276 0.353678
vt 0.774086 0.376439
vt 0.774086 0.353678
vt 0.774276 0.376439
vt 0.774276 0.353678
vt 0.774794 0.376439
vt 0.774794 0.353678
vt 0.775502 0.376439
vt 0.775502 0.353678
vt 0.776210 0.377246
vt 0.776728 0.377507
vt 0.776918 0.377863
vt 0.776728 0.378219
vt 0.776210 0.378480
vt 0.775502 0.378575
vt 0.774794 0.378480
vt 0.774276 0.378219
vt 0.774086 0.377863
vt 0.774276 0.377507
vt 0.774794 0.377246
vt 0.775502 0.377151
vt 0.776210 0.378100
vt 0.776728 0.378535
vt 0.776918 0.379129
vt 0.776728 0.379722
vt 0.776210 0.380157
vt 0.775502 0.380316
vt 0.774794 0.380157
vt 0.774276 0.379722
vt 0.774086 0.379129
vt 0.774276 0.378535
vt 0.774794 0.378100
vt 0.775502 0.377942
vt 0.770198 0.155276
vt 0.770198 0.157643
vt 0.844663 0.157643
vt 0.844663 0.155276
vt 0.770198 0.160877
vt 0.844663 0.160877
vt 0.770198 0.164110
vt 0.844663 0.164110
vt 0.770198 0.166477
vt 0.844663 0.166477
vt 0.770198 0.167343
vt 0.844663 0.167343
vt 0.770198 0.166477
vt 0.844663 0.166477
vt 0.770198 0.164110
vt 0.844663 0.164110
vt 0.770198 0.160877
vt 0.844663 0.160877
vt 0.770198 0.157643
vt 0.844663 0.157643
vt 0.770198 0.155276
vt 0.844663 0.155276
vt 0.770198 0.154410
vt 0.844663 0.154410
vt 0.770198 0.160877
vt 0.844663 0.160877
vt 0.775967 0.373092
vt 0.776307 0.373432
vt 0.776307 0.373432
vt 0.775967 0.373092
vt 0.776431 0.373896
vt 0.776431 0.373896
vt 0.776307 0.374360
vt 0.776307 0.374360
vt 0.775967 0.374700
vt 0.775967 0.374700
vt 0.775503 0.374824
vt 0.775503 0.374824
vt 0.775039 0.374700
vt 0.775039 0.374700
vt 0.774699 0.374360
vt 0.774699 0.374360
vt 0.774575 0.373896
vt 0.774575 0.373896
vt 0.774699 0.373432
vt 0.774699 0.373432
vt 0.775039 0.373092
vt 0.775039 0.373092
vt 0.775503 0.372968
vt 0.775503 0.372968
vt 0.775503 0.373896
vt 0.775503 0.373896
vt 0.775967 0.366796
vt 0.776307 0.367136
vt 0.776307 0.367136
vt 0.775967 0.366796
vt 0.776431 0.367600
vt 0.776431 0.367600
vt 0.776307 0.368064
vt 0.776307 0.368064
vt 0.775967 0.368404
vt 0.775967 0.368404
vt 0.775503 0.368528
vt 0.775503 0.368528
vt 0.775039 0.368404
vt 0.775039 0.368404
vt 0.774699 0.368064
vt 0.774699 0.368064
vt 0.774575 0.367600
vt 0.774575 0.367600
vt 0.774699 0.367136
vt 0.774699 0.367136
vt 0.775039 0.366796
vt 0.775039 0.366796
vt 0.775503 0.366672
vt 0.775503 0.366672
vt 0.775503 0.367600
vt 0.775503 0.367600
vt 0.770198 0.199150
vt 0.770198 0.201517
vt 0.844663 0.201517
vt 0.844663 0.199150
vt 0.770198 0.204750
vt 0.844663 0.204750
vt 0.770198 0.207984
vt 0.844663 0.207984
vt 0.770198 0.210351
vt 0.844663 0.210351
vt 0.770198 0.211217
vt 0.844663 0.211217
vt 0.770198 0.210351
vt 0.844663 0.210351
vt 0.770198 0.207984
vt 0.844663 0.207984
vt 0.770198 0.204750
vt 0.844663 0.204750
vt 0.770198 0.201517
vt 0.844663 0.201517
vt 0.770198 0.199150
vt 0.844663 0.199150
vt 0.770198 0.198283
vt 0.844663 0.198283
vt 0.770198 0.204750
vt 0.844663 0.204750
vt 0.771755 0.063859
vt 0.771237 0.063859
vt 0.771237 0.222469
vt 0.771755 0.222469
vt 0.770529 0.063859
vt 0.770529 0.222469
vt 0.769821 0.063859
vt 0.769821 0.222469
vt 0.769303 0.063859
vt 0.769303 0.222469
vt 0.769114 0.063859
vt 0.769114 0.222469
vt 0.769303 0.063859
vt 0.769303 0.222469
vt 0.769821 0.063859
vt 0.769821 0.222469
vt 0.770529 0.063859
vt 0.770529 0.222469
vt 0.771237 0.063859
vt 0.771237 0.222469
vt 0.771755 0.063859
vt 0.771755 0.222469
vt 0.771945 0.063859
vt 0.771945 0.222469
vt 0.771502 0.229913
vt 0.771950 0.228095
vt 0.770890 0.232395
vt 0.770278 0.234878
vt 0.769830 0.236695
vt 0.769667 0.237360
vt 0.769830 0.236695
vt 0.770278 0.234878
vt 0.770890 0.232395
vt 0.771502 0.229913
vt 0.771950 0.228095
vt 0.772113 0.227431
vt 0.772326 0.237079
vt 0.772608 0.234050
vt 0.771940 0.241215
vt 0.771554 0.245352
vt 0.771272 0.248380
vt 0.771169 0.249487
vt 0.771272 0.248380
vt 0.771554 0.245352
vt 0.771940 0.241215
vt 0.772326 0.237079
vt 0.772608 0.234050
vt 0.772711 0.232943
vt 0.773340 0.239647
vt 0.773343 0.236035
vt 0.773335 0.244579
vt 0.773331 0.249513
vt 0.773328 0.253124
vt 0.773327 0.254444
vt 0.773328 0.253124
vt 0.773331 0.249513
vt 0.773335 0.244579
vt 0.773340 0.239647
vt 0.773343 0.236035
vt 0.773344 0.234715
vt 0.843308 0.239647
vt 0.843305 0.236035
vt 0.843312 0.244579
vt 0.843317 0.249513
vt 0.843320 0.253124
vt 0.843321 0.254444
vt 0.843320 0.253124
vt 0.843317 0.249513
vt 0.843312 0.244579
vt 0.843308 0.239647
vt 0.843305 0.236035
vt 0.843304 0.234715
vt 0.844892 0.063859
vt 0.844892 0.222469
vt 0.845410 0.222469
vt 0.845410 0.063859
vt 0.846118 0.222469
vt 0.846118 0.063859
vt 0.846826 0.222469
vt 0.846826 0.063859
vt 0.847344 0.222469
vt 0.847344 0.063859
vt 0.847534 0.222469
vt 0.847534 0.063859
vt 0.847344 0.222469
vt 0.847344 0.063859
vt 0.846826 0.222469
vt 0.846826 0.063859
vt 0.846118 0.222469
vt 0.846118 0.063859
vt 0.845410 0.222469
vt 0.845410 0.063859
vt 0.844892 0.222469
vt 0.844892 0.063859
vt 0.844703 0.222469
vt 0.844703 0.063859
vt 0.844698 0.228095
vt 0.845146 0.229913
vt 0.845757 0.232395
vt 0.846369 0.234878
vt 0.846817 0.236695
vt 0.846981 0.237360
vt 0.846817 0.236695
vt 0.846369 0.234878
vt 0.845757 0.232395
vt 0.845146 0.229913
vt 0.844698 0.228095
vt 0.844534 0.227431
vt 0.844039 0.234050
vt 0.844322 0.237079
vt 0.844708 0.241215
vt 0.845093 0.245352
vt 0.845376 0.248380
vt 0.845479 0.249487
vt 0.845376 0.248380
vt 0.845093 0.245352
vt 0.844708 0.241215
vt 0.844322 0.237079
vt 0.844039 0.234050
vt 0.843936 0.232943
vt 0.771755 0.063859
vt 0.771237 0.063859
vt 0.771237 0.222469
vt 0.771755 0.222469
vt 0.770529 0.063859
vt 0.770529 0.222469
vt 0.769821 0.063859
vt 0.769821 0.222469
vt 0.769303 0.063859
vt 0.769303 0.222469
vt 0.769114 0.063859
vt 0.769114 0.222469
vt 0.769303 0.063859
vt 0.769303 0.222469
vt 0.769821 0.063859
vt 0.769821 0.222469
vt 0.770529 0.063859
vt 0.770529 0.222469
vt 0.771237 0.063859
vt 0.771237 0.222469
vt 0.771755 0.063859
vt 0.771755 0.222469
vt 0.771945 0.063859
vt 0.771945 0.222469
vt 0.771502 0.229913
vt 0.771950 0.228095
vt 0.770890 0.232395
vt 0.770278 0.234878
vt 0.769830 0.236695
vt 0.769667 0.237360
vt 0.769830 0.236695
vt 0.770278 0.234878
vt 0.770890 0.232395
vt 0.771502 0.229913
vt 0.771950 0.228095
vt 0.772113 0.227431
vt 0.772326 0.237079
vt 0.772608 0.234050
vt 0.771940 0.241215
vt 0.771554 0.245352
vt 0.771272 0.248380
vt 0.771169 0.249487
vt 0.771272 0.248380
vt 0.771554 0.245352
vt 0.771940 0.241215
vt 0.772326 0.237079
vt 0.772608 0.234050
vt 0.772711 0.232943
vt 0.773340 0.239647
vt 0.773343 0.236035
vt 0.773335 0.244579
vt 0.773331 0.249513
vt 0.773328 0.253124
vt 0.773327 0.254444
vt 0.773328 0.253124
vt 0.773331 0.249513
vt 0.773335 0.244579
vt 0.773340 0.239647
vt 0.773343 0.236035
vt 0.773344 0.234715
vt 0.843308 0.239647
vt 0.843305 0.236035
vt 0.843312 0.244579
vt 0.843317 0.249513
vt 0.843320 0.253124
vt 0.843321 0.254444
vt 0.843320 0.253124
vt 0.843317 0.249513
vt 0.843312 0.244579
vt 0.843308 0.239647
vt 0.843305 0.236035
vt 0.843304 0.234715
vt 0.844892 0.063859
vt 0.844892 0.222469
vt 0.845410 0.222469
vt 0.845410 0.063859
vt 0.846118 0.222469
vt 0.846118 0.063859
vt 0.846826 0.222469
vt 0.846826 0.063859
vt 0.847344 0.222469
vt 0.847344 0.063859
vt 0.847534 0.222469
vt 0.847534 0.063859
vt 0.847344 0.222469
vt 0.847344 0.063859
vt 0.846826 0.222469
vt 0.846826 0.063859
vt 0.846118 0.222469
vt 0.846118 0.063859
vt 0.845410 0.222469
vt 0.845410 0.063859
vt 0.844892 0.222469
vt 0.844892 0.063859
vt 0.844703 0.222469
vt 0.844703 0.063859
vt 0.844698 0.228095
vt 0.845146 0.229913
vt 0.845757 0.232395
vt 0.846369 0.234878
vt 0.846817 0.236695
vt 0.846981 0.237360
vt 0.846817 0.236695
vt 0.846369 0.234878
vt 0.845757 0.232395
vt 0.845146 0.229913
vt 0.844698 0.228095
vt 0.844534 0.227431
vt 0.844039 0.234050
vt 0.844322 0.237079
vt 0.844708 0.241215
vt 0.845093 0.245352
vt 0.845376 0.248380
vt 0.845479 0.249487
vt 0.845376 0.248380
vt 0.845093 0.245352
vt 0.844708 0.241215
vt 0.844322 0.237079
vt 0.844039 0.234050
vt 0.843936 0.232943
vt 0.770198 0.199150
vt 0.770198 0.201517
vt 0.844663 0.201517
vt 0.844663 0.199150
vt 0.770198 0.204750
vt 0.844663 0.204750
vt 0.770198 0.207984
vt 0.844663 0.207984
vt 0.770198 0.210351
vt 0.844663 0.210351
vt 0.770198 0.211217
vt 0.844663 0.211217
vt 0.770198 0.210351
vt 0.844663 0.210351
vt 0.770198 0.207984
vt 0.844663 0.207984
vt 0.770198 0.204750
vt 0.844663 0.204750
vt 0.770198 0.201517
vt 0.844663 0.201517
vt 0.770198 0.199150
vt 0.844663 0.199150
vt 0.770198 0.198283
vt 0.844663 0.198283
vt 0.770198 0.204750
vt 0.844663 0.204750
vt 0.770198 0.155276
vt 0.770198 0.157643
vt 0.844663 0.157643
vt 0.844663 0.155276
vt 0.770198 0.160877
vt 0.844663 0.160877
vt 0.770198 0.164110
vt 0.844663 0.164110
vt 0.770198 0.166477
vt 0.844663 0.166477
vt 0.770198 0.167343
vt 0.844663 0.167343
vt 0.770198 0.166477
vt 0.844663 0.166477
vt 0.770198 0.164110
vt 0.844663 0.164110
vt 0.770198 0.160877
vt 0.844663 0.160877
vt 0.770198 0.157643
vt 0.844663 0.157643
vt 0.770198 0.155276
vt 0.844663 0.155276
vt 0.770198 0.154410
vt 0.844663 0.154410
vt 0.770198 0.160877
vt 0.844663 0.160877
vt 0.831354 0.187170
vt 0.830023 0.187170
vt 0.830023 0.188758
vt 0.831354 0.188758
vt 0.828206 0.187170
vt 0.828206 0.188758
vt 0.826389 0.187170
vt 0.826389 0.188758
vt 0.825059 0.187170
vt 0.825059 0.188758
vt 0.824572 0.187170
vt 0.824572 0.188758
vt 0.825059 0.187170
vt 0.825059 0.188758
vt 0.826389 0.187170
vt 0.826389 0.188758
vt 0.828206 0.187170
vt 0.828206 0.188758
vt 0.830023 0.187170
vt 0.830023 0.188758
vt 0.831354 0.187170
vt 0.831354 0.188758
vt 0.831840 0.187170
vt 0.831840 0.188758
vt 0.828206 0.187170
vt 0.829428 0.188758
vt 0.830323 0.188758
vt 0.828206 0.188758
vt 0.826984 0.188758
vt 0.826090 0.188758
vt 0.825762 0.188758
vt 0.826090 0.188758
vt 0.826984 0.188758
vt 0.828206 0.188758
vt 0.829428 0.188758
vt 0.830323 0.188758
vt 0.830650 0.188758
vt 0.795392 0.324854
vt 0.795144 0.324854
vt 0.793544 0.324854
vt 0.795144 0.324854
vt 0.794468 0.324854
vt 0.793544 0.324854
vt 0.792620 0.324854
vt 0.791943 0.324854
vt 0.791696 0.324854
vt 0.791943 0.324854
vt 0.792620 0.324854
vt 0.793544 0.324854
vt 0.794468 0.324854
vt 0.795988 0.250207
vt 0.795660 0.250207
vt 0.795660 0.321434
vt 0.795988 0.321434
vt 0.795660 0.250207
vt 0.795660 0.321434
vt 0.794766 0.250207
vt 0.794766 0.321434
vt 0.793544 0.250207
vt 0.793544 0.321434
vt 0.792322 0.250207
vt 0.792322 0.321434
vt 0.791427 0.250207
vt 0.791427 0.321434
vt 0.791100 0.250207
vt 0.791100 0.321434
vt 0.791427 0.250207
vt 0.791427 0.321434
vt 0.792322 0.250207
vt 0.792322 0.321434
vt 0.793544 0.250207
vt 0.793544 0.321434
vt 0.794766 0.250207
vt 0.794766 0.321434
vt 0.831354 0.187170
vt 0.830023 0.187170
vt 0.830023 0.188758
vt 0.831354 0.188758
vt 0.828206 0.187170
vt 0.828206 0.188758
vt 0.826389 0.187170
vt 0.826389 0.188758
vt 0.825059 0.187170
vt 0.825059 0.188758
vt 0.824572 0.187170
vt 0.824572 0.188758
vt 0.825059 0.187170
vt 0.825059 0.188758
vt 0.826389 0.187170
vt 0.826389 0.188758
vt 0.828206 0.187170
vt 0.828206 0.188758
vt 0.830023 0.187170
vt 0.830023 0.188758
vt 0.831354 0.187170
vt 0.831354 0.188758
vt 0.831840 0.187170
vt 0.831840 0.188758
vt 0.828206 0.187170
vt 0.829428 0.188758
vt 0.830323 0.188758
vt 0.828206 0.188758
vt 0.826984 0.188758
vt 0.826090 0.188758
vt 0.825762 0.188758
vt 0.826090 0.188758
vt 0.826984 0.188758
vt 0.828206 0.188758
vt 0.829428 0.188758
vt 0.830323 0.188758
vt 0.830650 0.188758
vt 0.795392 0.324854
vt 0.795144 0.324854
vt 0.793544 0.324854
vt 0.795144 0.324854
vt 0.794468 0.324854
vt 0.793544 0.324854
vt 0.792620 0.324854
vt 0.791943 0.324854
vt 0.791696 0.324854
vt 0.791943 0.324854
vt 0.792620 0.324854
vt 0.793544 0.324854
vt 0.794468 0.324854
vt 0.795988 0.250207
vt 0.795660 0.250207
vt 0.795660 0.321434
vt 0.795988 0.321434
vt 0.795660 0.250207
vt 0.795660 0.321434
vt 0.794766 0.250207
vt 0.794766 0.321434
vt 0.793544 0.250207
vt 0.793544 0.321434
vt 0.792322 0.250207
vt 0.792322 0.321434
vt 0.791427 0.250207
vt 0.791427 0.321434
vt 0.791100 0.250207
vt 0.791100 0.321434
vt 0.791427 0.250207
vt 0.791427 0.321434
vt 0.792322 0.250207
vt 0.792322 0.321434
vt 0.793544 0.250207
vt 0.793544 0.321434
vt 0.794766 0.250207
vt 0.794766 0.321434
vt 0.831354 0.187170
vt 0.830023 0.187170
vt 0.830023 0.188758
vt 0.831354 0.188758
vt 0.828206 0.187170
vt 0.828206 0.188758
vt 0.826389 0.187170
vt 0.826389 0.188758
vt 0.825059 0.187170
vt 0.825059 0.188758
vt 0.824572 0.187170
vt 0.824572 0.188758
vt 0.825059 0.187170
vt 0.825059 0.188758
vt 0.826389 0.187170
vt 0.826389 0.188758
vt 0.828206 0.187170
vt 0.828206 0.188758
vt 0.830023 0.187170
vt 0.830023 0.188758
vt 0.831354 0.187170
vt 0.831354 0.188758
vt 0.831840 0.187170
vt 0.831840 0.188758
vt 0.828206 0.187170
vt 0.829428 0.188758
vt 0.830323 0.188758
vt 0.828206 0.188758
vt 0.826984 0.188758
vt 0.826090 0.188758
vt 0.825762 0.188758
vt 0.826090 0.188758
vt 0.826984 0.188758
vt 0.828206 0.188758
vt 0.829428 0.188758
vt 0.830323 0.188758
vt 0.830650 0.188758
vt 0.795392 0.324854
vt 0.795144 0.324854
vt 0.793544 0.324854
vt 0.795144 0.324854
vt 0.794468 0.324854
vt 0.793544 0.324854
vt 0.792620 0.324854
vt 0.791943 0.324854
vt 0.791696 0.324854
vt 0.791943 0.324854
vt 0.792620 0.324854
vt 0.793544 0.324854
vt 0.794468 0.324854
vt 0.795988 0.250207
vt 0.795660 0.250207
vt 0.795660 0.321434
vt 0.795988 0.321434
vt 0.795660 0.250207
vt 0.795660 0.321434
vt 0.794766 0.250207
vt 0.794766 0.321434
vt 0.793544 0.250207
vt 0.793544 0.321434
vt 0.792322 0.250207
vt 0.792322 0.321434
vt 0.791427 0.250207
vt 0.791427 0.321434
vt 0.791100 0.250207
vt 0.791100 0.321434
vt 0.791427 0.250207
vt 0.791427 0.321434
vt 0.792322 0.250207
vt 0.792322 0.321434
vt 0.793544 0.250207
vt 0.793544 0.321434
vt 0.794766 0.250207
vt 0.794766 0.321434
vt 0.831354 0.187170
vt 0.830023 0.187170
vt 0.830023 0.188758
vt 0.831354 0.188758
vt 0.828206 0.187170
vt 0.828206 0.188758
vt 0.826389 0.187170
vt 0.826389 0.188758
vt 0.825059 0.187170
vt 0.825059 0.188758
vt 0.824572 0.187170
vt 0.824572 0.188758
vt 0.825059 0.187170
vt 0.825059 0.188758
vt 0.826389 0.187170
vt 0.826389 0.188758
vt 0.828206 0.187170
vt 0.828206 0.188758
vt 0.830023 0.187170
vt 0.830023 0.188758
vt 0.831354 0.187170
vt 0.831354 0.188758
vt 0.831840 0.187170
vt 0.831840 0.188758
vt 0.828206 0.187170
vt 0.829428 0.188758
vt 0.830323 0.188758
vt 0.828206 0.188758
vt 0.826984 0.188758
vt 0.826090 0.188758
vt 0.825762 0.188758
vt 0.826090 0.188758
vt 0.826984 0.188758
vt 0.828206 0.188758
vt 0.829428 0.188758
vt 0.830323 0.188758
vt 0.830650 0.188758
vt 0.795392 0.324854
vt 0.795144 0.324854
vt 0.793544 0.324854
vt 0.795144 0.324854
vt 0.794468 0.324854
vt 0.793544 0.324854
vt 0.792620 0.324854
vt 0.791943 0.324854
vt 0.791696 0.324854
vt 0.791943 0.324854
vt 0.792620 0.324854
vt 0.793544 0.324854
vt 0.794468 0.324854
vt 0.795988 0.250207
vt 0.795660 0.250207
vt 0.795660 0.321434
vt 0.795988 0.321434
vt 0.795660 0.250207
vt 0.795660 0.321434
vt 0.794766 0.250207
vt 0.794766 0.321434
vt 0.793544 0.250207
vt 0.793544 0.321434
vt 0.792322 0.250207
vt 0.792322 0.321434
vt 0.791427 0.250207
vt 0.791427 0.321434
vt 0.791100 0.250207
vt 0.791100 0.321434
vt 0.791427 0.250207
vt 0.791427 0.321434
vt 0.792322 0.250207
vt 0.792322 0.321434
vt 0.793544 0.250207
vt 0.793544 0.321434
vt 0.794766 0.250207
vt 0.794766 0.321434
vt 0.831354 0.187170
vt 0.830023 0.187170
vt 0.830023 0.188758
vt 0.831354 0.188758
vt 0.828206 0.187170
vt 0.828206 0.188758
vt 0.826389 0.187170
vt 0.826389 0.188758
vt 0.825059 0.187170
vt 0.825059 0.188758
vt 0.824572 0.187170
vt 0.824572 0.188758
vt 0.825059 0.187170
vt 0.825059 0.188758
vt 0.826389 0.187170
vt 0.826389 0.188758
vt 0.828206 0.187170
vt 0.828206 0.188758
vt 0.830023 0.187170
vt 0.830023 0.188758
vt 0.831354 0.187170
vt 0.831354 0.188758
vt 0.831840 0.187170
vt 0.831840 0.188758
vt 0.828206 0.187170
vt 0.829428 0.188758
vt 0.830323 0.188758
vt 0.828206 0.188758
vt 0.826984 0.188758
vt 0.826090 0.188758
vt 0.825762 0.188758
vt 0.826090 0.188758
vt 0.826984 0.188758
vt 0.828206 0.188758
vt 0.829428 0.188758
vt 0.830323 0.188758
vt 0.830650 0.188758
vt 0.795392 0.324854
vt 0.795144 0.324854
vt 0.793544 0.324854
vt 0.795144 0.324854
vt 0.794468 0.324854
vt 0.793544 0.324854
vt 0.792620 0.324854
vt 0.791943 0.324854
vt 0.791696 0.324854
vt 0.791943 0.324854
vt 0.792620 0.324854
vt 0.793544 0.324854
vt 0.794468 0.324854
vt 0.795988 0.250207
vt 0.795660 0.250207
vt 0.795660 0.321434
vt 0.795988 0.321434
vt 0.795660 0.250207
vt 0.795660 0.321434
vt 0.794766 0.250207
vt 0.794766 0.321434
vt 0.793544 0.250207
vt 0.793544 0.321434
vt 0.792322 0.250207
vt 0.792322 0.321434
vt 0.791427 0.250207
vt 0.791427 0.321434
vt 0.791100 0.250207
vt 0.791100 0.321434
vt 0.791427 0.250207
vt 0.791427 0.321434
vt 0.792322 0.250207
vt 0.792322 0.321434
vt 0.793544 0.250207
vt 0.793544 0.321434
vt 0.794766 0.250207
vt 0.794766 0.321434
vt 0.771755 0.063859
vt 0.771237 0.063859
vt 0.771237 0.222469
vt 0.771755 0.222469
vt 0.770529 0.063859
vt 0.770529 0.222469
vt 0.769821 0.063859
vt 0.769821 0.222469
vt 0.769303 0.063859
vt 0.769303 0.222469
vt 0.769114 0.063859
vt 0.769114 0.222469
vt 0.769303 0.063859
vt 0.769303 0.222469
vt 0.769821 0.063859
vt 0.769821 0.222469
vt 0.770529 0.063859
vt 0.770529 0.222469
vt 0.771237 0.063859
vt 0.771237 0.222469
vt 0.771755 0.063859
vt 0.771755 0.222469
vt 0.771945 0.063859
vt 0.771945 0.222469
vt 0.771502 0.229913
vt 0.771950 0.228095
vt 0.770890 0.232395
vt 0.770278 0.234878
vt 0.769830 0.236695
vt 0.769667 0.237360
vt 0.769830 0.236695
vt 0.770278 0.234878
vt 0.770890 0.232395
vt 0.771502 0.229913
vt 0.771950 0.228095
vt 0.772113 0.227431
vt 0.772326 0.237079
vt 0.772608 0.234050
vt 0.771940 0.241215
vt 0.771554 0.245352
vt 0.771272 0.248380
vt 0.771169 0.249487
vt 0.771272 0.248380
vt 0.771554 0.245352
vt 0.771940 0.241215
vt 0.772326 0.237079
vt 0.772608 0.234050
vt 0.772711 0.232943
vt 0.773340 0.239647
vt 0.773343 0.236035
vt 0.773335 0.244579
vt 0.773331 0.249513
vt 0.773328 0.253124
vt 0.773327 0.254444
vt 0.773328 0.253124
vt 0.773331 0.249513
vt 0.773335 0.244579
vt 0.773340 0.239647
vt 0.773343 0.236035
vt 0.773344 0.234715
vt 0.843308 0.239647
vt 0.843305 0.236035
vt 0.843312 0.244579
vt 0.843317 0.249513
vt 0.843320 0.253124
vt 0.843321 0.254444
vt 0.843320 0.253124
vt 0.843317 0.249513
vt 0.843312 0.244579
vt 0.843308 0.239647
vt 0.843305 0.236035
vt 0.843304 0.234715
vt 0.844892 0.063859
vt 0.844892 0.222469
vt 0.845410 0.222469
vt 0.845410 0.063859
vt 0.846118 0.222469
vt 0.846118 0.063859
vt 0.846826 0.222469
vt 0.846826 0.063859
vt 0.847344 0.222469
vt 0.847344 0.063859
vt 0.847534 0.222469
vt 0.847534 0.063859
vt 0.847344 0.222469
vt 0.847344 0.063859
vt 0.846826 0.222469
vt 0.846826 0.063859
vt 0.846118 0.222469
vt 0.846118 0.063859
vt 0.845410 0.222469
vt 0.845410 0.063859
vt 0.844892 0.222469
vt 0.844892 0.063859
vt 0.844703 0.222469
vt 0.844703 0.063859
vt 0.844698 0.228095
vt 0.845146 0.229913
vt 0.845757 0.232395
vt 0.846369 0.234878
vt 0.846817 0.236695
vt 0.846981 0.237360
vt 0.846817 0.236695
vt 0.846369 0.234878
vt 0.845757 0.232395
vt 0.845146 0.229913
vt 0.844698 0.228095
vt 0.844534 0.227431
vt 0.844039 0.234050
vt 0.844322 0.237079
vt 0.844708 0.241215
vt 0.845093 0.245352
vt 0.845376 0.248380
vt 0.845479 0.249487
vt 0.845376 0.248380
vt 0.845093 0.245352
vt 0.844708 0.241215
vt 0.844322 0.237079
vt 0.844039 0.234050
vt 0.843936 0.232943
vt 0.770198 0.199150
vt 0.770198 0.201517
vt 0.844663 0.201517
vt 0.844663 0.199150
vt 0.770198 0.204750
vt 0.844663 0.204750
vt 0.770198 0.207984
vt 0.844663 0.207984
vt 0.770198 0.210351
vt 0.844663 0.210351
vt 0.770198 0.211217
vt 0.844663 0.211217
vt 0.770198 0.210351
vt 0.844663 0.210351
vt 0.770198 0.207984
vt 0.844663 0.207984
vt 0.770198 0.204750
vt 0.844663 0.204750
vt 0.770198 0.201517
vt 0.844663 0.201517
vt 0.770198 0.199150
vt 0.844663 0.199150
vt 0.770198 0.198283
vt 0.844663 0.198283
vt 0.770198 0.204750
vt 0.844663 0.204750
vt 0.770198 0.155276
vt 0.770198 0.157643
vt 0.844663 0.157643
vt 0.844663 0.155276
vt 0.770198 0.160877
vt 0.844663 0.160877
vt 0.770198 0.164110
vt 0.844663 0.164110
vt 0.770198 0.166477
vt 0.844663 0.166477
vt 0.770198 0.167343
vt 0.844663 0.167343
vt 0.770198 0.166477
vt 0.844663 0.166477
vt 0.770198 0.164110
vt 0.844663 0.164110
vt 0.770198 0.160877
vt 0.844663 0.160877
vt 0.770198 0.157643
vt 0.844663 0.157643
vt 0.770198 0.155276
vt 0.844663 0.155276
vt 0.770198 0.154410
vt 0.844663 0.154410
vt 0.770198 0.160877
vt 0.844663 0.160877
vt 0.824391 0.126617
vt 0.821854 0.126617
vt 0.821854 0.130681
vt 0.824391 0.130681
vt 0.818896 0.126617
vt 0.818896 0.130681
vt 0.816307 0.126617
vt 0.816307 0.130681
vt 0.814784 0.126617
vt 0.814784 0.130681
vt 0.814733 0.126617
vt 0.814733 0.130681
vt 0.816168 0.126617
vt 0.816168 0.130681
vt 0.818705 0.126617
vt 0.818705 0.130681
vt 0.821664 0.126617
vt 0.821664 0.130681
vt 0.824252 0.126617
vt 0.824252 0.130681
vt 0.825776 0.126617
vt 0.825776 0.130681
vt 0.825826 0.126617
vt 0.825826 0.130681
vt 0.820280 0.303016
vt 0.822096 0.303016
vt 0.820975 0.303016
vt 0.819668 0.303016
vt 0.818524 0.303016
vt 0.817850 0.303016
vt 0.817828 0.303016
vt 0.818462 0.303016
vt 0.819584 0.303016
vt 0.820892 0.303016
vt 0.822035 0.303016
vt 0.822708 0.303016
vt 0.822731 0.303016
vt 0.821482 0.134515
vt 0.823420 0.134515
vt 0.819222 0.134515
vt 0.817245 0.134515
vt 0.816081 0.134515
vt 0.816042 0.134515
vt 0.817138 0.134515
vt 0.819077 0.134515
vt 0.821338 0.134515
vt 0.823314 0.134515
vt 0.824478 0.134515
vt 0.824517 0.134515
vt 0.821482 0.173527
vt 0.823420 0.173527
vt 0.819222 0.173527
vt 0.817245 0.173527
vt 0.816081 0.173527
vt 0.816042 0.173527
vt 0.817138 0.173527
vt 0.819077 0.173527
vt 0.821338 0.173527
vt 0.823314 0.173527
vt 0.824478 0.173527
vt 0.824517 0.173527
vt 0.821239 0.176711
vt 0.822784 0.176711
vt 0.819437 0.176711
vt 0.817860 0.176711
vt 0.816932 0.176711
vt 0.816900 0.176711
vt 0.817775 0.176711
vt 0.819321 0.176711
vt 0.821123 0.176711
vt 0.822699 0.176711
vt 0.823627 0.176711
vt 0.823658 0.176711
vt 0.821239 0.183400
vt 0.822784 0.183400
vt 0.819437 0.183400
vt 0.817860 0.183400
vt 0.816932 0.183400
vt 0.816900 0.183400
vt 0.817775 0.183400
vt 0.819321 0.183400
vt 0.821123 0.183400
vt 0.822699 0.183400
vt 0.823627 0.183400
vt 0.823658 0.183400
vt 0.820937 0.183400
vt 0.821996 0.183400
vt 0.819702 0.183400
vt 0.818621 0.183400
vt 0.817985 0.183400
vt 0.817964 0.183400
vt 0.818563 0.183400
vt 0.819622 0.183400
vt 0.820858 0.183400
vt 0.821938 0.183400
vt 0.822574 0.183400
vt 0.822595 0.183400
vt 0.821996 0.245501
vt 0.820937 0.245501
vt 0.820937 0.305055
vt 0.821996 0.305055
vt 0.819702 0.245501
vt 0.819702 0.305055
vt 0.818621 0.245501
vt 0.818621 0.305055
vt 0.817985 0.245501
vt 0.817985 0.305055
vt 0.817964 0.245501
vt 0.817964 0.305055
vt 0.818563 0.245501
vt 0.818563 0.305055
vt 0.819622 0.245501
vt 0.819622 0.305055
vt 0.820858 0.245501
vt 0.820858 0.305055
vt 0.821938 0.245501
vt 0.821938 0.305055
vt 0.822574 0.245501
vt 0.822574 0.305055
vt 0.822595 0.245501
vt 0.822595 0.305055
vt 0.821198 0.310155
vt 0.822678 0.310155
vt 0.819472 0.310155
vt 0.817962 0.310155
vt 0.817073 0.310155
vt 0.817043 0.310155
vt 0.817881 0.310155
vt 0.819361 0.310155
vt 0.821088 0.310155
vt 0.822597 0.310155
vt 0.823486 0.310155
vt 0.823516 0.310155
vt 0.820767 0.310155
vt 0.821554 0.310155
vt 0.819851 0.310155
vt 0.819049 0.310155
vt 0.818576 0.310155
vt 0.818561 0.310155
vt 0.819005 0.310155
vt 0.819792 0.310155
vt 0.820709 0.310155
vt 0.821510 0.310155
vt 0.821983 0.310155
vt 0.821998 0.310155
vt 0.821554 0.353228
vt 0.820767 0.353228
vt 0.820767 0.543836
vt 0.821554 0.543836
vt 0.819851 0.353228
vt 0.819851 0.543836
vt 0.819049 0.353228
vt 0.819049 0.543836
vt 0.818576 0.353228
vt 0.818576 0.543836
vt 0.818561 0.353228
vt 0.818561 0.543836
vt 0.819005 0.353228
vt 0.819005 0.543836
vt 0.819792 0.353228
vt 0.819792 0.543836
vt 0.820709 0.353228
vt 0.820709 0.543836
vt 0.821510 0.353228
vt 0.821510 0.543836
vt 0.821983 0.353228
vt 0.821983 0.543836
vt 0.821998 0.353228
vt 0.821998 0.543836
vt 0.821554 0.242962
vt 0.820767 0.242962
vt 0.820975 0.242965
vt 0.822096 0.242965
vt 0.819851 0.242962
vt 0.819668 0.242965
vt 0.819049 0.242962
vt 0.818524 0.242965
vt 0.818576 0.242962
vt 0.817850 0.242965
vt 0.818561 0.242962
vt 0.817828 0.242965
vt 0.819005 0.242962
vt 0.818462 0.242965
vt 0.819792 0.242962
vt 0.819584 0.242965
vt 0.820709 0.242962
vt 0.820892 0.242965
vt 0.821510 0.242962
vt 0.822035 0.242965
vt 0.821983 0.242962
vt 0.822708 0.242965
vt 0.821998 0.242962
vt 0.822731 0.242965
vt 0.828077 0.123653
vt 0.830243 0.123653
vt 0.830243 0.168423
vt 0.828077 0.168423
vt 0.821441 0.168423
vt 0.819275 0.168423
vt 0.821441 0.123653
vt 0.819275 0.123653
vt 0.824391 0.126617
vt 0.821854 0.126617
vt 0.821854 0.130681
vt 0.824391 0.130681
vt 0.818896 0.126617
vt 0.818896 0.130681
vt 0.816307 0.126617
vt 0.816307 0.130681
vt 0.814784 0.126617
vt 0.814784 0.130681
vt 0.814733 0.126617
vt 0.814733 0.130681
vt 0.816168 0.126617
vt 0.816168 0.130681
vt 0.818705 0.126617
vt 0.818705 0.130681
vt 0.821664 0.126617
vt 0.821664 0.130681
vt 0.824252 0.126617
vt 0.824252 0.130681
vt 0.825776 0.126617
vt 0.825776 0.130681
vt 0.825826 0.126617
vt 0.825826 0.130681
vt 0.820280 0.303016
vt 0.822096 0.303016
vt 0.820975 0.303016
vt 0.819668 0.303016
vt 0.818524 0.303016
vt 0.817850 0.303016
vt 0.817828 0.303016
vt 0.818462 0.303016
vt 0.819584 0.303016
vt 0.820892 0.303016
vt 0.822035 0.303016
vt 0.822708 0.303016
vt 0.822731 0.303016
vt 0.821482 0.134515
vt 0.823420 0.134515
vt 0.819222 0.134515
vt 0.817245 0.134515
vt 0.816081 0.134515
vt 0.816042 0.134515
vt 0.817138 0.134515
vt 0.819077 0.134515
vt 0.821338 0.134515
vt 0.823314 0.134515
vt 0.824478 0.134515
vt 0.824517 0.134515
vt 0.821482 0.173527
vt 0.823420 0.173527
vt 0.819222 0.173527
vt 0.817245 0.173527
vt 0.816081 0.173527
vt 0.816042 0.173527
vt 0.817138 0.173527
vt 0.819077 0.173527
vt 0.821338 0.173527
vt 0.823314 0.173527
vt 0.824478 0.173527
vt 0.824517 0.173527
vt 0.821239 0.176711
vt 0.822784 0.176711
vt 0.819437 0.176711
vt 0.817860 0.176711
vt 0.816932 0.176711
vt 0.816900 0.176711
vt 0.817775 0.176711
vt 0.819321 0.176711
vt 0.821123 0.176711
vt 0.822699 0.176711
vt 0.823627 0.176711
vt 0.823658 0.176711
vt 0.821239 0.183400
vt 0.822784 0.183400
vt 0.819437 0.183400
vt 0.817860 0.183400
vt 0.816932 0.183400
vt 0.816900 0.183400
vt 0.817775 0.183400
vt 0.819321 0.183400
vt 0.821123 0.183400
vt 0.822699 0.183400
vt 0.823627 0.183400
vt 0.823658 0.183400
vt 0.820937 0.183400
vt 0.821996 0.183400
vt 0.819702 0.183400
vt 0.818621 0.183400
vt 0.817985 0.183400
vt 0.817964 0.183400
vt 0.818563 0.183400
vt 0.819622 0.183400
vt 0.820858 0.183400
vt 0.821938 0.183400
vt 0.822574 0.183400
vt 0.822595 0.183400
vt 0.821996 0.245501
vt 0.820937 0.245501
vt 0.820937 0.305055
vt 0.821996 0.305055
vt 0.819702 0.245501
vt 0.819702 0.305055
vt 0.818621 0.245501
vt 0.818621 0.305055
vt 0.817985 0.245501
vt 0.817985 0.305055
vt 0.817964 0.245501
vt 0.817964 0.305055
vt 0.818563 0.245501
vt 0.818563 0.305055
vt 0.819622 0.245501
vt 0.819622 0.305055
vt 0.820858 0.245501
vt 0.820858 0.305055
vt 0.821938 0.245501
vt 0.821938 0.305055
vt 0.822574 0.245501
vt 0.822574 0.305055
vt 0.822595 0.245501
vt 0.822595 0.305055
vt 0.821198 0.310155
vt 0.822678 0.310155
vt 0.819472 0.310155
vt 0.817962 0.310155
vt 0.817073 0.310155
vt 0.817043 0.310155
vt 0.817881 0.310155
vt 0.819361 0.310155
vt 0.821088 0.310155
vt 0.822597 0.310155
vt 0.823486 0.310155
vt 0.823516 0.310155
vt 0.820767 0.310155
vt 0.821554 0.310155
vt 0.819851 0.310155
vt 0.819049 0.310155
vt 0.818576 0.310155
vt 0.818561 0.310155
vt 0.819005 0.310155
vt 0.819792 0.310155
vt 0.820709 0.310155
vt 0.821510 0.310155
vt 0.821983 0.310155
vt 0.821998 0.310155
vt 0.821554 0.353228
vt 0.820767 0.353228
vt 0.820767 0.543836
vt 0.821554 0.543836
vt 0.819851 0.353228
vt 0.819851 0.543836
vt 0.819049 0.353228
vt 0.819049 0.543836
vt 0.818576 0.353228
vt 0.818576 0.543836
vt 0.818561 0.353228
vt 0.818561 0.543836
vt 0.819005 0.353228
vt 0.819005 0.543836
vt 0.819792 0.353228
vt 0.819792 0.543836
vt 0.820709 0.353228
vt 0.820709 0.543836
vt 0.821510 0.353228
vt 0.821510 0.543836
vt 0.821983 0.353228
vt 0.821983 0.543836
vt 0.821998 0.353228
vt 0.821998 0.543836
vt 0.821554 0.242962
vt 0.820767 0.242962
vt 0.820975 0.242965
vt 0.822096 0.242965
vt 0.819851 0.242962
vt 0.819668 0.242965
vt 0.819049 0.242962
vt 0.818524 0.242965
vt 0.818576 0.242962
vt 0.817850 0.242965
vt 0.818561 0.242962
vt 0.817828 0.242965
vt 0.819005 0.242962
vt 0.818462 0.242965
vt 0.819792 0.242962
vt 0.819584 0.242965
vt 0.820709 0.242962
vt 0.820892 0.242965
vt 0.821510 0.242962
vt 0.822035 0.242965
vt 0.821983 0.242962
vt 0.822708 0.242965
vt 0.821998 0.242962
vt 0.822731 0.242965
vt 0.323004 0.364972
vt 0.321316 0.364972
vt 0.321316 0.367148
vt 0.323004 0.367148
vt 0.318686 0.364972
vt 0.318686 0.367148
vt 0.315373 0.364972
vt 0.315373 0.367148
vt 0.311701 0.364972
vt 0.311701 0.367148
vt 0.308028 0.364972
vt 0.308028 0.367148
vt 0.304715 0.364972
vt 0.304715 0.367148
vt 0.302085 0.364972
vt 0.302085 0.367148
vt 0.300397 0.364972
vt 0.300397 0.367148
vt 0.299815 0.364972
vt 0.299815 0.367148
vt 0.300397 0.364972
vt 0.300397 0.367148
vt 0.302085 0.364972
vt 0.302085 0.367148
vt 0.304715 0.364972
vt 0.304715 0.367148
vt 0.308028 0.364972
vt 0.308028 0.367148
vt 0.311701 0.364972
vt 0.311701 0.367148
vt 0.315373 0.364972
vt 0.315373 0.367148
vt 0.318686 0.364972
vt 0.318686 0.367148
vt 0.321316 0.364972
vt 0.321316 0.367148
vt 0.323004 0.364972
vt 0.323004 0.367148
vt 0.323586 0.364972
vt 0.323586 0.367148
vt 0.311701 0.364972
vt 0.311701 0.367148
vt 0.330038 0.363137
vt 0.328350 0.363137
vt 0.328350 0.365314
vt 0.330038 0.365314
vt 0.325721 0.363137
vt 0.325721 0.365314
vt 0.322407 0.363137
vt 0.322407 0.365314
vt 0.318735 0.363137
vt 0.318735 0.365314
vt 0.315062 0.363137
vt 0.315062 0.365314
vt 0.311749 0.363137
vt 0.311749 0.365314
vt 0.309119 0.363137
vt 0.309119 0.365314
vt 0.307431 0.363137
vt 0.307431 0.365314
vt 0.306849 0.363137
vt 0.306849 0.365314
vt 0.307431 0.363137
vt 0.307431 0.365314
vt 0.309119 0.363137
vt 0.309119 0.365314
vt 0.311749 0.363137
vt 0.311749 0.365314
vt 0.315062 0.363137
vt 0.315062 0.365314
vt 0.318735 0.363137
vt 0.318735 0.365314
vt 0.322407 0.363137
vt 0.322407 0.365314
vt 0.325721 0.363137
vt 0.325721 0.365314
vt 0.328350 0.363137
vt 0.328350 0.365314
vt 0.330038 0.363137
vt 0.330038 0.365314
vt 0.330620 0.363137
vt 0.330620 0.365314
vt 0.318735 0.363137
vt 0.318735 0.365314
vn -0.822286 0.000000 0.569075
vn -0.822286 0.000000 0.569075
vn -0.822286 0.000000 0.569075
vn -0.822286 0.000000 0.569075
vn 0.000000 1.000000 0.000000
vn 0.000000 1.000000 0.000000
vn 0.000000 1.000000 0.000000
vn 0.000000 1.000000 0.000000
vn 0.822312 0.000000 -0.569036
vn 0.822312 0.000000 -0.569036
vn 0.822312 0.000000 -0.569036
vn 0.822312 0.000000 -0.569036
vn 0.000000 -1.000000 0.000000
vn 0.000000 -1.000000 0.000000
vn 0.000000 -1.000000 0.000000
vn 0.000000 -1.000000 0.000000
vn 0.569063 0.000000 0.822294
vn 0.569063 0.000000 0.822294
vn 0.569063 0.000000 0.822294
vn 0.569063 0.000000 0.822294
vn -0.569066 0.000000 -0.822292
vn -0.569066 0.000000 -0.822292
vn -0.569066 0.000000 -0.822292
vn -0.569066 0.000000 -0.822292
vn 0.951057 0.000000 -0.309015
vn 0.809017 0.000000 -0.587786
vn 0.809017 0.000000 -0.587786
vn 0.951057 0.000000 -0.309015
vn 0.587787 0.000000 -0.809016
vn 0.587787 0.000000 -0.809016
vn 0.309016 0.000000 -0.951057
vn 0.309016 0.000000 -0.951057
vn 0.000000 0.000000 -1.000000
vn 0.000000 0.000000 -1.000000
vn -0.309020 0.000000 -0.951056
vn -0.309020 0.000000 -0.951056
vn -0.587781 0.000000 -0.809020
vn -0.587781 0.000000 -0.809020
vn -0.809017 0.000000 -0.587786
vn -0.809017 0.000000 -0.587786
vn -0.951057 0.000000 -0.309015
vn -0.951057 0.000000 -0.309015
vn -1.000000 0.000000 -0.000000
vn -1.000000 0.000000 -0.000000
vn -0.951057 0.000000 0.309016
vn -0.951057 0.000000 0.309016
vn -0.809017 0.000000 0.587786
vn -0.809017 0.000000 0.587786
vn -0.587783 0.000000 0.809019
vn -0.587783 0.000000 0.809019
vn -0.309020 0.000000 0.951056
vn -0.309020 0.000000 0.951056
vn 0.000003 0.000000 1.000000
vn 0.000003 0.000000 1.000000
vn 0.309016 0.000000 0.951057
vn 0.309016 0.000000 0.951057
vn 0.587787 0.000000 0.809016
vn 0.587787 0.000000 0.809016
vn 0.809017 0.000000 0.587786
vn 0.809017 0.000000 0.587786
vn 0.951057 0.000000 0.309016
vn 0.951057 0.000000 0.309016
vn 1.000000 0.000000 -0.000000
vn 1.000000 0.000000 -0.000000
vn 0.000000 -1.000000 0.000000
vn 0.000000 -1.000000 0.000000
vn 0.000000 -1.000000 -0.000000
vn 0.000000 -1.000000 0.000000
vn 0.000000 -1.000000 0.000000
vn 0.000000 -1.000000 0.000000
vn 0.000000 -1.000000 0.000000
vn 0.000000 -1.000000 0.000000
vn 0.000000 -1.000000 0.000000
vn 0.000000 -1.000000 0.000000
vn 0.000000 -1.000000 0.000000
vn 0.000000 -1.000000 0.000000
vn 0.000000 -1.000000 0.000000
vn 0.000000 -1.000000 -0.000000
vn 0.000000 -1.000000 -0.000000
vn 0.000000 -1.000000 0.000000
vn 0.000000 -1.000000 0.000000
vn 0.000000 -1.000000 0.000000
vn 0.000000 -1.000000 0.000000
vn 0.000000 -1.000000 0.000000
vn 0.000000 -1.000000 0.000000
vn 0.000000 1.000000 0.000000
vn 0.000000 1.000000 -0.000000
vn 0.000000 1.000000 0.000000
vn 0.000000 1.000000 -0.000000
vn 0.000000 1.000000 0.000000
vn 0.000000 1.000000 0.000000
vn 0.000000 1.000000 0.000000
vn 0.000000 1.000000 -0.000000
vn 0.000000 1.000000 -0.000000
vn 0.000000 1.000000 0.000000
vn 0.000000 1.000000 0.000000
vn 0.000000 1.000000 0.000000
vn 0.000000 1.000000 0.000000
vn 0.000000 1.000000 0.000000
vn 0.000000 1.000000 0.000000
vn 0.000000 1.000000 0.000000
vn 0.000000 1.000000 0.000000
vn 0.000000 1.000000 0.000000
vn 0.000000 1.000000 0.000000
vn 0.000000 1.000000 0.000000
vn 0.000000 1.000000 0.000000
vn -0.000001 0.000000 1.000000
vn -0.000001 0.000000 1.000000
vn -0.000000 -0.000000 1.000000
vn 0.000000 -0.000000 1.000000
vn 0.000000 1.000000 0.000000
vn 0.000000 1.000000 0.000000
vn 0.000000 1.000000 0.000000
vn 0.000000 1.000000 0.000000
vn 1.000000 0.000000 0.000000
vn 1.000000 0.000000 0.000000
vn 1.000000 0.000000 0.000000
vn 1.000000 0.000000 0.000000
vn -1.000000 -0.000009 0.000001
vn -1.000000 -0.000009 0.000001
vn -1.000000 -0.000008 0.000001
vn -1.000000 -0.000009 0.000001
vn -1.000000 0.000000 0.000000
vn -1.000000 0.000000 0.000000
vn -1.000000 -0.000003 -0.000000
vn -1.000000 -0.000003 -0.000000
vn 1.000000 -0.000017 -0.000000
vn 1.000000 -0.000017 -0.000000
vn 1.000000 -0.000017 -0.000000
vn 1.000000 -0.000017 -0.000000
vn 0.000000 1.000000 0.000000
vn 0.000000 1.000000 0.000000
vn 0.000000 1.000000 0.000000
vn 0.000000 1.000000 0.000000
vn -1.000000 0.000007 0.000000
vn -1.000000 0.000018 0.000003
vn -1.000000 -0.000000 0.000003
vn -1.000000 0.000007 0.000000
vn 1.000000 0.000008 0.000000
vn 1.000000 -0.000024 0.000003
vn 1.000000 -0.000000 0.000003
vn 1.000000 0.000008 0.000000
vn -0.000002 0.000004 1.000000
vn -0.000002 0.000004 1.000000
vn -0.000002 0.000004 1.000000
vn -0.000002 0.000004 1.000000
vn 0.000000 1.000000 -0.000000
vn 0.000000 1.000000 -0.000000
vn 0.000000 1.000000 0.000000
vn 0.000000 1.000000 0.000000
vn -0.000006 0.000002 1.000000
vn -0.000006 0.000002 1.000000
vn -0.000006 0.000002 1.000000
vn -0.000006 0.000002 1.000000
vn -0.911051 0.412293 0.000002
vn -0.911051 0.412293 0.000002
vn -0.910941 0.412536 0.001161
vn -0.910950 0.412516 0.001065
vn 0.000003 0.000000 1.000000
vn 0.000003 0.000000 1.000000
vn 0.000003 0.000000 1.000000
vn 0.000003 0.000000 1.000000
vn 0.913749 0.406280 -0.000000
vn 0.913749 0.406280 -0.000000
vn 0.913749 0.406280 -0.000000
vn 0.913749 0.406280 -0.000000
vn -0.000001 -0.000000 1.000000
vn -0.000001 -0.000000 1.000000
vn -0.000001 -0.000000 1.000000
vn -0.000001 -0.000000 1.000000
vn -0.000000 1.000000 0.000000
vn -0.000000 1.000000 0.000000
vn -0.000000 1.000000 0.000000
vn -0.000000 1.000000 0.000000
vn -0.000000 1.000000 0.000000
vn -0.000000 1.000000 -0.000000
vn -0.000000 1.000000 -0.000000
vn -0.000000 1.000000 0.000000
vn 0.000000 0.943509 -0.331346
vn 0.000000 0.943509 -0.331346
vn 0.000000 0.943510 -0.331346
vn 0.000000 0.943510 -0.331346
vn 0.000000 0.943511 0.331342
vn 0.000000 0.999334 0.036485
vn -0.000000 0.999334 0.036485
vn 0.000000 0.943511 0.331342
vn 0.000001 0.943509 -0.331348
vn 0.000001 0.943509 -0.331348
vn 0.000001 0.943509 -0.331348
vn 0.000001 0.943509 -0.331348
vn -0.000000 0.943510 0.331345
vn -0.000000 0.943510 0.331345
vn -0.000000 0.943509 0.331346
vn -0.000000 0.943509 0.331346
vn 0.913748 0.406281 0.000000
vn 0.913486 0.406862 -0.002779
vn 0.913507 0.406816 -0.002558
vn 0.913748 0.406281 0.000000
vn 0.000000 1.000000 0.000000
vn 0.000000 1.000000 0.000000
vn 0.000000 1.000000 0.000000
vn 0.000000 1.000000 0.000000
vn -0.911039 0.412320 0.000000
vn -0.910802 0.412784 -0.007008
vn -0.910717 0.412928 -0.009248
vn -0.911039 0.412320 0.000000
vn 0.902299 0.429399 -0.038379
vn 0.899282 0.437351 -0.004130
vn 0.899261 0.437345 -0.007642
vn 0.902299 0.429399 -0.038379
vn 0.000000 1.000000 0.000000
vn 0.000000 1.000000 0.000000
vn 0.000000 1.000000 0.000000
vn 0.000000 1.000000 0.000000
vn -0.894121 0.433169 -0.113633
vn -0.896185 0.443450 -0.014287
vn -0.896179 0.443625 -0.007758
vn -0.894121 0.433169 -0.113633
vn -0.896184 0.443616 0.007744
vn -0.896192 0.443436 0.014276
vn -0.894139 0.433142 0.113592
vn -0.894139 0.433142 0.113592
vn 0.000000 1.000000 -0.000000
vn 0.000000 1.000000 -0.000000
vn -0.000000 1.000000 -0.000000
vn 0.000000 1.000000 -0.000000
vn 0.909792 0.413514 0.035845
vn 0.913642 0.406519 0.001140
vn 0.913651 0.406499 0.001046
vn 0.909792 0.413514 0.035845
vn 1.000000 -0.000020 -0.000028
vn 1.000000 -0.000001 -0.000002
vn 1.000000 -0.000002 -0.000002
vn 1.000000 -0.000020 -0.000028
vn -1.000000 -0.000006 0.000014
vn -1.000000 -0.000000 0.000000
vn -1.000000 -0.000000 0.000000
vn -1.000000 -0.000006 0.000014
vn -0.000001 0.000004 1.000000
vn -0.000001 0.000002 1.000000
vn -0.000000 0.000002 1.000000
vn -0.000001 0.000004 1.000000
vn 0.000000 1.000000 0.000000
vn 0.000000 1.000000 0.000000
vn 0.000000 1.000000 0.000000
vn 0.000000 1.000000 0.000000
vn 0.000000 0.999334 -0.036484
vn -0.000000 0.999334 -0.036485
vn -0.000000 0.943509 -0.331347
vn -0.000000 0.943509 -0.331348
vn -0.000000 0.943510 0.331345
vn -0.000000 0.943510 0.331345
vn -0.000000 0.943510 0.331345
vn -0.000000 0.943510 0.331345
vn 0.000000 1.000000 0.000000
vn 0.000000 1.000000 0.000000
vn 0.000000 1.000000 -0.000000
vn 0.000000 1.000000 0.000000
vn 0.000000 0.000000 1.000000
vn 0.000000 0.000000 1.000000
vn -0.000001 -0.000002 1.000000
vn -0.000001 -0.000002 1.000000
vn 0.000000 0.000000 1.000000
vn 0.000000 0.000000 1.000000
vn -0.000000 -0.000000 1.000000
vn 0.000000 -0.000000 1.000000
vn -0.000001 0.000000 1.000000
vn -0.000001 0.000000 1.000000
vn 0.000000 1.000000 0.000000
vn 0.000000 1.000000 0.000000
vn 0.000000 1.000000 0.000000
vn 0.000000 1.000000 0.000000
vn 0.000000 1.000000 0.000000
vn 0.000000 1.000000 0.000000
vn 0.000000 1.000000 -0.000000
vn 0.000000 1.000000 -0.000000
vn 0.000000 1.000000 -0.000000
vn 0.000000 1.000000 -0.000000
vn 1.000000 0.000000 0.000000
vn 1.000000 0.000001 -0.000003
vn 1.000000 0.000001 -0.000002
vn 1.000000 0.000000 0.000000
vn 1.000000 0.000000 0.000000
vn 1.000000 0.000000 0.000000
vn 1.000000 0.000000 0.000000
vn 1.000000 0.000000 0.000000
vn 1.000000 0.000000 0.000000
vn 1.000000 0.000000 0.000000
vn -1.000000 0.000011 0.000001
vn -1.000000 0.000011 0.000001
vn -1.000000 0.000012 0.000001
vn -1.000000 0.000012 0.000001
vn -1.000000 0.000003 -0.000001
vn -1.000000 0.000003 -0.000001
vn -1.000000 0.000003 -0.000001
vn -1.000000 0.000003 -0.000001
vn -1.000000 0.000000 -0.000001
vn -1.000000 0.000000 -0.000001
vn -1.000000 0.000000 -0.000001
vn -1.000000 0.000000 -0.000001
vn -1.000000 0.000000 0.000000
vn -1.000000 0.000000 0.000000
vn -1.000000 0.000000 0.000001
vn -1.000000 0.000000 0.000000
vn -1.000000 0.000000 0.000000
vn -1.000000 0.000000 0.000000
vn -1.000000 0.000003 -0.000000
vn -1.000000 0.000003 -0.000000
vn -1.000000 0.000000 0.000000
vn -1.000000 0.000000 0.000000
vn 1.000000 0.000017 -0.000000
vn 1.000000 0.000017 -0.000000
vn 1.000000 0.000017 -0.000000
vn 1.000000 0.000017 -0.000000
vn 1.000000 0.000017 0.000000
vn 1.000000 0.000017 0.000000
vn 1.000000 0.000017 0.000000
vn 1.000000 0.000017 0.000000
vn 1.000000 -0.000017 0.000000
vn 1.000000 -0.000017 0.000000
vn 1.000000 -0.000017 0.000000
vn 1.000000 -0.000017 0.000000
vn -0.000000 1.000000 0.000000
vn 0.000000 1.000000 0.000000
vn 0.000000 1.000000 0.000000
vn 0.000000 1.000000 0.000000
vn 0.000000 1.000000 0.000000
vn -0.000000 1.000000 -0.000000
vn 0.000000 1.000000 0.000000
vn 0.000000 1.000000 0.000000
vn 0.000000 1.000000 0.000000
vn 0.000000 1.000000 0.000000
vn -1.000000 -0.000018 0.000003
vn -1.000000 -0.000009 0.000000
vn -1.000000 -0.000009 0.000000
vn -1.000000 -0.000003 0.000000
vn -1.000000 -0.000003 0.000000
vn -1.000000 0.000000 0.000000
vn -1.000000 0.000000 0.000000
vn 1.000000 0.000025 0.000003
vn 1.000000 -0.000009 0.000000
vn 1.000000 -0.000009 0.000000
vn 1.000000 -0.000001 0.000000
vn 1.000000 -0.000001 0.000000
vn 1.000000 0.000000 0.000000
vn 1.000000 0.000000 0.000000
vn -0.000001 -0.000004 1.000000
vn -0.000001 -0.000004 1.000000
vn -0.000001 -0.000004 1.000000
vn -0.000001 -0.000004 1.000000
vn 0.000001 -0.000004 1.000000
vn 0.000001 -0.000004 1.000000
vn 0.000001 -0.000004 1.000000
vn 0.000001 -0.000004 1.000000
vn 0.000002 0.000004 1.000000
vn 0.000002 0.000004 1.000000
vn 0.000002 0.000004 1.000000
vn 0.000002 0.000004 1.000000
vn -0.000000 1.000000 0.000000
vn -0.000000 1.000000 0.000000
vn 0.000000 1.000000 0.000000
vn 0.000000 1.000000 0.000000
vn 0.000000 1.000000 0.000000
vn 0.000000 1.000000 0.000000
vn 0.000000 1.000000 0.000000
vn 0.000000 1.000000 0.000000
vn 0.000000 1.000000 0.000000
vn 0.000000 1.000000 0.000000
vn 0.000000 1.000000 0.000000
vn 0.000000 1.000000 0.000000
vn 0.000006 -0.000003 1.000000
vn 0.000006 -0.000003 1.000000
vn 0.000006 -0.000003 1.000000
vn 0.000006 -0.000003 1.000000
vn 0.000007 -0.000002 1.000000
vn 0.000007 -0.000002 1.000000
vn 0.000007 -0.000002 1.000000
vn 0.000007 -0.000002 1.000000
vn -0.000007 0.000003 1.000000
vn -0.000007 0.000003 1.000000
vn -0.000007 0.000003 1.000000
vn -0.000007 0.000003 1.000000
vn -0.910924 0.412557 0.003810
vn -0.910956 0.412494 0.002851
vn -0.911045 0.412306 0.000001
vn -0.911045 0.412306 0.000001
vn -0.911039 0.412321 -0.000000
vn -0.911039 0.412321 -0.000000
vn -0.911038 0.412322 -0.000000
vn -0.911038 0.412322 -0.000000
vn -0.911047 0.412301 0.000001
vn -0.911047 0.412302 0.000001
vn -0.911049 0.412298 0.000001
vn -0.911049 0.412298 0.000001
vn 0.000000 0.000000 1.000000
vn 0.000000 0.000000 1.000000
vn 0.000000 0.000000 1.000000
vn 0.000000 0.000000 1.000000
vn 0.000000 0.000000 1.000000
vn 0.000000 0.000000 1.000000
vn 0.000000 0.000000 1.000000
vn 0.000000 0.000000 1.000000
vn -0.000006 0.000000 1.000000
vn -0.000006 0.000000 1.000000
vn -0.000006 0.000000 1.000000
vn -0.000006 0.000000 1.000000
vn 0.913749 0.406280 -0.000000
vn 0.913749 0.406280 -0.000000
vn 0.913749 0.406280 -0.000000
vn 0.913749 0.406280 -0.000000
vn 0.913749 0.406280 0.000000
vn 0.913749 0.406280 0.000000
vn 0.913660 0.406470 0.002805
vn 0.913628 0.406533 0.003753
vn 0.913749 0.406280 0.000000
vn 0.913749 0.406280 0.000000
vn -0.000001 -0.000000 1.000000
vn -0.000001 -0.000000 1.000000
vn -0.000000 -0.000000 1.000000
vn -0.000001 -0.000000 1.000000
vn -0.000002 -0.000000 1.000000
vn 0.000000 -0.000000 1.000000
vn -0.000000 -0.000000 1.000000
vn -0.000002 -0.000000 1.000000
vn -0.000000 -0.000000 1.000000
vn -0.000000 -0.000000 1.000000
vn -0.000002 -0.000000 1.000000
vn -0.000002 -0.000000 1.000000
vn -0.000000 1.000000 0.000000
vn -0.000000 1.000000 0.000000
vn -0.000000 1.000000 0.000000
vn -0.000000 1.000000 0.000000
vn 0.000000 1.000000 0.000000
vn 0.000000 1.000000 0.000000
vn 0.000000 1.000000 0.000000
vn 0.000000 1.000000 0.000000
vn 0.000000 1.000000 0.000000
vn 0.000000 1.000000 0.000000
vn 0.000000 1.000000 0.000000
vn 0.000000 1.000000 0.000000
vn -0.000000 1.000000 -0.000000
vn -0.000000 1.000000 -0.000000
vn -0.000000 1.000000 -0.000000
vn -0.000000 1.000000 -0.000000
vn 0.000000 1.000000 0.000000
vn 0.000000 1.000000 0.000000
vn 0.000000 1.000000 0.000000
vn 0.000000 1.000000 0.000000
vn 0.000000 1.000000 -0.000000
vn 0.000000 1.000000 -0.000000
vn 0.000000 1.000000 -0.000000
vn 0.000000 1.000000 -0.000000
vn 0.000000 0.943510 -0.331344
vn 0.000000 0.943510 -0.331344
vn -0.000000 0.943510 -0.331345
vn -0.000000 0.943510 -0.331345
vn 0.000000 0.999334 -0.036485
vn 0.000000 0.943509 -0.331347
vn 0.000000 0.943509 -0.331346
vn 0.000000 0.999334 -0.036485
vn 0.000000 0.999334 -0.036485
vn 0.000000 0.943509 -0.331346
vn 0.000000 0.943509 0.331346
vn 0.000000 0.943509 0.331346
vn 0.000000 0.943509 0.331346
vn 0.000000 0.943509 0.331346
vn 0.000000 0.943510 0.331344
vn 0.000000 0.943510 0.331344
vn 0.000000 0.943510 0.331343
vn 0.000000 0.943510 0.331343
vn 0.000000 0.943510 0.331344
vn 0.000000 0.999334 0.036485
vn 0.000000 0.999334 0.036485
vn 0.000000 0.943510 0.331343
vn 0.000001 0.943509 -0.331346
vn 0.000001 0.943509 -0.331347
vn 0.000001 0.943509 -0.331347
vn 0.000001 0.943509 -0.331346
vn 0.000001 0.943510 -0.331344
vn 0.000000 0.999334 -0.036485
vn 0.000000 0.999334 -0.036485
vn 0.000001 0.943509 -0.331346
vn 0.000000 0.943511 -0.331341
vn 0.000000 0.999334 -0.036485
vn 0.000000 0.999334 -0.036485
vn 0.000001 0.943511 -0.331341
vn -0.000000 0.943509 0.331347
vn -0.000000 0.943509 0.331347
vn -0.000001 0.943509 0.331347
vn -0.000001 0.943509 0.331347
vn -0.000001 0.943510 0.331343
vn -0.000000 0.999334 0.036485
vn -0.000000 0.999334 0.036485
vn -0.000001 0.943510 0.331343
vn -0.000000 0.999334 0.036485
vn -0.000000 0.999334 0.036485
vn -0.000001 0.943510 0.331344
vn -0.000001 0.943510 0.331343
vn 0.913435 0.406883 -0.009114
vn 0.913518 0.406740 -0.006900
vn 0.913749 0.406279 0.000000
vn 0.913749 0.406279 0.000000
vn 0.913749 0.406280 -0.000000
vn 0.913749 0.406280 -0.000000
vn 0.913749 0.406280 -0.000000
vn 0.913749 0.406280 -0.000000
vn 0.913748 0.406281 -0.000000
vn 0.913748 0.406281 -0.000000
vn 0.913748 0.406281 -0.000000
vn 0.913748 0.406281 -0.000000
vn 0.000000 1.000000 0.000000
vn 0.000000 1.000000 0.000000
vn 0.000000 1.000000 0.000000
vn 0.000000 1.000000 0.000000
vn 0.000000 1.000000 0.000000
vn 0.000000 1.000000 0.000000
vn 0.000000 1.000000 0.000000
vn 0.000000 1.000000 0.000000
vn 0.000000 1.000000 0.000000
vn 0.000000 1.000000 0.000000
vn -0.910797 0.412848 -0.002598
vn -0.910775 0.412894 -0.002822
vn -0.911045 0.412308 0.000000
vn -0.911045 0.412308 0.000000
vn -0.911045 0.412308 -0.000000
vn -0.911045 0.412308 -0.000000
vn -0.911045 0.412308 -0.000000
vn -0.911045 0.412308 -0.000000
vn -0.911039 0.412320 -0.000000
vn -0.911039 0.412320 -0.000000
vn -0.911039 0.412320 -0.000000
vn -0.911039 0.412320 -0.000000
vn 0.899271 0.437166 -0.014090
vn 0.897258 0.427056 -0.112035
vn 0.897258 0.427056 -0.112035
vn 0.904973 0.411274 -0.108982
vn 0.904973 0.411274 -0.108982
vn 0.909792 0.413513 -0.035843
vn 0.909792 0.413513 -0.035843
vn 0.000000 1.000000 0.000000
vn 0.000000 1.000000 0.000000
vn 0.000000 1.000000 0.000000
vn 0.000000 1.000000 -0.000000
vn 0.000000 1.000000 -0.000000
vn 0.000000 1.000000 0.000000
vn 0.000000 1.000000 0.000000
vn 0.000000 1.000000 0.000000
vn 0.000000 1.000000 0.000000
vn -0.896203 0.443625 -0.004196
vn -0.899293 0.435611 -0.038923
vn -0.899293 0.435611 -0.038923
vn -0.906981 0.419596 -0.036385
vn -0.906981 0.419596 -0.036385
vn -0.902031 0.417268 -0.110577
vn -0.902031 0.417268 -0.110577
vn -0.902043 0.417235 0.110601
vn -0.902043 0.417235 0.110601
vn -0.906982 0.419592 0.036416
vn -0.906982 0.419592 0.036416
vn -0.899299 0.435602 0.038889
vn -0.896205 0.443620 0.004178
vn -0.899299 0.435602 0.038889
vn -0.000000 1.000000 -0.000000
vn -0.000000 1.000000 -0.000000
vn -0.000000 1.000000 -0.000000
vn -0.000000 1.000000 0.000000
vn -0.000000 1.000000 0.000000
vn 0.000000 1.000000 0.000001
vn 0.000000 1.000000 0.000001
vn 0.904974 0.411273 0.108982
vn 0.904974 0.411273 0.108982
vn 0.897259 0.427055 0.112029
vn 0.899271 0.437166 0.014090
vn 0.899262 0.437344 0.007642
vn 0.897259 0.427055 0.112029
vn 0.899282 0.437350 0.004129
vn 0.902300 0.429397 0.038374
vn 0.902300 0.429397 0.038374
vn 1.000000 0.000018 -0.000034
vn 1.000000 0.000018 -0.000034
vn 1.000000 0.000027 0.000028
vn 1.000000 0.000020 -0.000000
vn 1.000000 0.000000 0.000000
vn 1.000000 0.000027 0.000028
vn 1.000000 -0.000021 0.000002
vn 1.000000 -0.000029 0.000035
vn 1.000000 -0.000029 0.000035
vn -1.000000 0.000009 0.000017
vn -1.000000 0.000009 0.000017
vn -1.000000 0.000013 -0.000014
vn -1.000000 -0.000016 -0.000005
vn -1.000000 0.000001 -0.000005
vn -1.000000 0.000013 -0.000014
vn -1.000000 0.000017 -0.000005
vn -1.000000 -0.000010 -0.000018
vn -1.000000 -0.000010 -0.000018
vn -0.000001 -0.000004 1.000000
vn -0.000001 -0.000004 1.000000
vn -0.000002 -0.000004 1.000000
vn -0.000002 -0.000004 1.000000
vn -0.000002 -0.000004 1.000000
vn -0.000002 -0.000004 1.000000
vn -0.000003 0.000004 1.000000
vn -0.000003 0.000004 1.000000
vn -0.000003 0.000004 1.000000
vn -0.000003 0.000004 1.000000
vn 0.000000 1.000000 0.000000
vn 0.000000 1.000000 0.000000
vn 0.000000 1.000000 0.000000
vn 0.000000 1.000000 0.000000
vn 0.000000 1.000000 0.000000
vn 0.000000 1.000000 0.000000
vn 0.000000 1.000000 0.000000
vn 0.000000 1.000000 0.000000
vn 0.000000 1.000000 0.000000
vn 0.000000 1.000000 0.000000
vn -0.000000 0.943510 -0.331344
vn -0.000000 0.943510 -0.331344
vn 0.000000 0.943510 -0.331344
vn 0.000000 0.943510 -0.331344
vn 0.000000 0.943510 -0.331344
vn 0.000000 0.943510 -0.331344
vn 0.000000 0.943509 -0.331348
vn 0.000000 0.999334 -0.036485
vn 0.000000 0.943509 -0.331348
vn 0.000000 0.943509 0.331346
vn 0.000000 0.943509 0.331346
vn -0.000000 0.999334 0.036485
vn -0.000000 0.943511 0.331342
vn -0.000000 0.999334 0.036485
vn -0.000000 0.943511 0.331342
vn -0.000000 0.943511 0.331342
vn -0.000000 1.000000 0.000000
vn 0.000000 1.000000 0.000000
vn 0.000000 1.000000 0.000000
vn 0.000000 1.000000 0.000000
vn 0.000000 1.000000 0.000000
vn 0.000000 1.000000 0.000000
vn -0.000000 1.000000 0.000000
vn -0.000000 1.000000 0.000000
vn 0.000000 1.000000 0.000000
vn 0.000000 1.000000 0.000000
vn 0.000000 1.000000 0.000000
vn 0.000000 1.000000 0.000000
vn 0.000000 1.000000 0.000000
vn 0.000000 1.000000 0.000000
vn 0.000000 1.000000 0.000000
vn 0.000000 1.000000 0.000000
vn -0.000000 1.000000 0.000000
vn -0.000000 1.000000 -0.000000
vn 0.000000 1.000000 -0.000000
vn 0.000000 1.000000 -0.000000
vn -1.000000 0.000022 0.000003
vn -1.000000 0.000024 -0.000003
vn -1.000000 0.000001 -0.000003
vn -1.000000 -0.000000 0.000003
vn -0.000000 1.000000 -0.000000
vn -0.000000 1.000000 -0.000000
vn -0.000000 1.000000 0.000000
vn -0.000000 1.000000 0.000000
vn -0.000000 1.000000 0.000000
vn -0.000000 1.000000 -0.000000
vn -0.000000 1.000000 0.000000
vn -0.000000 1.000000 0.000000
vn -0.895748 0.444563 -0.000003
vn -0.895753 0.444552 -0.000002
vn -0.895754 0.444550 -0.000004
vn -0.895750 0.444558 -0.000006
vn 1.000000 -0.000031 0.000003
vn 1.000000 -0.000023 -0.000003
vn 1.000000 0.000000 -0.000003
vn 1.000000 0.000000 0.000003
vn 0.898843 0.438271 0.000000
vn 0.898843 0.438272 -0.000000
vn 0.898842 0.438273 -0.000000
vn 0.898843 0.438272 0.000000
vn 0.898843 0.438271 0.000000
vn 0.898843 0.438271 -0.000000
vn 0.000000 1.000000 -0.000000
vn 0.000000 1.000000 0.000000
vn 0.000000 1.000000 0.000000
vn 0.000000 1.000000 0.000000
vn 0.000000 1.000000 -0.000000
vn 0.000000 1.000000 0.000000
vn 0.000000 1.000000 -0.000000
vn 0.000000 1.000000 0.000000
vn -0.895755 0.444548 -0.000005
vn -0.895753 0.444553 -0.000009
vn 1.000000 0.000023 -0.000003
vn 1.000000 0.000031 0.000003
vn -1.000000 -0.000022 -0.000003
vn -1.000000 -0.000022 0.000003
vn -0.000000 0.000000 1.000000
vn 0.000000 0.000000 1.000000
vn -0.000000 0.000000 1.000000
vn -0.000000 0.000000 1.000000
vn -0.000000 1.000000 0.000000
vn -0.000000 1.000000 0.000000
vn -0.000000 1.000000 0.000000
vn -0.000000 1.000000 0.000000
vn 0.000000 0.943511 -0.331341
vn 0.000000 0.943511 -0.331341
vn 0.000000 0.943511 -0.331341
vn 0.000000 0.943511 -0.331341
vn 0.000000 1.000000 -0.000000
vn 0.000000 1.000000 -0.000000
vn 0.000000 0.999334 -0.036485
vn 0.000000 0.999334 -0.036485
vn 0.000000 1.000000 -0.000000
vn 0.000000 1.000000 -0.000000
vn 0.000000 0.943511 0.331341
vn 0.000000 0.999334 0.036485
vn 0.000000 0.999334 0.036485
vn 0.000000 0.943511 0.331341
vn 0.000000 1.000000 0.000000
vn 0.000000 1.000000 0.000000
vn 0.000000 1.000000 0.000000
vn 0.000000 1.000000 0.000000
vn 0.000000 1.000000 0.000000
vn 0.000000 1.000000 0.000000
vn -0.000000 1.000000 0.000000
vn 0.000000 1.000000 0.000000
vn 0.000000 0.943510 0.331345
vn 0.000000 0.943510 0.331345
vn 0.000000 0.999334 0.036485
vn 0.000000 0.943511 0.331341
vn 0.000000 1.000000 0.000000
vn 0.000000 1.000000 -0.000000
vn 0.000000 0.999334 -0.036485
vn 0.000000 0.943509 -0.331346
vn 0.000000 0.943510 -0.331345
vn 0.000000 0.943510 -0.331345
vn -0.000000 1.000000 -0.000000
vn -0.000000 1.000000 -0.000000
vn 0.000000 1.000000 0.000000
vn 0.000000 1.000000 0.000000
vn 0.000001 -0.000000 1.000000
vn 0.000000 -0.000000 1.000000
vn 0.000000 -0.000000 1.000000
vn 0.000000 -0.000000 1.000000
vn 0.000000 1.000000 0.000000
vn 0.000000 1.000000 0.000000
vn -0.000000 1.000000 0.000000
vn 0.000000 1.000000 0.000000
vn 0.000000 0.943509 0.331346
vn 0.000000 0.943509 0.331346
vn 0.000000 0.999334 0.036485
vn 0.000000 0.943511 0.331341
vn 0.000000 1.000000 -0.000000
vn 0.000000 1.000000 -0.000000
vn 0.000000 0.999334 -0.036485
vn 0.000000 0.943509 -0.331346
vn 0.000000 0.943510 -0.331345
vn 0.000000 0.943510 -0.331345
vn -0.000000 1.000000 -0.000000
vn -0.000000 1.000000 -0.000000
vn 0.000000 1.000000 0.000000
vn 0.000000 1.000000 0.000000
vn 0.000000 -0.000000 1.000000
vn 0.000000 -0.000000 1.000000
vn 0.000000 -0.000000 1.000000
vn 0.000000 -0.000000 1.000000
vn 0.000000 1.000000 0.000000
vn 0.000000 1.000000 0.000000
vn 0.000000 1.000000 0.000000
vn 0.000000 1.000000 0.000000
vn 0.000000 0.943509 0.331347
vn -0.000000 0.943509 0.331347
vn 0.000000 0.999334 0.036485
vn -0.000000 0.943511 0.331340
vn 0.000000 1.000000 -0.000000
vn 0.000000 1.000000 0.000000
vn 0.000000 0.999334 -0.036485
vn -0.000000 0.943509 -0.331348
vn -0.000000 0.943510 -0.331344
vn -0.000000 0.943510 -0.331344
vn -0.000000 1.000000 -0.000000
vn -0.000000 1.000000 -0.000000
vn 0.000000 1.000000 0.000000
vn 0.000000 1.000000 0.000000
vn 0.000000 -0.000000 1.000000
vn 0.000000 -0.000000 1.000000
vn 0.000001 -0.000000 1.000000
vn 0.000001 -0.000000 1.000000
vn 0.000000 1.000000 0.000000
vn 0.000000 1.000000 -0.000000
vn 0.000000 1.000000 0.000000
vn 0.000000 1.000000 0.000000
vn -0.000000 0.943509 0.331347
vn -0.000000 0.943509 0.331347
vn 0.000000 0.999334 0.036485
vn -0.000000 0.943511 0.331340
vn 0.000000 1.000000 0.000000
vn 0.000000 1.000000 0.000000
vn 0.000000 0.999334 -0.036485
vn -0.000000 0.943508 -0.331349
vn -0.000000 0.943510 -0.331343
vn -0.000000 0.943510 -0.331343
vn 0.000000 1.000000 -0.000000
vn 0.000000 1.000000 -0.000000
vn -0.000000 1.000000 0.000000
vn -0.000000 1.000000 0.000000
vn 0.000000 0.000000 1.000000
vn 0.000000 0.000000 1.000000
vn 0.000000 0.000000 1.000000
vn 0.000000 0.000000 1.000000
vn 0.000000 1.000000 -0.000000
vn 0.000000 1.000000 0.000000
vn 0.000000 0.943509 0.331346
vn 0.000000 0.943509 0.331346
vn 0.000000 0.943508 -0.331350
vn 0.000000 1.000000 -0.000000
vn 0.000000 1.000000 -0.000000
vn 0.000000 0.000000 1.000000
vn 0.000000 0.000000 1.000000
vn 0.000000 1.000000 -0.000000
vn 0.000000 1.000000 0.000000
vn 0.000000 0.943509 0.331346
vn 0.000000 0.943509 0.331346
vn 0.000000 0.943508 -0.331350
vn 0.000000 1.000000 -0.000000
vn 0.000000 1.000000 -0.000000
vn 0.000000 0.000000 1.000000
vn 0.000000 0.000000 1.000000
vn 0.000000 1.000000 0.000000
vn 0.000000 1.000000 0.000000
vn 0.000000 1.000000 0.000000
vn 0.000000 1.000000 0.000000
vn 0.000000 0.943509 0.331346
vn 0.000000 0.943509 0.331346
vn 0.000000 0.999334 0.036485
vn 0.000000 0.943511 0.331341
vn 0.000000 1.000000 0.000000
vn 0.000000 1.000000 -0.000000
vn 0.000000 0.999334 -0.036485
vn 0.000000 0.943508 -0.331350
vn 0.000000 0.943511 -0.331341
vn 0.000000 0.943511 -0.331341
vn 0.000000 1.000000 -0.000000
vn 0.000000 1.000000 -0.000000
vn 0.000000 1.000000 -0.000000
vn 0.000000 1.000000 -0.000000
vn 0.000000 0.000000 1.000000
vn 0.000000 0.000000 1.000000
vn 0.000000 0.000000 1.000000
vn 0.000000 0.000000 1.000000
vn -0.000000 1.000000 0.000000
vn -0.000000 1.000000 0.000000
vn 0.000000 1.000000 -0.000000
vn 0.000000 1.000000 0.000000
vn 0.000000 0.943509 0.331346
vn 0.000000 0.943509 0.331346
vn 0.000000 0.999334 0.036485
vn 0.000000 0.943511 0.331341
vn 0.000000 1.000000 -0.000000
vn 0.000000 1.000000 -0.000000
vn 0.000000 0.999334 -0.036485
vn 0.000000 0.943508 -0.331350
vn 0.000000 0.943511 -0.331341
vn 0.000000 0.943511 -0.331341
vn 0.000000 1.000000 0.000000
vn 0.000000 1.000000 0.000000
vn 0.000000 1.000000 -0.000000
vn -0.000000 1.000000 -0.000000
vn -0.000000 0.000000 1.000000
vn -0.000000 0.000000 1.000000
vn -0.000000 0.000000 1.000000
vn -0.000000 0.000000 1.000000
vn 0.000000 1.000000 -0.000000
vn -0.000000 1.000000 -0.000000
vn 0.000000 1.000000 -0.000000
vn 0.000000 1.000000 0.000000
vn 0.000000 0.943509 0.331346
vn 0.000000 0.943509 0.331346
vn 0.000000 0.999334 0.036485
vn 0.000000 0.943511 0.331341
vn 0.000000 1.000000 0.000000
vn 0.000000 1.000000 -0.000000
vn 0.000000 0.999334 -0.036485
vn 0.000000 0.943508 -0.331350
vn 0.000000 0.943511 -0.331341
vn 0.000000 0.943511 -0.331341
vn 0.000000 1.000000 0.000000
vn 0.000000 1.000000 0.000000
vn -0.000000 1.000000 0.000000
vn 0.000000 1.000000 0.000000
vn 0.000000 0.000000 1.000000
vn 0.000000 0.000000 1.000000
vn -0.000000 0.000000 1.000000
vn -0.000000 0.000000 1.000000
vn 0.000000 1.000000 -0.000000
vn 0.000000 1.000000 -0.000000
vn 0.000000 1.000000 0.000000
vn 0.000000 1.000000 0.000000
vn 0.000000 1.000000 0.000000
vn 0.000000 1.000000 0.000000
vn 0.000000 1.000000 0.000000
vn 0.000000 1.000000 0.000000
vn 0.000000 0.943509 0.331346
vn 0.000000 0.943509 0.331346
vn 0.000000 0.943509 0.331346
vn 0.000000 0.943509 0.331346
vn 0.000000 0.943511 0.331341
vn 0.000000 0.999334 0.036484
vn 0.000000 0.999334 0.036485
vn 0.000000 0.943511 0.331341
vn 0.000000 1.000000 0.000000
vn 0.000000 1.000000 0.000000
vn 0.000000 1.000000 -0.000000
vn 0.000000 1.000000 0.000000
vn 0.000000 0.999334 -0.036484
vn 0.000000 0.999334 -0.036485
vn 0.000000 0.943508 -0.331350
vn 0.000000 0.943508 -0.331350
vn 0.000000 0.943511 -0.331341
vn 0.000000 0.943511 -0.331341
vn 0.000000 0.943511 -0.331341
vn 0.000000 0.943511 -0.331341
vn 0.000000 1.000000 0.000000
vn 0.000000 1.000000 0.000000
vn 0.000000 1.000000 0.000000
vn 0.000000 1.000000 0.000000
vn 0.000000 1.000000 0.000000
vn 0.000000 1.000000 0.000000
vn 0.000000 1.000000 0.000000
vn 0.000000 1.000000 0.000000
vn -0.000000 0.000000 1.000000
vn -0.000000 0.000000 1.000000
vn 0.000000 0.000000 1.000000
vn 0.000000 0.000000 1.000000
vn 0.000000 0.000000 1.000000
vn 0.000000 0.000000 1.000000
vn -0.000000 0.000000 1.000000
vn -0.000000 0.000000 1.000000
vn -0.000000 1.000000 -0.000000
vn 0.000000 1.000000 0.000000
vn 0.000000 1.000000 0.000000
vn 0.000000 1.000000 0.000000
vn 0.000000 0.943509 0.331346
vn 0.000000 0.943509 0.331346
vn 0.000000 0.999334 0.036485
vn 0.000000 0.943511 0.331341
vn 0.000000 1.000000 0.000000
vn 0.000000 1.000000 0.000000
vn 0.000000 0.999334 -0.036485
vn 0.000000 0.943508 -0.331349
vn 0.000000 0.943511 -0.331343
vn 0.000000 0.943511 -0.331343
vn 0.000000 1.000000 0.000000
vn 0.000000 1.000000 0.000000
vn 0.000000 1.000000 0.000000
vn 0.000000 1.000000 0.000000
vn -0.000000 0.000000 1.000000
vn -0.000000 0.000000 1.000000
vn -0.000000 0.000000 1.000000
vn 0.000000 0.000000 1.000000
vn 0.000000 0.000000 1.000000
vn 0.000000 0.000000 1.000000
vn 0.000000 0.000000 1.000000
vn 0.000000 0.000000 1.000000
vn 0.000001 0.000000 1.000000
vn 0.000000 0.000000 1.000000
vn 0.000000 0.000000 1.000000
vn 0.000001 0.000000 1.000000
vn 0.000000 1.000000 0.000000
vn 0.000000 1.000000 0.000000
vn 0.000000 1.000000 0.000000
vn 0.000000 1.000000 0.000000
vn 0.000000 1.000000 0.000000
vn 0.000000 1.000000 0.000000
vn 0.000000 1.000000 0.000000
vn 0.000000 1.000000 0.000000
vn 0.000000 0.943509 -0.331347
vn 0.000000 0.943509 -0.331347
vn 0.000000 0.943510 -0.331346
vn 0.000000 0.943510 -0.331346
vn 0.000000 0.999334 -0.036485
vn 0.000000 0.943510 -0.331343
vn 0.000000 0.943510 -0.331344
vn -0.000000 1.000000 -0.000000
vn -0.000000 1.000000 0.000000
vn -0.000000 0.999334 0.036485
vn -0.000000 0.943511 0.331342
vn -0.000000 0.943511 0.331342
vn -0.000000 0.943509 0.331346
vn -0.000000 0.943509 0.331347
vn -0.000000 0.943509 0.331347
vn -0.000000 0.943509 0.331346
vn 0.000000 1.000000 0.000000
vn 0.000000 1.000000 0.000000
vn 0.000000 1.000000 0.000000
vn 0.000000 1.000000 0.000000
vn 0.000000 1.000000 -0.000000
vn 0.000000 1.000000 -0.000000
vn 0.000000 1.000000 -0.000000
vn 0.000000 1.000000 -0.000000
vn 0.000001 0.000000 1.000000
vn 0.000001 0.000000 1.000000
vn -0.000000 0.000000 1.000000
vn -0.000000 0.000000 1.000000
vn 0.000000 0.000000 1.000000
vn 0.000000 0.000000 1.000000
vn 0.000001 0.000000 1.000000
vn 0.000001 0.000000 1.000000
vn 0.000000 1.000000 0.000000
vn 0.000000 1.000000 0.000000
vn 0.000000 1.000000 0.000000
vn 0.000000 1.000000 0.000000
vn 0.000000 1.000000 0.000000
vn 0.000000 1.000000 0.000000
vn 0.000000 1.000000 0.000000
vn 0.000000 1.000000 0.000000
vn 0.000001 0.943509 -0.331347
vn 0.000001 0.943509 -0.331347
vn 0.000001 0.943510 -0.331346
vn 0.000001 0.943509 -0.331346
vn 0.000001 0.943509 -0.331346
vn 0.000000 0.999334 -0.036485
vn 0.000000 0.999334 -0.036485
vn 0.000001 0.943510 -0.331344
vn 0.000000 1.000000 0.000000
vn 0.000000 1.000000 0.000000
vn 0.000000 1.000000 0.000000
vn 0.000000 1.000000 0.000000
vn -0.000000 0.999334 0.036485
vn -0.000000 0.999334 0.036485
vn -0.000001 0.943510 0.331344
vn -0.000001 0.943510 0.331344
vn -0.000001 0.943510 0.331344
vn -0.000001 0.943510 0.331344
vn -0.000001 0.943510 0.331344
vn -0.000001 0.943510 0.331344
vn 0.000000 1.000000 0.000000
vn 0.000000 1.000000 0.000000
vn 0.000000 1.000000 0.000000
vn 0.000000 1.000000 0.000000
vn 0.000000 1.000000 0.000000
vn 0.000000 1.000000 0.000000
vn 0.000000 1.000000 0.000000
vn 0.000000 1.000000 0.000000
vn 0.000000 1.000000 0.000000
vn 0.000000 1.000000 0.000000
vn 0.000000 1.000000 0.000000
vn 0.000000 1.000000 0.000000
vn 0.000000 1.000000 0.000000
vn 0.000000 1.000000 0.000000
vn 0.000000 1.000000 0.000000
vn 0.000000 1.000000 0.000000
vn -0.000000 0.943510 0.331344
vn -0.000000 0.943510 0.331344
vn -0.000001 0.943510 0.331345
vn -0.000000 0.999334 0.036485
vn 0.000000 1.000000 0.000000
vn 0.000000 1.000000 0.000000
vn 0.000000 0.999334 -0.036485
vn 0.000001 0.943510 -0.331343
vn 0.000001 0.943509 -0.331348
vn 0.000001 0.943509 -0.331348
vn 0.000000 1.000000 0.000000
vn 0.000000 1.000000 0.000000
vn 0.000000 1.000000 0.000000
vn 0.000000 1.000000 0.000000
vn 0.000001 0.000000 1.000000
vn 0.000001 0.000000 1.000000
vn 0.000001 0.000000 1.000000
vn 0.000001 0.000000 1.000000
vn 0.000000 1.000000 0.000000
vn 0.000000 1.000000 0.000000
vn 0.000000 1.000000 0.000000
vn 0.000000 1.000000 0.000000
vn 0.000000 1.000000 0.000000
vn 0.000000 1.000000 0.000000
vn -0.000000 1.000000 0.000000
vn -0.000000 1.000000 0.000000
vn -0.000000 1.000000 0.000000
vn -0.000000 1.000000 0.000000
vn -0.911040 0.412319 0.000001
vn -0.911040 0.412319 0.000001
vn -0.911039 0.412321 0.000000
vn -0.911039 0.412321 0.000000
vn -0.911056 0.412283 0.000000
vn -0.911055 0.412285 0.000001
vn -0.911055 0.412285 0.000001
vn -0.911056 0.412283 0.000000
vn 0.000000 1.000000 0.000000
vn 0.000000 1.000000 0.000000
vn 0.000000 1.000000 0.000000
vn 0.000000 1.000000 0.000000
vn 0.000000 1.000000 0.000000
vn 0.000000 1.000000 -0.000000
vn 0.000000 1.000000 -0.000000
vn 0.000000 1.000000 0.000000
vn 0.913749 0.406280 0.000000
vn 0.913749 0.406280 0.000000
vn 0.913749 0.406280 0.000000
vn 0.913749 0.406280 0.000000
vn 0.913748 0.406281 0.000000
vn 0.913749 0.406280 0.000000
vn 0.913749 0.406280 0.000000
vn 0.913748 0.406281 0.000000
vn 0.000000 1.000000 0.000000
vn 0.000000 1.000000 0.000000
vn 0.000000 1.000000 0.000000
vn 0.000000 1.000000 0.000000
vn -0.000000 1.000000 0.000000
vn -0.000000 1.000000 0.000000
vn -0.000000 1.000000 0.000000
vn -0.000000 1.000000 0.000000
vn 0.000000 1.000000 0.000000
vn 0.000000 1.000000 0.000000
vn 0.000000 1.000000 0.000000
vn 0.000000 1.000000 0.000000
vn 0.000000 1.000000 0.000000
vn 0.000000 1.000000 0.000000
vn 0.000000 1.000000 0.000000
vn 0.000000 1.000000 0.000000
vn 0.000000 1.000000 0.000000
vn 0.000000 1.000000 -0.000000
vn 0.000000 1.000000 -0.000000
vn 0.000000 1.000000 0.000000
vn 0.000000 1.000000 0.000000
vn 0.000000 1.000000 0.000000
vn 0.000000 1.000000 0.000000
vn 0.000000 1.000000 0.000000
vn 0.000000 1.000000 0.000000
vn 0.000000 1.000000 0.000000
vn 0.000000 1.000000 0.000000
vn 0.000000 1.000000 0.000000
vn 0.000000 1.000000 0.000000
vn 0.000000 1.000000 0.000000
vn 0.000000 1.000000 0.000000
vn -0.000000 1.000000 0.000000
vn 0.000000 1.000000 0.000000
vn -0.000000 1.000000 0.000000
vn 0.000000 1.000000 0.000000
vn 0.000000 1.000000 0.000000
vn 0.000000 1.000000 0.000000
vn 0.000000 1.000000 0.000000
vn -1.000000 0.000008 0.000000
vn -1.000000 0.000008 0.000000
vn -1.000000 0.000013 0.000001
vn -1.000000 0.000013 0.000001
vn -1.000000 -0.000013 0.000001
vn -1.000000 -0.000008 0.000000
vn -1.000000 -0.000008 0.000000
vn -1.000000 -0.000013 0.000001
vn -1.000000 -0.000014 -0.000001
vn -1.000000 -0.000014 -0.000001
vn -1.000000 -0.000019 -0.000000
vn -1.000000 -0.000019 -0.000000
vn -1.000000 0.000019 0.000000
vn -1.000000 0.000014 -0.000001
vn -1.000000 0.000014 -0.000001
vn -1.000000 0.000019 0.000000
vn 0.000000 1.000000 -0.000000
vn 0.000000 1.000000 0.000000
vn 0.000000 1.000000 0.000000
vn 0.000000 1.000000 0.000000
vn 0.000000 1.000000 -0.000000
vn 0.000000 1.000000 -0.000000
vn 0.000000 1.000000 -0.000000
vn 0.000000 1.000000 -0.000000
vn 0.000000 1.000000 -0.000000
vn 0.000000 1.000000 -0.000000
vn 0.000000 1.000000 -0.000000
vn 0.000000 1.000000 -0.000000
vn 0.000000 1.000000 -0.000000
vn 0.000000 1.000000 -0.000000
vn 0.000000 1.000000 -0.000000
vn 0.000000 1.000000 -0.000000
vn 0.000000 1.000000 -0.000000
vn 0.000000 1.000000 -0.000000
vn 0.000000 1.000000 0.000000
vn 0.000000 1.000000 0.000000
vn 0.000000 1.000000 0.000000
vn 0.000000 1.000000 0.000000
vn 0.000000 1.000000 0.000000
vn 0.000000 1.000000 0.000000
vn 0.000000 1.000000 0.000000
vn 0.000000 1.000000 0.000000
vn -0.000000 1.000000 0.000000
vn -0.000000 1.000000 -0.000000
vn 0.000000 1.000000 0.000000
vn 0.000000 1.000000 -0.000000
vn -0.000000 1.000000 0.000000
vn -0.000000 1.000000 0.000000
vn 0.000000 1.000000 0.000000
vn 0.000000 1.000000 0.000000
vn 0.000000 1.000000 0.000000
vn -0.000000 1.000000 0.000000
vn -0.000000 1.000000 0.000000
vn 0.000000 1.000000 0.000000
vn 0.913749 0.406280 -0.000000
vn 0.913749 0.406280 -0.000000
vn 0.913749 0.406280 0.000000
vn 0.913749 0.406280 0.000000
vn 0.913748 0.406281 -0.000000
vn 0.913749 0.406280 -0.000000
vn 0.913749 0.406280 -0.000000
vn 0.913748 0.406281 -0.000000
vn 0.000000 1.000000 0.000000
vn 0.000000 1.000000 0.000000
vn 0.000000 1.000000 0.000000
vn 0.000000 1.000000 0.000000
vn 0.000000 1.000000 0.000000
vn 0.000000 1.000000 0.000000
vn 0.000000 1.000000 0.000000
vn 0.000000 1.000000 0.000000
vn -0.911054 0.412287 0.000001
vn -0.911054 0.412287 0.000001
vn -0.911056 0.412284 0.000000
vn -0.911056 0.412284 0.000000
vn -0.911039 0.412321 -0.000000
vn -0.911039 0.412320 -0.000000
vn -0.911039 0.412320 -0.000000
vn -0.911039 0.412321 -0.000000
vn -0.000000 1.000000 0.000000
vn -0.000000 1.000000 0.000000
vn -0.000000 1.000000 0.000000
vn -0.000000 1.000000 0.000000
vn 0.000000 1.000000 0.000000
vn 0.000000 1.000000 0.000000
vn 0.000000 1.000000 0.000000
vn 0.000000 1.000000 0.000000
vn 0.000000 1.000000 0.000000
vn 0.000000 1.000000 0.000000
vn 0.866041 0.000000 -0.499972
vn 0.499991 0.000000 -0.866030
vn 0.499991 0.000000 -0.866030
vn 0.866041 0.000000 -0.499972
vn 0.000000 0.000000 -1.000000
vn 0.000000 0.000000 -1.000000
vn -0.499991 0.000000 -0.866030
vn -0.499991 0.000000 -0.866030
vn -0.866019 0.000000 -0.500011
vn -0.866019 0.000000 -0.500011
vn -1.000000 0.000000 0.000000
vn -1.000000 0.000000 0.000000
vn -0.866022 0.000000 0.500007
vn -0.866022 0.000000 0.500007
vn -0.500012 0.000000 0.866018
vn -0.500012 0.000000 0.866018
vn 0.000000 0.000000 1.000000
vn 0.000000 0.000000 1.000000
vn 0.500012 0.000000 0.866018
vn 0.500012 0.000000 0.866018
vn 0.866044 0.000000 0.499968
vn 0.866044 0.000000 0.499968
vn 1.000000 0.000000 0.000000
vn 1.000000 0.000000 0.000000
vn 0.000000 -1.000000 0.000000
vn 0.000000 -1.000000 0.000000
vn 0.000000 -1.000000 0.000000
vn 0.000000 -1.000000 0.000000
vn 0.000000 -1.000000 0.000000
vn 0.000000 -1.000000 0.000000
vn 0.000000 -1.000000 0.000000
vn 0.000000 -1.000000 0.000000
vn 0.000000 -1.000000 0.000000
vn 0.000000 -1.000000 0.000000
vn 0.000000 -1.000000 0.000000
vn 0.000000 -1.000000 0.000000
vn 0.000000 -1.000000 0.000000
vn 0.000000 1.000000 0.000001
vn 0.000000 1.000000 0.000000
vn 0.000000 1.000000 0.000000
vn 0.000000 1.000000 0.000001
vn 0.000000 1.000000 0.000000
vn 0.000000 1.000000 0.000000
vn 0.000000 1.000000 0.000000
vn 0.000000 1.000000 0.000000
vn 0.000000 1.000000 0.000000
vn 0.000000 1.000000 0.000000
vn 0.000000 1.000000 -0.000000
vn 0.000000 1.000000 -0.000000
vn 0.000000 1.000000 -0.000001
vn 0.000000 1.000000 -0.000001
vn 0.000000 1.000000 -0.000000
vn 0.000000 1.000000 -0.000000
vn 0.000000 1.000000 -0.000000
vn 0.000000 1.000000 -0.000000
vn 0.000000 1.000000 -0.000000
vn 0.000000 1.000000 -0.000000
vn 0.000000 1.000000 -0.000000
vn 0.000000 1.000000 -0.000000
vn 0.000000 1.000000 0.000000
vn 0.000000 1.000000 0.000000
vn 0.551522 0.834161 -0.000001
vn 0.477595 0.834175 -0.275782
vn 0.000000 1.000000 -0.000000
vn 0.477597 0.834174 0.275780
vn 0.275727 0.834193 0.477595
vn -0.000001 0.834175 0.551500
vn -0.275768 0.834171 0.477609
vn -0.477601 0.834177 0.275763
vn -0.551520 0.834162 0.000000
vn -0.477597 0.834180 -0.275763
vn -0.275770 0.834169 -0.477612
vn 0.000000 0.834166 -0.551513
vn 0.275730 0.834188 -0.477601
vn 1.000000 0.000000 -0.000000
vn 0.866019 0.000000 -0.500011
vn 0.865690 0.027493 -0.499824
vn 0.999622 0.027490 -0.000000
vn 0.866019 0.000000 0.500011
vn 0.865690 0.027494 0.499824
vn 0.500009 0.000000 0.866020
vn 0.499820 0.027495 0.865693
vn 0.000000 0.000000 1.000000
vn 0.000000 0.027494 0.999622
vn -0.500009 0.000000 0.866020
vn -0.499820 0.027495 0.865693
vn -0.866019 0.000000 0.500011
vn -0.865691 0.027494 0.499823
vn -1.000000 0.000000 0.000000
vn -0.999622 0.027494 0.000000
vn -0.866019 0.000000 -0.500011
vn -0.865691 0.027494 -0.499822
vn -0.500017 0.000000 -0.866016
vn -0.499828 0.027494 -0.865688
vn 0.000000 0.000000 -1.000000
vn 0.000000 0.027494 -0.999622
vn 0.500017 0.000000 -0.866016
vn 0.499828 0.027494 -0.865688
vn 0.866041 0.000000 -0.499972
vn 0.499991 0.000000 -0.866030
vn 0.499991 0.000000 -0.866030
vn 0.866041 0.000000 -0.499972
vn 0.000000 0.000000 -1.000000
vn 0.000000 0.000000 -1.000000
vn -0.499991 0.000000 -0.866030
vn -0.499991 0.000000 -0.866030
vn -0.866019 0.000000 -0.500011
vn -0.866019 0.000000 -0.500011
vn -1.000000 0.000000 0.000000
vn -1.000000 0.000000 0.000000
vn -0.866022 0.000000 0.500007
vn -0.866022 0.000000 0.500007
vn -0.500012 0.000000 0.866018
vn -0.500012 0.000000 0.866018
vn 0.000000 0.000000 1.000000
vn 0.000000 0.000000 1.000000
vn 0.500012 0.000000 0.866018
vn 0.500012 0.000000 0.866018
vn 0.866044 0.000000 0.499968
vn 0.866044 0.000000 0.499968
vn 1.000000 0.000000 0.000000
vn 1.000000 0.000000 0.000000
vn 0.000000 -1.000000 0.000000
vn 0.000000 -1.000000 0.000000
vn 0.000000 -1.000000 0.000000
vn 0.000000 -1.000000 0.000000
vn 0.000000 -1.000000 0.000000
vn 0.000000 -1.000000 0.000000
vn 0.000000 -1.000000 0.000000
vn 0.000000 -1.000000 0.000000
vn 0.000000 -1.000000 0.000000
vn 0.000000 -1.000000 0.000000
vn 0.000000 -1.000000 0.000000
vn 0.000000 -1.000000 0.000000
vn 0.000000 -1.000000 0.000000
vn 0.000000 1.000000 0.000001
vn 0.000000 1.000000 0.000000
vn 0.000000 1.000000 0.000000
vn 0.000000 1.000000 0.000001
vn 0.000000 1.000000 0.000000
vn 0.000000 1.000000 0.000000
vn 0.000000 1.000000 0.000000
vn 0.000000 1.000000 0.000000
vn 0.000000 1.000000 0.000000
vn 0.000000 1.000000 0.000000
vn 0.000000 1.000000 -0.000000
vn 0.000000 1.000000 -0.000000
vn 0.000000 1.000000 -0.000001
vn 0.000000 1.000000 -0.000001
vn 0.000000 1.000000 -0.000000
vn 0.000000 1.000000 -0.000000
vn 0.000000 1.000000 -0.000000
vn 0.000000 1.000000 -0.000000
vn 0.000000 1.000000 -0.000000
vn 0.000000 1.000000 -0.000000
vn 0.000000 1.000000 -0.000000
vn 0.000000 1.000000 -0.000000
vn 0.000000 1.000000 0.000000
vn 0.000000 1.000000 0.000000
vn 0.551526 0.834158 -0.000000
vn 0.477595 0.834175 -0.275781
vn 0.000000 1.000000 -0.000000
vn 0.477594 0.834176 0.275778
vn 0.275724 0.834194 0.477594
vn 0.000002 0.834173 0.551503
vn -0.275742 0.834176 0.477616
vn -0.477586 0.834189 0.275754
vn -0.551502 0.834174 0.000001
vn -0.477581 0.834192 -0.275754
vn -0.275745 0.834173 -0.477619
vn 0.000001 0.834171 -0.551507
vn 0.275731 0.834189 -0.477601
vn 1.000000 0.000000 -0.000000
vn 0.866019 0.000000 -0.500011
vn 0.865690 0.027495 -0.499824
vn 0.999622 0.027491 -0.000000
vn 0.866019 0.000000 0.500011
vn 0.865690 0.027495 0.499824
vn 0.500009 0.000000 0.866020
vn 0.499820 0.027496 0.865693
vn 0.000000 0.000000 1.000000
vn 0.000000 0.027494 0.999622
vn -0.499976 0.000000 0.866039
vn -0.499787 0.027495 0.865712
vn -0.866019 0.000000 0.500011
vn -0.865691 0.027494 0.499823
vn -1.000000 0.000000 0.000000
vn -0.999622 0.027494 0.000000
vn -0.866019 0.000000 -0.500011
vn -0.865691 0.027494 -0.499822
vn -0.499984 0.000000 -0.866035
vn -0.499795 0.027494 -0.865707
vn 0.000000 0.000000 -1.000000
vn -0.000000 0.027494 -0.999622
vn 0.500017 0.000000 -0.866016
vn 0.499828 0.027495 -0.865688
vn 0.866019 0.000000 -0.500011
vn 0.499969 0.000000 -0.866043
vn 0.499969 0.000000 -0.866043
vn 0.866019 0.000000 -0.500011
vn 0.000000 0.000000 -1.000000
vn 0.000000 0.000000 -1.000000
vn -0.500014 0.000000 -0.866018
vn -0.500014 0.000000 -0.866018
vn -0.866019 0.000000 -0.500011
vn -0.866019 0.000000 -0.500011
vn -1.000000 0.000000 0.000000
vn -1.000000 0.000000 0.000000
vn -0.866022 0.000000 0.500007
vn -0.866022 0.000000 0.500007
vn -0.500034 0.000000 0.866006
vn -0.500034 0.000000 0.866006
vn 0.000000 0.000000 1.000000
vn 0.000000 0.000000 1.000000
vn 0.499990 0.000000 0.866031
vn 0.499990 0.000000 0.866031
vn 0.866022 0.000000 0.500007
vn 0.866022 0.000000 0.500007
vn 1.000000 0.000000 0.000000
vn 1.000000 0.000000 0.000000
vn 0.000000 -1.000000 0.000000
vn 0.000000 -1.000000 0.000000
vn 0.000000 -1.000000 0.000000
vn 0.000000 -1.000000 0.000000
vn 0.000000 -1.000000 0.000000
vn 0.000000 -1.000000 0.000000
vn 0.000000 -1.000000 0.000000
vn 0.000000 -1.000000 0.000000
vn 0.000000 -1.000000 0.000000
vn 0.000000 -1.000000 0.000000
vn 0.000000 -1.000000 0.000000
vn 0.000000 -1.000000 0.000000
vn 0.000000 -1.000000 0.000000
vn 0.000000 1.000000 0.000001
vn 0.000000 1.000000 0.000000
vn 0.000000 1.000000 0.000000
vn 0.000000 1.000000 0.000001
vn 0.000000 1.000000 0.000000
vn 0.000000 1.000000 0.000000
vn 0.000000 1.000000 0.000000
vn 0.000000 1.000000 0.000000
vn 0.000000 1.000000 0.000000
vn 0.000000 1.000000 0.000000
vn 0.000000 1.000000 -0.000000
vn 0.000000 1.000000 -0.000000
vn 0.000000 1.000000 -0.000001
vn 0.000000 1.000000 -0.000001
vn 0.000000 1.000000 -0.000000
vn 0.000000 1.000000 -0.000000
vn 0.000000 1.000000 0.000000
vn 0.000000 1.000000 0.000000
vn 0.000000 1.000000 -0.000000
vn 0.000000 1.000000 -0.000000
vn 0.000000 1.000000 -0.000000
vn 0.000000 1.000000 -0.000000
vn 0.000000 1.000000 0.000000
vn 0.000000 1.000000 0.000000
vn 0.551495 0.834178 -0.000001
vn 0.477582 0.834191 -0.275755
vn 0.000000 1.000000 0.000000
vn 0.477583 0.834192 0.275751
vn 0.275737 0.834181 0.477609
vn -0.000001 0.834187 0.551482
vn -0.275798 0.834161 0.477610
vn -0.477649 0.834146 0.275776
vn -0.551499 0.834176 -0.000000
vn -0.477650 0.834144 -0.275779
vn -0.275803 0.834156 -0.477615
vn -0.000002 0.834184 -0.551486
vn 0.275742 0.834177 -0.477613
vn 1.000000 0.000000 0.000000
vn 0.866019 0.000000 -0.500011
vn 0.865691 0.027494 -0.499822
vn 0.999622 0.027495 -0.000000
vn 0.866019 0.000000 0.500011
vn 0.865691 0.027494 0.499822
vn 0.499976 0.000000 0.866039
vn 0.499787 0.027495 0.865712
vn 0.000000 0.000000 1.000000
vn 0.000000 0.027495 0.999622
vn -0.500042 0.000000 0.866001
vn -0.499852 0.027492 0.865675
vn -0.865986 0.000000 0.500069
vn -0.865659 0.027492 0.499878
vn -1.000000 0.000000 -0.000000
vn -0.999622 0.027494 -0.000000
vn -0.865986 0.000000 -0.500068
vn -0.865660 0.027491 -0.499878
vn -0.500050 0.000000 -0.865997
vn -0.499859 0.027492 -0.865670
vn 0.000000 0.000000 -1.000000
vn 0.000000 0.027494 -0.999622
vn 0.499984 0.000000 -0.866035
vn 0.499795 0.027494 -0.865707
vn 0.499972 0.000000 0.866042
vn 0.866041 0.000000 0.499972
vn 0.867642 -0.005148 0.497163
vn 0.501362 -0.007617 0.865204
vn 1.000000 0.000000 0.000000
vn 0.999990 0.001141 -0.004373
vn 0.866057 0.000000 -0.499945
vn 0.863847 0.010071 -0.503654
vn 0.499972 0.000000 -0.866042
vn 0.497548 0.017856 -0.867253
vn 0.000000 0.000000 -1.000000
vn -0.000000 0.020911 -0.999781
vn -0.499915 0.000000 -0.866074
vn -0.497491 0.017857 -0.867286
vn -0.866057 0.000000 -0.499945
vn -0.863847 0.010071 -0.503654
vn -1.000000 0.000000 0.000000
vn -0.999990 0.001141 -0.004373
vn -0.866041 0.000000 0.499972
vn -0.867642 -0.005148 0.497163
vn -0.499915 0.000000 0.866074
vn -0.501305 -0.007618 0.865237
vn 0.000000 0.000000 1.000000
vn 0.000000 -0.007996 0.999968
vn 0.893276 -0.207518 0.398741
vn 0.529069 -0.386326 0.755539
vn 0.997875 0.028760 -0.058459
vn 0.836569 0.254826 -0.484991
vn 0.471535 0.413267 -0.779015
vn -0.000002 0.469660 -0.882848
vn -0.471476 0.413279 -0.779045
vn -0.836568 0.254831 -0.484990
vn -0.997875 0.028779 -0.058458
vn -0.893275 -0.207519 0.398741
vn -0.529014 -0.386352 0.755564
vn 0.000002 -0.452877 0.891573
vn 0.899793 -0.346891 0.264650
vn 0.539563 -0.653725 0.530580
vn 0.997224 0.061487 -0.042005
vn 0.834495 0.454454 -0.311593
vn 0.470701 0.731420 -0.493422
vn -0.000003 0.830343 -0.557253
vn -0.470642 0.731445 -0.493441
vn -0.834488 0.454468 -0.311591
vn -0.997222 0.061515 -0.042004
vn -0.899792 -0.346894 0.264651
vn -0.539509 -0.653754 0.530600
vn 0.000003 -0.766482 0.642265
vn 0.867236 -0.497892 0.002394
vn 0.501096 -0.865384 0.003752
vn 0.999996 0.002785 -0.000578
vn 0.864819 0.502064 -0.004535
vn 0.498633 0.866777 -0.007890
vn 0.000001 0.999958 -0.009185
vn -0.498597 0.866798 -0.007890
vn -0.864827 0.502049 -0.004535
vn -0.999996 0.002787 -0.000578
vn -0.867236 -0.497891 0.002394
vn -0.501029 -0.865423 0.003752
vn 0.000003 -0.999992 0.004041
vn 0.867231 -0.497901 -0.002394
vn 0.501078 -0.865394 -0.003752
vn 0.999996 0.002806 0.000578
vn 0.864814 0.502072 0.004536
vn 0.498642 0.866772 0.007890
vn 0.000001 0.999958 0.009184
vn -0.498605 0.866793 0.007891
vn -0.864822 0.502058 0.004536
vn -0.999996 0.002807 0.000578
vn -0.867231 -0.497900 -0.002394
vn -0.501010 -0.865433 -0.003752
vn 0.000003 -0.999992 -0.004041
vn 0.499972 0.000000 -0.866042
vn 0.501361 -0.007615 -0.865205
vn 0.867642 -0.005147 -0.497163
vn 0.866041 0.000000 -0.499973
vn 0.999990 0.001141 0.004373
vn 1.000000 0.000000 0.000000
vn 0.863864 0.010070 0.503625
vn 0.866074 0.000000 0.499915
vn 0.497647 0.017856 0.867196
vn 0.500075 0.000000 0.865982
vn -0.000000 0.020913 0.999781
vn -0.000000 0.000000 1.000000
vn -0.497589 0.017857 0.867229
vn -0.500018 0.000000 0.866015
vn -0.863864 0.010070 0.503625
vn -0.866074 0.000000 0.499915
vn -0.999990 0.001139 0.004373
vn -1.000000 0.000000 0.000000
vn -0.867642 -0.005147 -0.497163
vn -0.866041 0.000000 -0.499973
vn -0.501305 -0.007615 -0.865237
vn -0.499915 0.000000 -0.866074
vn 0.000000 -0.007994 -0.999968
vn 0.000000 0.000000 -1.000000
vn 0.529067 -0.386350 -0.755528
vn 0.893283 -0.207535 -0.398717
vn 0.997875 0.028758 0.058470
vn 0.836590 0.254813 0.484961
vn 0.471577 0.413244 0.779002
vn -0.000002 0.469666 0.882844
vn -0.471518 0.413254 0.779033
vn -0.836590 0.254812 0.484962
vn -0.997875 0.028759 0.058470
vn -0.893282 -0.207538 -0.398716
vn -0.529015 -0.386365 -0.755556
vn 0.000001 -0.452898 -0.891563
vn 0.539526 -0.653750 -0.530587
vn 0.899792 -0.346902 -0.264640
vn 0.997224 0.061482 0.041999
vn 0.834505 0.454443 0.311582
vn 0.470711 0.731411 0.493426
vn -0.000002 0.830345 0.557250
vn -0.470652 0.731436 0.493445
vn -0.834501 0.454451 0.311581
vn -0.997223 0.061495 0.042000
vn -0.899792 -0.346903 -0.264637
vn -0.539475 -0.653775 -0.530608
vn 0.000001 -0.766452 -0.642302
vn 0.000000 -0.866024 -0.500003
vn 0.000000 -0.500014 -0.866018
vn 0.000000 -0.500014 -0.866018
vn 0.000000 -0.866024 -0.500003
vn 0.000000 0.000000 -1.000000
vn 0.000000 0.000000 -1.000000
vn 0.000000 0.500013 -0.866018
vn 0.000000 0.500013 -0.866018
vn 0.000000 0.866023 -0.500004
vn 0.000000 0.866023 -0.500004
vn 0.000000 1.000000 0.000000
vn 0.000000 1.000000 0.000000
vn 0.000000 0.866023 0.500004
vn 0.000000 0.866023 0.500004
vn 0.000000 0.500013 0.866018
vn 0.000000 0.500013 0.866018
vn 0.000000 0.000000 1.000000
vn 0.000000 0.000000 1.000000
vn 0.000000 -0.500014 0.866018
vn 0.000000 -0.500014 0.866018
vn 0.000000 -0.866024 0.500003
vn 0.000000 -0.866024 0.500003
vn 0.000000 -1.000000 0.000000
vn 0.000000 -1.000000 0.000000
vn -1.000000 0.000000 0.000000
vn -1.000000 0.000000 0.000000
vn -1.000000 0.000000 0.000000
vn -1.000000 0.000000 0.000000
vn -1.000000 0.000000 0.000000
vn -1.000000 0.000000 0.000000
vn -1.000000 0.000000 0.000000
vn -1.000000 0.000000 0.000000
vn -1.000000 0.000000 0.000000
vn -1.000000 0.000000 0.000000
vn -1.000000 0.000000 0.000000
vn -1.000000 0.000000 0.000000
vn -1.000000 0.000000 0.000000
vn 1.000000 -0.000010 0.000000
vn 1.000000 -0.000010 0.000000
vn 1.000000 0.000000 0.000000
vn 1.000000 0.000000 0.000000
vn 1.000000 0.000000 0.000000
vn 1.000000 0.000000 0.000000
vn 1.000000 0.000000 0.000000
vn 1.000000 0.000010 0.000000
vn 1.000000 0.000010 0.000000
vn 1.000000 0.000000 0.000000
vn 1.000000 0.000000 0.000000
vn 1.000000 0.000000 0.000000
vn 1.000000 0.000000 0.000000
vn 0.499982 -0.866036 0.000000
vn 0.866002 -0.500041 0.000000
vn 0.866002 -0.500041 0.000000
vn 0.499982 -0.866036 0.000000
vn 1.000000 0.000000 0.000000
vn 1.000000 0.000000 0.000000
vn 0.866002 0.500041 0.000000
vn 0.866002 0.500041 0.000000
vn 0.499981 0.866037 0.000000
vn 0.499981 0.866037 0.000000
vn 0.000000 1.000000 0.000000
vn 0.000000 1.000000 0.000000
vn -0.499995 0.866028 0.000000
vn -0.499995 0.866028 0.000000
vn -0.866002 0.500041 0.000000
vn -0.866002 0.500041 0.000000
vn -1.000000 0.000000 0.000000
vn -1.000000 0.000000 0.000000
vn -0.866002 -0.500041 0.000000
vn -0.866002 -0.500041 0.000000
vn -0.499996 -0.866028 0.000000
vn -0.499996 -0.866028 0.000000
vn 0.000000 -1.000000 0.000000
vn 0.000000 -1.000000 0.000000
vn 0.000000 0.000000 -1.000000
vn 0.000000 0.000000 -1.000000
vn 0.000000 0.000000 -1.000000
vn 0.000000 0.000000 -1.000000
vn 0.000000 0.000000 -1.000000
vn 0.000000 0.000000 -1.000000
vn 0.000000 0.000000 -1.000000
vn 0.000000 0.000000 -1.000000
vn 0.000000 0.000000 -1.000000
vn 0.000000 0.000000 -1.000000
vn 0.000000 0.000000 -1.000000
vn 0.000000 0.000000 -1.000000
vn 0.000000 0.000000 -1.000000
vn 0.000000 0.000000 1.000000
vn 0.000000 0.000000 1.000000
vn -0.000002 0.000000 1.000000
vn 0.000000 0.000000 1.000000
vn -0.000010 0.000000 1.000000
vn -0.000010 0.000000 1.000000
vn 0.000000 0.000000 1.000000
vn 0.000000 0.000000 1.000000
vn 0.000000 0.000000 1.000000
vn 0.000000 0.000000 1.000000
vn 0.000000 0.000000 1.000000
vn 0.000000 0.000000 1.000000
vn 0.000000 0.000000 1.000000
vn 0.499982 -0.866036 0.000000
vn 0.866002 -0.500041 0.000000
vn 0.866002 -0.500041 0.000000
vn 0.499982 -0.866036 0.000000
vn 1.000000 0.000000 0.000000
vn 1.000000 0.000000 0.000000
vn 0.866002 0.500041 0.000000
vn 0.866002 0.500041 0.000000
vn 0.499982 0.866036 0.000000
vn 0.499982 0.866036 0.000000
vn 0.000000 1.000000 0.000000
vn 0.000000 1.000000 0.000000
vn -0.499996 0.866028 0.000000
vn -0.499996 0.866028 0.000000
vn -0.866002 0.500041 0.000000
vn -0.866002 0.500041 0.000000
vn -1.000000 0.000000 0.000000
vn -1.000000 0.000000 0.000000
vn -0.866002 -0.500041 0.000000
vn -0.866002 -0.500041 0.000000
vn -0.499996 -0.866028 0.000000
vn -0.499996 -0.866028 0.000000
vn 0.000000 -1.000000 0.000000
vn 0.000000 -1.000000 0.000000
vn 0.000000 0.000000 -1.000000
vn 0.000000 0.000000 -1.000000
vn 0.000000 0.000000 -1.000000
vn 0.000000 0.000000 -1.000000
vn 0.000000 0.000000 -1.000000
vn 0.000000 0.000000 -1.000000
vn 0.000000 0.000000 -1.000000
vn 0.000000 0.000000 -1.000000
vn 0.000000 0.000000 -1.000000
vn 0.000000 0.000000 -1.000000
vn 0.000000 0.000000 -1.000000
vn 0.000000 0.000000 -1.000000
vn 0.000000 0.000000 -1.000000
vn 0.000000 0.000000 1.000000
vn 0.000000 0.000000 1.000000
vn 0.000000 0.000000 1.000000
vn 0.000000 0.000000 1.000000
vn 0.000000 0.000000 1.000000
vn 0.000000 0.000000 1.000000
vn 0.000000 0.000000 1.000000
vn 0.000000 0.000000 1.000000
vn 0.000000 0.000000 1.000000
vn 0.000000 0.000000 1.000000
vn 0.000000 0.000000 1.000000
vn 0.000000 0.000000 1.000000
vn 0.000000 0.000000 1.000000
vn 0.000000 -0.866024 -0.500002
vn 0.000000 -0.500013 -0.866018
vn 0.000000 -0.500013 -0.866018
vn 0.000000 -0.866024 -0.500002
vn 0.000000 0.000000 -1.000000
vn 0.000000 0.000000 -1.000000
vn 0.000000 0.500014 -0.866018
vn 0.000000 0.500014 -0.866018
vn 0.000000 0.866024 -0.500002
vn 0.000000 0.866024 -0.500002
vn 0.000000 1.000000 0.000000
vn 0.000000 1.000000 0.000000
vn 0.000000 0.866024 0.500002
vn 0.000000 0.866024 0.500002
vn 0.000000 0.500014 0.866018
vn 0.000000 0.500014 0.866018
vn 0.000000 0.000000 1.000000
vn 0.000000 0.000000 1.000000
vn 0.000000 -0.500013 0.866018
vn 0.000000 -0.500013 0.866018
vn 0.000000 -0.866024 0.500002
vn 0.000000 -0.866024 0.500002
vn 0.000000 -1.000000 0.000000
vn 0.000000 -1.000000 0.000000
vn -1.000000 0.000000 0.000000
vn -1.000000 0.000000 0.000000
vn -1.000000 0.000000 0.000000
vn -1.000000 0.000000 0.000000
vn -1.000000 0.000000 0.000000
vn -1.000000 0.000000 0.000000
vn -1.000000 0.000000 0.000000
vn -1.000000 0.000000 0.000000
vn -1.000000 0.000000 0.000000
vn -1.000000 0.000000 0.000000
vn -1.000000 0.000000 0.000000
vn -1.000000 0.000000 0.000000
vn -1.000000 0.000000 0.000000
vn 1.000000 -0.000010 0.000000
vn 1.000000 -0.000010 0.000000
vn 1.000000 -0.000000 0.000000
vn 1.000000 0.000000 0.000000
vn 1.000000 0.000000 0.000000
vn 1.000000 0.000000 0.000000
vn 1.000000 0.000000 0.000000
vn 1.000000 0.000010 0.000000
vn 1.000000 0.000010 0.000000
vn 1.000000 0.000000 0.000000
vn 1.000000 0.000000 0.000000
vn 1.000000 0.000000 0.000000
vn 1.000000 0.000000 0.000000
vn 0.866040 0.000000 -0.499974
vn 0.499999 0.000000 -0.866026
vn 0.497190 -0.005149 -0.867626
vn 0.865202 -0.007619 -0.501365
vn 0.000000 0.000000 -1.000000
vn -0.004376 0.001141 -0.999990
vn -0.499999 0.000000 -0.866026
vn -0.503706 0.010072 -0.863816
vn -0.866040 0.000000 -0.499974
vn -0.867251 0.017856 -0.497552
vn -1.000000 0.000000 0.000000
vn -0.999781 0.020910 -0.000000
vn -0.866045 0.000000 0.499967
vn -0.867255 0.017856 0.497544
vn -0.499999 0.000000 0.866026
vn -0.503707 0.010072 0.863816
vn 0.000000 0.000000 1.000000
vn -0.004374 0.001141 0.999990
vn 0.499999 0.000000 0.866026
vn 0.497189 -0.005149 0.867627
vn 0.866045 0.000000 0.499967
vn 0.865207 -0.007619 0.501358
vn 1.000000 0.000000 0.000000
vn 0.999968 -0.007998 0.000000
vn 0.398773 -0.207551 -0.893254
vn 0.755523 -0.386362 -0.529064
vn -0.058481 0.028773 -0.997874
vn -0.485018 0.254829 -0.836552
vn -0.779012 0.413263 -0.471545
vn -0.882850 0.469655 -0.000001
vn -0.779014 0.413263 0.471541
vn -0.485025 0.254836 0.836546
vn -0.058452 0.028763 0.997876
vn 0.398758 -0.207543 0.893262
vn 0.755529 -0.386367 0.529053
vn 0.891568 -0.452887 0.000000
vn 0.264675 -0.346936 -0.899768
vn 0.530565 -0.653743 -0.539555
vn -0.042024 0.061528 -0.997220
vn -0.311613 0.454473 -0.834477
vn -0.493415 0.731425 -0.470701
vn -0.557251 0.830344 -0.000001
vn -0.493419 0.731424 0.470698
vn -0.311618 0.454486 0.834468
vn -0.042007 0.061506 0.997222
vn 0.264659 -0.346920 0.899779
vn 0.530569 -0.653751 0.539543
vn 0.642268 -0.766480 -0.000000
vn 0.002395 -0.497910 -0.867225
vn 0.003752 -0.865385 -0.501093
vn -0.000578 0.002781 -0.999996
vn -0.004535 0.502069 -0.864816
vn -0.007889 0.866775 -0.498637
vn -0.009187 0.999958 -0.000000
vn -0.007889 0.866779 0.498630
vn -0.004535 0.502069 0.864815
vn -0.000578 0.002780 0.999996
vn 0.002394 -0.497909 0.867226
vn 0.003752 -0.865390 0.501086
vn 0.004041 -0.999992 0.000000
vn -0.002394 -0.497928 -0.867215
vn -0.003752 -0.865396 -0.501075
vn 0.000578 0.002802 -0.999996
vn 0.004536 0.502086 -0.864806
vn 0.007890 0.866765 -0.498655
vn 0.009184 0.999958 0.000000
vn 0.007890 0.866769 0.498648
vn 0.004536 0.502087 0.864805
vn 0.000578 0.002801 0.999996
vn -0.002394 -0.497928 0.867215
vn -0.003752 -0.865400 0.501068
vn -0.004041 -0.999992 0.000000
vn -0.866040 0.000000 -0.499974
vn -0.865203 -0.007615 -0.501364
vn -0.497190 -0.005147 -0.867627
vn -0.499999 0.000000 -0.866026
vn 0.004375 0.001141 -0.999990
vn 0.000000 0.000000 -1.000000
vn 0.503650 0.010070 -0.863849
vn 0.499942 0.000000 -0.866059
vn 0.867197 0.017856 -0.497645
vn 0.865983 0.000000 -0.500073
vn 0.999781 0.020913 -0.000000
vn 1.000000 0.000000 0.000000
vn 0.867201 0.017856 0.497638
vn 0.865988 0.000000 0.500065
vn 0.503650 0.010071 0.863849
vn 0.499942 0.000000 0.866059
vn 0.004373 0.001141 0.999990
vn 0.000000 0.000000 1.000000
vn -0.497189 -0.005147 0.867627
vn -0.499999 0.000000 0.866026
vn -0.865208 -0.007615 0.501356
vn -0.866045 0.000000 0.499967
vn -0.999968 -0.007994 0.000000
vn -1.000000 0.000000 0.000000
vn -0.755526 -0.386347 -0.529072
vn -0.398755 -0.207552 -0.893262
vn 0.058500 0.028780 -0.997872
vn 0.484976 0.254817 -0.836581
vn 0.779006 0.413241 -0.471574
vn 0.882843 0.469668 -0.000001
vn 0.779008 0.413241 0.471571
vn 0.484982 0.254824 0.836574
vn 0.058473 0.028770 0.997874
vn -0.398739 -0.207544 0.893271
vn -0.755530 -0.386355 0.529060
vn -0.891561 -0.452900 0.000002
vn -0.530585 -0.653745 -0.539535
vn -0.264667 -0.346936 -0.899771
vn 0.042021 0.061519 -0.997221
vn 0.311591 0.454450 -0.834497
vn 0.493430 0.731411 -0.470707
vn 0.557251 0.830344 -0.000001
vn 0.493432 0.731410 0.470706
vn 0.311595 0.454465 0.834488
vn 0.042004 0.061498 0.997223
vn -0.264653 -0.346920 0.899781
vn -0.530589 -0.653754 0.539520
vn -0.642297 -0.766455 0.000002
vn 0.866040 0.000000 -0.499974
vn 0.499999 0.000000 -0.866026
vn 0.497190 -0.005148 -0.867627
vn 0.865203 -0.007617 -0.501365
vn 0.000000 0.000000 -1.000000
vn -0.004375 0.001141 -0.999990
vn -0.499970 0.000000 -0.866043
vn -0.503679 0.010071 -0.863832
vn -0.866040 0.000000 -0.499974
vn -0.867252 0.017857 -0.497550
vn -1.000000 0.000000 0.000000
vn -0.999781 0.020911 -0.000000
vn -0.866045 0.000000 0.499967
vn -0.867256 0.017857 0.497542
vn -0.499970 0.000000 0.866043
vn -0.503679 0.010071 0.863832
vn 0.000000 0.000000 1.000000
vn -0.004373 0.001141 0.999990
vn 0.499999 0.000000 0.866026
vn 0.497189 -0.005148 0.867627
vn 0.866045 0.000000 0.499967
vn 0.865207 -0.007617 0.501357
vn 1.000000 0.000000 0.000000
vn 0.999968 -0.007996 0.000000
vn 0.398781 -0.207544 -0.893252
vn 0.755535 -0.386330 -0.529071
vn -0.058486 0.028780 -0.997873
vn -0.485004 0.254829 -0.836561
vn -0.779018 0.413265 -0.471532
vn -0.882846 0.469662 -0.000000
vn -0.779021 0.413265 0.471528
vn -0.485011 0.254836 0.836554
vn -0.058457 0.028770 0.997875
vn 0.398767 -0.207537 0.893260
vn 0.755540 -0.386335 0.529060
vn 0.891576 -0.452872 0.000001
vn 0.264682 -0.346936 -0.899766
vn 0.530578 -0.653724 -0.539566
vn -0.042024 0.061527 -0.997220
vn -0.311598 0.454465 -0.834487
vn -0.493422 0.731423 -0.470697
vn -0.557250 0.830345 -0.000000
vn -0.493425 0.731423 0.470694
vn -0.311603 0.454479 0.834478
vn -0.042006 0.061505 0.997223
vn 0.264666 -0.346919 0.899777
vn 0.530581 -0.653733 0.539553
vn 0.642271 -0.766478 0.000001
vn 0.002395 -0.497920 -0.867220
vn 0.003752 -0.865385 -0.501093
vn -0.000578 0.002781 -0.999996
vn -0.004535 0.502078 -0.864811
vn -0.007890 0.866769 -0.498647
vn -0.009185 0.999958 -0.000000
vn -0.007890 0.866773 0.498640
vn -0.004535 0.502079 0.864810
vn -0.000578 0.002780 0.999996
vn 0.002395 -0.497919 0.867220
vn 0.003752 -0.865390 0.501086
vn 0.004041 -0.999992 0.000000
vn -0.002394 -0.497929 -0.867215
vn -0.003752 -0.865396 -0.501074
vn 0.000578 0.002802 -0.999996
vn 0.004536 0.502087 -0.864805
vn 0.007890 0.866764 -0.498655
vn 0.009184 0.999958 -0.000000
vn 0.007890 0.866768 0.498648
vn 0.004536 0.502087 0.864805
vn 0.000578 0.002801 0.999996
vn -0.002394 -0.497928 0.867215
vn -0.003752 -0.865400 0.501067
vn -0.004041 -0.999992 0.000000
vn -0.866040 0.000000 -0.499974
vn -0.865203 -0.007615 -0.501364
vn -0.497190 -0.005148 -0.867627
vn -0.499999 0.000000 -0.866026
vn 0.004375 0.001141 -0.999990
vn 0.000000 0.000000 -1.000000
vn 0.503650 0.010070 -0.863849
vn 0.499942 0.000000 -0.866059
vn 0.867197 0.017856 -0.497645
vn 0.865983 0.000000 -0.500073
vn 0.999781 0.020913 -0.000000
vn 1.000000 0.000000 0.000000
vn 0.867201 0.017856 0.497638
vn 0.865988 0.000000 0.500065
vn 0.503650 0.010071 0.863849
vn 0.499942 0.000000 0.866059
vn 0.004373 0.001141 0.999990
vn 0.000000 0.000000 1.000000
vn -0.497189 -0.005147 0.867627
vn -0.499999 0.000000 0.866026
vn -0.865208 -0.007615 0.501356
vn -0.866045 0.000000 0.499967
vn -0.999968 -0.007994 0.000000
vn -1.000000 0.000000 0.000000
vn -0.755526 -0.386347 -0.529072
vn -0.398755 -0.207552 -0.893262
vn 0.058500 0.028780 -0.997872
vn 0.484975 0.254817 -0.836581
vn 0.779005 0.413242 -0.471574
vn 0.882842 0.469670 -0.000001
vn 0.779007 0.413242 0.471571
vn 0.484982 0.254824 0.836574
vn 0.058473 0.028769 0.997874
vn -0.398739 -0.207544 0.893271
vn -0.755530 -0.386354 0.529060
vn -0.891562 -0.452899 0.000002
vn -0.530584 -0.653746 -0.539534
vn -0.264667 -0.346935 -0.899771
vn 0.042021 0.061520 -0.997221
vn 0.311591 0.454451 -0.834497
vn 0.493430 0.731411 -0.470707
vn 0.557251 0.830344 -0.000001
vn 0.493432 0.731411 0.470705
vn 0.311595 0.454465 0.834488
vn 0.042004 0.061498 0.997223
vn -0.264653 -0.346918 0.899781
vn -0.530588 -0.653755 0.539519
vn -0.642295 -0.766458 0.000002
vn 0.000000 -0.866025 -0.500002
vn 0.000000 -0.500013 -0.866018
vn 0.000000 -0.500013 -0.866018
vn 0.000000 -0.866025 -0.500002
vn 0.000000 0.000000 -1.000000
vn 0.000000 0.000000 -1.000000
vn 0.000000 0.500013 -0.866018
vn 0.000000 0.500013 -0.866018
vn 0.000000 0.866025 -0.500001
vn 0.000000 0.866025 -0.500001
vn 0.000000 1.000000 0.000000
vn 0.000000 1.000000 0.000000
vn 0.000000 0.866025 0.500001
vn 0.000000 0.866025 0.500001
vn 0.000000 0.500013 0.866018
vn 0.000000 0.500013 0.866018
vn 0.000000 0.000000 1.000000
vn 0.000000 0.000000 1.000000
vn 0.000000 -0.500013 0.866018
vn 0.000000 -0.500013 0.866018
vn 0.000000 -0.866025 0.500002
vn 0.000000 -0.866025 0.500002
vn 0.000000 -1.000000 0.000000
vn 0.000000 -1.000000 0.000000
vn -1.000000 -0.000003 0.000000
vn -1.000000 -0.000003 0.000000
vn -1.000000 0.000000 0.000000
vn -1.000000 -0.000003 0.000000
vn -1.000000 -0.000000 0.000000
vn -1.000000 0.000003 0.000000
vn -1.000000 0.000000 0.000000
vn -1.000000 0.000003 0.000000
vn -1.000000 0.000003 0.000000
vn -1.000000 0.000003 0.000000
vn -1.000000 0.000000 0.000000
vn -1.000000 -0.000003 0.000000
vn -1.000000 0.000000 0.000000
vn 1.000000 0.000000 0.000000
vn 1.000000 0.000000 0.000000
vn 1.000000 0.000000 0.000000
vn 1.000000 0.000000 0.000000
vn 1.000000 0.000000 0.000000
vn 1.000000 0.000000 0.000000
vn 1.000000 0.000000 0.000000
vn 1.000000 0.000000 0.000000
vn 1.000000 0.000000 0.000000
vn 1.000000 0.000000 0.000000
vn 1.000000 0.000000 0.000000
vn 1.000000 0.000000 0.000000
vn 1.000000 0.000000 0.000000
vn 0.000000 -0.866024 -0.500002
vn 0.000000 -0.500013 -0.866018
vn 0.000000 -0.500013 -0.866018
vn 0.000000 -0.866024 -0.500002
vn 0.000000 0.000000 -1.000000
vn 0.000000 0.000000 -1.000000
vn 0.000000 0.500013 -0.866018
vn 0.000000 0.500013 -0.866018
vn 0.000000 0.866024 -0.500003
vn 0.000000 0.866024 -0.500003
vn 0.000000 1.000000 0.000000
vn 0.000000 1.000000 0.000000
vn 0.000000 0.866024 0.500003
vn 0.000000 0.866024 0.500003
vn 0.000000 0.500013 0.866018
vn 0.000000 0.500013 0.866018
vn 0.000000 0.000000 1.000000
vn 0.000000 0.000000 1.000000
vn 0.000000 -0.500013 0.866018
vn 0.000000 -0.500013 0.866018
vn 0.000000 -0.866024 0.500002
vn 0.000000 -0.866024 0.500002
vn 0.000000 -1.000000 0.000000
vn 0.000000 -1.000000 0.000000
vn -1.000000 -0.000003 0.000000
vn -1.000000 -0.000003 0.000000
vn -1.000000 0.000000 0.000000
vn -1.000000 -0.000003 0.000000
vn -1.000000 -0.000000 0.000000
vn -1.000000 0.000003 0.000000
vn -1.000000 0.000000 0.000000
vn -1.000000 0.000003 0.000000
vn -1.000000 0.000003 0.000000
vn -1.000000 0.000003 0.000000
vn -1.000000 0.000000 0.000000
vn -1.000000 -0.000003 0.000000
vn -1.000000 0.000000 0.000000
vn 1.000000 0.000000 0.000000
vn 1.000000 0.000000 0.000000
vn 1.000000 0.000000 0.000000
vn 1.000000 0.000000 0.000000
vn 1.000000 0.000000 0.000000
vn 1.000000 0.000000 0.000000
vn 1.000000 0.000000 0.000000
vn 1.000000 0.000000 0.000000
vn 1.000000 0.000000 0.000000
vn 1.000000 0.000000 0.000000
vn 1.000000 0.000000 0.000000
vn 1.000000 0.000000 0.000000
vn 1.000000 0.000000 0.000000
vn 0.866030 0.000000 -0.499992
vn 0.499980 0.000000 -0.866037
vn 0.499980 0.000000 -0.866037
vn 0.866030 0.000000 -0.499992
vn 0.000000 0.000000 -1.000000
vn 0.000000 0.000000 -1.000000
vn -0.500003 0.000000 -0.866024
vn -0.500003 0.000000 -0.866024
vn -0.866019 0.000000 -0.500011
vn -0.866019 0.000000 -0.500011
vn -1.000000 0.000000 0.000000
vn -1.000000 0.000000 0.000000
vn -0.866022 0.000000 0.500007
vn -0.866022 0.000000 0.500007
vn -0.500023 0.000000 0.866012
vn -0.500023 0.000000 0.866012
vn 0.000000 0.000000 1.000000
vn 0.000000 0.000000 1.000000
vn 0.500001 0.000000 0.866025
vn 0.500001 0.000000 0.866025
vn 0.866033 0.000000 0.499988
vn 0.866033 0.000000 0.499988
vn 1.000000 0.000000 0.000000
vn 1.000000 0.000000 0.000000
vn 0.000000 -1.000000 -0.000000
vn 0.000000 -1.000000 0.000000
vn 0.000000 -1.000000 -0.000000
vn 0.000000 -1.000000 0.000000
vn 0.000000 -1.000000 0.000000
vn 0.000000 -1.000000 0.000000
vn 0.000000 -1.000000 0.000000
vn 0.000000 -1.000000 -0.000000
vn 0.000000 -1.000000 -0.000000
vn 0.000000 -1.000000 0.000000
vn 0.000000 -1.000000 0.000000
vn 0.000000 -1.000000 -0.000000
vn 0.000000 -1.000000 0.000000
vn 0.000000 1.000000 0.000001
vn 0.000000 1.000000 0.000000
vn 0.000000 1.000000 0.000000
vn 0.000000 1.000000 0.000001
vn 0.000000 1.000000 0.000000
vn 0.000000 1.000000 0.000000
vn 0.000000 1.000000 0.000000
vn 0.000000 1.000000 0.000000
vn 0.000000 1.000000 0.000000
vn 0.000000 1.000000 0.000000
vn 0.000000 1.000000 -0.000000
vn 0.000000 1.000000 -0.000000
vn 0.000000 1.000000 -0.000001
vn 0.000000 1.000000 -0.000001
vn 0.000000 1.000000 -0.000000
vn 0.000000 1.000000 -0.000000
vn 0.000000 1.000000 -0.000000
vn 0.000000 1.000000 -0.000000
vn 0.000000 1.000000 -0.000000
vn 0.000000 1.000000 -0.000000
vn 0.000000 1.000000 -0.000000
vn 0.000000 1.000000 -0.000000
vn 0.000000 1.000000 0.000000
vn 0.000000 1.000000 0.000000
vn 0.551514 0.834165 0.000000
vn 0.477589 0.834183 -0.275769
vn 0.000000 1.000000 -0.000000
vn 0.477592 0.834181 0.275767
vn 0.275734 0.834184 0.477606
vn 0.000000 0.834176 0.551499
vn -0.275769 0.834169 0.477612
vn -0.477613 0.834171 0.275762
vn -0.551500 0.834175 0.000000
vn -0.477613 0.834170 -0.275765
vn -0.275771 0.834169 -0.477611
vn 0.000000 0.834177 -0.551496
vn 0.275736 0.834184 -0.477605
vn 1.000000 0.000000 -0.000000
vn 0.866019 0.000000 -0.500011
vn 0.865691 0.027494 -0.499823
vn 0.999622 0.027493 0.000000
vn 0.866019 0.000000 0.500011
vn 0.865691 0.027494 0.499823
vn 0.499992 0.000000 0.866030
vn 0.499804 0.027495 0.865702
vn 0.000000 0.000000 1.000000
vn 0.000000 0.027494 0.999622
vn -0.500009 0.000000 0.866020
vn -0.499819 0.027493 0.865693
vn -0.866002 0.000000 0.500040
vn -0.865675 0.027493 0.499850
vn -1.000000 0.000000 -0.000000
vn -0.999622 0.027494 0.000000
vn -0.866002 0.000000 -0.500040
vn -0.865676 0.027493 -0.499850
vn -0.500017 0.000000 -0.866016
vn -0.499827 0.027493 -0.865689
vn 0.000000 0.000000 -1.000000
vn 0.000000 0.027494 -0.999622
vn 0.500000 0.000000 -0.866025
vn 0.499811 0.027495 -0.865698
vn 0.866030 0.000000 -0.499992
vn 0.499980 0.000000 -0.866037
vn 0.499980 0.000000 -0.866037
vn 0.866030 0.000000 -0.499992
vn 0.000000 0.000000 -1.000000
vn 0.000000 0.000000 -1.000000
vn -0.500003 0.000000 -0.866024
vn -0.500003 0.000000 -0.866024
vn -0.866019 0.000000 -0.500011
vn -0.866019 0.000000 -0.500011
vn -1.000000 0.000000 0.000000
vn -1.000000 0.000000 0.000000
vn -0.866022 0.000000 0.500007
vn -0.866022 0.000000 0.500007
vn -0.500023 0.000000 0.866012
vn -0.500023 0.000000 0.866012
vn 0.000000 0.000000 1.000000
vn 0.000000 0.000000 1.000000
vn 0.500001 0.000000 0.866025
vn 0.500001 0.000000 0.866025
vn 0.866033 0.000000 0.499988
vn 0.866033 0.000000 0.499988
vn 1.000000 0.000000 0.000000
vn 1.000000 0.000000 0.000000
vn 0.000000 -1.000000 -0.000000
vn 0.000000 -1.000000 0.000000
vn 0.000000 -1.000000 -0.000000
vn 0.000000 -1.000000 0.000000
vn 0.000000 -1.000000 0.000000
vn 0.000000 -1.000000 0.000000
vn 0.000000 -1.000000 0.000000
vn 0.000000 -1.000000 -0.000000
vn 0.000000 -1.000000 -0.000000
vn 0.000000 -1.000000 0.000000
vn 0.000000 -1.000000 0.000000
vn 0.000000 -1.000000 -0.000000
vn 0.000000 -1.000000 0.000000
vn 0.000000 1.000000 0.000001
vn 0.000000 1.000000 0.000000
vn 0.000000 1.000000 0.000000
vn 0.000000 1.000000 0.000001
vn 0.000000 1.000000 0.000000
vn 0.000000 1.000000 0.000000
vn 0.000000 1.000000 0.000000
vn 0.000000 1.000000 0.000000
vn 0.000000 1.000000 0.000000
vn 0.000000 1.000000 0.000000
vn 0.000000 1.000000 -0.000000
vn 0.000000 1.000000 -0.000000
vn 0.000000 1.000000 -0.000001
vn 0.000000 1.000000 -0.000001
vn 0.000000 1.000000 -0.000000
vn 0.000000 1.000000 -0.000000
vn 0.000000 1.000000 -0.000000
vn 0.000000 1.000000 -0.000000
vn 0.000000 1.000000 -0.000000
vn 0.000000 1.000000 -0.000000
vn 0.000000 1.000000 -0.000000
vn 0.000000 1.000000 -0.000000
vn 0.000000 1.000000 0.000000
vn 0.000000 1.000000 0.000000
vn 0.551511 0.834167 -0.000000
vn 0.477591 0.834181 -0.275770
vn 0.000000 1.000000 -0.000000
vn 0.477588 0.834184 0.275765
vn 0.275731 0.834187 0.477603
vn 0.000000 0.834180 0.551493
vn -0.275767 0.834172 0.477609
vn -0.477614 0.834171 0.275762
vn -0.551501 0.834174 0.000001
vn -0.477613 0.834170 -0.275765
vn -0.275771 0.834168 -0.477612
vn -0.000000 0.834179 -0.551495
vn 0.275737 0.834183 -0.477607
vn 1.000000 0.000000 -0.000000
vn 0.866019 0.000000 -0.500011
vn 0.865691 0.027494 -0.499823
vn 0.999622 0.027493 -0.000000
vn 0.866019 0.000000 0.500011
vn 0.865691 0.027495 0.499823
vn 0.499992 0.000000 0.866030
vn 0.499804 0.027495 0.865702
vn 0.000000 0.000000 1.000000
vn 0.000000 0.027494 0.999622
vn -0.500009 0.000000 0.866020
vn -0.499819 0.027494 0.865693
vn -0.866002 0.000000 0.500040
vn -0.865675 0.027493 0.499850
vn -1.000000 0.000000 -0.000000
vn -0.999622 0.027494 0.000000
vn -0.866002 0.000000 -0.500040
vn -0.865676 0.027493 -0.499850
vn -0.500017 0.000000 -0.866016
vn -0.499827 0.027493 -0.865689
vn 0.000000 0.000000 -1.000000
vn 0.000000 0.027494 -0.999622
vn 0.500000 0.000000 -0.866025
vn 0.499811 0.027495 -0.865698
vn 0.866030 0.000000 -0.499992
vn 0.499980 0.000000 -0.866037
vn 0.499980 0.000000 -0.866037
vn 0.866030 0.000000 -0.499992
vn 0.000000 0.000000 -1.000000
vn 0.000000 0.000000 -1.000000
vn -0.500003 0.000000 -0.866024
vn -0.500003 0.000000 -0.866024
vn -0.866019 0.000000 -0.500011
vn -0.866019 0.000000 -0.500011
vn -1.000000 0.000000 0.000000
vn -1.000000 0.000000 0.000000
vn -0.866022 0.000000 0.500007
vn -0.866022 0.000000 0.500007
vn -0.500023 0.000000 0.866012
vn -0.500023 0.000000 0.866012
vn 0.000000 0.000000 1.000000
vn 0.000000 0.000000 1.000000
vn 0.500001 0.000000 0.866025
vn 0.500001 0.000000 0.866025
vn 0.866033 0.000000 0.499988
vn 0.866033 0.000000 0.499988
vn 1.000000 0.000000 0.000000
vn 1.000000 0.000000 0.000000
vn 0.000000 -1.000000 -0.000000
vn 0.000000 -1.000000 0.000000
vn 0.000000 -1.000000 -0.000000
vn 0.000000 -1.000000 0.000000
vn 0.000000 -1.000000 0.000000
vn 0.000000 -1.000000 0.000000
vn 0.000000 -1.000000 0.000000
vn 0.000000 -1.000000 -0.000000
vn 0.000000 -1.000000 -0.000000
vn 0.000000 -1.000000 0.000000
vn 0.000000 -1.000000 0.000000
vn 0.000000 -1.000000 -0.000000
vn 0.000000 -1.000000 0.000000
vn 0.000000 1.000000 0.000001
vn 0.000000 1.000000 0.000000
vn 0.000000 1.000000 0.000000
vn 0.000000 1.000000 0.000001
vn 0.000000 1.000000 0.000000
vn 0.000000 1.000000 0.000000
vn 0.000000 1.000000 0.000000
vn 0.000000 1.000000 0.000000
vn 0.000000 1.000000 0.000000
vn 0.000000 1.000000 0.000000
vn 0.000000 1.000000 -0.000000
vn 0.000000 1.000000 -0.000000
vn 0.000000 1.000000 -0.000001
vn 0.000000 1.000000 -0.000001
vn 0.000000 1.000000 -0.000000
vn 0.000000 1.000000 -0.000000
vn 0.000000 1.000000 -0.000000
vn 0.000000 1.000000 -0.000000
vn 0.000000 1.000000 -0.000000
vn 0.000000 1.000000 -0.000000
vn 0.000000 1.000000 -0.000000
vn 0.000000 1.000000 -0.000000
vn 0.000000 1.000000 0.000000
vn 0.000000 1.000000 0.000000
vn 0.551507 0.834170 0.000000
vn 0.477585 0.834185 -0.275767
vn 0.000000 1.000000 -0.000000
vn 0.477588 0.834185 0.275764
vn 0.275733 0.834184 0.477606
vn -0.000000 0.834174 0.551501
vn -0.275772 0.834166 0.477616
vn -0.477615 0.834169 0.275764
vn -0.551500 0.834175 0.000001
vn -0.477615 0.834169 -0.275767
vn -0.275775 0.834164 -0.477618
vn 0.000000 0.834174 -0.551502
vn 0.275736 0.834183 -0.477606
vn 1.000000 0.000000 -0.000000
vn 0.866019 0.000000 -0.500011
vn 0.865691 0.027495 -0.499823
vn 0.999622 0.027494 0.000000
vn 0.866019 0.000000 0.500011
vn 0.865691 0.027495 0.499823
vn 0.499992 0.000000 0.866030
vn 0.499804 0.027495 0.865702
vn 0.000000 0.000000 1.000000
vn 0.000000 0.027494 0.999622
vn -0.500009 0.000000 0.866020
vn -0.499819 0.027493 0.865693
vn -0.866002 0.000000 0.500040
vn -0.865676 0.027493 0.499850
vn -1.000000 0.000000 -0.000000
vn -0.999622 0.027495 0.000000
vn -0.866002 0.000000 -0.500040
vn -0.865676 0.027493 -0.499850
vn -0.500017 0.000000 -0.866016
vn -0.499827 0.027493 -0.865689
vn 0.000000 0.000000 -1.000000
vn 0.000000 0.027495 -0.999622
vn 0.500000 0.000000 -0.866025
vn 0.499811 0.027495 -0.865698
vn 0.866030 0.000000 -0.499992
vn 0.499980 0.000000 -0.866037
vn 0.499980 0.000000 -0.866037
vn 0.866030 0.000000 -0.499992
vn 0.000000 0.000000 -1.000000
vn 0.000000 0.000000 -1.000000
vn -0.500003 0.000000 -0.866024
vn -0.500003 0.000000 -0.866024
vn -0.866019 0.000000 -0.500011
vn -0.866019 0.000000 -0.500011
vn -1.000000 0.000000 0.000000
vn -1.000000 0.000000 0.000000
vn -0.866022 0.000000 0.500007
vn -0.866022 0.000000 0.500007
vn -0.500023 0.000000 0.866012
vn -0.500023 0.000000 0.866012
vn 0.000000 0.000000 1.000000
vn 0.000000 0.000000 1.000000
vn 0.500001 0.000000 0.866025
vn 0.500001 0.000000 0.866025
vn 0.866033 0.000000 0.499988
vn 0.866033 0.000000 0.499988
vn 1.000000 0.000000 0.000000
vn 1.000000 0.000000 0.000000
vn 0.000000 -1.000000 -0.000000
vn 0.000000 -1.000000 0.000000
vn 0.000000 -1.000000 -0.000000
vn 0.000000 -1.000000 0.000000
vn 0.000000 -1.000000 0.000000
vn 0.000000 -1.000000 0.000000
vn 0.000000 -1.000000 0.000000
vn 0.000000 -1.000000 -0.000000
vn 0.000000 -1.000000 -0.000000
vn 0.000000 -1.000000 0.000000
vn 0.000000 -1.000000 0.000000
vn 0.000000 -1.000000 -0.000000
vn 0.000000 -1.000000 0.000000
vn 0.000000 1.000000 0.000001
vn 0.000000 1.000000 0.000000
vn 0.000000 1.000000 0.000000
vn 0.000000 1.000000 0.000001
vn 0.000000 1.000000 0.000000
vn 0.000000 1.000000 0.000000
vn 0.000000 1.000000 0.000000
vn 0.000000 1.000000 0.000000
vn 0.000000 1.000000 0.000000
vn 0.000000 1.000000 0.000000
vn 0.000000 1.000000 -0.000000
vn 0.000000 1.000000 -0.000000
vn 0.000000 1.000000 -0.000001
vn 0.000000 1.000000 -0.000001
vn 0.000000 1.000000 -0.000000
vn 0.000000 1.000000 -0.000000
vn 0.000000 1.000000 -0.000000
vn 0.000000 1.000000 -0.000000
vn 0.000000 1.000000 -0.000000
vn 0.000000 1.000000 -0.000000
vn 0.000000 1.000000 -0.000000
vn 0.000000 1.000000 -0.000000
vn 0.000000 1.000000 0.000000
vn 0.000000 1.000000 0.000000
vn 0.551515 0.834165 -0.000000
vn 0.477586 0.834184 -0.275768
vn 0.000000 1.000000 -0.000000
vn 0.477591 0.834182 0.275767
vn 0.275731 0.834188 0.477600
vn -0.000001 0.834181 0.551491
vn -0.275767 0.834171 0.477609
vn -0.477615 0.834170 0.275763
vn -0.551501 0.834174 -0.000000
vn -0.477613 0.834170 -0.275765
vn -0.275770 0.834171 -0.477609
vn 0.000001 0.834179 -0.551494
vn 0.275736 0.834184 -0.477606
vn 1.000000 0.000000 -0.000000
vn 0.866019 0.000000 -0.500011
vn 0.865691 0.027495 -0.499823
vn 0.999622 0.027493 -0.000000
vn 0.866019 0.000000 0.500011
vn 0.865691 0.027494 0.499823
vn 0.499992 0.000000 0.866030
vn 0.499804 0.027496 0.865702
vn 0.000000 0.000000 1.000000
vn 0.000000 0.027495 0.999622
vn -0.500009 0.000000 0.866020
vn -0.499819 0.027494 0.865693
vn -0.866002 0.000000 0.500040
vn -0.865675 0.027493 0.499850
vn -1.000000 0.000000 -0.000000
vn -0.999622 0.027495 0.000000
vn -0.866002 0.000000 -0.500040
vn -0.865676 0.027493 -0.499850
vn -0.500017 0.000000 -0.866016
vn -0.499827 0.027493 -0.865689
vn 0.000000 0.000000 -1.000000
vn 0.000000 0.027495 -0.999622
vn 0.500000 0.000000 -0.866025
vn 0.499811 0.027495 -0.865698
vn 0.866030 0.000000 -0.499992
vn 0.499980 0.000000 -0.866037
vn 0.499980 0.000000 -0.866037
vn 0.866030 0.000000 -0.499992
vn 0.000000 0.000000 -1.000000
vn 0.000000 0.000000 -1.000000
vn -0.500003 0.000000 -0.866024
vn -0.500003 0.000000 -0.866024
vn -0.866019 0.000000 -0.500011
vn -0.866019 0.000000 -0.500011
vn -1.000000 0.000000 0.000000
vn -1.000000 0.000000 0.000000
vn -0.866022 0.000000 0.500007
vn -0.866022 0.000000 0.500007
vn -0.500023 0.000000 0.866012
vn -0.500023 0.000000 0.866012
vn 0.000000 0.000000 1.000000
vn 0.000000 0.000000 1.000000
vn 0.500001 0.000000 0.866025
vn 0.500001 0.000000 0.866025
vn 0.866033 0.000000 0.499988
vn 0.866033 0.000000 0.499988
vn 1.000000 0.000000 0.000000
vn 1.000000 0.000000 0.000000
vn 0.000000 -1.000000 -0.000000
vn 0.000000 -1.000000 0.000000
vn 0.000000 -1.000000 -0.000000
vn 0.000000 -1.000000 0.000000
vn 0.000000 -1.000000 0.000000
vn 0.000000 -1.000000 0.000000
vn 0.000000 -1.000000 0.000000
vn 0.000000 -1.000000 -0.000000
vn 0.000000 -1.000000 -0.000000
vn 0.000000 -1.000000 0.000000
vn 0.000000 -1.000000 0.000000
vn 0.000000 -1.000000 -0.000000
vn 0.000000 -1.000000 0.000000
vn 0.000000 1.000000 0.000001
vn 0.000000 1.000000 0.000000
vn 0.000000 1.000000 0.000000
vn 0.000000 1.000000 0.000001
vn 0.000000 1.000000 0.000000
vn 0.000000 1.000000 0.000000
vn 0.000000 1.000000 0.000000
vn 0.000000 1.000000 0.000000
vn 0.000000 1.000000 0.000000
vn 0.000000 1.000000 0.000000
vn 0.000000 1.000000 -0.000000
vn 0.000000 1.000000 -0.000000
vn 0.000000 1.000000 -0.000001
vn 0.000000 1.000000 -0.000001
vn 0.000000 1.000000 -0.000000
vn 0.000000 1.000000 -0.000000
vn 0.000000 1.000000 -0.000000
vn 0.000000 1.000000 -0.000000
vn 0.000000 1.000000 -0.000000
vn 0.000000 1.000000 -0.000000
vn 0.000000 1.000000 -0.000000
vn 0.000000 1.000000 -0.000000
vn 0.000000 1.000000 0.000000
vn 0.000000 1.000000 0.000000
vn 0.551519 0.834162 0.000000
vn 0.477591 0.834181 -0.275770
vn 0.000000 1.000000 -0.000000
vn 0.477591 0.834182 0.275767
vn 0.275733 0.834187 0.477602
vn -0.000001 0.834181 0.551491
vn -0.275767 0.834172 0.477608
vn -0.477613 0.834171 0.275762
vn -0.551503 0.834173 0.000001
vn -0.477614 0.834169 -0.275766
vn -0.275769 0.834171 -0.477609
vn 0.000001 0.834178 -0.551495
vn 0.275735 0.834183 -0.477607
vn 1.000000 0.000000 -0.000000
vn 0.866019 0.000000 -0.500011
vn 0.865691 0.027494 -0.499823
vn 0.999622 0.027493 0.000000
vn 0.866019 0.000000 0.500011
vn 0.865691 0.027494 0.499823
vn 0.499992 0.000000 0.866030
vn 0.499804 0.027495 0.865702
vn 0.000000 0.000000 1.000000
vn 0.000000 0.027495 0.999622
vn -0.500009 0.000000 0.866020
vn -0.499819 0.027494 0.865693
vn -0.866002 0.000000 0.500040
vn -0.865675 0.027494 0.499850
vn -1.000000 0.000000 -0.000000
vn -0.999622 0.027494 0.000000
vn -0.866002 0.000000 -0.500040
vn -0.865676 0.027492 -0.499850
vn -0.500017 0.000000 -0.866016
vn -0.499827 0.027493 -0.865689
vn 0.000000 0.000000 -1.000000
vn 0.000000 0.027495 -0.999622
vn 0.500000 0.000000 -0.866025
vn 0.499811 0.027495 -0.865698
vn 0.866040 0.000000 -0.499974
vn 0.499999 0.000000 -0.866026
vn 0.497190 -0.005148 -0.867627
vn 0.865203 -0.007617 -0.501365
vn 0.000000 0.000000 -1.000000
vn -0.004375 0.001141 -0.999990
vn -0.499970 0.000000 -0.866043
vn -0.503679 0.010071 -0.863832
vn -0.866040 0.000000 -0.499974
vn -0.867252 0.017857 -0.497550
vn -1.000000 0.000000 0.000000
vn -0.999781 0.020911 -0.000000
vn -0.866045 0.000000 0.499967
vn -0.867256 0.017856 0.497542
vn -0.499970 0.000000 0.866043
vn -0.503679 0.010071 0.863832
vn 0.000000 0.000000 1.000000
vn -0.004373 0.001140 0.999990
vn 0.499999 0.000000 0.866026
vn 0.497189 -0.005148 0.867627
vn 0.866045 0.000000 0.499967
vn 0.865207 -0.007617 0.501357
vn 1.000000 0.000000 0.000000
vn 0.999968 -0.007996 0.000000
vn 0.398781 -0.207545 -0.893252
vn 0.755533 -0.386334 -0.529070
vn -0.058486 0.028782 -0.997873
vn -0.485003 0.254830 -0.836560
vn -0.779018 0.413265 -0.471532
vn -0.882848 0.469659 -0.000000
vn -0.779022 0.413262 0.471529
vn -0.485011 0.254835 0.836554
vn -0.058457 0.028769 0.997875
vn 0.398767 -0.207536 0.893260
vn 0.755540 -0.386336 0.529060
vn 0.891574 -0.452876 0.000001
vn 0.264682 -0.346933 -0.899767
vn 0.530578 -0.653724 -0.539566
vn -0.042024 0.061529 -0.997220
vn -0.311597 0.454466 -0.834486
vn -0.493423 0.731422 -0.470698
vn -0.557251 0.830344 -0.000000
vn -0.493424 0.731424 0.470693
vn -0.311603 0.454480 0.834477
vn -0.042006 0.061505 0.997223
vn 0.264666 -0.346918 0.899778
vn 0.530579 -0.653736 0.539551
vn 0.642267 -0.766481 0.000001
vn 0.002395 -0.497920 -0.867220
vn 0.003752 -0.865385 -0.501093
vn -0.000578 0.002781 -0.999996
vn -0.004535 0.502078 -0.864811
vn -0.007890 0.866769 -0.498647
vn -0.009185 0.999958 -0.000000
vn -0.007890 0.866773 0.498640
vn -0.004535 0.502079 0.864810
vn -0.000578 0.002780 0.999996
vn 0.002395 -0.497919 0.867220
vn 0.003752 -0.865390 0.501086
vn 0.004041 -0.999992 0.000000
vn -0.002394 -0.497929 -0.867215
vn -0.003752 -0.865396 -0.501074
vn 0.000578 0.002802 -0.999996
vn 0.004536 0.502087 -0.864805
vn 0.007890 0.866764 -0.498655
vn 0.009184 0.999958 -0.000000
vn 0.007890 0.866768 0.498649
vn 0.004536 0.502087 0.864805
vn 0.000578 0.002801 0.999996
vn -0.002394 -0.497928 0.867215
vn -0.003752 -0.865400 0.501067
vn -0.004041 -0.999992 0.000000
vn -0.866040 0.000000 -0.499974
vn -0.865203 -0.007616 -0.501364
vn -0.497190 -0.005148 -0.867627
vn -0.499999 0.000000 -0.866026
vn 0.004375 0.001141 -0.999990
vn 0.000000 0.000000 -1.000000
vn 0.503650 0.010070 -0.863849
vn 0.499942 0.000000 -0.866059
vn 0.867197 0.017857 -0.497645
vn 0.865983 0.000000 -0.500073
vn 0.999781 0.020913 -0.000000
vn 1.000000 0.000000 0.000000
vn 0.867201 0.017857 0.497638
vn 0.865988 0.000000 0.500065
vn 0.503650 0.010071 0.863849
vn 0.499942 0.000000 0.866059
vn 0.004373 0.001141 0.999990
vn 0.000000 0.000000 1.000000
vn -0.497189 -0.005147 0.867627
vn -0.499999 0.000000 0.866026
vn -0.865208 -0.007615 0.501356
vn -0.866045 0.000000 0.499967
vn -0.999968 -0.007995 0.000000
vn -1.000000 0.000000 0.000000
vn -0.755525 -0.386349 -0.529071
vn -0.398755 -0.207551 -0.893262
vn 0.058500 0.028780 -0.997872
vn 0.484976 0.254816 -0.836581
vn 0.779005 0.413243 -0.471574
vn 0.882842 0.469670 -0.000001
vn 0.779007 0.413242 0.471571
vn 0.484982 0.254827 0.836574
vn 0.058473 0.028771 0.997874
vn -0.398739 -0.207544 0.893271
vn -0.755529 -0.386357 0.529060
vn -0.891558 -0.452906 0.000002
vn -0.530585 -0.653744 -0.539535
vn -0.264667 -0.346935 -0.899771
vn 0.042021 0.061520 -0.997221
vn 0.311591 0.454451 -0.834497
vn 0.493430 0.731411 -0.470707
vn 0.557252 0.830343 -0.000001
vn 0.493432 0.731410 0.470706
vn 0.311595 0.454465 0.834488
vn 0.042004 0.061497 0.997223
vn -0.264653 -0.346920 0.899781
vn -0.530587 -0.653757 0.539518
vn -0.642296 -0.766457 0.000002
vn 0.000000 -0.866025 -0.500002
vn 0.000000 -0.500013 -0.866018
vn 0.000000 -0.500013 -0.866018
vn 0.000000 -0.866025 -0.500002
vn 0.000000 -0.000000 -1.000000
vn 0.000000 -0.000000 -1.000000
vn 0.000000 0.500013 -0.866018
vn 0.000000 0.500013 -0.866018
vn 0.000000 0.866025 -0.500002
vn 0.000000 0.866025 -0.500002
vn 0.000000 1.000000 0.000000
vn 0.000000 1.000000 0.000000
vn 0.000000 0.866025 0.500002
vn 0.000000 0.866025 0.500002
vn 0.000000 0.500013 0.866018
vn 0.000000 0.500013 0.866018
vn 0.000000 -0.000000 1.000000
vn 0.000000 -0.000000 1.000000
vn 0.000000 -0.500013 0.866018
vn 0.000000 -0.500013 0.866018
vn 0.000000 -0.866025 0.500002
vn 0.000000 -0.866025 0.500002
vn 0.000000 -1.000000 0.000000
vn 0.000000 -1.000000 0.000000
vn -1.000000 -0.000082 0.000000
vn -1.000000 -0.000082 0.000000
vn -1.000000 0.000000 0.000000
vn -1.000000 0.000000 0.000000
vn -1.000000 0.000041 0.000000
vn -1.000000 0.000041 0.000000
vn -1.000000 0.000000 0.000000
vn -1.000000 0.000082 0.000000
vn -1.000000 0.000082 0.000000
vn -1.000000 0.000000 0.000000
vn -1.000000 -0.000041 0.000000
vn -1.000000 -0.000041 0.000000
vn -1.000000 0.000000 0.000000
vn 1.000000 0.000041 0.000000
vn 1.000000 0.000041 0.000000
vn 1.000000 0.000000 0.000000
vn 1.000000 0.000000 0.000000
vn 1.000000 -0.000082 0.000000
vn 1.000000 -0.000082 0.000000
vn 1.000000 0.000000 0.000000
vn 1.000000 -0.000041 0.000000
vn 1.000000 -0.000041 0.000000
vn 1.000000 0.000000 0.000000
vn 1.000000 0.000082 0.000000
vn 1.000000 0.000082 0.000000
vn 1.000000 0.000000 0.000000
vn 0.000000 -0.866024 -0.500002
vn 0.000000 -0.500013 -0.866018
vn 0.000000 -0.500013 -0.866018
vn 0.000000 -0.866024 -0.500002
vn 0.000000 0.000000 -1.000000
vn 0.000000 0.000000 -1.000000
vn 0.000000 0.500013 -0.866018
vn 0.000000 0.500013 -0.866018
vn 0.000000 0.866024 -0.500003
vn 0.000000 0.866024 -0.500003
vn 0.000000 1.000000 0.000000
vn 0.000000 1.000000 0.000000
vn 0.000000 0.866024 0.500003
vn 0.000000 0.866024 0.500003
vn 0.000000 0.500013 0.866018
vn 0.000000 0.500013 0.866018
vn 0.000000 0.000000 1.000000
vn 0.000000 0.000000 1.000000
vn 0.000000 -0.500013 0.866018
vn 0.000000 -0.500013 0.866018
vn 0.000000 -0.866024 0.500002
vn 0.000000 -0.866024 0.500002
vn 0.000000 -1.000000 0.000000
vn 0.000000 -1.000000 0.000000
vn -1.000000 -0.000082 0.000000
vn -1.000000 -0.000082 0.000000
vn -1.000000 0.000000 0.000000
vn -1.000000 0.000000 0.000000
vn -1.000000 0.000041 0.000000
vn -1.000000 0.000041 0.000000
vn -1.000000 0.000000 0.000000
vn -1.000000 0.000082 0.000000
vn -1.000000 0.000082 0.000000
vn -1.000000 0.000000 0.000000
vn -1.000000 -0.000041 0.000000
vn -1.000000 -0.000041 0.000000
vn -1.000000 0.000000 0.000000
vn 1.000000 0.000041 0.000000
vn 1.000000 0.000041 0.000000
vn 1.000000 0.000000 0.000000
vn 1.000000 0.000000 0.000000
vn 1.000000 -0.000082 0.000000
vn 1.000000 -0.000082 0.000000
vn 1.000000 0.000000 0.000000
vn 1.000000 -0.000041 0.000000
vn 1.000000 -0.000041 0.000000
vn 1.000000 0.000000 0.000000
vn 1.000000 0.000082 0.000000
vn 1.000000 0.000082 0.000000
vn 1.000000 0.000000 0.000000
vn -0.335939 0.000000 -0.941884
vn -0.761890 0.000000 -0.647706
vn -0.761890 0.000000 -0.647706
vn -0.335939 0.000000 -0.941884
vn -0.983672 0.000000 -0.179973
vn -0.983672 0.000000 -0.179973
vn -0.941868 0.000000 0.335984
vn -0.941868 0.000000 0.335984
vn -0.647685 0.000000 0.761909
vn -0.647685 0.000000 0.761909
vn -0.179971 0.000000 0.983672
vn -0.179971 0.000000 0.983672
vn 0.335972 0.000000 0.941872
vn 0.335972 0.000000 0.941872
vn 0.761940 0.000000 0.647647
vn 0.761940 0.000000 0.647647
vn 0.983672 0.000000 0.179973
vn 0.983672 0.000000 0.179973
vn 0.941871 0.000000 -0.335976
vn 0.941871 0.000000 -0.335976
vn 0.647641 0.000000 -0.761946
vn 0.647641 0.000000 -0.761946
vn 0.179956 0.000000 -0.983675
vn 0.179956 0.000000 -0.983675
vn 0.000000 1.000000 0.000000
vn 0.000000 1.000000 0.000000
vn 0.000000 1.000000 0.000000
vn 0.000000 1.000000 0.000006
vn 0.000000 1.000000 0.000006
vn 0.000000 1.000000 -0.000001
vn 0.000000 1.000000 -0.000004
vn 0.000000 1.000000 -0.000003
vn 0.000000 1.000000 0.000000
vn 0.000000 1.000000 0.000000
vn 0.000000 1.000000 0.000000
vn 0.000000 1.000000 0.000000
vn 0.000000 1.000000 0.000000
vn -0.238972 0.702794 -0.670054
vn -0.542022 0.702751 -0.460818
vn -0.542038 0.702751 -0.460799
vn -0.239018 0.702794 -0.670038
vn -0.699816 0.702758 -0.128020
vn -0.699811 0.702758 -0.128042
vn -0.670099 0.702738 0.239012
vn -0.670105 0.702738 0.238995
vn -0.460802 0.702724 0.542070
vn -0.460808 0.702724 0.542065
vn -0.128033 0.702728 0.699844
vn -0.128024 0.702728 0.699846
vn 0.239035 0.702765 0.670062
vn 0.239016 0.702765 0.670069
vn 0.542065 0.702743 0.460781
vn 0.542085 0.702743 0.460757
vn 0.699836 0.702733 0.128045
vn 0.699839 0.702733 0.128027
vn 0.670060 0.702761 -0.239056
vn 0.670064 0.702761 -0.239042
vn 0.460716 0.702811 -0.542031
vn 0.460722 0.702811 -0.542026
vn 0.128021 0.702781 -0.699793
vn 0.128007 0.702781 -0.699795
vn -0.335968 0.000000 -0.941873
vn -0.761876 0.000000 -0.647722
vn -0.761876 0.000000 -0.647722
vn -0.335968 0.000000 -0.941873
vn -0.983675 0.000000 -0.179953
vn -0.983675 0.000000 -0.179953
vn -0.941900 0.000000 0.335893
vn -0.941900 0.000000 0.335893
vn -0.647692 0.000000 0.761902
vn -0.647692 0.000000 0.761902
vn -0.179933 0.000000 0.983679
vn -0.179933 0.000000 0.983679
vn 0.335991 0.000000 0.941865
vn 0.335991 0.000000 0.941865
vn 0.761931 0.000000 0.647658
vn 0.761931 0.000000 0.647658
vn 0.983675 0.000000 0.179953
vn 0.983675 0.000000 0.179953
vn 0.941844 0.000000 -0.336050
vn 0.941844 0.000000 -0.336050
vn 0.647647 0.000000 -0.761941
vn 0.647647 0.000000 -0.761941
vn 0.179928 0.000000 -0.983680
vn 0.179928 0.000000 -0.983680
vn -0.264886 0.615186 -0.742550
vn -0.600639 0.615187 -0.510663
vn -0.600630 0.615187 -0.510674
vn -0.264908 0.615186 -0.742543
vn -0.775506 0.615193 -0.141872
vn -0.775503 0.615193 -0.141888
vn -0.742529 0.615228 0.264851
vn -0.742552 0.615228 0.264786
vn -0.510634 0.615244 0.600606
vn -0.510663 0.615244 0.600581
vn -0.141852 0.615184 0.775517
vn -0.141862 0.615184 0.775515
vn 0.264905 0.615227 0.742510
vn 0.264953 0.615227 0.742493
vn 0.600655 0.615239 0.510583
vn 0.600662 0.615239 0.510575
vn 0.775480 0.615225 0.141875
vn 0.775484 0.615225 0.141854
vn 0.742490 0.615231 -0.264953
vn 0.742491 0.615231 -0.264951
vn 0.510607 0.615235 -0.600639
vn 0.510619 0.615235 -0.600628
vn 0.141853 0.615164 -0.775533
vn 0.141863 0.615164 -0.775531
vn -0.336034 0.000000 -0.941850
vn -0.761842 0.000000 -0.647763
vn -0.761842 0.000000 -0.647763
vn -0.336034 0.000000 -0.941850
vn -0.983670 0.000000 -0.179979
vn -0.983670 0.000000 -0.179979
vn -0.941887 0.000000 0.335929
vn -0.941887 0.000000 0.335929
vn -0.647821 0.000000 0.761793
vn -0.647821 0.000000 0.761793
vn -0.179935 0.000000 0.983679
vn -0.179935 0.000000 0.983679
vn 0.336122 0.000000 0.941819
vn 0.336122 0.000000 0.941819
vn 0.761924 0.000000 0.647666
vn 0.761924 0.000000 0.647666
vn 0.983675 0.000000 0.179954
vn 0.983675 0.000000 0.179954
vn 0.941818 0.000000 -0.336125
vn 0.941818 0.000000 -0.336125
vn 0.647759 0.000000 -0.761846
vn 0.647759 0.000000 -0.761846
vn 0.179934 0.000000 -0.983679
vn 0.179934 0.000000 -0.983679
vn 0.000000 1.000000 -0.000001
vn 0.000000 1.000000 -0.000001
vn 0.000000 1.000000 -0.000001
vn 0.000000 1.000000 -0.000001
vn 0.000000 1.000000 0.000000
vn 0.000000 1.000000 0.000000
vn 0.000000 1.000000 0.000000
vn 0.000000 1.000000 0.000000
vn 0.000000 1.000000 0.000000
vn 0.000000 1.000000 0.000000
vn 0.000000 1.000000 0.000000
vn 0.000000 1.000000 0.000000
vn 0.000000 1.000000 0.000000
vn 0.000000 1.000000 0.000000
vn 0.000000 1.000000 0.000000
vn 0.000000 1.000000 0.000000
vn 0.000000 1.000000 0.000001
vn 0.000000 1.000000 0.000001
vn 0.000000 1.000000 0.000001
vn 0.000000 1.000000 0.000001
vn 0.000000 1.000000 -0.000002
vn 0.000000 1.000000 -0.000002
vn 0.000000 1.000000 -0.000002
vn 0.000000 1.000000 -0.000002
vn 0.000000 1.000000 0.000000
vn 0.000000 1.000000 0.000000
vn 0.000000 1.000000 0.000000
vn 0.000000 1.000000 0.000000
vn 0.000000 1.000000 0.000000
vn 0.000000 1.000000 0.000000
vn 0.000000 1.000000 0.000000
vn 0.000000 1.000000 0.000000
vn 0.000000 1.000000 0.000001
vn 0.000000 1.000000 0.000001
vn 0.000000 1.000000 0.000001
vn 0.000000 1.000000 0.000001
vn 0.000000 1.000000 0.000000
vn 0.000000 1.000000 0.000000
vn 0.000000 1.000000 0.000000
vn 0.000000 1.000000 0.000000
vn 0.000000 1.000000 -0.000001
vn 0.000000 1.000000 -0.000001
vn 0.000000 1.000000 -0.000001
vn 0.000000 1.000000 -0.000001
vn 0.000000 1.000000 0.000002
vn 0.000000 1.000000 0.000002
vn 0.000000 1.000000 0.000002
vn 0.000000 1.000000 0.000002
vn -0.336101 0.000000 -0.941826
vn -0.761858 0.000000 -0.647744
vn -0.761858 0.000000 -0.647744
vn -0.336101 0.000000 -0.941826
vn -0.983677 0.000000 -0.179943
vn -0.983677 0.000000 -0.179943
vn -0.941895 0.000000 0.335909
vn -0.941895 0.000000 0.335909
vn -0.647663 0.000000 0.761927
vn -0.647663 0.000000 0.761927
vn -0.179997 0.000000 0.983667
vn -0.179997 0.000000 0.983667
vn 0.335960 0.000000 0.941876
vn 0.335960 0.000000 0.941876
vn 0.761984 0.000000 0.647596
vn 0.761984 0.000000 0.647596
vn 0.983678 0.000000 0.179936
vn 0.983678 0.000000 0.179936
vn 0.941821 0.000000 -0.336114
vn 0.941821 0.000000 -0.336114
vn 0.647731 0.000000 -0.761869
vn 0.647731 0.000000 -0.761869
vn 0.180034 0.000000 -0.983660
vn 0.180034 0.000000 -0.983660
vn -0.297853 -0.462825 -0.834911
vn -0.675315 -0.462878 -0.574189
vn -0.675321 -0.462878 -0.574182
vn -0.297881 -0.462825 -0.834901
vn -0.871922 -0.462935 -0.159507
vn -0.871923 -0.462935 -0.159503
vn -0.834902 -0.462899 0.297762
vn -0.834906 -0.462899 0.297752
vn -0.574100 -0.462914 0.675367
vn -0.574119 -0.462914 0.675350
vn -0.159524 -0.462863 0.871958
vn -0.159532 -0.462863 0.871956
vn 0.297800 -0.462889 0.834895
vn 0.297829 -0.462889 0.834884
vn 0.675455 -0.462847 0.574050
vn 0.675440 -0.462847 0.574067
vn 0.871963 -0.462861 0.159504
vn 0.871960 -0.462861 0.159517
vn 0.834883 -0.462834 -0.297919
vn 0.834891 -0.462834 -0.297894
vn 0.574152 -0.462841 -0.675372
vn 0.574172 -0.462841 -0.675356
vn 0.159562 -0.462761 -0.872005
vn 0.159567 -0.462761 -0.872004
vn 0.000000 1.000000 0.000000
vn 0.000000 1.000000 0.000000
vn 0.000000 1.000000 0.000000
vn 0.000000 1.000000 0.000000
vn 0.000000 1.000000 0.000000
vn 0.000000 1.000000 0.000000
vn 0.000000 1.000000 0.000000
vn 0.000000 1.000000 0.000000
vn 0.000000 1.000000 0.000000
vn 0.000000 1.000000 0.000000
vn 0.000000 1.000000 0.000000
vn 0.000000 1.000000 0.000000
vn 0.000000 1.000000 0.000000
vn 0.000000 1.000000 0.000000
vn 0.000000 1.000000 0.000000
vn 0.000000 1.000000 0.000000
vn 0.000000 1.000000 -0.000002
vn 0.000000 1.000000 -0.000002
vn 0.000000 1.000000 -0.000002
vn 0.000000 1.000000 -0.000002
vn 0.000000 1.000000 -0.000002
vn 0.000000 1.000000 -0.000002
vn 0.000000 1.000000 -0.000002
vn 0.000000 1.000000 -0.000002
vn 0.000000 1.000000 -0.000002
vn 0.000000 1.000000 -0.000002
vn 0.000000 1.000000 -0.000002
vn 0.000000 1.000000 -0.000002
vn 0.000000 1.000000 0.000000
vn 0.000000 1.000000 0.000000
vn 0.000000 1.000000 0.000000
vn 0.000000 1.000000 0.000000
vn 0.000000 1.000000 0.000004
vn 0.000000 1.000000 0.000004
vn 0.000000 1.000000 0.000004
vn 0.000000 1.000000 0.000004
vn 0.000000 1.000000 0.000000
vn 0.000000 1.000000 0.000000
vn 0.000000 1.000000 0.000000
vn 0.000000 1.000000 0.000000
vn 0.000000 1.000000 0.000002
vn 0.000000 1.000000 0.000002
vn 0.000000 1.000000 0.000002
vn 0.000000 1.000000 0.000002
vn 0.000000 1.000000 -0.000001
vn 0.000000 1.000000 -0.000001
vn 0.000000 1.000000 -0.000001
vn 0.000000 1.000000 -0.000001
vn -0.335837 0.000000 -0.941920
vn -0.761882 0.000000 -0.647716
vn -0.761882 0.000000 -0.647716
vn -0.335837 0.000000 -0.941920
vn -0.983671 0.000000 -0.179977
vn -0.983671 0.000000 -0.179977
vn -0.941917 0.000000 0.335847
vn -0.941917 0.000000 0.335847
vn -0.647763 0.000000 0.761842
vn -0.647763 0.000000 0.761842
vn -0.179888 0.000000 0.983687
vn -0.179888 0.000000 0.983687
vn 0.336134 0.000000 0.941814
vn 0.336134 0.000000 0.941814
vn 0.761984 0.000000 0.647596
vn 0.761984 0.000000 0.647596
vn 0.983680 0.000000 0.179926
vn 0.983680 0.000000 0.179926
vn 0.941858 0.000000 -0.336011
vn 0.941858 0.000000 -0.336011
vn 0.647630 0.000000 -0.761955
vn 0.647630 0.000000 -0.761955
vn 0.179882 0.000000 -0.983688
vn 0.179882 0.000000 -0.983688
vn -0.000717 -0.999999 -0.001040
vn -0.000717 -0.999999 -0.001040
vn -0.000717 -0.999999 -0.001040
vn -0.000717 -0.999999 -0.001040
vn -0.001139 -0.999999 -0.000542
vn -0.001139 -0.999999 -0.000542
vn -0.001139 -0.999999 -0.000542
vn -0.001139 -0.999999 -0.000542
vn -0.001256 -0.999999 0.000098
vn -0.001256 -0.999999 0.000098
vn -0.001256 -0.999999 0.000098
vn -0.001256 -0.999999 0.000098
vn -0.001037 -0.999999 0.000722
vn -0.001037 -0.999999 0.000722
vn -0.001037 -0.999999 0.000722
vn -0.001037 -0.999999 0.000722
vn -0.000540 -0.999999 0.001149
vn -0.000540 -0.999999 0.001149
vn -0.000540 -0.999999 0.001149
vn -0.000540 -0.999999 0.001149
vn 0.000102 -0.999999 0.001254
vn 0.000102 -0.999999 0.001254
vn 0.000102 -0.999999 0.001254
vn 0.000102 -0.999999 0.001254
vn 0.000717 -0.999999 0.001048
vn 0.000717 -0.999999 0.001048
vn 0.000717 -0.999999 0.001048
vn 0.000717 -0.999999 0.001048
vn 0.001139 -0.999999 0.000547
vn 0.001139 -0.999999 0.000547
vn 0.001139 -0.999999 0.000547
vn 0.001139 -0.999999 0.000547
vn 0.001257 -0.999999 -0.000109
vn 0.001257 -0.999999 -0.000109
vn 0.001257 -0.999999 -0.000109
vn 0.001257 -0.999999 -0.000109
vn 0.001038 -0.999999 -0.000711
vn 0.001038 -0.999999 -0.000711
vn 0.001038 -0.999999 -0.000711
vn 0.001038 -0.999999 -0.000711
vn 0.000540 -0.999999 -0.001143
vn 0.000540 -0.999999 -0.001143
vn 0.000540 -0.999999 -0.001143
vn 0.000540 -0.999999 -0.001143
vn -0.000102 -0.999999 -0.001265
vn -0.000102 -0.999999 -0.001265
vn -0.000102 -0.999999 -0.001265
vn -0.000102 -0.999999 -0.001265
vn -0.336130 0.000000 -0.941815
vn -0.761751 0.000000 -0.647870
vn -0.761751 0.000000 -0.647870
vn -0.336130 0.000000 -0.941815
vn -0.983676 0.000000 -0.179949
vn -0.983676 0.000000 -0.179949
vn -0.941871 0.000000 0.335974
vn -0.941871 0.000000 0.335974
vn -0.647807 0.000000 0.761805
vn -0.647807 0.000000 0.761805
vn -0.179889 0.000000 0.983687
vn -0.179889 0.000000 0.983687
vn 0.336165 0.000000 0.941803
vn 0.336165 0.000000 0.941803
vn 0.761993 0.000000 0.647585
vn 0.761993 0.000000 0.647585
vn 0.983676 0.000000 0.179949
vn 0.983676 0.000000 0.179949
vn 0.941868 0.000000 -0.335984
vn 0.941868 0.000000 -0.335984
vn 0.647861 0.000000 -0.761758
vn 0.647861 0.000000 -0.761758
vn 0.179927 0.000000 -0.983680
vn 0.179927 0.000000 -0.983680
vn 0.983673 0.000000 0.179965
vn 0.983673 0.000000 0.179965
vn 0.983673 0.000000 0.179965
vn 0.983673 0.000000 0.179965
vn 0.000000 1.000000 0.000000
vn 0.000000 1.000000 0.000000
vn 0.000000 1.000000 0.000000
vn 0.000000 1.000000 0.000000
vn -0.983667 0.000000 -0.179998
vn -0.983667 0.000000 -0.179998
vn -0.983667 0.000000 -0.179998
vn -0.983667 0.000000 -0.179998
vn 0.000000 -1.000000 0.000000
vn 0.000000 -1.000000 0.000000
vn 0.000000 -1.000000 0.000000
vn 0.000000 -1.000000 0.000000
vn 0.179961 0.000000 -0.983674
vn 0.179961 0.000000 -0.983674
vn 0.179961 0.000000 -0.983674
vn 0.179961 0.000000 -0.983674
vn -0.179958 0.000000 0.983674
vn -0.179958 0.000000 0.983674
vn -0.179958 0.000000 0.983674
vn -0.179958 0.000000 0.983674
vn 0.903958 0.000000 0.427620
vn 0.996660 0.000000 -0.081660
vn 0.996660 0.000000 -0.081660
vn 0.903958 0.000000 0.427620
vn 0.822294 0.000000 -0.569063
vn 0.822294 0.000000 -0.569063
vn 0.427617 0.000000 -0.903960
vn 0.427617 0.000000 -0.903960
vn -0.081681 0.000000 -0.996659
vn -0.081681 0.000000 -0.996659
vn -0.569064 0.000000 -0.822293
vn -0.569064 0.000000 -0.822293
vn -0.903967 0.000000 -0.427602
vn -0.903967 0.000000 -0.427602
vn -0.996655 0.000000 0.081721
vn -0.996655 0.000000 0.081721
vn -0.822294 0.000000 0.569063
vn -0.822294 0.000000 0.569063
vn -0.427590 0.000000 0.903973
vn -0.427590 0.000000 0.903973
vn 0.081730 0.000000 0.996655
vn 0.081730 0.000000 0.996655
vn 0.569080 0.000000 0.822283
vn 0.569080 0.000000 0.822283
vn 0.000000 1.000000 0.000000
vn 0.000000 1.000000 0.000000
vn 0.000000 1.000000 -0.000011
vn 0.000000 1.000000 -0.000008
vn 0.000000 1.000000 0.000003
vn 0.000000 1.000000 0.000000
vn 0.000000 1.000000 0.000006
vn 0.000000 1.000000 0.000006
vn 0.000000 1.000000 0.000000
vn 0.000000 1.000000 0.000000
vn 0.000000 1.000000 0.000003
vn 0.000000 1.000000 0.000003
vn 0.000000 1.000000 0.000000
vn 0.643049 0.702802 0.304234
vn 0.709067 0.702744 -0.058085
vn 0.709066 0.702744 -0.058105
vn 0.643070 0.702802 0.304188
vn 0.585003 0.702751 -0.404861
vn 0.585008 0.702751 -0.404854
vn 0.304243 0.702734 -0.643118
vn 0.304261 0.702734 -0.643110
vn -0.058116 0.702729 -0.709080
vn -0.058111 0.702729 -0.709081
vn -0.404871 0.702734 -0.585017
vn -0.404871 0.702734 -0.585017
vn -0.643107 0.702768 -0.304188
vn -0.643101 0.702768 -0.304202
vn -0.709046 0.702763 0.058126
vn -0.709044 0.702763 0.058150
vn -0.585018 0.702753 0.404835
vn -0.585005 0.702753 0.404855
vn -0.304171 0.702755 0.643130
vn -0.304184 0.702755 0.643123
vn 0.058150 0.702811 0.708996
vn 0.058141 0.702811 0.708997
vn 0.404849 0.702788 0.584968
vn 0.404851 0.702788 0.584966
vn 0.903950 0.000000 0.427638
vn 0.996660 0.000000 -0.081660
vn 0.996660 0.000000 -0.081660
vn 0.903950 0.000000 0.427638
vn 0.822282 0.000000 -0.569080
vn 0.822282 0.000000 -0.569080
vn 0.427685 0.000000 -0.903928
vn 0.427685 0.000000 -0.903928
vn -0.081676 0.000000 -0.996659
vn -0.081676 0.000000 -0.996659
vn -0.569090 0.000000 -0.822275
vn -0.569090 0.000000 -0.822275
vn -0.903978 0.000000 -0.427579
vn -0.903978 0.000000 -0.427579
vn -0.996655 0.000000 0.081724
vn -0.996655 0.000000 0.081724
vn -0.822302 0.000000 0.569052
vn -0.822302 0.000000 0.569052
vn -0.427526 0.000000 0.904003
vn -0.427526 0.000000 0.904003
vn 0.081739 0.000000 0.996654
vn 0.081739 0.000000 0.996654
vn 0.569105 0.000000 0.822265
vn 0.569105 0.000000 0.822265
vn 0.712663 0.615206 0.337095
vn 0.785734 0.615209 -0.064338
vn 0.785734 0.615209 -0.064339
vn 0.712663 0.615206 0.337095
vn 0.648256 0.615202 -0.448654
vn 0.648271 0.615202 -0.448632
vn 0.337115 0.615239 -0.712626
vn 0.337174 0.615239 -0.712597
vn -0.064345 0.615262 -0.785692
vn -0.064309 0.615262 -0.785695
vn -0.448656 0.615212 -0.648245
vn -0.448648 0.615212 -0.648250
vn -0.712641 0.615259 -0.337044
vn -0.712659 0.615259 -0.337006
vn -0.785682 0.615269 0.064406
vn -0.785681 0.615269 0.064416
vn -0.648234 0.615272 0.448589
vn -0.648221 0.615272 0.448609
vn -0.337003 0.615274 0.712648
vn -0.336986 0.615274 0.712656
vn 0.064396 0.615262 0.785688
vn 0.064373 0.615262 0.785690
vn 0.448660 0.615170 0.648282
vn 0.448676 0.615170 0.648272
vn 0.903999 0.000000 0.427535
vn 0.996668 0.000000 -0.081560
vn 0.996668 0.000000 -0.081560
vn 0.903999 0.000000 0.427535
vn 0.822291 0.000000 -0.569068
vn 0.822291 0.000000 -0.569068
vn 0.427647 0.000000 -0.903946
vn 0.427647 0.000000 -0.903946
vn -0.081520 0.000000 -0.996672
vn -0.081520 0.000000 -0.996672
vn -0.569097 0.000000 -0.822270
vn -0.569097 0.000000 -0.822270
vn -0.904034 0.000000 -0.427461
vn -0.904034 0.000000 -0.427461
vn -0.996657 0.000000 0.081696
vn -0.996657 0.000000 0.081696
vn -0.822291 0.000000 0.569068
vn -0.822291 0.000000 0.569068
vn -0.427445 0.000000 0.904042
vn -0.427445 0.000000 0.904042
vn 0.081603 0.000000 0.996665
vn 0.081603 0.000000 0.996665
vn 0.569079 0.000000 0.822283
vn 0.569079 0.000000 0.822283
vn 0.000000 1.000000 -0.000001
vn 0.000000 1.000000 -0.000001
vn 0.000000 1.000000 -0.000001
vn 0.000000 1.000000 -0.000001
vn 0.000000 1.000000 0.000000
vn 0.000000 1.000000 0.000000
vn 0.000000 1.000000 0.000000
vn 0.000000 1.000000 0.000000
vn 0.000000 1.000000 -0.000001
vn 0.000000 1.000000 -0.000001
vn 0.000000 1.000000 -0.000001
vn 0.000000 1.000000 -0.000001
vn 0.000000 1.000000 0.000001
vn 0.000000 1.000000 0.000001
vn 0.000000 1.000000 0.000001
vn 0.000000 1.000000 0.000001
vn 0.000000 1.000000 0.000000
vn 0.000000 1.000000 0.000000
vn 0.000000 1.000000 0.000000
vn 0.000000 1.000000 0.000000
vn 0.000000 1.000000 -0.000001
vn 0.000000 1.000000 -0.000001
vn 0.000000 1.000000 -0.000001
vn 0.000000 1.000000 -0.000001
vn 0.000000 1.000000 0.000000
vn 0.000000 1.000000 0.000000
vn 0.000000 1.000000 0.000000
vn 0.000000 1.000000 0.000000
vn 0.000000 1.000000 0.000000
vn 0.000000 1.000000 0.000000
vn 0.000000 1.000000 0.000000
vn 0.000000 1.000000 0.000000
vn 0.000000 1.000000 0.000000
vn 0.000000 1.000000 0.000000
vn 0.000000 1.000000 0.000000
vn 0.000000 1.000000 0.000000
vn 0.000000 1.000000 0.000002
vn 0.000000 1.000000 0.000002
vn 0.000000 1.000000 0.000002
vn 0.000000 1.000000 0.000002
vn 0.000000 1.000000 -0.000000
vn 0.000000 1.000000 -0.000000
vn 0.000000 1.000000 -0.000000
vn 0.000000 1.000000 -0.000000
vn 0.000000 1.000000 0.000001
vn 0.000000 1.000000 0.000001
vn 0.000000 1.000000 0.000001
vn 0.000000 1.000000 0.000001
vn 0.903989 0.000000 0.427555
vn 0.996670 0.000000 -0.081541
vn 0.996670 0.000000 -0.081541
vn 0.903989 0.000000 0.427555
vn 0.822322 0.000000 -0.569023
vn 0.822322 0.000000 -0.569023
vn 0.427671 0.000000 -0.903935
vn 0.427671 0.000000 -0.903935
vn -0.081646 0.000000 -0.996661
vn -0.081646 0.000000 -0.996661
vn -0.569039 0.000000 -0.822311
vn -0.569039 0.000000 -0.822311
vn -0.903990 0.000000 -0.427555
vn -0.903990 0.000000 -0.427555
vn -0.996653 0.000000 0.081745
vn -0.996653 0.000000 0.081745
vn -0.822284 0.000000 0.569077
vn -0.822284 0.000000 0.569077
vn -0.427507 0.000000 0.904012
vn -0.427507 0.000000 0.904012
vn 0.081649 0.000000 0.996661
vn 0.081649 0.000000 0.996661
vn 0.569065 0.000000 0.822292
vn 0.569065 0.000000 0.822292
vn 0.801305 -0.462851 0.379051
vn 0.883470 -0.462878 -0.072282
vn 0.883468 -0.462878 -0.072309
vn 0.801323 -0.462851 0.379013
vn 0.728894 -0.462932 -0.504388
vn 0.728884 -0.462932 -0.504403
vn 0.379094 -0.462893 -0.801260
vn 0.379085 -0.462893 -0.801264
vn -0.072384 -0.462910 -0.883445
vn -0.072352 -0.462910 -0.883447
vn -0.504436 -0.462858 -0.728908
vn -0.504435 -0.462858 -0.728908
vn -0.801292 -0.462899 -0.379019
vn -0.801309 -0.462899 -0.378983
vn -0.883459 -0.462867 0.072492
vn -0.883461 -0.462867 0.072462
vn -0.728899 -0.462852 0.504454
vn -0.728902 -0.462852 0.504450
vn -0.378987 -0.462823 0.801351
vn -0.379000 -0.462824 0.801345
vn 0.072408 -0.462850 0.883474
vn 0.072375 -0.462850 0.883477
vn 0.504468 -0.462784 0.728933
vn 0.504468 -0.462784 0.728933
vn 0.000000 1.000000 -0.000004
vn 0.000000 1.000000 -0.000004
vn 0.000000 1.000000 -0.000004
vn 0.000000 1.000000 -0.000004
vn 0.000000 1.000000 0.000000
vn 0.000000 1.000000 0.000000
vn 0.000000 1.000000 0.000000
vn 0.000000 1.000000 0.000000
vn 0.000000 1.000000 0.000002
vn 0.000000 1.000000 0.000002
vn 0.000000 1.000000 0.000002
vn 0.000000 1.000000 0.000002
vn 0.000000 1.000000 0.000001
vn 0.000000 1.000000 0.000001
vn 0.000000 1.000000 0.000001
vn 0.000000 1.000000 0.000001
vn 0.000000 1.000000 0.000002
vn 0.000000 1.000000 0.000002
vn 0.000000 1.000000 0.000002
vn 0.000000 1.000000 0.000002
vn 0.000000 1.000000 0.000000
vn 0.000000 1.000000 0.000000
vn 0.000000 1.000000 0.000000
vn 0.000000 1.000000 0.000000
vn 0.000000 1.000000 0.000002
vn 0.000000 1.000000 0.000002
vn 0.000000 1.000000 0.000002
vn 0.000000 1.000000 0.000002
vn 0.000000 1.000000 0.000000
vn 0.000000 1.000000 0.000000
vn 0.000000 1.000000 0.000000
vn 0.000000 1.000000 0.000000
vn 0.000000 1.000000 -0.000002
vn 0.000000 1.000000 -0.000002
vn 0.000000 1.000000 -0.000002
vn 0.000000 1.000000 -0.000002
vn 0.000000 1.000000 0.000001
vn 0.000000 1.000000 0.000001
vn 0.000000 1.000000 0.000001
vn 0.000000 1.000000 0.000001
vn 0.000000 1.000000 -0.000002
vn 0.000000 1.000000 -0.000002
vn 0.000000 1.000000 -0.000002
vn 0.000000 1.000000 -0.000002
vn 0.000000 1.000000 0.000000
vn 0.000000 1.000000 0.000000
vn 0.000000 1.000000 0.000000
vn 0.000000 1.000000 0.000000
vn 0.903919 0.000000 0.427704
vn 0.996658 0.000000 -0.081684
vn 0.996658 0.000000 -0.081684
vn 0.903919 0.000000 0.427704
vn 0.822303 0.000000 -0.569050
vn 0.822303 0.000000 -0.569050
vn 0.427732 0.000000 -0.903906
vn 0.427732 0.000000 -0.903906
vn -0.081663 0.000000 -0.996660
vn -0.081663 0.000000 -0.996660
vn -0.569111 0.000000 -0.822261
vn -0.569111 0.000000 -0.822261
vn -0.904019 0.000000 -0.427492
vn -0.904019 0.000000 -0.427492
vn -0.996644 0.000000 0.081863
vn -0.996644 0.000000 0.081863
vn -0.822302 0.000000 0.569052
vn -0.822302 0.000000 0.569052
vn -0.427515 0.000000 0.904009
vn -0.427515 0.000000 0.904009
vn 0.081781 0.000000 0.996650
vn 0.081781 0.000000 0.996650
vn 0.569111 0.000000 0.822261
vn 0.569111 0.000000 0.822261
vn 0.001241 -0.999999 0.000235
vn 0.001241 -0.999999 0.000235
vn 0.001241 -0.999999 0.000235
vn 0.001241 -0.999999 0.000235
vn 0.001187 -0.999999 -0.000427
vn 0.001187 -0.999999 -0.000427
vn 0.001187 -0.999999 -0.000427
vn 0.001187 -0.999999 -0.000427
vn 0.000816 -0.999999 -0.000968
vn 0.000816 -0.999999 -0.000968
vn 0.000816 -0.999999 -0.000968
vn 0.000816 -0.999999 -0.000968
vn 0.000226 -0.999999 -0.001236
vn 0.000226 -0.999999 -0.001236
vn 0.000226 -0.999999 -0.001236
vn 0.000226 -0.999999 -0.001236
vn -0.000425 -0.999999 -0.001189
vn -0.000425 -0.999999 -0.001189
vn -0.000425 -0.999999 -0.001189
vn -0.000425 -0.999999 -0.001189
vn -0.000961 -0.999999 -0.000815
vn -0.000961 -0.999999 -0.000815
vn -0.000961 -0.999999 -0.000815
vn -0.000961 -0.999999 -0.000815
vn -0.001240 -0.999999 -0.000219
vn -0.001240 -0.999999 -0.000219
vn -0.001240 -0.999999 -0.000219
vn -0.001240 -0.999999 -0.000219
vn -0.001187 -0.999999 0.000427
vn -0.001187 -0.999999 0.000427
vn -0.001187 -0.999999 0.000427
vn -0.001187 -0.999999 0.000427
vn -0.000816 -0.999999 0.000969
vn -0.000816 -0.999999 0.000969
vn -0.000816 -0.999999 0.000969
vn -0.000816 -0.999999 0.000969
vn -0.000226 -0.999999 0.001250
vn -0.000226 -0.999999 0.001250
vn -0.000226 -0.999999 0.001250
vn -0.000226 -0.999999 0.001250
vn 0.000425 -0.999999 0.001185
vn 0.000425 -0.999999 0.001185
vn 0.000425 -0.999999 0.001185
vn 0.000425 -0.999999 0.001185
vn 0.000961 -0.999999 0.000815
vn 0.000961 -0.999999 0.000815
vn 0.000961 -0.999999 0.000815
vn 0.000961 -0.999999 0.000815
vn 0.904034 0.000000 0.427461
vn 0.996672 0.000000 -0.081520
vn 0.996672 0.000000 -0.081520
vn 0.904034 0.000000 0.427461
vn 0.822296 0.000000 -0.569060
vn 0.822296 0.000000 -0.569060
vn 0.427624 0.000000 -0.903957
vn 0.427624 0.000000 -0.903957
vn -0.081503 0.000000 -0.996673
vn -0.081503 0.000000 -0.996673
vn -0.569097 0.000000 -0.822271
vn -0.569097 0.000000 -0.822271
vn -0.904049 0.000000 -0.427430
vn -0.904049 0.000000 -0.427430
vn -0.996643 0.000000 0.081874
vn -0.996643 0.000000 0.081874
vn -0.822308 0.000000 0.569043
vn -0.822308 0.000000 0.569043
vn -0.427616 0.000000 0.903960
vn -0.427616 0.000000 0.903960
vn 0.081473 0.000000 0.996676
vn 0.081473 0.000000 0.996676
vn 0.569072 0.000000 0.822288
vn 0.569072 0.000000 0.822288
vn 0.951053 0.000000 -0.309027
vn 0.809017 0.000000 -0.587786
vn 0.809017 0.000000 -0.587786
vn 0.951053 0.000000 -0.309027
vn 0.587783 0.000000 -0.809019
vn 0.587783 0.000000 -0.809019
vn 0.309023 0.000000 -0.951055
vn 0.309023 0.000000 -0.951055
vn 0.000000 0.000000 -1.000000
vn 0.000000 0.000000 -1.000000
vn -0.309015 0.000000 -0.951057
vn -0.309015 0.000000 -0.951057
vn -0.587783 0.000000 -0.809019
vn -0.587783 0.000000 -0.809019
vn -0.809017 0.000000 -0.587786
vn -0.809017 0.000000 -0.587786
vn -0.951053 0.000000 -0.309027
vn -0.951053 0.000000 -0.309027
vn -1.000000 0.000000 0.000000
vn -1.000000 0.000000 0.000000
vn -0.951053 0.000000 0.309027
vn -0.951053 0.000000 0.309027
vn -0.809017 0.000000 0.587786
vn -0.809017 0.000000 0.587786
vn -0.587783 0.000000 0.809019
vn -0.587783 0.000000 0.809019
vn -0.309015 0.000000 0.951057
vn -0.309015 0.000000 0.951057
vn 0.000000 0.000000 1.000000
vn 0.000000 0.000000 1.000000
vn 0.309023 0.000000 0.951055
vn 0.309023 0.000000 0.951055
vn 0.587783 0.000000 0.809019
vn 0.587783 0.000000 0.809019
vn 0.809017 0.000000 0.587786
vn 0.809017 0.000000 0.587786
vn 0.951053 0.000000 0.309027
vn 0.951053 0.000000 0.309027
vn 1.000000 0.000000 0.000000
vn 1.000000 0.000000 0.000000
vn 0.000000 -1.000000 -0.000000
vn 0.000000 -1.000000 0.000000
vn 0.000000 -1.000000 -0.000000
vn 0.000000 -1.000000 -0.000000
vn 0.000000 -1.000000 -0.000000
vn 0.000000 -1.000000 0.000000
vn 0.000000 -1.000000 0.000000
vn 0.000000 -1.000000 0.000000
vn 0.000000 -1.000000 0.000000
vn 0.000000 -1.000000 0.000000
vn 0.000000 -1.000000 0.000000
vn 0.000000 -1.000000 0.000000
vn 0.000000 -1.000000 0.000000
vn 0.000000 -1.000000 0.000000
vn 0.000000 -1.000000 0.000000
vn 0.000000 -1.000000 0.000000
vn 0.000000 -1.000000 0.000000
vn 0.000000 -1.000000 0.000000
vn 0.000000 -1.000000 0.000000
vn 0.000000 -1.000000 0.000000
vn 0.000000 -1.000000 0.000000
vn 0.000000 1.000000 -0.000000
vn 0.000000 1.000000 0.000000
vn 0.000000 1.000000 -0.000000
vn 0.000000 1.000000 -0.000000
vn 0.000000 1.000000 -0.000000
vn 0.000000 1.000000 0.000000
vn 0.000000 1.000000 -0.000000
vn 0.000000 1.000000 -0.000000
vn 0.000000 1.000000 0.000000
vn 0.000000 1.000000 -0.000000
vn 0.000000 1.000000 0.000000
vn 0.000000 1.000000 0.000000
vn 0.000000 1.000000 -0.000000
vn 0.000000 1.000000 0.000000
vn 0.000000 1.000000 0.000000
vn 0.000000 1.000000 0.000000
vn 0.000000 1.000000 0.000000
vn 0.000000 1.000000 0.000000
vn 0.000000 1.000000 -0.000000
vn 0.000000 1.000000 0.000000
vn 0.000000 1.000000 0.000000
vn 0.951053 0.000000 -0.309028
vn 0.809017 0.000000 -0.587786
vn 0.809017 0.000000 -0.587786
vn 0.951053 0.000000 -0.309028
vn 0.587789 0.000000 -0.809014
vn 0.587789 0.000000 -0.809014
vn 0.309018 0.000000 -0.951056
vn 0.309018 0.000000 -0.951056
vn 0.000000 0.000000 -1.000000
vn 0.000000 0.000000 -1.000000
vn -0.309022 0.000000 -0.951055
vn -0.309022 0.000000 -0.951055
vn -0.587783 0.000000 -0.809019
vn -0.587783 0.000000 -0.809019
vn -0.809017 0.000000 -0.587786
vn -0.809017 0.000000 -0.587786
vn -0.951057 0.000000 -0.309016
vn -0.951057 0.000000 -0.309016
vn -1.000000 0.000000 0.000000
vn -1.000000 0.000000 0.000000
vn -0.951057 0.000000 0.309015
vn -0.951057 0.000000 0.309015
vn -0.809017 0.000000 0.587786
vn -0.809017 0.000000 0.587786
vn -0.587783 0.000000 0.809019
vn -0.587783 0.000000 0.809019
vn -0.309017 0.000000 0.951057
vn -0.309017 0.000000 0.951057
vn 0.000000 0.000000 1.000000
vn 0.000000 0.000000 1.000000
vn 0.309013 0.000000 0.951058
vn 0.309013 0.000000 0.951058
vn 0.587789 0.000000 0.809014
vn 0.587789 0.000000 0.809014
vn 0.809017 0.000000 0.587786
vn 0.809017 0.000000 0.587786
vn 0.951054 0.000000 0.309026
vn 0.951054 0.000000 0.309026
vn 1.000000 0.000000 0.000000
vn 1.000000 0.000000 0.000000
vn 0.000000 -1.000000 0.000000
vn 0.000000 -1.000000 0.000000
vn 0.000000 -1.000000 0.000000
vn 0.000000 -1.000000 0.000000
vn 0.000000 -1.000000 0.000000
vn 0.000000 -1.000000 0.000000
vn 0.000000 -1.000000 0.000000
vn 0.000000 -1.000000 0.000000
vn 0.000000 -1.000000 0.000000
vn 0.000000 -1.000000 0.000000
vn 0.000000 -1.000000 0.000000
vn 0.000000 -1.000000 0.000000
vn 0.000000 -1.000000 0.000000
vn 0.000000 -1.000000 0.000000
vn 0.000000 -1.000000 0.000000
vn 0.000000 -1.000000 0.000000
vn 0.000000 -1.000000 0.000000
vn 0.000000 -1.000000 0.000000
vn 0.000000 -1.000000 0.000000
vn 0.000000 -1.000000 0.000000
vn 0.000000 -1.000000 0.000000
vn 0.000000 1.000000 0.000000
vn 0.000000 1.000000 0.000000
vn 0.000000 1.000000 -0.000000
vn 0.000000 1.000000 0.000000
vn 0.000000 1.000000 -0.000000
vn 0.000000 1.000000 0.000000
vn 0.000000 1.000000 -0.000000
vn 0.000000 1.000000 0.000000
vn 0.000000 1.000000 -0.000000
vn 0.000000 1.000000 0.000000
vn 0.000000 1.000000 -0.000000
vn 0.000000 1.000000 0.000000
vn 0.000000 1.000000 -0.000000
vn 0.000000 1.000000 -0.000000
vn 0.000000 1.000000 0.000000
vn 0.000000 1.000000 0.000000
vn 0.000000 1.000000 0.000000
vn 0.000000 1.000000 -0.000000
vn 0.000000 1.000000 -0.000000
vn 0.000000 1.000000 0.000000
vn 0.000000 1.000000 0.000000
s off
g base
usemtl lambert10SG
f 1/1/1 2/2/2 4/3/3 3/4/4
f 3/4/5 4/3/6 6/5/7 5/6/8
f 5/6/9 6/5/10 8/7/11 7/8/12
f 7/8/13 8/7/14 2/2/15 1/1/16
f 2/2/17 8/7/18 6/5/19 4/3/20
f 7/8/21 1/1/22 3/4/23 5/6/24
s 1
f 9/9/25 10/10/26 30/11/27 29/12/28
f 10/10/26 11/13/29 31/14/30 30/11/27
f 11/13/29 12/15/31 32/16/32 31/14/30
f 12/15/31 13/17/33 33/18/34 32/16/32
f 13/17/33 14/19/35 34/20/36 33/18/34
f 14/19/35 15/21/37 35/22/38 34/20/36
f 15/21/37 16/23/39 36/24/40 35/22/38
f 16/23/39 17/25/41 37/26/42 36/24/40
f 17/25/41 18/27/43 38/28/44 37/26/42
f 18/27/43 19/29/45 39/30/46 38/28/44
f 19/29/45 20/31/47 40/32/48 39/30/46
f 20/31/47 21/33/49 41/34/50 40/32/48
f 21/33/49 22/35/51 42/36/52 41/34/50
f 22/35/51 23/37/53 43/38/54 42/36/52
f 23/37/53 24/39/55 44/40/56 43/38/54
f 24/39/55 25/41/57 45/42/58 44/40/56
f 25/41/57 26/43/59 46/44/60 45/42/58
f 26/43/59 27/45/61 47/46/62 46/44/60
f 27/45/61 28/47/63 48/48/64 47/46/62
f 28/47/63 9/9/25 29/12/28 48/48/64
s 2
f 10/10/65 9/9/66 49/49/67
f 11/13/68 10/10/65 49/49/67
f 12/15/69 11/13/68 49/49/67
f 13/17/70 12/15/69 49/49/67
f 14/19/71 13/17/70 49/49/67
f 15/21/72 14/19/71 49/49/67
f 16/23/73 15/21/72 49/49/67
f 17/25/74 16/23/73 49/49/67
f 18/27/75 17/25/74 49/49/67
f 19/29/76 18/27/75 49/49/67
f 20/31/77 19/29/76 49/49/67
f 21/33/78 20/31/77 49/49/67
f 22/35/79 21/33/78 49/49/67
f 23/37/80 22/35/79 49/49/67
f 24/39/81 23/37/80 49/49/67
f 25/41/82 24/39/81 49/49/67
f 26/43/83 25/41/82 49/49/67
f 27/45/84 26/43/83 49/49/67
f 28/47/85 27/45/84 49/49/67
f 9/9/66 28/47/85 49/49/67
s 3
f 29/12/86 30/11/87 50/50/88
f 30/11/87 31/14/89 50/50/88
f 31/14/89 32/16/90 50/50/88
f 32/16/90 33/18/91 50/50/88
f 33/18/91 34/20/92 50/50/88
f 34/20/92 35/22/93 50/50/88
f 35/22/93 36/24/94 50/50/88
f 36/24/94 37/26/95 50/50/88
f 37/26/95 38/28/96 50/50/88
f 38/28/96 39/30/97 50/50/88
f 39/30/97 40/32/98 50/50/88
f 40/32/98 41/34/99 50/50/88
f 41/34/99 42/36/100 50/50/88
f 42/36/100 43/38/101 50/50/88
f 43/38/101 44/40/102 50/50/88
f 44/40/102 45/42/103 50/50/88
f 45/42/103 46/44/104 50/50/88
f 46/44/104 47/46/105 50/50/88
f 47/46/105 48/48/106 50/50/88
f 48/48/106 29/12/86 50/50/88
s 4
f 111/51/107 51/52/108 263/53/109 264/54/110
s 5
f 113/55/111 53/56/112 265/57/113 266/58/114
s off
f 118/59/115 66/60/116 115/61/117 114/62/118
s 6
f 113/55/119 60/63/120 120/64/121 119/65/122
s 7
f 126/66/123 57/67/124 529/68/125 530/69/126
s 8
f 131/70/127 70/71/128 128/72/129 127/73/130
s 9
f 525/74/131 526/75/132 58/76/133 274/77/134
s 10
f 136/78/135 84/79/136 134/80/137 133/81/138
s 11
f 140/82/139 90/83/140 138/84/141 137/85/142
s off
f 145/86/143 54/87/144 142/88/145 141/89/146
s 12
f 508/90/147 509/91/148 93/92/149 147/93/150
s off
f 154/94/151 63/95/152 144/96/153 151/97/154
s 13
f 506/98/155 507/99/156 94/100/157 156/101/158
s off
f 162/102/159 74/103/160 160/104/161 159/105/162
s 14
f 547/106/163 548/107/164 56/108/165 164/109/166
s 15
f 432/110/167 433/111/168 79/112/169 153/113/170
s 16
f 434/114/171 435/115/172 80/116/173 171/117/174
s 17
f 552/118/175 553/119/176 444/120/177 82/121/178
s 18
f 136/78/179 60/122/180 267/123/181 268/124/182
s 19
f 638/125/183 639/126/184 107/127/185 179/128/186
s 20
f 183/129/187 80/130/188 435/131/189 436/132/190
s 21
f 469/133/191 470/134/192 176/135/193 184/136/194
s 22
f 189/137/195 91/138/196 187/139/197 186/140/198
s off
f 145/86/199 63/95/200 191/141/201 190/142/202
s 23
f 171/143/203 80/144/204 194/145/205 193/146/206
s 24
f 203/147/207 95/148/208 196/149/209 201/150/210
s 25
f 203/147/211 91/138/212 192/151/213 204/152/214
s 26
f 183/153/215 87/154/216 200/155/217 206/156/218
f 199/157/219 88/158/220 185/159/221 207/160/222
s 28
f 210/161/223 98/162/224 198/163/225 209/164/226
s 29
f 210/161/227 93/92/228 166/165/229 211/166/230
s 30
f 182/167/231 67/168/232 116/169/233 214/170/234
s 31
f 180/171/235 58/172/236 124/173/237 216/174/238
s 32
f 221/175/239 104/176/240 110/177/241 219/178/242
s 33
f 223/179/243 105/180/244 112/181/245 222/182/246
s 19
f 225/183/247 106/184/248 178/185/249 224/186/250
s off
f 212/187/251 76/188/252 228/189/253 227/190/254
s 35
f 230/191/255 109/192/256 544/193/257 545/194/258
s 4
f 647/195/259 648/196/260 103/197/261 110/177/262
s 32
f 110/177/241 104/176/240 646/198/263 647/195/264
f 264/54/265 265/57/266 53/56/267 111/51/268
s 5
f 645/199/269 646/198/270 104/176/271 112/181/272
s 33
f 112/181/245 105/180/244 644/200/273 645/199/274
f 266/58/275 267/201/276 60/63/277 113/55/278
s 40
f 115/61/279 65/202/280 116/203/281 114/62/282
s 30
f 116/203/233 67/204/232 117/205/283 114/62/284
s off
f 117/205/285 68/206/286 118/59/287 114/62/288
s 41
f 120/64/289 61/207/290 121/208/291 119/65/292
s off
f 121/208/293 51/52/294 111/51/295 119/65/296
f 111/51/297 53/56/298 113/55/299 119/65/300
s 42
f 527/209/301 528/210/302 59/211/303 124/212/304
s 31
f 124/212/237 58/76/236 526/75/305 527/209/306
s 43
f 530/69/307 531/213/308 55/214/309 126/66/310
s 44
f 128/72/311 69/215/312 129/216/313 127/73/314
s off
f 129/216/315 71/217/316 130/218/317 127/73/318
f 130/218/319 72/219/320 131/70/321 127/73/322
s 9
f 513/220/323 636/221/324 637/222/325 108/223/326
s 35
f 631/224/327 632/225/328 544/193/257 109/192/256
f 531/213/329 532/226/330 276/227/331 55/214/332
s 10
f 134/80/137 102/228/333 135/229/334 133/81/335
s 41
f 135/229/336 61/230/290 120/231/289 133/81/337
s 6
f 120/231/121 60/122/120 136/78/338 133/81/339
s 11
f 138/84/141 99/232/340 139/233/341 137/85/342
s 44
f 139/233/343 69/234/312 128/235/311 137/85/344
s 8
f 128/235/129 70/236/128 140/82/345 137/85/346
s off
f 142/88/347 52/237/348 143/238/349 141/89/350
f 143/238/351 62/239/352 144/96/353 141/89/354
f 144/96/355 63/95/356 145/86/357 141/89/358
s 49
f 147/93/359 94/100/360 507/99/361 508/90/362
s 50
f 549/240/363 550/241/364 64/242/365 149/243/366
s 51
f 149/243/367 56/108/368 548/107/369 549/240/370
s off
f 144/96/371 62/239/372 152/244/373 151/97/374
f 152/244/375 78/245/376 153/246/377 151/97/378
f 153/246/379 79/247/380 154/94/381 151/97/382
s 52
f 156/101/383 81/248/384 505/249/385 506/98/386
s 53
f 551/250/387 552/251/388 82/252/389 158/253/390
s 54
f 158/253/391 64/242/392 550/241/393 551/250/394
s off
f 160/104/395 73/254/396 161/255/397 159/105/398
f 161/255/399 52/237/400 142/88/401 159/105/402
f 142/88/403 54/87/404 162/102/405 159/105/406
s 55
f 164/109/407 77/256/408 546/257/409 547/106/410
s 56
f 510/258/411 511/259/412 76/260/413 166/165/414
s 29
f 166/165/229 93/92/228 509/91/415 510/258/416
s 57
f 153/113/417 78/261/418 431/262/419 432/110/420
s 58
f 168/263/421 459/264/422 460/265/423 167/266/424
s 59
f 460/265/425 461/267/426 169/268/427 167/266/428
s 60
f 171/117/429 79/112/430 433/111/431 434/114/432
s 61
f 169/268/433 461/267/434 462/269/435 170/270/436
s 62
f 462/269/437 463/271/438 172/272/439 170/270/440
s 63
f 504/273/441 505/274/442 81/275/443 442/276/444
s 64
f 176/277/445 470/278/446 501/279/447 502/280/448
s 65
f 555/281/449 556/282/450 472/283/451 177/284/452
s 18
f 643/285/453 644/286/454 105/287/455 178/185/456
s 19
f 178/185/249 106/184/248 642/288/457 643/285/458
f 268/124/459 269/289/460 84/79/461 136/78/462
s 68
f 179/128/463 108/290/464 637/291/465 638/125/466
f 273/292/467 274/293/468 58/172/469 180/171/470
s 19
f 180/171/471 86/294/472 272/295/473 273/292/474
s 71
f 172/296/475 463/297/476 464/298/477 181/299/478
s 72
f 464/298/479 465/300/480 173/301/481 181/299/482
f 436/132/483 437/302/484 87/303/485 183/129/486
s 74
f 441/304/487 442/305/488 81/306/489 185/307/490
s 72
f 185/307/491 88/308/492 440/309/493 441/304/494
f 174/310/495 468/311/496 469/133/497 184/136/498
s 77
f 187/139/499 75/312/500 188/313/501 186/140/502
s off
f 188/313/503 74/103/504 162/102/505 186/140/506
f 162/102/507 54/87/508 189/137/509 186/140/510
s 78
f 191/141/511 92/314/512 192/151/513 190/142/514
s 25
f 192/151/213 91/138/212 189/137/515 190/142/516
s off
f 189/137/517 54/87/518 145/86/519 190/142/520
s 79
f 194/145/521 92/314/522 191/141/523 193/146/524
s off
f 191/141/525 63/95/526 154/94/527 193/146/528
f 154/94/529 79/247/530 171/143/531 193/146/532
s 24
f 196/149/209 83/315/533 202/316/534 201/150/535
s 77
f 202/316/536 75/312/500 187/139/499 201/150/537
s 22
f 187/139/197 91/138/196 203/147/538 201/150/539
s 78
f 192/151/513 92/314/512 205/317/540 204/152/541
s 28
f 205/317/542 96/318/543 197/319/544 204/152/545
f 197/319/544 95/148/546 203/147/547 204/152/548
s 26
f 200/155/217 96/318/549 205/317/550 206/156/551
s 79
f 205/317/552 92/314/522 194/145/521 206/156/553
s 23
f 194/145/205 80/144/204 183/153/554 206/156/555
s 52
f 185/159/556 81/248/384 156/101/383 207/160/557
s 13
f 156/101/158 94/100/157 208/320/558 207/160/559
s 26
f 208/320/560 97/321/561 199/157/219 207/160/562
s 28
f 198/163/225 97/321/563 208/320/564 209/164/565
s 49
f 208/320/566 94/100/360 147/93/359 209/164/567
s 12
f 147/93/150 93/92/149 210/161/568 209/164/569
s 56
f 166/165/414 76/260/413 212/322/570 211/166/571
s 24
f 212/322/572 85/323/573 195/324/574 211/166/575
f 195/324/574 98/162/576 210/161/577 211/166/578
s 40
f 116/169/281 65/325/280 215/326/579 214/170/580
s 11
f 215/326/581 100/327/582 213/328/583 214/170/584
f 213/328/583 89/329/585 182/167/586 214/170/587
s 42
f 124/173/304 59/330/303 217/331/588 216/174/589
s 10
f 217/331/590 101/332/591 218/333/592 216/174/593
f 218/333/592 86/294/594 180/171/595 216/174/596
s 4
f 110/177/262 103/197/261 220/334/597 219/178/598
s off
f 220/334/599 73/335/600 160/336/601 219/178/602
f 160/336/603 74/337/604 221/175/605 219/178/606
s 5
f 112/181/272 104/176/271 221/175/607 222/182/608
s off
f 221/175/609 74/337/610 188/338/611 222/182/612
f 188/338/613 75/339/614 223/179/615 222/182/616
s 18
f 178/185/456 105/287/455 223/340/617 224/186/618
s off
f 223/340/619 75/341/620 202/342/621 224/186/622
s 19
f 202/342/623 83/343/624 225/183/247 224/186/625
s 68
f 228/189/626 108/290/464 179/128/463 227/190/627
s 19
f 179/128/186 107/127/185 226/344/628 227/190/629
f 226/344/628 85/345/630 212/187/631 227/190/632
s 9
f 512/346/633 513/220/323 108/223/326 228/347/634
s 94
f 228/347/635 76/348/636 511/349/637 512/346/638
s 95
f 545/194/639 546/350/640 77/351/641 230/191/642
s 19
f 270/352/643 271/353/644 234/354/645 233/355/646
f 640/356/647 641/357/648 232/358/649 231/359/650
f 231/360/650 232/361/649 261/362/651 262/363/652
s 10
f 233/355/653 234/354/654 257/364/655 258/365/656
s 72
f 438/366/657 439/367/658 238/368/659 237/369/660
f 236/370/661 235/371/662 466/372/663 467/373/664
s 26
f 237/374/665 238/375/666 251/376/667 252/377/668
s 11
f 239/378/669 240/379/670 253/380/671 254/381/672
s 24
f 241/382/673 242/383/674 246/384/675 245/385/676
f 242/383/674 241/382/673 244/386/677 243/387/678
s 19
f 243/388/679 244/389/680 262/390/652 261/391/651
s 28
f 245/385/681 246/384/682 247/392/683 248/393/684
f 248/393/684 247/392/683 250/394/685 249/395/686
s 26
f 249/395/687 250/394/688 252/377/668 251/376/667
s 11
f 254/381/672 253/380/671 256/396/689 255/397/690
s 10
f 258/365/656 257/364/655 260/398/691 259/399/692
s 19
f 233/355/646 84/400/461 269/401/460 270/352/643
s 72
f 439/367/658 440/402/493 88/403/492 238/368/659
s 24
f 245/385/676 98/404/576 195/405/574 241/382/673
s 28
f 246/384/682 95/406/546 197/407/544 247/392/683
s 26
f 238/375/666 88/408/220 199/409/219 251/376/667
s 11
f 240/379/670 89/410/585 213/411/583 253/380/671
s 10
f 234/354/654 86/412/594 218/413/592 257/364/655
s 19
f 226/414/628 107/415/185 231/359/650 262/390/652
f 641/357/648 642/416/457 106/417/248 232/358/649
f 231/359/650 107/415/185 639/418/184 640/356/647
f 271/353/644 272/419/473 86/412/472 234/354/645
s 72
f 237/369/660 87/420/485 437/421/484 438/366/657
f 173/422/481 465/423/480 466/424/663 235/425/662
f 467/426/664 468/427/496 174/428/495 236/429/661
s 24
f 195/405/574 85/430/573 244/386/677 241/382/673
f 243/387/678 83/431/533 196/432/209 242/383/674
f 196/432/209 95/406/208 246/384/675 242/383/674
s 28
f 197/407/544 96/433/543 250/394/685 247/392/683
f 249/395/686 97/434/563 198/435/225 248/393/684
f 198/435/225 98/404/224 245/385/681 248/393/684
s 26
f 199/409/219 97/434/561 249/395/687 251/376/667
f 250/394/688 96/433/549 200/436/217 252/377/668
f 200/436/217 87/437/216 237/374/665 252/377/668
s 11
f 213/411/583 100/438/582 256/396/689 253/380/671
f 254/381/672 255/397/690 99/439/340 138/440/141
f 138/440/141 90/441/140 239/378/669 254/381/672
s 10
f 218/413/592 101/442/591 260/398/691 257/364/655
f 258/365/656 259/399/692 102/443/333 134/444/137
f 134/444/137 84/400/136 233/355/653 258/365/656
s 19
f 232/358/649 106/417/248 225/445/247 261/391/651
f 225/445/247 83/446/624 243/388/679 261/391/651
f 244/389/680 85/447/630 226/414/628 262/390/652
s 4
f 345/448/693 346/449/694 360/450/695 359/451/696
s 5
f 343/452/697 344/453/698 358/454/699 357/455/700
s 18
f 341/456/701 342/457/702 356/458/703 355/459/704
s 19
f 353/460/705 339/461/706 340/462/707 354/463/708
f 338/464/709 339/461/706 353/460/705 352/465/710
f 336/466/711 337/467/712 351/468/713 350/469/714
s 9
f 519/470/715 520/471/716 335/472/717 349/473/718
s 35
f 532/226/330 533/474/719 277/475/720 276/227/331
s 9
f 524/476/721 525/74/131 274/77/134 279/477/722
s 68
f 280/478/723 279/479/724 274/293/468 273/292/467
s 19
f 273/292/474 272/295/473 281/480/725 280/478/726
f 282/481/727 281/482/725 272/419/473 271/353/644
f 283/483/728 282/484/727 271/485/644 270/486/643
f 270/352/643 269/401/460 284/487/729 283/488/728
f 285/489/730 284/490/729 269/289/460 268/124/459
s 18
f 268/124/182 267/123/181 286/491/731 285/489/732
s 33
f 287/492/733 286/493/734 267/201/276 266/58/275
s 5
f 266/58/114 265/57/113 288/494/735 287/492/736
s 32
f 289/495/737 288/494/738 265/57/266 264/54/265
s 4
f 264/54/110 263/53/109 290/496/739 289/495/740
s 35
f 533/474/719 534/497/741 291/498/742 277/475/720
s 9
f 523/499/743 524/476/721 279/477/722 293/500/744
s 68
f 294/501/745 293/502/746 279/479/724 280/478/723
s 19
f 280/478/726 281/480/725 295/503/747 294/501/748
f 296/504/749 295/505/747 281/482/725 282/481/727
f 297/506/750 296/504/749 282/481/727 283/488/728
f 283/488/728 284/487/729 298/507/751 297/506/750
f 299/508/752 298/509/751 284/490/729 285/489/730
s 18
f 285/489/732 286/491/731 300/510/753 299/508/754
s 33
f 301/511/755 300/512/756 286/493/734 287/492/733
s 5
f 287/492/736 288/494/735 302/513/757 301/511/758
s 32
f 303/514/759 302/513/760 288/494/738 289/495/737
s 4
f 289/495/740 290/496/739 304/515/761 303/514/762
s 35
f 534/497/741 535/516/763 305/517/764 291/498/742
s 9
f 522/518/765 523/499/743 293/500/744 307/519/766
s 68
f 308/520/767 307/521/768 293/502/746 294/501/745
s 19
f 294/501/748 295/503/747 309/522/769 308/520/770
f 310/523/771 309/524/769 295/505/747 296/504/749
f 311/525/772 310/526/771 296/527/749 297/528/750
f 297/506/750 298/507/751 312/529/773 311/530/772
f 313/531/774 312/532/773 298/509/751 299/508/752
s 18
f 299/508/754 300/510/753 314/533/775 313/531/776
s 33
f 315/534/777 314/535/778 300/512/756 301/511/755
s 5
f 301/511/758 302/513/757 316/536/779 315/534/780
s 32
f 317/537/781 316/536/782 302/513/760 303/514/759
s 4
f 303/514/762 304/515/761 318/538/783 317/537/784
s 35
f 535/516/763 536/539/785 319/540/786 305/517/764
s 9
f 521/541/787 522/518/765 307/519/766 321/542/788
s 68
f 322/543/789 321/544/790 307/521/768 308/520/767
s 19
f 308/520/770 309/522/769 323/545/791 322/543/792
f 324/546/793 323/547/791 309/524/769 310/523/771
f 325/548/794 324/546/793 310/523/771 311/530/772
f 311/530/772 312/529/773 326/549/795 325/548/794
f 327/550/796 326/551/795 312/532/773 313/531/774
s 18
f 313/531/776 314/533/775 328/552/797 327/550/798
s 33
f 329/553/799 328/554/800 314/535/778 315/534/777
s 5
f 315/534/780 316/536/779 330/555/801 329/553/802
s 32
f 331/556/803 330/555/804 316/536/782 317/537/781
s 4
f 317/537/784 318/538/783 332/557/805 331/556/806
s 35
f 536/539/785 537/558/807 333/559/808 319/540/786
s 9
f 520/471/716 521/541/787 321/542/788 335/472/717
s 68
f 336/466/809 335/560/810 321/544/790 322/543/789
s 19
f 322/543/792 323/545/791 337/467/712 336/466/711
f 338/464/709 337/561/712 323/547/791 324/546/793
f 339/562/706 338/563/709 324/564/793 325/565/794
f 325/548/794 326/549/795 340/462/707 339/461/706
f 341/456/811 340/566/707 326/551/795 327/550/796
s 18
f 327/550/798 328/552/797 342/457/702 341/456/701
s 33
f 343/452/812 342/567/813 328/554/800 329/553/799
s 5
f 329/553/802 330/555/801 344/453/698 343/452/697
s 32
f 345/448/814 344/453/815 330/555/804 331/556/803
s 4
f 331/556/806 332/557/805 346/449/694 345/448/693
s 35
f 537/558/807 538/568/816 347/569/817 333/559/808
s 68
f 336/466/809 350/469/818 349/570/819 335/560/810
s 19
f 338/464/709 352/465/710 351/571/713 337/561/712
f 341/456/811 355/459/820 354/572/708 340/566/707
s 33
f 343/452/812 357/455/821 356/573/822 342/567/813
s 32
f 345/448/814 359/451/823 358/454/824 344/453/815
s 35
f 538/568/816 539/574/825 361/575/826 347/569/817
s 9
f 518/576/827 519/470/715 349/473/718 363/577/828
s 68
f 364/578/829 363/579/830 349/570/819 350/469/818
s 19
f 350/469/714 351/468/713 365/580/831 364/578/832
f 366/581/833 365/582/831 351/571/713 352/465/710
f 352/583/710 353/584/705 367/585/834 366/586/833
f 353/460/705 354/463/708 368/587/835 367/588/834
f 369/589/836 368/590/835 354/572/708 355/459/820
s 18
f 355/459/704 356/458/703 370/591/837 369/589/838
s 33
f 371/592/839 370/593/840 356/573/822 357/455/821
s 5
f 357/455/700 358/454/699 372/594/841 371/592/842
s 32
f 373/595/843 372/594/844 358/454/824 359/451/823
s 4
f 359/451/696 360/450/695 374/596/845 373/595/846
s 35
f 539/574/825 540/597/847 375/598/848 361/575/826
s 9
f 517/599/849 518/576/827 363/577/828 377/600/850
s 68
f 378/601/851 377/602/852 363/579/830 364/578/829
s 19
f 364/578/832 365/580/831 379/603/853 378/601/854
f 380/604/855 379/605/853 365/582/831 366/581/833
f 366/581/833 367/588/834 381/606/856 380/604/855
f 367/588/834 368/587/835 382/607/857 381/606/856
f 383/608/858 382/609/857 368/590/835 369/589/836
s 18
f 369/589/838 370/591/837 384/610/859 383/608/860
s 33
f 385/611/861 384/612/862 370/593/840 371/592/839
s 5
f 371/592/842 372/594/841 386/613/863 385/611/864
s 32
f 387/614/865 386/613/866 372/594/844 373/595/843
s 4
f 373/595/846 374/596/845 388/615/867 387/614/868
s 35
f 540/597/847 541/616/869 389/617/870 375/598/848
s 9
f 516/618/871 517/599/849 377/600/850 391/619/872
s 68
f 392/620/873 391/621/874 377/602/852 378/601/851
s 19
f 378/601/854 379/603/853 393/622/875 392/620/876
f 394/623/877 393/624/875 379/605/853 380/604/855
f 380/625/855 381/626/856 395/627/878 394/628/877
f 381/606/856 382/607/857 396/629/879 395/630/878
f 397/631/880 396/632/879 382/609/857 383/608/858
s 18
f 383/608/860 384/610/859 398/633/881 397/631/882
s 33
f 399/634/883 398/635/884 384/612/862 385/611/861
s 5
f 385/611/864 386/613/863 400/636/885 399/634/886
s 32
f 401/637/887 400/636/888 386/613/866 387/614/865
s 4
f 387/614/868 388/615/867 402/638/889 401/637/890
s 35
f 613/639/891 614/640/892 542/641/893 403/642/894
s 9
f 515/643/895 618/644/896 619/645/897 405/646/898
s 68
f 406/647/899 405/648/900 619/649/901 620/650/902
s 19
f 620/650/903 621/651/904 407/652/905 406/647/906
f 408/653/907 407/654/905 621/655/904 622/656/908
f 622/656/908 623/657/909 409/658/910 408/653/907
f 623/657/909 624/659/911 410/660/912 409/658/910
f 411/661/913 410/662/912 624/663/911 625/664/914
s 18
f 625/664/915 626/665/916 412/666/917 411/661/918
s 33
f 413/667/919 412/668/920 626/669/921 627/670/922
s 5
f 627/670/923 628/671/924 414/672/925 413/667/926
s 32
f 415/673/927 414/672/928 628/671/929 629/674/930
s 4
f 629/674/931 630/675/932 416/676/933 415/673/934
s 35
f 542/641/893 543/677/935 417/678/936 403/642/894
s 9
f 514/679/937 515/643/895 405/646/898 419/680/938
s 68
f 420/681/939 419/682/940 405/648/900 406/647/899
s 19
f 406/647/906 407/652/905 421/683/941 420/681/942
f 422/684/943 421/685/941 407/654/905 408/653/907
f 408/686/907 409/687/910 423/688/944 422/689/943
f 409/658/910 410/660/912 424/690/945 423/691/944
f 425/692/946 424/693/945 410/662/912 411/661/913
s 18
f 411/661/918 412/666/917 426/694/947 425/692/948
s 33
f 427/695/949 426/696/950 412/668/920 413/667/919
s 5
f 413/667/926 414/672/925 428/697/951 427/695/952
s 32
f 429/698/953 428/697/954 414/672/928 415/673/927
s 4
f 415/673/934 416/676/933 430/699/955 429/698/956
s 57
f 457/700/957 458/701/958 168/263/959 167/266/960
s 15
f 169/268/961 456/702/962 457/700/963 167/266/964
s 60
f 455/703/965 456/702/966 169/268/967 170/270/968
s 16
f 172/272/969 454/704/970 455/703/971 170/270/972
s 20
f 453/705/973 454/706/974 172/296/975 181/299/976
s 72
f 173/301/481 452/707/977 453/705/978 181/299/979
f 451/708/980 452/709/977 173/422/481 235/425/662
f 235/425/662 236/429/661 450/710/981 451/708/980
f 174/428/495 449/711/982 450/710/981 236/429/661
f 448/712/983 449/713/982 174/310/495 184/136/984
s 74
f 176/135/985 447/714/986 448/712/987 184/136/988
s 63
f 502/280/989 503/715/990 447/716/991 176/277/992
s 17
f 177/284/993 445/717/994 554/718/995 555/281/996
f 553/119/176 554/718/995 445/717/994 444/120/177
s 63
f 503/715/990 504/273/441 442/276/444 447/716/991
s 74
f 448/712/987 447/714/986 442/305/488 441/304/487
s 72
f 441/304/494 440/309/493 449/713/982 448/712/983
f 450/710/981 449/711/982 440/402/493 439/367/658
f 451/719/980 450/720/981 439/721/658 438/722/657
f 438/366/657 437/421/484 452/709/977 451/708/980
f 453/705/978 452/707/977 437/302/484 436/132/483
s 20
f 436/132/190 435/131/189 454/706/974 453/705/973
s 16
f 455/703/971 454/704/970 435/115/172 434/114/171
s 60
f 434/114/432 433/111/431 456/702/966 455/703/965
s 15
f 457/700/963 456/702/962 433/111/168 432/110/167
s 57
f 432/110/420 431/262/419 458/701/958 457/700/957
s 58
f 485/723/997 486/724/998 66/60/999 118/59/1000
s 59
f 118/59/1001 68/206/1002 484/725/1003 485/723/1004
s 61
f 483/726/1005 484/725/1006 68/206/1007 117/205/1008
s 62
f 117/205/1009 67/204/1010 482/727/1011 483/726/1012
s 71
f 481/728/1013 482/729/1014 67/168/1015 182/167/1016
s 72
f 182/167/1017 89/329/1018 480/730/1019 481/728/1020
f 479/731/1021 480/732/1019 89/410/1018 240/379/1022
f 478/733/1023 479/734/1021 240/735/1022 239/736/1024
f 239/378/1024 90/441/1025 477/737/1026 478/738/1023
f 476/739/1027 477/740/1026 90/83/1025 140/82/1028
s 21
f 140/82/1029 70/236/1030 475/741/1031 476/739/1032
s 64
f 474/742/1033 475/743/1034 70/71/1035 131/70/1036
s 65
f 131/70/1037 72/219/1038 473/744/1039 474/742/1040
f 500/745/1041 472/283/451 556/282/450 557/746/1042 471/747/1043 499/748/1044 474/742/1040 473/744/1039
s 64
f 499/748/1045 471/747/1046 612/749/1047 501/279/447 470/278/446 498/750/1048 475/743/1034 474/742/1033
s 21
f 498/751/1049 470/134/192 469/133/191 497/752/1050 476/739/1032 475/741/1031
s 72
f 497/752/1051 469/133/497 468/311/496 496/753/1052 477/740/1026 476/739/1027
f 496/754/1052 468/427/496 467/426/664 495/755/1053 478/738/1023 477/737/1026
f 495/755/1053 467/426/664 466/424/663 494/756/1054 479/731/1021 478/738/1023
f 494/756/1054 466/424/663 465/423/480 493/757/1055 480/732/1019 479/731/1021
f 493/758/1055 465/300/480 464/298/479 492/759/1056 481/728/1020 480/730/1019
s 71
f 492/759/1057 464/298/477 463/297/476 491/760/1058 482/729/1014 481/728/1013
s 62
f 491/761/1059 463/271/438 462/269/437 490/762/1060 483/726/1012 482/727/1011
s 61
f 490/762/1061 462/269/435 461/267/434 489/763/1062 484/725/1006 483/726/1005
s 59
f 489/763/1063 461/267/426 460/265/425 488/764/1064 485/723/1004 484/725/1003
s 58
f 488/764/1065 460/265/423 459/264/422 487/765/1066 486/724/998 485/723/997
s 64
f 611/766/1067 612/749/1047 471/747/1046 175/767/1068
s 63
f 446/768/1069 610/769/1070 611/766/1071 175/767/1072
f 443/770/1073 609/771/1074 610/769/1070 446/768/1069
f 157/772/1075 608/773/1076 609/771/1074 443/770/1073
s 52
f 607/774/1077 608/775/1078 157/776/1079 155/777/1080
s 13
f 148/778/1081 606/779/1082 607/774/1083 155/777/1084
s 49
f 605/780/1085 606/779/1086 148/778/1087 146/781/1088
s 12
f 150/782/1089 604/783/1090 605/780/1091 146/781/1092
s 29
f 603/784/1093 604/783/1094 150/782/1095 163/785/1096
s 56
f 165/786/1097 602/787/1098 603/784/1099 163/785/1100
s 94
f 601/788/1101 602/789/1102 165/790/1103 229/791/1104
s 9
f 132/792/1105 600/793/1106 601/788/1107 229/791/1108
f 634/794/1109 635/795/1110 600/793/1106 132/792/1105
usemtl lambert11SG
f 404/796/1111 598/797/1112 599/798/1113 418/799/1114
f 616/800/1115 617/801/1116 598/797/1112 404/796/1111
f 376/802/1117 596/803/1118 597/804/1119 390/805/1120
f 362/806/1121 595/807/1122 596/803/1118 376/802/1117
f 348/808/1123 594/809/1124 595/807/1122 362/806/1121
f 334/810/1125 593/811/1126 594/809/1124 348/808/1123
f 320/812/1127 592/813/1128 593/811/1126 334/810/1125
f 306/814/1129 591/815/1130 592/813/1128 320/812/1127
f 292/816/1131 590/817/1132 591/815/1130 306/814/1129
usemtl lambert10SG
f 278/818/1133 589/819/1134 590/817/1132 292/816/1131
f 275/820/1135 588/821/1136 589/819/1134 278/818/1133
f 125/822/1137 587/823/1138 588/821/1136 275/820/1135
s 31
f 586/824/1139 587/823/1140 125/822/1141 122/825/1142
s 42
f 123/826/1143 585/827/1144 586/824/1145 122/825/1146
s 7
f 583/828/1147 584/829/1148 123/826/1149 122/825/1150
s 43
f 125/822/1151 582/830/1152 583/828/1153 122/825/1154
s 35
f 275/820/1155 581/831/1156 582/830/1157 125/822/1158
f 278/818/1159 580/832/1160 581/831/1156 275/820/1155
f 292/816/1161 579/833/1162 580/832/1160 278/818/1159
usemtl lambert11SG
f 306/814/1163 578/834/1164 579/833/1162 292/816/1161
f 320/812/1165 577/835/1166 578/834/1164 306/814/1163
f 334/810/1167 576/836/1168 577/835/1166 320/812/1165
f 334/810/1167 348/808/1169 575/837/1170 576/836/1168
f 362/806/1171 574/838/1172 575/837/1170 348/808/1169
f 376/802/1173 573/839/1174 574/838/1172 362/806/1171
f 390/805/1175 572/840/1176 573/839/1174 376/802/1173
f 404/796/1177 571/841/1178 615/842/1179 616/800/1180
f 418/799/1181 570/843/1182 571/841/1178 404/796/1177
usemtl lambert10SG
f 132/792/1183 569/844/1184 633/845/1185 634/794/1186
f 568/846/1187 569/844/1184 132/792/1183 229/791/1188
s 95
f 165/790/1189 567/847/1190 568/846/1191 229/791/1192
s 55
f 566/848/1193 567/849/1194 165/786/1195 163/785/1196
s 14
f 150/782/1197 565/850/1198 566/848/1199 163/785/1200
s 51
f 564/851/1201 565/850/1202 150/782/1203 146/781/1204
s 50
f 148/778/1205 563/852/1206 564/851/1207 146/781/1208
s 54
f 562/853/1209 563/852/1210 148/778/1211 155/777/1212
s 53
f 157/776/1213 561/854/1214 562/853/1215 155/777/1216
s 17
f 443/770/1217 560/855/1218 561/856/1219 157/772/1220
f 446/768/1221 559/857/1222 560/855/1218 443/770/1217
f 558/858/1223 559/857/1222 446/768/1221 175/767/1224
s 65
f 471/747/1043 557/746/1042 558/858/1225 175/767/1226
f 558/858/1225 557/746/1042 556/282/450 555/281/449
s 17
f 555/281/996 554/718/995 559/857/1222 558/858/1223
f 560/855/1218 559/857/1222 554/718/995 553/119/176
f 561/856/1219 560/855/1218 553/119/176 552/118/175
s 53
f 562/853/1215 561/854/1214 552/251/388 551/250/387
s 54
f 551/250/394 550/241/393 563/852/1210 562/853/1209
s 50
f 564/851/1207 563/852/1206 550/241/364 549/240/363
s 51
f 549/240/370 548/107/369 565/850/1202 564/851/1201
s 14
f 566/848/1199 565/850/1198 548/107/164 547/106/163
s 55
f 547/106/410 546/257/409 567/849/1194 566/848/1193
s 95
f 568/846/1191 567/847/1190 546/350/640 545/194/639
s 35
f 545/194/258 544/193/257 569/844/1184 568/846/1187
f 632/225/328 633/845/1185 569/844/1184 544/193/257
f 571/841/1178 570/843/1182 543/677/935 542/641/893
f 614/640/892 615/842/1179 571/841/1178 542/641/893
usemtl lambert11SG
f 573/839/1174 572/840/1176 541/616/869 540/597/847
f 574/838/1172 573/839/1174 540/597/847 539/574/825
f 575/837/1170 574/838/1172 539/574/825 538/568/816
f 576/836/1168 575/837/1170 538/568/816 537/558/807
f 577/835/1166 576/836/1168 537/558/807 536/539/785
usemtl lambert10SG
f 578/834/1164 577/835/1166 536/539/785 535/516/763
f 579/833/1162 578/834/1164 535/516/763 534/497/741
f 580/832/1160 579/833/1162 534/497/741 533/474/719
f 581/831/1156 580/832/1160 533/474/719 532/226/330
f 582/830/1157 581/831/1156 532/226/330 531/213/329
s 43
f 583/828/1153 582/830/1152 531/213/308 530/69/307
s 7
f 530/69/126 529/68/125 584/829/1148 583/828/1147
s 42
f 586/824/1145 585/827/1144 528/210/302 527/209/301
s 31
f 527/209/306 526/75/305 587/823/1140 586/824/1139
s 9
f 588/821/1136 587/823/1138 526/75/132 525/74/131
f 589/819/1134 588/821/1136 525/74/131 524/476/721
f 590/817/1132 589/819/1134 524/476/721 523/499/743
f 591/815/1130 590/817/1132 523/499/743 522/518/765
f 592/813/1128 591/815/1130 522/518/765 521/541/787
usemtl lambert11SG
f 593/811/1126 592/813/1128 521/541/787 520/471/716
f 594/809/1124 593/811/1126 520/471/716 519/470/715
f 595/807/1122 594/809/1124 519/470/715 518/576/827
f 596/803/1118 595/807/1122 518/576/827 517/599/849
f 597/804/1119 596/803/1118 517/599/849 516/618/871
usemtl lambert10SG
f 598/797/1112 617/801/1116 618/644/896 515/643/895
f 599/798/1113 598/797/1112 515/643/895 514/679/937
f 600/793/1106 635/795/1110 636/221/324 513/220/323
f 601/788/1107 600/793/1106 513/220/323 512/346/633
s 94
f 512/346/638 511/349/637 602/789/1102 601/788/1101
s 56
f 603/784/1099 602/787/1098 511/259/412 510/258/411
s 29
f 510/258/416 509/91/415 604/783/1094 603/784/1093
s 12
f 605/780/1091 604/783/1090 509/91/148 508/90/147
s 49
f 508/90/362 507/99/361 606/779/1086 605/780/1085
s 13
f 607/774/1083 606/779/1082 507/99/156 506/98/155
s 52
f 506/98/386 505/249/385 608/775/1078 607/774/1077
s 63
f 609/771/1074 608/773/1076 505/274/442 504/273/441
f 610/769/1070 609/771/1074 504/273/441 503/715/990
f 611/766/1071 610/769/1070 503/715/990 502/280/989
s 64
f 502/280/448 501/279/447 612/749/1047 611/766/1067
s 35
f 541/616/869 614/640/892 613/639/891 389/617/870
usemtl lambert11SG
f 572/840/1176 615/842/1179 614/640/892 541/616/869
f 616/800/1180 615/842/1179 572/840/1176 390/805/1175
s 9
f 390/805/1120 597/804/1119 617/801/1116 616/800/1115
f 618/644/896 617/801/1116 597/804/1119 516/618/871
usemtl lambert10SG
f 619/645/897 618/644/896 516/618/871 391/619/872
s 68
f 620/650/902 619/649/901 391/621/874 392/620/873
s 19
f 392/620/876 393/622/875 621/651/904 620/650/903
f 622/656/908 621/655/904 393/624/875 394/623/877
f 394/623/877 395/630/878 623/657/909 622/656/908
f 395/630/878 396/629/879 624/659/911 623/657/909
f 625/664/914 624/663/911 396/632/879 397/631/880
s 18
f 397/631/882 398/633/881 626/665/916 625/664/915
s 33
f 627/670/922 626/669/921 398/635/884 399/634/883
s 5
f 399/634/886 400/636/885 628/671/924 627/670/923
s 32
f 629/674/930 628/671/929 400/636/888 401/637/887
s 4
f 401/637/890 402/638/889 630/675/932 629/674/931
s 35
f 543/677/935 632/225/328 631/224/327 417/678/936
f 570/843/1182 633/845/1185 632/225/328 543/677/935
usemtl lambert11SG
f 634/794/1186 633/845/1185 570/843/1182 418/799/1181
s 9
f 418/799/1114 599/798/1113 635/795/1110 634/794/1109
usemtl lambert10SG
f 636/221/324 635/795/1110 599/798/1113 514/679/937
f 637/222/325 636/221/324 514/679/937 419/680/938
s 68
f 638/125/466 637/291/465 419/682/940 420/681/939
s 19
f 420/681/942 421/683/941 639/126/184 638/125/183
f 640/356/647 639/418/184 421/685/941 422/684/943
f 422/684/943 423/691/944 641/357/648 640/356/647
f 423/691/944 424/690/945 642/416/457 641/357/648
f 643/285/458 642/288/457 424/693/945 425/692/946
s 18
f 425/692/948 426/694/947 644/286/454 643/285/453
s 33
f 645/199/274 644/200/273 426/696/950 427/695/949
s 5
f 427/695/952 428/697/951 646/198/270 645/199/269
s 32
f 647/195/264 646/198/263 428/697/954 429/698/953
s 4
f 429/698/956 430/699/955 648/196/260 647/195/259
s 121
f 649/859/1227 650/860/1228 662/861/1229 661/862/1230
f 650/860/1228 651/863/1231 663/864/1232 662/861/1229
f 651/863/1231 652/865/1233 664/866/1234 663/864/1232
f 652/865/1233 653/867/1235 665/868/1236 664/866/1234
f 653/867/1235 654/869/1237 666/870/1238 665/868/1236
f 654/869/1237 655/871/1239 667/872/1240 666/870/1238
f 655/871/1239 656/873/1241 668/874/1242 667/872/1240
f 656/873/1241 657/875/1243 669/876/1244 668/874/1242
f 657/875/1243 658/877/1245 670/878/1246 669/876/1244
f 658/877/1245 659/879/1247 671/880/1248 670/878/1246
f 659/879/1247 660/881/1249 672/882/1250 671/880/1248
f 660/881/1249 649/859/1227 661/862/1230 672/882/1250
s 122
f 650/860/1251 649/859/1252 673/883/1253
f 651/863/1254 650/860/1251 673/883/1253
f 652/865/1255 651/863/1254 673/883/1253
f 653/867/1256 652/865/1255 673/883/1253
f 654/869/1257 653/867/1256 673/883/1253
f 655/871/1258 654/869/1257 673/883/1253
f 656/873/1259 655/871/1258 673/883/1253
f 657/875/1260 656/873/1259 673/883/1253
f 658/877/1261 657/875/1260 673/883/1253
f 659/879/1262 658/877/1261 673/883/1253
f 660/881/1263 659/879/1262 673/883/1253
f 649/859/1252 660/881/1263 673/883/1253
s 123
f 661/862/1264 662/861/1265 685/884/1266 674/885/1267
f 662/861/1265 663/864/1268 684/886/1269 685/884/1266
f 663/864/1268 664/866/1270 683/887/1271 684/886/1269
f 664/866/1270 665/868/1272 682/888/1273 683/887/1271
f 665/868/1272 666/870/1274 681/889/1275 682/888/1273
f 666/870/1274 667/872/1276 680/890/1277 681/889/1275
f 667/872/1276 668/874/1278 679/891/1279 680/890/1277
f 668/874/1278 669/876/1280 678/892/1281 679/891/1279
f 669/876/1280 670/878/1282 677/893/1283 678/892/1281
f 670/878/1282 671/880/1284 676/894/1285 677/893/1283
f 671/880/1284 672/882/1286 675/895/1287 676/894/1285
f 672/882/1286 661/862/1264 674/885/1267 675/895/1287
s 124
f 699/896/1288 698/897/1289 700/898/1290
f 701/899/1291 699/896/1288 700/898/1290
f 702/900/1292 701/899/1291 700/898/1290
f 703/901/1293 702/900/1292 700/898/1290
f 704/902/1294 703/901/1293 700/898/1290
f 705/903/1295 704/902/1294 700/898/1290
f 706/904/1296 705/903/1295 700/898/1290
f 707/905/1297 706/904/1296 700/898/1290
f 708/906/1298 707/905/1297 700/898/1290
f 709/907/1299 708/906/1298 700/898/1290
f 710/908/1300 709/907/1299 700/898/1290
f 698/897/1289 710/908/1300 700/898/1290
f 675/909/1301 674/910/1302 686/911/1303 687/912/1304
f 676/913/1305 675/909/1301 687/912/1304 688/914/1306
f 677/915/1307 676/913/1305 688/914/1306 689/916/1308
f 678/917/1309 677/915/1307 689/916/1308 690/918/1310
f 679/919/1311 678/917/1309 690/918/1310 691/920/1312
f 680/921/1313 679/919/1311 691/920/1312 692/922/1314
f 681/923/1315 680/921/1313 692/922/1314 693/924/1316
f 682/925/1317 681/923/1315 693/924/1316 694/926/1318
f 683/927/1319 682/925/1317 694/926/1318 695/928/1320
f 684/929/1321 683/927/1319 695/928/1320 696/930/1322
f 685/931/1323 684/929/1321 696/930/1322 697/932/1324
f 674/910/1302 685/931/1323 697/932/1324 686/911/1303
f 687/912/1304 686/911/1303 698/897/1289 699/896/1288
f 688/914/1306 687/912/1304 699/896/1288 701/899/1291
f 689/916/1308 688/914/1306 701/899/1291 702/900/1292
f 690/918/1310 689/916/1308 702/900/1292 703/901/1293
f 691/920/1312 690/918/1310 703/901/1293 704/902/1294
f 692/922/1314 691/920/1312 704/902/1294 705/903/1295
f 693/924/1316 692/922/1314 705/903/1295 706/904/1296
f 694/926/1318 693/924/1316 706/904/1296 707/905/1297
f 695/928/1320 694/926/1318 707/905/1297 708/906/1298
f 696/930/1322 695/928/1320 708/906/1298 709/907/1299
f 697/932/1324 696/930/1322 709/907/1299 710/908/1300
f 686/911/1303 697/932/1324 710/908/1300 698/897/1289
s 126
f 711/933/1325 712/934/1326 724/935/1327 723/936/1328
f 712/934/1326 713/937/1329 725/938/1330 724/935/1327
f 713/937/1329 714/939/1331 726/940/1332 725/938/1330
f 714/939/1331 715/941/1333 727/942/1334 726/940/1332
f 715/941/1333 716/943/1335 728/944/1336 727/942/1334
f 716/943/1335 717/945/1337 729/946/1338 728/944/1336
f 717/945/1337 718/947/1339 730/948/1340 729/946/1338
f 718/947/1339 719/949/1341 731/950/1342 730/948/1340
f 719/949/1341 720/951/1343 732/952/1344 731/950/1342
f 720/951/1343 721/953/1345 733/954/1346 732/952/1344
f 721/953/1345 722/955/1347 734/956/1348 733/954/1346
f 722/955/1347 711/933/1325 723/936/1328 734/956/1348
s 127
f 712/934/1349 711/933/1350 735/957/1351
f 713/937/1352 712/934/1349 735/957/1351
f 714/939/1353 713/937/1352 735/957/1351
f 715/941/1354 714/939/1353 735/957/1351
f 716/943/1355 715/941/1354 735/957/1351
f 717/945/1356 716/943/1355 735/957/1351
f 718/947/1357 717/945/1356 735/957/1351
f 719/949/1358 718/947/1357 735/957/1351
f 720/951/1359 719/949/1358 735/957/1351
f 721/953/1360 720/951/1359 735/957/1351
f 722/955/1361 721/953/1360 735/957/1351
f 711/933/1350 722/955/1361 735/957/1351
s 128
f 723/936/1362 724/935/1363 747/958/1364 736/959/1365
f 724/935/1363 725/938/1366 746/960/1367 747/958/1364
f 725/938/1366 726/940/1368 745/961/1369 746/960/1367
f 726/940/1368 727/942/1370 744/962/1371 745/961/1369
f 727/942/1370 728/944/1372 743/963/1373 744/962/1371
f 728/944/1372 729/946/1374 742/964/1375 743/963/1373
f 729/946/1374 730/948/1376 741/965/1377 742/964/1375
f 730/948/1376 731/950/1378 740/966/1379 741/965/1377
f 731/950/1378 732/952/1380 739/967/1381 740/966/1379
f 732/952/1380 733/954/1382 738/968/1383 739/967/1381
f 733/954/1382 734/956/1384 737/969/1385 738/968/1383
f 734/956/1384 723/936/1362 736/959/1365 737/969/1385
s 129
f 761/970/1386 760/971/1387 762/972/1388
f 763/973/1389 761/970/1386 762/972/1388
f 764/974/1390 763/973/1389 762/972/1388
f 765/975/1391 764/974/1390 762/972/1388
f 766/976/1392 765/975/1391 762/972/1388
f 767/977/1393 766/976/1392 762/972/1388
f 768/978/1394 767/977/1393 762/972/1388
f 769/979/1395 768/978/1394 762/972/1388
f 770/980/1396 769/979/1395 762/972/1388
f 771/981/1397 770/980/1396 762/972/1388
f 772/982/1398 771/981/1397 762/972/1388
f 760/971/1387 772/982/1398 762/972/1388
f 737/983/1399 736/984/1400 748/985/1401 749/986/1402
f 738/987/1403 737/983/1399 749/986/1402 750/988/1404
f 739/989/1405 738/987/1403 750/988/1404 751/990/1406
f 740/991/1407 739/989/1405 751/990/1406 752/992/1408
f 741/993/1409 740/991/1407 752/992/1408 753/994/1410
f 742/995/1411 741/993/1409 753/994/1410 754/996/1412
f 743/997/1413 742/995/1411 754/996/1412 755/998/1414
f 744/999/1415 743/997/1413 755/998/1414 756/1000/1416
f 745/1001/1417 744/999/1415 756/1000/1416 757/1002/1418
f 746/1003/1419 745/1001/1417 757/1002/1418 758/1004/1420
f 747/1005/1421 746/1003/1419 758/1004/1420 759/1006/1422
f 736/984/1400 747/1005/1421 759/1006/1422 748/985/1401
f 749/986/1402 748/985/1401 760/971/1387 761/970/1386
f 750/988/1404 749/986/1402 761/970/1386 763/973/1389
f 751/990/1406 750/988/1404 763/973/1389 764/974/1390
f 752/992/1408 751/990/1406 764/974/1390 765/975/1391
f 753/994/1410 752/992/1408 765/975/1391 766/976/1392
f 754/996/1412 753/994/1410 766/976/1392 767/977/1393
f 755/998/1414 754/996/1412 767/977/1393 768/978/1394
f 756/1000/1416 755/998/1414 768/978/1394 769/979/1395
f 757/1002/1418 756/1000/1416 769/979/1395 770/980/1396
f 758/1004/1420 757/1002/1418 770/980/1396 771/981/1397
f 759/1006/1422 758/1004/1420 771/981/1397 772/982/1398
f 748/985/1401 759/1006/1422 772/982/1398 760/971/1387
s 131
f 773/1007/1423 774/1008/1424 786/1009/1425 785/1010/1426
f 774/1008/1424 775/1011/1427 787/1012/1428 786/1009/1425
f 775/1011/1427 776/1013/1429 788/1014/1430 787/1012/1428
f 776/1013/1429 777/1015/1431 789/1016/1432 788/1014/1430
f 777/1015/1431 778/1017/1433 790/1018/1434 789/1016/1432
f 778/1017/1433 779/1019/1435 791/1020/1436 790/1018/1434
f 779/1019/1435 780/1021/1437 792/1022/1438 791/1020/1436
f 780/1021/1437 781/1023/1439 793/1024/1440 792/1022/1438
f 781/1023/1439 782/1025/1441 794/1026/1442 793/1024/1440
f 782/1025/1441 783/1027/1443 795/1028/1444 794/1026/1442
f 783/1027/1443 784/1029/1445 796/1030/1446 795/1028/1444
f 784/1029/1445 773/1007/1423 785/1010/1426 796/1030/1446
s 132
f 774/1008/1447 773/1007/1448 797/1031/1449
f 775/1011/1450 774/1008/1447 797/1031/1449
f 776/1013/1451 775/1011/1450 797/1031/1449
f 777/1015/1452 776/1013/1451 797/1031/1449
f 778/1017/1453 777/1015/1452 797/1031/1449
f 779/1019/1454 778/1017/1453 797/1031/1449
f 780/1021/1455 779/1019/1454 797/1031/1449
f 781/1023/1456 780/1021/1455 797/1031/1449
f 782/1025/1457 781/1023/1456 797/1031/1449
f 783/1027/1458 782/1025/1457 797/1031/1449
f 784/1029/1459 783/1027/1458 797/1031/1449
f 773/1007/1448 784/1029/1459 797/1031/1449
s 133
f 785/1010/1460 786/1009/1461 809/1032/1462 798/1033/1463
f 786/1009/1461 787/1012/1464 808/1034/1465 809/1032/1462
f 787/1012/1464 788/1014/1466 807/1035/1467 808/1034/1465
f 788/1014/1466 789/1016/1468 806/1036/1469 807/1035/1467
f 789/1016/1468 790/1018/1470 805/1037/1471 806/1036/1469
f 790/1018/1470 791/1020/1472 804/1038/1473 805/1037/1471
f 791/1020/1472 792/1022/1474 803/1039/1475 804/1038/1473
f 792/1022/1474 793/1024/1476 802/1040/1477 803/1039/1475
f 793/1024/1476 794/1026/1478 801/1041/1479 802/1040/1477
f 794/1026/1478 795/1028/1480 800/1042/1481 801/1041/1479
f 795/1028/1480 796/1030/1482 799/1043/1483 800/1042/1481
f 796/1030/1482 785/1010/1460 798/1033/1463 799/1043/1483
s 134
f 823/1044/1484 822/1045/1485 824/1046/1486
f 825/1047/1487 823/1044/1484 824/1046/1486
f 826/1048/1488 825/1047/1487 824/1046/1486
f 827/1049/1489 826/1048/1488 824/1046/1486
f 828/1050/1490 827/1049/1489 824/1046/1486
f 829/1051/1491 828/1050/1490 824/1046/1486
f 830/1052/1492 829/1051/1491 824/1046/1486
f 831/1053/1493 830/1052/1492 824/1046/1486
f 832/1054/1494 831/1053/1493 824/1046/1486
f 833/1055/1495 832/1054/1494 824/1046/1486
f 834/1056/1496 833/1055/1495 824/1046/1486
f 822/1045/1485 834/1056/1496 824/1046/1486
f 799/1057/1497 798/1058/1498 810/1059/1499 811/1060/1500
f 800/1061/1501 799/1057/1497 811/1060/1500 812/1062/1502
f 801/1063/1503 800/1061/1501 812/1062/1502 813/1064/1504
f 802/1065/1505 801/1063/1503 813/1064/1504 814/1066/1506
f 803/1067/1507 802/1065/1505 814/1066/1506 815/1068/1508
f 804/1069/1509 803/1067/1507 815/1068/1508 816/1070/1510
f 805/1071/1511 804/1069/1509 816/1070/1510 817/1072/1512
f 806/1073/1513 805/1071/1511 817/1072/1512 818/1074/1514
f 807/1075/1515 806/1073/1513 818/1074/1514 819/1076/1516
f 808/1077/1517 807/1075/1515 819/1076/1516 820/1078/1518
f 809/1079/1519 808/1077/1517 820/1078/1518 821/1080/1520
f 798/1058/1498 809/1079/1519 821/1080/1520 810/1059/1499
f 811/1060/1500 810/1059/1499 822/1045/1485 823/1044/1484
f 812/1062/1502 811/1060/1500 823/1044/1484 825/1047/1487
f 813/1064/1504 812/1062/1502 825/1047/1487 826/1048/1488
f 814/1066/1506 813/1064/1504 826/1048/1488 827/1049/1489
f 815/1068/1508 814/1066/1506 827/1049/1489 828/1050/1490
f 816/1070/1510 815/1068/1508 828/1050/1490 829/1051/1491
f 817/1072/1512 816/1070/1510 829/1051/1491 830/1052/1492
f 818/1074/1514 817/1072/1512 830/1052/1492 831/1053/1493
f 819/1076/1516 818/1074/1514 831/1053/1493 832/1054/1494
f 820/1078/1518 819/1076/1516 832/1054/1494 833/1055/1495
f 821/1080/1520 820/1078/1518 833/1055/1495 834/1056/1496
f 810/1059/1499 821/1080/1520 834/1056/1496 822/1045/1485
s 136
f 835/1081/1521 836/1082/1522 848/1083/1523 847/1084/1524
f 836/1082/1522 837/1085/1525 849/1086/1526 848/1083/1523
f 837/1085/1525 838/1087/1527 850/1088/1528 849/1086/1526
f 838/1087/1527 839/1089/1529 851/1090/1530 850/1088/1528
f 839/1089/1529 840/1091/1531 852/1092/1532 851/1090/1530
f 840/1091/1531 841/1093/1533 853/1094/1534 852/1092/1532
f 841/1093/1533 842/1095/1535 854/1096/1536 853/1094/1534
f 842/1095/1535 843/1097/1537 855/1098/1538 854/1096/1536
f 843/1097/1537 844/1099/1539 856/1100/1540 855/1098/1538
f 844/1099/1539 845/1101/1541 857/1102/1542 856/1100/1540
f 845/1101/1541 846/1103/1543 858/1104/1544 857/1102/1542
f 846/1103/1543 835/1081/1521 847/1084/1524 858/1104/1544
f 847/1084/1524 848/1083/1523 860/1105/1545 859/1106/1546
f 848/1083/1523 849/1086/1526 861/1107/1547 860/1105/1545
f 849/1086/1526 850/1088/1528 862/1108/1548 861/1107/1547
f 850/1088/1528 851/1090/1530 863/1109/1549 862/1108/1548
f 851/1090/1530 852/1092/1532 864/1110/1550 863/1109/1549
f 852/1092/1532 853/1094/1534 865/1111/1551 864/1110/1550
f 853/1094/1534 854/1096/1536 866/1112/1552 865/1111/1551
f 854/1096/1536 855/1098/1538 867/1113/1553 866/1112/1552
f 855/1098/1538 856/1100/1540 868/1114/1554 867/1113/1553
f 856/1100/1540 857/1102/1542 869/1115/1555 868/1114/1554
f 857/1102/1542 858/1104/1544 870/1116/1556 869/1115/1555
f 858/1104/1544 847/1084/1524 859/1106/1546 870/1116/1556
f 859/1106/1546 860/1105/1545 872/1117/1557 871/1118/1558
f 860/1105/1545 861/1107/1547 873/1119/1559 872/1117/1557
f 861/1107/1547 862/1108/1548 874/1120/1560 873/1119/1559
f 862/1108/1548 863/1109/1549 875/1121/1561 874/1120/1560
f 863/1109/1549 864/1110/1550 876/1122/1562 875/1121/1561
f 864/1110/1550 865/1111/1551 877/1123/1563 876/1122/1562
f 865/1111/1551 866/1112/1552 878/1124/1564 877/1123/1563
f 866/1112/1552 867/1113/1553 879/1125/1565 878/1124/1564
f 867/1113/1553 868/1114/1554 880/1126/1566 879/1125/1565
f 868/1114/1554 869/1115/1555 881/1127/1567 880/1126/1566
f 869/1115/1555 870/1116/1556 882/1128/1568 881/1127/1567
f 870/1116/1556 859/1106/1546 871/1118/1558 882/1128/1568
f 871/1118/1558 872/1117/1557 884/1129/1569 883/1130/1570
f 872/1117/1557 873/1119/1559 885/1131/1571 884/1129/1569
f 873/1119/1559 874/1120/1560 886/1132/1572 885/1131/1571
f 874/1120/1560 875/1121/1561 887/1133/1573 886/1132/1572
f 875/1121/1561 876/1122/1562 888/1134/1574 887/1133/1573
f 876/1122/1562 877/1123/1563 889/1135/1575 888/1134/1574
f 877/1123/1563 878/1124/1564 890/1136/1576 889/1135/1575
f 878/1124/1564 879/1125/1565 891/1137/1577 890/1136/1576
f 879/1125/1565 880/1126/1566 892/1138/1578 891/1137/1577
f 880/1126/1566 881/1127/1567 893/1139/1579 892/1138/1578
f 881/1127/1567 882/1128/1568 894/1140/1580 893/1139/1579
f 882/1128/1568 871/1118/1558 883/1130/1570 894/1140/1580
f 883/1130/1570 884/1129/1569 944/1141/1581 943/1142/1582
f 884/1129/1569 885/1131/1571 945/1143/1583 944/1141/1581
f 885/1131/1571 886/1132/1572 946/1144/1584 945/1143/1583
f 886/1132/1572 887/1133/1573 947/1145/1585 946/1144/1584
f 887/1133/1573 888/1134/1574 948/1146/1586 947/1145/1585
f 888/1134/1574 889/1135/1575 949/1147/1587 948/1146/1586
f 889/1135/1575 890/1136/1576 950/1148/1588 949/1147/1587
f 890/1136/1576 891/1137/1577 951/1149/1589 950/1148/1588
f 891/1137/1577 892/1138/1578 952/1150/1590 951/1149/1589
f 892/1138/1578 893/1139/1579 953/1151/1591 952/1150/1590
f 893/1139/1579 894/1140/1580 954/1152/1592 953/1151/1591
f 894/1140/1580 883/1130/1570 943/1142/1582 954/1152/1592
f 895/1153/1593 907/1154/1594 908/1155/1595 896/1156/1596
f 896/1156/1596 908/1155/1595 909/1157/1597 897/1158/1598
f 897/1158/1598 909/1157/1597 910/1159/1599 898/1160/1600
f 898/1160/1600 910/1159/1599 911/1161/1601 899/1162/1602
f 899/1162/1602 911/1161/1601 912/1163/1603 900/1164/1604
f 900/1164/1604 912/1163/1603 913/1165/1605 901/1166/1606
f 901/1166/1606 913/1165/1605 914/1167/1607 902/1168/1608
f 902/1168/1608 914/1167/1607 915/1169/1609 903/1170/1610
f 903/1170/1610 915/1169/1609 916/1171/1611 904/1172/1612
f 904/1172/1612 916/1171/1611 917/1173/1613 905/1174/1614
f 905/1174/1614 917/1173/1613 918/1175/1615 906/1176/1616
f 906/1176/1616 918/1175/1615 907/1154/1594 895/1153/1593
f 907/1154/1594 919/1177/1617 920/1178/1618 908/1155/1595
f 908/1155/1595 920/1178/1618 921/1179/1619 909/1157/1597
f 909/1157/1597 921/1179/1619 922/1180/1620 910/1159/1599
f 910/1159/1599 922/1180/1620 923/1181/1621 911/1161/1601
f 911/1161/1601 923/1181/1621 924/1182/1622 912/1163/1603
f 912/1163/1603 924/1182/1622 925/1183/1623 913/1165/1605
f 913/1165/1605 925/1183/1623 926/1184/1624 914/1167/1607
f 914/1167/1607 926/1184/1624 927/1185/1625 915/1169/1609
f 915/1169/1609 927/1185/1625 928/1186/1626 916/1171/1611
f 916/1171/1611 928/1186/1626 929/1187/1627 917/1173/1613
f 917/1173/1613 929/1187/1627 930/1188/1628 918/1175/1615
f 918/1175/1615 930/1188/1628 919/1177/1617 907/1154/1594
f 919/1177/1617 931/1189/1629 932/1190/1630 920/1178/1618
f 920/1178/1618 932/1190/1630 933/1191/1631 921/1179/1619
f 921/1179/1619 933/1191/1631 934/1192/1632 922/1180/1620
f 922/1180/1620 934/1192/1632 935/1193/1633 923/1181/1621
f 923/1181/1621 935/1193/1633 936/1194/1634 924/1182/1622
f 924/1182/1622 936/1194/1634 937/1195/1635 925/1183/1623
f 925/1183/1623 937/1195/1635 938/1196/1636 926/1184/1624
f 926/1184/1624 938/1196/1636 939/1197/1637 927/1185/1625
f 927/1185/1625 939/1197/1637 940/1198/1638 928/1186/1626
f 928/1186/1626 940/1198/1638 941/1199/1639 929/1187/1627
f 929/1187/1627 941/1199/1639 942/1200/1640 930/1188/1628
f 930/1188/1628 942/1200/1640 931/1189/1629 919/1177/1617
f 931/1189/1629 943/1142/1582 944/1141/1581 932/1190/1630
f 932/1190/1630 944/1141/1581 945/1143/1583 933/1191/1631
f 933/1191/1631 945/1143/1583 946/1144/1584 934/1192/1632
f 934/1192/1632 946/1144/1584 947/1145/1585 935/1193/1633
f 935/1193/1633 947/1145/1585 948/1146/1586 936/1194/1634
f 936/1194/1634 948/1146/1586 949/1147/1587 937/1195/1635
f 937/1195/1635 949/1147/1587 950/1148/1588 938/1196/1636
f 938/1196/1636 950/1148/1588 951/1149/1589 939/1197/1637
f 939/1197/1637 951/1149/1589 952/1150/1590 940/1198/1638
f 940/1198/1638 952/1150/1590 953/1151/1591 941/1199/1639
f 941/1199/1639 953/1151/1591 954/1152/1592 942/1200/1640
f 942/1200/1640 954/1152/1592 943/1142/1582 931/1189/1629
s 138
f 955/1201/1641 956/1202/1642 968/1203/1643 967/1204/1644
f 956/1202/1642 957/1205/1645 969/1206/1646 968/1203/1643
f 957/1205/1645 958/1207/1647 970/1208/1648 969/1206/1646
f 958/1207/1647 959/1209/1649 971/1210/1650 970/1208/1648
f 959/1209/1649 960/1211/1651 972/1212/1652 971/1210/1650
f 960/1211/1651 961/1213/1653 973/1214/1654 972/1212/1652
f 961/1213/1653 962/1215/1655 974/1216/1656 973/1214/1654
f 962/1215/1655 963/1217/1657 975/1218/1658 974/1216/1656
f 963/1217/1657 964/1219/1659 976/1220/1660 975/1218/1658
f 964/1219/1659 965/1221/1661 977/1222/1662 976/1220/1660
f 965/1221/1661 966/1223/1663 978/1224/1664 977/1222/1662
f 966/1223/1663 955/1201/1641 967/1204/1644 978/1224/1664
s 139
f 956/1202/1665 955/1201/1666 979/1225/1667
f 957/1205/1668 956/1202/1665 979/1225/1667
f 958/1207/1669 957/1205/1668 979/1225/1667
f 959/1209/1670 958/1207/1669 979/1225/1667
f 960/1211/1671 959/1209/1670 979/1225/1667
f 961/1213/1672 960/1211/1671 979/1225/1667
f 962/1215/1673 961/1213/1672 979/1225/1667
f 963/1217/1674 962/1215/1673 979/1225/1667
f 964/1219/1675 963/1217/1674 979/1225/1667
f 965/1221/1676 964/1219/1675 979/1225/1667
f 966/1223/1677 965/1221/1676 979/1225/1667
f 955/1201/1666 966/1223/1677 979/1225/1667
s 140
f 967/1204/1678 968/1203/1679 980/1226/1680
f 968/1203/1679 969/1206/1681 980/1226/1680
f 969/1206/1681 970/1208/1682 980/1226/1680
f 970/1208/1682 971/1210/1683 980/1226/1680
f 971/1210/1683 972/1212/1684 980/1226/1680
f 972/1212/1684 973/1214/1685 980/1226/1680
f 973/1214/1685 974/1216/1686 980/1226/1680
f 974/1216/1686 975/1218/1687 980/1226/1680
f 975/1218/1687 976/1220/1688 980/1226/1680
f 976/1220/1688 977/1222/1689 980/1226/1680
f 977/1222/1689 978/1224/1690 980/1226/1680
f 978/1224/1690 967/1204/1678 980/1226/1680
s 141
f 981/1227/1691 982/1228/1692 994/1229/1693 993/1230/1694
f 982/1228/1692 983/1231/1695 995/1232/1696 994/1229/1693
f 983/1231/1695 984/1233/1697 996/1234/1698 995/1232/1696
f 984/1233/1697 985/1235/1699 997/1236/1700 996/1234/1698
f 985/1235/1699 986/1237/1701 998/1238/1702 997/1236/1700
f 986/1237/1701 987/1239/1703 999/1240/1704 998/1238/1702
f 987/1239/1703 988/1241/1705 1000/1242/1706 999/1240/1704
f 988/1241/1705 989/1243/1707 1001/1244/1708 1000/1242/1706
f 989/1243/1707 990/1245/1709 1002/1246/1710 1001/1244/1708
f 990/1245/1709 991/1247/1711 1003/1248/1712 1002/1246/1710
f 991/1247/1711 992/1249/1713 1004/1250/1714 1003/1248/1712
f 992/1249/1713 981/1227/1691 993/1230/1694 1004/1250/1714
s 142
f 982/1228/1715 981/1227/1716 1005/1251/1717
f 983/1231/1718 982/1228/1715 1005/1251/1717
f 984/1233/1719 983/1231/1718 1005/1251/1717
f 985/1235/1720 984/1233/1719 1005/1251/1717
f 986/1237/1721 985/1235/1720 1005/1251/1717
f 987/1239/1722 986/1237/1721 1005/1251/1717
f 988/1241/1723 987/1239/1722 1005/1251/1717
f 989/1243/1724 988/1241/1723 1005/1251/1717
f 990/1245/1725 989/1243/1724 1005/1251/1717
f 991/1247/1726 990/1245/1725 1005/1251/1717
f 992/1249/1727 991/1247/1726 1005/1251/1717
f 981/1227/1716 992/1249/1727 1005/1251/1717
s 143
f 993/1230/1728 994/1229/1729 1006/1252/1730
f 994/1229/1729 995/1232/1731 1006/1252/1730
f 995/1232/1731 996/1234/1732 1006/1252/1730
f 996/1234/1732 997/1236/1733 1006/1252/1730
f 997/1236/1733 998/1238/1734 1006/1252/1730
f 998/1238/1734 999/1240/1735 1006/1252/1730
f 999/1240/1735 1000/1242/1736 1006/1252/1730
f 1000/1242/1736 1001/1244/1737 1006/1252/1730
f 1001/1244/1737 1002/1246/1738 1006/1252/1730
f 1002/1246/1738 1003/1248/1739 1006/1252/1730
f 1003/1248/1739 1004/1250/1740 1006/1252/1730
f 1004/1250/1740 993/1230/1728 1006/1252/1730
s 144
f 1007/1253/1741 1008/1254/1742 1020/1255/1743 1019/1256/1744
f 1008/1254/1742 1009/1257/1745 1021/1258/1746 1020/1255/1743
f 1009/1257/1745 1010/1259/1747 1022/1260/1748 1021/1258/1746
f 1010/1259/1747 1011/1261/1749 1023/1262/1750 1022/1260/1748
f 1011/1261/1749 1012/1263/1751 1024/1264/1752 1023/1262/1750
f 1012/1263/1751 1013/1265/1753 1025/1266/1754 1024/1264/1752
f 1013/1265/1753 1014/1267/1755 1026/1268/1756 1025/1266/1754
f 1014/1267/1755 1015/1269/1757 1027/1270/1758 1026/1268/1756
f 1015/1269/1757 1016/1271/1759 1028/1272/1760 1027/1270/1758
f 1016/1271/1759 1017/1273/1761 1029/1274/1762 1028/1272/1760
f 1017/1273/1761 1018/1275/1763 1030/1276/1764 1029/1274/1762
f 1018/1275/1763 1007/1253/1741 1019/1256/1744 1030/1276/1764
s 145
f 1008/1254/1765 1007/1253/1766 1031/1277/1767
f 1009/1257/1768 1008/1254/1765 1031/1277/1767
f 1010/1259/1769 1009/1257/1768 1031/1277/1767
f 1011/1261/1770 1010/1259/1769 1031/1277/1767
f 1012/1263/1771 1011/1261/1770 1031/1277/1767
f 1013/1265/1772 1012/1263/1771 1031/1277/1767
f 1014/1267/1773 1013/1265/1772 1031/1277/1767
f 1015/1269/1774 1014/1267/1773 1031/1277/1767
f 1016/1271/1775 1015/1269/1774 1031/1277/1767
f 1017/1273/1776 1016/1271/1775 1031/1277/1767
f 1018/1275/1777 1017/1273/1776 1031/1277/1767
f 1007/1253/1766 1018/1275/1777 1031/1277/1767
s 146
f 1019/1256/1778 1020/1255/1779 1032/1278/1780
f 1020/1255/1779 1021/1258/1781 1032/1278/1780
f 1021/1258/1781 1022/1260/1782 1032/1278/1780
f 1022/1260/1782 1023/1262/1783 1032/1278/1780
f 1023/1262/1783 1024/1264/1784 1032/1278/1780
f 1024/1264/1784 1025/1266/1785 1032/1278/1780
f 1025/1266/1785 1026/1268/1786 1032/1278/1780
f 1026/1268/1786 1027/1270/1787 1032/1278/1780
f 1027/1270/1787 1028/1272/1788 1032/1278/1780
f 1028/1272/1788 1029/1274/1789 1032/1278/1780
f 1029/1274/1789 1030/1276/1790 1032/1278/1780
f 1030/1276/1790 1019/1256/1778 1032/1278/1780
s 147
f 1033/1279/1791 1034/1280/1792 1046/1281/1793 1045/1282/1794
f 1034/1280/1792 1035/1283/1795 1047/1284/1796 1046/1281/1793
f 1035/1283/1795 1036/1285/1797 1048/1286/1798 1047/1284/1796
f 1036/1285/1797 1037/1287/1799 1049/1288/1800 1048/1286/1798
f 1037/1287/1799 1038/1289/1801 1050/1290/1802 1049/1288/1800
f 1038/1289/1801 1039/1291/1803 1051/1292/1804 1050/1290/1802
f 1039/1291/1803 1040/1293/1805 1052/1294/1806 1051/1292/1804
f 1040/1293/1805 1041/1295/1807 1053/1296/1808 1052/1294/1806
f 1041/1295/1807 1042/1297/1809 1054/1298/1810 1053/1296/1808
f 1042/1297/1809 1043/1299/1811 1055/1300/1812 1054/1298/1810
f 1043/1299/1811 1044/1301/1813 1056/1302/1814 1055/1300/1812
f 1044/1301/1813 1033/1279/1791 1045/1282/1794 1056/1302/1814
s 148
f 1034/1280/1815 1033/1279/1816 1057/1303/1817
f 1035/1283/1818 1034/1280/1815 1057/1303/1817
f 1036/1285/1819 1035/1283/1818 1057/1303/1817
f 1037/1287/1820 1036/1285/1819 1057/1303/1817
f 1038/1289/1821 1037/1287/1820 1057/1303/1817
f 1039/1291/1822 1038/1289/1821 1057/1303/1817
f 1040/1293/1823 1039/1291/1822 1057/1303/1817
f 1041/1295/1824 1040/1293/1823 1057/1303/1817
f 1042/1297/1825 1041/1295/1824 1057/1303/1817
f 1043/1299/1826 1042/1297/1825 1057/1303/1817
f 1044/1301/1827 1043/1299/1826 1057/1303/1817
f 1033/1279/1816 1044/1301/1827 1057/1303/1817
s 149
f 1045/1282/1828 1046/1281/1829 1058/1304/1830
f 1046/1281/1829 1047/1284/1831 1058/1304/1830
f 1047/1284/1831 1048/1286/1832 1058/1304/1830
f 1048/1286/1832 1049/1288/1833 1058/1304/1830
f 1049/1288/1833 1050/1290/1834 1058/1304/1830
f 1050/1290/1834 1051/1292/1835 1058/1304/1830
f 1051/1292/1835 1052/1294/1836 1058/1304/1830
f 1052/1294/1836 1053/1296/1837 1058/1304/1830
f 1053/1296/1837 1054/1298/1838 1058/1304/1830
f 1054/1298/1838 1055/1300/1839 1058/1304/1830
f 1055/1300/1839 1056/1302/1840 1058/1304/1830
f 1056/1302/1840 1045/1282/1828 1058/1304/1830
s 150
f 1059/1305/1841 1060/1306/1842 1072/1307/1843 1071/1308/1844
f 1060/1306/1842 1061/1309/1845 1073/1310/1846 1072/1307/1843
f 1061/1309/1845 1062/1311/1847 1074/1312/1848 1073/1310/1846
f 1062/1311/1847 1063/1313/1849 1075/1314/1850 1074/1312/1848
f 1063/1313/1849 1064/1315/1851 1076/1316/1852 1075/1314/1850
f 1064/1315/1851 1065/1317/1853 1077/1318/1854 1076/1316/1852
f 1065/1317/1853 1066/1319/1855 1078/1320/1856 1077/1318/1854
f 1066/1319/1855 1067/1321/1857 1079/1322/1858 1078/1320/1856
f 1067/1321/1857 1068/1323/1859 1080/1324/1860 1079/1322/1858
f 1068/1323/1859 1069/1325/1861 1081/1326/1862 1080/1324/1860
f 1069/1325/1861 1070/1327/1863 1082/1328/1864 1081/1326/1862
f 1070/1327/1863 1059/1305/1841 1071/1308/1844 1082/1328/1864
f 1071/1308/1844 1072/1307/1843 1084/1329/1865 1083/1330/1866
f 1072/1307/1843 1073/1310/1846 1085/1331/1867 1084/1329/1865
f 1073/1310/1846 1074/1312/1848 1086/1332/1868 1085/1331/1867
f 1074/1312/1848 1075/1314/1850 1087/1333/1869 1086/1332/1868
f 1075/1314/1850 1076/1316/1852 1088/1334/1870 1087/1333/1869
f 1076/1316/1852 1077/1318/1854 1089/1335/1871 1088/1334/1870
f 1077/1318/1854 1078/1320/1856 1090/1336/1872 1089/1335/1871
f 1078/1320/1856 1079/1322/1858 1091/1337/1873 1090/1336/1872
f 1079/1322/1858 1080/1324/1860 1092/1338/1874 1091/1337/1873
f 1080/1324/1860 1081/1326/1862 1093/1339/1875 1092/1338/1874
f 1081/1326/1862 1082/1328/1864 1094/1340/1876 1093/1339/1875
f 1082/1328/1864 1071/1308/1844 1083/1330/1866 1094/1340/1876
f 1083/1330/1866 1084/1329/1865 1096/1341/1877 1095/1342/1878
f 1084/1329/1865 1085/1331/1867 1097/1343/1879 1096/1341/1877
f 1085/1331/1867 1086/1332/1868 1098/1344/1880 1097/1343/1879
f 1086/1332/1868 1087/1333/1869 1099/1345/1881 1098/1344/1880
f 1087/1333/1869 1088/1334/1870 1100/1346/1882 1099/1345/1881
f 1088/1334/1870 1089/1335/1871 1101/1347/1883 1100/1346/1882
f 1089/1335/1871 1090/1336/1872 1102/1348/1884 1101/1347/1883
f 1090/1336/1872 1091/1337/1873 1103/1349/1885 1102/1348/1884
f 1091/1337/1873 1092/1338/1874 1104/1350/1886 1103/1349/1885
f 1092/1338/1874 1093/1339/1875 1105/1351/1887 1104/1350/1886
f 1093/1339/1875 1094/1340/1876 1106/1352/1888 1105/1351/1887
f 1094/1340/1876 1083/1330/1866 1095/1342/1878 1106/1352/1888
f 1095/1342/1878 1096/1341/1877 1108/1353/1889 1107/1354/1890
f 1096/1341/1877 1097/1343/1879 1109/1355/1891 1108/1353/1889
f 1097/1343/1879 1098/1344/1880 1110/1356/1892 1109/1355/1891
f 1098/1344/1880 1099/1345/1881 1111/1357/1893 1110/1356/1892
f 1099/1345/1881 1100/1346/1882 1112/1358/1894 1111/1357/1893
f 1100/1346/1882 1101/1347/1883 1113/1359/1895 1112/1358/1894
f 1101/1347/1883 1102/1348/1884 1114/1360/1896 1113/1359/1895
f 1102/1348/1884 1103/1349/1885 1115/1361/1897 1114/1360/1896
f 1103/1349/1885 1104/1350/1886 1116/1362/1898 1115/1361/1897
f 1104/1350/1886 1105/1351/1887 1117/1363/1899 1116/1362/1898
f 1105/1351/1887 1106/1352/1888 1118/1364/1900 1117/1363/1899
f 1106/1352/1888 1095/1342/1878 1107/1354/1890 1118/1364/1900
f 1107/1354/1890 1108/1353/1889 1168/1365/1901 1167/1366/1902
f 1108/1353/1889 1109/1355/1891 1169/1367/1903 1168/1365/1901
f 1109/1355/1891 1110/1356/1892 1170/1368/1904 1169/1367/1903
f 1110/1356/1892 1111/1357/1893 1171/1369/1905 1170/1368/1904
f 1111/1357/1893 1112/1358/1894 1172/1370/1906 1171/1369/1905
f 1112/1358/1894 1113/1359/1895 1173/1371/1907 1172/1370/1906
f 1113/1359/1895 1114/1360/1896 1174/1372/1908 1173/1371/1907
f 1114/1360/1896 1115/1361/1897 1175/1373/1909 1174/1372/1908
f 1115/1361/1897 1116/1362/1898 1176/1374/1910 1175/1373/1909
f 1116/1362/1898 1117/1363/1899 1177/1375/1911 1176/1374/1910
f 1117/1363/1899 1118/1364/1900 1178/1376/1912 1177/1375/1911
f 1118/1364/1900 1107/1354/1890 1167/1366/1902 1178/1376/1912
f 1119/1377/1913 1131/1378/1914 1132/1379/1915 1120/1380/1916
f 1120/1380/1916 1132/1379/1915 1133/1381/1917 1121/1382/1918
f 1121/1382/1918 1133/1381/1917 1134/1383/1919 1122/1384/1920
f 1122/1384/1920 1134/1383/1919 1135/1385/1921 1123/1386/1922
f 1123/1386/1922 1135/1385/1921 1136/1387/1923 1124/1388/1924
f 1124/1388/1924 1136/1387/1923 1137/1389/1925 1125/1390/1926
f 1125/1390/1926 1137/1389/1925 1138/1391/1927 1126/1392/1928
f 1126/1392/1928 1138/1391/1927 1139/1393/1929 1127/1394/1930
f 1127/1394/1930 1139/1393/1929 1140/1395/1931 1128/1396/1932
f 1128/1396/1932 1140/1395/1931 1141/1397/1933 1129/1398/1934
f 1129/1398/1934 1141/1397/1933 1142/1399/1935 1130/1400/1936
f 1130/1400/1936 1142/1399/1935 1131/1378/1914 1119/1377/1913
f 1131/1378/1914 1143/1401/1937 1144/1402/1938 1132/1379/1915
f 1132/1379/1915 1144/1402/1938 1145/1403/1939 1133/1381/1917
f 1133/1381/1917 1145/1403/1939 1146/1404/1940 1134/1383/1919
f 1134/1383/1919 1146/1404/1940 1147/1405/1941 1135/1385/1921
f 1135/1385/1921 1147/1405/1941 1148/1406/1942 1136/1387/1923
f 1136/1387/1923 1148/1406/1942 1149/1407/1943 1137/1389/1925
f 1137/1389/1925 1149/1407/1943 1150/1408/1944 1138/1391/1927
f 1138/1391/1927 1150/1408/1944 1151/1409/1945 1139/1393/1929
f 1139/1393/1929 1151/1409/1945 1152/1410/1946 1140/1395/1931
f 1140/1395/1931 1152/1410/1946 1153/1411/1947 1141/1397/1933
f 1141/1397/1933 1153/1411/1947 1154/1412/1948 1142/1399/1935
f 1142/1399/1935 1154/1412/1948 1143/1401/1937 1131/1378/1914
f 1143/1401/1937 1155/1413/1949 1156/1414/1950 1144/1402/1938
f 1144/1402/1938 1156/1414/1950 1157/1415/1951 1145/1403/1939
f 1145/1403/1939 1157/1415/1951 1158/1416/1952 1146/1404/1940
f 1146/1404/1940 1158/1416/1952 1159/1417/1953 1147/1405/1941
f 1147/1405/1941 1159/1417/1953 1160/1418/1954 1148/1406/1942
f 1148/1406/1942 1160/1418/1954 1161/1419/1955 1149/1407/1943
f 1149/1407/1943 1161/1419/1955 1162/1420/1956 1150/1408/1944
f 1150/1408/1944 1162/1420/1956 1163/1421/1957 1151/1409/1945
f 1151/1409/1945 1163/1421/1957 1164/1422/1958 1152/1410/1946
f 1152/1410/1946 1164/1422/1958 1165/1423/1959 1153/1411/1947
f 1153/1411/1947 1165/1423/1959 1166/1424/1960 1154/1412/1948
f 1154/1412/1948 1166/1424/1960 1155/1413/1949 1143/1401/1937
f 1155/1413/1949 1167/1366/1902 1168/1365/1901 1156/1414/1950
f 1156/1414/1950 1168/1365/1901 1169/1367/1903 1157/1415/1951
f 1157/1415/1951 1169/1367/1903 1170/1368/1904 1158/1416/1952
f 1158/1416/1952 1170/1368/1904 1171/1369/1905 1159/1417/1953
f 1159/1417/1953 1171/1369/1905 1172/1370/1906 1160/1418/1954
f 1160/1418/1954 1172/1370/1906 1173/1371/1907 1161/1419/1955
f 1161/1419/1955 1173/1371/1907 1174/1372/1908 1162/1420/1956
f 1162/1420/1956 1174/1372/1908 1175/1373/1909 1163/1421/1957
f 1163/1421/1957 1175/1373/1909 1176/1374/1910 1164/1422/1958
f 1164/1422/1958 1176/1374/1910 1177/1375/1911 1165/1423/1959
f 1165/1423/1959 1177/1375/1911 1178/1376/1912 1166/1424/1960
f 1166/1424/1960 1178/1376/1912 1167/1366/1902 1155/1413/1949
s 152
f 1179/1425/1961 1180/1426/1962 1192/1427/1963 1191/1428/1964
f 1180/1426/1962 1181/1429/1965 1193/1430/1966 1192/1427/1963
f 1181/1429/1965 1182/1431/1967 1194/1432/1968 1193/1430/1966
f 1182/1431/1967 1183/1433/1969 1195/1434/1970 1194/1432/1968
f 1183/1433/1969 1184/1435/1971 1196/1436/1972 1195/1434/1970
f 1184/1435/1971 1185/1437/1973 1197/1438/1974 1196/1436/1972
f 1185/1437/1973 1186/1439/1975 1198/1440/1976 1197/1438/1974
f 1186/1439/1975 1187/1441/1977 1199/1442/1978 1198/1440/1976
f 1187/1441/1977 1188/1443/1979 1200/1444/1980 1199/1442/1978
f 1188/1443/1979 1189/1445/1981 1201/1446/1982 1200/1444/1980
f 1189/1445/1981 1190/1447/1983 1202/1448/1984 1201/1446/1982
f 1190/1447/1983 1179/1425/1961 1191/1428/1964 1202/1448/1984
f 1191/1428/1964 1192/1427/1963 1204/1449/1985 1203/1450/1986
f 1192/1427/1963 1193/1430/1966 1205/1451/1987 1204/1449/1985
f 1193/1430/1966 1194/1432/1968 1206/1452/1988 1205/1451/1987
f 1194/1432/1968 1195/1434/1970 1207/1453/1989 1206/1452/1988
f 1195/1434/1970 1196/1436/1972 1208/1454/1990 1207/1453/1989
f 1196/1436/1972 1197/1438/1974 1209/1455/1991 1208/1454/1990
f 1197/1438/1974 1198/1440/1976 1210/1456/1992 1209/1455/1991
f 1198/1440/1976 1199/1442/1978 1211/1457/1993 1210/1456/1992
f 1199/1442/1978 1200/1444/1980 1212/1458/1994 1211/1457/1993
f 1200/1444/1980 1201/1446/1982 1213/1459/1995 1212/1458/1994
f 1201/1446/1982 1202/1448/1984 1214/1460/1996 1213/1459/1995
f 1202/1448/1984 1191/1428/1964 1203/1450/1986 1214/1460/1996
f 1203/1450/1986 1204/1449/1985 1216/1461/1997 1215/1462/1998
f 1204/1449/1985 1205/1451/1987 1217/1463/1999 1216/1461/1997
f 1205/1451/1987 1206/1452/1988 1218/1464/2000 1217/1463/1999
f 1206/1452/1988 1207/1453/1989 1219/1465/2001 1218/1464/2000
f 1207/1453/1989 1208/1454/1990 1220/1466/2002 1219/1465/2001
f 1208/1454/1990 1209/1455/1991 1221/1467/2003 1220/1466/2002
f 1209/1455/1991 1210/1456/1992 1222/1468/2004 1221/1467/2003
f 1210/1456/1992 1211/1457/1993 1223/1469/2005 1222/1468/2004
f 1211/1457/1993 1212/1458/1994 1224/1470/2006 1223/1469/2005
f 1212/1458/1994 1213/1459/1995 1225/1471/2007 1224/1470/2006
f 1213/1459/1995 1214/1460/1996 1226/1472/2008 1225/1471/2007
f 1214/1460/1996 1203/1450/1986 1215/1462/1998 1226/1472/2008
f 1215/1462/1998 1216/1461/1997 1228/1473/2009 1227/1474/2010
f 1216/1461/1997 1217/1463/1999 1229/1475/2011 1228/1473/2009
f 1217/1463/1999 1218/1464/2000 1230/1476/2012 1229/1475/2011
f 1218/1464/2000 1219/1465/2001 1231/1477/2013 1230/1476/2012
f 1219/1465/2001 1220/1466/2002 1232/1478/2014 1231/1477/2013
f 1220/1466/2002 1221/1467/2003 1233/1479/2015 1232/1478/2014
f 1221/1467/2003 1222/1468/2004 1234/1480/2016 1233/1479/2015
f 1222/1468/2004 1223/1469/2005 1235/1481/2017 1234/1480/2016
f 1223/1469/2005 1224/1470/2006 1236/1482/2018 1235/1481/2017
f 1224/1470/2006 1225/1471/2007 1237/1483/2019 1236/1482/2018
f 1225/1471/2007 1226/1472/2008 1238/1484/2020 1237/1483/2019
f 1226/1472/2008 1215/1462/1998 1227/1474/2010 1238/1484/2020
f 1227/1474/2010 1228/1473/2009 1288/1485/2021 1287/1486/2022
f 1228/1473/2009 1229/1475/2011 1289/1487/2023 1288/1485/2021
f 1229/1475/2011 1230/1476/2012 1290/1488/2024 1289/1487/2023
f 1230/1476/2012 1231/1477/2013 1291/1489/2025 1290/1488/2024
f 1231/1477/2013 1232/1478/2014 1292/1490/2026 1291/1489/2025
f 1232/1478/2014 1233/1479/2015 1293/1491/2027 1292/1490/2026
f 1233/1479/2015 1234/1480/2016 1294/1492/2028 1293/1491/2027
f 1234/1480/2016 1235/1481/2017 1295/1493/2029 1294/1492/2028
f 1235/1481/2017 1236/1482/2018 1296/1494/2030 1295/1493/2029
f 1236/1482/2018 1237/1483/2019 1297/1495/2031 1296/1494/2030
f 1237/1483/2019 1238/1484/2020 1298/1496/2032 1297/1495/2031
f 1238/1484/2020 1227/1474/2010 1287/1486/2022 1298/1496/2032
f 1239/1497/2033 1251/1498/2034 1252/1499/2035 1240/1500/2036
f 1240/1500/2036 1252/1499/2035 1253/1501/2037 1241/1502/2038
f 1241/1502/2038 1253/1501/2037 1254/1503/2039 1242/1504/2040
f 1242/1504/2040 1254/1503/2039 1255/1505/2041 1243/1506/2042
f 1243/1506/2042 1255/1505/2041 1256/1507/2043 1244/1508/2044
f 1244/1508/2044 1256/1507/2043 1257/1509/2045 1245/1510/2046
f 1245/1510/2046 1257/1509/2045 1258/1511/2047 1246/1512/2048
f 1246/1512/2048 1258/1511/2047 1259/1513/2049 1247/1514/2050
f 1247/1514/2050 1259/1513/2049 1260/1515/2051 1248/1516/2052
f 1248/1516/2052 1260/1515/2051 1261/1517/2053 1249/1518/2054
f 1249/1518/2054 1261/1517/2053 1262/1519/2055 1250/1520/2056
f 1250/1520/2056 1262/1519/2055 1251/1498/2034 1239/1497/2033
f 1251/1498/2034 1263/1521/2057 1264/1522/2058 1252/1499/2035
f 1252/1499/2035 1264/1522/2058 1265/1523/2059 1253/1501/2037
f 1253/1501/2037 1265/1523/2059 1266/1524/2060 1254/1503/2039
f 1254/1503/2039 1266/1524/2060 1267/1525/2061 1255/1505/2041
f 1255/1505/2041 1267/1525/2061 1268/1526/2062 1256/1507/2043
f 1256/1507/2043 1268/1526/2062 1269/1527/2063 1257/1509/2045
f 1257/1509/2045 1269/1527/2063 1270/1528/2064 1258/1511/2047
f 1258/1511/2047 1270/1528/2064 1271/1529/2065 1259/1513/2049
f 1259/1513/2049 1271/1529/2065 1272/1530/2066 1260/1515/2051
f 1260/1515/2051 1272/1530/2066 1273/1531/2067 1261/1517/2053
f 1261/1517/2053 1273/1531/2067 1274/1532/2068 1262/1519/2055
f 1262/1519/2055 1274/1532/2068 1263/1521/2057 1251/1498/2034
f 1263/1521/2057 1275/1533/2069 1276/1534/2070 1264/1522/2058
f 1264/1522/2058 1276/1534/2070 1277/1535/2071 1265/1523/2059
f 1265/1523/2059 1277/1535/2071 1278/1536/2072 1266/1524/2060
f 1266/1524/2060 1278/1536/2072 1279/1537/2073 1267/1525/2061
f 1267/1525/2061 1279/1537/2073 1280/1538/2074 1268/1526/2062
f 1268/1526/2062 1280/1538/2074 1281/1539/2075 1269/1527/2063
f 1269/1527/2063 1281/1539/2075 1282/1540/2076 1270/1528/2064
f 1270/1528/2064 1282/1540/2076 1283/1541/2077 1271/1529/2065
f 1271/1529/2065 1283/1541/2077 1284/1542/2078 1272/1530/2066
f 1272/1530/2066 1284/1542/2078 1285/1543/2079 1273/1531/2067
f 1273/1531/2067 1285/1543/2079 1286/1544/2080 1274/1532/2068
f 1274/1532/2068 1286/1544/2080 1275/1533/2069 1263/1521/2057
f 1275/1533/2069 1287/1486/2022 1288/1485/2021 1276/1534/2070
f 1276/1534/2070 1288/1485/2021 1289/1487/2023 1277/1535/2071
f 1277/1535/2071 1289/1487/2023 1290/1488/2024 1278/1536/2072
f 1278/1536/2072 1290/1488/2024 1291/1489/2025 1279/1537/2073
f 1279/1537/2073 1291/1489/2025 1292/1490/2026 1280/1538/2074
f 1280/1538/2074 1292/1490/2026 1293/1491/2027 1281/1539/2075
f 1281/1539/2075 1293/1491/2027 1294/1492/2028 1282/1540/2076
f 1282/1540/2076 1294/1492/2028 1295/1493/2029 1283/1541/2077
f 1283/1541/2077 1295/1493/2029 1296/1494/2030 1284/1542/2078
f 1284/1542/2078 1296/1494/2030 1297/1495/2031 1285/1543/2079
f 1285/1543/2079 1297/1495/2031 1298/1496/2032 1286/1544/2080
f 1286/1544/2080 1298/1496/2032 1287/1486/2022 1275/1533/2069
s 154
f 1299/1545/2081 1300/1546/2082 1312/1547/2083 1311/1548/2084
f 1300/1546/2082 1301/1549/2085 1313/1550/2086 1312/1547/2083
f 1301/1549/2085 1302/1551/2087 1314/1552/2088 1313/1550/2086
f 1302/1551/2087 1303/1553/2089 1315/1554/2090 1314/1552/2088
f 1303/1553/2089 1304/1555/2091 1316/1556/2092 1315/1554/2090
f 1304/1555/2091 1305/1557/2093 1317/1558/2094 1316/1556/2092
f 1305/1557/2093 1306/1559/2095 1318/1560/2096 1317/1558/2094
f 1306/1559/2095 1307/1561/2097 1319/1562/2098 1318/1560/2096
f 1307/1561/2097 1308/1563/2099 1320/1564/2100 1319/1562/2098
f 1308/1563/2099 1309/1565/2101 1321/1566/2102 1320/1564/2100
f 1309/1565/2101 1310/1567/2103 1322/1568/2104 1321/1566/2102
f 1310/1567/2103 1299/1545/2081 1311/1548/2084 1322/1568/2104
s 155
f 1300/1546/2105 1299/1545/2106 1323/1569/2107
f 1301/1549/2108 1300/1546/2105 1323/1569/2107
f 1302/1551/2109 1301/1549/2108 1323/1569/2107
f 1303/1553/2110 1302/1551/2109 1323/1569/2107
f 1304/1555/2111 1303/1553/2110 1323/1569/2107
f 1305/1557/2112 1304/1555/2111 1323/1569/2107
f 1306/1559/2113 1305/1557/2112 1323/1569/2107
f 1307/1561/2114 1306/1559/2113 1323/1569/2107
f 1308/1563/2115 1307/1561/2114 1323/1569/2107
f 1309/1565/2116 1308/1563/2115 1323/1569/2107
f 1310/1567/2117 1309/1565/2116 1323/1569/2107
f 1299/1545/2106 1310/1567/2117 1323/1569/2107
s 156
f 1311/1548/2118 1312/1547/2119 1324/1570/2120
f 1312/1547/2119 1313/1550/2121 1324/1570/2120
f 1313/1550/2121 1314/1552/2122 1324/1570/2120
f 1314/1552/2122 1315/1554/2123 1324/1570/2120
f 1315/1554/2123 1316/1556/2124 1324/1570/2120
f 1316/1556/2124 1317/1558/2125 1324/1570/2120
f 1317/1558/2125 1318/1560/2126 1324/1570/2120
f 1318/1560/2126 1319/1562/2127 1324/1570/2120
f 1319/1562/2127 1320/1564/2128 1324/1570/2120
f 1320/1564/2128 1321/1566/2129 1324/1570/2120
f 1321/1566/2129 1322/1568/2130 1324/1570/2120
f 1322/1568/2130 1311/1548/2118 1324/1570/2120
s 157
f 1325/1571/2131 1326/1572/2132 1338/1573/2133 1337/1574/2134
f 1326/1572/2132 1327/1575/2135 1339/1576/2136 1338/1573/2133
f 1327/1575/2135 1328/1577/2137 1340/1578/2138 1339/1576/2136
f 1328/1577/2137 1329/1579/2139 1341/1580/2140 1340/1578/2138
f 1329/1579/2139 1330/1581/2141 1342/1582/2142 1341/1580/2140
f 1330/1581/2141 1331/1583/2143 1343/1584/2144 1342/1582/2142
f 1331/1583/2143 1332/1585/2145 1344/1586/2146 1343/1584/2144
f 1332/1585/2145 1333/1587/2147 1345/1588/2148 1344/1586/2146
f 1333/1587/2147 1334/1589/2149 1346/1590/2150 1345/1588/2148
f 1334/1589/2149 1335/1591/2151 1347/1592/2152 1346/1590/2150
f 1335/1591/2151 1336/1593/2153 1348/1594/2154 1347/1592/2152
f 1336/1593/2153 1325/1571/2131 1337/1574/2134 1348/1594/2154
s 158
f 1326/1572/2155 1325/1571/2156 1349/1595/2157
f 1327/1575/2158 1326/1572/2155 1349/1595/2157
f 1328/1577/2159 1327/1575/2158 1349/1595/2157
f 1329/1579/2160 1328/1577/2159 1349/1595/2157
f 1330/1581/2161 1329/1579/2160 1349/1595/2157
f 1331/1583/2162 1330/1581/2161 1349/1595/2157
f 1332/1585/2163 1331/1583/2162 1349/1595/2157
f 1333/1587/2164 1332/1585/2163 1349/1595/2157
f 1334/1589/2165 1333/1587/2164 1349/1595/2157
f 1335/1591/2166 1334/1589/2165 1349/1595/2157
f 1336/1593/2167 1335/1591/2166 1349/1595/2157
f 1325/1571/2156 1336/1593/2167 1349/1595/2157
s 159
f 1337/1574/2168 1338/1573/2169 1350/1596/2170
f 1338/1573/2169 1339/1576/2171 1350/1596/2170
f 1339/1576/2171 1340/1578/2172 1350/1596/2170
f 1340/1578/2172 1341/1580/2173 1350/1596/2170
f 1341/1580/2173 1342/1582/2174 1350/1596/2170
f 1342/1582/2174 1343/1584/2175 1350/1596/2170
f 1343/1584/2175 1344/1586/2176 1350/1596/2170
f 1344/1586/2176 1345/1588/2177 1350/1596/2170
f 1345/1588/2177 1346/1590/2178 1350/1596/2170
f 1346/1590/2178 1347/1592/2179 1350/1596/2170
f 1347/1592/2179 1348/1594/2180 1350/1596/2170
f 1348/1594/2180 1337/1574/2168 1350/1596/2170
s 160
f 1351/1597/2181 1352/1598/2182 1364/1599/2183 1363/1600/2184
f 1352/1598/2182 1353/1601/2185 1365/1602/2186 1364/1599/2183
f 1353/1601/2185 1354/1603/2187 1366/1604/2188 1365/1602/2186
f 1354/1603/2187 1355/1605/2189 1367/1606/2190 1366/1604/2188
f 1355/1605/2189 1356/1607/2191 1368/1608/2192 1367/1606/2190
f 1356/1607/2191 1357/1609/2193 1369/1610/2194 1368/1608/2192
f 1357/1609/2193 1358/1611/2195 1370/1612/2196 1369/1610/2194
f 1358/1611/2195 1359/1613/2197 1371/1614/2198 1370/1612/2196
f 1359/1613/2197 1360/1615/2199 1372/1616/2200 1371/1614/2198
f 1360/1615/2199 1361/1617/2201 1373/1618/2202 1372/1616/2200
f 1361/1617/2201 1362/1619/2203 1374/1620/2204 1373/1618/2202
f 1362/1619/2203 1351/1597/2181 1363/1600/2184 1374/1620/2204
s 161
f 1352/1598/2205 1351/1597/2206 1375/1621/2207
f 1353/1601/2208 1352/1598/2205 1375/1621/2207
f 1354/1603/2209 1353/1601/2208 1375/1621/2207
f 1355/1605/2210 1354/1603/2209 1375/1621/2207
f 1356/1607/2211 1355/1605/2210 1375/1621/2207
f 1357/1609/2212 1356/1607/2211 1375/1621/2207
f 1358/1611/2213 1357/1609/2212 1375/1621/2207
f 1359/1613/2214 1358/1611/2213 1375/1621/2207
f 1360/1615/2215 1359/1613/2214 1375/1621/2207
f 1361/1617/2216 1360/1615/2215 1375/1621/2207
f 1362/1619/2217 1361/1617/2216 1375/1621/2207
f 1351/1597/2206 1362/1619/2217 1375/1621/2207
s 162
f 1363/1600/2218 1364/1599/2219 1387/1622/2220 1376/1623/2221
f 1364/1599/2219 1365/1602/2222 1386/1624/2223 1387/1622/2220
f 1365/1602/2222 1366/1604/2224 1385/1625/2225 1386/1624/2223
f 1366/1604/2224 1367/1606/2226 1384/1626/2227 1385/1625/2225
f 1367/1606/2226 1368/1608/2228 1383/1627/2229 1384/1626/2227
f 1368/1608/2228 1369/1610/2230 1382/1628/2231 1383/1627/2229
f 1369/1610/2230 1370/1612/2232 1381/1629/2233 1382/1628/2231
f 1370/1612/2232 1371/1614/2234 1380/1630/2235 1381/1629/2233
f 1371/1614/2234 1372/1616/2236 1379/1631/2237 1380/1630/2235
f 1372/1616/2236 1373/1618/2238 1378/1632/2239 1379/1631/2237
f 1373/1618/2238 1374/1620/2240 1377/1633/2241 1378/1632/2239
f 1374/1620/2240 1363/1600/2218 1376/1623/2221 1377/1633/2241
s 163
f 1401/1634/2242 1400/1635/2243 1402/1636/2244
f 1403/1637/2245 1401/1634/2242 1402/1636/2244
f 1404/1638/2246 1403/1637/2245 1402/1636/2244
f 1405/1639/2247 1404/1638/2246 1402/1636/2244
f 1406/1640/2248 1405/1639/2247 1402/1636/2244
f 1407/1641/2249 1406/1640/2248 1402/1636/2244
f 1408/1642/2250 1407/1641/2249 1402/1636/2244
f 1409/1643/2251 1408/1642/2250 1402/1636/2244
f 1410/1644/2252 1409/1643/2251 1402/1636/2244
f 1411/1645/2253 1410/1644/2252 1402/1636/2244
f 1412/1646/2254 1411/1645/2253 1402/1636/2244
f 1400/1635/2243 1412/1646/2254 1402/1636/2244
f 1377/1647/2255 1376/1648/2256 1388/1649/2257 1389/1650/2258
f 1378/1651/2259 1377/1647/2255 1389/1650/2258 1390/1652/2260
f 1379/1653/2261 1378/1651/2259 1390/1652/2260 1391/1654/2262
f 1380/1655/2263 1379/1653/2261 1391/1654/2262 1392/1656/2264
f 1381/1657/2265 1380/1655/2263 1392/1656/2264 1393/1658/2266
f 1382/1659/2267 1381/1657/2265 1393/1658/2266 1394/1660/2268
f 1383/1661/2269 1382/1659/2267 1394/1660/2268 1395/1662/2270
f 1384/1663/2271 1383/1661/2269 1395/1662/2270 1396/1664/2272
f 1385/1665/2273 1384/1663/2271 1396/1664/2272 1397/1666/2274
f 1386/1667/2275 1385/1665/2273 1397/1666/2274 1398/1668/2276
f 1387/1669/2277 1386/1667/2275 1398/1668/2276 1399/1670/2278
f 1376/1648/2256 1387/1669/2277 1399/1670/2278 1388/1649/2257
f 1389/1650/2258 1388/1649/2257 1400/1635/2243 1401/1634/2242
f 1390/1652/2260 1389/1650/2258 1401/1634/2242 1403/1637/2245
f 1391/1654/2262 1390/1652/2260 1403/1637/2245 1404/1638/2246
f 1392/1656/2264 1391/1654/2262 1404/1638/2246 1405/1639/2247
f 1393/1658/2266 1392/1656/2264 1405/1639/2247 1406/1640/2248
f 1394/1660/2268 1393/1658/2266 1406/1640/2248 1407/1641/2249
f 1395/1662/2270 1394/1660/2268 1407/1641/2249 1408/1642/2250
f 1396/1664/2272 1395/1662/2270 1408/1642/2250 1409/1643/2251
f 1397/1666/2274 1396/1664/2272 1409/1643/2251 1410/1644/2252
f 1398/1668/2276 1397/1666/2274 1410/1644/2252 1411/1645/2253
f 1399/1670/2278 1398/1668/2276 1411/1645/2253 1412/1646/2254
f 1388/1649/2257 1399/1670/2278 1412/1646/2254 1400/1635/2243
s 165
f 1413/1671/2279 1414/1672/2280 1426/1673/2281 1425/1674/2282
f 1414/1672/2280 1415/1675/2283 1427/1676/2284 1426/1673/2281
f 1415/1675/2283 1416/1677/2285 1428/1678/2286 1427/1676/2284
f 1416/1677/2285 1417/1679/2287 1429/1680/2288 1428/1678/2286
f 1417/1679/2287 1418/1681/2289 1430/1682/2290 1429/1680/2288
f 1418/1681/2289 1419/1683/2291 1431/1684/2292 1430/1682/2290
f 1419/1683/2291 1420/1685/2293 1432/1686/2294 1431/1684/2292
f 1420/1685/2293 1421/1687/2295 1433/1688/2296 1432/1686/2294
f 1421/1687/2295 1422/1689/2297 1434/1690/2298 1433/1688/2296
f 1422/1689/2297 1423/1691/2299 1435/1692/2300 1434/1690/2298
f 1423/1691/2299 1424/1693/2301 1436/1694/2302 1435/1692/2300
f 1424/1693/2301 1413/1671/2279 1425/1674/2282 1436/1694/2302
s 166
f 1414/1672/2303 1413/1671/2304 1437/1695/2305
f 1415/1675/2306 1414/1672/2303 1437/1695/2305
f 1416/1677/2307 1415/1675/2306 1437/1695/2305
f 1417/1679/2308 1416/1677/2307 1437/1695/2305
f 1418/1681/2309 1417/1679/2308 1437/1695/2305
f 1419/1683/2310 1418/1681/2309 1437/1695/2305
f 1420/1685/2311 1419/1683/2310 1437/1695/2305
f 1421/1687/2312 1420/1685/2311 1437/1695/2305
f 1422/1689/2313 1421/1687/2312 1437/1695/2305
f 1423/1691/2314 1422/1689/2313 1437/1695/2305
f 1424/1693/2315 1423/1691/2314 1437/1695/2305
f 1413/1671/2304 1424/1693/2315 1437/1695/2305
s 167
f 1425/1674/2316 1426/1673/2317 1449/1696/2318 1438/1697/2319
f 1426/1673/2317 1427/1676/2320 1448/1698/2321 1449/1696/2318
f 1427/1676/2320 1428/1678/2322 1447/1699/2323 1448/1698/2321
f 1428/1678/2322 1429/1680/2324 1446/1700/2325 1447/1699/2323
f 1429/1680/2324 1430/1682/2326 1445/1701/2327 1446/1700/2325
f 1430/1682/2326 1431/1684/2328 1444/1702/2329 1445/1701/2327
f 1431/1684/2328 1432/1686/2330 1443/1703/2331 1444/1702/2329
f 1432/1686/2330 1433/1688/2332 1442/1704/2333 1443/1703/2331
f 1433/1688/2332 1434/1690/2334 1441/1705/2335 1442/1704/2333
f 1434/1690/2334 1435/1692/2336 1440/1706/2337 1441/1705/2335
f 1435/1692/2336 1436/1694/2338 1439/1707/2339 1440/1706/2337
f 1436/1694/2338 1425/1674/2316 1438/1697/2319 1439/1707/2339
s 168
f 1463/1708/2340 1462/1709/2341 1464/1710/2342
f 1465/1711/2343 1463/1708/2340 1464/1710/2342
f 1466/1712/2344 1465/1711/2343 1464/1710/2342
f 1467/1713/2345 1466/1712/2344 1464/1710/2342
f 1468/1714/2346 1467/1713/2345 1464/1710/2342
f 1469/1715/2347 1468/1714/2346 1464/1710/2342
f 1470/1716/2348 1469/1715/2347 1464/1710/2342
f 1471/1717/2349 1470/1716/2348 1464/1710/2342
f 1472/1718/2350 1471/1717/2349 1464/1710/2342
f 1473/1719/2351 1472/1718/2350 1464/1710/2342
f 1474/1720/2352 1473/1719/2351 1464/1710/2342
f 1462/1709/2341 1474/1720/2352 1464/1710/2342
f 1439/1721/2353 1438/1722/2354 1450/1723/2355 1451/1724/2356
f 1440/1725/2357 1439/1721/2353 1451/1724/2356 1452/1726/2358
f 1441/1727/2359 1440/1725/2357 1452/1726/2358 1453/1728/2360
f 1442/1729/2361 1441/1727/2359 1453/1728/2360 1454/1730/2362
f 1443/1731/2363 1442/1729/2361 1454/1730/2362 1455/1732/2364
f 1444/1733/2365 1443/1731/2363 1455/1732/2364 1456/1734/2366
f 1445/1735/2367 1444/1733/2365 1456/1734/2366 1457/1736/2368
f 1446/1737/2369 1445/1735/2367 1457/1736/2368 1458/1738/2370
f 1447/1739/2371 1446/1737/2369 1458/1738/2370 1459/1740/2372
f 1448/1741/2373 1447/1739/2371 1459/1740/2372 1460/1742/2374
f 1449/1743/2375 1448/1741/2373 1460/1742/2374 1461/1744/2376
f 1438/1722/2354 1449/1743/2375 1461/1744/2376 1450/1723/2355
f 1451/1724/2356 1450/1723/2355 1462/1709/2341 1463/1708/2340
f 1452/1726/2358 1451/1724/2356 1463/1708/2340 1465/1711/2343
f 1453/1728/2360 1452/1726/2358 1465/1711/2343 1466/1712/2344
f 1454/1730/2362 1453/1728/2360 1466/1712/2344 1467/1713/2345
f 1455/1732/2364 1454/1730/2362 1467/1713/2345 1468/1714/2346
f 1456/1734/2366 1455/1732/2364 1468/1714/2346 1469/1715/2347
f 1457/1736/2368 1456/1734/2366 1469/1715/2347 1470/1716/2348
f 1458/1738/2370 1457/1736/2368 1470/1716/2348 1471/1717/2349
f 1459/1740/2372 1458/1738/2370 1471/1717/2349 1472/1718/2350
f 1460/1742/2374 1459/1740/2372 1472/1718/2350 1473/1719/2351
f 1461/1744/2376 1460/1742/2374 1473/1719/2351 1474/1720/2352
f 1450/1723/2355 1461/1744/2376 1474/1720/2352 1462/1709/2341
s 170
f 1475/1745/2377 1476/1746/2378 1488/1747/2379 1487/1748/2380
f 1476/1746/2378 1477/1749/2381 1489/1750/2382 1488/1747/2379
f 1477/1749/2381 1478/1751/2383 1490/1752/2384 1489/1750/2382
f 1478/1751/2383 1479/1753/2385 1491/1754/2386 1490/1752/2384
f 1479/1753/2385 1480/1755/2387 1492/1756/2388 1491/1754/2386
f 1480/1755/2387 1481/1757/2389 1493/1758/2390 1492/1756/2388
f 1481/1757/2389 1482/1759/2391 1494/1760/2392 1493/1758/2390
f 1482/1759/2391 1483/1761/2393 1495/1762/2394 1494/1760/2392
f 1483/1761/2393 1484/1763/2395 1496/1764/2396 1495/1762/2394
f 1484/1763/2395 1485/1765/2397 1497/1766/2398 1496/1764/2396
f 1485/1765/2397 1486/1767/2399 1498/1768/2400 1497/1766/2398
f 1486/1767/2399 1475/1745/2377 1487/1748/2380 1498/1768/2400
s 171
f 1476/1746/2401 1475/1745/2402 1499/1769/2403
f 1477/1749/2404 1476/1746/2401 1499/1769/2403
f 1478/1751/2405 1477/1749/2404 1499/1769/2403
f 1479/1753/2406 1478/1751/2405 1499/1769/2403
f 1480/1755/2407 1479/1753/2406 1499/1769/2403
f 1481/1757/2408 1480/1755/2407 1499/1769/2403
f 1482/1759/2409 1481/1757/2408 1499/1769/2403
f 1483/1761/2410 1482/1759/2409 1499/1769/2403
f 1484/1763/2411 1483/1761/2410 1499/1769/2403
f 1485/1765/2412 1484/1763/2411 1499/1769/2403
f 1486/1767/2413 1485/1765/2412 1499/1769/2403
f 1475/1745/2402 1486/1767/2413 1499/1769/2403
s 172
f 1487/1748/2414 1488/1747/2415 1511/1770/2416 1500/1771/2417
f 1488/1747/2415 1489/1750/2418 1510/1772/2419 1511/1770/2416
f 1489/1750/2418 1490/1752/2420 1509/1773/2421 1510/1772/2419
f 1490/1752/2420 1491/1754/2422 1508/1774/2423 1509/1773/2421
f 1491/1754/2422 1492/1756/2424 1507/1775/2425 1508/1774/2423
f 1492/1756/2424 1493/1758/2426 1506/1776/2427 1507/1775/2425
f 1493/1758/2426 1494/1760/2428 1505/1777/2429 1506/1776/2427
f 1494/1760/2428 1495/1762/2430 1504/1778/2431 1505/1777/2429
f 1495/1762/2430 1496/1764/2432 1503/1779/2433 1504/1778/2431
f 1496/1764/2432 1497/1766/2434 1502/1780/2435 1503/1779/2433
f 1497/1766/2434 1498/1768/2436 1501/1781/2437 1502/1780/2435
f 1498/1768/2436 1487/1748/2414 1500/1771/2417 1501/1781/2437
s 173
f 1525/1782/2438 1524/1783/2439 1526/1784/2440
f 1527/1785/2441 1525/1782/2438 1526/1784/2440
f 1528/1786/2442 1527/1785/2441 1526/1784/2440
f 1529/1787/2443 1528/1786/2442 1526/1784/2440
f 1530/1788/2444 1529/1787/2443 1526/1784/2440
f 1531/1789/2445 1530/1788/2444 1526/1784/2440
f 1532/1790/2446 1531/1789/2445 1526/1784/2440
f 1533/1791/2447 1532/1790/2446 1526/1784/2440
f 1534/1792/2448 1533/1791/2447 1526/1784/2440
f 1535/1793/2449 1534/1792/2448 1526/1784/2440
f 1536/1794/2450 1535/1793/2449 1526/1784/2440
f 1524/1783/2439 1536/1794/2450 1526/1784/2440
f 1501/1795/2451 1500/1796/2452 1512/1797/2453 1513/1798/2454
f 1502/1799/2455 1501/1795/2451 1513/1798/2454 1514/1800/2456
f 1503/1801/2457 1502/1799/2455 1514/1800/2456 1515/1802/2458
f 1504/1803/2459 1503/1801/2457 1515/1802/2458 1516/1804/2460
f 1505/1805/2461 1504/1803/2459 1516/1804/2460 1517/1806/2462
f 1506/1807/2463 1505/1805/2461 1517/1806/2462 1518/1808/2464
f 1507/1809/2465 1506/1807/2463 1518/1808/2464 1519/1810/2466
f 1508/1811/2467 1507/1809/2465 1519/1810/2466 1520/1812/2468
f 1509/1813/2469 1508/1811/2467 1520/1812/2468 1521/1814/2470
f 1510/1815/2471 1509/1813/2469 1521/1814/2470 1522/1816/2472
f 1511/1817/2473 1510/1815/2471 1522/1816/2472 1523/1818/2474
f 1500/1796/2452 1511/1817/2473 1523/1818/2474 1512/1797/2453
f 1513/1798/2454 1512/1797/2453 1524/1783/2439 1525/1782/2438
f 1514/1800/2456 1513/1798/2454 1525/1782/2438 1527/1785/2441
f 1515/1802/2458 1514/1800/2456 1527/1785/2441 1528/1786/2442
f 1516/1804/2460 1515/1802/2458 1528/1786/2442 1529/1787/2443
f 1517/1806/2462 1516/1804/2460 1529/1787/2443 1530/1788/2444
f 1518/1808/2464 1517/1806/2462 1530/1788/2444 1531/1789/2445
f 1519/1810/2466 1518/1808/2464 1531/1789/2445 1532/1790/2446
f 1520/1812/2468 1519/1810/2466 1532/1790/2446 1533/1791/2447
f 1521/1814/2470 1520/1812/2468 1533/1791/2447 1534/1792/2448
f 1522/1816/2472 1521/1814/2470 1534/1792/2448 1535/1793/2449
f 1523/1818/2474 1522/1816/2472 1535/1793/2449 1536/1794/2450
f 1512/1797/2453 1523/1818/2474 1536/1794/2450 1524/1783/2439
s 175
f 1537/1819/2475 1538/1820/2476 1550/1821/2477 1549/1822/2478
f 1538/1820/2476 1539/1823/2479 1551/1824/2480 1550/1821/2477
f 1539/1823/2479 1540/1825/2481 1552/1826/2482 1551/1824/2480
f 1540/1825/2481 1541/1827/2483 1553/1828/2484 1552/1826/2482
f 1541/1827/2483 1542/1829/2485 1554/1830/2486 1553/1828/2484
f 1542/1829/2485 1543/1831/2487 1555/1832/2488 1554/1830/2486
f 1543/1831/2487 1544/1833/2489 1556/1834/2490 1555/1832/2488
f 1544/1833/2489 1545/1835/2491 1557/1836/2492 1556/1834/2490
f 1545/1835/2491 1546/1837/2493 1558/1838/2494 1557/1836/2492
f 1546/1837/2493 1547/1839/2495 1559/1840/2496 1558/1838/2494
f 1547/1839/2495 1548/1841/2497 1560/1842/2498 1559/1840/2496
f 1548/1841/2497 1537/1819/2475 1549/1822/2478 1560/1842/2498
s 176
f 1538/1820/2499 1537/1819/2500 1561/1843/2501
f 1539/1823/2502 1538/1820/2499 1561/1843/2501
f 1540/1825/2503 1539/1823/2502 1561/1843/2501
f 1541/1827/2504 1540/1825/2503 1561/1843/2501
f 1542/1829/2505 1541/1827/2504 1561/1843/2501
f 1543/1831/2506 1542/1829/2505 1561/1843/2501
f 1544/1833/2507 1543/1831/2506 1561/1843/2501
f 1545/1835/2508 1544/1833/2507 1561/1843/2501
f 1546/1837/2509 1545/1835/2508 1561/1843/2501
f 1547/1839/2510 1546/1837/2509 1561/1843/2501
f 1548/1841/2511 1547/1839/2510 1561/1843/2501
f 1537/1819/2500 1548/1841/2511 1561/1843/2501
s 177
f 1549/1822/2512 1550/1821/2513 1573/1844/2514 1562/1845/2515
f 1550/1821/2513 1551/1824/2516 1572/1846/2517 1573/1844/2514
f 1551/1824/2516 1552/1826/2518 1571/1847/2519 1572/1846/2517
f 1552/1826/2518 1553/1828/2520 1570/1848/2521 1571/1847/2519
f 1553/1828/2520 1554/1830/2522 1569/1849/2523 1570/1848/2521
f 1554/1830/2522 1555/1832/2524 1568/1850/2525 1569/1849/2523
f 1555/1832/2524 1556/1834/2526 1567/1851/2527 1568/1850/2525
f 1556/1834/2526 1557/1836/2528 1566/1852/2529 1567/1851/2527
f 1557/1836/2528 1558/1838/2530 1565/1853/2531 1566/1852/2529
f 1558/1838/2530 1559/1840/2532 1564/1854/2533 1565/1853/2531
f 1559/1840/2532 1560/1842/2534 1563/1855/2535 1564/1854/2533
f 1560/1842/2534 1549/1822/2512 1562/1845/2515 1563/1855/2535
s 178
f 1587/1856/2536 1586/1857/2537 1588/1858/2538
f 1589/1859/2539 1587/1856/2536 1588/1858/2538
f 1590/1860/2540 1589/1859/2539 1588/1858/2538
f 1591/1861/2541 1590/1860/2540 1588/1858/2538
f 1592/1862/2542 1591/1861/2541 1588/1858/2538
f 1593/1863/2543 1592/1862/2542 1588/1858/2538
f 1594/1864/2544 1593/1863/2543 1588/1858/2538
f 1595/1865/2545 1594/1864/2544 1588/1858/2538
f 1596/1866/2546 1595/1865/2545 1588/1858/2538
f 1597/1867/2547 1596/1866/2546 1588/1858/2538
f 1598/1868/2548 1597/1867/2547 1588/1858/2538
f 1586/1857/2537 1598/1868/2548 1588/1858/2538
f 1563/1869/2549 1562/1870/2550 1574/1871/2551 1575/1872/2552
f 1564/1873/2553 1563/1869/2549 1575/1872/2552 1576/1874/2554
f 1565/1875/2555 1564/1873/2553 1576/1874/2554 1577/1876/2556
f 1566/1877/2557 1565/1875/2555 1577/1876/2556 1578/1878/2558
f 1567/1879/2559 1566/1877/2557 1578/1878/2558 1579/1880/2560
f 1568/1881/2561 1567/1879/2559 1579/1880/2560 1580/1882/2562
f 1569/1883/2563 1568/1881/2561 1580/1882/2562 1581/1884/2564
f 1570/1885/2565 1569/1883/2563 1581/1884/2564 1582/1886/2566
f 1571/1887/2567 1570/1885/2565 1582/1886/2566 1583/1888/2568
f 1572/1889/2569 1571/1887/2567 1583/1888/2568 1584/1890/2570
f 1573/1891/2571 1572/1889/2569 1584/1890/2570 1585/1892/2572
f 1562/1870/2550 1573/1891/2571 1585/1892/2572 1574/1871/2551
f 1575/1872/2552 1574/1871/2551 1586/1857/2537 1587/1856/2536
f 1576/1874/2554 1575/1872/2552 1587/1856/2536 1589/1859/2539
f 1577/1876/2556 1576/1874/2554 1589/1859/2539 1590/1860/2540
f 1578/1878/2558 1577/1876/2556 1590/1860/2540 1591/1861/2541
f 1579/1880/2560 1578/1878/2558 1591/1861/2541 1592/1862/2542
f 1580/1882/2562 1579/1880/2560 1592/1862/2542 1593/1863/2543
f 1581/1884/2564 1580/1882/2562 1593/1863/2543 1594/1864/2544
f 1582/1886/2566 1581/1884/2564 1594/1864/2544 1595/1865/2545
f 1583/1888/2568 1582/1886/2566 1595/1865/2545 1596/1866/2546
f 1584/1890/2570 1583/1888/2568 1596/1866/2546 1597/1867/2547
f 1585/1892/2572 1584/1890/2570 1597/1867/2547 1598/1868/2548
f 1574/1871/2551 1585/1892/2572 1598/1868/2548 1586/1857/2537
s 180
f 1599/1893/2573 1600/1894/2574 1612/1895/2575 1611/1896/2576
f 1600/1894/2574 1601/1897/2577 1613/1898/2578 1612/1895/2575
f 1601/1897/2577 1602/1899/2579 1614/1900/2580 1613/1898/2578
f 1602/1899/2579 1603/1901/2581 1615/1902/2582 1614/1900/2580
f 1603/1901/2581 1604/1903/2583 1616/1904/2584 1615/1902/2582
f 1604/1903/2583 1605/1905/2585 1617/1906/2586 1616/1904/2584
f 1605/1905/2585 1606/1907/2587 1618/1908/2588 1617/1906/2586
f 1606/1907/2587 1607/1909/2589 1619/1910/2590 1618/1908/2588
f 1607/1909/2589 1608/1911/2591 1620/1912/2592 1619/1910/2590
f 1608/1911/2591 1609/1913/2593 1621/1914/2594 1620/1912/2592
f 1609/1913/2593 1610/1915/2595 1622/1916/2596 1621/1914/2594
f 1610/1915/2595 1599/1893/2573 1611/1896/2576 1622/1916/2596
s 181
f 1600/1894/2597 1599/1893/2598 1623/1917/2599
f 1601/1897/2600 1600/1894/2597 1623/1917/2599
f 1602/1899/2601 1601/1897/2600 1623/1917/2599
f 1603/1901/2602 1602/1899/2601 1623/1917/2599
f 1604/1903/2603 1603/1901/2602 1623/1917/2599
f 1605/1905/2604 1604/1903/2603 1623/1917/2599
f 1606/1907/2605 1605/1905/2604 1623/1917/2599
f 1607/1909/2606 1606/1907/2605 1623/1917/2599
f 1608/1911/2607 1607/1909/2606 1623/1917/2599
f 1609/1913/2608 1608/1911/2607 1623/1917/2599
f 1610/1915/2609 1609/1913/2608 1623/1917/2599
f 1599/1893/2598 1610/1915/2609 1623/1917/2599
s 182
f 1611/1896/2610 1612/1895/2611 1635/1918/2612 1624/1919/2613
f 1612/1895/2611 1613/1898/2614 1634/1920/2615 1635/1918/2612
f 1613/1898/2614 1614/1900/2616 1633/1921/2617 1634/1920/2615
f 1614/1900/2616 1615/1902/2618 1632/1922/2619 1633/1921/2617
f 1615/1902/2618 1616/1904/2620 1631/1923/2621 1632/1922/2619
f 1616/1904/2620 1617/1906/2622 1630/1924/2623 1631/1923/2621
f 1617/1906/2622 1618/1908/2624 1629/1925/2625 1630/1924/2623
f 1618/1908/2624 1619/1910/2626 1628/1926/2627 1629/1925/2625
f 1619/1910/2626 1620/1912/2628 1627/1927/2629 1628/1926/2627
f 1620/1912/2628 1621/1914/2630 1626/1928/2631 1627/1927/2629
f 1621/1914/2630 1622/1916/2632 1625/1929/2633 1626/1928/2631
f 1622/1916/2632 1611/1896/2610 1624/1919/2613 1625/1929/2633
s 183
f 1649/1930/2634 1648/1931/2635 1650/1932/2636
f 1651/1933/2637 1649/1930/2634 1650/1932/2636
f 1652/1934/2638 1651/1933/2637 1650/1932/2636
f 1653/1935/2639 1652/1934/2638 1650/1932/2636
f 1654/1936/2640 1653/1935/2639 1650/1932/2636
f 1655/1937/2641 1654/1936/2640 1650/1932/2636
f 1656/1938/2642 1655/1937/2641 1650/1932/2636
f 1657/1939/2643 1656/1938/2642 1650/1932/2636
f 1658/1940/2644 1657/1939/2643 1650/1932/2636
f 1659/1941/2645 1658/1940/2644 1650/1932/2636
f 1660/1942/2646 1659/1941/2645 1650/1932/2636
f 1648/1931/2635 1660/1942/2646 1650/1932/2636
f 1625/1943/2647 1624/1944/2648 1636/1945/2649 1637/1946/2650
f 1626/1947/2651 1625/1943/2647 1637/1946/2650 1638/1948/2652
f 1627/1949/2653 1626/1947/2651 1638/1948/2652 1639/1950/2654
f 1628/1951/2655 1627/1949/2653 1639/1950/2654 1640/1952/2656
f 1629/1953/2657 1628/1951/2655 1640/1952/2656 1641/1954/2658
f 1630/1955/2659 1629/1953/2657 1641/1954/2658 1642/1956/2660
f 1631/1957/2661 1630/1955/2659 1642/1956/2660 1643/1958/2662
f 1632/1959/2663 1631/1957/2661 1643/1958/2662 1644/1960/2664
f 1633/1961/2665 1632/1959/2663 1644/1960/2664 1645/1962/2666
f 1634/1963/2667 1633/1961/2665 1645/1962/2666 1646/1964/2668
f 1635/1965/2669 1634/1963/2667 1646/1964/2668 1647/1966/2670
f 1624/1944/2648 1635/1965/2669 1647/1966/2670 1636/1945/2649
f 1637/1946/2650 1636/1945/2649 1648/1931/2635 1649/1930/2634
f 1638/1948/2652 1637/1946/2650 1649/1930/2634 1651/1933/2637
f 1639/1950/2654 1638/1948/2652 1651/1933/2637 1652/1934/2638
f 1640/1952/2656 1639/1950/2654 1652/1934/2638 1653/1935/2639
f 1641/1954/2658 1640/1952/2656 1653/1935/2639 1654/1936/2640
f 1642/1956/2660 1641/1954/2658 1654/1936/2640 1655/1937/2641
f 1643/1958/2662 1642/1956/2660 1655/1937/2641 1656/1938/2642
f 1644/1960/2664 1643/1958/2662 1656/1938/2642 1657/1939/2643
f 1645/1962/2666 1644/1960/2664 1657/1939/2643 1658/1940/2644
f 1646/1964/2668 1645/1962/2666 1658/1940/2644 1659/1941/2645
f 1647/1966/2670 1646/1964/2668 1659/1941/2645 1660/1942/2646
f 1636/1945/2649 1647/1966/2670 1660/1942/2646 1648/1931/2635
s 185
f 1661/1967/2671 1662/1968/2672 1674/1969/2673 1673/1970/2674
f 1662/1968/2672 1663/1971/2675 1675/1972/2676 1674/1969/2673
f 1663/1971/2675 1664/1973/2677 1676/1974/2678 1675/1972/2676
f 1664/1973/2677 1665/1975/2679 1677/1976/2680 1676/1974/2678
f 1665/1975/2679 1666/1977/2681 1678/1978/2682 1677/1976/2680
f 1666/1977/2681 1667/1979/2683 1679/1980/2684 1678/1978/2682
f 1667/1979/2683 1668/1981/2685 1680/1982/2686 1679/1980/2684
f 1668/1981/2685 1669/1983/2687 1681/1984/2688 1680/1982/2686
f 1669/1983/2687 1670/1985/2689 1682/1986/2690 1681/1984/2688
f 1670/1985/2689 1671/1987/2691 1683/1988/2692 1682/1986/2690
f 1671/1987/2691 1672/1989/2693 1684/1990/2694 1683/1988/2692
f 1672/1989/2693 1661/1967/2671 1673/1970/2674 1684/1990/2694
f 1673/1970/2674 1674/1969/2673 1686/1991/2695 1685/1992/2696
f 1674/1969/2673 1675/1972/2676 1687/1993/2697 1686/1991/2695
f 1675/1972/2676 1676/1974/2678 1688/1994/2698 1687/1993/2697
f 1676/1974/2678 1677/1976/2680 1689/1995/2699 1688/1994/2698
f 1677/1976/2680 1678/1978/2682 1690/1996/2700 1689/1995/2699
f 1678/1978/2682 1679/1980/2684 1691/1997/2701 1690/1996/2700
f 1679/1980/2684 1680/1982/2686 1692/1998/2702 1691/1997/2701
f 1680/1982/2686 1681/1984/2688 1693/1999/2703 1692/1998/2702
f 1681/1984/2688 1682/1986/2690 1694/2000/2704 1693/1999/2703
f 1682/1986/2690 1683/1988/2692 1695/2001/2705 1694/2000/2704
f 1683/1988/2692 1684/1990/2694 1696/2002/2706 1695/2001/2705
f 1684/1990/2694 1673/1970/2674 1685/1992/2696 1696/2002/2706
f 1685/1992/2696 1686/1991/2695 1698/2003/2707 1697/2004/2708
f 1686/1991/2695 1687/1993/2697 1699/2005/2709 1698/2003/2707
f 1687/1993/2697 1688/1994/2698 1700/2006/2710 1699/2005/2709
f 1688/1994/2698 1689/1995/2699 1701/2007/2711 1700/2006/2710
f 1689/1995/2699 1690/1996/2700 1702/2008/2712 1701/2007/2711
f 1690/1996/2700 1691/1997/2701 1703/2009/2713 1702/2008/2712
f 1691/1997/2701 1692/1998/2702 1704/2010/2714 1703/2009/2713
f 1692/1998/2702 1693/1999/2703 1705/2011/2715 1704/2010/2714
f 1693/1999/2703 1694/2000/2704 1706/2012/2716 1705/2011/2715
f 1694/2000/2704 1695/2001/2705 1707/2013/2717 1706/2012/2716
f 1695/2001/2705 1696/2002/2706 1708/2014/2718 1707/2013/2717
f 1696/2002/2706 1685/1992/2696 1697/2004/2708 1708/2014/2718
f 1697/2004/2708 1698/2003/2707 1710/2015/2719 1709/2016/2720
f 1698/2003/2707 1699/2005/2709 1711/2017/2721 1710/2015/2719
f 1699/2005/2709 1700/2006/2710 1712/2018/2722 1711/2017/2721
f 1700/2006/2710 1701/2007/2711 1713/2019/2723 1712/2018/2722
f 1701/2007/2711 1702/2008/2712 1714/2020/2724 1713/2019/2723
f 1702/2008/2712 1703/2009/2713 1715/2021/2725 1714/2020/2724
f 1703/2009/2713 1704/2010/2714 1716/2022/2726 1715/2021/2725
f 1704/2010/2714 1705/2011/2715 1717/2023/2727 1716/2022/2726
f 1705/2011/2715 1706/2012/2716 1718/2024/2728 1717/2023/2727
f 1706/2012/2716 1707/2013/2717 1719/2025/2729 1718/2024/2728
f 1707/2013/2717 1708/2014/2718 1720/2026/2730 1719/2025/2729
f 1708/2014/2718 1697/2004/2708 1709/2016/2720 1720/2026/2730
f 1709/2016/2720 1710/2015/2719 1770/2027/2731 1769/2028/2732
f 1710/2015/2719 1711/2017/2721 1771/2029/2733 1770/2027/2731
f 1711/2017/2721 1712/2018/2722 1772/2030/2734 1771/2029/2733
f 1712/2018/2722 1713/2019/2723 1773/2031/2735 1772/2030/2734
f 1713/2019/2723 1714/2020/2724 1774/2032/2736 1773/2031/2735
f 1714/2020/2724 1715/2021/2725 1775/2033/2737 1774/2032/2736
f 1715/2021/2725 1716/2022/2726 1776/2034/2738 1775/2033/2737
f 1716/2022/2726 1717/2023/2727 1777/2035/2739 1776/2034/2738
f 1717/2023/2727 1718/2024/2728 1778/2036/2740 1777/2035/2739
f 1718/2024/2728 1719/2025/2729 1779/2037/2741 1778/2036/2740
f 1719/2025/2729 1720/2026/2730 1780/2038/2742 1779/2037/2741
f 1720/2026/2730 1709/2016/2720 1769/2028/2732 1780/2038/2742
f 1721/2039/2743 1733/2040/2744 1734/2041/2745 1722/2042/2746
f 1722/2042/2746 1734/2041/2745 1735/2043/2747 1723/2044/2748
f 1723/2044/2748 1735/2043/2747 1736/2045/2749 1724/2046/2750
f 1724/2046/2750 1736/2045/2749 1737/2047/2751 1725/2048/2752
f 1725/2048/2752 1737/2047/2751 1738/2049/2753 1726/2050/2754
f 1726/2050/2754 1738/2049/2753 1739/2051/2755 1727/2052/2756
f 1727/2052/2756 1739/2051/2755 1740/2053/2757 1728/2054/2758
f 1728/2054/2758 1740/2053/2757 1741/2055/2759 1729/2056/2760
f 1729/2056/2760 1741/2055/2759 1742/2057/2761 1730/2058/2762
f 1730/2058/2762 1742/2057/2761 1743/2059/2763 1731/2060/2764
f 1731/2060/2764 1743/2059/2763 1744/2061/2765 1732/2062/2766
f 1732/2062/2766 1744/2061/2765 1733/2040/2744 1721/2039/2743
f 1733/2040/2744 1745/2063/2767 1746/2064/2768 1734/2041/2745
f 1734/2041/2745 1746/2064/2768 1747/2065/2769 1735/2043/2747
f 1735/2043/2747 1747/2065/2769 1748/2066/2770 1736/2045/2749
f 1736/2045/2749 1748/2066/2770 1749/2067/2771 1737/2047/2751
f 1737/2047/2751 1749/2067/2771 1750/2068/2772 1738/2049/2753
f 1738/2049/2753 1750/2068/2772 1751/2069/2773 1739/2051/2755
f 1739/2051/2755 1751/2069/2773 1752/2070/2774 1740/2053/2757
f 1740/2053/2757 1752/2070/2774 1753/2071/2775 1741/2055/2759
f 1741/2055/2759 1753/2071/2775 1754/2072/2776 1742/2057/2761
f 1742/2057/2761 1754/2072/2776 1755/2073/2777 1743/2059/2763
f 1743/2059/2763 1755/2073/2777 1756/2074/2778 1744/2061/2765
f 1744/2061/2765 1756/2074/2778 1745/2063/2767 1733/2040/2744
f 1745/2063/2767 1757/2075/2779 1758/2076/2780 1746/2064/2768
f 1746/2064/2768 1758/2076/2780 1759/2077/2781 1747/2065/2769
f 1747/2065/2769 1759/2077/2781 1760/2078/2782 1748/2066/2770
f 1748/2066/2770 1760/2078/2782 1761/2079/2783 1749/2067/2771
f 1749/2067/2771 1761/2079/2783 1762/2080/2784 1750/2068/2772
f 1750/2068/2772 1762/2080/2784 1763/2081/2785 1751/2069/2773
f 1751/2069/2773 1763/2081/2785 1764/2082/2786 1752/2070/2774
f 1752/2070/2774 1764/2082/2786 1765/2083/2787 1753/2071/2775
f 1753/2071/2775 1765/2083/2787 1766/2084/2788 1754/2072/2776
f 1754/2072/2776 1766/2084/2788 1767/2085/2789 1755/2073/2777
f 1755/2073/2777 1767/2085/2789 1768/2086/2790 1756/2074/2778
f 1756/2074/2778 1768/2086/2790 1757/2075/2779 1745/2063/2767
f 1757/2075/2779 1769/2028/2732 1770/2027/2731 1758/2076/2780
f 1758/2076/2780 1770/2027/2731 1771/2029/2733 1759/2077/2781
f 1759/2077/2781 1771/2029/2733 1772/2030/2734 1760/2078/2782
f 1760/2078/2782 1772/2030/2734 1773/2031/2735 1761/2079/2783
f 1761/2079/2783 1773/2031/2735 1774/2032/2736 1762/2080/2784
f 1762/2080/2784 1774/2032/2736 1775/2033/2737 1763/2081/2785
f 1763/2081/2785 1775/2033/2737 1776/2034/2738 1764/2082/2786
f 1764/2082/2786 1776/2034/2738 1777/2035/2739 1765/2083/2787
f 1765/2083/2787 1777/2035/2739 1778/2036/2740 1766/2084/2788
f 1766/2084/2788 1778/2036/2740 1779/2037/2741 1767/2085/2789
f 1767/2085/2789 1779/2037/2741 1780/2038/2742 1768/2086/2790
f 1768/2086/2790 1780/2038/2742 1769/2028/2732 1757/2075/2779
s 187
f 1781/2087/2791 1782/2088/2792 1794/2089/2793 1793/2090/2794
f 1782/2088/2792 1783/2091/2795 1795/2092/2796 1794/2089/2793
f 1783/2091/2795 1784/2093/2797 1796/2094/2798 1795/2092/2796
f 1784/2093/2797 1785/2095/2799 1797/2096/2800 1796/2094/2798
f 1785/2095/2799 1786/2097/2801 1798/2098/2802 1797/2096/2800
f 1786/2097/2801 1787/2099/2803 1799/2100/2804 1798/2098/2802
f 1787/2099/2803 1788/2101/2805 1800/2102/2806 1799/2100/2804
f 1788/2101/2805 1789/2103/2807 1801/2104/2808 1800/2102/2806
f 1789/2103/2807 1790/2105/2809 1802/2106/2810 1801/2104/2808
f 1790/2105/2809 1791/2107/2811 1803/2108/2812 1802/2106/2810
f 1791/2107/2811 1792/2109/2813 1804/2110/2814 1803/2108/2812
f 1792/2109/2813 1781/2087/2791 1793/2090/2794 1804/2110/2814
s 188
f 1782/2088/2815 1781/2087/2816 1805/2111/2817
f 1783/2091/2818 1782/2088/2815 1805/2111/2817
f 1784/2093/2819 1783/2091/2818 1805/2111/2817
f 1785/2095/2820 1784/2093/2819 1805/2111/2817
f 1786/2097/2821 1785/2095/2820 1805/2111/2817
f 1787/2099/2822 1786/2097/2821 1805/2111/2817
f 1788/2101/2823 1787/2099/2822 1805/2111/2817
f 1789/2103/2824 1788/2101/2823 1805/2111/2817
f 1790/2105/2825 1789/2103/2824 1805/2111/2817
f 1791/2107/2826 1790/2105/2825 1805/2111/2817
f 1792/2109/2827 1791/2107/2826 1805/2111/2817
f 1781/2087/2816 1792/2109/2827 1805/2111/2817
s 189
f 1793/2090/2828 1794/2089/2829 1806/2112/2830
f 1794/2089/2829 1795/2092/2831 1806/2112/2830
f 1795/2092/2831 1796/2094/2832 1806/2112/2830
f 1796/2094/2832 1797/2096/2833 1806/2112/2830
f 1797/2096/2833 1798/2098/2834 1806/2112/2830
f 1798/2098/2834 1799/2100/2835 1806/2112/2830
f 1799/2100/2835 1800/2102/2836 1806/2112/2830
f 1800/2102/2836 1801/2104/2837 1806/2112/2830
f 1801/2104/2837 1802/2106/2838 1806/2112/2830
f 1802/2106/2838 1803/2108/2839 1806/2112/2830
f 1803/2108/2839 1804/2110/2840 1806/2112/2830
f 1804/2110/2840 1793/2090/2828 1806/2112/2830
s 190
f 1807/2113/2841 1808/2114/2842 1820/2115/2843 1819/2116/2844
f 1808/2114/2842 1809/2117/2845 1821/2118/2846 1820/2115/2843
f 1809/2117/2845 1810/2119/2847 1822/2120/2848 1821/2118/2846
f 1810/2119/2847 1811/2121/2849 1823/2122/2850 1822/2120/2848
f 1811/2121/2849 1812/2123/2851 1824/2124/2852 1823/2122/2850
f 1812/2123/2851 1813/2125/2853 1825/2126/2854 1824/2124/2852
f 1813/2125/2853 1814/2127/2855 1826/2128/2856 1825/2126/2854
f 1814/2127/2855 1815/2129/2857 1827/2130/2858 1826/2128/2856
f 1815/2129/2857 1816/2131/2859 1828/2132/2860 1827/2130/2858
f 1816/2131/2859 1817/2133/2861 1829/2134/2862 1828/2132/2860
f 1817/2133/2861 1818/2135/2863 1830/2136/2864 1829/2134/2862
f 1818/2135/2863 1807/2113/2841 1819/2116/2844 1830/2136/2864
s 191
f 1808/2114/2865 1807/2113/2866 1831/2137/2867
f 1809/2117/2868 1808/2114/2865 1831/2137/2867
f 1810/2119/2869 1809/2117/2868 1831/2137/2867
f 1811/2121/2870 1810/2119/2869 1831/2137/2867
f 1812/2123/2871 1811/2121/2870 1831/2137/2867
f 1813/2125/2872 1812/2123/2871 1831/2137/2867
f 1814/2127/2873 1813/2125/2872 1831/2137/2867
f 1815/2129/2874 1814/2127/2873 1831/2137/2867
f 1816/2131/2875 1815/2129/2874 1831/2137/2867
f 1817/2133/2876 1816/2131/2875 1831/2137/2867
f 1818/2135/2877 1817/2133/2876 1831/2137/2867
f 1807/2113/2866 1818/2135/2877 1831/2137/2867
s 192
f 1819/2116/2878 1820/2115/2879 1832/2138/2880
f 1820/2115/2879 1821/2118/2881 1832/2138/2880
f 1821/2118/2881 1822/2120/2882 1832/2138/2880
f 1822/2120/2882 1823/2122/2883 1832/2138/2880
f 1823/2122/2883 1824/2124/2884 1832/2138/2880
f 1824/2124/2884 1825/2126/2885 1832/2138/2880
f 1825/2126/2885 1826/2128/2886 1832/2138/2880
f 1826/2128/2886 1827/2130/2887 1832/2138/2880
f 1827/2130/2887 1828/2132/2888 1832/2138/2880
f 1828/2132/2888 1829/2134/2889 1832/2138/2880
f 1829/2134/2889 1830/2136/2890 1832/2138/2880
f 1830/2136/2890 1819/2116/2878 1832/2138/2880
s 193
f 1833/2139/2891 1834/2140/2892 1846/2141/2893 1845/2142/2894
f 1834/2140/2892 1835/2143/2895 1847/2144/2896 1846/2141/2893
f 1835/2143/2895 1836/2145/2897 1848/2146/2898 1847/2144/2896
f 1836/2145/2897 1837/2147/2899 1849/2148/2900 1848/2146/2898
f 1837/2147/2899 1838/2149/2901 1850/2150/2902 1849/2148/2900
f 1838/2149/2901 1839/2151/2903 1851/2152/2904 1850/2150/2902
f 1839/2151/2903 1840/2153/2905 1852/2154/2906 1851/2152/2904
f 1840/2153/2905 1841/2155/2907 1853/2156/2908 1852/2154/2906
f 1841/2155/2907 1842/2157/2909 1854/2158/2910 1853/2156/2908
f 1842/2157/2909 1843/2159/2911 1855/2160/2912 1854/2158/2910
f 1843/2159/2911 1844/2161/2913 1856/2162/2914 1855/2160/2912
f 1844/2161/2913 1833/2139/2891 1845/2142/2894 1856/2162/2914
s 194
f 1989/2163/2915 1977/2164/2916 1978/2165/2917
f 1989/2163/2915 1978/2165/2917 1979/2166/2918
f 1989/2163/2915 1979/2166/2918 1980/2167/2919
f 1989/2163/2915 1980/2167/2919 1981/2168/2920
f 1989/2163/2915 1981/2168/2920 1982/2169/2921
f 1989/2163/2915 1982/2169/2921 1983/2170/2922
f 1989/2163/2915 1983/2170/2922 1984/2171/2923
f 1989/2163/2915 1984/2171/2923 1985/2172/2924
f 1989/2163/2915 1985/2172/2924 1986/2173/2925
f 1989/2163/2915 1986/2173/2925 1987/2174/2926
f 1989/2163/2915 1987/2174/2926 1988/2175/2927
f 1977/2164/2916 1989/2163/2915 1988/2175/2927
s 195
f 1845/2142/2928 1846/2141/2929 1858/2176/2930 1857/2177/2931
f 1846/2141/2929 1847/2144/2932 1859/2178/2933 1858/2176/2930
f 1847/2144/2932 1848/2146/2934 1860/2179/2935 1859/2178/2933
f 1848/2146/2934 1849/2148/2936 1861/2180/2937 1860/2179/2935
f 1849/2148/2936 1850/2150/2938 1862/2181/2939 1861/2180/2937
f 1850/2150/2938 1851/2152/2940 1863/2182/2941 1862/2181/2939
f 1851/2152/2940 1852/2154/2942 1864/2183/2943 1863/2182/2941
f 1852/2154/2942 1853/2156/2944 1865/2184/2945 1864/2183/2943
f 1853/2156/2944 1854/2158/2946 1866/2185/2947 1865/2184/2945
f 1854/2158/2946 1855/2160/2948 1867/2186/2949 1866/2185/2947
f 1855/2160/2948 1856/2162/2950 1868/2187/2951 1867/2186/2949
f 1856/2162/2950 1845/2142/2928 1857/2177/2931 1868/2187/2951
s 196
f 1857/2177/2952 1858/2176/2953 1870/2188/2954 1869/2189/2955
f 1858/2176/2953 1859/2178/2956 1871/2190/2957 1870/2188/2954
f 1859/2178/2956 1860/2179/2958 1872/2191/2959 1871/2190/2957
f 1860/2179/2958 1861/2180/2960 1873/2192/2961 1872/2191/2959
f 1861/2180/2960 1862/2181/2962 1874/2193/2963 1873/2192/2961
f 1862/2181/2962 1863/2182/2964 1875/2194/2965 1874/2193/2963
f 1863/2182/2964 1864/2183/2966 1876/2195/2967 1875/2194/2965
f 1864/2183/2966 1865/2184/2968 1877/2196/2969 1876/2195/2967
f 1865/2184/2968 1866/2185/2970 1878/2197/2971 1877/2196/2969
f 1866/2185/2970 1867/2186/2972 1879/2198/2973 1878/2197/2971
f 1867/2186/2972 1868/2187/2974 1880/2199/2975 1879/2198/2973
f 1868/2187/2974 1857/2177/2952 1869/2189/2955 1880/2199/2975
s 197
f 1869/2189/2976 1870/2188/2977 1882/2200/2978 1881/2201/2979
f 1870/2188/2977 1871/2190/2980 1883/2202/2981 1882/2200/2978
f 1871/2190/2980 1872/2191/2982 1884/2203/2983 1883/2202/2981
f 1872/2191/2982 1873/2192/2984 1885/2204/2985 1884/2203/2983
f 1873/2192/2984 1874/2193/2986 1886/2205/2987 1885/2204/2985
f 1874/2193/2986 1875/2194/2988 1887/2206/2989 1886/2205/2987
f 1875/2194/2988 1876/2195/2990 1888/2207/2991 1887/2206/2989
f 1876/2195/2990 1877/2196/2992 1889/2208/2993 1888/2207/2991
f 1877/2196/2992 1878/2197/2994 1890/2209/2995 1889/2208/2993
f 1878/2197/2994 1879/2198/2996 1891/2210/2997 1890/2209/2995
f 1879/2198/2996 1880/2199/2998 1892/2211/2999 1891/2210/2997
f 1880/2199/2998 1869/2189/2976 1881/2201/2979 1892/2211/2999
s 198
f 1881/2201/3000 1882/2200/3001 1894/2212/3002 1893/2213/3003
f 1882/2200/3001 1883/2202/3004 1895/2214/3005 1894/2212/3002
f 1883/2202/3004 1884/2203/3006 1896/2215/3007 1895/2214/3005
f 1884/2203/3006 1885/2204/3008 1897/2216/3009 1896/2215/3007
f 1885/2204/3008 1886/2205/3010 1898/2217/3011 1897/2216/3009
f 1886/2205/3010 1887/2206/3012 1899/2218/3013 1898/2217/3011
f 1887/2206/3012 1888/2207/3014 1900/2219/3015 1899/2218/3013
f 1888/2207/3014 1889/2208/3016 1901/2220/3017 1900/2219/3015
f 1889/2208/3016 1890/2209/3018 1902/2221/3019 1901/2220/3017
f 1890/2209/3018 1891/2210/3020 1903/2222/3021 1902/2221/3019
f 1891/2210/3020 1892/2211/3022 1904/2223/3023 1903/2222/3021
f 1892/2211/3022 1881/2201/3000 1893/2213/3003 1904/2223/3023
s off
f 1893/2213/3024 1894/2212/3025 1906/2224/3026 1905/2225/3027
f 1894/2212/3028 1895/2214/3029 1907/2226/3030 1906/2224/3031
f 1895/2214/3032 1896/2215/3033 1908/2227/3034 1907/2226/3035
f 1896/2215/3036 1897/2216/3037 1909/2228/3038 1908/2227/3039
f 1897/2216/3040 1898/2217/3041 1910/2229/3042 1909/2228/3043
f 1898/2217/3044 1899/2218/3045 1911/2230/3046 1910/2229/3047
f 1899/2218/3048 1900/2219/3049 1912/2231/3050 1911/2230/3051
f 1900/2219/3052 1901/2220/3053 1913/2232/3054 1912/2231/3055
f 1901/2220/3056 1902/2221/3057 1914/2233/3058 1913/2232/3059
f 1902/2221/3060 1903/2222/3061 1915/2234/3062 1914/2233/3063
f 1903/2222/3064 1904/2223/3065 1916/2235/3066 1915/2234/3067
f 1904/2223/3068 1893/2213/3069 1905/2225/3070 1916/2235/3071
s 199
f 1905/2236/3072 1906/2237/3073 1918/2238/3074 1917/2239/3075
f 1906/2237/3073 1907/2240/3076 1919/2241/3077 1918/2238/3074
f 1907/2240/3076 1908/2242/3078 1920/2243/3079 1919/2241/3077
f 1908/2242/3078 1909/2244/3080 1921/2245/3081 1920/2243/3079
f 1909/2244/3080 1910/2246/3082 1922/2247/3083 1921/2245/3081
f 1910/2246/3082 1911/2248/3084 1923/2249/3085 1922/2247/3083
f 1911/2248/3084 1912/2250/3086 1924/2251/3087 1923/2249/3085
f 1912/2250/3086 1913/2252/3088 1925/2253/3089 1924/2251/3087
f 1913/2252/3088 1914/2254/3090 1926/2255/3091 1925/2253/3089
f 1914/2254/3090 1915/2256/3092 1927/2257/3093 1926/2255/3091
f 1915/2256/3092 1916/2258/3094 1928/2259/3095 1927/2257/3093
f 1916/2258/3094 1905/2236/3072 1917/2239/3075 1928/2259/3095
s 200
f 1917/2239/3096 1918/2238/3097 1930/2260/3098 1929/2261/3099
f 1918/2238/3097 1919/2241/3100 1931/2262/3101 1930/2260/3098
f 1919/2241/3100 1920/2243/3102 1932/2263/3103 1931/2262/3101
f 1920/2243/3102 1921/2245/3104 1933/2264/3105 1932/2263/3103
f 1921/2245/3104 1922/2247/3106 1934/2265/3107 1933/2264/3105
f 1922/2247/3106 1923/2249/3108 1935/2266/3109 1934/2265/3107
f 1923/2249/3108 1924/2251/3110 1936/2267/3111 1935/2266/3109
f 1924/2251/3110 1925/2253/3112 1937/2268/3113 1936/2267/3111
f 1925/2253/3112 1926/2255/3114 1938/2269/3115 1937/2268/3113
f 1926/2255/3114 1927/2257/3116 1939/2270/3117 1938/2269/3115
f 1927/2257/3116 1928/2259/3118 1940/2271/3119 1939/2270/3117
f 1928/2259/3118 1917/2239/3096 1929/2261/3099 1940/2271/3119
s off
f 1929/2261/3120 1930/2260/3121 1942/2272/3122 1941/2273/3123
f 1930/2260/3124 1931/2262/3125 1943/2274/3126 1942/2272/3127
f 1931/2262/3128 1932/2263/3129 1944/2275/3130 1943/2274/3131
f 1932/2263/3132 1933/2264/3133 1945/2276/3134 1944/2275/3135
f 1933/2264/3136 1934/2265/3137 1946/2277/3138 1945/2276/3139
f 1934/2265/3140 1935/2266/3141 1947/2278/3142 1946/2277/3143
f 1935/2266/3144 1936/2267/3145 1948/2279/3146 1947/2278/3147
f 1936/2267/3148 1937/2268/3149 1949/2280/3150 1948/2279/3151
f 1937/2268/3152 1938/2269/3153 1950/2281/3154 1949/2280/3155
f 1938/2269/3156 1939/2270/3157 1951/2282/3158 1950/2281/3159
f 1939/2270/3160 1940/2271/3161 1952/2283/3162 1951/2282/3163
f 1940/2271/3164 1929/2261/3165 1941/2273/3166 1952/2283/3167
s 201
f 1941/2284/3168 1942/2285/3169 1954/2286/3170 1953/2287/3171
f 1942/2285/3169 1943/2288/3172 1955/2289/3173 1954/2286/3170
f 1943/2288/3172 1944/2290/3174 1956/2291/3175 1955/2289/3173
f 1944/2290/3174 1945/2292/3176 1957/2293/3177 1956/2291/3175
f 1945/2292/3176 1946/2294/3178 1958/2295/3179 1957/2293/3177
f 1946/2294/3178 1947/2296/3180 1959/2297/3181 1958/2295/3179
f 1947/2296/3180 1948/2298/3182 1960/2299/3183 1959/2297/3181
f 1948/2298/3182 1949/2300/3184 1961/2301/3185 1960/2299/3183
f 1949/2300/3184 1950/2302/3186 1962/2303/3187 1961/2301/3185
f 1950/2302/3186 1951/2304/3188 1963/2305/3189 1962/2303/3187
f 1951/2304/3188 1952/2306/3190 1964/2307/3191 1963/2305/3189
f 1952/2306/3190 1941/2284/3168 1953/2287/3171 1964/2307/3191
s off
f 1953/2308/3192 1954/2309/3193 1966/2310/3194 1965/2311/3195
f 1954/2309/3196 1955/2312/3197 1967/2313/3198 1966/2310/3199
f 1955/2312/3200 1956/2314/3201 1968/2315/3202 1967/2313/3203
f 1956/2314/3204 1957/2316/3205 1969/2317/3206 1968/2315/3207
f 1957/2316/3208 1958/2318/3209 1970/2319/3210 1969/2317/3211
f 1958/2318/3212 1959/2320/3213 1971/2321/3214 1970/2319/3215
f 1959/2320/3216 1960/2322/3217 1972/2323/3218 1971/2321/3219
f 1960/2322/3220 1961/2324/3221 1973/2325/3222 1972/2323/3223
f 1961/2324/3224 1962/2326/3225 1974/2327/3226 1973/2325/3227
f 1962/2326/3228 1963/2328/3229 1975/2329/3230 1974/2327/3231
f 1963/2328/3232 1964/2330/3233 1976/2331/3234 1975/2329/3235
f 1964/2330/3236 1953/2308/3237 1965/2311/3238 1976/2331/3239
s 202
f 1965/2311/3240 1966/2310/3241 1978/2165/3242 1977/2164/3243
f 1966/2310/3241 1967/2313/3244 1979/2166/3245 1978/2165/3242
f 1967/2313/3244 1968/2315/3246 1980/2167/3247 1979/2166/3245
f 1968/2315/3246 1969/2317/3248 1981/2168/3249 1980/2167/3247
f 1969/2317/3248 1970/2319/3250 1982/2169/3251 1981/2168/3249
f 1970/2319/3250 1971/2321/3252 1983/2170/3253 1982/2169/3251
f 1971/2321/3252 1972/2323/3254 1984/2171/3255 1983/2170/3253
f 1972/2323/3254 1973/2325/3256 1985/2172/3257 1984/2171/3255
f 1973/2325/3256 1974/2327/3258 1986/2173/3259 1985/2172/3257
f 1974/2327/3258 1975/2329/3260 1987/2174/3261 1986/2173/3259
f 1975/2329/3260 1976/2331/3262 1988/2175/3263 1987/2174/3261
f 1976/2331/3262 1965/2311/3240 1977/2164/3243 1988/2175/3263
s off
f 1990/2332/3264 1991/2333/3265 1993/2334/3266 1992/2335/3267
f 1992/2335/3268 1993/2334/3269 1995/2336/3270 1994/2337/3271
f 1994/2337/3272 1995/2336/3273 1997/2338/3274 1996/2339/3275
f 1996/2339/3276 1997/2338/3277 1991/2333/3278 1990/2332/3279
f 1991/2333/3280 1997/2338/3281 1995/2336/3282 1993/2334/3283
f 1996/2339/3284 1990/2332/3285 1992/2335/3286 1994/2337/3287
s 203
f 1998/2340/3288 1999/2341/3289 2011/2342/3290 2010/2343/3291
f 1999/2341/3289 2000/2344/3292 2012/2345/3293 2011/2342/3290
f 2000/2344/3292 2001/2346/3294 2013/2347/3295 2012/2345/3293
f 2001/2346/3294 2002/2348/3296 2014/2349/3297 2013/2347/3295
f 2002/2348/3296 2003/2350/3298 2015/2351/3299 2014/2349/3297
f 2003/2350/3298 2004/2352/3300 2016/2353/3301 2015/2351/3299
f 2004/2352/3300 2005/2354/3302 2017/2355/3303 2016/2353/3301
f 2005/2354/3302 2006/2356/3304 2018/2357/3305 2017/2355/3303
f 2006/2356/3304 2007/2358/3306 2019/2359/3307 2018/2357/3305
f 2007/2358/3306 2008/2360/3308 2020/2361/3309 2019/2359/3307
f 2008/2360/3308 2009/2362/3310 2021/2363/3311 2020/2361/3309
f 2009/2362/3310 1998/2340/3288 2010/2343/3291 2021/2363/3311
s 204
f 2154/2364/3312 2142/2365/3313 2143/2366/3314
f 2154/2364/3312 2143/2366/3314 2144/2367/3315
f 2154/2364/3312 2144/2367/3315 2145/2368/3316
f 2154/2364/3312 2145/2368/3316 2146/2369/3317
f 2154/2364/3312 2146/2369/3317 2147/2370/3318
f 2154/2364/3312 2147/2370/3318 2148/2371/3319
f 2154/2364/3312 2148/2371/3319 2149/2372/3320
f 2154/2364/3312 2149/2372/3320 2150/2373/3321
f 2154/2364/3312 2150/2373/3321 2151/2374/3322
f 2154/2364/3312 2151/2374/3322 2152/2375/3323
f 2154/2364/3312 2152/2375/3323 2153/2376/3324
f 2142/2365/3313 2154/2364/3312 2153/2376/3324
s 205
f 2010/2343/3325 2011/2342/3326 2023/2377/3327 2022/2378/3328
f 2011/2342/3326 2012/2345/3329 2024/2379/3330 2023/2377/3327
f 2012/2345/3329 2013/2347/3331 2025/2380/3332 2024/2379/3330
f 2013/2347/3331 2014/2349/3333 2026/2381/3334 2025/2380/3332
f 2014/2349/3333 2015/2351/3335 2027/2382/3336 2026/2381/3334
f 2015/2351/3335 2016/2353/3337 2028/2383/3338 2027/2382/3336
f 2016/2353/3337 2017/2355/3339 2029/2384/3340 2028/2383/3338
f 2017/2355/3339 2018/2357/3341 2030/2385/3342 2029/2384/3340
f 2018/2357/3341 2019/2359/3343 2031/2386/3344 2030/2385/3342
f 2019/2359/3343 2020/2361/3345 2032/2387/3346 2031/2386/3344
f 2020/2361/3345 2021/2363/3347 2033/2388/3348 2032/2387/3346
f 2021/2363/3347 2010/2343/3325 2022/2378/3328 2033/2388/3348
s 206
f 2022/2378/3349 2023/2377/3350 2035/2389/3351 2034/2390/3352
f 2023/2377/3350 2024/2379/3353 2036/2391/3354 2035/2389/3351
f 2024/2379/3353 2025/2380/3355 2037/2392/3356 2036/2391/3354
f 2025/2380/3355 2026/2381/3357 2038/2393/3358 2037/2392/3356
f 2026/2381/3357 2027/2382/3359 2039/2394/3360 2038/2393/3358
f 2027/2382/3359 2028/2383/3361 2040/2395/3362 2039/2394/3360
f 2028/2383/3361 2029/2384/3363 2041/2396/3364 2040/2395/3362
f 2029/2384/3363 2030/2385/3365 2042/2397/3366 2041/2396/3364
f 2030/2385/3365 2031/2386/3367 2043/2398/3368 2042/2397/3366
f 2031/2386/3367 2032/2387/3369 2044/2399/3370 2043/2398/3368
f 2032/2387/3369 2033/2388/3371 2045/2400/3372 2044/2399/3370
f 2033/2388/3371 2022/2378/3349 2034/2390/3352 2045/2400/3372
s 207
f 2034/2390/3373 2035/2389/3374 2047/2401/3375 2046/2402/3376
f 2035/2389/3374 2036/2391/3377 2048/2403/3378 2047/2401/3375
f 2036/2391/3377 2037/2392/3379 2049/2404/3380 2048/2403/3378
f 2037/2392/3379 2038/2393/3381 2050/2405/3382 2049/2404/3380
f 2038/2393/3381 2039/2394/3383 2051/2406/3384 2050/2405/3382
f 2039/2394/3383 2040/2395/3385 2052/2407/3386 2051/2406/3384
f 2040/2395/3385 2041/2396/3387 2053/2408/3388 2052/2407/3386
f 2041/2396/3387 2042/2397/3389 2054/2409/3390 2053/2408/3388
f 2042/2397/3389 2043/2398/3391 2055/2410/3392 2054/2409/3390
f 2043/2398/3391 2044/2399/3393 2056/2411/3394 2055/2410/3392
f 2044/2399/3393 2045/2400/3395 2057/2412/3396 2056/2411/3394
f 2045/2400/3395 2034/2390/3373 2046/2402/3376 2057/2412/3396
s 208
f 2046/2402/3397 2047/2401/3398 2059/2413/3399 2058/2414/3400
f 2047/2401/3398 2048/2403/3401 2060/2415/3402 2059/2413/3399
f 2048/2403/3401 2049/2404/3403 2061/2416/3404 2060/2415/3402
f 2049/2404/3403 2050/2405/3405 2062/2417/3406 2061/2416/3404
f 2050/2405/3405 2051/2406/3407 2063/2418/3408 2062/2417/3406
f 2051/2406/3407 2052/2407/3409 2064/2419/3410 2063/2418/3408
f 2052/2407/3409 2053/2408/3411 2065/2420/3412 2064/2419/3410
f 2053/2408/3411 2054/2409/3413 2066/2421/3414 2065/2420/3412
f 2054/2409/3413 2055/2410/3415 2067/2422/3416 2066/2421/3414
f 2055/2410/3415 2056/2411/3417 2068/2423/3418 2067/2422/3416
f 2056/2411/3417 2057/2412/3419 2069/2424/3420 2068/2423/3418
f 2057/2412/3419 2046/2402/3397 2058/2414/3400 2069/2424/3420
s off
f 2058/2414/3421 2059/2413/3422 2071/2425/3423 2070/2426/3424
f 2059/2413/3425 2060/2415/3426 2072/2427/3427 2071/2425/3428
f 2060/2415/3429 2061/2416/3430 2073/2428/3431 2072/2427/3432
f 2061/2416/3433 2062/2417/3434 2074/2429/3435 2073/2428/3436
f 2062/2417/3437 2063/2418/3438 2075/2430/3439 2074/2429/3440
f 2063/2418/3441 2064/2419/3442 2076/2431/3443 2075/2430/3444
f 2064/2419/3445 2065/2420/3446 2077/2432/3447 2076/2431/3448
f 2065/2420/3449 2066/2421/3450 2078/2433/3451 2077/2432/3452
f 2066/2421/3453 2067/2422/3454 2079/2434/3455 2078/2433/3456
f 2067/2422/3457 2068/2423/3458 2080/2435/3459 2079/2434/3460
f 2068/2423/3461 2069/2424/3462 2081/2436/3463 2080/2435/3464
f 2069/2424/3465 2058/2414/3466 2070/2426/3467 2081/2436/3468
s 209
f 2070/2437/3469 2071/2438/3470 2083/2439/3471 2082/2440/3472
f 2071/2438/3470 2072/2441/3473 2084/2442/3474 2083/2439/3471
f 2072/2441/3473 2073/2443/3475 2085/2444/3476 2084/2442/3474
f 2073/2443/3475 2074/2445/3477 2086/2446/3478 2085/2444/3476
f 2074/2445/3477 2075/2447/3479 2087/2448/3480 2086/2446/3478
f 2075/2447/3479 2076/2449/3481 2088/2450/3482 2087/2448/3480
f 2076/2449/3481 2077/2451/3483 2089/2452/3484 2088/2450/3482
f 2077/2451/3483 2078/2453/3485 2090/2454/3486 2089/2452/3484
f 2078/2453/3485 2079/2455/3487 2091/2456/3488 2090/2454/3486
f 2079/2455/3487 2080/2457/3489 2092/2458/3490 2091/2456/3488
f 2080/2457/3489 2081/2459/3491 2093/2460/3492 2092/2458/3490
f 2081/2459/3491 2070/2437/3469 2082/2440/3472 2093/2460/3492
s 210
f 2082/2440/3493 2083/2439/3494 2095/2461/3495 2094/2462/3496
f 2083/2439/3494 2084/2442/3497 2096/2463/3498 2095/2461/3495
f 2084/2442/3497 2085/2444/3499 2097/2464/3500 2096/2463/3498
f 2085/2444/3499 2086/2446/3501 2098/2465/3502 2097/2464/3500
f 2086/2446/3501 2087/2448/3503 2099/2466/3504 2098/2465/3502
f 2087/2448/3503 2088/2450/3505 2100/2467/3506 2099/2466/3504
f 2088/2450/3505 2089/2452/3507 2101/2468/3508 2100/2467/3506
f 2089/2452/3507 2090/2454/3509 2102/2469/3510 2101/2468/3508
f 2090/2454/3509 2091/2456/3511 2103/2470/3512 2102/2469/3510
f 2091/2456/3511 2092/2458/3513 2104/2471/3514 2103/2470/3512
f 2092/2458/3513 2093/2460/3515 2105/2472/3516 2104/2471/3514
f 2093/2460/3515 2082/2440/3493 2094/2462/3496 2105/2472/3516
s off
f 2094/2462/3517 2095/2461/3518 2107/2473/3519 2106/2474/3520
f 2095/2461/3521 2096/2463/3522 2108/2475/3523 2107/2473/3524
f 2096/2463/3525 2097/2464/3526 2109/2476/3527 2108/2475/3528
f 2097/2464/3529 2098/2465/3530 2110/2477/3531 2109/2476/3532
f 2098/2465/3533 2099/2466/3534 2111/2478/3535 2110/2477/3536
f 2099/2466/3537 2100/2467/3538 2112/2479/3539 2111/2478/3540
f 2100/2467/3541 2101/2468/3542 2113/2480/3543 2112/2479/3544
f 2101/2468/3545 2102/2469/3546 2114/2481/3547 2113/2480/3548
f 2102/2469/3549 2103/2470/3550 2115/2482/3551 2114/2481/3552
f 2103/2470/3553 2104/2471/3554 2116/2483/3555 2115/2482/3556
f 2104/2471/3557 2105/2472/3558 2117/2484/3559 2116/2483/3560
f 2105/2472/3561 2094/2462/3562 2106/2474/3563 2117/2484/3564
s 211
f 2106/2485/3565 2107/2486/3566 2119/2487/3567 2118/2488/3568
f 2107/2486/3566 2108/2489/3569 2120/2490/3570 2119/2487/3567
f 2108/2489/3569 2109/2491/3571 2121/2492/3572 2120/2490/3570
f 2109/2491/3571 2110/2493/3573 2122/2494/3574 2121/2492/3572
f 2110/2493/3573 2111/2495/3575 2123/2496/3576 2122/2494/3574
f 2111/2495/3575 2112/2497/3577 2124/2498/3578 2123/2496/3576
f 2112/2497/3577 2113/2499/3579 2125/2500/3580 2124/2498/3578
f 2113/2499/3579 2114/2501/3581 2126/2502/3582 2125/2500/3580
f 2114/2501/3581 2115/2503/3583 2127/2504/3584 2126/2502/3582
f 2115/2503/3583 2116/2505/3585 2128/2506/3586 2127/2504/3584
f 2116/2505/3585 2117/2507/3587 2129/2508/3588 2128/2506/3586
f 2117/2507/3587 2106/2485/3565 2118/2488/3568 2129/2508/3588
s off
f 2118/2509/3589 2119/2510/3590 2131/2511/3591 2130/2512/3592
f 2119/2510/3593 2120/2513/3594 2132/2514/3595 2131/2511/3596
f 2120/2513/3597 2121/2515/3598 2133/2516/3599 2132/2514/3600
f 2121/2515/3601 2122/2517/3602 2134/2518/3603 2133/2516/3604
f 2122/2517/3605 2123/2519/3606 2135/2520/3607 2134/2518/3608
f 2123/2519/3609 2124/2521/3610 2136/2522/3611 2135/2520/3612
f 2124/2521/3613 2125/2523/3614 2137/2524/3615 2136/2522/3616
f 2125/2523/3617 2126/2525/3618 2138/2526/3619 2137/2524/3620
f 2126/2525/3621 2127/2527/3622 2139/2528/3623 2138/2526/3624
f 2127/2527/3625 2128/2529/3626 2140/2530/3627 2139/2528/3628
f 2128/2529/3629 2129/2531/3630 2141/2532/3631 2140/2530/3632
f 2129/2531/3633 2118/2509/3634 2130/2512/3635 2141/2532/3636
s 212
f 2130/2512/3637 2131/2511/3638 2143/2366/3639 2142/2365/3640
f 2131/2511/3638 2132/2514/3641 2144/2367/3642 2143/2366/3639
f 2132/2514/3641 2133/2516/3643 2145/2368/3644 2144/2367/3642
f 2133/2516/3643 2134/2518/3645 2146/2369/3646 2145/2368/3644
f 2134/2518/3645 2135/2520/3647 2147/2370/3648 2146/2369/3646
f 2135/2520/3647 2136/2522/3649 2148/2371/3650 2147/2370/3648
f 2136/2522/3649 2137/2524/3651 2149/2372/3652 2148/2371/3650
f 2137/2524/3651 2138/2526/3653 2150/2373/3654 2149/2372/3652
f 2138/2526/3653 2139/2528/3655 2151/2374/3656 2150/2373/3654
f 2139/2528/3655 2140/2530/3657 2152/2375/3658 2151/2374/3656
f 2140/2530/3657 2141/2532/3659 2153/2376/3660 2152/2375/3658
f 2141/2532/3659 2130/2512/3637 2142/2365/3640 2153/2376/3660
s 213
f 2155/2533/3661 2156/2534/3662 2176/2535/3663 2175/2536/3664
f 2156/2534/3662 2157/2537/3665 2177/2538/3666 2176/2535/3663
f 2157/2537/3665 2158/2539/3667 2178/2540/3668 2177/2538/3666
f 2158/2539/3667 2159/2541/3669 2179/2542/3670 2178/2540/3668
f 2159/2541/3669 2160/2543/3671 2180/2544/3672 2179/2542/3670
f 2160/2543/3671 2161/2545/3673 2181/2546/3674 2180/2544/3672
f 2161/2545/3673 2162/2547/3675 2182/2548/3676 2181/2546/3674
f 2162/2547/3675 2163/2549/3677 2183/2550/3678 2182/2548/3676
f 2163/2549/3677 2164/2551/3679 2184/2552/3680 2183/2550/3678
f 2164/2551/3679 2165/2553/3681 2185/2554/3682 2184/2552/3680
f 2165/2553/3681 2166/2555/3683 2186/2556/3684 2185/2554/3682
f 2166/2555/3683 2167/2557/3685 2187/2558/3686 2186/2556/3684
f 2167/2557/3685 2168/2559/3687 2188/2560/3688 2187/2558/3686
f 2168/2559/3687 2169/2561/3689 2189/2562/3690 2188/2560/3688
f 2169/2561/3689 2170/2563/3691 2190/2564/3692 2189/2562/3690
f 2170/2563/3691 2171/2565/3693 2191/2566/3694 2190/2564/3692
f 2171/2565/3693 2172/2567/3695 2192/2568/3696 2191/2566/3694
f 2172/2567/3695 2173/2569/3697 2193/2570/3698 2192/2568/3696
f 2173/2569/3697 2174/2571/3699 2194/2572/3700 2193/2570/3698
f 2174/2571/3699 2155/2533/3661 2175/2536/3664 2194/2572/3700
s 214
f 2156/2534/3701 2155/2533/3702 2195/2573/3703
f 2157/2537/3704 2156/2534/3701 2195/2573/3703
f 2158/2539/3705 2157/2537/3704 2195/2573/3703
f 2159/2541/3706 2158/2539/3705 2195/2573/3703
f 2160/2543/3707 2159/2541/3706 2195/2573/3703
f 2161/2545/3708 2160/2543/3707 2195/2573/3703
f 2162/2547/3709 2161/2545/3708 2195/2573/3703
f 2163/2549/3710 2162/2547/3709 2195/2573/3703
f 2164/2551/3711 2163/2549/3710 2195/2573/3703
f 2165/2553/3712 2164/2551/3711 2195/2573/3703
f 2166/2555/3713 2165/2553/3712 2195/2573/3703
f 2167/2557/3714 2166/2555/3713 2195/2573/3703
f 2168/2559/3715 2167/2557/3714 2195/2573/3703
f 2169/2561/3716 2168/2559/3715 2195/2573/3703
f 2170/2563/3717 2169/2561/3716 2195/2573/3703
f 2171/2565/3718 2170/2563/3717 2195/2573/3703
f 2172/2567/3719 2171/2565/3718 2195/2573/3703
f 2173/2569/3720 2172/2567/3719 2195/2573/3703
f 2174/2571/3721 2173/2569/3720 2195/2573/3703
f 2155/2533/3702 2174/2571/3721 2195/2573/3703
s 215
f 2175/2536/3722 2176/2535/3723 2196/2574/3724
f 2176/2535/3723 2177/2538/3725 2196/2574/3724
f 2177/2538/3725 2178/2540/3726 2196/2574/3724
f 2178/2540/3726 2179/2542/3727 2196/2574/3724
f 2179/2542/3727 2180/2544/3728 2196/2574/3724
f 2180/2544/3728 2181/2546/3729 2196/2574/3724
f 2181/2546/3729 2182/2548/3730 2196/2574/3724
f 2182/2548/3730 2183/2550/3731 2196/2574/3724
f 2183/2550/3731 2184/2552/3732 2196/2574/3724
f 2184/2552/3732 2185/2554/3733 2196/2574/3724
f 2185/2554/3733 2186/2556/3734 2196/2574/3724
f 2186/2556/3734 2187/2558/3735 2196/2574/3724
f 2187/2558/3735 2188/2560/3736 2196/2574/3724
f 2188/2560/3736 2189/2562/3737 2196/2574/3724
f 2189/2562/3737 2190/2564/3738 2196/2574/3724
f 2190/2564/3738 2191/2566/3739 2196/2574/3724
f 2191/2566/3739 2192/2568/3740 2196/2574/3724
f 2192/2568/3740 2193/2570/3741 2196/2574/3724
f 2193/2570/3741 2194/2572/3742 2196/2574/3724
f 2194/2572/3742 2175/2536/3722 2196/2574/3724
s 216
f 2197/2575/3743 2198/2576/3744 2218/2577/3745 2217/2578/3746
f 2198/2576/3744 2199/2579/3747 2219/2580/3748 2218/2577/3745
f 2199/2579/3747 2200/2581/3749 2220/2582/3750 2219/2580/3748
f 2200/2581/3749 2201/2583/3751 2221/2584/3752 2220/2582/3750
f 2201/2583/3751 2202/2585/3753 2222/2586/3754 2221/2584/3752
f 2202/2585/3753 2203/2587/3755 2223/2588/3756 2222/2586/3754
f 2203/2587/3755 2204/2589/3757 2224/2590/3758 2223/2588/3756
f 2204/2589/3757 2205/2591/3759 2225/2592/3760 2224/2590/3758
f 2205/2591/3759 2206/2593/3761 2226/2594/3762 2225/2592/3760
f 2206/2593/3761 2207/2595/3763 2227/2596/3764 2226/2594/3762
f 2207/2595/3763 2208/2597/3765 2228/2598/3766 2227/2596/3764
f 2208/2597/3765 2209/2599/3767 2229/2600/3768 2228/2598/3766
f 2209/2599/3767 2210/2601/3769 2230/2602/3770 2229/2600/3768
f 2210/2601/3769 2211/2603/3771 2231/2604/3772 2230/2602/3770
f 2211/2603/3771 2212/2605/3773 2232/2606/3774 2231/2604/3772
f 2212/2605/3773 2213/2607/3775 2233/2608/3776 2232/2606/3774
f 2213/2607/3775 2214/2609/3777 2234/2610/3778 2233/2608/3776
f 2214/2609/3777 2215/2611/3779 2235/2612/3780 2234/2610/3778
f 2215/2611/3779 2216/2613/3781 2236/2614/3782 2235/2612/3780
f 2216/2613/3781 2197/2575/3743 2217/2578/3746 2236/2614/3782
s 217
f 2198/2576/3783 2197/2575/3784 2237/2615/3785
f 2199/2579/3786 2198/2576/3783 2237/2615/3785
f 2200/2581/3787 2199/2579/3786 2237/2615/3785
f 2201/2583/3788 2200/2581/3787 2237/2615/3785
f 2202/2585/3789 2201/2583/3788 2237/2615/3785
f 2203/2587/3790 2202/2585/3789 2237/2615/3785
f 2204/2589/3791 2203/2587/3790 2237/2615/3785
f 2205/2591/3792 2204/2589/3791 2237/2615/3785
f 2206/2593/3793 2205/2591/3792 2237/2615/3785
f 2207/2595/3794 2206/2593/3793 2237/2615/3785
f 2208/2597/3795 2207/2595/3794 2237/2615/3785
f 2209/2599/3796 2208/2597/3795 2237/2615/3785
f 2210/2601/3797 2209/2599/3796 2237/2615/3785
f 2211/2603/3798 2210/2601/3797 2237/2615/3785
f 2212/2605/3799 2211/2603/3798 2237/2615/3785
f 2213/2607/3800 2212/2605/3799 2237/2615/3785
f 2214/2609/3801 2213/2607/3800 2237/2615/3785
f 2215/2611/3802 2214/2609/3801 2237/2615/3785
f 2216/2613/3803 2215/2611/3802 2237/2615/3785
f 2197/2575/3784 2216/2613/3803 2237/2615/3785
s 218
f 2217/2578/3804 2218/2577/3805 2238/2616/3806
f 2218/2577/3805 2219/2580/3807 2238/2616/3806
f 2219/2580/3807 2220/2582/3808 2238/2616/3806
f 2220/2582/3808 2221/2584/3809 2238/2616/3806
f 2221/2584/3809 2222/2586/3810 2238/2616/3806
f 2222/2586/3810 2223/2588/3811 2238/2616/3806
f 2223/2588/3811 2224/2590/3812 2238/2616/3806
f 2224/2590/3812 2225/2592/3813 2238/2616/3806
f 2225/2592/3813 2226/2594/3814 2238/2616/3806
f 2226/2594/3814 2227/2596/3815 2238/2616/3806
f 2227/2596/3815 2228/2598/3816 2238/2616/3806
f 2228/2598/3816 2229/2600/3817 2238/2616/3806
f 2229/2600/3817 2230/2602/3818 2238/2616/3806
f 2230/2602/3818 2231/2604/3819 2238/2616/3806
f 2231/2604/3819 2232/2606/3820 2238/2616/3806
f 2232/2606/3820 2233/2608/3821 2238/2616/3806
f 2233/2608/3821 2234/2610/3822 2238/2616/3806
f 2234/2610/3822 2235/2612/3823 2238/2616/3806
f 2235/2612/3823 2236/2614/3824 2238/2616/3806
f 2236/2614/3824 2217/2578/3804 2238/2616/3806
