# This file uses centimeters as units for non-parametric coordinates.

mtllib scene_building_left.mtl
g default
v -1842.468750 577.505737 -260.346558
v -1843.033203 577.505737 -269.247925
v -1847.642578 577.505737 -259.666016
v -1848.251953 577.505737 -269.269165
v -1847.642578 541.450562 -259.666016
v -1848.251953 541.450562 -269.269165
v -1842.468750 541.450562 -260.346558
v -1843.033203 541.450562 -269.247925
v -1847.599609 577.505737 -341.221313
v -1848.164062 577.505737 -350.122681
v -1852.773438 577.505737 -340.540771
v -1853.382812 577.505737 -350.143921
v -1852.773438 541.450562 -340.540771
v -1853.382812 541.450562 -350.143921
v -1847.599609 541.450562 -341.221313
v -1848.164062 541.450562 -350.122681
v -1787.145996 466.181519 -101.425537
v -1787.088379 466.378113 -98.147583
v -1786.299316 463.193817 -98.012573
v -1788.815430 473.368500 -98.281006
v -1785.053223 464.831024 -47.162354
v -1785.842285 468.015381 -47.293823
v -1785.739258 468.029999 -44.011108
v -1787.569336 475.005920 -47.423462
v -1791.428711 463.257263 -47.052002
v -1792.157715 466.641327 -43.809082
v -1792.215332 466.444763 -47.087036
v -1793.944824 473.431854 -47.322632
v -1792.674805 461.619843 -97.909302
v -1793.461426 464.807465 -97.940796
v -1793.564453 464.792847 -101.223389
v -1795.190918 471.794678 -98.172607
v -1786.380859 463.086548 -101.344604
v -1788.896973 473.261292 -101.610474
v -1784.974121 464.935089 -43.930298
v -1787.490234 475.109833 -44.196167
v -1791.347168 463.364441 -43.723511
v -1793.863281 473.539185 -43.989380
v -1792.753906 461.515900 -101.137817
v -1795.270020 471.690643 -101.403687
v -1777.166016 425.826233 -100.370850
v -1777.108398 426.022827 -97.092896
v -1776.319336 422.838531 -96.957886
v -1778.835449 433.013214 -97.226318
v -1775.073242 424.475739 -46.107666
v -1775.862305 427.660095 -46.239136
v -1775.759277 427.674713 -42.956421
v -1777.589355 434.650635 -46.368774
v -1781.448730 422.901978 -45.997314
v -1782.177734 426.286041 -42.754395
v -1782.235352 426.089478 -46.032349
v -1783.964844 433.076569 -46.267944
v -1782.694824 421.264557 -96.854614
v -1783.481445 424.452179 -96.886108
v -1783.584473 424.437561 -100.168701
v -1785.210938 431.439392 -97.117920
v -1776.400879 422.731262 -100.289917
v -1778.916992 432.906006 -100.555786
v -1774.994141 424.579803 -42.875610
v -1777.510254 434.754547 -43.141479
v -1781.367188 423.009155 -42.668823
v -1783.883301 433.183899 -42.934692
v -1782.773926 421.160614 -100.083130
v -1785.290039 431.335358 -100.348999
v -1767.229492 385.645935 -99.320679
v -1767.171875 385.842560 -96.042725
v -1766.382812 382.658142 -95.911743
v -1768.898926 392.833008 -96.173706
v -1765.136719 384.295471 -45.058105
v -1765.925781 387.479828 -45.189087
v -1765.822754 387.494446 -41.906372
v -1767.652832 394.470337 -45.319946
v -1771.511719 382.721771 -44.946655
v -1772.240723 386.105743 -41.704346
v -1772.298340 385.909149 -44.982300
v -1774.028320 392.896362 -45.216797
v -1772.757812 381.084412 -95.800415
v -1773.544434 384.271820 -95.836060
v -1773.647461 384.257202 -99.118652
v -1775.274414 391.259033 -96.070435
v -1766.464355 382.550995 -99.239746
v -1768.980469 392.725739 -99.505737
v -1765.057617 384.399536 -41.825562
v -1767.573730 394.574280 -42.091431
v -1771.430176 382.828918 -41.618774
v -1773.946777 393.003662 -41.884644
v -1772.836914 380.980347 -99.032959
v -1775.353516 391.155090 -99.298950
v -1756.315918 341.515106 -98.167358
v -1756.246094 341.663849 -94.888184
v -1755.457031 338.479584 -94.753174
v -1757.973633 348.654205 -95.023071
v -1754.210938 340.116943 -43.898193
v -1755.000000 343.301178 -44.034424
v -1754.889160 343.283478 -40.750977
v -1756.727051 350.291656 -44.165283
v -1760.586426 338.542908 -43.797363
v -1761.323242 341.959442 -40.550537
v -1761.373047 341.730560 -43.827637
v -1763.102539 348.717712 -44.062012
v -1761.832520 336.905609 -94.649902
v -1762.619141 340.093231 -94.681396
v -1762.709961 340.030731 -97.962769
v -1764.348633 347.080475 -94.911743
v -1755.538574 338.372314 -98.085205
v -1758.055176 348.547058 -98.351074
v -1754.131836 340.220856 -40.670898
v -1756.647949 350.395599 -40.936768
v -1760.504883 338.650238 -40.464111
v -1763.020996 348.824982 -40.729980
v -1761.911621 336.801666 -97.878418
v -1764.427734 346.976410 -98.144287
v -1736.009766 266.246033 -95.676514
v -1736.797363 269.431915 -95.759888
v -1736.717285 269.537354 -92.479614
v -1737.023926 269.133759 -105.029053
v -1809.766113 564.921387 -100.199463
v -1809.846680 564.815735 -103.479614
v -1810.634277 568.001526 -103.562988
v -1810.072754 564.517029 -112.748901
v -1819.295898 562.572266 -99.890015
v -1816.109863 563.357666 -99.993408
v -1816.897949 566.543762 -100.076782
v -1816.978027 566.438110 -103.357056
v -1820.164062 565.652954 -103.253662
v -1819.375977 562.466858 -103.170410
v -1819.603027 562.168884 -112.439453
v -1817.204590 566.139648 -112.626099
v -1816.416992 562.953857 -112.542847
v -1742.272949 264.788269 -92.190430
v -1743.061035 267.974121 -92.273682
v -1746.247070 267.189117 -92.170288
v -1746.327148 267.083466 -95.450684
v -1745.539062 263.897400 -95.367432
v -1742.353027 264.682617 -95.470703
v -1742.579590 264.384125 -104.739746
v -1746.553711 266.784821 -104.719604
v -1743.367676 267.570129 -104.823120
v -1735.929688 266.351624 -92.396362
v -1736.235840 265.947571 -104.945801
v -1810.554199 568.107117 -100.282715
v -1810.860840 567.703064 -112.832153
v -1820.083984 565.758545 -99.973267
v -1820.390625 565.354492 -112.522705
v -1745.458984 264.003021 -92.087036
v -1745.765625 263.598969 -104.636353
v -1746.245605 300.794708 -97.103149
v -1746.175781 300.943451 -93.823975
v -1745.386719 297.759186 -93.688965
v -1747.903320 307.933807 -93.958862
v -1744.140625 299.396545 -42.833984
v -1744.929688 302.580780 -42.970215
v -1744.818848 302.563080 -39.686768
v -1746.656738 309.571259 -43.101074
v -1750.516113 297.822510 -42.733154
v -1751.252930 301.239044 -39.486328
v -1751.302734 301.010162 -42.763428
v -1753.032227 307.997314 -42.997803
v -1751.762207 296.185211 -93.585693
v -1752.548828 299.372833 -93.617188
v -1752.639648 299.310333 -96.898560
v -1754.278320 306.360077 -93.847534
v -1745.468262 297.651917 -97.020996
v -1747.984863 307.826660 -97.286865
v -1744.061523 299.500458 -39.606689
v -1746.577637 309.675201 -39.872559
v -1750.434570 297.929840 -39.399902
v -1752.950684 308.104584 -39.665771
v -1751.841309 296.081268 -96.814209
v -1754.357422 306.256012 -97.080078
v -1805.585449 540.743164 -103.374146
v -1805.535645 540.972107 -100.097046
v -1804.746582 537.787781 -99.963623
v -1807.262695 547.962524 -100.228027
v -1803.500488 539.425110 -49.108154
v -1804.289551 542.609375 -49.243286
v -1804.178711 542.591675 -45.959839
v -1806.016602 549.599854 -49.374268
v -1809.875977 537.851135 -49.005005
v -1810.612793 541.267639 -45.759521
v -1810.662598 541.038757 -49.036499
v -1812.392090 548.025879 -49.271118
v -1811.122070 536.213867 -99.857056
v -1811.908691 539.401428 -99.890259
v -1812.019531 539.419067 -103.173828
v -1813.638184 546.388550 -100.124878
v -1804.828125 537.680542 -103.294067
v -1807.344238 547.855225 -103.560059
v -1803.421387 539.529053 -45.879761
v -1805.937500 549.703796 -46.145752
v -1809.794434 537.958435 -45.672974
v -1812.310547 548.133179 -45.938965
v -1811.201172 536.109863 -103.087280
v -1813.717285 546.284607 -103.353271
v -1796.200684 502.794495 -102.382324
v -1796.130859 502.943237 -99.103149
v -1795.341797 499.759033 -98.966919
v -1797.858398 509.933807 -99.231934
v -1794.100586 501.389954 -48.312744
v -1794.884766 504.580597 -48.249512
v -1794.806641 504.695038 -44.969360
v -1796.612305 511.570953 -48.384399
v -1800.466309 499.828735 -47.812988
v -1801.175293 503.106720 -44.762207
v -1801.257812 503.009949 -48.042725
v -1802.987305 509.997223 -48.273071
v -1801.717285 498.184998 -98.866089
v -1802.503906 501.372620 -98.896362
v -1802.594727 501.310150 -102.177856
v -1804.233398 508.359711 -99.133179
v -1795.423340 499.651703 -102.300171
v -1797.939941 509.826447 -102.566162
v -1794.016602 501.500275 -44.885864
v -1796.533203 511.675018 -45.151855
v -1800.389648 499.929626 -44.679199
v -1802.905762 510.104370 -44.945068
v -1801.796387 498.081085 -102.093384
v -1804.312500 508.255829 -102.359375
v -1753.025391 571.901306 -265.885986
v -1753.589844 571.901306 -274.787354
v -1752.798828 581.870178 -262.314941
v -1753.816406 581.870178 -278.358398
v -1848.893555 581.870178 -256.218628
v -1849.911133 581.870178 -272.262085
v -1849.120117 571.901306 -259.789673
v -1849.684570 571.901306 -268.691040
v -1800.594727 574.347534 -262.662231
v -1801.159180 574.347534 -271.563599
v -1802.165039 577.552612 -262.792114
v -1802.701172 577.552612 -271.236206
v -1849.828125 550.592651 -259.768433
v -1850.364258 550.592651 -268.212524
v -1848.257812 547.387573 -259.638428
v -1848.822266 547.387573 -268.539917
v -1758.181641 571.901306 -347.168823
v -1758.746094 571.901306 -356.070190
v -1757.955078 581.870178 -343.597778
v -1758.972656 581.870178 -359.641235
v -1854.050781 581.870178 -337.501465
v -1855.068359 581.870178 -353.544922
v -1854.277344 571.901306 -341.072510
v -1854.841797 571.901306 -349.973877
v -1805.724609 574.347534 -343.536987
v -1806.290039 574.347534 -352.438477
v -1807.295898 577.552612 -343.666992
v -1807.832031 577.552612 -352.110962
v -1854.958984 550.592651 -340.643188
v -1855.494141 550.592651 -349.087280
v -1853.387695 547.387573 -340.513184
v -1853.953125 547.387573 -349.414673
v -1779.784180 631.104248 -310.854980
v -1779.394531 640.332214 -304.701294
v -1778.809570 646.498169 -295.491821
v -1778.121094 648.663330 -284.628784
v -1777.431641 646.498169 -273.765625
v -1776.847656 640.332275 -264.556152
v -1776.457031 631.104248 -258.402466
v -1776.320312 620.219116 -256.241455
v -1776.457031 609.333923 -258.402466
v -1776.847656 600.105957 -264.556152
v -1777.431641 593.939941 -273.765625
v -1778.121094 591.774780 -284.628784
v -1778.809570 593.939941 -295.491821
v -1779.394531 600.105896 -304.701294
v -1779.784180 609.333862 -310.854980
v -1779.921875 620.219116 -313.015991
v -1766.583008 631.104248 -311.692505
v -1766.192383 640.332214 -305.538818
v -1765.608398 646.498169 -296.329346
v -1764.918945 648.663330 -285.466187
v -1764.230469 646.498169 -274.603149
v -1763.645508 640.332275 -265.393677
v -1763.255859 631.104248 -259.239990
v -1763.118164 620.219116 -257.078979
v -1763.255859 609.333923 -259.239990
v -1763.645508 600.105957 -265.393677
v -1764.230469 593.939941 -274.603149
v -1764.918945 591.774780 -285.466187
v -1765.608398 593.939941 -296.329346
v -1766.192383 600.105896 -305.538818
v -1766.583008 609.333862 -311.692505
v -1766.719727 620.219116 -313.853516
v -1778.121094 620.219116 -284.628784
v -1764.918945 620.219116 -285.466187
v -2163.043457 39.167000 52.272949
v -1824.809570 39.167000 33.206665
v -2203.125000 39.167000 -658.756409
v -1864.891602 39.167000 -677.822693
v -2153.074219 849.200562 22.830811
v -1837.459961 849.200562 5.302246
v -1874.861328 849.200562 -648.380554
v -2190.474609 849.200562 -630.852051
v -2144.388672 406.977448 22.830811
v -1848.480469 406.977448 5.302246
v -1883.546387 406.977448 -648.380554
v -2179.454102 406.977448 -630.852051
v -2163.043457 786.075867 52.272827
v -2203.125000 786.075867 -658.756409
v -1864.891602 786.075867 -677.822693
v -1824.809570 786.075867 33.206665
v -2193.873047 779.548645 127.766235
v -2242.244141 779.548645 -730.306824
v -2193.873047 820.377197 127.766357
v -2242.243652 820.377197 -730.306824
v -1834.061523 820.377197 -753.316101
v -1808.622070 779.548645 -753.316101
v -1760.251953 779.548645 104.757080
v -1785.691406 820.377197 104.757080
v -2144.388672 804.978210 22.830688
v -2179.454102 804.978210 -630.852112
v -1883.546387 804.978210 -648.380554
v -1848.480469 804.978210 5.302246
v -1901.605957 962.388000 -96.808716
v -1925.415039 962.388000 -540.642517
v -2126.329102 962.388000 -528.741150
v -2102.520020 962.388000 -84.907227
v -2193.873047 791.035217 127.766235
v -2242.244141 791.035217 -730.306824
v -1808.622070 791.035217 -753.316101
v -1760.251953 791.035217 104.757202
v -2242.244141 806.534424 -730.306824
v -2193.873047 806.534424 127.766235
v -1785.691406 806.534424 104.757202
v -1834.061523 806.534424 -753.316101
v -2207.105469 790.465210 160.168701
v -2259.034180 790.465210 -761.016907
v -2207.105469 807.104431 160.168701
v -2259.034180 807.104431 -761.016907
v -1743.461914 790.465210 135.467285
v -1743.461914 807.104431 135.467285
v -1795.389648 790.465210 -785.718567
v -1795.389648 807.104431 -785.718567
v -2116.104492 962.388000 -338.137939
v -1915.190430 962.388000 -350.039368
v -2096.318359 974.839905 -359.150085
v -1937.098145 974.839905 -368.581665
v -1945.201172 974.839905 -519.630371
v -2104.420898 974.839905 -510.198853
v -2066.959961 1064.990845 -390.327271
v -1969.604492 1064.990845 -396.094238
v -1974.559082 1064.990845 -488.453186
v -2071.914062 1064.990845 -482.686218
v -2163.043457 425.433441 52.272827
v -2203.125000 425.433441 -658.756409
v -1864.891602 425.433441 -677.822693
v -1824.809570 425.433441 33.206665
v -2203.125000 454.495453 -658.756409
v -2163.043457 454.495453 52.272827
v -1824.810059 454.495453 33.206665
v -1864.891602 454.495453 -677.822693
v -2203.125000 550.799561 -658.756409
v -2163.043457 550.799561 52.272827
v -1824.809570 550.799561 33.206665
v -1864.891602 550.799561 -677.822693
v -2203.125000 668.437744 -658.756409
v -2163.043457 668.437744 52.272827
v -1824.809570 668.437744 33.206665
v -1864.891602 668.437744 -677.822693
v -1946.578613 668.437744 40.070801
v -2041.274414 668.437744 45.408691
v -1946.578613 550.799561 40.070801
v -2041.274414 550.799561 45.408691
v -2144.388672 545.507751 22.830688
v -2179.454102 545.507751 -630.852112
v -1883.546387 545.507751 -648.380554
v -1848.480469 545.507751 5.302246
v -2144.388672 673.139832 22.830688
v -2179.454102 673.139832 -630.852112
v -1883.546387 673.139832 -648.380554
v -1848.480469 673.139832 5.302246
v -2042.221680 406.977448 16.778809
v -2077.287109 406.977448 -636.904053
v -2077.287109 545.507751 -636.904053
v -2077.287109 673.139832 -636.904053
v -2077.287109 804.978210 -636.904053
v -2042.221680 804.978210 16.778687
v -2042.221680 673.139832 16.778687
v -2042.221680 545.507751 16.778687
v -1951.652344 804.978210 11.413818
v -1986.718750 804.978210 -642.269043
v -1986.718750 673.139832 -642.269043
v -1986.718750 545.507751 -642.269043
v -1986.718750 406.977448 -642.269043
v -1951.652344 406.977448 11.413818
v -1951.652344 545.507751 11.413818
v -1951.652344 673.139832 11.413818
v -2181.134277 423.670074 96.572510
v -2226.080078 423.670074 -700.742310
v -2181.134277 456.258820 96.572510
v -2226.080078 456.258820 -700.742310
v -1801.854492 423.670074 75.192505
v -1801.855469 456.258820 75.192505
v -1846.800781 423.670074 -722.122314
v -1846.800781 456.258820 -722.122314
v -2167.975586 831.908386 74.340576
v -1818.551270 831.908386 54.121704
v -1859.958984 831.908386 -699.890259
v -2209.383301 831.908386 -679.671448
v -2127.909180 878.671936 -33.136841
v -1869.390625 878.671936 -47.742188
v -1900.025391 878.671936 -592.412903
v -2158.543945 878.671936 -577.807556
v -1993.927246 232.300217 42.739746
v -1993.926758 39.167000 42.739868
v -1824.809570 232.300217 33.206665
v -1993.926758 425.433441 42.739746
v -2163.043457 232.300217 52.272827
v -2110.837891 406.977478 -307.036621
v -2093.305176 406.977448 19.804810
v -2059.754395 406.977448 -310.062561
v -2128.370605 406.977448 -633.878052
v -2161.921387 406.977448 -304.010559
v -2034.008789 232.300201 -668.289551
v -2034.008301 425.433441 -668.289551
v -1864.891602 232.300217 -677.822693
v -2034.008301 39.167000 -668.289551
v -2203.125000 232.300217 -658.756409
v -1844.850098 232.300217 -322.307922
v -1844.850586 39.167000 -322.307983
v -1844.850586 425.433441 -322.307983
v -2183.083984 232.300201 -303.241699
v -2183.083984 39.167000 -303.241699
v -2183.083984 425.433441 -303.241760
v -1994.479004 840.177490 40.257202
v -1995.267090 849.200562 14.066528
v -2160.524902 840.554443 48.585693
v -1993.263672 831.908386 64.231079
v -1828.005859 840.554443 29.712036
v -1847.164551 839.983948 -322.535034
v -1856.160645 849.200562 -321.539124
v -1839.254883 831.908386 -322.884216
v -1867.410156 840.554443 -674.135437
v -2218.058594 785.291992 -301.270203
v -2218.058594 779.548645 -301.270264
v -2193.873047 785.291931 127.766235
v -2218.058594 791.035217 -301.270264
v -2242.244141 785.291931 -730.306824
v -2025.433594 785.291870 -741.811462
v -2025.433105 791.035217 -741.811462
v -1808.622070 785.291931 -753.316101
v -2025.433105 779.548645 -741.811462
v -1784.437500 785.291870 -324.279419
v -1784.437012 779.548645 -324.279480
v -1784.437012 791.035217 -324.279419
v -1760.251953 785.291931 104.757202
v -1977.062988 785.291870 116.261475
v -1977.062500 779.548645 116.261597
v -1977.062500 791.035217 116.261719
v -2202.055664 782.535217 -302.172424
v -2183.083984 786.075867 -303.241760
v -2178.458008 782.812256 90.019531
v -2222.684570 782.812256 -694.531616
v -2180.770020 839.983826 -303.014709
v -2199.928711 840.554443 -655.261780
v -2188.679688 831.908386 -302.665405
v -2171.774414 849.200562 -304.010559
v -2033.455078 840.177429 -665.807007
v -2034.670898 831.908386 -689.780823
v -2032.667969 849.200562 -639.616272
v -2026.733398 782.483948 -708.887024
v -2034.008301 786.075867 -668.289551
v -1836.756836 782.812256 -715.569397
v -1812.091797 782.539551 -322.884766
v -1844.850586 786.075867 -322.307983
v -1792.530762 782.812256 68.981812
v -1981.650391 782.484802 83.025635
v -1993.926758 786.075867 42.739746
v -2161.920898 739.059021 -304.010620
v -2161.921387 804.978210 -304.010681
v -2144.388672 739.059021 22.830688
v -2161.921387 673.139832 -304.010681
v -2179.454102 739.059021 -630.852112
v -2128.370605 739.058960 -633.878052
v -2077.287109 739.059021 -636.904053
v -2128.370605 804.978210 -633.878113
v -2128.370605 673.139832 -633.878113
v -1866.013672 739.059021 -321.539185
v -1866.013672 804.978210 -321.539124
v -1883.546387 739.059021 -648.380554
v -1866.013672 673.139832 -321.539124
v -1848.480469 739.059021 5.302246
v -2093.305176 739.059021 19.804810
v -2093.305176 804.978210 19.804688
v -2042.221680 739.059021 16.778687
v -2093.305176 673.139832 19.804688
v -2110.837402 804.978271 -307.036682
v -2059.754395 804.978210 -310.062683
v -2020.759277 1064.990845 -439.390137
v -2018.282227 1064.990845 -393.210754
v -1972.082031 1064.990845 -442.273743
v -2023.236328 1064.990845 -485.569702
v -2069.437012 1064.990845 -436.506775
v -1897.883789 916.986816 -319.336365
v -1884.708008 878.671936 -320.077515
v -1912.720215 920.529968 -566.527710
v -1920.302734 962.388000 -445.340942
v -1908.398438 962.388000 -223.424011
v -1885.498047 920.529968 -72.275513
v -2027.828613 916.895386 -562.084106
v -2029.284668 878.671936 -585.110229
v -2142.436523 920.529968 -553.274353
v -2025.872070 962.388000 -534.691833
v -2130.051270 916.986877 -306.213318
v -2143.226562 878.671936 -305.472168
v -2115.214844 920.529968 -59.022095
v -2109.312500 962.388000 -211.522522
v -2121.216797 962.388000 -433.439514
v -2000.106445 916.895325 -63.465820
v -1998.649902 878.671936 -40.439575
v -2002.062988 962.388000 -90.858032
v -2218.058105 813.455811 -301.270203
v -2218.058594 806.534424 -301.270264
v -2193.873047 813.455811 127.766235
v -2218.058594 820.377197 -301.270203
v -2242.244141 813.455811 -730.306824
v -2038.152344 813.455872 -741.811462
v -2038.152344 820.377197 -741.811462
v -1834.061523 813.455811 -753.316101
v -2038.152832 806.534424 -741.811462
v -1809.875488 813.455811 -324.279480
v -1809.876465 806.534424 -324.279419
v -1809.876465 820.377197 -324.279480
v -1785.691406 813.455811 104.757202
v -1989.782227 813.455872 116.261719
v -1989.782227 806.534424 116.261719
v -1989.782227 820.377197 116.261719
v -2233.069336 798.784851 -300.424072
v -2233.069824 790.465210 -300.424072
v -2207.105469 798.784790 160.168701
v -2233.069824 807.104431 -300.424072
v -2259.034180 798.784790 -761.016907
v -1975.284180 798.784851 147.817871
v -1975.283691 790.465210 147.817993
v -1743.461914 798.784790 135.467285
v -1975.283691 807.104431 147.817993
v -1769.425781 798.784729 -325.125671
v -1769.425781 790.465210 -325.125610
v -1795.389648 798.784790 -785.718567
v -1769.425781 807.104431 -325.125610
v -2027.211914 798.784729 -773.367798
v -2027.211914 807.104431 -773.367737
v -2027.211914 790.465210 -773.367737
v -2225.820312 790.740479 -300.832764
v -2200.489258 790.750244 143.967407
v -2250.639160 790.750244 -745.661865
v -2225.820312 806.829163 -300.832764
v -2250.639160 806.819458 -745.661865
v -2200.489258 806.819458 143.967407
v -1976.145508 790.741394 132.529785
v -1751.856934 790.750244 120.112183
v -1978.207520 806.835876 132.737427
v -1764.576660 806.819458 120.112183
v -1776.674805 790.740479 -324.716919
v -1802.005859 790.750244 -769.517334
v -1788.948730 806.829041 -324.300659
v -1814.725586 806.819458 -769.517334
v -2028.853027 806.835938 -758.694824
v -2026.350586 790.741333 -758.079468
v -2008.855957 962.388000 -217.473267
v -2015.647461 962.388000 -344.088684
v -2016.156738 968.000000 -353.000122
v -1926.144531 968.613953 -359.310486
v -2016.708008 974.839905 -363.865906
v -2106.211426 968.613953 -348.643982
v -1929.707520 968.004883 -444.814880
v -1935.308105 968.613953 -530.136414
v -1941.149414 974.839905 -444.106018
v -2025.363281 967.999878 -525.780396
v -2115.375000 968.613953 -519.470032
v -2024.811035 974.839905 -514.914612
v -2111.811523 968.004822 -433.965637
v -2100.369629 974.839905 -434.674500
v -2017.403320 1013.796448 -376.545837
v -1953.351562 1019.915405 -382.337952
v -2081.639160 1019.915405 -374.738708
v -1954.566406 1013.938660 -443.325378
v -1959.879883 1019.915405 -504.041809
v -2024.116699 1013.796387 -502.234802
v -2088.167480 1019.915405 -496.442566
v -2086.953125 1013.938782 -435.455200
v -2183.083496 727.256836 -303.241699
v -2183.083984 668.437744 -303.241760
v -2163.043457 727.256836 52.272827
v -2203.125000 727.256836 -658.756409
v -2034.008301 727.256775 -668.289612
v -1864.891602 727.256836 -677.822693
v -2034.008301 668.437744 -668.289551
v -1844.851074 727.256714 -322.308044
v -1844.850586 668.437744 -322.307983
v -1824.809570 727.256836 33.206665
v -1993.926758 745.829102 42.739624
v -2102.159180 727.256836 48.840698
v -1993.926758 668.437744 42.739746
v -1885.694336 727.256836 36.638794
v -2203.606934 439.964478 -302.084839
v -2203.607422 423.670074 -302.084900
v -2181.134277 439.964447 96.572510
v -2203.607422 456.258820 -302.084900
v -2226.080078 439.964447 -700.742310
v -1991.494141 439.964417 85.882446
v -1991.494141 423.670074 85.882446
v -1801.854980 439.964447 75.192505
v -1991.495117 456.258820 85.882446
v -1824.328125 439.964478 -323.464783
v -1824.327637 423.670074 -323.464905
v -1846.800781 439.964447 -722.122314
v -1824.328125 456.258820 -323.464905
v -2036.440430 439.964417 -711.432373
v -2036.440430 456.258820 -711.432312
v -2036.440430 423.670074 -711.432312
v -2183.083984 502.647491 -303.241821
v -2183.083984 454.495453 -303.241760
v -2163.043457 502.647522 52.272827
v -2183.083984 550.799561 -303.241760
v -2203.125000 502.647522 -658.756409
v -1844.851074 502.647522 -322.308044
v -1844.850586 454.495453 -322.307983
v -1864.891602 502.647522 -677.822693
v -1844.850586 550.799561 -322.307983
v -1824.809570 502.647522 33.206665
v -2034.007812 502.647522 -668.289551
v -2034.008301 550.799561 -668.289551
v -2034.008301 454.495453 -668.289551
v -2183.083496 609.618652 -303.241821
v -2163.043457 609.618652 52.272827
v -2203.125000 609.618652 -658.756409
v -1885.694336 609.618591 36.638672
v -1946.578613 609.618652 40.070801
v -1885.694336 550.799561 36.638794
v -1824.809570 609.618652 33.206665
v -1885.694336 668.437744 36.638794
v -1844.850586 609.618652 -322.308044
v -1864.891602 609.618652 -677.822693
v -2034.008301 609.618591 -668.289612
v -2119.668457 709.719360 49.827637
v -2102.159180 668.437744 48.840698
v -1868.184570 709.719360 35.651733
v -2102.158691 609.618652 48.840820
v -2102.159180 550.799561 48.840698
v -2041.274414 609.618652 45.408691
v -2117.851074 518.364014 49.725098
v -2102.159180 502.647522 48.840698
v -1993.926270 486.869476 42.739868
v -1993.926758 454.495453 42.739746
v -1885.694336 502.647522 36.638794
v -1993.926758 550.799561 42.739746
v -1870.002441 518.364014 35.754150
v -2161.921875 476.242584 -304.010620
v -2161.921387 545.507751 -304.010681
v -2144.388672 476.242615 22.830688
v -2179.454102 476.242615 -630.852112
v -2128.370605 476.242615 -633.878113
v -2077.287109 476.242615 -636.904053
v -2128.370605 545.507751 -633.878113
v -1866.014160 476.242554 -321.539246
v -1866.013672 545.507751 -321.539124
v -1883.546387 476.242615 -648.380554
v -1866.013672 406.977448 -321.539124
v -1848.480469 476.242615 5.302246
v -2093.304688 476.242676 19.804810
v -2093.305176 545.507751 19.804688
v -2042.221680 476.242615 16.778687
v -2161.920898 609.323853 -304.010681
v -2144.388672 609.323792 22.830688
v -2179.454102 609.323792 -630.852112
v -2128.370605 609.323792 -633.878113
v -2077.287109 609.323792 -636.904053
v -1866.013184 609.323792 -321.539124
v -1883.546387 609.323792 -648.380554
v -1848.480469 609.323792 5.302246
v -2093.304688 609.323853 19.804810
v -2042.221680 609.323792 16.778687
v -1917.599609 406.977478 -318.483398
v -1969.185547 406.977448 -315.427551
v -1900.066406 406.977448 8.358032
v -1935.132812 406.977448 -645.324768
v -1935.132324 476.242645 -645.324829
v -1935.132812 545.507751 -645.324768
v -1986.718750 476.242615 -642.269043
v -1935.132324 609.323792 -645.324829
v -1935.132812 673.139832 -645.324768
v -1986.718750 609.323792 -642.269043
v -1935.132324 739.059021 -645.324768
v -1935.132812 804.978210 -645.324768
v -1986.718750 739.059021 -642.269043
v -1917.599609 804.978271 -318.483398
v -1969.185547 804.978210 -315.427551
v -1900.066406 804.978210 8.358032
v -1900.066406 739.059021 8.358154
v -1951.652344 739.059021 11.413818
v -1900.066406 673.139832 8.358032
v -1900.065918 609.323792 8.358154
v -1951.652344 609.323792 11.413818
v -1900.066406 545.507751 8.358032
v -1900.065918 476.242676 8.358032
v -1951.652344 476.242615 11.413818
v -2014.469727 804.978210 -312.744873
v -2032.002930 804.978210 -639.586548
v -1996.937012 804.978210 14.096313
v -2032.002930 739.059021 -639.586548
v -2032.002930 673.139832 -639.586548
v -2032.002441 609.323792 -639.586487
v -2032.002930 545.507751 -639.586548
v -2032.002441 476.242615 -639.586548
v -2032.002930 406.977448 -639.586548
v -2014.469238 406.977478 -312.744812
v -1996.937012 406.977448 14.096313
v -1996.937012 476.242645 14.096313
v -1996.937012 545.507751 14.096313
v -1996.936035 739.059143 14.096436
v -1996.937012 673.139832 14.096313
v -1949.198730 609.446350 25.271851
v -1949.115234 670.788818 25.742310
v -1949.115234 548.153687 25.742310
v -1995.320312 670.749146 28.654663
v -2041.748047 670.788818 31.093628
v -2041.763672 609.445923 30.622314
v -2041.748047 548.153687 31.093628
v -1995.321289 548.198242 28.654541
v -2193.896973 424.504333 -302.632263
v -2172.088867 424.551758 74.422729
v -2214.602539 424.551758 -679.749329
v -2193.896973 455.424561 -302.632263
v -2214.602539 455.377136 -679.749329
v -2172.088867 455.377136 74.422729
v -1992.648438 424.507263 65.400024
v -1813.332031 424.551758 54.199585
v -1992.648926 455.421631 65.400024
v -1813.333008 455.377136 54.199585
v -1834.037109 424.504333 -322.917542
v -1855.846191 424.551758 -699.972473
v -1834.037598 455.424530 -322.917664
v -1855.846191 455.377136 -699.972473
v -2035.285156 455.421692 -690.949768
v -2035.285156 424.507324 -690.949768
v -1991.196777 825.757690 91.971802
v -2180.924316 826.142822 101.053467
v -1802.121094 826.142822 79.439331
v -1823.671387 825.796509 -323.397888
v -1847.010254 826.142822 -726.603149
v -2036.737305 825.757751 -717.521545
v -2225.813477 826.142822 -704.989136
v -2204.263672 825.796570 -302.151917
v -1996.723145 862.752502 -11.002808
v -2140.491699 863.936279 -5.152954
v -1853.425293 863.936279 -21.219971
v -2031.212891 862.752502 -614.546936
v -2174.509277 863.936279 -604.329773
v -1887.443359 863.936279 -620.396729
v -1869.262207 862.732422 -320.757141
v -2158.672363 862.732422 -304.792480
v -1958.002441 800.043579 116.069092
v -1959.127441 800.043579 93.071167
v -1958.002441 909.869751 116.069092
v -1959.127441 909.869751 93.071167
v -2178.278320 909.869751 126.843140
v -2179.403320 909.869751 103.845215
v -2178.278320 800.043579 126.843140
v -2179.403320 800.043579 103.845215
v -2153.060547 909.869751 125.609619
v -2153.060547 800.043579 125.609619
v -2154.185547 800.043579 102.611816
v -2154.185547 909.869751 102.611816
v -2163.766113 800.043579 -93.264404
v -2163.766113 909.869751 -93.264404
v -2188.983398 800.043579 -92.031006
v -2188.983398 909.869751 -92.031006
v -1958.564453 854.956726 104.570190
v -1958.564941 800.043579 104.570190
v -1959.127441 854.956665 93.071167
v -1958.564941 909.869751 104.570190
v -1958.002441 854.956665 116.069092
v -2056.093750 909.869812 109.340576
v -2056.656250 909.869751 97.841431
v -2153.623047 909.869751 114.110718
v -2055.531250 909.869751 120.839355
v -2178.840820 854.956665 115.344360
v -2178.840820 909.869751 115.344116
v -2179.403320 854.956665 103.845215
v -2178.840820 800.043579 115.344116
v -2178.278320 854.956665 126.843140
v -2056.093750 800.043640 109.340576
v -2153.623047 800.043579 114.110718
v -2056.656250 800.043579 97.841431
v -2055.531250 800.043579 120.839355
v -2056.656250 854.956665 97.841431
v -2154.185547 854.956665 102.611816
v -2055.531250 854.956665 120.839478
v -2153.060547 854.956665 125.609619
v -2165.668945 854.956604 126.226196
v -2165.669434 800.043579 126.226440
v -2165.669434 909.869751 126.226440
v -2166.232422 800.043579 114.727417
v -2166.794434 800.043579 103.228516
v -2176.375488 854.956665 -92.647827
v -2163.766113 854.956665 -93.264404
v -2176.375000 800.043579 -92.647705
v -2188.983398 854.956665 -92.031006
v -2176.375000 909.869751 -92.647705
v -2166.231934 909.869690 114.727539
v -2166.794434 909.869751 103.228516
v -2158.975098 854.956665 4.673706
v -2158.975586 800.043579 4.673706
v -2158.975586 909.869751 4.673706
v -2171.584473 800.043579 5.290527
v -2184.193359 800.043579 5.907104
v -2184.193359 854.956665 5.907104
v -2184.193359 909.869751 5.907104
v -2171.584473 909.869751 5.290527
v -1940.556641 802.713989 121.835083
v -1942.276367 802.713989 86.679810
v -1940.556641 927.785400 121.835083
v -1942.276367 927.785400 86.679810
v -1975.712891 927.785400 123.554565
v -1977.432617 927.785400 88.399292
v -1975.712891 802.713989 123.554565
v -1977.432617 802.713989 88.399292
v -1941.416992 865.249573 104.257324
v -1941.416504 802.713989 104.257446
v -1942.276367 865.249695 86.679810
v -1941.416504 927.785400 104.257446
v -1940.556641 865.249695 121.835083
v -1958.994629 927.785461 105.117188
v -1959.854492 927.785400 87.539551
v -1976.572754 927.785400 105.976929
v -1958.134766 927.785400 122.694824
v -1976.573730 865.249573 105.976807
v -1977.432617 865.249695 88.399292
v -1976.572754 802.713989 105.976929
v -1975.712891 865.249695 123.554565
v -1958.994141 802.713989 105.117188
v -1959.854492 802.713989 87.539551
v -1958.134766 802.713989 122.694824
v -1959.854492 865.249634 87.539429
v -1958.134766 865.249634 122.694824
v -2164.378418 863.419434 136.358032
v -1960.377930 863.419434 126.787720
v -2164.378418 876.719116 136.358032
v -1960.377930 876.719116 126.787720
v -2166.437500 876.719116 93.906006
v -1962.436523 876.719116 84.334717
v -2166.437500 863.419434 93.906006
v -1962.436523 863.419434 84.334717
v -2062.378418 870.069275 131.572632
v -2062.377930 863.419434 131.572876
v -1960.377930 870.069275 126.787720
v -2062.377930 876.719116 131.572876
v -2164.378418 870.069275 136.358032
v -2063.407715 876.719055 110.346558
v -1961.407227 876.719116 105.561157
v -2064.437012 876.719116 89.120361
v -2165.408203 876.719116 115.131958
v -2064.437012 870.069275 89.120483
v -1962.436523 870.069275 84.334717
v -2064.437012 863.419434 89.120361
v -2166.437500 870.069275 93.906006
v -2063.407715 863.419373 110.346558
v -1961.407227 863.419434 105.561157
v -2165.408203 863.419434 115.131958
v -1961.407227 870.069214 105.561157
v -2165.408203 870.069214 115.131958
v -2148.080078 802.713989 130.884399
v -2149.799805 802.713989 95.729126
v -2148.080078 927.785400 130.884399
v -2149.799805 927.785400 95.729126
v -2183.236328 927.785400 132.603882
v -2184.955566 927.785400 97.448608
v -2183.236328 802.713989 132.603882
v -2184.955566 802.713989 97.448608
v -2148.940430 865.249573 113.306519
v -2148.939941 802.713989 113.306763
v -2149.799805 865.249695 95.729126
v -2148.939941 927.785400 113.306763
v -2148.080078 865.249695 130.884399
v -2166.518066 927.785400 114.166626
v -2167.377930 927.785400 96.588867
v -2184.095703 927.785400 115.026245
v -2165.658203 927.785400 131.744141
v -2184.095703 865.249634 115.026123
v -2184.955566 865.249695 97.448608
v -2184.095703 802.713989 115.026245
v -2183.236328 865.249695 132.603882
v -2166.517090 802.714111 114.166748
v -2167.377930 802.713989 96.588867
v -2165.658203 802.713989 131.744141
v -2167.377930 865.249695 96.588867
v -2165.658203 865.249634 131.744141
v -2197.986328 863.419434 -92.838257
v -2188.164062 863.419434 115.465820
v -2197.986328 876.719116 -92.838257
v -2188.164062 876.719116 115.465820
v -2159.763672 876.719116 -94.689209
v -2149.941406 876.719116 113.614868
v -2159.763672 863.419434 -94.689209
v -2149.941406 863.419434 113.614868
v -2193.074707 870.069336 11.313843
v -2193.075195 863.419434 11.313843
v -2188.164062 870.069275 115.465820
v -2193.075195 876.719116 11.313843
v -2197.986328 870.069275 -92.838257
v -2173.963867 876.719177 10.388306
v -2169.052734 876.719116 114.540405
v -2154.852539 876.719116 9.462769
v -2178.875000 876.719116 -93.763794
v -2154.852539 870.069336 9.462769
v -2149.941406 870.069275 113.614868
v -2154.852539 863.419434 9.462769
v -2159.763672 870.069275 -94.689209
v -2173.963867 863.419434 10.388306
v -2169.052734 863.419434 114.540405
v -2178.875000 863.419434 -93.763794
v -2169.052246 870.069336 114.540527
v -2178.874512 870.069336 -93.763794
v -2158.418945 802.713989 -80.487915
v -2160.138184 802.713989 -115.644165
v -2158.418945 927.785400 -80.487915
v -2160.138184 927.785400 -115.644165
v -2193.574219 927.785400 -78.768433
v -2195.293945 927.785400 -113.924683
v -2193.574219 802.713989 -78.768433
v -2195.293945 802.713989 -113.924683
v -2159.278809 865.249695 -98.065918
v -2159.278320 802.713989 -98.066040
v -2160.138184 865.249695 -115.644165
v -2159.278320 927.785400 -98.066040
v -2158.418945 865.249695 -80.487915
v -2176.855957 927.785461 -97.206299
v -2177.715820 927.785400 -114.784424
v -2194.434082 927.785400 -96.346558
v -2175.996582 927.785400 -79.628174
v -2194.434082 865.249634 -96.346802
v -2195.293945 865.249695 -113.924683
v -2194.434082 802.713989 -96.346558
v -2193.574219 865.249695 -78.768433
v -2176.856445 802.713989 -97.206421
v -2177.715820 802.713989 -114.784424
v -2175.996582 802.713989 -79.628174
v -2177.715820 865.249695 -114.784424
v -2175.996582 865.249756 -79.628174
v -1762.751953 579.360718 -243.239136
v -1771.163086 579.360718 -375.836060
v -1762.751953 658.375610 -243.239136
v -1771.163086 658.375610 -375.836060
v -1848.242188 658.375610 -237.815918
v -1856.653320 658.375610 -370.412720
v -1848.242188 579.360718 -237.815918
v -1856.653320 579.360718 -370.412720
v -1763.293945 587.863525 -251.796143
v -1767.515625 587.863525 -318.333984
v -1767.515625 649.872803 -318.333984
v -1763.293945 649.872803 -251.796143
v -1770.009766 587.863525 -251.370239
v -1774.231445 587.863525 -317.908081
v -1774.231445 649.872803 -317.908081
v -1770.009766 649.872803 -251.370239
v -1767.515625 658.375610 -318.333984
v -1853.005859 658.375610 -312.910767
v -1853.005859 579.360718 -312.910767
v -1767.515625 579.360718 -318.333984
v -1771.163086 649.872864 -375.836060
v -1856.653320 649.872864 -370.412720
v -1853.005859 649.872864 -312.910767
v -1848.242188 649.872864 -237.815918
v -1762.751953 649.872864 -243.239136
v -1762.751953 587.863586 -243.239136
v -1848.242188 587.863586 -237.815918
v -1853.005859 587.863586 -312.910767
v -1856.653320 587.863586 -370.412720
v -1771.163086 587.863586 -375.836060
v -1763.293945 658.375610 -251.796143
v -1848.784180 658.375610 -246.372925
v -1848.784180 649.872864 -246.372925
v -1848.784180 587.863586 -246.372925
v -1848.784180 579.360718 -246.372925
v -1763.293945 579.360718 -251.796143
v -1768.377930 658.375610 -331.920532
v -1853.868164 658.375610 -326.497314
v -1853.868164 649.872864 -326.497314
v -1853.868164 587.863586 -326.497314
v -1853.868164 579.360718 -326.497314
v -1768.377930 579.360718 -331.920532
v -1768.377930 587.863586 -331.920532
v -1768.377930 649.872803 -331.920532
v -1855.887695 649.872864 -358.336914
v -1855.887695 658.375610 -358.336914
v -1770.397461 658.375610 -363.760254
v -1770.397461 649.872803 -363.760254
v -1770.397461 587.863586 -363.760254
v -1770.397461 579.360718 -363.760254
v -1855.887695 579.360718 -358.336914
v -1855.887695 587.863586 -358.336914
v -1857.602539 651.161011 -357.252930
v -1857.602539 660.017029 -357.252930
v -1855.705078 651.161011 -327.354248
v -1855.705078 660.017029 -327.354248
v -1766.663086 660.017029 -333.003052
v -1768.559570 660.017029 -362.901855
v -1766.663086 651.160950 -333.003052
v -1768.559570 651.161011 -362.901855
v -1766.663086 586.575439 -333.003052
v -1768.559570 586.575439 -362.901855
v -1766.663086 577.719360 -333.003052
v -1768.559570 577.719360 -362.901855
v -1855.705078 577.719360 -327.354248
v -1857.602539 577.719360 -357.252930
v -1855.705078 586.575439 -327.354248
v -1857.602539 586.575439 -357.252930
v -1788.785156 661.766846 -241.587646
v -1788.785156 649.872864 -241.587646
v -1788.785156 587.863586 -241.587646
v -1788.785156 579.360718 -241.587646
v -1789.328125 579.360718 -250.144653
v -1793.549805 579.360718 -316.682495
v -1794.411133 579.360718 -330.269043
v -1794.118164 577.719360 -331.261353
v -1796.014648 577.719360 -361.160034
v -1796.431641 579.360718 -362.108765
v -1797.197266 579.360718 -374.184570
v -1797.197266 587.863586 -374.184570
v -1797.197266 649.872864 -374.184570
v -1797.197266 661.766846 -374.184570
v -1796.431641 661.766846 -362.108765
v -1796.014648 663.408203 -361.160034
v -1794.118164 663.408203 -331.261353
v -1794.411133 661.766846 -330.269043
v -1793.549805 661.766846 -316.682495
v -1789.328125 661.766846 -250.144653
v -1825.724609 579.360718 -239.244263
v -1825.724609 587.863586 -239.244263
v -1825.724609 649.872864 -239.244263
v -1825.724609 661.766846 -239.244263
v -1826.267578 661.766846 -247.801270
v -1830.488281 661.766846 -314.339111
v -1831.350586 661.766846 -327.925659
v -1832.122070 663.408203 -328.850342
v -1834.018555 663.408203 -358.749023
v -1833.370117 661.766846 -359.765381
v -1834.136719 661.766846 -371.841187
v -1834.136719 649.872864 -371.841187
v -1834.136719 587.863586 -371.841187
v -1834.136719 579.360718 -371.841187
v -1833.370117 579.360718 -359.765381
v -1834.018555 577.719360 -358.749023
v -1832.122070 577.719360 -328.850342
v -1831.350586 579.360718 -327.925659
v -1830.488281 579.360718 -314.339111
v -1826.267578 579.360718 -247.801270
v -1848.242188 636.849121 -237.815918
v -1848.242188 600.887329 -237.815918
v -1825.724609 636.849121 -239.244263
v -1825.724609 600.887329 -239.244263
v -1788.785156 636.849121 -241.587646
v -1788.785156 600.887329 -241.587646
v -1762.751953 600.887329 -243.239136
v -1762.751953 636.849121 -243.239136
v -1836.835938 632.230347 -231.797119
v -1836.835938 605.506104 -231.797119
v -1820.102539 605.506104 -232.858521
v -1820.102539 632.230347 -232.858521
v -1792.652344 605.506104 -234.599976
v -1792.652344 632.230347 -234.599976
v -1773.305664 605.506104 -235.827148
v -1773.305664 632.230347 -235.827148
v -1810.690430 731.223633 17.958618
v -1810.690430 731.223633 -5.827393
v -1827.742676 762.445557 17.959229
v -1827.742676 762.445557 -5.828003
v -1827.742676 731.223633 17.958618
v -1827.742676 731.223633 -5.827393
v -1827.742676 782.063782 -5.828003
v -1827.742676 782.063782 17.959229
v -1778.057617 771.913696 17.958618
v -1778.057617 771.913696 -5.827393
v -1767.895508 782.064087 -5.827393
v -1767.895508 782.064087 17.958618
v -1827.742676 708.711365 17.959229
v -1827.742676 708.711365 -5.828003
v -1819.187500 717.021973 -5.828003
v -1819.187500 717.021973 17.959229
v -1800.952148 767.067017 17.959229
v -1810.690430 752.707581 17.958618
v -1800.952148 767.067017 -5.828003
v -1810.690430 752.707581 -5.827393
v -1793.948730 782.063782 -5.828003
v -1793.948730 782.063782 17.959229
v -1827.742676 752.707581 -5.827393
v -1827.742676 752.707581 17.958618
v -1815.266602 759.711121 -5.827637
v -1819.216797 752.707581 -5.827393
v -1827.742676 757.576538 -5.827759
v -1814.347656 764.756287 -5.828003
v -1805.821289 759.887329 -5.827759
v -1815.266602 759.711121 17.958984
v -1827.742676 757.576538 17.958862
v -1819.216797 752.707581 17.958618
v -1805.821289 759.887329 17.958862
v -1814.347656 764.756287 17.959229
v -1785.404785 775.951599 17.958984
v -1780.921875 782.063965 17.958862
v -1797.450195 774.565430 17.959229
v -1789.504883 769.490356 17.958862
v -1772.976562 776.988892 17.958618
v -1821.741699 722.554504 -5.827637
v -1819.216797 731.223633 -5.827393
v -1814.938965 724.122803 -5.827759
v -1823.464844 712.866699 -5.828003
v -1827.742676 719.967529 -5.827759
v -1821.742188 722.554443 17.958862
v -1819.216797 731.223633 17.958618
v -1827.742676 719.967529 17.958862
v -1823.464844 712.866699 17.959229
v -1814.938965 724.122803 17.958862
v -1785.404297 775.951599 -5.827759
v -1797.450195 774.565430 -5.828003
v -1780.921875 782.063965 -5.827759
v -1772.976562 776.988892 -5.827393
v -1789.504883 769.490356 -5.827759
v -1812.956543 773.962097 -5.828125
v -1827.742676 772.254639 -5.828003
v -1810.845703 782.063782 -5.828003
v -1812.955078 773.962158 17.959229
v -1810.845703 782.063782 17.959229
v -1827.742676 772.254639 17.959229
v -1810.690430 741.965637 6.065674
v -1810.690430 741.965576 -5.827393
v -1810.690430 752.707581 6.065552
v -1810.690430 741.965576 17.958618
v -1810.690430 731.223633 6.065552
v -1805.821289 759.887390 6.065674
v -1800.952148 767.067017 6.065552
v -1789.504395 769.490417 6.065674
v -1778.057617 771.913696 6.065552
v -1772.976562 776.988953 6.065552
v -1767.895508 782.064087 6.065552
v -1780.922363 782.063904 6.065552
v -1793.948730 782.063782 6.065552
v -1810.846191 782.063782 6.065552
v -1827.742676 782.063782 6.065552
v -1827.743164 772.254639 6.065552
v -1827.742676 762.445557 6.065552
v -1827.742676 757.576660 6.065552
v -1827.742676 752.707581 6.065552
v -1827.743164 719.967346 6.065552
v -1827.742676 708.711365 6.065552
v -1827.742676 731.223633 6.065552
v -1823.464844 712.866699 6.065674
v -1819.187500 717.021973 6.065552
v -1814.939453 724.122681 6.065430
v -1819.216797 741.965576 -5.827393
v -1827.742676 741.965576 -5.827393
v -1827.742188 741.965637 6.065674
v -1827.742676 741.965576 17.958618
v -1819.216797 741.965576 17.958496
v -2121.976562 306.765472 205.678833
v -1853.179199 306.765472 190.187622
v -1892.453125 346.955658 192.451172
v -2082.701660 346.955658 203.415283
v -1902.957520 346.955658 10.185547
v -2093.207031 346.955658 21.150024
v -1863.685059 306.765472 7.921997
v -2132.480469 306.765472 23.413330
v -1987.578125 324.097839 197.933350
v -1987.578125 306.765472 197.933228
v -1872.816406 326.860565 191.319458
v -1987.577148 346.955658 197.933228
v -2102.338867 326.860565 204.546997
v -1992.830078 346.955658 106.800415
v -1897.705078 346.955658 101.318359
v -1998.082031 346.955658 15.667847
v -2087.954102 346.955658 112.282593
v -1998.082520 324.097961 15.667847
v -1883.321289 326.860565 9.053833
v -1998.083008 306.765472 15.667603
v -2112.843750 326.860565 22.281616
v -1992.831055 306.765442 106.800537
v -1858.432129 306.765472 99.054810
v -2127.228516 306.765472 114.546021
v -1878.068359 326.860565 100.186890
v -2107.591309 326.860565 113.414551
v -2101.689453 93.530075 205.194946
v -2043.325195 93.530075 201.751465
v -2105.132812 93.530075 146.832031
v -2046.770020 93.530075 143.388428
v -2088.273438 108.222542 190.097290
v -2058.422852 108.222542 188.336060
v -2060.184570 108.222542 158.485962
v -2090.035156 108.222542 160.247192
v -2088.273438 339.335510 190.097290
v -2058.422852 339.335510 188.336060
v -2060.184570 339.335510 158.485962
v -2090.035156 339.335510 160.247192
v -2101.689453 43.537842 205.194946
v -2105.132812 43.537842 146.832031
v -2046.770020 43.537842 143.388428
v -2043.325195 43.537842 201.751465
v -2074.228516 339.335541 174.291626
v -2073.348145 339.335510 189.216675
v -2059.303711 339.335510 173.411011
v -2075.109863 339.335510 159.366577
v -2089.154297 339.335510 175.172241
v -2072.840820 99.359291 197.816895
v -2072.507324 93.530075 203.473267
v -2050.874023 100.876305 195.043823
v -2073.348145 108.222542 189.216675
v -2094.981445 100.876305 197.646118
v -2050.703613 99.359306 172.903809
v -2045.047852 93.530075 172.569946
v -2053.477539 100.876305 150.937134
v -2059.303711 108.222542 173.411011
v -2075.616699 99.359352 150.766602
v -2075.951172 93.530075 145.110229
v -2097.583984 100.876305 153.539673
v -2075.109863 108.222542 159.366577
v -2097.754395 99.359329 175.679932
v -2103.411133 93.530075 176.013550
v -2089.154297 108.222542 175.172241
v -2073.348145 223.779022 189.216675
v -2088.273438 223.779022 190.097290
v -2058.422852 223.779022 188.336060
v -2059.304199 223.779022 173.411133
v -2060.184570 223.779022 158.485962
v -2075.109863 223.779022 159.366699
v -2090.035156 223.779022 160.247192
v -2089.154785 223.779022 175.172241
v -2103.411133 68.533958 176.013550
v -2103.411133 43.537842 176.013550
v -2101.689453 68.533958 205.194946
v -2105.132812 68.533958 146.832031
v -2075.950684 68.533958 145.110229
v -2046.770020 68.533958 143.388428
v -2075.951172 43.537842 145.110229
v -2045.048340 68.533951 172.569946
v -2045.047852 43.537842 172.569946
v -2043.325195 68.533958 201.751465
v -2072.507324 68.533951 203.473022
v -2072.507324 43.537842 203.473267
v -2057.653809 72.427658 61.158081
v -1942.204102 72.427658 55.955200
v -2057.653809 277.910370 61.158081
v -1942.204102 277.910370 55.955200
v -2058.329102 277.910370 46.173706
v -1942.879395 277.910370 40.970825
v -2058.329102 72.427658 46.173706
v -1942.879395 72.427658 40.970825
v -2047.433105 84.061989 60.697388
v -1952.426758 84.061989 56.415894
v -1952.426758 263.985199 56.415894
v -2047.433105 263.985199 60.697388
v -2057.653809 193.897934 61.158081
v -2058.329102 193.897934 46.173706
v -1942.879395 193.897949 40.970825
v -1942.204102 193.897934 55.955200
v -1952.426758 193.897903 56.415894
v -2047.433105 193.897903 60.697388
v -1960.003418 198.990036 52.512573
v -2040.237793 198.990036 56.128418
v -1960.003418 254.624634 52.512573
v -2040.237793 254.624634 56.128418
v -2057.653809 165.386337 61.158081
v -2058.329102 165.386337 46.173706
v -1942.879395 165.386337 40.970825
v -1942.204102 165.386337 55.955200
v -1952.426758 165.386398 56.415894
v -2047.433105 165.386398 60.697388
v -2058.329102 177.041870 46.173706
v -2057.653809 177.041870 61.158081
v -2047.433105 177.041885 60.697388
v -1952.426758 177.041885 56.415894
v -1942.204102 177.041870 55.955200
v -1942.879395 177.041870 40.970825
v -2019.498047 72.427658 59.438477
v -2019.498047 84.061989 59.438477
v -2019.498047 165.386398 59.438477
v -2019.498047 177.041885 59.438477
v -2019.498047 193.897903 59.438477
v -2019.688965 198.990036 55.202271
v -2019.688965 254.624634 55.202271
v -2019.498047 263.985199 59.438477
v -2019.498047 277.910370 59.438477
v -2020.173340 277.910370 44.454224
v -2020.173340 193.897934 44.454224
v -2020.173340 177.041870 44.454224
v -2020.173340 165.386337 44.454224
v -2020.173340 72.427658 44.454224
v -1984.325195 193.897903 57.853394
v -1984.325195 177.041885 57.853394
v -1984.325195 165.386398 57.853394
v -1984.325195 84.061989 57.853394
v -1984.325195 72.427658 57.853394
v -1985.000488 72.427658 42.869141
v -1985.000488 165.386337 42.869141
v -1985.000488 177.041870 42.869141
v -1985.000488 193.897934 42.869141
v -1985.000488 277.910370 42.869141
v -1984.325195 277.910370 57.853394
v -1984.325195 263.985199 57.853394
v -1984.516113 254.624634 53.617310
v -1984.516113 198.990036 53.617310
v -2019.754883 165.386398 53.740601
v -2019.754883 177.041885 53.740601
v -1984.582031 165.386398 52.155640
v -1984.582031 177.041885 52.155640
v -2057.510254 72.427658 64.335449
v -2019.354980 72.427658 62.615967
v -2019.354980 84.061989 62.615967
v -2047.290039 84.061989 63.874878
v -1942.060547 72.427658 59.132690
v -1942.060547 165.386337 59.132690
v -1952.283691 165.386398 59.593384
v -1952.283691 84.061989 59.593384
v -2019.354980 263.985199 62.615967
v -2019.354980 277.910370 62.615967
v -2057.510254 277.910370 64.335449
v -2047.290039 263.985199 63.874878
v -2047.290039 165.386398 63.874878
v -2057.510254 165.386337 64.335449
v -1942.060547 193.897934 59.132690
v -1952.283691 193.897903 59.593384
v -1942.060547 277.910370 59.132690
v -1952.283691 263.985199 59.593384
v -2057.510254 193.897934 64.335449
v -2047.290039 193.897903 63.874878
v -1952.283691 177.041885 59.593384
v -1942.060547 177.041870 59.132690
v -2057.510254 177.041870 64.335449
v -2047.290039 177.041885 63.874878
v -1984.182129 84.061989 61.030884
v -1984.182129 72.427658 61.030884
v -1984.182129 277.910370 61.030884
v -1984.182129 263.985199 61.030884
v -1956.122070 164.750198 64.470947
v -1958.349609 162.521042 64.571411
v -1961.391113 161.705109 64.708374
v -1964.433594 162.521042 64.845581
v -1966.660645 164.750198 64.945801
v -1967.475586 167.795288 64.982544
v -1966.660645 170.840378 64.945801
v -1964.433594 173.069550 64.845459
v -1961.391113 173.885468 64.708374
v -1958.349609 173.069550 64.571289
v -1956.122070 170.840378 64.470947
v -1955.307617 167.795288 64.434204
v -1956.384766 164.750198 58.650146
v -1958.611816 162.521042 58.750610
v -1961.653809 161.705109 58.887573
v -1964.695801 162.521042 59.024780
v -1966.922852 164.750198 59.125122
v -1967.737793 167.795288 59.161743
v -1966.922852 170.840378 59.125122
v -1964.695801 173.069550 59.024780
v -1961.653809 173.885468 58.887573
v -1958.611816 173.069550 58.750610
v -1956.384766 170.840378 58.650146
v -1955.569824 167.795288 58.613403
v -1961.391113 167.795288 64.708374
v -1961.653809 167.795288 58.887573
v -1970.178223 147.805344 60.337402
v -1952.540039 147.805344 59.542603
v -1970.178223 176.458328 60.337402
v -1952.540039 176.458328 59.542603
v -1970.334961 176.458328 56.855469
v -1952.697266 176.458328 56.060669
v -1970.334961 147.805344 56.855469
v -1952.697266 147.805344 56.060669
v -1931.498047 93.530075 196.513306
v -1873.135742 93.530075 193.069702
v -1934.941406 93.530075 138.150269
v -1876.578125 93.530075 134.706665
v -1918.083984 108.222542 181.415527
v -1888.233398 108.222542 179.654297
v -1889.993164 108.222542 149.804199
v -1919.843750 108.222542 151.565552
v -1918.083984 339.335510 181.415527
v -1888.233398 339.335510 179.654297
v -1889.993164 339.335510 149.804199
v -1919.843750 339.335510 151.565552
v -1931.498047 43.537842 196.513306
v -1934.941406 43.537842 138.150269
v -1876.578125 43.537842 134.706665
v -1873.135742 43.537842 193.069702
v -1904.039062 339.335510 165.609985
v -1903.158691 339.335510 180.534912
v -1889.113281 339.335510 164.729248
v -1904.918457 339.335510 150.684937
v -1918.963867 339.335510 166.490601
v -1902.649902 99.359383 189.135254
v -1902.316895 93.530075 194.791504
v -1880.684570 100.876305 186.361938
v -1903.158691 108.222542 180.534912
v -1924.791016 100.876305 188.964478
v -1880.513184 99.359306 164.221924
v -1874.856934 93.530075 163.888184
v -1883.285645 100.876305 142.255493
v -1889.113281 108.222542 164.729248
v -1905.425781 99.359337 142.084839
v -1905.759766 93.530075 136.428467
v -1927.392578 100.876305 144.857910
v -1904.918457 108.222542 150.684937
v -1927.563965 99.359299 166.998047
v -1933.219727 93.530075 167.331787
v -1918.963867 108.222542 166.490601
v -1903.159180 223.779022 180.534912
v -1918.083984 223.779022 181.415527
v -1888.233398 223.779022 179.654297
v -1889.112793 223.779022 164.729248
v -1889.993164 223.779022 149.804199
v -1904.917480 223.779022 150.684937
v -1919.843750 223.779022 151.565552
v -1918.963379 223.779037 166.490479
v -1933.219727 68.533958 167.331787
v -1933.219727 43.537842 167.331787
v -1931.498047 68.533958 196.513306
v -1934.941406 68.533958 138.150269
v -1905.759277 68.533958 136.428467
v -1876.578125 68.533958 134.706665
v -1905.759766 43.537842 136.428467
v -1874.857422 68.533951 163.888184
v -1874.856934 43.537842 163.888184
v -1873.135742 68.533958 193.069702
v -1902.316406 68.533958 194.791504
v -1902.316895 43.537842 194.791504
v -2073.427246 36.371746 102.284424
v -1914.377441 36.371746 93.019043
v -2073.427246 75.836502 102.284424
v -1914.377441 75.836502 93.019043
v -2076.740723 75.836502 45.406982
v -1917.690918 75.836502 36.141602
v -2076.740723 36.371746 45.406982
v -1917.690918 36.371746 36.141602
v -2215.400391 540.528320 33.650391
v -2215.400391 540.528320 45.483887
v -2215.400391 352.598419 33.650391
v -2215.400391 352.598419 45.483887
v -2300.108398 352.598419 33.650391
v -2300.108398 352.598419 45.483887
v -2300.108398 540.528320 33.650391
v -2300.108398 540.528320 45.483887
v -2292.476074 523.597107 45.483887
v -2223.032715 523.597107 45.483887
v -2292.476074 369.529572 45.483887
v -2223.032715 369.529572 45.483887
v -2292.476074 523.597107 33.650391
v -2223.032715 523.597107 33.650391
v -2223.032715 369.529572 33.650391
v -2292.476074 369.529572 33.650391
v -2292.476074 523.597107 41.229248
v -2223.032715 523.597107 41.229248
v -2292.476074 369.529572 41.229248
v -2223.032715 369.529572 41.229248
v -2292.476074 523.597107 37.905151
v -2223.032715 523.597107 37.905151
v -2223.032715 369.529572 37.905151
v -2292.476074 369.529572 37.905151
v -2221.527832 510.574951 42.161499
v -2221.527832 508.869873 43.866455
v -2221.527832 506.540710 44.490479
v -2221.527832 504.211548 43.866455
v -2221.527832 502.506531 42.161499
v -2221.527832 501.882385 39.832031
v -2221.527832 502.506531 37.502563
v -2221.527832 504.211548 35.797607
v -2221.527832 506.540710 35.173584
v -2221.527832 508.869873 35.797607
v -2221.527832 510.574951 37.502563
v -2221.527832 511.199097 39.832031
v -2134.076660 510.574951 42.161499
v -2134.076660 508.869873 43.866455
v -2134.076660 506.540710 44.490479
v -2134.076660 504.211548 43.866455
v -2134.076660 502.506531 42.161499
v -2134.076660 501.882385 39.832031
v -2134.076660 502.506531 37.502563
v -2134.076660 504.211548 35.797607
v -2134.076660 506.540710 35.173584
v -2134.076660 508.869873 35.797607
v -2134.076660 510.574951 37.502563
v -2134.076660 511.199097 39.832031
v -2221.527832 506.540710 39.832031
v -2134.076660 506.540710 39.832031
v -2221.527832 399.644287 42.161499
v -2221.527832 397.939301 43.866455
v -2221.527832 395.610016 44.490479
v -2221.527832 393.280945 43.866455
v -2221.527832 391.575867 42.161499
v -2221.527832 390.951660 39.832031
v -2221.527832 391.575867 37.502563
v -2221.527832 393.280945 35.797607
v -2221.527832 395.610016 35.173584
v -2221.527832 397.939301 35.797607
v -2221.527832 399.644287 37.502563
v -2221.527832 400.268372 39.832031
v -2134.076660 399.644287 42.161499
v -2134.076660 397.939301 43.866455
v -2134.076660 395.610016 44.490479
v -2134.076660 393.280945 43.866455
v -2134.076660 391.575867 42.161499
v -2134.076660 390.951660 39.832031
v -2134.076660 391.575867 37.502563
v -2134.076660 393.280945 35.797607
v -2134.076660 395.610016 35.173584
v -2134.076660 397.939301 35.797607
v -2134.076660 399.644287 37.502563
v -2134.076660 400.268372 39.832031
v -2221.527832 395.610016 39.832031
v -2134.076660 395.610016 39.832031
v -1735.108887 271.649750 -26.876465
v -1735.416504 271.245758 -39.426636
v -1735.335938 271.351349 -36.146362
v -1734.547852 268.165375 -36.063110
v -1808.157715 567.033386 -34.596313
v -1809.172852 569.920837 -43.949585
v -1808.385254 566.734924 -43.866211
v -1808.465332 566.629272 -47.146484
v -1817.687500 564.684692 -34.286865
v -1814.501465 565.469971 -34.390259
v -1815.289551 568.655884 -34.473511
v -1817.995605 564.280945 -46.837036
v -1817.915039 564.386414 -43.556763
v -1818.702637 567.572266 -43.639893
v -1815.516602 568.357483 -43.743408
v -1815.597168 568.251892 -47.023804
v -1814.809570 565.065979 -46.940430
v -1740.665039 266.900360 -26.587158
v -1741.452637 270.086334 -26.670532
v -1744.638672 269.301178 -26.567017
v -1740.972168 266.496368 -39.137451
v -1740.891602 266.601959 -35.857178
v -1744.077637 265.816772 -35.753662
v -1744.865723 269.002686 -35.836914
v -1744.946289 268.897064 -39.117188
v -1741.760254 269.682251 -39.220703
v -1734.320801 268.463837 -26.793213
v -1734.628418 268.059753 -39.343384
v -1808.945801 570.219299 -34.679565
v -1809.253418 569.815247 -47.229736
v -1818.475586 567.870728 -34.370117
v -1818.783203 567.466675 -46.920288
v -1743.850586 266.115234 -26.483765
v -1744.158203 265.711151 -39.033936
v -1842.726074 703.009521 -474.268311
v -1842.726074 705.011047 -476.269531
v -1842.726074 707.745117 -477.002197
v -1842.726074 710.479248 -476.269531
v -1842.726074 712.480713 -474.268311
v -1842.726074 713.213318 -471.533569
v -1842.726074 712.480713 -468.799744
v -1842.726074 710.479248 -466.798523
v -1842.726074 707.745117 -466.065918
v -1842.726074 705.011047 -466.798523
v -1842.726074 703.009521 -468.799744
v -1842.726074 702.276978 -471.533569
v -1367.264648 703.009521 -474.268311
v -1367.264648 705.011047 -476.269531
v -1367.264648 707.745117 -477.002197
v -1367.264648 710.479248 -476.269531
v -1367.264648 712.480713 -474.268311
v -1367.264648 713.213318 -471.533569
v -1367.264648 712.480713 -468.799744
v -1367.264648 710.479248 -466.798523
v -1367.264648 707.745117 -466.065918
v -1367.264648 705.011047 -466.798523
v -1367.264648 703.009521 -468.799744
v -1367.264648 702.276978 -471.533569
v -1367.264648 707.745117 -471.533569
v -1848.083984 698.103943 -477.100830
v -1848.084473 702.178772 -481.174866
v -1848.083496 707.745117 -482.666443
v -1848.083984 713.311523 -481.174866
v -1848.083984 717.386353 -477.100830
v -1848.082520 718.877808 -471.533569
v -1848.083984 717.386353 -465.967224
v -1848.083984 713.311523 -461.892639
v -1848.083496 707.745117 -460.401306
v -1848.084473 702.178772 -461.892639
v -1848.083984 698.103943 -465.967224
v -1848.083984 696.612488 -471.533569
v -1862.796875 698.103882 -477.100830
v -1862.797363 702.178772 -481.174866
v -1862.797363 707.745117 -471.533569
v -1862.797363 707.745117 -482.666443
v -1862.796875 713.311523 -481.174866
v -1862.796875 717.386353 -477.100830
v -1862.796875 718.877808 -471.533569
v -1862.796875 717.386353 -465.967224
v -1862.796875 713.311523 -461.892639
v -1862.797363 707.745117 -460.401306
v -1862.797363 702.178772 -461.892639
v -1862.796875 698.103882 -465.967224
v -1862.797852 696.612427 -471.533569
v -1842.726074 703.009521 -568.084900
v -1842.726074 705.011047 -570.086121
v -1842.726074 707.745117 -570.818787
v -1842.726074 710.479248 -570.086121
v -1842.726074 712.480713 -568.084900
v -1842.726074 713.213318 -565.350159
v -1842.726074 712.480713 -562.616333
v -1842.726074 710.479248 -560.615112
v -1842.726074 707.745117 -559.882507
v -1842.726074 705.011047 -560.615112
v -1842.726074 703.009521 -562.616333
v -1842.726074 702.276978 -565.350159
v -1367.264648 703.009521 -568.084900
v -1367.264648 705.011047 -570.086121
v -1367.264648 707.745117 -570.818787
v -1367.264648 710.479248 -570.086121
v -1367.264648 712.480713 -568.084900
v -1367.264648 713.213318 -565.350159
v -1367.264648 712.480713 -562.616333
v -1367.264648 710.479248 -560.615112
v -1367.264648 707.745117 -559.882507
v -1367.264648 705.011047 -560.615112
v -1367.264648 703.009521 -562.616333
v -1367.264648 702.276978 -565.350159
v -1367.264648 707.745117 -565.350159
v -1848.083984 698.103943 -570.917419
v -1848.084473 702.178772 -574.991455
v -1848.083496 707.745117 -576.483032
v -1848.083984 713.311523 -574.991455
v -1848.083984 717.386353 -570.917419
v -1848.082520 718.877808 -565.350159
v -1848.083984 717.386353 -559.783813
v -1848.083984 713.311523 -555.709229
v -1848.083496 707.745117 -554.217896
v -1848.084473 702.178772 -555.709229
v -1848.083984 698.103943 -559.783813
v -1848.083984 696.612488 -565.350159
v -1862.796875 698.103882 -570.917419
v -1862.797363 702.178772 -574.991455
v -1862.797363 707.745117 -565.350159
v -1862.797363 707.745117 -576.483032
v -1862.796875 713.311523 -574.991455
v -1862.796875 717.386353 -570.917419
v -1862.796875 718.877808 -565.350159
v -1862.796875 717.386353 -559.783813
v -1862.796875 713.311523 -555.709229
v -1862.797363 707.745117 -554.217896
v -1862.797363 702.178772 -555.709229
v -1862.796875 698.103882 -559.783813
v -1862.797852 696.612427 -565.350159
v -1847.839355 735.235718 -630.584534
v -1847.839355 735.235718 -654.370544
v -1864.891602 766.457642 -630.583923
v -1864.891602 766.457642 -654.371155
v -1864.891602 735.235718 -630.584534
v -1864.891602 735.235718 -654.370544
v -1864.891602 786.075867 -654.371155
v -1864.891602 786.075867 -630.583923
v -1815.207031 775.925781 -630.584534
v -1815.207031 775.925781 -654.370544
v -1805.043945 786.076172 -654.370544
v -1805.043945 786.076172 -630.584534
v -1864.891602 712.723450 -630.583923
v -1864.891602 712.723450 -654.371155
v -1856.336914 721.034058 -654.371155
v -1856.336914 721.034058 -630.583923
v -1838.101562 771.079102 -630.583923
v -1847.839355 756.719666 -630.584534
v -1838.101562 771.079102 -654.371155
v -1847.839355 756.719666 -654.370544
v -1831.097656 786.075867 -654.371155
v -1831.097656 786.075867 -630.583923
v -1864.891602 756.719666 -654.370544
v -1864.891602 756.719666 -630.584534
v -1852.415527 763.723145 -654.370911
v -1856.365234 756.719666 -654.370544
v -1864.891602 761.588623 -654.370850
v -1851.496582 768.768372 -654.371155
v -1842.970703 763.899414 -654.370850
v -1852.415527 763.723145 -630.584167
v -1864.891602 761.588623 -630.584229
v -1856.365234 756.719666 -630.584534
v -1842.970703 763.899414 -630.584229
v -1851.496582 768.768372 -630.583923
v -1822.554199 779.963684 -630.584167
v -1818.070801 786.076050 -630.584229
v -1834.599609 778.577515 -630.583923
v -1826.654297 773.502441 -630.584229
v -1810.125488 781.000977 -630.584534
v -1858.891113 726.566589 -654.370789
v -1856.365234 735.235718 -654.370544
v -1852.087891 728.134888 -654.370850
v -1860.614258 716.878784 -654.371155
v -1864.891602 723.979614 -654.370850
v -1858.891113 726.566528 -630.584229
v -1856.365234 735.235718 -630.584534
v -1864.891602 723.979614 -630.584229
v -1860.614258 716.878784 -630.583923
v -1852.087891 728.134888 -630.584229
v -1822.554199 779.963684 -654.370850
v -1834.599609 778.577515 -654.371155
v -1818.070801 786.076050 -654.370850
v -1810.125488 781.000977 -654.370544
v -1826.654297 773.502441 -654.370850
v -1850.104492 777.974365 -654.371155
v -1864.891602 776.266724 -654.371155
v -1847.994629 786.075867 -654.371155
v -1850.104492 777.974243 -630.583923
v -1847.994629 786.075867 -630.583923
v -1864.891602 776.266724 -630.583923
v -1847.839355 745.977661 -642.477539
v -1847.839355 745.977661 -654.370544
v -1847.839355 756.719666 -642.477539
v -1847.839355 745.977661 -630.584534
v -1847.839355 735.235718 -642.477539
v -1842.969727 763.899536 -642.477478
v -1838.101562 771.079102 -642.477539
v -1826.653809 773.502502 -642.477478
v -1815.207031 775.925781 -642.477539
v -1810.125488 781.000977 -642.477539
v -1805.043945 786.076172 -642.477539
v -1818.070312 786.076050 -642.477478
v -1831.097656 786.075867 -642.477539
v -1847.995117 786.075806 -642.477600
v -1864.891602 786.075867 -642.477539
v -1864.892090 776.266724 -642.477539
v -1864.891602 766.457642 -642.477539
v -1864.891113 761.588684 -642.477539
v -1864.891602 756.719666 -642.477539
v -1864.891602 723.979370 -642.477539
v -1864.891602 712.723450 -642.477539
v -1864.891602 735.235718 -642.477539
v -1860.614258 716.878845 -642.477478
v -1856.336914 721.034058 -642.477539
v -1852.087402 728.134888 -642.477478
v -1856.365723 745.977722 -654.370544
v -1864.891602 745.977661 -654.370544
v -1864.891602 745.977661 -642.477539
v -1864.891602 745.977661 -630.584534
v -1856.365234 745.977722 -630.584534
v -1842.726074 703.009521 -661.750305
v -1842.726074 705.011047 -663.751526
v -1842.726074 707.745117 -664.484192
v -1842.726074 710.479248 -663.751526
v -1842.726074 712.480713 -661.750305
v -1842.726074 713.213318 -659.015564
v -1842.726074 712.480713 -656.281738
v -1842.726074 710.479248 -654.280518
v -1842.726074 707.745117 -653.547913
v -1842.726074 705.011047 -654.280518
v -1842.726074 703.009521 -656.281738
v -1842.726074 702.276978 -659.015564
v -1367.264648 703.009521 -661.750305
v -1367.264648 705.011047 -663.751526
v -1367.264648 707.745117 -664.484192
v -1367.264648 710.479248 -663.751526
v -1367.264648 712.480713 -661.750305
v -1367.264648 713.213318 -659.015564
v -1367.264648 712.480713 -656.281738
v -1367.264648 710.479248 -654.280518
v -1367.264648 707.745117 -653.547913
v -1367.264648 705.011047 -654.280518
v -1367.264648 703.009521 -656.281738
v -1367.264648 702.276978 -659.015564
v -1367.264648 707.745117 -659.015564
v -1848.083984 698.103943 -664.582825
v -1848.084473 702.178772 -668.656860
v -1848.083496 707.745117 -670.148438
v -1848.083984 713.311523 -668.656860
v -1848.083984 717.386353 -664.582825
v -1848.082520 718.877808 -659.015564
v -1848.083984 717.386353 -653.449219
v -1848.083984 713.311523 -649.374634
v -1848.083496 707.745117 -647.883301
v -1848.084473 702.178772 -649.374634
v -1848.083984 698.103943 -653.449219
v -1848.083984 696.612488 -659.015564
v -1862.796875 698.103882 -664.582825
v -1862.797363 702.178772 -668.656860
v -1862.797363 707.745117 -659.015564
v -1862.797363 707.745117 -670.148438
v -1862.796875 713.311523 -668.656860
v -1862.796875 717.386353 -664.582825
v -1862.796875 718.877808 -659.015564
v -1862.796875 717.386353 -653.449219
v -1862.796875 713.311523 -649.374634
v -1862.797363 707.745117 -647.883301
v -1862.797363 702.178772 -649.374634
v -1862.796875 698.103882 -653.449219
v -1862.797852 696.612427 -659.015564
v -2060.780762 531.138672 75.082275
v -1922.846191 531.138672 67.566040
v -2060.780762 555.931641 75.082275
v -1922.846191 555.931641 67.566040
v -2063.778809 555.931641 38.281250
v -1925.844238 555.931641 30.765015
v -2063.778809 531.138672 38.281250
v -1925.844238 531.138672 30.765015
v -1991.813477 543.535095 71.324219
v -1991.813477 531.138672 71.324097
v -1922.846191 543.535156 67.566040
v -1991.813477 555.931641 71.324097
v -2060.780762 543.535156 75.082275
v -1993.312500 555.931702 52.923706
v -1924.345215 555.931641 49.165527
v -1994.811523 555.931641 34.523071
v -2062.279785 555.931641 56.681763
v -1994.811035 543.535095 34.523193
v -1925.844238 543.535156 30.765015
v -1994.811523 531.138672 34.523071
v -2063.778809 543.535156 38.281250
v -1993.312500 531.138672 52.923706
v -1924.345215 531.138672 49.165527
v -2062.279785 531.138672 56.681763
v -1924.344727 543.535156 49.165527
v -2062.279785 543.535156 56.681641
v -2049.395020 678.131470 53.815063
v -2049.395020 552.853760 53.815063
v -2033.521484 678.131470 53.236084
v -2033.521484 552.853760 53.236084
v -2034.797852 678.131470 42.832397
v -2034.797852 552.853760 42.832397
v -2050.671875 678.131470 43.411255
v -2050.671875 552.853760 43.411255
v -2041.458496 615.492554 53.525391
v -2049.395020 615.492615 53.815063
v -2041.458008 552.853760 53.525513
v -2033.521484 615.492615 53.236084
v -2041.458008 678.131470 53.525513
v -2034.159668 615.492615 48.034302
v -2034.159668 552.853760 48.034302
v -2034.797852 615.492615 42.832397
v -2034.159668 678.131470 48.034302
v -2042.734375 615.492615 43.121826
v -2042.734863 552.853760 43.121826
v -2050.671875 615.492615 43.411255
v -2042.734863 678.131470 43.121826
v -2050.033691 615.492615 48.613159
v -2050.033203 552.853760 48.613159
v -2050.033203 678.131470 48.613159
v -2042.096680 552.853760 48.323730
v -2042.096191 678.131531 48.323730
v -2065.197266 666.708923 66.766846
v -1924.171875 666.708923 58.943481
v -2065.197266 683.554321 66.766846
v -1924.171875 683.554321 58.943481
v -2066.797363 683.554321 47.025269
v -1925.771484 683.554321 39.201782
v -2066.797363 666.708923 47.025269
v -1925.771484 666.708923 39.201782
v -1994.684570 675.131653 62.855103
v -1994.684570 666.708923 62.855103
v -1924.171875 675.131592 58.943481
v -1994.684570 683.554321 62.855103
v -2065.197266 675.131592 66.766846
v -1995.484375 683.554382 52.984375
v -1924.971680 683.554321 49.072632
v -1996.284180 683.554321 43.113525
v -2065.997070 683.554321 56.896118
v -1996.283691 675.131653 43.113525
v -1925.771484 675.131592 39.201782
v -1996.284180 666.708923 43.113525
v -2066.797363 675.131592 47.025269
v -1995.484375 666.708923 52.984375
v -1924.971680 666.708923 49.072632
v -2065.997070 666.708923 56.896118
v -1924.971680 675.131592 49.072632
v -2065.997559 675.131592 56.895996
v -1951.161133 678.131470 47.947144
v -1951.161133 552.853760 47.947144
v -1937.152344 678.131470 47.368164
v -1937.152344 552.853760 47.368164
v -1938.279785 678.131470 36.964478
v -1938.279785 552.853760 36.964478
v -1952.287109 678.131470 37.543457
v -1952.287109 552.853760 37.543457
v -1944.157227 615.492554 47.657593
v -1951.161133 615.492615 47.947144
v -1944.156738 552.853760 47.657593
v -1937.152344 615.492615 47.368164
v -1944.156738 678.131470 47.657593
v -1937.715820 615.492676 42.166382
v -1937.715820 552.853760 42.166382
v -1938.279785 615.492615 36.964478
v -1937.715820 678.131470 42.166382
v -1945.283203 615.492615 37.254028
v -1945.283203 552.853760 37.254028
v -1952.287109 615.492615 37.543457
v -1945.283203 678.131470 37.254028
v -1951.724609 615.492615 42.745239
v -1951.724121 552.853760 42.745239
v -1951.724121 678.131470 42.745239
v -1944.719727 552.853760 42.456055
v -1944.719727 678.131531 42.456055
vt 0.678263 0.482829
vt 0.678155 0.482829
vt 0.677160 0.482829
vt 0.677276 0.482829
vt 0.677160 0.475954
vt 0.677276 0.475954
vt 0.678155 0.475954
vt 0.678263 0.475954
vt 0.678263 0.482829
vt 0.678155 0.482829
vt 0.677160 0.482829
vt 0.677276 0.482829
vt 0.677160 0.475954
vt 0.677276 0.475954
vt 0.678155 0.475954
vt 0.678263 0.475954
vt 0.810237 0.184423
vt 0.810583 0.183876
vt 0.809368 0.183577
vt 0.809430 0.184261
vt 0.810241 0.184113
vt 0.809598 0.183953
vt 0.810448 0.184504
vt 0.810103 0.338319
vt 0.809903 0.337982
vt 0.810686 0.184816
vt 0.810480 0.184424
vt 0.808888 0.185517
vt 0.809260 0.185321
vt 0.810141 0.338295
vt 0.810851 0.184229
vt 0.809636 0.183929
vt 0.809836 0.184266
vt 0.810495 0.184761
vt 0.809688 0.184599
vt 0.810371 0.338671
vt 0.809156 0.185869
vt 0.809499 0.185633
vt 0.809470 0.184517
vt 0.809233 0.184204
vt 0.812140 0.176727
vt 0.812486 0.176181
vt 0.811271 0.175882
vt 0.811333 0.176566
vt 0.812144 0.176418
vt 0.811501 0.176258
vt 0.812351 0.176809
vt 0.812006 0.330624
vt 0.811806 0.330286
vt 0.812589 0.177121
vt 0.812383 0.176729
vt 0.810791 0.177822
vt 0.811163 0.177626
vt 0.812044 0.330600
vt 0.812754 0.176534
vt 0.811539 0.176234
vt 0.811739 0.176571
vt 0.812398 0.177066
vt 0.811591 0.176904
vt 0.812275 0.330976
vt 0.811059 0.178174
vt 0.811402 0.177938
vt 0.811374 0.176822
vt 0.811136 0.176509
vt 0.814034 0.169066
vt 0.814381 0.168519
vt 0.813166 0.168220
vt 0.813228 0.168904
vt 0.814039 0.168756
vt 0.813396 0.168596
vt 0.814246 0.169147
vt 0.813901 0.322962
vt 0.813701 0.322625
vt 0.814483 0.169459
vt 0.814277 0.169068
vt 0.812686 0.170160
vt 0.813057 0.169965
vt 0.813939 0.322938
vt 0.814649 0.168872
vt 0.813434 0.168572
vt 0.813634 0.168910
vt 0.814292 0.169405
vt 0.813486 0.169242
vt 0.814169 0.323314
vt 0.812954 0.170513
vt 0.813296 0.170276
vt 0.813268 0.169160
vt 0.813031 0.168848
vt 0.816114 0.160650
vt 0.816464 0.160095
vt 0.815249 0.159796
vt 0.815312 0.160470
vt 0.816122 0.160332
vt 0.815479 0.160172
vt 0.816329 0.160723
vt 0.815984 0.314538
vt 0.815784 0.314201
vt 0.816567 0.161035
vt 0.816361 0.160643
vt 0.814769 0.161736
vt 0.815141 0.161540
vt 0.816022 0.314514
vt 0.816732 0.160448
vt 0.815517 0.160148
vt 0.815718 0.160485
vt 0.816378 0.160975
vt 0.815568 0.160825
vt 0.816253 0.314890
vt 0.815380 0.161852
vt 0.815037 0.162088
vt 0.815352 0.160736
vt 0.815114 0.160423
vt 0.818938 0.146261
vt 0.818978 0.146044
vt 0.819908 0.146511
vt 0.820203 0.146362
vt 0.818842 0.146677
vt 0.819744 0.146888
vt 0.820038 0.146949
vt 0.820145 0.298787
vt 0.819702 0.299330
vt 0.805816 0.203210
vt 0.804914 0.202996
vt 0.806108 0.203274
vt 0.818890 0.146196
vt 0.818785 0.146594
vt 0.805772 0.355655
vt 0.804856 0.202919
vt 0.804809 0.203395
vt 0.805974 0.203902
vt 0.804749 0.203584
vt 0.805789 0.203602
vt 0.805915 0.356327
vt 0.804761 0.203331
vt 0.804600 0.202909
vt 0.818528 0.146589
vt 0.804292 0.202824
vt 0.818221 0.146502
vt 0.804421 0.203264
vt 0.804098 0.203377
vt 0.804556 0.202852
vt 0.818485 0.146528
vt 0.818540 0.146174
vt 0.818328 0.145837
vt 0.804156 0.203454
vt 0.818386 0.145914
vt 0.818034 0.152886
vt 0.818384 0.152331
vt 0.817169 0.152031
vt 0.817232 0.152706
vt 0.818042 0.152567
vt 0.817399 0.152407
vt 0.818249 0.152958
vt 0.817905 0.306773
vt 0.817704 0.306436
vt 0.818487 0.153270
vt 0.818281 0.152879
vt 0.816689 0.153971
vt 0.817061 0.153776
vt 0.817943 0.306749
vt 0.818653 0.152683
vt 0.817437 0.152384
vt 0.817638 0.152721
vt 0.818299 0.153210
vt 0.817488 0.153060
vt 0.818173 0.307126
vt 0.816958 0.154324
vt 0.817300 0.154087
vt 0.817272 0.152971
vt 0.817034 0.152659
vt 0.806722 0.198640
vt 0.807065 0.198100
vt 0.805850 0.197801
vt 0.805912 0.198491
vt 0.806723 0.198337
vt 0.806080 0.198177
vt 0.806930 0.198728
vt 0.806586 0.352542
vt 0.806385 0.352205
vt 0.807168 0.199040
vt 0.806962 0.198648
vt 0.805370 0.199741
vt 0.805742 0.199545
vt 0.806624 0.352519
vt 0.807334 0.198453
vt 0.806118 0.198153
vt 0.806319 0.198490
vt 0.806980 0.198979
vt 0.806170 0.198829
vt 0.806854 0.352895
vt 0.805639 0.200093
vt 0.805981 0.199857
vt 0.805953 0.198740
vt 0.805715 0.198428
vt 0.808509 0.191404
vt 0.808859 0.190849
vt 0.807644 0.190549
vt 0.807707 0.191224
vt 0.808517 0.191085
vt 0.807874 0.190925
vt 0.808724 0.191476
vt 0.808379 0.345291
vt 0.808178 0.344954
vt 0.808961 0.191788
vt 0.808752 0.191397
vt 0.807164 0.192489
vt 0.807535 0.192294
vt 0.808417 0.345267
vt 0.809127 0.191201
vt 0.807912 0.190902
vt 0.808112 0.191237
vt 0.808762 0.191752
vt 0.807965 0.191552
vt 0.808647 0.345644
vt 0.807774 0.192605
vt 0.807432 0.192842
vt 0.807746 0.191489
vt 0.807509 0.191177
vt 0.830104 0.254564
vt 0.829996 0.254564
vt 0.829953 0.256465
vt 0.830147 0.256465
vt 0.811630 0.256465
vt 0.811824 0.256465
vt 0.811673 0.254564
vt 0.811780 0.254564
vt 0.825634 0.196257
vt 0.825526 0.196257
vt 0.825232 0.196868
vt 0.825334 0.196868
vt 0.816143 0.191728
vt 0.816246 0.191728
vt 0.816437 0.191116
vt 0.816545 0.191116
vt 0.830104 0.254564
vt 0.829997 0.254564
vt 0.829953 0.256465
vt 0.830147 0.256465
vt 0.811630 0.256465
vt 0.811823 0.256465
vt 0.811673 0.254564
vt 0.811780 0.254564
vt 0.825634 0.196257
vt 0.825526 0.196257
vt 0.825232 0.196868
vt 0.825334 0.196868
vt 0.816143 0.191728
vt 0.816245 0.191728
vt 0.816437 0.191116
vt 0.816545 0.191116
vt 0.676136 0.277113
vt 0.676210 0.278873
vt 0.678727 0.278873
vt 0.678653 0.277113
vt 0.676322 0.280048
vt 0.678839 0.280048
vt 0.676453 0.280461
vt 0.678970 0.280461
vt 0.676584 0.280048
vt 0.679102 0.280048
vt 0.676696 0.278873
vt 0.679213 0.278873
vt 0.676770 0.277113
vt 0.679287 0.277113
vt 0.676796 0.275037
vt 0.679314 0.275037
vt 0.676770 0.272962
vt 0.679287 0.272962
vt 0.676696 0.271202
vt 0.679213 0.271202
vt 0.676584 0.270026
vt 0.679102 0.270026
vt 0.676453 0.269613
vt 0.678970 0.269613
vt 0.676322 0.270026
vt 0.678839 0.270026
vt 0.676210 0.271202
vt 0.678727 0.271202
vt 0.676136 0.272962
vt 0.678653 0.272962
vt 0.676109 0.275037
vt 0.678627 0.275037
vt 0.676453 0.275037
vt 0.678970 0.122698
vt -0.820123 0.553481
vt -0.820123 0.355705
vt -0.815800 0.314023
vt -0.815800 0.511799
vt -0.948407 0.117757
vt -0.947958 0.117757
vt -0.946653 0.117757
vt -0.947101 0.117757
vt -0.821147 0.553481
vt -0.821147 0.751257
vt -0.816825 0.709575
vt -0.816825 0.511799
vt -0.811478 0.553481
vt -0.811478 0.355705
vt -0.811990 0.314023
vt -0.811990 0.511799
vt -0.821147 0.355705
vt -0.820635 0.314023
vt -0.820635 0.511799
vt -0.304801 0.171518
vt -0.304827 0.173167
vt -0.305250 0.131485
vt -0.305248 0.129764
vt -0.304907 0.171518
vt -0.304927 0.173167
vt -0.304877 0.131485
vt -0.304853 0.129727
vt -0.324828 0.178494
vt -0.324828 0.177399
vt -0.324210 0.135716
vt -0.324210 0.136811
vt -0.324828 0.179589
vt -0.319287 0.137907
vt -0.319287 0.136811
vt -0.312509 0.178494
vt -0.312509 0.177399
vt -0.313127 0.135716
vt -0.313127 0.136811
vt -0.323592 0.178494
vt -0.323592 0.135716
vt -0.318050 0.135716
vt -0.318050 0.178494
vt -0.324328 0.178021
vt -0.323828 0.178643
vt -0.323316 0.136961
vt -0.323801 0.136286
vt -0.305724 0.131485
vt -0.305774 0.173167
vt -0.305799 0.171518
vt -0.305748 0.129727
vt -0.305350 0.131485
vt -0.305352 0.129764
vt -0.314464 0.178021
vt -0.315183 0.178643
vt -0.319506 0.136961
vt -0.319320 0.136276
vt -0.313334 0.178021
vt -0.314159 0.178643
vt -0.314671 0.136961
vt -0.313834 0.136287
vt -0.323198 0.136339
vt -0.322804 0.136961
vt -0.318481 0.136961
vt -0.318168 0.136276
vt -0.948855 0.181079
vt -0.948855 0.193649
vt -0.948407 0.193649
vt -0.948407 0.181079
vt -0.947550 0.168510
vt -0.946244 0.168510
vt -0.946244 0.181079
vt -0.947550 0.181079
vt -0.940396 0.222762
vt -0.940396 0.193649
vt -0.940844 0.193649
vt -0.940844 0.222762
vt -0.947958 0.181079
vt -0.947958 0.193649
vt -0.946653 0.193649
vt -0.946653 0.181079
vt -0.947550 0.193649
vt -0.947101 0.193649
vt -0.313201 0.300724
vt -0.313154 0.300724
vt -0.312243 0.300724
vt -0.312290 0.300724
vt -0.304955 0.231183
vt -0.304912 0.178787
vt -0.304953 0.137105
vt -0.304989 0.185065
vt -0.305028 0.231183
vt -0.304994 0.178787
vt -0.305341 0.137105
vt -0.305337 0.184951
vt -0.305645 0.231183
vt -0.305688 0.178787
vt -0.305647 0.137105
vt -0.305612 0.185065
vt -0.305268 0.283579
vt -0.305538 0.283579
vt -0.305572 0.189500
vt -0.305263 0.184951
vt -0.305913 0.199236
vt -0.305913 0.165031
vt -0.305848 0.123349
vt -0.305848 0.157554
vt -0.305913 0.233441
vt -0.305365 0.233441
vt -0.305365 0.157554
vt -0.304688 0.199236
vt -0.304688 0.165031
vt -0.304753 0.123349
vt -0.304753 0.157554
vt -0.305783 0.157554
vt -0.305783 0.123349
vt -0.305235 0.123349
vt -0.305235 0.157554
vt -0.826152 0.642443
vt -0.826152 0.640431
vt -0.826048 0.598748
vt -0.826048 0.600761
vt -0.825944 0.600761
vt -0.825944 0.598748
vt -0.825014 0.598748
vt -0.825014 0.600760
vt -0.824085 0.642443
vt -0.824085 0.640431
vt -0.824189 0.598748
vt -0.824189 0.600761
vt -0.826152 0.644455
vt -0.825222 0.644455
vt -0.825222 0.600761
vt -0.826118 0.595799
vt -0.826084 0.551168
vt -0.825987 0.509486
vt -0.826018 0.555640
vt -0.825917 0.558003
vt -0.825890 0.513234
vt -0.825987 0.513234
vt -0.826018 0.559531
vt -0.825917 0.554117
vt -0.825890 0.509486
vt -0.825021 0.509486
vt -0.825018 0.555503
vt -0.824169 0.599685
vt -0.824254 0.554916
vt -0.825072 0.513234
vt -0.825026 0.560589
vt -0.824118 0.595799
vt -0.824152 0.551168
vt -0.824249 0.509486
vt -0.824218 0.555640
vt -0.824370 0.599685
vt -0.824448 0.554916
vt -0.824351 0.513234
vt -0.824267 0.559505
vt -0.826118 0.599685
vt -0.826084 0.554916
vt -0.825266 0.513234
vt -0.825229 0.560594
vt -0.824319 0.595799
vt -0.824346 0.551168
vt -0.825215 0.509486
vt -0.825219 0.555503
vt -0.304999 0.283579
vt -0.305017 0.283579
vt -0.305286 0.241896
vt -0.313889 0.266655
vt -0.314074 0.325785
vt -0.312194 0.284103
vt -0.312203 0.268376
vt -0.310519 0.266655
vt -0.310314 0.325785
vt -0.310409 0.325785
vt -0.310585 0.268362
vt -0.310690 0.266655
vt -0.310505 0.325785
vt -0.312385 0.325785
vt -0.312376 0.268376
vt -0.314061 0.266655
vt -0.314266 0.325785
vt -0.314170 0.325785
vt -0.313994 0.268362
vt -0.313429 0.274966
vt -0.313704 0.249208
vt -0.312214 0.249208
vt -0.312227 0.271469
vt -0.311028 0.274966
vt -0.310724 0.249208
vt -0.310800 0.249208
vt -0.311051 0.271551
vt -0.311150 0.274966
vt -0.310875 0.249208
vt -0.312365 0.249208
vt -0.312352 0.271469
vt -0.313551 0.274966
vt -0.313856 0.249208
vt -0.313780 0.249208
vt -0.313529 0.271551
vt -1.829109 0.883504
vt -1.829109 0.845409
vt -1.828597 0.803727
vt -1.828597 0.841822
vt -1.829109 0.921599
vt -1.824786 0.879917
vt -1.824786 0.841822
vt -1.819439 0.883504
vt -1.819439 0.845409
vt -1.819952 0.803727
vt -1.819952 0.841822
vt -1.823762 0.879917
vt -1.828084 0.921599
vt -1.826528 0.841822
vt -1.823762 0.853850
vt -0.825968 0.543995
vt -0.825968 0.463563
vt -0.825878 0.421881
vt -0.825878 0.502313
vt -0.825788 0.543995
vt -0.825788 0.463563
vt -0.825028 0.421881
vt -0.825028 0.502312
vt -0.824268 0.543995
vt -0.824268 0.463563
vt -0.824358 0.421881
vt -0.824358 0.502313
vt -0.825968 0.624427
vt -0.825208 0.624427
vt -0.825208 0.502313
vt -1.829109 0.738033
vt -1.829109 0.706847
vt -1.828597 0.665165
vt -1.828596 0.696351
vt -1.819439 0.738033
vt -1.819439 0.706847
vt -1.819952 0.665165
vt -1.819951 0.696351
vt -1.829109 0.769219
vt -1.824786 0.727537
vt -1.824786 0.696351
vt -1.829109 0.807314
vt -1.828597 0.727537
vt -1.828597 0.765632
vt -1.820995 0.803727
vt -1.822552 0.803727
vt -1.822552 0.765632
vt -1.820995 0.765632
vt -1.819439 0.807314
vt -1.819439 0.769219
vt -1.819952 0.727537
vt -1.819951 0.765632
vt -1.824786 0.803727
vt -1.824786 0.765632
vt -1.828084 0.883504
vt -1.828084 0.845409
vt -1.826528 0.803727
vt -1.826976 0.830464
vt -1.819439 0.921599
vt -1.820995 0.841822
vt -1.820548 0.830463
vt -1.828084 0.807314
vt -1.828084 0.769219
vt -1.826528 0.727537
vt -1.826528 0.765632
vt -1.828084 0.738033
vt -1.828084 0.706847
vt -1.826528 0.696351
vt -1.826929 0.706530
vt -1.823762 0.665165
vt -1.823762 0.686132
vt -1.820995 0.727537
vt -1.822552 0.727537
vt -1.820995 0.696351
vt -1.820594 0.706530
vt -0.948855 0.130965
vt -0.948855 0.144172
vt -0.948407 0.144172
vt -0.948407 0.130965
vt -0.947550 0.117757
vt -0.946244 0.117757
vt -0.946244 0.130965
vt -0.947550 0.130965
vt -0.940396 0.130965
vt -0.940396 0.144172
vt -0.940844 0.144172
vt -0.940844 0.130965
vt -0.947958 0.130965
vt -0.947958 0.144172
vt -0.946653 0.144172
vt -0.946653 0.130965
vt -0.948855 0.156341
vt -0.948855 0.168510
vt -0.948407 0.168510
vt -0.948407 0.156341
vt -0.947550 0.144172
vt -0.946244 0.144172
vt -0.946244 0.156341
vt -0.947550 0.156341
vt -0.940396 0.156341
vt -0.940396 0.168510
vt -0.940844 0.168510
vt -0.940844 0.156341
vt -0.947958 0.156341
vt -0.947958 0.168510
vt -0.946653 0.168510
vt -0.946653 0.156341
vt -0.942611 0.117757
vt -0.943929 0.117757
vt -0.943481 0.117757
vt -0.942163 0.117757
vt -0.941292 0.130965
vt -0.941292 0.144172
vt -0.942611 0.144172
vt -0.942611 0.130965
vt -0.941292 0.156341
vt -0.941292 0.168510
vt -0.942611 0.168510
vt -0.942611 0.156341
vt -0.941292 0.181079
vt -0.941292 0.193649
vt -0.942611 0.193649
vt -0.942611 0.181079
vt -0.941714 0.193649
vt -0.943033 0.193649
vt -0.943481 0.193649
vt -0.942163 0.193649
vt -0.941714 0.168510
vt -0.943033 0.168510
vt -0.943033 0.181079
vt -0.941714 0.181079
vt -0.941714 0.144172
vt -0.943033 0.144172
vt -0.943033 0.156341
vt -0.941714 0.156341
vt -0.941714 0.117757
vt -0.943033 0.117757
vt -0.943033 0.130965
vt -0.941714 0.130965
vt -0.944190 0.193649
vt -0.945347 0.193649
vt -0.945796 0.193649
vt -0.944638 0.193649
vt -0.945087 0.168510
vt -0.943929 0.168510
vt -0.943929 0.181079
vt -0.945087 0.181079
vt -0.945087 0.144172
vt -0.943929 0.144172
vt -0.943929 0.198023
vt -0.945087 0.198023
vt -0.945087 0.117757
vt -0.943929 0.130965
vt -0.945087 0.130965
vt -0.945796 0.117757
vt -0.944638 0.117757
vt -0.944190 0.117757
vt -0.945347 0.117757
vt -0.945347 0.130965
vt -0.944190 0.130965
vt -0.944190 0.168510
vt -0.945347 0.168510
vt -0.945347 0.181079
vt -0.944190 0.181079
vt -1.822616 0.725823
vt -1.822619 0.765521
vt -1.822616 0.805250
vt -1.823762 0.803727
vt -1.823797 0.805224
vt -1.824984 0.805250
vt -1.824972 0.803727
vt -1.824972 0.765632
vt -1.824985 0.765520
vt -1.824984 0.725823
vt -1.824972 0.727537
vt -1.823762 0.727537
vt -1.823797 0.725852
vt -0.825922 0.463776
vt -0.825876 0.463989
vt -0.825796 0.422307
vt -0.825839 0.422083
vt -0.825752 0.547722
vt -0.825715 0.471018
vt -0.825796 0.429335
vt -0.825839 0.510166
vt -0.825752 0.463776
vt -0.825715 0.463989
vt -0.825037 0.422307
vt -0.825032 0.422083
vt -0.824314 0.547722
vt -0.824360 0.471018
vt -0.825037 0.429335
vt -0.825032 0.509912
vt -0.824314 0.463776
vt -0.824360 0.463989
vt -0.824440 0.422307
vt -0.824397 0.422082
vt -0.824484 0.547722
vt -0.824520 0.471018
vt -0.824440 0.429335
vt -0.824397 0.510166
vt -0.825922 0.547722
vt -0.825876 0.471018
vt -0.825198 0.429335
vt -0.825203 0.509912
vt -0.824484 0.463776
vt -0.824520 0.463989
vt -0.825198 0.422307
vt -0.825203 0.422083
vt -0.304732 0.201655
vt -0.304776 0.169870
vt -0.305245 0.128187
vt -0.305239 0.162096
vt -0.304852 0.201655
vt -0.304887 0.169870
vt -0.304831 0.128187
vt -0.304790 0.161882
vt -0.305869 0.201655
vt -0.305824 0.169870
vt -0.305356 0.128187
vt -0.305361 0.162096
vt -0.305748 0.159973
vt -0.305713 0.128187
vt -0.305769 0.128187
vt -0.305811 0.161882
vt -0.304869 0.175977
vt -0.305259 0.137105
vt -0.305254 0.134069
vt -0.304961 0.175977
vt -0.305346 0.134069
vt -0.304912 0.134065
vt -0.305673 0.131485
vt -0.305640 0.134295
vt -0.305688 0.134065
vt -0.811478 0.751257
vt -0.815800 0.709575
vt -0.820123 0.751257
vt -0.948855 0.117757
vt -0.812502 0.751257
vt -0.812502 0.553481
vt -0.812502 0.355705
vt -0.816825 0.314023
vt -0.811990 0.709575
vt -0.820635 0.709575
vt -0.305693 0.129836
vt -0.323592 0.137907
vt -0.324210 0.137907
vt -0.313745 0.179589
vt -0.313745 0.178494
vt -0.313745 0.177399
vt -0.319287 0.135716
vt -0.313127 0.137907
vt -0.312509 0.179589
vt -0.318050 0.137907
vt -0.946244 0.193649
vt -0.311332 0.300724
vt -0.311378 0.300724
vt -0.311425 0.300724
vt -0.312336 0.300724
vt -0.313247 0.300724
vt -0.305063 0.283579
vt -0.305049 0.283579
vt -0.305035 0.283579
vt -0.305602 0.283579
vt -0.305332 0.283579
vt -0.305606 0.137105
vt -0.305556 0.283579
vt -0.305574 0.283579
vt -0.305588 0.283579
vt -0.305783 0.233441
vt -0.305848 0.233441
vt -0.304817 0.233441
vt -0.304817 0.199236
vt -0.304817 0.165031
vt -0.305365 0.123349
vt -0.304753 0.233441
vt -0.304688 0.233441
vt -0.305235 0.233441
vt -0.825944 0.644455
vt -0.826048 0.644455
vt -0.824085 0.644455
vt -0.825014 0.644455
vt -0.824293 0.640431
vt -0.824293 0.642443
vt -0.824293 0.644455
vt -0.824189 0.644455
vt -0.825222 0.598748
vt -0.305305 0.241896
vt -1.828597 0.879917
vt -1.820464 0.921599
vt -1.820464 0.883504
vt -1.820464 0.845409
vt -1.819952 0.879917
vt -0.825788 0.624427
vt -0.825878 0.624427
vt -0.824268 0.624427
vt -0.825028 0.624427
vt -0.824448 0.463563
vt -0.824448 0.543995
vt -0.824448 0.624427
vt -0.824358 0.624427
vt -0.825208 0.421881
vt -1.820464 0.706847
vt -1.820464 0.738033
vt -1.820464 0.769219
vt -1.824786 0.665165
vt -1.820464 0.807314
vt -0.941292 0.117757
vt -0.940844 0.117757
vt -0.940396 0.117757
vt -0.945347 0.144172
vt -0.945347 0.156341
vt -0.943929 0.193649
vt -0.945087 0.193649
vt -0.944190 0.144172
vt -1.822681 0.806773
vt -1.822681 0.765441
vt -1.822681 0.724110
vt -1.824996 0.806773
vt -1.823839 0.806773
vt -1.824996 0.724110
vt -1.824996 0.765441
vt -1.823839 0.724110
vt -0.305731 0.175977
vt -0.299364 0.389797
vt -0.299364 0.333360
vt -0.299442 0.333360
vt -0.299442 0.389797
vt -0.312983 0.487916
vt -0.299364 0.487916
vt -0.299442 0.446233
vt -0.313061 0.446233
vt -0.330124 0.389797
vt -0.330124 0.487916
vt -0.330202 0.487916
vt -0.330202 0.389797
vt -0.312983 0.333360
vt -0.326602 0.333360
vt -0.326681 0.333360
vt -0.313061 0.333360
vt -0.299521 0.389797
vt -0.299521 0.333360
vt -0.313140 0.333360
vt -0.313140 0.389797
vt -0.326602 0.487916
vt -0.326602 0.389797
vt -0.312983 0.389797
vt -0.330124 0.333360
vt -0.328363 0.333360
vt -0.328363 0.389797
vt -0.330202 0.333360
vt -0.328441 0.333360
vt -0.329858 0.446233
vt -0.328097 0.446233
vt -0.328097 0.389797
vt -0.329858 0.389797
vt -0.328363 0.487916
vt -0.326681 0.446233
vt -0.328441 0.446233
vt -0.327428 0.446233
vt -0.326759 0.446233
vt -0.326759 0.389797
vt -0.327428 0.389797
vt -0.327428 0.333360
vt -0.326759 0.333360
vt -0.328520 0.333360
vt -0.329189 0.333360
vt -0.330950 0.333360
vt -0.330281 0.333360
vt -0.330281 0.389797
vt -0.330950 0.389797
vt -0.330950 0.487916
vt -0.330281 0.487916
vt -0.328520 0.446233
vt -0.329189 0.446233
vt -0.299521 0.446233
vt -0.313140 0.446233
vt -0.328097 0.333360
vt -0.329858 0.333360
vt -0.331618 0.333360
vt -0.331618 0.389797
vt -0.331618 0.487916
vt -0.662142 0.351080
vt -0.662142 0.339155
vt -0.662306 0.339155
vt -0.662306 0.351080
vt -0.665494 0.404686
vt -0.662142 0.404686
vt -0.662306 0.363004
vt -0.665658 0.363004
vt -0.668845 0.351080
vt -0.668845 0.404686
vt -0.669009 0.363004
vt -0.669009 0.351080
vt -0.665494 0.339155
vt -0.668845 0.339155
vt -0.669009 0.339155
vt -0.665658 0.339155
vt -0.662470 0.351080
vt -0.662470 0.339155
vt -0.665821 0.339155
vt -0.665821 0.351080
vt -0.665494 0.351080
vt -0.662470 0.363004
vt -0.665821 0.363004
vt -0.669173 0.363004
vt -0.669173 0.351080
vt -0.669173 0.339155
vt -0.695616 0.351999
vt -0.695616 0.350731
vt -0.676166 0.350731
vt -0.676166 0.351999
vt -0.695813 0.353267
vt -0.695616 0.394949
vt -0.676166 0.394949
vt -0.676363 0.353267
vt -0.696009 0.351999
vt -0.696009 0.353267
vt -0.676559 0.353267
vt -0.676559 0.351999
vt -0.695813 0.350731
vt -0.696009 0.350731
vt -0.676559 0.350731
vt -0.676363 0.350731
vt -0.656717 0.351999
vt -0.656717 0.350731
vt -0.656913 0.350731
vt -0.656913 0.351999
vt -0.695813 0.351999
vt -0.656717 0.394949
vt -0.656913 0.353267
vt -0.657109 0.353267
vt -0.657109 0.351999
vt -0.657109 0.350731
vt -0.701713 0.351080
vt -0.701713 0.339155
vt -0.701877 0.339155
vt -0.701877 0.351080
vt -0.705065 0.404686
vt -0.701713 0.404686
vt -0.701877 0.363004
vt -0.705229 0.363004
vt -0.708417 0.351080
vt -0.708417 0.404686
vt -0.708581 0.363004
vt -0.708581 0.351080
vt -0.705065 0.339155
vt -0.708417 0.339155
vt -0.708581 0.339155
vt -0.705229 0.339155
vt -0.702041 0.351080
vt -0.702041 0.339155
vt -0.705393 0.339155
vt -0.705393 0.351080
vt -0.705065 0.351080
vt -0.702041 0.363004
vt -0.705393 0.363004
vt -0.708744 0.363004
vt -0.708744 0.351080
vt -0.708744 0.339155
vt -0.702025 0.351999
vt -0.702025 0.350731
vt -0.701088 0.350731
vt -0.701088 0.351999
vt -0.698380 0.353267
vt -0.702025 0.394949
vt -0.701088 0.394949
vt -0.697444 0.353267
vt -0.694736 0.351999
vt -0.694736 0.353267
vt -0.693800 0.353267
vt -0.693800 0.351999
vt -0.698380 0.350731
vt -0.694736 0.350731
vt -0.693800 0.350731
vt -0.697444 0.350731
vt -0.700152 0.351999
vt -0.700152 0.350731
vt -0.696508 0.350731
vt -0.696508 0.351999
vt -0.698381 0.351999
vt -0.700152 0.394949
vt -0.696508 0.353267
vt -0.692863 0.353267
vt -0.692863 0.351999
vt -0.692863 0.350731
vt -0.703684 0.351080
vt -0.703684 0.339155
vt -0.703848 0.339155
vt -0.703848 0.351080
vt -0.707036 0.363004
vt -0.703684 0.363004
vt -0.703848 0.363004
vt -0.707200 0.363004
vt -0.710388 0.351080
vt -0.710388 0.404686
vt -0.710552 0.404686
vt -0.710552 0.351080
vt -0.707036 0.339155
vt -0.710388 0.339155
vt -0.710552 0.339155
vt -0.707200 0.339155
vt -0.704012 0.351080
vt -0.704012 0.339155
vt -0.707364 0.339155
vt -0.707364 0.351080
vt -0.707036 0.351080
vt -0.704012 0.363004
vt -0.707364 0.363004
vt -0.710716 0.404686
vt -0.710716 0.351080
vt -0.710716 0.339155
vt 0.685371 0.304799
vt 0.684566 0.304799
vt 0.684566 0.316623
vt 0.685371 0.316623
vt 0.686755 0.546934
vt 0.686651 0.546934
vt 0.681687 0.487248
vt 0.681791 0.547580
vt 0.670453 0.546934
vt 0.670350 0.486601
vt 0.670350 0.484980
vt 0.670453 0.484980
vt 0.681791 0.471535
vt 0.681687 0.471535
vt 0.686651 0.531867
vt 0.686755 0.531867
vt 0.685151 0.545312
vt 0.680187 0.484980
vt 0.680187 0.547580
vt 0.685151 0.546934
vt 0.681791 0.484980
vt 0.686755 0.545312
vt 0.685846 0.484980
vt 0.685682 0.484980
vt 0.685682 0.546934
vt 0.685846 0.546934
vt 0.686651 0.484980
vt 0.686651 0.473156
vt 0.685846 0.473156
vt 0.684566 0.473156
vt 0.685371 0.473156
vt 0.684566 0.484980
vt 0.685371 0.484980
vt 0.680718 0.487248
vt 0.680882 0.487248
vt 0.669380 0.486601
vt 0.669380 0.484980
vt 0.669545 0.484980
vt 0.669545 0.486601
vt 0.685846 0.531867
vt 0.680882 0.471535
vt 0.680718 0.471535
vt 0.685682 0.531867
vt 0.685682 0.473156
vt 0.685151 0.531867
vt 0.680187 0.531867
vt 0.680187 0.473156
vt 0.685151 0.533488
vt 0.669545 0.471535
vt 0.669545 0.473156
vt 0.669380 0.473156
vt 0.669380 0.471535
vt 0.670453 0.473156
vt 0.670350 0.473156
vt 0.670350 0.471535
vt 0.670453 0.471535
vt 0.681791 0.473156
vt 0.686755 0.533488
vt 0.686755 0.542829
vt 0.686755 0.535972
vt 0.670453 0.482497
vt 0.680333 0.487248
vt 0.685297 0.546934
vt 0.668849 0.484980
vt 0.668995 0.484980
vt 0.668995 0.486601
vt 0.668849 0.546934
vt 0.668849 0.473156
vt 0.668995 0.473156
vt 0.668995 0.471535
vt 0.668849 0.531867
vt 0.685297 0.531867
vt 0.680333 0.471535
vt 0.685297 0.473156
vt 0.685297 0.484980
vt 0.813147 0.446565
vt 0.813147 0.444876
vt 0.813509 0.444876
vt 0.813509 0.446565
vt 0.824891 0.447211
vt 0.825252 0.447211
vt 0.830488 0.506897
vt 0.830126 0.506897
vt 0.830488 0.444876
vt 0.830126 0.444876
vt 0.830488 0.432560
vt 0.830126 0.432560
vt 0.830488 0.491204
vt 0.830126 0.491204
vt 0.825252 0.430872
vt 0.824891 0.430872
vt 0.813509 0.430872
vt 0.813509 0.432560
vt 0.813147 0.432560
vt 0.813147 0.430872
vt 0.813474 0.446251
vt 0.813474 0.444630
vt 0.813859 0.444630
vt 0.813859 0.446251
vt 0.825197 0.446898
vt 0.830161 0.506584
vt 0.829775 0.506584
vt 0.824811 0.446898
vt 0.830161 0.444630
vt 0.829775 0.444630
vt 0.830161 0.432806
vt 0.829775 0.432806
vt 0.830161 0.491517
vt 0.829775 0.491517
vt 0.825197 0.431185
vt 0.824811 0.431185
vt 0.813859 0.431185
vt 0.813859 0.432806
vt 0.813474 0.432806
vt 0.813474 0.431185
vt 0.674747 0.484980
vt 0.674747 0.547580
vt 0.674747 0.471535
vt 0.674747 0.473156
vt 0.674643 0.471535
vt 0.673839 0.471535
vt 0.673674 0.471535
vt 0.818006 0.430872
vt 0.818153 0.431185
vt 0.817644 0.430872
vt 0.817768 0.431185
vt 0.673143 0.531867
vt 0.673289 0.471535
vt 0.673143 0.473156
vt 0.673143 0.484980
vt 0.673143 0.547580
vt 0.673289 0.487248
vt 0.817644 0.447211
vt 0.817768 0.446898
vt 0.818006 0.447211
vt 0.818153 0.446898
vt 0.673839 0.487248
vt 0.673674 0.487248
vt 0.674643 0.487248
vt 0.670453 0.475639
vt 0.672628 0.572729
vt 0.672628 0.567633
vt 0.675819 0.567633
vt 0.675819 0.572729
vt 0.681053 0.567633
vt 0.681053 0.572729
vt 0.684742 0.567633
vt 0.684742 0.572729
vt 0.681791 0.482497
vt 0.674747 0.482497
vt 0.674747 0.475639
vt 0.681791 0.475639
vt 0.670453 0.573609
vt 0.670453 0.566752
vt 0.674747 0.566752
vt 0.674747 0.573609
vt 0.681791 0.566752
vt 0.681791 0.573609
vt 0.686755 0.566752
vt 0.686755 0.573609
vt 0.155145 0.496671
vt 0.154216 0.495302
vt 0.152590 0.495302
vt 0.153344 0.496638
vt 0.153519 0.497600
vt 0.150964 0.497159
vt 0.150964 0.496231
vt 0.153344 0.496638
vt 0.161407 0.499932
vt 0.162376 0.500900
vt 0.159892 0.500900
vt 0.159038 0.499735
vt 0.150964 0.489059
vt 0.150964 0.491206
vt 0.152590 0.491206
vt 0.152109 0.489553
vt 0.153406 0.489852
vt 0.154216 0.491206
vt 0.152590 0.491206
vt 0.152109 0.489553
vt 0.158256 0.498503
vt 0.156073 0.498040
vt 0.156741 0.499470
vt 0.159038 0.499735
vt 0.154186 0.500900
vt 0.157408 0.500900
vt 0.153784 0.499355
vt 0.150964 0.499030
vt 0.153784 0.499355
vt 0.154216 0.491206
vt 0.154216 0.491206
vt 0.154216 0.493254
vt 0.154216 0.493254
vt 0.155145 0.496671
vt 0.154216 0.495302
vt 0.154216 0.495302
vt 0.155145 0.496671
vt 0.156073 0.498040
vt 0.158256 0.498503
vt 0.160439 0.498965
vt 0.160439 0.498965
vt 0.161407 0.499932
vt 0.161407 0.499932
vt 0.162376 0.500900
vt 0.162376 0.500900
vt 0.159892 0.500900
vt 0.159892 0.500900
vt 0.157408 0.500900
vt 0.154186 0.500900
vt 0.150964 0.500900
vt 0.150964 0.500900
vt 0.150964 0.499030
vt 0.150964 0.499030
vt 0.150964 0.497159
vt 0.150964 0.496231
vt 0.150964 0.491206
vt 0.150964 0.489059
vt 0.150964 0.486913
vt 0.150964 0.486913
vt 0.151780 0.487705
vt 0.151780 0.487705
vt 0.152596 0.488498
vt 0.152596 0.488498
vt 0.153406 0.489852
vt 0.153406 0.489852
vt 0.150964 0.493254
vt 0.152590 0.493254
vt 0.150964 0.493254
vt 0.154216 0.493254
vt 0.152590 0.493254
vt 0.150964 0.495302
vt 0.150964 0.496231
vt 0.150964 0.497159
vt 0.153519 0.497600
vt 0.150964 0.495302
vt 0.152590 0.495302
vt 0.156073 0.498040
vt 0.157408 0.500900
vt 0.156741 0.499470
vt 0.158256 0.498503
vt 0.160439 0.498965
vt 0.150964 0.491206
vt 0.150964 0.489059
vt 0.150964 0.486913
vt 0.151780 0.487705
vt 0.152596 0.488498
vt 0.154186 0.500900
vt 0.150964 0.500900
vt 0.150964 0.495302
vt 0.150964 0.493254
vt -0.345057 0.201256
vt -0.348802 0.141495
vt -0.323174 0.141495
vt -0.323174 0.193040
vt -0.342315 0.246770
vt -0.341313 0.302699
vt -0.323174 0.302699
vt -0.324176 0.205087
vt -0.347061 0.145326
vt -0.343316 0.190841
vt -0.325177 0.149158
vt -0.325178 0.144800
vt -0.349803 0.141495
vt -0.350805 0.141495
vt -0.325178 0.141495
vt -0.324176 0.141495
vt -0.301291 0.201256
vt -0.297547 0.141495
vt -0.298548 0.141495
vt -0.302293 0.173291
vt -0.346059 0.173291
vt -0.305036 0.302699
vt -0.306037 0.246770
vt -0.307039 0.190841
vt -0.303294 0.145326
vt -0.299550 0.141495
vt -0.336100 0.414351
vt -0.335977 0.414351
vt -0.333893 0.414351
vt -0.334016 0.414351
vt -0.706764 0.348575
vt -0.708043 0.388856
vt -0.702479 0.388856
vt -0.702542 0.348285
vt -0.698354 0.348575
vt -0.696914 0.388856
vt -0.697243 0.388856
vt -0.698321 0.348285
vt -0.698850 0.348575
vt -0.697571 0.388856
vt -0.703135 0.388856
vt -0.703072 0.348285
vt -0.707260 0.348575
vt -0.708700 0.388856
vt -0.708372 0.388856
vt -0.707293 0.348285
vt -0.335977 0.295588
vt -0.333893 0.295588
vt -0.331931 0.414351
vt -0.331808 0.414351
vt -0.331808 0.295588
vt -0.331931 0.295588
vt -0.334139 0.414351
vt -0.332054 0.414351
vt -0.332054 0.295588
vt -0.334139 0.295588
vt -0.336223 0.414351
vt -0.336223 0.295588
vt -0.336100 0.295588
vt -0.708700 0.342407
vt -0.708700 0.337641
vt -0.708372 0.337641
vt -0.708372 0.342407
vt -0.703135 0.342407
vt -0.696914 0.342407
vt -0.696914 0.337641
vt -0.697243 0.337641
vt -0.697243 0.342407
vt -0.708043 0.342407
vt -0.708043 0.337641
vt -0.702479 0.337641
vt -0.702479 0.342407
vt -0.699793 0.349975
vt -0.702639 0.349975
vt -0.705485 0.349975
vt -0.700129 0.349975
vt -0.699961 0.349975
vt -0.705821 0.349975
vt -0.702975 0.349975
vt -0.705653 0.349975
vt -0.335977 0.176826
vt -0.333893 0.176826
vt -0.331808 0.176826
vt -0.331931 0.176826
vt -0.332054 0.176826
vt -0.334139 0.176826
vt -0.336223 0.176826
vt -0.336100 0.176826
vt -0.697571 0.342407
vt -0.697571 0.337641
vt -0.703135 0.337641
vt 0.188971 0.672066
vt 0.194298 0.672066
vt 0.194298 0.802026
vt 0.188971 0.802026
vt 0.840916 0.367322
vt 0.848192 0.367322
vt 0.848063 0.367322
vt 0.840788 0.367322
vt 0.840788 0.301411
vt 0.848063 0.301411
vt 0.848063 0.246961
vt 0.840788 0.246961
vt 0.848192 0.246961
vt 0.840916 0.246961
vt 0.862931 0.246961
vt 0.862802 0.246961
vt 0.862802 0.301411
vt 0.862931 0.301411
vt 0.840916 0.301411
vt 0.840944 0.246961
vt 0.848219 0.246961
vt 0.848219 0.253775
vt 0.842893 0.253775
vt 0.862958 0.246961
vt 0.862958 0.301411
vt 0.861009 0.301411
vt 0.861009 0.253775
vt 0.848219 0.359165
vt 0.848219 0.367322
vt 0.840944 0.367322
vt 0.842893 0.359165
vt 0.842893 0.301411
vt 0.840944 0.301411
vt 0.840788 0.318112
vt 0.840916 0.318112
vt 0.848063 0.318112
vt 0.862931 0.318112
vt 0.862802 0.318112
vt 0.862802 0.367322
vt 0.862931 0.367322
vt 0.861009 0.318112
vt 0.862958 0.318112
vt 0.862958 0.367322
vt 0.861009 0.359165
vt 0.673411 0.517026
vt 0.677329 0.517026
vt 0.677329 0.606737
vt 0.673411 0.606737
vt 0.840944 0.318112
vt 0.842893 0.318112
vt 0.188971 0.847588
vt 0.194298 0.847588
vt 0.194262 0.855726
vt 0.190343 0.855726
vt 0.207087 0.847588
vt 0.207087 0.959591
vt 0.205643 0.944632
vt 0.205643 0.855726
vt 0.194262 0.944632
vt 0.194298 0.959591
vt 0.188971 0.959591
vt 0.190343 0.944632
vt 0.840788 0.308238
vt 0.840916 0.308238
vt 0.848063 0.308238
vt 0.862931 0.308238
vt 0.862802 0.308238
vt 0.861009 0.308238
vt 0.862958 0.308238
vt 0.188971 0.820651
vt 0.194298 0.820651
vt 0.840944 0.308238
vt 0.842893 0.308238
vt 0.854926 0.253775
vt 0.854926 0.246961
vt 0.201005 0.802026
vt 0.201005 0.672066
vt 0.207087 0.672066
vt 0.207087 0.802026
vt 0.201005 0.820651
vt 0.207087 0.820651
vt 0.201005 0.847588
vt 0.200968 0.855726
vt 0.684036 0.606737
vt 0.684036 0.517026
vt 0.688710 0.517026
vt 0.688710 0.606737
vt 0.201005 0.959591
vt 0.200968 0.944632
vt 0.854926 0.367322
vt 0.854926 0.359165
vt 0.854770 0.367322
vt 0.854899 0.367322
vt 0.854770 0.318112
vt 0.854770 0.308238
vt 0.854770 0.301411
vt 0.854770 0.246961
vt 0.854899 0.246961
vt 0.202500 0.624946
vt 0.202500 0.622723
vt 0.209207 0.622723
vt 0.209207 0.624946
vt 0.202549 0.624946
vt 0.202549 0.622723
vt 0.209256 0.622723
vt 0.209256 0.624946
vt 0.848192 0.253775
vt 0.842865 0.253775
vt 0.860982 0.301411
vt 0.860982 0.253775
vt 0.842865 0.359165
vt 0.848192 0.359165
vt 0.842865 0.301411
vt 0.860982 0.359165
vt 0.860982 0.318112
vt 0.842865 0.318112
vt 0.860982 0.308238
vt 0.842865 0.308238
vt 0.854899 0.253775
vt 0.854899 0.359165
vt 0.838673 0.225501
vt 0.838248 0.225076
vt 0.838198 0.225076
vt 0.838623 0.225501
vt 0.837668 0.224921
vt 0.837618 0.224921
vt 0.837088 0.225076
vt 0.837038 0.225076
vt 0.836664 0.225501
vt 0.836614 0.225501
vt 0.836508 0.226082
vt 0.836458 0.226082
vt 0.836664 0.226662
vt 0.836614 0.226662
vt 0.837088 0.227088
vt 0.837038 0.227088
vt 0.837668 0.227243
vt 0.837618 0.227243
vt 0.838248 0.227088
vt 0.838198 0.227088
vt 0.838673 0.226662
vt 0.838623 0.226662
vt 0.838828 0.226082
vt 0.838778 0.226082
vt 0.837668 0.226082
vt 0.837618 0.226082
vt 0.209324 0.455411
vt 0.212687 0.455411
vt 0.212687 0.460875
vt 0.209324 0.460875
vt 0.212657 0.460875
vt 0.209294 0.460875
vt 0.212657 0.455411
vt 0.209294 0.455411
vt -0.312334 0.414351
vt -0.312211 0.414351
vt -0.310127 0.414351
vt -0.310250 0.414351
vt -0.706764 0.348575
vt -0.708043 0.347174
vt -0.702479 0.388856
vt -0.702542 0.348285
vt -0.698354 0.348575
vt -0.696914 0.388856
vt -0.697243 0.347174
vt -0.698321 0.348285
vt -0.698850 0.348575
vt -0.697571 0.347174
vt -0.703135 0.347174
vt -0.703072 0.348285
vt -0.707260 0.348575
vt -0.708700 0.347174
vt -0.708371 0.347174
vt -0.707293 0.348285
vt -0.312211 0.295588
vt -0.310127 0.295588
vt -0.308165 0.414351
vt -0.308043 0.414351
vt -0.308043 0.295588
vt -0.308165 0.295588
vt -0.310373 0.414351
vt -0.308288 0.414351
vt -0.308288 0.295588
vt -0.310373 0.295588
vt -0.312457 0.414351
vt -0.312457 0.295588
vt -0.312334 0.295588
vt -0.708700 0.342407
vt -0.708700 0.337641
vt -0.708371 0.337641
vt -0.708372 0.342407
vt -0.703135 0.342407
vt -0.696914 0.342407
vt -0.696914 0.337641
vt -0.697243 0.337641
vt -0.697243 0.342407
vt -0.708043 0.342407
vt -0.708043 0.337641
vt -0.702479 0.337641
vt -0.702479 0.342407
vt -0.699793 0.349975
vt -0.702639 0.349975
vt -0.705485 0.349975
vt -0.700129 0.349975
vt -0.699961 0.349975
vt -0.705821 0.349975
vt -0.702975 0.349975
vt -0.705653 0.349975
vt -0.312211 0.176826
vt -0.310127 0.176826
vt -0.308043 0.176826
vt -0.308165 0.176826
vt -0.308288 0.176826
vt -0.310373 0.176826
vt -0.312457 0.176826
vt -0.312334 0.176826
vt -0.697571 0.342407
vt -0.697571 0.337641
vt -0.703135 0.337641
vt 0.053198 0.358709
vt 0.083526 0.358709
vt 0.083526 0.366234
vt 0.053198 0.366234
vt 0.082894 0.366234
vt 0.052566 0.366234
vt 0.082894 0.358709
vt 0.052566 0.358709
vt 0.842319 0.318550
vt 0.842319 0.318550
vt 0.842319 0.282715
vt 0.842319 0.282715
vt 0.826167 0.282715
vt 0.826167 0.282715
vt 0.826167 0.318550
vt 0.826167 0.318550
vt 0.692725 0.672587
vt 0.679483 0.672587
vt 0.679483 0.643209
vt 0.692725 0.643209
vt 0.679483 0.679557
vt 0.692725 0.679557
vt 0.692725 0.650179
vt 0.679483 0.650179
vt 0.827622 0.315321
vt 0.840864 0.315321
vt 0.827622 0.285943
vt 0.840864 0.285943
vt 0.840864 0.315321
vt 0.827622 0.315321
vt 0.840864 0.285943
vt 0.827622 0.285943
vt 0.827622 0.315321
vt 0.840864 0.315321
vt 0.827622 0.285943
vt 0.840864 0.285943
vt 0.840864 0.315321
vt 0.827622 0.315321
vt 0.840864 0.285943
vt 0.827622 0.285943
vt 0.075876 0.338974
vt 0.075876 0.338648
vt 0.092552 0.338648
vt 0.092552 0.338974
vt 0.075876 0.338204
vt 0.092552 0.338204
vt 0.075876 0.337760
vt 0.092552 0.337760
vt 0.075876 0.337435
vt 0.092552 0.337435
vt 0.075876 0.337316
vt 0.092552 0.337316
vt 0.075876 0.337435
vt 0.092552 0.337435
vt 0.075876 0.337760
vt 0.092552 0.337760
vt 0.075876 0.338204
vt 0.092552 0.338204
vt 0.075876 0.338648
vt 0.092552 0.338648
vt 0.075876 0.338974
vt 0.092552 0.338974
vt 0.075876 0.339093
vt 0.092552 0.339093
vt 0.075876 0.338204
vt 0.092552 0.338204
vt 0.075876 0.307692
vt 0.075876 0.307366
vt 0.092552 0.307366
vt 0.092552 0.307692
vt 0.075876 0.306922
vt 0.092552 0.306922
vt 0.075876 0.306478
vt 0.092552 0.306478
vt 0.075876 0.306153
vt 0.092552 0.306153
vt 0.075876 0.306034
vt 0.092552 0.306034
vt 0.075876 0.306153
vt 0.092552 0.306153
vt 0.075876 0.306478
vt 0.092552 0.306478
vt 0.075876 0.306922
vt 0.092552 0.306922
vt 0.075876 0.307366
vt 0.092552 0.307366
vt 0.075876 0.307692
vt 0.092552 0.307692
vt 0.075876 0.307810
vt 0.092552 0.307810
vt 0.075876 0.306922
vt 0.092552 0.306922
vt 0.819149 0.147080
vt 0.819245 0.146664
vt 0.820510 0.299267
vt 0.820051 0.299793
vt 0.820187 0.146877
vt 0.820317 0.147315
vt 0.819257 0.146410
vt 0.806122 0.356115
vt 0.805221 0.203399
vt 0.806387 0.203640
vt 0.819197 0.146597
vt 0.819093 0.146990
vt 0.820008 0.147230
vt 0.820451 0.146688
vt 0.806079 0.203556
vt 0.805162 0.203322
vt 0.805116 0.203798
vt 0.806280 0.356807
vt 0.806068 0.203968
vt 0.805027 0.203950
vt 0.805067 0.203734
vt 0.806222 0.204228
vt 0.804907 0.203312
vt 0.818835 0.146991
vt 0.804571 0.203190
vt 0.818499 0.146868
vt 0.804700 0.203630
vt 0.804463 0.203857
vt 0.804863 0.203255
vt 0.818793 0.146928
vt 0.818818 0.146540
vt 0.818693 0.146317
vt 0.804404 0.203780
vt 0.818634 0.146240
vt 0.820670 0.175146
vt 0.820288 0.175146
vt 0.820288 0.299414
vt 0.820670 0.299414
vt 0.819767 0.175146
vt 0.819767 0.299414
vt 0.819246 0.175146
vt 0.819246 0.299414
vt 0.818864 0.175146
vt 0.818864 0.299414
vt 0.818724 0.175146
vt 0.818724 0.299414
vt 0.818864 0.175146
vt 0.818864 0.299414
vt 0.819246 0.175146
vt 0.819246 0.299414
vt 0.819767 0.175146
vt 0.819767 0.299414
vt 0.820288 0.175146
vt 0.820288 0.299414
vt 0.820670 0.175146
vt 0.820670 0.299414
vt 0.820810 0.175146
vt 0.820810 0.299414
vt 0.184879 0.111765
vt 0.185656 0.111765
vt 0.183818 0.111765
vt 0.183818 0.111765
vt 0.182756 0.111765
vt 0.181979 0.111765
vt 0.181695 0.111765
vt 0.181979 0.111765
vt 0.182756 0.111765
vt 0.183818 0.111765
vt 0.184879 0.111765
vt 0.185656 0.111765
vt 0.185940 0.111765
vt 0.819767 0.299414
vt 0.184339 0.117820
vt 0.184721 0.117820
vt 0.185656 0.116204
vt 0.184879 0.116203
vt 0.183818 0.117820
vt 0.183818 0.116204
vt 0.183296 0.117820
vt 0.182756 0.116204
vt 0.182914 0.117820
vt 0.181979 0.116204
vt 0.182775 0.117820
vt 0.181695 0.116204
vt 0.182914 0.117820
vt 0.181979 0.116204
vt 0.183296 0.117820
vt 0.182756 0.116204
vt 0.183818 0.117820
vt 0.183818 0.116204
vt 0.184339 0.117820
vt 0.184879 0.116203
vt 0.184721 0.117820
vt 0.185656 0.116204
vt 0.184860 0.117820
vt 0.185940 0.116204
vt 0.820670 0.175146
vt 0.820288 0.175146
vt 0.820288 0.299414
vt 0.820670 0.299414
vt 0.819767 0.175146
vt 0.819767 0.299414
vt 0.819246 0.175146
vt 0.819246 0.299414
vt 0.818864 0.175146
vt 0.818864 0.299414
vt 0.818724 0.175146
vt 0.818724 0.299414
vt 0.818864 0.175146
vt 0.818864 0.299414
vt 0.819246 0.175146
vt 0.819246 0.299414
vt 0.819767 0.175146
vt 0.819767 0.299414
vt 0.820288 0.175146
vt 0.820288 0.299414
vt 0.820670 0.175146
vt 0.820670 0.299414
vt 0.820810 0.175146
vt 0.820810 0.299414
vt 0.184879 0.111765
vt 0.185656 0.111765
vt 0.183818 0.111765
vt 0.183818 0.111765
vt 0.182756 0.111765
vt 0.181979 0.111765
vt 0.181695 0.111765
vt 0.181979 0.111765
vt 0.182756 0.111765
vt 0.183818 0.111765
vt 0.184879 0.111765
vt 0.185656 0.111765
vt 0.185940 0.111765
vt 0.819767 0.299414
vt 0.184339 0.117820
vt 0.184721 0.117820
vt 0.185656 0.116204
vt 0.184879 0.116203
vt 0.183818 0.117820
vt 0.183818 0.116204
vt 0.183296 0.117820
vt 0.182756 0.116204
vt 0.182914 0.117820
vt 0.181979 0.116204
vt 0.182775 0.117820
vt 0.181695 0.116204
vt 0.182914 0.117820
vt 0.181979 0.116204
vt 0.183296 0.117820
vt 0.182756 0.116204
vt 0.183818 0.117820
vt 0.183818 0.116204
vt 0.184339 0.117820
vt 0.184879 0.116203
vt 0.184721 0.117820
vt 0.185656 0.116204
vt 0.184860 0.117820
vt 0.185940 0.116204
vt 0.148061 0.497436
vt 0.147132 0.496067
vt 0.145507 0.496067
vt 0.146260 0.497403
vt 0.146435 0.498365
vt 0.143881 0.497924
vt 0.143881 0.496996
vt 0.146260 0.497403
vt 0.154324 0.500697
vt 0.155293 0.501665
vt 0.152809 0.501665
vt 0.151954 0.500500
vt 0.143881 0.489824
vt 0.143881 0.491971
vt 0.145507 0.491971
vt 0.145025 0.490318
vt 0.146322 0.490617
vt 0.147132 0.491971
vt 0.145507 0.491971
vt 0.145025 0.490318
vt 0.151172 0.499268
vt 0.148989 0.498806
vt 0.149657 0.500235
vt 0.151954 0.500500
vt 0.147103 0.501665
vt 0.150325 0.501665
vt 0.146700 0.500120
vt 0.143881 0.499795
vt 0.146700 0.500120
vt 0.147132 0.491971
vt 0.147132 0.491971
vt 0.147132 0.494019
vt 0.147132 0.494019
vt 0.148061 0.497436
vt 0.147132 0.496067
vt 0.147132 0.496067
vt 0.148061 0.497436
vt 0.148989 0.498806
vt 0.151172 0.499268
vt 0.153355 0.499730
vt 0.153355 0.499730
vt 0.154324 0.500697
vt 0.154324 0.500697
vt 0.155293 0.501665
vt 0.155293 0.501665
vt 0.152809 0.501665
vt 0.152809 0.501665
vt 0.150325 0.501665
vt 0.147103 0.501665
vt 0.143881 0.501665
vt 0.143881 0.501665
vt 0.143881 0.499795
vt 0.143881 0.499795
vt 0.143881 0.497924
vt 0.143881 0.496996
vt 0.143881 0.491971
vt 0.143881 0.489824
vt 0.143881 0.487678
vt 0.143881 0.487678
vt 0.144696 0.488470
vt 0.144696 0.488470
vt 0.145512 0.489263
vt 0.145512 0.489263
vt 0.146322 0.490617
vt 0.146322 0.490617
vt 0.143881 0.494019
vt 0.145507 0.494019
vt 0.143881 0.494019
vt 0.147132 0.494019
vt 0.145507 0.494019
vt 0.143881 0.496067
vt 0.143881 0.496996
vt 0.143881 0.497924
vt 0.146435 0.498365
vt 0.143881 0.496067
vt 0.145507 0.496067
vt 0.148989 0.498806
vt 0.150325 0.501665
vt 0.149657 0.500235
vt 0.151172 0.499268
vt 0.153355 0.499730
vt 0.143881 0.491971
vt 0.143881 0.489824
vt 0.143881 0.487678
vt 0.144696 0.488470
vt 0.145512 0.489263
vt 0.147103 0.501665
vt 0.143881 0.501665
vt 0.143881 0.496067
vt 0.143881 0.494019
vt 0.820670 0.175146
vt 0.820288 0.175146
vt 0.820288 0.299414
vt 0.820670 0.299414
vt 0.819767 0.175146
vt 0.819767 0.299414
vt 0.819246 0.175146
vt 0.819246 0.299414
vt 0.818864 0.175146
vt 0.818864 0.299414
vt 0.818724 0.175146
vt 0.818724 0.299414
vt 0.818864 0.175146
vt 0.818864 0.299414
vt 0.819246 0.175146
vt 0.819246 0.299414
vt 0.819767 0.175146
vt 0.819767 0.299414
vt 0.820288 0.175146
vt 0.820288 0.299414
vt 0.820670 0.175146
vt 0.820670 0.299414
vt 0.820810 0.175146
vt 0.820810 0.299414
vt 0.184879 0.111765
vt 0.185656 0.111765
vt 0.183818 0.111765
vt 0.183818 0.111765
vt 0.182756 0.111765
vt 0.181979 0.111765
vt 0.181695 0.111765
vt 0.181979 0.111765
vt 0.182756 0.111765
vt 0.183818 0.111765
vt 0.184879 0.111765
vt 0.185656 0.111765
vt 0.185940 0.111765
vt 0.819767 0.299414
vt 0.184339 0.117820
vt 0.184721 0.117820
vt 0.185656 0.116204
vt 0.184879 0.116203
vt 0.183818 0.117820
vt 0.183818 0.116204
vt 0.183296 0.117820
vt 0.182756 0.116204
vt 0.182914 0.117820
vt 0.181979 0.116204
vt 0.182775 0.117820
vt 0.181695 0.116204
vt 0.182914 0.117820
vt 0.181979 0.116204
vt 0.183296 0.117820
vt 0.182756 0.116204
vt 0.183818 0.117820
vt 0.183818 0.116204
vt 0.184339 0.117820
vt 0.184879 0.116203
vt 0.184721 0.117820
vt 0.185656 0.116204
vt 0.184860 0.117820
vt 0.185940 0.116204
vt -0.699232 0.361320
vt -0.699232 0.297463
vt -0.686081 0.297463
vt -0.686081 0.361320
vt -0.699518 0.363684
vt -0.699232 0.466859
vt -0.686081 0.466859
vt -0.686367 0.363684
vt -0.699804 0.299827
vt -0.699804 0.302191
vt -0.686653 0.302191
vt -0.686653 0.299827
vt -0.699518 0.297463
vt -0.699804 0.297463
vt -0.686653 0.297463
vt -0.686367 0.297463
vt -0.672930 0.361320
vt -0.672930 0.297463
vt -0.673216 0.297463
vt -0.673216 0.330573
vt -0.699518 0.330573
vt -0.672930 0.466859
vt -0.673216 0.363684
vt -0.673502 0.302191
vt -0.673502 0.299827
vt -0.673502 0.297463
vt -0.686287 0.361120
vt -0.687288 0.361120
vt -0.687288 0.349176
vt -0.686287 0.349176
vt -0.685365 0.361120
vt -0.685285 0.361120
vt -0.685285 0.349176
vt -0.685365 0.349176
vt -0.686448 0.361120
vt -0.685446 0.361120
vt -0.685446 0.349176
vt -0.686448 0.349176
vt -0.687369 0.361120
vt -0.687450 0.361120
vt -0.687450 0.349176
vt -0.687369 0.349176
vt -0.686287 0.337232
vt -0.687288 0.337232
vt -0.687369 0.337232
vt -0.686367 0.337232
vt -0.686367 0.361120
vt -0.685285 0.337232
vt -0.685365 0.337232
vt -0.685446 0.337232
vt -0.686448 0.337232
vt -0.687450 0.337232
vt -0.699660 0.385366
vt -0.699660 0.384098
vt -0.686215 0.384098
vt -0.686215 0.385366
vt -0.699813 0.386634
vt -0.699660 0.428316
vt -0.686215 0.428316
vt -0.686367 0.386634
vt -0.699965 0.385366
vt -0.699965 0.386634
vt -0.686520 0.386634
vt -0.686520 0.385366
vt -0.699813 0.384098
vt -0.699965 0.384098
vt -0.686520 0.384098
vt -0.686367 0.384098
vt -0.672769 0.385366
vt -0.672769 0.384098
vt -0.672922 0.384098
vt -0.672922 0.385366
vt -0.699813 0.385366
vt -0.672769 0.428316
vt -0.672922 0.386634
vt -0.673074 0.386634
vt -0.673074 0.385366
vt -0.673074 0.384098
vt -0.686287 0.361120
vt -0.687289 0.361120
vt -0.687289 0.349176
vt -0.686287 0.349176
vt -0.685365 0.361120
vt -0.685285 0.361120
vt -0.685285 0.349176
vt -0.685365 0.349176
vt -0.686448 0.361120
vt -0.685446 0.361120
vt -0.685446 0.349176
vt -0.686448 0.349176
vt -0.687369 0.361120
vt -0.687450 0.361120
vt -0.687450 0.349176
vt -0.687369 0.349176
vt -0.686287 0.337232
vt -0.687289 0.337232
vt -0.687369 0.337232
vt -0.686367 0.337232
vt -0.686367 0.361120
vt -0.685285 0.337232
vt -0.685365 0.337232
vt -0.685446 0.337232
vt -0.686448 0.337232
vt -0.687450 0.337232
vn 0.000000 1.000000 0.000000
vn 0.000000 1.000000 0.000000
vn 0.000000 1.000000 0.000000
vn 0.000000 1.000000 0.000000
vn -0.997993 0.000000 0.063328
vn -0.997993 0.000000 0.063328
vn -0.997993 0.000000 0.063328
vn -0.997993 0.000000 0.063328
vn 0.000000 -1.000000 0.000000
vn 0.000000 -1.000000 0.000000
vn 0.000000 -1.000000 0.000000
vn 0.000000 -1.000000 0.000000
vn 0.997996 0.000000 -0.063285
vn 0.997996 0.000000 -0.063285
vn 0.997996 0.000000 -0.063285
vn 0.997996 0.000000 -0.063285
vn 0.004069 0.000000 -0.999992
vn 0.004069 0.000000 -0.999992
vn 0.004069 0.000000 -0.999992
vn 0.004069 0.000000 -0.999992
vn 0.130412 0.000000 0.991460
vn 0.130412 0.000000 0.991460
vn 0.130412 0.000000 0.991460
vn 0.130412 0.000000 0.991460
vn 0.000000 1.000000 0.000000
vn 0.000000 1.000000 0.000000
vn 0.000000 1.000000 0.000000
vn 0.000000 1.000000 0.000000
vn -0.997993 0.000000 0.063328
vn -0.997993 0.000000 0.063328
vn -0.997993 0.000000 0.063328
vn -0.997993 0.000000 0.063328
vn 0.000000 -1.000000 0.000000
vn 0.000000 -1.000000 0.000000
vn 0.000000 -1.000000 0.000000
vn 0.000000 -1.000000 0.000000
vn 0.997996 0.000000 -0.063285
vn 0.997996 0.000000 -0.063285
vn 0.997996 0.000000 -0.063285
vn 0.997996 0.000000 -0.063285
vn 0.004074 0.000000 -0.999992
vn 0.004074 0.000000 -0.999992
vn 0.004074 0.000000 -0.999992
vn 0.004074 0.000000 -0.999992
vn 0.130412 0.000000 0.991460
vn 0.130412 0.000000 0.991460
vn 0.130412 0.000000 0.991460
vn 0.130412 0.000000 0.991460
vn -0.024501 -0.032167 -0.999182
vn -0.024501 -0.032166 -0.999182
vn -0.024501 -0.032166 -0.999182
vn -0.024501 -0.032168 -0.999182
vn 0.239998 -0.970442 0.025367
vn 0.239991 -0.970444 0.025364
vn 0.239991 -0.970444 0.025364
vn 0.239998 -0.970442 0.025367
vn 0.970469 0.239165 -0.031477
vn 0.970471 0.239160 -0.031433
vn 0.970465 0.239187 -0.031436
vn 0.970469 0.239165 -0.031477
vn 0.970468 0.239166 -0.031478
vn 0.970468 0.239166 -0.031481
vn 0.970468 0.239167 -0.031481
vn -0.239991 0.970444 -0.025365
vn -0.239991 0.970443 -0.025389
vn -0.239990 0.970443 -0.025389
vn -0.239991 0.970444 -0.025365
vn 0.970468 0.239166 -0.031481
vn 0.239990 -0.970444 0.025365
vn 0.239990 -0.970443 0.025389
vn 0.239990 -0.970444 0.025389
vn 0.239990 -0.970444 0.025365
vn 0.024496 0.032147 0.999183
vn 0.024492 0.032165 0.999183
vn 0.024492 0.032166 0.999183
vn 0.024496 0.032147 0.999183
vn 0.970466 0.239173 -0.031501
vn 0.970460 0.239195 -0.031508
vn 0.024490 0.032174 0.999182
vn 0.024490 0.032174 0.999182
vn -0.239995 0.970443 -0.025367
vn -0.239991 0.970444 -0.025363
vn -0.239991 0.970444 -0.025363
vn -0.239995 0.970443 -0.025367
vn -0.970471 -0.239155 0.031476
vn -0.970467 -0.239171 0.031477
vn -0.970467 -0.239172 0.031481
vn -0.970471 -0.239157 0.031480
vn -0.970472 -0.239159 0.031428
vn -0.970474 -0.239150 0.031425
vn -0.970465 -0.239179 0.031477
vn -0.970465 -0.239179 0.031481
vn -0.024501 -0.032168 -0.999182
vn -0.024501 -0.032168 -0.999182
vn -0.970466 -0.239172 0.031495
vn -0.970471 -0.239152 0.031493
vn 0.970486 0.239103 -0.031424
vn 0.970478 0.239126 -0.031486
vn -0.970466 -0.239180 0.031435
vn -0.970456 -0.239215 0.031500
vn -0.024501 -0.032167 -0.999182
vn -0.024500 -0.032167 -0.999182
vn -0.024500 -0.032167 -0.999182
vn -0.024501 -0.032167 -0.999182
vn 0.239989 -0.970444 0.025378
vn 0.239990 -0.970444 0.025364
vn 0.239990 -0.970444 0.025365
vn 0.239989 -0.970444 0.025378
vn 0.970465 0.239178 -0.031477
vn 0.970471 0.239162 -0.031430
vn 0.970465 0.239186 -0.031434
vn 0.970464 0.239184 -0.031476
vn 0.970468 0.239166 -0.031477
vn 0.970465 0.239178 -0.031481
vn 0.970468 0.239167 -0.031481
vn -0.239991 0.970444 -0.025365
vn -0.239988 0.970444 -0.025388
vn -0.239988 0.970444 -0.025388
vn -0.239991 0.970444 -0.025365
vn 0.970464 0.239183 -0.031481
vn 0.239990 -0.970444 0.025365
vn 0.239992 -0.970443 0.025378
vn 0.239992 -0.970443 0.025378
vn 0.239990 -0.970444 0.025364
vn 0.024496 0.032149 0.999183
vn 0.024492 0.032165 0.999182
vn 0.024492 0.032165 0.999182
vn 0.024496 0.032149 0.999183
vn 0.970471 0.239154 -0.031500
vn 0.970467 0.239167 -0.031505
vn 0.024491 0.032173 0.999182
vn 0.024491 0.032173 0.999182
vn -0.239992 0.970443 -0.025378
vn -0.239991 0.970444 -0.025365
vn -0.239991 0.970444 -0.025364
vn -0.239992 0.970443 -0.025378
vn -0.970471 -0.239155 0.031477
vn -0.970470 -0.239159 0.031477
vn -0.970470 -0.239159 0.031481
vn -0.970471 -0.239154 0.031481
vn -0.970471 -0.239163 0.031427
vn -0.970473 -0.239156 0.031422
vn -0.970470 -0.239161 0.031477
vn -0.970470 -0.239161 0.031482
vn -0.024501 -0.032167 -0.999182
vn -0.024501 -0.032167 -0.999182
vn -0.970469 -0.239160 0.031494
vn -0.970471 -0.239154 0.031490
vn 0.970484 0.239110 -0.031421
vn 0.970478 0.239126 -0.031488
vn -0.970466 -0.239180 0.031438
vn -0.970466 -0.239173 0.031503
vn -0.024491 -0.032178 -0.999182
vn -0.024490 -0.032185 -0.999182
vn -0.024490 -0.032185 -0.999182
vn -0.024491 -0.032178 -0.999182
vn 0.240007 -0.970440 0.025357
vn 0.240001 -0.970441 0.025363
vn 0.240001 -0.970441 0.025363
vn 0.240007 -0.970440 0.025357
vn 0.970465 0.239182 -0.031477
vn 0.970473 0.239154 -0.031429
vn 0.970469 0.239170 -0.031422
vn 0.970467 0.239172 -0.031477
vn 0.970459 0.239202 -0.031478
vn 0.970464 0.239181 -0.031481
vn 0.970460 0.239202 -0.031481
vn -0.239994 0.970443 -0.025365
vn -0.239987 0.970445 -0.025366
vn -0.239987 0.970445 -0.025366
vn -0.239994 0.970443 -0.025365
vn 0.970467 0.239172 -0.031482
vn 0.240001 -0.970441 0.025364
vn 0.240005 -0.970440 0.025369
vn 0.240005 -0.970440 0.025369
vn 0.240001 -0.970441 0.025364
vn 0.024497 0.032149 0.999183
vn 0.024493 0.032166 0.999182
vn 0.024493 0.032166 0.999182
vn 0.024497 0.032149 0.999183
vn 0.970472 0.239147 -0.031497
vn 0.970468 0.239165 -0.031502
vn 0.024491 0.032174 0.999182
vn 0.024491 0.032174 0.999182
vn -0.239987 0.970445 -0.025366
vn -0.239994 0.970443 -0.025365
vn -0.239994 0.970443 -0.025365
vn -0.239987 0.970445 -0.025366
vn -0.970478 -0.239127 0.031478
vn -0.970460 -0.239198 0.031478
vn -0.970461 -0.239197 0.031482
vn -0.970478 -0.239126 0.031481
vn -0.970457 -0.239218 0.031432
vn -0.970454 -0.239233 0.031427
vn -0.970452 -0.239231 0.031478
vn -0.970453 -0.239229 0.031483
vn -0.024491 -0.032174 -0.999182
vn -0.024491 -0.032174 -0.999182
vn -0.970461 -0.239193 0.031498
vn -0.970458 -0.239204 0.031504
vn 0.970481 0.239120 -0.031443
vn 0.970482 0.239109 -0.031487
vn -0.970465 -0.239186 0.031444
vn -0.970468 -0.239169 0.031485
vn -0.024499 -0.032168 -0.999182
vn -0.024498 -0.032168 -0.999182
vn -0.024498 -0.032168 -0.999182
vn -0.024499 -0.032168 -0.999182
vn 0.239991 -0.970443 0.025378
vn 0.239988 -0.970444 0.025365
vn 0.239988 -0.970444 0.025365
vn 0.239991 -0.970443 0.025378
vn 0.970462 0.239191 -0.031484
vn 0.970457 0.239209 -0.031492
vn 0.970453 0.239225 -0.031498
vn 0.970459 0.239205 -0.031485
vn 0.970470 0.239160 -0.031479
vn 0.970463 0.239188 -0.031482
vn 0.970470 0.239159 -0.031479
vn -0.240000 0.970442 -0.025364
vn -0.240007 0.970440 -0.025368
vn -0.240007 0.970440 -0.025368
vn -0.240000 0.970442 -0.025364
vn -0.024499 -0.032168 -0.999182
vn -0.024499 -0.032168 -0.999182
vn 0.970459 0.239202 -0.031484
vn 0.239988 -0.970445 0.025364
vn 0.239989 -0.970444 0.025366
vn 0.239989 -0.970444 0.025366
vn 0.239988 -0.970444 0.025364
vn 0.024501 0.032170 0.999182
vn 0.024501 0.032168 0.999182
vn 0.024501 0.032168 0.999182
vn 0.024501 0.032170 0.999182
vn 0.970467 0.239172 -0.031476
vn 0.970465 0.239180 -0.031474
vn -0.239985 0.970445 -0.025366
vn -0.239998 0.970442 -0.025364
vn -0.239998 0.970442 -0.025364
vn -0.239985 0.970445 -0.025366
vn -0.970469 -0.239163 0.031479
vn -0.970469 -0.239162 0.031480
vn -0.970469 -0.239164 0.031479
vn -0.970469 -0.239163 0.031479
vn -0.970469 -0.239166 0.031451
vn -0.970469 -0.239168 0.031452
vn -0.970469 -0.239162 0.031480
vn 0.024501 0.032167 0.999182
vn 0.024501 0.032167 0.999182
vn -0.970469 -0.239164 0.031479
vn -0.970464 -0.239189 0.031437
vn -0.970461 -0.239203 0.031434
vn 0.970466 0.239175 -0.031479
vn 0.970471 0.239154 -0.031482
vn -0.970470 -0.239161 0.031451
vn -0.970471 -0.239158 0.031444
vn 0.240002 -0.970440 0.025390
vn 0.239997 -0.970442 0.025388
vn 0.240001 -0.970441 0.025391
vn 0.240002 -0.970440 0.025389
vn 0.024509 0.032175 0.999182
vn 0.024505 0.032171 0.999182
vn 0.024509 0.032171 0.999182
vn 0.024515 0.032176 0.999182
vn 0.970468 0.239178 -0.031412
vn 0.970487 0.239103 -0.031390
vn 0.970485 0.239108 -0.031393
vn 0.970468 0.239179 -0.031396
vn 0.024515 0.032176 0.999182
vn 0.024509 0.032175 0.999182
vn 0.970467 0.239174 -0.031458
vn 0.970467 0.239178 -0.031413
vn 0.970467 0.239175 -0.031459
vn -0.024511 -0.032189 -0.999181
vn -0.024515 -0.032176 -0.999182
vn -0.024515 -0.032176 -0.999182
vn -0.024510 -0.032189 -0.999181
vn 0.239995 -0.970442 0.025387
vn 0.240000 -0.970441 0.025391
vn 0.970468 0.239179 -0.031396
vn -0.024515 -0.032176 -0.999182
vn -0.024515 -0.032176 -0.999182
vn 0.024511 0.032191 0.999181
vn 0.024511 0.032192 0.999181
vn -0.239985 0.970445 -0.025380
vn -0.239988 0.970444 -0.025374
vn -0.239987 0.970445 -0.025370
vn -0.239986 0.970444 -0.025380
vn 0.970475 0.239147 -0.031418
vn 0.970476 0.239147 -0.031400
vn -0.239984 0.970445 -0.025383
vn -0.239986 0.970445 -0.025384
vn -0.024516 -0.032174 -0.999182
vn -0.024526 -0.032176 -0.999181
vn 0.024498 0.032172 0.999182
vn 0.024498 0.032172 0.999182
vn -0.970468 -0.239179 0.031383
vn -0.970467 -0.239178 0.031428
vn -0.970467 -0.239178 0.031428
vn -0.970468 -0.239179 0.031383
vn -0.970460 -0.239206 0.031426
vn -0.970457 -0.239216 0.031442
vn -0.970467 -0.239177 0.031443
vn -0.239982 0.970446 -0.025380
vn -0.239979 0.970446 -0.025380
vn -0.970467 -0.239178 0.031443
vn -0.024516 -0.032176 -0.999182
vn -0.024516 -0.032176 -0.999182
vn 0.239988 -0.970444 0.025383
vn 0.239984 -0.970445 0.025380
vn -0.970455 -0.239226 0.031418
vn -0.970451 -0.239241 0.031426
vn 0.970490 0.239090 -0.031382
vn 0.970473 0.239148 -0.031469
vn -0.970468 -0.239179 0.031381
vn 0.024510 0.032190 0.999181
vn -0.239989 0.970444 -0.025381
vn -0.024497 -0.032169 -0.999182
vn 0.240000 -0.970441 0.025391
vn 0.024497 0.032169 0.999182
vn -0.970467 -0.239184 0.031395
vn -0.024512 -0.032190 -0.999181
vn -0.024498 -0.032167 -0.999182
vn -0.024497 -0.032166 -0.999182
vn -0.024497 -0.032166 -0.999182
vn -0.024498 -0.032167 -0.999182
vn 0.239989 -0.970444 0.025372
vn 0.239988 -0.970445 0.025364
vn 0.239988 -0.970445 0.025365
vn 0.239989 -0.970444 0.025372
vn 0.970465 0.239177 -0.031484
vn 0.970459 0.239201 -0.031493
vn 0.970453 0.239226 -0.031498
vn 0.970463 0.239186 -0.031486
vn 0.970470 0.239159 -0.031479
vn 0.970466 0.239175 -0.031483
vn 0.970470 0.239159 -0.031479
vn -0.239999 0.970442 -0.025365
vn -0.240006 0.970440 -0.025374
vn -0.240006 0.970440 -0.025374
vn -0.240000 0.970442 -0.025365
vn 0.970464 0.239182 -0.031484
vn 0.239988 -0.970445 0.025364
vn 0.239991 -0.970444 0.025367
vn 0.239991 -0.970444 0.025367
vn 0.239988 -0.970445 0.025364
vn 0.024500 0.032168 0.999182
vn 0.024500 0.032167 0.999182
vn 0.024500 0.032167 0.999182
vn 0.024500 0.032168 0.999182
vn 0.970469 0.239162 -0.031476
vn 0.970469 0.239166 -0.031474
vn 0.024500 0.032167 0.999182
vn 0.024500 0.032167 0.999182
vn -0.239987 0.970445 -0.025361
vn -0.239998 0.970442 -0.025364
vn -0.239998 0.970442 -0.025364
vn -0.239987 0.970445 -0.025361
vn -0.970458 -0.239206 0.031479
vn -0.970466 -0.239175 0.031479
vn -0.970466 -0.239176 0.031478
vn -0.970459 -0.239202 0.031479
vn -0.970468 -0.239170 0.031453
vn -0.970470 -0.239163 0.031454
vn -0.970469 -0.239161 0.031480
vn -0.970469 -0.239163 0.031478
vn -0.024499 -0.032168 -0.999182
vn -0.024499 -0.032168 -0.999182
vn -0.970469 -0.239171 0.031436
vn -0.970463 -0.239196 0.031431
vn 0.970473 0.239147 -0.031481
vn 0.970471 0.239154 -0.031481
vn -0.970465 -0.239184 0.031450
vn -0.970482 -0.239116 0.031448
vn -0.024490 -0.032176 -0.999182
vn -0.024488 -0.032185 -0.999182
vn -0.024488 -0.032185 -0.999182
vn -0.024490 -0.032176 -0.999182
vn 0.239994 -0.970443 0.025377
vn 0.239998 -0.970442 0.025365
vn 0.239997 -0.970442 0.025365
vn 0.239994 -0.970443 0.025377
vn 0.970461 0.239194 -0.031478
vn 0.970468 0.239170 -0.031453
vn 0.970471 0.239157 -0.031450
vn 0.970462 0.239191 -0.031478
vn 0.970460 0.239202 -0.031478
vn 0.970461 0.239194 -0.031479
vn 0.970461 0.239197 -0.031479
vn -0.239994 0.970443 -0.025364
vn -0.239988 0.970445 -0.025355
vn -0.239988 0.970445 -0.025355
vn -0.239994 0.970443 -0.025364
vn 0.970462 0.239192 -0.031480
vn 0.239997 -0.970442 0.025364
vn 0.239990 -0.970444 0.025367
vn 0.239990 -0.970444 0.025367
vn 0.239997 -0.970442 0.025364
vn 0.024487 0.032185 0.999182
vn 0.024489 0.032177 0.999182
vn 0.024489 0.032177 0.999182
vn 0.024487 0.032185 0.999182
vn 0.970470 0.239159 -0.031473
vn 0.970465 0.239179 -0.031471
vn 0.024490 0.032173 0.999182
vn 0.024490 0.032173 0.999182
vn -0.239993 0.970443 -0.025366
vn -0.239994 0.970443 -0.025365
vn -0.239994 0.970443 -0.025365
vn -0.239993 0.970443 -0.025366
vn -0.970458 -0.239208 0.031479
vn -0.970471 -0.239157 0.031479
vn -0.970471 -0.239157 0.031480
vn -0.970459 -0.239206 0.031480
vn -0.970469 -0.239167 0.031450
vn -0.970472 -0.239153 0.031449
vn -0.970476 -0.239134 0.031479
vn -0.970476 -0.239134 0.031480
vn -0.024491 -0.032172 -0.999182
vn -0.024491 -0.032172 -0.999182
vn -0.970469 -0.239165 0.031475
vn -0.970469 -0.239165 0.031479
vn 0.970461 0.239198 -0.031461
vn 0.970481 0.239115 -0.031477
vn -0.970461 -0.239198 0.031451
vn -0.970469 -0.239165 0.031467
vn -0.024487 -0.032177 -0.999182
vn -0.024485 -0.032186 -0.999182
vn -0.024485 -0.032186 -0.999182
vn -0.024487 -0.032177 -0.999182
vn 0.239986 -0.970445 0.025366
vn 0.239993 -0.970443 0.025365
vn 0.239993 -0.970443 0.025365
vn 0.239986 -0.970445 0.025366
vn 0.970455 0.239219 -0.031482
vn 0.970460 0.239198 -0.031476
vn 0.970455 0.239221 -0.031474
vn 0.970449 0.239244 -0.031483
vn 0.970469 0.239164 -0.031479
vn 0.970455 0.239220 -0.031481
vn 0.970469 0.239164 -0.031479
vn -0.240010 0.970439 -0.025365
vn -0.240007 0.970440 -0.025369
vn -0.240007 0.970440 -0.025369
vn -0.240011 0.970439 -0.025365
vn -0.024488 -0.032172 -0.999182
vn -0.024488 -0.032172 -0.999182
vn 0.970449 0.239244 -0.031482
vn 0.239994 -0.970443 0.025365
vn 0.239992 -0.970443 0.025366
vn 0.239992 -0.970443 0.025366
vn 0.239993 -0.970443 0.025365
vn 0.024478 0.032164 0.999183
vn 0.024483 0.032171 0.999183
vn 0.024483 0.032171 0.999183
vn 0.024478 0.032164 0.999183
vn 0.970462 0.239193 -0.031459
vn 0.970457 0.239215 -0.031454
vn -0.240009 0.970439 -0.025368
vn -0.240011 0.970439 -0.025365
vn -0.240011 0.970439 -0.025365
vn -0.240009 0.970439 -0.025368
vn -0.970460 -0.239201 0.031479
vn -0.970470 -0.239160 0.031479
vn -0.970470 -0.239159 0.031478
vn -0.970459 -0.239203 0.031479
vn -0.970470 -0.239162 0.031466
vn -0.970466 -0.239178 0.031471
vn -0.970475 -0.239140 0.031479
vn 0.024485 0.032174 0.999182
vn 0.024485 0.032174 0.999182
vn -0.970475 -0.239139 0.031478
vn -0.970471 -0.239158 0.031453
vn -0.970471 -0.239159 0.031453
vn 0.970472 0.239150 -0.031479
vn 0.970473 0.239147 -0.031470
vn -0.970478 -0.239128 0.031457
vn -0.970472 -0.239155 0.031451
vn 0.997995 0.000004 -0.063294
vn 0.997995 0.000004 -0.063294
vn 0.997995 0.000004 -0.063294
vn 0.997995 0.000004 -0.063294
vn 0.000000 1.000000 0.000000
vn 0.000000 1.000000 0.000000
vn 0.000000 1.000000 0.000000
vn 0.000000 1.000000 0.000000
vn -0.997995 -0.000004 0.063294
vn -0.997995 -0.000004 0.063294
vn -0.997995 -0.000004 0.063294
vn -0.997995 -0.000004 0.063294
vn 0.000000 -1.000000 0.000000
vn 0.000000 -1.000000 0.000000
vn 0.000000 -1.000000 0.000000
vn 0.000000 -1.000000 0.000000
vn -0.059591 -0.337836 -0.939317
vn -0.059591 -0.337836 -0.939317
vn -0.059591 -0.337836 -0.939317
vn -0.059591 -0.337836 -0.939317
vn 0.059591 -0.337835 0.939317
vn 0.059591 -0.337835 0.939317
vn 0.059591 -0.337835 0.939317
vn 0.059591 -0.337835 0.939317
vn 0.897426 0.437475 -0.056942
vn 0.897426 0.437475 -0.056942
vn 0.897426 0.437475 -0.056942
vn 0.897426 0.437475 -0.056942
vn -0.490596 0.870830 0.031147
vn -0.490597 0.870830 0.031147
vn -0.490596 0.870830 0.031147
vn -0.490597 0.870830 0.031147
vn -0.897435 -0.437456 0.056945
vn -0.897435 -0.437456 0.056945
vn -0.897435 -0.437456 0.056945
vn -0.897435 -0.437456 0.056945
vn 0.490599 -0.870830 -0.031108
vn 0.490599 -0.870830 -0.031108
vn 0.490599 -0.870830 -0.031108
vn 0.490599 -0.870830 -0.031108
vn -0.094709 0.055962 -0.993931
vn -0.094709 0.055962 -0.993931
vn -0.094709 0.055962 -0.993931
vn -0.094709 0.055962 -0.993931
vn 0.031651 0.055967 0.997931
vn 0.031651 0.055967 0.997931
vn 0.031651 0.055967 0.997931
vn 0.031651 0.055967 0.997931
vn 0.997995 -0.000004 -0.063294
vn 0.997995 -0.000004 -0.063294
vn 0.997995 -0.000004 -0.063294
vn 0.997995 -0.000004 -0.063294
vn 0.000000 1.000000 0.000000
vn 0.000000 1.000000 0.000000
vn 0.000000 1.000000 0.000000
vn 0.000000 1.000000 0.000000
vn -0.997995 0.000004 0.063294
vn -0.997995 0.000004 0.063294
vn -0.997995 0.000004 0.063294
vn -0.997995 0.000004 0.063294
vn 0.000000 -1.000000 0.000000
vn 0.000000 -1.000000 0.000000
vn 0.000000 -1.000000 0.000000
vn 0.000000 -1.000000 0.000000
vn -0.059590 -0.337835 -0.939317
vn -0.059590 -0.337835 -0.939317
vn -0.059590 -0.337835 -0.939317
vn -0.059590 -0.337835 -0.939317
vn 0.059590 -0.337836 0.939317
vn 0.059590 -0.337835 0.939317
vn 0.059590 -0.337836 0.939317
vn 0.059590 -0.337835 0.939317
vn 0.897372 0.437580 -0.056990
vn 0.897372 0.437580 -0.056990
vn 0.897372 0.437580 -0.056990
vn 0.897372 0.437580 -0.056990
vn -0.490602 0.870828 0.031122
vn -0.490602 0.870828 0.031122
vn -0.490602 0.870828 0.031122
vn -0.490602 0.870828 0.031122
vn -0.897436 -0.437455 0.056943
vn -0.897436 -0.437455 0.056943
vn -0.897436 -0.437455 0.056943
vn -0.897436 -0.437455 0.056943
vn 0.490596 -0.870830 -0.031163
vn 0.490596 -0.870830 -0.031163
vn 0.490596 -0.870830 -0.031163
vn 0.490596 -0.870830 -0.031163
vn -0.094723 0.055986 -0.993928
vn -0.094723 0.055986 -0.993928
vn -0.094723 0.055986 -0.993928
vn -0.094723 0.055986 -0.993928
vn 0.031642 0.055989 0.997930
vn 0.031642 0.055989 0.997930
vn 0.031642 0.055989 0.997930
vn 0.031642 0.055989 0.997930
vn -0.058494 0.382695 -0.922021
vn -0.044770 0.707108 -0.705687
vn -0.044770 0.707108 -0.705687
vn -0.058494 0.382693 -0.922022
vn -0.024229 0.923878 -0.381921
vn -0.024229 0.923877 -0.381921
vn 0.000000 1.000000 0.000002
vn 0.000000 1.000000 0.000001
vn 0.024229 0.923878 0.381919
vn 0.024229 0.923878 0.381919
vn 0.044769 0.707107 0.705688
vn 0.044769 0.707107 0.705688
vn 0.058494 0.382693 0.922022
vn 0.058494 0.382695 0.922021
vn 0.063314 -0.000000 0.997994
vn 0.063314 -0.000000 0.997994
vn 0.058493 -0.382695 0.922021
vn 0.058493 -0.382696 0.922021
vn 0.044769 -0.707109 0.705686
vn 0.044769 -0.707109 0.705686
vn 0.024229 -0.923877 0.381923
vn 0.024229 -0.923877 0.381922
vn -0.000000 -1.000000 -0.000000
vn -0.000000 -1.000000 -0.000002
vn -0.024229 -0.923879 -0.381918
vn -0.024229 -0.923878 -0.381918
vn -0.044770 -0.707110 -0.705685
vn -0.044770 -0.707110 -0.705685
vn -0.058493 -0.382695 -0.922021
vn -0.058494 -0.382693 -0.922022
vn -0.063313 0.000000 -0.997994
vn -0.063313 0.000000 -0.997994
vn -0.997994 -0.000006 0.063313
vn -0.997995 0.000013 0.063288
vn -0.997994 -0.000002 0.063307
vn -0.997994 0.000019 0.063305
vn -0.997995 0.000000 0.063295
vn -0.997993 0.000013 0.063318
vn -0.997994 0.000013 0.063312
vn -0.997993 0.000013 0.063319
vn -0.997994 -0.000013 0.063309
vn -0.997993 -0.000025 0.063319
vn -0.997994 -0.000006 0.063312
vn -0.997993 -0.000006 0.063318
vn -0.997995 0.000000 0.063295
vn -0.997994 -0.000025 0.063305
vn -0.997994 -0.000000 0.063313
vn -0.997995 -0.000013 0.063287
vn -0.997994 -0.000000 0.063309
vn 0.997993 0.000013 -0.063319
vn 0.997994 -0.000000 -0.063313
vn 0.997994 -0.000000 -0.063307
vn 0.997993 0.000013 -0.063318
vn 0.997995 0.000000 -0.063295
vn 0.997994 0.000025 -0.063305
vn 0.997994 0.000000 -0.063313
vn 0.997995 0.000000 -0.063288
vn 0.997994 -0.000000 -0.063309
vn 0.997995 -0.000000 -0.063287
vn 0.997994 -0.000000 -0.063313
vn 0.997994 -0.000025 -0.063305
vn 0.997995 0.000000 -0.063295
vn 0.997993 -0.000013 -0.063318
vn 0.997994 -0.000000 -0.063312
vn 0.997993 -0.000013 -0.063319
vn 0.997994 -0.000000 -0.063309
vn 0.056281 0.000001 0.998415
vn 0.056281 0.000001 0.998415
vn 0.056281 0.000001 0.998415
vn 0.056281 0.000001 0.998415
vn -0.000000 1.000000 0.000000
vn -0.000000 1.000000 0.000000
vn -0.000000 1.000000 0.000000
vn -0.000000 1.000000 0.000000
vn -0.056281 0.000000 -0.998415
vn -0.056281 0.000000 -0.998415
vn -0.056281 0.000000 -0.998415
vn -0.056281 0.000000 -0.998415
vn 0.998415 -0.000002 -0.056282
vn 0.998415 -0.000002 -0.056282
vn 0.998415 -0.000002 -0.056282
vn 0.998415 -0.000002 -0.056282
vn -0.998415 0.000000 0.056282
vn -0.998415 0.000000 0.056282
vn -0.998415 0.000000 0.056282
vn -0.998415 0.000000 0.056282
vn 0.018331 0.945086 0.326307
vn 0.021496 0.923047 0.384087
vn 0.022464 0.915471 0.401757
vn 0.018331 0.945086 0.326307
vn 0.704621 0.708463 -0.039853
vn 0.708175 0.704895 -0.040138
vn 0.712859 0.700136 -0.040513
vn 0.704621 0.708463 -0.039853
vn -0.998415 0.000000 0.056283
vn -0.998415 0.000000 0.056283
vn -0.998415 0.000000 0.056283
vn -0.998415 0.000000 0.056283
vn -0.052989 0.000002 -0.998595
vn -0.052989 0.000002 -0.998595
vn -0.052989 0.000002 -0.998595
vn -0.052989 0.000002 -0.998595
vn 0.998415 0.000076 -0.056281
vn 0.998415 0.000076 -0.056281
vn 0.998415 0.000076 -0.056281
vn 0.998415 0.000076 -0.056281
vn 0.052990 0.000013 0.998595
vn 0.052990 0.000013 0.998595
vn 0.052990 0.000013 0.998595
vn 0.052990 0.000013 0.998595
vn 0.182889 -0.983079 -0.010310
vn 0.182889 -0.983080 -0.010310
vn 0.182889 -0.983079 -0.010310
vn 0.182889 -0.983079 -0.010310
vn -0.717518 0.695346 0.040773
vn -0.719603 0.693188 0.040783
vn -0.721247 0.691476 0.040790
vn -0.721247 0.691475 0.040790
vn -0.022474 0.915383 -0.401957
vn -0.021418 0.923627 -0.382693
vn -0.018205 0.945859 -0.324067
vn -0.018205 0.945859 -0.324067
vn 0.004947 -0.995984 0.089391
vn 0.004947 -0.995984 0.089391
vn 0.004947 -0.995984 0.089391
vn 0.004947 -0.995984 0.089391
vn -0.107220 -0.994217 0.006044
vn -0.107220 -0.994217 0.006044
vn -0.107220 -0.994217 0.006044
vn -0.107220 -0.994217 0.006044
vn -0.004852 -0.996135 -0.087699
vn -0.004852 -0.996135 -0.087699
vn -0.004852 -0.996135 -0.087699
vn -0.004852 -0.996135 -0.087699
vn 0.998564 0.000003 -0.053567
vn 0.998564 0.000003 -0.053567
vn 0.998564 0.000003 -0.053567
vn 0.998564 0.000003 -0.053567
vn 0.059133 -0.000000 0.998250
vn 0.059133 0.000000 0.998250
vn 0.059133 -0.000000 0.998250
vn 0.059133 -0.000000 0.998250
vn -0.998564 0.000000 0.053567
vn -0.998564 0.000000 0.053567
vn -0.998564 0.000000 0.053567
vn -0.998564 0.000000 0.053567
vn -0.059132 -0.000001 -0.998250
vn -0.059132 -0.000001 -0.998250
vn -0.059132 -0.000001 -0.998250
vn -0.059132 -0.000001 -0.998250
vn 0.000001 -1.000000 0.000000
vn 0.000001 -1.000000 0.000000
vn 0.000001 -1.000000 0.000000
vn 0.000001 -1.000000 0.000000
vn 0.000000 1.000000 0.000000
vn 0.000000 1.000000 0.000000
vn 0.000000 1.000000 0.000000
vn 0.000000 1.000000 0.000000
vn 0.942932 0.328816 -0.052536
vn 0.832710 0.551733 -0.046736
vn 0.881031 0.470482 -0.049300
vn 0.942932 0.328816 -0.052536
vn -0.048788 0.515622 -0.855426
vn -0.038089 0.739837 -0.671708
vn -0.040539 0.699069 -0.713904
vn -0.048788 0.515622 -0.855426
vn -0.942933 0.328811 0.052536
vn -0.832712 0.551730 0.046735
vn -0.881033 0.470479 0.049300
vn -0.942933 0.328811 0.052536
vn 0.049940 0.515581 0.855384
vn 0.049940 0.515581 0.855384
vn 0.049940 0.515581 0.855384
vn 0.049940 0.515581 0.855384
vn -0.998415 0.000042 0.056283
vn -0.998415 0.000042 0.056283
vn -0.998415 0.000042 0.056283
vn -0.998415 0.000042 0.056283
vn -0.056280 0.000001 -0.998415
vn -0.056280 0.000001 -0.998415
vn -0.056280 0.000001 -0.998415
vn -0.056280 0.000001 -0.998415
vn 0.998415 -0.000063 -0.056280
vn 0.998415 -0.000063 -0.056280
vn 0.998415 -0.000063 -0.056280
vn 0.998415 -0.000063 -0.056280
vn 0.056280 0.000000 0.998415
vn 0.056280 0.000000 0.998415
vn 0.056280 0.000000 0.998415
vn 0.056280 0.000000 0.998415
vn -0.998415 0.000016 0.056282
vn -0.998415 0.000016 0.056282
vn -0.998415 0.000016 0.056282
vn -0.998415 0.000016 0.056282
vn 0.053202 0.000009 0.998584
vn 0.053202 0.000009 0.998584
vn 0.053202 0.000009 0.998584
vn 0.053202 0.000009 0.998584
vn 0.998415 0.000000 -0.056282
vn 0.998415 0.000000 -0.056282
vn 0.998415 0.000000 -0.056282
vn 0.998415 0.000000 -0.056282
vn -0.053202 0.000004 -0.998584
vn -0.053202 0.000004 -0.998584
vn -0.053202 0.000004 -0.998584
vn -0.053202 0.000004 -0.998584
vn 0.037824 -0.999282 -0.002133
vn 0.037824 -0.999282 -0.002133
vn 0.037824 -0.999282 -0.002133
vn 0.037824 -0.999282 -0.002133
vn 0.037827 0.999282 -0.002133
vn 0.037827 0.999282 -0.002133
vn 0.037827 0.999282 -0.002133
vn 0.037827 0.999282 -0.002133
vn -0.000956 -0.999838 -0.017990
vn -0.000956 -0.999838 -0.017990
vn -0.000956 -0.999838 -0.017990
vn -0.000956 -0.999838 -0.017990
vn -0.000967 0.999848 -0.017427
vn -0.000967 0.999848 -0.017427
vn -0.000967 0.999848 -0.017427
vn -0.000967 0.999848 -0.017427
vn -0.037822 -0.999282 0.002132
vn -0.037822 -0.999282 0.002132
vn -0.037822 -0.999282 0.002132
vn -0.037822 -0.999282 0.002132
vn -0.014075 0.999901 0.000793
vn -0.014075 0.999901 0.000793
vn -0.014075 0.999901 0.000793
vn -0.014075 0.999901 0.000793
vn 0.001011 0.999834 0.018217
vn 0.001011 0.999834 0.018217
vn 0.001011 0.999834 0.018217
vn 0.001011 0.999834 0.018217
vn 0.000956 -0.999838 0.017999
vn 0.000956 -0.999838 0.017999
vn 0.000956 -0.999838 0.017999
vn 0.000956 -0.999838 0.017999
vn 0.000000 1.000000 -0.000000
vn 0.000000 1.000000 -0.000000
vn 0.000000 1.000000 -0.000000
vn 0.000000 1.000000 -0.000000
vn 0.031474 0.846576 0.531336
vn 0.031474 0.846577 0.531336
vn 0.031474 0.846576 0.531336
vn 0.031474 0.846576 0.531336
vn 0.511410 0.858899 -0.027432
vn 0.511410 0.858899 -0.027432
vn 0.511410 0.858899 -0.027432
vn 0.511410 0.858899 -0.027432
vn -0.031474 0.846584 -0.531324
vn -0.031474 0.846584 -0.531324
vn -0.031474 0.846584 -0.531324
vn -0.031474 0.846584 -0.531324
vn -0.511402 0.858904 0.027432
vn -0.511402 0.858904 0.027432
vn -0.511402 0.858904 0.027432
vn -0.511402 0.858904 0.027432
vn 0.056222 0.309922 0.949098
vn 0.056222 0.309922 0.949098
vn 0.056222 0.309922 0.949098
vn 0.056222 0.309921 0.949098
vn 0.944335 0.325060 -0.050661
vn 0.944335 0.325060 -0.050661
vn 0.944335 0.325060 -0.050661
vn 0.944335 0.325060 -0.050661
vn -0.056221 0.309921 -0.949099
vn -0.056221 0.309921 -0.949099
vn -0.056221 0.309921 -0.949099
vn -0.056221 0.309921 -0.949099
vn -0.944338 0.325053 0.050657
vn -0.944338 0.325053 0.050657
vn -0.944338 0.325053 0.050657
vn -0.944338 0.325053 0.050657
vn -0.998415 0.000003 0.056283
vn -0.998415 0.000000 0.056283
vn -0.998415 0.000000 0.056283
vn -0.998415 0.000003 0.056283
vn -0.056281 0.000000 -0.998415
vn -0.056281 0.000000 -0.998415
vn -0.056281 0.000000 -0.998415
vn -0.056281 0.000000 -0.998415
vn 0.998415 0.000003 -0.056283
vn 0.998415 0.000003 -0.056283
vn 0.998415 0.000003 -0.056283
vn 0.998415 0.000003 -0.056283
vn 0.056281 -0.000002 0.998415
vn 0.056281 -0.000002 0.998415
vn 0.056281 -0.000002 0.998415
vn 0.056281 -0.000002 0.998415
vn -0.998415 0.000010 0.056282
vn -0.998415 0.000010 0.056282
vn -0.998415 0.000010 0.056282
vn -0.998415 0.000010 0.056282
vn 0.056281 0.000000 0.998415
vn 0.056281 0.000000 0.998415
vn 0.056281 0.000000 0.998415
vn 0.056281 0.000000 0.998415
vn 0.998415 0.000038 -0.056283
vn 0.998415 0.000038 -0.056283
vn 0.998415 0.000038 -0.056283
vn 0.998415 0.000038 -0.056283
vn -0.056281 0.000001 -0.998415
vn -0.056281 0.000001 -0.998415
vn -0.056281 0.000001 -0.998415
vn -0.056281 0.000001 -0.998415
vn -0.998415 0.000000 0.056282
vn -0.998415 0.000000 0.056282
vn -0.998415 0.000000 0.056282
vn -0.998415 0.000000 0.056282
vn 0.998415 0.000000 -0.056283
vn 0.998415 0.000000 -0.056283
vn 0.998415 0.000000 -0.056283
vn 0.998415 0.000000 -0.056283
vn -0.056281 -0.000000 -0.998415
vn -0.056281 -0.000000 -0.998415
vn -0.056281 -0.000000 -0.998415
vn -0.056281 -0.000000 -0.998415
vn -0.998415 0.000003 0.056283
vn -0.998415 0.000002 0.056283
vn -0.998415 0.000002 0.056283
vn -0.998415 0.000003 0.056283
vn 0.056281 -0.000001 0.998415
vn 0.056280 0.000001 0.998415
vn 0.056281 -0.000001 0.998415
vn 0.056281 -0.000001 0.998415
vn 0.998415 -0.000003 -0.056282
vn 0.998415 -0.000004 -0.056283
vn 0.998415 -0.000004 -0.056283
vn 0.998415 -0.000003 -0.056282
vn -0.056281 0.000000 -0.998415
vn -0.056281 -0.000000 -0.998415
vn -0.056281 -0.000000 -0.998415
vn -0.056281 0.000000 -0.998415
vn 0.056283 0.000001 0.998415
vn 0.056282 0.000001 0.998415
vn 0.056282 0.000001 0.998415
vn 0.056283 0.000001 0.998415
vn 0.056281 -0.000000 0.998415
vn 0.056280 0.000000 0.998415
vn 0.056280 0.000000 0.998415
vn 0.056281 -0.000000 0.998415
vn 0.056281 -0.000001 0.998415
vn 0.056282 -0.000002 0.998415
vn 0.056282 -0.000002 0.998415
vn 0.056281 -0.000001 0.998415
vn 0.056282 0.000003 0.998415
vn 0.056280 0.000001 0.998415
vn 0.056280 0.000000 0.998415
vn 0.056282 0.000003 0.998415
vn 0.056280 0.000000 0.998415
vn 0.056280 0.000000 0.998415
vn 0.056281 0.000001 0.998415
vn 0.056281 0.000001 0.998415
vn 0.056281 0.000001 0.998415
vn 0.056281 0.000000 0.998415
vn 0.998564 -0.000003 -0.053565
vn 0.998564 -0.000003 -0.053566
vn 0.998564 -0.000003 -0.053566
vn 0.998564 -0.000003 -0.053565
vn 0.059133 0.000000 0.998250
vn 0.059133 0.000000 0.998250
vn 0.059133 0.000000 0.998250
vn 0.059133 0.000000 0.998250
vn -0.998564 0.000003 0.053568
vn -0.998564 0.000003 0.053567
vn -0.998564 0.000003 0.053567
vn -0.998564 0.000003 0.053568
vn -0.059131 -0.000001 -0.998250
vn -0.059131 -0.000000 -0.998250
vn -0.059131 -0.000000 -0.998250
vn -0.059131 -0.000001 -0.998250
vn 0.998564 0.000003 -0.053567
vn 0.998564 -0.000000 -0.053567
vn 0.998564 -0.000000 -0.053567
vn 0.998564 0.000003 -0.053567
vn 0.059132 0.000000 0.998250
vn 0.059132 -0.000000 0.998250
vn 0.059132 -0.000000 0.998250
vn 0.059132 0.000000 0.998250
vn -0.998564 -0.000003 0.053567
vn -0.998564 -0.000002 0.053567
vn -0.998564 -0.000002 0.053567
vn -0.998564 -0.000003 0.053567
vn -0.059131 -0.000001 -0.998250
vn -0.059131 -0.000000 -0.998250
vn -0.059131 -0.000000 -0.998250
vn -0.059131 -0.000001 -0.998250
vn -0.000000 1.000000 -0.000000
vn -0.000000 1.000000 -0.000000
vn -0.000000 1.000000 -0.000000
vn -0.000000 1.000000 -0.000000
vn 0.059132 -0.000000 0.998250
vn 0.059132 -0.000000 0.998250
vn 0.059132 -0.000000 0.998250
vn 0.059132 -0.000000 0.998250
vn 0.059132 -0.000000 0.998250
vn 0.059132 -0.000000 0.998250
vn 0.059132 -0.000000 0.998250
vn 0.059132 -0.000000 0.998250
vn 0.059132 0.000000 0.998250
vn 0.059132 0.000000 0.998250
vn 0.059132 0.000000 0.998250
vn 0.059132 0.000000 0.998250
vn 0.000001 -1.000000 -0.000000
vn 0.000000 -1.000000 -0.000000
vn 0.000000 -1.000000 -0.000000
vn 0.000001 -1.000000 -0.000000
vn -0.059132 -0.000000 -0.998250
vn -0.059133 0.000000 -0.998250
vn -0.059133 0.000001 -0.998250
vn -0.059132 0.000001 -0.998250
vn -0.059132 0.000000 -0.998250
vn -0.059132 0.000000 -0.998250
vn -0.059132 0.000001 -0.998250
vn -0.059132 0.000001 -0.998250
vn -0.059133 0.000000 -0.998250
vn -0.059133 0.000000 -0.998250
vn -0.059133 0.000000 -0.998250
vn -0.059133 0.000000 -0.998250
vn 0.000000 -1.000000 0.000000
vn -0.000000 -1.000000 0.000000
vn -0.000000 -1.000000 0.000000
vn 0.000000 -1.000000 0.000000
vn 0.059134 0.000000 0.998250
vn 0.059133 0.000000 0.998250
vn 0.059132 -0.000000 0.998250
vn 0.059133 0.000000 0.998250
vn 0.059133 -0.000000 0.998250
vn 0.059133 -0.000000 0.998250
vn 0.059133 -0.000000 0.998250
vn 0.059134 -0.000001 0.998250
vn 0.059133 -0.000000 0.998250
vn 0.059133 0.000000 0.998250
vn 0.059133 0.000000 0.998250
vn 0.059133 -0.000000 0.998250
vn -0.000000 1.000000 -0.000000
vn -0.000000 1.000000 -0.000000
vn -0.000000 1.000000 -0.000000
vn -0.000000 1.000000 -0.000000
vn -0.059131 -0.000001 -0.998250
vn -0.059133 -0.000001 -0.998250
vn -0.059133 -0.000001 -0.998250
vn -0.059131 -0.000001 -0.998250
vn -0.059128 0.000001 -0.998250
vn -0.059132 0.000000 -0.998250
vn -0.059131 0.000001 -0.998250
vn -0.059128 0.000001 -0.998250
vn -0.984687 -0.000002 0.174330
vn -0.984687 -0.000002 0.174330
vn -0.984687 -0.000002 0.174330
vn -0.984687 -0.000002 0.174330
vn -0.009168 -0.986963 -0.160685
vn -0.009168 -0.986963 -0.160685
vn -0.009168 -0.986963 -0.160685
vn -0.009168 -0.986963 -0.160685
vn 0.999453 0.000000 -0.033069
vn 0.999453 0.000000 -0.033069
vn 0.999453 0.000000 -0.033069
vn 0.999453 0.000000 -0.033069
vn -0.010328 0.983426 -0.181016
vn -0.010328 0.983426 -0.181016
vn -0.010328 0.983426 -0.181016
vn -0.010328 0.983426 -0.181016
vn 0.085337 -0.996341 -0.004811
vn 0.085337 -0.996341 -0.004811
vn 0.085337 -0.996341 -0.004811
vn 0.085337 -0.996341 -0.004811
vn 0.085339 0.996340 -0.004810
vn 0.085339 0.996340 -0.004810
vn 0.085339 0.996340 -0.004810
vn 0.085339 0.996340 -0.004810
vn -0.002295 -0.999168 -0.040710
vn -0.002295 -0.999168 -0.040710
vn -0.002295 -0.999168 -0.040710
vn -0.002295 -0.999168 -0.040710
vn -0.002295 0.999168 -0.040708
vn -0.002295 0.999169 -0.040708
vn -0.002295 0.999169 -0.040708
vn -0.002295 0.999168 -0.040708
vn -0.085335 -0.996341 0.004810
vn -0.085335 -0.996341 0.004810
vn -0.085335 -0.996341 0.004810
vn -0.085335 -0.996341 0.004810
vn -0.085337 0.996341 0.004810
vn -0.085337 0.996341 0.004810
vn -0.085337 0.996341 0.004810
vn -0.085337 0.996341 0.004810
vn 0.002295 0.999168 0.040710
vn 0.002295 0.999168 0.040710
vn 0.002295 0.999168 0.040710
vn 0.002295 0.999168 0.040710
vn 0.002295 -0.999168 0.040708
vn 0.002295 -0.999168 0.040708
vn 0.002295 -0.999169 0.040708
vn 0.002295 -0.999168 0.040708
vn 0.012348 0.976533 0.215013
vn 0.014595 0.967013 0.254311
vn 0.015354 0.963408 0.267598
vn 0.012348 0.976533 0.215013
vn 0.367626 0.929751 -0.020339
vn 0.406883 0.913203 -0.022518
vn 0.513521 0.857606 -0.028437
vn 0.367626 0.929751 -0.020339
vn -0.012348 0.976534 -0.215010
vn -0.014595 0.967013 -0.254309
vn -0.015354 0.963408 -0.267597
vn -0.012348 0.976534 -0.215010
vn -0.367621 0.929753 0.020340
vn -0.406878 0.913205 0.022518
vn -0.513518 0.857607 0.028437
vn -0.367621 0.929753 0.020340
vn 0.026627 0.880276 0.473715
vn 0.037948 0.742061 0.669258
vn 0.040536 0.699139 0.713836
vn 0.026627 0.880276 0.473715
vn -0.026454 0.879780 -0.474644
vn -0.026454 0.879780 -0.474644
vn 0.718404 0.694419 -0.040959
vn 0.718404 0.694419 -0.040959
vn -0.712862 0.700133 0.040512
vn -0.708190 0.704880 0.040138
vn -0.718393 0.694431 0.040957
vn -0.718393 0.694431 0.040957
vn 0.056281 0.000000 0.998415
vn 0.056281 0.000000 0.998415
vn 0.056281 0.000000 0.998415
vn 0.056281 0.000000 0.998415
vn 0.056280 -0.000000 0.998415
vn 0.056280 -0.000000 0.998415
vn 0.056280 -0.000000 0.998415
vn 0.056280 -0.000000 0.998415
vn 0.056281 -0.000000 0.998415
vn 0.056281 -0.000000 0.998415
vn 0.056281 -0.000000 0.998415
vn 0.056281 -0.000000 0.998415
vn 0.000000 1.000000 0.000000
vn 0.000000 1.000000 0.000000
vn 0.000000 1.000000 0.000000
vn 0.000000 1.000000 0.000000
vn 0.000000 1.000000 -0.000000
vn 0.000000 1.000000 -0.000000
vn -0.000000 1.000000 -0.000000
vn -0.000000 1.000000 -0.000000
vn -0.000000 1.000000 -0.000000
vn -0.000000 1.000000 -0.000000
vn -0.056281 0.000000 -0.998415
vn -0.056281 0.000000 -0.998415
vn -0.056281 0.000000 -0.998415
vn -0.056281 0.000000 -0.998415
vn -0.056280 -0.000000 -0.998415
vn -0.056280 -0.000000 -0.998415
vn -0.056280 -0.000000 -0.998415
vn -0.056280 -0.000000 -0.998415
vn -0.056281 -0.000000 -0.998415
vn -0.056281 -0.000000 -0.998415
vn -0.056281 -0.000000 -0.998415
vn -0.056281 -0.000000 -0.998415
vn 0.998415 -0.000001 -0.056283
vn 0.998415 -0.000001 -0.056283
vn 0.998415 -0.000001 -0.056283
vn 0.998415 -0.000001 -0.056283
vn 0.998415 0.000001 -0.056283
vn 0.998415 0.000001 -0.056283
vn 0.998415 0.000001 -0.056283
vn 0.998415 0.000001 -0.056283
vn 0.998415 0.000002 -0.056282
vn 0.998415 0.000002 -0.056282
vn 0.998415 0.000002 -0.056282
vn 0.998415 0.000002 -0.056282
vn -0.998415 0.000000 0.056281
vn -0.998415 0.000000 0.056281
vn -0.998415 0.000000 0.056281
vn -0.998415 0.000000 0.056281
vn -0.998415 0.000000 0.056281
vn -0.998415 0.000000 0.056281
vn -0.998415 0.000000 0.056281
vn -0.998415 0.000000 0.056281
vn -0.998415 0.000001 0.056282
vn -0.998415 0.000001 0.056282
vn -0.998415 0.000001 0.056282
vn -0.998415 0.000001 0.056282
vn 0.022474 0.915384 0.401954
vn 0.021418 0.923627 0.382693
vn 0.018205 0.945859 0.324068
vn 0.018205 0.945859 0.324068
vn 0.018581 0.945854 0.324060
vn 0.014580 0.967083 0.254044
vn 0.015323 0.963561 0.267050
vn 0.018581 0.945854 0.324060
vn 0.018708 0.945089 0.326279
vn 0.018708 0.945089 0.326279
vn 0.717516 0.695348 -0.040773
vn 0.719595 0.693195 -0.040783
vn 0.721236 0.691488 -0.040790
vn 0.721235 0.691488 -0.040790
vn 0.721281 0.691488 -0.039967
vn 0.401389 0.915638 -0.022215
vn 0.517782 0.855032 -0.028673
vn 0.721281 0.691488 -0.039967
vn 0.704755 0.708375 -0.039054
vn 0.704755 0.708375 -0.039054
vn -0.998415 0.000021 0.056283
vn -0.998415 0.000021 0.056283
vn -0.998415 0.000021 0.056283
vn -0.998415 0.000021 0.056283
vn -0.998415 -0.000025 0.056282
vn -0.998415 -0.000025 0.056282
vn -0.998415 -0.000025 0.056282
vn -0.998415 -0.000025 0.056282
vn -0.998415 -0.000004 0.056282
vn -0.998415 -0.000004 0.056282
vn -0.998415 -0.000004 0.056282
vn -0.998415 -0.000004 0.056282
vn -0.052987 0.000003 -0.998595
vn -0.052987 0.000003 -0.998595
vn -0.052987 0.000003 -0.998595
vn -0.052987 0.000003 -0.998595
vn -0.052988 -0.000003 -0.998595
vn -0.052988 -0.000003 -0.998595
vn -0.052988 -0.000003 -0.998595
vn -0.052988 -0.000003 -0.998595
vn -0.052989 -0.000002 -0.998595
vn -0.052989 -0.000002 -0.998595
vn -0.052989 -0.000002 -0.998595
vn -0.052989 -0.000002 -0.998595
vn 0.998415 0.000057 -0.056281
vn 0.998415 0.000057 -0.056281
vn 0.998415 0.000057 -0.056281
vn 0.998415 0.000057 -0.056281
vn 0.998415 -0.000051 -0.056280
vn 0.998415 -0.000051 -0.056280
vn 0.998415 -0.000051 -0.056280
vn 0.998415 -0.000051 -0.056280
vn 0.998415 -0.000051 -0.056282
vn 0.998415 -0.000051 -0.056282
vn 0.998415 -0.000051 -0.056282
vn 0.998415 -0.000051 -0.056282
vn 0.052988 0.000002 0.998595
vn 0.052988 0.000002 0.998595
vn 0.052988 0.000002 0.998595
vn 0.052988 0.000002 0.998595
vn 0.052986 -0.000023 0.998595
vn 0.052986 -0.000023 0.998595
vn 0.052986 -0.000023 0.998595
vn 0.052986 -0.000023 0.998595
vn 0.052988 -0.000023 0.998595
vn 0.052988 -0.000023 0.998595
vn 0.052988 -0.000023 0.998595
vn 0.052988 -0.000023 0.998595
vn 0.182892 -0.983079 -0.010310
vn 0.182892 -0.983079 -0.010310
vn 0.182892 -0.983079 -0.010310
vn 0.182892 -0.983079 -0.010310
vn 0.182889 -0.983080 -0.010310
vn 0.182889 -0.983080 -0.010310
vn 0.182889 -0.983080 -0.010310
vn 0.182889 -0.983080 -0.010310
vn 0.182887 -0.983080 -0.010310
vn 0.182887 -0.983080 -0.010310
vn 0.182887 -0.983080 -0.010310
vn 0.182887 -0.983080 -0.010310
vn -0.721272 0.691498 0.039967
vn -0.401384 0.915640 0.022214
vn -0.517775 0.855037 0.028672
vn -0.721272 0.691498 0.039967
vn -0.704760 0.708371 0.039054
vn -0.704760 0.708371 0.039054
vn -0.704646 0.708439 0.039854
vn -0.704646 0.708439 0.039854
vn -0.018581 0.945854 -0.324062
vn -0.014580 0.967083 -0.254042
vn -0.015323 0.963561 -0.267049
vn -0.018581 0.945854 -0.324062
vn -0.018708 0.945088 -0.326281
vn -0.018708 0.945088 -0.326281
vn -0.018331 0.945087 -0.326305
vn -0.021496 0.923047 -0.384086
vn -0.022464 0.915472 -0.401755
vn -0.018331 0.945087 -0.326305
vn 0.004903 -0.996053 0.088622
vn 0.004903 -0.996053 0.088622
vn 0.004903 -0.996053 0.088622
vn 0.004903 -0.996053 0.088622
vn 0.004759 -0.996055 0.088610
vn 0.004759 -0.996055 0.088610
vn 0.004759 -0.996055 0.088610
vn 0.004759 -0.996055 0.088610
vn 0.004799 -0.995988 0.089362
vn 0.004799 -0.995988 0.089362
vn 0.004799 -0.995988 0.089362
vn 0.004799 -0.995988 0.089362
vn -0.107220 -0.994217 0.006044
vn -0.107220 -0.994217 0.006044
vn -0.107220 -0.994217 0.006044
vn -0.107220 -0.994217 0.006044
vn -0.107220 -0.994217 0.006044
vn -0.107220 -0.994217 0.006044
vn -0.107220 -0.994217 0.006044
vn -0.107220 -0.994217 0.006044
vn -0.107221 -0.994217 0.006044
vn -0.107221 -0.994217 0.006044
vn -0.107221 -0.994217 0.006044
vn -0.107221 -0.994217 0.006044
vn -0.004813 -0.996200 -0.086959
vn -0.004813 -0.996200 -0.086959
vn -0.004813 -0.996200 -0.086959
vn -0.004813 -0.996200 -0.086959
vn -0.004672 -0.996197 -0.087000
vn -0.004672 -0.996197 -0.087000
vn -0.004672 -0.996197 -0.087000
vn -0.004672 -0.996197 -0.087000
vn -0.004712 -0.996134 -0.087723
vn -0.004712 -0.996134 -0.087723
vn -0.004712 -0.996134 -0.087723
vn -0.004712 -0.996134 -0.087723
vn 0.998564 0.000003 -0.053565
vn 0.998564 0.000003 -0.053565
vn 0.998564 0.000003 -0.053565
vn 0.998564 0.000003 -0.053565
vn 0.998564 -0.000003 -0.053565
vn 0.998564 -0.000000 -0.053565
vn 0.998564 0.000000 -0.053565
vn 0.998564 -0.000003 -0.053565
vn 0.998564 -0.000003 -0.053567
vn 0.998564 -0.000003 -0.053567
vn 0.059133 0.000000 0.998250
vn 0.059133 0.000000 0.998250
vn 0.059133 0.000000 0.998250
vn 0.059133 0.000000 0.998250
vn 0.059131 0.000000 0.998250
vn 0.059131 0.000000 0.998250
vn 0.059131 0.000000 0.998250
vn 0.059131 0.000000 0.998250
vn 0.059131 -0.000000 0.998250
vn 0.059131 -0.000000 0.998250
vn 0.059131 -0.000000 0.998250
vn 0.059131 -0.000000 0.998250
vn -0.998564 -0.000001 0.053566
vn -0.998564 -0.000001 0.053566
vn -0.998564 -0.000001 0.053566
vn -0.998564 -0.000001 0.053566
vn -0.998564 0.000000 0.053566
vn -0.998564 -0.000003 0.053566
vn -0.998564 -0.000003 0.053566
vn -0.998564 0.000000 0.053566
vn -0.998564 -0.000001 0.053567
vn -0.998564 -0.000001 0.053567
vn -0.059134 -0.000001 -0.998250
vn -0.059131 -0.000001 -0.998250
vn -0.059131 -0.000001 -0.998250
vn -0.059134 -0.000001 -0.998250
vn -0.059134 -0.000000 -0.998250
vn -0.059134 0.000001 -0.998250
vn -0.059132 0.000001 -0.998250
vn -0.059132 0.000001 -0.998250
vn -0.000001 -1.000000 0.000000
vn -0.000000 -1.000000 0.000000
vn -0.000000 -1.000000 0.000000
vn -0.000001 -1.000000 0.000000
vn -0.000001 -1.000000 0.000000
vn -0.000001 -1.000000 0.000000
vn 0.000001 -1.000000 -0.000000
vn 0.000001 -1.000000 -0.000000
vn 0.000001 -1.000000 -0.000000
vn 0.000001 -1.000000 -0.000000
vn 0.000000 1.000000 -0.000001
vn 0.000000 1.000000 -0.000001
vn 0.000000 1.000000 -0.000001
vn 0.000000 1.000000 -0.000001
vn 0.000000 1.000000 0.000000
vn 0.000000 1.000000 0.000000
vn 0.000000 1.000000 0.000000
vn 0.000000 1.000000 0.000000
vn 0.000000 1.000000 0.000001
vn 0.000000 1.000000 0.000001
vn 0.000000 1.000000 0.000001
vn 0.000000 1.000000 0.000001
vn 0.883516 0.465785 -0.049439
vn 0.836133 0.546516 -0.046926
vn 0.945116 0.322464 -0.052656
vn 0.945116 0.322464 -0.052656
vn 0.945616 0.321141 -0.051756
vn 0.945616 0.321141 -0.051756
vn 0.945616 0.321141 -0.051756
vn 0.945616 0.321141 -0.051756
vn 0.944133 0.325649 -0.050646
vn 0.944133 0.325649 -0.050646
vn 0.944133 0.325649 -0.050646
vn 0.944133 0.325649 -0.050646
vn 0.942666 0.329738 -0.051507
vn 0.942666 0.329738 -0.051507
vn 0.942666 0.329738 -0.051507
vn 0.942666 0.329738 -0.051507
vn -0.040537 0.699137 -0.713838
vn -0.037949 0.742061 -0.669258
vn -0.048709 0.517896 -0.854056
vn -0.048709 0.517896 -0.854056
vn -0.049856 0.517945 -0.853960
vn -0.049856 0.517945 -0.853960
vn -0.049856 0.517945 -0.853960
vn -0.049856 0.517945 -0.853960
vn -0.049938 0.515581 -0.855384
vn -0.049938 0.515581 -0.855384
vn -0.049938 0.515581 -0.855384
vn -0.049938 0.515581 -0.855384
vn -0.883517 0.465783 0.049439
vn -0.836131 0.546520 0.046926
vn -0.945121 0.322451 0.052657
vn -0.945121 0.322451 0.052657
vn -0.945489 0.321532 0.051660
vn -0.945489 0.321532 0.051660
vn -0.945489 0.321532 0.051660
vn -0.945489 0.321532 0.051660
vn -0.944137 0.325639 0.050646
vn -0.944137 0.325639 0.050646
vn -0.944137 0.325639 0.050646
vn -0.944137 0.325639 0.050646
vn -0.942528 0.330120 0.051587
vn -0.942528 0.330120 0.051587
vn -0.942528 0.330120 0.051587
vn -0.942528 0.330120 0.051587
vn 0.048788 0.515624 0.855425
vn 0.038089 0.739837 0.671708
vn 0.040540 0.699067 0.713906
vn 0.048788 0.515624 0.855425
vn 0.048708 0.517898 0.854055
vn 0.048708 0.517898 0.854055
vn 0.049856 0.517946 0.853960
vn 0.049856 0.517946 0.853960
vn 0.049856 0.517945 0.853960
vn 0.049856 0.517946 0.853960
vn -0.998415 0.000039 0.056282
vn -0.998415 0.000039 0.056282
vn -0.998415 0.000039 0.056282
vn -0.998415 0.000039 0.056282
vn -0.998415 -0.000042 0.056282
vn -0.998415 -0.000042 0.056282
vn -0.998415 -0.000042 0.056282
vn -0.998415 -0.000042 0.056282
vn -0.998415 0.000000 0.056282
vn -0.998415 0.000000 0.056282
vn -0.998415 0.000000 0.056282
vn -0.998415 0.000000 0.056282
vn -0.056281 0.000000 -0.998415
vn -0.056281 0.000000 -0.998415
vn -0.056281 0.000000 -0.998415
vn -0.056281 0.000000 -0.998415
vn -0.056282 0.000001 -0.998415
vn -0.056282 0.000001 -0.998415
vn -0.056282 0.000001 -0.998415
vn -0.056282 0.000001 -0.998415
vn -0.056281 0.000003 -0.998415
vn -0.056281 0.000003 -0.998415
vn -0.056281 0.000003 -0.998415
vn -0.056281 0.000003 -0.998415
vn 0.998415 -0.000089 -0.056283
vn 0.998415 -0.000089 -0.056283
vn 0.998415 -0.000089 -0.056283
vn 0.998415 -0.000089 -0.056283
vn 0.998415 0.000084 -0.056282
vn 0.998415 0.000084 -0.056282
vn 0.998415 0.000084 -0.056282
vn 0.998415 0.000084 -0.056282
vn 0.998415 0.000063 -0.056280
vn 0.998415 0.000063 -0.056280
vn 0.998415 0.000063 -0.056280
vn 0.998415 0.000063 -0.056280
vn 0.056280 0.000000 0.998415
vn 0.056280 0.000000 0.998415
vn 0.056280 0.000000 0.998415
vn 0.056280 0.000000 0.998415
vn 0.056280 0.000008 0.998415
vn 0.056280 0.000008 0.998415
vn 0.056280 0.000008 0.998415
vn 0.056280 0.000008 0.998415
vn 0.056280 -0.000008 0.998415
vn 0.056280 -0.000008 0.998415
vn 0.056280 -0.000008 0.998415
vn 0.056280 -0.000008 0.998415
vn -0.998415 0.000033 0.056282
vn -0.998415 0.000033 0.056282
vn -0.998415 0.000033 0.056282
vn -0.998415 0.000033 0.056282
vn -0.998415 -0.000033 0.056282
vn -0.998415 -0.000033 0.056282
vn -0.998415 -0.000033 0.056282
vn -0.998415 -0.000033 0.056282
vn -0.998415 -0.000016 0.056283
vn -0.998415 -0.000016 0.056283
vn -0.998415 -0.000016 0.056283
vn -0.998415 -0.000016 0.056283
vn 0.053201 0.000009 0.998584
vn 0.053201 0.000009 0.998584
vn 0.053201 0.000009 0.998584
vn 0.053201 0.000009 0.998584
vn 0.053200 -0.000008 0.998584
vn 0.053200 -0.000008 0.998584
vn 0.053200 -0.000008 0.998584
vn 0.053200 -0.000008 0.998584
vn 0.053201 -0.000009 0.998584
vn 0.053201 -0.000009 0.998584
vn 0.053201 -0.000009 0.998584
vn 0.053201 -0.000009 0.998584
vn 0.998415 -0.000004 -0.056282
vn 0.998415 -0.000004 -0.056282
vn 0.998415 -0.000004 -0.056282
vn 0.998415 -0.000004 -0.056282
vn 0.998415 0.000000 -0.056281
vn 0.998415 0.000000 -0.056281
vn 0.998415 0.000000 -0.056281
vn 0.998415 0.000000 -0.056281
vn 0.998415 -0.000004 -0.056281
vn 0.998415 -0.000004 -0.056281
vn 0.998415 -0.000004 -0.056281
vn 0.998415 -0.000004 -0.056281
vn -0.053201 0.000004 -0.998584
vn -0.053201 0.000004 -0.998584
vn -0.053201 0.000004 -0.998584
vn -0.053201 0.000004 -0.998584
vn -0.053201 -0.000004 -0.998584
vn -0.053201 -0.000004 -0.998584
vn -0.053201 -0.000004 -0.998584
vn -0.053201 -0.000004 -0.998584
vn -0.053202 -0.000004 -0.998584
vn -0.053202 -0.000004 -0.998584
vn -0.053202 -0.000004 -0.998584
vn -0.053202 -0.000004 -0.998584
vn 0.037824 -0.999282 -0.002132
vn 0.037824 -0.999282 -0.002132
vn 0.037824 -0.999282 -0.002132
vn 0.037824 -0.999282 -0.002132
vn 0.037826 -0.999282 -0.002132
vn 0.037826 -0.999282 -0.002132
vn 0.037826 -0.999282 -0.002132
vn 0.037826 -0.999282 -0.002132
vn 0.037827 -0.999282 -0.002133
vn 0.037827 -0.999282 -0.002133
vn 0.037827 -0.999282 -0.002133
vn 0.037827 -0.999282 -0.002133
vn 0.037827 0.999282 -0.002133
vn 0.037827 0.999282 -0.002133
vn 0.037827 0.999282 -0.002133
vn 0.037827 0.999282 -0.002133
vn 0.037822 0.999282 -0.002132
vn 0.037822 0.999282 -0.002132
vn 0.037822 0.999282 -0.002132
vn 0.037822 0.999282 -0.002132
vn 0.037822 0.999282 -0.002132
vn 0.037822 0.999282 -0.002132
vn 0.037822 0.999282 -0.002132
vn 0.037822 0.999282 -0.002132
vn -0.000957 -0.999837 -0.018016
vn -0.000957 -0.999837 -0.018016
vn -0.000957 -0.999837 -0.018016
vn -0.000957 -0.999837 -0.018016
vn -0.000959 -0.999837 -0.018026
vn -0.000959 -0.999837 -0.018026
vn -0.000959 -0.999837 -0.018026
vn -0.000959 -0.999837 -0.018026
vn -0.000958 -0.999838 -0.017998
vn -0.000958 -0.999838 -0.017998
vn -0.000958 -0.999838 -0.017998
vn -0.000958 -0.999838 -0.017998
vn -0.000987 0.999841 -0.017796
vn -0.000987 0.999841 -0.017796
vn -0.000987 0.999841 -0.017796
vn -0.000987 0.999841 -0.017796
vn -0.000961 0.999841 -0.017811
vn -0.000961 0.999841 -0.017811
vn -0.000961 0.999841 -0.017811
vn -0.000961 0.999841 -0.017811
vn -0.000941 0.999847 -0.017445
vn -0.000941 0.999847 -0.017445
vn -0.000941 0.999847 -0.017445
vn -0.000941 0.999847 -0.017445
vn -0.037822 -0.999282 0.002132
vn -0.037822 -0.999282 0.002132
vn -0.037822 -0.999282 0.002132
vn -0.037822 -0.999282 0.002132
vn -0.037827 -0.999282 0.002133
vn -0.037827 -0.999282 0.002133
vn -0.037827 -0.999282 0.002133
vn -0.037827 -0.999282 0.002133
vn -0.037827 -0.999282 0.002133
vn -0.037827 -0.999282 0.002133
vn -0.037827 -0.999282 0.002133
vn -0.037827 -0.999282 0.002133
vn -0.014075 0.999901 0.000794
vn -0.014075 0.999901 0.000794
vn -0.014075 0.999901 0.000794
vn -0.014075 0.999901 0.000794
vn -0.014072 0.999901 0.000793
vn -0.014071 0.999901 0.000793
vn -0.014071 0.999901 0.000793
vn -0.014071 0.999901 0.000793
vn -0.014071 0.999901 0.000793
vn -0.014071 0.999901 0.000793
vn -0.014071 0.999901 0.000793
vn -0.014071 0.999901 0.000793
vn 0.001033 0.999826 0.018618
vn 0.001033 0.999826 0.018618
vn 0.001033 0.999826 0.018618
vn 0.001033 0.999826 0.018618
vn 0.001004 0.999826 0.018607
vn 0.001004 0.999826 0.018607
vn 0.001004 0.999826 0.018607
vn 0.001004 0.999826 0.018607
vn 0.000983 0.999834 0.018209
vn 0.000983 0.999834 0.018209
vn 0.000983 0.999834 0.018209
vn 0.000983 0.999834 0.018209
vn 0.000957 -0.999837 0.018022
vn 0.000957 -0.999837 0.018022
vn 0.000957 -0.999837 0.018022
vn 0.000957 -0.999837 0.018022
vn 0.000959 -0.999837 0.018022
vn 0.000959 -0.999837 0.018022
vn 0.000959 -0.999837 0.018022
vn 0.000959 -0.999837 0.018022
vn 0.000958 -0.999838 0.017990
vn 0.000958 -0.999838 0.017990
vn 0.000958 -0.999838 0.017990
vn 0.000958 -0.999838 0.017990
vn 0.000000 1.000000 0.000000
vn 0.000000 1.000000 0.000000
vn 0.000000 1.000000 0.000000
vn 0.000000 1.000000 0.000000
vn 0.000000 1.000000 -0.000000
vn 0.000000 1.000000 -0.000000
vn 0.000000 1.000000 -0.000000
vn 0.000000 1.000000 -0.000000
vn 0.000000 1.000000 0.000000
vn 0.000000 1.000000 0.000000
vn 0.000000 1.000000 0.000000
vn 0.000000 1.000000 0.000000
vn 0.031474 0.846577 0.531335
vn 0.031474 0.846577 0.531335
vn 0.031474 0.846577 0.531335
vn 0.031474 0.846577 0.531335
vn 0.031474 0.846584 0.531323
vn 0.031474 0.846584 0.531323
vn 0.031474 0.846585 0.531323
vn 0.031474 0.846585 0.531323
vn 0.031473 0.846588 0.531317
vn 0.031473 0.846588 0.531317
vn 0.031473 0.846588 0.531317
vn 0.031473 0.846588 0.531317
vn 0.511411 0.858898 -0.027436
vn 0.511411 0.858898 -0.027436
vn 0.511411 0.858898 -0.027436
vn 0.511411 0.858898 -0.027436
vn 0.511386 0.858913 -0.027435
vn 0.511386 0.858913 -0.027435
vn 0.511386 0.858913 -0.027435
vn 0.511386 0.858913 -0.027435
vn 0.511398 0.858906 -0.027430
vn 0.511398 0.858906 -0.027430
vn 0.511398 0.858906 -0.027430
vn 0.511398 0.858906 -0.027430
vn -0.031474 0.846582 -0.531328
vn -0.031474 0.846582 -0.531328
vn -0.031474 0.846582 -0.531327
vn -0.031474 0.846582 -0.531328
vn -0.031474 0.846579 -0.531332
vn -0.031474 0.846579 -0.531332
vn -0.031474 0.846579 -0.531332
vn -0.031474 0.846579 -0.531332
vn -0.031473 0.846579 -0.531332
vn -0.031473 0.846579 -0.531332
vn -0.031473 0.846579 -0.531332
vn -0.031473 0.846579 -0.531332
vn -0.511397 0.858907 0.027433
vn -0.511397 0.858907 0.027433
vn -0.511397 0.858907 0.027433
vn -0.511397 0.858907 0.027433
vn -0.511402 0.858904 0.027433
vn -0.511402 0.858904 0.027433
vn -0.511402 0.858904 0.027433
vn -0.511402 0.858904 0.027433
vn -0.511389 0.858911 0.027431
vn -0.511389 0.858911 0.027431
vn -0.511389 0.858911 0.027431
vn -0.511389 0.858911 0.027431
vn 0.056220 0.309923 0.949098
vn 0.056220 0.309923 0.949098
vn 0.056220 0.309923 0.949098
vn 0.056220 0.309923 0.949098
vn 0.056220 0.309920 0.949099
vn 0.056220 0.309920 0.949099
vn 0.056220 0.309920 0.949099
vn 0.056220 0.309920 0.949099
vn 0.056222 0.309918 0.949099
vn 0.056222 0.309918 0.949099
vn 0.056222 0.309918 0.949099
vn 0.056222 0.309918 0.949099
vn 0.944340 0.325049 -0.050654
vn 0.944340 0.325049 -0.050654
vn 0.944340 0.325049 -0.050654
vn 0.944340 0.325049 -0.050654
vn 0.944342 0.325044 -0.050649
vn 0.944342 0.325044 -0.050649
vn 0.944342 0.325044 -0.050649
vn 0.944342 0.325044 -0.050649
vn 0.944342 0.325041 -0.050664
vn 0.944342 0.325041 -0.050664
vn 0.944342 0.325041 -0.050664
vn 0.944342 0.325041 -0.050664
vn -0.056221 0.309922 -0.949098
vn -0.056221 0.309922 -0.949098
vn -0.056221 0.309922 -0.949098
vn -0.056221 0.309922 -0.949098
vn -0.056221 0.309922 -0.949098
vn -0.056221 0.309922 -0.949098
vn -0.056221 0.309922 -0.949098
vn -0.056221 0.309922 -0.949098
vn -0.056221 0.309923 -0.949098
vn -0.056221 0.309923 -0.949098
vn -0.056221 0.309923 -0.949098
vn -0.056221 0.309923 -0.949098
vn -0.944339 0.325052 0.050655
vn -0.944338 0.325052 0.050655
vn -0.944339 0.325052 0.050655
vn -0.944339 0.325052 0.050655
vn -0.944341 0.325046 0.050654
vn -0.944341 0.325046 0.050654
vn -0.944341 0.325046 0.050654
vn -0.944341 0.325046 0.050654
vn -0.944339 0.325051 0.050656
vn -0.944339 0.325051 0.050656
vn -0.944339 0.325051 0.050656
vn -0.944339 0.325051 0.050656
vn -0.998415 -0.000000 0.056280
vn -0.998415 -0.000000 0.056280
vn -0.998415 0.000006 0.056280
vn -0.998415 0.000006 0.056280
vn -0.998415 -0.000006 0.056280
vn -0.998415 -0.000006 0.056280
vn -0.998415 -0.000006 0.056280
vn -0.998415 -0.000006 0.056280
vn -0.998415 -0.000003 0.056283
vn -0.998415 -0.000003 0.056283
vn -0.998415 -0.000003 0.056283
vn -0.998415 -0.000003 0.056283
vn -0.056281 0.000001 -0.998415
vn -0.056281 0.000001 -0.998415
vn -0.056281 0.000001 -0.998415
vn -0.056281 0.000001 -0.998415
vn -0.056281 -0.000001 -0.998415
vn -0.056281 -0.000000 -0.998415
vn -0.056281 -0.000000 -0.998415
vn -0.056281 -0.000001 -0.998415
vn -0.056281 -0.000000 -0.998415
vn -0.056281 -0.000000 -0.998415
vn 0.998415 0.000001 -0.056282
vn 0.998415 0.000001 -0.056282
vn 0.998415 0.000005 -0.056282
vn 0.998415 0.000005 -0.056282
vn 0.998415 -0.000006 -0.056282
vn 0.998415 -0.000006 -0.056282
vn 0.998415 -0.000006 -0.056282
vn 0.998415 -0.000006 -0.056282
vn 0.998415 -0.000004 -0.056283
vn 0.998415 -0.000004 -0.056283
vn 0.998415 -0.000004 -0.056283
vn 0.998415 -0.000004 -0.056283
vn 0.056280 0.000001 0.998415
vn 0.056280 0.000001 0.998415
vn 0.056280 0.000001 0.998415
vn 0.056280 0.000001 0.998415
vn 0.056279 0.000001 0.998415
vn 0.056280 0.000001 0.998415
vn 0.056279 0.000001 0.998415
vn 0.056280 0.000000 0.998415
vn 0.056280 0.000000 0.998415
vn -0.998415 0.000018 0.056282
vn -0.998415 0.000018 0.056282
vn -0.998415 0.000018 0.056282
vn -0.998415 0.000018 0.056282
vn -0.998415 -0.000019 0.056282
vn -0.998415 -0.000019 0.056282
vn -0.998415 -0.000019 0.056282
vn -0.998415 -0.000019 0.056282
vn -0.998415 -0.000011 0.056282
vn -0.998415 -0.000011 0.056282
vn -0.998415 -0.000011 0.056282
vn -0.998415 -0.000011 0.056282
vn 0.056280 0.000001 0.998415
vn 0.056280 0.000001 0.998415
vn 0.056280 0.000001 0.998415
vn 0.056280 0.000001 0.998415
vn 0.056280 0.000003 0.998415
vn 0.056280 0.000003 0.998415
vn 0.056280 0.000003 0.998415
vn 0.056280 0.000003 0.998415
vn 0.056281 0.000001 0.998415
vn 0.056281 0.000001 0.998415
vn 0.056281 0.000001 0.998415
vn 0.056281 0.000001 0.998415
vn 0.998415 0.000023 -0.056282
vn 0.998415 0.000023 -0.056282
vn 0.998415 0.000023 -0.056282
vn 0.998415 0.000023 -0.056282
vn 0.998415 0.000000 -0.056281
vn 0.998415 0.000000 -0.056281
vn 0.998415 0.000000 -0.056281
vn 0.998415 0.000000 -0.056281
vn 0.998415 0.000014 -0.056282
vn 0.998415 0.000014 -0.056282
vn 0.998415 0.000014 -0.056282
vn 0.998415 0.000014 -0.056282
vn -0.056280 0.000002 -0.998415
vn -0.056280 0.000002 -0.998415
vn -0.056280 0.000002 -0.998415
vn -0.056280 0.000002 -0.998415
vn -0.056281 -0.000002 -0.998415
vn -0.056281 -0.000002 -0.998415
vn -0.056281 -0.000002 -0.998415
vn -0.056281 -0.000002 -0.998415
vn -0.056281 -0.000001 -0.998415
vn -0.056281 -0.000001 -0.998415
vn -0.056281 -0.000001 -0.998415
vn -0.056281 -0.000001 -0.998415
vn -0.998415 0.000000 0.056281
vn -0.998415 0.000000 0.056281
vn -0.998415 0.000000 0.056281
vn -0.998415 0.000000 0.056281
vn -0.998415 0.000000 0.056281
vn -0.998415 0.000003 0.056281
vn -0.998415 0.000003 0.056281
vn -0.998415 0.000000 0.056281
vn -0.998415 0.000000 0.056283
vn -0.998415 0.000000 0.056283
vn 0.998415 0.000007 -0.056282
vn 0.998415 0.000007 -0.056282
vn 0.998415 0.000007 -0.056282
vn 0.998415 0.000007 -0.056282
vn 0.998415 -0.000007 -0.056282
vn 0.998415 -0.000002 -0.056282
vn 0.998415 -0.000002 -0.056282
vn 0.998415 -0.000007 -0.056282
vn 0.998415 -0.000004 -0.056283
vn 0.998415 -0.000004 -0.056283
vn -0.056281 -0.000000 -0.998415
vn -0.056281 -0.000000 -0.998415
vn -0.056281 -0.000000 -0.998415
vn -0.056281 -0.000000 -0.998415
vn -0.056281 0.000000 -0.998415
vn -0.056281 0.000000 -0.998415
vn -0.056281 0.000000 -0.998415
vn -0.056281 0.000000 -0.998415
vn -0.056281 0.000000 -0.998415
vn -0.056281 0.000000 -0.998415
vn -0.056281 0.000000 -0.998415
vn -0.056281 0.000000 -0.998415
vn -0.998415 0.000006 0.056280
vn -0.998415 0.000006 0.056280
vn -0.998415 -0.000006 0.056280
vn -0.998415 -0.000006 0.056280
vn -0.998415 -0.000003 0.056283
vn -0.998415 -0.000003 0.056283
vn 0.056281 0.000001 0.998415
vn 0.056281 0.000001 0.998415
vn 0.056281 0.000000 0.998415
vn 0.056281 0.000000 0.998415
vn 0.056280 0.000001 0.998415
vn 0.056280 0.000001 0.998415
vn 0.056281 -0.000001 0.998415
vn 0.056281 -0.000000 0.998415
vn 0.056281 -0.000001 0.998415
vn 0.056281 -0.000001 0.998415
vn 0.998415 0.000002 -0.056282
vn 0.998415 0.000002 -0.056282
vn 0.998415 -0.000003 -0.056282
vn 0.998415 -0.000003 -0.056282
vn 0.998415 0.000002 -0.056282
vn 0.998415 0.000002 -0.056282
vn -0.056281 0.000001 -0.998415
vn -0.056281 0.000001 -0.998415
vn -0.056281 -0.000001 -0.998415
vn -0.056281 -0.000001 -0.998415
vn -0.056281 -0.000000 -0.998415
vn -0.056281 -0.000000 -0.998415
vn 0.056280 0.000001 0.998415
vn 0.056279 0.000000 0.998415
vn 0.056282 -0.000001 0.998415
vn 0.056282 -0.000001 0.998415
vn 0.056281 0.000000 0.998415
vn 0.056281 0.000000 0.998415
vn 0.056281 0.000000 0.998415
vn 0.056280 -0.000001 0.998415
vn 0.056279 0.000001 0.998415
vn 0.056281 -0.000001 0.998415
vn 0.056281 -0.000001 0.998415
vn 0.056281 0.000001 0.998415
vn 0.056281 0.000001 0.998415
vn 0.056281 0.000001 0.998415
vn 0.056281 0.000001 0.998415
vn 0.056278 0.000001 0.998415
vn 0.056278 0.000000 0.998415
vn 0.056284 -0.000003 0.998415
vn 0.056284 -0.000003 0.998415
vn 0.056281 -0.000003 0.998415
vn 0.056281 -0.000002 0.998415
vn 0.056281 -0.000002 0.998415
vn 0.056281 -0.000003 0.998415
vn 0.056280 0.000001 0.998415
vn 0.056280 0.000001 0.998415
vn 0.056279 0.000002 0.998415
vn 0.056279 0.000002 0.998415
vn 0.056282 0.000001 0.998415
vn 0.056282 0.000001 0.998415
vn 0.056281 -0.000001 0.998415
vn 0.056281 -0.000001 0.998415
vn 0.998564 -0.000003 -0.053566
vn 0.998564 -0.000003 -0.053566
vn 0.998564 -0.000003 -0.053567
vn 0.998564 -0.000003 -0.053567
vn 0.998564 0.000003 -0.053567
vn 0.998564 0.000003 -0.053567
vn 0.998564 0.000003 -0.053567
vn 0.998564 0.000003 -0.053567
vn 0.998564 0.000003 -0.053565
vn 0.998564 0.000003 -0.053565
vn 0.998564 0.000003 -0.053565
vn 0.998564 0.000003 -0.053565
vn 0.059133 0.000000 0.998250
vn 0.059132 0.000000 0.998250
vn 0.059132 0.000000 0.998250
vn 0.059132 0.000000 0.998250
vn 0.059132 0.000000 0.998250
vn 0.059132 0.000000 0.998250
vn 0.059132 0.000001 0.998250
vn 0.059132 0.000001 0.998250
vn 0.059132 0.000001 0.998250
vn 0.059132 0.000001 0.998250
vn -0.998564 0.000004 0.053566
vn -0.998564 0.000004 0.053566
vn -0.998564 0.000002 0.053565
vn -0.998564 0.000002 0.053565
vn -0.998564 -0.000003 0.053565
vn -0.998564 -0.000003 0.053565
vn -0.998564 -0.000003 0.053565
vn -0.998564 -0.000003 0.053565
vn -0.998564 -0.000004 0.053568
vn -0.998564 -0.000004 0.053568
vn -0.998564 -0.000004 0.053568
vn -0.998564 -0.000004 0.053568
vn -0.059134 -0.000000 -0.998250
vn -0.059133 -0.000000 -0.998250
vn -0.059132 -0.000001 -0.998250
vn -0.059134 -0.000001 -0.998250
vn -0.059134 -0.000001 -0.998250
vn -0.059134 -0.000001 -0.998250
vn -0.059131 -0.000001 -0.998250
vn -0.059131 -0.000001 -0.998250
vn -0.059131 -0.000001 -0.998250
vn -0.059131 -0.000001 -0.998250
vn 0.998564 0.000003 -0.053565
vn 0.998564 0.000003 -0.053565
vn 0.998564 -0.000003 -0.053565
vn 0.998564 -0.000003 -0.053565
vn 0.998564 -0.000003 -0.053567
vn 0.998564 -0.000003 -0.053567
vn 0.059132 0.000000 0.998250
vn 0.059132 0.000000 0.998250
vn 0.059132 0.000000 0.998250
vn 0.059132 0.000000 0.998250
vn 0.059132 0.000000 0.998250
vn 0.059132 0.000000 0.998250
vn -0.998564 -0.000006 0.053567
vn -0.998564 -0.000006 0.053567
vn -0.998564 0.000006 0.053567
vn -0.998564 0.000006 0.053567
vn -0.998564 0.000003 0.053567
vn -0.998564 0.000003 0.053567
vn -0.059134 -0.000001 -0.998250
vn -0.059134 -0.000001 -0.998250
vn -0.059134 0.000001 -0.998250
vn -0.059134 0.000001 -0.998250
vn -0.059131 0.000001 -0.998250
vn -0.059131 0.000001 -0.998250
vn 0.000000 1.000000 0.000000
vn 0.000000 1.000000 0.000000
vn -0.000000 1.000000 0.000000
vn -0.000000 1.000000 0.000000
vn 0.000000 1.000000 0.000000
vn 0.000000 1.000000 0.000000
vn 0.000000 1.000000 0.000000
vn 0.000000 1.000000 0.000000
vn 0.000000 1.000000 -0.000000
vn 0.000000 1.000000 -0.000000
vn 0.000000 1.000000 -0.000000
vn 0.000000 1.000000 -0.000000
vn 0.059133 -0.000000 0.998250
vn 0.059133 -0.000000 0.998250
vn 0.059133 -0.000000 0.998250
vn 0.059133 0.000000 0.998250
vn 0.059133 0.000000 0.998250
vn 0.059132 0.000000 0.998250
vn 0.059132 0.000000 0.998250
vn 0.059132 0.000000 0.998250
vn 0.059132 0.000000 0.998250
vn 0.059132 -0.000000 0.998250
vn 0.059133 0.000000 0.998250
vn 0.059133 -0.000000 0.998250
vn 0.059133 0.000000 0.998250
vn 0.059132 0.000000 0.998250
vn 0.059132 0.000000 0.998250
vn 0.059131 0.000000 0.998250
vn 0.059132 0.000000 0.998250
vn 0.059132 0.000000 0.998250
vn 0.059131 0.000000 0.998250
vn 0.059131 -0.000000 0.998250
vn 0.059133 -0.000000 0.998250
vn 0.059133 -0.000000 0.998250
vn 0.000000 -1.000000 0.000000
vn 0.000000 -1.000000 0.000000
vn 0.000001 -1.000000 0.000000
vn 0.000001 -1.000000 0.000000
vn -0.000001 -1.000000 0.000000
vn -0.000001 -1.000000 0.000000
vn -0.000001 -1.000000 0.000000
vn -0.000001 -1.000000 0.000000
vn -0.000001 -1.000000 -0.000000
vn -0.000001 -1.000000 -0.000000
vn -0.000001 -1.000000 -0.000000
vn -0.000001 -1.000000 -0.000000
vn -0.059133 -0.000001 -0.998250
vn -0.059133 -0.000001 -0.998250
vn -0.059132 -0.000001 -0.998250
vn -0.059132 -0.000001 -0.998250
vn -0.059134 -0.000001 -0.998250
vn -0.059134 -0.000001 -0.998250
vn -0.059134 -0.000001 -0.998250
vn -0.059134 -0.000001 -0.998250
vn -0.059134 0.000001 -0.998250
vn -0.059134 -0.000000 -0.998250
vn -0.059134 -0.000000 -0.998250
vn -0.059134 0.000001 -0.998250
vn -0.059132 -0.000001 -0.998250
vn -0.059132 -0.000001 -0.998250
vn -0.059135 -0.000001 -0.998250
vn -0.059135 -0.000001 -0.998250
vn -0.059135 0.000001 -0.998250
vn -0.059134 0.000000 -0.998250
vn -0.059134 0.000000 -0.998250
vn -0.059135 0.000001 -0.998250
vn -0.059133 -0.000000 -0.998250
vn -0.059133 -0.000000 -0.998250
vn -0.059133 -0.000000 -0.998250
vn -0.059133 -0.000000 -0.998250
vn -0.059133 0.000000 -0.998250
vn -0.059133 0.000000 -0.998250
vn -0.059133 0.000000 -0.998250
vn -0.059133 0.000000 -0.998250
vn 0.000000 -1.000000 0.000000
vn 0.000000 -1.000000 0.000000
vn 0.000000 -1.000000 -0.000000
vn 0.000000 -1.000000 -0.000000
vn 0.000000 -1.000000 0.000000
vn 0.000000 -1.000000 0.000000
vn 0.059133 0.000000 0.998250
vn 0.059133 0.000000 0.998250
vn 0.059133 0.000000 0.998250
vn 0.059133 0.000000 0.998250
vn 0.059133 0.000000 0.998250
vn 0.059133 0.000000 0.998250
vn 0.059134 0.000001 0.998250
vn 0.059132 0.000001 0.998250
vn 0.059133 -0.000000 0.998250
vn 0.059132 -0.000001 0.998250
vn 0.059133 0.000000 0.998250
vn 0.059133 0.000000 0.998250
vn 0.059133 -0.000000 0.998250
vn 0.059133 -0.000000 0.998250
vn -0.000000 1.000000 0.000000
vn -0.000000 1.000000 0.000000
vn 0.000000 1.000000 0.000000
vn 0.000000 1.000000 0.000000
vn 0.000000 1.000000 -0.000000
vn 0.000000 1.000000 -0.000000
vn -0.059130 0.000000 -0.998250
vn -0.059130 0.000000 -0.998250
vn -0.059133 0.000000 -0.998250
vn -0.059133 0.000000 -0.998250
vn -0.059133 0.000000 -0.998250
vn -0.059133 0.000000 -0.998250
vn -0.059128 -0.000001 -0.998250
vn -0.059128 -0.000001 -0.998250
vn -0.059135 -0.000001 -0.998250
vn -0.059135 -0.000001 -0.998250
vn -0.059135 0.000001 -0.998250
vn -0.059135 0.000001 -0.998250
vn -0.984687 0.000002 0.174330
vn -0.984687 0.000002 0.174330
vn -0.984687 0.000002 0.174330
vn -0.984687 0.000002 0.174330
vn -0.984684 0.000003 0.174349
vn -0.984684 0.000003 0.174349
vn -0.984684 0.000003 0.174349
vn -0.984684 0.000003 0.174349
vn -0.984684 -0.000002 0.174349
vn -0.984684 -0.000002 0.174349
vn -0.984684 -0.000002 0.174349
vn -0.984684 -0.000002 0.174349
vn -0.009209 -0.986846 -0.161404
vn -0.009209 -0.986845 -0.161404
vn -0.009209 -0.986846 -0.161404
vn -0.009209 -0.986845 -0.161404
vn -0.009439 -0.986847 -0.161384
vn -0.009439 -0.986847 -0.161384
vn -0.009439 -0.986847 -0.161384
vn -0.009439 -0.986847 -0.161384
vn -0.009397 -0.986966 -0.160657
vn -0.009397 -0.986966 -0.160657
vn -0.009397 -0.986966 -0.160657
vn -0.009397 -0.986966 -0.160657
vn 0.999453 0.000000 -0.033069
vn 0.999453 0.000000 -0.033069
vn 0.999453 0.000000 -0.033069
vn 0.999453 0.000000 -0.033069
vn 0.999453 -0.000002 -0.033067
vn 0.999453 -0.000002 -0.033067
vn 0.999453 -0.000002 -0.033067
vn 0.999453 -0.000002 -0.033067
vn 0.999453 0.000002 -0.033067
vn 0.999453 0.000002 -0.033067
vn 0.999453 0.000002 -0.033067
vn 0.999453 0.000002 -0.033067
vn -0.010283 0.983574 -0.180215
vn -0.010283 0.983574 -0.180215
vn -0.010283 0.983574 -0.180215
vn -0.010283 0.983574 -0.180215
vn -0.010540 0.983576 -0.180189
vn -0.010540 0.983576 -0.180189
vn -0.010540 0.983576 -0.180189
vn -0.010540 0.983576 -0.180189
vn -0.010585 0.983427 -0.180994
vn -0.010585 0.983427 -0.180994
vn -0.010585 0.983427 -0.180994
vn -0.010585 0.983427 -0.180994
vn 0.085339 -0.996340 -0.004810
vn 0.085339 -0.996340 -0.004810
vn 0.085339 -0.996340 -0.004810
vn 0.085339 -0.996340 -0.004810
vn 0.085334 -0.996341 -0.004810
vn 0.085334 -0.996341 -0.004810
vn 0.085334 -0.996341 -0.004810
vn 0.085334 -0.996341 -0.004810
vn 0.085331 -0.996341 -0.004810
vn 0.085331 -0.996341 -0.004810
vn 0.085331 -0.996341 -0.004810
vn 0.085331 -0.996341 -0.004810
vn 0.085337 0.996341 -0.004811
vn 0.085337 0.996341 -0.004811
vn 0.085337 0.996341 -0.004811
vn 0.085337 0.996341 -0.004811
vn 0.085331 0.996341 -0.004810
vn 0.085331 0.996341 -0.004810
vn 0.085331 0.996341 -0.004810
vn 0.085331 0.996341 -0.004810
vn 0.085333 0.996341 -0.004810
vn 0.085333 0.996341 -0.004810
vn 0.085333 0.996341 -0.004810
vn 0.085333 0.996341 -0.004810
vn -0.002295 -0.999168 -0.040708
vn -0.002295 -0.999168 -0.040708
vn -0.002295 -0.999169 -0.040708
vn -0.002295 -0.999169 -0.040708
vn -0.002295 -0.999168 -0.040712
vn -0.002295 -0.999168 -0.040712
vn -0.002295 -0.999168 -0.040712
vn -0.002295 -0.999168 -0.040712
vn -0.002295 -0.999168 -0.040710
vn -0.002295 -0.999168 -0.040710
vn -0.002295 -0.999168 -0.040710
vn -0.002295 -0.999168 -0.040710
vn -0.002295 0.999168 -0.040708
vn -0.002295 0.999168 -0.040708
vn -0.002295 0.999168 -0.040708
vn -0.002295 0.999169 -0.040708
vn -0.002295 0.999168 -0.040710
vn -0.002295 0.999168 -0.040710
vn -0.002295 0.999168 -0.040710
vn -0.002295 0.999168 -0.040710
vn -0.002295 0.999168 -0.040710
vn -0.002295 0.999168 -0.040710
vn -0.002295 0.999168 -0.040710
vn -0.002295 0.999168 -0.040710
vn -0.085337 -0.996341 0.004811
vn -0.085337 -0.996341 0.004811
vn -0.085337 -0.996341 0.004811
vn -0.085337 -0.996341 0.004811
vn -0.085336 -0.996341 0.004811
vn -0.085336 -0.996341 0.004811
vn -0.085336 -0.996341 0.004811
vn -0.085336 -0.996341 0.004811
vn -0.085336 -0.996341 0.004811
vn -0.085336 -0.996341 0.004811
vn -0.085336 -0.996341 0.004811
vn -0.085336 -0.996341 0.004811
vn -0.085338 0.996341 0.004811
vn -0.085338 0.996340 0.004811
vn -0.085338 0.996341 0.004811
vn -0.085338 0.996340 0.004811
vn -0.085338 0.996340 0.004811
vn -0.085338 0.996341 0.004811
vn -0.085338 0.996341 0.004811
vn -0.085338 0.996340 0.004811
vn -0.085339 0.996340 0.004811
vn -0.085339 0.996340 0.004811
vn -0.085339 0.996340 0.004811
vn -0.085339 0.996340 0.004811
vn 0.002295 0.999168 0.040710
vn 0.002295 0.999168 0.040710
vn 0.002295 0.999168 0.040710
vn 0.002295 0.999168 0.040710
vn 0.002295 0.999168 0.040710
vn 0.002295 0.999168 0.040710
vn 0.002295 0.999168 0.040710
vn 0.002295 0.999168 0.040710
vn 0.002295 0.999168 0.040708
vn 0.002295 0.999168 0.040708
vn 0.002295 0.999168 0.040708
vn 0.002295 0.999168 0.040708
vn 0.002295 -0.999169 0.040708
vn 0.002295 -0.999169 0.040708
vn 0.002295 -0.999168 0.040708
vn 0.002295 -0.999168 0.040708
vn 0.002295 -0.999168 0.040711
vn 0.002295 -0.999168 0.040711
vn 0.002295 -0.999168 0.040711
vn 0.002295 -0.999168 0.040711
vn 0.002295 -0.999168 0.040712
vn 0.002295 -0.999168 0.040712
vn 0.002295 -0.999168 0.040712
vn 0.002295 -0.999168 0.040712
vn 0.012413 0.976287 0.216124
vn 0.012413 0.976287 0.216124
vn 0.012253 0.976288 0.216129
vn 0.012253 0.976288 0.216129
vn 0.012253 0.976288 0.216129
vn 0.012253 0.976288 0.216129
vn 0.012190 0.976532 0.215029
vn 0.012190 0.976532 0.215029
vn 0.012190 0.976532 0.215029
vn 0.012190 0.976532 0.215029
vn 0.361349 0.932216 -0.019993
vn 0.361350 0.932216 -0.019993
vn 0.361353 0.932209 -0.020255
vn 0.361353 0.932209 -0.020255
vn 0.361353 0.932209 -0.020255
vn 0.361353 0.932209 -0.020255
vn 0.367594 0.929758 -0.020604
vn 0.367594 0.929758 -0.020604
vn 0.367594 0.929758 -0.020604
vn 0.367594 0.929758 -0.020604
vn -0.012412 0.976287 -0.216122
vn -0.012412 0.976287 -0.216122
vn -0.012252 0.976287 -0.216131
vn -0.012252 0.976287 -0.216131
vn -0.012252 0.976287 -0.216131
vn -0.012252 0.976287 -0.216131
vn -0.012190 0.976531 -0.215032
vn -0.012190 0.976531 -0.215032
vn -0.012190 0.976531 -0.215032
vn -0.012190 0.976531 -0.215032
vn -0.361345 0.932218 0.019992
vn -0.361345 0.932218 0.019992
vn -0.361348 0.932211 0.020254
vn -0.361348 0.932211 0.020254
vn -0.361348 0.932211 0.020254
vn -0.361348 0.932211 0.020254
vn -0.367592 0.929759 0.020605
vn -0.367592 0.929759 0.020605
vn -0.367592 0.929759 0.020605
vn -0.367592 0.929759 0.020605
vn 0.026679 0.879777 0.474638
vn 0.026679 0.879777 0.474638
vn 0.026454 0.879781 0.474643
vn 0.026454 0.879781 0.474643
vn 0.026403 0.880272 0.473735
vn 0.026403 0.880272 0.473735
vn -0.026403 0.880271 -0.473736
vn -0.026403 0.880271 -0.473736
vn -0.026627 0.880277 -0.473713
vn -0.026627 0.880276 -0.473713
vn -0.026679 0.879777 -0.474637
vn -0.026679 0.879777 -0.474637
vn 0.718450 0.694392 -0.040616
vn 0.718450 0.694392 -0.040616
vn 0.714926 0.698031 -0.040417
vn 0.714926 0.698031 -0.040417
vn 0.714917 0.698021 -0.040761
vn 0.714917 0.698021 -0.040761
vn -0.718440 0.694403 0.040614
vn -0.718440 0.694402 0.040614
vn -0.714926 0.698031 0.040417
vn -0.714926 0.698031 0.040417
vn -0.714912 0.698026 0.040760
vn -0.714912 0.698026 0.040760
vn 0.998807 -0.000006 -0.048838
vn 0.998807 -0.000006 -0.048838
vn 0.998807 -0.000006 -0.048838
vn 0.998807 -0.000006 -0.048838
vn 0.000000 1.000000 0.000003
vn 0.000000 1.000000 0.000003
vn 0.000000 1.000000 0.000003
vn 0.000000 1.000000 0.000003
vn -0.998806 0.000000 0.048859
vn -0.998806 0.000000 0.048859
vn -0.998806 0.000000 0.048859
vn -0.998806 0.000000 0.048859
vn 0.000000 -1.000000 -0.000001
vn 0.000000 -1.000000 -0.000001
vn 0.000000 -1.000000 -0.000001
vn 0.000000 -1.000000 -0.000001
vn -0.048853 0.000000 -0.998806
vn -0.048853 0.000000 -0.998806
vn -0.048853 0.000000 -0.998806
vn -0.048853 0.000000 -0.998806
vn 0.048852 0.000001 0.998806
vn 0.048852 0.000001 0.998806
vn 0.048852 0.000001 0.998806
vn 0.048852 0.000001 0.998806
vn 0.048860 0.000002 0.998806
vn 0.048860 0.000002 0.998806
vn 0.048860 0.000002 0.998806
vn 0.048860 0.000002 0.998806
vn 0.000000 -1.000000 -0.000001
vn 0.000000 -1.000000 -0.000001
vn 0.000000 -1.000000 -0.000001
vn 0.000000 -1.000000 -0.000001
vn -0.048845 0.000001 -0.998806
vn -0.048845 0.000001 -0.998806
vn -0.048845 0.000001 -0.998806
vn -0.048845 0.000001 -0.998806
vn -0.000003 1.000000 0.000000
vn -0.000000 1.000000 0.000000
vn -0.000000 1.000000 0.000000
vn -0.000003 1.000000 0.000000
vn 0.998806 0.000003 -0.048848
vn 0.998806 0.000003 -0.048848
vn 0.998806 0.000003 -0.048848
vn 0.998806 0.000003 -0.048848
vn 0.000000 -1.000000 0.000000
vn 0.000000 -1.000000 0.000000
vn 0.000000 -1.000000 0.000000
vn 0.000000 -1.000000 0.000000
vn -0.998806 0.000000 0.048850
vn -0.998806 0.000000 0.048850
vn -0.998806 0.000000 0.048850
vn -0.998806 0.000000 0.048850
vn 0.000000 1.000000 0.000000
vn 0.000000 1.000000 0.000000
vn 0.000000 1.000000 0.000000
vn 0.000000 1.000000 0.000000
vn 0.998805 -0.000003 -0.048880
vn 0.998805 -0.000003 -0.048880
vn 0.998805 -0.000003 -0.048880
vn 0.998805 -0.000003 -0.048880
vn 0.998805 0.000003 -0.048880
vn 0.998805 0.000003 -0.048880
vn 0.998805 0.000003 -0.048880
vn 0.998805 0.000003 -0.048880
vn 0.998807 0.000006 -0.048838
vn 0.998807 0.000006 -0.048838
vn 0.998807 0.000006 -0.048838
vn 0.998807 0.000006 -0.048838
vn 0.000000 1.000000 0.000000
vn 0.000000 1.000000 0.000000
vn 0.000000 1.000000 0.000000
vn 0.000000 1.000000 0.000000
vn -0.000000 1.000000 -0.000003
vn -0.000001 1.000000 -0.000002
vn -0.000001 1.000000 -0.000002
vn -0.000000 1.000000 -0.000003
vn -0.000000 1.000000 0.000000
vn -0.000000 1.000000 0.000000
vn -0.998806 -0.000001 0.048859
vn -0.998806 -0.000001 0.048859
vn -0.998806 -0.000001 0.048859
vn -0.998806 -0.000001 0.048859
vn -0.998806 0.000000 0.048859
vn -0.998806 0.000000 0.048859
vn -0.998806 0.000000 0.048859
vn -0.998806 0.000000 0.048859
vn -0.998806 -0.000001 0.048859
vn -0.998806 -0.000001 0.048859
vn -0.998806 -0.000001 0.048859
vn -0.998806 -0.000001 0.048859
vn 0.000000 -1.000000 0.000000
vn 0.000000 -1.000000 0.000000
vn 0.000000 -1.000000 0.000000
vn 0.000000 -1.000000 0.000000
vn -0.000000 -1.000000 0.000001
vn -0.000000 -1.000000 0.000001
vn -0.000000 -1.000000 0.000001
vn -0.000000 -1.000000 0.000001
vn -0.000000 -1.000000 0.000000
vn -0.000000 -1.000000 0.000000
vn -0.000000 -1.000000 0.000000
vn -0.000000 -1.000000 0.000000
vn -0.048854 0.000000 -0.998806
vn -0.048854 0.000000 -0.998806
vn -0.048854 0.000000 -0.998806
vn -0.048854 0.000000 -0.998806
vn -0.048854 0.000000 -0.998806
vn -0.048854 0.000000 -0.998806
vn -0.048854 0.000000 -0.998806
vn -0.048854 0.000000 -0.998806
vn -0.048853 0.000000 -0.998806
vn -0.048853 0.000000 -0.998806
vn -0.048853 0.000000 -0.998806
vn -0.048853 0.000000 -0.998806
vn 0.048852 -0.000001 0.998806
vn 0.048852 -0.000001 0.998806
vn 0.048852 -0.000001 0.998806
vn 0.048852 -0.000001 0.998806
vn 0.048854 -0.000001 0.998806
vn 0.048854 -0.000001 0.998806
vn 0.048854 -0.000001 0.998806
vn 0.048854 -0.000001 0.998806
vn 0.048854 0.000001 0.998806
vn 0.048854 0.000001 0.998806
vn 0.048854 0.000001 0.998806
vn 0.048854 0.000001 0.998806
vn 0.048852 0.000002 0.998806
vn 0.048852 0.000002 0.998806
vn 0.048852 -0.000002 0.998806
vn 0.048853 -0.000002 0.998806
vn 0.048860 -0.000002 0.998806
vn 0.048860 -0.000002 0.998806
vn 0.048860 -0.000002 0.998806
vn 0.048860 -0.000002 0.998806
vn 0.000000 -1.000000 0.000000
vn 0.000000 -1.000000 0.000000
vn 0.000000 -1.000000 0.000000
vn 0.000000 -1.000000 0.000000
vn 0.000000 -1.000000 0.000001
vn 0.000000 -1.000000 0.000001
vn 0.000000 -1.000000 0.000000
vn 0.000000 -1.000000 0.000000
vn -0.048846 -0.000001 -0.998806
vn -0.048846 -0.000001 -0.998806
vn -0.048846 -0.000001 -0.998806
vn -0.048846 -0.000001 -0.998806
vn -0.048859 -0.000001 -0.998806
vn -0.048859 -0.000001 -0.998806
vn -0.048859 -0.000001 -0.998806
vn -0.048859 -0.000001 -0.998806
vn -0.048859 0.000001 -0.998806
vn -0.048859 0.000001 -0.998806
vn -0.048859 0.000001 -0.998806
vn -0.048859 0.000001 -0.998806
vn -0.000002 1.000000 0.000000
vn -0.000002 1.000000 0.000000
vn 0.000003 1.000000 -0.000000
vn 0.000003 1.000000 -0.000000
vn 0.000003 1.000000 -0.000000
vn 0.000003 1.000000 -0.000000
vn 0.000002 1.000000 0.000000
vn 0.000002 1.000000 0.000000
vn 0.000002 1.000000 0.000000
vn 0.000002 1.000000 0.000000
vn 0.998806 -0.000003 -0.048848
vn 0.998806 -0.000003 -0.048848
vn 0.998806 -0.000003 -0.048848
vn 0.998806 -0.000003 -0.048848
vn 0.998806 -0.000006 -0.048858
vn 0.998806 -0.000006 -0.048858
vn 0.998806 -0.000006 -0.048858
vn 0.998806 -0.000006 -0.048858
vn 0.998806 0.000006 -0.048858
vn 0.998806 0.000006 -0.048858
vn 0.998806 0.000006 -0.048858
vn 0.998806 0.000006 -0.048858
vn 0.000000 -1.000000 0.000000
vn 0.000000 -1.000000 0.000000
vn 0.000000 -1.000000 0.000000
vn 0.000000 -1.000000 0.000000
vn 0.000000 -1.000000 0.000000
vn 0.000000 -1.000000 0.000000
vn 0.000000 -1.000000 0.000000
vn 0.000000 -1.000000 0.000000
vn 0.000000 -1.000000 -0.000000
vn 0.000000 -1.000000 -0.000000
vn 0.000000 -1.000000 -0.000000
vn 0.000000 -1.000000 -0.000000
vn -0.998806 0.000000 0.048850
vn -0.998806 0.000000 0.048850
vn -0.998806 0.000000 0.048850
vn -0.998806 0.000000 0.048850
vn -0.998806 0.000000 0.048850
vn -0.998806 0.000000 0.048850
vn -0.998806 0.000000 0.048850
vn -0.998806 0.000000 0.048850
vn -0.998806 0.000000 0.048850
vn -0.998806 0.000000 0.048850
vn -0.998806 0.000000 0.048850
vn -0.998806 0.000000 0.048850
vn 0.000000 1.000000 0.000000
vn 0.000000 1.000000 0.000000
vn 0.000000 1.000000 0.000000
vn 0.000000 1.000000 0.000000
vn 0.000000 1.000000 0.000000
vn 0.000000 1.000000 0.000000
vn 0.000000 1.000000 0.000000
vn 0.000000 1.000000 0.000000
vn 0.000000 1.000000 0.000000
vn 0.000000 1.000000 0.000000
vn 0.000000 1.000000 0.000000
vn 0.000000 1.000000 0.000000
vn 0.998805 0.000004 -0.048873
vn 0.998805 0.000004 -0.048873
vn 0.998805 0.000004 -0.048873
vn 0.998805 0.000004 -0.048873
vn 0.000002 1.000000 -0.000000
vn 0.000002 1.000000 -0.000000
vn 0.000002 1.000000 -0.000000
vn 0.000002 1.000000 -0.000000
vn -0.998804 0.000007 0.048887
vn -0.998804 0.000007 0.048887
vn -0.998804 0.000007 0.048887
vn -0.998804 0.000007 0.048887
vn 0.000000 -1.000000 0.000002
vn 0.000000 -1.000000 0.000002
vn 0.000000 -1.000000 0.000002
vn 0.000000 -1.000000 0.000002
vn -0.048848 -0.000001 -0.998806
vn -0.048848 -0.000001 -0.998806
vn -0.048848 -0.000001 -0.998806
vn -0.048848 -0.000001 -0.998806
vn 0.048851 0.000000 0.998806
vn 0.048851 0.000000 0.998806
vn 0.048851 0.000000 0.998806
vn 0.048851 0.000000 0.998806
vn 0.998806 0.000006 -0.048846
vn 0.998806 0.000006 -0.048846
vn 0.998806 0.000006 -0.048846
vn 0.998806 0.000006 -0.048846
vn 0.998806 -0.000007 -0.048846
vn 0.998806 -0.000007 -0.048846
vn 0.998806 -0.000007 -0.048846
vn 0.998806 -0.000007 -0.048846
vn 0.998805 -0.000005 -0.048873
vn 0.998805 -0.000005 -0.048873
vn 0.998805 -0.000005 -0.048873
vn 0.998805 -0.000005 -0.048873
vn 0.000002 1.000000 0.000000
vn 0.000002 1.000000 0.000000
vn 0.000002 1.000000 0.000000
vn 0.000002 1.000000 0.000000
vn -0.000002 1.000000 0.000000
vn -0.000002 1.000000 0.000000
vn -0.000002 1.000000 0.000000
vn -0.000002 1.000000 0.000000
vn -0.000002 1.000000 0.000000
vn -0.000002 1.000000 0.000000
vn -0.000002 1.000000 0.000000
vn -0.000002 1.000000 0.000000
vn -0.998807 0.000006 0.048832
vn -0.998807 0.000006 0.048832
vn -0.998807 0.000006 0.048832
vn -0.998807 0.000006 0.048832
vn -0.998807 -0.000007 0.048832
vn -0.998807 -0.000007 0.048832
vn -0.998807 -0.000007 0.048832
vn -0.998807 -0.000007 0.048832
vn -0.998804 -0.000008 0.048887
vn -0.998804 -0.000008 0.048887
vn -0.998804 -0.000008 0.048887
vn -0.998804 -0.000008 0.048887
vn 0.000000 -1.000000 0.000000
vn 0.000000 -1.000000 0.000000
vn 0.000000 -1.000000 0.000000
vn 0.000000 -1.000000 0.000000
vn 0.000000 -1.000000 -0.000003
vn 0.000000 -1.000000 -0.000003
vn 0.000000 -1.000000 -0.000003
vn 0.000000 -1.000000 -0.000003
vn 0.000000 -1.000000 0.000000
vn 0.000000 -1.000000 0.000000
vn 0.000000 -1.000000 0.000000
vn 0.000000 -1.000000 0.000000
vn -0.048855 -0.000001 -0.998806
vn -0.048855 -0.000001 -0.998806
vn -0.048855 -0.000001 -0.998806
vn -0.048855 -0.000001 -0.998806
vn -0.048855 0.000001 -0.998806
vn -0.048855 0.000001 -0.998806
vn -0.048855 0.000001 -0.998806
vn -0.048855 0.000001 -0.998806
vn -0.048848 0.000001 -0.998806
vn -0.048848 0.000001 -0.998806
vn -0.048848 0.000001 -0.998806
vn -0.048848 0.000001 -0.998806
vn 0.048851 0.000000 0.998806
vn 0.048851 0.000000 0.998806
vn 0.048851 0.000000 0.998806
vn 0.048851 0.000000 0.998806
vn 0.048851 0.000000 0.998806
vn 0.048851 0.000000 0.998806
vn 0.048851 0.000000 0.998806
vn 0.048851 0.000000 0.998806
vn 0.048851 0.000000 0.998806
vn 0.048851 0.000000 0.998806
vn 0.048851 0.000000 0.998806
vn 0.048851 0.000000 0.998806
vn 0.046863 0.000020 0.998901
vn 0.046863 0.000020 0.998901
vn 0.046863 0.000020 0.998901
vn 0.046863 0.000020 0.998901
vn 0.000000 1.000000 0.000000
vn 0.000000 1.000000 0.000000
vn 0.000000 1.000000 0.000000
vn 0.000000 1.000000 0.000000
vn -0.046866 -0.000009 -0.998901
vn -0.046866 -0.000009 -0.998901
vn -0.046866 -0.000009 -0.998901
vn -0.046866 -0.000009 -0.998901
vn -0.000000 -1.000000 0.000000
vn -0.000000 -1.000000 0.000000
vn -0.000000 -1.000000 0.000000
vn -0.000000 -1.000000 0.000000
vn 0.998826 0.000000 -0.048434
vn 0.998826 0.000000 -0.048434
vn 0.998826 0.000000 -0.048434
vn 0.998826 0.000000 -0.048434
vn -0.998826 0.000000 0.048435
vn -0.998826 0.000000 0.048435
vn -0.998826 0.000000 0.048435
vn -0.998826 0.000000 0.048435
vn 0.046860 0.000020 0.998901
vn 0.046860 0.000020 0.998902
vn 0.046860 0.000020 0.998902
vn 0.046860 0.000020 0.998901
vn 0.046860 -0.000020 0.998902
vn 0.046860 -0.000020 0.998902
vn 0.046860 -0.000020 0.998901
vn 0.046860 -0.000020 0.998902
vn 0.046862 -0.000021 0.998901
vn 0.046862 -0.000021 0.998901
vn 0.046862 -0.000021 0.998901
vn 0.046862 -0.000021 0.998901
vn -0.000000 1.000000 0.000002
vn -0.000000 1.000000 0.000002
vn -0.000000 1.000000 0.000002
vn -0.000000 1.000000 0.000002
vn -0.000000 1.000000 0.000000
vn -0.000000 1.000000 0.000000
vn -0.000000 1.000000 0.000000
vn -0.000000 1.000000 0.000000
vn 0.000000 1.000000 -0.000001
vn 0.000000 1.000000 -0.000001
vn 0.000000 1.000000 -0.000001
vn 0.000000 1.000000 -0.000001
vn -0.046867 -0.000009 -0.998901
vn -0.046867 -0.000009 -0.998901
vn -0.046867 -0.000009 -0.998901
vn -0.046867 -0.000009 -0.998901
vn -0.046867 0.000009 -0.998901
vn -0.046867 0.000009 -0.998901
vn -0.046867 0.000009 -0.998901
vn -0.046867 0.000009 -0.998901
vn -0.046866 0.000009 -0.998901
vn -0.046866 0.000009 -0.998901
vn -0.046866 0.000009 -0.998901
vn -0.046866 0.000009 -0.998901
vn 0.000000 -1.000000 -0.000002
vn 0.000000 -1.000000 -0.000002
vn 0.000000 -1.000000 -0.000002
vn 0.000000 -1.000000 -0.000002
vn 0.000000 -1.000000 -0.000004
vn 0.000000 -1.000000 -0.000004
vn 0.000000 -1.000000 -0.000004
vn 0.000000 -1.000000 -0.000004
vn -0.000000 -1.000000 -0.000002
vn -0.000000 -1.000000 -0.000002
vn -0.000000 -1.000000 -0.000002
vn -0.000000 -1.000000 -0.000002
vn 0.998826 0.000000 -0.048434
vn 0.998826 0.000000 -0.048434
vn 0.998826 0.000000 -0.048434
vn 0.998826 0.000000 -0.048434
vn 0.998826 0.000000 -0.048435
vn 0.998826 0.000000 -0.048435
vn 0.998826 0.000000 -0.048435
vn 0.998826 0.000000 -0.048435
vn 0.998826 0.000000 -0.048434
vn 0.998826 0.000000 -0.048434
vn 0.998826 0.000000 -0.048434
vn 0.998826 0.000000 -0.048434
vn -0.998825 0.000000 0.048458
vn -0.998825 0.000000 0.048458
vn -0.998825 0.000000 0.048458
vn -0.998825 0.000000 0.048458
vn -0.998825 0.000000 0.048458
vn -0.998825 0.000000 0.048458
vn -0.998825 0.000000 0.048458
vn -0.998825 0.000000 0.048458
vn -0.998826 0.000000 0.048436
vn -0.998826 0.000000 0.048436
vn -0.998826 0.000000 0.048436
vn -0.998826 0.000000 0.048436
vn 0.998805 0.000007 -0.048873
vn 0.998805 0.000007 -0.048873
vn 0.998805 0.000007 -0.048873
vn 0.998805 0.000007 -0.048873
vn 0.000000 1.000000 -0.000000
vn 0.000000 1.000000 -0.000000
vn 0.000000 1.000000 -0.000000
vn 0.000000 1.000000 -0.000000
vn -0.998807 0.000000 0.048832
vn -0.998807 0.000000 0.048832
vn -0.998807 0.000000 0.048832
vn -0.998807 0.000000 0.048832
vn 0.000003 -1.000000 -0.000003
vn 0.000003 -1.000000 -0.000003
vn 0.000003 -1.000000 -0.000003
vn 0.000003 -1.000000 -0.000003
vn -0.048851 0.000000 -0.998806
vn -0.048851 0.000000 -0.998806
vn -0.048851 0.000000 -0.998806
vn -0.048851 0.000000 -0.998806
vn 0.048851 0.000000 0.998806
vn 0.048851 0.000000 0.998806
vn 0.048851 0.000000 0.998806
vn 0.048851 0.000000 0.998806
vn 0.998806 0.000005 -0.048846
vn 0.998806 0.000005 -0.048846
vn 0.998806 0.000005 -0.048846
vn 0.998806 0.000005 -0.048846
vn 0.998806 -0.000004 -0.048846
vn 0.998806 -0.000004 -0.048846
vn 0.998806 -0.000004 -0.048846
vn 0.998806 -0.000004 -0.048846
vn 0.998805 -0.000006 -0.048873
vn 0.998805 -0.000006 -0.048873
vn 0.998805 -0.000006 -0.048873
vn 0.998805 -0.000006 -0.048873
vn 0.000000 1.000000 0.000000
vn 0.000000 1.000000 0.000000
vn 0.000000 1.000000 0.000000
vn 0.000000 1.000000 0.000000
vn 0.000000 1.000000 0.000000
vn 0.000000 1.000000 0.000000
vn 0.000000 1.000000 0.000000
vn 0.000000 1.000000 0.000000
vn 0.000000 1.000000 0.000000
vn 0.000000 1.000000 0.000000
vn 0.000000 1.000000 0.000000
vn 0.000000 1.000000 0.000000
vn -0.998806 0.000001 0.048860
vn -0.998806 0.000001 0.048860
vn -0.998806 0.000001 0.048860
vn -0.998806 0.000001 0.048860
vn -0.998806 0.000000 0.048860
vn -0.998806 0.000000 0.048860
vn -0.998806 0.000000 0.048860
vn -0.998806 0.000000 0.048860
vn -0.998807 0.000001 0.048832
vn -0.998807 0.000001 0.048832
vn -0.998807 0.000001 0.048832
vn -0.998807 0.000001 0.048832
vn 0.000004 -1.000000 0.000006
vn 0.000004 -1.000000 0.000006
vn 0.000004 -1.000000 0.000006
vn 0.000004 -1.000000 0.000006
vn -0.000003 -1.000000 0.000001
vn -0.000003 -1.000000 0.000001
vn -0.000003 -1.000000 0.000001
vn -0.000003 -1.000000 0.000001
vn -0.000004 -1.000000 -0.000003
vn -0.000004 -1.000000 -0.000003
vn -0.000004 -1.000000 -0.000003
vn -0.000004 -1.000000 -0.000003
vn -0.048853 0.000000 -0.998806
vn -0.048853 0.000000 -0.998806
vn -0.048853 0.000000 -0.998806
vn -0.048853 0.000000 -0.998806
vn -0.048853 0.000000 -0.998806
vn -0.048853 0.000000 -0.998806
vn -0.048853 0.000000 -0.998806
vn -0.048853 0.000000 -0.998806
vn -0.048851 0.000000 -0.998806
vn -0.048851 0.000000 -0.998806
vn -0.048851 0.000000 -0.998806
vn -0.048851 0.000000 -0.998806
vn 0.048852 0.000000 0.998806
vn 0.048852 0.000000 0.998806
vn 0.048852 0.000000 0.998806
vn 0.048852 0.000000 0.998806
vn 0.048851 0.000000 0.998806
vn 0.048851 0.000000 0.998806
vn 0.048851 0.000000 0.998806
vn 0.048851 0.000000 0.998806
vn 0.048851 0.000000 0.998806
vn 0.048851 0.000000 0.998806
vn 0.048851 0.000000 0.998806
vn 0.048851 0.000000 0.998806
vn -0.998890 0.000045 0.047103
vn -0.998890 0.000045 0.047103
vn -0.998890 0.000045 0.047103
vn -0.998890 0.000045 0.047103
vn -0.000002 1.000000 0.000000
vn -0.000002 1.000000 0.000000
vn -0.000002 1.000000 0.000000
vn -0.000002 1.000000 0.000000
vn 0.998890 0.000000 -0.047101
vn 0.998890 0.000000 -0.047101
vn 0.998890 0.000000 -0.047101
vn 0.998890 0.000000 -0.047101
vn 0.000000 -1.000000 0.000000
vn 0.000000 -1.000000 0.000000
vn 0.000000 -1.000000 0.000000
vn 0.000000 -1.000000 0.000000
vn 0.048362 -0.000011 0.998830
vn 0.048362 -0.000011 0.998830
vn 0.048362 -0.000011 0.998830
vn 0.048362 -0.000011 0.998830
vn -0.048366 0.000002 -0.998830
vn -0.048366 0.000002 -0.998830
vn -0.048366 0.000002 -0.998830
vn -0.048366 0.000002 -0.998830
vn -0.998890 0.000023 0.047099
vn -0.998890 0.000023 0.047099
vn -0.998890 0.000023 0.047099
vn -0.998890 0.000023 0.047099
vn -0.998890 -0.000023 0.047099
vn -0.998890 -0.000023 0.047099
vn -0.998890 -0.000023 0.047099
vn -0.998890 -0.000023 0.047099
vn -0.998890 -0.000045 0.047104
vn -0.998890 -0.000045 0.047104
vn -0.998890 -0.000045 0.047104
vn -0.998890 -0.000045 0.047104
vn -0.000002 1.000000 0.000000
vn -0.000002 1.000000 0.000000
vn -0.000002 1.000000 0.000000
vn -0.000002 1.000000 0.000000
vn 0.000002 1.000000 -0.000000
vn 0.000002 1.000000 -0.000000
vn 0.000002 1.000000 -0.000000
vn 0.000002 1.000000 -0.000000
vn 0.000002 1.000000 0.000000
vn 0.000002 1.000000 0.000000
vn 0.000002 1.000000 0.000000
vn 0.000002 1.000000 0.000000
vn 0.998890 0.000000 -0.047101
vn 0.998890 0.000000 -0.047101
vn 0.998890 0.000000 -0.047101
vn 0.998890 0.000000 -0.047101
vn 0.998890 0.000000 -0.047101
vn 0.998890 0.000000 -0.047101
vn 0.998890 0.000000 -0.047101
vn 0.998890 0.000000 -0.047101
vn 0.998890 0.000000 -0.047101
vn 0.998890 0.000000 -0.047101
vn 0.998890 0.000000 -0.047101
vn 0.998890 0.000000 -0.047101
vn 0.000000 -1.000000 0.000000
vn 0.000000 -1.000000 0.000000
vn 0.000000 -1.000000 0.000000
vn 0.000000 -1.000000 0.000000
vn 0.000000 -1.000000 -0.000000
vn 0.000000 -1.000000 -0.000000
vn 0.000000 -1.000000 -0.000000
vn 0.000000 -1.000000 -0.000000
vn 0.000000 -1.000000 0.000000
vn 0.000000 -1.000000 0.000000
vn 0.000000 -1.000000 0.000000
vn 0.000000 -1.000000 0.000000
vn 0.048375 -0.000012 0.998829
vn 0.048375 -0.000012 0.998829
vn 0.048375 -0.000012 0.998829
vn 0.048375 -0.000012 0.998829
vn 0.048375 0.000012 0.998829
vn 0.048375 0.000012 0.998829
vn 0.048375 0.000012 0.998829
vn 0.048375 0.000012 0.998829
vn 0.048362 0.000011 0.998830
vn 0.048362 0.000011 0.998830
vn 0.048362 0.000011 0.998830
vn 0.048362 0.000011 0.998830
vn -0.048371 0.000002 -0.998829
vn -0.048371 0.000002 -0.998829
vn -0.048371 0.000002 -0.998829
vn -0.048371 0.000002 -0.998829
vn -0.048371 -0.000002 -0.998829
vn -0.048371 -0.000002 -0.998829
vn -0.048371 -0.000002 -0.998829
vn -0.048371 -0.000002 -0.998829
vn -0.048366 -0.000002 -0.998830
vn -0.048366 -0.000002 -0.998830
vn -0.048366 -0.000002 -0.998830
vn -0.048366 -0.000002 -0.998830
vn 0.998806 0.000000 -0.048845
vn 0.998806 0.000000 -0.048845
vn 0.998806 0.000000 -0.048845
vn 0.998806 0.000000 -0.048845
vn 0.000002 1.000000 -0.000000
vn 0.000002 1.000000 -0.000000
vn 0.000002 1.000000 -0.000000
vn 0.000002 1.000000 -0.000000
vn -0.998806 0.000000 0.048858
vn -0.998806 0.000000 0.048858
vn -0.998806 0.000000 0.048858
vn -0.998806 0.000000 0.048858
vn 0.000000 -1.000000 0.000001
vn 0.000000 -1.000000 0.000001
vn 0.000000 -1.000000 0.000001
vn 0.000000 -1.000000 0.000001
vn -0.048853 0.000000 -0.998806
vn -0.048853 0.000000 -0.998806
vn -0.048853 0.000000 -0.998806
vn -0.048853 0.000000 -0.998806
vn 0.048853 0.000000 0.998806
vn 0.048853 0.000000 0.998806
vn 0.048853 0.000000 0.998806
vn 0.048853 0.000000 0.998806
vn 0.998806 0.000005 -0.048844
vn 0.998806 0.000005 -0.048844
vn 0.998806 0.000005 -0.048844
vn 0.998806 0.000005 -0.048844
vn 0.998806 -0.000007 -0.048844
vn 0.998806 -0.000007 -0.048844
vn 0.998806 -0.000007 -0.048844
vn 0.998806 -0.000007 -0.048844
vn 0.998806 -0.000002 -0.048845
vn 0.998806 -0.000002 -0.048845
vn 0.998806 -0.000002 -0.048845
vn 0.998806 -0.000002 -0.048845
vn 0.000002 1.000000 0.000000
vn 0.000002 1.000000 0.000000
vn 0.000002 1.000000 0.000000
vn 0.000002 1.000000 0.000000
vn -0.000002 1.000000 0.000000
vn -0.000002 1.000000 0.000000
vn -0.000002 1.000000 0.000000
vn -0.000002 1.000000 0.000000
vn -0.000002 1.000000 0.000000
vn -0.000002 1.000000 0.000000
vn -0.000002 1.000000 0.000000
vn -0.000002 1.000000 0.000000
vn -0.998806 0.000001 0.048859
vn -0.998806 0.000001 0.048859
vn -0.998806 0.000001 0.048859
vn -0.998806 0.000001 0.048859
vn -0.998806 0.000000 0.048859
vn -0.998806 0.000000 0.048859
vn -0.998806 0.000000 0.048859
vn -0.998806 0.000000 0.048859
vn -0.998806 0.000001 0.048858
vn -0.998806 0.000001 0.048858
vn -0.998806 0.000001 0.048858
vn -0.998806 0.000001 0.048858
vn 0.000000 -1.000000 0.000000
vn 0.000000 -1.000000 0.000000
vn 0.000000 -1.000000 0.000000
vn 0.000000 -1.000000 0.000000
vn 0.000000 -1.000000 0.000001
vn 0.000000 -1.000000 0.000001
vn 0.000000 -1.000000 0.000001
vn 0.000000 -1.000000 0.000001
vn 0.000000 -1.000000 0.000000
vn 0.000000 -1.000000 0.000000
vn 0.000000 -1.000000 0.000000
vn 0.000000 -1.000000 0.000000
vn -0.048851 0.000000 -0.998806
vn -0.048851 0.000000 -0.998806
vn -0.048851 0.000000 -0.998806
vn -0.048851 0.000000 -0.998806
vn -0.048851 0.000000 -0.998806
vn -0.048851 0.000000 -0.998806
vn -0.048851 0.000000 -0.998806
vn -0.048851 0.000000 -0.998806
vn -0.048853 0.000000 -0.998806
vn -0.048853 0.000000 -0.998806
vn -0.048853 0.000000 -0.998806
vn -0.048853 0.000000 -0.998806
vn 0.048853 0.000000 0.998806
vn 0.048853 0.000000 0.998806
vn 0.048853 0.000000 0.998806
vn 0.048853 0.000000 0.998806
vn 0.048853 0.000000 0.998806
vn 0.048853 0.000000 0.998806
vn 0.048853 0.000000 0.998806
vn 0.048853 0.000000 0.998806
vn 0.048853 0.000000 0.998806
vn 0.048853 0.000000 0.998806
vn 0.048853 0.000000 0.998806
vn 0.048853 0.000000 0.998806
vn 0.997993 0.000000 -0.063321
vn 0.997993 0.000000 -0.063321
vn 0.997993 0.000000 -0.063321
vn 0.997993 0.000000 -0.063321
vn 0.128659 0.991655 -0.008157
vn 0.128657 0.991656 -0.008162
vn 0.053559 0.998559 -0.003398
vn 0.053560 0.998559 -0.003396
vn -0.998000 0.000000 0.063213
vn -0.997994 0.000000 0.063308
vn -0.997994 0.000000 0.063315
vn -0.998000 0.000000 0.063213
vn 0.000000 -1.000000 0.000002
vn 0.000000 -1.000000 0.000000
vn 0.000000 -1.000000 0.000001
vn 0.000000 -1.000000 0.000004
vn -0.063308 0.000000 -0.997994
vn -0.063310 0.000000 -0.997994
vn -0.063310 0.000000 -0.997994
vn -0.063308 0.000000 -0.997994
vn 0.063311 0.000000 0.997994
vn 0.063311 0.000000 0.997994
vn 0.063311 0.000000 0.997994
vn 0.063310 0.000000 0.997994
vn 0.997993 0.000000 -0.063333
vn 0.997992 0.000000 -0.063340
vn 0.997992 0.000000 -0.063340
vn 0.997993 0.000000 -0.063324
vn 0.997995 0.000000 -0.063286
vn 0.997994 0.000000 -0.063308
vn 0.998000 0.000000 -0.063213
vn 0.998000 0.000000 -0.063212
vn 0.000000 1.000000 0.000000
vn 0.000000 1.000000 0.000000
vn 0.000000 1.000000 0.000000
vn 0.000000 1.000000 0.000000
vn 0.063291 0.000000 0.997995
vn 0.063291 0.000000 0.997995
vn 0.063291 0.000000 0.997995
vn 0.063291 0.000000 0.997995
vn 0.000000 -1.000000 0.000000
vn 0.000000 -1.000000 0.000000
vn 0.000000 -1.000000 0.000000
vn 0.000000 -1.000000 0.000000
vn -0.063291 0.000000 -0.997995
vn -0.063291 0.000000 -0.997995
vn -0.063291 0.000000 -0.997995
vn -0.063291 0.000000 -0.997995
vn 0.053561 0.998559 -0.003397
vn 0.053558 0.998559 -0.003398
vn 0.128657 0.991656 -0.008162
vn 0.128659 0.991655 -0.008159
vn -0.997992 0.000000 0.063340
vn -0.997992 0.000000 0.063340
vn -0.997993 0.000000 0.063324
vn -0.997993 0.000000 0.063324
vn 0.000000 -1.000000 0.000000
vn 0.000000 -1.000000 0.000000
vn 0.000000 -1.000000 0.000002
vn 0.000000 -1.000000 -0.000001
vn 0.997993 0.000000 -0.063333
vn 0.997993 0.000000 -0.063324
vn 0.997992 0.000000 -0.063340
vn 0.997992 0.000000 -0.063340
vn -0.063307 0.000000 -0.997994
vn -0.063310 0.000000 -0.997994
vn -0.063310 0.000000 -0.997994
vn -0.063308 0.000000 -0.997994
vn -0.997993 0.000000 0.063324
vn -0.997993 0.000000 0.063324
vn -0.997992 0.000000 0.063340
vn -0.997992 0.000000 0.063340
vn -0.998000 0.000000 0.063213
vn -0.997994 0.000000 0.063315
vn -0.997994 0.000000 0.063308
vn -0.998000 0.000000 0.063212
vn 0.063311 0.000000 0.997994
vn 0.063311 0.000000 0.997994
vn 0.063311 0.000000 0.997994
vn 0.063311 0.000000 0.997994
vn 0.997995 0.000000 -0.063286
vn 0.998000 0.000000 -0.063213
vn 0.998000 0.000000 -0.063212
vn 0.997994 0.000000 -0.063308
vn 0.998000 0.000000 -0.063212
vn 0.998000 0.000000 -0.063212
vn -0.998000 0.000000 0.063212
vn 0.053560 0.998559 -0.003395
vn 0.053558 0.998559 -0.003395
vn 0.128656 0.991656 -0.008161
vn 0.128656 0.991656 -0.008161
vn -0.997996 0.000000 0.063274
vn -0.997996 0.000000 0.063274
vn -0.997996 0.000000 0.063275
vn -0.997996 0.000000 0.063275
vn -0.997996 0.000000 0.063274
vn -0.997996 0.000000 0.063274
vn -0.997996 0.000000 0.063274
vn -0.997996 0.000000 0.063274
vn 0.000000 -1.000000 0.000001
vn 0.000000 -1.000000 0.000003
vn 0.000000 -1.000000 0.000003
vn 0.000000 -1.000000 0.000001
vn 0.997996 0.000000 -0.063275
vn 0.997996 0.000000 -0.063275
vn 0.997996 0.000000 -0.063275
vn 0.997996 0.000000 -0.063275
vn 0.997996 0.000000 -0.063275
vn 0.997996 0.000000 -0.063275
vn 0.997996 0.000000 -0.063275
vn 0.997996 0.000000 -0.063275
vn -0.997992 0.000000 0.063336
vn -0.997992 0.000000 0.063336
vn -0.997992 0.000000 0.063336
vn -0.997992 0.000000 0.063336
vn 0.051530 0.998666 -0.003268
vn 0.051529 0.998666 -0.003268
vn 0.122099 0.992488 -0.007743
vn 0.122099 0.992488 -0.007743
vn 0.997994 0.000000 -0.063303
vn 0.997994 0.000000 -0.063303
vn 0.997994 0.000000 -0.063303
vn 0.997994 0.000000 -0.063303
vn 0.997994 0.000000 -0.063303
vn 0.997994 0.000000 -0.063303
vn 0.997994 0.000000 -0.063303
vn 0.997994 0.000000 -0.063303
vn 0.000000 -1.000000 -0.000001
vn 0.000000 -1.000000 0.000000
vn 0.000000 -1.000000 0.000000
vn 0.000000 -1.000000 -0.000001
vn -0.997992 0.000000 0.063336
vn -0.997992 0.000000 0.063336
vn -0.997992 0.000000 0.063336
vn -0.997992 0.000000 0.063336
vn -0.534325 0.000000 -0.845279
vn -0.534325 0.000000 -0.845279
vn -0.534325 0.000000 -0.845279
vn -0.534325 0.000000 -0.845279
vn -0.422762 0.000000 0.906241
vn -0.422762 0.000000 0.906241
vn -0.422762 0.000000 0.906241
vn -0.422762 0.000000 0.906241
vn 0.083687 0.495300 0.864682
vn 0.078691 0.497759 0.863738
vn 0.115934 0.479010 0.870120
vn 0.115934 0.479010 0.870120
vn 0.005136 0.479524 -0.877514
vn -0.031050 0.498319 -0.866438
vn -0.026193 0.495846 -0.868015
vn 0.005136 0.479524 -0.877514
vn 0.533811 0.000000 0.845604
vn 0.533811 0.000000 0.845604
vn 0.533811 0.000000 0.845604
vn 0.533811 0.000000 0.845604
vn 0.423178 0.000000 -0.906047
vn 0.423178 0.000000 -0.906047
vn 0.423178 0.000000 -0.906047
vn 0.423178 0.000000 -0.906047
vn 0.533797 0.000000 0.845612
vn 0.533797 0.000000 0.845612
vn 0.533797 0.000000 0.845612
vn 0.533797 0.000000 0.845612
vn 0.423175 0.000000 -0.906048
vn 0.423175 0.000000 -0.906048
vn 0.423175 0.000000 -0.906048
vn 0.423175 0.000000 -0.906048
vn 0.533801 0.000000 0.845610
vn 0.533801 0.000000 0.845610
vn 0.533801 0.000000 0.845610
vn 0.533801 0.000000 0.845610
vn 0.423184 0.000000 -0.906044
vn 0.423184 0.000000 -0.906044
vn 0.423184 0.000000 -0.906044
vn 0.423184 0.000000 -0.906044
vn 0.054479 -0.509461 0.858768
vn 0.054480 -0.509453 0.858772
vn 0.054480 -0.509455 0.858771
vn 0.054479 -0.509461 0.858768
vn -0.054460 -0.510017 -0.858439
vn -0.054460 -0.510020 -0.858437
vn -0.054461 -0.510003 -0.858447
vn -0.054461 -0.510003 -0.858447
vn -0.422769 0.000000 0.906237
vn -0.422769 0.000000 0.906237
vn -0.422769 0.000000 0.906237
vn -0.422769 0.000000 0.906237
vn -0.534316 0.000000 -0.845285
vn -0.534316 0.000000 -0.845285
vn -0.534316 0.000000 -0.845285
vn -0.534316 0.000000 -0.845285
vn -0.534317 0.000000 -0.845284
vn -0.534317 0.000000 -0.845284
vn -0.534317 0.000000 -0.845284
vn -0.534317 0.000000 -0.845284
vn -0.422760 0.000000 0.906242
vn -0.422760 0.000000 0.906242
vn -0.422760 0.000000 0.906242
vn -0.422760 0.000000 0.906242
vn 0.063305 0.000000 0.997994
vn 0.063309 0.000000 0.997994
vn 0.063309 0.000000 0.997994
vn 0.063305 0.000000 0.997994
vn 0.063305 0.000000 0.997994
vn 0.063309 0.000000 0.997994
vn 0.063309 0.000000 0.997994
vn 0.063305 0.000000 0.997994
vn 0.000000 -1.000000 -0.000005
vn 0.000000 -1.000000 -0.000000
vn 0.000000 -1.000000 -0.000000
vn 0.000000 -1.000000 -0.000002
vn 0.000000 -1.000000 0.000001
vn 0.000000 -1.000000 0.000001
vn 0.000000 -1.000000 0.000004
vn 0.000000 -1.000000 0.000003
vn 0.054481 -0.509421 0.858791
vn 0.054481 -0.509433 0.858784
vn 0.054481 -0.509392 0.858808
vn 0.054481 -0.509392 0.858808
vn 0.000000 -1.000000 0.000001
vn 0.000000 -1.000000 0.000001
vn 0.000000 -1.000000 0.000000
vn 0.000000 -1.000000 0.000000
vn -0.054458 -0.510049 -0.858420
vn -0.054459 -0.510035 -0.858428
vn -0.054458 -0.510039 -0.858426
vn -0.054458 -0.510049 -0.858420
vn 0.000000 -1.000000 0.000003
vn 0.000000 -1.000000 0.000003
vn 0.000000 -1.000000 0.000000
vn 0.000000 -1.000000 0.000000
vn -0.063312 0.000000 -0.997994
vn -0.063312 0.000000 -0.997994
vn -0.063313 0.000000 -0.997994
vn -0.063313 0.000000 -0.997994
vn -0.063312 0.000000 -0.997994
vn -0.063313 0.000000 -0.997994
vn -0.063312 0.000000 -0.997994
vn -0.063314 0.000000 -0.997994
vn -0.148339 0.988892 0.009411
vn -0.056715 0.998384 0.003601
vn -0.056719 0.998384 0.003601
vn -0.148339 0.988892 0.009411
vn -0.089448 0.490285 -0.866960
vn -0.076773 0.497538 -0.864038
vn -0.124530 0.469580 -0.874064
vn -0.124530 0.469580 -0.874064
vn -0.141766 0.989859 0.008994
vn -0.054760 0.998494 0.003474
vn -0.054759 0.998494 0.003474
vn -0.141766 0.989859 0.008994
vn -0.012976 0.468958 0.883125
vn 0.033078 0.496945 0.867151
vn 0.020886 0.489683 0.871651
vn -0.012976 0.468958 0.883125
vn -0.148336 0.988892 0.009411
vn -0.056717 0.998384 0.003598
vn -0.056718 0.998384 0.003600
vn -0.148335 0.988892 0.009414
vn -0.148337 0.988892 0.009410
vn -0.056717 0.998384 0.003598
vn -0.056716 0.998384 0.003596
vn -0.148338 0.988892 0.009405
vn -0.998000 0.000000 0.063212
vn 0.063303 0.000000 0.997994
vn 0.063303 0.000000 0.997994
vn 0.063309 0.000000 0.997994
vn 0.063309 0.000000 0.997994
vn 0.063309 0.000000 0.997994
vn 0.063309 0.000000 0.997994
vn 0.063304 0.000000 0.997994
vn 0.063304 0.000000 0.997994
vn 0.063311 0.000000 0.997994
vn 0.063311 0.000000 0.997994
vn 0.063305 0.000000 0.997994
vn 0.063309 0.000000 0.997994
vn 0.063309 0.000000 0.997994
vn 0.063305 0.000000 0.997994
vn 0.063311 0.000000 0.997994
vn 0.063311 0.000000 0.997994
vn -0.466687 0.000000 0.884423
vn -0.466687 0.000000 0.884423
vn -0.466687 0.000000 0.884423
vn -0.466687 0.000000 0.884423
vn 0.035826 -0.824460 0.564786
vn 0.035826 -0.824460 0.564786
vn 0.035826 -0.824460 0.564786
vn 0.035826 -0.824460 0.564786
vn 0.035826 0.824460 0.564786
vn 0.035826 0.824459 0.564786
vn 0.035826 0.824460 0.564786
vn 0.035826 0.824459 0.564786
vn 0.035829 -0.824457 0.564789
vn 0.035829 -0.824457 0.564789
vn 0.035829 -0.824457 0.564789
vn 0.035829 -0.824457 0.564789
vn 0.035830 0.824462 0.564782
vn 0.035830 0.824462 0.564782
vn 0.035830 0.824462 0.564782
vn 0.035830 0.824462 0.564782
vn 0.035826 -0.824460 0.564785
vn 0.035826 -0.824460 0.564785
vn 0.035826 -0.824460 0.564785
vn 0.035826 -0.824460 0.564785
vn 0.574731 0.000000 0.818343
vn 0.574731 0.000000 0.818343
vn 0.574731 0.000000 0.818342
vn 0.574731 0.000000 0.818342
vn 0.035826 0.824458 0.564788
vn 0.035826 0.824458 0.564788
vn 0.035826 0.824458 0.564788
vn 0.035826 0.824458 0.564788
vn -0.000006 -0.000039 -1.000000
vn -0.000003 -0.000019 -1.000000
vn -0.000002 -0.000012 -1.000000
vn -0.000006 -0.000039 -1.000000
vn 0.000001 -0.000015 1.000000
vn 0.000002 -0.000023 1.000000
vn 0.000006 -0.000062 1.000000
vn 0.000006 -0.000062 1.000000
vn 0.000024 -0.000010 1.000000
vn 0.000024 -0.000010 1.000000
vn 0.000024 -0.000010 1.000000
vn 0.000024 -0.000010 1.000000
vn 0.000003 0.000030 -1.000000
vn 0.000003 0.000030 -1.000000
vn 0.000003 0.000030 -1.000000
vn 0.000003 0.000030 -1.000000
vn -0.000003 0.000032 1.000000
vn -0.000003 0.000032 1.000000
vn -0.000003 0.000032 1.000000
vn -0.000003 0.000032 1.000000
vn 0.000023 -0.000012 -1.000000
vn 0.000009 -0.000010 -1.000000
vn 0.000015 -0.000011 -1.000000
vn 0.000023 -0.000012 -1.000000
vn 0.000004 0.000007 -1.000000
vn 0.000013 -0.000003 -1.000000
vn 0.000008 0.000002 -1.000000
vn 0.000004 0.000007 -1.000000
vn -0.000000 0.000000 1.000000
vn -0.000000 0.000000 1.000000
vn 0.972802 -0.231638 0.000008
vn 0.972801 -0.231644 0.000008
vn 1.000000 -0.000003 0.000000
vn 1.000000 -0.000003 0.000000
vn 0.827625 -0.561282 0.000000
vn 0.965015 -0.262194 0.000000
vn 0.965016 -0.262191 0.000000
vn 0.827625 -0.561282 0.000000
vn 0.507220 -0.861817 -0.000004
vn 0.507218 -0.861818 -0.000004
vn 0.207104 -0.978319 -0.000007
vn 0.207105 -0.978319 -0.000007
vn 0.413147 -0.910664 -0.000001
vn 0.413145 -0.910665 -0.000001
vn 0.706706 -0.707507 0.000000
vn 0.706706 -0.707507 0.000000
vn -0.000012 1.000000 0.000006
vn -0.000012 1.000000 0.000006
vn -0.000012 1.000000 0.000006
vn -0.000012 1.000000 0.000006
vn -0.000005 1.000000 -0.000000
vn -0.000005 1.000000 -0.000000
vn 0.000000 1.000000 0.000000
vn 0.000000 1.000000 0.000000
vn -1.000000 0.000033 -0.000021
vn -1.000000 0.000033 -0.000021
vn -1.000000 0.000033 -0.000021
vn -1.000000 0.000033 -0.000021
vn -1.000000 0.000034 0.000000
vn -1.000000 0.000034 0.000000
vn -1.000000 0.000034 0.000000
vn -1.000000 0.000034 0.000000
vn -1.000000 0.000015 -0.000021
vn -1.000000 0.000015 -0.000021
vn -1.000000 0.000015 -0.000021
vn -1.000000 0.000015 -0.000021
vn 0.696761 -0.717304 0.000000
vn 0.696761 -0.717304 0.000000
vn 0.696761 -0.717304 0.000000
vn 0.696761 -0.717304 0.000000
vn 0.797148 -0.603784 0.000007
vn 0.797148 -0.603784 0.000007
vn 0.858142 -0.513412 0.000012
vn 0.858142 -0.513412 0.000012
vn 0.000000 0.000000 -1.000000
vn 0.000000 0.000000 -1.000000
vn 0.000000 0.000000 -1.000000
vn 0.000000 0.000000 -1.000000
vn -1.000000 0.000015 0.000021
vn -1.000000 0.000015 0.000021
vn -1.000000 0.000015 0.000021
vn -1.000000 0.000015 0.000021
vn -0.000007 0.000006 1.000000
vn -0.000007 0.000006 1.000000
vn -0.000007 0.000006 1.000000
vn -0.000007 0.000006 1.000000
vn 0.000005 -0.000026 -1.000000
vn 0.000005 -0.000022 -1.000000
vn 0.000011 -0.000055 -1.000000
vn 0.000011 -0.000055 -1.000000
vn 0.000016 -0.000063 -1.000000
vn 0.000016 -0.000063 -1.000000
vn 0.000016 -0.000063 -1.000000
vn 0.000016 -0.000063 -1.000000
vn 0.000000 -0.000050 -1.000000
vn 0.000000 -0.000050 -1.000000
vn 0.000000 -0.000050 -1.000000
vn 0.000000 -0.000050 -1.000000
vn -0.000001 -0.000051 1.000000
vn 0.000004 -0.000024 1.000000
vn 0.000004 -0.000027 1.000000
vn -0.000001 -0.000051 1.000000
vn -0.000003 -0.000019 1.000000
vn -0.000000 -0.000026 1.000000
vn 0.000007 -0.000048 1.000000
vn 0.000007 -0.000048 1.000000
vn 0.000011 -0.000055 1.000000
vn 0.000007 -0.000012 1.000000
vn 0.000005 -0.000026 1.000000
vn 0.000011 -0.000055 1.000000
vn 0.000025 -0.000005 1.000000
vn 0.000013 -0.000003 1.000000
vn 0.000006 -0.000001 1.000000
vn 0.000025 -0.000005 1.000000
vn 0.000017 -0.000014 1.000000
vn 0.000030 -0.000025 1.000000
vn 0.000030 -0.000025 1.000000
vn 0.000031 -0.000035 1.000000
vn 0.000031 -0.000035 1.000000
vn 0.000031 -0.000035 1.000000
vn 0.000031 -0.000035 1.000000
vn -0.000012 0.000044 -1.000000
vn -0.000012 0.000044 -1.000000
vn -0.000012 0.000044 -1.000000
vn -0.000012 0.000044 -1.000000
vn -0.000037 0.000049 -1.000000
vn -0.000037 0.000049 -1.000000
vn -0.000037 0.000049 -1.000000
vn -0.000037 0.000049 -1.000000
vn -0.000008 0.000030 -1.000000
vn -0.000008 0.000030 -1.000000
vn -0.000008 0.000030 -1.000000
vn -0.000008 0.000030 -1.000000
vn -0.000005 0.000025 1.000000
vn -0.000005 0.000025 1.000000
vn -0.000005 0.000025 1.000000
vn -0.000005 0.000025 1.000000
vn -0.000024 0.000037 1.000000
vn -0.000024 0.000037 1.000000
vn -0.000024 0.000037 1.000000
vn -0.000024 0.000037 1.000000
vn -0.000027 0.000053 1.000000
vn -0.000027 0.000053 1.000000
vn -0.000027 0.000053 1.000000
vn -0.000027 0.000053 1.000000
vn 0.000020 -0.000012 -1.000000
vn 0.000020 -0.000012 -1.000000
vn 0.000030 -0.000025 -1.000000
vn 0.000030 -0.000025 -1.000000
vn 0.000030 -0.000025 -1.000000
vn 0.000030 -0.000025 -1.000000
vn 0.000035 -0.000028 -1.000000
vn 0.000035 -0.000028 -1.000000
vn 0.000035 -0.000028 -1.000000
vn 0.000035 -0.000028 -1.000000
vn 0.000005 -0.000009 -1.000000
vn 0.000005 -0.000009 -1.000000
vn -0.000003 -0.000006 -1.000000
vn -0.000003 -0.000006 -1.000000
vn -0.000003 -0.000006 -1.000000
vn -0.000003 -0.000006 -1.000000
vn -0.000004 0.000007 -1.000000
vn -0.000004 0.000007 -1.000000
vn -0.000004 0.000007 -1.000000
vn -0.000004 0.000007 -1.000000
vn 0.000000 0.000000 1.000000
vn -0.000000 0.000000 1.000000
vn -0.000000 0.000000 1.000000
vn 0.000000 0.000000 1.000000
vn 0.000000 0.000000 1.000000
vn 0.000000 0.000000 1.000000
vn 0.000000 0.000000 1.000000
vn 1.000000 0.000000 0.000000
vn 0.965015 -0.262193 0.000000
vn 0.965016 -0.262190 0.000000
vn 1.000000 0.000000 0.000000
vn 1.000000 -0.000003 0.000000
vn 1.000000 -0.000003 0.000000
vn 1.000000 0.000000 0.000000
vn 0.972800 -0.231646 -0.000008
vn 0.972800 -0.231646 -0.000008
vn 1.000000 0.000000 0.000000
vn 0.827626 -0.561280 0.000000
vn 0.827626 -0.561280 0.000000
vn 0.827628 -0.561277 0.000000
vn 0.827628 -0.561277 0.000000
vn 0.507219 -0.861817 0.000003
vn 0.507218 -0.861818 0.000003
vn 0.827630 -0.561275 0.000000
vn 0.827630 -0.561275 0.000000
vn 0.207104 -0.978319 -0.000002
vn 0.207104 -0.978319 -0.000002
vn 0.413156 -0.910660 0.000000
vn 0.413153 -0.910662 0.000000
vn 0.207107 -0.978318 0.000000
vn 0.207107 -0.978318 0.000000
vn 0.207104 -0.978319 0.000005
vn 0.207104 -0.978319 0.000005
vn 0.706691 -0.707523 0.000000
vn 0.706691 -0.707523 0.000000
vn 0.706691 -0.707523 0.000000
vn 0.706691 -0.707523 0.000000
vn 0.706694 -0.707519 0.000000
vn 0.706694 -0.707519 0.000000
vn 0.706694 -0.707519 0.000000
vn 0.706694 -0.707519 0.000000
vn 0.706710 -0.707503 0.000000
vn 0.706710 -0.707503 0.000000
vn -0.000012 1.000000 -0.000000
vn -0.000012 1.000000 -0.000000
vn -0.000005 1.000000 -0.000000
vn -0.000005 1.000000 -0.000000
vn -0.000012 1.000000 0.000000
vn -0.000012 1.000000 0.000000
vn -0.000012 1.000000 -0.000007
vn -0.000012 1.000000 -0.000007
vn -0.000012 1.000000 -0.000007
vn -0.000012 1.000000 -0.000007
vn 0.000000 1.000000 -0.000000
vn 0.000000 1.000000 -0.000000
vn 0.000000 1.000000 -0.000000
vn 0.000000 1.000000 -0.000000
vn 0.000000 1.000000 0.000000
vn 0.000000 1.000000 0.000000
vn 0.000000 1.000000 0.000000
vn 0.000000 1.000000 0.000000
vn 0.000000 1.000000 -0.000000
vn 0.000000 1.000000 -0.000000
vn -1.000000 -0.000033 -0.000021
vn -1.000000 -0.000033 -0.000021
vn -1.000000 -0.000033 -0.000021
vn -1.000000 -0.000033 -0.000021
vn -1.000000 -0.000033 0.000021
vn -1.000000 -0.000033 0.000021
vn -1.000000 -0.000033 0.000021
vn -1.000000 -0.000033 0.000021
vn -1.000000 0.000033 0.000021
vn -1.000000 0.000033 0.000021
vn -1.000000 0.000033 0.000021
vn -1.000000 0.000033 0.000021
vn -1.000000 0.000000 0.000000
vn -1.000000 0.000000 0.000000
vn -1.000000 0.000000 0.000000
vn -1.000000 0.000000 0.000000
vn -1.000000 0.000000 0.000000
vn -1.000000 -0.000013 0.000014
vn -1.000000 -0.000013 0.000014
vn -1.000000 0.000000 0.000000
vn -1.000000 -0.000032 -0.000014
vn -1.000000 -0.000032 -0.000014
vn -1.000000 -0.000034 0.000000
vn -1.000000 -0.000034 0.000000
vn -1.000000 -0.000015 -0.000021
vn -1.000000 -0.000015 -0.000021
vn -1.000000 -0.000015 -0.000021
vn -1.000000 -0.000015 -0.000021
vn -1.000000 -0.000029 0.000021
vn -1.000000 -0.000029 0.000021
vn -1.000000 -0.000029 0.000021
vn -1.000000 -0.000029 0.000021
vn -1.000000 0.000029 0.000021
vn -1.000000 0.000029 0.000021
vn -1.000000 0.000029 0.000021
vn -1.000000 0.000029 0.000021
vn 0.696798 -0.717267 0.000000
vn 0.696798 -0.717267 0.000000
vn 0.797150 -0.603781 -0.000008
vn 0.797148 -0.603783 -0.000008
vn 0.696800 -0.717265 0.000000
vn 0.696800 -0.717265 0.000000
vn 0.696762 -0.717303 0.000000
vn 0.696762 -0.717303 0.000000
vn 0.696762 -0.717302 0.000000
vn 0.696762 -0.717303 0.000000
vn 0.858127 -0.513438 0.000017
vn 0.858127 -0.513438 0.000017
vn 0.858124 -0.513442 -0.000017
vn 0.858124 -0.513442 -0.000017
vn 0.858141 -0.513414 -0.000013
vn 0.858141 -0.513414 -0.000013
vn 0.000000 0.000000 -1.000000
vn 0.000000 0.000000 -1.000000
vn 0.000000 0.000000 -1.000000
vn 0.000000 0.000000 -1.000000
vn 0.000000 0.000000 -1.000000
vn 0.000000 0.000000 -1.000000
vn 0.000000 0.000000 -1.000000
vn 0.000000 0.000000 -1.000000
vn -1.000000 0.000027 -0.000021
vn -1.000000 0.000027 -0.000021
vn -1.000000 0.000027 -0.000021
vn -1.000000 0.000027 -0.000021
vn -1.000000 -0.000031 -0.000021
vn -1.000000 -0.000031 -0.000021
vn -1.000000 -0.000019 0.000021
vn -1.000000 -0.000019 0.000021
vn -0.000007 -0.000006 1.000000
vn -0.000007 -0.000006 1.000000
vn 0.000007 -0.000006 1.000000
vn 0.000007 -0.000006 1.000000
vn 0.000007 0.000006 1.000000
vn 0.000007 0.000006 1.000000
vn 0.000007 0.000006 1.000000
vn 0.000007 0.000006 1.000000
vn 0.057535 -0.000001 0.998343
vn 0.057535 -0.000001 0.998343
vn 0.057535 -0.000001 0.998343
vn 0.057535 -0.000001 0.998343
vn 0.000000 1.000000 0.000000
vn 0.000000 1.000000 0.000000
vn 0.000000 1.000000 0.000000
vn 0.000000 1.000000 0.000000
vn -0.057535 0.000003 -0.998344
vn -0.057535 0.000003 -0.998343
vn -0.057535 0.000003 -0.998344
vn -0.057535 0.000003 -0.998343
vn -0.000000 -1.000000 -0.000000
vn -0.000000 -1.000000 -0.000000
vn -0.000000 -1.000000 -0.000000
vn -0.000000 -1.000000 -0.000000
vn 0.713455 0.699494 -0.041120
vn 0.713455 0.699494 -0.041120
vn 0.713455 0.699494 -0.041120
vn 0.713455 0.699494 -0.041120
vn -0.713446 0.699503 0.041117
vn -0.713446 0.699503 0.041117
vn -0.713446 0.699503 0.041117
vn -0.713446 0.699503 0.041117
vn 0.057536 -0.000006 0.998343
vn 0.057536 -0.000006 0.998343
vn 0.057536 -0.000006 0.998344
vn 0.057536 -0.000006 0.998344
vn 0.057536 0.000000 0.998343
vn 0.057536 0.000000 0.998344
vn 0.057536 0.000000 0.998344
vn 0.057536 0.000000 0.998343
vn 0.057535 0.000002 0.998344
vn 0.057535 0.000002 0.998344
vn 0.057535 0.000002 0.998344
vn 0.057535 0.000002 0.998344
vn 0.000000 1.000000 0.000000
vn 0.000000 1.000000 0.000000
vn 0.000000 1.000000 0.000000
vn 0.000000 1.000000 0.000000
vn 0.000000 1.000000 0.000000
vn 0.000000 1.000000 0.000000
vn 0.000000 1.000000 0.000000
vn 0.000000 1.000000 0.000000
vn 0.000000 1.000000 0.000000
vn 0.000000 1.000000 0.000000
vn 0.000000 1.000000 0.000000
vn 0.000000 1.000000 0.000000
vn -0.057537 0.000001 -0.998343
vn -0.057537 0.000001 -0.998343
vn -0.057537 0.000001 -0.998343
vn -0.057537 0.000001 -0.998343
vn -0.057537 0.000012 -0.998343
vn -0.057537 0.000012 -0.998343
vn -0.057537 0.000012 -0.998343
vn -0.057537 0.000012 -0.998343
vn -0.057536 0.000007 -0.998343
vn -0.057536 0.000007 -0.998343
vn -0.057536 0.000007 -0.998343
vn -0.057536 0.000007 -0.998343
vn 0.000000 -1.000000 -0.000000
vn 0.000000 -1.000000 -0.000000
vn 0.000000 -1.000000 -0.000000
vn 0.000000 -1.000000 -0.000000
vn 0.000000 -1.000000 0.000000
vn 0.000000 -1.000000 0.000000
vn 0.000000 -1.000000 0.000000
vn 0.000000 -1.000000 0.000000
vn -0.000000 -1.000000 0.000000
vn -0.000000 -1.000000 0.000000
vn -0.000000 -1.000000 0.000000
vn -0.000000 -1.000000 0.000000
vn 0.713460 0.699488 -0.041124
vn 0.713460 0.699488 -0.041124
vn 0.713460 0.699488 -0.041124
vn 0.713460 0.699488 -0.041124
vn 0.713459 0.699490 -0.041122
vn 0.713459 0.699490 -0.041122
vn 0.713459 0.699490 -0.041122
vn 0.713459 0.699490 -0.041122
vn 0.713453 0.699496 -0.041116
vn 0.713453 0.699496 -0.041116
vn 0.713453 0.699496 -0.041116
vn 0.713453 0.699496 -0.041116
vn -0.713442 0.699507 0.041117
vn -0.713442 0.699507 0.041117
vn -0.713442 0.699507 0.041117
vn -0.713442 0.699507 0.041117
vn -0.713445 0.699504 0.041120
vn -0.713445 0.699504 0.041120
vn -0.713445 0.699504 0.041120
vn -0.713445 0.699504 0.041120
vn -0.713448 0.699500 0.041122
vn -0.713448 0.699500 0.041122
vn -0.713448 0.699500 0.041122
vn -0.713448 0.699500 0.041122
vn -0.000001 1.000000 0.000000
vn -0.000001 1.000000 0.000000
vn -0.000001 1.000000 0.000000
vn -0.000001 1.000000 0.000000
vn 0.042234 0.697004 0.715822
vn 0.042234 0.697004 0.715822
vn 0.042234 0.697004 0.715822
vn 0.042234 0.697004 0.715822
vn 0.715844 0.696981 -0.042253
vn 0.715844 0.696981 -0.042253
vn 0.715844 0.696981 -0.042253
vn 0.715844 0.696981 -0.042253
vn -0.042240 0.697001 -0.715825
vn -0.042240 0.697001 -0.715825
vn -0.042240 0.697001 -0.715825
vn -0.042240 0.697001 -0.715825
vn -0.715814 0.697013 0.042239
vn -0.715814 0.697013 0.042239
vn -0.715814 0.697013 0.042239
vn -0.715814 0.697013 0.042239
vn 0.058899 0.000000 0.998264
vn 0.058899 0.000000 0.998264
vn 0.058899 0.000000 0.998264
vn 0.058899 0.000000 0.998264
vn 0.998262 -0.000002 -0.058933
vn 0.998262 -0.000002 -0.058933
vn 0.998262 -0.000002 -0.058933
vn 0.998262 -0.000002 -0.058933
vn -0.058903 -0.000001 -0.998264
vn -0.058903 -0.000001 -0.998264
vn -0.058903 -0.000001 -0.998264
vn -0.058903 -0.000001 -0.998264
vn -0.998264 0.000002 0.058900
vn -0.998264 0.000002 0.058900
vn -0.998264 0.000002 0.058900
vn -0.998264 0.000002 0.058900
vn -0.998264 0.000000 0.058897
vn -0.998264 0.000000 0.058897
vn -0.998264 0.000000 0.058897
vn -0.998264 0.000000 0.058897
vn -0.058900 -0.000000 -0.998264
vn -0.058900 -0.000000 -0.998264
vn -0.058900 -0.000000 -0.998264
vn -0.058900 -0.000000 -0.998264
vn 0.998262 0.000005 -0.058938
vn 0.998262 0.000005 -0.058938
vn 0.998262 0.000005 -0.058938
vn 0.998262 0.000005 -0.058938
vn 0.058899 0.000005 0.998264
vn 0.058899 0.000005 0.998264
vn 0.058899 0.000005 0.998264
vn 0.058899 0.000005 0.998264
vn 0.000001 1.000000 -0.000002
vn 0.000001 1.000000 -0.000002
vn 0.000001 1.000000 -0.000002
vn 0.000001 1.000000 -0.000002
vn 0.000001 1.000000 0.000000
vn 0.000001 1.000000 0.000000
vn 0.000001 1.000000 0.000000
vn 0.000001 1.000000 0.000000
vn -0.000001 1.000000 0.000001
vn -0.000001 1.000000 0.000001
vn -0.000001 1.000000 0.000001
vn -0.000001 1.000000 0.000001
vn 0.042233 0.697002 0.715825
vn 0.042233 0.697002 0.715825
vn 0.042233 0.697002 0.715825
vn 0.042233 0.697002 0.715825
vn 0.042232 0.697004 0.715823
vn 0.042232 0.697004 0.715823
vn 0.042232 0.697004 0.715823
vn 0.042232 0.697004 0.715823
vn 0.042235 0.697002 0.715825
vn 0.042235 0.697002 0.715825
vn 0.042235 0.697002 0.715825
vn 0.042235 0.697002 0.715825
vn 0.715841 0.696984 -0.042253
vn 0.715841 0.696984 -0.042253
vn 0.715841 0.696984 -0.042253
vn 0.715841 0.696984 -0.042253
vn 0.715832 0.696993 -0.042256
vn 0.715832 0.696993 -0.042256
vn 0.715832 0.696993 -0.042256
vn 0.715832 0.696993 -0.042256
vn 0.715836 0.696989 -0.042248
vn 0.715836 0.696989 -0.042248
vn 0.715836 0.696989 -0.042248
vn 0.715836 0.696989 -0.042248
vn -0.042234 0.697006 -0.715821
vn -0.042234 0.697006 -0.715821
vn -0.042234 0.697006 -0.715821
vn -0.042234 0.697006 -0.715821
vn -0.042234 0.696990 -0.715836
vn -0.042234 0.696990 -0.715836
vn -0.042234 0.696990 -0.715836
vn -0.042234 0.696990 -0.715836
vn -0.042240 0.696998 -0.715828
vn -0.042240 0.696998 -0.715828
vn -0.042240 0.696998 -0.715828
vn -0.042240 0.696998 -0.715828
vn -0.715796 0.697032 0.042229
vn -0.715796 0.697032 0.042229
vn -0.715796 0.697032 0.042229
vn -0.715796 0.697032 0.042229
vn -0.715819 0.697007 0.042236
vn -0.715819 0.697007 0.042236
vn -0.715819 0.697007 0.042236
vn -0.715819 0.697007 0.042236
vn -0.715828 0.696998 0.042247
vn -0.715828 0.696998 0.042247
vn -0.715828 0.696998 0.042247
vn -0.715828 0.696998 0.042247
vn 0.058900 0.000000 0.998264
vn 0.058900 0.000000 0.998264
vn 0.058900 0.000000 0.998264
vn 0.058900 0.000000 0.998264
vn 0.058899 0.000000 0.998264
vn 0.058899 0.000000 0.998264
vn 0.058899 0.000000 0.998264
vn 0.058899 0.000000 0.998264
vn 0.058900 0.000000 0.998264
vn 0.058900 0.000000 0.998264
vn 0.058900 0.000000 0.998264
vn 0.058900 0.000000 0.998264
vn 0.998262 0.000002 -0.058933
vn 0.998262 0.000002 -0.058933
vn 0.998262 0.000002 -0.058933
vn 0.998262 0.000002 -0.058933
vn 0.998264 0.000003 -0.058900
vn 0.998264 0.000003 -0.058900
vn 0.998264 0.000003 -0.058900
vn 0.998264 0.000003 -0.058900
vn 0.998264 -0.000002 -0.058900
vn 0.998264 -0.000002 -0.058900
vn 0.998264 -0.000002 -0.058900
vn 0.998264 -0.000002 -0.058900
vn -0.058903 0.000000 -0.998264
vn -0.058903 0.000000 -0.998264
vn -0.058903 0.000000 -0.998264
vn -0.058903 0.000000 -0.998264
vn -0.058895 0.000000 -0.998264
vn -0.058895 0.000000 -0.998264
vn -0.058895 0.000000 -0.998264
vn -0.058895 0.000000 -0.998264
vn -0.058895 -0.000000 -0.998264
vn -0.058895 -0.000000 -0.998264
vn -0.058895 -0.000000 -0.998264
vn -0.058895 -0.000000 -0.998264
vn -0.998264 -0.000002 0.058900
vn -0.998264 -0.000002 0.058900
vn -0.998264 -0.000002 0.058900
vn -0.998264 -0.000002 0.058900
vn -0.998262 -0.000002 0.058933
vn -0.998262 -0.000002 0.058933
vn -0.998262 -0.000002 0.058933
vn -0.998262 -0.000002 0.058933
vn -0.998262 0.000002 0.058933
vn -0.998262 0.000002 0.058933
vn -0.998262 0.000002 0.058933
vn -0.998262 0.000002 0.058933
vn -0.998264 0.000000 0.058897
vn -0.998264 0.000000 0.058897
vn -0.998264 0.000000 0.058897
vn -0.998264 0.000000 0.058897
vn -0.998264 0.000000 0.058897
vn -0.998264 0.000000 0.058897
vn -0.998264 0.000000 0.058897
vn -0.998264 0.000000 0.058897
vn -0.998264 0.000000 0.058897
vn -0.998264 0.000000 0.058897
vn -0.998264 0.000000 0.058897
vn -0.998264 0.000000 0.058897
vn -0.058902 -0.000001 -0.998264
vn -0.058902 -0.000001 -0.998264
vn -0.058902 -0.000001 -0.998264
vn -0.058902 -0.000001 -0.998264
vn -0.058902 0.000001 -0.998264
vn -0.058902 0.000001 -0.998264
vn -0.058902 0.000001 -0.998264
vn -0.058902 0.000001 -0.998264
vn -0.058900 0.000000 -0.998264
vn -0.058900 0.000000 -0.998264
vn -0.058900 0.000000 -0.998264
vn -0.058900 0.000000 -0.998264
vn 0.998264 0.000011 -0.058905
vn 0.998264 0.000011 -0.058905
vn 0.998264 0.000011 -0.058905
vn 0.998264 0.000011 -0.058905
vn 0.998264 -0.000011 -0.058905
vn 0.998264 -0.000011 -0.058905
vn 0.998264 -0.000011 -0.058905
vn 0.998264 -0.000011 -0.058905
vn 0.998262 -0.000005 -0.058938
vn 0.998262 -0.000005 -0.058938
vn 0.998262 -0.000005 -0.058938
vn 0.998262 -0.000005 -0.058938
vn 0.058896 0.000005 0.998264
vn 0.058896 0.000005 0.998264
vn 0.058896 0.000005 0.998264
vn 0.058896 0.000005 0.998264
vn 0.058896 -0.000005 0.998264
vn 0.058896 -0.000005 0.998264
vn 0.058896 -0.000005 0.998264
vn 0.058896 -0.000005 0.998264
vn 0.058899 -0.000005 0.998264
vn 0.058899 -0.000005 0.998264
vn 0.058899 -0.000005 0.998264
vn 0.058899 -0.000005 0.998264
vn 0.045020 0.000000 0.998986
vn 0.045020 0.000000 0.998986
vn 0.045020 0.000000 0.998986
vn 0.045020 0.000000 0.998986
vn 0.000000 1.000000 -0.000000
vn 0.000000 1.000000 -0.000000
vn 0.000000 1.000000 -0.000000
vn 0.000000 1.000000 -0.000000
vn -0.045019 0.000000 -0.998986
vn -0.045019 0.000000 -0.998986
vn -0.045019 0.000000 -0.998986
vn -0.045019 0.000000 -0.998986
vn 0.000000 -1.000000 -0.000000
vn 0.000000 -1.000000 -0.000000
vn 0.000000 -1.000000 -0.000000
vn 0.000000 -1.000000 -0.000000
vn 0.998986 0.000000 -0.045021
vn 0.998986 0.000000 -0.045021
vn 0.998986 0.000000 -0.045021
vn 0.998986 0.000000 -0.045021
vn -0.998986 0.000000 0.045021
vn -0.998986 0.000000 0.045021
vn -0.998986 0.000000 0.045021
vn -0.998986 0.000000 0.045021
vn 0.045020 0.000000 0.998986
vn 0.045020 0.000000 0.998986
vn 0.045020 0.000000 0.998986
vn 0.045020 0.000000 0.998986
vn 0.045018 0.000000 0.998986
vn 0.045018 0.000000 0.998986
vn 0.045018 0.000000 0.998986
vn 0.045018 0.000000 0.998986
vn 0.045020 0.000000 0.998986
vn 0.045020 0.000000 0.998986
vn 0.045020 0.000000 0.998986
vn 0.045020 0.000000 0.998986
vn 0.045019 0.000000 0.998986
vn 0.045019 0.000000 0.998986
vn 0.045019 0.000000 0.998986
vn 0.045019 0.000000 0.998986
vn -0.998986 0.000000 0.045021
vn -0.998986 0.000000 0.045021
vn -0.998986 0.000000 0.045021
vn -0.998986 0.000000 0.045021
vn -0.045019 0.000000 -0.998986
vn -0.045019 0.000000 -0.998986
vn -0.045019 0.000000 -0.998986
vn -0.045019 0.000000 -0.998986
vn 0.998986 0.000000 -0.045021
vn 0.998986 0.000000 -0.045021
vn 0.998986 0.000000 -0.045021
vn 0.998986 0.000000 -0.045021
vn 0.045018 0.000000 0.998986
vn 0.045018 0.000000 0.998986
vn 0.045018 0.000000 0.998986
vn 0.045018 0.000000 0.998986
vn 0.045025 0.000000 0.998986
vn 0.045019 0.000000 0.998986
vn 0.045019 0.000000 0.998986
vn 0.045025 0.000000 0.998986
vn 0.045019 0.000000 0.998986
vn 0.045019 0.000000 0.998986
vn 0.045019 0.000000 0.998986
vn 0.045019 0.000000 0.998986
vn 0.034597 0.639922 0.767661
vn 0.034595 0.639919 0.767663
vn 0.034595 0.639919 0.767663
vn 0.034597 0.639922 0.767661
vn -0.457974 0.000000 0.888965
vn -0.457974 0.000000 0.888965
vn -0.457974 0.000000 0.888965
vn -0.457974 0.000000 0.888965
vn 0.041008 -0.412645 0.909969
vn 0.041008 -0.412645 0.909969
vn 0.041010 -0.412647 0.909967
vn 0.041010 -0.412647 0.909967
vn 0.536051 0.000000 0.844185
vn 0.536051 0.000000 0.844186
vn 0.536051 0.000000 0.844185
vn 0.536051 0.000000 0.844185
vn -0.998986 0.000000 0.045021
vn -0.998986 0.000000 0.045021
vn -0.045019 0.000000 -0.998986
vn -0.045019 0.000000 -0.998986
vn 0.998986 0.000000 -0.045021
vn 0.998986 0.000000 -0.045021
vn 0.045018 0.000000 0.998986
vn 0.045018 0.000000 0.998986
vn 0.045020 0.000000 0.998986
vn 0.045020 0.000000 0.998986
vn 0.045020 0.000000 0.998986
vn 0.045020 0.000000 0.998986
vn 0.045019 0.000000 0.998986
vn 0.045019 0.000000 0.998986
vn 0.045019 0.000000 0.998986
vn 0.045019 0.000000 0.998986
vn 0.045019 0.000001 0.998986
vn 0.045019 0.000001 0.998986
vn 0.045019 0.000000 0.998986
vn 0.045019 0.000000 0.998986
vn 0.045019 0.000000 0.998986
vn 0.045019 0.000000 0.998986
vn 0.045020 0.000000 0.998986
vn 0.045019 0.000000 0.998986
vn 0.045020 0.000000 0.998986
vn 0.045019 0.000000 0.998986
vn 0.034595 0.639917 0.767665
vn 0.034595 0.639917 0.767665
vn 0.034596 0.639917 0.767665
vn 0.034596 0.639917 0.767665
vn 0.045019 0.000000 0.998986
vn 0.045019 0.000000 0.998986
vn 0.045022 0.000000 0.998986
vn 0.045022 0.000000 0.998986
vn 0.041009 -0.412643 0.909969
vn 0.041008 -0.412643 0.909969
vn 0.041008 -0.412643 0.909969
vn 0.041009 -0.412643 0.909969
vn 0.045019 -0.000000 0.998986
vn 0.045019 -0.000000 0.998986
vn 0.045019 -0.000000 0.998986
vn 0.045019 -0.000000 0.998986
vn 0.000000 1.000000 0.000000
vn 0.000000 1.000000 0.000000
vn 0.000000 1.000000 0.000000
vn 0.000000 1.000000 0.000000
vn -0.045021 0.000000 -0.998986
vn -0.045021 0.000000 -0.998986
vn -0.045022 0.000000 -0.998986
vn -0.045022 0.000000 -0.998986
vn -0.045021 0.000000 -0.998986
vn -0.045022 0.000000 -0.998986
vn -0.045021 0.000000 -0.998986
vn -0.045022 0.000000 -0.998986
vn -0.045021 0.000000 -0.998986
vn -0.045022 0.000000 -0.998986
vn 0.000000 -1.000000 0.000000
vn 0.000000 -1.000000 0.000000
vn 0.000000 -1.000000 0.000000
vn 0.000000 -1.000000 0.000000
vn 0.045016 0.000000 0.998986
vn 0.045016 0.000000 0.998986
vn 0.045016 0.000000 0.998986
vn 0.045016 0.000000 0.998986
vn 0.998986 0.000000 -0.045030
vn 0.998986 0.000000 -0.045030
vn 0.998986 0.000000 -0.045030
vn 0.998986 0.000000 -0.045030
vn 0.000000 1.000000 -0.000001
vn 0.000000 1.000000 -0.000001
vn 0.000000 1.000000 -0.000001
vn 0.000000 1.000000 -0.000001
vn -0.998986 0.000000 0.045031
vn -0.998986 0.000000 0.045031
vn -0.998986 0.000000 0.045031
vn -0.998986 0.000000 0.045031
vn 0.000000 -1.000000 -0.000000
vn 0.000000 -1.000000 -0.000000
vn 0.000000 -1.000000 -0.000000
vn 0.000000 -1.000000 -0.000000
vn 0.000000 -1.000000 -0.000001
vn 0.000000 -1.000000 -0.000001
vn 0.000000 -1.000000 -0.000001
vn 0.000000 -1.000000 -0.000001
vn 0.000000 1.000000 0.000001
vn 0.000000 1.000000 0.000001
vn 0.000000 1.000000 0.000001
vn 0.000000 1.000000 0.000001
vn 0.998981 0.000000 -0.045133
vn 0.998981 0.000000 -0.045133
vn 0.998981 0.000000 -0.045133
vn 0.998981 0.000000 -0.045133
vn -0.998988 0.000000 0.044979
vn -0.998988 0.000000 0.044979
vn -0.998988 0.000000 0.044979
vn -0.998988 0.000000 0.044979
vn 0.000000 1.000000 -0.000001
vn 0.000000 1.000000 -0.000001
vn 0.000000 1.000000 -0.000001
vn 0.000000 1.000000 -0.000001
vn 0.000000 -1.000000 -0.000002
vn 0.000000 -1.000000 -0.000002
vn 0.000000 -1.000000 -0.000002
vn 0.000000 -1.000000 -0.000002
vn -0.998981 0.000000 0.045134
vn -0.998981 0.000000 0.045134
vn -0.998981 0.000000 0.045134
vn -0.998981 0.000000 0.045134
vn 0.998988 0.000000 -0.044979
vn 0.998988 0.000000 -0.044979
vn 0.998988 0.000000 -0.044979
vn 0.998988 0.000000 -0.044979
vn 0.998981 0.000000 -0.045133
vn 0.998981 0.000000 -0.045133
vn 0.998981 0.000000 -0.045133
vn 0.998981 0.000000 -0.045133
vn -0.998988 0.000000 0.044979
vn -0.998988 0.000000 0.044979
vn -0.998988 0.000000 0.044979
vn -0.998988 0.000000 0.044979
vn -0.998981 0.000000 0.045134
vn -0.998981 0.000000 0.045134
vn -0.998981 0.000000 0.045134
vn -0.998981 0.000000 0.045134
vn 0.998988 0.000000 -0.044979
vn 0.998988 0.000000 -0.044979
vn 0.998988 0.000000 -0.044979
vn 0.998988 0.000000 -0.044979
vn 0.998981 0.000000 -0.045133
vn 0.998981 0.000000 -0.045133
vn 0.998981 0.000000 -0.045133
vn 0.998981 0.000000 -0.045133
vn -0.998988 0.000000 0.044979
vn -0.998988 0.000000 0.044979
vn -0.998988 0.000000 0.044979
vn -0.998988 0.000000 0.044979
vn -0.998981 0.000000 0.045134
vn -0.998981 0.000000 0.045134
vn -0.998981 0.000000 0.045134
vn -0.998981 0.000000 0.045134
vn 0.998988 0.000000 -0.044979
vn 0.998988 0.000000 -0.044979
vn 0.998988 0.000000 -0.044979
vn 0.998988 0.000000 -0.044979
vn -0.998981 0.000000 0.045134
vn -0.998981 0.000000 0.045134
vn -0.998981 0.000000 0.045134
vn -0.998981 0.000000 0.045134
vn 0.998988 0.000000 -0.044979
vn 0.998988 0.000000 -0.044979
vn 0.998988 0.000000 -0.044979
vn 0.998988 0.000000 -0.044979
vn 0.998981 0.000000 -0.045133
vn 0.998981 0.000000 -0.045133
vn 0.998981 0.000000 -0.045133
vn 0.998981 0.000000 -0.045133
vn -0.998988 0.000000 0.044979
vn -0.998988 0.000000 0.044979
vn -0.998988 0.000000 0.044979
vn -0.998988 0.000000 0.044979
vn 0.000000 -1.000000 0.000001
vn 0.000000 -1.000000 0.000001
vn 0.000000 -1.000000 0.000001
vn 0.000000 -1.000000 0.000001
vn 0.000000 1.000000 0.000001
vn 0.000000 1.000000 0.000001
vn 0.000000 1.000000 0.000001
vn 0.000000 1.000000 0.000001
vn 0.000000 1.000000 -0.000001
vn 0.000000 1.000000 -0.000001
vn 0.000000 1.000000 -0.000001
vn 0.000000 1.000000 -0.000001
vn 0.000000 -1.000000 -0.000002
vn 0.000000 -1.000000 -0.000002
vn 0.000000 -1.000000 -0.000002
vn 0.000000 -1.000000 -0.000002
vn 0.000000 -1.000000 -0.000001
vn 0.000000 -1.000000 -0.000001
vn 0.000000 -1.000000 -0.000001
vn 0.000000 -1.000000 -0.000001
vn 0.000000 1.000000 0.000001
vn 0.000000 1.000000 0.000001
vn 0.000000 1.000000 0.000001
vn 0.000000 1.000000 0.000001
vn 0.000000 1.000000 -0.000001
vn 0.000000 1.000000 -0.000001
vn 0.000000 1.000000 -0.000001
vn 0.000000 1.000000 -0.000001
vn 0.000000 -1.000000 -0.000001
vn 0.000000 -1.000000 -0.000001
vn 0.000000 -1.000000 -0.000001
vn 0.000000 -1.000000 -0.000001
vn 0.865144 -0.500004 -0.039008
vn 0.499469 -0.866039 -0.022521
vn 0.499473 -0.866037 -0.022521
vn 0.865142 -0.500007 -0.039007
vn 0.000008 -1.000000 -0.000002
vn -0.000014 -1.000000 -0.000001
vn -0.499467 -0.866040 0.022504
vn -0.499462 -0.866044 0.022504
vn -0.865141 -0.500013 0.038972
vn -0.865143 -0.500010 0.038972
vn -0.998987 0.000000 0.045001
vn -0.998987 0.000000 0.045001
vn -0.865142 0.500010 0.038973
vn -0.865142 0.500010 0.038973
vn -0.499475 0.866036 0.022506
vn -0.499470 0.866039 0.022505
vn 0.000008 1.000000 -0.000000
vn -0.000014 1.000000 0.000001
vn 0.499465 0.866041 -0.022519
vn 0.499468 0.866039 -0.022520
vn 0.865146 0.500001 -0.039008
vn 0.865142 0.500008 -0.039008
vn 0.998985 -0.000000 -0.045042
vn 0.998985 -0.000000 -0.045042
vn 0.045009 0.000013 0.998987
vn 0.045027 0.000018 0.998986
vn 0.045016 0.000006 0.998986
vn 0.045020 0.000000 0.998986
vn 0.045021 0.000018 0.998986
vn 0.045003 0.000015 0.998987
vn 0.045014 -0.000002 0.998986
vn 0.045013 0.000002 0.998986
vn 0.045012 0.000000 0.998986
vn 0.045018 0.000000 0.998986
vn 0.045017 0.000007 0.998986
vn 0.045016 0.000000 0.998986
vn 0.045022 -0.000002 0.998986
vn -0.045026 -0.000020 -0.998986
vn -0.045006 -0.000016 -0.998987
vn -0.045022 -0.000000 -0.998986
vn -0.045018 0.000000 -0.998986
vn -0.045044 -0.000008 -0.998985
vn -0.045023 -0.000028 -0.998986
vn -0.045018 -0.000000 -0.998986
vn -0.045024 0.000028 -0.998986
vn -0.045043 0.000008 -0.998985
vn -0.045018 0.000000 -0.998986
vn -0.045006 0.000016 -0.998987
vn -0.045025 0.000018 -0.998986
vn -0.045018 -0.000002 -0.998986
vn 0.045016 0.000000 0.998986
vn 0.045016 0.000000 0.998986
vn 0.045016 0.000000 0.998986
vn 0.045016 0.000000 0.998986
vn 0.000000 1.000000 -0.000001
vn 0.000000 1.000000 -0.000001
vn 0.000000 1.000000 -0.000001
vn 0.000000 1.000000 -0.000001
vn -0.045017 0.000000 -0.998986
vn -0.045017 0.000000 -0.998986
vn -0.045017 0.000000 -0.998986
vn -0.045017 0.000000 -0.998986
vn 0.000000 -1.000000 0.000000
vn 0.000000 -1.000000 0.000000
vn 0.000000 -1.000000 0.000000
vn 0.000000 -1.000000 0.000000
vn 0.998982 0.000000 -0.045109
vn 0.998982 0.000000 -0.045109
vn 0.998982 0.000000 -0.045109
vn 0.998982 0.000000 -0.045109
vn -0.998988 0.000000 0.044969
vn -0.998988 0.000000 0.044969
vn -0.998988 0.000000 0.044969
vn -0.998988 0.000000 0.044969
vn 0.000000 1.000000 -0.000002
vn 0.000000 1.000000 -0.000002
vn 0.000000 1.000000 -0.000002
vn 0.000000 1.000000 -0.000002
vn 0.042235 0.697000 0.715826
vn 0.042235 0.697000 0.715826
vn 0.042235 0.697000 0.715826
vn 0.042235 0.697000 0.715826
vn 0.715812 0.697015 -0.042218
vn 0.715812 0.697015 -0.042218
vn 0.715812 0.697015 -0.042218
vn 0.715812 0.697015 -0.042218
vn -0.042237 0.697006 -0.715821
vn -0.042237 0.697006 -0.715820
vn -0.042237 0.697006 -0.715820
vn -0.042237 0.697006 -0.715821
vn -0.715846 0.696981 0.042226
vn -0.715846 0.696981 0.042226
vn -0.715845 0.696981 0.042226
vn -0.715845 0.696981 0.042226
vn 0.058901 -0.000000 0.998264
vn 0.058901 -0.000000 0.998264
vn 0.058901 -0.000000 0.998264
vn 0.058901 -0.000000 0.998264
vn 0.998268 0.000001 -0.058835
vn 0.998268 0.000001 -0.058835
vn 0.998268 0.000001 -0.058835
vn 0.998268 0.000001 -0.058835
vn -0.058908 -0.000000 -0.998263
vn -0.058908 -0.000000 -0.998263
vn -0.058908 -0.000000 -0.998263
vn -0.058908 -0.000000 -0.998263
vn -0.998266 -0.000002 0.058868
vn -0.998266 -0.000002 0.058868
vn -0.998266 -0.000002 0.058868
vn -0.998266 -0.000002 0.058868
vn -0.998264 0.000000 0.058897
vn -0.998264 0.000000 0.058897
vn -0.998264 0.000000 0.058897
vn -0.998264 0.000000 0.058897
vn -0.058900 -0.000001 -0.998264
vn -0.058900 -0.000001 -0.998264
vn -0.058900 -0.000001 -0.998264
vn -0.058900 -0.000001 -0.998264
vn 0.998265 0.000011 -0.058888
vn 0.998265 0.000011 -0.058888
vn 0.998265 0.000011 -0.058888
vn 0.998265 0.000011 -0.058888
vn 0.058901 -0.000001 0.998264
vn 0.058901 -0.000001 0.998264
vn 0.058901 -0.000001 0.998264
vn 0.058901 -0.000001 0.998264
vn 0.000000 1.000000 0.000000
vn 0.000000 1.000000 0.000000
vn 0.000000 1.000000 0.000000
vn 0.000000 1.000000 0.000000
vn 0.000000 1.000000 0.000002
vn 0.000000 1.000000 0.000002
vn 0.000000 1.000000 0.000002
vn 0.000000 1.000000 0.000002
vn 0.000000 1.000000 0.000001
vn 0.000000 1.000000 0.000001
vn 0.000000 1.000000 0.000001
vn 0.000000 1.000000 0.000001
vn 0.042240 0.697002 0.715824
vn 0.042240 0.697002 0.715824
vn 0.042240 0.697002 0.715824
vn 0.042240 0.697002 0.715824
vn 0.042240 0.697007 0.715819
vn 0.042240 0.697007 0.715819
vn 0.042240 0.697007 0.715819
vn 0.042240 0.697007 0.715819
vn 0.042233 0.697011 0.715816
vn 0.042233 0.697011 0.715816
vn 0.042233 0.697011 0.715816
vn 0.042233 0.697011 0.715816
vn 0.715835 0.696992 -0.042218
vn 0.715835 0.696992 -0.042218
vn 0.715835 0.696992 -0.042218
vn 0.715835 0.696992 -0.042218
vn 0.715841 0.696987 -0.042209
vn 0.715841 0.696987 -0.042209
vn 0.715841 0.696987 -0.042209
vn 0.715841 0.696987 -0.042209
vn 0.715829 0.696998 -0.042210
vn 0.715829 0.696998 -0.042210
vn 0.715829 0.696998 -0.042210
vn 0.715829 0.696998 -0.042210
vn -0.042234 0.697002 -0.715825
vn -0.042234 0.697002 -0.715825
vn -0.042234 0.697002 -0.715825
vn -0.042234 0.697002 -0.715825
vn -0.042234 0.696999 -0.715827
vn -0.042234 0.696999 -0.715827
vn -0.042234 0.696999 -0.715827
vn -0.042234 0.696999 -0.715827
vn -0.042239 0.696994 -0.715832
vn -0.042239 0.696994 -0.715832
vn -0.042239 0.696994 -0.715832
vn -0.042239 0.696994 -0.715832
vn -0.715854 0.696971 0.042234
vn -0.715854 0.696971 0.042234
vn -0.715854 0.696971 0.042234
vn -0.715854 0.696971 0.042234
vn -0.715840 0.696987 0.042219
vn -0.715840 0.696987 0.042219
vn -0.715840 0.696987 0.042219
vn -0.715840 0.696987 0.042219
vn -0.715823 0.697005 0.042210
vn -0.715823 0.697005 0.042210
vn -0.715823 0.697005 0.042210
vn -0.715823 0.697005 0.042210
vn 0.058901 0.000000 0.998264
vn 0.058901 0.000000 0.998264
vn 0.058901 0.000000 0.998264
vn 0.058901 0.000000 0.998264
vn 0.058898 0.000000 0.998264
vn 0.058898 0.000000 0.998264
vn 0.058898 0.000000 0.998264
vn 0.058898 0.000000 0.998264
vn 0.058899 -0.000000 0.998264
vn 0.058899 -0.000000 0.998264
vn 0.058899 -0.000000 0.998264
vn 0.058899 -0.000000 0.998264
vn 0.998268 -0.000001 -0.058835
vn 0.998268 -0.000001 -0.058835
vn 0.998268 -0.000001 -0.058835
vn 0.998268 -0.000001 -0.058835
vn 0.998266 -0.000002 -0.058868
vn 0.998266 -0.000002 -0.058868
vn 0.998266 -0.000002 -0.058868
vn 0.998266 -0.000002 -0.058868
vn 0.998266 0.000002 -0.058868
vn 0.998266 0.000002 -0.058868
vn 0.998266 0.000002 -0.058868
vn 0.998266 0.000002 -0.058868
vn -0.058909 0.000000 -0.998263
vn -0.058909 0.000000 -0.998263
vn -0.058909 0.000000 -0.998263
vn -0.058909 0.000000 -0.998263
vn -0.058897 0.000000 -0.998264
vn -0.058897 0.000000 -0.998264
vn -0.058897 0.000000 -0.998264
vn -0.058897 0.000000 -0.998264
vn -0.058898 -0.000000 -0.998264
vn -0.058898 -0.000000 -0.998264
vn -0.058898 -0.000000 -0.998264
vn -0.058898 -0.000000 -0.998264
vn -0.998266 0.000002 0.058868
vn -0.998266 0.000002 0.058868
vn -0.998266 0.000002 0.058868
vn -0.998266 0.000002 0.058868
vn -0.998268 0.000001 0.058835
vn -0.998268 0.000001 0.058835
vn -0.998268 0.000001 0.058835
vn -0.998268 0.000001 0.058835
vn -0.998268 -0.000001 0.058835
vn -0.998268 -0.000001 0.058835
vn -0.998268 -0.000001 0.058835
vn -0.998268 -0.000001 0.058835
vn -0.998264 0.000000 0.058897
vn -0.998264 0.000000 0.058897
vn -0.998264 0.000000 0.058897
vn -0.998264 0.000000 0.058897
vn -0.998264 0.000000 0.058897
vn -0.998264 0.000000 0.058897
vn -0.998264 0.000000 0.058897
vn -0.998264 0.000000 0.058897
vn -0.998264 0.000000 0.058897
vn -0.998264 0.000000 0.058897
vn -0.998264 0.000000 0.058897
vn -0.998264 0.000000 0.058897
vn -0.058901 -0.000001 -0.998264
vn -0.058901 -0.000001 -0.998264
vn -0.058901 -0.000001 -0.998264
vn -0.058901 -0.000001 -0.998264
vn -0.058901 0.000001 -0.998264
vn -0.058901 0.000001 -0.998264
vn -0.058901 0.000001 -0.998264
vn -0.058901 0.000001 -0.998264
vn -0.058900 0.000001 -0.998264
vn -0.058900 0.000001 -0.998264
vn -0.058900 0.000001 -0.998264
vn -0.058900 0.000001 -0.998264
vn 0.998266 0.000011 -0.058872
vn 0.998266 0.000011 -0.058872
vn 0.998266 0.000011 -0.058872
vn 0.998266 0.000011 -0.058872
vn 0.998266 -0.000011 -0.058872
vn 0.998266 -0.000011 -0.058872
vn 0.998266 -0.000011 -0.058872
vn 0.998266 -0.000011 -0.058872
vn 0.998265 -0.000011 -0.058888
vn 0.998265 -0.000011 -0.058888
vn 0.998265 -0.000011 -0.058888
vn 0.998265 -0.000011 -0.058888
vn 0.058902 -0.000001 0.998264
vn 0.058902 -0.000001 0.998264
vn 0.058902 -0.000001 0.998264
vn 0.058902 -0.000001 0.998264
vn 0.058902 0.000001 0.998264
vn 0.058902 0.000001 0.998264
vn 0.058902 0.000001 0.998264
vn 0.058902 0.000001 0.998264
vn 0.058901 0.000001 0.998264
vn 0.058901 0.000001 0.998264
vn 0.058901 0.000001 0.998264
vn 0.058901 0.000001 0.998264
vn 0.058156 0.000000 0.998308
vn 0.058156 0.000000 0.998308
vn 0.058156 0.000000 0.998308
vn 0.058156 0.000000 0.998308
vn 0.000000 1.000000 -0.000000
vn 0.000000 1.000000 -0.000000
vn 0.000000 1.000000 -0.000000
vn 0.000000 1.000000 -0.000000
vn -0.058156 0.000000 -0.998308
vn -0.058156 0.000000 -0.998308
vn -0.058156 0.000000 -0.998308
vn -0.058156 0.000000 -0.998308
vn 0.000000 -1.000000 -0.000000
vn 0.000000 -1.000000 -0.000000
vn 0.000000 -1.000000 -0.000000
vn 0.000000 -1.000000 -0.000000
vn 0.998307 0.000000 -0.058158
vn 0.998307 0.000000 -0.058158
vn 0.998307 0.000000 -0.058158
vn 0.998307 0.000000 -0.058158
vn -0.998307 0.000000 0.058158
vn -0.998307 0.000000 0.058158
vn -0.998307 0.000000 0.058158
vn -0.998307 0.000000 0.058158
vn 1.000000 0.000000 0.000000
vn 1.000000 0.000000 0.000000
vn 1.000000 0.000000 0.000000
vn 1.000000 0.000000 0.000000
vn 0.000000 -1.000000 0.000000
vn 0.000000 -1.000000 0.000000
vn 0.000000 -1.000000 0.000000
vn 0.000000 -1.000000 0.000000
vn -1.000000 0.000000 0.000000
vn -1.000000 0.000000 0.000000
vn -1.000000 0.000000 0.000000
vn -1.000000 0.000000 0.000000
vn 0.000000 1.000000 0.000000
vn 0.000000 1.000000 0.000000
vn 0.000000 1.000000 0.000000
vn 0.000000 1.000000 0.000000
vn 0.000000 0.000000 1.000000
vn 0.000000 0.000000 1.000000
vn 0.000000 0.000000 1.000000
vn 0.000000 0.000000 1.000000
vn 0.000000 0.000000 -1.000000
vn 0.000000 0.000000 -1.000000
vn 0.000000 0.000000 -1.000000
vn 0.000000 0.000000 -1.000000
vn 0.000000 0.000000 1.000000
vn 0.000000 0.000000 1.000000
vn 0.000000 0.000000 1.000000
vn 0.000000 0.000000 1.000000
vn -0.000000 0.000000 1.000000
vn -0.000000 0.000000 1.000000
vn -0.000000 0.000000 1.000000
vn -0.000000 0.000000 1.000000
vn 0.000000 0.000000 1.000000
vn 0.000000 0.000000 1.000000
vn 0.000000 0.000000 1.000000
vn 0.000000 0.000000 1.000000
vn 0.000000 0.000000 1.000000
vn 0.000000 0.000000 1.000000
vn 0.000000 0.000000 1.000000
vn 0.000000 0.000000 1.000000
vn 0.000000 0.000000 -1.000000
vn 0.000000 0.000000 -1.000000
vn 0.000000 0.000000 -1.000000
vn 0.000000 0.000000 -1.000000
vn 0.000000 0.000000 -1.000000
vn 0.000000 0.000000 -1.000000
vn 0.000000 0.000000 -1.000000
vn 0.000000 0.000000 -1.000000
vn 0.000000 0.000000 -1.000000
vn 0.000000 0.000000 -1.000000
vn 0.000000 0.000000 -1.000000
vn 0.000000 0.000000 -1.000000
vn -0.000000 0.000000 -1.000000
vn -0.000000 0.000000 -1.000000
vn -0.000000 0.000000 -1.000000
vn -0.000000 0.000000 -1.000000
vn 0.000000 -1.000000 0.000000
vn 0.000000 -1.000000 0.000000
vn 0.000000 -1.000000 0.000000
vn 0.000000 -1.000000 0.000000
vn 1.000000 0.000000 0.000000
vn 1.000000 0.000000 0.000000
vn 1.000000 0.000000 0.000000
vn 1.000000 0.000000 0.000000
vn 0.000000 1.000000 0.000000
vn 0.000000 1.000000 0.000000
vn 0.000000 1.000000 0.000000
vn 0.000000 1.000000 0.000000
vn -1.000000 0.000000 0.000000
vn -1.000000 0.000000 0.000000
vn -1.000000 0.000000 0.000000
vn -1.000000 0.000000 0.000000
vn 0.000000 -1.000000 0.000000
vn 0.000000 -1.000000 0.000000
vn 0.000000 -1.000000 0.000000
vn 0.000000 -1.000000 0.000000
vn -1.000000 0.000000 0.000000
vn -1.000000 0.000000 0.000000
vn -1.000000 0.000000 0.000000
vn -1.000000 0.000000 0.000000
vn 0.000000 1.000000 0.000000
vn 0.000000 1.000000 0.000000
vn 0.000000 1.000000 0.000000
vn 0.000000 1.000000 0.000000
vn 1.000000 0.000000 0.000000
vn 1.000000 0.000000 0.000000
vn 1.000000 0.000000 0.000000
vn 1.000000 0.000000 0.000000
vn 0.000000 0.866028 0.499995
vn 0.000000 0.499968 0.866044
vn 0.000000 0.499968 0.866044
vn 0.000000 0.866028 0.499995
vn 0.000000 0.000000 1.000000
vn 0.000000 0.000000 1.000000
vn 0.000000 -0.499976 0.866039
vn 0.000000 -0.499976 0.866039
vn 0.000000 -0.866037 0.499981
vn 0.000000 -0.866037 0.499981
vn 0.000000 -1.000000 0.000000
vn 0.000000 -1.000000 0.000000
vn 0.000000 -0.866037 -0.499981
vn 0.000000 -0.866037 -0.499981
vn 0.000000 -0.499976 -0.866039
vn 0.000000 -0.499976 -0.866039
vn 0.000000 0.000000 -1.000000
vn 0.000000 0.000000 -1.000000
vn 0.000000 0.499968 -0.866044
vn 0.000000 0.499968 -0.866044
vn 0.000000 0.866028 -0.499995
vn 0.000000 0.866028 -0.499995
vn 0.000000 1.000000 0.000000
vn 0.000000 1.000000 0.000000
vn -1.000000 0.000000 0.000000
vn -1.000000 0.000000 0.000000
vn -1.000000 0.000000 0.000000
vn -1.000000 0.000000 0.000000
vn -1.000000 0.000000 0.000000
vn -1.000000 0.000000 0.000000
vn -1.000000 0.000000 0.000000
vn -1.000000 0.000000 0.000000
vn -1.000000 0.000000 0.000000
vn -1.000000 0.000000 0.000000
vn -1.000000 0.000000 0.000000
vn -1.000000 0.000000 0.000000
vn -1.000000 0.000000 0.000000
vn 1.000000 0.000000 0.000000
vn 1.000000 0.000000 0.000000
vn 1.000000 0.000000 0.000000
vn 1.000000 0.000000 0.000000
vn 1.000000 0.000000 0.000000
vn 1.000000 0.000000 0.000000
vn 1.000000 0.000000 0.000000
vn 1.000000 0.000000 0.000000
vn 1.000000 0.000000 0.000000
vn 1.000000 0.000000 0.000000
vn 1.000000 0.000000 0.000000
vn 1.000000 0.000000 0.000000
vn 1.000000 0.000000 0.000000
vn 0.000000 0.866045 0.499966
vn 0.000000 0.499968 0.866044
vn 0.000000 0.499968 0.866044
vn 0.000000 0.866045 0.499966
vn 0.000000 0.000000 1.000000
vn 0.000000 0.000000 1.000000
vn 0.000000 -0.499980 0.866037
vn 0.000000 -0.499980 0.866037
vn 0.000000 -0.866024 0.500002
vn 0.000000 -0.866024 0.500002
vn 0.000000 -1.000000 0.000000
vn 0.000000 -1.000000 0.000000
vn 0.000000 -0.866024 -0.500002
vn 0.000000 -0.866024 -0.500002
vn 0.000000 -0.499980 -0.866037
vn 0.000000 -0.499980 -0.866037
vn 0.000000 0.000000 -1.000000
vn 0.000000 0.000000 -1.000000
vn 0.000000 0.499968 -0.866044
vn 0.000000 0.499968 -0.866044
vn 0.000000 0.866045 -0.499966
vn 0.000000 0.866045 -0.499966
vn 0.000000 1.000000 0.000000
vn 0.000000 1.000000 0.000000
vn -1.000000 0.000000 0.000000
vn -1.000000 0.000000 0.000000
vn -1.000000 0.000000 0.000000
vn -1.000000 0.000000 0.000000
vn -1.000000 0.000000 0.000000
vn -1.000000 0.000000 0.000000
vn -1.000000 0.000000 0.000000
vn -1.000000 0.000000 0.000000
vn -1.000000 0.000000 0.000000
vn -1.000000 0.000000 0.000000
vn -1.000000 0.000000 0.000000
vn -1.000000 0.000000 0.000000
vn -1.000000 0.000000 0.000000
vn 1.000000 0.000000 0.000000
vn 1.000000 0.000000 0.000000
vn 1.000000 0.000000 0.000000
vn 1.000000 0.000000 0.000000
vn 1.000000 0.000000 0.000000
vn 1.000000 0.000000 0.000000
vn 1.000000 0.000000 0.000000
vn 1.000000 0.000000 0.000000
vn 1.000000 0.000000 0.000000
vn 1.000000 0.000000 0.000000
vn 1.000000 0.000000 0.000000
vn 1.000000 0.000000 0.000000
vn 1.000000 0.000000 0.000000
vn 0.024515 0.032176 0.999182
vn 0.024512 0.032191 0.999181
vn 0.024511 0.032190 0.999181
vn 0.024515 0.032177 0.999182
vn 0.970455 0.239221 -0.031488
vn 0.970465 0.239176 -0.031487
vn 0.970465 0.239176 -0.031494
vn 0.970456 0.239218 -0.031471
vn 0.239986 -0.970445 0.025363
vn 0.239986 -0.970445 0.025371
vn 0.239991 -0.970444 0.025372
vn 0.239991 -0.970444 0.025364
vn 0.024515 0.032176 0.999182
vn 0.024515 0.032176 0.999182
vn 0.970465 0.239176 -0.031494
vn 0.970466 0.239176 -0.031487
vn -0.024516 -0.032175 -0.999182
vn -0.024515 -0.032177 -0.999182
vn -0.024515 -0.032176 -0.999182
vn -0.024508 -0.032172 -0.999182
vn 0.239989 -0.970445 0.025340
vn 0.239988 -0.970445 0.025340
vn 0.970466 0.239177 -0.031469
vn 0.970466 0.239176 -0.031468
vn -0.024515 -0.032176 -0.999182
vn -0.024515 -0.032177 -0.999182
vn 0.024516 0.032175 0.999182
vn 0.024525 0.032178 0.999181
vn -0.239984 0.970445 -0.025363
vn -0.239984 0.970446 -0.025362
vn -0.239983 0.970446 -0.025366
vn -0.239984 0.970446 -0.025365
vn 0.970469 0.239161 -0.031488
vn 0.970469 0.239159 -0.031497
vn -0.239987 0.970445 -0.025350
vn -0.239985 0.970445 -0.025359
vn -0.024513 -0.032190 -0.999181
vn -0.024512 -0.032191 -0.999181
vn 0.024515 0.032175 0.999182
vn 0.024515 0.032176 0.999182
vn -0.970465 -0.239176 0.031493
vn -0.970466 -0.239175 0.031493
vn -0.970465 -0.239175 0.031504
vn -0.970465 -0.239176 0.031504
vn -0.970478 -0.239123 0.031504
vn -0.970477 -0.239129 0.031494
vn -0.239984 0.970446 -0.025360
vn -0.239981 0.970446 -0.025369
vn -0.970465 -0.239174 0.031533
vn -0.970464 -0.239176 0.031533
vn -0.024515 -0.032178 -0.999182
vn -0.024515 -0.032178 -0.999182
vn 0.239999 -0.970442 0.025367
vn 0.240002 -0.970441 0.025375
vn -0.970448 -0.239246 0.031489
vn -0.970449 -0.239245 0.031472
vn 0.970451 0.239228 -0.031536
vn 0.970469 0.239165 -0.031463
vn 0.024497 0.032169 0.999182
vn -0.024513 -0.032189 -0.999181
vn -0.970481 -0.239108 0.031533
vn -0.239992 0.970445 -0.025333
vn 0.024514 0.032192 0.999181
vn -0.024534 -0.032179 -0.999181
vn 0.239991 -0.970444 0.025342
vn -0.970446 -0.239248 0.031537
vn 0.000000 -0.866046 -0.499965
vn 0.000000 -0.499971 -0.866042
vn 0.000000 -0.499971 -0.866042
vn 0.000000 -0.866046 -0.499965
vn 0.000000 0.000000 -1.000000
vn 0.000000 0.000000 -1.000000
vn 0.000000 0.499971 -0.866042
vn 0.000000 0.499971 -0.866042
vn 0.000000 0.866046 -0.499965
vn 0.000000 0.866046 -0.499965
vn 0.000000 1.000000 0.000000
vn 0.000000 1.000000 0.000000
vn 0.000000 0.866004 0.500038
vn 0.000000 0.866004 0.500038
vn 0.000000 0.499963 0.866047
vn 0.000000 0.499963 0.866047
vn 0.000000 0.000000 1.000000
vn 0.000000 0.000000 1.000000
vn 0.000000 -0.499963 0.866047
vn 0.000000 -0.499963 0.866047
vn 0.000000 -0.866004 0.500038
vn 0.000000 -0.866004 0.500038
vn 0.000000 -1.000000 -0.000000
vn 0.000000 -1.000000 -0.000000
vn -1.000000 -0.000032 0.000022
vn -1.000000 -0.000016 -0.000060
vn -1.000000 0.000018 -0.000000
vn -1.000000 0.000032 0.000000
vn -1.000000 0.000032 -0.000016
vn -1.000000 0.000032 -0.000022
vn -1.000000 0.000047 -0.000000
vn -1.000000 0.000047 0.000022
vn -1.000000 0.000063 0.000016
vn -1.000000 0.000032 0.000000
vn -1.000000 -0.000047 -0.000022
vn -1.000000 -0.000016 0.000060
vn -1.000000 0.000047 -0.000000
vn 1.000000 0.000016 0.000000
vn 1.000000 -0.000016 0.000000
vn 1.000000 0.000003 0.000000
vn 1.000000 0.000000 0.000000
vn 1.000000 0.000033 0.000000
vn 1.000000 0.000000 0.000000
vn 1.000000 0.000000 0.000000
vn 1.000000 0.000000 0.000000
vn 1.000000 0.000000 0.000000
vn 1.000000 0.000000 0.000000
vn 1.000000 0.000000 0.000000
vn 1.000000 0.000000 0.000000
vn 1.000000 0.000000 0.000000
vn 0.726467 -0.343590 -0.595141
vn 0.726495 -0.595103 -0.343596
vn 0.726495 -0.595098 -0.343604
vn 0.726467 -0.343602 -0.595133
vn 0.726496 -0.000015 -0.687171
vn 0.726496 -0.000019 -0.687171
vn 0.726490 0.343576 -0.595120
vn 0.726490 0.343589 -0.595113
vn 0.726523 0.595051 -0.343625
vn 0.726523 0.595044 -0.343639
vn 0.726563 0.687100 0.000003
vn 0.726563 0.687100 -0.000002
vn 0.726525 0.595035 0.343649
vn 0.726525 0.595028 0.343661
vn 0.726514 0.343571 0.595094
vn 0.726513 0.343576 0.595091
vn 0.726520 -0.000015 0.687145
vn 0.726520 -0.000019 0.687145
vn 0.726489 -0.343591 0.595113
vn 0.726489 -0.343596 0.595110
vn 0.726496 -0.595088 0.343619
vn 0.726496 -0.595085 0.343625
vn 0.726497 -0.687170 0.000004
vn 0.726497 -0.687170 -0.000001
vn 0.000000 -0.499938 -0.866061
vn 0.000002 -0.866034 -0.499985
vn 0.000002 -0.866035 -0.499984
vn 0.000000 -0.499938 -0.866061
vn 0.000000 0.000008 -1.000000
vn 0.000000 -0.000007 -1.000000
vn 0.000000 0.499940 -0.866060
vn 0.000000 0.499940 -0.866060
vn 0.000000 0.866043 -0.499970
vn 0.000000 0.866032 -0.499988
vn 0.000000 1.000000 0.000000
vn 0.000000 1.000000 0.000000
vn 0.000000 0.866036 0.499982
vn 0.000000 0.866025 0.500001
vn 0.000000 0.499959 0.866049
vn 0.000000 0.499959 0.866049
vn 0.000000 0.000006 1.000000
vn 0.000000 -0.000008 1.000000
vn 0.000001 -0.499958 0.866050
vn 0.000001 -0.499958 0.866050
vn 0.000003 -0.866027 0.499998
vn 0.000003 -0.866027 0.499997
vn 0.000004 -1.000000 -0.000000
vn 0.000004 -1.000000 0.000000
vn 0.000000 -0.866046 -0.499965
vn 0.000000 -0.499971 -0.866042
vn 0.000000 -0.499971 -0.866042
vn 0.000000 -0.866046 -0.499965
vn 0.000000 0.000000 -1.000000
vn 0.000000 0.000000 -1.000000
vn 0.000000 0.499971 -0.866042
vn 0.000000 0.499971 -0.866042
vn 0.000000 0.866046 -0.499965
vn 0.000000 0.866046 -0.499965
vn 0.000000 1.000000 0.000000
vn 0.000000 1.000000 0.000000
vn 0.000000 0.866004 0.500038
vn 0.000000 0.866004 0.500038
vn 0.000000 0.499963 0.866047
vn 0.000000 0.499963 0.866047
vn 0.000000 0.000000 1.000000
vn 0.000000 0.000000 1.000000
vn 0.000000 -0.499963 0.866047
vn 0.000000 -0.499963 0.866047
vn 0.000000 -0.866004 0.500038
vn 0.000000 -0.866004 0.500038
vn 0.000000 -1.000000 -0.000000
vn 0.000000 -1.000000 -0.000000
vn -1.000000 -0.000032 0.000022
vn -1.000000 -0.000016 -0.000060
vn -1.000000 0.000018 -0.000000
vn -1.000000 0.000032 0.000000
vn -1.000000 0.000032 -0.000016
vn -1.000000 0.000032 -0.000022
vn -1.000000 0.000047 -0.000000
vn -1.000000 0.000047 0.000022
vn -1.000000 0.000063 0.000016
vn -1.000000 0.000032 0.000000
vn -1.000000 -0.000047 -0.000022
vn -1.000000 -0.000016 0.000060
vn -1.000000 0.000047 -0.000000
vn 1.000000 0.000016 0.000000
vn 1.000000 -0.000016 0.000000
vn 1.000000 0.000003 0.000000
vn 1.000000 0.000000 0.000000
vn 1.000000 0.000033 0.000000
vn 1.000000 0.000000 0.000000
vn 1.000000 0.000000 0.000000
vn 1.000000 0.000000 0.000000
vn 1.000000 0.000000 0.000000
vn 1.000000 0.000000 0.000000
vn 1.000000 0.000000 0.000000
vn 1.000000 0.000000 0.000000
vn 1.000000 0.000000 0.000000
vn 0.726467 -0.343589 -0.595140
vn 0.726496 -0.595102 -0.343595
vn 0.726496 -0.595097 -0.343603
vn 0.726467 -0.343602 -0.595133
vn 0.726492 -0.000015 -0.687175
vn 0.726492 -0.000019 -0.687175
vn 0.726490 0.343576 -0.595120
vn 0.726490 0.343589 -0.595113
vn 0.726525 0.595050 -0.343624
vn 0.726525 0.595042 -0.343638
vn 0.726561 0.687102 0.000003
vn 0.726561 0.687102 -0.000002
vn 0.726525 0.595035 0.343648
vn 0.726525 0.595028 0.343661
vn 0.726515 0.343570 0.595093
vn 0.726515 0.343575 0.595090
vn 0.726521 -0.000016 0.687144
vn 0.726521 -0.000019 0.687144
vn 0.726488 -0.343592 0.595114
vn 0.726488 -0.343597 0.595111
vn 0.726494 -0.595090 0.343621
vn 0.726494 -0.595086 0.343627
vn 0.726495 -0.687172 0.000004
vn 0.726495 -0.687172 -0.000001
vn 0.000000 -0.499938 -0.866061
vn 0.000002 -0.866034 -0.499985
vn 0.000002 -0.866035 -0.499984
vn 0.000000 -0.499938 -0.866061
vn 0.000000 0.000008 -1.000000
vn 0.000000 -0.000007 -1.000000
vn 0.000000 0.499940 -0.866060
vn 0.000000 0.499940 -0.866060
vn 0.000000 0.866043 -0.499970
vn 0.000000 0.866032 -0.499988
vn 0.000000 1.000000 0.000000
vn 0.000000 1.000000 0.000000
vn 0.000000 0.866036 0.499982
vn 0.000000 0.866025 0.500001
vn 0.000000 0.499959 0.866049
vn 0.000000 0.499959 0.866049
vn 0.000000 0.000006 1.000000
vn 0.000000 -0.000008 1.000000
vn -0.000000 -0.499958 0.866050
vn -0.000000 -0.499958 0.866050
vn 0.000002 -0.866027 0.499998
vn 0.000002 -0.866027 0.499997
vn 0.000004 -1.000000 -0.000000
vn 0.000004 -1.000000 0.000000
vn -0.000001 -0.000050 -1.000000
vn -0.000000 -0.000024 -1.000000
vn -0.000000 -0.000016 -1.000000
vn -0.000001 -0.000050 -1.000000
vn 0.000006 -0.000013 1.000000
vn 0.000007 -0.000021 1.000000
vn 0.000012 -0.000056 1.000000
vn 0.000012 -0.000056 1.000000
vn 0.000026 -0.000018 1.000000
vn 0.000026 -0.000018 1.000000
vn 0.000026 -0.000018 1.000000
vn 0.000026 -0.000018 1.000000
vn 0.000003 0.000028 -1.000000
vn 0.000003 0.000028 -1.000000
vn 0.000003 0.000028 -1.000000
vn 0.000003 0.000028 -1.000000
vn -0.000004 0.000040 1.000000
vn -0.000004 0.000040 1.000000
vn -0.000004 0.000040 1.000000
vn -0.000004 0.000040 1.000000
vn 0.000026 -0.000016 -1.000000
vn 0.000006 -0.000003 -1.000000
vn 0.000014 -0.000009 -1.000000
vn 0.000026 -0.000016 -1.000000
vn 0.000000 0.000000 -1.000000
vn 0.000012 -0.000008 -1.000000
vn 0.000005 -0.000004 -1.000000
vn 0.000000 0.000000 -1.000000
vn 0.000004 0.000000 1.000000
vn 0.000004 0.000000 1.000000
vn 0.972806 -0.231623 -0.000009
vn 0.972805 -0.231626 -0.000009
vn 1.000000 0.000000 0.000000
vn 1.000000 0.000000 0.000000
vn 0.827637 -0.561264 0.000032
vn 0.965018 -0.262183 0.000015
vn 0.965019 -0.262180 0.000015
vn 0.827637 -0.561264 0.000032
vn 0.507229 -0.861812 -0.000015
vn 0.507228 -0.861812 -0.000015
vn 0.207104 -0.978319 0.000000
vn 0.207104 -0.978319 0.000000
vn 0.413140 -0.910668 -0.000006
vn 0.413138 -0.910668 -0.000006
vn 0.706661 -0.707552 0.000000
vn 0.706661 -0.707552 0.000000
vn -0.000009 1.000000 0.000000
vn -0.000009 1.000000 0.000000
vn -0.000009 1.000000 0.000000
vn -0.000009 1.000000 0.000000
vn -0.000007 1.000000 0.000003
vn -0.000007 1.000000 0.000003
vn -0.000002 1.000000 0.000005
vn -0.000002 1.000000 0.000005
vn -1.000000 0.000017 -0.000021
vn -1.000000 0.000017 -0.000021
vn -1.000000 0.000017 -0.000021
vn -1.000000 0.000017 -0.000021
vn -1.000000 -0.000067 -0.000021
vn -1.000000 -0.000067 -0.000021
vn -1.000000 -0.000067 -0.000021
vn -1.000000 -0.000067 -0.000021
vn -1.000000 0.000000 0.000000
vn -1.000000 0.000000 0.000000
vn -1.000000 0.000000 0.000000
vn -1.000000 0.000000 0.000000
vn 0.696803 -0.717262 0.000000
vn 0.696803 -0.717262 0.000000
vn 0.696803 -0.717262 0.000000
vn 0.696803 -0.717262 0.000000
vn 0.797114 -0.603829 -0.000010
vn 0.797113 -0.603830 -0.000010
vn 0.858088 -0.513502 -0.000017
vn 0.858088 -0.513502 -0.000017
vn 0.000000 0.000000 -1.000000
vn 0.000000 0.000000 -1.000000
vn 0.000000 0.000000 -1.000000
vn 0.000000 0.000000 -1.000000
vn -1.000000 0.000000 0.000000
vn -1.000000 0.000000 0.000000
vn -1.000000 0.000000 0.000000
vn -1.000000 0.000000 0.000000
vn 0.000000 0.000000 1.000000
vn 0.000000 0.000000 1.000000
vn 0.000000 0.000000 1.000000
vn 0.000000 0.000000 1.000000
vn 0.000004 -0.000027 -1.000000
vn 0.000004 -0.000023 -1.000000
vn 0.000008 -0.000058 -1.000000
vn 0.000008 -0.000058 -1.000000
vn 0.000002 -0.000056 -1.000000
vn 0.000002 -0.000056 -1.000000
vn 0.000002 -0.000056 -1.000000
vn 0.000002 -0.000056 -1.000000
vn 0.000011 -0.000049 -1.000000
vn 0.000011 -0.000049 -1.000000
vn 0.000011 -0.000049 -1.000000
vn 0.000011 -0.000049 -1.000000
vn 0.000004 -0.000058 1.000000
vn 0.000002 -0.000023 1.000000
vn 0.000002 -0.000027 1.000000
vn 0.000004 -0.000058 1.000000
vn 0.000001 -0.000016 1.000000
vn 0.000000 -0.000024 1.000000
vn 0.000000 -0.000050 1.000000
vn 0.000000 -0.000050 1.000000
vn 0.000014 -0.000049 1.000000
vn 0.000010 -0.000010 1.000000
vn 0.000009 -0.000023 1.000000
vn 0.000014 -0.000049 1.000000
vn 0.000024 -0.000009 1.000000
vn 0.000014 -0.000005 1.000000
vn 0.000007 -0.000002 1.000000
vn 0.000024 -0.000009 1.000000
vn 0.000017 -0.000010 1.000000
vn 0.000028 -0.000019 1.000000
vn 0.000028 -0.000019 1.000000
vn 0.000032 -0.000031 1.000000
vn 0.000032 -0.000031 1.000000
vn 0.000032 -0.000031 1.000000
vn 0.000032 -0.000031 1.000000
vn -0.000008 0.000038 -1.000000
vn -0.000008 0.000038 -1.000000
vn -0.000008 0.000038 -1.000000
vn -0.000008 0.000038 -1.000000
vn -0.000023 0.000051 -1.000000
vn -0.000023 0.000051 -1.000000
vn -0.000023 0.000051 -1.000000
vn -0.000023 0.000051 -1.000000
vn -0.000029 0.000033 -1.000000
vn -0.000029 0.000033 -1.000000
vn -0.000029 0.000033 -1.000000
vn -0.000029 0.000033 -1.000000
vn -0.000007 0.000031 1.000000
vn -0.000007 0.000031 1.000000
vn -0.000007 0.000031 1.000000
vn -0.000007 0.000031 1.000000
vn -0.000022 0.000031 1.000000
vn -0.000022 0.000031 1.000000
vn -0.000022 0.000031 1.000000
vn -0.000022 0.000031 1.000000
vn -0.000026 0.000045 1.000000
vn -0.000026 0.000045 1.000000
vn -0.000026 0.000045 1.000000
vn -0.000026 0.000045 1.000000
vn 0.000021 -0.000015 -1.000000
vn 0.000021 -0.000015 -1.000000
vn 0.000021 -0.000021 -1.000000
vn 0.000021 -0.000021 -1.000000
vn 0.000021 -0.000021 -1.000000
vn 0.000021 -0.000021 -1.000000
vn 0.000023 -0.000023 -1.000000
vn 0.000023 -0.000023 -1.000000
vn 0.000023 -0.000023 -1.000000
vn 0.000023 -0.000023 -1.000000
vn 0.000000 0.000000 -1.000000
vn 0.000000 0.000000 -1.000000
vn 0.000000 0.000000 -1.000000
vn 0.000000 0.000000 -1.000000
vn 0.000000 0.000000 -1.000000
vn 0.000000 0.000000 -1.000000
vn 0.000002 0.000000 -1.000000
vn 0.000002 0.000000 -1.000000
vn 0.000002 0.000000 -1.000000
vn 0.000002 0.000000 -1.000000
vn 0.000004 0.000000 1.000000
vn 0.000002 0.000000 1.000000
vn 0.000002 0.000000 1.000000
vn 0.000000 0.000000 1.000000
vn 0.000000 0.000000 1.000000
vn 0.000000 0.000000 1.000000
vn 0.000000 0.000000 1.000000
vn 1.000000 0.000000 0.000000
vn 0.965016 -0.262190 -0.000015
vn 0.965017 -0.262187 -0.000015
vn 1.000000 0.000000 0.000000
vn 1.000000 0.000000 0.000000
vn 1.000000 0.000000 0.000000
vn 1.000000 0.000000 0.000000
vn 0.972806 -0.231623 0.000009
vn 0.972807 -0.231619 0.000009
vn 1.000000 0.000000 0.000000
vn 0.827629 -0.561275 -0.000033
vn 0.827629 -0.561275 -0.000033
vn 0.827653 -0.561241 -0.000032
vn 0.827653 -0.561241 -0.000032
vn 0.507222 -0.861816 0.000013
vn 0.507221 -0.861816 0.000013
vn 0.827647 -0.561249 0.000031
vn 0.827647 -0.561249 0.000031
vn 0.207109 -0.978318 -0.000009
vn 0.207109 -0.978318 -0.000009
vn 0.413144 -0.910666 0.000005
vn 0.413142 -0.910667 0.000005
vn 0.207112 -0.978317 0.000007
vn 0.207112 -0.978317 0.000007
vn 0.207101 -0.978320 -0.000002
vn 0.207101 -0.978320 -0.000002
vn 0.706661 -0.707552 0.000000
vn 0.706661 -0.707552 0.000000
vn 0.706661 -0.707552 0.000000
vn 0.706661 -0.707552 0.000000
vn 0.706661 -0.707552 0.000000
vn 0.706661 -0.707552 0.000000
vn 0.706661 -0.707552 0.000000
vn 0.706661 -0.707552 0.000000
vn 0.706661 -0.707552 0.000000
vn 0.706661 -0.707552 0.000000
vn -0.000014 1.000000 0.000000
vn -0.000014 1.000000 0.000000
vn -0.000007 1.000000 -0.000003
vn -0.000007 1.000000 -0.000003
vn -0.000014 1.000000 0.000000
vn -0.000014 1.000000 0.000000
vn -0.000009 1.000000 0.000000
vn -0.000009 1.000000 0.000000
vn -0.000009 1.000000 0.000000
vn -0.000009 1.000000 0.000000
vn 0.000002 1.000000 0.000005
vn 0.000002 1.000000 0.000005
vn 0.000002 1.000000 0.000005
vn 0.000002 1.000000 0.000005
vn 0.000002 1.000000 -0.000005
vn 0.000002 1.000000 -0.000005
vn 0.000002 1.000000 -0.000005
vn 0.000002 1.000000 -0.000005
vn -0.000002 1.000000 -0.000005
vn -0.000002 1.000000 -0.000005
vn -1.000000 -0.000017 -0.000021
vn -1.000000 -0.000017 -0.000021
vn -1.000000 -0.000017 -0.000021
vn -1.000000 -0.000017 -0.000021
vn -1.000000 -0.000017 0.000021
vn -1.000000 -0.000017 0.000021
vn -1.000000 -0.000017 0.000021
vn -1.000000 -0.000017 0.000021
vn -1.000000 0.000017 0.000021
vn -1.000000 0.000017 0.000021
vn -1.000000 0.000017 0.000021
vn -1.000000 0.000017 0.000021
vn -1.000000 -0.000067 0.000021
vn -1.000000 -0.000067 0.000021
vn -1.000000 -0.000067 0.000021
vn -1.000000 -0.000067 0.000021
vn -1.000000 0.000034 0.000021
vn -1.000000 0.000011 0.000006
vn -1.000000 0.000011 0.000006
vn -1.000000 0.000034 0.000021
vn -1.000000 0.000011 -0.000006
vn -1.000000 0.000011 -0.000006
vn -1.000000 0.000034 -0.000021
vn -1.000000 0.000034 -0.000021
vn -1.000000 0.000015 0.000000
vn -1.000000 0.000015 0.000000
vn -1.000000 0.000015 0.000000
vn -1.000000 0.000015 0.000000
vn -1.000000 0.000015 0.000000
vn -1.000000 0.000015 0.000000
vn -1.000000 0.000015 0.000000
vn -1.000000 0.000015 0.000000
vn -1.000000 0.000000 0.000000
vn -1.000000 0.000000 0.000000
vn -1.000000 0.000000 0.000000
vn -1.000000 0.000000 0.000000
vn 0.696795 -0.717270 0.000000
vn 0.696795 -0.717270 0.000000
vn 0.797115 -0.603828 0.000011
vn 0.797114 -0.603829 0.000011
vn 0.696795 -0.717271 0.000000
vn 0.696795 -0.717271 0.000000
vn 0.696806 -0.717260 0.000000
vn 0.696806 -0.717260 0.000000
vn 0.696806 -0.717260 0.000000
vn 0.696806 -0.717260 0.000000
vn 0.858144 -0.513410 -0.000019
vn 0.858144 -0.513410 -0.000019
vn 0.858147 -0.513405 0.000020
vn 0.858147 -0.513405 0.000020
vn 0.858089 -0.513501 0.000018
vn 0.858089 -0.513501 0.000018
vn 0.000001 0.000000 -1.000000
vn 0.000001 0.000000 -1.000000
vn 0.000000 0.000000 -1.000000
vn 0.000000 0.000000 -1.000000
vn 0.000001 0.000000 -1.000000
vn 0.000001 0.000000 -1.000000
vn 0.000001 0.000000 -1.000000
vn 0.000001 0.000000 -1.000000
vn -1.000000 0.000000 0.000000
vn -1.000000 0.000000 0.000000
vn -1.000000 0.000000 0.000000
vn -1.000000 0.000000 0.000000
vn -1.000000 0.000000 0.000000
vn -1.000000 0.000000 0.000000
vn -1.000000 0.000000 0.000000
vn -1.000000 0.000000 0.000000
vn 0.000001 0.000000 1.000000
vn 0.000001 0.000000 1.000000
vn 0.000000 0.000000 1.000000
vn 0.000000 0.000000 1.000000
vn 0.000001 0.000000 1.000000
vn 0.000001 0.000000 1.000000
vn 0.000001 0.000000 1.000000
vn 0.000001 0.000000 1.000000
vn 0.000000 -0.866046 -0.499965
vn 0.000000 -0.499971 -0.866042
vn 0.000000 -0.499971 -0.866042
vn 0.000000 -0.866046 -0.499965
vn 0.000000 0.000000 -1.000000
vn 0.000000 0.000000 -1.000000
vn 0.000000 0.499971 -0.866042
vn 0.000000 0.499971 -0.866042
vn 0.000000 0.866046 -0.499965
vn 0.000000 0.866046 -0.499965
vn 0.000000 1.000000 0.000000
vn 0.000000 1.000000 0.000000
vn 0.000000 0.866004 0.500038
vn 0.000000 0.866004 0.500038
vn 0.000000 0.499963 0.866047
vn 0.000000 0.499963 0.866047
vn 0.000000 0.000000 1.000000
vn 0.000000 0.000000 1.000000
vn 0.000000 -0.499963 0.866047
vn 0.000000 -0.499963 0.866047
vn 0.000000 -0.866004 0.500038
vn 0.000000 -0.866004 0.500038
vn 0.000000 -1.000000 -0.000000
vn 0.000000 -1.000000 -0.000000
vn -1.000000 -0.000032 0.000022
vn -1.000000 -0.000016 -0.000060
vn -1.000000 0.000018 -0.000000
vn -1.000000 0.000032 0.000000
vn -1.000000 0.000032 -0.000016
vn -1.000000 0.000032 -0.000022
vn -1.000000 0.000047 -0.000000
vn -1.000000 0.000047 0.000022
vn -1.000000 0.000063 0.000016
vn -1.000000 0.000032 0.000000
vn -1.000000 -0.000047 -0.000022
vn -1.000000 -0.000016 0.000060
vn -1.000000 0.000047 -0.000000
vn 1.000000 0.000016 0.000000
vn 1.000000 -0.000016 0.000000
vn 1.000000 0.000003 0.000000
vn 1.000000 0.000000 0.000000
vn 1.000000 0.000033 0.000000
vn 1.000000 0.000000 0.000000
vn 1.000000 0.000000 0.000000
vn 1.000000 0.000000 0.000000
vn 1.000000 0.000000 0.000000
vn 1.000000 0.000000 0.000000
vn 1.000000 0.000000 0.000000
vn 1.000000 0.000000 0.000000
vn 1.000000 0.000000 0.000000
vn 0.726466 -0.343591 -0.595141
vn 0.726496 -0.595101 -0.343596
vn 0.726496 -0.595097 -0.343604
vn 0.726466 -0.343604 -0.595134
vn 0.726494 -0.000015 -0.687173
vn 0.726494 -0.000019 -0.687173
vn 0.726490 0.343577 -0.595120
vn 0.726490 0.343589 -0.595113
vn 0.726525 0.595050 -0.343624
vn 0.726525 0.595042 -0.343638
vn 0.726563 0.687100 0.000003
vn 0.726563 0.687100 -0.000002
vn 0.726525 0.595035 0.343649
vn 0.726525 0.595028 0.343661
vn 0.726512 0.343572 0.595096
vn 0.726512 0.343577 0.595093
vn 0.726519 -0.000015 0.687147
vn 0.726519 -0.000019 0.687147
vn 0.726489 -0.343591 0.595113
vn 0.726489 -0.343596 0.595110
vn 0.726494 -0.595090 0.343620
vn 0.726494 -0.595086 0.343626
vn 0.726497 -0.687170 0.000004
vn 0.726497 -0.687170 -0.000001
vn 0.000001 -0.499938 -0.866061
vn 0.000004 -0.866034 -0.499985
vn 0.000004 -0.866035 -0.499984
vn 0.000001 -0.499938 -0.866061
vn 0.000000 0.000008 -1.000000
vn 0.000000 -0.000007 -1.000000
vn 0.000000 0.499940 -0.866060
vn 0.000000 0.499940 -0.866060
vn 0.000000 0.866043 -0.499970
vn 0.000000 0.866032 -0.499988
vn 0.000000 1.000000 0.000000
vn 0.000000 1.000000 0.000000
vn 0.000000 0.866036 0.499982
vn 0.000000 0.866025 0.500001
vn 0.000000 0.499959 0.866049
vn 0.000000 0.499959 0.866049
vn 0.000000 0.000006 1.000000
vn 0.000000 -0.000008 1.000000
vn 0.000001 -0.499958 0.866050
vn 0.000001 -0.499958 0.866050
vn 0.000003 -0.866027 0.499998
vn 0.000003 -0.866027 0.499997
vn 0.000004 -1.000000 -0.000000
vn 0.000004 -1.000000 0.000000
vn 0.054410 -0.000005 0.998519
vn 0.054410 -0.000005 0.998519
vn 0.054410 -0.000005 0.998519
vn 0.054410 -0.000005 0.998519
vn -0.000000 1.000000 0.000000
vn -0.000000 1.000000 0.000000
vn -0.000000 1.000000 0.000000
vn -0.000000 1.000000 0.000000
vn -0.054410 -0.000006 -0.998519
vn -0.054410 -0.000006 -0.998519
vn -0.054410 -0.000006 -0.998519
vn -0.054410 -0.000006 -0.998519
vn 0.000000 -1.000000 0.000000
vn 0.000000 -1.000000 0.000000
vn 0.000000 -1.000000 0.000000
vn 0.000000 -1.000000 0.000000
vn 0.996699 -0.000017 -0.081184
vn 0.996699 -0.000017 -0.081184
vn 0.996699 -0.000017 -0.081184
vn 0.996699 -0.000017 -0.081184
vn -0.996698 0.000000 0.081198
vn -0.996698 0.000000 0.081198
vn -0.996698 0.000000 0.081197
vn -0.996698 0.000000 0.081198
vn 0.054410 -0.000005 0.998519
vn 0.054410 -0.000005 0.998519
vn 0.054410 -0.000005 0.998519
vn 0.054410 -0.000005 0.998519
vn 0.054411 0.000005 0.998519
vn 0.054411 0.000005 0.998519
vn 0.054411 0.000005 0.998519
vn 0.054411 0.000005 0.998519
vn 0.054411 0.000005 0.998519
vn 0.054411 0.000005 0.998519
vn 0.054411 0.000005 0.998519
vn 0.054411 0.000005 0.998519
vn 0.000001 1.000000 0.000001
vn 0.000001 1.000000 0.000001
vn 0.000001 1.000000 0.000001
vn 0.000001 1.000000 0.000001
vn 0.000000 1.000000 0.000000
vn 0.000000 1.000000 0.000000
vn 0.000000 1.000000 0.000000
vn 0.000000 1.000000 0.000000
vn -0.000001 1.000000 -0.000001
vn -0.000001 1.000000 -0.000001
vn -0.000001 1.000000 -0.000001
vn -0.000001 1.000000 -0.000001
vn -0.054411 -0.000006 -0.998519
vn -0.054411 -0.000006 -0.998519
vn -0.054411 -0.000006 -0.998519
vn -0.054411 -0.000006 -0.998519
vn -0.054411 0.000006 -0.998519
vn -0.054411 0.000006 -0.998519
vn -0.054411 0.000006 -0.998519
vn -0.054411 0.000006 -0.998519
vn -0.054410 0.000006 -0.998519
vn -0.054410 0.000006 -0.998519
vn -0.054410 0.000006 -0.998519
vn -0.054410 0.000006 -0.998519
vn 0.000000 -1.000000 0.000001
vn 0.000000 -1.000000 0.000001
vn 0.000000 -1.000000 0.000001
vn 0.000000 -1.000000 0.000001
vn 0.000000 -1.000000 0.000000
vn 0.000000 -1.000000 0.000000
vn 0.000000 -1.000000 0.000000
vn 0.000000 -1.000000 0.000000
vn 0.000000 -1.000000 -0.000001
vn 0.000000 -1.000000 -0.000001
vn 0.000000 -1.000000 -0.000001
vn 0.000000 -1.000000 -0.000001
vn 0.996697 -0.000017 -0.081211
vn 0.996697 -0.000017 -0.081211
vn 0.996697 -0.000017 -0.081211
vn 0.996697 -0.000017 -0.081211
vn 0.996697 0.000017 -0.081210
vn 0.996697 0.000017 -0.081210
vn 0.996697 0.000017 -0.081210
vn 0.996697 0.000017 -0.081210
vn 0.996699 0.000017 -0.081184
vn 0.996699 0.000017 -0.081184
vn 0.996699 0.000017 -0.081184
vn 0.996699 0.000017 -0.081184
vn -0.996698 0.000008 0.081197
vn -0.996698 0.000008 0.081197
vn -0.996698 0.000008 0.081197
vn -0.996698 0.000008 0.081197
vn -0.996698 0.000000 0.081197
vn -0.996698 0.000000 0.081197
vn -0.996698 0.000000 0.081197
vn -0.996698 0.000000 0.081197
vn -0.996698 0.000008 0.081198
vn -0.996698 0.000008 0.081198
vn -0.996698 0.000008 0.081198
vn -0.996698 0.000008 0.081198
vn 0.036465 -0.000001 0.999335
vn 0.036465 -0.000001 0.999335
vn 0.036465 -0.000001 0.999335
vn 0.036465 -0.000001 0.999335
vn 0.992558 0.000000 -0.121772
vn 0.992558 0.000000 -0.121772
vn 0.992558 0.000000 -0.121772
vn 0.992558 0.000000 -0.121772
vn -0.036442 -0.000000 -0.999336
vn -0.036442 -0.000000 -0.999336
vn -0.036442 -0.000000 -0.999336
vn -0.036442 -0.000000 -0.999336
vn -0.992553 0.000006 0.121816
vn -0.992553 0.000006 0.121816
vn -0.992553 0.000006 0.121816
vn -0.992553 0.000006 0.121816
vn 0.000000 -1.000000 0.000004
vn 0.000000 -1.000000 0.000004
vn 0.000000 -1.000000 0.000004
vn 0.000000 -1.000000 0.000004
vn -0.000004 1.000000 -0.000001
vn -0.000004 1.000000 -0.000001
vn -0.000004 1.000000 -0.000001
vn -0.000004 1.000000 -0.000001
vn 0.036466 0.000001 0.999335
vn 0.036466 0.000001 0.999335
vn 0.036466 0.000001 0.999335
vn 0.036466 0.000001 0.999335
vn 0.036435 0.000001 0.999336
vn 0.036435 0.000001 0.999336
vn 0.036435 0.000001 0.999336
vn 0.036435 0.000001 0.999336
vn 0.036435 -0.000001 0.999336
vn 0.036435 -0.000001 0.999336
vn 0.036435 -0.000001 0.999336
vn 0.036435 -0.000001 0.999336
vn 0.992558 0.000000 -0.121773
vn 0.992558 0.000000 -0.121773
vn 0.992558 0.000000 -0.121773
vn 0.992558 0.000000 -0.121773
vn 0.992558 0.000000 -0.121770
vn 0.992558 0.000000 -0.121770
vn 0.992558 0.000000 -0.121770
vn 0.992558 0.000000 -0.121770
vn 0.992558 0.000000 -0.121770
vn 0.992558 0.000000 -0.121770
vn 0.992558 0.000000 -0.121770
vn 0.992558 0.000000 -0.121770
vn -0.036442 0.000000 -0.999336
vn -0.036442 0.000000 -0.999336
vn -0.036442 0.000000 -0.999336
vn -0.036442 0.000000 -0.999336
vn -0.036440 0.000000 -0.999336
vn -0.036440 0.000000 -0.999336
vn -0.036440 0.000000 -0.999336
vn -0.036440 0.000000 -0.999336
vn -0.036440 -0.000000 -0.999336
vn -0.036440 -0.000000 -0.999336
vn -0.036440 -0.000000 -0.999336
vn -0.036440 -0.000000 -0.999336
vn -0.992553 -0.000006 0.121816
vn -0.992553 -0.000006 0.121816
vn -0.992553 -0.000006 0.121816
vn -0.992553 -0.000006 0.121816
vn -0.992553 -0.000003 0.121815
vn -0.992553 -0.000003 0.121815
vn -0.992553 -0.000003 0.121815
vn -0.992553 -0.000003 0.121815
vn -0.992553 0.000003 0.121816
vn -0.992553 0.000003 0.121816
vn -0.992553 0.000003 0.121816
vn -0.992553 0.000003 0.121816
vn 0.000000 -1.000000 0.000000
vn 0.000000 -1.000000 0.000000
vn 0.000000 -1.000000 0.000000
vn 0.000000 -1.000000 0.000000
vn 0.000000 -1.000000 -0.000001
vn 0.000000 -1.000000 -0.000001
vn 0.000000 -1.000000 -0.000001
vn 0.000000 -1.000000 -0.000001
vn 0.000000 -1.000000 0.000000
vn 0.000000 -1.000000 0.000000
vn 0.000000 -1.000000 0.000000
vn 0.000000 -1.000000 0.000000
vn -0.000004 1.000000 0.000000
vn -0.000004 1.000000 0.000000
vn -0.000004 1.000000 0.000000
vn -0.000004 1.000000 0.000000
vn 0.000004 1.000000 0.000002
vn 0.000004 1.000000 0.000002
vn 0.000004 1.000000 0.000002
vn 0.000004 1.000000 0.000002
vn 0.000004 1.000000 0.000000
vn 0.000004 1.000000 0.000000
vn 0.000004 1.000000 0.000000
vn 0.000004 1.000000 0.000000
vn 0.055391 0.000000 0.998465
vn 0.055391 0.000000 0.998465
vn 0.055391 0.000000 0.998465
vn 0.055391 0.000000 0.998465
vn -0.000000 1.000000 0.000000
vn -0.000000 1.000000 0.000000
vn -0.000000 1.000000 0.000000
vn -0.000000 1.000000 0.000000
vn -0.055390 -0.000002 -0.998465
vn -0.055390 -0.000002 -0.998465
vn -0.055390 -0.000002 -0.998465
vn -0.055390 -0.000002 -0.998465
vn 0.000000 -1.000000 -0.000006
vn 0.000000 -1.000000 -0.000006
vn 0.000000 -1.000000 -0.000006
vn 0.000000 -1.000000 -0.000006
vn 0.996733 0.000000 -0.080762
vn 0.996733 0.000000 -0.080762
vn 0.996733 0.000000 -0.080762
vn 0.996733 0.000000 -0.080762
vn -0.996731 -0.000023 0.080787
vn -0.996731 -0.000023 0.080787
vn -0.996731 -0.000023 0.080787
vn -0.996731 -0.000023 0.080787
vn 0.055389 0.000000 0.998465
vn 0.055389 0.000000 0.998465
vn 0.055389 0.000000 0.998465
vn 0.055389 0.000000 0.998465
vn 0.055389 0.000000 0.998465
vn 0.055389 0.000000 0.998465
vn 0.055389 0.000000 0.998465
vn 0.055389 0.000000 0.998465
vn 0.055390 0.000000 0.998465
vn 0.055390 0.000000 0.998465
vn 0.055390 0.000000 0.998465
vn 0.055390 0.000000 0.998465
vn 0.000001 1.000000 0.000001
vn 0.000001 1.000000 0.000001
vn 0.000001 1.000000 0.000001
vn 0.000001 1.000000 0.000001
vn 0.000000 1.000000 0.000000
vn 0.000000 1.000000 0.000000
vn 0.000000 1.000000 0.000000
vn 0.000000 1.000000 0.000000
vn -0.000001 1.000000 -0.000001
vn -0.000001 1.000000 -0.000001
vn -0.000001 1.000000 -0.000001
vn -0.000001 1.000000 -0.000001
vn -0.055391 -0.000002 -0.998465
vn -0.055391 -0.000002 -0.998465
vn -0.055391 -0.000002 -0.998465
vn -0.055391 -0.000002 -0.998465
vn -0.055391 0.000002 -0.998465
vn -0.055391 0.000002 -0.998465
vn -0.055391 0.000002 -0.998465
vn -0.055391 0.000002 -0.998465
vn -0.055390 0.000002 -0.998465
vn -0.055390 0.000002 -0.998465
vn -0.055390 0.000002 -0.998465
vn -0.055390 0.000002 -0.998465
vn 0.000000 -1.000000 -0.000002
vn 0.000000 -1.000000 -0.000002
vn 0.000000 -1.000000 -0.000002
vn 0.000000 -1.000000 -0.000002
vn 0.000000 -1.000000 0.000000
vn 0.000000 -1.000000 0.000000
vn 0.000000 -1.000000 0.000000
vn 0.000000 -1.000000 0.000000
vn 0.000000 -1.000000 0.000002
vn 0.000000 -1.000000 0.000002
vn 0.000000 -1.000000 0.000002
vn 0.000000 -1.000000 0.000002
vn 0.996733 0.000000 -0.080762
vn 0.996733 0.000000 -0.080762
vn 0.996733 0.000000 -0.080762
vn 0.996733 0.000000 -0.080762
vn 0.996733 0.000000 -0.080763
vn 0.996733 0.000000 -0.080763
vn 0.996733 0.000000 -0.080763
vn 0.996733 0.000000 -0.080763
vn 0.996733 0.000000 -0.080763
vn 0.996733 0.000000 -0.080763
vn 0.996733 0.000000 -0.080763
vn 0.996733 0.000000 -0.080763
vn -0.996732 -0.000020 0.080787
vn -0.996732 -0.000020 0.080787
vn -0.996732 -0.000020 0.080787
vn -0.996732 -0.000020 0.080787
vn -0.996731 0.000023 0.080788
vn -0.996731 0.000023 0.080788
vn -0.996731 0.000023 0.080788
vn -0.996731 0.000023 0.080788
vn -0.996731 0.000026 0.080787
vn -0.996731 0.000026 0.080787
vn -0.996731 0.000026 0.080787
vn -0.996731 0.000026 0.080787
vn 0.041305 -0.000000 0.999147
vn 0.041305 -0.000000 0.999147
vn 0.041305 -0.000000 0.999147
vn 0.041305 -0.000000 0.999147
vn 0.994184 0.000000 -0.107694
vn 0.994184 0.000000 -0.107694
vn 0.994184 0.000000 -0.107694
vn 0.994184 0.000000 -0.107694
vn -0.041309 0.000000 -0.999147
vn -0.041309 0.000000 -0.999147
vn -0.041309 0.000000 -0.999147
vn -0.041309 0.000000 -0.999147
vn -0.994199 0.000003 0.107555
vn -0.994199 0.000003 0.107555
vn -0.994199 0.000003 0.107555
vn -0.994199 0.000003 0.107555
vn 0.000000 -1.000000 -0.000005
vn 0.000000 -1.000000 -0.000005
vn 0.000000 -1.000000 -0.000005
vn 0.000000 -1.000000 -0.000005
vn -0.000005 1.000000 -0.000004
vn -0.000005 1.000000 -0.000004
vn -0.000005 1.000000 -0.000004
vn -0.000005 1.000000 -0.000004
vn 0.041305 0.000000 0.999147
vn 0.041305 0.000000 0.999147
vn 0.041305 0.000000 0.999147
vn 0.041305 0.000000 0.999147
vn 0.041284 0.000000 0.999148
vn 0.041284 0.000000 0.999147
vn 0.041284 0.000000 0.999148
vn 0.041284 0.000000 0.999148
vn 0.041284 -0.000000 0.999147
vn 0.041284 -0.000000 0.999147
vn 0.041284 -0.000000 0.999147
vn 0.041284 -0.000000 0.999147
vn 0.994184 0.000000 -0.107694
vn 0.994184 0.000000 -0.107694
vn 0.994184 0.000000 -0.107694
vn 0.994184 0.000000 -0.107694
vn 0.994174 0.000000 -0.107784
vn 0.994174 0.000000 -0.107784
vn 0.994174 0.000000 -0.107784
vn 0.994174 0.000000 -0.107784
vn 0.994174 0.000000 -0.107784
vn 0.994174 0.000000 -0.107783
vn 0.994174 0.000000 -0.107783
vn 0.994174 0.000000 -0.107784
vn -0.041309 0.000000 -0.999147
vn -0.041309 0.000000 -0.999147
vn -0.041309 0.000000 -0.999147
vn -0.041309 0.000000 -0.999147
vn -0.041289 0.000000 -0.999147
vn -0.041289 0.000000 -0.999147
vn -0.041289 0.000000 -0.999147
vn -0.041289 0.000000 -0.999147
vn -0.041289 0.000000 -0.999147
vn -0.041289 0.000000 -0.999147
vn -0.041289 0.000000 -0.999147
vn -0.041289 0.000000 -0.999147
vn -0.994199 -0.000003 0.107555
vn -0.994199 -0.000003 0.107555
vn -0.994199 -0.000003 0.107555
vn -0.994199 -0.000003 0.107555
vn -0.994189 -0.000003 0.107645
vn -0.994189 -0.000003 0.107645
vn -0.994189 -0.000003 0.107645
vn -0.994189 -0.000003 0.107645
vn -0.994189 0.000003 0.107645
vn -0.994189 0.000003 0.107645
vn -0.994190 0.000003 0.107645
vn -0.994189 0.000003 0.107645
vn 0.000000 -1.000000 0.000000
vn 0.000000 -1.000000 0.000000
vn 0.000000 -1.000000 0.000000
vn 0.000000 -1.000000 0.000000
vn 0.000000 -1.000000 -0.000003
vn 0.000000 -1.000000 -0.000003
vn 0.000000 -1.000000 -0.000003
vn 0.000000 -1.000000 -0.000003
vn 0.000000 -1.000000 0.000000
vn 0.000000 -1.000000 0.000000
vn 0.000000 -1.000000 0.000000
vn 0.000000 -1.000000 0.000000
vn -0.000004 1.000000 0.000000
vn -0.000004 1.000000 0.000000
vn -0.000004 1.000000 0.000000
vn -0.000004 1.000000 0.000000
vn 0.000005 1.000000 0.000006
vn 0.000005 1.000000 0.000006
vn 0.000005 1.000000 0.000006
vn 0.000005 1.000000 0.000006
vn 0.000004 1.000000 0.000000
vn 0.000004 1.000000 0.000000
vn 0.000004 1.000000 0.000000
vn 0.000004 1.000000 0.000000
s off
g building_left
usemtl lambert10SG
f 1/1/1 2/2/2 4/3/3 3/4/4
f 3/4/5 4/3/6 6/5/7 5/6/8
f 5/6/9 6/5/10 8/7/11 7/8/12
f 7/8/13 8/7/14 2/2/15 1/1/16
f 2/2/17 8/7/18 6/5/19 4/3/20
f 7/8/21 1/1/22 3/4/23 5/6/24
f 9/9/25 10/10/26 12/11/27 11/12/28
f 11/12/29 12/11/30 14/13/31 13/14/32
f 13/14/33 14/13/34 16/15/35 15/16/36
f 15/16/37 16/15/38 10/10/39 9/9/40
f 10/10/41 16/15/42 14/13/43 12/11/44
f 15/16/45 9/9/46 11/12/47 13/14/48
s 1
f 17/17/49 33/18/50 39/19/51 31/20/52
s 2
f 33/18/53 19/21/54 29/22/55 39/19/56
s 3
f 18/23/57 17/17/58 34/24/59 20/25/60
f 19/21/61 18/23/57 22/26/62 21/27/63
s 4
f 20/25/64 34/24/65 40/28/66 32/29/67
s 3
f 18/23/57 20/25/60 24/30/68 22/26/62
s 2
f 21/27/69 35/31/70 37/32/71 25/33/72
s 5
f 35/31/73 23/34/74 26/35/75 37/32/76
s 3
f 23/34/77 22/26/62 24/30/68 36/36/78
s 5
f 23/34/74 36/36/79 38/37/80 26/35/75
s 4
f 36/36/81 24/30/82 28/38/83 38/37/84
s 2
f 21/27/69 25/33/72 29/22/55 19/21/54
s 6
f 25/33/85 27/39/86 30/40/87 29/22/88
f 27/39/86 26/35/89 38/37/90 28/38/91
f 27/39/86 28/38/91 32/29/92 30/40/87
s 4
f 20/25/64 32/29/67 28/38/83 24/30/82
s 1
f 17/17/49 31/20/52 40/28/93 34/24/94
s 6
f 31/20/95 30/40/87 32/29/92 40/28/96
s 3
f 17/17/58 18/23/57 19/21/61 33/18/97
f 21/27/63 22/26/62 23/34/77 35/31/98
s 6
f 26/35/89 27/39/86 25/33/85 37/32/99
f 29/22/88 30/40/87 31/20/95 39/19/100
s 7
f 41/41/101 57/42/102 63/43/103 55/44/104
s 8
f 57/42/105 43/45/106 53/46/107 63/43/108
s 9
f 42/47/109 41/41/110 58/48/111 44/49/112
f 43/45/113 42/47/109 46/50/114 45/51/115
s 10
f 44/49/116 58/48/117 64/52/118 56/53/119
s 9
f 42/47/109 44/49/112 48/54/120 46/50/114
s 8
f 45/51/121 59/55/122 61/56/123 49/57/124
s 11
f 59/55/125 47/58/126 50/59/127 61/56/128
s 9
f 47/58/129 46/50/114 48/54/120 60/60/130
s 11
f 47/58/126 60/60/131 62/61/132 50/59/127
s 10
f 60/60/133 48/54/134 52/62/135 62/61/136
s 8
f 45/51/121 49/57/124 53/46/107 43/45/106
s 12
f 49/57/137 51/63/138 54/64/139 53/46/140
f 51/63/138 50/59/141 62/61/142 52/62/143
f 51/63/138 52/62/143 56/53/144 54/64/139
s 10
f 44/49/116 56/53/119 52/62/135 48/54/134
s 7
f 41/41/101 55/44/104 64/52/145 58/48/146
s 12
f 55/44/147 54/64/139 56/53/144 64/52/148
s 9
f 41/41/110 42/47/109 43/45/113 57/42/149
f 45/51/115 46/50/114 47/58/129 59/55/150
s 12
f 50/59/141 51/63/138 49/57/137 61/56/151
f 53/46/140 54/64/139 55/44/147 63/43/152
s 13
f 65/65/153 81/66/154 87/67/155 79/68/156
s 14
f 81/66/157 67/69/158 77/70/159 87/67/160
s 15
f 66/71/161 65/65/162 82/72/163 68/73/164
f 67/69/165 66/71/161 70/74/166 69/75/167
s 16
f 68/73/168 82/72/169 88/76/170 80/77/171
s 15
f 66/71/161 68/73/164 72/78/172 70/74/166
s 14
f 69/75/173 83/79/174 85/80/175 73/81/176
s 17
f 83/79/177 71/82/178 74/83/179 85/80/180
s 15
f 71/82/181 70/74/166 72/78/172 84/84/182
s 17
f 71/82/178 84/84/183 86/85/184 74/83/179
s 16
f 84/84/185 72/78/186 76/86/187 86/85/188
s 14
f 69/75/173 73/81/176 77/70/159 67/69/158
s 18
f 73/81/189 75/87/190 78/88/191 77/70/192
f 75/87/190 74/83/193 86/85/194 76/86/195
f 75/87/190 76/86/195 80/77/196 78/88/191
s 16
f 68/73/168 80/77/171 76/86/187 72/78/186
s 13
f 65/65/153 79/68/156 88/76/197 82/72/198
s 18
f 79/68/199 78/88/191 80/77/196 88/76/200
s 15
f 65/65/162 66/71/161 67/69/165 81/66/201
f 69/75/167 70/74/166 71/82/181 83/79/202
s 18
f 74/83/193 75/87/190 73/81/189 85/80/203
f 77/70/192 78/88/191 79/68/199 87/67/204
s 19
f 89/89/205 105/90/206 111/91/207 103/92/208
s 20
f 105/90/209 91/93/210 101/94/211 111/91/212
s 21
f 90/95/213 89/89/214 106/96/215 92/97/216
f 91/93/217 90/95/213 94/98/218 93/99/219
s 22
f 92/97/220 106/96/221 112/100/222 104/101/223
s 19
f 103/92/208 112/100/224 106/96/225 89/89/205
s 21
f 90/95/213 92/97/216 96/102/226 94/98/218
s 20
f 93/99/227 107/103/228 109/104/229 97/105/230
s 23
f 107/103/231 95/106/232 98/107/233 109/104/234
s 21
f 95/106/235 94/98/218 96/102/226 108/108/236
s 22
f 108/108/237 96/102/238 100/109/239 110/110/240
s 20
f 93/99/227 97/105/230 101/94/211 91/93/210
s 24
f 97/105/241 99/111/242 102/112/243 101/94/244
f 99/111/242 98/107/245 110/110/246 100/109/247
s 23
f 98/107/233 95/106/232 108/108/248 110/110/249
s 24
f 99/111/242 100/109/247 104/101/250 102/112/243
s 22
f 92/97/220 104/101/223 100/109/239 96/102/238
s 24
f 103/92/251 102/112/243 104/101/250 112/100/252
s 21
f 89/89/214 90/95/213 91/93/217 105/90/253
f 93/99/219 94/98/218 95/106/235 107/103/254
s 24
f 98/107/245 99/111/242 97/105/241 109/104/255
f 101/94/244 102/112/243 103/92/251 111/91/256
s 25
f 130/113/257 135/114/258 113/115/259 139/116/260
s 26
f 131/117/261 130/113/262 139/116/263 115/118/264
s 27
f 114/119/265 113/115/266 140/120/267 116/121/268
s 26
f 131/117/261 115/118/264 117/122/269 122/123/270
s 27
f 115/118/271 114/119/265 118/124/272 117/122/273
s 28
f 136/125/274 138/126/275 116/121/276 140/120/277
s 25
f 136/125/278 140/120/279 113/115/259 135/114/258
s 27
f 114/119/265 116/121/268 120/127/280 118/124/272
s 28
f 120/127/281 116/121/276 138/126/275 129/128/282
s 26
f 123/129/283 122/123/270 117/122/269 141/130/284
s 29
f 124/131/285 123/129/286 141/130/287 119/132/288
s 27
f 119/132/289 118/124/272 120/127/280 142/133/290
s 29
f 128/134/291 124/131/285 119/132/288 142/133/292
s 28
f 120/127/281 129/128/282 128/134/293 142/133/294
s 26
f 122/123/270 121/135/295 132/136/296 131/117/261
s 30
f 121/135/297 126/137/298 133/138/299 132/136/300
f 126/137/298 125/139/301 144/140/302 127/141/303
s 29
f 125/139/304 124/131/285 128/134/291 144/140/305
s 30
f 126/137/298 127/141/303 137/142/306 133/138/299
s 28
f 127/141/307 129/128/282 138/126/275 137/142/308
s 25
f 136/125/278 135/114/258 134/143/309 146/144/310
s 30
f 134/143/311 133/138/299 137/142/306 146/144/312
s 27
f 113/115/266 114/119/265 115/118/271 139/116/313
f 117/122/273 118/124/272 119/132/289 141/130/314
s 30
f 125/139/301 126/137/298 121/135/297 143/145/315
s 26
f 121/135/295 122/123/270 123/129/283 143/145/316
s 29
f 123/129/286 124/131/285 125/139/304 143/145/317
s 28
f 128/134/293 129/128/282 127/141/307 144/140/318
s 25
f 134/143/309 135/114/258 130/113/257 145/146/319
s 26
f 130/113/262 131/117/261 132/136/296 145/146/320
s 30
f 132/136/300 133/138/299 134/143/311 145/146/321
s 28
f 137/142/308 138/126/275 136/125/274 146/144/322
s 31
f 147/147/323 163/148/324 169/149/325 161/150/326
s 32
f 163/148/327 149/151/328 159/152/329 169/149/330
s 33
f 148/153/331 147/147/332 164/154/333 150/155/334
f 149/151/335 148/153/331 152/156/336 151/157/337
s 34
f 150/155/338 164/154/339 170/158/340 162/159/341
s 33
f 148/153/331 150/155/334 154/160/342 152/156/336
s 32
f 151/157/343 165/161/344 167/162/345 155/163/346
s 35
f 165/161/347 153/164/348 156/165/349 167/162/350
s 33
f 153/164/351 152/156/336 154/160/342 166/166/352
s 35
f 153/164/348 166/166/353 168/167/354 156/165/349
s 34
f 166/166/355 154/160/356 158/168/357 168/167/358
s 32
f 151/157/343 155/163/346 159/152/329 149/151/328
s 36
f 155/163/359 157/169/360 160/170/361 159/152/362
f 157/169/360 156/165/363 168/167/364 158/168/365
f 157/169/360 158/168/365 162/159/366 160/170/361
s 34
f 150/155/338 162/159/341 158/168/357 154/160/356
s 31
f 147/147/323 161/150/326 170/158/367 164/154/368
s 36
f 161/150/369 160/170/361 162/159/366 170/158/370
s 33
f 147/147/332 148/153/331 149/151/335 163/148/371
f 151/157/337 152/156/336 153/164/351 165/161/372
s 36
f 156/165/363 157/169/360 155/163/359 167/162/373
f 159/152/362 160/170/361 161/150/369 169/149/374
s 37
f 171/171/375 187/172/376 193/173/377 185/174/378
s 38
f 187/172/379 173/175/380 183/176/381 193/173/382
s 39
f 172/177/383 171/171/384 188/178/385 174/179/386
f 173/175/387 172/177/383 176/180/388 175/181/389
s 40
f 174/179/390 188/178/391 194/182/392 186/183/393
s 39
f 172/177/383 174/179/386 178/184/394 176/180/388
s 38
f 175/181/395 189/185/396 191/186/397 179/187/398
s 41
f 189/185/399 177/188/400 180/189/401 191/186/402
s 39
f 177/188/403 176/180/388 178/184/394 190/190/404
s 41
f 177/188/400 190/190/405 192/191/406 180/189/401
s 40
f 190/190/407 178/184/408 182/192/409 192/191/410
s 38
f 175/181/395 179/187/398 183/176/381 173/175/380
s 42
f 179/187/411 181/193/412 184/194/413 183/176/414
f 181/193/412 180/189/415 192/191/416 182/192/417
f 181/193/412 182/192/417 186/183/418 184/194/413
s 40
f 174/179/390 186/183/393 182/192/409 178/184/408
s 37
f 171/171/375 185/174/378 194/182/419 188/178/420
s 42
f 185/174/421 184/194/413 186/183/418 194/182/422
s 39
f 171/171/384 172/177/383 173/175/387 187/172/423
f 175/181/389 176/180/388 177/188/403 189/185/424
s 42
f 180/189/415 181/193/412 179/187/411 191/186/425
f 183/176/414 184/194/413 185/174/421 193/173/426
s 43
f 195/195/427 211/196/428 217/197/429 209/198/430
s 44
f 211/196/431 197/199/432 207/200/433 217/197/434
s 45
f 196/201/435 195/195/436 212/202/437 198/203/438
f 197/199/439 196/201/435 200/204/440 199/205/441
s 46
f 198/203/442 212/202/443 218/206/444 210/207/445
s 43
f 209/198/430 218/206/446 212/202/447 195/195/427
s 45
f 196/201/435 198/203/438 202/208/448 200/204/440
s 44
f 199/205/449 213/209/450 215/210/451 203/211/452
s 47
f 213/209/453 201/212/454 204/213/455 215/210/456
s 45
f 201/212/457 200/204/440 202/208/448 214/214/458
s 46
f 214/214/459 202/208/460 206/215/461 216/216/462
s 44
f 199/205/449 203/211/452 207/200/433 197/199/432
s 48
f 203/211/463 205/217/464 208/218/465 207/200/466
f 205/217/464 204/213/467 216/216/468 206/215/469
s 47
f 204/213/455 201/212/454 214/214/470 216/216/471
s 48
f 205/217/464 206/215/469 210/207/472 208/218/465
s 46
f 198/203/442 210/207/445 206/215/461 202/208/460
s 48
f 209/198/473 208/218/465 210/207/472 218/206/474
s 45
f 195/195/436 196/201/435 197/199/439 211/196/475
f 199/205/441 200/204/440 201/212/457 213/209/476
s 48
f 204/213/467 205/217/464 203/211/463 215/210/477
f 207/200/466 208/218/465 209/198/473 217/197/478
s off
f 219/219/479 220/220/480 222/221/481 221/222/482
f 221/222/483 222/221/484 224/223/485 223/224/486
f 223/224/487 224/223/488 226/225/489 225/226/490
f 225/226/491 226/225/492 220/220/493 219/219/494
f 220/220/495 226/225/496 224/223/497 222/221/498
f 225/226/499 219/219/500 221/222/501 223/224/502
f 227/227/503 228/228/504 230/229/505 229/230/506
f 229/230/507 230/229/508 232/231/509 231/232/510
f 231/232/511 232/231/512 234/233/513 233/234/514
f 233/234/515 234/233/516 228/228/517 227/227/518
f 228/228/519 234/233/520 232/231/521 230/229/522
f 233/234/523 227/227/524 229/230/525 231/232/526
f 235/235/527 236/236/528 238/237/529 237/238/530
f 237/238/531 238/237/532 240/239/533 239/240/534
f 239/240/535 240/239/536 242/241/537 241/242/538
f 241/242/539 242/241/540 236/236/541 235/235/542
f 236/236/543 242/241/544 240/239/545 238/237/546
f 241/242/547 235/235/548 237/238/549 239/240/550
f 243/243/551 244/244/552 246/245/553 245/246/554
f 245/246/555 246/245/556 248/247/557 247/248/558
f 247/248/559 248/247/560 250/249/561 249/250/562
f 249/250/563 250/249/564 244/244/565 243/243/566
f 244/244/567 250/249/568 248/247/569 246/245/570
f 249/250/571 243/243/572 245/246/573 247/248/574
s 49
f 251/251/575 252/252/576 268/253/577 267/254/578
f 252/252/576 253/255/579 269/256/580 268/253/577
f 253/255/579 254/257/581 270/258/582 269/256/580
f 254/257/581 255/259/583 271/260/584 270/258/582
f 255/259/583 256/261/585 272/262/586 271/260/584
f 256/261/585 257/263/587 273/264/588 272/262/586
f 257/263/587 258/265/589 274/266/590 273/264/588
f 258/265/589 259/267/591 275/268/592 274/266/590
f 259/267/591 260/269/593 276/270/594 275/268/592
f 260/269/593 261/271/595 277/272/596 276/270/594
f 261/271/595 262/273/597 278/274/598 277/272/596
f 262/273/597 263/275/599 279/276/600 278/274/598
f 263/275/599 264/277/601 280/278/602 279/276/600
f 264/277/601 265/279/603 281/280/604 280/278/602
f 265/279/603 266/281/605 282/282/606 281/280/604
f 266/281/605 251/251/575 267/254/578 282/282/606
s 50
f 252/252/607 251/251/608 283/283/609
f 253/255/610 252/252/607 283/283/609
f 254/257/611 253/255/610 283/283/609
f 255/259/612 254/257/611 283/283/609
f 256/261/613 255/259/612 283/283/609
f 257/263/614 256/261/613 283/283/609
f 258/265/615 257/263/614 283/283/609
f 259/267/616 258/265/615 283/283/609
f 260/269/617 259/267/616 283/283/609
f 261/271/618 260/269/617 283/283/609
f 262/273/619 261/271/618 283/283/609
f 263/275/620 262/273/619 283/283/609
f 264/277/621 263/275/620 283/283/609
f 265/279/622 264/277/621 283/283/609
f 266/281/623 265/279/622 283/283/609
f 251/251/608 266/281/623 283/283/609
s 51
f 267/254/624 268/253/625 284/284/626
f 268/253/625 269/256/627 284/284/626
f 269/256/627 270/258/628 284/284/626
f 270/258/628 271/260/629 284/284/626
f 271/260/629 272/262/630 284/284/626
f 272/262/630 273/264/631 284/284/626
f 273/264/631 274/266/632 284/284/626
f 274/266/632 275/268/633 284/284/626
f 275/268/633 276/270/634 284/284/626
f 276/270/634 277/272/635 284/284/626
f 277/272/635 278/274/636 284/284/626
f 278/274/636 279/276/637 284/284/626
f 279/276/637 280/278/638 284/284/626
f 280/278/638 281/280/639 284/284/626
f 281/280/639 282/282/640 284/284/626
f 282/282/640 267/254/624 284/284/626
s off
f 407/285/641 285/286/642 404/287/643 403/288/644
usemtl lambert11SG
f 412/289/645 293/290/646 409/291/647 408/292/648
usemtl lambert10SG
f 417/293/649 344/294/650 414/295/651 413/296/652
f 405/297/653 286/298/654 419/299/655 418/300/656
f 417/293/657 287/301/658 422/302/659 421/303/660
s 52
f 428/304/661 290/305/662 425/306/663 424/307/664
s 53
f 432/308/665 291/309/666 430/310/667 429/311/668
s off
f 437/312/669 302/313/670 434/314/671 433/315/672
f 437/312/673 318/316/674 439/317/675 438/318/676
f 445/319/677 307/320/678 443/321/679 442/322/680
f 435/323/681 301/324/682 447/325/683 446/326/684
f 452/327/685 298/328/686 450/329/687 449/330/688
s 54
f 456/331/689 292/332/690 454/333/691 453/334/692
s 55
f 459/335/693 291/309/694 432/308/695 457/336/696
s off
f 462/337/697 299/338/698 461/339/699 460/340/700
f 465/341/701 300/342/702 464/343/703 463/344/704
f 451/345/705 297/346/706 467/347/707 466/348/708
usemtl lambert11SG
f 472/349/709 310/350/710 469/351/711 468/352/712
s 56
f 476/353/713 374/354/714 474/355/715 473/356/716
s off
f 481/357/717 312/358/718 478/359/719 477/360/720
f 470/361/721 309/362/722 483/363/723 482/364/724
f 469/351/725 310/350/726 475/365/727 486/366/728
usemtl lambert10SG
f 492/367/729 339/368/730 489/369/731 488/370/732
s 57
f 498/371/733 400/372/734 494/373/735 493/374/736
s 58
f 495/375/737 401/376/738 500/377/739 499/378/740
s 59
f 501/379/741 402/380/742 504/381/743 503/382/744
s off
f 510/383/745 316/384/746 505/385/747 508/386/748
f 515/387/749 321/388/750 512/389/751 511/390/752
f 515/387/753 304/391/754 517/392/755 516/393/756
f 523/394/757 323/395/758 521/396/759 520/397/760
f 513/398/761 322/399/762 525/400/763 524/401/764
f 531/402/765 326/403/766 528/404/767 527/405/768
f 529/406/769 325/407/770 533/408/771 532/409/772
f 534/410/773 329/411/774 537/412/775 536/413/776
f 531/402/777 328/414/778 541/415/779 540/416/780
f 545/417/781 318/418/782 436/419/783 543/420/784
f 548/421/785 322/422/786 512/423/787 546/424/788
f 544/425/789 317/426/790 448/427/791 549/428/792
f 552/429/793 323/430/794 525/431/795 551/432/796
f 550/433/797 320/434/798 444/435/799 553/436/800
f 556/437/801 324/438/802 521/439/803 555/440/804
f 547/441/805 321/442/806 519/443/807 557/444/808
f 554/445/809 319/446/810 439/447/811 558/448/812
f 510/383/813 313/449/814 497/450/815 559/451/816
f 564/452/817 333/453/818 560/454/819 561/455/820
f 562/456/821 334/457/822 496/458/823 565/459/824
f 566/460/825 314/461/826 502/462/827 568/463/828
f 569/464/829 315/465/830 507/466/831 571/467/832
f 575/468/833 335/469/834 563/470/835 573/471/836
f 574/472/837 336/473/838 567/474/839 576/475/840
f 577/476/841 337/477/842 570/478/843 578/479/844
f 579/480/845 338/481/846 572/482/847 580/483/848
s 60
f 584/484/849 355/485/850 582/486/851 581/487/852
s off
f 584/484/853 298/488/854 461/489/855 585/490/856
s 61
f 590/491/857 357/492/858 589/493/859 588/494/860
s 62
f 467/495/861 297/496/862 592/497/863 591/498/864
s off
f 599/499/865 388/500/866 596/501/867 595/502/868
f 597/503/869 387/504/870 601/505/871 600/506/872
f 602/507/873 391/508/874 605/509/875 604/510/876
f 599/499/877 390/511/878 609/512/879 608/513/880
f 615/514/881 347/515/882 612/516/883 611/517/884
f 620/518/885 349/519/886 617/520/887 616/521/888
s 63
f 615/514/889 351/522/890 622/523/891 621/524/892
s 64
f 626/525/893 351/522/894 614/526/895 624/527/896
s 65
f 631/528/897 359/529/898 628/530/899 627/531/900
s 66
f 630/532/901 353/533/902 619/534/903 632/535/904
s 67
f 626/525/905 355/485/906 587/536/907 634/537/908
s 68
f 583/538/909 356/539/910 636/540/911 635/541/912
s 69
f 590/491/913 300/542/914 594/543/915 637/544/916
s 70
f 625/545/917 352/546/918 639/547/919 638/548/920
s 71
f 613/549/921 348/550/922 642/551/923 641/552/924
f 642/551/923 348/550/922 644/553/925 643/554/926
s 72
f 629/555/927 361/556/928 645/557/929 647/558/930
s 73
usemtl lambert11SG
f 651/559/931 364/560/932 649/561/933 648/562/934
s 74
f 411/563/935 372/564/936 653/565/937 652/566/938
s 75
f 659/567/939 366/568/940 656/569/941 655/570/942
s 76
f 650/571/943 363/572/944 661/573/945 660/574/946
s 77
f 665/575/947 368/576/948 471/577/949 663/578/950
s 78
f 654/579/951 373/580/952 667/581/953 666/582/954
s 79
f 670/583/955 370/584/956 480/585/957 668/586/958
s 80
f 664/587/959 367/588/960 485/589/961 671/590/962
s 81
f 676/591/963 383/592/964 674/593/965 673/594/966
s 82
f 657/595/967 365/596/968 678/597/969 677/598/970
s 83
f 669/599/971 369/600/972 681/601/973 680/602/974
s off
f 479/603/975 311/604/976 684/605/977 683/606/978
s 84
f 688/607/979 379/608/980 687/609/981 686/610/982
s 85
f 691/611/983 386/612/984 690/613/985 689/614/986
s 86
f 694/615/987 385/616/988 693/617/989 692/618/990
s 87
f 675/619/991 384/620/992 696/621/993 695/622/994
s 88
f 699/623/995 376/624/996 487/625/997 697/626/998
s 89
f 701/627/999 381/628/1000 685/629/1001 700/630/1002
s 90
f 703/631/1003 382/632/1004 682/633/1005 702/634/1006
s 91
f 705/635/1007 383/592/1008 679/636/1009 704/637/1010
s 92
f 705/635/1011 372/564/1012 410/638/1013 706/639/1014
s 93
f 707/640/1015 371/641/1016 662/642/1017 708/643/1018
s 94
f 711/644/1019 377/645/1020 484/646/1021 710/647/1022
s off
usemtl lambert10SG
f 714/648/1023 361/556/1024 628/530/1025 712/649/1026
f 713/650/1027 359/529/1028 593/651/1029 715/652/1030
f 716/653/1031 360/654/1032 640/655/1033 717/656/1034
f 718/657/1035 362/658/1036 646/659/1037 719/660/1038
f 722/661/1039 344/662/1040 423/663/1041 720/664/1042
f 725/665/1043 348/666/1044 612/667/1045 723/668/1046
f 721/669/1047 343/670/1048 406/671/1049 726/672/1050
f 729/673/1051 349/674/1052 644/675/1053 728/676/1054
f 727/677/1055 346/678/1056 420/679/1057 730/680/1058
f 733/681/1059 350/682/1060 617/683/1061 732/684/1062
f 724/685/1063 347/686/1064 623/687/1065 734/688/1066
f 731/689/1067 345/690/1068 414/691/1069 735/692/1070
s 95
f 738/693/1071 396/694/1072 427/695/1073 736/696/1074
s 96
f 740/697/1075 397/698/1076 431/699/1077 739/700/1078
s 97
f 742/701/1079 398/702/1080 458/703/1081 741/704/1082
s 98
f 737/705/1083 395/706/1084 455/707/1085 743/708/1086
s 99
f 746/709/1087 400/372/1088 509/710/1089 744/711/1090
s 55
f 749/712/1091 291/309/694 459/335/693 747/713/1092
s 53
f 430/310/667 291/309/666 749/712/1093 750/714/1094
s 100
f 456/331/1095 289/715/1096 745/716/1097 751/717/1098
s off
f 404/287/1099 286/298/1100 405/297/1101 403/288/1102
f 405/297/1103 346/718/1104 406/719/1105 403/288/1106
f 406/719/1107 343/720/1108 407/285/1109 403/288/1110
s 101
usemtl lambert11SG
f 409/291/1111 371/641/1112 410/638/1113 408/292/1114
s 92
f 410/638/1013 372/564/1012 411/563/1115 408/292/1116
s off
f 411/563/1117 296/721/1118 412/289/1119 408/292/1120
usemtl lambert10SG
f 414/295/1121 345/722/1122 415/723/1123 413/296/1124
f 415/723/1125 288/724/1126 416/725/1127 413/296/1128
f 416/725/1129 287/301/1130 417/293/1131 413/296/1132
f 419/299/1133 288/724/1134 415/723/1135 418/300/1136
f 415/723/1137 345/722/1138 420/726/1139 418/300/1140
f 420/726/1141 346/718/1142 405/297/1143 418/300/1144
f 422/302/1145 285/286/1146 407/285/1147 421/303/1148
f 407/285/1149 343/720/1150 423/727/1151 421/303/1152
f 423/727/1153 344/294/1154 417/293/1155 421/303/1156
s 102
f 425/306/1157 289/715/1158 426/728/1159 424/307/1160
s 103
f 426/728/1161 395/706/1162 427/695/1163 424/307/1164
s 95
f 427/695/1073 396/694/1072 428/304/1165 424/307/1166
s 104
f 430/310/1167 290/305/1168 428/304/1169 429/311/1170
s 105
f 428/304/1171 396/694/1172 431/699/1173 429/311/1174
s 96
f 431/699/1077 397/698/1076 432/308/1175 429/311/1176
s off
f 434/314/1177 301/324/1178 435/323/1179 433/315/1180
f 435/323/1181 317/729/1182 436/730/1183 433/315/1184
f 436/730/1185 318/316/1186 437/312/1187 433/315/1188
f 439/317/1189 319/731/1190 440/732/1191 438/318/1192
f 440/732/1193 306/733/1194 441/734/1195 438/318/1196
f 441/734/1197 302/313/1198 437/312/1199 438/318/1200
f 443/321/1201 306/733/1202 440/732/1203 442/322/1204
f 440/732/1205 319/731/1206 444/735/1207 442/322/1208
f 444/735/1209 320/736/1210 445/319/1211 442/322/1212
f 447/325/1213 307/320/1214 445/319/1215 446/326/1216
f 445/319/1217 320/736/1218 448/737/1219 446/326/1220
f 448/737/1221 317/729/1222 435/323/1223 446/326/1224
f 450/329/1225 297/346/1226 451/345/1227 449/330/1228
f 451/345/1229 301/324/1230 434/314/1231 449/330/1232
f 434/314/1233 302/313/1234 452/327/1235 449/330/1236
s 106
f 454/333/1237 398/702/1238 455/707/1239 453/334/1240
s 98
f 455/707/1085 395/706/1084 426/728/1241 453/334/1242
s 100
f 426/728/1243 289/715/1096 456/331/1095 453/334/1244
s 107
f 432/308/1245 397/698/1246 458/703/1247 457/336/1248
s 97
f 458/703/1081 398/702/1080 454/333/1249 457/336/1250
s 108
f 454/333/1251 292/332/1252 459/335/1253 457/336/1254
s off
f 461/339/1255 298/328/1256 452/327/1257 460/340/1258
f 452/327/1259 302/313/1260 441/734/1261 460/340/1262
f 441/734/1263 306/733/1264 462/337/1265 460/340/1266
f 464/343/1267 299/338/1268 462/337/1269 463/344/1270
f 462/337/1271 306/733/1272 443/321/1273 463/344/1274
f 443/321/1275 307/320/1276 465/341/1277 463/344/1278
f 467/347/1279 300/342/1280 465/341/1281 466/348/1282
f 465/341/1283 307/320/1284 447/325/1285 466/348/1286
f 447/325/1287 301/324/1288 451/345/1289 466/348/1290
usemtl lambert11SG
f 469/351/1291 309/362/1292 470/361/1293 468/352/1294
s 109
f 470/361/1295 367/588/1296 471/577/1297 468/352/1298
s 77
f 471/577/949 368/576/948 472/349/1299 468/352/1300
s 110
f 474/355/1301 375/738/1302 475/365/1303 473/356/1304
s off
f 475/365/1305 310/350/1306 472/349/1307 473/356/1308
s 111
f 472/349/1309 368/576/1310 476/353/1311 473/356/1312
s off
f 478/359/1313 311/604/1314 479/603/1315 477/360/1316
s 112
f 479/603/1317 369/600/1318 480/585/1319 477/360/1320
s 79
f 480/585/957 370/584/956 481/357/1321 477/360/1322
s 113
f 483/363/1323 376/624/1324 484/646/1325 482/364/1326
s 94
f 484/646/1021 377/645/1020 485/589/1327 482/364/1328
s 80
f 485/589/961 367/588/960 470/361/1329 482/364/1330
s 114
f 475/365/1331 375/738/1332 487/625/1333 486/366/1334
s 88
f 487/625/997 376/624/996 483/363/1335 486/366/1336
s off
f 483/363/1337 309/362/1338 469/351/1339 486/366/1340
usemtl lambert10SG
f 489/369/1341 340/739/1342 490/740/1343 488/370/1344
f 490/740/1345 341/741/1346 491/742/1347 488/370/1348
f 491/742/1349 342/743/1350 492/367/1351 488/370/1352
s 115
f 494/373/1353 401/376/1354 495/375/1355 493/374/1356
s off
f 495/375/1357 314/744/1358 496/745/1359 493/374/1360
f 496/745/1361 334/746/1362 497/450/1363 493/374/1364
f 497/450/1365 313/449/1366 498/371/1367 493/374/1368
s 116
f 500/377/1369 402/380/1370 501/379/1371 499/378/1372
s off
f 501/379/1373 315/747/1374 502/748/1375 499/378/1376
f 502/748/1377 314/744/1378 495/375/1379 499/378/1380
s 117
f 504/381/1381 399/749/1382 505/385/1383 503/382/1384
s off
f 505/385/1385 316/384/1386 506/750/1387 503/382/1388
f 506/750/1389 333/751/1390 507/752/1391 503/382/1392
f 507/752/1393 315/747/1394 501/379/1395 503/382/1396
s 118
f 505/385/1397 399/749/1398 509/710/1399 508/386/1400
s 99
f 509/710/1089 400/372/1088 498/371/1401 508/386/1402
s off
f 498/371/1403 313/449/1404 510/383/1405 508/386/1406
f 512/389/1407 322/399/1408 513/398/1409 511/390/1410
f 513/398/1411 303/753/1412 514/754/1413 511/390/1414
f 514/754/1415 304/391/1416 515/387/1417 511/390/1418
f 517/392/1419 305/755/1420 518/756/1421 516/393/1422
f 518/756/1423 324/757/1424 519/758/1425 516/393/1426
f 519/758/1427 321/388/1428 515/387/1429 516/393/1430
f 521/396/1431 324/757/1432 518/756/1433 520/397/1434
f 518/756/1435 305/755/1436 522/759/1437 520/397/1438
f 522/759/1439 308/760/1440 523/394/1441 520/397/1442
f 525/400/1443 323/395/1444 523/394/1445 524/401/1446
f 523/394/1447 308/760/1448 526/761/1449 524/401/1450
f 526/761/1451 303/753/1452 513/398/1453 524/401/1454
f 528/404/1455 325/407/1456 529/406/1457 527/405/1458
f 529/406/1459 327/762/1460 530/763/1461 527/405/1462
f 530/763/1463 328/414/1464 531/402/1465 527/405/1466
f 533/408/1467 329/411/1468 534/410/1469 532/409/1470
f 534/410/1471 330/764/1472 535/765/1473 532/409/1474
f 535/765/1475 327/762/1476 529/406/1477 532/409/1478
f 537/412/1479 331/766/1480 538/767/1481 536/413/1482
f 538/767/1483 332/768/1484 539/769/1485 536/413/1486
f 539/769/1487 330/764/1488 534/410/1489 536/413/1490
f 541/415/1491 332/768/1492 538/767/1493 540/416/1494
f 538/767/1495 331/766/1496 542/770/1497 540/416/1498
f 542/770/1499 326/403/1500 531/402/1501 540/416/1502
f 436/419/1503 317/426/1504 544/425/1505 543/420/1506
f 544/425/1507 325/407/1508 528/404/1509 543/420/1510
f 528/404/1511 326/403/1512 545/417/1513 543/420/1514
f 512/423/1515 321/442/1516 547/441/1517 546/424/1518
f 547/441/1519 328/414/1520 530/763/1521 546/424/1522
f 530/763/1523 327/762/1524 548/421/1525 546/424/1526
f 448/427/1527 320/434/1528 550/433/1529 549/428/1530
f 550/433/1531 329/411/1532 533/408/1533 549/428/1534
f 533/408/1535 325/407/1536 544/425/1537 549/428/1538
f 525/431/1539 322/422/1540 548/421/1541 551/432/1542
f 548/421/1543 327/762/1544 535/765/1545 551/432/1546
f 535/765/1547 330/764/1548 552/429/1549 551/432/1550
f 444/435/1551 319/446/1552 554/445/1553 553/436/1554
f 554/445/1555 331/766/1556 537/412/1557 553/436/1558
f 537/412/1559 329/411/1560 550/433/1561 553/436/1562
f 521/439/1563 323/430/1564 552/429/1565 555/440/1566
f 552/429/1567 330/764/1568 539/769/1569 555/440/1570
f 539/769/1571 332/768/1572 556/437/1573 555/440/1574
f 519/443/1575 324/438/1576 556/437/1577 557/444/1578
f 556/437/1579 332/768/1580 541/415/1581 557/444/1582
f 541/415/1583 328/414/1584 547/441/1585 557/444/1586
f 439/447/1587 318/418/1588 545/417/1589 558/448/1590
f 545/417/1591 326/403/1592 542/770/1593 558/448/1594
f 542/770/1595 331/766/1596 554/445/1597 558/448/1598
f 497/450/1599 334/746/1600 560/771/1601 559/451/1602
f 560/771/1603 333/751/1604 506/750/1605 559/451/1606
f 506/750/1607 316/384/1608 510/383/1609 559/451/1610
f 560/454/1611 334/457/1612 562/456/1613 561/455/1614
f 562/456/1615 336/473/1616 563/470/1617 561/455/1618
f 563/470/1619 335/469/1620 564/452/1621 561/455/1622
f 496/458/1623 314/461/1624 566/460/1625 565/459/1626
f 566/460/1627 337/477/1628 567/474/1629 565/459/1630
f 567/474/1631 336/473/1632 562/456/1633 565/459/1634
f 502/462/1635 315/465/1636 569/464/1637 568/463/1638
f 569/464/1639 338/481/1640 570/478/1641 568/463/1642
f 570/478/1643 337/477/1644 566/460/1645 568/463/1646
f 507/466/1647 333/453/1648 564/452/1649 571/467/1650
f 564/452/1651 335/469/1652 572/482/1653 571/467/1654
f 572/482/1655 338/481/1656 569/464/1657 571/467/1658
f 563/470/1659 336/473/1660 574/472/1661 573/471/1662
f 574/472/1663 340/739/1664 489/369/1665 573/471/1666
f 489/369/1667 339/368/1668 575/468/1669 573/471/1670
f 567/474/1671 337/477/1672 577/476/1673 576/475/1674
f 577/476/1675 341/741/1676 490/740/1677 576/475/1678
f 490/740/1679 340/739/1680 574/472/1681 576/475/1682
f 570/478/1683 338/481/1684 579/480/1685 578/479/1686
f 579/480/1687 342/743/1688 491/742/1689 578/479/1690
f 491/742/1691 341/741/1692 577/476/1693 578/479/1694
f 572/482/1695 335/469/1696 575/468/1697 580/483/1698
f 575/468/1699 339/368/1700 492/367/1701 580/483/1702
f 492/367/1703 342/743/1704 579/480/1705 580/483/1706
s 119
f 582/486/1707 356/539/1708 583/538/1709 581/487/1710
s off
f 583/538/1711 297/496/1712 450/772/1713 581/487/1714
f 450/772/1715 298/488/1716 584/484/1717 581/487/1718
f 461/489/1719 299/773/1720 586/774/1721 585/490/1722
s 120
f 586/774/1723 358/775/1724 587/536/1725 585/490/1726
s 67
f 587/536/907 355/485/906 584/484/1727 585/490/1728
s 121
f 589/493/1729 358/775/1730 586/774/1731 588/494/1732
s off
f 586/774/1733 299/773/1734 464/776/1735 588/494/1736
f 464/776/1737 300/542/1738 590/491/1739 588/494/1740
s 122
f 592/497/1741 360/654/1742 593/651/1743 591/498/1744
s 65
f 593/651/1745 359/529/898 594/543/1746 591/498/1747
s 69
f 594/543/915 300/542/914 467/495/1748 591/498/1749
s off
f 596/501/1750 387/504/1751 597/503/1752 595/502/1753
f 597/503/1754 389/777/1755 598/778/1756 595/502/1757
f 598/778/1758 390/511/1759 599/499/1760 595/502/1761
f 601/505/1762 391/508/1763 602/507/1764 600/506/1765
f 602/507/1766 392/779/1767 603/780/1768 600/506/1769
f 603/780/1770 389/777/1771 597/503/1772 600/506/1773
f 605/509/1774 393/781/1775 606/782/1776 604/510/1777
f 606/782/1778 394/783/1779 607/784/1780 604/510/1781
f 607/784/1782 392/779/1783 602/507/1784 604/510/1785
f 609/512/1786 394/783/1787 606/782/1788 608/513/1789
f 606/782/1790 393/781/1791 610/785/1792 608/513/1793
f 610/785/1794 388/500/1795 599/499/1796 608/513/1797
f 612/516/1798 348/550/1799 613/549/1800 611/517/1801
s 123
f 613/549/1802 352/546/1803 614/526/1804 611/517/1805
s 64
f 614/526/895 351/522/894 615/514/1806 611/517/1807
s off
f 617/520/1808 350/786/1809 618/787/1810 616/521/1811
s 124
f 618/787/1812 354/788/1813 619/534/1814 616/521/1815
s 66
f 619/534/903 353/533/902 620/518/1816 616/521/1817
s 125
f 622/523/1818 354/788/1819 618/787/1820 621/524/1821
s off
f 618/787/1822 350/786/1823 623/789/1824 621/524/1825
f 623/789/1826 347/515/1827 615/514/1828 621/524/1829
s 123
f 614/526/1804 352/546/1803 625/545/1830 624/527/1831
s 119
f 625/545/1832 356/539/1708 582/486/1707 624/527/1833
s 60
f 582/486/851 355/485/850 626/525/1834 624/527/1835
s 72
f 628/530/1836 361/556/928 629/555/927 627/531/1837
s 126
f 629/555/1838 353/533/1839 630/532/1840 627/531/1841
s 127
f 630/532/1842 357/492/1843 631/528/1844 627/531/1845
s 124
f 619/534/1814 354/788/1813 633/790/1846 632/535/1847
s 121
f 633/790/1848 358/775/1730 589/493/1729 632/535/1849
s 61
f 589/493/859 357/492/858 630/532/1850 632/535/1851
s 120
f 587/536/1725 358/775/1724 633/790/1852 634/537/1853
s 125
f 633/790/1854 354/788/1819 622/523/1818 634/537/1855
s 63
f 622/523/891 351/522/890 626/525/1856 634/537/1857
s 122
f 636/540/1858 360/654/1742 592/497/1741 635/541/1859
s 62
f 592/497/863 297/496/862 583/538/1860 635/541/1861
s 65
f 594/543/1746 359/529/898 631/528/897 637/544/1862
s 127
f 631/528/1844 357/492/1843 590/491/1863 637/544/1864
s 128
f 639/547/1865 362/658/1866 640/655/1867 638/548/1868
s 122
f 640/655/1869 360/654/1742 636/540/1858 638/548/1870
s 68
f 636/540/911 356/539/910 625/545/1871 638/548/1872
s 128
f 642/551/1873 362/658/1866 639/547/1865 641/552/1874
s 70
f 639/547/919 352/546/918 613/549/1875 641/552/1876
s 129
f 644/553/1877 349/519/1878 645/557/1879 643/554/1880
s 72
f 645/557/929 361/556/928 646/659/1881 643/554/1882
s 128
f 646/659/1883 362/658/1866 642/551/1873 643/554/1884
s 129
f 645/557/1879 349/519/1878 620/518/1885 647/558/1886
s 126
f 620/518/1887 353/533/1839 629/555/1838 647/558/1888
s 130
usemtl lambert11SG
f 649/561/1889 363/572/1890 650/571/1891 648/562/1892
s off
f 650/571/1893 293/290/1894 412/289/1895 648/562/1896
f 412/289/1897 296/721/1898 651/559/1899 648/562/1900
s 78
f 653/565/1901 373/580/952 654/579/951 652/566/1902
s 131
f 654/579/1903 364/560/1904 651/559/1905 652/566/1906
s off
f 651/559/1907 296/721/1908 411/563/1909 652/566/1910
s 132
f 656/569/1911 365/596/1912 657/595/1913 655/570/1914
s off
f 657/595/1915 295/791/1916 658/792/1917 655/570/1918
f 658/792/1919 294/793/1920 659/567/1921 655/570/1922
s 133
f 661/573/1923 378/794/1924 662/642/1925 660/574/1926
s 93
f 662/642/1017 371/641/1016 409/291/1927 660/574/1928
s off
f 409/291/1929 293/290/1930 650/571/1931 660/574/1932
s 109
f 471/577/1297 367/588/1296 664/587/1933 663/578/1934
s 130
f 664/587/1935 363/572/1890 649/561/1889 663/578/1936
s 73
f 649/561/933 364/560/932 665/575/1937 663/578/1938
s 56
f 667/581/1939 374/354/714 476/353/713 666/582/1940
s 111
f 476/353/1311 368/576/1310 665/575/1941 666/582/1942
s 131
f 665/575/1943 364/560/1904 654/579/1903 666/582/1944
s 112
f 480/585/1319 369/600/1318 669/599/1945 668/586/1946
s 132
f 669/599/1947 365/596/1912 656/569/1911 668/586/1948
s 75
f 656/569/941 366/568/940 670/583/1949 668/586/1950
s 94
f 485/589/1327 377/645/1020 672/795/1951 671/590/1952
s 133
f 672/795/1953 378/794/1924 661/573/1923 671/590/1954
s 76
f 661/573/945 363/572/944 664/587/1955 671/590/1956
s 134
f 674/593/1957 384/620/1958 675/619/1959 673/594/1960
s off
f 675/619/1961 294/793/1962 658/792/1963 673/594/1964
f 658/792/1965 295/791/1966 676/591/1967 673/594/1968
s 90
f 678/597/1969 382/632/1004 679/636/1970 677/598/1971
s 91
f 679/636/1009 383/592/1008 676/591/1972 677/598/1973
s off
f 676/591/1974 295/791/1975 657/595/1976 677/598/1977
s 89
f 681/601/1978 381/628/1000 682/633/1979 680/602/1980
s 90
f 682/633/1005 382/632/1004 678/597/1969 680/602/1981
s 82
f 678/597/969 365/596/968 669/599/1982 680/602/1983
s 135
f 684/605/1984 380/796/1985 685/629/1986 683/606/1987
s 89
f 685/629/1001 381/628/1000 681/601/1978 683/606/1988
s 83
f 681/601/973 369/600/972 479/603/1989 683/606/1990
s 136
f 687/609/1991 380/796/1992 684/605/1993 686/610/1994
s off
f 684/605/1995 311/604/1996 478/359/1997 686/610/1998
f 478/359/1999 312/358/2000 688/607/2001 686/610/2002
s 137
f 690/613/2003 379/608/2004 688/607/2005 689/614/2006
s off
f 688/607/2007 312/358/2008 481/357/2009 689/614/2010
s 138
f 481/357/2011 370/584/2012 691/611/2013 689/614/2014
s 85
f 693/617/2015 386/612/984 691/611/983 692/618/2016
s 138
f 691/611/2013 370/584/2012 670/583/2017 692/618/2018
s 139
f 670/583/2019 366/568/2020 694/615/2021 692/618/2022
s 86
f 696/621/2023 385/616/988 694/615/987 695/622/2024
s 139
f 694/615/2021 366/568/2020 659/567/2025 695/622/2026
s off
f 659/567/2027 294/793/2028 675/619/2029 695/622/2030
s 114
f 487/625/1333 375/738/1332 698/797/2031 697/626/2032
s 136
f 698/797/2033 380/796/1992 687/609/1991 697/626/2034
s 84
f 687/609/981 379/608/980 699/623/2035 697/626/2036
s 135
f 685/629/1986 380/796/1985 698/797/2037 700/630/2038
s 110
f 698/797/2039 375/738/1302 474/355/1301 700/630/2040
s 56
f 474/355/715 374/354/714 701/627/2041 700/630/2042
s 89
f 682/633/1979 381/628/1000 701/627/999 702/634/2043
s 56
f 701/627/2041 374/354/714 667/581/1939 702/634/2044
s 78
f 667/581/953 373/580/952 703/631/2045 702/634/2046
s 90
f 679/636/1970 382/632/1004 703/631/1003 704/637/2047
s 78
f 703/631/2045 373/580/952 653/565/1901 704/637/2048
s 74
f 653/565/937 372/564/936 705/635/2049 704/637/2050
s 101
f 410/638/1113 371/641/1112 707/640/2051 706/639/2052
s 134
f 707/640/2053 384/620/1958 674/593/1957 706/639/2054
s 81
f 674/593/965 383/592/964 705/635/2055 706/639/2056
s 133
f 662/642/1925 378/794/1924 709/798/2057 708/643/2058
s 86
f 709/798/2059 385/616/988 696/621/2023 708/643/2060
s 87
f 696/621/993 384/620/992 707/640/2061 708/643/2062
s 113
f 484/646/1325 376/624/1324 699/623/2063 710/647/2064
s 137
f 699/623/2065 379/608/2004 690/613/2003 710/647/2066
s 85
f 690/613/985 386/612/984 711/644/2067 710/647/2068
s off
usemtl lambert10SG
f 628/530/2069 359/529/2070 713/650/2071 712/649/2072
f 713/650/2073 386/799/2074 693/800/2075 712/649/2076
f 693/800/2077 385/801/2078 714/648/2079 712/649/2080
f 593/651/2081 360/654/2082 716/653/2083 715/652/2084
f 716/653/2085 377/802/2086 711/803/2087 715/652/2088
f 711/803/2089 386/799/2090 713/650/2091 715/652/2092
f 640/655/2093 362/658/2094 718/657/2095 717/656/2096
f 718/657/2097 378/804/2098 672/805/2099 717/656/2100
f 672/805/2101 377/802/2102 716/653/2103 717/656/2104
f 646/659/2105 361/556/2106 714/648/2107 719/660/2108
f 714/648/2109 385/801/2110 709/806/2111 719/660/2112
f 709/806/2113 378/804/2114 718/657/2115 719/660/2116
f 423/663/2117 343/670/2118 721/669/2119 720/664/2120
f 721/669/2121 387/504/2122 596/501/2123 720/664/2124
f 596/501/2125 388/500/2126 722/661/2127 720/664/2128
f 612/667/2129 347/686/2130 724/685/2131 723/668/2132
f 724/685/2133 390/511/2134 598/778/2135 723/668/2136
f 598/778/2137 389/777/2138 725/665/2139 723/668/2140
f 406/671/2141 346/678/2142 727/677/2143 726/672/2144
f 727/677/2145 391/508/2146 601/505/2147 726/672/2148
f 601/505/2149 387/504/2150 721/669/2151 726/672/2152
f 644/675/2153 348/666/2154 725/665/2155 728/676/2156
f 725/665/2157 389/777/2158 603/780/2159 728/676/2160
f 603/780/2161 392/779/2162 729/673/2163 728/676/2164
f 420/679/2165 345/690/2166 731/689/2167 730/680/2168
f 731/689/2169 393/781/2170 605/509/2171 730/680/2172
f 605/509/2173 391/508/2174 727/677/2175 730/680/2176
f 617/683/2177 349/674/2178 729/673/2179 732/684/2180
f 729/673/2181 392/779/2182 607/784/2183 732/684/2184
f 607/784/2185 394/783/2186 733/681/2187 732/684/2188
f 623/687/2189 350/682/2190 733/681/2191 734/688/2192
f 733/681/2193 394/783/2194 609/512/2195 734/688/2196
f 609/512/2197 390/511/2198 724/685/2199 734/688/2200
f 414/691/2201 344/662/2202 722/661/2203 735/692/2204
f 722/661/2205 388/500/2206 610/785/2207 735/692/2208
f 610/785/2209 393/781/2210 731/689/2211 735/692/2212
s 103
f 427/695/1163 395/706/1162 737/705/2213 736/696/2214
s off
f 737/705/2215 303/753/2216 526/761/2217 736/696/2218
f 526/761/2219 308/760/2220 738/693/2221 736/696/2222
s 105
f 431/699/1173 396/694/1172 738/693/2223 739/700/2224
s off
f 738/693/2225 308/760/2226 522/759/2227 739/700/2228
f 522/759/2229 305/755/2230 740/697/2231 739/700/2232
s 107
f 458/703/1247 397/698/1246 740/697/2233 741/704/2234
s off
f 740/697/2235 305/755/2236 517/392/2237 741/704/2238
f 517/392/2239 304/391/2240 742/701/2241 741/704/2242
s 106
f 455/707/1239 398/702/1238 742/701/2243 743/708/2244
s off
f 742/701/2245 304/391/2246 514/754/2247 743/708/2248
f 514/754/2249 303/753/2250 737/705/2251 743/708/2252
s 118
f 509/710/1399 399/749/1398 745/716/2253 744/711/2254
s 102
f 745/716/2255 289/715/1158 425/306/1157 744/711/2256
s 52
f 425/306/663 290/305/662 746/709/2257 744/711/2258
s 108
f 459/335/1253 292/332/1252 748/807/2259 747/713/2260
s 116
f 748/807/2261 402/380/1370 500/377/1369 747/713/2262
s 58
f 500/377/739 401/376/738 749/712/2263 747/713/2264
s 115
f 749/712/2265 401/376/1354 494/373/1353 750/714/2266
s 57
f 494/373/735 400/372/734 746/709/2267 750/714/2268
s 104
f 746/709/2269 290/305/1168 430/310/1167 750/714/2270
s 117
f 745/716/2271 399/749/1382 504/381/1381 751/717/2272
s 59
f 504/381/743 402/380/742 748/807/2273 751/717/2274
s 54
f 748/807/2275 292/332/690 456/331/689 751/717/2276
s off
f 772/808/2277 752/809/2278 769/810/2279 768/811/2280
f 776/812/2281 754/813/2282 771/814/2283 773/815/2284
f 781/816/2285 756/817/2286 778/818/2287 777/819/2288
s 140
f 785/820/2289 761/821/2290 783/822/2291 782/823/2292
s off
f 770/824/2293 753/825/2294 784/826/2295 786/827/2296
s 141
f 776/812/2297 760/828/2298 789/829/2299 788/830/2300
s off
f 781/816/2301 758/831/2302 791/832/2303 790/833/2304
f 791/832/2305 758/831/2306 780/834/2307 793/835/2308
f 799/836/2309 765/837/2310 796/838/2311 795/839/2312
s 142
f 792/840/2313 760/828/2314 775/841/2315 800/842/2316
s off
f 804/843/2317 763/844/2318 787/845/2319 802/846/2320
f 803/847/2321 762/848/2322 794/849/2323 805/850/2324
f 806/851/2325 759/852/2326 779/853/2327 807/854/2328
f 808/855/2329 757/856/2330 801/857/2331 809/858/2332
f 769/810/2333 753/825/2334 770/824/2335 768/811/2336
f 770/824/2337 755/859/2338 771/814/2339 768/811/2340
f 771/814/2341 754/813/2342 772/808/2343 768/811/2344
f 771/814/2345 755/859/2346 774/860/2347 773/815/2348
s 143
f 774/860/2349 763/844/2350 775/841/2351 773/815/2352
s 142
f 775/841/2315 760/828/2314 776/812/2353 773/815/2354
s off
f 778/818/2355 757/856/2356 779/853/2357 777/819/2358
f 779/853/2359 759/852/2360 780/834/2361 777/819/2362
f 780/834/2363 758/831/2364 781/816/2365 777/819/2366
s 144
f 783/822/2367 762/848/2368 784/826/2369 782/823/2370
s off
f 784/826/2371 753/825/2372 769/810/2373 782/823/2374
f 769/810/2375 752/809/2376 785/820/2377 782/823/2378
f 784/826/2379 762/848/2380 787/845/2381 786/827/2382
f 787/845/2383 763/844/2384 774/860/2385 786/827/2386
f 774/860/2387 755/859/2388 770/824/2389 786/827/2390
s 145
f 789/829/2391 761/821/2392 785/820/2393 788/830/2394
s off
f 785/820/2395 752/809/2396 772/808/2397 788/830/2398
f 772/808/2399 754/813/2400 776/812/2401 788/830/2402
s 145
f 791/832/2403 761/821/2392 789/829/2391 790/833/2404
s 141
f 789/829/2299 760/828/2298 792/840/2405 790/833/2406
s off
f 792/840/2407 756/817/2408 781/816/2409 790/833/2410
f 780/834/2411 759/852/2412 794/849/2413 793/835/2414
s 144
f 794/849/2415 762/848/2368 783/822/2367 793/835/2416
s 140
f 783/822/2291 761/821/2290 791/832/2417 793/835/2418
s off
f 796/838/2419 764/861/2420 797/862/2421 795/839/2422
f 797/862/2423 766/863/2424 798/864/2425 795/839/2426
f 798/864/2427 767/865/2428 799/836/2429 795/839/2430
s 143
f 775/841/2351 763/844/2350 801/857/2431 800/842/2432
s off
f 801/857/2433 757/856/2434 778/818/2435 800/842/2436
f 778/818/2437 756/817/2438 792/840/2439 800/842/2440
f 787/845/2441 762/848/2442 803/847/2443 802/846/2444
f 803/847/2445 764/861/2446 796/838/2447 802/846/2448
f 796/838/2449 765/837/2450 804/843/2451 802/846/2452
f 794/849/2453 759/852/2454 806/851/2455 805/850/2456
f 806/851/2457 766/863/2458 797/862/2459 805/850/2460
f 797/862/2461 764/861/2462 803/847/2463 805/850/2464
f 779/853/2465 757/856/2466 808/855/2467 807/854/2468
f 808/855/2469 767/865/2470 798/864/2471 807/854/2472
f 798/864/2473 766/863/2474 806/851/2475 807/854/2476
f 801/857/2477 763/844/2478 804/843/2479 809/858/2480
f 804/843/2481 765/837/2482 799/836/2483 809/858/2484
f 799/836/2485 767/865/2486 808/855/2487 809/858/2488
f 822/866/2489 810/867/2490 819/868/2491 818/869/2492
f 826/870/2493 812/871/2494 821/872/2495 823/873/2496
f 830/874/2497 814/875/2498 825/876/2499 827/877/2500
f 833/878/2501 816/879/2502 829/880/2503 831/881/2504
f 820/882/2505 811/883/2506 832/884/2507 834/885/2508
f 830/874/2509 816/879/2510 833/878/2511 835/886/2512
f 819/868/2513 811/883/2514 820/882/2515 818/869/2516
f 820/882/2517 813/887/2518 821/872/2519 818/869/2520
f 821/872/2521 812/871/2522 822/866/2523 818/869/2524
f 821/872/2525 813/887/2526 824/888/2527 823/873/2528
f 824/888/2529 815/889/2530 825/876/2531 823/873/2532
f 825/876/2533 814/875/2534 826/870/2535 823/873/2536
f 825/876/2537 815/889/2538 828/890/2539 827/877/2540
f 828/890/2541 817/891/2542 829/880/2543 827/877/2544
f 829/880/2545 816/879/2546 830/874/2547 827/877/2548
f 829/880/2549 817/891/2550 832/884/2551 831/881/2552
f 832/884/2553 811/883/2554 819/868/2555 831/881/2556
f 819/868/2557 810/867/2558 833/878/2559 831/881/2560
f 832/884/2561 817/891/2562 828/890/2563 834/885/2564
f 828/890/2565 815/889/2566 824/888/2567 834/885/2568
f 824/888/2569 813/887/2570 820/882/2571 834/885/2572
f 833/878/2573 810/867/2574 822/866/2575 835/886/2576
f 822/866/2577 812/871/2578 826/870/2579 835/886/2580
f 826/870/2581 814/875/2582 830/874/2583 835/886/2584
f 848/892/2585 836/893/2586 845/894/2587 844/895/2588
f 852/896/2589 838/897/2590 847/898/2591 849/899/2592
f 856/900/2593 840/901/2594 851/902/2595 853/903/2596
f 859/904/2597 842/905/2598 855/906/2599 857/907/2600
f 846/908/2601 837/909/2602 858/910/2603 860/911/2604
f 856/900/2605 842/905/2606 859/904/2607 861/912/2608
f 845/894/2609 837/909/2610 846/908/2611 844/895/2612
f 846/908/2613 839/913/2614 847/898/2615 844/895/2616
f 847/898/2617 838/897/2618 848/892/2619 844/895/2620
f 847/898/2621 839/913/2622 850/914/2623 849/899/2624
f 850/914/2625 841/915/2626 851/902/2627 849/899/2628
f 851/902/2629 840/901/2630 852/896/2631 849/899/2632
f 851/902/2633 841/915/2634 854/916/2635 853/903/2636
f 854/916/2637 843/917/2638 855/906/2639 853/903/2640
f 855/906/2641 842/905/2642 856/900/2643 853/903/2644
f 855/906/2645 843/917/2646 858/910/2647 857/907/2648
f 858/910/2649 837/909/2650 845/894/2651 857/907/2652
f 845/894/2653 836/893/2654 859/904/2655 857/907/2656
f 858/910/2657 843/917/2658 854/916/2659 860/911/2660
f 854/916/2661 841/915/2662 850/914/2663 860/911/2664
f 850/914/2665 839/913/2666 846/908/2667 860/911/2668
f 859/904/2669 836/893/2670 848/892/2671 861/912/2672
f 848/892/2673 838/897/2674 852/896/2675 861/912/2676
f 852/896/2677 840/901/2678 856/900/2679 861/912/2680
f 874/918/2681 862/919/2682 871/920/2683 870/921/2684
f 878/922/2685 864/923/2686 873/924/2687 875/925/2688
f 882/926/2689 866/927/2690 877/928/2691 879/929/2692
f 885/930/2693 868/931/2694 881/932/2695 883/933/2696
f 872/934/2697 863/935/2698 884/936/2699 886/937/2700
f 882/926/2701 868/931/2702 885/930/2703 887/938/2704
f 871/920/2705 863/935/2706 872/934/2707 870/921/2708
f 872/934/2709 865/939/2710 873/924/2711 870/921/2712
f 873/924/2713 864/923/2714 874/918/2715 870/921/2716
f 873/924/2717 865/939/2718 876/940/2719 875/925/2720
f 876/940/2721 867/941/2722 877/928/2723 875/925/2724
f 877/928/2725 866/927/2726 878/922/2727 875/925/2728
f 877/928/2729 867/941/2730 880/942/2731 879/929/2732
f 880/942/2733 869/943/2734 881/932/2735 879/929/2736
f 881/932/2737 868/931/2738 882/926/2739 879/929/2740
f 881/932/2741 869/943/2742 884/936/2743 883/933/2744
f 884/936/2745 863/935/2746 871/920/2747 883/933/2748
f 871/920/2749 862/919/2750 885/930/2751 883/933/2752
f 884/936/2753 869/943/2754 880/942/2755 886/937/2756
f 880/942/2757 867/941/2758 876/940/2759 886/937/2760
f 876/940/2761 865/939/2762 872/934/2763 886/937/2764
f 885/930/2765 862/919/2766 874/918/2767 887/938/2768
f 874/918/2769 864/923/2770 878/922/2771 887/938/2772
f 878/922/2773 866/927/2774 882/926/2775 887/938/2776
f 900/944/2777 888/945/2778 897/946/2779 896/947/2780
f 904/948/2781 890/949/2782 899/950/2783 901/951/2784
f 908/952/2785 892/953/2786 903/954/2787 905/955/2788
f 911/956/2789 894/957/2790 907/958/2791 909/959/2792
f 898/960/2793 889/961/2794 910/962/2795 912/963/2796
f 908/952/2797 894/957/2798 911/956/2799 913/964/2800
f 897/946/2801 889/961/2802 898/960/2803 896/947/2804
f 898/960/2805 891/965/2806 899/950/2807 896/947/2808
f 899/950/2809 890/949/2810 900/944/2811 896/947/2812
f 899/950/2813 891/965/2814 902/966/2815 901/951/2816
f 902/966/2817 893/967/2818 903/954/2819 901/951/2820
f 903/954/2821 892/953/2822 904/948/2823 901/951/2824
f 903/954/2825 893/967/2826 906/968/2827 905/955/2828
f 906/968/2829 895/969/2830 907/958/2831 905/955/2832
f 907/958/2833 894/957/2834 908/952/2835 905/955/2836
f 907/958/2837 895/969/2838 910/962/2839 909/959/2840
f 910/962/2841 889/961/2842 897/946/2843 909/959/2844
f 897/946/2845 888/945/2846 911/956/2847 909/959/2848
f 910/962/2849 895/969/2850 906/968/2851 912/963/2852
f 906/968/2853 893/967/2854 902/966/2855 912/963/2856
f 902/966/2857 891/965/2858 898/960/2859 912/963/2860
f 911/956/2861 888/945/2862 900/944/2863 913/964/2864
f 900/944/2865 890/949/2866 904/948/2867 913/964/2868
f 904/948/2869 892/953/2870 908/952/2871 913/964/2872
f 926/970/2873 914/971/2874 923/972/2875 922/973/2876
f 930/974/2877 916/975/2878 925/976/2879 927/977/2880
f 934/978/2881 918/979/2882 929/980/2883 931/981/2884
f 937/982/2885 920/983/2886 933/984/2887 935/985/2888
f 924/986/2889 915/987/2890 936/988/2891 938/989/2892
f 934/978/2893 920/983/2894 937/982/2895 939/990/2896
f 923/972/2897 915/987/2898 924/986/2899 922/973/2900
f 924/986/2901 917/991/2902 925/976/2903 922/973/2904
f 925/976/2905 916/975/2906 926/970/2907 922/973/2908
f 925/976/2909 917/991/2910 928/992/2911 927/977/2912
f 928/992/2913 919/993/2914 929/980/2915 927/977/2916
f 929/980/2917 918/979/2918 930/974/2919 927/977/2920
f 929/980/2921 919/993/2922 932/994/2923 931/981/2924
f 932/994/2925 921/995/2926 933/984/2927 931/981/2928
f 933/984/2929 920/983/2930 934/978/2931 931/981/2932
f 933/984/2933 921/995/2934 936/988/2935 935/985/2936
f 936/988/2937 915/987/2938 923/972/2939 935/985/2940
f 923/972/2941 914/971/2942 937/982/2943 935/985/2944
f 936/988/2945 921/995/2946 932/994/2947 938/989/2948
f 932/994/2949 919/993/2950 928/992/2951 938/989/2952
f 928/992/2953 917/991/2954 924/986/2955 938/989/2956
f 937/982/2957 914/971/2958 926/970/2959 939/990/2960
f 926/970/2961 916/975/2962 930/974/2963 939/990/2964
f 930/974/2965 918/979/2966 934/978/2967 939/990/2968
f 952/996/2969 953/997/2970 954/998/2971 955/999/2972
s 146
f 942/1000/2973 970/1001/2974 1027/1002/2975 1008/1003/2976
s 147
f 944/1004/2977 971/1005/2978 972/1006/2979 963/1007/2980
s 148
f 1011/1008/2981 1012/1009/2982 975/1010/2983 940/1011/2984
s 149
f 960/1012/2985 1020/1013/2986 1021/1014/2987 943/1015/2988
s 150
f 1008/1003/2989 1009/1016/2990 964/1017/2991 942/1000/2992
s 151
f 950/1018/2993 983/1019/2994 976/1020/2995 956/1021/2996
f 951/1022/2997 970/1001/2998 942/1000/2999 964/1017/3000
s off
f 948/1023/3001 949/1024/3002 953/1025/3003 952/1026/3004
f 949/1024/3005 950/1018/3006 954/1027/3007 953/1025/3008
f 950/1018/3009 951/1022/3010 955/1028/3011 954/1027/3012
f 951/1022/3013 948/1023/3014 952/1026/3015 955/1028/3016
s 146
f 1025/1029/3017 1026/1030/3018 956/1021/3019 976/1020/3020
s 147
f 977/1031/3021 978/1032/3022 962/1033/3023 957/1034/3024
s 148
f 959/1035/3025 1013/1036/3026 1014/1037/3027 981/1038/3028
s 151
f 949/1024/3029 959/1035/3030 981/1038/3031 982/1039/3032
s 149
f 941/1040/3033 1018/1041/3034 1019/1042/3035 969/1043/3036
s 147
f 958/1044/3037 967/1045/3038 979/1046/3039 980/1047/3040
f 966/1048/3041 973/1049/3042 974/1050/3043 946/1051/3044
s 158
f 1010/1052/3045 1011/1008/3046 940/1011/3047 965/1053/3048
s 151
f 948/1023/3049 965/1053/3050 940/1011/3051 975/1010/3052
f 951/1022/2997 1055/1054/3053 1054/1055/3054 948/1023/3049
s 147
f 963/1007/2980 972/1006/2979 1048/1056/3055
f 978/1032/3022 979/1046/3039 967/1045/3038 962/1033/3023
s 149
f 969/1043/3036 1019/1042/3035 1020/1013/2986 960/1012/2985
s 151
f 949/1024/3029 982/1039/3032 983/1019/2994 950/1018/2993
f 950/1018/2993 956/1021/2996 970/1001/2998 951/1022/2997
s 146
f 1026/1030/3018 1027/1002/2975 970/1001/2974 956/1021/3019
s 147
f 972/1006/2979 971/1005/2978 957/1034/3024 962/1033/3023
f 973/1049/3042 972/1006/2979 962/1033/3023 967/1045/3038
f 974/1050/3043 973/1049/3042 967/1045/3038 958/1044/3037
s 148
f 975/1010/2983 1012/1009/2982 1013/1036/3026 959/1035/3025
s 151
f 948/1023/3049 975/1010/3052 959/1035/3030 949/1024/3029
s 160
f 1021/1014/3056 1022/1057/3057 986/1058/3058 943/1015/3059
s 161
f 961/1059/3060 984/1060/3061 985/1061/3062 945/1062/3063
f 968/1063/3064 991/1064/3065 984/1060/3061 961/1059/3060
f 990/1065/3066 991/1064/3065 968/1063/3064 947/1066/3067
s 162
f 989/1067/3068 1017/1068/3069 1018/1041/3070 941/1040/3071
s 163
f 988/1069/3072 989/1067/3073 941/1040/3074 969/1043/3075
f 987/1070/3076 988/1069/3072 969/1043/3075 960/1012/3077
f 986/1058/3078 987/1070/3076 960/1012/3077 943/1015/3079
s 164
f 993/1071/3080 992/1072/3081 994/1073/3082 995/1074/3083
s 165
f 1023/1075/3084 1024/1076/3085 996/1077/3086 997/1078/3087
s 166
f 996/1077/3088 998/1079/3089 999/1080/3090 997/1078/3091
f 998/1079/3089 1000/1081/3092 1001/1082/3093 999/1080/3090
f 1000/1081/3092 1002/1083/3094 1003/1084/3095 1001/1082/3093
s 167
f 1002/1083/3096 1015/1085/3097 1016/1086/3098 1003/1084/3099
s 164
f 1004/1087/3100 1006/1088/3101 1007/1089/3102 1005/1090/3103
f 992/1072/3081 1007/1089/3102 1006/1088/3101 994/1073/3082
s off
f 985/1091/3104 984/1092/3105 992/1072/3106 993/1071/3107
f 978/1093/3108 977/1094/3109 995/1074/3110 994/1073/3111
s 168
f 1024/1076/3112 1025/1095/3113 976/1096/3114 996/1077/3115
s 169
f 986/1097/3116 1022/1098/3117 1023/1075/3118 997/1078/3119
s off
f 976/1096/3120 983/1099/3121 998/1079/3122 996/1077/3123
f 987/1100/3124 986/1097/3125 997/1078/3126 999/1080/3127
f 983/1099/3128 982/1101/3129 1000/1081/3130 998/1079/3131
f 988/1102/3132 987/1100/3133 999/1080/3134 1001/1082/3135
f 982/1101/3136 981/1103/3137 1002/1083/3138 1000/1081/3139
f 989/1104/3140 988/1102/3141 1001/1082/3142 1003/1084/3143
s 170
f 981/1103/3144 1014/1105/3145 1015/1085/3146 1002/1083/3147
s 171
f 1016/1086/3148 1017/1106/3149 989/1104/3150 1003/1084/3151
s off
f 980/1107/3152 979/1108/3153 1006/1088/3154 1004/1087/3155
f 991/1109/3156 990/1110/3157 1005/1090/3158 1007/1089/3159
f 984/1092/3160 991/1109/3161 1007/1089/3162 992/1072/3163
f 979/1108/3164 978/1093/3165 994/1073/3166 1006/1088/3167
s 150
f 963/1007/3168 1030/1111/3169 1031/1112/3170 944/1004/3171
s 158
f 946/1051/3172 1028/1113/3173 1029/1114/3174 966/1048/3175
s 148
f 946/1051/3176 974/1050/3177 1047/1115/3178 1028/1113/3179
f 1046/1116/3180 1047/1115/3178 974/1050/3177 958/1044/3181
f 1045/1117/3182 1046/1116/3180 958/1044/3181 980/1047/3183
s 170
f 1044/1118/3184 1045/1119/3185 980/1107/3186 1004/1087/3187
s 167
f 1043/1120/3188 1044/1118/3189 1004/1087/3190 1005/1090/3191
s 171
f 990/1110/3192 1042/1121/3193 1043/1120/3194 1005/1090/3195
s 162
f 1041/1122/3196 1042/1123/3197 990/1065/3198 947/1066/3199
s 149
f 1040/1124/3200 1041/1122/3201 947/1066/3202 968/1063/3203
f 1039/1125/3204 1040/1124/3200 968/1063/3203 961/1059/3205
f 1038/1126/3206 1039/1125/3204 961/1059/3205 945/1062/3207
s 160
f 985/1061/3208 1037/1127/3209 1038/1126/3210 945/1062/3211
s 169
f 1036/1128/3212 1037/1129/3213 985/1091/3214 993/1071/3215
s 165
f 995/1074/3216 1035/1130/3217 1036/1128/3218 993/1071/3219
s 168
f 977/1094/3220 1034/1131/3221 1035/1130/3222 995/1074/3223
s 146
f 957/1034/3224 1033/1132/3225 1034/1133/3226 977/1031/3227
f 971/1005/3228 1032/1134/3229 1033/1132/3225 957/1034/3224
f 1031/1112/3230 1032/1134/3229 971/1005/3228 944/1004/3231
s 158
f 1029/1114/3174 1028/1113/3173 1011/1008/3046 1010/1052/3045
s 150
f 1031/1112/3170 1030/1111/3169 1009/1016/2990 1008/1003/2989
s 146
f 1008/1003/2976 1027/1002/2975 1032/1134/3229 1031/1112/3230
f 1033/1132/3225 1032/1134/3229 1027/1002/2975 1026/1030/3018
f 1034/1133/3226 1033/1132/3225 1026/1030/3018 1025/1029/3017
s 168
f 1035/1130/3222 1034/1131/3221 1025/1095/3113 1024/1076/3112
s 165
f 1036/1128/3218 1035/1130/3217 1024/1076/3085 1023/1075/3084
s 169
f 1023/1075/3118 1022/1098/3117 1037/1129/3213 1036/1128/3212
s 160
f 1038/1126/3210 1037/1127/3209 1022/1057/3057 1021/1014/3056
s 149
f 1021/1014/2987 1020/1013/2986 1039/1125/3204 1038/1126/3206
f 1020/1013/2986 1019/1042/3035 1040/1124/3200 1039/1125/3204
f 1019/1042/3035 1018/1041/3034 1041/1122/3201 1040/1124/3200
s 162
f 1018/1041/3070 1017/1068/3069 1042/1123/3197 1041/1122/3196
s 171
f 1043/1120/3194 1042/1121/3193 1017/1106/3149 1016/1086/3148
s 167
f 1016/1086/3098 1015/1085/3097 1044/1118/3189 1043/1120/3188
s 170
f 1015/1085/3146 1014/1105/3145 1045/1119/3185 1044/1118/3184
s 148
f 1014/1037/3027 1013/1036/3026 1046/1116/3180 1045/1117/3182
f 1013/1036/3026 1012/1009/2982 1047/1115/3178 1046/1116/3180
f 1028/1113/3179 1047/1115/3178 1012/1009/2982 1011/1008/2981
s 151
f 951/1022/2997 964/1017/3000 1055/1054/3053
f 948/1023/3049 1054/1055/3054 965/1053/3050
s 147
f 1049/1135/3232 1048/1056/3055 972/1006/2979 973/1049/3042
f 1049/1135/3232 973/1049/3042 966/1048/3041
s 175
f 1056/1136/3233 1057/1137/3234 1058/1138/3235 1059/1139/3236
f 1059/1139/3236 1058/1138/3235 1060/1140/3237 1061/1141/3238
f 1061/1141/3238 1060/1140/3237 1062/1142/3239 1063/1143/3240
s 150
f 1009/1016/2990 1052/1144/3241 1055/1054/3242 964/1017/2991
f 1048/1056/3243 1050/1145/3244 1030/1111/3169 963/1007/3168
f 1030/1111/3169 1050/1145/3244 1052/1144/3241 1009/1016/2990
s 158
f 966/1048/3175 1029/1114/3174 1051/1146/3245 1049/1135/3246
f 1053/1147/3247 1051/1146/3245 1029/1114/3174 1010/1052/3045
f 1054/1055/3248 1053/1147/3247 1010/1052/3045 965/1053/3048
s off
f 1048/1148/3249 1049/1149/3250 1057/1137/3251 1056/1136/3252
f 1049/1149/3253 1051/1150/3254 1058/1138/3255 1057/1137/3256
f 1050/1151/3257 1048/1148/3258 1056/1136/3259 1059/1139/3260
f 1051/1150/3261 1053/1152/3262 1060/1140/3263 1058/1138/3264
f 1052/1153/3265 1050/1151/3266 1059/1139/3267 1061/1141/3268
f 1053/1152/3269 1054/1154/3270 1062/1142/3271 1060/1140/3272
f 1054/1154/3273 1055/1155/3274 1063/1143/3275 1062/1142/3276
f 1055/1155/3277 1052/1153/3278 1061/1141/3279 1063/1143/3280
s 176
f 1092/1156/3281 1083/1157/3282 1089/1158/3283 1088/1159/3284
s 177
f 1097/1160/3285 1066/1161/3286 1094/1162/3287 1093/1163/3288
s off
f 1102/1164/3289 1075/1165/3290 1099/1166/3291 1098/1167/3292
f 1107/1168/3293 1069/1169/3294 1104/1170/3295 1103/1171/3296
f 1112/1172/3297 1064/1173/3298 1109/1174/3299 1108/1175/3300
s 178
f 1117/1176/3301 1082/1177/3302 1114/1178/3303 1113/1179/3304
s 179
f 1120/1180/3305 1084/1181/3306 1114/1178/3307 1118/1182/3308
s 177
f 1123/1183/3309 1066/1161/3286 1097/1160/3285 1121/1184/3310
s 180
f 1128/1185/3311 1065/1186/3312 1125/1187/3313 1124/1188/3314
s 181
f 1096/1189/3315 1081/1190/3316 1126/1191/3317 1129/1192/3318
s 182
f 1130/1193/3319 1082/1177/3320 1117/1176/3321 1131/1194/3322
s 183
f 1132/1195/3323 1073/1196/3324 1116/1197/3325 1133/1198/3326
s off
f 1134/1199/3327 1074/1200/3328 1115/1201/3329 1135/1202/3330
s 184
f 1136/1203/3331 1084/1181/3332 1120/1180/3333 1137/1204/3334
s off
f 1138/1205/3335 1070/1206/3336 1119/1207/3337 1139/1208/3338
f 1094/1162/3339 1066/1161/3340 1140/1209/3341 1141/1210/3342
f 1145/1211/3343 1069/1169/3344 1107/1168/3345 1143/1212/3346
f 1144/1213/3347 1077/1214/3348 1106/1215/3349 1146/1216/3350
s 185
f 1147/1217/3351 1078/1218/3352 1105/1219/3353 1148/1220/3354
s off
f 1104/1170/3355 1069/1169/3356 1150/1221/3357 1149/1222/3358
f 1150/1221/3359 1069/1169/3360 1145/1211/3361 1151/1223/3362
f 1109/1174/3363 1064/1173/3364 1127/1224/3365 1153/1225/3366
s 186
f 1089/1158/3367 1086/1226/3368 1090/1227/3369 1088/1159/3370
s off
f 1090/1227/3371 1067/1228/3372 1091/1229/3373 1088/1159/3374
f 1091/1229/3375 1082/1177/3376 1092/1156/3377 1088/1159/3378
s 187
f 1094/1162/3379 1087/1230/3380 1095/1231/3381 1093/1163/3382
s 188
f 1095/1231/3383 1081/1190/3384 1096/1189/3385 1093/1163/3386
s 189
f 1096/1189/3387 1080/1232/3388 1097/1160/3389 1093/1163/3390
s 190
f 1099/1166/3391 1085/1233/3392 1100/1234/3393 1098/1167/3394
s 189
f 1100/1234/3395 1080/1232/3388 1101/1235/3396 1098/1167/3397
s off
f 1101/1235/3398 1072/1236/3399 1102/1164/3400 1098/1167/3401
f 1104/1170/3402 1065/1186/3403 1105/1219/3404 1103/1171/3405
f 1105/1219/3406 1078/1218/3407 1106/1215/3408 1103/1171/3409
f 1106/1215/3410 1077/1214/3411 1107/1168/3412 1103/1171/3413
f 1109/1174/3414 1068/1237/3415 1110/1238/3416 1108/1175/3417
f 1110/1238/3418 1076/1239/3419 1111/1240/3420 1108/1175/3421
f 1111/1240/3422 1079/1241/3423 1112/1172/3424 1108/1175/3425
s 179
f 1114/1178/3307 1084/1181/3306 1115/1201/3426 1113/1179/3427
s off
f 1115/1201/3428 1074/1200/3429 1116/1197/3430 1113/1179/3431
f 1116/1197/3432 1073/1196/3433 1117/1176/3434 1113/1179/3435
s 178
f 1114/1178/3303 1082/1177/3302 1091/1229/3436 1118/1182/3437
s off
f 1091/1229/3438 1067/1228/3439 1119/1207/3440 1118/1182/3441
f 1119/1207/3442 1070/1206/3443 1120/1180/3444 1118/1182/3445
s 189
f 1097/1160/3389 1080/1232/3388 1100/1234/3395 1121/1184/3446
s 190
f 1100/1234/3393 1085/1233/3392 1122/1242/3447 1121/1184/3448
s off
f 1122/1242/3449 1071/1243/3450 1123/1183/3451 1121/1184/3452
s 191
f 1125/1187/3453 1083/1157/3454 1126/1191/3455 1124/1188/3456
s 181
f 1126/1191/3317 1081/1190/3316 1127/1224/3457 1124/1188/3458
s 192
f 1127/1224/3459 1064/1173/3460 1128/1185/3461 1124/1188/3462
s 191
f 1126/1191/3455 1083/1157/3454 1092/1156/3463 1129/1192/3464
s 182
f 1092/1156/3465 1082/1177/3320 1130/1193/3319 1129/1192/3466
s 193
f 1130/1193/3467 1080/1232/3468 1096/1189/3469 1129/1192/3470
s 183
f 1117/1176/3471 1073/1196/3324 1132/1195/3323 1131/1194/3472
s 194
f 1132/1195/3473 1072/1236/3474 1101/1235/3475 1131/1194/3476
s 193
f 1101/1235/3477 1080/1232/3468 1130/1193/3467 1131/1194/3478
s off
f 1116/1197/3479 1074/1200/3480 1134/1199/3481 1133/1198/3482
f 1134/1199/3483 1075/1165/3484 1102/1164/3485 1133/1198/3486
s 194
f 1102/1164/3487 1072/1236/3474 1132/1195/3473 1133/1198/3488
s 184
f 1115/1201/3489 1084/1181/3332 1136/1203/3331 1135/1202/3490
s 195
f 1136/1203/3491 1085/1233/3492 1099/1166/3493 1135/1202/3494
s off
f 1099/1166/3495 1075/1165/3496 1134/1199/3497 1135/1202/3498
f 1120/1180/3499 1070/1206/3500 1138/1205/3501 1137/1204/3502
f 1138/1205/3503 1071/1243/3504 1122/1242/3505 1137/1204/3506
s 195
f 1122/1242/3507 1085/1233/3492 1136/1203/3491 1137/1204/3508
s off
f 1119/1207/3509 1067/1228/3510 1140/1209/3511 1139/1208/3512
f 1140/1209/3513 1066/1161/3514 1123/1183/3515 1139/1208/3516
f 1123/1183/3517 1071/1243/3518 1138/1205/3519 1139/1208/3520
f 1140/1209/3521 1067/1228/3522 1090/1227/3523 1141/1210/3524
s 196
f 1090/1227/3525 1086/1226/3526 1142/1244/3527 1141/1210/3528
s 197
f 1142/1244/3529 1087/1230/3530 1094/1162/3531 1141/1210/3532
s off
f 1107/1168/3533 1077/1214/3534 1144/1213/3535 1143/1212/3536
f 1144/1213/3537 1076/1239/3538 1110/1238/3539 1143/1212/3540
f 1110/1238/3541 1068/1237/3542 1145/1211/3543 1143/1212/3544
s 185
f 1106/1215/3545 1078/1218/3352 1147/1217/3351 1146/1216/3546
s 198
f 1147/1217/3547 1079/1241/3548 1111/1240/3549 1146/1216/3550
s off
f 1111/1240/3551 1076/1239/3552 1144/1213/3553 1146/1216/3554
s 180
f 1105/1219/3555 1065/1186/3312 1128/1185/3311 1148/1220/3556
s 192
f 1128/1185/3461 1064/1173/3460 1112/1172/3557 1148/1220/3558
s 198
f 1112/1172/3559 1079/1241/3548 1147/1217/3547 1148/1220/3560
s 186
f 1150/1221/3561 1086/1226/3368 1089/1158/3367 1149/1222/3562
s 176
f 1089/1158/3283 1083/1157/3282 1125/1187/3563 1149/1222/3564
s off
f 1125/1187/3565 1065/1186/3566 1104/1170/3567 1149/1222/3568
f 1145/1211/3569 1068/1237/3570 1152/1245/3571 1151/1223/3572
s 197
f 1152/1245/3573 1087/1230/3530 1142/1244/3529 1151/1223/3574
s 196
f 1142/1244/3527 1086/1226/3526 1150/1221/3575 1151/1223/3576
s 188
f 1127/1224/3577 1081/1190/3384 1095/1231/3383 1153/1225/3578
s 187
f 1095/1231/3381 1087/1230/3380 1152/1245/3579 1153/1225/3580
s off
f 1152/1245/3581 1068/1237/3582 1109/1174/3583 1153/1225/3584
f 1166/1246/3585 1154/1247/3586 1163/1248/3587 1162/1249/3588
f 1170/1250/3589 1157/1251/3590 1165/1252/3591 1167/1253/3592
f 1174/1254/3593 1159/1255/3594 1169/1256/3595 1171/1257/3596
f 1177/1258/3597 1161/1259/3598 1173/1260/3599 1175/1261/3600
f 1164/1262/3601 1155/1263/3602 1176/1264/3603 1178/1265/3604
f 1174/1254/3605 1161/1259/3606 1177/1258/3607 1179/1266/3608
f 1163/1248/3609 1155/1263/3610 1164/1262/3611 1162/1249/3612
f 1164/1262/3613 1156/1267/3614 1165/1252/3615 1162/1249/3616
f 1165/1252/3617 1157/1251/3618 1166/1246/3619 1162/1249/3620
f 1165/1252/3621 1156/1267/3622 1168/1268/3623 1167/1253/3624
f 1168/1268/3625 1158/1269/3626 1169/1256/3627 1167/1253/3628
f 1169/1256/3629 1159/1255/3630 1170/1250/3631 1167/1253/3632
f 1169/1256/3633 1158/1269/3634 1172/1270/3635 1171/1257/3636
f 1172/1270/3637 1160/1271/3638 1173/1260/3639 1171/1257/3640
f 1173/1260/3641 1161/1259/3642 1174/1254/3643 1171/1257/3644
f 1173/1260/3645 1160/1271/3646 1176/1264/3647 1175/1261/3648
f 1176/1264/3649 1155/1263/3650 1163/1248/3651 1175/1261/3652
f 1163/1248/3653 1154/1247/3654 1177/1258/3655 1175/1261/3656
f 1176/1264/3657 1160/1271/3658 1172/1270/3659 1178/1265/3660
f 1172/1270/3661 1158/1269/3662 1168/1268/3663 1178/1265/3664
f 1168/1268/3665 1156/1267/3666 1164/1262/3667 1178/1265/3668
f 1177/1258/3669 1154/1247/3670 1166/1246/3671 1179/1266/3672
f 1166/1246/3673 1157/1251/3674 1170/1250/3675 1179/1266/3676
f 1170/1250/3677 1159/1255/3678 1174/1254/3679 1179/1266/3680
f 1200/1272/3681 1188/1273/3682 1197/1274/3683 1196/1275/3684
f 1205/1276/3685 1180/1277/3686 1202/1278/3687 1201/1279/3688
f 1203/1280/3689 1181/1281/3690 1207/1282/3691 1206/1283/3692
f 1208/1284/3693 1183/1285/3694 1211/1286/3695 1210/1287/3696
f 1212/1288/3697 1182/1289/3698 1215/1290/3699 1214/1291/3700
f 1197/1274/3701 1188/1273/3702 1218/1292/3703 1217/1293/3704
f 1198/1294/3705 1189/1295/3706 1219/1296/3707 1220/1297/3708
f 1199/1298/3709 1190/1299/3710 1221/1300/3711 1222/1301/3712
f 1200/1272/3713 1191/1302/3714 1223/1303/3715 1224/1304/3716
f 1228/1305/3717 1193/1306/3718 1226/1307/3719 1225/1308/3720
f 1228/1305/3721 1182/1289/3722 1211/1286/3723 1229/1309/3724
f 1234/1310/3725 1195/1311/3726 1233/1312/3727 1232/1313/3728
f 1227/1314/3729 1192/1315/3730 1236/1316/3731 1235/1317/3732
f 1197/1274/3733 1189/1295/3734 1198/1294/3735 1196/1275/3736
f 1198/1294/3737 1190/1299/3738 1199/1298/3739 1196/1275/3740
f 1199/1298/3741 1191/1302/3742 1200/1272/3743 1196/1275/3744
f 1202/1278/3745 1181/1281/3746 1203/1280/3747 1201/1279/3748
f 1203/1280/3749 1185/1318/3750 1204/1319/3751 1201/1279/3752
f 1204/1319/3753 1184/1320/3754 1205/1276/3755 1201/1279/3756
f 1207/1282/3757 1183/1285/3758 1208/1284/3759 1206/1283/3760
f 1208/1284/3761 1186/1321/3762 1209/1322/3763 1206/1283/3764
f 1209/1322/3765 1185/1318/3766 1203/1280/3767 1206/1283/3768
f 1211/1286/3769 1182/1289/3770 1212/1288/3771 1210/1287/3772
f 1212/1288/3773 1187/1323/3774 1213/1324/3775 1210/1287/3776
f 1213/1324/3777 1186/1321/3778 1208/1284/3779 1210/1287/3780
f 1215/1290/3781 1180/1277/3782 1205/1276/3783 1214/1291/3784
f 1205/1276/3785 1184/1320/3786 1216/1325/3787 1214/1291/3788
f 1216/1325/3789 1187/1323/3790 1212/1288/3791 1214/1291/3792
f 1218/1292/3793 1184/1326/3794 1204/1327/3795 1217/1293/3796
f 1204/1327/3797 1185/1328/3798 1219/1296/3799 1217/1293/3800
f 1219/1296/3801 1189/1295/3802 1197/1274/3803 1217/1293/3804
f 1219/1296/3805 1185/1328/3806 1209/1329/3807 1220/1297/3808
f 1209/1329/3809 1186/1330/3810 1221/1300/3811 1220/1297/3812
f 1221/1300/3813 1190/1299/3814 1198/1294/3815 1220/1297/3816
f 1221/1300/3817 1186/1330/3818 1213/1331/3819 1222/1301/3820
f 1213/1331/3821 1187/1332/3822 1223/1303/3823 1222/1301/3824
f 1223/1303/3825 1191/1302/3826 1199/1298/3827 1222/1301/3828
f 1223/1303/3829 1187/1332/3830 1216/1333/3831 1224/1304/3832
f 1216/1333/3833 1184/1326/3834 1218/1292/3835 1224/1304/3836
f 1218/1292/3837 1188/1273/3838 1200/1272/3839 1224/1304/3840
f 1226/1307/3841 1192/1315/3842 1227/1314/3843 1225/1308/3844
f 1227/1314/3845 1180/1277/3846 1215/1290/3847 1225/1308/3848
f 1215/1290/3849 1182/1289/3850 1228/1305/3851 1225/1308/3852
f 1211/1286/3853 1183/1285/3854 1230/1334/3855 1229/1309/3856
f 1230/1334/3857 1194/1335/3858 1231/1336/3859 1229/1309/3860
f 1231/1336/3861 1193/1306/3862 1228/1305/3863 1229/1309/3864
f 1233/1312/3865 1194/1335/3866 1230/1334/3867 1232/1313/3868
f 1230/1334/3869 1183/1285/3870 1207/1282/3871 1232/1313/3872
f 1207/1282/3873 1181/1281/3874 1234/1310/3875 1232/1313/3876
f 1236/1316/3877 1195/1311/3878 1234/1310/3879 1235/1317/3880
f 1234/1310/3881 1181/1281/3882 1202/1278/3883 1235/1317/3884
f 1202/1278/3885 1180/1277/3886 1227/1314/3887 1235/1317/3888
s 199
f 1245/1337/3889 1272/1338/3890 1273/1339/3891 1264/1340/3892
s 200
f 1239/1341/3893 1279/1342/3894 1280/1343/3895 1241/1344/3896
s 201
f 1260/1345/3897 1283/1346/3898 1284/1347/3899 1243/1348/3900
s 202
f 1243/1348/3901 1284/1347/3902 1271/1349/3903 1237/1350/3904
s 203
f 1238/1351/3905 1244/1352/3906 1261/1353/3907 1262/1354/3908
s 204
f 1243/1348/3909 1237/1350/3910 1259/1355/3911 1260/1345/3912
s 205
f 1303/1356/3913 1304/1357/3914 1305/1358/3915 1306/1359/3916
s 206
f 1307/1360/3917 1308/1361/3918 1309/1362/3919 1310/1363/3920
s 207
f 1311/1364/3921 1312/1365/3922 1313/1366/3923 1314/1367/3924
s 208
f 1315/1368/3925 1316/1369/3926 1303/1356/3927 1306/1359/3928
s 204
f 1250/1370/3929 1249/1371/3930 1239/1341/3931 1241/1344/3932
s 201
f 1241/1344/3933 1280/1343/3934 1281/1372/3935 1250/1370/3936
s 203
f 1252/1373/3937 1251/1374/3938 1242/1375/3939 1240/1376/3940
s 206
f 1318/1377/3941 1317/1378/3942 1319/1379/3943 1320/1380/3944
s 213
usemtl lambert11SG
f 1256/1381/3945 1276/1382/3946 1277/1383/3947 1258/1384/3948
s 208
usemtl lambert10SG
f 1313/1366/3949 1321/1385/3950 1322/1386/3951 1314/1367/3952
s 215
f 1254/1387/3953 1275/1388/3954 1276/1389/3955 1256/1390/3956
s off
f 1253/1391/3957 1247/1392/3958 1257/1393/3959 1255/1394/3960
s 216
f 1277/1395/3961 1278/1396/3962 1248/1397/3963 1258/1398/3964
s off
f 1248/1397/3965 1254/1387/3966 1256/1390/3967 1258/1398/3968
s 204
f 1265/1399/3969 1266/1400/3970 1249/1371/3930 1250/1370/3929
s 201
f 1250/1370/3936 1281/1372/3935 1282/1401/3971 1265/1399/3972
s 203
f 1269/1402/3973 1270/1403/3974 1251/1374/3938 1252/1373/3937
s 206
f 1323/1404/3975 1324/1405/3976 1317/1378/3942 1318/1377/3941
s 199
f 1267/1406/3977 1274/1407/3978 1275/1388/3979 1254/1387/3980
s 208
f 1322/1386/3951 1321/1385/3950 1325/1408/3981 1326/1409/3982
s 204
f 1260/1345/3912 1259/1355/3911 1266/1400/3970 1265/1399/3969
s 208
f 1326/1409/3982 1325/1408/3981 1316/1369/3926 1315/1368/3925
s 199
f 1264/1340/3892 1273/1339/3891 1274/1407/3978 1267/1406/3977
s 206
f 1309/1362/3919 1308/1361/3918 1324/1405/3976 1323/1404/3975
s 203
f 1262/1354/3908 1261/1353/3907 1270/1403/3974 1269/1402/3973
s 201
f 1265/1399/3972 1282/1401/3971 1283/1346/3898 1260/1345/3897
s 205
f 1327/1410/3983 1328/1411/3984 1307/1360/3985 1310/1363/3986
s 199
f 1287/1412/3987 1288/1413/3988 1246/1414/3989 1263/1415/3990
f 1286/1416/3991 1287/1412/3987 1263/1415/3990 1268/1417/3992
f 1285/1418/3993 1286/1416/3991 1268/1417/3992 1253/1391/3994
s 215
f 1298/1419/3995 1285/1418/3996 1253/1391/3997 1255/1394/3998
s 213
usemtl lambert11SG
f 1297/1420/3999 1298/1421/4000 1255/1422/4001 1257/1423/4002
s 216
usemtl lambert10SG
f 1247/1392/4003 1296/1424/4004 1297/1425/4005 1257/1393/4006
s 207
f 1319/1379/4007 1329/1426/4008 1330/1427/4009 1320/1380/4010
s 200
f 1294/1428/4011 1295/1429/4012 1240/1376/4013 1242/1375/4014
s 201
f 1293/1430/4015 1294/1428/4016 1242/1375/4017 1251/1374/4018
f 1292/1431/4019 1293/1430/4015 1251/1374/4018 1270/1403/4020
f 1291/1432/4021 1292/1431/4019 1270/1403/4020 1261/1353/4022
f 1290/1433/4023 1291/1432/4021 1261/1353/4022 1244/1352/4024
s 202
f 1289/1434/4025 1290/1433/4026 1244/1352/4027 1238/1351/4028
s 199
f 1275/1388/3979 1274/1407/3978 1286/1416/3991 1285/1418/3993
s off
f 1300/1435/4029 1299/1436/4030 1301/1437/4031 1302/1438/4032
s 199
f 1273/1339/3891 1272/1338/3890 1288/1413/3988 1287/1412/3987
s 205
f 1305/1358/3915 1304/1357/3914 1328/1411/3984 1327/1410/3983
s 202
f 1271/1349/3903 1284/1347/3902 1290/1433/4026 1289/1434/4025
s 201
f 1284/1347/3899 1283/1346/3898 1291/1432/4021 1290/1433/4023
f 1283/1346/3898 1282/1401/3971 1292/1431/4019 1291/1432/4021
f 1282/1401/3971 1281/1372/3935 1293/1430/4015 1292/1431/4019
f 1281/1372/3935 1280/1343/3934 1294/1428/4016 1293/1430/4015
s 200
f 1280/1343/3895 1279/1342/3894 1295/1429/4012 1294/1428/4011
s 207
f 1330/1427/4009 1329/1426/4008 1312/1365/3922 1311/1364/3921
s 216
f 1297/1425/4005 1296/1424/4004 1278/1396/3962 1277/1395/3961
s 213
usemtl lambert11SG
f 1277/1383/3947 1276/1382/3946 1298/1421/4000 1297/1420/3999
s 215
usemtl lambert10SG
f 1276/1389/3955 1275/1388/3954 1285/1418/3996 1298/1419/3995
s off
f 1274/1439/4033 1273/1440/4034 1299/1436/4035 1300/1435/4036
f 1273/1440/4037 1287/1441/4038 1301/1437/4039 1299/1436/4040
f 1287/1441/4041 1286/1442/4042 1302/1438/4043 1301/1437/4044
f 1286/1442/4045 1274/1439/4046 1300/1435/4047 1302/1438/4048
f 1237/1350/4049 1271/1349/4050 1304/1357/4051 1303/1356/4052
f 1272/1443/4053 1245/1444/4054 1306/1359/4055 1305/1358/4056
f 1238/1351/4057 1262/1354/4058 1308/1361/4059 1307/1360/4060
f 1263/1445/4061 1246/1446/4062 1310/1363/4063 1309/1362/4064
f 1279/1342/4065 1239/1341/4066 1313/1366/4067 1312/1365/4068
f 1248/1447/4069 1278/1448/4070 1311/1364/4071 1314/1367/4072
f 1259/1355/4073 1237/1350/4074 1303/1356/4075 1316/1369/4076
f 1245/1444/4077 1264/1449/4078 1315/1368/4079 1306/1359/4080
f 1252/1373/4081 1240/1376/4082 1319/1379/4083 1317/1378/4084
f 1247/1450/4085 1253/1451/4086 1318/1377/4087 1320/1380/4088
f 1239/1341/4089 1249/1371/4090 1321/1385/4091 1313/1366/4092
f 1254/1452/4093 1248/1447/4094 1314/1367/4095 1322/1386/4096
f 1269/1402/4097 1252/1373/4098 1317/1378/4099 1324/1405/4100
f 1253/1451/4101 1268/1453/4102 1323/1404/4103 1318/1377/4104
f 1249/1371/4105 1266/1400/4106 1325/1408/4107 1321/1385/4108
f 1267/1454/4109 1254/1452/4110 1322/1386/4111 1326/1409/4112
f 1266/1400/4113 1259/1355/4114 1316/1369/4115 1325/1408/4116
f 1264/1449/4117 1267/1454/4118 1326/1409/4119 1315/1368/4120
f 1262/1354/4121 1269/1402/4122 1324/1405/4123 1308/1361/4124
f 1268/1453/4125 1263/1445/4126 1309/1362/4127 1323/1404/4128
f 1289/1434/4129 1238/1351/4130 1307/1360/4131 1328/1411/4132
f 1246/1446/4133 1288/1455/4134 1327/1410/4135 1310/1363/4136
f 1240/1376/4137 1295/1429/4138 1329/1426/4139 1319/1379/4140
f 1296/1456/4141 1247/1450/4142 1320/1380/4143 1330/1427/4144
f 1271/1349/4145 1289/1434/4146 1328/1411/4147 1304/1357/4148
f 1288/1455/4149 1272/1443/4150 1305/1358/4151 1327/1410/4152
f 1295/1429/4153 1279/1342/4154 1312/1365/4155 1329/1426/4156
f 1278/1448/4157 1296/1456/4158 1330/1427/4159 1311/1364/4160
s 217
f 1331/1457/4161 1332/1458/4162 1344/1459/4163 1343/1460/4164
f 1332/1458/4162 1333/1461/4165 1345/1462/4166 1344/1459/4163
f 1333/1461/4165 1334/1463/4167 1346/1464/4168 1345/1462/4166
f 1334/1463/4167 1335/1465/4169 1347/1466/4170 1346/1464/4168
f 1335/1465/4169 1336/1467/4171 1348/1468/4172 1347/1466/4170
f 1336/1467/4171 1337/1469/4173 1349/1470/4174 1348/1468/4172
f 1337/1469/4173 1338/1471/4175 1350/1472/4176 1349/1470/4174
f 1338/1471/4175 1339/1473/4177 1351/1474/4178 1350/1472/4176
f 1339/1473/4177 1340/1475/4179 1352/1476/4180 1351/1474/4178
f 1340/1475/4179 1341/1477/4181 1353/1478/4182 1352/1476/4180
f 1341/1477/4181 1342/1479/4183 1354/1480/4184 1353/1478/4182
f 1342/1479/4183 1331/1457/4161 1343/1460/4164 1354/1480/4184
s 218
f 1332/1458/4185 1331/1457/4186 1355/1481/4187
f 1333/1461/4188 1332/1458/4185 1355/1481/4187
f 1334/1463/4189 1333/1461/4188 1355/1481/4187
f 1335/1465/4190 1334/1463/4189 1355/1481/4187
f 1336/1467/4191 1335/1465/4190 1355/1481/4187
f 1337/1469/4192 1336/1467/4191 1355/1481/4187
f 1338/1471/4193 1337/1469/4192 1355/1481/4187
f 1339/1473/4194 1338/1471/4193 1355/1481/4187
f 1340/1475/4195 1339/1473/4194 1355/1481/4187
f 1341/1477/4196 1340/1475/4195 1355/1481/4187
f 1342/1479/4197 1341/1477/4196 1355/1481/4187
f 1331/1457/4186 1342/1479/4197 1355/1481/4187
s 219
f 1343/1460/4198 1344/1459/4199 1356/1482/4200
f 1344/1459/4199 1345/1462/4201 1356/1482/4200
f 1345/1462/4201 1346/1464/4202 1356/1482/4200
f 1346/1464/4202 1347/1466/4203 1356/1482/4200
f 1347/1466/4203 1348/1468/4204 1356/1482/4200
f 1348/1468/4204 1349/1470/4205 1356/1482/4200
f 1349/1470/4205 1350/1472/4206 1356/1482/4200
f 1350/1472/4206 1351/1474/4207 1356/1482/4200
f 1351/1474/4207 1352/1476/4208 1356/1482/4200
f 1352/1476/4208 1353/1478/4209 1356/1482/4200
f 1353/1478/4209 1354/1480/4210 1356/1482/4200
f 1354/1480/4210 1343/1460/4198 1356/1482/4200
s off
f 1357/1483/4211 1358/1484/4212 1360/1485/4213 1359/1486/4214
f 1359/1486/4215 1360/1485/4216 1362/1487/4217 1361/1488/4218
f 1361/1488/4219 1362/1487/4220 1364/1489/4221 1363/1490/4222
f 1363/1490/4223 1364/1489/4224 1358/1484/4225 1357/1483/4226
f 1358/1484/4227 1364/1489/4228 1362/1487/4229 1360/1485/4230
f 1363/1490/4231 1357/1483/4232 1359/1486/4233 1361/1488/4234
f 1385/1491/4235 1373/1492/4236 1382/1493/4237 1381/1494/4238
f 1390/1495/4239 1365/1496/4240 1387/1497/4241 1386/1498/4242
f 1388/1499/4243 1366/1500/4244 1392/1501/4245 1391/1502/4246
f 1393/1503/4247 1368/1504/4248 1396/1505/4249 1395/1506/4250
f 1397/1507/4251 1367/1508/4252 1400/1509/4253 1399/1510/4254
f 1382/1493/4255 1373/1492/4256 1403/1511/4257 1402/1512/4258
f 1383/1513/4259 1374/1514/4260 1404/1515/4261 1405/1516/4262
f 1384/1517/4263 1375/1518/4264 1406/1519/4265 1407/1520/4266
f 1385/1491/4267 1376/1521/4268 1408/1522/4269 1409/1523/4270
f 1413/1524/4271 1378/1525/4272 1411/1526/4273 1410/1527/4274
f 1413/1524/4275 1367/1508/4276 1396/1505/4277 1414/1528/4278
f 1419/1529/4279 1380/1530/4280 1418/1531/4281 1417/1532/4282
f 1412/1533/4283 1377/1534/4284 1421/1535/4285 1420/1536/4286
f 1382/1493/4287 1374/1514/4288 1383/1513/4289 1381/1494/4290
f 1383/1513/4291 1375/1518/4292 1384/1517/4293 1381/1494/4294
f 1384/1517/4295 1376/1521/4296 1385/1491/4297 1381/1494/4298
f 1387/1497/4299 1366/1500/4300 1388/1499/4301 1386/1498/4302
f 1388/1499/4303 1370/1537/4304 1389/1538/4305 1386/1498/4306
f 1389/1538/4307 1369/1539/4308 1390/1495/4309 1386/1498/4310
f 1392/1501/4311 1368/1504/4312 1393/1503/4313 1391/1502/4314
f 1393/1503/4315 1371/1540/4316 1394/1541/4317 1391/1502/4318
f 1394/1541/4319 1370/1537/4320 1388/1499/4321 1391/1502/4322
f 1396/1505/4323 1367/1508/4324 1397/1507/4325 1395/1506/4326
f 1397/1507/4327 1372/1542/4328 1398/1543/4329 1395/1506/4330
f 1398/1543/4331 1371/1540/4332 1393/1503/4333 1395/1506/4334
f 1400/1509/4335 1365/1496/4336 1390/1495/4337 1399/1510/4338
f 1390/1495/4339 1369/1539/4340 1401/1544/4341 1399/1510/4342
f 1401/1544/4343 1372/1542/4344 1397/1507/4345 1399/1510/4346
f 1403/1511/4347 1369/1545/4348 1389/1546/4349 1402/1512/4350
f 1389/1546/4351 1370/1547/4352 1404/1515/4353 1402/1512/4354
f 1404/1515/4355 1374/1514/4356 1382/1493/4357 1402/1512/4358
f 1404/1515/4359 1370/1547/4360 1394/1548/4361 1405/1516/4362
f 1394/1548/4363 1371/1549/4364 1406/1519/4365 1405/1516/4366
f 1406/1519/4367 1375/1518/4368 1383/1513/4369 1405/1516/4370
f 1406/1519/4371 1371/1549/4372 1398/1550/4373 1407/1520/4374
f 1398/1550/4375 1372/1551/4376 1408/1522/4377 1407/1520/4378
f 1408/1522/4379 1376/1521/4380 1384/1517/4381 1407/1520/4382
f 1408/1522/4383 1372/1551/4384 1401/1552/4385 1409/1523/4386
f 1401/1552/4387 1369/1545/4388 1403/1511/4389 1409/1523/4390
f 1403/1511/4391 1373/1492/4392 1385/1491/4393 1409/1523/4394
f 1411/1526/4395 1377/1534/4396 1412/1533/4397 1410/1527/4398
f 1412/1533/4399 1365/1496/4400 1400/1509/4401 1410/1527/4402
f 1400/1509/4403 1367/1508/4404 1413/1524/4405 1410/1527/4406
f 1396/1505/4407 1368/1504/4408 1415/1553/4409 1414/1528/4410
f 1415/1553/4411 1379/1554/4412 1416/1555/4413 1414/1528/4414
f 1416/1555/4415 1378/1525/4416 1413/1524/4417 1414/1528/4418
f 1418/1531/4419 1379/1554/4420 1415/1553/4421 1417/1532/4422
f 1415/1553/4423 1368/1504/4424 1392/1501/4425 1417/1532/4426
f 1392/1501/4427 1366/1500/4428 1419/1529/4429 1417/1532/4430
f 1421/1535/4431 1380/1530/4432 1419/1529/4433 1420/1536/4434
f 1419/1529/4435 1366/1500/4436 1387/1497/4437 1420/1536/4438
f 1387/1497/4439 1365/1496/4440 1412/1533/4441 1420/1536/4442
f 1422/1556/4443 1423/1557/4444 1425/1558/4445 1424/1559/4446
f 1424/1559/4447 1425/1558/4448 1427/1560/4449 1426/1561/4450
f 1426/1561/4451 1427/1560/4452 1429/1562/4453 1428/1563/4454
f 1428/1563/4455 1429/1562/4456 1423/1557/4457 1422/1556/4458
f 1423/1557/4459 1429/1562/4460 1427/1560/4461 1425/1558/4462
f 1428/1563/4463 1422/1556/4464 1424/1559/4465 1426/1561/4466
f 1430/1564/4467 1431/1565/4468 1433/1566/4469 1432/1567/4470
f 1432/1567/4471 1433/1566/4472 1435/1568/4473 1434/1569/4474
f 1434/1569/4475 1435/1568/4476 1437/1570/4477 1436/1571/4478
f 1436/1571/4479 1437/1570/4480 1431/1565/4481 1430/1564/4482
usemtl lambert11SG
f 1447/1572/4483 1446/1573/4484 1448/1574/4485 1449/1575/4486
f 1450/1576/4487 1451/1577/4488 1452/1578/4489 1453/1579/4490
usemtl lambert10SG
f 1431/1565/4491 1437/1570/4492 1438/1580/4493 1439/1581/4494
f 1437/1570/4495 1435/1568/4496 1440/1582/4497 1438/1580/4498
f 1435/1568/4499 1433/1566/4500 1441/1583/4501 1440/1582/4502
f 1433/1566/4503 1431/1565/4504 1439/1581/4505 1441/1583/4506
f 1436/1571/4507 1430/1564/4508 1443/1584/4509 1442/1585/4510
f 1430/1564/4511 1432/1567/4512 1444/1586/4513 1443/1584/4514
f 1432/1567/4515 1434/1569/4516 1445/1587/4517 1444/1586/4518
f 1434/1569/4519 1436/1571/4520 1442/1585/4521 1445/1587/4522
f 1439/1581/4523 1438/1580/4524 1446/1588/4525 1447/1589/4526
f 1438/1580/4527 1440/1582/4528 1448/1590/4529 1446/1588/4530
f 1440/1582/4531 1441/1583/4532 1449/1591/4533 1448/1590/4534
f 1441/1583/4535 1439/1581/4536 1447/1589/4537 1449/1591/4538
f 1442/1585/4539 1443/1584/4540 1451/1592/4541 1450/1593/4542
f 1443/1584/4543 1444/1586/4544 1452/1594/4545 1451/1592/4546
f 1444/1586/4547 1445/1587/4548 1453/1595/4549 1452/1594/4550
f 1445/1587/4551 1442/1585/4552 1450/1593/4553 1453/1595/4554
s 220
f 1454/1596/4555 1455/1597/4556 1467/1598/4557 1466/1599/4558
f 1455/1597/4556 1456/1600/4559 1468/1601/4560 1467/1598/4557
f 1456/1600/4559 1457/1602/4561 1469/1603/4562 1468/1601/4560
f 1457/1602/4561 1458/1604/4563 1470/1605/4564 1469/1603/4562
f 1458/1604/4563 1459/1606/4565 1471/1607/4566 1470/1605/4564
f 1459/1606/4565 1460/1608/4567 1472/1609/4568 1471/1607/4566
f 1460/1608/4567 1461/1610/4569 1473/1611/4570 1472/1609/4568
f 1461/1610/4569 1462/1612/4571 1474/1613/4572 1473/1611/4570
f 1462/1612/4571 1463/1614/4573 1475/1615/4574 1474/1613/4572
f 1463/1614/4573 1464/1616/4575 1476/1617/4576 1475/1615/4574
f 1464/1616/4575 1465/1618/4577 1477/1619/4578 1476/1617/4576
f 1465/1618/4577 1454/1596/4555 1466/1599/4558 1477/1619/4578
s 221
f 1455/1597/4579 1454/1596/4580 1478/1620/4581
f 1456/1600/4582 1455/1597/4579 1478/1620/4581
f 1457/1602/4583 1456/1600/4582 1478/1620/4581
f 1458/1604/4584 1457/1602/4583 1478/1620/4581
f 1459/1606/4585 1458/1604/4584 1478/1620/4581
f 1460/1608/4586 1459/1606/4585 1478/1620/4581
f 1461/1610/4587 1460/1608/4586 1478/1620/4581
f 1462/1612/4588 1461/1610/4587 1478/1620/4581
f 1463/1614/4589 1462/1612/4588 1478/1620/4581
f 1464/1616/4590 1463/1614/4589 1478/1620/4581
f 1465/1618/4591 1464/1616/4590 1478/1620/4581
f 1454/1596/4580 1465/1618/4591 1478/1620/4581
s 222
f 1466/1599/4592 1467/1598/4593 1479/1621/4594
f 1467/1598/4593 1468/1601/4595 1479/1621/4594
f 1468/1601/4595 1469/1603/4596 1479/1621/4594
f 1469/1603/4596 1470/1605/4597 1479/1621/4594
f 1470/1605/4597 1471/1607/4598 1479/1621/4594
f 1471/1607/4598 1472/1609/4599 1479/1621/4594
f 1472/1609/4599 1473/1611/4600 1479/1621/4594
f 1473/1611/4600 1474/1613/4601 1479/1621/4594
f 1474/1613/4601 1475/1615/4602 1479/1621/4594
f 1475/1615/4602 1476/1617/4603 1479/1621/4594
f 1476/1617/4603 1477/1619/4604 1479/1621/4594
f 1477/1619/4604 1466/1599/4592 1479/1621/4594
s 223
f 1480/1622/4605 1481/1623/4606 1493/1624/4607 1492/1625/4608
f 1481/1623/4606 1482/1626/4609 1494/1627/4610 1493/1624/4607
f 1482/1626/4609 1483/1628/4611 1495/1629/4612 1494/1627/4610
f 1483/1628/4611 1484/1630/4613 1496/1631/4614 1495/1629/4612
f 1484/1630/4613 1485/1632/4615 1497/1633/4616 1496/1631/4614
f 1485/1632/4615 1486/1634/4617 1498/1635/4618 1497/1633/4616
f 1486/1634/4617 1487/1636/4619 1499/1637/4620 1498/1635/4618
f 1487/1636/4619 1488/1638/4621 1500/1639/4622 1499/1637/4620
f 1488/1638/4621 1489/1640/4623 1501/1641/4624 1500/1639/4622
f 1489/1640/4623 1490/1642/4625 1502/1643/4626 1501/1641/4624
f 1490/1642/4625 1491/1644/4627 1503/1645/4628 1502/1643/4626
f 1491/1644/4627 1480/1622/4605 1492/1625/4608 1503/1645/4628
s 224
f 1481/1623/4629 1480/1622/4630 1504/1646/4631
f 1482/1626/4632 1481/1623/4629 1504/1646/4631
f 1483/1628/4633 1482/1626/4632 1504/1646/4631
f 1484/1630/4634 1483/1628/4633 1504/1646/4631
f 1485/1632/4635 1484/1630/4634 1504/1646/4631
f 1486/1634/4636 1485/1632/4635 1504/1646/4631
f 1487/1636/4637 1486/1634/4636 1504/1646/4631
f 1488/1638/4638 1487/1636/4637 1504/1646/4631
f 1489/1640/4639 1488/1638/4638 1504/1646/4631
f 1490/1642/4640 1489/1640/4639 1504/1646/4631
f 1491/1644/4641 1490/1642/4640 1504/1646/4631
f 1480/1622/4630 1491/1644/4641 1504/1646/4631
s 225
f 1492/1625/4642 1493/1624/4643 1505/1647/4644
f 1493/1624/4643 1494/1627/4645 1505/1647/4644
f 1494/1627/4645 1495/1629/4646 1505/1647/4644
f 1495/1629/4646 1496/1631/4647 1505/1647/4644
f 1496/1631/4647 1497/1633/4648 1505/1647/4644
f 1497/1633/4648 1498/1635/4649 1505/1647/4644
f 1498/1635/4649 1499/1637/4650 1505/1647/4644
f 1499/1637/4650 1500/1639/4651 1505/1647/4644
f 1500/1639/4651 1501/1641/4652 1505/1647/4644
f 1501/1641/4652 1502/1643/4653 1505/1647/4644
f 1502/1643/4653 1503/1645/4654 1505/1647/4644
f 1503/1645/4654 1492/1625/4642 1505/1647/4644
s 226
f 1524/1648/4655 1523/1649/4656 1532/1650/4657 1506/1651/4658
s 227
f 1509/1652/4659 1508/1653/4660 1506/1651/4661 1532/1650/4662
s 228
f 1509/1652/4663 1532/1650/4664 1523/1649/4665 1527/1654/4666
s 226
f 1524/1648/4655 1506/1651/4658 1510/1655/4667 1515/1656/4668
s 227
f 1510/1655/4669 1506/1651/4661 1508/1653/4660 1512/1657/4670
s 229
f 1526/1658/4671 1531/1659/4672 1507/1660/4673 1533/1661/4674
s 228
f 1509/1652/4663 1527/1654/4666 1526/1658/4675 1533/1661/4676
s 227
f 1508/1653/4660 1507/1660/4677 1513/1662/4678 1512/1657/4670
s 229
f 1513/1662/4679 1507/1660/4673 1531/1659/4672 1522/1663/4680
s 226
f 1516/1664/4681 1515/1656/4668 1510/1655/4667 1534/1665/4682
s 230
f 1511/1666/4683 1520/1667/4684 1516/1664/4685 1534/1665/4686
s 227
f 1510/1655/4669 1512/1657/4670 1511/1666/4687 1534/1665/4688
s 230
f 1521/1668/4689 1520/1667/4684 1511/1666/4683 1535/1669/4690
s 229
f 1513/1662/4679 1522/1663/4680 1521/1668/4691 1535/1669/4692
s 226
f 1515/1656/4668 1514/1670/4693 1525/1671/4694 1524/1648/4655
s 231
f 1525/1671/4695 1514/1670/4696 1518/1672/4697 1529/1673/4698
f 1519/1674/4699 1518/1672/4697 1514/1670/4696 1536/1675/4700
s 230
f 1516/1664/4685 1520/1667/4684 1519/1674/4701 1536/1675/4702
s 231
f 1518/1672/4697 1517/1676/4703 1530/1677/4704 1529/1673/4698
s 229
f 1517/1676/4705 1522/1663/4680 1531/1659/4672 1530/1677/4706
s 228
f 1528/1678/4707 1527/1654/4666 1523/1649/4665 1538/1679/4708
s 231
f 1525/1671/4695 1529/1673/4698 1528/1678/4709 1538/1679/4710
s 227
f 1507/1660/4677 1508/1653/4660 1509/1652/4659 1533/1661/4711
f 1511/1666/4687 1512/1657/4670 1513/1662/4678 1535/1669/4712
s 226
f 1514/1670/4693 1515/1656/4668 1516/1664/4681 1536/1675/4713
s 229
f 1521/1668/4691 1522/1663/4680 1517/1676/4705 1537/1680/4714
s 231
f 1517/1676/4703 1518/1672/4697 1519/1674/4699 1537/1680/4715
s 230
f 1519/1674/4701 1520/1667/4684 1521/1668/4689 1537/1680/4716
s 226
f 1523/1649/4656 1524/1648/4655 1525/1671/4694 1538/1679/4717
s 229
f 1530/1677/4706 1531/1659/4672 1526/1658/4671 1539/1681/4718
s 228
f 1526/1658/4675 1527/1654/4666 1528/1678/4707 1539/1681/4719
s 231
f 1528/1678/4709 1529/1673/4698 1530/1677/4704 1539/1681/4720
s 232
f 1540/1682/4721 1541/1683/4722 1553/1684/4723 1552/1685/4724
f 1541/1683/4722 1542/1686/4725 1554/1687/4726 1553/1684/4723
f 1542/1686/4725 1543/1688/4727 1555/1689/4728 1554/1687/4726
f 1543/1688/4727 1544/1690/4729 1556/1691/4730 1555/1689/4728
f 1544/1690/4729 1545/1692/4731 1557/1693/4732 1556/1691/4730
f 1545/1692/4731 1546/1694/4733 1558/1695/4734 1557/1693/4732
f 1546/1694/4733 1547/1696/4735 1559/1697/4736 1558/1695/4734
f 1547/1696/4735 1548/1698/4737 1560/1699/4738 1559/1697/4736
f 1548/1698/4737 1549/1700/4739 1561/1701/4740 1560/1699/4738
f 1549/1700/4739 1550/1702/4741 1562/1703/4742 1561/1701/4740
f 1550/1702/4741 1551/1704/4743 1563/1705/4744 1562/1703/4742
f 1551/1704/4743 1540/1682/4721 1552/1685/4724 1563/1705/4744
s 233
f 1578/1706/4745 1577/1707/4746 1579/1708/4747
f 1580/1709/4748 1578/1706/4745 1579/1708/4747
f 1581/1710/4749 1580/1709/4748 1579/1708/4747
f 1582/1711/4750 1581/1710/4749 1579/1708/4747
f 1583/1712/4751 1582/1711/4750 1579/1708/4747
f 1584/1713/4752 1583/1712/4751 1579/1708/4747
f 1585/1714/4753 1584/1713/4752 1579/1708/4747
f 1586/1715/4754 1585/1714/4753 1579/1708/4747
f 1587/1716/4755 1586/1715/4754 1579/1708/4747
f 1588/1717/4756 1587/1716/4755 1579/1708/4747
f 1589/1718/4757 1588/1717/4756 1579/1708/4747
f 1577/1707/4746 1589/1718/4757 1579/1708/4747
s 234
f 1552/1685/4758 1553/1684/4759 1564/1719/4760
f 1553/1684/4759 1554/1687/4761 1564/1719/4760
f 1554/1687/4761 1555/1689/4762 1564/1719/4760
f 1555/1689/4762 1556/1691/4763 1564/1719/4760
f 1556/1691/4763 1557/1693/4764 1564/1719/4760
f 1557/1693/4764 1558/1695/4765 1564/1719/4760
f 1558/1695/4765 1559/1697/4766 1564/1719/4760
f 1559/1697/4766 1560/1699/4767 1564/1719/4760
f 1560/1699/4767 1561/1701/4768 1564/1719/4760
f 1561/1701/4768 1562/1703/4769 1564/1719/4760
f 1562/1703/4769 1563/1705/4770 1564/1719/4760
f 1563/1705/4770 1552/1685/4758 1564/1719/4760
s 235
f 1541/1720/4771 1540/1721/4772 1565/1722/4773 1566/1723/4774
f 1542/1724/4775 1541/1720/4771 1566/1723/4774 1567/1725/4776
f 1543/1726/4777 1542/1724/4775 1567/1725/4776 1568/1727/4778
f 1544/1728/4779 1543/1726/4777 1568/1727/4778 1569/1729/4780
f 1545/1730/4781 1544/1728/4779 1569/1729/4780 1570/1731/4782
f 1546/1732/4783 1545/1730/4781 1570/1731/4782 1571/1733/4784
f 1547/1734/4785 1546/1732/4783 1571/1733/4784 1572/1735/4786
f 1548/1736/4787 1547/1734/4785 1572/1735/4786 1573/1737/4788
f 1549/1738/4789 1548/1736/4787 1573/1737/4788 1574/1739/4790
f 1550/1740/4791 1549/1738/4789 1574/1739/4790 1575/1741/4792
f 1551/1742/4793 1550/1740/4791 1575/1741/4792 1576/1743/4794
f 1540/1721/4772 1551/1742/4793 1576/1743/4794 1565/1722/4773
s 236
f 1566/1723/4795 1565/1722/4796 1577/1707/4797 1578/1706/4798
f 1567/1725/4799 1566/1723/4795 1578/1706/4798 1580/1709/4800
f 1568/1727/4801 1567/1725/4799 1580/1709/4800 1581/1710/4802
f 1569/1729/4803 1568/1727/4801 1581/1710/4802 1582/1711/4804
f 1570/1731/4805 1569/1729/4803 1582/1711/4804 1583/1712/4806
f 1571/1733/4807 1570/1731/4805 1583/1712/4806 1584/1713/4808
f 1572/1735/4809 1571/1733/4807 1584/1713/4808 1585/1714/4810
f 1573/1737/4811 1572/1735/4809 1585/1714/4810 1586/1715/4812
f 1574/1739/4813 1573/1737/4811 1586/1715/4812 1587/1716/4814
f 1575/1741/4815 1574/1739/4813 1587/1716/4814 1588/1717/4816
f 1576/1743/4817 1575/1741/4815 1588/1717/4816 1589/1718/4818
f 1565/1722/4796 1576/1743/4817 1589/1718/4818 1577/1707/4797
s 237
f 1590/1744/4819 1591/1745/4820 1603/1746/4821 1602/1747/4822
f 1591/1745/4820 1592/1748/4823 1604/1749/4824 1603/1746/4821
f 1592/1748/4823 1593/1750/4825 1605/1751/4826 1604/1749/4824
f 1593/1750/4825 1594/1752/4827 1606/1753/4828 1605/1751/4826
f 1594/1752/4827 1595/1754/4829 1607/1755/4830 1606/1753/4828
f 1595/1754/4829 1596/1756/4831 1608/1757/4832 1607/1755/4830
f 1596/1756/4831 1597/1758/4833 1609/1759/4834 1608/1757/4832
f 1597/1758/4833 1598/1760/4835 1610/1761/4836 1609/1759/4834
f 1598/1760/4835 1599/1762/4837 1611/1763/4838 1610/1761/4836
f 1599/1762/4837 1600/1764/4839 1612/1765/4840 1611/1763/4838
f 1600/1764/4839 1601/1766/4841 1613/1767/4842 1612/1765/4840
f 1601/1766/4841 1590/1744/4819 1602/1747/4822 1613/1767/4842
s 238
f 1628/1768/4843 1627/1769/4844 1629/1770/4845
f 1630/1771/4846 1628/1768/4843 1629/1770/4845
f 1631/1772/4847 1630/1771/4846 1629/1770/4845
f 1632/1773/4848 1631/1772/4847 1629/1770/4845
f 1633/1774/4849 1632/1773/4848 1629/1770/4845
f 1634/1775/4850 1633/1774/4849 1629/1770/4845
f 1635/1776/4851 1634/1775/4850 1629/1770/4845
f 1636/1777/4852 1635/1776/4851 1629/1770/4845
f 1637/1778/4853 1636/1777/4852 1629/1770/4845
f 1638/1779/4854 1637/1778/4853 1629/1770/4845
f 1639/1780/4855 1638/1779/4854 1629/1770/4845
f 1627/1769/4844 1639/1780/4855 1629/1770/4845
s 239
f 1602/1747/4856 1603/1746/4857 1614/1781/4858
f 1603/1746/4857 1604/1749/4859 1614/1781/4858
f 1604/1749/4859 1605/1751/4860 1614/1781/4858
f 1605/1751/4860 1606/1753/4861 1614/1781/4858
f 1606/1753/4861 1607/1755/4862 1614/1781/4858
f 1607/1755/4862 1608/1757/4863 1614/1781/4858
f 1608/1757/4863 1609/1759/4864 1614/1781/4858
f 1609/1759/4864 1610/1761/4865 1614/1781/4858
f 1610/1761/4865 1611/1763/4866 1614/1781/4858
f 1611/1763/4866 1612/1765/4867 1614/1781/4858
f 1612/1765/4867 1613/1767/4868 1614/1781/4858
f 1613/1767/4868 1602/1747/4856 1614/1781/4858
s 240
f 1591/1782/4869 1590/1783/4870 1615/1784/4871 1616/1785/4872
f 1592/1786/4873 1591/1782/4869 1616/1785/4872 1617/1787/4874
f 1593/1788/4875 1592/1786/4873 1617/1787/4874 1618/1789/4876
f 1594/1790/4877 1593/1788/4875 1618/1789/4876 1619/1791/4878
f 1595/1792/4879 1594/1790/4877 1619/1791/4878 1620/1793/4880
f 1596/1794/4881 1595/1792/4879 1620/1793/4880 1621/1795/4882
f 1597/1796/4883 1596/1794/4881 1621/1795/4882 1622/1797/4884
f 1598/1798/4885 1597/1796/4883 1622/1797/4884 1623/1799/4886
f 1599/1800/4887 1598/1798/4885 1623/1799/4886 1624/1801/4888
f 1600/1802/4889 1599/1800/4887 1624/1801/4888 1625/1803/4890
f 1601/1804/4891 1600/1802/4889 1625/1803/4890 1626/1805/4892
f 1590/1783/4870 1601/1804/4891 1626/1805/4892 1615/1784/4871
s 241
f 1616/1785/4893 1615/1784/4894 1627/1769/4895 1628/1768/4896
f 1617/1787/4897 1616/1785/4893 1628/1768/4896 1630/1771/4898
f 1618/1789/4899 1617/1787/4897 1630/1771/4898 1631/1772/4900
f 1619/1791/4901 1618/1789/4899 1631/1772/4900 1632/1773/4902
f 1620/1793/4903 1619/1791/4901 1632/1773/4902 1633/1774/4904
f 1621/1795/4905 1620/1793/4903 1633/1774/4904 1634/1775/4906
f 1622/1797/4907 1621/1795/4905 1634/1775/4906 1635/1776/4908
f 1623/1799/4909 1622/1797/4907 1635/1776/4908 1636/1777/4910
f 1624/1801/4911 1623/1799/4909 1636/1777/4910 1637/1778/4912
f 1625/1803/4913 1624/1801/4911 1637/1778/4912 1638/1779/4914
f 1626/1805/4915 1625/1803/4913 1638/1779/4914 1639/1780/4916
f 1615/1784/4894 1626/1805/4915 1639/1780/4916 1627/1769/4895
s 242
f 1668/1806/4917 1659/1807/4918 1665/1808/4919 1664/1809/4920
s 243
f 1673/1810/4921 1642/1811/4922 1670/1812/4923 1669/1813/4924
s off
f 1678/1814/4925 1651/1815/4926 1675/1816/4927 1674/1817/4928
f 1683/1818/4929 1645/1819/4930 1680/1820/4931 1679/1821/4932
f 1688/1822/4933 1640/1823/4934 1685/1824/4935 1684/1825/4936
s 244
f 1693/1826/4937 1658/1827/4938 1690/1828/4939 1689/1829/4940
s 245
f 1696/1830/4941 1660/1831/4942 1690/1828/4943 1694/1832/4944
s 243
f 1699/1833/4945 1642/1811/4922 1673/1810/4921 1697/1834/4946
s 246
f 1704/1835/4947 1641/1836/4948 1701/1837/4949 1700/1838/4950
s 247
f 1672/1839/4951 1657/1840/4952 1702/1841/4953 1705/1842/4954
s 248
f 1706/1843/4955 1658/1827/4956 1693/1826/4957 1707/1844/4958
s 249
f 1708/1845/4959 1649/1846/4960 1692/1847/4961 1709/1848/4962
s off
f 1710/1849/4963 1650/1850/4964 1691/1851/4965 1711/1852/4966
s 250
f 1712/1853/4967 1660/1831/4968 1696/1830/4969 1713/1854/4970
s off
f 1714/1855/4971 1646/1856/4972 1695/1857/4973 1715/1858/4974
f 1670/1812/4975 1642/1811/4976 1716/1859/4977 1717/1860/4978
f 1721/1861/4979 1645/1819/4980 1683/1818/4981 1719/1862/4982
f 1720/1863/4983 1653/1864/4984 1682/1865/4985 1722/1866/4986
s 251
f 1723/1867/4987 1654/1868/4988 1681/1869/4989 1724/1870/4990
s off
f 1680/1820/4991 1645/1819/4992 1726/1871/4993 1725/1872/4994
f 1726/1871/4995 1645/1819/4996 1721/1861/4997 1727/1873/4998
f 1685/1824/4999 1640/1823/5000 1703/1874/5001 1729/1875/5002
s 252
f 1665/1808/5003 1662/1876/5004 1666/1877/5005 1664/1809/5006
s off
f 1666/1877/5007 1643/1878/5008 1667/1879/5009 1664/1809/5010
f 1667/1879/5011 1658/1827/5012 1668/1806/5013 1664/1809/5014
s 253
f 1670/1812/5015 1663/1880/5016 1671/1881/5017 1669/1813/5018
s 254
f 1671/1881/5019 1657/1840/5020 1672/1839/5021 1669/1813/5022
s 255
f 1672/1839/5023 1656/1882/5024 1673/1810/5025 1669/1813/5026
s 256
f 1675/1816/5027 1661/1883/5028 1676/1884/5029 1674/1817/5030
s 255
f 1676/1884/5031 1656/1882/5024 1677/1885/5032 1674/1817/5033
s off
f 1677/1885/5034 1648/1886/5035 1678/1814/5036 1674/1817/5037
f 1680/1820/5038 1641/1836/5039 1681/1869/5040 1679/1821/5041
f 1681/1869/5042 1654/1868/5043 1682/1865/5044 1679/1821/5045
f 1682/1865/5046 1653/1864/5047 1683/1818/5048 1679/1821/5049
f 1685/1824/5050 1644/1887/5051 1686/1888/5052 1684/1825/5053
f 1686/1888/5054 1652/1889/5055 1687/1890/5056 1684/1825/5057
f 1687/1890/5058 1655/1891/5059 1688/1822/5060 1684/1825/5061
s 245
f 1690/1828/4943 1660/1831/4942 1691/1851/5062 1689/1829/5063
s off
f 1691/1851/5064 1650/1850/5065 1692/1847/5066 1689/1829/5067
f 1692/1847/5068 1649/1846/5069 1693/1826/5070 1689/1829/5071
s 244
f 1690/1828/4939 1658/1827/4938 1667/1879/5072 1694/1832/5073
s off
f 1667/1879/5074 1643/1878/5075 1695/1857/5076 1694/1832/5077
f 1695/1857/5078 1646/1856/5079 1696/1830/5080 1694/1832/5081
s 255
f 1673/1810/5025 1656/1882/5024 1676/1884/5031 1697/1834/5082
s 256
f 1676/1884/5029 1661/1883/5028 1698/1892/5083 1697/1834/5084
s off
f 1698/1892/5085 1647/1893/5086 1699/1833/5087 1697/1834/5088
s 257
f 1701/1837/5089 1659/1807/5090 1702/1841/5091 1700/1838/5092
s 247
f 1702/1841/4953 1657/1840/4952 1703/1874/5093 1700/1838/5094
s 258
f 1703/1874/5095 1640/1823/5096 1704/1835/5097 1700/1838/5098
s 257
f 1702/1841/5091 1659/1807/5090 1668/1806/5099 1705/1842/5100
s 248
f 1668/1806/5101 1658/1827/4956 1706/1843/4955 1705/1842/5102
s 259
f 1706/1843/5103 1656/1882/5104 1672/1839/5105 1705/1842/5106
s 249
f 1693/1826/5107 1649/1846/4960 1708/1845/4959 1707/1844/5108
s 260
f 1708/1845/5109 1648/1886/5110 1677/1885/5111 1707/1844/5112
s 259
f 1677/1885/5113 1656/1882/5104 1706/1843/5103 1707/1844/5114
s off
f 1692/1847/5115 1650/1850/5116 1710/1849/5117 1709/1848/5118
f 1710/1849/5119 1651/1815/5120 1678/1814/5121 1709/1848/5122
s 260
f 1678/1814/5123 1648/1886/5110 1708/1845/5109 1709/1848/5124
s 250
f 1691/1851/5125 1660/1831/4968 1712/1853/4967 1711/1852/5126
s 261
f 1712/1853/5127 1661/1883/5128 1675/1816/5129 1711/1852/5130
s off
f 1675/1816/5131 1651/1815/5132 1710/1849/5133 1711/1852/5134
f 1696/1830/5135 1646/1856/5136 1714/1855/5137 1713/1854/5138
f 1714/1855/5139 1647/1893/5140 1698/1892/5141 1713/1854/5142
s 261
f 1698/1892/5143 1661/1883/5128 1712/1853/5127 1713/1854/5144
s off
f 1695/1857/5145 1643/1878/5146 1716/1859/5147 1715/1858/5148
f 1716/1859/5149 1642/1811/5150 1699/1833/5151 1715/1858/5152
f 1699/1833/5153 1647/1893/5154 1714/1855/5155 1715/1858/5156
f 1716/1859/5157 1643/1878/5158 1666/1877/5159 1717/1860/5160
s 262
f 1666/1877/5161 1662/1876/5162 1718/1894/5163 1717/1860/5164
s 263
f 1718/1894/5165 1663/1880/5166 1670/1812/5167 1717/1860/5168
s off
f 1683/1818/5169 1653/1864/5170 1720/1863/5171 1719/1862/5172
f 1720/1863/5173 1652/1889/5174 1686/1888/5175 1719/1862/5176
f 1686/1888/5177 1644/1887/5178 1721/1861/5179 1719/1862/5180
s 251
f 1682/1865/5181 1654/1868/4988 1723/1867/4987 1722/1866/5182
s 264
f 1723/1867/5183 1655/1891/5184 1687/1890/5185 1722/1866/5186
s off
f 1687/1890/5187 1652/1889/5188 1720/1863/5189 1722/1866/5190
s 246
f 1681/1869/5191 1641/1836/4948 1704/1835/4947 1724/1870/5192
s 258
f 1704/1835/5097 1640/1823/5096 1688/1822/5193 1724/1870/5194
s 264
f 1688/1822/5195 1655/1891/5184 1723/1867/5183 1724/1870/5196
s 252
f 1726/1871/5197 1662/1876/5004 1665/1808/5003 1725/1872/5198
s 242
f 1665/1808/4919 1659/1807/4918 1701/1837/5199 1725/1872/5200
s off
f 1701/1837/5201 1641/1836/5202 1680/1820/5203 1725/1872/5204
f 1721/1861/5205 1644/1887/5206 1728/1895/5207 1727/1873/5208
s 263
f 1728/1895/5209 1663/1880/5166 1718/1894/5165 1727/1873/5210
s 262
f 1718/1894/5163 1662/1876/5162 1726/1871/5211 1727/1873/5212
s 254
f 1703/1874/5213 1657/1840/5020 1671/1881/5019 1729/1875/5214
s 253
f 1671/1881/5017 1663/1880/5016 1728/1895/5215 1729/1875/5216
s off
f 1728/1895/5217 1644/1887/5218 1685/1824/5219 1729/1875/5220
s 265
f 1730/1896/5221 1731/1897/5222 1743/1898/5223 1742/1899/5224
f 1731/1897/5222 1732/1900/5225 1744/1901/5226 1743/1898/5223
f 1732/1900/5225 1733/1902/5227 1745/1903/5228 1744/1901/5226
f 1733/1902/5227 1734/1904/5229 1746/1905/5230 1745/1903/5228
f 1734/1904/5229 1735/1906/5231 1747/1907/5232 1746/1905/5230
f 1735/1906/5231 1736/1908/5233 1748/1909/5234 1747/1907/5232
f 1736/1908/5233 1737/1910/5235 1749/1911/5236 1748/1909/5234
f 1737/1910/5235 1738/1912/5237 1750/1913/5238 1749/1911/5236
f 1738/1912/5237 1739/1914/5239 1751/1915/5240 1750/1913/5238
f 1739/1914/5239 1740/1916/5241 1752/1917/5242 1751/1915/5240
f 1740/1916/5241 1741/1918/5243 1753/1919/5244 1752/1917/5242
f 1741/1918/5243 1730/1896/5221 1742/1899/5224 1753/1919/5244
s 266
f 1768/1920/5245 1767/1921/5246 1769/1922/5247
f 1770/1923/5248 1768/1920/5245 1769/1922/5247
f 1771/1924/5249 1770/1923/5248 1769/1922/5247
f 1772/1925/5250 1771/1924/5249 1769/1922/5247
f 1773/1926/5251 1772/1925/5250 1769/1922/5247
f 1774/1927/5252 1773/1926/5251 1769/1922/5247
f 1775/1928/5253 1774/1927/5252 1769/1922/5247
f 1776/1929/5254 1775/1928/5253 1769/1922/5247
f 1777/1930/5255 1776/1929/5254 1769/1922/5247
f 1778/1931/5256 1777/1930/5255 1769/1922/5247
f 1779/1932/5257 1778/1931/5256 1769/1922/5247
f 1767/1921/5246 1779/1932/5257 1769/1922/5247
s 267
f 1742/1899/5258 1743/1898/5259 1754/1933/5260
f 1743/1898/5259 1744/1901/5261 1754/1933/5260
f 1744/1901/5261 1745/1903/5262 1754/1933/5260
f 1745/1903/5262 1746/1905/5263 1754/1933/5260
f 1746/1905/5263 1747/1907/5264 1754/1933/5260
f 1747/1907/5264 1748/1909/5265 1754/1933/5260
f 1748/1909/5265 1749/1911/5266 1754/1933/5260
f 1749/1911/5266 1750/1913/5267 1754/1933/5260
f 1750/1913/5267 1751/1915/5268 1754/1933/5260
f 1751/1915/5268 1752/1917/5269 1754/1933/5260
f 1752/1917/5269 1753/1919/5270 1754/1933/5260
f 1753/1919/5270 1742/1899/5258 1754/1933/5260
s 268
f 1731/1934/5271 1730/1935/5272 1755/1936/5273 1756/1937/5274
f 1732/1938/5275 1731/1934/5271 1756/1937/5274 1757/1939/5276
f 1733/1940/5277 1732/1938/5275 1757/1939/5276 1758/1941/5278
f 1734/1942/5279 1733/1940/5277 1758/1941/5278 1759/1943/5280
f 1735/1944/5281 1734/1942/5279 1759/1943/5280 1760/1945/5282
f 1736/1946/5283 1735/1944/5281 1760/1945/5282 1761/1947/5284
f 1737/1948/5285 1736/1946/5283 1761/1947/5284 1762/1949/5286
f 1738/1950/5287 1737/1948/5285 1762/1949/5286 1763/1951/5288
f 1739/1952/5289 1738/1950/5287 1763/1951/5288 1764/1953/5290
f 1740/1954/5291 1739/1952/5289 1764/1953/5290 1765/1955/5292
f 1741/1956/5293 1740/1954/5291 1765/1955/5292 1766/1957/5294
f 1730/1935/5272 1741/1956/5293 1766/1957/5294 1755/1936/5273
s 269
f 1756/1937/5295 1755/1936/5296 1767/1921/5297 1768/1920/5298
f 1757/1939/5299 1756/1937/5295 1768/1920/5298 1770/1923/5300
f 1758/1941/5301 1757/1939/5299 1770/1923/5300 1771/1924/5302
f 1759/1943/5303 1758/1941/5301 1771/1924/5302 1772/1925/5304
f 1760/1945/5305 1759/1943/5303 1772/1925/5304 1773/1926/5306
f 1761/1947/5307 1760/1945/5305 1773/1926/5306 1774/1927/5308
f 1762/1949/5309 1761/1947/5307 1774/1927/5308 1775/1928/5310
f 1763/1951/5311 1762/1949/5309 1775/1928/5310 1776/1929/5312
f 1764/1953/5313 1763/1951/5311 1776/1929/5312 1777/1930/5314
f 1765/1955/5315 1764/1953/5313 1777/1930/5314 1778/1931/5316
f 1766/1957/5317 1765/1955/5315 1778/1931/5316 1779/1932/5318
f 1755/1936/5296 1766/1957/5317 1779/1932/5318 1767/1921/5297
s off
f 1792/1958/5319 1780/1959/5320 1789/1960/5321 1788/1961/5322
f 1796/1962/5323 1782/1963/5324 1791/1964/5325 1793/1965/5326
f 1800/1966/5327 1784/1967/5328 1795/1968/5329 1797/1969/5330
f 1803/1970/5331 1786/1971/5332 1799/1972/5333 1801/1973/5334
f 1790/1974/5335 1781/1975/5336 1802/1976/5337 1804/1977/5338
f 1800/1966/5339 1786/1971/5340 1803/1970/5341 1805/1978/5342
f 1789/1960/5343 1781/1975/5344 1790/1974/5345 1788/1961/5346
f 1790/1974/5347 1783/1979/5348 1791/1964/5349 1788/1961/5350
f 1791/1964/5351 1782/1963/5352 1792/1958/5353 1788/1961/5354
f 1791/1964/5355 1783/1979/5356 1794/1980/5357 1793/1965/5358
f 1794/1980/5359 1785/1981/5360 1795/1968/5361 1793/1965/5362
f 1795/1968/5363 1784/1967/5364 1796/1962/5365 1793/1965/5366
f 1795/1968/5367 1785/1981/5368 1798/1982/5369 1797/1969/5370
f 1798/1982/5371 1787/1983/5372 1799/1972/5373 1797/1969/5374
f 1799/1972/5375 1786/1971/5376 1800/1966/5377 1797/1969/5378
f 1799/1972/5379 1787/1983/5380 1802/1976/5381 1801/1973/5382
f 1802/1976/5383 1781/1975/5384 1789/1960/5385 1801/1973/5386
f 1789/1960/5387 1780/1959/5388 1803/1970/5389 1801/1973/5390
f 1802/1976/5391 1787/1983/5392 1798/1982/5393 1804/1977/5394
f 1798/1982/5395 1785/1981/5396 1794/1980/5397 1804/1977/5398
f 1794/1980/5399 1783/1979/5400 1790/1974/5401 1804/1977/5402
f 1803/1970/5403 1780/1959/5404 1792/1958/5405 1805/1978/5406
f 1792/1958/5407 1782/1963/5408 1796/1962/5409 1805/1978/5410
f 1796/1962/5411 1784/1967/5412 1800/1966/5413 1805/1978/5414
f 1818/1984/5415 1806/1985/5416 1815/1986/5417 1814/1987/5418
f 1822/1988/5419 1808/1989/5420 1817/1990/5421 1819/1991/5422
f 1826/1992/5423 1810/1993/5424 1821/1994/5425 1823/1995/5426
f 1829/1996/5427 1812/1997/5428 1825/1998/5429 1827/1999/5430
f 1816/2000/5431 1807/2001/5432 1828/2002/5433 1830/2003/5434
f 1826/1992/5435 1812/1997/5436 1829/1996/5437 1831/2004/5438
f 1815/1986/5439 1807/2001/5440 1816/2000/5441 1814/1987/5442
f 1816/2000/5443 1809/2005/5444 1817/1990/5445 1814/1987/5446
f 1817/1990/5447 1808/1989/5448 1818/1984/5449 1814/1987/5450
f 1817/1990/5451 1809/2005/5452 1820/2006/5453 1819/1991/5454
f 1820/2006/5455 1811/2007/5456 1821/1994/5457 1819/1991/5458
f 1821/1994/5459 1810/1993/5460 1822/1988/5461 1819/1991/5462
f 1821/1994/5463 1811/2007/5464 1824/2008/5465 1823/1995/5466
f 1824/2008/5467 1813/2009/5468 1825/1998/5469 1823/1995/5470
f 1825/1998/5471 1812/1997/5472 1826/1992/5473 1823/1995/5474
f 1825/1998/5475 1813/2009/5476 1828/2002/5477 1827/1999/5478
f 1828/2002/5479 1807/2001/5480 1815/1986/5481 1827/1999/5482
f 1815/1986/5483 1806/1985/5484 1829/1996/5485 1827/1999/5486
f 1828/2002/5487 1813/2009/5488 1824/2008/5489 1830/2003/5490
f 1824/2008/5491 1811/2007/5492 1820/2006/5493 1830/2003/5494
f 1820/2006/5495 1809/2005/5496 1816/2000/5497 1830/2003/5498
f 1829/1996/5499 1806/1985/5500 1818/1984/5501 1831/2004/5502
f 1818/1984/5503 1808/1989/5504 1822/1988/5505 1831/2004/5506
f 1822/1988/5507 1810/1993/5508 1826/1992/5509 1831/2004/5510
f 1844/2010/5511 1832/2011/5512 1841/2012/5513 1840/2013/5514
f 1848/2014/5515 1834/2015/5516 1843/2016/5517 1845/2017/5518
f 1852/2018/5519 1836/2019/5520 1847/2020/5521 1849/2021/5522
f 1855/2022/5523 1838/2023/5524 1851/2024/5525 1853/2025/5526
f 1842/2026/5527 1833/2027/5528 1854/2028/5529 1856/2029/5530
f 1852/2018/5531 1838/2023/5532 1855/2022/5533 1857/2030/5534
f 1841/2012/5535 1833/2027/5536 1842/2026/5537 1840/2013/5538
f 1842/2026/5539 1835/2031/5540 1843/2016/5541 1840/2013/5542
f 1843/2016/5543 1834/2015/5544 1844/2010/5545 1840/2013/5546
f 1843/2016/5547 1835/2031/5548 1846/2032/5549 1845/2017/5550
f 1846/2032/5551 1837/2033/5552 1847/2020/5553 1845/2017/5554
f 1847/2020/5555 1836/2019/5556 1848/2014/5557 1845/2017/5558
f 1847/2020/5559 1837/2033/5560 1850/2034/5561 1849/2021/5562
f 1850/2034/5563 1839/2035/5564 1851/2024/5565 1849/2021/5566
f 1851/2024/5567 1838/2023/5568 1852/2018/5569 1849/2021/5570
f 1851/2024/5571 1839/2035/5572 1854/2028/5573 1853/2025/5574
f 1854/2028/5575 1833/2027/5576 1841/2012/5577 1853/2025/5578
f 1841/2012/5579 1832/2011/5580 1855/2022/5581 1853/2025/5582
f 1854/2028/5583 1839/2035/5584 1850/2034/5585 1856/2029/5586
f 1850/2034/5587 1837/2033/5588 1846/2032/5589 1856/2029/5590
f 1846/2032/5591 1835/2031/5592 1842/2026/5593 1856/2029/5594
f 1855/2022/5595 1832/2011/5596 1844/2010/5597 1857/2030/5598
f 1844/2010/5599 1834/2015/5600 1848/2014/5601 1857/2030/5602
f 1848/2014/5603 1836/2019/5604 1852/2018/5605 1857/2030/5606
f 1870/2036/5607 1858/2037/5608 1867/2038/5609 1866/2039/5610
f 1874/2040/5611 1860/2041/5612 1869/2042/5613 1871/2043/5614
f 1878/2044/5615 1862/2045/5616 1873/2046/5617 1875/2047/5618
f 1881/2048/5619 1864/2049/5620 1877/2050/5621 1879/2051/5622
f 1868/2052/5623 1859/2053/5624 1880/2054/5625 1882/2055/5626
f 1878/2044/5627 1864/2049/5628 1881/2048/5629 1883/2056/5630
f 1867/2038/5631 1859/2053/5632 1868/2052/5633 1866/2039/5634
f 1868/2052/5635 1861/2057/5636 1869/2042/5637 1866/2039/5638
f 1869/2042/5639 1860/2041/5640 1870/2036/5641 1866/2039/5642
f 1869/2042/5643 1861/2057/5644 1872/2058/5645 1871/2043/5646
f 1872/2058/5647 1863/2059/5648 1873/2046/5649 1871/2043/5650
f 1873/2046/5651 1862/2045/5652 1874/2040/5653 1871/2043/5654
f 1873/2046/5655 1863/2059/5656 1876/2060/5657 1875/2047/5658
f 1876/2060/5659 1865/2061/5660 1877/2050/5661 1875/2047/5662
f 1877/2050/5663 1864/2049/5664 1878/2044/5665 1875/2047/5666
f 1877/2050/5667 1865/2061/5668 1880/2054/5669 1879/2051/5670
f 1880/2054/5671 1859/2053/5672 1867/2038/5673 1879/2051/5674
f 1867/2038/5675 1858/2037/5676 1881/2048/5677 1879/2051/5678
f 1880/2054/5679 1865/2061/5680 1876/2060/5681 1882/2055/5682
f 1876/2060/5683 1863/2059/5684 1872/2058/5685 1882/2055/5686
f 1872/2058/5687 1861/2057/5688 1868/2052/5689 1882/2055/5690
f 1881/2048/5691 1858/2037/5692 1870/2036/5693 1883/2056/5694
f 1870/2036/5695 1860/2041/5696 1874/2040/5697 1883/2056/5698
f 1874/2040/5699 1862/2045/5700 1878/2044/5701 1883/2056/5702
